Timestamp,Symbol,Cmp,%ch,Low 2%,Low5,Sl,Target,R_vol,Forward pe,Pe,Rsi,Sector,Industry,Adx,%ch sl,Rs,Srs,Ars,Is,Tps,Rs score,Scan_Date,From52wh,3d range,5d,Free float
2026-08-11T09:37:47.25,ATHERENERG,1498.1,2.18,1442.56,1405.0,1369.06,1691.66,0.15,-281.6,-142.63,75.93,auto,automobiles - scooters and 3 - wheelers,57.51,9.43,122.79,0.9,1.11,1367.11,1273.76,72.37,2026-08-11,,,,
2026-08-11T09:37:47.25,HINDCOPPER,532.6,1.21,517.15,495.1,501.7,578.95,0.28,36.58,44.83,62.0,metals & mining,mining / minerals / metals,20.34,6.16,2.3,-0.18,0.61,493.7,468.92,27.24,2026-08-11,,,,
2026-08-11T09:37:47.25,WELCORP,1849.4,0.05,1808.3,1738.7,1745.47,2005.29,0.05,11.65,21.1,75.3,industrials,steel - large,38.7,5.95,141.54,1.05,1.07,1756.33,1697.13,26.35,2026-08-11,,,,
2026-08-11T09:37:47.25,SYRMA,1538.1,1.43,1479.8,1405.0,1364.27,1798.85,0.21,74.09,78.77,69.17,consumer discretionary,electronics - components,28.65,12.74,108.65,0.63,0.78,1429.61,1349.84,25.75,2026-08-11,,,,
2026-08-11T09:37:47.25,NATIONALUM,388.55,1.53,377.89,375.15,363.25,426.5,0.16,8.9,10.41,68.09,metals & mining,aluminium and aluminium products,24.22,6.97,16.79,-0.02,0.48,369.93,360.12,25.69,2026-08-11,,,,
2026-08-11T09:37:47.25,APARINDS,16483.0,0.21,16060.24,15511.0,14922.52,18823.72,0.13,35.41,55.92,68.7,industrials,electric equipment,30.65,10.46,100.99,0.59,0.78,15295.02,14529.04,22.14,2026-08-11,,,,
2026-08-11T09:37:47.25,GRANULES,866.2,1.29,835.45,822.0,821.88,932.68,0.05,29.83,31.6,56.51,healthcare,pharmaceuticals - indian - bulk drugs & formln,20.4,5.39,42.64,0.4,0.53,812.29,777.65,20.9,2026-08-11,,,,
2026-08-11T09:37:47.25,SONACOMS,814.35,0.23,792.23,785.05,793.79,845.18,0.05,70.2,72.54,75.69,auto,auto ancillaries,64.28,2.59,76.05,0.41,0.57,763.11,731.33,20.5,2026-08-11,,,,
2026-08-11T09:37:47.25,SAILIFE,1446.4,1.42,1386.41,1319.5,1350.81,1589.79,0.17,104.51,83.06,71.72,healthcare,pharmaceuticals - indian - bulk drugs & formln,32.56,7.08,50.91,0.49,0.6,1332.43,1251.56,19.71,2026-08-11,,,,
2026-08-11T09:37:47.25,MOTHERSON,169.21,0.73,164.8,150.9,154.25,191.65,0.08,43.17,40.48,76.14,auto,auto ancillaries,26.17,9.7,44.03,0.25,0.48,157.77,150.01,18.32,2026-08-11,,,,
2026-08-11T09:37:47.25,NEULANDLAB,22710.0,2.22,21835.38,19431.0,20100.75,26623.88,0.24,49.33,57.26,72.82,healthcare,pharmaceuticals - indian - bulk drugs,34.4,12.98,53.24,0.51,0.3,20641.67,19112.43,16.7,2026-08-11,,,,
2026-08-11T09:37:47.25,NAVINFLUOR,8290.5,1.15,8039.92,7551.0,7737.62,9119.82,0.12,43.68,53.16,61.42,chemicals,chemicals,24.36,7.15,43.62,0.16,0.39,7681.09,7273.53,14.87,2026-08-11,,,,
2026-08-11T09:37:47.25,CRAFTSMAN,10334.5,0.51,10006.78,10200.0,10129.83,10641.51,0.02,41.59,51.16,64.5,auto,auto ancillaries,37.12,2.02,34.8,0.21,0.42,9627.27,9166.34,14.34,2026-08-11,,,,
2026-08-11T09:37:47.25,M&MFIN,412.3,0.0,400.82,386.85,401.92,427.88,0.04,15.48,17.62,69.71,financials,finance & investments,44.42,2.58,16.34,-0.03,0.11,382.46,361.77,13.25,2026-08-11,,,,
2026-08-11T09:37:47.25,TITAN,5143.0,1.04,4988.2,4882.3,4960.7,5416.46,0.25,64.19,78.4,76.27,consumer discretionary,diamond cutting / jewellery,51.43,3.67,21.04,0.11,0.29,4918.96,4767.93,12.69,2026-08-11,,,,
2026-08-11T09:37:47.25,GLAND,2942.9,10.33,2751.84,2531.1,2531.14,3560.54,2.93,38.26,38.93,78.9,healthcare,pharmaceuticals - indian - formulations,41.15,16.27,73.7,0.44,0.6,2720.24,2560.35,12.54,2026-08-11,,,,
2026-08-11T09:37:47.25,HINDALCO,1054.75,0.07,1031.84,1011.3,1001.37,1134.82,0.1,8.35,14.27,67.97,metals & mining,aluminium and aluminium products,27.04,5.33,16.7,0.01,0.29,1007.38,981.7,12.52,2026-08-11,,,,
2026-08-11T09:37:47.25,EMCURE,2015.5,1.02,1945.3,1912.5,1948.96,2115.31,0.05,32.51,37.4,68.1,healthcare,pharmaceuticals - indian - bulk drugs & formln,38.85,3.41,32.46,0.2,0.37,1905.22,1823.01,11.95,2026-08-11,,,,
2026-08-11T09:37:47.25,REDINGTON,361.95,2.48,346.14,341.05,332.84,405.62,0.17,14.55,16.23,82.32,services,trading,47.95,8.75,29.22,0.23,0.21,330.86,310.09,11.26,2026-08-11,,,,
2026-08-11T09:37:47.25,PAYTM,1597.5,0.85,1544.58,1407.3,1401.77,1891.09,0.41,116.1,155.92,83.45,i.t,miscellaneous,37.24,13.96,22.74,0.25,0.24,1479.91,1400.22,11.1,2026-08-11,,,,
2026-08-11T09:37:47.25,ASTERDM,876.5,1.08,849.71,809.6,825.19,953.47,0.1,706.85,140.32,72.24,healthcare,healthcare,27.09,6.22,42.59,0.41,0.28,817.6,780.13,11.1,2026-08-11,,,,
2026-08-11T09:37:47.25,BAJAJ-AUTO,11825.0,1.27,11459.14,11549.0,11802.38,11858.93,0.11,25.6,27.73,69.52,auto,automobiles - scooters and 3 - wheelers,53.61,0.19,21.16,0.14,0.26,11384.58,11064.27,11.03,2026-08-11,,,,
2026-08-11T09:37:47.25,OFSS,11944.0,0.45,11604.18,11528.0,11302.76,12905.86,0.09,18.37,30.31,65.79,i.t,computers - software - large,18.69,5.67,57.28,0.51,0.43,11341.25,10913.19,10.83,2026-08-11,,,,
2026-08-11T09:37:47.25,GABRIEL,1482.0,0.83,1435.8,1462.0,1498.1,1457.86,0.04,61.14,68.84,58.46,auto,auto ancillaries,45.06,-1.07,46.4,0.41,0.39,1358.66,1273.15,10.79,2026-08-11,,,,
2026-08-11T09:37:47.25,HINDZINC,602.7,1.27,587.02,568.0,565.1,659.11,0.2,11.64,14.74,70.35,metals & mining,mining / minerals / metals,27.1,6.65,2.03,-0.12,0.26,571.71,552.36,10.05,2026-08-11,,,,
2026-08-11T09:37:47.25,EICHERMOT,8081.5,1.34,7795.9,7896.5,7966.35,8254.22,0.11,37.91,37.9,65.2,auto,automobiles - motorcycles / mopeds,26.67,1.45,7.03,0.04,0.08,7798.53,7589.8,10.03,2026-08-11,,,,
2026-08-11T09:37:47.25,SAIL,172.63,0.1,167.1,168.46,168.51,178.8,0.11,10.84,16.68,53.54,metals & mining,steel - large,16.96,2.44,18.44,0.0,0.26,161.32,153.6,9.81,2026-08-11,,,,
2026-08-11T09:37:47.25,SCI,298.0,1.03,289.54,294.0,287.07,314.4,0.07,5.6,8.49,54.49,transportation,shipping,19.77,3.81,37.17,0.04,0.24,278.43,264.26,9.29,2026-08-11,,,,
2026-08-11T09:37:47.25,RKFORGE,758.4,3.02,722.85,688.35,690.94,859.59,0.22,73.49,124.99,82.07,industrials,castings & forgings,44.31,9.76,49.37,0.22,0.38,699.41,658.57,8.87,2026-08-11,,,,
2026-08-11T09:37:47.25,GRAPHITE,724.2,0.18,707.66,703.8,692.1,772.35,0.08,20.53,66.2,66.51,industrials,electrodes - graphites,33.78,4.64,12.24,0.05,0.27,676.19,647.99,8.31,2026-08-11,,,,
2026-08-11T09:37:47.25,CAPLIPOINT,2638.3,0.55,2572.5,2532.1,2508.1,2833.6,0.09,29.47,31.1,58.4,healthcare,pharmaceuticals - indian - formulations,30.08,5.19,45.08,0.38,0.34,2500.38,2418.54,8.28,2026-08-11,,,,
2026-08-11T09:37:47.25,HEROMOTOCO,5916.5,0.96,5705.56,5541.0,5551.36,6464.22,0.17,20.95,21.52,77.06,auto,automobiles - motorcycles / mopeds,45.4,6.58,1.15,-0.05,-0.06,5593.63,5361.48,7.96,2026-08-11,,,,
2026-08-11T09:37:47.25,VIJAYA,1408.2,1.12,1355.24,1340.0,1332.58,1521.63,0.07,68.23,76.39,59.75,healthcare,healthcare,24.93,5.67,39.23,0.3,0.35,1299.69,1220.71,7.87,2026-08-11,,,,
2026-08-11T09:37:47.25,AJANTPHARM,3527.9,0.62,3434.41,3403.1,3428.4,3677.16,0.04,32.97,38.6,60.62,healthcare,pharmaceuticals - indian - formulations,30.22,2.9,24.31,0.14,0.36,3379.1,3282.0,7.83,2026-08-11,,,,
2026-08-11T09:37:47.25,EXIDEIND,485.8,0.08,469.22,458.9,461.3,522.55,0.06,29.48,44.29,72.53,auto,auto ancillaries,43.42,5.31,37.7,0.31,0.3,453.95,431.67,7.2,2026-08-11,,,,
2026-08-11T09:37:47.25,PTCIL,19380.0,0.05,18982.6,17973.0,18140.11,21239.83,0.07,121.25,285.9,74.02,industrials,castings & forgings,25.59,6.83,10.32,-0.03,0.05,18456.6,17904.04,6.81,2026-08-11,,,,
2026-08-11T09:37:47.25,HEG,677.6,-0.88,660.52,668.0,685.97,665.05,0.11,26.72,36.77,67.19,industrials,electrodes - graphites,54.08,-1.22,13.19,0.15,0.25,635.58,612.27,6.37,2026-08-11,,,,
2026-08-11T09:37:47.25,JSWSTEEL,1300.3,-0.13,1270.18,1284.7,1287.54,1319.44,0.03,17.06,12.82,58.95,metals & mining,steel - large,26.73,0.99,12.54,-0.04,0.13,1254.39,1223.26,5.76,2026-08-11,,,,
2026-08-11T09:37:47.25,ENGINERSIN,248.8,0.34,242.26,226.45,226.89,281.66,0.14,17.93,20.16,64.59,realty,engineering - turnkey services,23.35,9.66,26.33,0.27,0.23,235.46,226.41,5.43,2026-08-11,,,,
2026-08-11T09:37:47.25,ANTHEM,872.3,2.26,835.45,812.65,817.64,954.29,0.22,102.38,83.22,75.47,healthcare,pharmaceuticals - indian - bulk drugs & formln,25.91,6.69,35.35,0.19,0.33,823.7,788.4,4.98,2026-08-11,,,,
2026-08-11T09:37:47.25,NMDC,85.74,0.3,83.77,84.42,83.86,88.57,0.07,9.28,10.08,53.3,metals & mining,mining / minerals / metals,14.78,2.25,6.13,-0.07,0.14,82.58,80.91,4.95,2026-08-11,,,,
2026-08-11T09:37:47.25,UNOMINDA,1289.2,0.09,1258.22,1229.2,1224.31,1386.53,0.06,62.95,61.77,80.11,auto,auto ancillaries,23.07,5.3,1.57,-0.01,-0.03,1236.77,1199.35,4.92,2026-08-11,,,,
2026-08-11T09:37:47.25,ENDURANCE,2984.0,0.51,2891.2,2846.0,2818.3,3232.55,0.08,37.96,43.88,70.96,auto,auto ancillaries,20.68,5.88,14.28,0.1,0.07,2828.44,2721.78,4.44,2026-08-11,,,,
2026-08-11T09:37:47.25,TECHM,1651.8,0.72,1610.73,1630.8,1657.3,1643.55,0.09,24.98,28.31,67.74,i.t,computers - software - large,28.14,-0.33,4.69,-0.06,0.07,1579.91,1534.5,3.71,2026-08-11,,,,
2026-08-11T09:37:47.25,JSWINFRA,344.1,0.61,334.23,322.4,320.07,380.15,0.05,52.14,48.03,61.34,transportation,miscellaneous,20.58,7.51,26.4,0.19,0.24,323.83,310.43,3.7,2026-08-11,,,,
2026-08-11T09:37:47.25,PPLPHARMA,217.29,1.72,208.72,200.36,204.43,236.58,0.08,-104.47,-90.13,80.75,healthcare,pharmaceuticals - indian - bulk drugs & formln,53.62,6.29,26.06,0.23,0.14,202.59,192.13,3.48,2026-08-11,,,,
2026-08-11T09:37:47.25,CEATLTD,3803.2,0.25,3693.62,3622.6,3467.55,4306.67,0.07,888.6,25.97,64.06,auto,tyres,25.38,9.68,-1.22,-0.13,-0.05,3605.09,3478.11,3.4,2026-08-11,,,,
2026-08-11T09:37:47.25,BOSCHLTD,45080.0,3.62,43120.0,41310.0,41567.19,50349.21,1.01,58.32,46.27,72.16,auto,auto ancillaries,29.4,8.45,16.61,0.17,0.22,42605.11,41268.94,3.34,2026-08-11,,,,
2026-08-11T09:37:47.25,UNITDSPR,1519.9,-0.14,1482.94,1503.0,1527.51,1508.49,0.08,58.28,57.39,67.03,fmcg,breweries & distilleries,38.99,-0.5,12.59,-0.01,0.03,1471.21,1444.2,3.34,2026-08-11,,,,
2026-08-11T09:37:47.25,MEDANTA,1474.9,-0.09,1442.66,1405.1,1431.36,1540.22,0.05,62.39,71.31,69.2,healthcare,healthcare,32.18,3.04,22.81,0.17,0.14,1395.88,1348.01,3.1,2026-08-11,,,,
2026-08-11T09:37:47.25,POONAWALLA,477.85,0.24,467.61,469.0,468.52,491.85,0.02,33.65,50.13,55.76,financials,finance & investments,26.64,1.99,3.91,-0.06,0.0,451.66,433.36,2.99,2026-08-11,,,,
2026-08-11T09:37:47.25,OIL,480.8,6.14,451.24,435.45,448.6,529.1,0.79,5.39,8.82,68.0,energy,oil drilling / allied services,26.68,7.18,17.32,-0.1,0.1,448.74,427.9,2.56,2026-08-11,,,,
2026-08-11T09:37:47.25,360ONE,1168.1,-0.64,1138.96,1151.0,1149.86,1195.46,0.03,35.92,37.76,57.49,financials,finance & investments,14.21,1.59,-1.18,-0.06,0.01,1110.96,1071.9,2.55,2026-08-11,,,,
2026-08-11T09:37:47.25,M&M,3511.1,-0.17,3419.22,3402.1,3407.05,3667.17,0.06,17.99,21.27,68.77,auto,automobiles - passenger cars,37.02,3.05,-5.69,-0.1,-0.08,3374.69,3275.87,2.17,2026-08-11,,,,
2026-08-11T09:37:47.25,ASAHIINDIA,910.0,0.79,884.21,886.15,880.89,953.67,0.15,38.89,52.59,55.94,building materials,glass & glass products,17.55,3.3,-6.76,-0.14,-0.15,864.6,841.49,2.14,2026-08-11,,,,
2026-08-11T09:37:47.25,ATUL,6910.0,0.82,6713.0,6752.5,6750.62,7149.08,0.2,20.73,25.37,65.93,chemicals,chemicals,32.67,2.36,11.9,-0.03,0.12,6568.92,6365.11,2.06,2026-08-11,,,,
2026-08-11T09:37:47.25,COFORGE,1828.2,1.01,1783.6,1745.1,1755.33,1937.5,0.09,37.04,36.77,74.95,i.t,computers - software - large,29.38,4.15,11.05,0.09,-0.04,1731.2,1666.25,1.8,2026-08-11,,,,
2026-08-11T09:37:47.25,PERSISTENT,5522.0,0.88,5321.89,5425.0,5509.58,5540.63,0.06,44.71,44.44,63.57,i.t,computers - software - large,20.24,0.23,-14.31,-0.13,-0.16,5231.02,5019.78,1.57,2026-08-11,,,,
2026-08-11T09:37:47.25,MSUMI,41.29,0.61,40.13,39.88,40.35,42.7,0.03,46.92,43.2,55.56,auto,auto ancillaries,19.87,2.32,-14.39,-0.12,-0.15,39.05,37.38,1.46,2026-08-11,,,,
2026-08-11T09:37:47.25,BAJAJFINSV,2027.2,0.29,1972.45,1988.0,2027.72,2026.43,0.05,25.86,31.79,61.36,financials,finance & investments,30.86,-0.03,0.95,-0.08,-0.04,1932.0,1861.4,1.12,2026-08-11,,,,
2026-08-11T09:37:47.25,JUBLINGREA,760.5,2.51,736.08,731.2,740.37,790.7,0.21,28.38,37.97,59.83,chemicals,chemicals,29.73,2.72,7.63,0.06,0.01,712.62,684.41,0.72,2026-08-11,,,,
2026-08-11T09:37:47.25,INDGN,581.45,2.23,558.01,532.45,532.64,654.67,0.7,30.03,34.04,73.1,healthcare,miscellaneous,27.8,9.16,11.92,0.09,0.09,538.27,508.03,0.66,2026-08-11,,,,
2026-08-11T09:37:47.25,ZFCVINDIA,2632.9,0.89,2548.1,2545.4,2470.27,2876.85,0.04,71.7,12.01,61.0,auto,auto ancillaries,23.13,6.58,-8.99,-0.2,-0.01,2496.66,2395.48,0.3,2026-08-11,,,,
2026-08-11T09:37:47.25,HYUNDAI,2231.5,0.38,2171.29,2181.6,2155.76,2345.11,0.03,50.99,36.48,74.01,auto,automobiles - passenger cars,35.38,3.51,-5.06,-0.06,-0.06,2137.65,2070.67,0.27,2026-08-11,,,,
2026-08-11T09:37:47.25,GRAVITA,1792.5,0.51,1741.66,1664.0,1635.31,2028.29,0.07,30.69,33.14,58.76,metals & mining,mining / minerals / metals,18.7,9.61,3.82,-0.01,-0.05,1695.69,1629.58,0.17,2026-08-11,,,,
2026-08-11T09:37:47.25,DEEPAKNTR,1786.1,0.39,1742.44,1712.2,1704.56,1908.42,0.19,17.65,30.97,64.09,chemicals,chemicals,25.9,4.78,10.52,-0.02,0.09,1673.26,1607.53,-0.22,2026-08-11,,,,
2026-08-11T09:37:47.25,NAUKRI,1320.5,3.0,1265.28,1222.6,1247.57,1429.9,0.37,47.98,51.9,71.9,i.t,miscellaneous,33.81,5.85,-1.2,0.03,-0.04,1238.03,1182.38,-0.52,2026-08-11,,,,
2026-08-11T09:37:47.25,OLECTRA,1401.0,2.39,1342.6,1350.0,1314.41,1530.88,0.2,51.81,63.29,56.59,auto,automobiles - lcvs / hcvs,16.48,6.59,18.02,0.22,0.07,1332.63,1296.95,-0.61,2026-08-11,,,,
2026-08-11T09:37:47.25,BERGEPAINT,542.65,0.1,529.49,525.1,523.22,571.79,0.03,39.1,51.93,63.11,building materials,paints / varnishes,26.05,3.71,4.43,0.07,-0.08,513.14,493.36,-0.68,2026-08-11,,,,
2026-08-11T09:37:47.25,POLYMED,1842.2,3.94,1754.2,1651.2,1678.52,2087.72,0.83,54.25,57.01,68.81,healthcare,healthcare,27.62,9.75,3.71,0.16,-0.07,1705.97,1618.49,-1.12,2026-08-11,,,,
2026-08-11T09:37:47.25,SUMICHEM,565.0,0.67,550.61,503.05,518.57,634.64,0.1,32.85,48.34,67.75,chemicals,pesticides / agrochemicals - indian,23.14,8.95,26.94,0.23,0.21,525.0,499.01,-1.22,2026-08-11,,,,
2026-08-11T09:37:47.25,LTM,4812.6,0.37,4687.54,4462.9,4569.37,5177.45,0.12,24.33,27.17,72.39,i.t,computers - software - large,30.96,5.32,-20.02,-0.21,-0.2,4548.15,4363.21,-1.47,2026-08-11,,,,
2026-08-11T09:37:47.25,HCLTECH,1372.4,1.12,1330.84,1328.0,1372.74,1371.89,0.09,20.08,21.08,69.98,i.t,computers - software - large,31.63,-0.03,-16.64,-0.21,-0.17,1311.82,1270.98,-1.57,2026-08-11,,,,
2026-08-11T09:37:47.25,POLICYBZR,1654.0,1.47,1585.64,1578.4,1576.62,1770.06,0.13,117.14,100.43,58.27,i.t,miscellaneous,16.27,4.91,-2.3,-0.01,-0.1,1561.79,1493.64,-1.67,2026-08-11,,,,
2026-08-11T09:37:47.25,MPHASIS,2519.9,0.47,2465.19,2390.7,2382.72,2725.67,0.09,24.56,25.02,62.29,i.t,computers - software - large,11.81,5.76,-10.54,-0.11,-0.13,2376.03,2282.13,-2.07,2026-08-11,,,,
2026-08-11T09:37:47.25,SONATSOFTW,323.05,0.92,312.42,314.65,322.08,324.5,0.06,20.66,19.16,56.24,i.t,computers - software - medium / small,31.02,0.3,-10.77,-0.06,-0.13,290.78,271.33,-2.75,2026-08-11,,,,
2026-08-11T09:37:47.25,TMPV,346.5,-0.17,337.95,343.0,336.98,360.77,0.04,5.51,-578.5,54.27,auto,automobiles - passenger cars,17.46,2.82,-3.34,-0.15,-0.05,334.47,326.64,-2.95,2026-08-11,,,,
2026-08-11T09:37:47.25,JSWDULUX,3108.0,1.72,3004.68,2975.6,2929.65,3375.53,0.24,28.15,7.05,56.57,building materials,paints / varnishes,19.09,6.09,-1.68,-0.04,-0.12,2930.58,2810.21,-2.99,2026-08-11,,,,
2026-08-11T09:37:47.25,CONCORDBIO,1438.4,1.37,1392.97,1356.4,1351.55,1568.67,0.11,65.14,54.39,65.86,healthcare,pharmaceuticals - indian - bulk drugs & formln,22.66,6.43,6.91,0.04,-0.01,1334.19,1271.63,-3.26,2026-08-11,,,,
2026-08-11T09:37:47.25,LTTS,3656.8,2.05,3528.0,3498.1,3555.64,3808.55,0.11,27.19,28.77,64.18,i.t,computers - software - large,25.24,2.85,-17.28,-0.14,-0.17,3454.67,3326.78,-3.34,2026-08-11,,,,
2026-08-10T15:16:41.296,HFCL,212.79,2.31,203.67,200.22,190.43,246.34,0.61,35.7,54.16,55.85,telecom,cables - telephone,18.49,11.74,206.84,1.76,1.89,192.6,181.28,45.12,2026-08-10,,,,
2026-08-10T15:16:41.296,WELCORP,1849.2,0.51,1778.9,1701.0,1720.88,2041.68,0.41,11.65,21.0,75.28,industrials,steel - large,37.4,7.46,133.94,1.07,1.11,1742.02,1672.44,24.65,2026-08-10,,,,
2026-08-10T15:16:41.296,SYRMA,1515.3,6.36,1398.95,1354.5,1343.55,1772.93,2.49,72.99,74.01,67.4,consumer discretionary,electronics - components,27.48,12.78,102.22,0.61,0.79,1395.88,1313.01,24.55,2026-08-10,,,,
2026-08-10T15:16:41.296,NATIONALUM,382.35,0.35,373.48,367.15,358.34,418.36,0.53,8.76,10.36,65.21,metals & mining,aluminium and aluminium products,22.8,6.7,8.51,-0.01,0.47,364.03,355.65,23.75,2026-08-10,,,,
2026-08-10T15:16:41.296,POWERINDIA,36150.0,10.89,33540.5,31140.0,31067.18,43774.24,4.0,136.95,126.31,67.13,industrials,electric equipment,21.41,16.36,84.61,0.52,0.62,33252.63,31319.61,20.75,2026-08-10,,,,
2026-08-10T15:16:41.296,BELRISE,252.16,1.59,244.47,239.0,235.18,277.63,1.24,41.2,40.62,67.32,auto,auto ancillaries,18.03,7.22,37.6,0.29,0.53,239.28,233.57,19.83,2026-08-10,,,,
2026-08-10T15:16:41.296,VEDL,283.65,1.72,271.66,266.05,263.55,313.81,1.33,5.06,5.53,59.96,metals & mining,mining / minerals / metals,22.65,7.63,26.21,0.08,0.53,269.01,260.17,19.07,2026-08-10,,,,
2026-08-10T15:16:41.296,HONASA,478.2,0.13,463.88,453.75,446.67,525.5,0.45,56.13,77.66,68.86,services,trading,20.69,7.06,59.66,0.54,0.59,451.22,439.58,18.71,2026-08-10,,,,
2026-08-10T15:16:41.296,SAILIFE,1423.1,4.24,1342.6,1319.5,1334.52,1555.97,4.96,102.83,79.51,69.57,healthcare,pharmaceuticals - indian - bulk drugs & formln,31.84,6.64,47.15,0.54,0.56,1299.95,1257.99,17.95,2026-08-10,,,,
2026-08-10T15:16:41.296,SHRIRAMFIN,1134.6,1.76,1083.98,1075.1,1067.73,1234.91,0.57,19.09,19.68,65.58,financials,finance & investments,18.22,6.26,13.96,0.04,0.32,1070.79,1027.54,17.83,2026-08-10,,,,
2026-08-10T15:16:41.296,HSCL,772.55,2.64,736.96,740.95,768.0,779.37,0.25,42.45,47.19,60.7,chemicals,chemicals,25.39,0.59,60.65,0.56,0.77,720.65,688.98,15.78,2026-08-10,,,,
2026-08-10T15:16:41.296,RADICO,4557.8,1.31,4380.7,4410.8,4409.22,4780.67,0.9,66.44,85.6,74.12,fmcg,breweries & distilleries,53.47,3.37,42.12,0.54,0.35,4325.55,4175.57,15.66,2026-08-10,,,,
2026-08-10T15:16:41.296,ANANDRATHI,2129.2,1.32,2048.2,2028.5,2027.34,2281.99,0.48,54.21,45.31,66.83,financials,finance & investments,27.46,5.02,34.55,0.33,0.44,2037.64,1981.27,14.1,2026-08-10,,,,
2026-08-10T15:16:41.296,M&MFIN,412.2,0.92,387.1,386.85,396.98,435.03,0.66,15.47,17.46,69.69,financials,finance & investments,43.77,3.83,14.72,-0.0,0.11,377.95,355.06,13.37,2026-08-10,,,,
2026-08-10T15:16:41.296,TVSMOTOR,4451.3,0.23,4322.88,4336.0,4348.02,4606.21,0.56,51.86,61.55,76.72,auto,automobiles - motorcycles / mopeds,45.29,2.38,15.94,0.09,0.25,4270.62,4158.81,13.08,2026-08-10,,,,
2026-08-10T15:16:41.296,TITAN,5085.0,2.91,4788.48,4862.0,4926.53,5322.7,3.82,63.47,76.11,74.28,consumer discretionary,diamond cutting / jewellery,49.51,3.22,19.0,0.13,0.27,4842.3,4697.48,12.11,2026-08-10,,,,
2026-08-10T15:16:41.296,KEI,5628.8,0.51,5454.88,5201.0,5099.57,6422.64,0.89,49.07,53.7,71.3,industrials,cables - power,24.4,10.38,24.04,0.16,0.32,5330.03,5149.36,11.2,2026-08-10,,,,
2026-08-10T15:16:41.296,MINDACORP,734.3,1.75,702.71,700.7,698.16,788.5,1.58,34.7,47.14,65.96,auto,auto ancillaries,25.02,5.18,23.32,0.16,0.21,687.42,668.75,10.74,2026-08-10,,,,
2026-08-10T15:16:41.296,GMDCLTD,603.5,3.55,568.55,554.0,552.85,679.48,1.91,29.35,19.38,57.69,metals & mining,mining / minerals / metals,20.64,9.16,-0.49,-0.07,0.24,561.38,532.85,10.66,2026-08-10,,,,
2026-08-10T15:16:41.296,BAJAJ-AUTO,11676.0,0.12,11382.7,11541.0,11742.87,11575.69,0.46,25.27,27.69,67.06,auto,automobiles - scooters and 3 - wheelers,52.04,-0.57,19.28,0.13,0.25,11208.02,10967.03,10.6,2026-08-10,,,,
2026-08-10T15:16:41.296,PAYTM,1588.7,10.2,1416.1,1388.4,1374.97,1909.29,5.72,115.46,141.89,83.05,i.t,miscellaneous,34.84,15.54,20.47,0.23,0.22,1458.27,1370.25,10.52,2026-08-10,,,,
2026-08-10T15:16:41.296,ASTERDM,869.85,0.02,850.64,809.6,817.93,947.74,1.33,701.49,140.73,71.55,healthcare,healthcare,25.41,6.35,40.09,0.42,0.26,807.01,781.33,10.42,2026-08-10,,,,
2026-08-10T15:16:41.296,RBLBANK,390.3,0.13,378.97,377.2,373.68,415.22,0.31,31.27,27.96,64.18,bank,banks - private sector,21.5,4.45,22.6,0.19,0.22,374.23,363.88,10.28,2026-08-10,,,,
2026-08-10T15:16:41.296,REDINGTON,353.1,-0.49,341.33,340.0,323.98,396.78,0.24,14.19,16.31,80.34,services,trading,45.97,8.99,24.28,0.21,0.17,320.12,300.08,10.23,2026-08-10,,,,
2026-08-10T15:16:41.296,ABB,7671.0,0.93,7384.3,7535.0,7520.75,7896.38,0.52,112.21,53.9,61.97,industrials,electric equipment,30.58,2.0,44.76,0.22,0.47,7254.25,6994.18,10.03,2026-08-10,,,,
2026-08-10T15:16:41.296,JINDALSAW,279.4,2.95,265.58,259.45,255.58,315.13,1.13,42.85,26.48,66.09,industrials,steel - large,13.54,9.32,64.58,0.37,0.67,263.34,251.89,9.41,2026-08-10,,,,
2026-08-10T15:16:41.296,SOLARINDS,18746.0,0.52,18099.62,17816.0,18258.34,19477.49,0.31,77.44,100.6,56.55,aerospace & defence,chemicals,13.2,2.67,40.65,0.33,0.36,17848.58,17221.51,8.0,2026-08-10,,,,
2026-08-10T15:16:41.296,USHAMART,517.5,0.48,504.99,498.0,500.8,542.55,0.61,27.76,30.93,58.66,metals & mining,steel - medium / small,12.29,3.33,14.1,0.14,0.2,492.84,481.25,7.97,2026-08-10,,,,
2026-08-10T15:16:41.296,GLAND,2669.8,2.65,2557.9,2531.1,2501.81,2921.78,1.02,29.98,41.71,67.67,healthcare,pharmaceuticals - indian - formulations,38.77,6.71,56.31,0.33,0.44,2523.27,2428.57,7.73,2026-08-10,,,,
2026-08-10T15:16:41.296,HEROMOTOCO,5839.5,2.0,5641.37,5425.0,5464.27,6402.34,1.28,20.68,21.02,75.53,auto,automobiles - motorcycles / mopeds,42.7,6.87,-2.36,-0.07,-0.06,5491.34,5323.72,7.68,2026-08-10,,,,
2026-08-10T15:16:41.296,AJANTPHARM,3505.3,0.46,3398.74,3403.1,3421.5,3631.0,0.31,32.76,38.41,59.01,healthcare,pharmaceuticals - indian - formulations,30.79,2.45,22.85,0.13,0.35,3340.26,3241.09,7.22,2026-08-10,,,,
2026-08-10T15:16:41.296,CHOLAFIN,1916.9,2.72,1824.76,1859.4,1814.01,2071.23,0.85,24.66,27.51,61.92,financials,finance & investments,19.2,5.67,7.33,0.01,0.12,1790.31,1697.36,7.19,2026-08-10,,,,
2026-08-10T15:16:41.296,IIFL,626.3,2.38,600.69,603.35,607.35,654.72,0.46,9.87,12.37,71.88,financials,finance & investments,42.57,3.12,-4.57,0.12,0.13,593.25,569.15,7.14,2026-08-10,,,,
2026-08-10T15:16:41.296,RKFORGE,736.5,1.37,713.88,676.15,674.88,828.93,2.24,71.37,123.35,79.8,industrials,castings & forgings,41.66,9.13,42.59,0.22,0.37,675.79,657.25,7.02,2026-08-10,,,,
2026-08-10T15:16:41.296,TATATECH,880.0,0.83,835.16,750.0,756.18,1065.73,2.44,49.44,63.62,76.42,i.t,computers - software - medium / small,23.29,16.37,28.82,0.31,0.26,806.17,758.85,6.51,2026-08-10,,,,
2026-08-10T15:16:41.296,PTCIL,19350.0,1.44,18565.12,17941.0,17955.94,21441.09,0.66,121.06,281.56,73.76,industrials,castings & forgings,23.16,7.76,9.74,0.02,0.05,18287.99,17639.49,6.5,2026-08-10,,,,
2026-08-10T15:16:41.296,GRAPHITE,722.0,1.7,691.39,657.1,683.91,779.13,0.7,20.46,65.01,66.09,industrials,electrodes - graphites,32.27,5.57,9.22,0.08,0.26,668.56,630.68,6.0,2026-08-10,,,,
2026-08-10T15:16:41.296,LALPATHLAB,1955.1,1.22,1895.32,1863.0,1882.4,2064.15,0.51,48.16,46.57,76.11,healthcare,healthcare,42.83,3.86,32.7,0.25,0.21,1837.88,1768.36,6.0,2026-08-10,,,,
2026-08-10T15:16:41.296,APLAPOLLO,2010.8,2.07,1912.67,1905.6,1896.07,2182.9,0.81,53.03,44.5,69.65,industrials,steel - large,17.86,6.05,3.13,-0.16,0.13,1899.44,1818.42,5.56,2026-08-10,,,,
2026-08-10T15:16:41.296,GRASIM,3381.6,1.76,3224.4,3115.0,3141.78,3741.33,3.94,29.28,45.38,67.59,textiles,textiles - manmade,20.52,7.63,19.21,0.1,0.22,3186.07,3068.92,5.5,2026-08-10,,,,
2026-08-10T15:16:41.296,IDFCFIRSTB,85.11,0.58,82.65,84.34,84.95,85.35,0.46,16.0,32.55,62.68,bank,banks - private sector,37.08,0.19,1.18,-0.08,0.06,82.2,80.08,4.98,2026-08-10,,,,
2026-08-10T15:16:41.296,HEG,682.6,1.28,654.64,663.0,682.1,683.34,0.47,26.92,36.26,69.88,industrials,electrodes - graphites,53.41,0.07,10.51,0.18,0.33,636.49,609.36,4.76,2026-08-10,,,,
2026-08-10T15:16:41.296,PNBHOUSING,1148.9,0.52,1114.85,1051.9,1070.34,1266.73,1.19,13.43,12.86,64.77,financials,finance - housing,19.64,7.34,14.44,0.25,0.27,1066.8,1031.12,4.54,2026-08-10,,,,
2026-08-10T15:16:41.296,ENGINERSIN,247.84,3.01,234.17,223.8,223.51,284.33,1.02,17.86,19.56,63.94,realty,engineering - turnkey services,22.55,10.88,21.49,0.33,0.2,232.67,222.46,4.46,2026-08-10,,,,
2026-08-10T15:16:41.296,NSLNISP,44.61,1.76,42.88,43.12,42.69,47.49,0.5,8.32,208.76,56.89,metals & mining,steel - large,14.99,4.5,-2.17,-0.01,0.05,42.48,41.34,4.4,2026-08-10,,,,
2026-08-10T15:16:41.296,BALRAMCHIN,652.25,2.97,621.86,623.3,625.2,692.83,1.02,20.64,33.8,64.81,fmcg,sugar,42.33,4.33,49.07,0.35,0.39,605.39,570.99,4.34,2026-08-10,,,,
2026-08-10T15:16:41.296,PIDILITIND,1671.3,0.68,1619.74,1602.0,1624.39,1741.66,0.82,48.75,63.8,62.14,chemicals,chemicals,21.0,2.89,10.36,0.03,0.1,1596.36,1554.25,4.06,2026-08-10,,,,
2026-08-10T15:16:41.296,ANTHEM,854.0,1.55,826.19,810.0,809.2,921.2,1.73,100.23,82.05,72.0,healthcare,pharmaceuticals - indian - bulk drugs & formln,23.66,5.54,30.36,0.21,0.31,803.91,778.23,3.71,2026-08-10,,,,
2026-08-10T15:16:41.296,ENDURANCE,2971.6,2.31,2860.72,2750.2,2791.43,3241.86,1.45,37.81,42.93,70.23,auto,auto ancillaries,19.31,6.45,14.35,0.12,0.08,2800.95,2685.36,3.63,2026-08-10,,,,
2026-08-10T15:16:41.296,JSWINFRA,341.9,1.83,328.79,322.4,318.36,377.21,0.92,51.8,47.16,60.24,transportation,miscellaneous,20.26,7.39,24.32,0.21,0.23,319.29,304.18,3.45,2026-08-10,,,,
2026-08-10T15:16:41.296,MEDANTA,1473.1,1.2,1428.15,1405.1,1420.37,1552.2,1.14,62.31,70.32,69.21,healthcare,healthcare,31.7,3.71,18.97,0.19,0.14,1382.83,1333.03,3.41,2026-08-10,,,,
2026-08-10T15:16:41.296,JINDALSTEL,1120.0,1.54,1078.0,1092.1,1089.94,1165.08,0.69,33.73,41.28,61.12,metals & mining,steel - large,25.58,2.76,4.28,-0.13,0.06,1073.85,1045.73,3.32,2026-08-10,,,,
2026-08-10T15:16:41.296,UNITDSPR,1522.3,0.66,1472.94,1503.0,1520.98,1524.29,0.61,58.37,57.03,67.84,fmcg,breweries & distilleries,38.68,0.09,10.52,0.02,0.03,1469.99,1442.16,3.08,2026-08-10,,,,
2026-08-10T15:16:41.296,JSWENERGY,574.4,1.77,551.1,559.95,552.24,607.65,0.74,54.39,50.35,59.48,power & utilities,power generation and supply,11.3,4.01,12.1,0.12,0.15,553.08,538.68,2.83,2026-08-10,,,,
2026-08-10T15:16:41.296,CEATLTD,3794.9,1.93,3606.4,3518.4,3417.48,4361.03,0.48,886.66,25.48,63.68,auto,tyres,24.24,11.04,0.32,-0.11,-0.04,3578.32,3418.99,2.71,2026-08-10,,,,
2026-08-10T15:16:41.296,LT,4070.1,0.35,3945.28,3988.2,3917.9,4298.4,0.53,33.95,33.63,62.84,realty,engineering - turnkey services,21.99,3.88,-2.07,-0.08,-0.02,3958.29,3880.33,2.49,2026-08-10,,,,
2026-08-10T15:16:41.296,CHOICEIN,845.8,0.55,820.8,821.0,814.89,892.17,0.44,69.33,74.64,70.49,financials,finance & investments,30.29,3.79,0.83,0.03,0.04,816.75,799.16,2.41,2026-08-10,,,,
2026-08-10T15:16:41.296,BOSCHLTD,43105.0,0.36,41767.6,41000.0,41245.15,45894.77,1.02,55.76,45.68,63.48,auto,auto ancillaries,27.17,4.51,10.12,0.09,0.15,41049.48,39802.84,2.17,2026-08-10,,,,
2026-08-10T15:16:41.296,PPLPHARMA,212.99,1.64,205.36,197.75,201.26,230.59,1.02,-102.4,-88.42,78.71,healthcare,pharmaceuticals - indian - bulk drugs & formln,51.55,5.83,18.25,0.24,0.11,197.19,190.85,2.15,2026-08-10,,,,
2026-08-10T15:16:41.296,HAL,4925.8,0.32,4797.49,4603.3,4693.36,5274.46,0.68,19.63,36.02,75.53,aerospace & defence,engineering,22.14,4.95,8.86,0.12,0.07,4712.51,4586.74,2.02,2026-08-10,,,,
2026-08-10T15:16:41.296,MARUTI,14092.0,0.39,13674.92,13811.0,13854.62,14448.06,0.59,32.14,30.79,56.56,auto,automobiles - passenger cars,11.37,1.71,-16.16,-0.14,-0.15,13590.79,13241.89,1.93,2026-08-10,,,,
2026-08-10T15:16:41.296,M&M,3510.2,0.23,3421.28,3384.6,3374.19,3714.21,0.77,17.98,21.18,69.13,auto,automobiles - passenger cars,35.36,4.03,-6.35,-0.1,-0.08,3355.89,3264.56,1.9,2026-08-10,,,,
2026-08-10T15:16:41.296,ATUL,6859.0,1.25,6644.4,6752.5,6696.24,7103.14,1.05,20.58,25.07,64.1,chemicals,chemicals,31.71,2.43,12.15,-0.02,0.12,6491.88,6282.54,1.41,2026-08-10,,,,
2026-08-10T15:16:41.296,INDGN,567.9,2.43,545.08,532.45,524.85,632.47,3.43,29.33,33.18,69.77,healthcare,miscellaneous,26.46,8.2,9.23,0.07,0.07,521.71,494.13,1.28,2026-08-10,,,,
2026-08-10T15:16:41.296,COFORGE,1811.0,1.97,1747.44,1733.2,1729.03,1933.95,0.7,36.69,36.08,73.84,i.t,computers - software - large,27.75,4.74,6.46,0.08,-0.03,1703.99,1635.34,0.9,2026-08-10,,,,
2026-08-10T15:16:41.296,BAJAJFINSV,2025.3,0.82,1952.75,1988.0,2015.99,2039.27,0.69,25.83,31.59,61.14,financials,finance & investments,31.52,0.46,-0.3,-0.08,-0.04,1915.76,1845.4,0.73,2026-08-10,,,,
2026-08-10T15:16:41.296,OIL,451.3,1.92,439.53,435.45,448.12,456.06,2.07,5.05,8.62,54.78,energy,oil drilling / allied services,25.21,0.71,7.89,-0.16,0.04,425.9,417.99,0.58,2026-08-10,,,,
2026-08-10T15:16:41.296,HYUNDAI,2226.6,1.19,2149.83,2181.6,2130.58,2370.63,0.61,50.88,36.12,73.62,auto,automobiles - passenger cars,33.71,4.51,-5.72,-0.06,-0.07,2120.45,2065.74,0.42,2026-08-10,,,,
2026-08-10T15:16:41.296,ACE,1112.2,1.64,1055.26,1076.8,1082.69,1156.47,0.54,27.69,29.81,62.08,industrials,engineering,38.49,2.73,19.43,0.11,0.11,1030.15,975.61,-0.01,2026-08-10,,,,
2026-08-10T15:16:41.296,BERGEPAINT,542.35,2.22,520.18,525.1,518.17,578.62,0.45,39.07,50.82,62.99,building materials,paints / varnishes,24.98,4.67,3.23,0.06,-0.1,508.37,484.03,-0.64,2026-08-10,,,,
2026-08-10T15:16:41.296,BRITANNIA,5624.0,2.07,5402.25,5363.5,5437.28,5904.09,1.08,57.27,50.97,63.02,fmcg,food - processing - mnc,12.7,3.43,-9.07,-0.12,-0.07,5347.97,5160.44,-0.67,2026-08-10,,,,
2026-08-10T15:16:41.296,BALKRISIND,2523.6,2.32,2425.6,2397.3,2313.21,2839.19,1.21,27.05,33.92,72.82,auto,tyres,29.63,9.1,5.26,-0.14,0.08,2317.99,2187.18,-0.71,2026-08-10,,,,
2026-08-10T15:16:41.296,APOLLOTYRE,445.95,0.21,430.17,432.15,426.1,475.72,0.68,20.2,16.49,62.47,auto,tyres,16.45,4.66,-13.72,-0.19,-0.18,422.54,411.04,-0.73,2026-08-10,,,,
2026-08-10T15:16:41.296,MAZDOCK,2573.3,2.32,2437.26,2368.3,2332.42,2934.61,1.72,47.23,35.5,68.28,aerospace & defence,miscellaneous,25.16,10.33,2.47,-0.01,-0.07,2419.46,2312.79,-1.64,2026-08-10,,,,
2026-08-10T15:16:41.296,POLYMED,1771.6,4.59,1658.16,1651.2,1667.47,1927.8,5.36,52.17,54.48,62.8,healthcare,healthcare,26.92,6.24,-1.61,0.17,-0.11,1642.64,1593.22,-1.9,2026-08-10,,,,
2026-08-10T15:16:41.296,SUMICHEM,561.65,5.39,519.4,503.05,516.01,630.12,1.6,32.65,45.9,66.98,chemicals,pesticides / agrochemicals - indian,21.81,8.85,22.41,0.26,0.22,516.21,488.48,-1.93,2026-08-10,,,,
2026-08-10T15:16:41.296,LTM,4790.8,2.85,4588.85,4462.9,4507.62,5215.57,1.06,24.22,26.4,71.88,i.t,computers - software - large,29.74,6.28,-21.48,-0.21,-0.22,4486.59,4267.33,-2.01,2026-08-10,,,,
2026-08-10T15:16:41.296,NAUKRI,1263.6,3.13,1211.97,1222.6,1241.35,1296.98,2.42,36.19,54.73,65.49,i.t,miscellaneous,33.05,1.79,-6.99,0.03,-0.09,1182.67,1156.87,-2.02,2026-08-10,,,,
2026-08-10T15:16:41.296,INDIGO,5321.0,-0.23,5191.06,5281.0,5199.71,5502.93,0.3,-216.3,-42.89,55.19,transportation,transport - airlines,17.36,2.33,7.47,-0.0,-0.11,5087.97,4947.19,-2.12,2026-08-10,,,,
2026-08-10T15:16:41.296,CASTROLIND,193.49,0.73,188.41,186.1,187.22,202.89,3.26,13.78,17.62,73.9,chemicals,chemicals,48.28,3.35,2.1,-0.04,-0.04,187.77,183.66,-2.26,2026-08-10,,,,
2026-07-08T10:01:58.014,CUB,227.93,-0.02,218.76,212.0,259.62,180.4,0.0,11.77,12.75,91.3,bank,banks - private sector,72.98,-12.21,8370.37,71.15,96.47,210.7,198.41,2582.42,2026-07-08,,,,
2026-07-08T10:01:58.014,ATHERENERG,1158.7,1.59,1110.63,1116.2,1083.23,1271.91,0.36,-110.56,-81.76,70.23,auto,automobiles - scooters and 3 - wheelers,49.09,6.97,72.45,0.56,0.55,1071.27,1017.59,54.3,2026-07-08,,,,
2026-07-08T10:01:58.014,HFCL,220.8,-2.32,214.82,201.49,215.68,228.48,0.07,45.62,106.12,66.38,telecom,cables - telephone,47.45,2.37,214.28,2.03,1.79,199.83,187.11,41.41,2026-07-08,,,,
2026-07-08T10:01:58.014,ADANIENSOL,1676.9,1.57,1599.85,1495.9,1521.67,1909.75,0.17,73.68,86.89,73.12,power & utilities,power generation and supply,25.48,10.2,72.66,0.48,0.73,1565.16,1484.46,22.46,2026-07-08,,,,
2026-07-08T10:01:58.014,ANANDRATHI,2078.0,1.27,2007.53,1945.1,2006.64,2185.03,0.11,41.69,42.87,74.17,financials,finance & investments,34.86,3.56,41.65,0.23,0.25,1942.38,1854.26,20.75,2026-07-08,,,,
2026-07-08T10:01:58.014,SCHNEIDER,1507.5,1.0,1445.5,1361.0,1444.25,1602.37,0.09,409.65,167.9,64.28,industrials,electric equipment,30.34,4.38,97.84,0.98,0.79,1384.45,1293.66,20.42,2026-07-08,,,,
2026-07-08T10:01:58.014,WELCORP,1545.7,0.31,1494.5,1408.5,1473.47,1654.04,0.16,27.52,25.17,65.19,industrials,steel - large,35.66,4.9,86.88,0.77,0.79,1426.15,1352.99,17.72,2026-07-08,,,,
2026-07-08T10:01:58.014,GABRIEL,1278.9,0.99,1220.1,1215.1,1263.21,1302.43,0.1,69.06,72.12,65.5,auto,auto ancillaries,35.75,1.24,32.68,0.11,-0.05,1182.93,1115.06,16.97,2026-07-08,,,,
2026-07-08T10:01:58.014,NAVINFLUOR,7591.5,0.59,7403.9,7502.0,7595.21,7585.94,0.05,45.74,57.89,56.95,chemicals,chemicals,30.92,-0.05,31.69,0.18,0.42,7183.12,6960.33,14.49,2026-07-08,,,,
2026-07-08T10:01:58.014,CARTRADE,2838.4,1.98,2707.74,2681.1,2817.57,2869.64,0.21,52.56,59.49,72.29,consumer discretionary,miscellaneous,62.14,0.74,-5.62,-0.1,0.12,2596.06,2461.9,14.13,2026-07-08,,,,
2026-07-08T10:01:58.014,HONASA,467.65,0.6,455.75,457.55,450.0,494.13,0.05,54.89,75.59,72.86,services,trading,47.2,3.92,68.31,0.47,0.63,439.15,422.63,13.53,2026-07-08,,,,
2026-07-08T10:01:58.014,RADICO,4115.1,0.4,4008.2,3880.6,3963.06,4343.16,0.14,76.72,90.76,75.89,fmcg,breweries & distilleries,44.93,3.84,27.99,0.22,0.22,3912.43,3781.12,13.52,2026-07-08,,,,
2026-07-08T10:01:58.014,NEULANDLAB,19032.0,0.7,18473.0,18520.0,18496.8,19834.79,0.15,28.7,66.62,73.82,healthcare,pharmaceuticals - indian - bulk drugs,31.7,2.89,11.99,0.17,0.12,17939.03,17352.3,13.34,2026-07-08,,,,
2026-07-08T10:01:58.014,NAM-INDIA,1211.4,1.58,1143.46,1166.8,1191.07,1241.9,0.18,50.14,49.61,62.65,financials,finance & investments,23.65,1.71,45.33,0.24,0.23,1142.16,1097.63,12.29,2026-07-08,,,,
2026-07-08T10:01:58.014,NYKAA,318.0,0.89,305.91,305.6,314.5,323.26,0.17,294.44,456.81,72.55,i.t,trading,40.66,1.11,24.66,0.09,0.19,302.12,291.31,12.26,2026-07-08,,,,
2026-07-08T10:01:58.014,JBCHEPHARM,2434.0,0.5,2363.86,2288.3,2310.06,2619.91,0.37,95.83,53.51,80.07,healthcare,pharmaceuticals - indian - bulk drugs & formln,37.14,5.37,33.65,0.22,0.39,2341.93,2289.88,11.05,2026-07-08,,,,
2026-07-08T10:01:58.014,TORNTPHARM,4879.3,0.47,4728.6,4620.8,4642.75,5234.12,0.2,105.98,75.87,75.08,healthcare,pharmaceuticals - indian - formulations,31.6,5.09,28.56,0.16,0.32,4692.56,4586.21,10.36,2026-07-08,,,,
2026-07-08T10:01:58.014,AUROPHARMA,1593.4,0.65,1543.99,1545.0,1562.11,1640.34,0.14,25.12,26.24,63.79,healthcare,pharmaceuticals - indian - bulk drugs & formln,31.05,2.0,30.33,0.22,0.4,1514.63,1473.55,10.27,2026-07-08,,,,
2026-07-08T10:01:58.014,ZYDUSWELL,579.1,0.56,555.51,560.85,565.61,599.33,0.11,28.44,25.85,63.9,fmcg,food - processing - indian,34.79,2.38,39.17,0.11,0.19,530.3,501.6,9.65,2026-07-08,,,,
2026-07-08T10:01:58.014,CCL,1182.3,-0.83,1150.91,1162.3,1167.69,1204.21,0.05,34.37,40.9,58.56,fmcg,tea,44.24,1.25,21.09,0.17,0.35,1115.48,1075.07,9.57,2026-07-08,,,,
2026-07-08T10:01:58.014,KARURVYSYA,305.2,0.28,294.74,288.8,294.74,320.88,0.13,10.17,11.25,59.62,bank,banks - private sector,11.18,3.55,23.88,0.01,0.22,287.87,277.52,9.25,2026-07-08,,,,
2026-07-08T10:01:58.014,CGCL,239.0,0.64,231.02,224.81,230.24,252.14,0.05,20.32,23.51,73.72,financials,finance & investments,54.46,3.8,27.71,0.16,0.2,223.45,212.62,9.17,2026-07-08,,,,
2026-07-08T10:01:58.014,GMRAIRPORT,114.22,-0.66,110.59,110.4,112.68,116.52,0.21,98.47,676.35,68.3,miscellaneous,miscellaneous,30.42,1.36,11.64,-0.01,0.2,109.15,105.61,8.23,2026-07-08,,,,
2026-07-08T10:01:58.014,USHAMART,505.55,-0.32,492.2,492.6,485.09,536.25,0.04,26.06,33.15,57.56,metals & mining,steel - medium / small,17.83,4.22,16.05,0.02,0.08,478.82,462.08,7.99,2026-07-08,,,,
2026-07-08T10:01:58.014,PHOENIXLTD,2065.2,-0.48,2006.26,1977.2,2006.34,2153.49,0.12,45.77,60.64,71.96,realty,construction,36.68,2.93,19.15,-0.01,0.21,1950.46,1875.4,7.98,2026-07-08,,,,
2026-07-08T10:01:58.014,AUBANK,1061.4,-0.52,1031.06,1047.2,1051.69,1075.97,0.13,23.84,30.15,60.57,bank,banks - private sector,29.95,0.92,11.91,-0.04,0.19,1014.48,983.49,7.83,2026-07-08,,,,
2026-07-08T10:01:58.014,AJANTPHARM,3323.5,0.27,3234.49,3293.9,3305.28,3350.83,0.22,38.92,39.21,60.15,healthcare,pharmaceuticals - indian - formulations,35.17,0.55,26.44,0.05,0.32,3090.62,2990.46,7.53,2026-07-08,,,,
2026-07-08T10:01:58.014,LUPIN,2501.4,0.45,2442.65,2382.7,2423.58,2618.13,0.19,17.95,20.82,73.76,healthcare,pharmaceuticals - indian - bulk drugs & formln,28.56,3.21,19.6,0.11,0.24,2408.78,2364.81,7.17,2026-07-08,,,,
2026-07-08T10:01:58.014,CAPLIPOINT,2583.7,0.66,2494.1,2505.0,2605.08,2551.64,0.12,28.86,30.43,66.95,healthcare,pharmaceuticals - indian - formulations,61.98,-0.82,30.77,0.29,0.24,2387.39,2279.46,6.07,2026-07-08,,,,
2026-07-08T10:01:58.014,MANAPPURAM,341.3,-0.23,329.57,316.7,323.83,367.51,0.11,17.89,29.16,63.64,financials,finance & investments,16.15,5.4,24.43,0.02,0.15,319.46,304.38,5.8,2026-07-08,,,,
2026-07-08T10:01:58.014,3MINDIA,35255.0,-0.01,34074.6,33320.0,33883.53,37312.2,0.14,46.11,76.05,70.86,miscellaneous,diversified - large,20.14,4.05,1.45,-0.11,0.15,33555.04,32520.06,5.7,2026-07-08,,,,
2026-07-08T10:01:58.014,TVSMOTOR,3689.2,-0.63,3577.1,3527.0,3556.1,3888.85,0.15,56.79,58.44,64.44,auto,automobiles - motorcycles / mopeds,21.4,3.74,1.18,-0.12,-0.02,3515.24,3389.87,5.59,2026-07-08,,,,
2026-07-08T10:01:58.014,APOLLOHOSP,8829.0,-0.09,8623.51,8611.5,8691.58,9035.13,0.1,59.95,65.44,69.73,healthcare,healthcare,29.7,1.58,22.61,0.15,0.07,8569.23,8433.41,5.39,2026-07-08,,,,
2026-07-08T10:01:58.014,ADANIENT,3121.6,0.46,3033.98,3095.9,3086.77,3173.84,0.11,-456.37,39.6,59.85,services,trading,39.06,1.13,40.76,0.26,0.18,2953.41,2830.56,5.33,2026-07-08,,,,
2026-07-08T10:01:58.014,NESTLEIND,1467.6,-0.29,1427.17,1442.8,1418.9,1540.65,0.07,63.59,68.42,62.35,fmcg,food - processing - mnc,21.69,3.43,18.19,0.03,0.1,1415.34,1380.25,5.08,2026-07-08,,,,
2026-07-08T10:01:58.014,LALPATHLAB,1681.9,0.07,1641.3,1620.3,1645.9,1735.91,0.09,53.5,35.6,59.81,healthcare,healthcare,24.41,2.19,10.15,0.03,0.03,1581.98,1535.04,4.54,2026-07-08,,,,
2026-07-08T10:01:58.014,ZYDUSLIFE,1162.7,0.84,1122.3,1095.1,1109.15,1243.02,0.47,22.98,23.01,70.91,healthcare,pharmaceuticals - indian - bulk drugs & formln,42.46,4.83,24.26,0.16,0.12,1108.5,1086.65,4.5,2026-07-08,,,,
2026-07-08T10:01:58.014,AADHARHFC,543.65,-0.39,524.64,518.0,531.28,562.2,0.12,18.98,21.56,66.25,financials,finance - housing,33.07,2.33,13.09,-0.01,0.02,510.14,486.87,4.33,2026-07-08,,,,
2026-07-08T10:01:58.014,SUNPHARMA,1904.7,0.07,1864.74,1868.3,1878.23,1944.4,0.2,42.14,39.82,67.35,healthcare,pharmaceuticals - indian - bulk drugs & formln,32.54,1.41,4.78,0.02,0.09,1848.07,1830.41,3.65,2026-07-08,,,,
2026-07-08T10:01:58.014,GRASIM,3176.7,-0.45,3098.76,3134.4,3131.85,3243.98,0.06,27.51,43.58,59.13,textiles,textiles - manmade,16.49,1.43,16.37,0.03,0.08,3081.86,3014.92,3.13,2026-07-08,,,,
2026-07-08T10:01:58.014,IIFL,524.85,0.07,507.1,499.05,512.13,543.92,0.04,9.51,13.42,56.15,financials,finance & investments,18.41,2.48,-7.24,-0.25,0.02,492.71,469.81,2.94,2026-07-08,,,,
2026-07-08T10:01:58.014,IDFCFIRSTB,80.37,-0.08,78.16,78.56,80.53,80.12,0.1,52.88,42.56,65.6,bank,banks - private sector,42.59,-0.2,1.25,-0.13,0.01,77.22,75.18,2.75,2026-07-08,,,,
2026-07-08T10:01:58.014,BAJFINANCE,1028.2,-1.37,999.6,993.4,1019.3,1041.55,0.11,29.24,34.06,68.2,financials,finance & investments,35.36,0.87,0.0,-0.03,-0.08,979.63,945.0,2.21,2026-07-08,,,,
2026-07-08T10:01:58.014,CHOICEIN,778.2,0.01,754.6,768.0,770.15,790.28,0.25,63.79,69.05,67.49,financials,finance & investments,29.85,1.05,-0.26,-0.15,-0.08,742.32,716.06,2.16,2026-07-08,,,,
2026-07-08T10:01:58.014,CEATLTD,3934.0,0.49,3731.84,3645.0,3689.62,4300.57,0.38,16.27,22.65,74.5,auto,tyres,22.5,6.62,1.18,-0.05,-0.1,3672.8,3501.89,2.13,2026-07-08,,,,
2026-07-08T10:01:58.014,EXIDEIND,414.35,-0.04,403.96,391.3,396.19,441.59,0.1,40.94,41.24,64.56,auto,auto ancillaries,30.72,4.58,8.94,0.04,0.0,391.27,377.12,1.88,2026-07-08,,,,
2026-07-08T10:01:58.014,DRREDDY,1367.3,0.94,1329.86,1329.0,1340.53,1407.45,0.24,128.99,26.88,62.91,healthcare,pharmaceuticals - indian - bulk drugs & formln,28.88,2.0,7.04,0.01,0.03,1303.67,1271.65,1.84,2026-07-08,,,,
2026-07-08T10:01:58.014,TBOTEK,1516.4,0.76,1449.42,1461.1,1521.15,1509.27,0.08,67.46,65.8,67.97,i.t,travel agencies,41.25,-0.31,-9.21,-0.15,-0.08,1407.04,1335.32,1.83,2026-07-08,,,,
2026-07-08T10:01:58.014,HDFCAMC,2770.2,-0.47,2696.96,2734.2,2720.54,2844.69,0.05,47.63,27.55,58.98,financials,finance & investments,16.57,1.83,6.74,-0.04,-0.06,2649.36,2562.93,1.36,2026-07-08,,,,
2026-07-08T10:01:58.014,OBEROIRLTY,1908.2,0.09,1846.42,1812.9,1834.98,2018.03,0.11,24.67,27.45,71.55,realty,construction,32.79,3.99,14.73,0.01,0.09,1804.62,1729.14,0.99,2026-07-08,,,,
2026-07-08T10:01:58.014,PRESTIGE,1684.5,0.67,1620.82,1635.7,1641.13,1749.56,0.11,72.48,60.28,71.89,realty,construction,35.06,2.64,1.57,-0.07,-0.05,1586.4,1516.23,0.94,2026-07-08,,,,
2026-07-08T10:01:58.014,DIVISLAB,6802.0,0.45,6624.8,6545.0,6632.87,7055.7,0.13,60.07,69.99,56.27,healthcare,pharmaceuticals - indian - bulk drugs,24.36,2.55,5.15,-0.02,-0.0,6536.37,6360.14,0.86,2026-07-08,,,,
2026-07-08T10:01:58.014,ZENTEC,1882.0,1.0,1803.2,1740.1,1799.43,2005.86,0.33,134.05,86.59,59.16,aerospace & defence,miscellaneous,15.03,4.59,36.95,0.27,0.33,1728.31,1635.05,0.69,2026-07-08,,,,
2026-07-08T10:01:58.014,UNOMINDA,1148.5,1.71,1093.88,1089.0,1099.7,1221.7,0.39,50.82,54.31,58.87,auto,auto ancillaries,9.1,4.44,-9.67,-0.21,-0.1,1074.64,1020.55,0.32,2026-07-08,,,,
2026-07-08T10:01:58.014,MSUMI,41.31,0.0,39.78,40.11,40.06,43.19,0.09,41.31,40.11,61.12,auto,auto ancillaries,27.03,3.13,-8.78,-0.27,-0.14,39.02,37.41,0.23,2026-07-08,,,,
2026-07-08T10:01:58.014,SBILIFE,1846.0,0.75,1777.33,1771.4,1762.59,1971.12,0.24,57.54,74.39,61.17,financials,finance & investments,17.47,4.73,-7.79,-0.18,-0.03,1770.67,1715.47,0.14,2026-07-08,,,,
2026-07-08T10:01:58.014,PVRINOX,994.15,-0.78,972.94,972.3,972.28,1026.96,0.07,13.09,29.46,54.68,media,entertainment / electronic media software,14.99,2.25,-9.39,-0.12,-0.17,950.79,926.43,0.11,2026-07-08,,,,
2026-07-08T10:01:58.014,SOBHA,1464.2,0.69,1404.63,1414.1,1416.73,1535.4,0.14,42.61,80.43,63.14,realty,construction,23.4,3.35,-4.81,-0.15,-0.09,1377.36,1317.93,-0.1,2026-07-08,,,,
2026-07-08T10:01:58.014,ICICIBANK,1416.7,0.14,1382.09,1376.8,1405.07,1434.15,0.09,17.18,18.64,70.06,bank,banks - private sector,35.01,0.83,2.16,-0.05,-0.02,1374.63,1344.08,-0.11,2026-07-08,,,,
2026-07-08T10:01:58.014,POONAWALLA,465.65,-1.29,455.55,436.9,452.79,484.93,0.1,36.96,69.68,68.06,financials,finance & investments,31.81,2.84,0.43,-0.12,-0.12,438.47,424.43,-0.28,2026-07-08,,,,
2026-07-08T10:01:58.014,360ONE,1147.1,-0.26,1111.91,1060.6,1092.68,1228.72,0.34,40.28,38.13,61.37,financials,finance & investments,14.69,4.98,1.77,-0.12,-0.06,1090.8,1051.37,-0.29,2026-07-08,,,,
2026-07-08T10:01:58.014,GRAVITA,1792.0,0.26,1716.18,1637.8,1692.35,1941.47,0.37,35.5,34.36,66.01,metals & mining,mining / minerals / metals,21.57,5.89,-0.44,-0.09,0.11,1670.06,1589.6,-0.41,2026-07-08,,,,
2026-07-08T10:01:58.014,CIPLA,1457.4,0.39,1424.23,1449.2,1441.61,1481.08,0.13,53.03,30.22,62.66,healthcare,pharmaceuticals - indian - bulk drugs & formln,30.99,1.1,-4.14,-0.12,-0.14,1405.19,1380.53,-0.69,2026-07-08,,,,
2026-07-08T10:01:58.014,NH,2010.4,0.4,1944.32,1953.5,1939.05,2117.43,0.14,45.61,50.49,62.32,healthcare,healthcare,17.22,3.68,3.77,-0.03,0.1,1913.19,1855.88,-0.83,2026-07-08,,,,
2026-07-08T10:01:58.014,BHARTIARTL,1917.8,-0.42,1866.21,1850.2,1883.92,1968.62,0.1,38.26,41.91,60.96,telecom-service,telecommunications - service provider,18.13,1.8,-8.84,-0.16,-0.1,1855.21,1812.07,-0.93,2026-07-08,,,,
2026-07-08T10:01:58.014,SUNDARMFIN,4790.0,0.13,4615.9,4531.0,4602.72,5070.92,0.38,23.82,25.61,66.76,financials,finance & investments,22.02,4.07,2.64,-0.18,0.02,4538.51,4349.9,-1.05,2026-07-08,,,,
2026-07-08T10:01:58.014,BALKRISIND,2255.1,0.0,2171.19,2174.2,2197.48,2341.54,0.14,36.4,35.07,56.96,auto,tyres,12.03,2.62,-6.16,-0.13,-0.05,2140.35,2059.2,-1.61,2026-07-08,,,,
2026-07-08T10:01:58.014,BRITANNIA,5426.5,-0.38,5301.31,5262.0,5271.74,5658.63,0.07,48.18,51.79,60.68,fmcg,food - processing - mnc,21.17,2.94,-7.66,-0.17,-0.14,5247.76,5157.21,-1.88,2026-07-08,,,,
2026-07-08T10:01:58.014,JUBLINGREA,679.6,-0.49,654.54,641.95,638.37,741.44,0.09,31.06,38.83,58.53,chemicals,chemicals,20.34,6.46,-1.16,-0.17,-0.03,637.13,609.68,-1.91,2026-07-08,,,,
2026-07-08T10:01:58.014,LICI,438.6,0.74,421.4,428.05,434.85,444.23,0.17,2.96,4.79,62.29,financials,finance & investments,28.08,0.86,0.23,-0.05,-0.05,421.01,408.32,-1.97,2026-07-08,,,,
2026-07-08T10:01:58.014,BAJAJFINSV,1877.9,-0.39,1824.86,1801.5,1820.17,1964.49,0.11,29.53,30.66,64.56,financials,finance & investments,25.69,3.17,-8.34,-0.15,-0.15,1797.36,1739.06,-2.05,2026-07-08,,,,
2026-07-08T10:01:58.014,ICICIGI,1830.7,2.03,1759.39,1742.4,1772.98,1917.28,0.19,41.72,32.17,57.36,financials,finance & investments,11.56,3.26,-7.67,-0.15,-0.12,1761.96,1711.2,-2.24,2026-07-08,,,,
2026-07-08T10:01:58.014,HOMEFIRST,1208.0,-0.14,1171.69,1180.0,1184.82,1242.78,0.07,21.05,23.12,61.49,financials,finance - housing,26.02,1.96,11.43,0.02,-0.05,1131.24,1077.66,-2.25,2026-07-08,,,,
2026-07-08T10:01:58.014,MAXHEALTH,1119.9,0.13,1087.7,1109.9,1137.92,1092.87,0.08,79.54,75.36,59.85,healthcare,healthcare,37.66,-1.58,3.32,-0.02,-0.11,1059.22,1025.82,-2.3,2026-07-08,,,,
2026-07-08T10:01:58.014,GODREJPROP,2038.7,-0.22,1964.9,1946.6,1944.47,2180.05,0.14,23.62,33.26,74.98,realty,construction,31.19,4.85,-1.92,-0.12,-0.14,1938.57,1867.07,-2.41,2026-07-08,,,,
2026-07-08T10:01:58.014,SUMICHEM,474.3,0.2,457.9,432.7,435.16,533.01,0.15,53.17,43.51,55.05,chemicals,pesticides / agrochemicals - indian,19.82,8.99,1.93,-0.09,-0.13,431.25,405.66,-2.45,2026-07-08,,,,
2026-07-08T10:01:58.014,PAGEIND,42305.0,1.26,40929.7,41595.0,41899.02,42913.97,0.23,66.0,61.01,62.36,consumer discretionary,textiles - products,35.96,0.97,12.8,0.1,-0.02,40117.06,38956.11,-2.55,2026-07-08,,,,
2026-07-08T10:01:58.014,APTUS,284.5,-0.35,276.36,282.0,278.18,293.98,0.06,13.63,15.13,63.25,financials,finance - housing,24.16,2.27,0.35,-0.09,-0.13,270.02,260.52,-2.71,2026-07-08,,,,
2026-07-08T10:01:58.014,DIXON,13317.0,0.57,12878.18,11970.0,12405.56,14684.16,0.17,67.64,48.62,69.59,consumer discretionary,electronics - consumer,23.24,7.35,-2.85,0.02,-0.2,12518.18,11947.07,-2.84,2026-07-08,,,,
2026-07-08T10:01:58.014,ESCORTS,2965.0,-0.47,2886.1,2924.0,2929.78,3017.82,0.05,25.45,13.69,56.72,auto,automobiles - tractors,20.11,1.2,-20.57,-0.31,-0.22,2831.14,2754.65,-2.95,2026-07-08,,,,
2026-05-25T14:20:41.556,MCX,3329.8,1.83,3175.2,3240.0,3354.11,3293.34,0.57,40.06,18.37,65.82,financials,miscellaneous,42.54,-0.73,81.26,0.58,1.12,3103.98,2949.82,36.31,2026-05-25,,,,
2026-05-25T14:20:41.556,LAURUSLABS,1351.7,0.61,1313.2,1322.1,1344.01,1363.24,0.58,65.36,81.57,77.92,healthcare,pharmaceuticals - indian - bulk drugs & formln,43.69,0.57,46.33,0.27,0.48,1295.11,1257.87,27.18,2026-05-25,,,,
2026-05-25T14:20:41.556,IDEA,13.99,1.89,13.51,12.86,13.5,14.72,0.75,0.73,4.33,84.89,telecom-service,telecommunications - service provider,52.17,3.63,55.56,0.29,0.87,12.97,12.28,27.05,2026-05-25,,,,
2026-05-25T14:20:41.556,VEDL,333.05,0.94,323.89,325.4,332.3,334.17,0.17,4.86,7.41,65.53,metals & mining,mining / minerals / metals,38.49,0.23,93.56,0.71,1.0,312.8,299.97,26.97,2026-05-25,,,,
2026-05-25T14:20:41.556,ADANIPOWER,233.36,6.4,215.9,216.19,220.87,252.1,1.1,28.05,16.22,69.61,power & utilities,power generation and supply,30.62,5.66,36.89,0.44,0.85,216.11,203.18,26.14,2026-05-25,,,,
2026-05-25T14:20:41.556,SCHNEIDER,1352.0,3.4,1291.35,1175.0,1304.09,1423.87,1.66,83.25,127.57,63.83,industrials,electric equipment,29.49,3.67,64.85,0.68,0.47,1212.86,1129.41,23.62,2026-05-25,,,,
2026-05-25T14:20:41.556,SYRMA,1062.8,2.31,1015.43,957.4,1024.37,1120.45,0.53,50.23,61.65,62.05,consumer discretionary,electronics - components,34.67,3.75,33.68,0.17,0.24,971.2,919.69,23.11,2026-05-25,,,,
2026-05-25T14:20:41.556,HFCL,162.25,9.47,151.9,134.93,153.53,175.34,1.39,33.52,69.58,77.55,telecom,cables - telephone,56.19,5.68,111.38,1.09,1.25,143.17,129.62,22.61,2026-05-25,,,,
2026-05-25T14:20:41.556,BSE,4277.0,1.98,4130.7,4119.0,4163.42,4447.37,0.49,55.26,69.19,78.85,financials,miscellaneous,53.49,2.73,71.95,0.38,0.78,4043.04,3875.57,17.88,2026-05-25,,,,
2026-05-25T14:20:41.556,NAVINFLUOR,7380.0,3.58,7035.42,6908.0,7087.29,7819.07,1.32,44.47,54.66,72.77,chemicals,chemicals,37.13,4.13,42.3,0.14,0.53,6981.03,6711.81,16.4,2026-05-25,,,,
2026-05-25T14:20:41.556,ADANIENSOL,1409.0,3.0,1330.45,1307.5,1314.72,1550.43,0.69,61.91,71.99,65.81,power & utilities,power generation and supply,17.82,7.17,50.51,0.33,0.8,1285.72,1196.27,15.38,2026-05-25,,,,
2026-05-25T14:20:41.556,RRKABEL,1990.6,2.21,1916.0,1900.0,2029.58,1932.14,1.05,33.51,44.74,70.55,industrials,cables - power,42.06,-1.92,57.53,0.36,0.6,1840.64,1745.47,13.78,2026-05-25,,,,
2026-05-25T14:20:41.556,RBLBANK,341.2,2.05,330.7,318.45,328.56,360.16,0.87,21.54,23.32,58.83,bank,banks - private sector,19.49,3.85,5.24,0.01,0.2,319.6,308.85,13.73,2026-05-25,,,,
2026-05-25T14:20:41.556,BHARATFORG,1915.0,0.91,1858.37,1827.6,1891.11,1950.84,0.51,98.51,84.04,54.64,industrials,castings & forgings,15.36,1.26,54.05,0.25,0.63,1808.83,1757.1,13.28,2026-05-25,,,,
2026-05-25T14:20:41.556,EMCURE,1733.5,1.16,1670.9,1680.8,1680.65,1812.77,0.19,33.75,35.14,58.04,healthcare,pharmaceuticals - indian - bulk drugs & formln,22.97,3.14,24.48,0.18,0.22,1637.74,1572.41,13.26,2026-05-25,,,,
2026-05-25T14:20:41.556,GRANULES,758.5,0.87,737.99,734.5,753.69,765.72,0.28,23.04,30.77,66.82,healthcare,pharmaceuticals - indian - bulk drugs & formln,45.13,0.64,33.16,0.28,0.43,719.44,694.95,12.64,2026-05-25,,,,
2026-05-25T14:20:41.556,POLYCAB,9375.0,1.2,9110.08,9016.5,9281.93,9514.6,0.38,44.92,51.93,74.48,industrials,cables - power,36.78,1.0,23.27,0.15,0.25,8990.59,8751.28,12.35,2026-05-25,,,,
2026-05-25T14:20:41.556,SAILIFE,1148.7,3.13,1086.33,1100.0,1115.45,1198.58,0.47,58.25,67.06,64.73,healthcare,pharmaceuticals - indian - bulk drugs & formln,22.19,2.98,30.42,0.23,0.29,1048.63,974.88,12.19,2026-05-25,,,,
2026-05-25T14:20:41.556,DATAPATTNS,4091.9,3.08,3890.6,3600.1,3889.42,4395.62,0.77,41.4,81.9,58.3,aerospace & defence,electronics - components,23.93,5.21,43.98,0.25,0.6,3671.95,3413.09,12.11,2026-05-25,,,,
2026-05-25T14:20:41.556,NAM-INDIA,1101.5,1.95,1068.69,1060.8,1084.63,1126.81,0.36,45.59,44.94,60.63,financials,finance & investments,26.44,1.56,13.84,0.15,0.33,1031.42,981.36,11.17,2026-05-25,,,,
2026-05-25T14:20:41.556,HONASA,390.15,1.51,374.21,348.25,352.75,446.24,2.54,45.79,62.5,77.98,services,trading,35.76,10.6,39.73,0.25,0.26,359.08,338.12,11.07,2026-05-25,,,,
2026-05-25T14:20:41.556,ADANIGREEN,1419.6,4.21,1338.48,1348.1,1393.4,1458.89,0.66,152.32,141.17,69.88,power & utilities,power generation and supply,40.06,1.88,36.54,0.27,0.48,1310.49,1229.76,10.57,2026-05-25,,,,
2026-05-25T14:20:41.556,USHAMART,478.35,2.72,458.69,455.0,466.81,495.66,0.46,24.66,30.44,60.75,metals & mining,steel - medium / small,15.56,2.47,4.13,0.02,0.21,449.13,428.71,10.07,2026-05-25,,,,
2026-05-25T14:20:41.556,TORNTPHARM,4579.5,2.08,4419.8,4358.0,4424.6,4811.85,2.36,99.47,70.09,66.67,healthcare,pharmaceuticals - indian - formulations,24.09,3.5,27.54,0.14,0.24,4315.83,4251.48,8.98,2026-05-25,,,,
2026-05-25T14:20:41.556,LLOYDSME,1801.0,3.67,1712.65,1636.1,1707.62,1941.07,1.08,16.82,24.89,66.53,metals & mining,mining / minerals / metals,36.1,5.47,33.39,0.36,0.35,1684.7,1604.87,8.74,2026-05-25,,,,
2026-05-25T14:20:41.556,FORTIS,969.65,0.96,943.84,949.2,963.89,978.29,0.9,68.87,69.59,61.01,healthcare,healthcare,25.44,0.6,-11.66,-0.03,-0.01,921.57,900.26,8.5,2026-05-25,,,,
2026-05-25T14:20:41.556,SAMMAANCAP,168.17,4.16,158.51,134.75,141.54,208.11,1.75,-0.42,-1.85,70.71,financials,finance - housing,16.94,18.81,-3.43,-0.03,0.18,152.03,140.94,8.3,2026-05-25,,,,
2026-05-25T14:20:41.556,JBCHEPHARM,2231.8,1.79,2156.0,2106.1,2161.88,2336.69,1.26,87.87,48.44,67.6,healthcare,pharmaceuticals - indian - bulk drugs & formln,32.86,3.23,32.0,0.19,0.26,2109.1,2070.58,8.26,2026-05-25,,,,
2026-05-25T14:20:41.556,SOLARINDS,18425.0,1.62,17650.78,17918.0,17581.07,19690.89,0.46,76.11,97.81,76.07,aerospace & defence,chemicals,48.16,4.8,30.61,0.23,0.28,17328.62,16556.33,8.17,2026-05-25,,,,
2026-05-25T14:20:41.556,CEMPRO,878.25,1.79,852.26,847.0,931.02,799.1,0.27,15.57,24.79,59.64,realty,construction,38.57,-5.67,10.15,0.04,0.17,794.28,750.75,6.94,2026-05-25,,,,
2026-05-25T14:20:41.556,ANGELONE,345.4,1.78,335.16,303.9,314.58,391.63,0.61,24.53,4.91,69.13,financials,finance & investments,24.23,9.8,38.43,0.16,0.45,320.8,305.66,6.18,2026-05-25,,,,
2026-05-25T14:20:41.556,ENDURANCE,2778.5,2.08,2693.24,2501.0,2573.99,3085.27,1.2,35.35,40.23,70.79,auto,auto ancillaries,29.02,7.95,-5.77,-0.06,-0.1,2584.37,2460.48,5.06,2026-05-25,,,,
2026-05-25T14:20:41.556,MFSL,1715.2,2.1,1637.87,1602.3,1611.81,1870.29,0.5,-556.88,685.71,61.64,miscellaneous,miscellaneous,14.06,6.41,11.36,-0.05,0.05,1617.28,1548.33,4.95,2026-05-25,,,,
2026-05-25T14:20:41.556,IFCI,61.8,1.75,60.27,60.6,61.62,62.08,0.4,309.0,90.66,53.43,financials,finance - term-lending institutions,20.59,0.3,10.68,0.08,0.14,57.6,55.8,4.55,2026-05-25,,,,
2026-05-25T14:20:41.556,STARHEALTH,526.0,0.6,508.38,497.85,508.09,552.87,1.13,69.58,55.21,62.54,financials,finance & investments,34.04,3.53,6.25,-0.01,0.15,496.13,479.23,4.45,2026-05-25,,,,
2026-05-25T14:20:41.556,INDUSINDBK,923.05,1.42,901.75,881.15,902.84,953.36,0.29,30.24,79.77,59.16,bank,banks - private sector,19.69,2.24,21.75,0.0,0.18,879.34,857.01,4.41,2026-05-25,,,,
2026-05-25T14:20:41.556,WOCKPHARMA,1624.1,3.09,1539.58,1561.2,1601.22,1658.42,0.55,39.69,120.08,62.42,healthcare,pharmaceuticals - indian - bulk drugs & formln,40.88,1.43,18.36,0.14,0.06,1498.79,1409.71,4.38,2026-05-25,,,,
2026-05-25T14:20:41.556,ELGIEQUIP,568.2,1.44,549.78,529.05,534.16,619.26,0.47,47.19,43.76,61.74,industrials,compressors / drilling equipment,19.68,6.37,19.56,0.06,0.15,531.88,509.44,4.3,2026-05-25,,,,
2026-05-25T14:20:41.556,FINCABLES,1071.2,3.88,1020.67,1024.4,1065.26,1080.1,1.97,24.96,23.16,59.89,industrials,cables - power,34.59,0.56,34.67,0.3,0.22,974.38,938.81,3.94,2026-05-25,,,,
2026-05-25T14:20:41.556,ZYDUSLIFE,1065.0,2.51,1020.67,995.0,997.5,1166.26,1.3,21.05,20.74,72.97,healthcare,pharmaceuticals - indian - bulk drugs & formln,39.02,6.77,6.6,0.06,0.02,1000.92,953.81,3.86,2026-05-25,,,,
2026-05-25T14:20:41.556,ADANIENT,2853.0,4.99,2684.51,2684.0,2703.27,3077.59,0.92,-417.11,34.63,77.5,services,trading,48.38,5.54,11.92,0.09,0.21,2665.8,2531.2,3.68,2026-05-25,,,,
2026-05-25T14:20:41.556,PHOENIXLTD,1811.9,1.21,1747.24,1689.5,1731.12,1933.07,0.39,40.16,52.32,58.94,realty,construction,17.12,4.67,9.75,-0.02,0.15,1718.17,1649.47,3.67,2026-05-25,,,,
2026-05-25T14:20:41.556,IIFL,483.2,4.43,455.5,452.35,452.47,529.3,1.02,8.75,11.84,60.07,financials,finance & investments,10.46,6.79,-3.2,-0.18,0.07,447.01,424.72,3.64,2026-05-25,,,,
2026-05-25T14:20:41.556,NSLNISP,44.91,1.7,43.36,42.28,43.22,47.44,0.61,-13.53,-16.06,61.02,metals & mining,steel - large,26.19,3.9,2.27,0.01,0.02,41.63,39.86,3.59,2026-05-25,,,,
2026-05-25T14:20:41.556,OFSS,9690.0,1.73,9310.0,9454.5,9501.27,9973.09,0.54,25.05,31.38,67.29,i.t,computers - software - large,40.09,1.99,12.41,0.09,0.13,9046.46,8711.31,3.27,2026-05-25,,,,
2026-05-25T14:20:41.556,360ONE,1135.5,2.08,1096.72,1076.0,1096.02,1194.72,0.5,39.87,36.88,64.87,financials,finance & investments,11.49,3.6,-3.32,-0.08,0.06,1075.38,1034.58,2.66,2026-05-25,,,,
2026-05-25T14:20:41.556,NUVAMA,1507.0,1.76,1450.5,1426.4,1496.12,1523.33,0.54,25.47,8.57,59.79,financials,finance & investments,24.86,0.73,3.79,-0.04,0.12,1407.34,1344.6,2.51,2026-05-25,,,,
2026-05-25T14:20:41.556,PNBHOUSING,1086.8,2.57,1041.84,1045.2,1073.4,1106.91,0.66,10.79,12.04,67.29,financials,finance - housing,39.48,1.25,24.21,0.13,0.33,1032.75,1004.21,2.5,2026-05-25,,,,
2026-05-25T14:20:41.556,NH,1940.0,4.55,1858.18,1843.7,1854.07,2068.89,4.19,44.01,46.79,62.3,healthcare,healthcare,17.44,4.63,8.99,-0.13,0.05,1802.03,1726.55,2.44,2026-05-25,,,,
2026-05-25T14:20:41.556,CARBORUNIV,1057.75,0.09,1031.99,1048.25,1065.57,1046.03,0.2,-284.34,102.51,64.01,industrials,abrasives and grinding wheels,52.17,-0.73,16.27,0.19,0.08,977.55,933.36,2.38,2026-05-25,,,,
2026-05-25T14:20:41.556,MOTILALOFS,861.05,1.37,833.98,834.5,851.22,875.8,0.43,-58.34,27.26,60.76,financials,finance & investments,23.82,1.16,-16.08,-0.16,-0.05,814.89,791.52,1.66,2026-05-25,,,,
2026-05-25T14:20:41.556,YESBANK,22.15,1.28,21.57,20.93,22.26,21.99,0.41,16.29,19.7,62.02,bank,banks - private sector,27.72,-0.49,0.0,-0.09,0.05,20.82,19.96,1.6,2026-05-25,,,,
2026-05-25T14:20:41.556,SHYAMMETL,970.0,2.34,920.22,888.05,895.46,1081.82,1.23,21.65,24.87,70.31,metals & mining,steel - large,23.0,8.32,4.64,0.08,0.01,908.57,870.5,1.59,2026-05-25,,,,
2026-05-25T14:20:41.556,SBILIFE,1894.1,1.25,1842.2,1845.4,1835.05,1982.68,0.19,59.04,75.95,55.34,financials,finance & investments,12.48,3.22,2.93,-0.14,0.01,1828.68,1780.12,1.46,2026-05-25,,,,
2026-05-25T14:20:41.556,TECHNOE,1372.0,2.81,1298.5,1160.0,1211.98,1612.03,1.48,33.46,31.42,70.1,realty,engineering - turnkey services,19.77,13.2,1.11,0.08,-0.12,1259.11,1183.24,1.4,2026-05-25,,,,
2026-05-25T14:20:41.556,AARTIIND,485.1,1.87,468.34,458.0,467.95,510.82,0.28,32.0,41.19,57.48,chemicals,chemicals,16.08,3.66,29.33,0.16,0.25,455.96,436.91,1.31,2026-05-25,,,,
2026-05-25T14:20:41.556,MMTC,64.93,0.96,63.28,61.89,62.84,68.06,0.18,52.36,36.54,53.19,services,trading,21.36,3.32,-4.39,-0.04,-0.03,60.27,57.51,1.28,2026-05-25,,,,
2026-05-25T14:20:41.556,BAJFINANCE,940.5,2.61,905.96,903.25,908.78,988.08,0.57,26.75,29.94,55.51,financials,finance & investments,13.11,3.49,-13.44,-0.14,-0.03,894.38,863.29,0.61,2026-05-25,,,,
2026-05-25T14:20:41.556,IGIL,377.4,1.19,367.79,314.0,332.72,444.42,0.98,22.68,28.28,63.28,miscellaneous,miscellaneous,17.96,13.43,11.83,0.07,0.05,345.05,328.39,0.22,2026-05-25,,,,
2026-05-25T14:20:41.556,ATGL,662.0,1.41,639.74,601.1,609.88,740.18,0.36,108.17,109.53,63.31,energy,miscellaneous,30.8,8.55,6.26,0.0,0.08,610.15,576.16,0.09,2026-05-25,,,,
2026-05-25T14:20:41.556,OBEROIRLTY,1707.6,2.89,1637.58,1590.7,1594.93,1876.61,0.77,22.07,23.9,61.1,realty,construction,13.49,7.06,0.53,-0.05,0.01,1610.99,1542.93,-0.06,2026-05-25,,,,
2026-05-25T14:20:41.556,HINDPETRO,403.2,3.48,394.16,362.55,372.8,448.8,0.87,3.54,4.59,60.77,energy,refineries,16.45,8.15,-11.42,-0.21,0.02,374.22,361.84,-0.16,2026-05-25,,,,
2026-05-25T14:20:41.556,GODREJIND,1146.5,1.78,1109.16,1105.5,1145.99,1147.27,0.12,21.73,30.59,61.61,chemicals,chemicals,44.66,0.05,3.62,0.01,-0.08,1037.38,969.5,-0.17,2026-05-25,,,,
2026-05-25T14:20:41.556,TIINDIA,3056.4,1.5,2965.77,2819.6,2878.37,3323.44,0.41,172.87,91.47,61.98,industrials,steel - large,18.33,6.19,-2.33,-0.02,-0.01,2842.98,2726.51,-0.37,2026-05-25,,,,
2026-05-25T14:20:41.556,ICICIGI,1852.0,1.41,1795.75,1767.2,1790.68,1943.99,0.42,42.21,32.75,56.91,financials,finance & investments,11.19,3.42,-7.72,-0.15,-0.03,1769.13,1712.27,-0.53,2026-05-25,,,,
2026-05-25T14:20:41.556,LICI,833.6,2.54,805.02,793.0,785.28,906.08,2.14,5.62,8.95,61.69,financials,finance & investments,11.82,6.15,-6.5,-0.15,-0.08,789.06,768.56,-0.83,2026-05-25,,,,
2026-05-25T14:20:41.556,CAPLIPOINT,2062.1,1.68,1992.73,1987.3,1985.98,2176.28,0.71,23.04,24.04,73.09,healthcare,pharmaceuticals - indian - formulations,35.28,3.83,1.63,-0.01,-0.07,1926.77,1838.16,-0.93,2026-05-25,,,,
2026-05-25T14:20:41.556,HYUNDAI,1886.4,2.04,1821.82,1760.0,1798.86,2017.71,0.89,30.52,27.66,56.27,auto,automobiles - passenger cars,12.72,4.87,-19.46,-0.26,-0.28,1781.58,1721.56,-0.93,2026-05-25,,,,
2026-05-25T14:20:41.556,CIPLA,1409.4,0.73,1370.53,1392.0,1402.59,1419.62,0.22,51.29,29.13,63.52,healthcare,pharmaceuticals - indian - bulk drugs & formln,33.48,0.49,-15.27,-0.14,-0.12,1354.74,1314.34,-1.54,2026-05-25,,,,
2026-05-25T14:20:41.556,KOTAKBANK,391.6,1.94,379.5,376.3,378.59,411.12,0.58,17.96,5.11,59.15,bank,banks - private sector,15.62,3.44,-10.7,-0.14,-0.03,372.8,362.25,-1.57,2026-05-25,,,,
2026-05-25T14:20:41.556,ECLERX,1591.3,0.86,1539.19,1490.0,1512.0,1710.26,0.59,19.43,12.1,54.94,i.t,computers - software - medium / small,17.2,5.25,-28.29,-0.34,-0.28,1442.01,1359.74,-1.7,2026-05-25,,,,
2026-05-25T14:20:41.556,NIACL,167.6,1.8,160.95,160.94,161.46,176.81,0.16,11.94,19.19,60.24,financials,finance & investments,31.94,3.8,-10.66,-0.12,-0.17,156.32,148.75,-1.91,2026-05-25,,,,
2026-05-25T14:20:41.556,TATATECH,675.0,0.54,650.82,629.4,650.68,711.49,0.33,33.55,49.88,70.59,i.t,computers - software - medium / small,41.0,3.74,-1.46,-0.07,-0.03,634.64,605.33,-2.12,2026-05-25,,,,
2026-05-25T14:20:41.556,SRF,2696.4,2.16,2602.29,2590.5,2680.02,2720.97,0.17,34.34,42.63,57.34,chemicals,chemicals,12.67,0.61,-14.33,-0.13,-0.09,2568.88,2475.84,-2.13,2026-05-25,,,,
2026-05-25T14:20:41.556,GAIL,168.87,5.04,159.45,151.41,157.86,185.38,2.25,18.68,13.94,63.54,energy,miscellaneous,17.69,6.97,-5.05,-0.15,-0.06,156.47,149.0,-2.35,2026-05-25,,,,
2026-05-25T14:20:41.556,SUMICHEM,478.85,2.06,457.56,450.05,462.52,503.35,1.38,78.76,44.06,59.24,chemicals,pesticides / agrochemicals - indian,15.63,3.53,-9.44,-0.02,-0.19,445.44,423.93,-2.64,2026-05-25,,,,
2026-05-25T14:20:41.556,PPLPHARMA,179.0,1.92,171.75,170.2,177.37,181.44,0.4,-639.29,-71.11,63.79,healthcare,pharmaceuticals - indian - bulk drugs & formln,35.15,0.92,-9.12,-0.13,-0.14,166.91,159.55,-2.83,2026-05-25,,,,
2026-05-25T14:20:41.556,TMPV,373.55,2.81,358.83,352.9,348.71,410.81,0.78,5.94,-605.58,65.12,auto,automobiles - passenger cars,22.32,7.12,-6.97,-0.05,-0.14,354.36,340.71,-3.32,2026-05-25,,,,
2026-05-25T14:20:41.556,INDHOTEL,657.8,1.16,641.16,641.2,644.56,677.66,0.39,39.06,44.42,53.89,services,hotels,9.93,2.05,-11.56,-0.17,-0.18,625.55,606.56,-3.64,2026-05-25,,,,
2026-05-25T14:20:41.556,NBCC,96.97,2.27,93.49,91.61,92.8,103.22,2.51,34.14,39.18,58.38,miscellaneous,miscellaneous,13.51,4.49,-13.31,-0.21,-0.08,90.81,88.71,-3.65,2026-05-25,,,,
2026-05-11T16:48:58.033,HINDCOPPER,572.9,0.65,552.82,530.25,550.95,605.82,0.63,88.41,83.22,60.46,metals & mining,mining / minerals / metals,15.02,3.98,72.45,0.59,1.31,535.89,514.23,38.64,2026-05-11,,,,
2026-05-11T16:48:58.033,MCX,3187.9,2.91,2981.65,2867.0,2979.6,3500.35,1.85,38.35,17.4,76.8,financials,miscellaneous,30.18,6.99,94.23,0.56,0.94,2967.92,2834.64,35.81,2026-05-11,,,,
2026-05-11T16:48:58.033,ACUTAAS,2810.3,2.78,2673.93,2604.5,2594.02,3134.71,1.05,43.67,62.84,72.44,healthcare,pharmaceuticals - indian - bulk drugs,27.28,8.34,100.54,0.47,0.94,2606.81,2468.89,31.8,2026-05-11,,,,
2026-05-11T16:48:58.033,SYRMA,1112.6,1.13,1070.16,1018.1,1052.09,1203.37,1.24,52.19,72.24,78.6,consumer discretionary,electronics - components,38.5,5.75,30.64,0.28,0.44,1018.39,980.33,29.48,2026-05-11,,,,
2026-05-11T16:48:58.033,APARINDS,12843.0,0.26,12375.44,12340.0,12586.9,13227.14,0.51,61.73,52.86,67.76,industrials,electric equipment,46.63,2.03,50.56,0.43,0.51,11991.14,11419.24,26.57,2026-05-11,,,,
2026-05-11T16:48:58.033,VEDL,298.4,0.66,288.32,292.0,290.08,310.88,0.52,4.35,6.66,60.77,metals & mining,mining / minerals / metals,27.66,2.87,74.98,0.48,0.78,271.84,255.07,23.63,2026-05-11,,,,
2026-05-11T16:48:58.033,LAURUSLABS,1266.8,3.13,1196.97,1157.7,1158.47,1429.3,1.52,61.26,74.58,75.57,healthcare,pharmaceuticals - indian - bulk drugs & formln,26.6,9.35,46.79,0.19,0.38,1186.96,1137.58,23.14,2026-05-11,,,,
2026-05-11T16:48:58.033,HFCL,148.46,5.18,134.9,125.5,130.7,175.1,2.47,30.67,66.27,85.66,telecom,cables - telephone,61.31,13.59,100.73,0.83,0.97,129.16,118.02,21.81,2026-05-11,,,,
2026-05-11T16:48:58.033,SCI,340.65,0.47,327.71,306.5,322.32,368.15,3.6,9.8,11.68,75.7,transportation,shipping,37.27,5.69,53.56,0.18,0.52,300.87,299.13,21.39,2026-05-11,,,,
2026-05-11T16:48:58.033,GALLANTT,889.25,2.3,838.93,831.05,901.2,871.32,0.82,43.68,43.31,67.26,metals & mining,steel - medium / small,50.18,-1.33,36.1,0.48,0.37,787.91,760.66,19.52,2026-05-11,,,,
2026-05-11T16:48:58.033,BSE,3918.0,0.27,3768.3,3691.0,3821.19,4063.21,1.06,50.62,64.47,76.82,financials,miscellaneous,38.14,2.53,75.61,0.35,0.62,3689.02,3544.28,19.43,2026-05-11,,,,
2026-05-11T16:48:58.033,DATAPATTNS,4142.0,0.94,3959.2,4040.0,4199.33,4056.01,0.51,99.38,92.96,65.4,aerospace & defence,electronics - components,34.82,-1.37,46.78,0.46,0.54,3762.35,3510.62,19.11,2026-05-11,,,,
2026-05-11T16:48:58.033,BHARATFORG,1987.0,-0.14,1913.35,1818.3,1908.63,2104.55,0.85,102.21,88.12,67.02,industrials,castings & forgings,22.88,4.11,63.36,0.39,0.66,1837.91,1746.5,18.77,2026-05-11,,,,
2026-05-11T16:48:58.033,BHEL,401.35,-0.8,385.19,368.4,387.27,422.48,1.06,27.05,87.96,81.16,industrials,electric equipment,51.07,3.64,64.12,0.4,0.78,367.54,347.44,18.4,2026-05-11,,,,
2026-05-11T16:48:58.033,IDEA,12.18,8.36,10.98,10.5,10.65,14.47,3.46,-6.21,-4.26,82.2,telecom-service,telecommunications - service provider,32.65,14.34,32.68,0.17,0.8,10.97,10.32,17.36,2026-05-11,,,,
2026-05-11T16:48:58.033,WELCORP,1329.3,2.9,1250.58,1231.1,1317.49,1347.02,1.43,19.36,17.5,85.12,industrials,steel - large,59.1,0.9,52.54,0.35,0.44,1236.86,1180.42,16.88,2026-05-11,,,,
2026-05-11T16:48:58.033,GRANULES,755.6,0.35,727.45,700.0,721.44,806.84,1.68,22.95,30.81,83.77,healthcare,pharmaceuticals - indian - bulk drugs & formln,43.89,4.74,35.98,0.26,0.58,707.15,675.47,15.45,2026-05-11,,,,
2026-05-11T16:48:58.033,KEI,5120.0,0.4,4921.27,4720.1,5065.99,5201.02,0.86,43.04,53.07,65.79,industrials,cables - power,21.55,1.07,21.87,0.2,0.25,4699.22,4484.64,13.51,2026-05-11,,,,
2026-05-11T16:48:58.033,SAILIFE,1126.2,0.95,1079.96,1070.5,1068.9,1212.15,1.01,59.03,70.08,72.66,healthcare,pharmaceuticals - indian - bulk drugs & formln,26.84,5.36,30.62,0.19,0.18,1058.03,1020.1,13.22,2026-05-11,,,,
2026-05-11T16:48:58.033,USHAMART,477.65,1.02,458.3,446.75,462.3,500.67,0.86,24.62,30.91,65.11,metals & mining,steel - medium / small,21.43,3.32,5.99,-0.07,0.25,442.11,419.21,13.01,2026-05-11,,,,
2026-05-11T16:48:58.033,POLYCAB,9065.5,-0.19,8783.74,8154.0,8524.36,9877.21,0.46,43.43,50.92,74.75,industrials,cables - power,29.71,6.35,19.35,0.11,0.24,8542.55,8220.83,12.82,2026-05-11,,,,
2026-05-11T16:48:58.033,NAVA,730.4,0.46,701.19,670.05,701.68,773.48,0.82,23.29,23.15,73.41,miscellaneous,diversified - large,37.01,4.09,14.75,0.17,0.05,682.32,655.27,12.53,2026-05-11,,,,
2026-05-11T16:48:58.033,NAVINFLUOR,7071.5,0.43,6806.1,6765.0,6862.18,7385.48,0.57,42.61,54.02,71.53,chemicals,chemicals,27.95,3.05,54.68,0.09,0.37,6701.35,6472.24,12.22,2026-05-11,,,,
2026-05-11T16:48:58.033,ANURAS,1361.1,-0.8,1314.47,1326.8,1341.31,1390.78,1.71,78.95,89.1,62.16,chemicals,chemicals,21.91,1.48,25.08,0.16,0.16,1277.31,1220.36,12.13,2026-05-11,,,,
2026-05-11T16:48:58.033,DELHIVERY,479.15,0.01,458.98,447.95,464.97,500.42,1.22,226.01,234.85,63.26,transportation,miscellaneous,16.85,3.05,2.35,0.03,-0.02,450.63,434.53,11.9,2026-05-11,,,,
2026-05-11T16:48:58.033,NLCINDIA,329.7,0.46,316.83,313.95,322.44,340.59,1.19,15.79,16.51,74.38,power & utilities,power generation and supply,41.08,2.25,16.58,0.18,0.35,306.45,295.81,11.03,2026-05-11,,,,
2026-05-11T16:48:58.033,ADANIGREEN,1387.7,2.35,1297.91,1284.2,1348.34,1446.73,0.94,148.89,140.5,83.95,power & utilities,power generation and supply,45.49,2.92,30.83,0.21,0.39,1289.0,1225.28,10.74,2026-05-11,,,,
2026-05-11T16:48:58.033,NATCOPHARM,1206.0,2.66,1117.4,1113.6,1116.22,1340.67,1.01,35.64,13.51,76.16,healthcare,pharmaceuticals - indian - bulk drugs & formln,35.2,8.04,48.68,0.38,0.32,1116.43,1058.26,9.73,2026-05-11,,,,
2026-05-11T16:48:58.033,JBCHEPHARM,2209.2,2.76,2069.47,2080.1,2068.65,2420.02,1.7,43.73,44.54,75.08,healthcare,pharmaceuticals - indian - bulk drugs & formln,27.47,6.79,33.38,0.2,0.24,2092.09,2019.96,9.42,2026-05-11,,,,
2026-05-11T16:48:58.033,LLOYDSME,1743.7,0.43,1678.54,1702.7,1804.51,1652.49,0.81,16.28,24.88,70.69,metals & mining,mining / minerals / metals,51.39,-3.37,33.02,0.22,0.21,1623.19,1562.72,9.41,2026-05-11,,,,
2026-05-11T16:48:58.033,FORTIS,974.15,2.29,928.6,933.3,958.9,997.03,1.58,94.76,74.87,69.15,healthcare,healthcare,23.97,1.59,-6.43,-0.12,-0.01,924.82,894.62,9.15,2026-05-11,,,,
2026-05-11T16:48:58.033,RADICO,3489.7,0.36,3373.36,3302.0,3473.46,3514.06,0.55,65.06,77.0,70.3,fmcg,breweries & distilleries,44.38,0.47,16.45,-0.03,0.17,3263.0,3127.18,8.82,2026-05-11,,,,
2026-05-11T16:48:58.033,TORNTPHARM,4517.1,3.11,4251.14,4236.4,4231.42,4945.62,1.51,60.16,65.18,70.8,healthcare,pharmaceuticals - indian - formulations,19.75,6.75,27.74,0.16,0.2,4295.19,4166.75,8.56,2026-05-11,,,,
2026-05-11T16:48:58.033,ENDURANCE,2628.9,3.95,2455.88,2323.6,2363.58,3026.87,3.93,41.7,38.64,70.06,auto,auto ancillaries,19.33,11.23,-10.91,-0.15,-0.11,2406.99,2304.65,8.37,2026-05-11,,,,
2026-05-11T16:48:58.033,PAYTM,1196.6,0.8,1146.89,1075.1,1131.19,1294.72,0.58,104.23,137.4,62.56,i.t,miscellaneous,18.77,5.78,-3.31,-0.18,-0.07,1109.98,1053.22,7.98,2026-05-11,,,,
2026-05-11T16:48:58.033,VIJAYA,1342.6,4.98,1249.5,1143.7,1185.4,1578.39,9.13,72.03,75.99,92.27,healthcare,healthcare,45.7,13.26,34.29,0.21,0.27,1227.12,1172.9,7.74,2026-05-11,,,,
2026-05-11T16:48:58.033,ADANIPORTS,1767.3,0.39,1698.44,1708.0,1732.54,1819.44,1.21,30.58,30.24,75.34,transportation,miscellaneous,29.35,2.01,26.3,0.12,0.25,1660.89,1599.39,7.62,2026-05-11,,,,
2026-05-11T16:48:58.033,PTCIL,17058.0,1.62,16141.58,16171.0,16263.79,18249.32,0.76,348.12,379.86,59.5,industrials,castings & forgings,14.97,4.88,6.77,-0.1,0.23,15967.97,15274.44,7.27,2026-05-11,,,,
2026-05-11T16:48:58.033,MFSL,1695.5,-0.25,1643.46,1580.0,1619.62,1809.32,1.14,396.14,411.55,59.4,miscellaneous,miscellaneous,17.73,4.68,6.87,-0.04,-0.01,1614.16,1561.56,7.02,2026-05-11,,,,
2026-05-11T16:48:58.033,NESTLEIND,1481.9,-0.03,1441.09,1447.6,1498.33,1457.25,0.73,64.21,68.92,78.31,fmcg,food - processing - mnc,52.97,-1.1,26.0,0.08,0.21,1423.46,1395.83,6.91,2026-05-11,,,,
2026-05-11T16:48:58.033,M&MFIN,337.05,-0.61,322.22,297.7,312.51,373.86,1.33,12.48,16.3,61.57,financials,finance & investments,21.62,7.85,19.47,-0.01,0.25,309.11,291.15,6.75,2026-05-11,,,,
2026-05-11T16:48:58.033,AIIL,502.75,1.59,476.67,449.1,474.86,544.58,0.49,13.22,2.31,59.42,financials,finance & investments,23.69,5.87,-22.61,-0.17,-0.16,459.99,439.18,6.62,2026-05-11,,,,
2026-05-11T16:48:58.033,GLAND,1911.0,0.35,1841.13,1763.2,1789.77,2092.85,1.52,30.1,37.04,66.22,healthcare,pharmaceuticals - indian - formulations,22.33,6.77,-1.49,-0.06,-0.05,1786.53,1735.88,6.61,2026-05-11,,,,
2026-05-11T16:48:58.033,YESBANK,22.7,-1.05,22.02,19.76,21.1,25.09,1.62,16.69,20.67,74.19,bank,banks - private sector,33.78,7.56,4.5,-0.09,0.13,21.14,20.45,6.42,2026-05-11,,,,
2026-05-11T16:48:58.033,ECLERX,1688.0,1.16,1580.64,1409.5,1468.62,2017.07,1.32,10.34,11.72,64.37,i.t,computers - software - medium / small,21.08,14.94,-15.76,-0.27,-0.18,1516.23,1413.4,6.36,2026-05-11,,,,
2026-05-11T16:48:58.033,UNOMINDA,1173.1,-0.49,1130.23,1066.3,1123.99,1246.76,0.62,61.1,59.63,60.53,auto,auto ancillaries,11.13,4.37,-14.13,-0.12,-0.08,1098.87,1050.2,6.17,2026-05-11,,,,
2026-05-11T16:48:58.033,SOLARINDS,16263.0,0.98,15586.9,15407.0,15883.77,16831.85,0.74,82.45,100.36,71.78,aerospace & defence,chemicals,36.49,2.39,14.99,0.1,0.08,15438.7,14882.47,5.41,2026-05-11,,,,
2026-05-11T16:48:58.033,WOCKPHARMA,1625.6,1.19,1559.96,1500.1,1522.64,1780.04,1.39,39.73,122.45,67.15,healthcare,pharmaceuticals - indian - bulk drugs & formln,40.49,6.76,14.11,0.12,0.08,1450.97,1354.39,5.19,2026-05-11,,,,
2026-05-11T16:48:58.033,AJANTPHARM,3064.2,0.96,2927.55,2855.6,2873.59,3350.11,0.82,35.88,35.9,65.1,healthcare,pharmaceuticals - indian - formulations,17.79,6.63,24.6,0.12,0.12,2881.92,2771.01,4.33,2026-05-11,,,,
2026-05-11T16:48:58.033,MARICO,842.55,1.35,808.3,760.6,798.69,908.35,1.38,69.29,60.99,76.05,fmcg,solvent extraction,26.25,5.49,17.9,0.09,0.1,799.38,773.26,4.25,2026-05-11,,,,
2026-05-11T16:48:58.033,LALPATHLAB,1652.4,0.16,1596.71,1522.4,1501.45,1878.82,1.79,52.56,34.95,71.14,healthcare,healthcare,35.11,10.05,5.08,-0.02,-0.06,1492.86,1418.8,4.22,2026-05-11,,,,
2026-05-11T16:48:58.033,360ONE,1115.3,-0.29,1088.78,1050.5,1074.03,1177.21,0.8,39.16,37.09,64.05,financials,finance & investments,17.47,3.84,4.3,-0.04,-0.0,1053.77,1026.73,4.04,2026-05-11,,,,
2026-05-11T16:48:58.033,IKS,1741.0,2.63,1631.7,1650.0,1622.3,1919.05,1.14,39.71,42.71,75.78,i.t,computers - software - medium / small,38.16,7.32,13.27,-0.03,0.06,1612.05,1539.24,4.02,2026-05-11,,,,
2026-05-11T16:48:58.033,KIMS,777.85,8.4,695.65,669.6,680.92,923.24,7.03,146.21,95.68,76.56,healthcare,healthcare,24.57,14.23,10.19,-0.02,0.01,715.92,682.78,3.79,2026-05-11,,,,
2026-05-11T16:48:58.033,DCMSHRIRAM,1234.0,0.18,1182.47,1206.6,1227.24,1244.15,2.43,19.4,27.51,57.61,miscellaneous,diversified - mega,32.92,0.55,3.7,-0.09,-0.06,1119.41,1077.16,3.71,2026-05-11,,,,
2026-05-11T16:48:58.033,APOLLOHOSP,8082.0,-0.19,7862.05,7678.0,7786.74,8524.88,1.07,57.83,64.61,67.63,healthcare,healthcare,14.36,3.79,4.96,-0.03,-0.02,7778.11,7612.2,3.56,2026-05-11,,,,
2026-05-11T16:48:58.033,BIOCON,390.45,2.64,364.31,359.2,364.0,430.12,3.34,123.56,136.34,67.08,healthcare,pharmaceuticals - indian - bulk drugs & formln,23.18,7.27,12.36,-0.05,0.06,363.03,348.27,3.28,2026-05-11,,,,
2026-05-11T16:48:58.033,OLECTRA,1370.0,2.19,1324.37,1232.0,1277.75,1508.37,1.76,60.62,76.96,73.59,auto,automobiles - lcvs / hcvs,40.4,7.22,-10.86,-0.17,-0.14,1253.72,1191.51,3.05,2026-05-11,,,,
2026-05-11T16:48:58.033,TATACONSUM,1271.0,8.06,1176.0,1135.6,1170.63,1421.56,10.17,74.94,75.45,76.22,fmcg,tea,27.68,8.57,13.48,0.0,0.13,1185.13,1129.13,2.7,2026-05-11,,,,
2026-05-11T16:48:58.033,AARTIIND,487.45,0.41,465.5,475.0,500.03,468.57,1.09,32.15,41.99,59.59,chemicals,chemicals,20.93,-2.52,29.42,0.15,0.23,450.85,433.95,2.53,2026-05-11,,,,
2026-05-11T16:48:58.033,GRASIM,2984.2,0.53,2869.44,2823.6,2860.91,3169.13,0.56,48.83,44.59,73.6,textiles,textiles - manmade,22.11,4.31,6.3,0.01,0.0,2855.17,2781.49,2.05,2026-05-11,,,,
2026-05-11T16:48:58.033,DIVISLAB,6714.0,0.05,6517.0,6569.0,6633.91,6834.14,0.68,76.36,71.87,73.64,healthcare,pharmaceuticals - indian - bulk drugs,35.69,1.21,9.99,-0.07,0.08,6472.65,6362.65,2.01,2026-05-11,,,,
2026-05-11T16:48:58.033,SAGILITY,44.96,1.74,42.35,41.15,41.38,50.33,1.26,19.72,24.41,65.3,i.t,computers - software - medium / small,12.89,8.65,2.23,-0.2,-0.05,41.86,39.97,1.54,2026-05-11,,,,
2026-05-11T16:48:58.033,M&M,3245.9,-2.54,3159.72,3070.2,3152.24,3386.39,0.67,19.43,21.75,53.34,auto,automobiles - passenger cars,15.08,2.97,-7.04,-0.19,-0.07,3056.83,2961.12,1.44,2026-05-11,,,,
2026-05-11T16:48:58.033,HYUNDAI,1906.9,2.92,1813.49,1797.8,1816.57,2042.39,4.22,30.86,27.72,56.93,auto,automobiles - passenger cars,17.52,4.97,-22.29,-0.25,-0.25,1801.37,1759.33,1.4,2026-05-11,,,,
2026-05-11T16:48:58.033,ZYDUSLIFE,956.95,1.8,908.46,897.0,919.52,1013.09,1.39,23.09,19.15,62.27,healthcare,pharmaceuticals - indian - bulk drugs & formln,18.35,4.07,-3.04,-0.07,-0.06,910.76,881.16,1.39,2026-05-11,,,,
2026-05-11T16:48:58.033,NH,1886.4,3.63,1765.67,1741.2,1796.24,2021.64,1.79,75.58,47.47,63.49,healthcare,healthcare,16.42,5.02,5.89,-0.04,-0.01,1759.78,1682.81,1.21,2026-05-11,,,,
2026-05-11T16:48:58.033,CARBORUNIV,1039.0,1.1,982.3,957.0,995.22,1104.67,0.94,64.61,79.24,75.32,industrials,abrasives and grinding wheels,43.79,4.4,13.05,0.05,0.06,973.65,930.14,1.12,2026-05-11,,,,
2026-05-11T16:48:58.033,RKFORGE,621.8,1.89,591.04,599.0,606.07,645.39,1.97,50.31,154.1,68.82,industrials,castings & forgings,26.58,2.6,13.3,0.08,0.04,575.42,548.73,1.09,2026-05-11,,,,
2026-05-11T16:48:58.033,SUNPHARMA,1872.7,1.34,1788.5,1798.6,1775.32,2018.77,0.61,33.44,40.61,68.23,healthcare,pharmaceuticals - indian - bulk drugs & formln,23.87,5.49,13.31,0.02,0.1,1780.6,1724.63,0.89,2026-05-11,,,,
2026-05-11T16:48:58.033,ADANIENT,2500.2,-0.23,2410.8,2450.0,2511.17,2483.75,0.55,-365.53,31.93,72.37,services,trading,44.72,-0.44,-1.65,-0.03,0.02,2363.08,2274.04,0.53,2026-05-11,,,,
2026-05-11T16:48:58.033,MANKIND,2468.8,1.56,2352.0,2247.1,2338.44,2664.34,1.12,62.34,56.4,80.6,healthcare,pharmaceuticals - indian - bulk drugs & formln,32.47,5.57,-0.44,0.01,-0.08,2323.49,2255.7,0.36,2026-05-11,,,,
2026-05-11T16:48:58.033,MEDANTA,1239.2,3.22,1161.5,1159.2,1170.86,1341.71,1.64,87.51,62.79,71.89,healthcare,healthcare,33.71,5.84,-8.28,-0.09,-0.14,1156.02,1103.33,0.3,2026-05-11,,,,
2026-05-11T16:48:58.033,JBMA,681.65,4.89,640.04,611.05,629.3,760.17,4.63,73.14,72.78,70.42,auto,auto ancillaries,30.07,8.32,1.94,-0.01,0.04,626.31,601.05,0.05,2026-05-11,,,,
2026-05-11T16:48:58.033,AFFLE,1637.5,8.71,1456.48,1397.0,1428.37,1951.2,17.37,48.16,48.2,75.3,i.t,computers - software - medium / small,19.45,14.64,-13.2,-0.14,-0.18,1487.6,1423.67,-0.15,2026-05-11,,,,
2026-05-11T16:48:58.033,JSWINFRA,287.35,1.3,271.56,270.0,278.89,300.04,2.74,35.74,38.75,64.07,transportation,miscellaneous,15.4,3.03,-6.5,-0.06,-0.1,268.27,262.4,-0.34,2026-05-11,,,,
2026-05-11T16:48:58.033,INDGN,543.0,2.45,508.08,518.45,518.06,580.41,0.79,40.89,31.68,68.81,healthcare,miscellaneous,25.87,4.81,-1.45,-0.04,-0.08,504.47,477.58,-0.48,2026-05-11,,,,
2026-05-11T16:48:58.033,ICICIGI,1822.1,-0.32,1767.53,1745.0,1778.04,1888.19,0.55,41.52,32.78,53.58,financials,finance & investments,16.3,2.48,-4.35,-0.17,-0.11,1728.1,1678.2,-0.63,2026-05-11,,,,
2026-05-11T16:48:58.033,LICHSGFIN,585.6,0.71,559.78,550.6,566.83,613.75,1.92,5.76,5.83,67.8,financials,finance - housing,25.38,3.31,3.35,-0.06,-0.02,551.8,539.05,-0.69,2026-05-11,,,,
2026-05-11T16:48:58.033,CAPLIPOINT,1853.3,-0.16,1784.19,1728.0,1785.24,1955.38,0.65,21.49,22.99,66.87,healthcare,pharmaceuticals - indian - formulations,21.6,3.81,-7.16,-0.12,-0.19,1751.5,1698.56,-1.03,2026-05-11,,,,
2026-04-24T13:49:15.729,KINGFA,,,,,,,,,,,plastic products,plastics products,,,,,,,,,2026-04-24,1.95,6.26,7.42,2221.58
2026-04-24T13:49:15.729,PAISALO,,,,,,,,,,,financials,finance & investments,,,,,,,,,2026-04-24,2.15,6.82,9.46,2436.62
2026-04-24T13:49:15.729,SAKAR,,,,,,,,,,,healthcare,pharmaceuticals - indian - bulk drugs & formln,,,,,,,,,2026-04-24,2.22,5.44,9.51,656.18
2026-04-24T13:49:15.729,EMCURE,,,,,,,,,,,healthcare,pharmaceuticals - indian - bulk drugs & formln,,,,,,,,,2026-04-24,2.41,5.85,12.14,6912.71
2026-04-24T13:49:15.729,DYNAMATECH,,,,,,,,,,,industrials,engineering,,,,,,,,,2026-04-24,2.81,13.33,21.21,4726.32
2026-04-24T13:49:15.729,SIGMAADV,,,,,,,,,,,aerospace & defence,electronics - components,,,,,,,,,2026-04-24,2.97,7.97,19.89,1179.76
2026-04-24T13:49:15.729,VTL,,,,,,,,,,,textiles,textiles - cotton/blended,,,,,,,,,2026-04-24,3.29,7.81,10.3,5885.32
2026-04-24T13:49:15.729,ABSLAMC,,,,,,,,,,,financials,finance & investments,,,,,,,,,2026-04-24,3.57,8.72,8.72,7709.65
2026-04-24T13:49:15.729,STAR,,,,,,,,,,,healthcare,pharmaceuticals - indian - bulk drugs & formln,,,,,,,,,2026-04-24,4.06,10.43,10.43,6947.99
2026-04-24T13:49:15.729,NATCOPHARM,,,,,,,,,,,healthcare,pharmaceuticals - indian - bulk drugs & formln,,,,,,,,,2026-04-24,4.23,5.43,8.42,9833.34
2026-04-24T13:49:15.729,PRECWIRE,,,,,,,,,,,metals & mining,mining / minerals / metals,,,,,,,,,2026-04-24,4.32,5.57,12.19,3076.48
2026-04-24T13:49:15.729,SEAMECLTD,,,,,,,,,,,miscellaneous,miscellaneous,,,,,,,,,2026-04-24,4.36,9.85,9.85,1060.17
2026-04-24T13:49:15.729,ANURAS,,,,,,,,,,,chemicals,chemicals,,,,,,,,,2026-04-24,4.39,5.24,8.44,6268.0
2026-04-24T13:49:15.729,ASIANTILES,,,,,,,,,,,building materials,ceramics - tiles / sanitaryware,,,,,,,,,2026-04-24,4.71,3.57,6.62,1367.16
2026-04-24T13:49:15.729,AXISCADES,,,,,,,,,,,aerospace & defence,computers - software - medium / small,,,,,,,,,2026-04-24,4.82,9.16,12.05,3474.5
2026-04-24T13:49:15.729,VOLTAMP,,,,,,,,,,,industrials,electric equipment,,,,,,,,,2026-04-24,4.91,7.47,10.87,7606.01
2026-04-24T13:49:15.729,KRN,,,,,,,,,,,industrials,engineering,,,,,,,,,2026-04-24,4.95,10.18,11.02,2267.76
2026-04-24T13:49:15.729,RPTECH,,,,,,,,,,,services,trading,,,,,,,,,2026-04-24,5.01,6.37,8.91,1099.37
2026-04-24T13:49:15.729,GRAPHITE,,,,,,,,,,,industrials,electrodes - graphites,,,,,,,,,2026-04-24,5.47,5.43,12.72,4865.05
2026-04-24T13:49:15.729,NITINSPIN,,,,,,,,,,,textiles,textiles - cotton/blended,,,,,,,,,2026-04-24,5.6,6.22,7.79,990.8
2026-04-24T13:49:15.729,KTKBANK,,,,,,,,,,,bank,banks - private sector,,,,,,,,,2026-04-24,5.71,5.59,6.21,9109.4
2026-04-24T13:49:15.729,HEG,,,,,,,,,,,industrials,electrodes - graphites,,,,,,,,,2026-04-24,5.86,6.25,10.87,5446.0
2026-04-24T13:49:15.729,IMFA,,,,,,,,,,,metals & mining,mining / minerals / metals,,,,,,,,,2026-04-24,5.92,6.94,7.37,3328.18
2026-04-24T13:49:15.729,ARVIND,,,,,,,,,,,textiles,textiles - cotton/blended,,,,,,,,,2026-04-24,6.0,4.22,4.64,6018.78
2026-04-24T13:49:15.729,HAPPYFORGE,,,,,,,,,,,industrials,castings & forgings,,,,,,,,,2026-04-24,6.25,7.87,9.21,2660.9
2026-04-24T13:49:15.729,GPIL,,,,,,,,,,,metals & mining,steel - medium / small,,,,,,,,,2026-04-24,6.34,4.15,6.71,7156.85
2026-04-24T13:49:15.729,GAEL,,,,,,,,,,,fmcg,miscellaneous,,,,,,,,,2026-04-24,6.48,7.02,9.97,2481.35
2026-04-24T13:49:15.729,SATIN,,,,,,,,,,,financials,finance & investments,,,,,,,,,2026-04-24,6.51,6.14,7.65,1175.05
2026-04-24T13:49:15.729,INOXINDIA,,,,,,,,,,,industrials,packaging,,,,,,,,,2026-04-24,6.6,9.18,10.45,3424.73
2026-04-24T13:49:15.729,PRIVISCL,,,,,,,,,,,chemicals,chemicals,,,,,,,,,2026-04-24,6.6,4.98,6.48,4945.81
2026-04-24T13:49:15.729,VISHNU,,,,,,,,,,,chemicals,chemicals,,,,,,,,,2026-04-24,6.66,6.49,9.91,1197.66
2026-04-24T13:49:15.729,BLISSGVS,,,,,,,,,,,healthcare,pharmaceuticals - indian - formulations,,,,,,,,,2026-04-24,6.71,8.49,10.76,1773.62
2026-04-24T13:49:15.729,GVPIL,,,,,,,,,,,realty,engineering - turnkey services,,,,,,,,,2026-04-24,6.71,13.75,13.75,1087.96
2026-04-24T13:49:15.729,AGIIL,,,,,,,,,,,realty,construction,,,,,,,,,2026-04-24,6.75,8.66,10.13,1297.18
2026-04-24T13:49:15.729,DCBBANK,,,,,,,,,,,bank,banks - private sector,,,,,,,,,2026-04-24,6.81,5.28,5.28,5118.37
2026-04-24T13:49:15.729,STLTECH,,,,,,,,,,,industrials,cables - telephone,,,,,,,,,2026-04-24,7.02,10.71,12.22,7373.43
2026-04-24T13:49:15.729,SKYGOLD,,,,,,,,,,,consumer discretionary,diamond cutting / jewellery,,,,,,,,,2026-04-24,7.51,5.13,6.37,3041.65
2026-04-24T13:49:15.729,J&KBANK,,,,,,,,,,,bank,banks - private sector,,,,,,,,,2026-04-24,7.68,8.48,8.56,5572.01
2026-04-24T13:49:15.729,SHRIPISTON,,,,,,,,,,,auto,auto ancillaries,,,,,,,,,2026-04-24,7.78,5.69,8.53,8602.48
2026-04-24T13:49:15.729,STYLAMIND,,,,,,,,,,,building materials,miscellaneous,,,,,,,,,2026-04-24,7.83,1.12,1.57,1742.14
2026-04-24T13:49:15.729,CANFINHOME,,,,,,,,,,,financials,finance - housing,,,,,,,,,2026-04-24,7.87,4.53,7.62,8343.53
2026-04-24T13:49:15.729,CHENNPETRO,,,,,,,,,,,energy,refineries,,,,,,,,,2026-04-24,8.22,10.85,10.85,4931.49
2026-04-24T13:49:15.729,CRAFTSMAN,,,,,,,,,,,auto,auto ancillaries,,,,,,,,,2026-04-24,8.3,3.52,5.31,9224.68
2026-04-24T13:49:15.729,MAHLOG,,,,,,,,,,,transportation,miscellaneous,,,,,,,,,2026-04-24,8.66,9.73,9.73,1648.7
2026-04-24T13:49:15.729,LUMAXTECH,,,,,,,,,,,auto,auto ancillaries,,,,,,,,,2026-04-24,8.89,6.73,6.73,5188.17
2026-04-24T13:49:15.729,LOKESHMACH,,,,,,,,,,,industrials,engineering,,,,,,,,,2026-04-24,9.0,15.38,19.47,242.18
2026-04-24T13:49:15.729,AETHER,,,,,,,,,,,chemicals,chemicals,,,,,,,,,2026-04-24,9.14,9.0,10.37,3775.35
2026-04-24T13:49:15.729,BAJAJCON,,,,,,,,,,,fmcg,personal care - indian,,,,,,,,,2026-04-24,9.2,6.44,10.29,3360.77
2026-04-24T13:49:15.729,GNA,,,,,,,,,,,auto,auto ancillaries,,,,,,,,,2026-04-24,9.23,8.58,10.12,578.23
2026-04-24T13:49:15.729,GOKULAGRO,,,,,,,,,,,fmcg,solvent extraction,,,,,,,,,2026-04-24,9.37,17.14,21.38,1694.62
2026-04-24T13:49:15.729,MBAPL,,,,,,,,,,,chemicals,fertilizers,,,,,,,,,2026-04-24,9.37,3.28,4.27,1120.58
2026-04-24T13:49:15.729,MACPOWER,,,,,,,,,,,industrials,engineering,,,,,,,,,2026-04-24,9.5,9.24,12.48,289.86
2026-04-24T13:49:15.729,EDELWEISS,,,,,,,,,,,financials,finance & investments,,,,,,,,,2026-04-24,9.63,6.1,6.59,7574.12
2026-04-24T13:49:15.729,RRKABEL,,,,,,,,,,,industrials,cables - power,,,,,,,,,2026-04-24,9.68,6.26,8.14,6183.72
2026-04-24T13:49:15.729,TFCILTD,,,,,,,,,,,financials,finance - term-lending institutions,,,,,,,,,2026-04-24,9.75,6.22,9.96,3232.4
2026-04-24T13:49:15.729,MUFIN,,,,,,,,,,,financials,finance & investments,,,,,,,,,2026-04-24,9.77,4.85,6.19,1190.46
2026-04-24T13:49:15.729,GRMOVER,,,,,,,,,,,fmcg,food - processing - indian,,,,,,,,,2026-04-24,10.33,3.71,7.65,1291.91
2026-04-24T13:49:15.729,CENTUM,,,,,,,,,,,consumer discretionary,electronics - components,,,,,,,,,2026-04-24,10.39,6.4,14.19,2202.72
2026-04-24T13:49:15.729,APOLLOPIPE,,,,,,,,,,,plastic products,plastics products,,,,,,,,,2026-04-24,10.69,9.61,10.95,940.16
2026-04-24T13:49:15.729,SCI,,,,,,,,,,,transportation,shipping,,,,,,,,,2026-04-24,10.91,6.51,12.29,4856.13
2026-04-24T13:49:15.729,ASHIANA,,,,,,,,,,,realty,construction,,,,,,,,,2026-04-24,10.98,4.7,5.21,1309.2
2026-04-24T13:49:15.729,APEX,,,,,,,,,,,fmcg,aquaculture,,,,,,,,,2026-04-24,11.17,7.89,13.05,391.05
2026-04-24T13:49:15.729,SANGAMIND,,,,,,,,,,,textiles,textiles - spinning - synthetic / blended,,,,,,,,,2026-04-24,11.23,14.49,24.24,758.75
2026-04-24T13:49:15.729,ROSSTECH,,,,,,,,,,,aerospace & defence,engineering,,,,,,,,,2026-04-24,11.26,10.02,15.94,857.07
2026-04-24T13:49:15.729,EQUITASBNK,,,,,,,,,,,bank,banks - private sector,,,,,,,,,2026-04-24,11.29,5.87,7.0,7429.33
2026-04-24T13:49:15.729,TRIVENI,,,,,,,,,,,fmcg,sugar,,,,,,,,,2026-04-24,11.33,9.16,12.61,3544.81
2026-04-24T13:49:15.729,SMSPHARMA,,,,,,,,,,,healthcare,pharmaceuticals - indian - bulk drugs,,,,,,,,,2026-04-24,11.36,10.3,10.53,1187.16
2026-04-24T13:49:15.729,JINDALSAW,,,,,,,,,,,industrials,steel - large,,,,,,,,,2026-04-24,12.18,6.57,8.03,5653.83
2026-04-24T13:49:15.729,MIRCELECTR,,,,,,,,,,,consumer discretionary,electronics - consumer,,,,,,,,,2026-04-24,12.25,16.56,18.03,721.19
2026-04-24T13:49:15.729,SILGO,,,,,,,,,,,consumer discretionary,diamond cutting / jewellery,,,,,,,,,2026-04-24,12.78,7.56,8.21,89.06
2026-04-24T13:49:15.729,VENUSREM,,,,,,,,,,,healthcare,pharmaceuticals - indian - formulations,,,,,,,,,2026-04-24,12.78,11.52,13.52,739.26
2026-04-24T13:49:15.729,ROLEXRINGS,,,,,,,,,,,industrials,castings & forgings,,,,,,,,,2026-04-24,12.84,21.38,31.34,1995.23
2026-04-24T13:49:15.729,GALLANTT,,,,,,,,,,,metals & mining,steel - medium / small,,,,,,,,,2026-04-24,13.12,10.01,10.03,5961.78
2026-04-24T13:49:15.729,SOUTHWEST,,,,,,,,,,,metals & mining,mining / minerals / metals,,,,,,,,,2026-04-24,13.59,9.43,16.96,211.94
2026-04-24T13:49:15.729,AEROFLEX,,,,,,,,,,,metals & mining,steel - medium / small,,,,,,,,,2026-04-24,13.6,12.19,13.47,1268.93
2026-04-24T13:49:15.729,MEDPLUS,,,,,,,,,,,consumer discretionary,trading,,,,,,,,,2026-04-24,13.71,5.16,6.06,6474.0
2026-04-24T13:49:15.729,PRICOLLTD,,,,,,,,,,,auto,auto ancillaries,,,,,,,,,2026-04-24,14.81,5.95,8.92,4432.35
2026-04-24T13:49:15.729,ATALREAL,,,,,,,,,,,realty,construction,,,,,,,,,2026-04-24,14.9,7.55,7.55,215.07
2026-04-24T13:49:15.729,ALIVUS,,,,,,,,,,,healthcare,pharmaceuticals - indian - bulk drugs & formln,,,,,,,,,2026-04-24,14.9,5.42,5.51,3215.08
2026-04-24T13:49:15.729,GMDCLTD,,,,,,,,,,,metals & mining,mining / minerals / metals,,,,,,,,,2026-04-24,15.03,7.19,12.03,5422.98
2026-04-16T15:18:27.344,JAYNECOIND,,,,,,,,,,,metals & mining,steel - large,,,,,,,,,2026-04-16,0.0,25.46,25.46,4333.01
2026-04-16T15:18:27.344,GMDCLTD,,,,,,,,,,,metals & mining,mining / minerals / metals,,,,,,,,,2026-04-16,0.0,26.51,26.51,6174.13
2026-04-16T15:18:27.344,AXISCADES,,,,,,,,,,,aerospace & defence,computers - software - medium / small,,,,,,,,,2026-04-16,0.0,9.93,9.93,3205.72
2026-04-16T15:18:27.344,PRECWIRE,,,,,,,,,,,metals & mining,mining / minerals / metals,,,,,,,,,2026-04-16,0.18,13.73,19.23,2881.77
2026-04-16T15:18:27.344,HARDWYN,,,,,,,,,,,services,trading,,,,,,,,,2026-04-16,0.23,6.9,7.37,602.88
2026-04-16T15:18:27.344,J&KBANK,,,,,,,,,,,bank,banks - private sector,,,,,,,,,2026-04-16,0.55,13.08,13.08,5913.58
2026-04-16T15:18:27.344,SALSTEEL,,,,,,,,,,,metals & mining,steel - sponge iron,,,,,,,,,2026-04-16,0.65,35.37,40.91,238.17
2026-04-16T15:18:27.344,SENORES,,,,,,,,,,,healthcare,pharmaceuticals - indian - formulations,,,,,,,,,2026-04-16,0.88,13.09,13.59,2217.34
2026-04-16T15:18:27.344,GRANULES,,,,,,,,,,,healthcare,pharmaceuticals - indian - bulk drugs & formln,,,,,,,,,2026-04-16,0.91,6.48,6.48,9984.34
2026-04-16T15:18:27.344,RPTECH,,,,,,,,,,,services,trading,,,,,,,,,2026-04-16,0.94,18.83,23.75,1088.55
2026-04-16T15:18:27.344,SCI,,,,,,,,,,,transportation,shipping,,,,,,,,,2026-04-16,1.23,23.01,23.01,4825.23
2026-04-16T15:18:27.344,CENTUM,,,,,,,,,,,consumer discretionary,electronics - components,,,,,,,,,2026-04-16,1.29,11.05,14.24,2370.29
2026-04-16T15:18:27.344,VISHNU,,,,,,,,,,,chemicals,chemicals,,,,,,,,,2026-04-16,1.56,16.63,16.63,1215.79
2026-04-16T15:18:27.344,EMCURE,,,,,,,,,,,healthcare,pharmaceuticals - indian - bulk drugs & formln,,,,,,,,,2026-04-16,1.79,7.91,7.91,6886.84
2026-04-16T15:18:27.344,SKYGOLD,,,,,,,,,,,consumer discretionary,diamond cutting / jewellery,,,,,,,,,2026-04-16,1.81,16.46,16.46,3198.55
2026-04-16T15:18:27.344,KTKBANK,,,,,,,,,,,bank,banks - private sector,,,,,,,,,2026-04-16,1.89,5.78,7.08,9311.71
2026-04-16T15:18:27.344,QPOWER,,,,,,,,,,,industrials,electric equipment,,,,,,,,,2026-04-16,1.91,22.52,28.35,2296.96
2026-04-16T15:18:27.344,IMFA,,,,,,,,,,,metals & mining,mining / minerals / metals,,,,,,,,,2026-04-16,1.96,15.88,17.8,3439.85
2026-04-16T15:18:27.344,STLTECH,,,,,,,,,,,industrials,cables - telephone,,,,,,,,,2026-04-16,2.01,17.4,30.62,6996.85
2026-04-16T15:18:27.344,INOXINDIA,,,,,,,,,,,industrials,packaging,,,,,,,,,2026-04-16,2.33,19.17,25.94,3399.32
2026-04-16T15:18:27.344,KRN,,,,,,,,,,,industrials,engineering,,,,,,,,,2026-04-16,2.46,29.98,29.98,2157.01
2026-04-16T15:18:27.344,CEIGALL,,,,,,,,,,,realty,construction,,,,,,,,,2026-04-16,2.5,3.22,5.8,938.37
2026-04-16T15:18:27.344,VOLTAMP,,,,,,,,,,,industrials,electric equipment,,,,,,,,,2026-04-16,2.53,9.94,11.06,6963.68
2026-04-16T15:18:27.344,DIVGIITTS,,,,,,,,,,,auto,auto ancillaries,,,,,,,,,2026-04-16,2.68,25.55,25.55,947.89
2026-04-16T15:18:27.344,GAEL,,,,,,,,,,,fmcg,miscellaneous,,,,,,,,,2026-04-16,2.94,5.6,7.76,2523.81
2026-04-16T15:18:27.344,SEAMECLTD,,,,,,,,,,,miscellaneous,miscellaneous,,,,,,,,,2026-04-16,3.07,8.56,8.56,1074.46
2026-04-16T15:18:27.344,STEELCAS,,,,,,,,,,,industrials,castings & forgings,,,,,,,,,2026-04-16,3.07,9.89,14.5,1618.54
2026-04-16T15:18:27.344,KINGFA,,,,,,,,,,,plastic products,plastics products,,,,,,,,,2026-04-16,3.1,12.38,15.09,2113.34
2026-04-16T15:18:27.344,MAHLOG,,,,,,,,,,,transportation,miscellaneous,,,,,,,,,2026-04-16,3.28,14.17,14.17,1676.84
2026-04-16T15:18:27.344,SOUTHWEST,,,,,,,,,,,metals & mining,mining / minerals / metals,,,,,,,,,2026-04-16,3.3,13.33,14.92,229.11
2026-04-16T15:18:27.344,BHAGYANGR,,,,,,,,,,,power & utilities,power generation and supply,,,,,,,,,2026-04-16,3.41,18.91,29.61,223.51
2026-04-16T15:18:27.344,VTL,,,,,,,,,,,textiles,textiles - cotton/blended,,,,,,,,,2026-04-16,3.57,5.92,6.29,5511.68
2026-04-16T15:18:27.344,SHRIPISTON,,,,,,,,,,,auto,auto ancillaries,,,,,,,,,2026-04-16,3.64,6.8,19.26,8927.05
2026-04-16T15:18:27.344,MANGLMCEM,,,,,,,,,,,building materials,cement - north india,,,,,,,,,2026-04-16,3.87,9.29,9.29,1491.39
2026-04-16T15:18:27.344,BAJAJCON,,,,,,,,,,,fmcg,personal care - indian,,,,,,,,,2026-04-16,3.98,7.02,14.84,3204.33
2026-04-16T15:18:27.344,VENUSREM,,,,,,,,,,,healthcare,pharmaceuticals - indian - formulations,,,,,,,,,2026-04-16,4.5,11.66,13.18,809.44
2026-04-16T15:18:27.344,SPORTKING,,,,,,,,,,,textiles,textiles - spinning - synthetic / blended,,,,,,,,,2026-04-16,4.77,8.61,8.91,451.07
2026-04-16T15:18:27.344,RISHABH,,,,,,,,,,,industrials,electric equipment,,,,,,,,,2026-04-16,5.07,15.24,15.24,546.02
2026-04-16T15:18:27.344,SMSPHARMA,,,,,,,,,,,healthcare,pharmaceuticals - indian - bulk drugs,,,,,,,,,2026-04-16,5.09,12.63,13.28,1271.05
2026-04-16T15:18:27.344,ROSSTECH,,,,,,,,,,,aerospace & defence,engineering,,,,,,,,,2026-04-16,5.39,15.38,31.46,913.78
2026-04-16T15:18:27.344,ORICONENT,,,,,,,,,,,industrials,packaging,,,,,,,,,2026-04-16,5.62,12.41,12.41,371.71
2026-04-16T15:18:27.344,HEG,,,,,,,,,,,industrials,electrodes - graphites,,,,,,,,,2026-04-16,6.48,16.68,16.68,5302.15
2026-04-16T15:18:27.344,SARDAEN,,,,,,,,,,,metals & mining,steel - medium / small,,,,,,,,,2026-04-16,6.55,10.32,10.76,5654.71
2026-04-16T15:18:27.344,KMEW,,,,,,,,,,,transportation,miscellaneous,,,,,,,,,2026-04-16,6.7,9.39,10.38,2071.79
2026-04-16T15:18:27.344,GOKULAGRO,,,,,,,,,,,fmcg,solvent extraction,,,,,,,,,2026-04-16,6.95,9.2,9.2,1566.62
2026-04-16T15:18:27.344,LOKESHMACH,,,,,,,,,,,industrials,engineering,,,,,,,,,2026-04-16,7.13,28.41,30.54,243.86
2026-04-16T15:18:27.344,ASIANTILES,,,,,,,,,,,building materials,ceramics - tiles / sanitaryware,,,,,,,,,2026-04-16,7.14,11.75,25.62,1327.53
2026-04-16T15:18:27.344,AGIIL,,,,,,,,,,,realty,construction,,,,,,,,,2026-04-16,7.18,13.67,20.34,1288.03
2026-04-16T15:18:27.344,DCBBANK,,,,,,,,,,,bank,banks - private sector,,,,,,,,,2026-04-16,7.5,5.71,5.71,5077.66
2026-04-16T15:18:27.344,STYLAMIND,,,,,,,,,,,building materials,miscellaneous,,,,,,,,,2026-04-16,7.7,2.35,2.53,1817.39
2026-04-16T15:18:27.344,RRKABEL,,,,,,,,,,,industrials,cables - power,,,,,,,,,2026-04-16,7.81,8.3,8.3,6309.32
2026-04-16T15:18:27.344,GVPIL,,,,,,,,,,,realty,engineering - turnkey services,,,,,,,,,2026-04-16,7.99,18.11,19.47,1073.06
2026-04-16T15:18:27.344,SATIN,,,,,,,,,,,financials,finance & investments,,,,,,,,,2026-04-16,8.2,9.53,9.53,1138.53
2026-04-16T15:18:27.344,SHAH,,,,,,,,,,,metals & mining,steel - medium / small,,,,,,,,,2026-04-16,8.47,6.41,6.41,318.6
2026-04-16T15:18:27.344,CRAFTSMAN,,,,,,,,,,,auto,auto ancillaries,,,,,,,,,2026-04-16,8.62,5.4,5.4,9192.25
2026-04-16T15:18:27.344,GRAPHITE,,,,,,,,,,,industrials,electrodes - graphites,,,,,,,,,2026-04-16,8.71,10.55,10.55,4617.55
2026-04-16T15:18:27.344,SUNTV,,,,,,,,,,,media,entertainment / electronic media software,,,,,,,,,2026-04-16,8.75,8.17,8.78,6215.7
2026-04-16T15:18:27.344,CUPID,,,,,,,,,,,fmcg,personal care - indian,,,,,,,,,2026-04-16,8.92,6.83,6.83,6965.72
2026-04-16T15:18:27.344,MASFIN,,,,,,,,,,,financials,finance & investments,,,,,,,,,2026-04-16,9.64,7.07,7.07,1930.38
2026-04-16T15:18:27.344,MAYURUNIQ,,,,,,,,,,,consumer discretionary,leather / leather products,,,,,,,,,2026-04-16,9.72,7.56,7.56,1023.19
2026-04-16T15:18:27.344,TVSHLTD,,,,,,,,,,,financials,finance & investments,,,,,,,,,2026-04-16,10.3,5.79,5.84,7556.13
2026-04-16T15:18:27.344,ASHIANA,,,,,,,,,,,realty,construction,,,,,,,,,2026-04-16,10.79,8.62,11.32,1311.94
2026-04-16T15:18:27.344,CHENNPETRO,,,,,,,,,,,energy,refineries,,,,,,,,,2026-04-16,11.02,6.76,7.0,4781.21
2026-04-16T15:18:27.344,FINCABLES,,,,,,,,,,,industrials,cables - power,,,,,,,,,2026-04-16,11.13,13.74,13.74,8962.25
2026-04-16T15:18:27.344,AARTIIND,,,,,,,,,,,chemicals,chemicals,,,,,,,,,2026-04-16,11.56,7.59,7.59,9184.89
2026-04-16T15:18:27.344,GRMOVER,,,,,,,,,,,fmcg,food - processing - indian,,,,,,,,,2026-04-16,11.78,4.95,5.21,955.49
2026-04-16T15:18:27.344,MUFIN,,,,,,,,,,,financials,finance & investments,,,,,,,,,2026-04-16,11.98,10.27,11.17,1161.33
2026-04-16T15:18:27.344,TIRUPATIFL,,,,,,,,,,,industrials,castings & forgings,,,,,,,,,2026-04-16,12.19,14.12,14.12,289.78
2026-04-16T15:18:27.344,GLOBAL,,,,,,,,,,,services,miscellaneous,,,,,,,,,2026-04-16,12.6,12.36,12.36,137.45
2026-04-16T15:18:27.344,PIXTRANS,,,,,,,,,,,fmcg,miscellaneous,,,,,,,,,2026-04-16,13.99,8.27,8.27,788.67
2026-04-16T15:18:27.344,PRIVISCL,,,,,,,,,,,chemicals,chemicals,,,,,,,,,2026-04-16,14.4,5.78,5.78,4532.57
2026-04-16T15:18:27.344,SILGO,,,,,,,,,,,consumer discretionary,diamond cutting / jewellery,,,,,,,,,2026-04-16,15.19,4.31,6.78,86.6
2026-04-16T15:18:27.344,INDIACEM,,,,,,,,,,,building materials,cement - south india,,,,,,,,,2026-04-16,15.52,9.74,10.12,3179.79
2026-04-16T15:18:27.344,RICOAUTO,,,,,,,,,,,auto,auto ancillaries,,,,,,,,,2026-04-16,16.08,8.06,8.06,802.91
2026-04-16T15:18:27.344,MIRCELECTR,,,,,,,,,,,consumer discretionary,electronics - consumer,,,,,,,,,2026-04-16,16.18,9.83,9.83,688.89
2026-04-16T15:18:27.344,SESHAPAPER,,,,,,,,,,,building materials,paper,,,,,,,,,2026-04-16,16.29,5.41,6.69,955.14
2026-04-16T15:18:27.344,AVALON,,,,,,,,,,,consumer discretionary,electronics - components,,,,,,,,,2026-04-16,16.41,13.16,16.79,4087.61
2026-04-16T15:18:27.344,PRICOLLTD,,,,,,,,,,,auto,auto ancillaries,,,,,,,,,2026-04-16,16.47,4.35,5.07,4345.78
2026-04-16T15:18:27.344,JAYBARMARU,,,,,,,,,,,auto,auto ancillaries,,,,,,,,,2026-04-16,16.6,16.59,16.59,425.32
2026-04-16T15:18:27.344,MEDPLUS,,,,,,,,,,,consumer discretionary,trading,,,,,,,,,2026-04-16,16.66,6.93,6.93,6232.74
2026-04-10T18:08:19.067,DEEDEV,,,,,,,,,,,metals & mining,steel - medium / small,,,,,,,,,2026-04-10,0.0,11.35,16.44,709.57
2026-04-10T18:08:19.067,VTL,,,,,,,,,,,textiles,textiles - cotton/blended,,,,,,,,,2026-04-10,0.91,3.55,7.99,5767.87
2026-04-10T18:08:19.067,RPTECH,,,,,,,,,,,services,trading,,,,,,,,,2026-04-10,0.97,9.29,12.42,960.83
2026-04-10T18:08:19.067,HONASA,,,,,,,,,,,services,trading,,,,,,,,,2026-04-10,1.1,14.12,16.18,7232.24
2026-04-10T18:08:19.067,SBC,,,,,,,,,,,textiles,textiles - products,,,,,,,,,2026-04-10,1.19,6.76,11.32,785.41
2026-04-10T18:08:19.067,THANGAMAYL,,,,,,,,,,,consumer discretionary,diamond cutting / jewellery,,,,,,,,,2026-04-10,1.19,6.64,17.8,4936.91
2026-04-10T18:08:19.067,SHRIPISTON,,,,,,,,,,,auto,auto ancillaries,,,,,,,,,2026-04-10,1.23,20.56,24.74,8939.94
2026-04-10T18:08:19.067,LUMAXTECH,,,,,,,,,,,auto,auto ancillaries,,,,,,,,,2026-04-10,1.34,12.55,15.93,5470.5
2026-04-10T18:08:19.067,SAKAR,,,,,,,,,,,healthcare,pharmaceuticals - indian - bulk drugs & formln,,,,,,,,,2026-04-10,1.35,13.0,18.17,618.74
2026-04-10T18:08:19.067,STEELCAS,,,,,,,,,,,industrials,castings & forgings,,,,,,,,,2026-04-10,1.72,16.35,22.32,1559.09
2026-04-10T18:08:19.067,STLTECH,,,,,,,,,,,industrials,cables - telephone,,,,,,,,,2026-04-10,1.78,19.96,32.97,6269.61
2026-04-10T18:08:19.067,GPIL,,,,,,,,,,,metals & mining,steel - medium / small,,,,,,,,,2026-04-10,2.18,4.95,8.42,7080.64
2026-04-10T18:08:19.067,BLISSGVS,,,,,,,,,,,healthcare,pharmaceuticals - indian - formulations,,,,,,,,,2026-04-10,2.24,9.92,15.67,1770.89
2026-04-10T18:08:19.067,AEROFLEX,,,,,,,,,,,metals & mining,steel - medium / small,,,,,,,,,2026-04-10,2.37,17.46,20.82,1233.52
2026-04-10T18:08:19.067,CEIGALL,,,,,,,,,,,realty,construction,,,,,,,,,2026-04-10,2.53,6.98,10.19,938.05
2026-04-10T18:08:19.067,NATCOPHARM,,,,,,,,,,,healthcare,pharmaceuticals - indian - bulk drugs & formln,,,,,,,,,2026-04-10,2.7,5.57,12.58,9990.77
2026-04-10T18:08:19.067,GRANULES,,,,,,,,,,,healthcare,pharmaceuticals - indian - bulk drugs & formln,,,,,,,,,2026-04-10,2.78,3.4,7.94,9706.33
2026-04-10T18:08:19.067,BAJAJCON,,,,,,,,,,,fmcg,personal care - indian,,,,,,,,,2026-04-10,2.8,15.33,24.37,3219.97
2026-04-10T18:08:19.067,SKYGOLD,,,,,,,,,,,consumer discretionary,diamond cutting / jewellery,,,,,,,,,2026-04-10,2.89,7.95,18.61,2909.71
2026-04-10T18:08:19.067,VENUSREM,,,,,,,,,,,healthcare,pharmaceuticals - indian - formulations,,,,,,,,,2026-04-10,3.09,9.71,13.21,773.91
2026-04-10T18:08:19.067,ARVIND,,,,,,,,,,,textiles,textiles - cotton/blended,,,,,,,,,2026-04-10,3.45,4.45,9.49,6182.03
2026-04-10T18:08:19.067,NARMADA,,,,,,,,,,,fmcg,miscellaneous,,,,,,,,,2026-04-10,3.6,12.95,15.23,67.24
2026-04-10T18:08:19.067,SCHNEIDER,,,,,,,,,,,industrials,electric equipment,,,,,,,,,2026-04-10,3.98,9.06,14.47,6037.97
2026-04-10T18:08:19.067,J&KBANK,,,,,,,,,,,bank,banks - private sector,,,,,,,,,2026-04-10,4.09,6.59,14.89,5508.97
2026-04-10T18:08:19.067,EMCURE,,,,,,,,,,,healthcare,pharmaceuticals - indian - bulk drugs & formln,,,,,,,,,2026-04-10,4.26,6.68,8.55,6713.19
2026-04-10T18:08:19.067,ROSSTECH,,,,,,,,,,,aerospace & defence,engineering,,,,,,,,,2026-04-10,4.33,23.84,33.97,870.42
2026-04-10T18:08:19.067,SYRMA,,,,,,,,,,,consumer discretionary,electronics - components,,,,,,,,,2026-04-10,4.54,6.55,11.36,9593.81
2026-04-10T18:08:19.067,PRECWIRE,,,,,,,,,,,metals & mining,mining / minerals / metals,,,,,,,,,2026-04-10,4.62,14.44,17.27,2693.81
2026-04-10T18:08:19.067,ABSLAMC,,,,,,,,,,,financials,finance & investments,,,,,,,,,2026-04-10,4.65,6.78,11.54,7254.75
2026-04-10T18:08:19.067,AETHER,,,,,,,,,,,chemicals,chemicals,,,,,,,,,2026-04-10,4.78,9.71,11.74,3945.86
2026-04-10T18:08:19.067,DBOL,,,,,,,,,,,fmcg,sugar,,,,,,,,,2026-04-10,5.16,15.16,15.16,393.37
2026-04-10T18:08:19.067,DYNAMATECH,,,,,,,,,,,industrials,engineering,,,,,,,,,2026-04-10,5.21,6.93,12.21,4098.23
2026-04-10T18:08:19.067,MBAPL,,,,,,,,,,,chemicals,fertilizers,,,,,,,,,2026-04-10,5.29,6.08,6.08,1158.63
2026-04-10T18:08:19.067,HAPPYFORGE,,,,,,,,,,,industrials,castings & forgings,,,,,,,,,2026-04-10,5.41,10.42,15.84,2628.13
2026-04-10T18:08:19.067,GNA,,,,,,,,,,,auto,auto ancillaries,,,,,,,,,2026-04-10,5.74,16.62,23.67,597.49
2026-04-10T18:08:19.067,WHEELS,,,,,,,,,,,auto,auto ancillaries,,,,,,,,,2026-04-10,5.87,7.35,13.47,1063.32
2026-04-10T18:08:19.067,BHAGYANGR,,,,,,,,,,,power & utilities,power generation and supply,,,,,,,,,2026-04-10,6.13,21.82,30.65,203.29
2026-04-10T18:08:19.067,SENORES,,,,,,,,,,,healthcare,pharmaceuticals - indian - formulations,,,,,,,,,2026-04-10,6.29,6.32,8.37,2050.15
2026-04-10T18:08:19.067,UNIPARTS,,,,,,,,,,,industrials,engineering,,,,,,,,,2026-04-10,6.61,6.04,11.69,782.08
2026-04-10T18:08:19.067,SJS,,,,,,,,,,,auto,plastics products,,,,,,,,,2026-04-10,7.08,10.24,16.01,4516.07
2026-04-10T18:08:19.067,NITINSPIN,,,,,,,,,,,textiles,textiles - cotton/blended,,,,,,,,,2026-04-10,7.22,5.1,8.93,963.78
2026-04-10T18:08:19.067,IMFA,,,,,,,,,,,metals & mining,mining / minerals / metals,,,,,,,,,2026-04-10,7.35,6.71,13.73,3119.76
2026-04-10T18:08:19.067,GMDCLTD,,,,,,,,,,,metals & mining,mining / minerals / metals,,,,,,,,,2026-04-10,7.36,3.09,7.0,4986.43
2026-04-10T18:08:19.067,DCBBANK,,,,,,,,,,,bank,banks - private sector,,,,,,,,,2026-04-10,7.46,7.86,18.72,5080.09
2026-04-10T18:08:19.067,CIEINDIA,,,,,,,,,,,industrials,castings & forgings,,,,,,,,,2026-04-10,7.65,6.43,8.92,6320.74
2026-04-10T18:08:19.067,VOLTAMP,,,,,,,,,,,industrials,electric equipment,,,,,,,,,2026-04-10,7.7,6.46,7.77,6594.35
2026-04-10T18:08:19.067,MANGLMCEM,,,,,,,,,,,building materials,cement - north india,,,,,,,,,2026-04-10,7.95,3.77,9.46,1427.96
2026-04-10T18:08:19.067,CENTUM,,,,,,,,,,,consumer discretionary,electronics - components,,,,,,,,,2026-04-10,8.19,7.43,7.52,2203.24
2026-04-10T18:08:19.067,SALSTEEL,,,,,,,,,,,metals & mining,steel - sponge iron,,,,,,,,,2026-04-10,8.21,13.09,15.63,191.12
2026-04-10T18:08:19.067,LOKESHMACH,,,,,,,,,,,industrials,engineering,,,,,,,,,2026-04-10,8.63,9.11,11.57,216.92
2026-04-10T18:08:19.067,STYLAMIND,,,,,,,,,,,building materials,miscellaneous,,,,,,,,,2026-04-10,8.64,1.49,4.13,1798.75
2026-04-10T18:08:19.067,ANURAS,,,,,,,,,,,chemicals,chemicals,,,,,,,,,2026-04-10,8.78,3.99,5.89,5980.51
2026-04-10T18:08:19.067,GRMOVER,,,,,,,,,,,fmcg,food - processing - indian,,,,,,,,,2026-04-10,9.06,3.02,11.53,984.93
2026-04-10T18:08:19.067,SATIN,,,,,,,,,,,financials,finance & investments,,,,,,,,,2026-04-10,9.31,9.46,13.08,1124.78
2026-04-10T18:08:19.067,KMEW,,,,,,,,,,,transportation,miscellaneous,,,,,,,,,2026-04-10,9.43,5.61,14.93,2011.27
2026-04-10T18:08:19.067,GODAVARIB,,,,,,,,,,,fmcg,sugar,,,,,,,,,2026-04-10,9.52,6.06,7.78,592.38
2026-04-10T18:08:19.067,CRAFTSMAN,,,,,,,,,,,auto,auto ancillaries,,,,,,,,,2026-04-10,9.61,11.26,13.52,9092.51
2026-04-10T18:08:19.067,INDSWFTLAB,,,,,,,,,,,healthcare,pharmaceuticals - indian - bulk drugs & formln,,,,,,,,,2026-04-10,10.35,13.62,15.2,694.1
2026-04-10T18:08:19.067,MAHLOG,,,,,,,,,,,transportation,miscellaneous,,,,,,,,,2026-04-10,10.4,8.14,15.54,1553.43
2026-04-10T18:08:19.067,APEX,,,,,,,,,,,fmcg,aquaculture,,,,,,,,,2026-04-10,10.8,15.98,21.41,372.4
2026-04-10T18:08:19.067,EDELWEISS,,,,,,,,,,,financials,finance & investments,,,,,,,,,2026-04-10,10.81,8.4,14.53,7426.36
2026-04-10T18:08:19.067,CUPID,,,,,,,,,,,fmcg,personal care - indian,,,,,,,,,2026-04-10,11.06,7.27,10.18,6801.72
2026-04-10T18:08:19.067,MAYURUNIQ,,,,,,,,,,,consumer discretionary,leather / leather products,,,,,,,,,2026-04-10,11.1,6.24,12.54,1007.63
2026-04-10T18:08:19.067,APOLLOPIPE,,,,,,,,,,,plastic products,plastics products,,,,,,,,,2026-04-10,11.38,8.66,10.76,1027.12
2026-04-10T18:08:19.067,ASIANTILES,,,,,,,,,,,building materials,ceramics - tiles / sanitaryware,,,,,,,,,2026-04-10,11.76,19.85,24.04,1261.49
2026-04-10T18:08:19.067,SUNTV,,,,,,,,,,,media,entertainment / electronic media software,,,,,,,,,2026-04-10,13.22,4.77,5.77,5911.27
2026-04-10T18:08:19.067,FIEMIND,,,,,,,,,,,auto,auto ancillaries,,,,,,,,,2026-04-10,13.22,6.47,13.2,2654.65
2026-04-10T18:08:19.067,VISHNU,,,,,,,,,,,chemicals,chemicals,,,,,,,,,2026-04-10,13.23,3.62,5.14,1071.72
2026-04-10T18:08:19.067,SCI,,,,,,,,,,,transportation,shipping,,,,,,,,,2026-04-10,13.27,4.92,10.02,4108.1
2026-04-10T18:08:19.067,SARDAEN,,,,,,,,,,,metals & mining,steel - medium / small,,,,,,,,,2026-04-10,13.31,4.12,8.73,5245.64
2026-04-10T18:08:19.067,ATALREAL,,,,,,,,,,,realty,construction,,,,,,,,,2026-04-10,13.56,10.36,10.36,218.44
2026-04-10T18:08:19.067,ASHIANA,,,,,,,,,,,realty,construction,,,,,,,,,2026-04-10,13.81,17.32,17.32,1267.56
2026-04-10T18:08:19.067,SILGO,,,,,,,,,,,consumer discretionary,diamond cutting / jewellery,,,,,,,,,2026-04-10,14.0,6.45,9.4,87.81
2026-04-10T18:08:19.067,MANOMAY,,,,,,,,,,,textiles,textiles - products,,,,,,,,,2026-04-10,14.35,10.47,11.35,171.53
2026-04-10T18:08:19.067,ALIVUS,,,,,,,,,,,healthcare,pharmaceuticals - indian - bulk drugs & formln,,,,,,,,,2026-04-10,14.54,4.89,8.67,3223.2
2026-04-10T18:08:19.067,MUTHOOTMF,,,,,,,,,,,financials,finance & investments,,,,,,,,,2026-04-10,15.18,8.17,14.66,1284.07
2026-04-10T18:08:19.067,LINCOLN,,,,,,,,,,,healthcare,pharmaceuticals - indian - formulations,,,,,,,,,2026-04-10,15.21,6.9,12.66,577.43
2026-04-10T18:08:19.067,GANDHITUBE,,,,,,,,,,,metals & mining,steel - medium / small,,,,,,,,,2026-04-10,15.68,6.72,10.46,279.86
2026-04-10T18:08:19.067,PRIVISCL,,,,,,,,,,,chemicals,chemicals,,,,,,,,,2026-04-10,15.71,5.6,5.6,4463.47
2026-04-10T18:08:19.067,PRICOLLTD,,,,,,,,,,,auto,auto ancillaries,,,,,,,,,2026-04-10,15.91,6.74,13.27,4375.01
