Timestamp,Symbol,Cmp,%ch,Low 2%,Low5,Sl,Target,R_vol,Forward pe,Pe,Rsi,Sector,Industry,Adx,%ch sl,Rs,Srs,Ars,Is,Tps,Rs score,Scan_Date,From52wh,3d range,5d,Free float,Rs_score,Rscore_1mago,Rscore_3mago,Rscore_6mago,Rs_1m,Rs_3m,Rs_6m
2026-08-05T14:58:17.785,NETWEB,4900.8,2.91,4630.5,4175.5,4251.46,5874.81,0.91,81.79,103.75,65.57,i.t,computers - hardware,16.02,15.27,62.07,0.41,0.44,4475.66,4189.01,35.12,2026-08-05,,,,,,,,,,,
2026-08-05T14:58:17.785,WELCORP,1782.5,2.64,1703.93,1645.0,1663.18,1961.48,1.13,11.23,19.83,71.06,industrials,steel - large,32.43,7.17,121.16,1.03,0.92,1674.05,1609.22,26.45,2026-08-05,,,,,,,,,,,
2026-08-05T14:58:17.785,RRKABEL,2778.1,5.19,2595.53,2541.1,2527.97,3153.3,1.33,38.29,49.16,74.86,industrials,cables - power,36.66,9.89,83.95,0.8,0.97,2562.55,2407.79,25.36,2026-08-05,,,,,,,,,,,
2026-08-05T14:58:17.785,HINDCOPPER,526.75,6.99,485.2,477.5,476.6,601.98,4.13,28.69,51.88,65.52,metals & mining,mining / minerals / metals,13.74,10.52,-2.77,-0.21,0.55,493.15,468.05,24.22,2026-08-05,,,,,,,,,,,
2026-08-05T14:58:17.785,SYRMA,1439.3,1.25,1393.56,1351.6,1313.97,1627.29,0.73,69.33,73.85,60.85,consumer discretionary,electronics - components,26.73,9.54,94.08,0.62,0.59,1325.66,1254.12,22.44,2026-08-05,,,,,,,,,,,
2026-08-05T14:58:17.785,AEGISLOG,1399.3,3.05,1338.68,1222.3,1296.2,1553.94,0.33,29.93,53.06,62.28,services,trading,35.58,7.95,92.82,0.84,0.72,1265.12,1177.18,22.33,2026-08-05,,,,,,,,,,,
2026-08-05T14:58:17.785,BHARATFORG,2202.9,0.36,2140.32,2141.4,2165.81,2258.54,0.6,113.32,97.21,60.35,industrials,castings & forgings,24.83,1.71,49.15,0.32,0.47,2116.52,2078.63,20.21,2026-08-05,,,,,,,,,,,
2026-08-05T14:58:17.785,SONACOMS,818.0,3.94,769.35,715.05,756.77,909.84,1.31,70.52,70.27,86.22,auto,auto ancillaries,59.23,8.09,68.26,0.42,0.56,768.85,736.88,18.56,2026-08-05,,,,,,,,,,,
2026-08-05T14:58:17.785,SHRIRAMFIN,1113.4,2.4,1070.85,1019.5,1033.36,1233.46,0.96,18.73,19.19,66.15,financials,finance & investments,14.82,7.75,10.29,0.03,0.32,1054.29,1010.56,17.29,2026-08-05,,,,,,,,,,,
2026-08-05T14:58:17.785,SAILIFE,1387.9,1.57,1328.29,1301.0,1299.2,1520.95,0.64,70.38,82.26,73.04,healthcare,pharmaceuticals - indian - bulk drugs & formln,28.95,6.83,50.67,0.45,0.55,1315.55,1267.39,16.35,2026-08-05,,,,,,,,,,,
2026-08-05T14:58:17.785,CRAFTSMAN,10350.5,1.72,10055.29,9577.0,9634.62,11424.32,0.29,41.66,50.63,69.77,auto,auto ancillaries,31.37,7.43,29.16,0.24,0.48,9611.8,9151.27,16.03,2026-08-05,,,,,,,,,,,
2026-08-05T14:58:17.785,RADICO,4508.4,1.31,4363.65,4321.0,4296.06,4826.91,1.37,65.72,84.67,77.74,fmcg,breweries & distilleries,51.23,4.94,45.73,0.5,0.35,4269.1,4171.52,15.94,2026-08-05,,,,,,,,,,,
2026-08-05T14:58:17.785,ABCAPITAL,421.9,0.45,411.11,391.6,398.19,457.46,0.57,23.65,27.61,62.6,financials,finance & investments,17.95,5.95,16.89,0.13,0.23,397.7,384.0,14.92,2026-08-05,,,,,,,,,,,
2026-08-05T14:58:17.785,GABRIEL,1580.4,3.24,1506.46,1384.0,1449.06,1777.42,1.03,65.2,71.7,71.59,auto,auto ancillaries,47.12,9.06,50.3,0.61,0.37,1435.79,1346.93,13.72,2026-08-05,,,,,,,,,,,
2026-08-05T14:58:17.785,TVSMOTOR,4432.6,1.67,4277.7,4070.0,4142.28,4868.09,0.95,51.64,60.43,81.14,auto,automobiles - motorcycles / mopeds,39.19,7.01,15.2,0.1,0.23,4229.14,4095.74,12.98,2026-08-05,,,,,,,,,,,
2026-08-05T14:58:17.785,NAM-INDIA,1212.8,0.9,1164.24,1141.1,1128.09,1339.87,1.99,38.43,46.79,59.54,financials,finance & investments,20.31,7.51,35.97,0.2,0.33,1148.29,1101.81,12.57,2026-08-05,,,,,,,,,,,
2026-08-05T14:58:17.785,MOTHERSON,154.43,2.27,147.88,144.83,146.21,166.76,0.83,27.19,38.72,63.63,auto,auto ancillaries,19.09,5.62,27.04,0.17,0.33,144.64,139.26,12.41,2026-08-05,,,,,,,,,,,
2026-08-05T14:58:17.785,RBLBANK,390.8,2.69,372.25,367.35,364.15,430.78,0.97,31.31,27.3,65.42,bank,banks - private sector,18.43,7.32,22.14,0.18,0.22,371.83,357.95,11.99,2026-08-05,,,,,,,,,,,
2026-08-05T14:58:17.785,LLOYDSME,2077.0,1.17,2014.1,1995.5,2017.96,2165.56,0.49,19.4,29.41,69.51,metals & mining,mining / minerals / metals,36.17,2.93,54.05,0.64,0.59,1965.71,1889.05,11.34,2026-08-05,,,,,,,,,,,
2026-08-05T14:58:17.785,AUROPHARMA,1618.4,2.05,1535.66,1536.8,1539.07,1737.4,0.98,25.51,26.28,62.15,healthcare,pharmaceuticals - indian - bulk drugs & formln,25.09,5.15,33.16,0.22,0.27,1532.09,1473.96,10.84,2026-08-05,,,,,,,,,,,
2026-08-05T14:58:17.785,HINDALCO,1031.0,1.08,991.07,960.6,954.1,1146.35,0.67,22.03,16.91,67.32,metals & mining,aluminium and aluminium products,19.57,8.06,11.45,-0.01,0.26,991.8,963.41,10.78,2026-08-05,,,,,,,,,,,
2026-08-05T14:58:17.785,ASTERDM,847.0,1.47,809.14,799.2,804.99,910.01,1.62,77.85,110.7,65.94,healthcare,healthcare,20.67,5.22,38.12,0.43,0.24,797.45,770.04,10.71,2026-08-05,,,,,,,,,,,
2026-08-05T14:58:17.785,EICHERMOT,7978.5,0.55,7747.39,7730.0,7810.64,8230.29,0.61,37.42,37.71,63.38,auto,automobiles - motorcycles / mopeds,21.18,2.15,8.78,0.02,0.12,7655.29,7453.39,10.34,2026-08-05,,,,,,,,,,,
2026-08-05T14:58:17.785,NEULANDLAB,19852.0,3.0,19042.38,18808.0,18798.25,21432.63,1.06,29.94,67.93,61.87,healthcare,pharmaceuticals - indian - bulk drugs,23.1,5.61,29.96,0.37,0.12,18520.64,17609.13,10.22,2026-08-05,,,,,,,,,,,
2026-08-05T14:58:17.785,KEI,5488.1,-0.22,5332.96,4745.5,4804.13,6514.05,2.31,47.84,52.74,67.31,industrials,cables - power,20.35,14.24,21.17,0.16,0.29,5108.7,4935.06,9.76,2026-08-05,,,,,,,,,,,
2026-08-05T14:58:17.785,ASHOKLEY,176.14,2.36,169.54,155.55,157.59,203.97,1.03,20.02,24.76,70.81,auto,automobiles - lcvs / hcvs,18.41,11.77,-6.36,-0.19,0.17,165.8,160.05,9.68,2026-08-05,,,,,,,,,,,
2026-08-05T14:58:17.785,MANAPPURAM,362.75,1.72,352.7,352.0,360.51,366.12,2.44,19.01,30.4,61.46,financials,finance & investments,23.58,0.62,16.71,0.15,0.25,338.36,327.01,9.52,2026-08-05,,,,,,,,,,,
2026-08-05T14:58:17.785,USHAMART,519.15,3.09,496.71,493.1,495.49,554.64,0.96,27.85,30.25,60.3,metals & mining,steel - medium / small,10.42,4.78,15.07,0.17,0.12,489.79,468.27,9.19,2026-08-05,,,,,,,,,,,
2026-08-05T14:58:17.785,OFSS,11742.0,1.22,11297.44,10882.0,11095.83,12711.26,0.56,18.05,29.57,62.82,i.t,computers - software - large,23.25,5.82,51.88,0.38,0.36,10940.4,10407.2,8.95,2026-08-05,,,,,,,,,,,
2026-08-05T14:58:17.785,HINDZINC,591.25,5.04,556.64,531.3,530.98,681.66,2.42,11.42,13.94,73.1,metals & mining,mining / minerals / metals,18.5,11.35,-5.88,-0.13,0.2,560.58,539.12,8.19,2026-08-05,,,,,,,,,,,
2026-08-05T14:58:17.785,NESTLEIND,1516.5,-0.23,1458.34,1448.3,1479.65,1571.78,1.04,76.28,76.88,62.37,fmcg,food - processing - mnc,22.3,2.49,18.52,0.07,0.15,1431.33,1375.55,8.09,2026-08-05,,,,,,,,,,,
2026-08-05T14:58:17.785,CARTRADE,2845.6,1.43,2732.24,2705.0,2739.17,3005.24,0.25,66.55,57.9,56.44,consumer discretionary,miscellaneous,46.58,3.89,-1.9,0.0,-0.11,2586.5,2414.57,7.63,2026-08-05,,,,,,,,,,,
2026-08-05T14:58:17.785,HEG,684.6,0.83,660.62,648.0,664.53,714.71,1.64,27.0,36.52,73.71,industrials,electrodes - graphites,50.0,3.02,10.49,0.17,0.27,633.82,609.13,7.57,2026-08-05,,,,,,,,,,,
2026-08-05T14:58:17.785,UNIONBANK,175.34,0.77,170.74,167.9,169.73,183.76,0.68,5.93,6.43,58.17,bank,banks - public sector,16.16,3.31,12.13,-0.07,0.1,167.18,163.92,7.07,2026-08-05,,,,,,,,,,,
2026-08-05T14:58:17.785,DIVISLAB,8400.0,0.26,8166.34,7795.0,7910.38,9134.43,0.59,61.86,76.02,78.16,healthcare,pharmaceuticals - indian - bulk drugs,51.92,6.19,31.41,0.25,0.26,7909.36,7582.38,7.07,2026-08-05,,,,,,,,,,,
2026-08-05T14:58:17.785,PAYTM,1436.4,2.6,1379.15,1317.1,1338.31,1583.53,0.82,104.39,137.8,73.06,i.t,miscellaneous,29.72,7.33,7.16,0.1,0.08,1338.13,1271.02,6.95,2026-08-05,,,,,,,,,,,
2026-08-05T14:58:17.785,WOCKPHARMA,2040.0,0.86,1951.28,1877.1,1886.44,2270.35,0.23,49.85,154.16,67.29,healthcare,pharmaceuticals - indian - bulk drugs & formln,15.98,8.14,45.09,0.39,0.48,1918.39,1834.18,6.93,2026-08-05,,,,,,,,,,,
2026-08-05T14:58:17.785,SBIN,1051.4,0.83,1019.49,1007.6,1015.28,1105.57,0.65,12.35,11.47,59.09,bank,banks - public sector,11.38,3.56,5.31,-0.09,0.03,1018.51,996.34,6.82,2026-08-05,,,,,,,,,,,
2026-08-05T14:58:17.785,BAJFINANCE,1152.1,0.27,1122.2,1035.1,1081.86,1257.46,0.43,29.94,35.18,74.21,financials,finance & investments,32.67,6.49,16.36,0.1,0.11,1086.39,1051.01,6.75,2026-08-05,,,,,,,,,,,
2026-08-05T14:58:17.785,HEROMOTOCO,5654.5,1.92,5443.9,5161.0,5246.4,6266.66,0.89,19.37,19.33,77.56,auto,automobiles - motorcycles / mopeds,33.92,7.78,-4.69,-0.1,-0.07,5388.49,5239.49,6.48,2026-08-05,,,,,,,,,,,
2026-08-05T14:58:17.785,APLAPOLLO,1961.9,2.18,1867.49,1805.0,1847.01,2134.24,0.65,51.74,43.37,65.13,industrials,steel - large,13.94,6.22,1.55,-0.15,0.1,1837.06,1746.54,6.4,2026-08-05,,,,,,,,,,,
2026-08-05T14:58:17.785,VIJAYA,1393.5,0.61,1339.76,1328.1,1322.98,1499.28,0.22,74.76,82.3,58.97,healthcare,healthcare,21.24,5.33,31.63,0.32,0.34,1320.17,1267.57,6.37,2026-08-05,,,,,,,,,,,
2026-08-05T14:58:17.785,JSWSTEEL,1322.4,1.72,1259.01,1261.5,1259.19,1417.21,1.06,17.35,12.8,68.93,metals & mining,steel - large,21.14,5.02,12.03,-0.01,0.1,1265.27,1224.63,6.17,2026-08-05,,,,,,,,,,,
2026-08-05T14:58:17.785,EXIDEIND,467.8,2.06,449.72,430.0,442.5,505.75,1.43,28.39,41.82,69.67,auto,auto ancillaries,39.58,5.72,27.47,0.31,0.19,430.19,412.93,5.82,2026-08-05,,,,,,,,,,,
2026-08-05T14:58:17.785,MRPL,171.22,0.93,167.1,161.05,168.86,174.75,0.2,7.93,9.46,56.41,energy,refineries,22.83,1.39,13.22,-0.12,-0.05,157.08,149.31,5.67,2026-08-05,,,,,,,,,,,
2026-08-05T14:58:17.785,IIFL,611.0,0.55,596.04,600.0,594.44,635.84,0.32,9.63,12.29,68.05,financials,finance & investments,40.67,2.79,-4.68,0.11,0.06,575.56,554.52,5.53,2026-08-05,,,,,,,,,,,
2026-08-05T14:58:17.785,SAREGAMA,558.35,2.91,527.78,493.7,513.64,625.41,1.59,51.89,47.18,69.04,media,entertainment / electronic media software,33.25,8.7,56.15,0.57,0.39,502.15,476.16,5.13,2026-08-05,,,,,,,,,,,
2026-08-05T14:58:17.785,TBOTEK,1670.0,4.17,1562.12,1470.8,1488.31,1942.53,2.42,53.73,64.8,72.79,i.t,travel agencies,26.18,12.21,1.95,0.05,0.0,1519.25,1421.19,4.99,2026-08-05,,,,,,,,,,,
2026-08-05T14:58:17.785,IKS,1877.2,1.7,1813.49,1768.1,1800.05,1992.93,0.3,38.12,42.78,58.25,i.t,computers - software - medium / small,22.81,4.29,11.46,0.06,0.14,1777.17,1705.96,4.75,2026-08-05,,,,,,,,,,,
2026-08-05T14:58:17.785,THELEELA,503.95,0.77,487.8,463.1,473.16,550.13,1.2,86.29,27.58,62.97,services,hotels,21.4,6.51,13.25,0.04,0.14,469.73,447.12,4.51,2026-08-05,,,,,,,,,,,
2026-08-05T14:58:17.785,RKFORGE,701.0,1.79,677.47,623.3,631.22,805.68,1.13,67.93,116.93,77.2,industrials,castings & forgings,33.41,11.06,31.99,0.15,0.26,648.71,614.49,4.36,2026-08-05,,,,,,,,,,,
2026-08-05T14:58:17.785,JKTYRE,415.3,1.19,405.08,393.0,392.57,449.4,0.82,16.61,14.84,58.96,auto,tyres,12.51,5.79,-18.77,-0.28,-0.1,393.17,383.28,4.22,2026-08-05,,,,,,,,,,,
2026-08-05T14:58:17.785,LT,4042.8,1.32,3944.3,3883.5,3809.99,4392.02,0.84,33.72,33.09,61.04,realty,engineering - turnkey services,22.39,6.11,-2.88,-0.08,-0.03,3900.48,3824.93,3.74,2026-08-05,,,,,,,,,,,
2026-08-05T14:58:17.785,UNOMINDA,1251.5,2.0,1204.62,1160.3,1163.85,1382.97,2.12,61.11,58.85,75.75,auto,auto ancillaries,13.85,7.53,-5.22,-0.05,-0.07,1182.89,1153.83,3.7,2026-08-05,,,,,,,,,,,
2026-08-05T14:58:17.785,NSLNISP,44.53,1.18,42.76,42.54,41.85,48.55,0.4,8.31,209.57,58.34,metals & mining,steel - large,14.05,6.41,-2.19,-0.01,0.03,42.72,41.48,3.65,2026-08-05,,,,,,,,,,,
2026-08-05T14:58:17.785,PIDILITIND,1645.0,1.54,1581.62,1601.0,1593.29,1722.56,1.7,47.99,62.26,61.03,chemicals,chemicals,21.4,3.25,11.3,0.06,0.08,1566.85,1525.03,3.39,2026-08-05,,,,,,,,,,,
2026-08-05T14:58:17.785,POONAWALLA,480.0,2.2,462.02,461.0,464.9,502.65,1.23,33.8,49.38,58.98,financials,finance & investments,26.35,3.25,0.0,0.08,-0.01,450.48,435.84,2.94,2026-08-05,,,,,,,,,,,
2026-08-05T14:58:17.785,ENDURANCE,2883.0,1.56,2789.08,2731.4,2732.85,3108.23,1.0,36.68,41.96,65.43,auto,auto ancillaries,16.2,5.49,13.5,0.06,0.02,2703.96,2590.78,2.86,2026-08-05,,,,,,,,,,,
2026-08-05T14:58:17.785,ANTHEM,824.6,0.65,796.4,779.65,788.28,879.08,0.43,96.78,79.93,64.95,healthcare,pharmaceuticals - indian - bulk drugs & formln,18.15,4.61,26.13,0.25,0.24,771.93,741.03,2.68,2026-08-05,,,,,,,,,,,
2026-08-05T14:58:17.785,JSWINFRA,333.0,1.14,322.67,310.1,318.3,355.04,0.28,50.45,46.24,56.47,transportation,miscellaneous,20.98,4.62,16.82,0.16,0.16,312.18,299.86,2.59,2026-08-05,,,,,,,,,,,
2026-08-05T14:58:17.785,360ONE,1188.0,2.86,1140.03,1125.7,1118.51,1292.23,1.39,36.53,37.1,63.91,financials,finance & investments,13.2,6.21,-1.0,-0.06,0.03,1119.96,1075.62,2.4,2026-08-05,,,,,,,,,,,
2026-08-05T14:58:17.785,JSL,745.95,1.4,714.81,719.95,729.63,770.43,1.46,19.97,18.65,61.45,metals & mining,steel - large,15.27,2.24,-12.74,-0.15,-0.07,709.59,689.38,2.24,2026-08-05,,,,,,,,,,,
2026-08-05T14:58:17.785,ASAHIINDIA,926.45,3.17,879.84,866.5,871.11,1009.46,7.41,44.54,65.88,62.22,building materials,glass & glass products,15.89,6.35,-6.55,-0.14,-0.09,882.0,853.22,2.12,2026-08-05,,,,,,,,,,,
2026-08-05T14:58:17.785,CEATLTD,3718.9,2.98,3550.15,3410.5,3316.72,4322.17,1.4,868.9,24.72,61.09,auto,tyres,21.3,12.13,-4.32,-0.12,-0.08,3498.25,3403.87,2.11,2026-08-05,,,,,,,,,,,
2026-08-05T14:58:17.785,RAINBOW,1596.7,1.12,1530.27,1457.0,1500.14,1741.55,2.34,66.86,56.17,76.25,healthcare,healthcare,24.3,6.44,21.08,0.32,0.15,1500.09,1440.94,1.73,2026-08-05,,,,,,,,,,,
2026-08-05T14:58:17.785,ACE,1145.2,4.24,1076.63,1033.1,1050.32,1287.51,1.04,28.52,29.93,69.99,industrials,engineering,38.41,9.03,17.3,0.22,0.14,1061.02,1001.68,1.48,2026-08-05,,,,,,,,,,,
2026-08-05T14:58:17.785,AIIL,569.85,2.02,542.14,536.6,542.35,611.1,0.22,10.92,8.15,61.47,financials,finance & investments,32.14,5.07,-6.4,-0.0,0.01,526.83,497.72,1.23,2026-08-05,,,,,,,,,,,
2026-08-05T14:58:17.785,CAMS,812.0,0.32,791.25,783.75,771.81,872.28,1.03,39.34,20.99,60.71,financials,miscellaneous,14.75,5.21,7.4,0.03,-0.0,766.64,742.52,1.19,2026-08-05,,,,,,,,,,,
2026-08-05T14:58:17.785,FORCEMOT,18532.0,0.84,18080.02,17232.0,17213.53,20509.7,0.72,28.19,19.34,56.21,auto,automobiles - lcvs / hcvs,12.13,7.66,-12.71,-0.15,0.02,17435.82,16921.69,0.73,2026-08-05,,,,,,,,,,,
2026-08-05T14:58:17.785,PPLPHARMA,207.05,2.25,196.35,192.6,192.75,228.49,1.03,-99.54,-85.44,75.46,healthcare,pharmaceuticals - indian - bulk drugs & formln,44.95,7.42,16.25,0.18,0.06,191.1,180.09,0.67,2026-08-05,,,,,,,,,,,
2026-08-05T14:58:17.785,COFORGE,1772.0,1.26,1710.2,1681.7,1649.4,1955.9,0.56,35.9,35.55,71.62,i.t,computers - software - large,22.85,7.43,7.39,-0.05,-0.08,1656.09,1585.17,0.67,2026-08-05,,,,,,,,,,,
2026-08-05T14:58:17.785,HAL,4645.6,0.23,4511.23,4538.2,4597.13,4718.3,0.66,18.51,34.01,61.93,aerospace & defence,engineering,15.58,1.05,5.16,-0.04,-0.05,4488.34,4398.2,0.58,2026-08-05,,,,,,,,,,,
2026-08-05T14:58:17.785,FSL,335.0,1.3,321.44,286.05,291.48,400.27,0.86,28.2,33.88,82.92,i.t,computers - software - medium / small,33.67,14.93,-1.47,-0.0,-0.12,303.3,284.53,0.23,2026-08-05,,,,,,,,,,,
2026-08-05T14:58:17.785,ULTRACEMCO,12158.0,0.9,11730.6,11730.0,11923.64,12509.53,0.57,34.4,41.51,63.07,building materials,cement - north india,12.18,1.97,2.18,-0.11,0.01,11734.07,11497.11,-0.11,2026-08-05,,,,,,,,,,,
2026-08-05T14:58:17.785,ARE&M,942.2,2.3,908.46,875.4,894.8,1013.3,1.71,13.72,18.82,65.92,auto,auto ancillaries,24.29,5.3,1.51,0.04,-0.05,886.33,859.22,-0.78,2026-08-05,,,,,,,,,,,
2026-08-05T14:58:17.785,APOLLOTYRE,445.45,1.62,430.81,422.35,418.17,486.37,1.54,11.17,20.23,64.46,auto,tyres,15.77,6.52,-10.26,-0.19,-0.18,425.74,417.31,-0.81,2026-08-05,,,,,,,,,,,
2026-08-05T14:58:17.785,BALKRISIND,2510.8,0.76,2420.31,2208.0,2158.07,3039.89,0.4,26.92,34.27,74.56,auto,tyres,26.31,16.34,6.04,-0.1,0.05,2299.71,2188.59,-0.93,2026-08-05,,,,,,,,,,,
2026-08-05T14:58:17.785,IGIL,364.0,0.53,350.84,332.95,338.18,402.73,0.82,23.7,25.66,59.39,miscellaneous,miscellaneous,15.02,7.64,8.97,0.0,0.08,334.69,317.3,-1.35,2026-08-05,,,,,,,,,,,
2026-08-05T14:58:17.785,PFIZER,4910.4,0.99,4728.5,4728.9,4740.12,5165.83,0.4,27.47,30.26,67.78,healthcare,pharmaceuticals - multinational,21.88,3.59,0.49,-0.03,-0.05,4705.16,4552.83,-1.68,2026-08-05,,,,,,,,,,,
2026-08-05T14:58:17.785,POLICYBZR,1626.6,1.85,1570.94,1580.2,1551.5,1739.25,0.28,71.97,109.76,54.62,i.t,miscellaneous,11.91,4.84,-8.7,0.03,-0.15,1543.77,1494.95,-2.0,2026-08-05,,,,,,,,,,,
2026-07-28T09:46:02.489,TFCILTD,,,,,,,,,,,financials,finance - term-lending institutions,,,,,,,,,2026-07-28,0.72,22.28,22.28,4320.4,,,,,,,
2026-07-28T09:46:02.489,CAPLIPOINT,,,,,,,,,,,healthcare,pharmaceuticals - indian - formulations,,,,,,,,,2026-07-28,1.64,9.12,9.84,5938.61,,,,,,,
2026-07-28T09:46:02.489,SPECTRUM,,,,,,,,,,,industrials,electric equipment,,,,,,,,,2026-07-28,1.8,9.79,16.12,1009.88,,,,,,,
2026-07-28T09:46:02.489,METROPOLIS,,,,,,,,,,,healthcare,healthcare,,,,,,,,,2026-07-28,2.27,4.97,5.98,6216.48,,,,,,,
2026-07-28T09:46:02.489,DIACABS,,,,,,,,,,,industrials,cables - power,,,,,,,,,2026-07-28,2.29,17.61,17.61,2549.4,,,,,,,
2026-07-28T09:46:02.489,QUESS,,,,,,,,,,,miscellaneous,diversified - large,,,,,,,,,2026-07-28,2.7,5.65,6.47,1989.69,,,,,,,
2026-07-28T09:46:02.489,GANESHBE,,,,,,,,,,,miscellaneous,miscellaneous,,,,,,,,,2026-07-28,2.75,6.78,13.83,503.78,,,,,,,
2026-07-28T09:46:02.489,RKFORGE,,,,,,,,,,,industrials,castings & forgings,,,,,,,,,2026-07-28,3.05,11.58,11.58,6442.76,,,,,,,
2026-07-28T09:46:02.489,SILVERTUC,,,,,,,,,,,i.t,computers - software - medium / small,,,,,,,,,2026-07-28,3.35,11.73,11.73,660.67,,,,,,,
2026-07-28T09:46:02.489,WSTCSTPAPR,,,,,,,,,,,building materials,paper,,,,,,,,,2026-07-28,3.36,8.56,15.91,1635.32,,,,,,,
2026-07-28T09:46:02.489,KABRAEXTRU,,,,,,,,,,,industrials,engineering,,,,,,,,,2026-07-28,3.55,18.04,20.64,544.38,,,,,,,
2026-07-28T09:46:02.489,RAIN,,,,,,,,,,,miscellaneous,miscellaneous,,,,,,,,,2026-07-28,3.75,5.38,6.38,4329.16,,,,,,,
2026-07-28T09:46:02.489,TBZ,,,,,,,,,,,consumer discretionary,diamond cutting / jewellery,,,,,,,,,2026-07-28,3.83,10.75,10.75,471.17,,,,,,,
2026-07-28T09:46:02.489,MBAPL,,,,,,,,,,,chemicals,fertilizers,,,,,,,,,2026-07-28,3.86,15.9,22.13,354.99,,,,,,,
2026-07-28T09:46:02.489,KERNEX,,,,,,,,,,,consumer discretionary,electronics - components,,,,,,,,,2026-07-28,3.87,10.94,11.29,2814.96,,,,,,,
2026-07-28T09:46:02.489,BLSE,,,,,,,,,,,i.t,computers - software - medium / small,,,,,,,,,2026-07-28,3.91,12.69,15.33,719.5,,,,,,,
2026-07-28T09:46:02.489,USHAMART,,,,,,,,,,,metals & mining,steel - medium / small,,,,,,,,,2026-07-28,3.94,7.82,7.82,9315.62,,,,,,,
2026-07-28T09:46:02.489,AEGISVOPAK,,,,,,,,,,,transportation,miscellaneous,,,,,,,,,2026-07-28,3.99,8.09,8.09,4329.36,,,,,,,
2026-07-28T09:46:02.489,THYROCARE,,,,,,,,,,,healthcare,healthcare,,,,,,,,,2026-07-28,4.07,13.71,14.13,3683.85,,,,,,,
2026-07-28T09:46:02.489,INDIAGLYCO,,,,,,,,,,,fmcg,breweries & distilleries,,,,,,,,,2026-07-28,4.1,4.99,6.11,3171.17,,,,,,,
2026-07-28T09:46:02.489,CENTENKA,,,,,,,,,,,textiles,textiles - manmade,,,,,,,,,2026-07-28,4.15,8.58,13.24,978.81,,,,,,,
2026-07-28T09:46:02.489,NITINSPIN,,,,,,,,,,,textiles,textiles - cotton/blended,,,,,,,,,2026-07-28,4.22,6.9,6.9,1353.19,,,,,,,
2026-07-28T09:46:02.489,PRUDENT,,,,,,,,,,,financials,finance & investments,,,,,,,,,2026-07-28,4.26,10.35,10.35,5598.96,,,,,,,
2026-07-28T09:46:02.489,SOTL,,,,,,,,,,,energy,petrochemicals,,,,,,,,,2026-07-28,4.37,7.97,14.1,1357.9,,,,,,,
2026-07-28T09:46:02.489,CCL,,,,,,,,,,,fmcg,tea,,,,,,,,,2026-07-28,4.42,3.55,4.25,8538.83,,,,,,,
2026-07-28T09:46:02.489,TIPSMUSIC,,,,,,,,,,,media,entertainment / electronic media software,,,,,,,,,2026-07-28,4.64,8.26,18.09,3237.78,,,,,,,
2026-07-28T09:46:02.489,PRICOLLTD,,,,,,,,,,,auto,auto ancillaries,,,,,,,,,2026-07-28,4.96,9.5,12.46,4944.98,,,,,,,
2026-07-28T09:46:02.489,AZAD,,,,,,,,,,,aerospace & defence,engineering,,,,,,,,,2026-07-28,5.16,6.9,8.14,6842.77,,,,,,,
2026-07-28T09:46:02.489,FILATEX,,,,,,,,,,,textiles,textiles - manmade,,,,,,,,,2026-07-28,5.29,9.92,10.6,1126.01,,,,,,,
2026-07-28T09:46:02.489,AETHER,,,,,,,,,,,chemicals,chemicals,,,,,,,,,2026-07-28,5.39,6.63,6.63,4843.22,,,,,,,
2026-07-28T09:46:02.489,PYRAMID,,,,,,,,,,,industrials,packaging,,,,,,,,,2026-07-28,5.43,25.0,25.0,173.25,,,,,,,
2026-07-28T09:46:02.489,MPSLTD,,,,,,,,,,,i.t,computers - software - medium / small,,,,,,,,,2026-07-28,5.5,7.69,18.31,1432.86,,,,,,,
2026-07-28T09:46:02.489,LLOYDSENGG,,,,,,,,,,,industrials,engineering,,,,,,,,,2026-07-28,5.62,8.39,8.39,7718.34,,,,,,,
2026-07-28T09:46:02.489,SHILPAMED,,,,,,,,,,,healthcare,pharmaceuticals - indian - formulations,,,,,,,,,2026-07-28,5.69,4.85,7.11,7177.32,,,,,,,
2026-07-28T09:46:02.489,SATIN,,,,,,,,,,,financials,finance & investments,,,,,,,,,2026-07-28,5.88,9.05,9.61,1819.38,,,,,,,
2026-07-28T09:46:02.489,KECL,,,,,,,,,,,industrials,electric equipment,,,,,,,,,2026-07-28,6.11,20.56,20.56,463.81,,,,,,,
2026-07-28T09:46:02.489,EQUITASBNK,,,,,,,,,,,bank,banks - private sector,,,,,,,,,2026-07-28,6.33,4.89,7.59,8988.51,,,,,,,
2026-07-28T09:46:02.489,CONFIPET,,,,,,,,,,,miscellaneous,miscellaneous,,,,,,,,,2026-07-28,6.63,12.93,13.31,1097.38,,,,,,,
2026-07-28T09:46:02.489,DCBBANK,,,,,,,,,,,bank,banks - private sector,,,,,,,,,2026-07-28,6.7,10.82,10.82,5183.49,,,,,,,
2026-07-28T09:46:02.489,THELEELA,,,,,,,,,,,services,hotels,,,,,,,,,2026-07-28,6.8,6.17,8.01,3831.9,,,,,,,
2026-07-28T09:46:02.489,SHAILY,,,,,,,,,,,plastic products,plastics products,,,,,,,,,2026-07-28,6.96,5.62,9.04,8152.69,,,,,,,
2026-07-28T09:46:02.489,HIRECT,,,,,,,,,,,consumer discretionary,electronics - components,,,,,,,,,2026-07-28,7.08,8.24,9.6,2505.5,,,,,,,
2026-07-28T09:46:02.489,GABRIEL,,,,,,,,,,,auto,auto ancillaries,,,,,,,,,2026-07-28,7.2,8.53,9.62,9112.04,,,,,,,
2026-07-28T09:46:02.489,RATEGAIN,,,,,,,,,,,i.t,computers - software - medium / small,,,,,,,,,2026-07-28,7.43,9.21,9.21,5599.91,,,,,,,
2026-07-28T09:46:02.489,MAHLOG,,,,,,,,,,,transportation,miscellaneous,,,,,,,,,2026-07-28,7.86,10.72,12.44,1663.14,,,,,,,
2026-07-28T09:46:02.489,DEEPINDS,,,,,,,,,,,energy,oil drilling / allied services,,,,,,,,,2026-07-28,7.9,17.5,17.5,1243.91,,,,,,,
2026-07-28T09:46:02.489,JGCHEM,,,,,,,,,,,chemicals,chemicals,,,,,,,,,2026-07-28,7.92,12.75,12.75,583.99,,,,,,,
2026-07-28T09:46:02.489,FIEMIND,,,,,,,,,,,auto,auto ancillaries,,,,,,,,,2026-07-28,8.03,5.39,5.39,2813.27,,,,,,,
2026-07-28T09:46:02.489,ACE,,,,,,,,,,,industrials,engineering,,,,,,,,,2026-07-28,8.06,11.57,13.18,4429.21,,,,,,,
2026-07-28T09:46:02.489,CYIENTDLM,,,,,,,,,,,consumer discretionary,electronics - components,,,,,,,,,2026-07-28,8.3,4.44,18.33,2562.15,,,,,,,
2026-07-28T09:46:02.489,PANAMAPET,,,,,,,,,,,energy,petrochemicals,,,,,,,,,2026-07-28,8.45,9.52,15.48,1057.89,,,,,,,
2026-07-28T09:46:02.489,VAIBHAVGBL,,,,,,,,,,,consumer discretionary,diamond cutting / jewellery,,,,,,,,,2026-07-28,8.66,9.04,11.14,1912.5,,,,,,,
2026-07-28T09:46:02.489,UNIVCABLES,,,,,,,,,,,industrials,cables - power,,,,,,,,,2026-07-28,8.7,8.79,8.79,1679.25,,,,,,,
2026-07-28T09:46:02.489,NEOGEN,,,,,,,,,,,chemicals,chemicals,,,,,,,,,2026-07-28,8.78,8.08,8.08,2786.46,,,,,,,
2026-07-28T09:46:02.489,BELRISE,,,,,,,,,,,auto,auto ancillaries,,,,,,,,,2026-07-28,8.95,4.34,6.12,6848.99,,,,,,,
2026-07-28T09:46:02.489,NRBBEARING,,,,,,,,,,,industrials,bearings,,,,,,,,,2026-07-28,9.19,13.7,13.7,2274.91,,,,,,,
2026-07-28T09:46:02.489,AVALON,,,,,,,,,,,consumer discretionary,electronics - components,,,,,,,,,2026-07-28,9.62,6.88,10.02,6222.53,,,,,,,
2026-07-28T09:46:02.489,UNIMECH,,,,,,,,,,,aerospace & defence,engineering,,,,,,,,,2026-07-28,10.42,5.66,8.66,1216.5,,,,,,,
2026-07-28T09:46:02.489,GREAVESCOT,,,,,,,,,,,industrials,engines,,,,,,,,,2026-07-28,10.56,8.8,8.8,2505.59,,,,,,,
2026-07-28T09:46:02.489,CGCL,,,,,,,,,,,financials,finance & investments,,,,,,,,,2026-07-28,10.62,9.94,9.94,9117.75,,,,,,,
2026-07-28T09:46:02.489,PREMIERPOL,,,,,,,,,,,plastic products,plastics products,,,,,,,,,2026-07-28,10.82,9.71,18.52,230.79,,,,,,,
2026-07-28T09:46:02.489,EXICOM,,,,,,,,,,,industrials,electric equipment,,,,,,,,,2026-07-28,11.48,7.08,15.3,783.68,,,,,,,
2026-07-28T09:46:02.489,GRAVITA,,,,,,,,,,,metals & mining,mining / minerals / metals,,,,,,,,,2026-07-28,11.49,5.44,7.64,5616.71,,,,,,,
2026-07-28T09:46:02.489,SAKAR,,,,,,,,,,,healthcare,pharmaceuticals - indian - bulk drugs & formln,,,,,,,,,2026-07-28,11.59,11.51,13.16,896.69,,,,,,,
2026-07-28T09:46:02.489,CHENNPETRO,,,,,,,,,,,energy,refineries,,,,,,,,,2026-07-28,11.64,11.47,17.74,5828.06,,,,,,,
2026-07-28T09:46:02.489,JINDWORLD,,,,,,,,,,,textiles,textiles - products,,,,,,,,,2026-07-28,11.69,21.18,21.18,1488.3,,,,,,,
2026-07-28T09:46:02.489,MARINE,,,,,,,,,,,industrials,electric equipment,,,,,,,,,2026-07-28,11.85,12.78,12.78,1168.77,,,,,,,
2026-07-28T09:46:02.489,UGARSUGAR,,,,,,,,,,,fmcg,sugar,,,,,,,,,2026-07-28,11.96,15.08,15.08,268.35,,,,,,,
2026-07-28T09:46:02.489,AURUM,,,,,,,,,,,i.t,computers - software - medium / small,,,,,,,,,2026-07-28,12.02,9.1,9.1,931.04,,,,,,,
2026-07-28T09:46:02.489,ICIL,,,,,,,,,,,textiles,textiles - cotton/blended,,,,,,,,,2026-07-28,12.25,8.62,8.62,3325.5,,,,,,,
2026-07-28T09:46:02.489,JAMNAAUTO,,,,,,,,,,,auto,auto ancillaries,,,,,,,,,2026-07-28,12.27,6.27,6.67,2684.78,,,,,,,
2026-07-28T09:46:02.489,SENORES,,,,,,,,,,,healthcare,pharmaceuticals - indian - formulations,,,,,,,,,2026-07-28,12.74,12.1,12.58,3287.59,,,,,,,
2026-07-28T09:46:02.489,FCL,,,,,,,,,,,chemicals,chemicals,,,,,,,,,2026-07-28,13.1,16.67,16.67,1799.94,,,,,,,
2026-07-28T09:46:02.489,J&KBANK,,,,,,,,,,,bank,banks - private sector,,,,,,,,,2026-07-28,13.26,4.66,10.82,7823.53,,,,,,,
2026-07-28T09:46:02.489,ARVIND,,,,,,,,,,,textiles,textiles - cotton/blended,,,,,,,,,2026-07-28,13.79,6.54,6.54,8199.35,,,,,,,
2026-07-28T09:46:02.489,SCHNEIDER,,,,,,,,,,,industrials,electric equipment,,,,,,,,,2026-07-28,14.18,5.17,5.46,7941.24,,,,,,,
2026-07-28T09:46:02.489,VENKEYS,,,,,,,,,,,fmcg,miscellaneous,,,,,,,,,2026-07-28,14.9,6.34,6.42,947.17,,,,,,,
2026-07-28T09:46:02.489,AEROFLEX,,,,,,,,,,,metals & mining,steel - medium / small,,,,,,,,,2026-07-28,14.94,12.4,12.78,2028.59,,,,,,,
2026-07-28T09:46:02.489,AEROENTER,,,,,,,,,,,metals & mining,steel - medium / small,,,,,,,,,2026-07-28,15.29,7.99,12.38,683.84,,,,,,,
2026-07-28T09:46:02.489,STYLAMIND,,,,,,,,,,,building materials,miscellaneous,,,,,,,,,2026-07-28,15.77,10.02,26.48,2556.05,,,,,,,
2026-07-21T06:32:37.637,ATHERENERG,1296.7,1.13,1247.15,1158.0,1236.82,1386.52,1.09,-123.73,-92.95,72.53,auto,automobiles - scooters and 3 - wheelers,57.42,4.84,91.86,0.93,0.81,1167.3,1107.46,64.08,2026-07-21,,,,,,,,,,,
2026-07-21T06:32:37.637,ACUTAAS,3656.2,1.02,3529.67,3450.0,3534.08,3839.38,0.44,56.81,84.03,65.27,healthcare,pharmaceuticals - indian - bulk drugs,34.95,3.46,115.79,0.98,1.05,3420.8,3259.74,51.56,2026-07-21,,,,,,,,,,,
2026-07-21T06:32:37.637,ADANIENSOL,1729.5,0.4,1670.41,1636.6,1654.64,1841.79,0.39,75.99,91.03,72.16,power & utilities,power generation and supply,37.56,4.52,74.02,0.75,0.7,1617.3,1543.05,23.07,2026-07-21,,,,,,,,,,,
2026-07-21T06:32:37.637,LAURUSLABS,1558.9,1.9,1496.66,1520.4,1542.03,1584.2,0.56,75.38,94.65,63.63,healthcare,pharmaceuticals - indian - bulk drugs & formln,36.48,1.09,55.73,0.33,0.58,1481.33,1436.46,22.92,2026-07-21,,,,,,,,,,,
2026-07-21T06:32:37.637,CEMPRO,1627.0,0.74,1563.1,1532.0,1608.66,1654.51,1.34,28.85,46.74,81.74,realty,construction,64.23,1.14,99.52,1.21,0.94,1500.73,1419.02,22.68,2026-07-21,,,,,,,,,,,
2026-07-21T06:32:37.637,ANANDRATHI,2082.7,0.48,2018.8,2052.8,2116.94,2031.34,0.17,53.02,44.91,65.59,financials,finance & investments,38.24,-1.62,39.23,0.24,0.3,1976.78,1919.55,21.24,2026-07-21,,,,,,,,,,,
2026-07-21T06:32:37.637,AEGISLOG,1383.9,2.58,1312.61,1164.4,1344.07,1443.65,1.08,29.6,54.08,68.62,services,trading,56.41,2.96,86.74,0.8,0.78,1197.43,1108.17,20.82,2026-07-21,,,,,,,,,,,
2026-07-21T06:32:37.637,BHARATFORG,2209.0,0.85,2125.72,2082.0,2124.17,2336.24,0.71,113.63,97.83,66.46,industrials,castings & forgings,27.85,3.99,55.88,0.4,0.61,2090.11,2007.35,19.49,2026-07-21,,,,,,,,,,,
2026-07-21T06:32:37.637,WELCORP,1615.8,2.17,1551.05,1576.0,1620.99,1608.01,0.86,28.77,26.39,60.87,industrials,steel - large,38.4,-0.32,100.97,1.02,0.62,1486.65,1417.59,19.33,2026-07-21,,,,,,,,,,,
2026-07-21T06:32:37.637,FEDERALBNK,350.75,0.5,334.67,323.4,330.38,381.31,0.79,17.23,18.44,75.23,bank,banks - private sector,34.59,6.17,33.94,0.2,0.43,330.16,316.18,16.36,2026-07-21,,,,,,,,,,,
2026-07-21T06:32:37.637,SAILIFE,1297.0,1.97,1244.6,1255.0,1247.43,1371.36,0.48,65.77,78.09,64.11,healthcare,pharmaceuticals - indian - bulk drugs & formln,25.32,3.97,44.26,0.37,0.37,1226.24,1176.07,15.62,2026-07-21,,,,,,,,,,,
2026-07-21T06:32:37.637,CHENNPETRO,1214.0,1.12,1171.1,1099.0,1120.22,1354.67,0.97,3.18,5.83,58.68,energy,refineries,19.46,8.37,32.65,0.3,0.2,1087.07,1003.88,15.6,2026-07-21,,,,,,,,,,,
2026-07-21T06:32:37.637,SONACOMS,714.55,1.38,687.13,660.1,678.87,768.08,1.42,57.81,69.31,80.41,auto,auto ancillaries,49.16,5.26,47.43,0.43,0.46,675.8,650.84,14.55,2026-07-21,,,,,,,,,,,
2026-07-21T06:32:37.637,HSCL,769.9,3.82,726.28,660.05,663.52,929.47,1.41,42.3,48.27,72.59,chemicals,chemicals,21.69,16.03,63.82,0.5,0.54,706.75,676.33,13.64,2026-07-21,,,,,,,,,,,
2026-07-21T06:32:37.637,RADICO,4132.4,0.84,4006.24,4029.3,4129.36,4136.97,1.58,77.04,91.51,72.65,fmcg,breweries & distilleries,44.57,0.07,30.42,0.32,0.28,3959.94,3891.2,12.62,2026-07-21,,,,,,,,,,,
2026-07-21T06:32:37.637,ZYDUSWELL,602.5,2.74,577.66,573.25,589.09,622.61,1.27,29.59,27.04,62.67,fmcg,food - processing - indian,31.77,2.28,41.87,0.26,0.22,555.55,529.69,11.56,2026-07-21,,,,,,,,,,,
2026-07-21T06:32:37.637,ABCAPITAL,401.15,-0.1,386.37,392.1,403.35,397.84,0.52,23.27,27.86,57.19,financials,finance & investments,20.15,-0.55,15.52,0.02,0.2,381.36,368.22,11.13,2026-07-21,,,,,,,,,,,
2026-07-21T06:32:37.637,NYKAA,323.5,0.14,315.95,320.4,328.18,316.48,0.75,299.54,468.84,65.51,i.t,trading,46.85,-1.43,31.14,0.18,0.26,308.51,303.37,10.96,2026-07-21,,,,,,,,,,,
2026-07-21T06:32:37.637,CUB,224.98,0.16,217.36,217.63,225.61,224.03,0.38,11.62,12.58,62.73,bank,banks - private sector,33.5,-0.28,10.83,0.01,0.27,211.09,203.18,9.81,2026-07-21,,,,,,,,,,,
2026-07-21T06:32:37.637,AJANTPHARM,3469.0,1.45,3351.21,3341.1,3401.18,3570.73,0.41,40.62,41.04,65.66,healthcare,pharmaceuticals - indian - formulations,40.0,1.99,33.63,0.19,0.36,3280.74,3151.54,8.77,2026-07-21,,,,,,,,,,,
2026-07-21T06:32:37.637,TITAN,4643.4,0.11,4532.79,4554.0,4597.27,4712.59,0.24,87.41,81.19,67.96,consumer discretionary,diamond cutting / jewellery,30.51,1.0,18.17,0.02,0.2,4511.84,4429.77,8.5,2026-07-21,,,,,,,,,,,
2026-07-21T06:32:37.637,ABB,7517.0,0.15,7268.17,6744.0,6930.74,8396.38,0.62,22.32,53.49,63.5,industrials,electric equipment,18.1,8.46,43.4,0.42,0.39,6988.44,6649.01,7.72,2026-07-21,,,,,,,,,,,
2026-07-21T06:32:37.637,INDIANB,858.5,3.14,813.94,816.0,796.6,951.35,1.32,8.61,9.05,56.79,bank,banks - public sector,17.07,7.77,11.12,-0.07,-0.03,803.57,765.28,7.63,2026-07-21,,,,,,,,,,,
2026-07-21T06:32:37.637,CAPLIPOINT,2649.2,1.34,2549.08,2576.9,2624.39,2686.42,0.32,29.59,31.4,63.54,healthcare,pharmaceuticals - indian - formulations,56.56,0.95,36.18,0.34,0.26,2465.81,2363.26,7.63,2026-07-21,,,,,,,,,,,
2026-07-21T06:32:37.637,LLOYDSME,1907.9,2.28,1818.68,1799.1,1791.01,2083.23,1.35,17.82,27.33,66.79,metals & mining,mining / minerals / metals,22.35,6.53,45.74,0.43,0.41,1784.58,1698.98,7.22,2026-07-21,,,,,,,,,,,
2026-07-21T06:32:37.637,SBIN,1060.0,1.5,1017.53,1011.4,1024.92,1112.62,1.1,12.45,11.66,61.38,bank,banks - public sector,10.55,3.42,10.3,-0.06,0.09,1019.16,993.53,7.08,2026-07-21,,,,,,,,,,,
2026-07-21T06:32:37.637,ADANIPORTS,1844.0,0.36,1791.44,1808.6,1807.71,1898.44,0.34,31.9,31.67,55.71,transportation,miscellaneous,14.02,2.01,23.02,0.2,0.23,1778.29,1738.71,7.07,2026-07-21,,,,,,,,,,,
2026-07-21T06:32:37.637,GABRIEL,1398.0,4.59,1304.48,1238.2,1296.94,1549.59,7.54,75.49,79.61,70.4,auto,auto ancillaries,38.69,7.79,43.38,0.4,0.06,1267.18,1224.07,6.87,2026-07-21,,,,,,,,,,,
2026-07-21T06:32:37.637,BAJAJ-AUTO,10522.5,0.76,10193.47,10145.5,10093.22,11166.42,0.87,20.07,27.35,63.22,auto,automobiles - scooters and 3 - wheelers,20.45,4.25,16.82,0.02,0.14,10137.28,9860.87,6.22,2026-07-21,,,,,,,,,,,
2026-07-21T06:32:37.637,FLUOROCHEM,4316.2,4.13,4037.99,3839.0,3990.95,4804.07,2.42,108.78,82.58,76.3,chemicals,chemicals,30.38,8.15,22.54,0.16,0.11,4043.13,3851.32,6.2,2026-07-21,,,,,,,,,,,
2026-07-21T06:32:37.637,ADANIENT,3183.3,0.72,3070.34,3133.0,3142.69,3244.22,0.42,-465.39,40.57,61.31,services,trading,28.92,1.29,41.64,0.36,0.24,3045.01,2947.0,6.17,2026-07-21,,,,,,,,,,,
2026-07-21T06:32:37.637,INDUSINDBK,1032.85,0.55,996.81,992.0,1012.23,1063.78,0.8,33.84,90.52,67.51,bank,banks - private sector,34.55,2.04,22.25,-0.0,0.26,988.15,956.43,5.81,2026-07-21,,,,,,,,,,,
2026-07-21T06:32:37.637,SOLARINDS,19028.0,3.04,18130.0,17958.0,18050.68,20493.98,1.33,78.6,102.64,62.42,aerospace & defence,chemicals,16.91,5.41,59.66,0.37,0.33,17912.12,17172.2,5.77,2026-07-21,,,,,,,,,,,
2026-07-21T06:32:37.637,PTCIL,18030.0,0.5,17444.0,17350.0,17095.32,19432.02,0.43,112.8,266.13,56.68,industrials,castings & forgings,9.25,5.47,2.83,-0.08,0.01,17186.17,16601.29,5.65,2026-07-21,,,,,,,,,,,
2026-07-21T06:32:37.637,GODREJIND,1364.8,2.26,1300.75,1302.1,1334.48,1410.28,0.57,25.87,37.06,67.8,chemicals,chemicals,58.12,2.27,34.59,0.24,0.19,1251.25,1180.28,5.56,2026-07-21,,,,,,,,,,,
2026-07-21T06:32:37.637,SHYAMMETL,1055.0,3.18,1000.09,1006.7,984.44,1160.84,3.49,20.93,26.2,68.79,metals & mining,steel - large,30.61,7.17,30.73,0.2,0.16,974.58,949.27,5.42,2026-07-21,,,,,,,,,,,
2026-07-21T06:32:37.637,IKS,1901.9,0.25,1817.9,1837.8,1892.23,1916.41,0.71,38.63,44.08,64.89,i.t,computers - software - medium / small,40.95,0.51,13.21,0.03,0.12,1789.34,1718.62,5.24,2026-07-21,,,,,,,,,,,
2026-07-21T06:32:37.637,APOLLOHOSP,8905.0,0.9,8596.07,8739.0,8859.24,8973.64,0.78,60.46,65.94,63.81,healthcare,healthcare,29.44,0.52,26.29,0.13,0.12,8606.45,8477.54,5.07,2026-07-21,,,,,,,,,,,
2026-07-21T06:32:37.637,JINDALSAW,265.95,-1.3,257.0,248.5,261.77,272.22,0.55,40.79,25.95,55.69,industrials,steel - large,18.66,1.6,63.18,0.58,0.47,242.37,225.84,4.9,2026-07-21,,,,,,,,,,,
2026-07-21T06:32:37.637,ZYDUSLIFE,1149.0,0.46,1117.89,1126.6,1142.97,1158.04,0.5,22.71,22.93,60.59,healthcare,pharmaceuticals - indian - bulk drugs & formln,41.92,0.53,25.7,0.22,0.14,1097.8,1077.11,4.54,2026-07-21,,,,,,,,,,,
2026-07-21T06:32:37.637,3MINDIA,35240.0,1.06,34015.8,34710.0,35487.59,34868.61,0.81,46.09,76.01,57.56,miscellaneous,diversified - large,17.11,-0.7,-0.37,-0.08,0.15,33338.71,32242.74,4.51,2026-07-21,,,,,,,,,,,
2026-07-21T06:32:37.637,SUNPHARMA,1956.4,1.23,1896.3,1910.0,1934.7,1988.94,0.69,43.28,40.93,67.09,healthcare,pharmaceuticals - indian - bulk drugs & formln,33.18,1.12,9.88,0.08,0.12,1898.36,1857.22,4.37,2026-07-21,,,,,,,,,,,
2026-07-21T06:32:37.637,HEG,594.3,1.18,571.05,564.5,551.6,658.35,0.83,-25.18,33.61,62.22,industrials,electrodes - graphites,21.99,7.74,11.42,-0.05,-0.03,545.37,510.98,4.35,2026-07-21,,,,,,,,,,,
2026-07-21T06:32:37.637,SIEMENS,3678.4,0.54,3544.66,3437.0,3448.49,4023.27,0.34,88.42,84.14,57.41,industrials,electric equipment,22.32,6.67,16.35,0.16,0.15,3460.05,3317.88,3.91,2026-07-21,,,,,,,,,,,
2026-07-21T06:32:37.637,AARTIIND,495.4,0.29,479.56,478.35,479.51,519.24,0.59,32.68,42.85,57.49,chemicals,chemicals,17.58,3.31,33.02,0.29,0.26,462.26,444.6,3.71,2026-07-21,,,,,,,,,,,
2026-07-21T06:32:37.637,CHOICEIN,815.05,0.77,787.92,800.1,823.28,802.7,0.65,66.81,72.32,65.05,financials,finance & investments,33.54,-1.0,7.8,-0.09,-0.06,774.86,749.56,3.37,2026-07-21,,,,,,,,,,,
2026-07-21T06:32:37.637,JSWINFRA,348.45,1.84,332.22,331.6,337.71,364.55,0.96,43.34,47.6,66.27,transportation,miscellaneous,36.03,3.18,27.82,0.25,0.16,324.06,307.21,3.19,2026-07-21,,,,,,,,,,,
2026-07-21T06:32:37.637,EXIDEIND,436.65,0.33,425.03,417.8,422.57,457.78,1.28,43.15,43.45,71.75,auto,auto ancillaries,36.28,3.33,19.39,0.17,0.11,415.23,405.76,3.11,2026-07-21,,,,,,,,,,,
2026-07-21T06:32:37.637,BAJFINANCE,1064.0,0.73,1017.44,995.2,1034.11,1108.83,1.0,30.26,34.76,69.63,financials,finance & investments,35.31,2.89,6.61,0.03,-0.01,1013.23,978.85,2.76,2026-07-21,,,,,,,,,,,
2026-07-21T06:32:37.637,DIVISLAB,7318.0,0.97,7092.75,6909.0,6982.01,7821.99,1.1,64.62,75.64,71.64,healthcare,pharmaceuticals - indian - bulk drugs,36.77,4.81,15.52,0.08,0.05,6992.04,6868.08,2.06,2026-07-21,,,,,,,,,,,
2026-07-21T06:32:37.637,IIFL,557.7,0.45,541.25,537.6,535.0,591.75,0.5,10.1,14.27,60.51,financials,finance & investments,25.65,4.24,-1.59,-0.19,0.01,519.66,497.34,1.92,2026-07-21,,,,,,,,,,,
2026-07-21T06:32:37.637,AEGISVOPAK,281.02,3.61,265.11,262.4,281.89,279.71,1.23,113.31,131.93,61.18,transportation,miscellaneous,47.2,-0.31,10.6,0.19,-0.03,246.48,222.06,1.89,2026-07-21,,,,,,,,,,,
2026-07-21T06:32:37.637,IDFCFIRSTB,81.78,1.78,78.11,78.78,79.66,84.96,0.99,53.8,43.27,63.69,bank,banks - private sector,33.81,2.66,-1.2,-0.1,-0.03,78.33,76.14,1.77,2026-07-21,,,,,,,,,,,
2026-07-21T06:32:37.637,SAREGAMA,514.15,3.9,481.52,481.65,478.91,567.01,0.53,33.3,48.01,64.56,media,entertainment / electronic media software,41.49,7.36,35.59,0.36,0.09,474.63,449.39,1.62,2026-07-21,,,,,,,,,,,
2026-07-21T06:32:37.637,NH,2025.9,-0.18,1969.8,1995.0,2014.1,2043.59,0.49,45.96,51.08,59.75,healthcare,healthcare,15.48,0.59,7.03,-0.03,0.11,1942.54,1901.61,1.25,2026-07-21,,,,,,,,,,,
2026-07-21T06:32:37.637,ANANTRAJ,600.8,1.47,570.85,561.0,564.84,654.75,1.35,35.93,37.53,67.02,realty,construction,19.98,6.37,11.5,0.0,-0.1,556.53,525.53,1.24,2026-07-21,,,,,,,,,,,
2026-07-21T06:32:37.637,ETERNAL,286.95,0.12,278.71,278.55,290.56,281.53,0.55,377.57,717.38,61.43,i.t,miscellaneous,36.92,-1.24,1.05,-0.08,-0.13,269.85,259.52,1.18,2026-07-21,,,,,,,,,,,
2026-07-21T06:32:37.637,OIL,453.55,4.18,428.41,427.25,423.06,499.28,1.92,8.78,11.14,60.55,energy,oil drilling / allied services,20.98,7.21,12.95,-0.07,0.01,430.06,415.58,1.11,2026-07-21,,,,,,,,,,,
2026-07-21T06:32:37.637,BALRAMCHIN,600.05,-0.73,582.12,582.3,579.88,630.31,0.43,18.99,32.02,65.36,fmcg,sugar,36.19,3.48,35.4,0.31,0.26,567.06,548.51,1.04,2026-07-21,,,,,,,,,,,
2026-07-21T06:32:37.637,KAJARIACER,1242.2,0.22,1211.38,1213.3,1230.5,1259.76,0.63,31.75,40.75,70.39,building materials,ceramics - tiles / sanitaryware,39.7,0.95,14.15,0.15,-0.01,1186.76,1157.49,1.0,2026-07-21,,,,,,,,,,,
2026-07-21T06:32:37.637,DEEPAKFERT,1605.1,0.7,1544.97,1500.2,1541.07,1701.14,0.36,36.35,27.48,58.85,chemicals,chemicals,24.63,4.15,31.44,0.23,0.04,1493.9,1424.41,0.99,2026-07-21,,,,,,,,,,,
2026-07-21T06:32:37.637,MOTILALOFS,973.15,0.63,933.5,950.6,956.52,998.09,0.62,-65.93,31.23,59.51,financials,finance & investments,25.29,1.74,16.79,0.05,-0.04,919.99,885.78,0.97,2026-07-21,,,,,,,,,,,
2026-07-21T06:32:37.637,GRAVITA,1809.6,-0.47,1764.49,1774.9,1797.34,1827.98,0.47,35.85,34.79,58.79,metals & mining,mining / minerals / metals,17.06,0.68,-2.0,0.05,0.05,1701.89,1636.51,0.91,2026-07-21,,,,,,,,,,,
2026-07-21T06:32:37.637,ICICIBANK,1460.2,1.1,1410.71,1392.0,1417.39,1524.42,1.42,16.95,18.62,73.26,bank,banks - private sector,32.93,3.02,6.95,-0.05,0.05,1403.06,1380.0,0.79,2026-07-21,,,,,,,,,,,
2026-07-21T06:32:37.637,ENDURANCE,2741.5,0.31,2660.5,2621.0,2676.31,2839.28,0.43,34.88,40.52,59.65,auto,auto ancillaries,22.05,2.44,5.06,0.0,-0.07,2596.58,2503.69,0.63,2026-07-21,,,,,,,,,,,
2026-07-21T06:32:37.637,PNB,111.76,5.66,105.25,104.59,103.03,124.85,5.49,5.52,5.83,64.05,bank,banks - public sector,11.75,8.47,-4.27,-0.22,-0.12,106.17,102.17,0.1,2026-07-21,,,,,,,,,,,
2026-07-21T06:32:37.637,PVRINOX,1019.25,2.0,978.04,993.0,997.06,1052.54,1.27,13.42,29.97,59.23,media,entertainment / electronic media software,16.63,2.23,-5.56,-0.09,-0.18,970.33,938.39,-0.06,2026-07-21,,,,,,,,,,,
2026-07-21T06:32:37.637,VOLTAS,1357.4,1.12,1300.26,1326.8,1298.8,1445.31,0.24,96.68,119.49,58.24,consumer discretionary,air-conditioners,16.75,4.51,-2.58,-0.11,-0.05,1282.97,1231.45,-0.42,2026-07-21,,,,,,,,,,,
2026-07-21T06:32:37.637,GODREJPROP,2118.7,0.79,2024.19,2065.5,2121.91,2113.89,0.51,24.54,34.49,68.26,realty,construction,38.85,-0.15,4.74,0.03,-0.11,1999.13,1917.76,-1.02,2026-07-21,,,,,,,,,,,
2026-07-21T06:32:37.637,HOMEFIRST,1273.2,2.53,1210.4,1214.1,1227.12,1342.32,1.01,22.18,24.33,64.55,financials,finance - housing,37.25,3.75,7.79,0.08,0.03,1187.71,1139.99,-1.1,2026-07-21,,,,,,,,,,,
2026-07-21T06:32:37.637,ULTRACEMCO,11903.0,1.5,11418.96,11355.0,11601.17,12355.75,1.45,33.68,41.0,60.48,building materials,cement - north india,11.07,2.6,3.25,-0.11,-0.04,11435.24,11182.43,-1.12,2026-07-21,,,,,,,,,,,
2026-07-21T06:32:37.637,BRITANNIA,5470.0,1.06,5283.67,5235.5,5334.26,5673.61,0.59,48.56,52.01,61.61,fmcg,food - processing - mnc,13.85,2.54,-9.83,-0.15,-0.09,5278.6,5150.55,-1.74,2026-07-21,,,,,,,,,,,
2026-07-21T06:32:37.637,ARE&M,911.3,0.43,885.77,882.4,876.54,963.44,1.3,13.27,18.62,64.26,auto,auto ancillaries,23.9,3.97,-1.08,-0.05,-0.12,860.86,841.53,-1.79,2026-07-21,,,,,,,,,,,
2026-07-21T06:32:37.637,DIXON,14589.0,1.81,13881.7,13180.0,13580.77,16101.34,0.59,74.1,53.57,73.58,consumer discretionary,electronics - consumer,33.94,7.42,7.05,0.25,-0.09,13575.75,12840.82,-1.97,2026-07-21,,,,,,,,,,,
2026-07-21T06:32:37.637,PERSISTENT,5188.7,0.09,5062.68,5012.9,4857.05,5686.17,0.46,38.34,43.34,59.95,i.t,computers - software - large,15.96,6.83,-17.15,-0.25,-0.15,4883.8,4704.42,-2.02,2026-07-21,,,,,,,,,,,
2026-07-21T06:32:37.637,BHARTIHEXA,1617.2,0.73,1543.5,1568.5,1567.09,1692.36,1.09,45.27,46.67,63.4,telecom-service,telecommunications - service provider,25.61,3.2,-7.23,-0.08,-0.16,1521.01,1463.66,-2.28,2026-07-21,,,,,,,,,,,
2026-07-21T06:32:37.637,SRF,2871.7,-0.1,2788.98,2716.0,2766.04,3030.19,0.63,36.57,46.39,61.48,chemicals,chemicals,11.39,3.82,-4.78,-0.13,-0.05,2730.76,2647.95,-2.58,2026-07-21,,,,,,,,,,,
2026-07-21T06:32:37.637,EIHOTEL,340.2,0.43,328.3,332.1,333.95,349.57,0.61,22.38,33.85,63.05,services,hotels,32.49,1.87,-7.84,-0.08,-0.16,321.77,309.75,-2.6,2026-07-21,,,,,,,,,,,
2026-07-21T06:32:37.637,RELIANCE,1323.1,-0.31,1288.6,1286.9,1284.03,1381.71,0.92,21.37,23.96,54.55,energy,refineries,13.53,3.04,-14.2,-0.16,-0.14,1273.69,1259.43,-2.82,2026-07-21,,,,,,,,,,,
2026-07-21T06:32:37.637,JUBLPHARMA,1023.85,0.12,989.85,967.8,976.45,1094.95,0.61,33.9,40.71,65.13,healthcare,pharmaceuticals - indian - bulk drugs,19.97,4.85,-3.49,-0.1,-0.1,969.47,933.83,-2.86,2026-07-21,,,,,,,,,,,
2026-07-20T23:56:14.136,ATHERENERG,1296.7,1.13,1247.15,1158.0,1236.82,1386.52,1.09,-123.73,-91.91,72.53,auto,automobiles - scooters and 3 - wheelers,57.42,4.84,91.86,0.93,0.81,1167.3,1107.46,64.08,2026-07-20,,,,,,,,,,,
2026-07-20T23:56:14.136,ACUTAAS,3656.2,1.02,3529.67,3450.0,3534.08,3839.38,0.44,56.81,83.19,65.27,healthcare,pharmaceuticals - indian - bulk drugs,34.95,3.46,115.79,0.98,1.05,3420.8,3259.74,51.56,2026-07-20,,,,,,,,,,,
2026-07-20T23:56:14.136,ADANIENSOL,1729.5,0.4,1670.41,1636.6,1654.64,1841.79,0.39,75.99,90.66,72.16,power & utilities,power generation and supply,37.56,4.52,74.02,0.75,0.7,1617.3,1543.05,23.07,2026-07-20,,,,,,,,,,,
2026-07-20T23:56:14.136,LAURUSLABS,1558.9,1.9,1496.66,1520.4,1542.03,1584.2,0.56,75.38,92.88,63.63,healthcare,pharmaceuticals - indian - bulk drugs & formln,36.48,1.09,55.73,0.33,0.58,1481.33,1436.46,22.92,2026-07-20,,,,,,,,,,,
2026-07-20T23:56:14.136,CEMPRO,1627.0,0.74,1563.1,1532.0,1608.66,1654.51,1.34,28.85,46.39,81.74,realty,construction,64.23,1.14,99.52,1.21,0.94,1500.73,1419.02,22.68,2026-07-20,,,,,,,,,,,
2026-07-20T23:56:14.136,ANANDRATHI,2082.7,0.48,2018.8,2052.8,2116.94,2031.34,0.17,53.02,44.69,65.59,financials,finance & investments,38.24,-1.62,39.23,0.24,0.3,1976.78,1919.55,21.24,2026-07-20,,,,,,,,,,,
2026-07-20T23:56:14.136,AEGISLOG,1383.9,2.58,1312.61,1164.4,1344.07,1443.65,1.08,29.6,52.72,68.62,services,trading,56.41,2.96,86.74,0.8,0.78,1197.43,1108.17,20.82,2026-07-20,,,,,,,,,,,
2026-07-20T23:56:14.136,BHARATFORG,2209.0,0.85,2125.72,2082.0,2124.17,2336.24,0.71,113.63,97.01,66.46,industrials,castings & forgings,27.85,3.99,55.88,0.4,0.61,2090.11,2007.35,19.49,2026-07-20,,,,,,,,,,,
2026-07-20T23:56:14.136,WELCORP,1615.8,2.17,1551.05,1576.0,1620.99,1608.01,0.86,28.77,25.83,60.87,industrials,steel - large,38.4,-0.32,100.97,1.02,0.62,1486.65,1417.59,19.33,2026-07-20,,,,,,,,,,,
2026-07-20T23:56:14.136,FEDERALBNK,350.75,0.5,334.67,323.4,330.38,381.31,0.79,17.23,18.35,75.23,bank,banks - private sector,34.59,6.17,33.94,0.2,0.43,330.16,316.18,16.36,2026-07-20,,,,,,,,,,,
2026-07-20T23:56:14.136,SAILIFE,1297.0,1.97,1244.6,1255.0,1247.43,1371.36,0.48,65.77,76.58,64.11,healthcare,pharmaceuticals - indian - bulk drugs & formln,25.32,3.97,44.26,0.37,0.37,1226.24,1176.07,15.62,2026-07-20,,,,,,,,,,,
2026-07-20T23:56:14.136,CHENNPETRO,1214.0,1.12,1171.1,1099.0,1120.22,1354.67,0.97,3.18,5.76,58.68,energy,refineries,19.46,8.37,32.65,0.3,0.2,1087.07,1003.88,15.6,2026-07-20,,,,,,,,,,,
2026-07-20T23:56:14.136,SONACOMS,714.55,1.38,687.13,660.1,678.87,768.08,1.42,57.81,68.37,80.41,auto,auto ancillaries,49.16,5.26,47.43,0.43,0.46,675.8,650.84,14.55,2026-07-20,,,,,,,,,,,
2026-07-20T23:56:14.136,HSCL,769.9,3.82,726.28,660.05,663.52,929.47,1.41,42.3,46.49,72.59,chemicals,chemicals,21.69,16.03,63.82,0.5,0.54,706.75,676.33,13.64,2026-07-20,,,,,,,,,,,
2026-07-20T23:56:14.136,RADICO,4132.4,0.84,4006.24,4029.3,4129.36,4136.97,1.58,77.04,90.74,72.65,fmcg,breweries & distilleries,44.57,0.07,30.42,0.32,0.28,3959.94,3891.2,12.62,2026-07-20,,,,,,,,,,,
2026-07-20T23:56:14.136,ZYDUSWELL,602.5,2.74,577.66,573.25,589.09,622.61,1.27,29.59,26.32,62.67,fmcg,food - processing - indian,31.77,2.28,41.87,0.26,0.22,555.55,529.69,11.56,2026-07-20,,,,,,,,,,,
2026-07-20T23:56:14.136,ABCAPITAL,401.15,-0.1,386.37,392.1,403.35,397.84,0.52,23.27,27.89,57.19,financials,finance & investments,20.15,-0.55,15.52,0.02,0.2,381.36,368.22,11.13,2026-07-20,,,,,,,,,,,
2026-07-20T23:56:14.136,NYKAA,323.5,0.14,315.95,320.4,328.18,316.48,0.75,299.54,468.19,65.51,i.t,trading,46.85,-1.43,31.14,0.18,0.26,308.51,303.37,10.96,2026-07-20,,,,,,,,,,,
2026-07-20T23:56:14.136,CUB,224.98,0.16,217.36,217.63,225.61,224.03,0.38,11.62,12.56,62.73,bank,banks - private sector,33.5,-0.28,10.83,0.01,0.27,211.09,203.18,9.81,2026-07-20,,,,,,,,,,,
2026-07-20T23:56:14.136,AJANTPHARM,3469.0,1.45,3351.21,3341.1,3401.18,3570.73,0.41,40.62,40.45,65.66,healthcare,pharmaceuticals - indian - formulations,40.0,1.99,33.63,0.19,0.36,3280.74,3151.54,8.77,2026-07-20,,,,,,,,,,,
2026-07-20T23:56:14.136,TITAN,4643.4,0.11,4532.79,4554.0,4597.27,4712.59,0.24,87.41,81.1,67.96,consumer discretionary,diamond cutting / jewellery,30.51,1.0,18.17,0.02,0.2,4511.84,4429.77,8.5,2026-07-20,,,,,,,,,,,
2026-07-20T23:56:14.136,ABB,7517.0,0.15,7268.17,6744.0,6930.74,8396.38,0.62,22.32,53.42,63.5,industrials,electric equipment,18.1,8.46,43.4,0.42,0.39,6988.44,6649.01,7.72,2026-07-20,,,,,,,,,,,
2026-07-20T23:56:14.136,INDIANB,858.5,3.14,813.94,816.0,796.6,951.35,1.32,8.61,8.77,56.79,bank,banks - public sector,17.07,7.77,11.12,-0.07,-0.03,803.57,765.28,7.63,2026-07-20,,,,,,,,,,,
2026-07-20T23:56:14.136,CAPLIPOINT,2649.2,1.34,2549.08,2576.9,2624.39,2686.42,0.32,29.59,30.99,63.54,healthcare,pharmaceuticals - indian - formulations,56.56,0.95,36.18,0.34,0.26,2465.81,2363.26,7.63,2026-07-20,,,,,,,,,,,
2026-07-20T23:56:14.136,LLOYDSME,1907.9,2.28,1818.68,1799.1,1791.01,2083.23,1.35,17.82,26.72,66.79,metals & mining,mining / minerals / metals,22.35,6.53,45.74,0.43,0.41,1784.58,1698.98,7.22,2026-07-20,,,,,,,,,,,
2026-07-20T23:56:14.136,SBIN,1060.0,1.5,1017.53,1011.4,1024.92,1112.62,1.1,12.45,11.48,61.38,bank,banks - public sector,10.55,3.42,10.3,-0.06,0.09,1019.16,993.53,7.08,2026-07-20,,,,,,,,,,,
2026-07-20T23:56:14.136,ADANIPORTS,1844.0,0.36,1791.44,1808.6,1807.71,1898.44,0.34,31.9,31.56,55.71,transportation,miscellaneous,14.02,2.01,23.02,0.2,0.23,1778.29,1738.71,7.07,2026-07-20,,,,,,,,,,,
2026-07-20T23:56:14.136,GABRIEL,1398.0,4.59,1304.48,1238.2,1296.94,1549.59,7.54,75.49,76.12,70.4,auto,auto ancillaries,38.69,7.79,43.38,0.4,0.06,1267.18,1224.07,6.87,2026-07-20,,,,,,,,,,,
2026-07-20T23:56:14.136,BAJAJ-AUTO,10522.5,0.76,10193.47,10145.5,10093.22,11166.42,0.87,20.07,27.14,63.22,auto,automobiles - scooters and 3 - wheelers,20.45,4.25,16.82,0.02,0.14,10137.28,9860.87,6.22,2026-07-20,,,,,,,,,,,
2026-07-20T23:56:14.136,FLUOROCHEM,4316.2,4.13,4037.99,3839.0,3990.95,4804.07,2.42,108.78,79.3,76.3,chemicals,chemicals,30.38,8.15,22.54,0.16,0.11,4043.13,3851.32,6.2,2026-07-20,,,,,,,,,,,
2026-07-20T23:56:14.136,ADANIENT,3183.3,0.72,3070.34,3133.0,3142.69,3244.22,0.42,-465.39,40.28,61.31,services,trading,28.92,1.29,41.64,0.36,0.24,3045.01,2947.0,6.17,2026-07-20,,,,,,,,,,,
2026-07-20T23:56:14.136,INDUSINDBK,1032.85,0.55,996.81,992.0,1012.23,1063.78,0.8,33.84,90.03,67.51,bank,banks - private sector,34.55,2.04,22.25,-0.0,0.26,988.15,956.43,5.81,2026-07-20,,,,,,,,,,,
2026-07-20T23:56:14.136,SOLARINDS,19028.0,3.04,18130.0,17958.0,18050.68,20493.98,1.33,78.6,99.62,62.42,aerospace & defence,chemicals,16.91,5.41,59.66,0.37,0.33,17912.12,17172.2,5.77,2026-07-20,,,,,,,,,,,
2026-07-20T23:56:14.136,PTCIL,18030.0,0.5,17444.0,17350.0,17095.32,19432.02,0.43,112.8,264.81,56.68,industrials,castings & forgings,9.25,5.47,2.83,-0.08,0.01,17186.17,16601.29,5.65,2026-07-20,,,,,,,,,,,
2026-07-20T23:56:14.136,GODREJIND,1364.8,2.26,1300.75,1302.1,1334.48,1410.28,0.57,25.87,36.24,67.8,chemicals,chemicals,58.12,2.27,34.59,0.24,0.19,1251.25,1180.28,5.56,2026-07-20,,,,,,,,,,,
2026-07-20T23:56:14.136,SHYAMMETL,1055.0,3.18,1000.09,1006.7,984.44,1160.84,3.49,23.55,26.83,68.79,metals & mining,steel - large,30.61,7.17,30.73,0.2,0.16,974.58,949.27,5.42,2026-07-20,,,,,,,,,,,
2026-07-20T23:56:14.136,IKS,1901.9,0.25,1817.9,1837.8,1892.23,1916.41,0.71,38.63,43.97,64.89,i.t,computers - software - medium / small,40.95,0.51,13.21,0.03,0.12,1789.34,1718.62,5.24,2026-07-20,,,,,,,,,,,
2026-07-20T23:56:14.136,APOLLOHOSP,8905.0,0.9,8596.07,8739.0,8859.24,8973.64,0.78,60.46,65.35,63.81,healthcare,healthcare,29.44,0.52,26.29,0.13,0.12,8606.45,8477.54,5.07,2026-07-20,,,,,,,,,,,
2026-07-20T23:56:14.136,JINDALSAW,265.95,-1.3,257.0,248.5,261.77,272.22,0.55,40.79,26.29,55.69,industrials,steel - large,18.66,1.6,63.18,0.58,0.47,242.37,225.84,4.9,2026-07-20,,,,,,,,,,,
2026-07-20T23:56:14.136,ZYDUSLIFE,1149.0,0.46,1117.89,1126.6,1142.97,1158.04,0.5,22.71,22.83,60.59,healthcare,pharmaceuticals - indian - bulk drugs & formln,41.92,0.53,25.7,0.22,0.14,1097.8,1077.11,4.54,2026-07-20,,,,,,,,,,,
2026-07-20T23:56:14.136,3MINDIA,35240.0,1.06,34015.8,34710.0,35487.59,34868.61,0.81,46.09,75.21,57.56,miscellaneous,diversified - large,17.11,-0.7,-0.37,-0.08,0.15,33338.71,32242.74,4.51,2026-07-20,,,,,,,,,,,
2026-07-20T23:56:14.136,SUNPHARMA,1956.4,1.23,1896.3,1910.0,1934.7,1988.94,0.69,43.28,40.43,67.09,healthcare,pharmaceuticals - indian - bulk drugs & formln,33.18,1.12,9.88,0.08,0.12,1898.36,1857.22,4.37,2026-07-20,,,,,,,,,,,
2026-07-20T23:56:14.136,HEG,594.3,1.18,571.05,564.5,551.6,658.35,0.83,-25.18,33.22,62.22,industrials,electrodes - graphites,21.99,7.74,11.42,-0.05,-0.03,545.37,510.98,4.35,2026-07-20,,,,,,,,,,,
2026-07-20T23:56:14.136,SIEMENS,3678.4,0.54,3544.66,3437.0,3448.49,4023.27,0.34,88.42,83.69,57.41,industrials,electric equipment,22.32,6.67,16.35,0.16,0.15,3460.05,3317.88,3.91,2026-07-20,,,,,,,,,,,
2026-07-20T23:56:14.136,AARTIIND,495.4,0.29,479.56,478.35,479.51,519.24,0.59,32.68,42.73,57.49,chemicals,chemicals,17.58,3.31,33.02,0.29,0.26,462.26,444.6,3.71,2026-07-20,,,,,,,,,,,
2026-07-20T23:56:14.136,CHOICEIN,815.05,0.77,787.92,800.1,823.28,802.7,0.65,66.81,71.77,65.05,financials,finance & investments,33.54,-1.0,7.8,-0.09,-0.06,774.86,749.56,3.37,2026-07-20,,,,,,,,,,,
2026-07-20T23:56:14.136,JSWINFRA,348.45,1.84,332.22,331.6,337.71,364.55,0.96,43.34,46.74,66.27,transportation,miscellaneous,36.03,3.18,27.82,0.25,0.16,324.06,307.21,3.19,2026-07-20,,,,,,,,,,,
2026-07-20T23:56:14.136,EXIDEIND,436.65,0.33,425.03,417.8,422.57,457.78,1.28,43.15,43.3,71.75,auto,auto ancillaries,36.28,3.33,19.39,0.17,0.11,415.23,405.76,3.11,2026-07-20,,,,,,,,,,,
2026-07-20T23:56:14.136,BAJFINANCE,1064.0,0.73,1017.44,995.2,1034.11,1108.83,1.0,30.26,34.51,69.63,financials,finance & investments,35.31,2.89,6.61,0.03,-0.01,1013.23,978.85,2.76,2026-07-20,,,,,,,,,,,
2026-07-20T23:56:14.136,DIVISLAB,7318.0,0.97,7092.75,6909.0,6982.01,7821.99,1.1,64.62,74.91,71.64,healthcare,pharmaceuticals - indian - bulk drugs,36.77,4.81,15.52,0.08,0.05,6992.04,6868.08,2.06,2026-07-20,,,,,,,,,,,
2026-07-20T23:56:14.136,IIFL,557.7,0.45,541.25,537.6,535.0,591.75,0.5,10.1,14.21,60.51,financials,finance & investments,25.65,4.24,-1.59,-0.19,0.01,519.66,497.34,1.92,2026-07-20,,,,,,,,,,,
2026-07-20T23:56:14.136,AEGISVOPAK,281.02,3.61,265.11,262.4,281.89,279.71,1.23,113.31,127.34,61.18,transportation,miscellaneous,47.2,-0.31,10.6,0.19,-0.03,246.48,222.06,1.89,2026-07-20,,,,,,,,,,,
2026-07-20T23:56:14.136,IDFCFIRSTB,81.78,1.78,78.11,78.78,79.66,84.96,0.99,53.8,42.51,63.69,bank,banks - private sector,33.81,2.66,-1.2,-0.1,-0.03,78.33,76.14,1.77,2026-07-20,,,,,,,,,,,
2026-07-20T23:56:14.136,SAREGAMA,514.15,3.9,481.52,481.65,478.91,567.01,0.53,33.3,46.2,64.56,media,entertainment / electronic media software,41.49,7.36,35.59,0.36,0.09,474.63,449.39,1.62,2026-07-20,,,,,,,,,,,
2026-07-20T23:56:14.136,NH,2025.9,-0.18,1969.8,1995.0,2014.1,2043.59,0.49,45.96,51.17,59.75,healthcare,healthcare,15.48,0.59,7.03,-0.03,0.11,1942.54,1901.61,1.25,2026-07-20,,,,,,,,,,,
2026-07-20T23:56:14.136,ANANTRAJ,600.8,1.47,570.85,561.0,564.84,654.75,1.35,35.93,36.98,67.02,realty,construction,19.98,6.37,11.5,0.0,-0.1,556.53,525.53,1.24,2026-07-20,,,,,,,,,,,
2026-07-20T23:56:14.136,ETERNAL,286.95,0.12,278.71,278.55,290.56,281.53,0.55,377.57,716.5,61.43,i.t,miscellaneous,36.92,-1.24,1.05,-0.08,-0.13,269.85,259.52,1.18,2026-07-20,,,,,,,,,,,
2026-07-20T23:56:14.136,OIL,453.55,4.18,428.41,427.25,423.06,499.28,1.92,8.78,10.7,60.55,energy,oil drilling / allied services,20.98,7.21,12.95,-0.07,0.01,430.06,415.58,1.11,2026-07-20,,,,,,,,,,,
2026-07-20T23:56:14.136,BALRAMCHIN,600.05,-0.73,582.12,582.3,579.88,630.31,0.43,18.99,32.25,65.36,fmcg,sugar,36.19,3.48,35.4,0.31,0.26,567.06,548.51,1.04,2026-07-20,,,,,,,,,,,
2026-07-20T23:56:14.136,KAJARIACER,1242.2,0.22,1211.38,1213.3,1230.5,1259.76,0.63,31.75,40.67,70.39,building materials,ceramics - tiles / sanitaryware,39.7,0.95,14.15,0.15,-0.01,1186.76,1157.49,1.0,2026-07-20,,,,,,,,,,,
2026-07-20T23:56:14.136,DEEPAKFERT,1605.1,0.7,1544.97,1500.2,1541.07,1701.14,0.36,36.35,27.29,58.85,chemicals,chemicals,24.63,4.15,31.44,0.23,0.04,1493.9,1424.41,0.99,2026-07-20,,,,,,,,,,,
2026-07-20T23:56:14.136,MOTILALOFS,973.15,0.63,933.5,950.6,956.52,998.09,0.62,-65.93,31.04,59.51,financials,finance & investments,25.29,1.74,16.79,0.05,-0.04,919.99,885.78,0.97,2026-07-20,,,,,,,,,,,
2026-07-20T23:56:14.136,GRAVITA,1809.6,-0.47,1764.49,1774.9,1797.34,1827.98,0.47,35.85,34.95,58.79,metals & mining,mining / minerals / metals,17.06,0.68,-2.0,0.05,0.05,1701.89,1636.51,0.91,2026-07-20,,,,,,,,,,,
2026-07-20T23:56:14.136,ICICIBANK,1460.2,1.1,1410.71,1392.0,1417.39,1524.42,1.42,16.95,18.42,73.26,bank,banks - private sector,32.93,3.02,6.95,-0.05,0.05,1403.06,1380.0,0.79,2026-07-20,,,,,,,,,,,
2026-07-20T23:56:14.136,ENDURANCE,2741.5,0.31,2660.5,2621.0,2676.31,2839.28,0.43,34.88,40.39,59.65,auto,auto ancillaries,22.05,2.44,5.06,0.0,-0.07,2596.58,2503.69,0.63,2026-07-20,,,,,,,,,,,
2026-07-20T23:56:14.136,PNB,111.76,5.66,105.25,104.59,103.03,124.85,5.49,5.52,5.51,64.05,bank,banks - public sector,11.75,8.47,-4.27,-0.22,-0.12,106.17,102.17,0.1,2026-07-20,,,,,,,,,,,
2026-07-20T23:56:14.136,PVRINOX,1019.25,2.0,978.04,993.0,997.06,1052.54,1.27,13.42,29.38,59.23,media,entertainment / electronic media software,16.63,2.23,-5.56,-0.09,-0.18,970.33,938.39,-0.06,2026-07-20,,,,,,,,,,,
2026-07-20T23:56:14.136,VOLTAS,1357.4,1.12,1300.26,1326.8,1298.8,1445.31,0.24,96.68,118.17,58.24,consumer discretionary,air-conditioners,16.75,4.51,-2.58,-0.11,-0.05,1282.97,1231.45,-0.42,2026-07-20,,,,,,,,,,,
2026-07-20T23:56:14.136,GODREJPROP,2118.7,0.79,2024.19,2065.5,2121.91,2113.89,0.51,24.54,34.22,68.26,realty,construction,38.85,-0.15,4.74,0.03,-0.11,1999.13,1917.76,-1.02,2026-07-20,,,,,,,,,,,
2026-07-20T23:56:14.136,HOMEFIRST,1273.2,2.53,1210.4,1214.1,1227.12,1342.32,1.01,22.18,23.73,64.55,financials,finance - housing,37.25,3.75,7.79,0.08,0.03,1187.71,1139.99,-1.1,2026-07-20,,,,,,,,,,,
2026-07-20T23:56:14.136,ULTRACEMCO,11903.0,1.5,11418.96,11355.0,11601.17,12355.75,1.45,29.34,42.24,60.48,building materials,cement - north india,11.07,2.6,3.25,-0.11,-0.04,11435.24,11182.43,-1.12,2026-07-20,,,,,,,,,,,
2026-07-20T23:56:14.136,BRITANNIA,5470.0,1.06,5283.67,5235.5,5334.26,5673.61,0.59,48.56,51.46,61.61,fmcg,food - processing - mnc,13.85,2.54,-9.83,-0.15,-0.09,5278.6,5150.55,-1.74,2026-07-20,,,,,,,,,,,
2026-07-20T23:56:14.136,ARE&M,911.3,0.43,885.77,882.4,876.54,963.44,1.3,13.27,18.54,64.26,auto,auto ancillaries,23.9,3.97,-1.08,-0.05,-0.12,860.86,841.53,-1.79,2026-07-20,,,,,,,,,,,
2026-07-20T23:56:14.136,DIXON,14589.0,1.81,13881.7,13180.0,13580.77,16101.34,0.59,74.1,52.61,73.58,consumer discretionary,electronics - consumer,33.94,7.42,7.05,0.25,-0.09,13575.75,12840.82,-1.97,2026-07-20,,,,,,,,,,,
2026-07-20T23:56:14.136,PERSISTENT,5188.7,0.09,5062.68,5012.9,4857.05,5686.17,0.46,38.34,43.3,59.95,i.t,computers - software - large,15.96,6.83,-17.15,-0.25,-0.15,4883.8,4704.42,-2.02,2026-07-20,,,,,,,,,,,
2026-07-20T23:56:14.136,BHARTIHEXA,1617.2,0.73,1543.5,1568.5,1567.09,1692.36,1.09,45.27,46.33,63.4,telecom-service,telecommunications - service provider,25.61,3.2,-7.23,-0.08,-0.16,1521.01,1463.66,-2.28,2026-07-20,,,,,,,,,,,
2026-07-20T23:56:14.136,SRF,2871.7,-0.1,2788.98,2716.0,2766.04,3030.19,0.63,36.57,46.43,61.48,chemicals,chemicals,11.39,3.82,-4.78,-0.13,-0.05,2730.76,2647.95,-2.58,2026-07-20,,,,,,,,,,,
2026-07-20T23:56:14.136,EIHOTEL,340.2,0.43,328.3,332.1,333.95,349.57,0.61,22.38,33.71,63.05,services,hotels,32.49,1.87,-7.84,-0.08,-0.16,321.77,309.75,-2.6,2026-07-20,,,,,,,,,,,
2026-07-20T23:56:14.136,RELIANCE,1323.1,-0.31,1288.6,1286.9,1284.03,1381.71,0.92,21.37,24.03,54.55,energy,refineries,13.53,3.04,-14.2,-0.16,-0.14,1273.69,1259.43,-2.82,2026-07-20,,,,,,,,,,,
2026-07-20T23:56:14.136,JUBLPHARMA,1023.85,0.12,989.85,967.8,976.45,1094.95,0.61,33.9,40.66,65.13,healthcare,pharmaceuticals - indian - bulk drugs,19.97,4.85,-3.49,-0.1,-0.1,969.47,933.83,-2.86,2026-07-20,,,,,,,,,,,
2026-05-11T13:27:39.37,HINDCOPPER,569.6,0.07,552.82,530.25,550.77,597.84,0.43,87.9,83.22,59.56,metals & mining,mining / minerals / metals,15.02,3.42,71.25,0.58,1.3,532.59,514.23,38.28,2026-05-11,,,,,,,,,,,
2026-05-11T13:27:39.37,MCX,3194.7,3.13,2981.65,2867.0,2980.12,3516.57,1.41,38.43,17.4,77.02,financials,miscellaneous,30.16,7.2,94.59,0.56,0.95,2976.25,2833.12,35.94,2026-05-11,,,,,,,,,,,
2026-05-11T13:27:39.37,ACUTAAS,2760.0,0.94,2673.93,2604.5,2592.89,3010.66,0.45,42.88,62.84,70.47,healthcare,pharmaceuticals - indian - bulk drugs,26.98,6.44,96.97,0.44,0.9,2573.35,2452.06,30.78,2026-05-11,,,,,,,,,,,
2026-05-11T13:27:39.37,SYRMA,1131.7,2.87,1070.16,1018.1,1053.14,1249.54,0.91,53.08,72.24,79.98,consumer discretionary,electronics - components,38.5,7.46,32.87,0.3,0.47,1037.49,980.33,30.41,2026-05-11,,,,,,,,,,,
2026-05-11T13:27:39.37,APARINDS,12856.0,0.36,12375.44,12340.0,12587.62,13258.57,0.37,61.8,52.86,67.88,industrials,electric equipment,46.63,2.13,50.71,0.43,0.51,12004.14,11419.24,26.63,2026-05-11,,,,,,,,,,,
2026-05-11T13:27:39.37,VEDL,298.45,0.68,288.32,292.0,290.15,310.9,0.34,4.35,6.66,60.79,metals & mining,mining / minerals / metals,27.66,2.86,74.98,0.48,0.78,272.56,254.4,23.64,2026-05-11,,,,,,,,,,,
2026-05-11T13:27:39.37,LAURUSLABS,1269.8,3.38,1196.97,1157.7,1158.73,1436.4,1.2,61.4,74.58,75.82,healthcare,pharmaceuticals - indian - bulk drugs & formln,26.57,9.59,47.14,0.19,0.38,1190.98,1136.57,23.25,2026-05-11,,,,,,,,,,,
2026-05-11T13:27:39.37,GABRIEL,1135.4,0.31,1085.94,1019.9,1072.7,1229.45,0.4,74.5,65.01,74.87,auto,auto ancillaries,31.75,5.84,-13.41,-0.16,-0.09,1048.41,992.76,21.93,2026-05-11,,,,,,,,,,,
2026-05-11T13:27:39.37,HFCL,148.15,4.96,134.9,125.5,130.68,174.35,2.01,30.61,66.27,85.59,telecom,cables - telephone,61.31,13.37,99.38,0.82,0.97,128.85,118.02,21.71,2026-05-11,,,,,,,,,,,
2026-05-11T13:27:39.37,SCI,341.7,0.78,327.71,306.5,322.37,370.69,3.11,9.83,11.68,75.95,transportation,shipping,37.27,6.0,54.01,0.18,0.53,301.92,299.13,21.53,2026-05-11,,,,,,,,,,,
2026-05-11T13:27:39.37,GALLANTT,911.55,4.87,838.93,831.05,902.43,925.23,0.66,44.77,43.31,69.47,metals & mining,steel - medium / small,50.18,1.01,39.46,0.52,0.4,810.21,760.66,20.64,2026-05-11,,,,,,,,,,,
2026-05-11T13:27:39.37,BSE,3911.0,0.09,3768.3,3691.0,3820.99,4046.02,0.79,50.53,64.47,76.63,financials,miscellaneous,38.14,2.36,75.3,0.35,0.62,3683.83,3542.46,19.35,2026-05-11,,,,,,,,,,,
2026-05-11T13:27:39.37,DATAPATTNS,4134.5,0.76,3959.2,4040.0,4198.92,4037.88,0.38,99.2,92.96,65.19,aerospace & defence,electronics - components,34.82,-1.53,46.53,0.46,0.54,3754.85,3510.62,19.03,2026-05-11,,,,,,,,,,,
2026-05-11T13:27:39.37,IDEA,12.31,9.52,10.98,10.5,10.66,14.78,2.46,-6.28,-4.26,82.88,telecom-service,telecommunications - service provider,32.59,15.45,43.57,0.18,0.82,11.13,10.29,17.82,2026-05-11,,,,,,,,,,,
2026-05-11T13:27:39.37,WELCORP,1333.9,3.25,1250.58,1231.1,1317.76,1358.11,1.16,19.42,17.5,85.35,industrials,steel - large,59.1,1.23,53.11,0.36,0.44,1241.64,1180.24,17.03,2026-05-11,,,,,,,,,,,
2026-05-11T13:27:39.37,GRANULES,757.3,0.58,727.45,700.0,721.62,810.81,0.37,23.0,30.81,84.0,healthcare,pharmaceuticals - indian - bulk drugs & formln,43.89,4.94,36.34,0.26,0.58,709.8,674.52,15.54,2026-05-11,,,,,,,,,,,
2026-05-11T13:27:39.37,KEI,5109.2,0.19,4921.27,4720.1,5065.39,5174.91,0.65,42.95,53.07,65.44,industrials,cables - power,21.55,0.87,21.61,0.2,0.25,4688.42,4484.64,13.43,2026-05-11,,,,,,,,,,,
2026-05-11T13:27:39.37,SAILIFE,1129.3,1.23,1079.96,1070.5,1069.07,1219.65,0.75,59.19,70.08,73.05,healthcare,pharmaceuticals - indian - bulk drugs & formln,26.84,5.63,31.08,0.19,0.18,1061.13,1020.1,13.33,2026-05-11,,,,,,,,,,,
2026-05-11T13:27:39.37,POLYCAB,9052.5,-0.34,8783.74,8154.0,8523.65,9845.78,0.3,43.37,50.92,74.27,industrials,cables - power,29.71,6.2,19.18,0.11,0.24,8529.55,8220.83,12.77,2026-05-11,,,,,,,,,,,
2026-05-11T13:27:39.37,NAVA,730.35,0.45,701.19,670.05,701.68,773.36,0.61,23.29,23.15,73.4,miscellaneous,diversified - large,37.01,4.09,14.75,0.17,0.05,682.27,655.27,12.53,2026-05-11,,,,,,,,,,,
2026-05-11T13:27:39.37,NAVINFLUOR,7113.0,1.02,6806.1,6765.0,6864.46,7485.8,0.39,42.86,54.02,72.48,chemicals,chemicals,27.95,3.62,55.58,0.1,0.38,6742.85,6472.24,12.44,2026-05-11,,,,,,,,,,,
2026-05-11T13:27:39.37,DELHIVERY,478.4,-0.15,458.98,447.95,465.06,498.41,0.62,225.66,234.85,62.7,transportation,miscellaneous,16.85,2.87,2.13,0.03,-0.02,451.22,433.19,11.84,2026-05-11,,,,,,,,,,,
2026-05-11T13:27:39.37,HINDZINC,633.25,-0.29,613.77,597.3,624.29,646.69,0.39,13.29,19.4,63.66,metals & mining,mining / minerals / metals,18.56,1.44,29.39,0.23,0.42,598.53,576.49,11.8,2026-05-11,,,,,,,,,,,
2026-05-11T13:27:39.37,NLCINDIA,328.7,0.15,316.83,313.95,322.38,338.18,0.86,15.74,16.51,73.96,power & utilities,power generation and supply,41.08,1.96,16.23,0.17,0.34,305.45,295.81,10.92,2026-05-11,,,,,,,,,,,
2026-05-11T13:27:39.37,ADANIGREEN,1388.9,2.44,1297.91,1284.2,1348.7,1449.2,0.62,149.02,140.5,84.01,power & utilities,power generation and supply,45.49,2.98,31.02,0.21,0.39,1293.22,1222.26,10.77,2026-05-11,,,,,,,,,,,
2026-05-11T13:27:39.37,LLOYDSME,1765.0,1.65,1678.54,1702.7,1805.98,1703.52,0.49,16.48,24.88,72.48,metals & mining,mining / minerals / metals,51.29,-2.27,34.62,0.24,0.23,1647.62,1559.59,9.83,2026-05-11,,,,,,,,,,,
2026-05-11T13:27:39.37,JBCHEPHARM,2214.7,3.02,2069.47,2080.1,2068.96,2433.32,1.06,43.84,44.54,75.51,healthcare,pharmaceuticals - indian - bulk drugs & formln,27.47,7.04,33.68,0.2,0.24,2097.59,2019.96,9.51,2026-05-11,,,,,,,,,,,
2026-05-11T13:27:39.37,NATCOPHARM,1194.8,1.71,1117.4,1113.6,1116.31,1312.54,0.43,35.31,13.51,74.97,healthcare,pharmaceuticals - indian - bulk drugs & formln,35.2,7.03,47.33,0.37,0.31,1112.51,1050.99,9.41,2026-05-11,,,,,,,,,,,
2026-05-11T13:27:39.37,ENDURANCE,2684.5,6.15,2455.88,2323.6,2366.64,3161.28,2.55,42.58,38.64,72.56,auto,auto ancillaries,19.33,13.43,-9.01,-0.13,-0.1,2462.59,2304.65,9.08,2026-05-11,,,,,,,,,,,
2026-05-11T13:27:39.37,RADICO,3497.5,0.58,3373.36,3302.0,3473.89,3532.91,0.37,65.2,77.0,70.58,fmcg,breweries & distilleries,44.38,0.68,16.71,-0.03,0.17,3270.8,3127.18,8.9,2026-05-11,,,,,,,,,,,
2026-05-11T13:27:39.37,FORTIS,964.35,1.26,928.6,933.3,958.78,972.7,0.73,93.81,74.87,67.27,healthcare,healthcare,23.59,0.58,-7.39,-0.13,-0.02,919.36,890.28,8.81,2026-05-11,,,,,,,,,,,
2026-05-11T13:27:39.37,TORNTPHARM,4542.7,3.7,4251.14,4236.4,4233.24,5006.89,0.92,60.5,65.18,71.82,healthcare,pharmaceuticals - indian - formulations,19.68,7.31,28.44,0.17,0.2,4325.01,4162.53,8.75,2026-05-11,,,,,,,,,,,
2026-05-11T13:27:39.37,STARHEALTH,519.85,-0.06,501.76,512.0,523.8,513.92,0.78,68.76,54.93,63.43,financials,finance & investments,35.35,-0.76,9.24,-0.02,0.14,485.57,468.4,8.63,2026-05-11,,,,,,,,,,,
2026-05-11T13:27:39.37,VIJAYA,1355.0,5.95,1249.5,1143.7,1186.09,1608.37,7.11,72.69,75.99,92.56,healthcare,healthcare,45.7,14.24,35.49,0.22,0.28,1239.52,1172.9,8.05,2026-05-11,,,,,,,,,,,
2026-05-11T13:27:39.37,PAYTM,1189.6,0.21,1146.89,1075.1,1131.14,1277.29,0.32,103.62,137.4,61.69,i.t,miscellaneous,18.77,5.17,-3.88,-0.19,-0.08,1106.48,1049.73,7.79,2026-05-11,,,,,,,,,,,
2026-05-11T13:27:39.37,ADANIPORTS,1765.8,0.31,1698.44,1708.0,1732.99,1815.01,0.88,30.55,30.24,75.23,transportation,miscellaneous,29.35,1.89,26.22,0.12,0.25,1664.88,1593.9,7.59,2026-05-11,,,,,,,,,,,
2026-05-11T13:27:39.37,TVSMOTOR,3654.3,-1.11,3548.68,3462.8,3515.93,3861.86,0.28,51.59,60.65,52.9,auto,automobiles - motorcycles / mopeds,13.81,3.94,4.01,-0.03,0.08,3446.34,3320.96,7.51,2026-05-11,,,,,,,,,,,
2026-05-11T13:27:39.37,GLAND,1945.6,2.16,1841.13,1763.2,1791.67,2176.49,1.19,30.65,37.04,68.75,healthcare,pharmaceuticals - indian - formulations,22.33,8.59,0.31,-0.04,-0.03,1821.13,1735.88,7.18,2026-05-11,,,,,,,,,,,
2026-05-11T13:27:39.37,NESTLEIND,1488.2,0.39,1441.09,1447.6,1498.68,1472.48,0.41,64.48,68.92,79.12,fmcg,food - processing - mnc,52.97,-0.7,26.51,0.09,0.22,1429.76,1395.83,7.05,2026-05-11,,,,,,,,,,,
2026-05-11T13:27:39.37,MFSL,1694.7,-0.29,1643.46,1580.0,1619.58,1807.39,0.6,395.96,411.55,59.25,miscellaneous,miscellaneous,17.73,4.64,6.8,-0.04,-0.01,1613.36,1561.56,7.0,2026-05-11,,,,,,,,,,,
2026-05-11T13:27:39.37,FINCABLES,1149.85,0.75,1083.24,1005.15,1059.6,1285.22,0.66,26.79,25.64,81.98,industrials,cables - power,38.15,8.52,40.55,0.38,0.31,1042.66,963.31,6.92,2026-05-11,,,,,,,,,,,
2026-05-11T13:27:39.37,AIIL,506.55,2.35,476.67,449.1,475.07,553.77,0.31,13.32,2.31,60.34,financials,finance & investments,23.69,6.63,-22.0,-0.17,-0.16,463.79,439.18,6.86,2026-05-11,,,,,,,,,,,
2026-05-11T13:27:39.37,YESBANK,22.8,-0.61,22.02,19.76,21.11,25.33,1.09,16.76,20.67,75.67,bank,banks - private sector,33.72,7.99,4.5,-0.08,0.13,21.27,20.41,6.56,2026-05-11,,,,,,,,,,,
2026-05-11T13:27:39.37,ECLERX,1688.2,1.17,1580.64,1409.5,1468.94,2017.08,0.75,10.34,11.72,64.38,i.t,computers - software - medium / small,20.99,14.93,-15.76,-0.27,-0.18,1519.66,1410.16,6.36,2026-05-11,,,,,,,,,,,
2026-05-11T13:27:39.37,UNOMINDA,1170.0,-0.76,1130.23,1066.3,1123.87,1239.2,0.34,60.94,59.63,59.86,auto,auto ancillaries,11.13,4.1,-14.35,-0.12,-0.08,1096.21,1042.86,6.08,2026-05-11,,,,,,,,,,,
2026-05-11T13:27:39.37,LINDEINDIA,7779.5,-0.37,7487.2,7315.0,7379.42,8379.61,0.42,85.79,112.89,68.65,chemicals,chemicals,25.58,5.42,26.61,0.22,0.18,7280.24,6967.3,5.54,2026-05-11,,,,,,,,,,,
2026-05-11T13:27:39.37,AUROPHARMA,1489.2,0.13,1447.85,1367.0,1436.03,1568.96,0.41,23.76,24.77,70.96,healthcare,pharmaceuticals - indian - bulk drugs & formln,22.88,3.7,36.69,0.22,0.38,1413.84,1373.62,5.5,2026-05-11,,,,,,,,,,,
2026-05-11T13:27:39.37,SOLARINDS,16190.0,0.53,15586.9,15407.0,15881.34,16652.99,0.44,82.08,100.36,71.09,aerospace & defence,chemicals,36.42,1.94,14.47,0.1,0.07,15382.06,14866.11,5.27,2026-05-11,,,,,,,,,,,
2026-05-11T13:27:39.37,WOCKPHARMA,1619.5,0.81,1559.96,1500.1,1522.31,1765.29,1.1,39.58,122.45,66.8,healthcare,pharmaceuticals - indian - bulk drugs & formln,40.49,6.38,13.69,0.12,0.07,1444.87,1354.39,5.08,2026-05-11,,,,,,,,,,,
2026-05-11T13:27:39.37,LALPATHLAB,1673.4,1.43,1596.71,1522.4,1502.61,1929.58,1.32,53.23,34.95,72.36,healthcare,healthcare,35.11,11.37,6.42,-0.0,-0.04,1513.86,1418.8,4.6,2026-05-11,,,,,,,,,,,
2026-05-11T13:27:39.37,AJANTPHARM,3081.0,1.52,2927.55,2855.6,2874.51,3390.73,0.51,36.08,35.9,66.03,healthcare,pharmaceuticals - indian - formulations,17.79,7.18,25.29,0.12,0.12,2898.72,2771.01,4.49,2026-05-11,,,,,,,,,,,
2026-05-11T13:27:39.37,MARICO,847.5,1.95,808.3,760.6,799.0,920.25,0.89,69.7,60.99,77.01,fmcg,solvent extraction,26.22,6.07,18.6,0.1,0.11,804.77,772.82,4.42,2026-05-11,,,,,,,,,,,
2026-05-11T13:27:39.37,PHOENIXLTD,1822.0,-0.4,1764.1,1770.7,1815.72,1831.42,0.19,40.38,53.46,61.53,realty,construction,18.57,0.35,13.09,-0.05,0.12,1730.54,1665.94,4.4,2026-05-11,,,,,,,,,,,
2026-05-11T13:27:39.37,360ONE,1123.9,0.48,1089.27,1050.5,1074.52,1197.97,0.48,39.46,37.09,65.94,financials,finance & investments,17.47,4.6,5.14,-0.03,0.0,1062.55,1027.05,4.26,2026-05-11,,,,,,,,,,,
2026-05-11T13:27:39.37,IKS,1746.6,2.96,1631.7,1650.0,1622.61,1932.59,0.74,39.84,42.71,76.12,i.t,computers - software - medium / small,38.16,7.64,13.59,-0.03,0.06,1617.65,1539.24,4.12,2026-05-11,,,,,,,,,,,
2026-05-11T13:27:39.37,APOLLOHOSP,8087.5,-0.12,7862.05,7678.0,7787.05,8538.18,0.74,57.87,64.61,67.96,healthcare,healthcare,14.36,3.86,5.04,-0.03,-0.01,7783.61,7612.2,3.58,2026-05-11,,,,,,,,,,,
2026-05-11T13:27:39.37,BIOCON,392.1,3.08,364.31,359.2,364.09,434.11,2.4,124.08,136.34,67.81,healthcare,pharmaceuticals - indian - bulk drugs & formln,23.18,7.69,12.94,-0.05,0.06,364.68,348.27,3.4,2026-05-11,,,,,,,,,,,
2026-05-11T13:27:39.37,KIMS,763.95,6.46,695.65,669.6,680.86,888.59,4.26,143.6,95.68,74.77,healthcare,healthcare,24.27,12.2,8.21,-0.03,-0.01,709.21,675.6,3.28,2026-05-11,,,,,,,,,,,
2026-05-11T13:27:39.37,OLECTRA,1377.9,2.77,1324.37,1232.0,1278.19,1527.47,1.37,60.97,76.96,74.14,auto,automobiles - lcvs / hcvs,40.4,7.8,-10.34,-0.16,-0.13,1261.62,1191.51,3.22,2026-05-11,,,,,,,,,,,
2026-05-11T13:27:39.37,PVRINOX,1080.1,0.59,1016.36,1037.1,1060.06,1110.16,0.7,27.69,468.91,67.5,media,entertainment / electronic media software,28.23,1.89,-1.19,-0.14,-0.07,1018.18,975.64,3.0,2026-05-11,,,,,,,,,,,
2026-05-11T13:27:39.37,ALKEM,5640.0,0.98,5384.61,5313.0,5411.62,5982.57,0.21,26.51,28.17,58.96,healthcare,pharmaceuticals - indian - bulk drugs & formln,15.68,4.22,2.69,-0.08,0.01,5345.61,5138.82,2.66,2026-05-11,,,,,,,,,,,
2026-05-11T13:27:39.37,TATACONSUM,1256.0,6.78,1176.0,1135.6,1170.42,1384.37,8.03,74.06,75.45,74.79,fmcg,tea,27.44,7.31,12.14,-0.01,0.12,1176.46,1122.8,2.38,2026-05-11,,,,,,,,,,,
2026-05-11T13:27:39.37,GRASIM,2997.1,0.96,2869.44,2823.6,2861.62,3200.32,0.36,49.04,44.59,74.4,textiles,textiles - manmade,22.11,4.73,6.77,0.01,0.01,2868.07,2781.49,2.17,2026-05-11,,,,,,,,,,,
2026-05-11T13:27:39.37,CAMS,823.3,-1.55,798.11,738.0,794.08,867.13,0.58,40.36,15.08,70.03,financials,miscellaneous,28.35,3.68,8.42,-0.0,0.02,769.54,739.32,2.11,2026-05-11,,,,,,,,,,,
2026-05-11T13:27:39.37,DIVISLAB,6735.5,0.37,6517.0,6569.0,6635.09,6886.12,0.49,76.61,71.87,74.42,healthcare,pharmaceuticals - indian - bulk drugs,35.69,1.51,10.34,-0.07,0.08,6494.15,6362.65,2.1,2026-05-11,,,,,,,,,,,
2026-05-11T13:27:39.37,M&M,3279.6,-1.53,3159.72,3070.2,3154.09,3467.86,0.49,19.63,21.75,55.52,auto,automobiles - passenger cars,15.08,3.98,-6.1,-0.18,-0.06,3090.53,2958.12,1.72,2026-05-11,,,,,,,,,,,
2026-05-11T13:27:39.37,SAGILITY,45.25,2.4,42.35,41.15,41.4,51.03,0.85,19.85,24.41,66.29,i.t,computers - software - medium / small,12.89,9.3,2.23,-0.2,-0.04,42.15,39.97,1.71,2026-05-11,,,,,,,,,,,
2026-05-11T13:27:39.37,BAJFINANCE,952.05,-0.35,922.18,933.15,950.47,954.42,0.32,27.08,31.21,57.07,financials,finance & investments,21.1,0.17,-6.3,-0.18,0.03,905.36,874.3,1.57,2026-05-11,,,,,,,,,,,
2026-05-11T13:27:39.37,ASIANPAINT,2580.8,-0.74,2505.86,2415.0,2520.84,2670.75,0.47,58.34,64.8,66.11,building materials,paints / varnishes,28.41,2.38,9.69,-0.09,-0.03,2456.96,2381.68,1.53,2026-05-11,,,,,,,,,,,
2026-05-11T13:27:39.37,RKFORGE,624.65,2.36,591.04,599.0,606.23,652.28,1.65,50.54,154.1,69.44,industrials,castings & forgings,26.58,3.04,13.84,0.08,0.05,578.27,548.73,1.21,2026-05-11,,,,,,,,,,,
2026-05-11T13:27:39.37,PNBHOUSING,1087.4,-0.35,1049.19,1031.4,1085.32,1090.51,0.28,10.8,12.4,75.19,financials,finance - housing,42.34,0.19,22.25,0.12,0.31,1029.52,993.71,1.21,2026-05-11,,,,,,,,,,,
2026-05-11T13:27:39.37,HYUNDAI,1892.5,2.14,1813.49,1797.8,1815.78,2007.58,3.41,30.62,27.72,55.27,auto,automobiles - passenger cars,17.52,4.23,-22.86,-0.25,-0.25,1786.97,1759.33,1.2,2026-05-11,,,,,,,,,,,
2026-05-11T13:27:39.37,JUBLINGREA,745.1,0.34,706.78,712.9,742.83,748.51,0.51,62.72,44.18,67.6,chemicals,chemicals,33.08,0.31,12.36,0.05,0.01,695.52,659.13,1.08,2026-05-11,,,,,,,,,,,
2026-05-11T13:27:39.37,ZYDUSLIFE,944.7,0.5,908.46,897.0,919.33,982.76,0.56,22.8,19.15,59.15,healthcare,pharmaceuticals - indian - bulk drugs & formln,17.43,2.76,-4.35,-0.08,-0.07,903.43,876.23,1.05,2026-05-11,,,,,,,,,,,
2026-05-11T13:27:39.37,NH,1870.0,2.73,1765.67,1741.2,1796.5,1980.26,0.73,74.92,47.47,61.99,healthcare,healthcare,15.68,4.09,5.0,-0.05,-0.02,1755.27,1670.92,0.98,2026-05-11,,,,,,,,,,,
2026-05-11T13:27:39.37,SUNPHARMA,1874.3,1.43,1788.5,1798.6,1775.41,2022.63,0.35,33.47,40.61,68.39,healthcare,pharmaceuticals - indian - bulk drugs & formln,23.87,5.57,13.43,0.02,0.1,1782.2,1724.63,0.91,2026-05-11,,,,,,,,,,,
2026-05-11T13:27:39.37,ADANIENT,2497.5,-0.34,2410.8,2450.0,2511.3,2476.79,0.37,-365.13,31.93,71.98,services,trading,44.72,-0.55,-1.73,-0.03,0.02,2363.32,2269.99,0.51,2026-05-11,,,,,,,,,,,
2026-05-11T13:27:39.37,AFFLE,1673.8,11.12,1456.48,1397.0,1430.36,2038.95,12.33,49.23,48.2,77.35,i.t,computers - software - medium / small,19.45,17.02,-11.29,-0.12,-0.17,1523.9,1423.67,0.4,2026-05-11,,,,,,,,,,,
2026-05-11T13:27:39.37,MANKIND,2454.0,0.95,2352.0,2247.1,2339.47,2625.8,0.4,61.97,56.4,79.87,healthcare,pharmaceuticals - indian - bulk drugs & formln,32.16,4.9,-1.05,-0.0,-0.09,2327.63,2236.75,0.2,2026-05-11,,,,,,,,,,,
2026-05-11T13:27:39.37,MEDANTA,1232.4,2.65,1161.5,1159.2,1171.0,1324.51,0.55,87.03,62.79,71.18,healthcare,healthcare,33.52,5.24,-8.8,-0.09,-0.14,1154.49,1098.05,0.16,2026-05-11,,,,,,,,,,,
2026-04-22T15:21:02.937,SCHNEIDER,,,,,,,,,,,industrials,electric equipment,,,,,,,,,2026-04-22,0.0,8.56,13.45,6645.3,,,,,,,
2026-04-22T15:21:02.937,CUPID,,,,,,,,,,,fmcg,personal care - indian,,,,,,,,,2026-04-22,0.07,11.31,20.86,8194.28,,,,,,,
2026-04-22T15:21:02.937,STLTECH,,,,,,,,,,,industrials,cables - telephone,,,,,,,,,2026-04-22,0.09,11.23,19.08,7852.39,,,,,,,
2026-04-22T15:21:02.937,DYNAMATECH,,,,,,,,,,,industrials,engineering,,,,,,,,,2026-04-22,0.37,13.69,13.69,4515.95,,,,,,,
2026-04-22T15:21:02.937,ANGELONE,,,,,,,,,,,financials,finance & investments,,,,,,,,,2026-04-22,0.55,5.1,14.38,2122.36,,,,,,,
2026-04-22T15:21:02.937,PAISALO,,,,,,,,,,,financials,finance & investments,,,,,,,,,2026-04-22,0.81,9.41,11.46,2468.94,,,,,,,
2026-04-22T15:21:02.937,INOXINDIA,,,,,,,,,,,industrials,packaging,,,,,,,,,2026-04-22,0.85,9.23,10.21,3595.37,,,,,,,
2026-04-22T15:21:02.937,PRECWIRE,,,,,,,,,,,metals & mining,mining / minerals / metals,,,,,,,,,2026-04-22,0.85,10.31,16.55,3134.38,,,,,,,
2026-04-22T15:21:02.937,MAHLOG,,,,,,,,,,,transportation,miscellaneous,,,,,,,,,2026-04-22,0.91,3.52,7.3,1738.94,,,,,,,
2026-04-22T15:21:02.937,BLISSGVS,,,,,,,,,,,healthcare,pharmaceuticals - indian - formulations,,,,,,,,,2026-04-22,1.07,10.34,10.34,1873.74,,,,,,,
2026-04-22T15:21:02.937,SANGAMIND,,,,,,,,,,,textiles,textiles - spinning - synthetic / blended,,,,,,,,,2026-04-22,1.2,18.0,21.51,802.15,,,,,,,
2026-04-22T15:21:02.937,VOLTAMP,,,,,,,,,,,industrials,electric equipment,,,,,,,,,2026-04-22,1.41,9.62,16.56,7797.57,,,,,,,
2026-04-22T15:21:02.937,MANGLMCEM,,,,,,,,,,,building materials,cement - north india,,,,,,,,,2026-04-22,1.56,5.39,6.69,1549.05,,,,,,,
2026-04-22T15:21:02.937,MANINDS,,,,,,,,,,,metals & mining,steel - medium / small,,,,,,,,,2026-04-22,1.65,8.86,18.48,2362.67,,,,,,,
2026-04-22T15:21:02.937,SIGMAADV,,,,,,,,,,,aerospace & defence,electronics - components,,,,,,,,,2026-04-22,1.74,13.53,23.74,1151.36,,,,,,,
2026-04-22T15:21:02.937,AZAD,,,,,,,,,,,aerospace & defence,engineering,,,,,,,,,2026-04-22,1.77,6.96,8.45,5560.63,,,,,,,
2026-04-22T15:21:02.937,SBC,,,,,,,,,,,textiles,textiles - products,,,,,,,,,2026-04-22,2.02,3.76,4.11,792.27,,,,,,,
2026-04-22T15:21:02.937,CEIGALL,,,,,,,,,,,realty,construction,,,,,,,,,2026-04-22,2.07,9.69,13.03,1020.73,,,,,,,
2026-04-22T15:21:02.937,SALSTEEL,,,,,,,,,,,metals & mining,steel - sponge iron,,,,,,,,,2026-04-22,2.15,7.12,10.78,237.37,,,,,,,
2026-04-22T15:21:02.937,RISHABH,,,,,,,,,,,industrials,electric equipment,,,,,,,,,2026-04-22,2.19,13.32,13.32,591.09,,,,,,,
2026-04-22T15:21:02.937,GNA,,,,,,,,,,,auto,auto ancillaries,,,,,,,,,2026-04-22,2.51,8.57,8.59,621.06,,,,,,,
2026-04-22T15:21:02.937,WHEELS,,,,,,,,,,,auto,auto ancillaries,,,,,,,,,2026-04-22,2.65,5.18,7.89,1099.73,,,,,,,
2026-04-22T15:21:02.937,MACPOWER,,,,,,,,,,,industrials,engineering,,,,,,,,,2026-04-22,2.79,12.48,14.75,311.36,,,,,,,
2026-04-22T15:21:02.937,KRISHANA,,,,,,,,,,,chemicals,fertilizers,,,,,,,,,2026-04-22,2.89,5.19,7.65,1095.71,,,,,,,
2026-04-22T15:21:02.937,NITINSPIN,,,,,,,,,,,textiles,textiles - cotton/blended,,,,,,,,,2026-04-22,2.99,4.93,7.84,1018.18,,,,,,,
2026-04-22T15:21:02.937,CHENNPETRO,,,,,,,,,,,energy,refineries,,,,,,,,,2026-04-22,3.08,7.96,12.02,5207.45,,,,,,,
2026-04-22T15:21:02.937,VENUSREM,,,,,,,,,,,healthcare,pharmaceuticals - indian - formulations,,,,,,,,,2026-04-22,3.18,8.78,9.28,820.69,,,,,,,
2026-04-22T15:21:02.937,HONASA,,,,,,,,,,,services,trading,,,,,,,,,2026-04-22,3.71,5.78,7.36,7264.75,,,,,,,
2026-04-22T15:21:02.937,GOKULAGRO,,,,,,,,,,,fmcg,solvent extraction,,,,,,,,,2026-04-22,3.77,21.38,21.71,1799.36,,,,,,,
2026-04-22T15:21:02.937,ENGINERSIN,,,,,,,,,,,realty,engineering - turnkey services,,,,,,,,,2026-04-22,3.8,5.78,14.81,6723.32,,,,,,,
2026-04-22T15:21:02.937,GPIL,,,,,,,,,,,metals & mining,steel - medium / small,,,,,,,,,2026-04-22,3.88,4.54,5.25,7298.28,,,,,,,
2026-04-22T15:21:02.937,IMFA,,,,,,,,,,,metals & mining,mining / minerals / metals,,,,,,,,,2026-04-22,3.99,5.91,11.47,3387.25,,,,,,,
2026-04-22T15:21:02.937,JAYNECOIND,,,,,,,,,,,metals & mining,steel - large,,,,,,,,,2026-04-22,4.21,7.51,12.05,4239.82,,,,,,,
2026-04-22T15:21:02.937,SHAH,,,,,,,,,,,metals & mining,steel - medium / small,,,,,,,,,2026-04-22,4.32,7.27,7.48,333.03,,,,,,,
2026-04-22T15:21:02.937,MMFL,,,,,,,,,,,industrials,castings & forgings,,,,,,,,,2026-04-22,4.36,14.8,16.44,1062.52,,,,,,,
2026-04-22T15:21:02.937,ANURAS,,,,,,,,,,,chemicals,chemicals,,,,,,,,,2026-04-22,4.51,5.69,7.43,6260.54,,,,,,,
2026-04-22T15:21:02.937,STEELCAS,,,,,,,,,,,industrials,castings & forgings,,,,,,,,,2026-04-22,4.51,5.04,7.44,1615.81,,,,,,,
2026-04-22T15:21:02.937,SATIN,,,,,,,,,,,financials,finance & investments,,,,,,,,,2026-04-22,4.78,5.95,11.39,1196.77,,,,,,,
2026-04-22T15:21:02.937,AFIL,,,,,,,,,,,financials,finance & investments,,,,,,,,,2026-04-22,4.82,8.49,10.14,249.54,,,,,,,
2026-04-22T15:21:02.937,AHLEAST,,,,,,,,,,,services,hotels,,,,,,,,,2026-04-22,4.91,12.7,14.92,98.77,,,,,,,
2026-04-22T15:21:02.937,AARTIIND,,,,,,,,,,,chemicals,chemicals,,,,,,,,,2026-04-22,5.0,8.37,10.15,9873.87,,,,,,,
2026-04-22T15:21:02.937,HAPPYFORGE,,,,,,,,,,,industrials,castings & forgings,,,,,,,,,2026-04-22,5.06,9.21,9.21,2694.8,,,,,,,
2026-04-22T15:21:02.937,FINCABLES,,,,,,,,,,,industrials,cables - power,,,,,,,,,2026-04-22,5.06,6.88,10.76,9574.38,,,,,,,
2026-04-22T15:21:02.937,BHAGYANGR,,,,,,,,,,,power & utilities,power generation and supply,,,,,,,,,2026-04-22,5.11,7.76,15.63,236.97,,,,,,,
2026-04-22T15:21:02.937,AEROFLEX,,,,,,,,,,,metals & mining,steel - medium / small,,,,,,,,,2026-04-22,5.38,9.57,12.53,1389.56,,,,,,,
2026-04-22T15:21:02.937,LUMAXTECH,,,,,,,,,,,auto,auto ancillaries,,,,,,,,,2026-04-22,5.4,5.09,6.22,5387.39,,,,,,,
2026-04-22T15:21:02.937,EMCURE,,,,,,,,,,,healthcare,pharmaceuticals - indian - bulk drugs & formln,,,,,,,,,2026-04-22,5.53,11.88,12.75,6691.16,,,,,,,
2026-04-22T15:21:02.937,NATCOPHARM,,,,,,,,,,,healthcare,pharmaceuticals - indian - bulk drugs & formln,,,,,,,,,2026-04-22,5.58,8.42,8.42,9694.9,,,,,,,
2026-04-22T15:21:02.937,BAJAJCON,,,,,,,,,,,fmcg,personal care - indian,,,,,,,,,2026-04-22,5.59,9.8,16.66,3494.48,,,,,,,
2026-04-22T15:21:02.937,ABSLAMC,,,,,,,,,,,financials,finance & investments,,,,,,,,,2026-04-22,5.71,6.22,6.51,7421.99,,,,,,,
2026-04-22T15:21:02.937,UNIPARTS,,,,,,,,,,,industrials,engineering,,,,,,,,,2026-04-22,6.04,5.49,6.91,786.85,,,,,,,
2026-04-22T15:21:02.937,CANFINHOME,,,,,,,,,,,financials,finance - housing,,,,,,,,,2026-04-22,6.23,7.62,9.74,8492.68,,,,,,,
2026-04-22T15:21:02.937,CRAFTSMAN,,,,,,,,,,,auto,auto ancillaries,,,,,,,,,2026-04-22,6.38,3.88,6.58,9417.42,,,,,,,
2026-04-22T15:21:02.937,SMSPHARMA,,,,,,,,,,,healthcare,pharmaceuticals - indian - bulk drugs,,,,,,,,,2026-04-22,6.45,7.01,10.1,1252.81,,,,,,,
2026-04-22T15:21:02.937,APOLLOPIPE,,,,,,,,,,,plastic products,plastics products,,,,,,,,,2026-04-22,6.52,10.02,10.02,984.08,,,,,,,
2026-04-22T15:21:02.937,EDELWEISS,,,,,,,,,,,financials,finance & investments,,,,,,,,,2026-04-22,6.62,6.12,6.46,7826.12,,,,,,,
2026-04-22T15:21:02.937,MAYURUNIQ,,,,,,,,,,,consumer discretionary,leather / leather products,,,,,,,,,2026-04-22,6.75,4.09,5.87,1052.28,,,,,,,
2026-04-22T15:21:02.937,SENORES,,,,,,,,,,,healthcare,pharmaceuticals - indian - formulations,,,,,,,,,2026-04-22,6.76,8.51,11.43,2197.51,,,,,,,
2026-04-22T15:21:02.937,INGERRAND,,,,,,,,,,,industrials,compressors / drilling equipment,,,,,,,,,2026-04-22,6.82,5.71,5.71,3292.7,,,,,,,
2026-04-22T15:21:02.937,LOKESHMACH,,,,,,,,,,,industrials,engineering,,,,,,,,,2026-04-22,7.15,8.22,9.63,247.1,,,,,,,
2026-04-22T15:21:02.937,AGIIL,,,,,,,,,,,realty,construction,,,,,,,,,2026-04-22,7.2,8.3,9.41,1290.9,,,,,,,
2026-04-22T15:21:02.937,SPORTKING,,,,,,,,,,,textiles,textiles - spinning - synthetic / blended,,,,,,,,,2026-04-22,7.27,11.52,11.58,462.18,,,,,,,
2026-04-22T15:21:02.937,RRKABEL,,,,,,,,,,,industrials,cables - power,,,,,,,,,2026-04-22,7.3,4.73,9.95,6344.01,,,,,,,
2026-04-22T15:21:02.937,SARDAEN,,,,,,,,,,,metals & mining,steel - medium / small,,,,,,,,,2026-04-22,7.48,4.6,5.59,5598.43,,,,,,,
2026-04-22T15:21:02.937,STYLAMIND,,,,,,,,,,,building materials,miscellaneous,,,,,,,,,2026-04-22,7.66,1.03,1.48,1745.33,,,,,,,
2026-04-22T15:21:02.937,THANGAMAYL,,,,,,,,,,,consumer discretionary,diamond cutting / jewellery,,,,,,,,,2026-04-22,7.83,6.09,9.08,4809.78,,,,,,,
2026-04-22T15:21:02.937,PRIVISCL,,,,,,,,,,,chemicals,chemicals,,,,,,,,,2026-04-22,8.04,3.89,10.62,4869.47,,,,,,,
2026-04-22T15:21:02.937,GODAVARIB,,,,,,,,,,,fmcg,sugar,,,,,,,,,2026-04-22,8.04,5.82,7.27,602.05,,,,,,,
2026-04-22T15:21:02.937,CENTUM,,,,,,,,,,,consumer discretionary,electronics - components,,,,,,,,,2026-04-22,8.45,14.19,14.19,2250.49,,,,,,,
2026-04-22T15:21:02.937,MASFIN,,,,,,,,,,,financials,finance & investments,,,,,,,,,2026-04-22,8.45,4.55,5.04,1955.81,,,,,,,
2026-04-22T15:21:02.937,SILGO,,,,,,,,,,,consumer discretionary,diamond cutting / jewellery,,,,,,,,,2026-04-22,8.81,7.18,8.34,93.11,,,,,,,
2026-04-22T15:21:02.937,KRN,,,,,,,,,,,industrials,engineering,,,,,,,,,2026-04-22,9.0,11.02,16.39,2171.17,,,,,,,
2026-04-22T15:21:02.937,DIVGIITTS,,,,,,,,,,,auto,auto ancillaries,,,,,,,,,2026-04-22,9.17,6.99,10.16,884.57,,,,,,,
2026-04-22T15:21:02.937,ASHIANA,,,,,,,,,,,realty,construction,,,,,,,,,2026-04-22,9.19,4.15,5.3,1335.59,,,,,,,
2026-04-22T15:21:02.937,INDSWFTLAB,,,,,,,,,,,healthcare,pharmaceuticals - indian - bulk drugs & formln,,,,,,,,,2026-04-22,9.33,11.48,16.5,702.0,,,,,,,
2026-04-22T15:21:02.937,GVPIL,,,,,,,,,,,realty,engineering - turnkey services,,,,,,,,,2026-04-22,9.52,5.25,8.54,1055.21,,,,,,,
2026-04-22T15:21:02.937,NETWEB,,,,,,,,,,,i.t,computers - hardware,,,,,,,,,2026-04-22,10.19,10.53,14.36,7561.77,,,,,,,
2026-04-22T15:21:02.937,JINDALSAW,,,,,,,,,,,industrials,steel - large,,,,,,,,,2026-04-22,10.46,6.82,14.83,5764.3,,,,,,,
2026-04-22T15:21:02.937,CIEINDIA,,,,,,,,,,,industrials,castings & forgings,,,,,,,,,2026-04-22,10.48,6.35,7.91,6127.51,,,,,,,
2026-04-22T15:21:02.937,UFBL,,,,,,,,,,,consumer discretionary,hotels,,,,,,,,,2026-04-22,10.52,6.47,10.27,814.78,,,,,,,
2026-04-09T15:30:31.66,GVT&D,3922.0,5.29,3676.96,3650.0,3570.88,4448.68,1.62,86.31,89.31,58.98,industrials,electric equipment,24.28,9.83,43.18,0.18,0.52,3455.28,3161.05,35.91,2026-04-09,,,,,,,,,,,
2026-04-09T15:30:31.66,MCX,2656.2,2.31,2524.97,2360.0,2414.52,3018.72,0.83,8.44,14.13,61.19,financials,miscellaneous,11.52,10.01,74.04,0.49,0.55,2440.14,2303.7,33.28,2026-04-09,,,,,,,,,,,
2026-04-09T15:30:31.66,NATIONALUM,412.05,2.97,390.33,385.2,382.14,456.92,0.86,11.85,11.96,61.18,metals & mining,aluminium and aluminium products,16.58,7.83,95.93,0.7,1.01,378.89,355.47,32.36,2026-04-09,,,,,,,,,,,
2026-04-09T15:30:31.66,POWERINDIA,27400.0,5.73,25347.7,24180.0,24544.3,31683.55,1.6,116.79,135.94,68.15,industrials,electric equipment,20.79,11.63,45.35,0.42,0.33,25177.85,23511.24,26.71,2026-04-09,,,,,,,,,,,
2026-04-09T15:30:31.66,GMDCLTD,604.55,0.72,584.08,565.15,571.84,653.61,0.6,36.16,19.3,61.37,metals & mining,mining / minerals / metals,12.08,5.72,12.24,-0.05,0.28,560.42,536.77,25.99,2026-04-09,,,,,,,,,,,
2026-04-09T15:30:31.66,ANANDRATHI,3547.3,4.38,3278.1,3052.6,3095.12,4225.56,7.53,73.47,76.75,81.04,financials,finance & investments,26.36,14.61,20.11,0.09,0.28,3286.35,3119.34,21.69,2026-04-09,,,,,,,,,,,
2026-04-09T15:30:31.66,DATAPATTNS,3379.0,2.99,3183.04,2900.1,3042.52,3883.72,0.9,81.07,74.33,60.39,aerospace & defence,electronics - components,19.51,11.06,33.13,0.12,0.18,3055.96,2846.17,20.63,2026-04-09,,,,,,,,,,,
2026-04-09T15:30:31.66,APARINDS,10770.0,2.68,10237.57,9298.5,9611.76,12507.35,1.37,51.77,43.28,62.95,industrials,electric equipment,23.84,12.05,37.69,0.16,0.14,9671.69,9192.95,20.44,2026-04-09,,,,,,,,,,,
2026-04-09T15:30:31.66,SYRMA,846.65,0.24,825.16,765.2,781.48,944.41,0.49,39.71,55.46,60.33,consumer discretionary,electronics - components,13.55,8.34,-1.51,-0.08,0.17,780.01,747.38,18.14,2026-04-09,,,,,,,,,,,
2026-04-09T15:30:31.66,LAURUSLABS,1083.95,0.14,1052.57,994.25,998.22,1212.54,0.52,58.03,69.21,61.53,healthcare,pharmaceuticals - indian - bulk drugs & formln,13.88,8.59,21.11,0.17,0.27,1014.95,970.15,18.11,2026-04-09,,,,,,,,,,,
2026-04-09T15:30:31.66,BSE,3263.7,3.16,3074.85,2763.0,2855.36,3876.21,1.37,55.85,40.95,66.53,financials,miscellaneous,14.32,14.3,39.13,0.34,0.23,2970.94,2773.37,16.97,2026-04-09,,,,,,,,,,,
2026-04-09T15:30:31.66,DELHIVERY,469.65,2.13,447.91,415.55,422.57,540.26,1.56,221.53,225.42,67.58,transportation,miscellaneous,15.48,11.14,-0.84,-0.07,0.02,434.34,413.16,16.96,2026-04-09,,,,,,,,,,,
2026-04-09T15:30:31.66,ADANIPOWER,173.06,2.21,164.2,150.62,158.49,194.92,1.38,33.54,9.37,75.27,power & utilities,power generation and supply,16.22,9.2,37.08,0.07,0.42,159.16,149.18,16.38,2026-04-09,,,,,,,,,,,
2026-04-09T15:30:31.66,VEDL,737.0,2.16,707.85,652.8,656.77,857.35,0.9,12.6,19.87,63.53,metals & mining,mining / minerals / metals,13.0,12.22,69.75,0.44,0.56,686.67,650.92,15.17,2026-04-09,,,,,,,,,,,
2026-04-09T15:30:31.66,CUMMINSIND,4910.8,2.39,4669.7,4470.0,4515.49,5503.76,1.25,70.03,59.31,60.37,industrials,engines,15.13,8.75,23.82,0.16,0.31,4580.38,4337.67,14.77,2026-04-09,,,,,,,,,,,
2026-04-09T15:30:31.66,NAM-INDIA,912.05,0.98,868.72,810.0,810.02,1065.09,1.4,35.96,39.77,56.7,financials,finance & investments,13.39,12.6,13.71,-0.02,0.04,823.96,764.75,12.61,2026-04-09,,,,,,,,,,,
2026-04-09T15:30:31.66,GPIL,285.35,0.25,276.56,268.0,270.02,308.34,0.99,30.62,23.54,61.83,metals & mining,steel - medium / small,20.27,5.68,19.18,0.09,0.43,262.05,251.22,12.47,2026-04-09,,,,,,,,,,,
2026-04-09T15:30:31.66,HINDALCO,986.85,3.68,933.21,884.8,876.99,1151.63,1.27,26.73,13.14,64.24,metals & mining,aluminium and aluminium products,17.09,12.53,33.71,0.18,0.37,921.1,874.78,11.66,2026-04-09,,,,,,,,,,,
2026-04-09T15:30:31.66,EMCURE,1606.5,2.63,1534.78,1457.0,1544.87,1698.94,0.79,33.03,34.1,59.45,healthcare,pharmaceuticals - indian - bulk drugs & formln,12.67,3.99,18.68,0.07,0.09,1482.15,1397.39,11.06,2026-04-09,,,,,,,,,,,
2026-04-09T15:30:31.66,MUTHOOTFIN,3473.5,-0.85,3376.1,3145.0,3170.44,3928.09,0.69,12.43,16.13,55.26,financials,finance & investments,19.26,9.56,19.75,-0.02,0.25,3198.49,3033.74,11.02,2026-04-09,,,,,,,,,,,
2026-04-09T15:30:31.66,ZYDUSWELL,487.7,1.2,468.73,420.3,458.53,531.46,0.28,-97.54,10.9,64.06,fmcg,food - processing - indian,33.71,6.36,1.67,-0.02,0.13,426.38,386.48,10.03,2026-04-09,,,,,,,,,,,
2026-04-09T15:30:31.66,NYKAA,254.71,0.25,247.21,233.01,234.77,284.62,0.6,289.44,518.51,55.3,i.t,trading,17.81,8.49,3.24,-0.09,0.13,237.18,228.33,9.4,2026-04-09,,,,,,,,,,,
2026-04-09T15:30:31.66,GRSE,2527.8,2.03,2402.08,2181.1,2116.98,3144.03,1.62,42.38,41.19,59.26,aerospace & defence,miscellaneous,18.8,19.41,6.67,-0.13,-0.08,2218.48,2038.7,9.28,2026-04-09,,,,,,,,,,,
2026-04-09T15:30:31.66,NATCOPHARM,1126.25,1.24,1075.21,978.45,992.31,1327.15,0.5,33.28,12.8,74.65,healthcare,pharmaceuticals - indian - bulk drugs & formln,28.68,13.5,33.21,0.28,0.05,1037.5,972.48,8.98,2026-04-09,,,,,,,,,,,
2026-04-09T15:30:31.66,HONASA,332.3,6.03,310.27,295.0,292.6,391.85,7.97,53.94,65.43,71.14,services,trading,32.19,13.57,11.0,0.08,0.17,300.78,293.49,8.94,2026-04-09,,,,,,,,,,,
2026-04-09T15:30:31.66,ACMESOLAR,272.85,-0.13,264.21,264.4,266.89,281.79,0.38,36.28,33.77,61.53,realty,engineering - turnkey services,37.91,2.23,-9.59,-0.11,-0.08,248.05,233.49,8.82,2026-04-09,,,,,,,,,,,
2026-04-09T15:30:31.66,HBLENGINE,722.7,0.61,692.86,629.1,640.52,845.96,1.22,22.73,25.0,58.49,auto,auto ancillaries,16.91,12.83,-13.62,-0.25,0.19,654.33,618.06,8.59,2026-04-09,,,,,,,,,,,
2026-04-09T15:30:31.66,ASTERDM,668.45,0.29,651.7,652.0,644.56,704.29,0.26,163.84,103.98,54.96,healthcare,healthcare,18.22,3.71,4.7,-0.12,0.08,621.03,594.42,8.05,2026-04-09,,,,,,,,,,,
2026-04-09T15:30:31.66,TATASTEEL,205.04,0.42,199.98,187.95,189.44,228.45,0.99,23.73,27.74,58.83,metals & mining,steel - large,17.53,8.24,21.92,0.1,0.22,192.46,186.18,7.91,2026-04-09,,,,,,,,,,,
2026-04-09T15:30:31.66,SAMMAANCAP,153.52,0.54,146.32,141.96,141.26,171.91,0.73,9.94,9.63,60.14,financials,finance - housing,18.64,8.68,11.62,-0.11,0.11,140.79,132.23,7.9,2026-04-09,,,,,,,,,,,
2026-04-09T15:30:31.66,WAAREEENER,3234.9,3.52,3052.7,2980.8,3135.09,3384.62,1.17,21.89,27.46,66.14,industrials,electric equipment,20.23,3.18,1.83,-0.1,-0.02,3020.22,2864.22,7.52,2026-04-09,,,,,,,,,,,
2026-04-09T15:30:31.66,NEULANDLAB,14749.0,4.94,13436.78,12060.0,12174.12,18611.31,1.54,116.61,100.67,71.16,healthcare,pharmaceuticals - indian - bulk drugs,21.29,21.15,2.08,-0.12,0.04,13257.34,12159.6,6.71,2026-04-09,,,,,,,,,,,
2026-04-09T15:30:31.66,BOSCHLTD,36740.0,2.24,35108.5,29900.0,30227.27,46509.1,8.19,50.86,38.45,67.77,auto,auto ancillaries,32.19,21.55,-11.16,-0.12,-0.07,33401.0,31726.75,6.56,2026-04-09,,,,,,,,,,,
2026-04-09T15:30:31.66,BHEL,277.1,4.29,258.48,239.17,246.83,322.51,2.32,61.85,113.55,61.01,industrials,electric equipment,16.08,12.27,28.15,0.07,0.07,252.07,237.19,6.56,2026-04-09,,,,,,,,,,,
2026-04-09T15:30:31.66,USHAMART,431.55,1.88,413.36,390.0,393.08,489.26,0.59,30.56,30.76,58.95,metals & mining,steel - medium / small,13.95,9.79,13.07,-0.11,0.09,399.79,380.57,6.41,2026-04-09,,,,,,,,,,,
2026-04-09T15:30:31.66,FACT,859.05,5.04,810.46,750.0,773.37,987.58,3.18,-204.54,1901.86,61.41,chemicals,fertilizers,21.23,11.08,-11.98,-0.12,-0.12,764.07,722.19,6.21,2026-04-09,,,,,,,,,,,
2026-04-09T15:30:31.66,ADANIENSOL,1077.6,0.4,1031.74,903.15,952.37,1265.44,1.17,58.57,57.06,62.48,power & utilities,power generation and supply,11.52,13.15,38.91,0.09,0.21,979.53,913.38,5.95,2026-04-09,,,,,,,,,,,
2026-04-09T15:30:31.66,JMFINANCIL,130.0,0.85,124.46,115.4,116.34,150.49,1.52,9.94,9.89,56.44,financials,finance & investments,10.6,11.74,-32.25,-0.33,-0.3,116.66,110.6,5.88,2026-04-09,,,,,,,,,,,
2026-04-09T15:30:31.66,KAJARIACER,1093.6,3.27,1034.05,947.5,946.46,1314.31,1.87,49.62,45.31,68.36,building materials,ceramics - tiles / sanitaryware,18.78,15.55,-11.35,-0.17,-0.13,986.07,929.02,5.58,2026-04-09,,,,,,,,,,,
2026-04-09T15:30:31.66,ABB,6608.0,0.66,6353.83,5916.5,6117.08,7344.38,1.23,80.86,83.38,65.68,industrials,electric equipment,20.87,8.03,29.36,0.19,0.12,6184.84,5901.47,5.29,2026-04-09,,,,,,,,,,,
2026-04-09T15:30:31.66,ENGINERSIN,207.92,0.71,200.9,191.61,186.24,240.44,0.47,8.41,14.95,57.26,realty,engineering - turnkey services,12.86,11.64,3.98,-0.04,-0.17,189.14,179.13,5.18,2026-04-09,,,,,,,,,,,
2026-04-09T15:30:31.66,NMDC,84.35,1.74,80.86,75.61,77.15,95.14,0.87,10.54,10.56,62.38,metals & mining,mining / minerals / metals,13.93,9.33,13.42,0.02,0.12,79.08,75.78,5.14,2026-04-09,,,,,,,,,,,
2026-04-09T15:30:31.66,AUROPHARMA,1339.5,0.28,1295.17,1266.1,1314.91,1376.38,0.47,21.37,22.25,64.08,healthcare,pharmaceuticals - indian - bulk drugs & formln,11.68,1.87,28.84,0.15,0.16,1257.53,1203.26,4.47,2026-04-09,,,,,,,,,,,
2026-04-09T15:30:31.66,ANGELONE,282.0,5.37,260.48,228.45,236.66,350.01,2.99,2.38,3.15,71.01,financials,finance & investments,16.67,19.16,20.5,0.17,-0.04,254.41,235.92,4.43,2026-04-09,,,,,,,,,,,
2026-04-09T15:30:31.66,MOTILALOFS,761.5,0.54,735.98,655.65,653.77,923.09,1.21,20.21,22.43,60.53,financials,finance & investments,25.45,16.48,-14.86,-0.24,-0.21,689.23,650.53,4.4,2026-04-09,,,,,,,,,,,
2026-04-09T15:30:31.66,ONGC,288.85,1.17,279.2,274.75,276.0,308.13,0.52,9.07,9.47,64.22,energy,oil drilling / allied services,34.85,4.66,24.51,0.1,0.14,272.6,261.36,4.24,2026-04-09,,,,,,,,,,,
2026-04-09T15:30:31.66,NSLNISP,40.78,1.57,38.98,34.21,34.66,49.96,1.61,-12.28,-14.6,63.02,metals & mining,steel - large,24.16,17.66,-4.61,-0.16,0.0,36.22,33.77,3.72,2026-04-09,,,,,,,,,,,
2026-04-09T15:30:31.66,LLOYDSME,1484.9,0.11,1443.83,1290.0,1347.99,1690.27,0.59,18.68,31.6,71.38,metals & mining,mining / minerals / metals,24.76,10.16,13.97,0.06,-0.06,1366.8,1295.62,3.28,2026-04-09,,,,,,,,,,,
2026-04-09T15:30:31.66,LALPATHLAB,1395.9,1.25,1337.7,1285.0,1297.18,1543.97,0.95,64.39,23.8,59.02,healthcare,healthcare,15.66,7.61,-12.58,-0.17,-0.11,1301.25,1240.06,3.21,2026-04-09,,,,,,,,,,,
2026-04-09T15:30:31.66,ITI,296.4,11.12,259.92,245.87,248.9,367.64,16.72,-285.0,-173.21,63.45,aerospace & defence,telecommunications - equipment,14.46,19.08,-5.41,-0.23,-0.09,262.36,244.34,3.11,2026-04-09,,,,,,,,,,,
2026-04-09T15:30:31.66,ADANIGREEN,1043.9,1.38,1000.87,814.75,850.33,1334.25,1.45,-686.78,120.01,70.3,power & utilities,power generation and supply,25.86,22.76,11.42,-0.08,-0.02,942.45,870.47,2.84,2026-04-09,,,,,,,,,,,
2026-04-09T15:30:31.66,WELCORP,950.0,1.38,900.28,805.45,831.4,1127.9,1.7,13.83,12.69,71.52,industrials,steel - large,13.67,14.26,10.71,0.02,-0.0,870.8,819.24,2.66,2026-04-09,,,,,,,,,,,
2026-04-09T15:30:31.66,JPPOWER,16.78,2.07,15.89,14.4,14.91,19.58,1.87,NaN,22.52,63.04,power & utilities,power generation and supply,19.17,12.54,-14.98,-0.14,-0.25,14.7,13.72,2.41,2026-04-09,,,,,,,,,,,
2026-04-09T15:30:31.66,NAVA,593.8,2.36,563.5,541.75,543.46,669.31,2.35,18.93,18.47,59.13,miscellaneous,diversified - large,10.98,9.26,-13.4,-0.12,-0.09,549.4,521.7,2.32,2026-04-09,,,,,,,,,,,
2026-04-09T15:30:31.66,GLAND,1750.3,1.26,1687.36,1652.0,1642.68,1911.74,0.19,27.57,33.62,56.82,healthcare,pharmaceuticals - indian - formulations,19.32,6.55,-6.76,-0.18,-0.17,1644.0,1569.57,2.2,2026-04-09,,,,,,,,,,,
2026-04-09T15:30:31.66,DMART,4415.6,1.07,4235.85,4190.3,4125.49,4850.76,0.93,83.95,99.22,67.34,consumer discretionary,trading,25.49,7.03,-6.32,-0.05,0.06,4101.72,3876.5,2.19,2026-04-09,,,,,,,,,,,
2026-04-09T15:30:31.66,SARDAEN,546.6,0.93,530.18,502.0,502.74,612.4,1.17,25.31,18.07,58.98,metals & mining,steel - medium / small,15.49,8.73,-5.03,-0.1,0.17,506.98,489.67,1.72,2026-04-09,,,,,,,,,,,
2026-04-09T15:30:31.66,ATUL,6436.5,0.76,6208.3,6125.0,6099.88,6941.43,0.36,29.47,31.65,54.83,chemicals,chemicals,17.29,5.52,1.69,-0.01,-0.07,6057.06,5832.99,1.62,2026-04-09,,,,,,,,,,,
2026-04-09T15:30:31.66,PFC,427.95,2.47,405.18,382.25,392.44,481.21,1.15,5.61,5.47,59.65,financials,finance - term-lending institutions,16.99,9.05,8.35,-0.02,-0.01,394.59,374.43,1.35,2026-04-09,,,,,,,,,,,
2026-04-09T15:30:31.66,HSCL,465.2,-0.82,445.95,427.8,435.68,509.48,1.59,30.29,32.92,55.72,chemicals,chemicals,16.83,6.78,2.87,-0.07,-0.13,422.0,391.1,1.05,2026-04-09,,,,,,,,,,,
2026-04-09T15:30:31.66,NUVAMA,1296.3,1.19,1250.48,1109.5,1129.99,1545.77,0.69,23.12,5.59,62.39,financials,finance & investments,27.87,14.72,0.86,-0.15,-0.19,1185.49,1127.88,0.99,2026-04-09,,,,,,,,,,,
2026-04-09T15:30:31.66,CGCL,177.75,-0.77,173.0,162.86,166.34,194.87,0.29,16.71,19.24,57.27,financials,finance & investments,13.92,6.86,-3.78,-0.14,-0.05,161.91,152.27,0.94,2026-04-09,,,,,,,,,,,
2026-04-09T15:30:31.66,ZENTEC,1538.4,6.07,1412.18,1295.0,1347.06,1825.41,5.04,63.15,49.59,66.91,aerospace & defence,miscellaneous,19.36,14.2,5.49,-0.01,-0.22,1387.34,1317.65,0.77,2026-04-09,,,,,,,,,,,
2026-04-09T15:30:31.66,PERSISTENT,5470.2,1.79,5165.68,4963.9,5005.42,6167.38,0.7,48.58,48.18,67.75,i.t,computers - software - large,30.38,9.29,9.18,-0.04,-0.06,5085.6,4815.95,0.7,2026-04-09,,,,,,,,,,,
2026-04-09T15:30:31.66,TECHM,1462.5,0.77,1404.93,1383.5,1406.14,1547.05,0.73,28.88,27.82,57.65,i.t,computers - software - large,22.11,4.01,0.14,-0.08,-0.09,1375.48,1311.72,0.47,2026-04-09,,,,,,,,,,,
2026-04-09T15:30:31.66,OBEROIRLTY,1643.6,0.48,1583.68,1414.0,1464.57,1912.14,1.72,23.35,26.38,67.27,realty,construction,22.5,12.22,1.29,-0.04,-0.1,1511.6,1437.9,0.4,2026-04-09,,,,,,,,,,,
2026-04-09T15:30:31.66,THERMAX,3553.0,7.94,3189.9,3192.7,3224.61,4045.59,3.75,49.02,54.37,68.14,industrials,electric equipment,13.01,10.18,7.02,0.04,-0.11,3248.16,3021.53,0.24,2026-04-09,,,,,,,,,,,
2026-04-09T15:30:31.66,CEMPRO,604.0,-0.17,568.4,510.3,522.78,725.82,1.41,23.41,22.15,59.88,realty,construction,21.54,15.54,-17.93,-0.31,-0.27,538.33,497.08,0.12,2026-04-09,,,,,,,,,,,
2026-04-09T15:30:31.66,CESC,156.82,0.51,152.5,147.65,149.39,167.96,0.58,18.23,14.04,56.04,power & utilities,power generation and supply,10.0,4.97,1.29,-0.13,-0.15,148.43,143.81,-0.05,2026-04-09,,,,,,,,,,,
2026-04-09T15:30:31.66,JBMA,605.95,4.43,564.14,536.8,545.13,697.17,3.08,65.02,64.98,60.99,auto,auto ancillaries,24.21,11.16,-2.57,-0.15,-0.09,530.28,500.57,-0.38,2026-04-09,,,,,,,,,,,
2026-04-09T15:30:31.66,HFCL,79.4,5.63,73.75,69.68,70.03,93.45,3.61,29.63,208.81,66.11,telecom,cables - telephone,13.89,13.38,12.68,-0.0,-0.05,71.55,67.77,-0.49,2026-04-09,,,,,,,,,,,
2026-04-09T15:30:31.66,IKS,1476.0,1.15,1424.14,1302.5,1313.9,1719.15,0.31,33.67,36.74,60.25,i.t,computers - software - medium / small,25.54,12.34,-6.34,-0.11,-0.11,1361.62,1293.44,-0.61,2026-04-09,,,,,,,,,,,
2026-04-09T15:30:31.66,GICRE,390.0,0.58,375.34,363.15,366.16,425.76,0.53,9.91,7.07,60.9,financials,finance & investments,18.8,6.51,6.55,-0.04,-0.01,362.47,343.57,-0.98,2026-04-09,,,,,,,,,,,
2026-04-09T15:30:31.66,JUBLINGREA,640.0,1.58,605.84,553.75,567.94,748.09,0.71,53.87,37.48,63.52,chemicals,chemicals,18.33,12.69,-10.73,-0.1,-0.23,583.35,540.91,-1.16,2026-04-09,,,,,,,,,,,
2026-04-09T15:30:31.66,NIVABUPA,73.37,0.01,70.97,70.0,69.54,79.11,0.66,-39.03,-2445.33,54.37,financials,finance & investments,18.52,5.51,-10.81,-0.15,-0.18,68.08,65.5,-1.17,2026-04-09,,,,,,,,,,,
2026-04-09T15:30:31.66,MPHASIS,2381.4,1.3,2271.54,2085.4,2106.14,2794.28,0.97,25.64,24.85,62.93,i.t,computers - software - large,26.64,13.07,-14.53,-0.22,-0.16,2200.9,2084.93,-1.38,2026-04-09,,,,,,,,,,,
2026-04-09T15:30:31.66,HCLTECH,1464.8,0.26,1407.28,1341.2,1361.93,1619.1,0.85,24.32,24.04,62.35,i.t,computers - software - large,28.08,7.55,4.42,-0.07,-0.08,1377.9,1316.93,-1.42,2026-04-09,,,,,,,,,,,
2026-04-09T15:30:31.66,OLECTRA,1128.7,3.94,1048.6,987.0,1023.49,1286.51,1.85,49.94,62.34,61.72,auto,automobiles - lcvs / hcvs,26.55,10.28,-25.13,-0.32,-0.18,1006.86,931.78,-1.44,2026-04-09,,,,,,,,,,,
2026-04-09T15:30:31.66,LICHSGFIN,532.75,0.6,514.25,501.75,492.28,593.45,0.54,5.24,5.31,59.79,financials,finance - housing,17.31,8.22,-4.65,-0.13,-0.17,503.44,482.26,-1.59,2026-04-09,,,,,,,,,,,
2026-04-09T15:30:31.66,KALYANKJIL,445.25,-0.07,427.57,374.6,386.19,533.84,0.83,27.62,40.76,66.04,consumer discretionary,diamond cutting / jewellery,15.66,15.29,-11.86,-0.15,-0.3,403.88,377.55,-1.62,2026-04-09,,,,,,,,,,,
2026-03-17T10:04:18.046,CUPID,,,,,,,,,,,,,,,,,,,,,2026-03-17,,,,,115.76,106.59,104.56,35.03,-0.05,-0.02,1.02
2026-03-17T10:04:18.046,SMLMAH,,,,,,,,,,,,,,,,,,,,,2026-03-17,,,,,50.43,57.29,37.1,24.45,-0.17,0.03,0.04
2026-03-17T10:04:18.046,MCX,,,,,,,,,,,,,,,,,,,,,2026-03-17,,,,,41.08,22.83,15.91,10.58,0.11,0.28,0.68
2026-03-17T10:04:18.046,MTARTECH,,,,,,,,,,,,,,,,,,,,,2026-03-17,,,,,38.88,32.1,10.84,-0.94,-0.02,0.48,1.1
2026-03-17T10:04:18.046,PFOCUS,,,,,,,,,,,,,,,,,,,,,2026-03-17,,,,,38.48,34.29,17.94,9.09,0.02,0.26,0.42
2026-03-17T10:04:18.046,TATSILV,,,,,,,,,,,,,,,,,,,,,2026-03-17,,,,,38.31,37.78,25.78,12.8,0.05,0.32,0.98
2026-03-17T10:04:18.046,SILVERAG,,,,,,,,,,,,,,,,,,,,,2026-03-17,,,,,38.27,37.99,25.82,12.84,0.05,0.32,0.97
2026-03-17T10:04:18.046,SILVER1,,,,,,,,,,,,,,,,,,,,,2026-03-17,,,,,38.21,37.7,25.99,12.9,0.05,0.31,0.97
2026-03-17T10:04:18.046,SILVER,,,,,,,,,,,,,,,,,,,,,2026-03-17,,,,,38.1,37.88,25.91,12.93,0.04,0.31,0.97
2026-03-17T10:04:18.046,SILVERIETF,,,,,,,,,,,,,,,,,,,,,2026-03-17,,,,,38.1,38.15,25.79,12.76,0.04,0.32,0.97
2026-03-17T10:04:18.046,SBISILVER,,,,,,,,,,,,,,,,,,,,,2026-03-17,,,,,38.07,37.91,25.88,12.81,0.05,0.31,0.97
2026-03-17T10:04:18.046,LUMAXTECH,,,,,,,,,,,,,,,,,,,,,2026-03-17,,,,,38.05,45.25,42.25,27.08,-0.1,-0.07,0.34
2026-03-17T10:04:18.046,SILVERBEES,,,,,,,,,,,,,,,,,,,,,2026-03-17,,,,,37.97,37.88,25.68,12.81,0.05,0.32,0.97
2026-03-17T10:04:18.046,SILVERBETA,,,,,,,,,,,,,,,,,,,,,2026-03-17,,,,,37.9,37.5,25.57,12.79,0.05,0.32,0.96
2026-03-17T10:04:18.046,HDFCSILVER,,,,,,,,,,,,,,,,,,,,,2026-03-17,,,,,37.84,37.62,25.75,12.91,0.05,0.31,0.96
2026-03-17T10:04:18.046,FORCEMOT,,,,,,,,,,,,,,,,,,,,,2026-03-17,,,,,36.7,57.26,37.31,37.41,-0.14,0.19,0.12
2026-03-17T10:04:18.046,GVT&D,,,,,,,,,,,,,,,,,,,,,2026-03-17,,,,,32.05,25.3,15.66,16.89,0.01,0.19,0.29
2026-03-17T10:04:18.046,SBC,,,,,,,,,,,,,,,,,,,,,2026-03-17,,,,,30.05,28.9,15.96,0.28,0.04,0.12,0.45
2026-03-17T10:04:18.046,STLTECH,,,,,,,,,,,,,,,,,,,,,2026-03-17,,,,,29.92,14.67,-3.34,-0.82,0.17,0.87,0.52
2026-03-17T10:04:18.046,KIRLOSENG,,,,,,,,,,,,,,,,,,,,,2026-03-17,,,,,28.21,15.78,2.71,-6.86,0.05,0.28,0.64
2026-03-17T10:04:18.046,TDPOWERSYS,,,,,,,,,,,,,,,,,,,,,2026-03-17,,,,,27.77,27.35,14.71,8.25,-0.05,0.13,0.43
2026-03-17T10:04:18.046,HINDCOPPER,,,,,,,,,,,,,,,,,,,,,2026-03-17,,,,,27.3,36.98,9.54,-1.77,-0.21,0.24,0.68
2026-03-17T10:04:18.046,TFCILTD,,,,,,,,,,,,,,,,,,,,,2026-03-17,,,,,26.65,36.91,24.17,26.99,-0.13,-0.03,-0.11
2026-03-17T10:04:18.046,SAKAR,,,,,,,,,,,,,,,,,,,,,2026-03-17,,,,,26.48,14.01,9.8,1.29,0.22,0.3,0.64
2026-03-17T10:04:18.046,BAJAJCON,,,,,,,,,,,,,,,,,,,,,2026-03-17,,,,,26.37,26.63,5.37,-2.76,-0.11,0.32,0.51
2026-03-17T10:04:18.046,THANGAMAYL,,,,,,,,,,,,,,,,,,,,,2026-03-17,,,,,26.16,20.13,14.5,0.85,-0.03,0.09,0.59
2026-03-17T10:04:18.046,JAYNECOIND,,,,,,,,,,,,,,,,,,,,,2026-03-17,,,,,26.13,23.44,20.03,10.72,-0.07,-0.05,0.08
2026-03-17T10:04:18.046,NETWEB,,,,,,,,,,,,,,,,,,,,,2026-03-17,,,,,26.0,17.66,8.46,2.44,0.05,-0.02,0.12
2026-03-17T10:04:18.046,NATIONALUM,,,,,,,,,,,,,,,,,,,,,2026-03-17,,,,,25.17,20.11,4.69,5.18,0.09,0.36,0.74
2026-03-17T10:04:18.046,LUMAXIND,,,,,,,,,,,,,,,,,,,,,2026-03-17,,,,,24.65,41.34,32.9,13.24,-0.19,-0.1,0.2
2026-03-17T10:04:18.046,BSE,,,,,,,,,,,,,,,,,,,,,2026-03-17,,,,,24.5,13.93,13.07,27.88,-0.03,0.1,0.33
2026-03-17T10:04:18.046,ACUTAAS,,,,,,,,,,,,,,,,,,,,,2026-03-17,,,,,23.97,15.55,11.68,22.33,0.12,0.39,0.57
2026-03-17T10:04:18.046,GMDCLTD,,,,,,,,,,,,,,,,,,,,,2026-03-17,,,,,23.5,19.71,13.89,14.67,-0.06,0.0,-0.06
2026-03-17T10:04:18.046,KMEW,,,,,,,,,,,,,,,,,,,,,2026-03-17,,,,,23.29,19.73,17.62,NaN,-0.1,-0.15,0.4
2026-03-17T10:04:18.046,PRECWIRE,,,,,,,,,,,,,,,,,,,,,2026-03-17,,,,,23.16,16.24,7.46,-0.11,0.08,0.19,0.55
2026-03-17T10:04:18.046,IMFA,,,,,,,,,,,,,,,,,,,,,2026-03-17,,,,,21.58,26.23,16.14,13.79,-0.15,-0.16,0.18
2026-03-17T10:04:18.046,ABCAPITAL,,,,,,,,,,,,,,,,,,,,,2026-03-17,,,,,21.42,22.19,20.5,9.47,-0.06,-0.1,0.09
2026-03-17T10:04:18.046,CHENNPETRO,,,,,,,,,,,,,,,,,,,,,2026-03-17,,,,,21.23,15.08,14.17,-2.37,0.13,0.08,0.35
2026-03-17T10:04:18.046,AGIIL,,,,,,,,,,,,,,,,,,,,,2026-03-17,,,,,21.04,8.2,11.92,30.78,0.3,0.18,0.32
2026-03-17T10:04:18.046,SMSPHARMA,,,,,,,,,,,,,,,,,,,,,2026-03-17,,,,,20.77,12.83,7.95,-1.9,0.1,0.15,0.28
2026-03-17T10:04:18.046,JPOLYINVST,,,,,,,,,,,,,,,,,,,,,2026-03-17,,,,,20.46,10.14,7.03,3.74,0.09,0.09,0.28
2026-03-17T10:04:18.046,POWERINDIA,,,,,,,,,,,,,,,,,,,,,2026-03-17,,,,,20.19,18.34,13.47,17.68,0.09,0.25,0.23
2026-03-17T10:04:18.046,DATAPATTNS,,,,,,,,,,,,,,,,,,,,,2026-03-17,,,,,19.51,8.46,2.11,0.51,0.15,0.22,0.18
2026-03-17T10:04:18.046,LTF,,,,,,,,,,,,,,,,,,,,,2026-03-17,,,,,18.74,20.57,26.25,11.2,-0.09,-0.15,0.1
2026-03-17T10:04:18.046,SANSERA,,,,,,,,,,,,,,,,,,,,,2026-03-17,,,,,18.61,18.68,3.51,-0.01,-0.08,0.23,0.46
2026-03-17T10:04:18.046,HDFCGOLD,,,,,,,,,,,,,,,,,,,,,2026-03-17,,,,,18.24,18.47,16.86,12.19,0.02,0.16,0.41
2026-03-17T10:04:18.046,GOLDCASE,,,,,,,,,,,,,,,,,,,,,2026-03-17,,,,,18.24,18.47,16.76,12.22,0.02,0.16,0.41
2026-03-17T10:04:18.046,AXISGOLD,,,,,,,,,,,,,,,,,,,,,2026-03-17,,,,,18.22,18.32,16.86,12.36,0.02,0.16,0.41
2026-03-17T10:04:18.046,GOLDIETF,,,,,,,,,,,,,,,,,,,,,2026-03-17,,,,,18.22,18.61,16.88,12.28,0.02,0.16,0.41
2026-03-17T10:04:18.046,TATAGOLD,,,,,,,,,,,,,,,,,,,,,2026-03-17,,,,,18.18,18.3,16.75,12.32,0.02,0.16,0.41
2026-03-17T10:04:18.046,SETFGOLD,,,,,,,,,,,,,,,,,,,,,2026-03-17,,,,,18.17,18.42,16.84,12.22,0.02,0.16,0.41
2026-03-17T10:04:18.046,GOLDBEES,,,,,,,,,,,,,,,,,,,,,2026-03-17,,,,,18.14,18.34,16.8,12.23,0.02,0.16,0.41
2026-03-17T10:04:18.046,GOLDETF,,,,,,,,,,,,,,,,,,,,,2026-03-17,,,,,18.12,18.44,16.84,12.25,0.02,0.16,0.41
2026-03-17T10:04:18.046,GROWWGOLD,,,,,,,,,,,,,,,,,,,,,2026-03-17,,,,,18.05,18.53,16.67,NaN,0.02,0.16,0.4
2026-03-17T10:04:18.046,RBLBANK,,,,,,,,,,,,,,,,,,,,,2026-03-17,,,,,17.73,19.46,18.08,8.71,-0.07,-0.04,0.07
2026-03-17T10:04:18.046,MRPL,,,,,,,,,,,,,,,,,,,,,2026-03-17,,,,,17.21,11.32,1.23,-7.26,0.05,0.3,0.54
2026-03-17T10:04:18.046,CCL,,,,,,,,,,,,,,,,,,,,,2026-03-17,,,,,16.82,12.2,7.15,4.54,0.05,0.06,0.18
2026-03-17T10:04:18.046,LAURUSLABS,,,,,,,,,,,,,,,,,,,,,2026-03-17,,,,,16.64,14.61,18.78,19.36,-0.04,-0.03,0.08
2026-03-17T10:04:18.046,SHARDACROP,,,,,,,,,,,,,,,,,,,,,2026-03-17,,,,,16.09,25.78,4.95,12.1,-0.23,0.04,0.1
2026-03-17T10:04:18.046,INDIANB,,,,,,,,,,,,,,,,,,,,,2026-03-17,,,,,15.97,14.07,8.68,7.69,-0.01,0.11,0.25
2026-03-17T10:04:18.046,KARURVYSYA,,,,,,,,,,,,,,,,,,,,,2026-03-17,,,,,15.87,15.75,6.33,3.54,-0.1,0.16,0.34
2026-03-17T10:04:18.046,ASHOKLEY,,,,,,,,,,,,,,,,,,,,,2026-03-17,,,,,15.76,22.55,12.01,2.96,-0.15,0.04,0.3
2026-03-17T10:04:18.046,BLISSGVS,,,,,,,,,,,,,,,,,,,,,2026-03-17,,,,,15.51,11.93,-0.96,3.39,-0.06,0.43,0.34
2026-03-17T10:04:18.046,SILVERTUC,,,,,,,,,,,,,,,,,,,,,2026-03-17,,,,,15.48,21.02,5.53,-0.25,-0.16,0.29,0.46
2026-03-17T10:04:18.046,RICOAUTO,,,,,,,,,,,,,,,,,,,,,2026-03-17,,,,,15.46,11.91,9.88,-1.72,-0.12,-0.1,0.05
2026-03-17T10:04:18.046,SHRIRAMFIN,,,,,,,,,,,,,,,,,,,,,2026-03-17,,,,,14.5,20.65,8.65,-0.95,-0.06,0.17,0.58
2026-03-17T10:04:18.046,DREDGECORP,,,,,,,,,,,,,,,,,,,,,2026-03-17,,,,,14.34,9.26,7.63,-6.62,-0.07,-0.15,0.41
2026-03-17T10:04:18.046,ABSLAMC,,,,,,,,,,,,,,,,,,,,,2026-03-17,,,,,14.2,5.93,-1.27,3.81,0.12,0.3,0.15
2026-03-17T10:04:18.046,APARINDS,,,,,,,,,,,,,,,,,,,,,2026-03-17,,,,,13.79,6.94,0.84,-1.07,-0.01,0.03,0.09
2026-03-17T10:04:18.046,BHARATFORG,,,,,,,,,,,,,,,,,,,,,2026-03-17,,,,,13.78,12.64,2.18,-4.58,-0.01,0.22,0.41
2026-03-17T10:04:18.046,VEDL,,,,,,,,,,,,,,,,,,,,,2026-03-17,,,,,13.69,12.97,3.22,-0.78,0.01,0.24,0.52
2026-03-17T10:04:18.046,CUMMINSIND,,,,,,,,,,,,,,,,,,,,,2026-03-17,,,,,13.65,11.9,8.43,2.92,0.04,0.01,0.14
2026-03-17T10:04:18.046,WHEELS,,,,,,,,,,,,,,,,,,,,,2026-03-17,,,,,13.53,5.74,5.86,-0.99,0.09,0.06,0.28
2026-03-17T10:04:18.046,JAMNAAUTO,,,,,,,,,,,,,,,,,,,,,2026-03-17,,,,,13.52,12.19,7.87,-1.33,-0.14,-0.08,0.08
2026-03-17T10:04:18.046,CANBK,,,,,,,,,,,,,,,,,,,,,2026-03-17,,,,,13.45,11.51,10.6,1.66,-0.05,-0.1,0.21
2026-03-17T10:04:18.046,GESHIP,,,,,,,,,,,,,,,,,,,,,2026-03-17,,,,,13.35,10.97,2.14,-4.66,0.08,0.24,0.41
2026-03-17T10:04:18.046,AUBANK,,,,,,,,,,,,,,,,,,,,,2026-03-17,,,,,13.35,16.04,16.73,0.79,-0.12,-0.1,0.24
2026-03-17T10:04:18.046,HAPPYFORGE,,,,,,,,,,,,,,,,,,,,,2026-03-17,,,,,12.77,8.09,0.6,-4.36,-0.01,0.2,0.37
2026-03-17T10:04:18.046,ADANIPOWER,,,,,,,,,,,,,,,,,,,,,2026-03-17,,,,,12.75,9.06,9.37,1.62,0.12,0.09,0.21
2026-03-17T10:04:18.046,AVANTIFEED,,,,,,,,,,,,,,,,,,,,,2026-03-17,,,,,12.65,22.78,5.9,1.15,-0.15,0.5,0.7
