Timestamp,Symbol,Cmp,%ch,Low 2%,Low5,Sl,Target,R_vol,Forward pe,Pe,Rsi,Sector,Industry,Adx,%ch sl,Rs,Srs,Ars,Is,Tps,Rs score,Scan_Date,From52wh,3d range,5d,Free float,Rs_score,Rscore_1mago,Rscore_3mago,Rscore_6mago,Rs_1m,Rs_3m,Rs_6m
2026-08-06T06:33:42.153,ATHERENERG,1470.8,1.41,1376.9,1232.1,1272.05,1768.93,1.39,-276.47,-143.07,78.27,auto,automobiles - scooters and 3 - wheelers,52.54,15.62,98.43,1.0,1.08,1312.75,1202.9,72.43,2026-08-06,,,,,,,,,,,
2026-08-06T06:33:42.153,NETWEB,4893.8,2.76,4630.5,4175.5,4251.07,5857.9,1.01,81.67,106.62,65.41,i.t,computers - hardware,16.02,15.12,61.84,0.41,0.44,4468.75,4189.16,35.03,2026-08-06,,,,,,,,,,,
2026-08-06T06:33:42.153,WELCORP,1788.1,2.97,1703.93,1645.0,1663.49,1975.02,1.29,11.27,20.41,71.43,industrials,steel - large,32.43,7.49,121.78,1.04,0.93,1679.64,1609.19,26.61,2026-08-06,,,,,,,,,,,
2026-08-06T06:33:42.153,RRKABEL,2793.0,5.75,2595.53,2541.1,2527.73,3190.9,1.58,38.49,51.98,75.37,industrials,cables - power,36.78,10.49,84.94,0.81,0.98,2566.55,2418.72,25.63,2026-08-06,,,,,,,,,,,
2026-08-06T06:33:42.153,HINDCOPPER,533.8,8.42,485.2,477.5,476.53,619.7,5.86,29.07,56.25,67.61,metals & mining,mining / minerals / metals,14.33,12.02,-1.48,-0.2,0.57,495.57,472.69,24.88,2026-08-06,,,,,,,,,,,
2026-08-06T06:33:42.153,SYRMA,1434.1,0.88,1390.62,1351.6,1313.59,1614.86,0.87,69.08,74.5,60.33,consumer discretionary,electronics - components,26.73,9.17,93.41,0.61,0.58,1319.5,1252.45,22.27,2026-08-06,,,,,,,,,,,
2026-08-06T06:33:42.153,AEGISLOG,1395.8,2.79,1338.68,1222.3,1296.01,1545.48,0.36,29.85,54.54,62.05,services,trading,35.58,7.7,92.27,0.83,0.71,1261.62,1177.18,22.21,2026-08-06,,,,,,,,,,,
2026-08-06T06:33:42.153,BELRISE,241.49,0.48,235.65,228.35,229.35,259.69,0.57,39.46,39.52,58.87,auto,auto ancillaries,13.14,5.29,30.8,0.23,0.42,228.54,222.34,21.07,2026-08-06,,,,,,,,,,,
2026-08-06T06:33:42.153,SONACOMS,814.6,3.51,769.35,715.05,756.58,901.62,1.49,70.22,72.73,85.91,auto,auto ancillaries,59.23,7.67,67.65,0.42,0.55,765.44,736.87,18.38,2026-08-06,,,,,,,,,,,
2026-08-06T06:33:42.153,SHRIRAMFIN,1122.4,3.23,1070.85,1019.5,1033.56,1255.67,1.14,18.88,19.81,67.38,financials,finance & investments,15.06,8.6,11.18,0.03,0.33,1060.24,1013.61,17.64,2026-08-06,,,,,,,,,,,
2026-08-06T06:33:42.153,SAILIFE,1394.3,2.04,1328.29,1301.0,1299.41,1536.63,0.79,70.7,83.94,73.71,healthcare,pharmaceuticals - indian - bulk drugs & formln,29.01,7.3,51.32,0.46,0.56,1320.49,1268.84,16.54,2026-08-06,,,,,,,,,,,
2026-08-06T06:33:42.153,RADICO,4550.0,2.25,4363.65,4321.0,4298.36,4927.46,1.57,66.33,86.57,78.99,fmcg,breweries & distilleries,51.23,5.85,47.06,0.51,0.36,4310.71,4171.55,16.31,2026-08-06,,,,,,,,,,,
2026-08-06T06:33:42.153,CRAFTSMAN,10408.5,2.29,10055.29,9577.0,9637.66,11564.76,0.4,41.89,51.79,70.56,auto,auto ancillaries,31.38,8.0,29.89,0.24,0.48,9668.17,9152.91,16.26,2026-08-06,,,,,,,,,,,
2026-08-06T06:33:42.153,ABCAPITAL,424.7,1.12,411.11,391.6,398.35,464.23,0.66,23.81,27.92,63.65,financials,finance & investments,17.95,6.62,17.72,0.13,0.24,400.5,384.01,15.19,2026-08-06,,,,,,,,,,,
2026-08-06T06:33:42.153,GABRIEL,1587.7,3.72,1506.46,1384.0,1449.46,1795.06,1.2,65.5,74.37,71.98,auto,auto ancillaries,47.12,9.54,51.06,0.62,0.37,1443.06,1346.89,13.9,2026-08-06,,,,,,,,,,,
2026-08-06T06:33:42.153,TVSMOTOR,4455.2,2.18,4277.7,4070.0,4143.4,4922.91,1.07,51.9,61.75,81.6,auto,automobiles - motorcycles / mopeds,39.2,7.53,15.8,0.1,0.24,4250.52,4097.01,13.17,2026-08-06,,,,,,,,,,,
2026-08-06T06:33:42.153,NAM-INDIA,1215.0,1.08,1164.24,1141.1,1128.2,1345.2,2.19,38.5,47.29,59.87,financials,finance & investments,20.32,7.69,36.2,0.21,0.33,1150.4,1101.94,12.64,2026-08-06,,,,,,,,,,,
2026-08-06T06:33:42.153,MOTHERSON,154.35,2.22,147.88,144.83,146.2,166.57,0.96,27.17,39.58,63.53,auto,auto ancillaries,19.09,5.57,27.04,0.17,0.33,144.56,139.26,12.39,2026-08-06,,,,,,,,,,,
2026-08-06T06:33:42.153,RBLBANK,389.8,2.43,372.25,367.35,364.04,428.44,1.19,31.23,27.96,64.95,bank,banks - private sector,18.55,7.08,21.82,0.18,0.22,370.26,358.51,11.9,2026-08-06,,,,,,,,,,,
2026-08-06T06:33:42.153,LLOYDSME,2087.1,1.66,2014.1,1995.5,2018.16,2190.51,0.67,19.49,29.9,70.21,metals & mining,mining / minerals / metals,36.27,3.42,54.79,0.65,0.6,1972.12,1892.79,11.52,2026-08-06,,,,,,,,,,,
2026-08-06T06:33:42.153,HINDALCO,1040.0,1.96,991.07,960.6,954.31,1168.53,0.84,22.22,17.24,69.02,metals & mining,aluminium and aluminium products,19.8,8.98,12.42,0.0,0.27,997.9,966.32,11.09,2026-08-06,,,,,,,,,,,
2026-08-06T06:33:42.153,AUROPHARMA,1613.4,1.73,1535.66,1536.8,1538.79,1725.31,1.11,25.43,26.74,61.47,healthcare,pharmaceuticals - indian - bulk drugs & formln,25.09,4.85,32.75,0.21,0.26,1527.09,1473.96,10.73,2026-08-06,,,,,,,,,,,
2026-08-06T06:33:42.153,BAJAJ-AUTO,11800.0,1.72,11348.4,11305.5,11493.89,12259.16,0.9,25.54,28.02,71.93,auto,automobiles - scooters and 3 - wheelers,47.11,2.66,24.18,0.13,0.28,11255.38,10846.92,10.63,2026-08-06,,,,,,,,,,,
2026-08-06T06:33:42.153,ASTERDM,842.1,0.89,809.14,799.2,804.72,898.17,1.83,77.4,111.68,64.67,healthcare,healthcare,20.67,4.64,37.3,0.42,0.23,792.55,770.04,10.5,2026-08-06,,,,,,,,,,,
2026-08-06T06:33:42.153,TITAN,4912.4,-0.46,4784.65,4820.9,4853.16,5001.26,0.62,92.48,85.9,70.74,consumer discretionary,diamond cutting / jewellery,44.21,1.22,21.25,0.11,0.21,4740.46,4619.7,10.43,2026-08-06,,,,,,,,,,,
2026-08-06T06:33:42.153,NEULANDLAB,19956.0,3.54,19042.38,18808.0,18798.34,21692.49,1.41,43.34,51.44,62.71,healthcare,pharmaceuticals - indian - bulk drugs,23.3,6.16,30.64,0.38,0.13,18566.56,17667.48,10.41,2026-08-06,,,,,,,,,,,
2026-08-06T06:33:42.153,EICHERMOT,7986.5,0.65,7747.39,7730.0,7811.08,8249.63,0.68,37.46,37.95,63.6,auto,automobiles - motorcycles / mopeds,21.18,2.25,8.89,0.02,0.12,7663.23,7453.28,10.38,2026-08-06,,,,,,,,,,,
2026-08-06T06:33:42.153,KEI,5577.0,1.4,5332.96,4745.5,4809.03,6728.95,2.67,48.61,53.48,69.93,industrials,cables - power,20.35,15.97,23.14,0.18,0.31,5197.61,4935.06,10.33,2026-08-06,,,,,,,,,,,
2026-08-06T06:33:42.153,ASHOKLEY,177.0,2.86,169.54,155.55,157.63,206.05,1.14,20.11,25.47,71.41,auto,automobiles - lcvs / hcvs,18.41,12.29,-5.83,-0.18,0.18,166.65,160.05,9.85,2026-08-06,,,,,,,,,,,
2026-08-06T06:33:42.153,MANAPPURAM,363.6,1.96,352.7,352.0,360.55,368.17,2.74,19.06,31.0,61.88,financials,finance & investments,23.58,0.85,17.03,0.15,0.25,339.21,327.01,9.6,2026-08-06,,,,,,,,,,,
2026-08-06T06:33:42.153,USHAMART,520.25,3.31,496.71,493.1,495.44,557.46,1.34,27.91,31.25,60.75,metals & mining,steel - medium / small,10.63,5.01,15.29,0.17,0.12,489.82,469.35,9.26,2026-08-06,,,,,,,,,,,
2026-08-06T06:33:42.153,SAIL,175.5,1.12,168.09,165.0,162.52,194.97,1.14,11.02,16.97,59.46,metals & mining,steel - large,19.36,7.99,19.66,0.05,0.21,163.74,155.22,9.05,2026-08-06,,,,,,,,,,,
2026-08-06T06:33:42.153,OFSS,11759.0,1.37,11297.44,10882.0,11096.75,12752.37,0.63,18.08,29.98,63.06,i.t,computers - software - large,23.25,5.97,52.1,0.38,0.36,10957.34,10407.09,9.0,2026-08-06,,,,,,,,,,,
2026-08-06T06:33:42.153,HINDZINC,596.95,6.05,556.64,531.3,531.08,695.75,3.34,11.53,14.78,74.43,metals & mining,mining / minerals / metals,18.69,12.4,-4.93,-0.13,0.21,564.2,541.19,8.51,2026-08-06,,,,,,,,,,,
2026-08-06T06:33:42.153,NESTLEIND,1520.0,0.0,1458.34,1448.3,1479.84,1580.24,1.19,76.46,76.88,63.42,fmcg,food - processing - mnc,22.3,2.71,18.83,0.07,0.15,1434.84,1375.57,8.17,2026-08-06,,,,,,,,,,,
2026-08-06T06:33:42.153,HEG,686.2,1.07,660.62,648.0,664.62,718.57,1.75,27.06,36.91,73.96,industrials,electrodes - graphites,50.0,3.25,10.81,0.17,0.28,635.42,609.13,7.65,2026-08-06,,,,,,,,,,,
2026-08-06T06:33:42.153,CARTRADE,2842.2,1.31,2732.24,2705.0,2738.97,2997.05,0.3,66.47,58.66,56.29,consumer discretionary,miscellaneous,46.58,3.77,-2.0,0.0,-0.11,2583.1,2414.57,7.59,2026-08-06,,,,,,,,,,,
2026-08-06T06:33:42.153,INDIANB,854.0,1.07,828.3,817.75,827.77,893.34,0.47,8.57,9.0,57.42,bank,banks - public sector,13.29,3.17,-0.81,-0.1,-0.07,819.02,803.29,7.2,2026-08-06,,,,,,,,,,,
2026-08-06T06:33:42.153,UNIONBANK,175.8,1.03,170.74,167.9,169.75,184.87,0.79,5.95,6.5,58.78,bank,banks - public sector,16.16,3.56,12.76,-0.07,0.1,167.64,163.93,7.15,2026-08-06,,,,,,,,,,,
2026-08-06T06:33:42.153,BAJFINANCE,1158.8,0.85,1122.2,1035.1,1082.23,1273.65,0.49,30.11,35.48,74.97,financials,finance & investments,32.67,7.08,17.06,0.11,0.11,1093.09,1051.01,6.94,2026-08-06,,,,,,,,,,,
2026-08-06T06:33:42.153,SBIN,1055.0,1.18,1019.49,1007.6,1015.44,1114.33,0.72,12.39,11.6,60.2,bank,banks - public sector,11.44,3.9,5.71,-0.09,0.04,1021.71,996.74,6.93,2026-08-06,,,,,,,,,,,
2026-08-06T06:33:42.153,PAYTM,1429.0,2.07,1379.15,1317.1,1337.9,1565.64,0.97,103.85,140.65,72.42,i.t,miscellaneous,29.72,6.81,6.64,0.1,0.08,1330.72,1271.02,6.78,2026-08-06,,,,,,,,,,,
2026-08-06T06:33:42.153,HEROMOTOCO,5690.0,2.56,5443.9,5161.0,5248.35,6352.48,1.23,19.49,19.83,78.34,auto,automobiles - motorcycles / mopeds,33.92,8.42,-4.1,-0.09,-0.06,5423.98,5239.46,6.67,2026-08-06,,,,,,,,,,,
2026-08-06T06:33:42.153,JSWSTEEL,1330.0,2.31,1259.01,1261.5,1259.39,1435.92,1.34,17.45,13.1,70.27,metals & mining,steel - large,21.27,5.61,12.7,-0.0,0.1,1270.55,1226.96,6.35,2026-08-06,,,,,,,,,,,
2026-08-06T06:33:42.153,VIJAYA,1389.6,0.33,1339.76,1328.1,1322.76,1489.85,0.29,74.55,82.57,58.35,healthcare,healthcare,21.24,5.05,31.25,0.32,0.34,1316.29,1267.6,6.28,2026-08-06,,,,,,,,,,,
2026-08-06T06:33:42.153,APLAPOLLO,1948.5,1.48,1867.49,1805.0,1846.27,2101.85,0.75,51.38,44.01,63.88,industrials,steel - large,13.94,5.54,0.88,-0.16,0.09,1823.67,1746.55,6.18,2026-08-06,,,,,,,,,,,
2026-08-06T06:33:42.153,EXIDEIND,467.0,1.89,449.72,430.0,442.46,503.81,1.58,28.34,42.61,69.43,auto,auto ancillaries,39.58,5.55,27.2,0.31,0.19,429.39,412.93,5.77,2026-08-06,,,,,,,,,,,
2026-08-06T06:33:42.153,MRPL,170.97,0.78,166.16,161.05,168.84,174.16,0.26,7.92,9.54,56.2,energy,refineries,22.83,1.26,13.22,-0.12,-0.05,156.8,149.25,5.63,2026-08-06,,,,,,,,,,,
2026-08-06T06:33:42.153,SAREGAMA,557.25,2.71,527.78,493.7,513.58,622.75,1.69,51.79,48.46,68.83,media,entertainment / electronic media software,33.25,8.5,55.87,0.57,0.39,501.06,476.18,5.07,2026-08-06,,,,,,,,,,,
2026-08-06T06:33:42.153,TBOTEK,1667.5,4.01,1562.12,1470.8,1488.18,1936.49,2.61,53.65,67.4,72.63,i.t,travel agencies,26.18,12.05,1.83,0.05,0.0,1516.76,1421.2,4.95,2026-08-06,,,,,,,,,,,
2026-08-06T06:33:42.153,IKS,1877.7,1.72,1813.49,1768.1,1799.76,1994.61,0.41,38.13,43.52,58.3,i.t,computers - software - medium / small,22.92,4.33,11.52,0.06,0.14,1774.4,1709.23,4.76,2026-08-06,,,,,,,,,,,
2026-08-06T06:33:42.153,RKFORGE,706.45,2.58,677.47,623.3,631.37,819.06,1.36,68.45,119.94,77.88,industrials,castings & forgings,33.43,11.89,33.12,0.16,0.27,652.71,615.95,4.59,2026-08-06,,,,,,,,,,,
2026-08-06T06:33:42.153,THELEELA,502.25,0.43,487.11,463.1,473.04,546.06,1.66,86.0,27.7,62.25,services,hotels,21.4,6.17,13.03,0.03,0.14,467.78,446.68,4.41,2026-08-06,,,,,,,,,,,
2026-08-06T06:33:42.153,TATASTEEL,192.99,1.07,186.04,186.1,183.98,206.5,0.83,25.94,21.81,57.93,metals & mining,steel - large,22.63,4.9,6.01,-0.08,0.08,185.37,179.66,4.31,2026-08-06,,,,,,,,,,,
2026-08-06T06:33:42.153,JKTYRE,415.2,1.17,405.08,393.0,392.56,449.15,0.92,16.61,15.02,58.9,auto,tyres,12.51,5.77,-18.77,-0.28,-0.1,393.08,383.29,4.21,2026-08-06,,,,,,,,,,,
2026-08-06T06:33:42.153,LT,4057.0,1.68,3944.3,3883.5,3810.8,4426.31,0.93,33.84,33.64,62.06,realty,engineering - turnkey services,22.39,6.46,-2.55,-0.08,-0.03,3914.68,3824.95,3.84,2026-08-06,,,,,,,,,,,
2026-08-06T06:33:42.153,NSLNISP,44.77,1.73,42.76,42.54,41.85,49.14,0.51,8.35,213.19,59.7,metals & mining,steel - large,14.24,6.97,0.0,-0.0,0.03,42.87,41.57,3.81,2026-08-06,,,,,,,,,,,
2026-08-06T06:33:42.153,PIDILITIND,1665.0,2.78,1581.62,1601.0,1594.28,1771.08,1.91,48.57,63.99,63.95,chemicals,chemicals,21.51,4.44,12.65,0.07,0.09,1585.69,1526.2,3.74,2026-08-06,,,,,,,,,,,
2026-08-06T06:33:42.153,UNOMINDA,1250.0,1.87,1204.62,1160.3,1163.77,1379.34,2.31,61.04,59.95,75.55,auto,auto ancillaries,13.85,7.41,-5.37,-0.05,-0.07,1181.39,1153.84,3.67,2026-08-06,,,,,,,,,,,
2026-08-06T06:33:42.153,POONAWALLA,480.75,2.36,462.02,461.0,464.94,504.47,1.46,33.86,50.55,59.26,financials,finance & investments,26.35,3.4,0.21,0.08,-0.01,451.23,435.84,2.98,2026-08-06,,,,,,,,,,,
2026-08-06T06:33:42.153,ENDURANCE,2893.4,1.93,2789.08,2731.4,2733.41,3133.38,1.19,36.81,42.76,66.1,auto,auto ancillaries,16.2,5.85,13.94,0.06,0.02,2714.37,2590.8,2.96,2026-08-06,,,,,,,,,,,
2026-08-06T06:33:42.153,ANTHEM,825.65,0.78,796.4,779.65,788.34,881.62,0.48,96.91,80.55,65.22,healthcare,pharmaceuticals - indian - bulk drugs & formln,18.15,4.73,26.28,0.25,0.24,772.99,741.05,2.72,2026-08-06,,,,,,,,,,,
2026-08-06T06:33:42.153,JSWINFRA,334.4,1.56,322.67,310.1,318.38,358.43,0.37,50.67,46.97,57.24,transportation,miscellaneous,20.98,5.03,17.52,0.17,0.17,313.58,299.86,2.7,2026-08-06,,,,,,,,,,,
2026-08-06T06:33:42.153,360ONE,1192.0,3.2,1140.03,1125.7,1118.73,1301.9,1.51,36.65,38.29,64.49,financials,finance & investments,13.2,6.55,-0.67,-0.06,0.03,1123.95,1075.62,2.49,2026-08-06,,,,,,,,,,,
2026-08-06T06:33:42.153,SHYAMMETL,1029.6,0.96,999.89,1013.95,1033.48,1023.78,0.87,20.43,25.57,56.05,metals & mining,steel - large,25.81,-0.38,21.17,0.11,0.19,984.2,951.55,2.21,2026-08-06,,,,,,,,,,,
2026-08-06T06:33:42.153,JSL,744.5,1.2,714.81,719.95,729.55,766.92,1.69,19.93,18.88,60.9,metals & mining,steel - large,15.27,2.05,-12.86,-0.15,-0.07,708.15,689.4,2.19,2026-08-06,,,,,,,,,,,
2026-08-06T06:33:42.153,ASAHIINDIA,926.7,3.2,879.84,866.5,871.13,1010.06,8.1,39.6,53.97,62.27,building materials,glass & glass products,15.89,6.38,-6.55,-0.14,-0.09,882.26,853.23,2.13,2026-08-06,,,,,,,,,,,
2026-08-06T06:33:42.153,RAINBOW,1598.6,1.24,1530.27,1457.0,1500.24,1746.14,2.51,66.94,56.87,76.45,healthcare,healthcare,24.3,6.56,21.23,0.32,0.15,1501.98,1440.91,1.76,2026-08-06,,,,,,,,,,,
2026-08-06T06:33:42.153,HYUNDAI,2218.5,-0.07,2148.94,1980.1,2044.96,2478.8,0.31,50.7,36.41,75.2,auto,automobiles - passenger cars,28.68,8.49,-2.16,-0.08,-0.11,2096.38,2012.89,1.48,2026-08-06,,,,,,,,,,,
2026-08-06T06:33:42.153,LODHA,1250.0,1.64,1215.49,1226.4,1250.72,1248.92,0.48,22.76,30.26,63.02,realty,construction,43.99,-0.06,15.2,0.12,0.01,1157.11,1101.64,1.35,2026-08-06,,,,,,,,,,,
2026-08-06T06:33:42.153,ACE,1137.8,3.57,1076.63,1033.1,1049.92,1269.62,1.22,28.33,30.99,69.26,industrials,engineering,38.41,8.37,16.58,0.21,0.13,1053.62,1001.68,1.3,2026-08-06,,,,,,,,,,,
2026-08-06T06:33:42.153,AIIL,570.5,2.14,542.14,536.6,542.39,612.66,0.31,10.93,8.33,61.63,financials,finance & investments,32.14,5.18,-6.24,-0.0,0.01,527.48,497.71,1.26,2026-08-06,,,,,,,,,,,
2026-08-06T06:33:42.153,CAMS,811.85,0.3,791.25,783.75,771.8,871.92,1.12,39.33,21.05,60.66,financials,miscellaneous,14.75,5.19,7.4,0.03,-0.0,766.49,742.52,1.18,2026-08-06,,,,,,,,,,,
2026-08-06T06:33:42.153,COFORGE,1777.0,1.55,1710.2,1681.7,1649.67,1968.0,0.63,36.0,36.1,71.92,i.t,computers - software - large,22.85,7.72,7.7,-0.04,-0.08,1661.09,1585.16,0.75,2026-08-06,,,,,,,,,,,
2026-08-06T06:33:42.153,FORCEMOT,18538.0,0.87,18080.02,17232.0,17213.84,20524.24,0.79,28.2,19.51,56.28,auto,automobiles - lcvs / hcvs,12.13,7.69,-12.68,-0.15,0.02,17442.09,16922.15,0.74,2026-08-06,,,,,,,,,,,
2026-08-06T06:33:42.153,PPLPHARMA,206.78,2.11,196.35,192.6,192.74,227.84,1.15,-99.41,-87.25,75.31,healthcare,pharmaceuticals - indian - bulk drugs & formln,44.95,7.28,16.25,0.18,0.06,190.83,180.09,0.64,2026-08-06,,,,,,,,,,,
2026-08-06T06:33:42.153,HAL,4645.0,0.22,4511.23,4538.2,4597.11,4716.83,0.81,18.51,34.08,61.88,aerospace & defence,engineering,15.58,1.04,5.16,-0.04,-0.05,4487.77,4398.25,0.58,2026-08-06,,,,,,,,,,,
2026-08-06T06:33:42.153,FSL,339.45,2.65,321.44,286.05,291.66,411.13,1.21,28.57,34.78,83.68,i.t,computers - software - medium / small,33.71,16.38,-0.29,0.01,-0.11,307.07,285.23,0.57,2026-08-06,,,,,,,,,,,
2026-08-06T06:33:42.153,KOTAKBANK,400.0,0.5,385.97,385.7,384.07,423.89,0.74,18.15,6.88,61.71,bank,banks - private sector,25.02,4.15,-8.88,-0.11,-0.08,387.18,377.56,0.06,2026-08-06,,,,,,,,,,,
2026-08-06T06:33:42.153,ULTRACEMCO,12190.0,1.16,11730.6,11730.0,11925.38,12586.93,0.66,34.49,41.99,63.85,building materials,cement - north india,12.18,2.22,2.45,-0.11,0.01,11766.03,11497.05,-0.05,2026-08-06,,,,,,,,,,,
2026-08-05T22:36:26.389,ATHERENERG,1470.8,1.41,1376.9,1232.1,1272.05,1768.93,1.39,-276.47,-141.09,78.27,auto,automobiles - scooters and 3 - wheelers,52.54,15.62,98.43,1.0,1.08,1312.75,1202.9,72.43,2026-08-05,,,,,,,,,,,
2026-08-05T22:36:26.389,NETWEB,4893.8,2.76,4630.5,4175.5,4251.07,5857.9,1.01,81.67,103.75,65.41,i.t,computers - hardware,16.02,15.12,61.84,0.41,0.44,4468.75,4189.16,35.03,2026-08-05,,,,,,,,,,,
2026-08-05T22:36:26.389,WELCORP,1788.1,2.97,1703.93,1645.0,1663.49,1975.02,1.29,11.27,19.83,71.43,industrials,steel - large,32.43,7.49,121.78,1.04,0.93,1679.64,1609.19,26.61,2026-08-05,,,,,,,,,,,
2026-08-05T22:36:26.389,RRKABEL,2793.0,5.75,2595.53,2541.1,2527.73,3190.9,1.58,38.49,49.16,75.37,industrials,cables - power,36.78,10.49,84.94,0.81,0.98,2566.55,2418.72,25.63,2026-08-05,,,,,,,,,,,
2026-08-05T22:36:26.389,HINDCOPPER,533.8,8.42,485.2,477.5,476.53,619.7,5.86,29.07,51.88,67.61,metals & mining,mining / minerals / metals,14.33,12.02,-1.48,-0.2,0.57,495.57,472.69,24.88,2026-08-05,,,,,,,,,,,
2026-08-05T22:36:26.389,SYRMA,1434.1,0.88,1390.62,1351.6,1313.59,1614.86,0.87,69.08,73.85,60.33,consumer discretionary,electronics - components,26.73,9.17,93.41,0.61,0.58,1319.5,1252.45,22.27,2026-08-05,,,,,,,,,,,
2026-08-05T22:36:26.389,AEGISLOG,1395.8,2.79,1338.68,1222.3,1296.01,1545.48,0.36,29.85,53.06,62.05,services,trading,35.58,7.7,92.27,0.83,0.71,1261.62,1177.18,22.21,2026-08-05,,,,,,,,,,,
2026-08-05T22:36:26.389,BELRISE,241.49,0.48,235.65,228.35,229.35,259.69,0.57,39.46,39.34,58.87,auto,auto ancillaries,13.14,5.29,30.8,0.23,0.42,228.54,222.34,21.07,2026-08-05,,,,,,,,,,,
2026-08-05T22:36:26.389,SONACOMS,814.6,3.51,769.35,715.05,756.58,901.62,1.49,70.22,70.27,85.91,auto,auto ancillaries,59.23,7.67,67.65,0.42,0.55,765.44,736.87,18.38,2026-08-05,,,,,,,,,,,
2026-08-05T22:36:26.389,SHRIRAMFIN,1122.4,3.23,1070.85,1019.5,1033.56,1255.67,1.14,18.88,19.19,67.38,financials,finance & investments,15.06,8.6,11.18,0.03,0.33,1060.24,1013.61,17.64,2026-08-05,,,,,,,,,,,
2026-08-05T22:36:26.389,SAILIFE,1394.3,2.04,1328.29,1301.0,1299.41,1536.63,0.79,70.7,82.26,73.71,healthcare,pharmaceuticals - indian - bulk drugs & formln,29.01,7.3,51.32,0.46,0.56,1320.49,1268.84,16.54,2026-08-05,,,,,,,,,,,
2026-08-05T22:36:26.389,RADICO,4550.0,2.25,4363.65,4321.0,4298.36,4927.46,1.57,66.33,84.67,78.99,fmcg,breweries & distilleries,51.23,5.85,47.06,0.51,0.36,4310.71,4171.55,16.31,2026-08-05,,,,,,,,,,,
2026-08-05T22:36:26.389,CRAFTSMAN,10408.5,2.29,10055.29,9577.0,9637.66,11564.76,0.4,41.89,50.63,70.56,auto,auto ancillaries,31.38,8.0,29.89,0.24,0.48,9668.17,9152.91,16.26,2026-08-05,,,,,,,,,,,
2026-08-05T22:36:26.389,ABCAPITAL,424.7,1.12,411.11,391.6,398.35,464.23,0.66,23.81,27.61,63.65,financials,finance & investments,17.95,6.62,17.72,0.13,0.24,400.5,384.01,15.19,2026-08-05,,,,,,,,,,,
2026-08-05T22:36:26.389,GABRIEL,1587.7,3.72,1506.46,1384.0,1449.46,1795.06,1.2,65.5,71.7,71.98,auto,auto ancillaries,47.12,9.54,51.06,0.62,0.37,1443.06,1346.89,13.9,2026-08-05,,,,,,,,,,,
2026-08-05T22:36:26.389,TVSMOTOR,4455.2,2.18,4277.7,4070.0,4143.4,4922.91,1.07,51.9,60.43,81.6,auto,automobiles - motorcycles / mopeds,39.2,7.53,15.8,0.1,0.24,4250.52,4097.01,13.17,2026-08-05,,,,,,,,,,,
2026-08-05T22:36:26.389,NAM-INDIA,1215.0,1.08,1164.24,1141.1,1128.2,1345.2,2.19,38.5,46.79,59.87,financials,finance & investments,20.32,7.69,36.2,0.21,0.33,1150.4,1101.94,12.64,2026-08-05,,,,,,,,,,,
2026-08-05T22:36:26.389,MOTHERSON,154.35,2.22,147.88,144.83,146.2,166.57,0.96,27.17,38.72,63.53,auto,auto ancillaries,19.09,5.57,27.04,0.17,0.33,144.56,139.26,12.39,2026-08-05,,,,,,,,,,,
2026-08-05T22:36:26.389,RBLBANK,389.8,2.43,372.25,367.35,364.04,428.44,1.19,31.23,27.3,64.95,bank,banks - private sector,18.55,7.08,21.82,0.18,0.22,370.26,358.51,11.9,2026-08-05,,,,,,,,,,,
2026-08-05T22:36:26.389,LLOYDSME,2087.1,1.66,2014.1,1995.5,2018.16,2190.51,0.67,19.49,29.41,70.21,metals & mining,mining / minerals / metals,36.27,3.42,54.79,0.65,0.6,1972.12,1892.79,11.52,2026-08-05,,,,,,,,,,,
2026-08-05T22:36:26.389,HINDALCO,1040.0,1.96,991.07,960.6,954.31,1168.53,0.84,22.22,16.91,69.02,metals & mining,aluminium and aluminium products,19.8,8.98,12.42,0.0,0.27,997.9,966.32,11.09,2026-08-05,,,,,,,,,,,
2026-08-05T22:36:26.389,AUROPHARMA,1613.4,1.73,1535.66,1536.8,1538.79,1725.31,1.11,25.43,26.28,61.47,healthcare,pharmaceuticals - indian - bulk drugs & formln,25.09,4.85,32.75,0.21,0.26,1527.09,1473.96,10.73,2026-08-05,,,,,,,,,,,
2026-08-05T22:36:26.389,BAJAJ-AUTO,11800.0,1.72,11348.4,11305.5,11493.89,12259.16,0.9,25.54,27.55,71.93,auto,automobiles - scooters and 3 - wheelers,47.11,2.66,24.18,0.13,0.28,11255.38,10846.92,10.63,2026-08-05,,,,,,,,,,,
2026-08-05T22:36:26.389,ASTERDM,842.1,0.89,809.14,799.2,804.72,898.17,1.83,77.4,110.7,64.67,healthcare,healthcare,20.67,4.64,37.3,0.42,0.23,792.55,770.04,10.5,2026-08-05,,,,,,,,,,,
2026-08-05T22:36:26.389,TITAN,4912.4,-0.46,4784.65,4820.9,4853.16,5001.26,0.62,92.48,86.29,70.74,consumer discretionary,diamond cutting / jewellery,44.21,1.22,21.25,0.11,0.21,4740.46,4619.7,10.43,2026-08-05,,,,,,,,,,,
2026-08-05T22:36:26.389,NEULANDLAB,19956.0,3.54,19042.38,18808.0,18798.34,21692.49,1.41,30.1,67.93,62.71,healthcare,pharmaceuticals - indian - bulk drugs,23.3,6.16,30.64,0.38,0.13,18566.56,17667.48,10.41,2026-08-05,,,,,,,,,,,
2026-08-05T22:36:26.389,EICHERMOT,7986.5,0.65,7747.39,7730.0,7811.08,8249.63,0.68,37.46,37.71,63.6,auto,automobiles - motorcycles / mopeds,21.18,2.25,8.89,0.02,0.12,7663.23,7453.28,10.38,2026-08-05,,,,,,,,,,,
2026-08-05T22:36:26.389,KEI,5577.0,1.4,5332.96,4745.5,4809.03,6728.95,2.67,48.61,52.74,69.93,industrials,cables - power,20.35,15.97,23.14,0.18,0.31,5197.61,4935.06,10.33,2026-08-05,,,,,,,,,,,
2026-08-05T22:36:26.389,ASHOKLEY,177.0,2.86,169.54,155.55,157.63,206.05,1.14,20.11,24.76,71.41,auto,automobiles - lcvs / hcvs,18.41,12.29,-5.83,-0.18,0.18,166.65,160.05,9.85,2026-08-05,,,,,,,,,,,
2026-08-05T22:36:26.389,MANAPPURAM,363.6,1.96,352.7,352.0,360.55,368.17,2.74,19.06,30.4,61.88,financials,finance & investments,23.58,0.85,17.03,0.15,0.25,339.21,327.01,9.6,2026-08-05,,,,,,,,,,,
2026-08-05T22:36:26.389,USHAMART,520.25,3.31,496.71,493.1,495.44,557.46,1.34,27.91,30.25,60.75,metals & mining,steel - medium / small,10.63,5.01,15.29,0.17,0.12,489.82,469.35,9.26,2026-08-05,,,,,,,,,,,
2026-08-05T22:36:26.389,SAIL,175.5,1.12,168.09,165.0,162.52,194.97,1.14,11.02,16.78,59.46,metals & mining,steel - large,19.36,7.99,19.66,0.05,0.21,163.74,155.22,9.05,2026-08-05,,,,,,,,,,,
2026-08-05T22:36:26.389,OFSS,11759.0,1.37,11297.44,10882.0,11096.75,12752.37,0.63,18.08,29.57,63.06,i.t,computers - software - large,23.25,5.97,52.1,0.38,0.36,10957.34,10407.09,9.0,2026-08-05,,,,,,,,,,,
2026-08-05T22:36:26.389,HINDZINC,596.95,6.05,556.64,531.3,531.08,695.75,3.34,11.53,13.94,74.43,metals & mining,mining / minerals / metals,18.69,12.4,-4.93,-0.13,0.21,564.2,541.19,8.51,2026-08-05,,,,,,,,,,,
2026-08-05T22:36:26.389,NESTLEIND,1520.0,0.0,1458.34,1448.3,1479.84,1580.24,1.19,76.46,76.88,63.42,fmcg,food - processing - mnc,22.3,2.71,18.83,0.07,0.15,1434.84,1375.57,8.17,2026-08-05,,,,,,,,,,,
2026-08-05T22:36:26.389,HEG,686.2,1.07,660.62,648.0,664.62,718.57,1.75,27.06,36.52,73.96,industrials,electrodes - graphites,50.0,3.25,10.81,0.17,0.28,635.42,609.13,7.65,2026-08-05,,,,,,,,,,,
2026-08-05T22:36:26.389,CARTRADE,2842.2,1.31,2732.24,2705.0,2738.97,2997.05,0.3,66.47,57.9,56.29,consumer discretionary,miscellaneous,46.58,3.77,-2.0,0.0,-0.11,2583.1,2414.57,7.59,2026-08-05,,,,,,,,,,,
2026-08-05T22:36:26.389,INDIANB,854.0,1.07,828.3,817.75,827.77,893.34,0.47,8.57,8.9,57.42,bank,banks - public sector,13.29,3.17,-0.81,-0.1,-0.07,819.02,803.29,7.2,2026-08-05,,,,,,,,,,,
2026-08-05T22:36:26.389,UNIONBANK,175.8,1.03,170.74,167.9,169.75,184.87,0.79,5.95,6.43,58.78,bank,banks - public sector,16.16,3.56,12.76,-0.07,0.1,167.64,163.93,7.15,2026-08-05,,,,,,,,,,,
2026-08-05T22:36:26.389,BAJFINANCE,1158.8,0.85,1122.2,1035.1,1082.23,1273.65,0.49,30.11,35.18,74.97,financials,finance & investments,32.67,7.08,17.06,0.11,0.11,1093.09,1051.01,6.94,2026-08-05,,,,,,,,,,,
2026-08-05T22:36:26.389,SBIN,1055.0,1.18,1019.49,1007.6,1015.44,1114.33,0.72,12.39,11.47,60.2,bank,banks - public sector,11.44,3.9,5.71,-0.09,0.04,1021.71,996.74,6.93,2026-08-05,,,,,,,,,,,
2026-08-05T22:36:26.389,PAYTM,1429.0,2.07,1379.15,1317.1,1337.9,1565.64,0.97,103.85,137.8,72.42,i.t,miscellaneous,29.72,6.81,6.64,0.1,0.08,1330.72,1271.02,6.78,2026-08-05,,,,,,,,,,,
2026-08-05T22:36:26.389,HEROMOTOCO,5690.0,2.56,5443.9,5161.0,5248.35,6352.48,1.23,19.49,19.33,78.34,auto,automobiles - motorcycles / mopeds,33.92,8.42,-4.1,-0.09,-0.06,5423.98,5239.46,6.67,2026-08-05,,,,,,,,,,,
2026-08-05T22:36:26.389,JSWSTEEL,1330.0,2.31,1259.01,1261.5,1259.39,1435.92,1.34,17.45,12.8,70.27,metals & mining,steel - large,21.27,5.61,12.7,-0.0,0.1,1270.55,1226.96,6.35,2026-08-05,,,,,,,,,,,
2026-08-05T22:36:26.389,VIJAYA,1389.6,0.33,1339.76,1328.1,1322.76,1489.85,0.29,74.55,82.3,58.35,healthcare,healthcare,21.24,5.05,31.25,0.32,0.34,1316.29,1267.6,6.28,2026-08-05,,,,,,,,,,,
2026-08-05T22:36:26.389,APLAPOLLO,1948.5,1.48,1867.49,1805.0,1846.27,2101.85,0.75,51.38,43.37,63.88,industrials,steel - large,13.94,5.54,0.88,-0.16,0.09,1823.67,1746.55,6.18,2026-08-05,,,,,,,,,,,
2026-08-05T22:36:26.389,EXIDEIND,467.0,1.89,449.72,430.0,442.46,503.81,1.58,28.34,41.82,69.43,auto,auto ancillaries,39.58,5.55,27.2,0.31,0.19,429.39,412.93,5.77,2026-08-05,,,,,,,,,,,
2026-08-05T22:36:26.389,MRPL,170.97,0.78,166.16,161.05,168.84,174.16,0.26,7.92,9.46,56.2,energy,refineries,22.83,1.26,13.22,-0.12,-0.05,156.8,149.25,5.63,2026-08-05,,,,,,,,,,,
2026-08-05T22:36:26.389,SAREGAMA,557.25,2.71,527.78,493.7,513.58,622.75,1.69,51.79,47.18,68.83,media,entertainment / electronic media software,33.25,8.5,55.87,0.57,0.39,501.06,476.18,5.07,2026-08-05,,,,,,,,,,,
2026-08-05T22:36:26.389,TBOTEK,1667.5,4.01,1562.12,1470.8,1488.18,1936.49,2.61,53.65,64.8,72.63,i.t,travel agencies,26.18,12.05,1.83,0.05,0.0,1516.76,1421.2,4.95,2026-08-05,,,,,,,,,,,
2026-08-05T22:36:26.389,IKS,1877.7,1.72,1813.49,1768.1,1799.76,1994.61,0.41,38.13,42.78,58.3,i.t,computers - software - medium / small,22.92,4.33,11.52,0.06,0.14,1774.4,1709.23,4.76,2026-08-05,,,,,,,,,,,
2026-08-05T22:36:26.389,RKFORGE,706.45,2.58,677.47,623.3,631.37,819.06,1.36,68.45,116.93,77.88,industrials,castings & forgings,33.43,11.89,33.12,0.16,0.27,652.71,615.95,4.59,2026-08-05,,,,,,,,,,,
2026-08-05T22:36:26.389,THELEELA,502.25,0.43,487.11,463.1,473.04,546.06,1.66,86.0,27.58,62.25,services,hotels,21.4,6.17,13.03,0.03,0.14,467.78,446.68,4.41,2026-08-05,,,,,,,,,,,
2026-08-05T22:36:26.389,TATASTEEL,192.99,1.07,186.04,186.1,183.98,206.5,0.83,25.94,21.58,57.93,metals & mining,steel - large,22.63,4.9,6.01,-0.08,0.08,185.37,179.66,4.31,2026-08-05,,,,,,,,,,,
2026-08-05T22:36:26.389,JKTYRE,415.2,1.17,405.08,393.0,392.56,449.15,0.92,16.61,14.84,58.9,auto,tyres,12.51,5.77,-18.77,-0.28,-0.1,393.08,383.29,4.21,2026-08-05,,,,,,,,,,,
2026-08-05T22:36:26.389,LT,4057.0,1.68,3944.3,3883.5,3810.8,4426.31,0.93,33.84,33.09,62.06,realty,engineering - turnkey services,22.39,6.46,-2.55,-0.08,-0.03,3914.68,3824.95,3.84,2026-08-05,,,,,,,,,,,
2026-08-05T22:36:26.389,NSLNISP,44.77,1.73,42.76,42.54,41.85,49.14,0.51,8.35,209.57,59.7,metals & mining,steel - large,14.24,6.97,0.0,-0.0,0.03,42.87,41.57,3.81,2026-08-05,,,,,,,,,,,
2026-08-05T22:36:26.389,PIDILITIND,1665.0,2.78,1581.62,1601.0,1594.28,1771.08,1.91,48.57,62.26,63.95,chemicals,chemicals,21.51,4.44,12.65,0.07,0.09,1585.69,1526.2,3.74,2026-08-05,,,,,,,,,,,
2026-08-05T22:36:26.389,UNOMINDA,1250.0,1.87,1204.62,1160.3,1163.77,1379.34,2.31,61.04,58.85,75.55,auto,auto ancillaries,13.85,7.41,-5.37,-0.05,-0.07,1181.39,1153.84,3.67,2026-08-05,,,,,,,,,,,
2026-08-05T22:36:26.389,POONAWALLA,480.75,2.36,462.02,461.0,464.94,504.47,1.46,33.86,49.38,59.26,financials,finance & investments,26.35,3.4,0.21,0.08,-0.01,451.23,435.84,2.98,2026-08-05,,,,,,,,,,,
2026-08-05T22:36:26.389,ENDURANCE,2893.4,1.93,2789.08,2731.4,2733.41,3133.38,1.19,36.81,41.96,66.1,auto,auto ancillaries,16.2,5.85,13.94,0.06,0.02,2714.37,2590.8,2.96,2026-08-05,,,,,,,,,,,
2026-08-05T22:36:26.389,ANTHEM,825.65,0.78,796.4,779.65,788.34,881.62,0.48,96.91,79.93,65.22,healthcare,pharmaceuticals - indian - bulk drugs & formln,18.15,4.73,26.28,0.25,0.24,772.99,741.05,2.72,2026-08-05,,,,,,,,,,,
2026-08-05T22:36:26.389,JSWINFRA,334.4,1.56,322.67,310.1,318.38,358.43,0.37,50.67,46.24,57.24,transportation,miscellaneous,20.98,5.03,17.52,0.17,0.17,313.58,299.86,2.7,2026-08-05,,,,,,,,,,,
2026-08-05T22:36:26.389,360ONE,1192.0,3.2,1140.03,1125.7,1118.73,1301.9,1.51,36.65,37.1,64.49,financials,finance & investments,13.2,6.55,-0.67,-0.06,0.03,1123.95,1075.62,2.49,2026-08-05,,,,,,,,,,,
2026-08-05T22:36:26.389,SHYAMMETL,1029.6,0.96,999.89,1013.95,1033.48,1023.78,0.87,20.43,25.33,56.05,metals & mining,steel - large,25.81,-0.38,21.17,0.11,0.19,984.2,951.55,2.21,2026-08-05,,,,,,,,,,,
2026-08-05T22:36:26.389,JSL,744.5,1.2,714.81,719.95,729.55,766.92,1.69,19.93,18.65,60.9,metals & mining,steel - large,15.27,2.05,-12.86,-0.15,-0.07,708.15,689.4,2.19,2026-08-05,,,,,,,,,,,
2026-08-05T22:36:26.389,ASAHIINDIA,926.7,3.2,879.84,866.5,871.13,1010.06,8.1,44.55,65.88,62.27,building materials,glass & glass products,15.89,6.38,-6.55,-0.14,-0.09,882.26,853.23,2.13,2026-08-05,,,,,,,,,,,
2026-08-05T22:36:26.389,RAINBOW,1598.6,1.24,1530.27,1457.0,1500.24,1746.14,2.51,66.94,56.17,76.45,healthcare,healthcare,24.3,6.56,21.23,0.32,0.15,1501.98,1440.91,1.76,2026-08-05,,,,,,,,,,,
2026-08-05T22:36:26.389,HYUNDAI,2218.5,-0.07,2148.94,1980.1,2044.96,2478.8,0.31,50.7,36.44,75.2,auto,automobiles - passenger cars,28.68,8.49,-2.16,-0.08,-0.11,2096.38,2012.89,1.48,2026-08-05,,,,,,,,,,,
2026-08-05T22:36:26.389,LODHA,1250.0,1.64,1215.49,1226.4,1250.72,1248.92,0.48,22.76,29.77,63.02,realty,construction,43.99,-0.06,15.2,0.12,0.01,1157.11,1101.64,1.35,2026-08-05,,,,,,,,,,,
2026-08-05T22:36:26.389,ACE,1137.8,3.57,1076.63,1033.1,1049.92,1269.62,1.22,28.33,29.93,69.26,industrials,engineering,38.41,8.37,16.58,0.21,0.13,1053.62,1001.68,1.3,2026-08-05,,,,,,,,,,,
2026-08-05T22:36:26.389,AIIL,570.5,2.14,542.14,536.6,542.39,612.66,0.31,10.93,8.15,61.63,financials,finance & investments,32.14,5.18,-6.24,-0.0,0.01,527.48,497.71,1.26,2026-08-05,,,,,,,,,,,
2026-08-05T22:36:26.389,CAMS,811.85,0.3,791.25,783.75,771.8,871.92,1.12,39.33,20.99,60.66,financials,miscellaneous,14.75,5.19,7.4,0.03,-0.0,766.49,742.52,1.18,2026-08-05,,,,,,,,,,,
2026-08-05T22:36:26.389,COFORGE,1777.0,1.55,1710.2,1681.7,1649.67,1968.0,0.63,36.0,35.55,71.92,i.t,computers - software - large,22.85,7.72,7.7,-0.04,-0.08,1661.09,1585.16,0.75,2026-08-05,,,,,,,,,,,
2026-08-05T22:36:26.389,FORCEMOT,18538.0,0.87,18080.02,17232.0,17213.84,20524.24,0.79,28.2,19.34,56.28,auto,automobiles - lcvs / hcvs,12.13,7.69,-12.68,-0.15,0.02,17442.09,16922.15,0.74,2026-08-05,,,,,,,,,,,
2026-08-05T22:36:26.389,PPLPHARMA,206.78,2.11,196.35,192.6,192.74,227.84,1.15,-99.41,-85.44,75.31,healthcare,pharmaceuticals - indian - bulk drugs & formln,44.95,7.28,16.25,0.18,0.06,190.83,180.09,0.64,2026-08-05,,,,,,,,,,,
2026-08-05T22:36:26.389,HAL,4645.0,0.22,4511.23,4538.2,4597.11,4716.83,0.81,18.51,34.01,61.88,aerospace & defence,engineering,15.58,1.04,5.16,-0.04,-0.05,4487.77,4398.25,0.58,2026-08-05,,,,,,,,,,,
2026-08-05T22:36:26.389,FSL,339.45,2.65,321.44,286.05,291.66,411.13,1.21,28.57,33.88,83.68,i.t,computers - software - medium / small,33.71,16.38,-0.29,0.01,-0.11,307.07,285.23,0.57,2026-08-05,,,,,,,,,,,
2026-08-05T22:36:26.389,KOTAKBANK,400.0,0.5,385.97,385.7,384.07,423.89,0.74,18.15,6.84,61.71,bank,banks - private sector,25.02,4.15,-8.88,-0.11,-0.08,387.18,377.56,0.06,2026-08-05,,,,,,,,,,,
2026-08-05T22:36:26.389,ULTRACEMCO,12190.0,1.16,11730.6,11730.0,11925.38,12586.93,0.66,34.49,41.51,63.85,building materials,cement - north india,12.18,2.22,2.45,-0.11,0.01,11766.03,11497.05,-0.05,2026-08-05,,,,,,,,,,,
2026-07-22T06:36:59.874,ACUTAAS,3677.0,0.57,3576.02,3484.0,3550.63,3866.55,0.42,57.13,84.51,66.11,healthcare,pharmaceuticals - indian - bulk drugs,35.13,3.56,121.31,1.01,0.96,3465.89,3330.56,51.08,2026-07-22,,,,,,,,,,,
2026-07-22T06:36:59.874,LAURUSLABS,1593.2,2.2,1525.86,1520.4,1546.87,1662.69,0.85,77.04,96.73,67.72,healthcare,pharmaceuticals - indian - bulk drugs & formln,36.3,3.0,57.82,0.38,0.58,1514.07,1461.62,24.15,2026-07-22,,,,,,,,,,,
2026-07-22T06:36:59.874,ADANIENSOL,1741.6,0.7,1684.23,1666.4,1672.21,1845.69,1.17,45.5,71.67,73.21,power & utilities,power generation and supply,39.55,4.15,78.26,0.77,0.69,1624.22,1583.58,24.1,2026-07-22,,,,,,,,,,,
2026-07-22T06:36:59.874,CEMPRO,1639.6,0.77,1589.07,1532.0,1629.15,1655.28,0.63,29.07,47.1,82.37,realty,construction,64.29,0.64,106.22,1.28,0.85,1526.21,1450.76,23.42,2026-07-22,,,,,,,,,,,
2026-07-22T06:36:59.874,WELCORP,1628.9,0.81,1587.11,1576.0,1629.79,1627.56,0.54,29.0,26.6,62.01,industrials,steel - large,37.39,-0.06,106.4,0.91,0.65,1505.55,1448.54,20.6,2026-07-22,,,,,,,,,,,
2026-07-22T06:36:59.874,ANANDRATHI,2091.2,0.41,2040.36,2052.8,2118.48,2050.28,0.15,53.24,45.09,66.56,financials,finance & investments,38.26,-1.29,39.94,0.24,0.3,1998.38,1936.57,19.83,2026-07-22,,,,,,,,,,,
2026-07-22T06:36:59.874,J&KBANK,186.93,2.57,178.65,177.0,177.43,201.18,1.9,6.45,8.73,66.56,bank,banks - private sector,45.39,5.35,86.66,0.68,0.68,169.36,161.26,18.24,2026-07-22,,,,,,,,,,,
2026-07-22T06:36:59.874,CHENNPETRO,1258.1,3.63,1193.74,1099.0,1134.71,1443.18,1.53,3.29,6.04,62.87,energy,refineries,21.61,10.87,37.75,0.37,0.28,1133.89,1052.64,17.88,2026-07-22,,,,,,,,,,,
2026-07-22T06:36:59.874,FEDERALBNK,356.05,1.51,343.93,323.4,332.9,390.78,0.48,17.49,18.72,77.62,bank,banks - private sector,36.47,6.95,35.28,0.17,0.45,337.03,323.46,17.43,2026-07-22,,,,,,,,,,,
2026-07-22T06:36:59.874,SONACOMS,732.75,2.55,700.75,663.3,686.59,801.99,1.57,59.28,71.07,83.28,auto,auto ancillaries,51.36,6.72,49.6,0.51,0.47,693.9,666.21,16.07,2026-07-22,,,,,,,,,,,
2026-07-22T06:36:59.874,HSCL,800.9,4.03,751.86,674.0,677.35,986.22,1.64,44.01,50.21,76.11,chemicals,chemicals,24.34,18.24,72.23,0.6,0.63,730.22,695.81,15.69,2026-07-22,,,,,,,,,,,
2026-07-22T06:36:59.874,SHRIRAMFIN,1061.5,2.52,1010.38,1018.0,1036.98,1098.29,1.31,16.52,19.92,60.69,financials,finance & investments,16.71,2.37,22.91,-0.03,0.29,1004.6,967.83,14.16,2026-07-22,,,,,,,,,,,
2026-07-22T06:36:59.874,KARURVYSYA,340.3,13.06,303.85,296.15,300.57,399.89,18.99,10.88,11.98,69.59,bank,banks - private sector,12.49,13.22,36.38,0.18,0.31,306.6,286.37,12.67,2026-07-22,,,,,,,,,,,
2026-07-22T06:36:59.874,TORNTPHARM,5040.7,0.71,4849.04,4695.1,4943.86,5185.96,0.43,109.49,78.75,66.68,healthcare,pharmaceuticals - indian - formulations,33.7,1.96,33.68,0.14,0.34,4695.67,4446.2,12.44,2026-07-22,,,,,,,,,,,
2026-07-22T06:36:59.874,ABCAPITAL,409.05,1.97,392.74,394.25,403.38,417.56,0.84,23.73,28.41,61.01,financials,finance & investments,19.44,1.41,18.17,0.04,0.18,389.53,375.75,12.03,2026-07-22,,,,,,,,,,,
2026-07-22T06:36:59.874,EMCURE,1924.5,3.4,1836.52,1751.0,1796.72,2116.16,1.15,37.47,39.46,67.37,healthcare,pharmaceuticals - indian - bulk drugs & formln,26.38,7.11,38.29,0.14,0.4,1801.68,1725.06,11.54,2026-07-22,,,,,,,,,,,
2026-07-22T06:36:59.874,NYKAA,327.95,1.38,316.2,320.4,328.58,327.0,0.39,303.66,475.29,68.42,i.t,trading,46.66,-0.19,33.86,0.2,0.27,313.37,303.49,11.52,2026-07-22,,,,,,,,,,,
2026-07-22T06:36:59.874,CUB,229.83,2.16,220.01,217.63,226.18,235.31,1.68,11.87,12.85,66.41,bank,banks - private sector,33.58,1.61,11.65,0.05,0.26,214.86,208.21,10.97,2026-07-22,,,,,,,,,,,
2026-07-22T06:36:59.874,AUROPHARMA,1579.7,1.29,1516.35,1520.4,1562.44,1605.58,0.41,24.9,26.18,58.92,healthcare,pharmaceuticals - indian - bulk drugs & formln,27.89,1.1,32.44,0.25,0.32,1508.57,1460.32,9.98,2026-07-22,,,,,,,,,,,
2026-07-22T06:36:59.874,AJANTPHARM,3575.3,3.06,3384.92,3341.1,3414.4,3816.66,1.48,41.87,42.3,71.21,healthcare,pharmaceuticals - indian - formulations,41.05,4.71,37.5,0.23,0.36,3368.62,3237.11,9.48,2026-07-22,,,,,,,,,,,
2026-07-22T06:36:59.874,PHOENIXLTD,2091.2,0.83,2019.78,2052.1,2131.75,2030.37,0.95,46.35,61.11,62.69,realty,construction,39.5,-1.9,17.4,0.05,0.16,1990.61,1923.86,9.39,2026-07-22,,,,,,,,,,,
2026-07-22T06:36:59.874,TITAN,4688.7,0.98,4536.62,4565.1,4616.23,4797.41,0.5,88.27,81.98,70.63,consumer discretionary,diamond cutting / jewellery,31.97,1.57,19.99,0.04,0.22,4558.33,4463.56,9.3,2026-07-22,,,,,,,,,,,
2026-07-22T06:36:59.874,CCL,1205.2,0.34,1166.89,1177.8,1201.01,1211.49,0.13,35.03,41.34,57.96,fmcg,tea,43.62,0.35,21.22,0.13,0.33,1143.86,1102.55,9.19,2026-07-22,,,,,,,,,,,
2026-07-22T06:36:59.874,GABRIEL,1488.5,6.47,1374.45,1255.7,1313.03,1751.71,4.94,80.37,84.77,76.02,auto,auto ancillaries,40.99,13.36,55.41,0.48,0.12,1337.14,1255.01,8.85,2026-07-22,,,,,,,,,,,
2026-07-22T06:36:59.874,FLUOROCHEM,4607.1,6.74,4234.68,3923.9,4039.36,5458.71,5.38,116.11,88.14,83.0,chemicals,chemicals,32.99,14.06,30.25,0.27,0.19,4266.0,4042.97,8.63,2026-07-22,,,,,,,,,,,
2026-07-22T06:36:59.874,OFSS,11632.0,0.1,11345.46,11337.0,11749.03,11456.46,0.62,30.07,38.32,68.76,i.t,computers - software - large,38.43,-1.0,50.83,0.34,0.34,10968.8,10570.39,8.55,2026-07-22,,,,,,,,,,,
2026-07-22T06:36:59.874,ABB,7532.0,0.2,7342.65,6926.5,7016.35,8305.47,0.58,22.37,53.6,63.83,industrials,electric equipment,19.81,7.35,45.66,0.43,0.39,7048.45,6786.79,8.45,2026-07-22,,,,,,,,,,,
2026-07-22T06:36:59.874,LLOYDSME,1936.4,1.49,1865.14,1799.1,1808.17,2128.74,1.35,18.08,27.74,69.37,metals & mining,mining / minerals / metals,23.82,7.09,48.34,0.48,0.42,1820.35,1741.82,8.41,2026-07-22,,,,,,,,,,,
2026-07-22T06:36:59.874,EICHERMOT,7689.5,1.67,7413.7,7285.0,7302.1,8270.59,0.75,34.69,38.24,63.19,auto,automobiles - motorcycles / mopeds,10.79,5.31,7.78,-0.03,0.06,7409.14,7219.38,7.9,2026-07-22,,,,,,,,,,,
2026-07-22T06:36:59.874,MANAPPURAM,351.75,4.35,330.8,318.75,330.55,383.55,3.24,18.44,29.99,65.05,financials,finance & investments,14.41,6.41,23.06,0.03,0.27,328.45,312.72,7.88,2026-07-22,,,,,,,,,,,
2026-07-22T06:36:59.874,LUPIN,2514.8,1.46,2426.58,2424.0,2495.8,2543.3,0.8,18.05,21.02,63.6,healthcare,pharmaceuticals - indian - bulk drugs & formln,23.7,0.76,19.02,0.06,0.23,2409.58,2339.57,7.79,2026-07-22,,,,,,,,,,,
2026-07-22T06:36:59.874,NUVAMA,1891.6,2.03,1825.94,1821.4,1916.15,1854.78,0.77,31.97,10.95,59.82,financials,finance & investments,41.87,-1.28,31.93,0.2,0.28,1757.27,1698.33,7.49,2026-07-22,,,,,,,,,,,
2026-07-22T06:36:59.874,ADANIPORTS,1846.5,0.14,1796.34,1817.1,1810.28,1900.83,0.63,31.95,31.72,56.17,transportation,miscellaneous,14.62,2.0,24.29,0.21,0.24,1783.87,1747.79,7.22,2026-07-22,,,,,,,,,,,
2026-07-22T06:36:59.874,GODREJIND,1380.5,1.15,1319.08,1302.1,1347.78,1429.59,0.35,26.17,37.48,69.1,chemicals,chemicals,58.2,2.43,36.34,0.28,0.18,1268.39,1202.6,6.93,2026-07-22,,,,,,,,,,,
2026-07-22T06:36:59.874,INDUSINDBK,1063.45,2.96,1010.82,992.0,1019.82,1128.9,2.36,34.84,93.2,72.52,bank,banks - private sector,36.07,4.28,27.58,0.03,0.29,1013.3,981.04,6.58,2026-07-22,,,,,,,,,,,
2026-07-22T06:36:59.874,ADANIENT,3182.7,-0.02,3106.6,3133.0,3148.76,3233.62,0.4,-465.31,40.56,61.23,services,trading,28.47,1.08,42.6,0.37,0.25,3053.76,2987.86,6.43,2026-07-22,,,,,,,,,,,
2026-07-22T06:36:59.874,MRPL,176.31,3.15,167.56,156.15,157.1,205.12,1.34,8.16,9.83,65.34,energy,refineries,20.22,12.23,19.56,0.13,0.01,158.29,145.86,5.86,2026-07-22,,,,,,,,,,,
2026-07-22T06:36:59.874,UNIONBANK,176.11,0.1,169.93,166.25,163.01,195.75,2.22,5.96,6.51,59.14,bank,banks - public sector,18.28,8.03,15.68,-0.09,0.13,163.4,157.16,5.56,2026-07-22,,,,,,,,,,,
2026-07-22T06:36:59.874,NESTLEIND,1451.9,0.39,1418.06,1405.1,1435.0,1477.25,0.85,62.91,67.5,57.13,fmcg,food - processing - mnc,15.02,1.18,17.66,0.02,0.11,1399.5,1372.71,5.17,2026-07-22,,,,,,,,,,,
2026-07-22T06:36:59.874,BIOCON,440.3,0.87,425.81,431.1,420.11,470.59,0.6,139.34,157.81,61.53,healthcare,pharmaceuticals - indian - bulk drugs & formln,21.04,4.81,14.24,0.08,0.13,415.52,398.24,4.78,2026-07-22,,,,,,,,,,,
2026-07-22T06:36:59.874,HEG,604.95,1.79,578.93,564.5,560.8,671.18,0.94,-25.63,34.22,64.58,industrials,electrodes - graphites,24.14,7.87,15.01,-0.05,0.0,558.65,526.98,4.66,2026-07-22,,,,,,,,,,,
2026-07-22T06:36:59.874,SUNPHARMA,1961.9,0.28,1899.44,1922.5,1939.99,1994.77,0.59,43.4,41.04,68.02,healthcare,pharmaceuticals - indian - bulk drugs & formln,33.05,1.13,9.43,0.08,0.11,1904.1,1865.35,4.34,2026-07-22,,,,,,,,,,,
2026-07-22T06:36:59.874,AARTIIND,499.5,0.83,483.58,483.45,482.63,524.8,0.45,32.95,43.21,59.11,chemicals,chemicals,17.66,3.49,35.91,0.3,0.24,469.19,449.2,4.23,2026-07-22,,,,,,,,,,,
2026-07-22T06:36:59.874,EXIDEIND,443.45,1.56,427.08,418.1,425.91,469.77,1.88,43.82,44.12,74.37,auto,auto ancillaries,37.69,4.12,21.99,0.19,0.12,420.76,410.29,4.09,2026-07-22,,,,,,,,,,,
2026-07-22T06:36:59.874,LALPATHLAB,1700.1,0.4,1649.34,1666.2,1686.32,1720.77,0.29,54.07,36.01,55.92,healthcare,healthcare,25.35,0.82,20.81,0.13,0.01,1605.32,1547.03,3.68,2026-07-22,,,,,,,,,,,
2026-07-22T06:36:59.874,INDIACEM,405.2,3.24,384.11,374.9,380.23,442.65,4.07,116.44,135.97,59.96,building materials,cement - south india,16.6,6.57,-7.94,-0.2,-0.03,373.37,355.76,3.4,2026-07-22,,,,,,,,,,,
2026-07-22T06:36:59.874,HEROMOTOCO,5034.1,1.13,4872.56,4868.0,4848.16,5313.02,0.88,17.24,17.54,59.26,auto,automobiles - motorcycles / mopeds,9.32,3.84,-13.44,-0.2,-0.12,4866.93,4764.44,3.38,2026-07-22,,,,,,,,,,,
2026-07-22T06:36:59.874,BAJFINANCE,1069.2,0.49,1039.68,1006.6,1038.88,1114.68,0.74,30.41,34.93,70.55,financials,finance & investments,36.3,2.92,7.0,0.02,-0.01,1022.76,993.13,3.19,2026-07-22,,,,,,,,,,,
2026-07-22T06:36:59.874,AEGISVOPAK,288.45,2.64,270.51,262.4,283.28,296.21,1.83,116.31,135.42,63.57,transportation,miscellaneous,47.73,1.83,11.58,0.24,0.01,254.75,232.02,2.7,2026-07-22,,,,,,,,,,,
2026-07-22T06:36:59.874,IIFL,571.8,2.53,545.66,537.6,539.93,619.61,0.88,10.36,14.64,64.17,financials,finance & investments,27.31,5.9,1.6,-0.19,0.02,533.08,509.94,2.65,2026-07-22,,,,,,,,,,,
2026-07-22T06:36:59.874,SAREGAMA,516.2,0.4,495.29,482.95,482.03,567.45,0.1,33.43,48.2,65.08,media,entertainment / electronic media software,41.83,7.09,45.72,0.38,0.09,478.63,454.05,2.09,2026-07-22,,,,,,,,,,,
2026-07-22T06:36:59.874,DIVISLAB,7330.0,0.16,7129.5,7200.0,7054.69,7742.96,0.46,64.73,75.76,71.98,healthcare,pharmaceuticals - indian - bulk drugs,38.34,3.9,16.48,0.1,0.04,7038.18,6833.31,2.09,2026-07-22,,,,,,,,,,,
2026-07-22T06:36:59.874,ECLERX,1924.0,2.48,1827.9,1666.1,1702.45,2256.33,0.87,23.5,14.75,72.87,i.t,computers - software - medium / small,34.4,13.01,-13.68,-0.21,-0.21,1687.06,1530.36,1.75,2026-07-22,,,,,,,,,,,
2026-07-22T06:36:59.874,BALRAMCHIN,617.85,2.97,587.71,582.3,584.92,667.24,4.01,19.55,32.97,70.18,fmcg,sugar,38.44,5.63,40.43,0.37,0.29,575.49,567.82,1.71,2026-07-22,,,,,,,,,,,
2026-07-22T06:36:59.874,ANANTRAJ,608.85,1.34,586.19,561.0,572.15,663.9,1.29,36.41,38.03,68.85,realty,construction,20.75,6.41,15.99,0.03,-0.1,567.6,539.81,1.37,2026-07-22,,,,,,,,,,,
2026-07-22T06:36:59.874,ETERNAL,286.6,-0.12,277.93,283.05,291.2,279.7,0.73,377.11,716.5,61.01,i.t,miscellaneous,37.27,-1.58,1.05,-0.06,-0.14,270.97,260.75,1.07,2026-07-22,,,,,,,,,,,
2026-07-22T06:36:59.874,ENDURANCE,2752.0,0.38,2665.7,2666.0,2685.57,2851.65,0.39,35.01,40.67,60.74,auto,auto ancillaries,21.94,2.47,5.04,-0.01,-0.07,2617.4,2528.55,0.95,2026-07-22,,,,,,,,,,,
2026-07-22T06:36:59.874,KALYANKJIL,577.0,1.23,543.95,518.3,512.45,673.83,1.25,36.34,44.11,82.53,consumer discretionary,diamond cutting / jewellery,34.47,12.6,21.69,0.16,0.08,519.22,479.63,0.94,2026-07-22,,,,,,,,,,,
2026-07-22T06:36:59.874,TORNTPOWER,1435.9,0.18,1397.87,1381.5,1390.82,1503.52,0.69,56.89,29.95,51.58,power & utilities,power generation and supply,13.84,3.24,12.71,-0.01,0.03,1357.65,1305.66,0.89,2026-07-22,,,,,,,,,,,
2026-07-22T06:36:59.874,MEDANTA,1342.6,0.84,1299.97,1305.0,1330.88,1360.18,0.66,62.62,64.83,60.06,healthcare,healthcare,25.83,0.88,17.5,0.11,0.02,1284.92,1253.86,0.74,2026-07-22,,,,,,,,,,,
2026-07-22T06:36:59.874,PRESTIGE,1706.9,2.26,1629.05,1630.3,1708.84,1703.98,0.42,73.45,61.49,62.26,realty,construction,33.95,-0.11,6.22,0.04,-0.07,1604.1,1532.29,0.55,2026-07-22,,,,,,,,,,,
2026-07-22T06:36:59.874,M&M,3201.7,1.14,3080.14,3079.4,3108.56,3341.41,0.62,19.16,20.91,57.17,auto,automobiles - passenger cars,11.79,3.0,-11.38,-0.19,-0.13,3073.63,2987.88,0.44,2026-07-22,,,,,,,,,,,
2026-07-22T06:36:59.874,BHARTIARTL,1948.4,0.43,1899.93,1901.2,1913.13,2001.31,0.59,38.87,42.4,60.5,telecom-service,telecommunications - service provider,22.69,1.84,-7.54,-0.11,-0.09,1885.95,1842.72,0.25,2026-07-22,,,,,,,,,,,
2026-07-22T06:36:59.874,PNB,112.08,0.29,109.08,104.59,103.69,124.67,1.32,5.54,5.84,64.63,bank,banks - public sector,13.65,8.1,-5.87,-0.19,-0.12,106.76,104.06,0.09,2026-07-22,,,,,,,,,,,
2026-07-22T06:36:59.874,GODREJPROP,2164.3,2.15,2064.86,2065.5,2135.0,2208.26,0.99,25.07,35.23,71.39,realty,construction,39.43,1.37,7.44,0.11,-0.09,2043.96,1958.31,-0.06,2026-07-22,,,,,,,,,,,
2026-07-22T06:36:59.874,VOLTAS,1359.2,0.13,1325.84,1326.8,1307.79,1436.31,0.25,96.81,119.65,58.56,consumer discretionary,air-conditioners,16.81,3.93,-1.52,-0.11,-0.04,1292.57,1252.1,-0.28,2026-07-22,,,,,,,,,,,
2026-07-22T06:36:59.874,NUVOCO,361.6,4.54,339.57,342.2,333.0,404.49,1.66,20.22,33.45,63.12,building materials,cement - north india,32.71,8.59,1.69,-0.04,-0.15,318.04,289.72,-0.49,2026-07-22,,,,,,,,,,,
2026-07-22T06:36:59.874,JUBLINGREA,763.8,3.66,726.18,728.0,730.45,813.83,2.24,34.91,43.42,69.53,chemicals,chemicals,33.06,4.57,10.56,0.03,0.07,711.85,682.34,-0.62,2026-07-22,,,,,,,,,,,
2026-07-22T06:36:59.874,ULTRACEMCO,12094.0,1.6,11687.48,11504.0,11648.97,12761.54,2.56,34.22,41.66,64.49,building materials,cement - north india,11.98,3.82,4.8,-0.09,-0.02,11630.21,11314.36,-0.66,2026-07-22,,,,,,,,,,,
2026-07-22T06:36:59.874,GAIL,173.99,0.57,169.07,169.47,170.08,179.86,0.5,19.25,15.09,55.12,energy,miscellaneous,14.66,2.3,2.96,-0.03,-0.09,166.77,163.57,-0.93,2026-07-22,,,,,,,,,,,
2026-07-22T06:36:59.874,HOMEFIRST,1280.1,0.54,1234.9,1214.1,1234.02,1349.22,1.34,22.3,24.47,65.38,financials,finance - housing,38.86,3.73,10.43,0.11,-0.01,1200.19,1147.66,-1.15,2026-07-22,,,,,,,,,,,
2026-07-22T06:36:59.874,HAL,4581.7,2.02,4372.17,4394.0,4420.52,4823.48,0.69,18.26,33.61,63.42,aerospace & defence,engineering,11.59,3.65,8.37,-0.06,-0.06,4399.37,4274.92,-1.27,2026-07-22,,,,,,,,,,,
2026-07-22T06:36:59.874,BRITANNIA,5482.0,0.22,5326.3,5274.0,5350.48,5679.28,0.49,48.67,52.12,62.31,fmcg,food - processing - mnc,14.1,2.46,-10.07,-0.15,-0.09,5302.87,5183.51,-1.29,2026-07-22,,,,,,,,,,,
2026-07-22T06:36:59.874,IOC,143.3,0.63,139.39,137.16,137.76,151.61,0.78,3.41,4.69,55.48,energy,refineries,14.25,4.02,-14.27,-0.18,-0.17,137.5,133.84,-1.36,2026-07-22,,,,,,,,,,,
2026-07-22T06:36:59.874,BAJAJFINSV,1900.6,2.1,1813.39,1822.0,1878.96,1933.06,1.48,29.88,30.9,61.41,financials,finance & investments,19.65,1.15,-5.94,-0.13,-0.12,1813.74,1752.79,-1.43,2026-07-22,,,,,,,,,,,
2026-07-22T06:36:59.874,PERSISTENT,5219.0,0.58,5061.7,5012.9,4924.2,5661.2,0.51,38.57,43.59,60.88,i.t,computers - software - large,16.5,5.99,-16.92,-0.25,-0.15,4920.48,4777.48,-1.52,2026-07-22,,,,,,,,,,,
2026-07-22T06:36:59.874,UPL,618.15,2.0,593.78,584.05,587.71,663.81,1.06,12.29,28.01,55.22,chemicals,pesticides / agrochemicals - indian,18.42,5.18,-17.15,-0.28,-0.18,583.99,562.16,-1.57,2026-07-22,,,,,,,,,,,
2026-07-22T06:36:59.874,SRF,2939.0,2.34,2809.46,2738.0,2783.24,3172.64,1.1,37.43,47.47,66.43,chemicals,chemicals,12.68,5.6,-3.1,-0.09,-0.04,2786.15,2702.52,-1.64,2026-07-22,,,,,,,,,,,
2026-07-22T06:36:59.874,PPLPHARMA,184.81,3.32,170.96,170.61,173.19,202.23,1.43,-660.04,-74.82,64.89,healthcare,pharmaceuticals - indian - bulk drugs & formln,23.99,6.71,10.13,0.04,-0.11,169.6,159.18,-1.71,2026-07-22,,,,,,,,,,,
2026-07-22T06:36:59.874,HINDPETRO,406.95,0.38,396.46,386.8,390.23,432.03,0.6,3.57,4.8,57.53,energy,refineries,12.72,4.28,-12.46,-0.17,-0.19,387.38,375.7,-1.77,2026-07-22,,,,,,,,,,,
2026-07-21T23:26:25.295,ACUTAAS,3677.0,0.57,3576.02,3484.0,3550.63,3866.55,0.42,57.13,84.03,66.11,healthcare,pharmaceuticals - indian - bulk drugs,35.13,3.56,121.31,1.01,0.96,3465.89,3330.56,51.08,2026-07-21,,,,,,,,,,,
2026-07-21T23:26:25.295,LAURUSLABS,1593.2,2.2,1525.86,1520.4,1546.87,1662.69,0.85,77.04,94.65,67.72,healthcare,pharmaceuticals - indian - bulk drugs & formln,36.3,3.0,57.82,0.38,0.58,1514.07,1461.62,24.15,2026-07-21,,,,,,,,,,,
2026-07-21T23:26:25.295,ADANIENSOL,1741.6,0.7,1684.23,1666.4,1672.21,1845.69,1.17,76.52,91.03,73.21,power & utilities,power generation and supply,39.55,4.15,78.26,0.77,0.69,1624.22,1583.58,24.1,2026-07-21,,,,,,,,,,,
2026-07-21T23:26:25.295,CEMPRO,1639.6,0.77,1589.07,1532.0,1629.15,1655.28,0.63,29.07,46.74,82.37,realty,construction,64.29,0.64,106.22,1.28,0.85,1526.21,1450.76,23.42,2026-07-21,,,,,,,,,,,
2026-07-21T23:26:25.295,WELCORP,1628.9,0.81,1587.11,1576.0,1629.79,1627.56,0.54,29.0,26.39,62.01,industrials,steel - large,37.39,-0.06,106.4,0.91,0.65,1505.55,1448.54,20.6,2026-07-21,,,,,,,,,,,
2026-07-21T23:26:25.295,ANANDRATHI,2091.2,0.41,2040.36,2052.8,2118.48,2050.28,0.15,53.24,44.91,66.56,financials,finance & investments,38.26,-1.29,39.94,0.24,0.3,1998.38,1936.57,19.83,2026-07-21,,,,,,,,,,,
2026-07-21T23:26:25.295,J&KBANK,186.93,2.57,178.65,177.0,177.43,201.18,1.9,6.45,8.51,66.56,bank,banks - private sector,45.39,5.35,86.66,0.68,0.68,169.36,161.26,18.24,2026-07-21,,,,,,,,,,,
2026-07-21T23:26:25.295,CHENNPETRO,1258.1,3.63,1193.74,1099.0,1134.71,1443.18,1.53,3.29,5.83,62.87,energy,refineries,21.61,10.87,37.75,0.37,0.28,1133.89,1052.64,17.88,2026-07-21,,,,,,,,,,,
2026-07-21T23:26:25.295,FEDERALBNK,356.05,1.51,343.93,323.4,332.9,390.78,0.48,17.49,18.44,77.62,bank,banks - private sector,36.47,6.95,35.28,0.17,0.45,337.03,323.46,17.43,2026-07-21,,,,,,,,,,,
2026-07-21T23:26:25.295,SONACOMS,732.75,2.55,700.75,663.3,686.59,801.99,1.57,59.28,69.31,83.28,auto,auto ancillaries,51.36,6.72,49.6,0.51,0.47,693.9,666.21,16.07,2026-07-21,,,,,,,,,,,
2026-07-21T23:26:25.295,HSCL,800.9,4.03,751.86,674.0,677.35,986.22,1.64,44.01,48.27,76.11,chemicals,chemicals,24.34,18.24,72.23,0.6,0.63,730.22,695.81,15.69,2026-07-21,,,,,,,,,,,
2026-07-21T23:26:25.295,SHRIRAMFIN,1061.5,2.52,1010.38,1018.0,1036.98,1098.29,1.31,16.52,19.43,60.69,financials,finance & investments,16.71,2.37,22.91,-0.03,0.29,1004.6,967.83,14.16,2026-07-21,,,,,,,,,,,
2026-07-21T23:26:25.295,KARURVYSYA,340.3,13.06,303.85,296.15,300.57,399.89,18.99,10.88,10.6,69.59,bank,banks - private sector,12.49,13.22,36.38,0.18,0.31,306.6,286.37,12.67,2026-07-21,,,,,,,,,,,
2026-07-21T23:26:25.295,TORNTPHARM,5040.7,0.71,4849.04,4695.1,4943.86,5185.96,0.43,109.49,78.2,66.68,healthcare,pharmaceuticals - indian - formulations,33.7,1.96,33.68,0.14,0.34,4695.67,4446.2,12.44,2026-07-21,,,,,,,,,,,
2026-07-21T23:26:25.295,ABCAPITAL,409.05,1.97,392.74,394.25,403.38,417.56,0.84,23.73,27.86,61.01,financials,finance & investments,19.44,1.41,18.17,0.04,0.18,389.53,375.75,12.03,2026-07-21,,,,,,,,,,,
2026-07-21T23:26:25.295,EMCURE,1924.5,3.4,1836.52,1751.0,1796.72,2116.16,1.15,37.47,38.16,67.37,healthcare,pharmaceuticals - indian - bulk drugs & formln,26.38,7.11,38.29,0.14,0.4,1801.68,1725.06,11.54,2026-07-21,,,,,,,,,,,
2026-07-21T23:26:25.295,NYKAA,327.95,1.38,316.2,320.4,328.58,327.0,0.39,303.66,468.84,68.42,i.t,trading,46.66,-0.19,33.86,0.2,0.27,313.37,303.49,11.52,2026-07-21,,,,,,,,,,,
2026-07-21T23:26:25.295,CUB,229.83,2.16,220.01,217.63,226.18,235.31,1.68,11.87,12.58,66.41,bank,banks - private sector,33.58,1.61,11.65,0.05,0.26,214.86,208.21,10.97,2026-07-21,,,,,,,,,,,
2026-07-21T23:26:25.295,AUROPHARMA,1579.7,1.29,1516.35,1520.4,1562.44,1605.58,0.41,24.9,25.85,58.92,healthcare,pharmaceuticals - indian - bulk drugs & formln,27.89,1.1,32.44,0.25,0.32,1508.57,1460.32,9.98,2026-07-21,,,,,,,,,,,
2026-07-21T23:26:25.295,AJANTPHARM,3575.3,3.06,3384.92,3341.1,3414.4,3816.66,1.48,41.87,41.04,71.21,healthcare,pharmaceuticals - indian - formulations,41.05,4.71,37.5,0.23,0.36,3368.62,3237.11,9.48,2026-07-21,,,,,,,,,,,
2026-07-21T23:26:25.295,PHOENIXLTD,2091.2,0.83,2019.78,2052.1,2131.75,2030.37,0.95,46.35,60.61,62.69,realty,construction,39.5,-1.9,17.4,0.05,0.16,1990.61,1923.86,9.39,2026-07-21,,,,,,,,,,,
2026-07-21T23:26:25.295,TITAN,4688.7,0.98,4536.62,4565.1,4616.23,4797.41,0.5,88.27,81.19,70.63,consumer discretionary,diamond cutting / jewellery,31.97,1.57,19.99,0.04,0.22,4558.33,4463.56,9.3,2026-07-21,,,,,,,,,,,
2026-07-21T23:26:25.295,CCL,1205.2,0.34,1166.89,1177.8,1201.01,1211.49,0.13,35.03,41.2,57.96,fmcg,tea,43.62,0.35,21.22,0.13,0.33,1143.86,1102.55,9.19,2026-07-21,,,,,,,,,,,
2026-07-21T23:26:25.295,GABRIEL,1488.5,6.47,1374.45,1255.7,1313.03,1751.71,4.94,80.37,79.61,76.02,auto,auto ancillaries,40.99,13.36,55.41,0.48,0.12,1337.14,1255.01,8.85,2026-07-21,,,,,,,,,,,
2026-07-21T23:26:25.295,FLUOROCHEM,4607.1,6.74,4234.68,3923.9,4039.36,5458.71,5.38,116.11,82.58,83.0,chemicals,chemicals,32.99,14.06,30.25,0.27,0.19,4266.0,4042.97,8.63,2026-07-21,,,,,,,,,,,
2026-07-21T23:26:25.295,OFSS,11632.0,0.1,11345.46,11337.0,11749.03,11456.46,0.62,30.07,38.28,68.76,i.t,computers - software - large,38.43,-1.0,50.83,0.34,0.34,10968.8,10570.39,8.55,2026-07-21,,,,,,,,,,,
2026-07-21T23:26:25.295,ABB,7532.0,0.2,7342.65,6926.5,7016.35,8305.47,0.58,22.37,53.49,63.83,industrials,electric equipment,19.81,7.35,45.66,0.43,0.39,7048.45,6786.79,8.45,2026-07-21,,,,,,,,,,,
2026-07-21T23:26:25.295,LLOYDSME,1936.4,1.49,1865.14,1799.1,1808.17,2128.74,1.35,18.08,27.33,69.37,metals & mining,mining / minerals / metals,23.82,7.09,48.34,0.48,0.42,1820.35,1741.82,8.41,2026-07-21,,,,,,,,,,,
2026-07-21T23:26:25.295,EICHERMOT,7689.5,1.67,7413.7,7285.0,7302.1,8270.59,0.75,34.69,37.61,63.19,auto,automobiles - motorcycles / mopeds,10.79,5.31,7.78,-0.03,0.06,7409.14,7219.38,7.9,2026-07-21,,,,,,,,,,,
2026-07-21T23:26:25.295,MANAPPURAM,351.75,4.35,330.8,318.75,330.55,383.55,3.24,18.44,28.74,65.05,financials,finance & investments,14.41,6.41,23.06,0.03,0.27,328.45,312.72,7.88,2026-07-21,,,,,,,,,,,
2026-07-21T23:26:25.295,LUPIN,2514.8,1.46,2426.58,2424.0,2495.8,2543.3,0.8,18.05,20.72,63.6,healthcare,pharmaceuticals - indian - bulk drugs & formln,23.7,0.76,19.02,0.06,0.23,2409.58,2339.57,7.79,2026-07-21,,,,,,,,,,,
2026-07-21T23:26:25.295,NUVAMA,1891.6,2.03,1825.94,1821.4,1916.15,1854.78,0.77,31.97,10.73,59.82,financials,finance & investments,41.87,-1.28,31.93,0.2,0.28,1757.27,1698.33,7.49,2026-07-21,,,,,,,,,,,
2026-07-21T23:26:25.295,ADANIPORTS,1846.5,0.14,1796.34,1817.1,1810.28,1900.83,0.63,31.95,31.67,56.17,transportation,miscellaneous,14.62,2.0,24.29,0.21,0.24,1783.87,1747.79,7.22,2026-07-21,,,,,,,,,,,
2026-07-21T23:26:25.295,GODREJIND,1380.5,1.15,1319.08,1302.1,1347.78,1429.59,0.35,26.17,37.06,69.1,chemicals,chemicals,58.2,2.43,36.34,0.28,0.18,1268.39,1202.6,6.93,2026-07-21,,,,,,,,,,,
2026-07-21T23:26:25.295,INDUSINDBK,1063.45,2.96,1010.82,992.0,1019.82,1128.9,2.36,34.84,90.52,72.52,bank,banks - private sector,36.07,4.28,27.58,0.03,0.29,1013.3,981.04,6.58,2026-07-21,,,,,,,,,,,
2026-07-21T23:26:25.295,ADANIENT,3182.7,-0.02,3106.6,3133.0,3148.76,3233.62,0.4,-465.31,40.57,61.23,services,trading,28.47,1.08,42.6,0.37,0.25,3053.76,2987.86,6.43,2026-07-21,,,,,,,,,,,
2026-07-21T23:26:25.295,MRPL,176.31,3.15,167.56,156.15,157.1,205.12,1.34,8.16,9.53,65.34,energy,refineries,20.22,12.23,19.56,0.13,0.01,158.29,145.86,5.86,2026-07-21,,,,,,,,,,,
2026-07-21T23:26:25.295,UNIONBANK,176.11,0.1,169.93,166.25,163.01,195.75,2.22,5.96,6.5,59.14,bank,banks - public sector,18.28,8.03,15.68,-0.09,0.13,163.4,157.16,5.56,2026-07-21,,,,,,,,,,,
2026-07-21T23:26:25.295,NESTLEIND,1451.9,0.39,1418.06,1405.1,1435.0,1477.25,0.85,62.91,67.24,57.13,fmcg,food - processing - mnc,15.02,1.18,17.66,0.02,0.11,1399.5,1372.71,5.17,2026-07-21,,,,,,,,,,,
2026-07-21T23:26:25.295,BIOCON,440.3,0.87,425.81,431.1,420.11,470.59,0.6,139.34,156.45,61.53,healthcare,pharmaceuticals - indian - bulk drugs & formln,21.04,4.81,14.24,0.08,0.13,415.52,398.24,4.78,2026-07-21,,,,,,,,,,,
2026-07-21T23:26:25.295,HEG,604.95,1.79,578.93,564.5,560.8,671.18,0.94,-25.63,33.61,64.58,industrials,electrodes - graphites,24.14,7.87,15.01,-0.05,0.0,558.65,526.98,4.66,2026-07-21,,,,,,,,,,,
2026-07-21T23:26:25.295,SUNPHARMA,1961.9,0.28,1899.44,1922.5,1939.99,1994.77,0.59,43.4,40.93,68.02,healthcare,pharmaceuticals - indian - bulk drugs & formln,33.05,1.13,9.43,0.08,0.11,1904.1,1865.35,4.34,2026-07-21,,,,,,,,,,,
2026-07-21T23:26:25.295,AARTIIND,499.5,0.83,483.58,483.45,482.63,524.8,0.45,32.95,42.85,59.11,chemicals,chemicals,17.66,3.49,35.91,0.3,0.24,469.19,449.2,4.23,2026-07-21,,,,,,,,,,,
2026-07-21T23:26:25.295,EXIDEIND,443.45,1.56,427.08,418.1,425.91,469.77,1.88,43.82,43.45,74.37,auto,auto ancillaries,37.69,4.12,21.99,0.19,0.12,420.76,410.29,4.09,2026-07-21,,,,,,,,,,,
2026-07-21T23:26:25.295,LALPATHLAB,1700.1,0.4,1649.34,1666.2,1686.32,1720.77,0.29,54.07,35.87,55.92,healthcare,healthcare,25.35,0.82,20.81,0.13,0.01,1605.32,1547.03,3.68,2026-07-21,,,,,,,,,,,
2026-07-21T23:26:25.295,INDIACEM,405.2,3.24,384.11,374.9,380.23,442.65,4.07,116.44,131.71,59.96,building materials,cement - south india,16.6,6.57,-7.94,-0.2,-0.03,373.37,355.76,3.4,2026-07-21,,,,,,,,,,,
2026-07-21T23:26:25.295,HEROMOTOCO,5034.1,1.13,4872.56,4868.0,4848.16,5313.02,0.88,17.24,17.34,59.26,auto,automobiles - motorcycles / mopeds,9.32,3.84,-13.44,-0.2,-0.12,4866.93,4764.44,3.38,2026-07-21,,,,,,,,,,,
2026-07-21T23:26:25.295,BAJFINANCE,1069.2,0.49,1039.68,1006.6,1038.88,1114.68,0.74,30.41,34.76,70.55,financials,finance & investments,36.3,2.92,7.0,0.02,-0.01,1022.76,993.13,3.19,2026-07-21,,,,,,,,,,,
2026-07-21T23:26:25.295,AEGISVOPAK,288.45,2.64,270.51,262.4,283.28,296.21,1.83,116.31,131.93,63.57,transportation,miscellaneous,47.73,1.83,11.58,0.24,0.01,254.75,232.02,2.7,2026-07-21,,,,,,,,,,,
2026-07-21T23:26:25.295,IIFL,571.8,2.53,545.66,537.6,539.93,619.61,0.88,10.36,14.27,64.17,financials,finance & investments,27.31,5.9,1.6,-0.19,0.02,533.08,509.94,2.65,2026-07-21,,,,,,,,,,,
2026-07-21T23:26:25.295,SAREGAMA,516.2,0.4,495.29,482.95,482.03,567.45,0.1,33.43,48.01,65.08,media,entertainment / electronic media software,41.83,7.09,45.72,0.38,0.09,478.63,454.05,2.09,2026-07-21,,,,,,,,,,,
2026-07-21T23:26:25.295,DIVISLAB,7330.0,0.16,7129.5,7200.0,7054.69,7742.96,0.46,64.73,75.64,71.98,healthcare,pharmaceuticals - indian - bulk drugs,38.34,3.9,16.48,0.1,0.04,7038.18,6833.31,2.09,2026-07-21,,,,,,,,,,,
2026-07-21T23:26:25.295,ECLERX,1924.0,2.48,1827.9,1666.1,1702.45,2256.33,0.87,23.5,14.39,72.87,i.t,computers - software - medium / small,34.4,13.01,-13.68,-0.21,-0.21,1687.06,1530.36,1.75,2026-07-21,,,,,,,,,,,
2026-07-21T23:26:25.295,BALRAMCHIN,617.85,2.97,587.71,582.3,584.92,667.24,4.01,19.55,32.02,70.18,fmcg,sugar,38.44,5.63,40.43,0.37,0.29,575.49,567.82,1.71,2026-07-21,,,,,,,,,,,
2026-07-21T23:26:25.295,ANANTRAJ,608.85,1.34,586.19,561.0,572.15,663.9,1.29,36.41,37.53,68.85,realty,construction,20.75,6.41,15.99,0.03,-0.1,567.6,539.81,1.37,2026-07-21,,,,,,,,,,,
2026-07-21T23:26:25.295,ETERNAL,286.6,-0.12,277.93,283.05,291.2,279.7,0.73,377.11,717.38,61.01,i.t,miscellaneous,37.27,-1.58,1.05,-0.06,-0.14,270.97,260.75,1.07,2026-07-21,,,,,,,,,,,
2026-07-21T23:26:25.295,ENDURANCE,2752.0,0.38,2665.7,2666.0,2685.57,2851.65,0.39,35.01,40.52,60.74,auto,auto ancillaries,21.94,2.47,5.04,-0.01,-0.07,2617.4,2528.55,0.95,2026-07-21,,,,,,,,,,,
2026-07-21T23:26:25.295,KALYANKJIL,577.0,1.23,543.95,518.3,512.45,673.83,1.25,36.34,43.58,82.53,consumer discretionary,diamond cutting / jewellery,34.47,12.6,21.69,0.16,0.08,519.22,479.63,0.94,2026-07-21,,,,,,,,,,,
2026-07-21T23:26:25.295,TORNTPOWER,1435.9,0.18,1397.87,1381.5,1390.82,1503.52,0.69,56.89,29.89,51.58,power & utilities,power generation and supply,13.84,3.24,12.71,-0.01,0.03,1357.65,1305.66,0.89,2026-07-21,,,,,,,,,,,
2026-07-21T23:26:25.295,MEDANTA,1342.6,0.84,1299.97,1305.0,1330.88,1360.18,0.66,62.62,64.29,60.06,healthcare,healthcare,25.83,0.88,17.5,0.11,0.02,1284.92,1253.86,0.74,2026-07-21,,,,,,,,,,,
2026-07-21T23:26:25.295,PRESTIGE,1706.9,2.26,1629.05,1630.3,1708.84,1703.98,0.42,73.45,60.13,62.26,realty,construction,33.95,-0.11,6.22,0.04,-0.07,1604.1,1532.29,0.55,2026-07-21,,,,,,,,,,,
2026-07-21T23:26:25.295,M&M,3201.7,1.14,3080.14,3079.4,3108.56,3341.41,0.62,19.16,20.68,57.17,auto,automobiles - passenger cars,11.79,3.0,-11.38,-0.19,-0.13,3073.63,2987.88,0.44,2026-07-21,,,,,,,,,,,
2026-07-21T23:26:25.295,BHARTIARTL,1948.4,0.43,1899.93,1901.2,1913.13,2001.31,0.59,38.87,42.22,60.5,telecom-service,telecommunications - service provider,22.69,1.84,-7.54,-0.11,-0.09,1885.95,1842.72,0.25,2026-07-21,,,,,,,,,,,
2026-07-21T23:26:25.295,PNB,112.08,0.29,109.08,104.59,103.69,124.67,1.32,5.54,5.83,64.63,bank,banks - public sector,13.65,8.1,-5.87,-0.19,-0.12,106.76,104.06,0.09,2026-07-21,,,,,,,,,,,
2026-07-21T23:26:25.295,GODREJPROP,2164.3,2.15,2064.86,2065.5,2135.0,2208.26,0.99,25.07,34.49,71.39,realty,construction,39.43,1.37,7.44,0.11,-0.09,2043.96,1958.31,-0.06,2026-07-21,,,,,,,,,,,
2026-07-21T23:26:25.295,VOLTAS,1359.2,0.13,1325.84,1326.8,1307.79,1436.31,0.25,96.81,119.49,58.56,consumer discretionary,air-conditioners,16.81,3.93,-1.52,-0.11,-0.04,1292.57,1252.1,-0.28,2026-07-21,,,,,,,,,,,
2026-07-21T23:26:25.295,NUVOCO,361.6,4.54,339.57,342.2,333.0,404.49,1.66,20.22,32.0,63.12,building materials,cement - north india,32.71,8.59,1.69,-0.04,-0.15,318.04,289.72,-0.49,2026-07-21,,,,,,,,,,,
2026-07-21T23:26:25.295,JUBLINGREA,763.8,3.66,726.18,728.0,730.45,813.83,2.24,34.91,41.89,69.53,chemicals,chemicals,33.06,4.57,10.56,0.03,0.07,711.85,682.34,-0.62,2026-07-21,,,,,,,,,,,
2026-07-21T23:26:25.295,ULTRACEMCO,12094.0,1.6,11687.48,11504.0,11648.97,12761.54,2.56,34.22,41.0,64.49,building materials,cement - north india,11.98,3.82,4.8,-0.09,-0.02,11630.21,11314.36,-0.66,2026-07-21,,,,,,,,,,,
2026-07-21T23:26:25.295,GAIL,173.99,0.57,169.07,169.47,170.08,179.86,0.5,19.25,15.01,55.12,energy,miscellaneous,14.66,2.3,2.96,-0.03,-0.09,166.77,163.57,-0.93,2026-07-21,,,,,,,,,,,
2026-07-21T23:26:25.295,HOMEFIRST,1280.1,0.54,1234.9,1214.1,1234.02,1349.22,1.34,22.3,24.33,65.38,financials,finance - housing,38.86,3.73,10.43,0.11,-0.01,1200.19,1147.66,-1.15,2026-07-21,,,,,,,,,,,
2026-07-21T23:26:25.295,HAL,4581.7,2.02,4372.17,4394.0,4420.52,4823.48,0.69,18.26,32.95,63.42,aerospace & defence,engineering,11.59,3.65,8.37,-0.06,-0.06,4399.37,4274.92,-1.27,2026-07-21,,,,,,,,,,,
2026-07-21T23:26:25.295,BRITANNIA,5482.0,0.22,5326.3,5274.0,5350.48,5679.28,0.49,48.67,52.01,62.31,fmcg,food - processing - mnc,14.1,2.46,-10.07,-0.15,-0.09,5302.87,5183.51,-1.29,2026-07-21,,,,,,,,,,,
2026-07-21T23:26:25.295,IOC,143.3,0.63,139.39,137.16,137.76,151.61,0.78,3.41,4.66,55.48,energy,refineries,14.25,4.02,-14.27,-0.18,-0.17,137.5,133.84,-1.36,2026-07-21,,,,,,,,,,,
2026-07-21T23:26:25.295,BAJAJFINSV,1900.6,2.1,1813.39,1822.0,1878.96,1933.06,1.48,29.88,30.27,61.41,financials,finance & investments,19.65,1.15,-5.94,-0.13,-0.12,1813.74,1752.79,-1.43,2026-07-21,,,,,,,,,,,
2026-07-21T23:26:25.295,PERSISTENT,5219.0,0.58,5061.7,5012.9,4924.2,5661.2,0.51,38.57,43.34,60.88,i.t,computers - software - large,16.5,5.99,-16.92,-0.25,-0.15,4920.48,4777.48,-1.52,2026-07-21,,,,,,,,,,,
2026-07-21T23:26:25.295,UPL,618.15,2.0,593.78,584.05,587.71,663.81,1.06,12.29,27.46,55.22,chemicals,pesticides / agrochemicals - indian,18.42,5.18,-17.15,-0.28,-0.18,583.99,562.16,-1.57,2026-07-21,,,,,,,,,,,
2026-07-21T23:26:25.295,SRF,2939.0,2.34,2809.46,2738.0,2783.24,3172.64,1.1,37.43,46.39,66.43,chemicals,chemicals,12.68,5.6,-3.1,-0.09,-0.04,2786.15,2702.52,-1.64,2026-07-21,,,,,,,,,,,
2026-07-21T23:26:25.295,PPLPHARMA,184.81,3.32,170.96,170.61,173.19,202.23,1.43,-660.04,-72.42,64.89,healthcare,pharmaceuticals - indian - bulk drugs & formln,23.99,6.71,10.13,0.04,-0.11,169.6,159.18,-1.71,2026-07-21,,,,,,,,,,,
2026-07-21T23:26:25.295,HINDPETRO,406.95,0.38,396.46,386.8,390.23,432.03,0.6,3.57,4.78,57.53,energy,refineries,12.72,4.28,-12.46,-0.17,-0.19,387.38,375.7,-1.77,2026-07-21,,,,,,,,,,,
2026-06-30T11:28:24.901,CUB,206.65,2.56,198.45,195.75,227.15,175.9,0.01,10.67,11.27,90.32,bank,banks - private sector,61.09,-9.03,7311.83,64.19,91.89,186.07,171.58,2615.1,2026-06-30,,,,,,,,,,,
2026-06-30T11:28:24.901,ATHERENERG,1121.8,3.51,1047.62,958.7,994.89,1312.16,1.13,-107.04,-77.69,69.81,auto,automobiles - scooters and 3 - wheelers,39.12,12.76,62.09,0.46,0.82,1019.35,945.71,54.29,2026-06-30,,,,,,,,,,,
2026-06-30T11:28:24.901,SYRMA,1393.1,1.81,1345.54,1351.0,1385.52,1404.47,0.4,65.84,81.2,69.37,consumer discretionary,electronics - components,55.49,0.55,62.52,0.74,0.6,1268.04,1194.84,38.71,2026-06-30,,,,,,,,,,,
2026-06-30T11:28:24.901,CRAFTSMAN,9457.5,0.74,9069.9,9203.5,9358.59,9605.87,0.2,45.6,53.42,59.76,auto,auto ancillaries,39.61,1.06,33.19,0.18,0.4,8868.56,8489.35,18.63,2026-06-30,,,,,,,,,,,
2026-06-30T11:28:24.901,BHEL,414.8,0.25,403.56,393.85,389.19,453.21,0.24,27.95,89.95,60.91,industrials,electric equipment,25.58,6.58,43.49,0.36,0.67,388.55,373.47,16.69,2026-06-30,,,,,,,,,,,
2026-06-30T11:28:24.901,BHARATFORG,2118.6,-2.41,2014.98,2056.1,2074.64,2184.54,0.64,108.98,96.14,63.69,industrials,castings & forgings,24.77,2.12,48.07,0.35,0.68,1961.74,1860.7,16.25,2026-06-30,,,,,,,,,,,
2026-06-30T11:28:24.901,CEMPRO,1283.3,2.43,1220.98,1205.0,1247.33,1337.25,0.09,22.75,35.99,68.13,realty,construction,47.86,2.88,62.13,0.48,0.52,1175.36,1099.1,15.38,2026-06-30,,,,,,,,,,,
2026-06-30T11:28:24.901,NAVINFLUOR,7635.0,1.98,7359.31,7440.0,7403.74,7981.89,0.13,46.01,57.43,63.59,chemicals,chemicals,29.35,3.12,31.14,0.22,0.56,7223.54,6954.95,15.28,2026-06-30,,,,,,,,,,,
2026-06-30T11:28:24.901,GRANULES,798.5,0.47,776.89,758.5,758.87,857.94,0.35,24.26,32.52,61.65,healthcare,pharmaceuticals - indian - bulk drugs & formln,25.5,5.22,46.35,0.19,0.36,745.95,717.68,15.01,2026-06-30,,,,,,,,,,,
2026-06-30T11:28:24.901,FEDERALBNK,329.55,1.7,317.23,318.2,325.92,334.99,0.4,15.14,18.34,72.48,bank,banks - private sector,37.28,1.11,28.86,0.16,0.53,317.51,310.74,14.68,2026-06-30,,,,,,,,,,,
2026-06-30T11:28:24.901,SHRIRAMFIN,1041.5,0.86,1009.64,980.55,998.47,1106.05,0.18,16.21,19.38,67.54,financials,finance & investments,21.97,4.31,21.6,-0.0,0.51,989.67,951.96,13.98,2026-06-30,,,,,,,,,,,
2026-06-30T11:28:24.901,HSCL,687.0,1.7,656.16,630.05,673.19,707.72,0.79,43.15,44.79,60.31,chemicals,chemicals,26.72,2.05,53.98,0.31,0.46,628.76,590.58,13.66,2026-06-30,,,,,,,,,,,
2026-06-30T11:28:24.901,THERMAX,5145.9,0.41,4930.77,4681.0,4719.72,5785.18,0.35,59.34,80.14,67.82,industrials,electric equipment,48.59,9.03,75.45,0.57,0.54,4715.99,4417.65,13.12,2026-06-30,,,,,,,,,,,
2026-06-30T11:28:24.901,LTF,304.5,1.82,291.7,285.7,287.34,330.25,0.39,23.64,25.09,66.03,financials,finance & investments,20.06,5.97,-0.98,-0.07,0.15,286.48,274.06,13.05,2026-06-30,,,,,,,,,,,
2026-06-30T11:28:24.901,ACMESOLAR,380.95,0.45,367.94,342.2,352.21,424.06,0.37,41.41,46.03,74.15,realty,engineering - turnkey services,42.48,8.16,63.33,0.52,0.29,349.22,328.67,12.6,2026-06-30,,,,,,,,,,,
2026-06-30T11:28:24.901,HONASA,449.2,0.62,431.3,402.3,415.0,500.49,0.39,52.72,72.59,74.69,services,trading,44.6,8.24,53.12,0.54,0.49,413.28,390.19,12.57,2026-06-30,,,,,,,,,,,
2026-06-30T11:28:24.901,NYKAA,307.55,1.82,295.47,300.15,295.06,326.29,0.23,284.77,437.75,71.53,i.t,trading,31.29,4.23,16.64,0.09,0.12,292.1,280.61,12.52,2026-06-30,,,,,,,,,,,
2026-06-30T11:28:24.901,ABCAPITAL,392.7,1.92,378.28,381.85,377.55,415.42,0.42,22.78,26.76,63.01,financials,finance & investments,24.28,4.01,12.29,0.04,0.29,370.47,356.9,11.81,2026-06-30,,,,,,,,,,,
2026-06-30T11:28:24.901,MOTHERSON,149.25,-0.87,143.57,141.76,145.23,155.28,0.37,26.28,38.61,61.12,auto,auto ancillaries,36.4,2.77,33.99,0.15,0.39,139.02,131.94,11.58,2026-06-30,,,,,,,,,,,
2026-06-30T11:28:24.901,CCL,1178.6,1.18,1136.41,1150.5,1142.46,1232.81,0.11,34.26,39.96,61.78,fmcg,tea,35.86,3.16,15.25,0.15,0.37,1107.2,1065.05,11.49,2026-06-30,,,,,,,,,,,
2026-06-30T11:28:24.901,RADICO,3938.5,1.59,3778.68,3710.0,3703.76,4290.61,0.58,73.42,85.85,75.89,fmcg,breweries & distilleries,36.17,6.34,19.58,0.1,0.27,3755.38,3626.53,11.4,2026-06-30,,,,,,,,,,,
2026-06-30T11:28:24.901,NEULANDLAB,18438.0,1.94,17666.46,17254.0,17352.85,20065.72,0.42,27.81,63.76,70.3,healthcare,pharmaceuticals - indian - bulk drugs,26.1,6.25,10.74,0.13,0.09,17294.26,16580.45,11.19,2026-06-30,,,,,,,,,,,
2026-06-30T11:28:24.901,AUROPHARMA,1564.5,1.1,1516.55,1492.2,1475.74,1697.64,0.59,24.66,25.65,67.37,healthcare,pharmaceuticals - indian - bulk drugs & formln,21.87,6.01,27.54,0.2,0.34,1489.13,1446.1,10.4,2026-06-30,,,,,,,,,,,
2026-06-30T11:28:24.901,GLAND,2474.0,4.26,2337.1,2185.0,2224.8,2847.81,1.35,27.79,38.05,72.5,healthcare,pharmaceuticals - indian - formulations,35.42,11.2,37.81,0.38,0.24,2307.83,2193.9,10.13,2026-06-30,,,,,,,,,,,
2026-06-30T11:28:24.901,VIJAYA,1329.8,1.41,1285.07,1280.1,1289.44,1390.34,0.34,71.34,77.91,54.95,healthcare,healthcare,36.42,3.13,32.19,0.18,0.31,1212.56,1152.83,10.04,2026-06-30,,,,,,,,,,,
2026-06-30T11:28:24.901,ZYDUSWELL,575.5,1.06,547.72,502.85,515.95,664.82,1.72,28.27,25.56,70.47,fmcg,food - processing - indian,32.11,11.54,32.08,0.25,0.22,521.91,486.23,9.57,2026-06-30,,,,,,,,,,,
2026-06-30T11:28:24.901,STARHEALTH,588.2,0.59,564.48,569.05,562.15,627.27,0.2,77.8,61.75,74.82,financials,finance & investments,43.8,4.63,20.21,0.22,0.19,552.33,526.57,9.18,2026-06-30,,,,,,,,,,,
2026-06-30T11:28:24.901,GMRAIRPORT,112.94,3.22,107.56,106.37,108.73,119.25,0.75,97.36,643.65,71.02,miscellaneous,miscellaneous,26.22,3.87,6.56,0.02,0.21,107.06,102.92,8.95,2026-06-30,,,,,,,,,,,
2026-06-30T11:28:24.901,MINDACORP,685.0,1.87,660.13,652.25,665.66,714.0,0.36,32.37,43.92,74.1,auto,auto ancillaries,37.81,2.9,15.11,0.09,0.12,641.32,613.56,8.32,2026-06-30,,,,,,,,,,,
2026-06-30T11:28:24.901,NUVAMA,1806.6,2.0,1744.2,1710.0,1723.71,1930.93,0.64,30.54,10.26,76.18,financials,finance & investments,39.7,4.81,23.52,0.11,0.21,1702.86,1627.46,8.28,2026-06-30,,,,,,,,,,,
2026-06-30T11:28:24.901,CGCL,226.68,4.64,211.99,215.17,218.68,238.68,1.71,19.28,21.45,73.07,financials,finance & investments,45.91,3.66,20.67,0.17,0.15,212.48,204.65,8.14,2026-06-30,,,,,,,,,,,
2026-06-30T11:28:24.901,AUBANK,1039.5,0.88,1003.37,1015.55,1023.23,1063.9,0.32,23.35,29.12,56.87,bank,banks - private sector,22.9,1.59,9.02,-0.02,0.32,980.91,939.02,8.03,2026-06-30,,,,,,,,,,,
2026-06-30T11:28:24.901,AJANTPHARM,3344.8,-1.16,3202.64,3160.6,3127.97,3670.04,0.39,39.17,40.04,66.35,healthcare,pharmaceuticals - indian - formulations,23.64,6.93,31.95,0.15,0.33,3084.6,2899.66,7.35,2026-06-30,,,,,,,,,,,
2026-06-30T11:28:24.901,CREDITACC,1472.5,2.85,1403.46,1354.1,1403.25,1576.37,0.23,17.36,29.46,64.84,financials,finance & investments,24.07,4.93,7.52,0.08,0.03,1372.0,1305.42,6.97,2026-06-30,,,,,,,,,,,
2026-06-30T11:28:24.901,KIMS,828.05,2.81,792.13,788.6,790.17,884.87,0.87,195.29,133.8,65.18,healthcare,healthcare,36.86,4.79,21.05,0.22,0.14,782.92,753.93,6.96,2026-06-30,,,,,,,,,,,
2026-06-30T11:28:24.901,CAPLIPOINT,2627.0,2.7,2515.86,2457.3,2522.67,2783.49,1.31,29.35,30.32,78.8,healthcare,pharmaceuticals - indian - formulations,61.39,4.14,36.96,0.26,0.23,2423.22,2318.38,6.65,2026-06-30,,,,,,,,,,,
2026-06-30T11:28:24.901,DELHIVERY,466.95,0.73,454.28,459.85,457.4,481.27,0.18,120.35,227.23,55.31,transportation,miscellaneous,18.55,2.09,11.44,0.06,-0.03,438.43,419.59,6.15,2026-06-30,,,,,,,,,,,
2026-06-30T11:28:24.901,TITAN,4378.5,2.37,4189.5,4225.0,4303.38,4491.18,0.32,82.43,74.79,58.35,consumer discretionary,diamond cutting / jewellery,11.84,1.75,12.34,0.01,0.2,4198.66,4064.27,6.07,2026-06-30,,,,,,,,,,,
2026-06-30T11:28:24.901,PAYTM,1137.5,0.39,1105.73,1077.2,1073.49,1233.51,0.21,99.09,131.15,57.71,i.t,miscellaneous,13.64,5.96,-11.58,-0.2,-0.11,1079.39,1041.4,5.89,2026-06-30,,,,,,,,,,,
2026-06-30T11:28:24.901,ADANIENT,2998.2,1.21,2909.62,2943.5,2986.06,3016.41,0.17,-438.33,37.75,57.81,services,trading,43.52,0.41,29.55,0.24,0.14,2841.29,2730.1,5.71,2026-06-30,,,,,,,,,,,
2026-06-30T11:28:24.901,LUPIN,2421.5,0.51,2337.3,2336.9,2321.74,2571.15,0.32,17.38,20.14,68.31,healthcare,pharmaceuticals - indian - bulk drugs & formln,18.14,4.3,16.9,0.06,0.2,2325.54,2253.78,5.7,2026-06-30,,,,,,,,,,,
2026-06-30T11:28:24.901,IPCALAB,1667.3,1.22,1603.08,1599.9,1578.16,1801.01,0.28,31.32,35.42,64.24,healthcare,pharmaceuticals - indian - bulk drugs & formln,20.92,5.65,18.38,0.07,0.21,1581.41,1524.69,5.41,2026-06-30,,,,,,,,,,,
2026-06-30T11:28:24.901,APOLLOHOSP,8698.0,0.5,8476.02,8451.0,8506.93,8984.61,0.31,59.06,64.09,71.79,healthcare,healthcare,20.96,2.25,17.65,0.12,0.09,8455.49,8304.6,5.33,2026-06-30,,,,,,,,,,,
2026-06-30T11:28:24.901,PHOENIXLTD,1964.1,2.72,1873.86,1840.2,1863.42,2115.12,0.72,43.53,55.87,71.11,realty,construction,24.41,5.4,12.16,-0.02,0.19,1858.23,1778.83,5.28,2026-06-30,,,,,,,,,,,
2026-06-30T11:28:24.901,BOSCHLTD,40275.0,0.98,39165.7,39505.0,39965.14,40739.79,0.29,52.1,42.42,65.5,auto,auto ancillaries,30.02,0.78,10.39,0.04,0.01,38418.24,37470.66,5.19,2026-06-30,,,,,,,,,,,
2026-06-30T11:28:24.901,TRITURBINE,693.35,0.87,666.55,660.5,664.1,737.22,0.08,54.0,62.49,55.43,industrials,electric equipment,32.63,4.4,28.05,0.17,0.27,626.69,580.5,4.61,2026-06-30,,,,,,,,,,,
2026-06-30T11:28:24.901,KAJARIACER,1209.3,0.28,1172.37,1155.3,1168.22,1270.91,0.11,30.91,39.56,71.21,building materials,ceramics - tiles / sanitaryware,33.84,3.52,10.4,0.14,-0.06,1143.13,1097.31,3.9,2026-06-30,,,,,,,,,,,
2026-06-30T11:28:24.901,CHOLAFIN,1801.6,1.56,1734.6,1711.7,1718.78,1925.83,0.2,23.3,28.65,71.13,financials,finance & investments,30.61,4.82,5.2,-0.02,0.08,1712.2,1645.46,3.86,2026-06-30,,,,,,,,,,,
2026-06-30T11:28:24.901,3MINDIA,33350.0,1.96,32340.0,32330.0,32480.58,34654.13,0.86,43.62,70.55,57.47,miscellaneous,diversified - large,15.71,2.68,-6.11,-0.11,0.09,31332.41,30719.21,3.84,2026-06-30,,,,,,,,,,,
2026-06-30T11:28:24.901,FLUOROCHEM,3955.0,2.14,3792.5,3791.9,3772.05,4229.43,0.53,99.67,74.08,69.42,chemicals,chemicals,23.14,4.85,14.8,0.0,0.03,3742.49,3604.0,3.7,2026-06-30,,,,,,,,,,,
2026-06-30T11:28:24.901,MEDANTA,1321.2,1.26,1278.61,1285.0,1271.72,1395.43,0.12,61.62,63.0,68.73,healthcare,healthcare,34.78,3.89,4.59,0.04,-0.05,1257.89,1214.11,3.47,2026-06-30,,,,,,,,,,,
2026-06-30T11:28:24.901,LINDEINDIA,7330.0,0.45,7129.5,7000.0,7003.87,7819.19,0.18,201.82,113.36,56.13,chemicals,chemicals,16.64,4.66,24.07,0.13,0.14,6881.56,6594.23,3.31,2026-06-30,,,,,,,,,,,
2026-06-30T11:28:24.901,MOTILALOFS,951.5,0.41,929.04,928.1,936.56,973.9,0.13,-64.46,30.41,64.87,financials,finance & investments,32.37,1.59,-0.83,0.02,-0.05,907.96,883.1,3.29,2026-06-30,,,,,,,,,,,
2026-06-30T11:28:24.901,AXISBANK,1359.8,0.22,1326.92,1352.2,1367.26,1348.61,0.38,13.89,15.96,59.6,bank,banks - private sector,23.77,-0.55,5.43,0.02,0.11,1309.7,1287.32,3.19,2026-06-30,,,,,,,,,,,
2026-06-30T11:28:24.901,ALKEM,5497.5,1.5,5308.17,5394.0,5305.06,5786.17,0.4,69.52,28.14,61.61,healthcare,pharmaceuticals - indian - bulk drugs & formln,24.32,3.63,-4.76,-0.09,-0.03,5304.75,5171.68,3.0,2026-06-30,,,,,,,,,,,
2026-06-30T11:28:24.901,IDFCFIRSTB,78.88,0.87,76.57,77.88,79.22,78.37,0.39,51.89,41.38,65.33,bank,banks - private sector,38.65,-0.43,-1.24,-0.15,0.02,75.48,73.16,2.9,2026-06-30,,,,,,,,,,,
2026-06-30T11:28:24.901,SOLARINDS,18208.0,2.3,17468.5,17274.0,17320.6,19539.1,0.42,75.21,96.01,56.96,aerospace & defence,chemicals,21.75,5.12,35.27,0.35,0.25,17058.17,16227.8,2.89,2026-06-30,,,,,,,,,,,
2026-06-30T11:28:24.901,MANKIND,2518.0,1.29,2422.36,2457.0,2410.62,2679.07,0.16,46.84,53.64,62.51,healthcare,pharmaceuticals - indian - bulk drugs & formln,25.01,4.45,11.51,0.06,-0.01,2379.43,2276.3,2.0,2026-06-30,,,,,,,,,,,
2026-06-30T11:28:24.901,BAJFINANCE,992.5,1.06,958.15,952.4,958.87,1042.95,0.38,28.23,32.08,66.58,financials,finance & investments,25.6,3.51,-1.78,-0.09,-0.06,947.78,920.13,1.98,2026-06-30,,,,,,,,,,,
2026-06-30T11:28:24.901,HONAUT,39655.0,1.63,38220.0,38100.0,38142.11,41924.34,0.18,54.89,65.72,73.1,consumer discretionary,electronics - components,49.16,3.97,10.94,0.11,0.05,37650.38,36281.91,1.69,2026-06-30,,,,,,,,,,,
2026-06-30T11:28:24.901,MARUTI,13996.0,4.35,13239.8,13201.0,13384.75,14912.88,1.01,30.07,28.73,61.98,auto,automobiles - passenger cars,14.83,4.57,-13.37,-0.22,-0.17,13208.19,12617.33,1.32,2026-06-30,,,,,,,,,,,
2026-06-30T11:28:24.901,CHOICEIN,755.6,1.4,734.51,705.0,710.17,823.75,0.49,61.93,66.12,69.98,financials,finance & investments,20.33,6.4,-6.78,-0.15,-0.08,715.77,686.19,1.22,2026-06-30,,,,,,,,,,,
2026-06-30T11:28:24.901,PNBHOUSING,1048.0,1.35,1006.07,1008.2,991.14,1133.29,0.09,10.41,11.75,58.95,financials,finance - housing,19.22,5.74,14.52,0.02,0.19,990.39,948.78,0.99,2026-06-30,,,,,,,,,,,
2026-06-30T11:28:24.901,DEEPAKFERT,1556.4,0.77,1521.45,1537.1,1568.66,1538.01,0.08,35.24,26.45,60.08,chemicals,chemicals,36.28,-0.78,11.86,0.14,0.01,1462.37,1408.35,0.99,2026-06-30,,,,,,,,,,,
2026-06-30T11:28:24.901,NH,1949.4,2.44,1871.7,1888.0,1870.11,2068.33,0.3,44.22,47.98,56.66,healthcare,healthcare,14.34,4.24,-0.86,-0.03,0.07,1838.08,1760.09,0.96,2026-06-30,,,,,,,,,,,
2026-06-30T11:28:24.901,JSWDULUX,3239.7,-0.71,3166.09,3180.0,3227.63,3257.8,0.24,29.35,7.53,58.43,building materials,paints / varnishes,45.57,0.37,-5.24,-0.05,-0.06,3052.13,2978.06,0.81,2026-06-30,,,,,,,,,,,
2026-06-30T11:28:24.901,POONAWALLA,437.85,2.19,423.36,416.25,412.99,475.14,0.21,34.75,63.29,63.91,financials,finance & investments,23.33,6.02,-6.6,-0.15,-0.2,409.7,390.68,0.6,2026-06-30,,,,,,,,,,,
2026-06-30T11:28:24.901,EXIDEIND,391.45,1.27,377.84,377.7,384.64,401.67,0.6,38.68,38.46,56.2,auto,auto ancillaries,23.53,1.77,7.39,-0.01,-0.06,367.32,353.28,0.52,2026-06-30,,,,,,,,,,,
2026-06-30T11:28:24.901,DMART,4377.8,0.48,4226.25,4277.7,4240.43,4583.85,0.17,108.47,95.44,60.9,consumer discretionary,trading,24.1,3.24,8.93,0.07,-0.02,4187.14,4052.25,0.2,2026-06-30,,,,,,,,,,,
2026-06-30T11:28:24.901,INDIGO,5359.0,0.82,5212.03,4945.9,5103.76,5741.85,0.2,-20.42,-85.9,71.61,transportation,transport - airlines,37.02,5.0,-9.37,-0.03,-0.1,5077.01,4882.02,-0.21,2026-06-30,,,,,,,,,,,
2026-06-30T11:28:24.901,ETERNAL,261.65,0.87,252.15,252.5,254.06,273.03,0.34,344.28,648.5,58.29,i.t,miscellaneous,16.32,2.99,-14.67,-0.15,-0.27,248.59,239.3,-0.27,2026-06-30,,,,,,,,,,,
2026-06-30T11:28:24.901,NHPC,81.42,-0.18,78.61,77.52,75.64,90.09,0.21,14.04,21.75,63.96,power & utilities,power generation and supply,21.32,7.64,5.17,-0.04,-0.1,77.18,74.14,-0.45,2026-06-30,,,,,,,,,,,
2026-06-30T11:28:24.901,CEATLTD,3438.9,1.31,3327.39,3379.0,3429.71,3452.69,0.1,14.22,19.64,54.94,auto,tyres,12.98,0.27,-11.55,-0.18,-0.06,3269.35,3150.79,-0.57,2026-06-30,,,,,,,,,,,
2026-06-30T11:28:24.901,CIPLA,1465.0,0.75,1419.73,1418.8,1386.59,1582.62,0.45,53.31,30.27,69.89,healthcare,pharmaceuticals - indian - bulk drugs & formln,23.32,5.66,-3.81,-0.1,-0.09,1400.89,1360.01,-0.71,2026-06-30,,,,,,,,,,,
2026-06-30T11:28:24.901,GAIL,174.38,1.25,169.11,170.01,174.2,174.65,0.38,19.29,14.94,58.01,energy,miscellaneous,21.2,0.1,-5.4,-0.06,-0.06,166.94,162.59,-0.88,2026-06-30,,,,,,,,,,,
2026-06-30T11:28:24.901,AEGISVOPAK,234.35,0.68,228.3,227.04,234.82,233.65,0.12,94.5,109.28,62.34,transportation,miscellaneous,25.74,-0.2,-10.32,-0.13,-0.18,216.16,203.8,-0.98,2026-06-30,,,,,,,,,,,
2026-06-30T11:28:24.901,SUNDARMFIN,4584.9,0.82,4427.74,4431.0,4417.57,4835.89,0.1,22.8,24.34,57.84,financials,finance & investments,23.51,3.79,-2.92,-0.18,0.01,4314.27,4116.3,-1.02,2026-06-30,,,,,,,,,,,
2026-06-30T11:28:24.901,UNITDSPR,1351.3,0.73,1303.6,1320.2,1321.72,1395.67,0.11,44.51,51.86,58.47,fmcg,breweries & distilleries,17.78,2.24,-7.4,-0.13,-0.02,1283.67,1236.35,-1.44,2026-06-30,,,,,,,,,,,
2026-06-30T11:28:24.901,RECLTD,367.0,0.56,356.72,360.0,360.82,376.28,0.5,7.23,5.9,61.43,financials,finance - term-lending institutions,22.11,1.71,3.09,-0.05,-0.05,352.76,342.39,-1.48,2026-06-30,,,,,,,,,,,
2026-06-30T11:28:24.901,INDHOTEL,715.95,1.26,687.08,701.1,714.1,718.73,0.57,42.51,48.3,61.69,services,hotels,21.98,0.26,-2.05,-0.11,-0.06,686.83,665.25,-1.57,2026-06-30,,,,,,,,,,,
2026-05-04T18:30:02.867,GVPIL,,,,,,,,,,,realty,engineering - turnkey services,,,,,,,,,2026-05-04,0.0,11.72,19.49,1340.51,,,,,,,
2026-05-04T18:30:02.867,SCHNEIDER,,,,,,,,,,,industrials,electric equipment,,,,,,,,,2026-05-04,0.0,15.15,15.56,7805.55,,,,,,,
2026-05-04T18:30:02.867,STLTECH,,,,,,,,,,,industrials,cables - telephone,,,,,,,,,2026-05-04,0.05,13.68,14.84,8389.93,,,,,,,
2026-05-04T18:30:02.867,CUPID,,,,,,,,,,,fmcg,personal care - indian,,,,,,,,,2026-05-04,0.17,13.64,14.36,9195.7,,,,,,,
2026-05-04T18:30:02.867,PTC,,,,,,,,,,,power & utilities,trading,,,,,,,,,2026-05-04,0.23,9.87,18.13,5384.01,,,,,,,
2026-05-04T18:30:02.867,JAYNECOIND,,,,,,,,,,,metals & mining,steel - large,,,,,,,,,2026-05-04,0.31,7.19,14.46,5018.46,,,,,,,
2026-05-04T18:30:02.867,PRECWIRE,,,,,,,,,,,metals & mining,mining / minerals / metals,,,,,,,,,2026-05-04,0.51,6.21,11.46,3430.21,,,,,,,
2026-05-04T18:30:02.867,SATIN,,,,,,,,,,,financials,finance & investments,,,,,,,,,2026-05-04,0.66,10.79,12.84,1329.47,,,,,,,
2026-05-04T18:30:02.867,SHAH,,,,,,,,,,,metals & mining,steel - medium / small,,,,,,,,,2026-05-04,0.71,6.67,6.67,348.71,,,,,,,
2026-05-04T18:30:02.867,EMCURE,,,,,,,,,,,healthcare,pharmaceuticals - indian - bulk drugs & formln,,,,,,,,,2026-05-04,0.73,9.28,12.69,7524.51,,,,,,,
2026-05-04T18:30:02.867,UFBL,,,,,,,,,,,consumer discretionary,hotels,,,,,,,,,2026-05-04,0.91,11.98,23.14,933.55,,,,,,,
2026-05-04T18:30:02.867,ENGINERSIN,,,,,,,,,,,realty,engineering - turnkey services,,,,,,,,,2026-05-04,1.1,6.36,8.81,7159.69,,,,,,,
2026-05-04T18:30:02.867,FINCABLES,,,,,,,,,,,industrials,cables - power,,,,,,,,,2026-05-04,1.14,5.69,5.69,9969.72,,,,,,,
2026-05-04T18:30:02.867,CCL,,,,,,,,,,,fmcg,tea,,,,,,,,,2026-05-04,1.16,7.16,8.23,8421.26,,,,,,,
2026-05-04T18:30:02.867,ESABINDIA,,,,,,,,,,,industrials,electrodes - welding equipment,,,,,,,,,2026-05-04,1.19,18.43,22.25,2887.36,,,,,,,
2026-05-04T18:30:02.867,SCI,,,,,,,,,,,transportation,shipping,,,,,,,,,2026-05-04,1.32,7.64,10.79,5378.91,,,,,,,
2026-05-04T18:30:02.867,RRKABEL,,,,,,,,,,,industrials,cables - power,,,,,,,,,2026-05-04,1.32,17.97,23.92,7700.69,,,,,,,
2026-05-04T18:30:02.867,DBOL,,,,,,,,,,,fmcg,sugar,,,,,,,,,2026-05-04,1.32,12.41,12.41,422.62,,,,,,,
2026-05-04T18:30:02.867,VTL,,,,,,,,,,,textiles,textiles - cotton/blended,,,,,,,,,2026-05-04,1.37,5.1,8.37,6322.58,,,,,,,
2026-05-04T18:30:02.867,BHAGYANGR,,,,,,,,,,,power & utilities,power generation and supply,,,,,,,,,2026-05-04,1.38,11.09,28.02,316.73,,,,,,,
2026-05-04T18:30:02.867,MACPOWER,,,,,,,,,,,industrials,engineering,,,,,,,,,2026-05-04,1.61,12.15,15.71,328.77,,,,,,,
2026-05-04T18:30:02.867,KIRLPNU,,,,,,,,,,,industrials,compressors / drilling equipment,,,,,,,,,2026-05-04,1.64,6.63,17.97,6212.31,,,,,,,
2026-05-04T18:30:02.867,DEEDEV,,,,,,,,,,,metals & mining,steel - medium / small,,,,,,,,,2026-05-04,1.65,12.76,13.57,904.47,,,,,,,
2026-05-04T18:30:02.867,SAKAR,,,,,,,,,,,healthcare,pharmaceuticals - indian - bulk drugs & formln,,,,,,,,,2026-05-04,1.81,7.91,9.36,681.78,,,,,,,
2026-05-04T18:30:02.867,AETHER,,,,,,,,,,,chemicals,chemicals,,,,,,,,,2026-05-04,1.81,10.97,15.69,4161.96,,,,,,,
2026-05-04T18:30:02.867,MBAPL,,,,,,,,,,,chemicals,fertilizers,,,,,,,,,2026-05-04,1.9,8.99,9.52,1213.04,,,,,,,
2026-05-04T18:30:02.867,GUJALKALI,,,,,,,,,,,chemicals,chemicals,,,,,,,,,2026-05-04,2.14,13.78,15.6,3066.13,,,,,,,
2026-05-04T18:30:02.867,SIGMAADV,,,,,,,,,,,aerospace & defence,electronics - components,,,,,,,,,2026-05-04,2.15,10.5,21.53,1498.86,,,,,,,
2026-05-04T18:30:02.867,VISHNU,,,,,,,,,,,chemicals,chemicals,,,,,,,,,2026-05-04,2.16,9.69,9.69,1279.75,,,,,,,
2026-05-04T18:30:02.867,SPORTKING,,,,,,,,,,,textiles,textiles - spinning - synthetic / blended,,,,,,,,,2026-05-04,2.22,7.6,12.78,487.36,,,,,,,
2026-05-04T18:30:02.867,GPIL,,,,,,,,,,,metals & mining,steel - medium / small,,,,,,,,,2026-05-04,2.25,5.84,7.12,7523.56,,,,,,,
2026-05-04T18:30:02.867,CEIGALL,,,,,,,,,,,realty,construction,,,,,,,,,2026-05-04,2.27,6.71,7.69,1069.18,,,,,,,
2026-05-04T18:30:02.867,RISHABH,,,,,,,,,,,industrials,electric equipment,,,,,,,,,2026-05-04,2.33,8.71,8.71,590.45,,,,,,,
2026-05-04T18:30:02.867,ANDHRSUGAR,,,,,,,,,,,chemicals,chlor alkali / soda ash,,,,,,,,,2026-05-04,2.34,8.09,8.39,687.09,,,,,,,
2026-05-04T18:30:02.867,KMEW,,,,,,,,,,,transportation,miscellaneous,,,,,,,,,2026-05-04,2.35,20.8,20.81,2308.12,,,,,,,
2026-05-04T18:30:02.867,SBC,,,,,,,,,,,textiles,textiles - products,,,,,,,,,2026-05-04,2.4,2.62,2.99,789.2,,,,,,,
2026-05-04T18:30:02.867,PRIVISCL,,,,,,,,,,,chemicals,chemicals,,,,,,,,,2026-05-04,2.46,6.34,6.96,5186.52,,,,,,,
2026-05-04T18:30:02.867,AXISCADES,,,,,,,,,,,aerospace & defence,computers - software - medium / small,,,,,,,,,2026-05-04,2.57,11.22,13.6,3664.81,,,,,,,
2026-05-04T18:30:02.867,VOLTAMP,,,,,,,,,,,industrials,electric equipment,,,,,,,,,2026-05-04,2.67,11.79,17.11,8866.59,,,,,,,
2026-05-04T18:30:02.867,INGERRAND,,,,,,,,,,,industrials,compressors / drilling equipment,,,,,,,,,2026-05-04,2.95,6.26,6.33,3429.78,,,,,,,
2026-05-04T18:30:02.867,J&KBANK,,,,,,,,,,,bank,banks - private sector,,,,,,,,,2026-05-04,2.98,5.83,8.22,5885.42,,,,,,,
2026-05-04T18:30:02.867,SJS,,,,,,,,,,,auto,plastics products,,,,,,,,,2026-05-04,3.03,15.1,18.79,4721.86,,,,,,,
2026-05-04T18:30:02.867,MASFIN,,,,,,,,,,,financials,finance & investments,,,,,,,,,2026-05-04,3.32,12.62,13.9,2099.3,,,,,,,
2026-05-04T18:30:02.867,UNIPARTS,,,,,,,,,,,industrials,engineering,,,,,,,,,2026-05-04,3.32,7.03,10.91,832.49,,,,,,,
2026-05-04T18:30:02.867,BBOX,,,,,,,,,,,i.t,computers - software - medium / small,,,,,,,,,2026-05-04,3.45,11.37,24.31,3521.93,,,,,,,
2026-05-04T18:30:02.867,MANGLMCEM,,,,,,,,,,,building materials,cement - north india,,,,,,,,,2026-05-04,3.65,4.6,4.6,1516.14,,,,,,,
2026-05-04T18:30:02.867,NITINSPIN,,,,,,,,,,,textiles,textiles - cotton/blended,,,,,,,,,2026-05-04,3.67,12.98,21.54,1195.24,,,,,,,
2026-05-04T18:30:02.867,WHEELS,,,,,,,,,,,auto,auto ancillaries,,,,,,,,,2026-05-04,4.13,23.09,27.4,1279.32,,,,,,,
2026-05-04T18:30:02.867,RAMRAT,,,,,,,,,,,metals & mining,mining / minerals / metals,,,,,,,,,2026-05-04,4.14,13.16,22.68,1302.59,,,,,,,
2026-05-04T18:30:02.867,TFCILTD,,,,,,,,,,,financials,finance - term-lending institutions,,,,,,,,,2026-05-04,4.15,9.85,9.85,3432.72,,,,,,,
2026-05-04T18:30:02.867,ANURAS,,,,,,,,,,,chemicals,chemicals,,,,,,,,,2026-05-04,4.19,6.8,6.8,6281.05,,,,,,,
2026-05-04T18:30:02.867,CHENNPETRO,,,,,,,,,,,energy,refineries,,,,,,,,,2026-05-04,4.2,10.61,17.38,5412.05,,,,,,,
2026-05-04T18:30:02.867,GOKULAGRO,,,,,,,,,,,fmcg,solvent extraction,,,,,,,,,2026-05-04,4.29,7.67,8.43,1789.56,,,,,,,
2026-05-04T18:30:02.867,SEAMECLTD,,,,,,,,,,,miscellaneous,miscellaneous,,,,,,,,,2026-05-04,4.34,11.18,11.18,1093.4,,,,,,,
2026-05-04T18:30:02.867,RPTECH,,,,,,,,,,,services,trading,,,,,,,,,2026-05-04,4.69,13.77,13.77,1130.32,,,,,,,
2026-05-04T18:30:02.867,SOUTHWEST,,,,,,,,,,,metals & mining,mining / minerals / metals,,,,,,,,,2026-05-04,4.79,9.67,14.94,233.54,,,,,,,
2026-05-04T18:30:02.867,EQUITASBNK,,,,,,,,,,,bank,banks - private sector,,,,,,,,,2026-05-04,4.96,12.72,14.75,8090.0,,,,,,,
2026-05-04T18:30:02.867,SHRIPISTON,,,,,,,,,,,auto,auto ancillaries,,,,,,,,,2026-05-04,5.17,6.45,8.67,8846.03,,,,,,,
2026-05-04T18:30:02.867,ABSLAMC,,,,,,,,,,,financials,finance & investments,,,,,,,,,2026-05-04,5.41,7.96,9.34,7562.73,,,,,,,
2026-05-04T18:30:02.867,GMDCLTD,,,,,,,,,,,metals & mining,mining / minerals / metals,,,,,,,,,2026-05-04,5.74,5.85,12.08,6015.8,,,,,,,
2026-05-04T18:30:02.867,QPOWER,,,,,,,,,,,industrials,electric equipment,,,,,,,,,2026-05-04,5.87,7.7,10.68,2740.56,,,,,,,
2026-05-04T18:30:02.867,MANINDS,,,,,,,,,,,metals & mining,steel - medium / small,,,,,,,,,2026-05-04,6.11,6.56,11.48,2279.61,,,,,,,
2026-05-04T18:30:02.867,AGIIL,,,,,,,,,,,realty,construction,,,,,,,,,2026-05-04,6.25,19.93,22.02,1461.35,,,,,,,
2026-05-04T18:30:02.867,ANTELOPUS,,,,,,,,,,,energy,oil drilling / allied services,,,,,,,,,2026-05-04,6.3,11.48,17.93,760.58,,,,,,,
2026-05-04T18:30:02.867,CRAFTSMAN,,,,,,,,,,,auto,auto ancillaries,,,,,,,,,2026-05-04,6.33,4.64,4.79,9422.93,,,,,,,
2026-05-04T18:30:02.867,USHAMART,,,,,,,,,,,metals & mining,steel - medium / small,,,,,,,,,2026-05-04,6.69,8.46,8.5,8495.32,,,,,,,
2026-05-04T18:30:02.867,ATALREAL,,,,,,,,,,,realty,construction,,,,,,,,,2026-05-04,6.78,8.4,9.74,235.58,,,,,,,
2026-05-04T18:30:02.867,NEOGEN,,,,,,,,,,,chemicals,chemicals,,,,,,,,,2026-05-04,6.84,7.45,7.45,2153.92,,,,,,,
2026-05-04T18:30:02.867,INOXINDIA,,,,,,,,,,,industrials,packaging,,,,,,,,,2026-05-04,6.88,5.58,7.66,3414.3,,,,,,,
2026-05-04T18:30:02.867,BAJAJCON,,,,,,,,,,,fmcg,personal care - indian,,,,,,,,,2026-05-04,6.98,5.43,7.01,3442.71,,,,,,,
2026-05-04T18:30:02.867,SILVERTUC,,,,,,,,,,,i.t,computers - software - medium / small,,,,,,,,,2026-05-04,7.11,9.0,20.46,505.2,,,,,,,
2026-05-04T18:30:02.867,ASHIANA,,,,,,,,,,,realty,construction,,,,,,,,,2026-05-04,7.22,4.99,7.05,1364.52,,,,,,,
2026-05-04T18:30:02.867,AFIL,,,,,,,,,,,financials,finance & investments,,,,,,,,,2026-05-04,7.33,7.93,7.93,241.54,,,,,,,
2026-05-04T18:30:02.867,ROSSTECH,,,,,,,,,,,aerospace & defence,engineering,,,,,,,,,2026-05-04,7.66,11.28,14.24,920.81,,,,,,,
2026-05-04T18:30:02.867,CANFINHOME,,,,,,,,,,,financials,finance - housing,,,,,,,,,2026-05-04,7.67,5.7,11.03,8362.17,,,,,,,
2026-05-04T18:30:02.867,STYLAMIND,,,,,,,,,,,building materials,miscellaneous,,,,,,,,,2026-05-04,7.83,0.82,0.95,1742.06,,,,,,,
2026-05-04T18:30:02.867,ACMESOLAR,,,,,,,,,,,realty,engineering - turnkey services,,,,,,,,,2026-05-04,7.88,5.01,6.5,3024.48,,,,,,,
2026-05-04T18:30:02.867,MAHLOG,,,,,,,,,,,transportation,miscellaneous,,,,,,,,,2026-05-04,7.93,4.16,6.3,1661.74,,,,,,,
2026-05-04T18:30:02.867,GALLANTT,,,,,,,,,,,metals & mining,steel - medium / small,,,,,,,,,2026-05-04,7.96,7.35,9.61,6315.76,,,,,,,
2026-05-04T18:30:02.867,SANGAMIND,,,,,,,,,,,textiles,textiles - spinning - synthetic / blended,,,,,,,,,2026-05-04,8.86,7.13,7.21,779.04,,,,,,,
2026-04-16T09:55:12.287,NATIONALUM,435.05,2.63,417.48,398.3,400.39,487.04,0.29,12.52,12.67,68.0,metals & mining,aluminium and aluminium products,18.65,8.66,99.4,0.79,1.22,406.02,386.21,46.28,2026-04-16,,,,,,,,,,,
2026-04-16T09:55:12.287,MCX,2887.8,1.29,2802.8,2576.5,2549.21,3395.68,0.13,9.18,15.51,71.36,financials,miscellaneous,15.57,13.28,86.89,0.42,0.78,2682.38,2543.52,41.35,2026-04-16,,,,,,,,,,,
2026-04-16T09:55:12.287,NETWEB,3673.1,3.07,3528.0,3233.3,3180.97,4411.29,0.35,70.96,113.35,67.72,i.t,computers - hardware,14.45,15.47,26.52,-0.13,0.8,3352.0,3154.77,35.3,2026-04-16,,,,,,,,,,,
2026-04-16T09:55:12.287,GMDCLTD,670.7,7.78,610.78,590.25,595.72,783.17,1.81,40.11,20.01,75.09,metals & mining,mining / minerals / metals,17.54,12.59,17.72,0.05,0.58,609.06,574.62,34.25,2026-04-16,,,,,,,,,,,
2026-04-16T09:55:12.287,SYRMA,933.3,4.27,885.92,842.0,832.1,1085.1,0.64,43.78,58.77,70.93,consumer discretionary,electronics - components,16.9,12.16,13.09,0.07,0.21,860.63,809.22,26.7,2026-04-16,,,,,,,,,,,
2026-04-16T09:55:12.287,VEDL,783.4,2.26,754.89,722.3,701.12,906.83,0.39,13.4,21.1,72.1,metals & mining,mining / minerals / metals,17.79,11.74,73.85,0.5,0.72,736.96,706.59,25.58,2026-04-16,,,,,,,,,,,
2026-04-16T09:55:12.287,GALLANTT,842.6,6.64,794.83,645.0,636.57,1151.65,3.38,50.64,39.91,86.4,metals & mining,steel - medium / small,30.46,32.37,22.54,0.2,0.2,710.97,644.1,25.05,2026-04-16,,,,,,,,,,,
2026-04-16T09:55:12.287,BSE,3455.0,1.9,3345.72,3137.6,3086.66,4007.52,0.24,59.12,43.89,72.06,financials,miscellaneous,19.81,11.93,56.97,0.3,0.34,3210.09,3031.2,21.96,2026-04-16,,,,,,,,,,,
2026-04-16T09:55:12.287,HINDALCO,1039.75,2.8,992.74,952.25,930.55,1203.55,0.37,28.16,13.97,70.02,metals & mining,aluminium and aluminium products,18.79,11.73,37.2,0.26,0.45,971.22,923.07,19.51,2026-04-16,,,,,,,,,,,
2026-04-16T09:55:12.287,ADANIPOWER,187.31,2.12,179.6,167.55,170.09,213.14,0.33,36.3,10.16,82.57,power & utilities,power generation and supply,24.41,10.13,44.72,0.11,0.53,173.27,162.83,19.26,2026-04-16,,,,,,,,,,,
2026-04-16T09:55:12.287,INDIANB,951.15,0.54,919.58,930.2,898.92,1029.49,0.21,10.18,11.07,56.47,bank,banks - public sector,19.25,5.81,36.4,0.14,0.46,876.01,823.5,17.46,2026-04-16,,,,,,,,,,,
2026-04-16T09:55:12.287,NAM-INDIA,963.35,1.24,939.48,886.45,865.04,1110.81,0.13,37.99,41.9,60.58,financials,finance & investments,19.72,11.36,16.43,0.01,0.15,880.17,821.63,17.13,2026-04-16,,,,,,,,,,,
2026-04-16T09:55:12.287,ABDL,520.15,0.58,509.31,451.6,440.21,640.06,0.15,54.64,54.78,67.74,fmcg,breweries & distilleries,32.48,18.16,-4.58,-0.09,0.03,475.83,447.39,14.68,2026-04-16,,,,,,,,,,,
2026-04-16T09:55:12.287,TATASTEEL,212.17,1.65,204.83,201.5,198.3,232.98,0.21,24.56,28.36,64.92,metals & mining,steel - large,16.44,7.0,25.33,0.15,0.27,201.42,194.1,14.33,2026-04-16,,,,,,,,,,,
2026-04-16T09:55:12.287,UNIONBANK,190.19,0.78,184.87,178.81,174.06,214.38,0.14,7.15,7.61,58.03,bank,banks - public sector,17.72,9.27,42.58,0.28,0.39,176.07,166.19,13.88,2026-04-16,,,,,,,,,,,
2026-04-16T09:55:12.287,MUTHOOTFIN,3637.0,1.08,3549.56,3437.0,3336.41,4087.88,0.12,13.02,16.57,61.01,financials,finance & investments,18.97,9.01,24.3,0.04,0.34,3402.11,3248.94,13.85,2026-04-16,,,,,,,,,,,
2026-04-16T09:55:12.287,CANBK,142.43,0.51,138.18,134.6,129.32,162.1,0.25,6.15,7.0,55.63,bank,banks - public sector,19.68,10.14,28.84,0.05,0.25,133.2,127.06,13.79,2026-04-16,,,,,,,,,,,
2026-04-16T09:55:12.287,SAIL,169.82,1.72,163.28,160.75,158.25,187.17,0.25,46.65,24.73,64.22,metals & mining,steel - large,20.57,7.31,28.73,0.22,0.3,156.9,148.39,13.78,2026-04-16,,,,,,,,,,,
2026-04-16T09:55:12.287,GRSE,2586.9,0.82,2526.44,2441.0,2296.03,3023.2,0.31,43.38,42.66,61.41,aerospace & defence,miscellaneous,18.84,12.67,0.19,-0.07,0.0,2345.24,2215.79,13.41,2026-04-16,,,,,,,,,,,
2026-04-16T09:55:12.287,JINDALSTEL,1235.2,1.14,1200.01,1185.5,1152.32,1359.53,0.1,165.13,62.53,60.63,metals & mining,steel - large,15.04,7.19,19.31,0.14,0.21,1159.77,1108.01,12.68,2026-04-16,,,,,,,,,,,
2026-04-16T09:55:12.287,HINDZINC,600.4,3.43,573.4,546.95,522.07,717.89,0.29,16.19,20.78,63.07,metals & mining,mining / minerals / metals,19.73,15.0,29.81,0.09,0.33,557.91,528.59,11.31,2026-04-16,,,,,,,,,,,
2026-04-16T09:55:12.287,JSL,786.0,0.56,765.58,748.0,726.35,875.48,0.2,19.53,21.89,60.6,metals & mining,steel - large,16.79,8.21,6.21,-0.07,0.12,737.97,709.75,11.06,2026-04-16,,,,,,,,,,,
2026-04-16T09:55:12.287,ADANIENSOL,1193.2,1.88,1148.71,1052.8,1041.38,1420.93,0.36,64.85,62.26,72.05,power & utilities,power generation and supply,19.83,14.58,43.86,0.18,0.4,1094.18,1022.56,10.94,2026-04-16,,,,,,,,,,,
2026-04-16T09:55:12.287,ACMESOLAR,287.1,0.6,280.48,266.7,275.67,304.24,0.1,38.18,35.28,66.39,realty,engineering - turnkey services,40.95,4.15,-9.72,-0.06,-0.03,265.33,251.7,10.48,2026-04-16,,,,,,,,,,,
2026-04-16T09:55:12.287,NMDC,88.42,1.43,85.78,82.51,81.32,99.07,0.27,11.05,11.1,69.98,metals & mining,mining / minerals / metals,16.54,8.73,15.69,0.07,0.19,83.6,80.22,10.19,2026-04-16,,,,,,,,,,,
2026-04-16T09:55:12.287,PAYTM,1153.55,1.18,1117.49,1082.5,1047.84,1312.12,0.13,81.93,-422.26,60.66,i.t,miscellaneous,23.53,10.09,-5.33,-0.15,0.04,1070.51,1013.68,10.17,2026-04-16,,,,,,,,,,,
2026-04-16T09:55:12.287,FACT,875.45,1.07,852.6,822.2,805.66,980.14,0.12,-208.44,2014.3,63.14,chemicals,fertilizers,22.23,8.66,-10.8,-0.08,-0.1,805.87,763.24,9.66,2026-04-16,,,,,,,,,,,
2026-04-16T09:55:12.287,HDFCAMC,2704.0,1.51,2620.62,2491.9,2397.72,3163.42,0.22,37.62,22.89,61.73,financials,finance & investments,23.66,12.77,-6.73,-0.11,-0.07,2503.71,2373.19,9.2,2026-04-16,,,,,,,,,,,
2026-04-16T09:55:12.287,BHEL,294.58,0.71,287.54,263.76,263.4,341.35,0.12,65.75,125.0,68.05,industrials,electric equipment,19.52,11.84,28.86,0.17,0.18,273.28,259.11,9.07,2026-04-16,,,,,,,,,,,
2026-04-16T09:55:12.287,STARHEALTH,483.65,0.97,470.45,459.05,459.3,520.18,0.08,55.46,63.11,63.84,financials,finance & investments,9.69,5.3,9.25,-0.05,0.1,454.22,435.09,8.45,2026-04-16,,,,,,,,,,,
2026-04-16T09:55:12.287,ADANIPORTS,1534.0,1.47,1479.8,1415.2,1389.14,1751.3,0.23,27.31,26.19,63.85,transportation,miscellaneous,17.2,10.43,10.12,-0.01,0.06,1436.19,1366.23,7.98,2026-04-16,,,,,,,,,,,
2026-04-16T09:55:12.287,SOLARINDS,14959.0,0.49,14602.0,13501.0,13087.51,17766.24,0.19,75.84,92.77,67.35,aerospace & defence,chemicals,20.11,14.3,3.86,-0.01,-0.0,13890.77,13316.59,7.81,2026-04-16,,,,,,,,,,,
2026-04-16T09:55:12.287,LT,4140.5,1.57,4018.0,3815.6,3725.91,4762.39,0.28,44.29,34.49,63.54,realty,engineering - turnkey services,20.85,11.13,15.67,0.02,0.15,3879.75,3685.69,7.7,2026-04-16,,,,,,,,,,,
2026-04-16T09:55:12.287,HEG,606.0,2.58,578.2,545.0,549.17,691.25,0.69,14.13,29.9,65.72,industrials,electrodes - graphites,23.45,10.35,16.97,0.08,0.12,556.19,526.84,7.67,2026-04-16,,,,,,,,,,,
2026-04-16T09:55:12.287,JSWSTEEL,1240.5,1.8,1196.78,1185.0,1149.75,1376.62,0.17,35.4,39.93,60.7,metals & mining,steel - large,21.92,7.89,12.92,-0.0,0.16,1179.09,1135.43,7.51,2026-04-16,,,,,,,,,,,
2026-04-16T09:55:12.287,SBILIFE,1976.4,0.27,1922.86,1881.1,1820.35,2210.47,0.1,85.93,79.7,59.62,financials,finance & investments,20.14,8.57,8.03,0.0,0.04,1876.22,1811.29,7.47,2026-04-16,,,,,,,,,,,
2026-04-16T09:55:12.287,SARDAEN,589.5,1.05,574.23,541.0,530.67,677.75,0.34,27.29,19.46,69.74,metals & mining,steel - medium / small,18.09,11.09,0.0,0.0,0.28,548.98,524.1,7.41,2026-04-16,,,,,,,,,,,
2026-04-16T09:55:12.287,NLCINDIA,292.5,6.29,270.53,261.1,270.05,326.17,1.23,14.01,13.84,67.2,power & utilities,power generation and supply,18.97,8.31,11.42,0.01,0.18,270.0,254.12,6.9,2026-04-16,,,,,,,,,,,
2026-04-16T09:55:12.287,RADICO,2959.5,1.82,2859.64,2698.0,2665.51,3400.48,0.39,63.95,75.24,63.04,fmcg,breweries & distilleries,16.08,11.03,3.1,-0.06,0.07,2763.16,2636.4,6.75,2026-04-16,,,,,,,,,,,
2026-04-16T09:55:12.287,THERMAX,4151.5,1.63,3959.79,3255.0,3485.34,5150.74,0.53,57.28,67.48,81.52,industrials,electric equipment,23.81,19.11,25.37,0.23,0.06,3776.58,3529.68,6.73,2026-04-16,,,,,,,,,,,
2026-04-16T09:55:12.287,JPPOWER,19.17,1.7,18.53,16.21,16.21,23.61,0.9,NaN,25.82,73.83,power & utilities,power generation and supply,24.69,18.24,5.29,-0.02,-0.14,16.97,15.64,6.56,2026-04-16,,,,,,,,,,,
2026-04-16T09:55:12.287,AIAENG,3976.4,1.43,3842.58,3616.0,3600.45,4540.32,0.13,31.52,31.48,65.31,industrials,castings & forgings,14.65,10.44,28.79,0.14,0.21,3713.55,3549.31,6.5,2026-04-16,,,,,,,,,,,
2026-04-16T09:55:12.287,ADANIGREEN,1113.15,1.56,1076.19,1021.3,974.28,1321.45,0.17,-732.34,127.74,75.58,power & utilities,power generation and supply,30.27,14.25,13.45,-0.01,0.06,1027.01,963.91,6.07,2026-04-16,,,,,,,,,,,
2026-04-16T09:55:12.287,TEGA,1747.3,1.23,1693.44,1678.1,1653.52,1887.97,0.12,154.36,57.14,53.72,industrials,engineering,11.57,5.67,-13.29,-0.17,-0.1,1643.34,1583.97,5.91,2026-04-16,,,,,,,,,,,
2026-04-16T09:55:12.287,NSLNISP,41.96,1.35,40.9,39.78,37.99,47.91,0.21,-12.64,-15.05,65.08,metals & mining,steel - large,25.87,10.45,-8.64,-0.11,0.08,38.47,36.18,5.57,2026-04-16,,,,,,,,,,,
2026-04-16T09:55:12.287,NUVAMA,1362.0,1.6,1318.0,1259.9,1218.74,1576.89,0.18,24.29,5.85,68.3,financials,finance & investments,25.64,11.75,5.74,-0.12,-0.09,1265.22,1208.24,5.23,2026-04-16,,,,,,,,,,,
2026-04-16T09:55:12.287,MRF,139300.0,1.02,135636.9,131750.0,128021.61,156217.58,0.22,21.35,26.23,59.21,auto,tyres,24.49,8.81,-4.96,-0.19,-0.1,131891.19,127829.58,4.83,2026-04-16,,,,,,,,,,,
2026-04-16T09:55:12.287,AMBER,7620.0,1.51,7405.37,6740.0,6532.54,9251.19,0.26,-245.81,156.81,63.32,consumer discretionary,air-conditioners,23.74,16.65,-3.98,-0.14,-0.06,7002.78,6595.86,4.74,2026-04-16,,,,,,,,,,,
2026-04-16T09:55:12.287,MMTC,61.22,1.14,59.49,57.13,56.14,68.85,0.29,49.37,34.39,58.6,services,trading,13.31,9.06,-4.63,-0.17,-0.1,56.13,53.79,4.71,2026-04-16,,,,,,,,,,,
2026-04-16T09:55:12.287,CARTRADE,1818.0,1.85,1764.69,1778.7,1732.81,1945.78,0.35,38.85,42.39,50.99,consumer discretionary,miscellaneous,24.72,4.92,-22.24,-0.32,-0.16,1637.55,1573.01,4.64,2026-04-16,,,,,,,,,,,
2026-04-16T09:55:12.287,BANDHANBNK,176.64,1.65,170.31,161.36,150.09,216.46,0.22,34.5,27.8,61.74,bank,banks - private sector,24.85,17.69,7.28,0.0,-0.02,162.7,152.61,4.48,2026-04-16,,,,,,,,,,,
2026-04-16T09:55:12.287,PREMIERENE,1010.2,1.17,982.6,949.15,976.19,1061.21,0.15,28.96,33.73,78.51,services,trading,42.09,3.48,-4.17,-0.12,-0.07,947.23,912.51,3.84,2026-04-16,,,,,,,,,,,
2026-04-16T09:55:12.287,RAILTEL,345.5,2.6,335.15,275.57,269.71,459.18,4.11,44.52,34.01,71.11,transportation,telecommunications - service provider,22.02,28.1,-7.74,-0.13,-0.13,305.8,284.42,3.83,2026-04-16,,,,,,,,,,,
2026-04-16T09:55:12.287,PFC,453.95,2.07,437.57,413.45,409.73,520.28,0.28,5.95,5.82,67.9,financials,finance - term-lending institutions,14.74,10.79,14.91,0.05,0.07,425.71,404.57,3.52,2026-04-16,,,,,,,,,,,
2026-04-16T09:55:12.287,TBOTEK,1242.4,1.31,1201.77,1129.0,1084.02,1479.97,0.19,61.75,53.81,59.35,i.t,travel agencies,34.57,14.61,-20.07,-0.24,-0.13,1138.08,1072.33,3.41,2026-04-16,,,,,,,,,,,
2026-04-16T09:55:12.287,DIVISLAB,6245.5,1.1,6056.4,5852.0,5809.13,6900.05,0.22,71.04,66.16,59.87,healthcare,pharmaceuticals - indian - bulk drugs,15.84,7.51,3.63,-0.12,-0.1,5956.68,5762.07,3.33,2026-04-16,,,,,,,,,,,
2026-04-16T09:55:12.287,CHOLAFIN,1589.6,2.52,1526.84,1502.0,1404.99,1866.51,0.12,25.99,26.93,56.32,financials,finance & investments,30.62,13.14,5.16,-0.11,0.04,1466.35,1381.21,2.96,2026-04-16,,,,,,,,,,,
2026-04-16T09:55:12.287,TECHM,1495.0,0.76,1455.1,1412.9,1442.09,1574.36,0.21,29.52,28.44,61.59,i.t,computers - software - large,21.28,3.67,-1.97,-0.06,-0.01,1417.23,1375.4,2.92,2026-04-16,,,,,,,,,,,
2026-04-16T09:55:12.287,DCMSHRIRAM,1198.3,2.02,1150.13,1085.0,1131.34,1298.74,0.36,18.84,26.23,66.89,miscellaneous,diversified - mega,17.35,5.92,-2.2,-0.05,-0.19,1116.64,1061.0,2.83,2026-04-16,,,,,,,,,,,
2026-04-16T09:55:12.287,MPHASIS,2440.9,1.31,2369.64,2270.4,2248.11,2730.08,0.24,26.28,25.47,64.5,i.t,computers - software - large,25.22,8.58,-15.94,-0.18,-0.15,2261.75,2165.5,2.48,2026-04-16,,,,,,,,,,,
2026-04-16T09:55:12.287,LTM,4682.0,1.15,4558.67,4400.0,4324.59,5218.11,0.28,35.74,28.85,58.76,i.t,computers - software - large,32.92,8.26,-12.19,-0.21,-0.11,4357.47,4203.96,2.41,2026-04-16,,,,,,,,,,,
2026-04-16T09:55:12.287,JSWENERGY,535.85,1.45,519.94,472.45,485.49,611.39,0.32,55.59,40.48,64.91,power & utilities,power generation and supply,11.97,10.37,2.09,-0.09,-0.01,495.17,467.8,2.13,2026-04-16,,,,,,,,,,,
2026-04-16T09:55:12.287,BSOFT,387.0,1.84,375.1,355.35,351.38,440.43,0.28,22.61,22.85,58.35,i.t,computers - software - medium / small,14.15,10.14,3.75,0.04,-0.09,357.03,342.71,1.94,2026-04-16,,,,,,,,,,,
2026-04-16T09:55:12.287,GRASIM,2750.5,0.33,2675.89,2682.9,2615.02,2953.73,0.06,45.0,41.18,55.41,textiles,textiles - manmade,22.83,5.18,-1.82,-0.09,-0.03,2616.96,2518.31,1.84,2026-04-16,,,,,,,,,,,
2026-04-16T09:55:12.287,HOMEFIRST,1117.55,2.3,1076.97,1025.0,987.51,1312.62,0.06,20.66,22.02,64.61,financials,finance - housing,25.16,13.17,-14.2,-0.16,-0.17,1029.59,964.07,1.6,2026-04-16,,,,,,,,,,,
2026-04-16T09:55:12.287,NH,1801.6,0.22,1749.3,1703.0,1668.24,2001.63,0.2,72.18,46.87,62.03,healthcare,healthcare,21.9,7.99,2.15,-0.05,-0.12,1698.5,1635.47,1.58,2026-04-16,,,,,,,,,,,
2026-04-16T09:55:12.287,BAJFINANCE,927.45,1.57,899.35,881.1,844.98,1051.16,0.15,36.23,9.7,56.11,financials,finance & investments,21.55,9.76,-7.48,-0.16,0.01,863.49,819.33,1.51,2026-04-16,,,,,,,,,,,
2026-04-16T09:55:12.287,JUBLINGREA,669.15,0.19,654.64,618.2,610.68,756.86,0.1,56.33,39.73,67.73,chemicals,chemicals,21.12,9.57,-5.51,-0.14,-0.2,618.86,588.34,1.5,2026-04-16,,,,,,,,,,,
2026-04-16T09:55:12.287,SHYAMMETL,871.45,1.18,832.71,811.1,806.69,968.59,0.31,30.68,24.73,65.8,metals & mining,steel - large,16.37,8.03,-5.01,-0.14,-0.15,811.31,771.76,1.48,2026-04-16,,,,,,,,,,,
2026-04-16T09:55:12.287,FINCABLES,916.6,3.73,872.2,817.4,793.86,1100.72,0.6,21.36,19.85,63.45,industrials,cables - power,18.39,15.46,8.27,0.08,-0.03,842.31,799.75,1.41,2026-04-16,,,,,,,,,,,
2026-04-16T09:55:12.287,GICRE,402.2,0.76,392.0,383.0,380.78,434.33,0.25,10.22,7.27,64.37,financials,finance & investments,22.75,5.62,8.93,-0.02,0.05,376.45,359.94,1.29,2026-04-16,,,,,,,,,,,
2026-04-16T09:55:12.287,TIINDIA,2773.9,0.69,2709.7,2648.6,2615.42,3011.62,0.13,80.92,89.13,62.0,industrials,steel - large,15.06,6.06,-14.14,-0.18,-0.07,2598.27,2507.35,1.28,2026-04-16,,,,,,,,,,,
2026-04-16T09:55:12.287,SBFC,97.38,2.15,93.16,87.16,84.45,116.78,0.19,22.54,24.57,67.01,financials,finance & investments,26.64,15.31,-8.44,-0.16,-0.12,89.78,84.3,1.27,2026-04-16,,,,,,,,,,,
2026-04-16T09:55:12.287,ICICIGI,1869.9,0.64,1805.75,1733.1,1693.3,2134.79,0.49,35.28,33.73,62.06,financials,finance & investments,27.67,10.43,-1.21,-0.07,-0.06,1744.8,1673.08,1.13,2026-04-16,,,,,,,,,,,
2026-04-16T09:55:12.287,NIVABUPA,77.33,1.52,74.79,71.86,71.85,85.55,0.16,-41.13,-2539.0,68.31,financials,finance & investments,19.59,7.63,-4.9,-0.08,-0.11,72.49,69.37,1.0,2026-04-16,,,,,,,,,,,
2026-04-16T09:55:12.287,TORNTPOWER,1529.7,1.53,1479.8,1431.8,1371.76,1766.61,0.08,29.97,24.04,63.82,power & utilities,power generation and supply,18.1,11.51,20.67,0.09,0.12,1440.0,1376.63,0.97,2026-04-16,,,,,,,,,,,
2026-04-16T09:55:12.287,ICICIBANK,1356.1,0.59,1324.96,1275.9,1248.56,1517.41,0.16,19.33,18.12,61.24,bank,banks - private sector,26.15,8.61,-4.3,-0.1,-0.12,1281.85,1236.96,0.83,2026-04-16,,,,,,,,,,,
2026-04-16T09:55:12.287,INTELLECT,709.15,2.79,686.0,639.05,641.43,810.73,0.73,86.06,26.4,57.14,i.t,computers - software - medium / small,21.06,10.56,-30.53,-0.32,-0.34,643.11,616.44,0.81,2026-04-16,,,,,,,,,,,
2026-04-16T09:55:12.287,HAL,4300.1,1.44,4194.6,3882.3,3796.0,5056.25,0.37,38.52,31.87,68.54,aerospace & defence,engineering,29.56,13.28,-9.38,-0.17,-0.08,4028.48,3912.67,0.79,2026-04-16,,,,,,,,,,,
2026-04-16T09:55:12.287,ATGL,597.65,1.97,570.85,544.25,536.12,689.95,0.17,103.76,100.36,63.92,energy,miscellaneous,27.46,11.48,-1.16,-0.11,-0.08,541.96,502.04,0.64,2026-04-16,,,,,,,,,,,
2026-03-30T10:44:49.831,CUPID,,,,,,,,,,,,,,,,,,,,,2026-03-30,,,,,119.88,116.06,131.4,42.15,0.02,-0.13,0.89
2026-03-30T10:44:49.831,PFOCUS,,,,,,,,,,,,,,,,,,,,,2026-03-30,,,,,53.72,38.52,23.66,11.46,0.21,0.34,0.71
2026-03-30T10:44:49.831,LUMAXTECH,,,,,,,,,,,,,,,,,,,,,2026-03-30,,,,,37.67,52.24,36.63,28.88,-0.1,0.02,0.23
2026-03-30T10:44:49.831,MTARTECH,,,,,,,,,,,,,,,,,,,,,2026-03-30,,,,,36.11,45.92,11.39,3.39,-0.07,0.43,0.77
2026-03-30T10:44:49.831,SBC,,,,,,,,,,,,,,,,,,,,,2026-03-30,,,,,33.4,37.07,17.52,-0.41,-0.05,0.08,0.41
2026-03-30T10:44:49.831,SMLMAH,,,,,,,,,,,,,,,,,,,,,2026-03-30,,,,,31.67,76.21,35.6,21.69,-0.21,0.07,0.16
2026-03-30T10:44:49.831,SILVERIETF,,,,,,,,,,,,,,,,,,,,,2026-03-30,,,,,30.57,42.63,39.9,12.61,-0.15,-0.03,0.66
2026-03-30T10:44:49.831,TATSILV,,,,,,,,,,,,,,,,,,,,,2026-03-30,,,,,30.49,42.51,39.86,12.78,-0.15,-0.03,0.65
2026-03-30T10:44:49.831,SILVERADD,,,,,,,,,,,,,,,,,,,,,2026-03-30,,,,,30.49,42.6,39.29,12.83,-0.16,-0.02,0.65
2026-03-30T10:44:49.831,SILVERBEES,,,,,,,,,,,,,,,,,,,,,2026-03-30,,,,,30.47,42.33,39.49,12.68,-0.15,-0.03,0.65
2026-03-30T10:44:49.831,SILVERAG,,,,,,,,,,,,,,,,,,,,,2026-03-30,,,,,30.46,42.74,39.05,12.84,-0.16,-0.02,0.65
2026-03-30T10:44:49.831,SILVER1,,,,,,,,,,,,,,,,,,,,,2026-03-30,,,,,30.45,42.61,38.64,12.67,-0.16,-0.01,0.65
2026-03-30T10:44:49.831,SILVER,,,,,,,,,,,,,,,,,,,,,2026-03-30,,,,,30.44,42.5,39.4,12.78,-0.15,-0.02,0.65
2026-03-30T10:44:49.831,HDFCSILVER,,,,,,,,,,,,,,,,,,,,,2026-03-30,,,,,30.41,42.16,39.62,12.82,-0.15,-0.03,0.65
2026-03-30T10:44:49.831,SBISILVER,,,,,,,,,,,,,,,,,,,,,2026-03-30,,,,,30.33,42.42,39.34,12.89,-0.15,-0.02,0.65
2026-03-30T10:44:49.831,AXISILVER,,,,,,,,,,,,,,,,,,,,,2026-03-30,,,,,30.26,42.12,39.13,12.85,-0.15,-0.02,0.65
2026-03-30T10:44:49.831,SILVERBETA,,,,,,,,,,,,,,,,,,,,,2026-03-30,,,,,30.17,42.18,39.16,12.76,-0.16,-0.03,0.64
2026-03-30T10:44:49.831,FORCEMOT,,,,,,,,,,,,,,,,,,,,,2026-03-30,,,,,28.38,62.31,40.16,41.16,-0.22,0.07,0.09
2026-03-30T10:44:49.831,ACUTAAS,,,,,,,,,,,,,,,,,,,,,2026-03-30,,,,,28.25,23.4,13.1,19.45,0.18,0.54,0.76
2026-03-30T10:44:49.831,JAYNECOIND,,,,,,,,,,,,,,,,,,,,,2026-03-30,,,,,27.98,30.99,27.12,14.18,-0.07,-0.1,-0.0
2026-03-30T10:44:49.831,GVT&D,,,,,,,,,,,,,,,,,,,,,2026-03-30,,,,,27.93,37.19,12.32,20.01,-0.03,0.2,0.22
2026-03-30T10:44:49.831,NATIONALUM,,,,,,,,,,,,,,,,,,,,,2026-03-30,,,,,26.88,24.82,11.78,2.57,0.08,0.27,0.88
2026-03-30T10:44:49.831,BAJAJCON,,,,,,,,,,,,,,,,,,,,,2026-03-30,,,,,26.67,34.8,8.47,1.02,-0.1,0.36,0.44
2026-03-30T10:44:49.831,TDPOWERSYS,,,,,,,,,,,,,,,,,,,,,2026-03-30,,,,,26.39,39.35,14.89,10.51,-0.03,0.2,0.48
2026-03-30T10:44:49.831,STLTECH,,,,,,,,,,,,,,,,,,,,,2026-03-30,,,,,26.17,20.96,-1.86,0.03,0.1,0.78,0.49
2026-03-30T10:44:49.831,PRECWIRE,,,,,,,,,,,,,,,,,,,,,2026-03-30,,,,,25.15,26.91,10.18,0.93,-0.02,0.25,0.57
2026-03-30T10:44:49.831,MCX,,,,,,,,,,,,,,,,,,,,,2026-03-30,,,,,25.04,29.15,18.99,9.12,-0.04,0.07,0.48
2026-03-30T10:44:49.831,HINDCOPPER,,,,,,,,,,,,,,,,,,,,,2026-03-30,,,,,24.41,41.91,20.15,-0.07,-0.2,-0.02,0.52
2026-03-30T10:44:49.831,MIRCELECTR,,,,,,,,,,,,,,,,,,,,,2026-03-30,,,,,23.56,21.25,8.17,3.89,-0.02,0.01,0.03
2026-03-30T10:44:49.831,GMDCLTD,,,,,,,,,,,,,,,,,,,,,2026-03-30,,,,,23.55,26.83,21.16,17.31,0.01,-0.03,-0.06
2026-03-30T10:44:49.831,SAKAR,,,,,,,,,,,,,,,,,,,,,2026-03-30,,,,,23.07,30.67,11.15,3.67,-0.05,0.17,0.35
2026-03-30T10:44:49.831,SOUTHWEST,,,,,,,,,,,,,,,,,,,,,2026-03-30,,,,,23.02,11.4,10.25,-0.03,0.22,0.12,0.65
2026-03-30T10:44:49.831,NETWEB,,,,,,,,,,,,,,,,,,,,,2026-03-30,,,,,21.95,38.16,7.2,7.8,-0.13,-0.0,-0.08
2026-03-30T10:44:49.831,KMEW,,,,,,,,,,,,,,,,,,,,,2026-03-30,,,,,21.62,24.15,21.23,NaN,-0.08,-0.2,0.22
2026-03-30T10:44:49.831,POWERINDIA,,,,,,,,,,,,,,,,,,,,,2026-03-30,,,,,21.58,29.66,9.58,12.08,-0.03,0.32,0.28
2026-03-30T10:44:49.831,THANGAMAYL,,,,,,,,,,,,,,,,,,,,,2026-03-30,,,,,19.75,28.03,15.46,-1.06,-0.11,0.06,0.65
2026-03-30T10:44:49.831,CENTUM,,,,,,,,,,,,,,,,,,,,,2026-03-30,,,,,19.47,22.38,5.74,14.9,0.06,0.15,-0.02
2026-03-30T10:44:49.831,IMFA,,,,,,,,,,,,,,,,,,,,,2026-03-30,,,,,19.01,24.37,17.34,17.58,-0.05,-0.15,0.03
2026-03-30T10:44:49.831,PRIVISCL,,,,,,,,,,,,,,,,,,,,,2026-03-30,,,,,18.95,20.89,21.46,14.64,-0.02,-0.1,0.22
2026-03-30T10:44:49.831,BLISSGVS,,,,,,,,,,,,,,,,,,,,,2026-03-30,,,,,18.39,16.54,2.25,4.38,0.01,0.33,0.46
2026-03-30T10:44:49.831,GODAVARIB,,,,,,,,,,,,,,,,,,,,,2026-03-30,,,,,18.09,10.73,1.21,NaN,0.09,0.04,0.11
2026-03-30T10:44:49.831,KIRLOSENG,,,,,,,,,,,,,,,,,,,,,2026-03-30,,,,,17.74,28.31,7.85,-4.35,-0.07,0.04,0.35
2026-03-30T10:44:49.831,SANSERA,,,,,,,,,,,,,,,,,,,,,2026-03-30,,,,,17.22,25.32,4.13,-1.01,-0.09,0.26,0.43
2026-03-30T10:44:49.831,SMSPHARMA,,,,,,,,,,,,,,,,,,,,,2026-03-30,,,,,16.99,23.4,8.33,-3.23,-0.02,0.22,0.34
2026-03-30T10:44:49.831,CCL,,,,,,,,,,,,,,,,,,,,,2026-03-30,,,,,16.39,15.92,7.76,5.72,0.01,0.11,0.14
2026-03-30T10:44:49.831,DATAPATTNS,,,,,,,,,,,,,,,,,,,,,2026-03-30,,,,,16.39,23.67,3.07,2.41,0.0,0.15,0.12
2026-03-30T10:44:49.831,ANANDRATHI,,,,,,,,,,,,,,,,,,,,,2026-03-30,,,,,16.27,15.26,13.09,12.38,-0.0,0.0,0.06
2026-03-30T10:44:49.831,SJS,,,,,,,,,,,,,,,,,,,,,2026-03-30,,,,,16.17,26.51,13.69,12.45,-0.17,-0.12,0.01
2026-03-30T10:44:49.831,RBLBANK,,,,,,,,,,,,,,,,,,,,,2026-03-30,,,,,15.85,26.18,23.17,9.42,-0.11,-0.03,0.08
2026-03-30T10:44:49.831,WHEELS,,,,,,,,,,,,,,,,,,,,,2026-03-30,,,,,15.67,10.2,5.95,4.8,0.17,0.21,0.21
2026-03-30T10:44:49.831,SYRMA,,,,,,,,,,,,,,,,,,,,,2026-03-30,,,,,15.66,21.24,7.34,21.22,-0.05,0.08,-0.08
2026-03-30T10:44:49.831,APARINDS,,,,,,,,,,,,,,,,,,,,,2026-03-30,,,,,15.25,16.17,-0.76,-1.88,-0.05,0.17,0.15
2026-03-30T10:44:49.831,APEX,,,,,,,,,,,,,,,,,,,,,2026-03-30,,,,,14.86,24.25,3.3,-1.67,-0.12,0.35,0.61
2026-03-30T10:44:49.831,GOLDIETF,,,,,,,,,,,,,,,,,,,,,2026-03-30,,,,,14.58,19.98,18.86,12.81,-0.09,0.05,0.27
2026-03-30T10:44:49.831,DBOL,,,,,,,,,,,,,,,,,,,,,2026-03-30,,,,,14.55,11.76,-5.97,-8.82,0.1,0.39,0.37
2026-03-30T10:44:49.831,BSE,,,,,,,,,,,,,,,,,,,,,2026-03-30,,,,,14.48,12.85,11.37,14.23,-0.02,0.03,0.32
2026-03-30T10:44:49.831,GOLDBETA,,,,,,,,,,,,,,,,,,,,,2026-03-30,,,,,14.47,19.95,18.89,13.04,-0.1,0.04,0.26
2026-03-30T10:44:49.831,SETFGOLD,,,,,,,,,,,,,,,,,,,,,2026-03-30,,,,,14.47,19.75,18.58,12.74,-0.09,0.05,0.26
2026-03-30T10:44:49.831,GOLDETF,,,,,,,,,,,,,,,,,,,,,2026-03-30,,,,,14.4,19.77,18.71,12.91,-0.09,0.04,0.26
2026-03-30T10:44:49.831,GOLDCASE,,,,,,,,,,,,,,,,,,,,,2026-03-30,,,,,14.4,19.85,18.65,12.78,-0.1,0.04,0.26
2026-03-30T10:44:49.831,GOLDADD,,,,,,,,,,,,,,,,,,,,,2026-03-30,,,,,14.39,19.8,18.68,12.87,-0.1,0.04,0.26
2026-03-30T10:44:49.831,LAURUSLABS,,,,,,,,,,,,,,,,,,,,,2026-03-30,,,,,14.38,22.8,22.46,21.69,-0.08,-0.09,0.09
2026-03-30T10:44:49.831,GOLDBEES,,,,,,,,,,,,,,,,,,,,,2026-03-30,,,,,14.36,19.76,18.68,12.69,-0.09,0.04,0.26
2026-03-30T10:44:49.831,GOLD1,,,,,,,,,,,,,,,,,,,,,2026-03-30,,,,,14.36,19.79,18.57,12.79,-0.1,0.05,0.26
2026-03-30T10:44:49.831,HDFCGOLD,,,,,,,,,,,,,,,,,,,,,2026-03-30,,,,,14.35,19.79,18.67,12.73,-0.1,0.04,0.26
2026-03-30T10:44:49.831,GRMOVER,,,,,,,,,,,,,,,,,,,,,2026-03-30,,,,,14.31,28.63,35.88,10.63,-0.07,-0.09,0.27
2026-03-30T10:44:49.831,AXISGOLD,,,,,,,,,,,,,,,,,,,,,2026-03-30,,,,,14.31,19.74,18.7,12.79,-0.1,0.04,0.26
2026-03-30T10:44:49.831,BSLGOLDETF,,,,,,,,,,,,,,,,,,,,,2026-03-30,,,,,14.28,19.97,18.82,12.97,-0.1,0.04,0.26
2026-03-30T10:44:49.831,KARURVYSYA,,,,,,,,,,,,,,,,,,,,,2026-03-30,,,,,14.26,20.69,10.85,4.95,-0.16,0.08,0.34
2026-03-30T10:44:49.831,TATAGOLD,,,,,,,,,,,,,,,,,,,,,2026-03-30,,,,,14.23,19.66,18.74,12.89,-0.1,0.04,0.26
2026-03-30T10:44:49.831,GROWWGOLD,,,,,,,,,,,,,,,,,,,,,2026-03-30,,,,,14.13,19.58,18.48,NaN,-0.1,0.04,0.26
2026-03-30T10:44:49.831,SHRIPISTON,,,,,,,,,,,,,,,,,,,,,2026-03-30,,,,,14.08,13.47,14.34,4.42,-0.04,-0.05,0.16
2026-03-30T10:44:49.831,MBAPL,,,,,,,,,,,,,,,,,,,,,2026-03-30,,,,,13.37,14.67,19.85,22.06,0.01,0.13,0.12
2026-03-30T10:44:49.831,AGIIL,,,,,,,,,,,,,,,,,,,,,2026-03-30,,,,,13.32,21.48,9.05,26.42,-0.05,0.16,0.17
2026-03-30T10:44:49.831,GMBREW,,,,,,,,,,,,,,,,,,,,,2026-03-30,,,,,13.06,12.98,13.72,-4.85,-0.0,-0.17,0.39
2026-03-30T10:44:49.831,CHENNPETRO,,,,,,,,,,,,,,,,,,,,,2026-03-30,,,,,13.03,19.99,9.34,-1.62,0.07,0.18,0.3
2026-03-30T10:44:49.831,INDIANB,,,,,,,,,,,,,,,,,,,,,2026-03-30,,,,,13.03,20.92,10.9,9.36,-0.13,0.1,0.21
2026-03-30T10:44:49.831,EMCURE,,,,,,,,,,,,,,,,,,,,,2026-03-30,,,,,12.92,9.22,2.44,-1.69,0.14,0.15,0.23
2026-03-30T10:44:49.831,RICOAUTO,,,,,,,,,,,,,,,,,,,,,2026-03-30,,,,,12.75,22.39,17.23,-1.01,-0.19,-0.25,0.02
2026-03-30T10:44:49.831,CUMMINSIND,,,,,,,,,,,,,,,,,,,,,2026-03-30,,,,,12.71,19.07,8.43,2.57,-0.07,0.05,0.14
