Timestamp,Symbol,High,Lod price,Cmp,%ch,Initial_atr1.5sl,Sl,Target,Forward pe,Pe,Sector,Industry,%ch y_low,Srs,Ars,Srs y,Ars y,%ch_high,%ch 2 low,%ch sl,Atr%,%ch_3low,E_s50,Avg_true_range,Adr%,Brackets12,Ma_x,Rvol,M_cap,Va,Va_ma,Atr% x,Lod dist,Free float,Grand_total_number2,Scan_Date,Low3,0d_high,R_vol,Rsi,W rsi,Adx,%ch_2low,Adr p - adr%,%ch7,Lch7,7d_high,Lc,Low,%ch sl atr,Bollinger bandwidth,%ch5,Lch5,5d_high,Column26,Low 2%,Low5,Rs,Is,Tps,Rs score,Max2
2026-08-18T15:31:39.676,SCI,297.45,284.1,297.15,3.75,281.86,293.26,304.93,5.59,8.24,transportation,shipping,-2.33,0.02,0.25,-0.01,0.21,4.7,4.7,4.7,3.36,4.59,2.75,9.97,3.46,3.46,0.28,70.26,13340.48,-3.08,-4.34,0.28,130.83,168856033,465799010,2026-08-18,,,,,,,,,,,,,,,,,,,,,,,,,,
2026-08-18T15:31:39.676,MTARTECH,7195.0,6930.0,7120.0,0.89,6605.04,6737.55,7884.9,109.0,162.64,aerospace & defence,engineering,7.39,0.77,1.72,0.8,1.7,4.28,4.28,3.82,4.39,3.19,246.0,312.32,3.61,3.61,0.79,14.63,21707.04,-2.8,-4.87,0.82,60.83,21729927,30759591,2026-08-18,,,,,,,,,,,,,,,,,,,,,,,,,,
2026-08-18T15:31:39.676,FORCEMOT,18726.0,18081.0,18255.0,-1.88,17346.89,18223.46,18318.08,27.77,19.58,auto,automobiles - lcvs / hcvs,1.14,-0.32,-0.01,-0.29,0.01,3.57,3.57,3.57,3.26,0.96,77.88,595.21,3.2,3.2,0.13,74.46,24514.44,-2.16,-4.06,0.13,29.23,5055915,13176262,2026-08-18,,,,,,,,,,,,,,,,,,,,,,,,,,
2026-08-18T15:31:39.676,MCX,3058.0,2916.0,3040.0,3.64,2897.21,2760.85,3598.31,46.88,19.0,financials,miscellaneous,7.55,0.2,0.44,0.15,0.39,5.74,5.74,4.87,3.28,5.11,235.67,99.76,3.1,3.1,2.36,116.27,74791.66,-1.25,-5.52,2.56,124.3,254991845,254991845,2026-08-18,,,,,,,,,,,,,,,,,,,,,,,,,,
2026-08-18T15:31:39.676,HINDCOPPER,576.7,555.55,566.85,-1.01,535.53,531.37,637.8,38.93,48.78,metals & mining,mining / minerals / metals,3.22,-0.09,0.62,-0.12,0.64,7.98,7.98,3.81,4.58,10.07,61.31,25.97,4.0,4.0,2.36,249.81,55376.63,-0.74,-4.8,2.65,43.51,327410647,967024020,2026-08-18,,,,,,,,,,,,,,,,,,,,,,,,,,
2026-08-18T15:31:39.676,DATAPATTNS,4750.0,4525.0,4746.0,4.8,4466.57,4384.28,5469.44,301.14,94.62,aerospace & defence,electronics - components,2.18,0.55,0.58,0.5,0.51,6.49,6.49,4.97,3.57,6.89,277.96,169.5,4.47,4.47,1.64,121.67,25353.46,-0.71,-0.77,1.74,130.39,32241586,55983969,2026-08-18,,,,,,,,,,,,,,,,,,,,,,,,,,
2026-08-18T15:31:39.676,ZENTEC,2012.4,1855.2,1985.0,6.46,1884.64,1724.15,2506.7,129.57,93.04,aerospace & defence,miscellaneous,10.69,0.37,0.38,0.3,0.3,8.64,8.64,8.47,3.45,8.36,192.74,68.43,3.43,3.43,2.82,394.49,16834.64,0.47,-0.74,3.12,189.68,46486527,90290356,2026-08-18,,,,,,,,,,,,,,,,,,,,,,,,,,
2026-08-18T15:31:39.676,NETWEB,5396.4,5092.8,5343.9,2.52,5023.35,4939.74,6152.21,89.18,113.56,i.t,computers - hardware,4.64,0.61,0.6,0.54,0.57,7.75,7.75,5.96,4.33,7.06,745.92,231.39,4.52,4.52,3.22,153.69,29679.76,1.39,0.16,3.75,108.52,18799145,56940687,2026-08-18,,,,,,,,,,,,,,,,,,,,,,,,,,
2026-08-18T15:31:39.676,NAVINFLUOR,8300.0,8151.0,8246.5,1.17,7880.36,8076.5,8586.51,43.45,52.87,chemicals,chemicals,1.86,0.22,0.38,0.18,0.36,2.34,2.34,1.83,2.95,1.68,579.02,243.01,3.04,3.04,2.38,47.81,41807.42,1.78,0.82,2.56,39.3,37399435,51291159,2026-08-18,,,,,,,,,,,,,,,,,,,,,,,,,,
2026-08-18T15:31:39.676,PNBHOUSING,1153.9,1128.9,1145.0,-0.5,1097.35,1126.67,1181.66,13.38,12.95,financials,finance - housing,2.25,0.24,0.23,0.26,0.24,2.21,2.21,2.21,2.62,1.43,72.27,30.05,3.01,3.01,2.41,78.26,29988.69,1.99,-0.12,2.57,53.58,187538718,260589923,2026-08-18,,,,,,,,,,,,,,,,,,,,,,,,,,
2026-08-18T15:31:39.676,PPLPHARMA,211.6,200.1,210.5,2.82,198.67,211.51,208.49,-101.2,-86.38,healthcare,pharmaceuticals - indian - bulk drugs & formln,-3.3,0.18,0.1,0.13,0.07,5.75,5.75,5.75,4.01,5.2,28.43,8.45,4.2,4.2,3.36,59.85,27256.69,2.7,0.99,3.89,123.07,868023458,1331348130,2026-08-18,,,,,,,,,,,,,,,,,,,,,,,,,,
2026-08-18T15:31:39.676,M&MFIN,391.0,382.25,386.35,-0.66,364.65,403.4,352.25,14.5,16.62,financials,finance & investments,-4.83,-0.04,0.02,-0.02,0.03,2.29,2.29,2.29,3.61,1.07,42.51,13.97,4.06,4.06,3.04,27.53,54055.98,4.53,3.23,3.42,29.36,660388561,1389971160,2026-08-18,,,,,,,,,,,,,,,,,,,,,,,,,,
2026-08-13T14:52:44.711,HINDCOPPER,570.5,546.9,547.7,0.0,520.24,513.88,615.34,37.62,45.43,metals & mining,mining / minerals / metals,5.74,-0.16,0.63,-0.16,0.63,7.72,7.72,4.32,4.0,3.79,43.99,21.9,3.42,3.42,2.01,244.63,51571.39,-3.19,-5.29,2.18,3.65,327410647,967024020,2026-08-13,,,,,,,,,,,,,,,,,,,,,,,,,,
2026-08-13T14:52:44.711,POWERINDIA,35920.0,35215.0,35240.0,-1.56,33342.36,32466.03,40787.94,133.51,135.61,industrials,electric equipment,10.48,0.43,0.56,0.46,0.59,3.43,3.43,2.0,3.68,1.47,1680.3,1295.35,3.22,3.22,1.3,31.18,156003.27,-2.19,-2.69,1.36,1.93,12786107,44572363,2026-08-13,,,,,,,,,,,,,,,,,,,,,,,,,,
2026-08-13T14:52:44.711,FORCEMOT,19448.0,18383.0,18499.0,-4.0,17559.44,17930.91,19635.17,28.14,19.29,auto,automobiles - lcvs / hcvs,3.77,-0.32,0.04,-0.25,0.08,6.0,6.0,5.79,3.48,1.52,344.4,643.95,3.18,3.18,0.54,106.32,24152.09,-1.68,-4.35,0.55,18.01,5055915,13176262,2026-08-13,,,,,,,,,,,,,,,,,,,,,,,,,,
2026-08-13T14:52:44.711,MCX,3023.7,2929.0,2970.0,-0.0,2828.72,2653.2,3603.6,45.81,18.75,financials,miscellaneous,10.83,0.15,0.38,0.1,0.38,4.99,4.99,3.23,3.31,8.29,173.12,98.22,3.06,3.06,1.76,90.54,73820.14,-1.65,-5.62,1.87,41.74,254991845,254991845,2026-08-13,,,,,,,,,,,,,,,,,,,,,,,,,,
2026-08-13T14:52:44.711,NAVINFLUOR,8451.0,8257.0,8299.0,-0.69,7906.64,7886.28,9124.44,43.73,52.9,chemicals,chemicals,5.18,0.19,0.4,0.21,0.41,4.01,4.01,2.35,3.5,2.14,704.34,290.69,3.28,3.28,2.42,46.78,41833.07,1.47,0.97,2.65,14.45,37399435,51291159,2026-08-13,,,,,,,,,,,,,,,,,,,,,,,,,,
2026-08-13T14:52:44.711,BELRISE,264.99,250.6,254.2,-2.74,242.29,243.19,276.22,41.54,41.57,auto,auto ancillaries,6.77,0.22,0.47,0.31,0.51,5.74,5.74,5.74,3.34,1.44,18.62,8.5,3.02,3.02,2.19,71.09,24562.76,1.7,0.9,2.36,42.34,298495928,889879192,2026-08-13,,,,,,,,,,,,,,,,,,,,,,,,,,
2026-08-13T14:52:44.711,FINCABLES,1282.0,1243.05,1245.1,-2.73,1171.63,1030.65,1674.01,19.12,23.09,industrials,cables - power,27.4,0.4,0.6,0.42,0.64,3.97,3.97,3.13,4.98,18.28,179.67,61.99,4.08,4.08,2.9,153.72,18472.78,2.08,-2.31,3.39,3.31,98098175,152939345,2026-08-13,,,,,,,,,,,,,,,,,,,,,,,,,,
2026-08-13T14:52:44.711,PNBHOUSING,1171.4,1141.0,1166.3,0.75,1115.55,1099.92,1299.06,13.63,12.85,financials,finance - housing,5.58,0.26,0.24,0.24,0.23,2.71,2.71,2.66,2.98,2.69,103.12,34.73,3.07,3.07,2.97,48.64,29761.98,2.31,-0.31,3.26,72.85,187538718,260589923,2026-08-13,,,,,,,,,,,,,,,,,,,,,,,,,,
2026-08-13T14:52:44.711,AZAD,2665.0,2480.0,2622.1,5.75,2463.8,2401.91,3062.48,118.54,115.03,aerospace & defence,engineering,3.24,0.48,0.49,0.42,0.42,8.76,8.76,7.46,4.26,7.01,348.78,111.58,4.19,4.19,3.13,244.97,15965.25,2.7,1.62,3.61,127.35,28517503,64581743,2026-08-13,,,,,,,,,,,,,,,,,,,,,,,,,,
2026-08-13T14:52:44.711,APARINDS,18395.0,17032.0,17215.0,-4.36,16072.8,15706.77,20231.46,36.98,56.94,industrials,electric equipment,13.19,0.66,0.82,0.74,0.91,9.17,9.17,8.0,5.11,5.05,2324.0,879.17,4.95,4.95,2.64,85.77,67283.81,2.81,1.68,3.06,20.82,16969932,40174235,2026-08-13,,,,,,,,,,,,,,,,,,,,,,,,,,
2026-08-13T14:52:44.711,JSWINFRA,350.75,338.85,342.15,-1.28,325.44,323.97,378.51,51.84,48.01,transportation,miscellaneous,6.03,0.2,0.23,0.19,0.24,3.51,3.51,3.51,3.32,0.97,22.41,11.37,3.29,3.29,1.97,41.58,79651.1,3.61,3.25,2.11,29.01,607333491,2330001567,2026-08-13,,,,,,,,,,,,,,,,,,,,,,,,,,
2026-08-13T14:52:44.711,PARAS,1335.0,1280.1,1327.9,3.69,1244.93,1249.29,1485.13,126.23,109.56,aerospace & defence,engineering,2.53,0.86,0.78,0.76,0.72,5.66,5.66,4.29,3.9,5.34,107.9,51.75,3.97,3.97,2.08,33.98,10347.41,5.03,4.84,2.27,92.37,37718746,80587330,2026-08-13,,,,,,,,,,,,,,,,,,,,,,,,,,
2026-08-11T15:06:56.586,HINDCOPPER,538.8,527.7,534.05,1.48,509.11,501.72,598.72,36.68,44.83,metals & mining,mining / minerals / metals,6.9,-0.18,0.61,-0.17,0.59,3.22,3.22,2.1,3.51,2.31,30.4,18.77,3.05,3.05,1.62,114.37,50889.64,-3.53,-5.39,1.72,33.83,327410647,967024020,2026-08-11,,,,,,,,,,,,,,,,,,,,,,,,,,
2026-08-11T15:06:56.586,MTARTECH,6969.0,6712.0,6959.0,0.27,6425.17,5850.38,9176.23,106.54,159.94,aerospace & defence,engineering,23.84,0.88,1.65,0.94,1.65,3.83,3.83,3.83,4.66,5.26,54.71,324.61,3.43,3.43,0.17,9.49,21347.16,-2.99,-4.83,0.17,76.09,21729927,30759591,2026-08-11,,,,,,,,,,,,,,,,,,,,,,,,,,
2026-08-11T15:06:56.586,TDPOWERSYS,1274.8,1221.0,1273.9,3.03,1181.14,1127.17,1567.37,68.93,80.86,industrials,electric equipment,12.17,0.47,0.62,0.44,0.57,4.41,4.41,4.41,4.88,4.85,87.91,62.18,4.98,4.98,1.41,84.85,19316.08,-2.33,-3.07,1.52,85.07,114249769,156228430,2026-08-11,,,,,,,,,,,,,,,,,,,,,,,,,,
2026-08-11T15:06:56.586,ZENTEC,1819.8,1748.9,1812.7,5.39,1714.25,1619.29,2199.51,118.32,85.83,aerospace & defence,miscellaneous,5.54,0.25,0.25,0.19,0.19,6.98,6.98,4.05,3.42,6.57,33.07,62.03,3.28,3.28,0.53,95.47,15529.94,-0.03,-0.07,0.54,102.85,46486527,90290356,2026-08-11,,,,,,,,,,,,,,,,,,,,,,,,,,
2026-08-11T15:06:56.586,SIEMENS,4040.0,3854.6,4008.3,2.4,3843.67,3867.89,4289.12,96.35,89.53,industrials,electric equipment,2.49,0.19,0.22,0.13,0.19,4.81,4.81,4.81,2.89,3.99,336.18,115.77,3.01,3.01,2.9,289.37,139396.25,0.07,-0.98,3.17,132.76,89030592,356120505,2026-08-11,,,,,,,,,,,,,,,,,,,,,,,,,,
2026-08-11T15:06:56.586,SHAILY,3615.2,3337.4,3437.6,2.08,3230.86,3151.79,4009.23,82.32,87.56,plastic products,plastics products,2.36,0.42,0.32,0.53,0.29,15.44,15.44,8.32,4.79,9.76,490.22,164.52,4.14,4.14,2.98,221.48,15488.44,0.72,0.54,3.48,60.91,27096158,45995248,2026-08-11,,,,,,,,,,,,,,,,,,,,,,,,,,
2026-08-11T15:06:56.586,NAVINFLUOR,8354.0,8136.5,8155.0,-0.51,7761.31,7727.55,9009.9,42.97,53.16,chemicals,chemicals,8.07,0.14,0.36,0.17,0.37,2.67,2.67,2.67,3.72,0.23,611.72,303.58,3.1,3.1,2.02,98.92,42040.8,1.16,0.99,2.18,6.09,37399435,51291159,2026-08-11,,,,,,,,,,,,,,,,,,,,,,,,,,
2026-08-11T15:06:56.586,MRPL,181.38,161.2,180.4,10.7,168.84,167.12,206.96,8.35,9.09,energy,refineries,-3.82,-0.14,0.05,-0.2,-0.05,12.52,12.52,12.52,4.53,11.91,19.5,8.18,5.05,5.05,2.38,335.75,28560.35,1.34,0.38,2.67,234.79,200091162,1752598777,2026-08-11,,,,,,,,,,,,,,,,,,,,,,,,,,
2026-08-11T15:06:56.586,PNBHOUSING,1155.5,1135.7,1144.0,-0.46,1092.19,1079.98,1272.03,13.37,12.93,financials,finance - housing,7.13,0.22,0.25,0.24,0.26,1.74,1.74,1.74,3.23,2.19,87.47,36.91,3.04,3.04,2.37,34.3,29949.6,1.37,-0.43,2.57,22.49,187538718,260589923,2026-08-11,,,,,,,,,,,,,,,,,,,,,,,,,,
2026-08-11T15:06:56.586,AZAD,2560.0,2465.0,2477.0,-2.85,2320.89,2371.75,2687.5,111.98,118.65,aerospace & defence,engineering,-0.67,0.46,0.48,0.56,0.52,9.97,9.97,3.85,4.39,6.4,222.48,108.72,4.1,4.1,2.05,54.37,16466.41,2.44,1.55,2.25,11.04,28517503,64581743,2026-08-11,,,,,,,,,,,,,,,,,,,,,,,,,,
2026-08-11T15:06:56.586,APARINDS,16986.0,16388.0,16782.0,2.03,15784.65,14925.62,20494.76,36.05,55.92,industrials,electric equipment,15.1,0.62,0.82,0.59,0.78,4.0,4.0,3.65,3.96,4.24,2058.46,664.43,4.46,4.46,3.1,91.01,66078.58,3.36,1.47,3.53,59.3,16969932,40174235,2026-08-11,,,,,,,,,,,,,,,,,,,,,,,,,,
2026-08-11T15:06:56.586,UJJIVANSFB,70.98,69.6,70.18,0.6,66.41,70.97,68.61,10.76,14.94,bank,banks - private sector,-1.85,-0.0,0.26,0.02,0.25,1.98,1.98,1.98,3.51,0.83,7.93,2.46,4.0,4.0,3.22,47.12,13570.1,4.13,3.6,3.63,23.56,1945255791,1945255791,2026-08-11,,,,,,,,,,,,,,,,,,,,,,,,,,
2026-08-10T15:16:41.29,MTARTECH,7000.0,6751.5,6936.0,-2.11,6393.21,5647.59,9512.83,106.18,163.3,aerospace & defence,engineering,25.46,0.95,1.63,0.97,1.69,5.88,5.88,3.68,4.83,4.91,29.58,334.92,3.24,3.24,0.09,13.02,21794.71,-4.22,-4.84,0.09,55.09,21729927,30759591,2026-08-10,,,,,,,,,,,,,,,,,,,,,,,,,,
2026-08-10T15:16:41.29,HINDCOPPER,552.0,522.0,528.5,-1.42,503.19,495.13,595.25,28.79,56.49,metals & mining,mining / minerals / metals,10.39,-0.16,0.63,-0.19,0.66,5.75,5.75,5.75,3.73,1.25,24.69,19.73,3.13,3.13,1.25,267.9,51842.16,-3.51,-5.42,1.31,32.95,327410647,967024020,2026-08-10,,,,,,,,,,,,,,,,,,,,,,,,,,
2026-08-10T15:16:41.29,PNBHOUSING,1174.8,1137.6,1148.9,0.52,1095.76,1070.34,1306.01,13.43,12.86,financials,finance - housing,6.1,0.25,0.27,0.24,0.27,4.94,4.94,3.27,3.44,2.63,95.2,39.55,3.12,3.12,2.41,119.09,29785.43,0.97,-0.49,2.62,28.57,187538718,260589923,2026-08-10,,,,,,,,,,,,,,,,,,,,,,,,,,
2026-08-10T15:16:41.29,NAVINFLUOR,8308.0,8175.0,8195.0,-0.92,7797.22,7645.98,9293.03,43.18,53.65,chemicals,chemicals,9.85,0.18,0.35,0.21,0.37,1.63,1.63,1.63,3.87,4.6,674.88,316.86,3.07,3.07,2.13,81.31,42422.92,1.01,1.0,2.32,6.31,37399435,51291159,2026-08-10,,,,,,,,,,,,,,,,,,,,,,,,,,
2026-08-10T15:16:41.29,RATNAVEER,215.3,206.5,206.89,0.38,190.59,193.53,233.62,4.99,11.04,metals & mining,steel - medium / small,9.55,0.27,0.35,0.22,0.35,5.02,5.02,4.26,5.89,1.86,26.44,12.19,5.66,5.66,2.17,82.16,1472.1,1.36,-0.77,2.49,3.2,38936665,71426681,2026-08-10,,,,,,,,,,,,,,,,,,,,,,,,,,
2026-08-10T15:16:41.29,SHAILY,3384.8,3131.8,3372.0,6.63,3178.01,3106.09,3903.81,96.45,85.54,plastic products,plastics products,3.88,0.55,0.3,0.42,0.23,8.08,8.08,8.08,4.36,7.67,430.38,147.01,3.84,3.84,2.93,126.18,14545.08,1.41,0.45,3.36,163.4,27096158,45995248,2026-08-10,,,,,,,,,,,,,,,,,,,,,,,,,,
2026-08-10T15:16:41.29,APARINDS,17043.0,16376.0,16403.0,-1.37,15403.32,14550.41,20108.18,35.24,56.54,industrials,electric equipment,16.31,0.59,0.78,0.6,0.81,5.86,5.86,4.07,4.08,5.61,1759.98,668.9,4.39,4.39,2.63,94.59,66813.77,2.52,1.34,2.95,4.04,16969932,40174235,2026-08-10,,,,,,,,,,,,,,,,,,,,,,,,,,
2026-08-10T15:16:41.29,AZAD,2589.0,2328.0,2555.0,2.65,2398.09,2357.82,2949.37,115.51,115.82,aerospace & defence,engineering,4.77,0.58,0.52,0.52,0.49,11.21,11.21,11.21,4.34,9.75,310.31,110.81,4.16,4.16,2.8,211.26,16074.4,3.06,1.49,3.19,204.85,28517503,64581743,2026-08-10,,,,,,,,,,,,,,,,,,,,,,,,,,
2026-08-10T15:16:41.29,CHOLAFIN,1918.9,1862.0,1916.9,2.72,1830.84,1814.01,2122.67,24.66,27.51,financials,finance & investments,4.52,0.01,0.12,-0.01,0.09,3.06,3.06,3.06,3.25,2.95,189.78,62.26,3.01,3.01,3.05,85.35,159109.72,3.68,2.12,3.38,88.17,432901786,852586631,2026-08-10,,,,,,,,,,,,,,,,,,,,,,,,,,
2026-08-10T15:16:41.29,UJJIVANSFB,71.59,69.6,69.66,-0.64,65.78,70.94,67.11,10.68,15.01,bank,banks - private sector,-1.43,0.02,0.25,0.02,0.26,2.86,2.86,2.86,3.77,0.09,7.74,2.63,4.11,4.11,2.95,33.28,13638.19,3.92,3.53,3.31,2.28,1945255791,1945255791,2026-08-10,,,,,,,,,,,,,,,,,,,,,,,,,,
2026-08-10T15:16:41.29,PGEL,630.75,610.6,621.5,-1.45,588.39,600.59,663.32,58.19,87.47,consumer discretionary,electronics - components,0.8,-0.02,0.05,-0.01,0.06,4.7,4.7,3.3,3.81,4.1,61.67,23.67,3.69,3.69,2.6,83.61,18010.54,4.01,3.55,2.89,46.04,161717368,285586908,2026-08-10,,,,,,,,,,,,,,,,,,,,,,,,,,
2026-08-10T15:16:41.29,SYRMA,1522.0,1427.5,1515.3,6.36,1430.12,1343.55,1858.81,72.99,74.01,consumer discretionary,electronics - components,6.49,0.61,0.79,0.51,0.68,8.13,8.13,6.62,3.89,7.85,169.36,58.99,4.07,4.07,2.87,248.82,27472.56,5.51,5.37,3.23,148.84,111298962,192830485,2026-08-10,,,,,,,,,,,,,,,,,,,,,,,,,,
2026-08-07T15:12:54.429,MTARTECH,7100.0,6611.5,7100.0,2.03,6554.64,5451.5,10396.99,108.7,160.38,aerospace & defence,engineering,30.46,0.99,1.63,0.88,1.58,7.39,7.39,7.39,4.72,7.39,174.42,335.11,3.26,3.26,0.52,27.97,21405.6,-3.29,-4.61,0.53,145.77,21729927,30759591,2026-08-07,,,,,,,,,,,,,,,,,,,,,,,,,,
2026-08-07T15:12:54.429,SCI,320.0,302.1,305.15,-1.12,289.36,280.78,353.89,8.78,10.63,transportation,shipping,9.94,0.26,0.22,0.25,0.24,6.47,6.47,5.93,3.46,2.55,10.19,10.56,3.23,3.23,0.97,277.93,14374.56,-1.95,-4.48,1.0,28.9,168856033,465799010,2026-08-07,,,,,,,,,,,,,,,,,,,,,,,,,,
2026-08-07T15:12:54.429,PNBHOUSING,1151.8,1119.5,1143.1,-0.6,1090.11,1061.96,1305.38,13.36,12.94,financials,finance - housing,7.67,0.24,0.25,0.24,0.26,2.89,2.89,2.89,3.49,6.81,91.76,39.91,3.12,3.12,2.3,143.77,29967.84,-0.2,-0.48,2.5,59.14,187538718,260589923,2026-08-07,,,,,,,,,,,,,,,,,,,,,,,,,,
2026-08-07T15:12:54.429,UNIONBANK,184.9,180.0,183.3,0.44,175.98,171.97,205.96,6.2,6.75,bank,banks - public sector,3.27,-0.05,0.17,-0.05,0.17,5.53,5.53,2.72,2.58,5.21,13.11,4.74,3.05,3.05,2.77,130.6,139313.3,0.59,-0.2,2.98,69.67,1926944757,7633605607,2026-08-07,,,,,,,,,,,,,,,,,,,,,,,,,,
2026-08-07T15:12:54.429,NAVINFLUOR,8650.0,8273.5,8274.0,-4.35,7868.36,7561.73,9698.55,43.59,56.1,chemicals,chemicals,5.25,0.22,0.34,0.25,0.4,10.41,10.41,4.55,4.09,9.57,775.14,338.66,3.04,3.04,2.29,256.38,44366.85,1.22,1.07,2.53,0.15,37399435,51291159,2026-08-07,,,,,,,,,,,,,,,,,,,,,,,,,,
2026-08-07T15:12:54.429,NETWEB,4968.0,4780.0,4932.0,2.41,4633.09,4415.82,5964.36,82.31,104.92,i.t,computers - hardware,12.51,0.46,0.44,0.37,0.41,3.93,3.93,3.93,4.09,4.38,388.19,201.72,3.94,3.94,1.92,62.98,27422.63,1.65,0.26,2.09,75.35,18799145,56940687,2026-08-07,,,,,,,,,,,,,,,,,,,,,,,,,,
2026-08-07T15:12:54.429,AZAD,2515.0,2455.0,2492.1,1.48,2349.39,2349.78,2776.73,111.85,119.68,aerospace & defence,engineering,3.58,0.53,0.42,0.48,0.4,3.67,3.67,2.44,3.52,4.49,258.11,87.74,3.96,3.96,2.94,85.61,15859.98,2.57,1.41,3.28,42.28,28517503,64581743,2026-08-07,,,,,,,,,,,,,,,,,,,,,,,,,,
2026-08-07T15:12:54.429,APARINDS,16674.0,16100.0,16600.0,2.94,15602.09,14190.6,21418.81,35.66,54.83,industrials,electric equipment,14.68,0.6,0.75,0.56,0.7,7.36,7.36,3.57,4.01,7.02,2023.3,666.43,4.32,4.32,3.04,92.12,64784.97,2.75,1.28,3.46,75.03,16969932,40174235,2026-08-07,,,,,,,,,,,,,,,,,,,,,,,,,,
2026-08-07T15:12:54.429,UJJIVANSFB,71.98,69.75,69.89,-3.0,65.96,70.88,67.92,10.72,15.43,bank,banks - private sector,-0.74,0.02,0.25,0.01,0.29,3.2,3.2,3.2,3.9,1.7,8.28,2.73,4.2,4.2,3.04,36.51,14015.57,4.42,3.51,3.45,5.13,1945255791,1945255791,2026-08-07,,,,,,,,,,,,,,,,,,,,,,,,,,
2026-08-07T15:12:54.429,PGEL,643.95,602.45,631.65,3.59,598.36,599.04,696.87,69.56,88.24,consumer discretionary,electronics - components,-0.17,-0.01,0.03,-0.06,-0.0,7.86,7.86,6.89,3.83,5.8,74.58,24.22,3.83,3.83,3.08,363.24,17413.66,5.23,3.38,3.49,120.57,161717368,285586908,2026-08-07,,,,,,,,,,,,,,,,,,,,,,,,,,
2026-08-07T15:12:54.429,CARTRADE,2808.0,2738.0,2796.2,0.28,2601.54,2739.33,2909.95,65.39,57.55,consumer discretionary,miscellaneous,1.06,0.12,-0.11,0.07,-0.11,2.56,2.56,2.56,4.28,2.13,215.22,119.59,5.02,5.02,1.8,16.8,13390.74,6.7,6.4,1.95,48.67,48023035,48023035,2026-08-07,,,,,,,,,,,,,,,,,,,,,,,,,,
2026-08-07T15:12:54.429,AEGISLOG,1470.0,1356.0,1380.9,-1.36,1263.31,1306.08,1530.55,25.02,39.27,services,trading,3.67,0.85,0.74,0.83,0.77,9.67,9.67,8.41,6.22,3.02,231.83,85.86,6.31,6.31,2.7,41.99,49140.0,11.31,11.27,3.24,29.0,147075325,351000000,2026-08-07,,,,,,,,,,,,,,,,,,,,,,,,,,
2026-08-06T17:40:44.426,ROLEXRINGS,,,152.8,5.51,143.75,136.5,185.39,17.29,25.5,auto,auto ancillaries,2.94,0.11,0.42,0.05,0.35,,,11.94,4.5,10.48,,,,,,,,,,,,,,2026-08-06,138.3,156.0,7.51,62.1,56.99,18.11,8.29,4.63,,,,,,,,,,,,,,,,,,
2026-08-06T17:40:44.426,FCL,,,41.75,8.02,38.4,38.42,48.41,25.46,11.64,chemicals,chemicals,0.12,0.62,0.61,0.5,0.49,,,8.66,5.16,9.15,,,,,,,,,,,,,,2026-08-06,38.25,42.51,1.64,58.45,67.03,13.42,8.87,5.58,,,,,,,,,,,,,,,,,,
2026-08-06T17:40:44.426,BANSALWIRE,,,334.9,4.54,312.79,303.04,398.62,63.91,35.28,metals & mining,steel - medium / small,4.71,0.1,0.01,0.06,-0.03,,,10.51,4.32,7.34,,,,,,,,,,,,,,2026-08-06,312.0,341.0,2.53,57.11,56.49,12.21,5.93,4.71,,,,,,,,,,,,,,,,,,
2026-08-06T17:40:44.426,GHCLTEXTIL,,,120.0,4.38,111.87,114.91,130.17,7.28,11.42,textiles,textiles - spinning - synthetic / blended,-2.35,0.37,0.51,0.34,0.44,,,4.43,4.75,6.62,,,,,,,,,,,,,,2026-08-06,112.55,121.0,1.85,65.11,72.23,34.43,6.62,4.87,,,,,,,,,,,,,,,,,,
2026-08-06T17:40:44.426,ROTO,,,69.31,5.0,65.28,65.24,77.44,57.76,55.01,industrials,pumps,0.76,0.07,0.14,0.02,0.09,,,6.23,3.53,5.17,,,,,,,,,,,,,,2026-08-06,65.9,70.38,0.14,55.1,56.36,16.74,5.17,3.44,,,,,,,,,,,,,,,,,,
2026-08-06T17:40:44.426,EDELWEISS,,,121.16,2.87,114.58,112.67,138.13,21.64,16.31,financials,finance & investments,2.4,0.02,0.03,0.01,0.0,,,7.53,3.56,5.13,,,,,,,,,,,,,,2026-08-06,115.25,124.44,2.91,56.31,54.92,12.24,5.13,3.46,,,,,,,,,,,,,,,,,,
2026-08-06T17:40:44.426,PARKHOSPS,,,292.25,2.6,274.95,274.77,327.21,35.64,39.45,healthcare,healthcare,3.23,0.71,NaN,0.66,NaN,,,6.36,3.88,4.39,,,,,,,,,,,,,,2026-08-06,279.95,293.9,0.79,56.66,71.68,19.28,3.62,3.95,,,,,,,,,,,,,,,,,,
2026-08-06T17:40:44.426,KAMDHENU,,,35.05,1.27,32.56,34.82,35.51,8.59,11.35,metals & mining,steel - medium / small,-2.32,0.48,0.27,0.49,0.25,,,0.66,4.68,3.7,,,,,,,,,,,,,,2026-08-06,33.8,35.7,0.19,61.57,68.43,36.76,3.06,5.3,,,,,,,,,,,,,,,,,,
2026-08-06T17:40:44.426,DCBBANK,,,194.93,3.07,185.96,187.26,210.26,7.36,7.68,bank,banks - private sector,0.59,-0.07,0.04,-0.1,0.01,,,4.09,3.04,3.58,,,,,,,,,,,,,,2026-08-06,188.2,196.71,2.35,57.63,62.71,20.71,3.58,3.04,,,,,,,,,,,,,,,,,,
2026-08-06T17:40:44.426,SMARTWORKS,,,482.1,2.14,454.34,468.74,508.83,104.8,193.44,co-working,miscellaneous,-0.25,-0.04,-0.18,-0.07,-0.19,,,2.85,3.81,3.01,,,,,,,,,,,,,,2026-08-06,468.0,498.4,1.32,54.01,56.18,24.98,3.01,3.91,,,,,,,,,,,,,,,,,,
2026-08-06T17:40:44.426,CANHLIFE,,,150.55,0.41,142.07,146.5,158.65,125.46,107.86,financials,finance & investments,0.58,-0.05,0.18,-0.05,0.18,,,2.76,3.92,2.76,,,,,,,,,,,,,,2026-08-06,146.5,153.26,0.29,56.33,61.15,36.56,2.76,4.17,,,,,,,,,,,,,,,,,,
2026-08-06T17:40:44.426,SOUTHBANK,,,47.43,1.09,45.34,46.44,49.4,8.23,8.13,bank,banks - private sector,1.19,0.07,0.21,0.09,0.2,,,2.12,2.36,1.43,,,,,,,,,,,,,,2026-08-06,46.76,47.76,0.54,56.47,63.61,20.44,1.35,2.91,,,,,,,,,,,,,,,,,,
2026-08-05T22:36:26.434,SCI,304.85,297.55,300.7,-0.07,285.61,273.38,355.34,8.65,10.36,transportation,shipping,11.2,0.25,0.17,0.27,0.17,2.45,2.45,2.45,3.08,3.44,5.79,9.27,3.03,3.03,0.62,53.75,14015.89,-2.31,-4.57,0.64,33.99,168856033,465799010,2026-08-05,,,,,,,,,,,,,,,,,,,,,,,,,,
2026-08-05T22:36:26.434,MRPL,174.05,169.55,170.97,0.78,159.79,168.84,175.22,7.92,9.46,energy,refineries,-0.06,-0.12,-0.05,-0.13,-0.06,3.54,3.54,2.65,4.31,1.71,11.76,7.38,5.15,5.15,1.59,25.9,29731.09,0.44,-0.25,1.71,19.25,200091162,1752598777,2026-08-05,,,,,,,,,,,,,,,,,,,,,,,,,,
2026-08-05T22:36:26.434,KARURVYSYA,346.25,336.65,337.65,-1.11,322.66,342.19,328.56,10.79,12.02,bank,banks - private sector,0.99,0.02,0.29,0.06,0.3,2.85,2.85,2.85,2.78,0.3,32.57,9.39,3.22,3.22,3.47,33.94,33006.91,1.02,0.64,3.84,10.65,946699829,966668789,2026-08-05,,,,,,,,,,,,,,,,,,,,,,,,,,
2026-08-05T22:36:26.434,ABB,7833.0,7675.0,7690.5,-0.12,7344.49,7415.04,8241.42,112.5,54.61,industrials,electric equipment,3.54,0.25,0.46,0.29,0.47,3.06,3.06,2.06,3.21,6.18,540.89,246.65,3.28,3.28,2.19,66.6,163169.45,1.76,0.7,2.36,6.28,52977094,211908375,2026-08-05,,,,,,,,,,,,,,,,,,,,,,,,,,
2026-08-05T22:36:26.434,AZAD,2463.0,2385.0,2446.8,3.05,2296.98,2340.57,2659.26,109.82,115.71,aerospace & defence,engineering,-2.22,0.47,0.41,0.5,0.38,6.58,6.58,3.27,4.0,7.55,228.29,97.84,4.53,4.53,2.33,80.13,15334.29,2.32,1.38,2.57,63.16,28517503,64581743,2026-08-05,,,,,,,,,,,,,,,,,,,,,,,,,,
2026-08-05T22:36:26.434,NETWEB,4933.0,4725.0,4893.8,2.76,4593.6,4251.07,6179.26,81.67,103.75,i.t,computers - hardware,11.32,0.41,0.44,0.36,0.4,7.4,7.4,4.4,4.19,7.79,386.48,204.9,3.87,3.87,1.89,100.81,27116.29,2.85,0.09,2.05,82.38,18799145,56940687,2026-08-05,,,,,,,,,,,,,,,,,,,,,,,,,,
2026-08-05T22:36:26.434,WOCKPHARMA,2054.0,1980.3,2006.1,-0.82,1903.33,1883.94,2250.42,49.02,154.16,healthcare,pharmaceuticals - indian - bulk drugs & formln,8.76,0.37,0.46,0.41,0.47,3.72,3.72,3.72,3.14,3.35,80.11,62.89,3.14,3.14,1.27,46.82,32865.67,3.14,2.86,1.33,41.02,82733321,162492169,2026-08-05,,,,,,,,,,,,,,,,,,,,,,,,,,
2026-08-05T22:36:26.434,APARINDS,15920.0,15511.0,15666.0,1.51,14670.19,13547.19,19903.63,33.66,52.47,industrials,electric equipment,12.75,0.48,0.62,0.73,0.6,7.64,7.64,2.64,4.24,9.39,1224.58,664.55,4.27,4.27,1.84,80.33,62000.9,3.19,1.2,2.0,23.32,16969932,40174235,2026-08-05,,,,,,,,,,,,,,,,,,,,,,,,,,
2026-08-05T22:36:26.434,HSCL,767.0,746.35,748.95,-0.36,702.99,772.05,702.75,41.15,47.13,chemicals,chemicals,-3.84,0.49,0.6,0.49,0.61,3.52,3.52,2.77,3.88,1.87,59.01,29.05,4.1,4.1,2.03,17.48,37923.87,3.72,3.34,2.21,8.95,239682297,504541599,2026-08-05,,,,,,,,,,,,,,,,,,,,,,,,,,
2026-08-05T22:36:26.434,CHENNPETRO,1351.0,1295.0,1303.9,-1.64,1212.0,1242.09,1427.52,4.71,4.73,energy,refineries,6.96,0.43,0.19,0.4,0.21,4.32,4.32,4.32,4.97,2.99,133.53,64.83,5.79,5.79,2.06,117.39,19741.18,3.89,2.74,2.29,13.73,48713300,148911400,2026-08-05,,,,,,,,,,,,,,,,,,,,,,,,,,
2026-08-05T22:36:26.434,UJJIVANSFB,71.0,68.72,69.59,-1.08,65.66,70.54,67.7,10.67,15.06,bank,banks - private sector,-2.06,0.0,0.24,0.04,0.26,3.62,3.62,3.32,3.97,1.56,8.62,2.76,4.39,4.39,3.12,59.84,13684.87,4.27,3.32,3.56,31.5,1945255791,1945255791,2026-08-05,,,,,,,,,,,,,,,,,,,,,,,,,,
2026-08-05T22:36:26.434,PGEL,632.5,602.6,603.0,-1.47,571.3,597.97,613.05,66.41,88.57,consumer discretionary,electronics - components,1.83,-0.01,0.01,-0.01,0.02,4.96,4.96,4.96,3.63,0.07,51.89,21.92,3.65,3.65,2.37,123.82,17477.92,4.42,2.84,2.59,1.83,161717368,285586908,2026-08-05,,,,,,,,,,,,,,,,,,,,,,,,,,
2026-08-04T06:36:53.378,CCAVENUE,,,17.43,9.97,16.38,16.3,19.7,15.56,17.79,i.t,miscellaneous,-5.29,-0.03,-0.14,-0.11,-0.21,,,6.95,4.44,10.46,,,,,,,,,,,,,,2026-08-04,15.78,18.05,5.08,58.78,57.58,27.51,10.46,4.01,,,,,,,,,,,,,,,,,,
2026-08-04T06:36:53.378,MWL,,,37.9,5.28,35.72,34.94,43.82,2.36,2.17,metals & mining,steel - medium / small,0.7,0.28,0.62,0.2,0.55,,,8.47,4.32,9.86,,,,,,,,,,,,,,2026-08-04,34.5,40.19,3.96,63.61,70.56,25.91,7.21,4.64,,,,,,,,,,,,,,,,,,
2026-08-04T06:36:53.378,IMAGICAA,,,49.09,4.47,46.09,45.28,56.72,1227.25,4909.0,media,recreation / amusement parks,1.0,-0.11,-0.06,-0.15,-0.1,,,8.43,4.0,8.58,,,,,,,,,,,,,,2026-08-04,45.21,49.85,1.07,60.57,54.94,12.34,7.18,4.1,,,,,,,,,,,,,,,,,,
2026-08-04T06:36:53.378,JAMNAAUTO,,,140.86,7.38,133.94,129.56,163.46,16.08,24.29,auto,auto ancillaries,0.04,0.03,0.23,-0.04,0.15,,,8.72,3.37,8.53,,,,,,,,,,,,,,2026-08-04,129.79,141.6,2.58,62.1,59.77,10.76,8.25,3.45,,,,,,,,,,,,,,,,,,
2026-08-04T06:36:53.378,HARIOMPIPE,,,402.7,3.12,380.44,380.87,446.36,10.36,16.48,metals & mining,steel - medium / small,1.93,-0.09,0.04,-0.14,0.01,,,5.73,3.03,5.68,,,,,,,,,,,,,,2026-08-04,381.05,408.5,0.46,55.49,55.15,10.92,3.92,3.46,,,,,,,,,,,,,,,,,,
2026-08-04T06:36:53.378,EXICOM,,,163.95,3.52,149.97,156.11,179.64,-10.17,-7.67,industrials,electric equipment,-0.95,0.55,0.21,0.46,0.17,,,5.02,4.88,5.56,,,,,,,,,,,,,,2026-08-04,155.32,165.92,0.16,51.73,59.53,18.8,4.95,5.31,,,,,,,,,,,,,,,,,,
2026-08-04T06:36:53.378,MANALIPETC,,,66.64,2.7,62.55,63.81,72.31,9.86,8.81,energy,petrochemicals,1.75,0.05,-0.05,0.03,-0.08,,,4.44,4.01,4.55,,,,,,,,,,,,,,2026-08-04,63.74,68.5,0.51,57.47,59.3,26.16,3.72,4.27,,,,,,,,,,,,,,,,,,
2026-08-04T06:36:53.378,CANHLIFE,,,150.92,3.05,142.3,146.84,159.08,125.77,108.58,financials,finance & investments,-1.23,-0.07,0.21,-0.09,0.18,,,2.78,4.15,3.83,,,,,,,,,,,,,,2026-08-04,145.35,154.8,0.53,57.45,61.43,34.98,3.48,4.05,,,,,,,,,,,,,,,,,,
2026-08-04T06:36:53.378,NHPC,,,79.25,0.66,76.65,78.11,81.52,13.66,21.13,power & utilities,power generation and supply,-0.76,-0.05,-0.06,-0.08,-0.06,,,1.45,2.02,2.59,,,,,,,,,,,,,,2026-08-04,77.25,80.7,0.72,51.81,51.27,24.76,1.72,1.95,,,,,,,,,,,,,,,,,,
2026-08-04T06:36:53.378,MSUMI,,,41.48,2.14,39.81,40.13,44.19,41.48,40.27,auto,auto ancillaries,1.32,-0.1,-0.18,-0.14,-0.2,,,3.37,2.62,2.37,,,,,,,,,,,,,,2026-08-04,40.52,42.22,0.52,58.67,52.77,21.39,2.37,2.61,,,,,,,,,,,,,,,,,,
2026-08-04T06:36:53.378,KRONOX,,,153.81,1.66,143.97,148.27,164.9,17.64,20.54,chemicals,chemicals,2.13,0.15,-0.0,0.13,-0.02,,,3.74,3.74,1.86,,,,,,,,,,,,,,2026-08-04,151.0,154.9,0.21,53.99,59.07,31.55,1.86,4.57,,,,,,,,,,,,,,,,,,
2026-08-04T06:36:53.378,SOUTHBANK,,,47.07,0.79,44.77,46.09,49.04,8.17,8.16,bank,banks - private sector,1.56,0.16,0.18,0.14,0.17,,,2.13,2.9,1.71,,,,,,,,,,,,,,2026-08-04,46.28,47.87,0.44,54.65,62.92,20.75,1.12,3.66,,,,,,,,,,,,,,,,,,
2026-08-03T23:55:58.638,CCAVENUE,,,17.43,9.97,16.38,16.3,19.7,15.56,16.17,i.t,miscellaneous,-5.29,-0.03,-0.14,-0.11,-0.21,,,6.95,4.44,10.46,,,,,,,,,,,,,,2026-08-03,15.78,18.05,5.08,58.78,57.58,27.51,10.46,4.01,,,,,,,,,,,,,,,,,,
2026-08-03T23:55:58.638,MWL,,,37.9,5.28,35.72,34.94,43.82,2.36,2.06,metals & mining,steel - medium / small,0.7,0.28,0.62,0.2,0.55,,,8.47,4.32,9.86,,,,,,,,,,,,,,2026-08-03,34.5,40.19,3.96,63.61,70.56,25.91,7.21,4.64,,,,,,,,,,,,,,,,,,
2026-08-03T23:55:58.638,IMAGICAA,,,49.09,4.47,46.09,45.28,56.72,1227.25,4699.0,media,recreation / amusement parks,1.0,-0.11,-0.06,-0.15,-0.1,,,8.43,4.0,8.58,,,,,,,,,,,,,,2026-08-03,45.21,49.85,1.07,60.57,54.94,12.34,7.18,4.1,,,,,,,,,,,,,,,,,,
2026-08-03T23:55:58.638,JAMNAAUTO,,,140.86,7.38,133.94,129.56,163.46,16.08,22.62,auto,auto ancillaries,0.04,0.03,0.23,-0.04,0.15,,,8.72,3.37,8.53,,,,,,,,,,,,,,2026-08-03,129.79,141.6,2.58,62.1,59.77,10.76,8.25,3.45,,,,,,,,,,,,,,,,,,
2026-08-03T23:55:58.638,HARIOMPIPE,,,402.7,3.12,380.44,380.87,446.36,10.36,15.98,metals & mining,steel - medium / small,1.93,-0.09,0.04,-0.14,0.01,,,5.73,3.03,5.68,,,,,,,,,,,,,,2026-08-03,381.05,408.5,0.46,55.49,55.15,10.92,3.92,3.46,,,,,,,,,,,,,,,,,,
2026-08-03T23:55:58.638,EXICOM,,,163.95,3.52,149.97,156.11,179.64,-10.17,-7.41,industrials,electric equipment,-0.95,0.55,0.21,0.46,0.17,,,5.02,4.88,5.56,,,,,,,,,,,,,,2026-08-03,155.32,165.92,0.16,51.73,59.53,18.8,4.95,5.31,,,,,,,,,,,,,,,,,,
2026-08-03T23:55:58.638,MANALIPETC,,,66.64,2.7,62.55,63.81,72.31,9.86,8.58,energy,petrochemicals,1.75,0.05,-0.05,0.03,-0.08,,,4.44,4.01,4.55,,,,,,,,,,,,,,2026-08-03,63.74,68.5,0.51,57.47,59.3,26.16,3.72,4.27,,,,,,,,,,,,,,,,,,
2026-08-03T23:55:58.638,CANHLIFE,,,150.92,3.05,142.3,146.84,159.08,125.77,105.36,financials,finance & investments,-1.23,-0.07,0.21,-0.09,0.18,,,2.78,4.15,3.83,,,,,,,,,,,,,,2026-08-03,145.35,154.8,0.53,57.45,61.43,34.98,3.48,4.05,,,,,,,,,,,,,,,,,,
2026-08-03T23:55:58.638,NHPC,,,79.25,0.66,76.65,78.11,81.52,13.66,20.99,power & utilities,power generation and supply,-0.76,-0.05,-0.06,-0.08,-0.06,,,1.45,2.02,2.59,,,,,,,,,,,,,,2026-08-03,77.25,80.7,0.72,51.81,51.27,24.76,1.72,1.95,,,,,,,,,,,,,,,,,,
2026-08-03T23:55:58.638,MSUMI,,,41.48,2.14,39.81,40.13,44.19,41.48,39.43,auto,auto ancillaries,1.32,-0.1,-0.18,-0.14,-0.2,,,3.37,2.62,2.37,,,,,,,,,,,,,,2026-08-03,40.52,42.22,0.52,58.67,52.77,21.39,2.37,2.61,,,,,,,,,,,,,,,,,,
2026-08-03T23:55:58.638,KRONOX,,,153.81,1.66,143.97,148.27,164.9,17.64,20.2,chemicals,chemicals,2.13,0.15,-0.0,0.13,-0.02,,,3.74,3.74,1.86,,,,,,,,,,,,,,2026-08-03,151.0,154.9,0.21,53.99,59.07,31.55,1.86,4.57,,,,,,,,,,,,,,,,,,
2026-08-03T23:55:58.638,SOUTHBANK,,,47.07,0.79,44.77,46.09,49.04,8.17,8.09,bank,banks - private sector,1.56,0.16,0.18,0.14,0.17,,,2.13,2.9,1.71,,,,,,,,,,,,,,2026-08-03,46.28,47.87,0.44,54.65,62.92,20.75,1.12,3.66,,,,,,,,,,,,,,,,,,
2026-08-02T23:41:24.906,ESAFSFB,,,42.05,15.27,38.7,36.46,53.22,6.78,-420.5,bank,banks - private sector,0.54,0.32,0.51,0.21,0.31,,,15.32,6.71,17.79,,,,,,,,,,,,,,2026-08-02,35.7,43.0,14.42,72.37,73.15,45.63,17.62,6.3,,,,,,,,,,,,,,,,,,
2026-08-02T23:41:24.906,BCLIND,,,36.74,5.88,34.4,34.4,41.42,11.63,9.42,fmcg,breweries & distilleries,-0.89,0.22,-0.06,0.16,-0.12,,,6.8,3.86,7.49,,,,,,,,,,,,,,2026-08-02,34.18,37.39,0.82,57.58,56.02,18.4,7.49,4.59,,,,,,,,,,,,,,,,,,
2026-08-02T23:41:24.906,RBZJEWEL,,,148.98,5.29,137.77,142.79,161.36,12.76,10.87,consumer discretionary,diamond cutting / jewellery,-3.57,0.01,-0.08,-0.03,-0.13,,,4.34,4.89,6.68,,,,,,,,,,,,,,2026-08-02,139.65,151.0,0.79,57.44,55.54,22.22,6.68,5.65,,,,,,,,,,,,,,,,,,
2026-08-02T23:41:24.906,JTEKTINDIA,,,140.71,4.35,133.16,130.11,161.9,35.53,49.72,auto,auto ancillaries,0.75,-0.05,-0.16,-0.07,-0.19,,,8.14,3.41,6.26,,,,,,,,,,,,,,2026-08-02,132.42,144.55,1.55,57.81,52.35,17.24,6.26,3.17,,,,,,,,,,,,,,,,,,
2026-08-02T23:41:24.906,VISAKAIND,,,85.34,4.57,79.93,80.48,95.07,4.61,8.65,building materials,cement products,0.23,0.26,0.09,0.18,0.04,,,6.04,4.51,6.01,,,,,,,,,,,,,,2026-08-02,80.5,86.69,2.64,63.08,68.46,40.71,6.01,4.82,,,,,,,,,,,,,,,,,,
2026-08-02T23:41:24.906,PARKHOSPS,,,292.65,4.78,275.72,272.45,333.05,41.1,43.74,healthcare,healthcare,1.65,0.76,NaN,0.74,NaN,,,7.41,3.69,5.38,,,,,,,,,,,,,,2026-08-02,277.7,301.85,2.71,57.58,71.92,18.08,5.25,4.02,,,,,,,,,,,,,,,,,,
2026-08-02T23:41:24.906,MOTHERSON,,,150.75,2.75,144.54,143.1,166.06,26.54,38.65,auto,auto ancillaries,2.03,0.23,0.33,0.18,0.29,,,5.35,2.68,4.79,,,,,,,,,,,,,,2026-08-02,143.86,152.4,1.04,62.53,65.94,17.79,4.09,2.74,,,,,,,,,,,,,,,,,,
2026-08-02T23:41:24.906,UDS,,,203.28,3.58,190.54,199.11,211.63,11.45,15.69,miscellaneous,miscellaneous,-1.82,0.23,-0.03,0.16,-0.06,,,2.1,4.47,4.4,,,,,,,,,,,,,,2026-08-02,194.71,206.16,1.8,57.2,60.92,38.13,4.4,4.32,,,,,,,,,,,,,,,,,,
2026-08-02T23:41:24.906,SAMBHV,,,120.06,3.82,113.09,117.02,126.13,16.58,23.59,metals & mining,steel - medium / small,-2.23,0.22,0.05,0.17,0.02,,,2.6,3.94,4.4,,,,,,,,,,,,,,2026-08-02,115.0,120.79,0.95,57.27,59.11,29.78,4.39,3.98,,,,,,,,,,,,,,,,,,
2026-08-02T23:41:24.906,MARINE,,,266.0,2.49,245.49,247.52,302.95,50.0,63.03,industrials,electric equipment,4.35,0.36,0.03,0.34,0.0,,,7.46,5.18,4.21,,,,,,,,,,,,,,2026-08-02,255.25,271.8,0.58,54.21,59.7,14.08,4.21,5.19,,,,,,,,,,,,,,,,,,
2026-08-02T23:41:24.906,BELRISE,,,236.73,1.69,225.25,225.61,258.96,38.68,38.74,auto,auto ancillaries,1.46,0.28,0.39,0.33,0.37,,,4.93,3.04,3.67,,,,,,,,,,,,,,2026-08-02,228.35,243.1,1.84,55.33,65.5,9.99,3.67,3.28,,,,,,,,,,,,,,,,,,
2026-08-02T23:41:24.906,SBCL,,,749.45,1.83,701.96,719.97,808.4,41.27,45.01,metals & mining,mining / minerals / metals,0.58,0.62,0.53,0.61,0.5,,,4.09,3.75,3.65,,,,,,,,,,,,,,2026-08-02,723.05,764.0,0.66,53.78,65.39,14.67,3.65,4.36,,,,,,,,,,,,,,,,,,
2026-08-01T23:14:13.147,ESAFSFB,,,42.05,15.27,38.7,36.46,53.22,6.78,-420.5,bank,banks - private sector,0.54,0.32,0.51,0.21,0.31,,,15.32,6.71,17.79,,,,,,,,,,,,,,2026-08-01,35.7,43.0,14.42,72.37,73.15,45.63,17.62,6.3,,,,,,,,,,,,,,,,,,
2026-08-01T23:14:13.147,BCLIND,,,36.74,5.88,34.4,34.4,41.42,11.63,9.42,fmcg,breweries & distilleries,-0.89,0.22,-0.06,0.16,-0.12,,,6.8,3.86,7.49,,,,,,,,,,,,,,2026-08-01,34.18,37.39,0.82,57.58,56.02,18.4,7.49,4.59,,,,,,,,,,,,,,,,,,
2026-08-01T23:14:13.147,RBZJEWEL,,,148.98,5.29,137.77,142.79,161.36,12.76,10.87,consumer discretionary,diamond cutting / jewellery,-3.57,0.01,-0.08,-0.03,-0.13,,,4.34,4.89,6.68,,,,,,,,,,,,,,2026-08-01,139.65,151.0,0.79,57.44,55.54,22.22,6.68,5.65,,,,,,,,,,,,,,,,,,
2026-08-01T23:14:13.147,JTEKTINDIA,,,140.71,4.35,133.16,130.11,161.9,35.53,49.72,auto,auto ancillaries,0.75,-0.05,-0.16,-0.07,-0.19,,,8.14,3.41,6.26,,,,,,,,,,,,,,2026-08-01,132.42,144.55,1.55,57.81,52.35,17.24,6.26,3.17,,,,,,,,,,,,,,,,,,
2026-08-01T23:14:13.147,VISAKAIND,,,85.34,4.57,79.93,80.48,95.07,4.61,8.65,building materials,cement products,0.23,0.26,0.09,0.18,0.04,,,6.04,4.51,6.01,,,,,,,,,,,,,,2026-08-01,80.5,86.69,2.64,63.08,68.46,40.71,6.01,4.82,,,,,,,,,,,,,,,,,,
2026-08-01T23:14:13.147,PARKHOSPS,,,292.65,4.78,275.72,272.45,333.05,41.1,43.74,healthcare,healthcare,1.65,0.76,NaN,0.74,NaN,,,7.41,3.69,5.38,,,,,,,,,,,,,,2026-08-01,277.7,301.85,2.71,57.58,71.92,18.08,5.25,4.02,,,,,,,,,,,,,,,,,,
2026-08-01T23:14:13.147,MOTHERSON,,,150.75,2.75,144.54,143.1,166.06,26.54,38.65,auto,auto ancillaries,2.03,0.23,0.33,0.18,0.29,,,5.35,2.68,4.79,,,,,,,,,,,,,,2026-08-01,143.86,152.4,1.04,62.53,65.94,17.79,4.09,2.74,,,,,,,,,,,,,,,,,,
2026-08-01T23:14:13.147,UDS,,,203.28,3.58,190.54,199.11,211.63,11.45,15.69,miscellaneous,miscellaneous,-1.82,0.23,-0.03,0.16,-0.06,,,2.1,4.47,4.4,,,,,,,,,,,,,,2026-08-01,194.71,206.16,1.8,57.2,60.92,38.13,4.4,4.32,,,,,,,,,,,,,,,,,,
2026-08-01T23:14:13.147,SAMBHV,,,120.06,3.82,113.09,117.02,126.13,16.58,23.59,metals & mining,steel - medium / small,-2.23,0.22,0.05,0.17,0.02,,,2.6,3.94,4.4,,,,,,,,,,,,,,2026-08-01,115.0,120.79,0.95,57.27,59.11,29.78,4.39,3.98,,,,,,,,,,,,,,,,,,
2026-08-01T23:14:13.147,MARINE,,,266.0,2.49,245.49,247.52,302.95,50.0,63.03,industrials,electric equipment,4.35,0.36,0.03,0.34,0.0,,,7.46,5.18,4.21,,,,,,,,,,,,,,2026-08-01,255.25,271.8,0.58,54.21,59.7,14.08,4.21,5.19,,,,,,,,,,,,,,,,,,
2026-08-01T23:14:13.147,BELRISE,,,236.73,1.69,225.25,225.61,258.96,38.68,38.74,auto,auto ancillaries,1.46,0.28,0.39,0.33,0.37,,,4.93,3.04,3.67,,,,,,,,,,,,,,2026-08-01,228.35,243.1,1.84,55.33,65.5,9.99,3.67,3.28,,,,,,,,,,,,,,,,,,
2026-08-01T23:14:13.147,SBCL,,,749.45,1.83,701.96,719.97,808.4,41.27,45.01,metals & mining,mining / minerals / metals,0.58,0.62,0.53,0.61,0.5,,,4.09,3.75,3.65,,,,,,,,,,,,,,2026-08-01,723.05,764.0,0.66,53.78,65.39,14.67,3.65,4.36,,,,,,,,,,,,,,,,,,
2026-07-31T23:30:26.438,ESAFSFB,,,42.05,15.27,38.7,36.46,53.22,22.85,-11.29,bank,banks - private sector,0.54,0.32,0.51,0.21,0.31,,,15.32,6.71,17.79,,,,,,,,,,,,,,2026-07-31,35.7,43.0,14.42,72.37,73.15,45.63,17.62,6.3,,,,,,,,,,,,,,,,,,
2026-07-31T23:30:26.438,BCLIND,,,36.74,5.88,34.4,34.4,41.42,11.63,8.9,fmcg,breweries & distilleries,-0.89,0.22,-0.06,0.16,-0.12,,,6.8,3.86,7.49,,,,,,,,,,,,,,2026-07-31,34.18,37.39,0.82,57.58,56.02,18.4,7.49,4.59,,,,,,,,,,,,,,,,,,
2026-07-31T23:30:26.438,RBZJEWEL,,,148.98,5.29,137.77,142.79,161.36,12.76,10.33,consumer discretionary,diamond cutting / jewellery,-3.57,0.01,-0.08,-0.03,-0.13,,,4.34,4.89,6.68,,,,,,,,,,,,,,2026-07-31,139.65,151.0,0.79,57.44,55.54,22.22,6.68,5.65,,,,,,,,,,,,,,,,,,
2026-07-31T23:30:26.438,JTEKTINDIA,,,140.71,4.35,133.16,130.11,161.9,35.53,47.65,auto,auto ancillaries,0.75,-0.05,-0.16,-0.07,-0.19,,,8.14,3.41,6.26,,,,,,,,,,,,,,2026-07-31,132.42,144.55,1.55,57.81,52.35,17.24,6.26,3.17,,,,,,,,,,,,,,,,,,
2026-07-31T23:30:26.438,VISAKAIND,,,85.34,4.57,79.93,80.48,95.07,4.61,8.27,building materials,cement products,0.23,0.26,0.09,0.18,0.04,,,6.04,4.51,6.01,,,,,,,,,,,,,,2026-07-31,80.5,86.69,2.64,63.08,68.46,40.71,6.01,4.82,,,,,,,,,,,,,,,,,,
2026-07-31T23:30:26.438,PARKHOSPS,,,292.65,4.78,275.72,272.45,333.05,41.1,41.75,healthcare,healthcare,1.65,0.76,NaN,0.74,NaN,,,7.41,3.69,5.38,,,,,,,,,,,,,,2026-07-31,277.7,301.85,2.71,57.58,71.92,18.08,5.25,4.02,,,,,,,,,,,,,,,,,,
2026-07-31T23:30:26.438,MOTHERSON,,,150.75,2.75,144.54,143.1,166.06,26.54,37.62,auto,auto ancillaries,2.03,0.23,0.33,0.18,0.29,,,5.35,2.68,4.79,,,,,,,,,,,,,,2026-07-31,143.86,152.4,1.04,62.53,65.94,17.79,4.09,2.74,,,,,,,,,,,,,,,,,,
2026-07-31T23:30:26.438,UDS,,,203.28,3.58,190.54,199.11,211.63,12.13,15.27,miscellaneous,miscellaneous,-1.82,0.23,-0.03,0.16,-0.06,,,2.1,4.47,4.4,,,,,,,,,,,,,,2026-07-31,194.71,206.16,1.8,57.2,60.92,38.13,4.4,4.32,,,,,,,,,,,,,,,,,,
2026-07-31T23:30:26.438,SAMBHV,,,120.06,3.82,113.09,117.02,126.13,16.58,22.72,metals & mining,steel - medium / small,-2.23,0.22,0.05,0.17,0.02,,,2.6,3.94,4.4,,,,,,,,,,,,,,2026-07-31,115.0,120.79,0.95,57.27,59.11,29.78,4.39,3.98,,,,,,,,,,,,,,,,,,
2026-07-31T23:30:26.438,MARINE,,,266.0,2.49,245.49,247.52,302.95,50.0,61.5,industrials,electric equipment,4.35,0.36,0.03,0.34,0.0,,,7.46,5.18,4.21,,,,,,,,,,,,,,2026-07-31,255.25,271.8,0.58,54.21,59.7,14.08,4.21,5.19,,,,,,,,,,,,,,,,,,
2026-07-31T23:30:26.438,BELRISE,,,236.73,1.69,225.25,225.61,258.96,38.68,38.1,auto,auto ancillaries,1.46,0.28,0.39,0.33,0.37,,,4.93,3.04,3.67,,,,,,,,,,,,,,2026-07-31,228.35,243.1,1.84,55.33,65.5,9.99,3.67,3.28,,,,,,,,,,,,,,,,,,
2026-07-31T23:30:26.438,SBCL,,,749.45,1.83,701.96,719.97,808.4,41.27,44.2,metals & mining,mining / minerals / metals,0.58,0.62,0.53,0.61,0.5,,,4.09,3.75,3.65,,,,,,,,,,,,,,2026-07-31,723.05,764.0,0.66,53.78,65.39,14.67,3.65,4.36,,,,,,,,,,,,,,,,,,
2026-07-27T06:47:40.57,INOXINDIA,,,2004.0,,,1887.85,2040.95,60.43,70.54,industrials,packaging,-1.61,0.62,0.58,0.5,0.49,,,4.05,5.3,7.93,,,,,,,,,,,,,,2026-07-27,,,,57.82,,35.49,,,7.91,-1.94,2119.8,5.76,1857.4,-5.17,19.35,,,,,,,,,,,
2026-07-27T06:47:40.57,FEDFINA,,,150.53,,,148.86,178.24,12.34,14.7,financials,finance & investments,4.8,-0.08,0.11,-0.09,0.05,,,9.87,4.63,6.2,,,,,,,,,,,,,,2026-07-27,,,,60.25,,14.6,,,3.52,-9.87,174.4,4.84,156.0,-1.41,6.23,,,,,,,,,,,
2026-07-27T06:47:40.57,ACUTAAS,,,3259.5,,,3503.94,3589.86,89.84,69.1,healthcare,pharmaceuticals - indian - bulk drugs,-0.57,0.95,1.0,0.88,0.95,,,1.23,3.93,5.45,,,,,,,,,,,,,,2026-07-27,,,,60.84,,35.59,,,4.32,-9.53,3700.0,1.81,3484.0,-2.68,12.23,,,,,,,,,,,
2026-07-27T06:47:40.57,CARYSIL,,,1125.7,,,1132.87,1277.33,29.56,32.61,consumer discretionary,domestic appliances,5.27,0.38,0.28,0.33,0.25,,,6.38,4.83,5.38,,,,,,,,,,,,,,2026-07-27,,,,58.15,,24.6,,,2.56,-9.2,1280.9,1.05,1192.6,0.0,7.78,,,,,,,,,,,
2026-07-27T06:47:40.57,HONAUT,,,37345.0,,,38768.07,40311.93,51.7,62.9,consumer discretionary,electronics - components,-1.66,0.1,0.04,0.04,-0.0,,,1.99,2.29,5.22,,,,,,,,,,,,,,2026-07-27,,,,66.75,,36.19,,,0.66,-5.91,39800.0,3.71,38125.0,-3.16,9.35,,,,,,,,,,,
2026-07-27T06:47:40.57,BANDHANBNK,,,165.93,,,200.19,232.85,13.34,19.75,bank,banks - private sector,4.16,0.39,0.19,0.32,0.15,,,8.16,3.83,4.9,,,,,,,,,,,,,,2026-07-27,,,,59.19,,13.75,,,0.68,-25.2,220.76,3.84,208.51,-2.93,4.98,,,,,,,,,,,
2026-07-27T06:47:40.57,ENDURANCE,,,2634.0,,,2650.54,2841.86,33.51,38.93,auto,auto ancillaries,0.58,-0.02,-0.09,-0.07,-0.11,,,3.61,2.97,4.78,,,,,,,,,,,,,,2026-07-27,,,,61.78,,21.66,,,1.92,-7.2,2799.0,3.01,2666.0,-2.99,5.54,,,,,,,,,,,
2026-07-27T06:47:40.57,AIAENG,,,4583.0,,,4763.84,4893.16,27.18,33.67,industrials,castings & forgings,0.31,0.12,0.4,0.1,0.38,,,1.36,3.0,4.06,,,,,,,,,,,,,,2026-07-27,,,,59.56,,34.55,,,1.27,-6.69,4912.5,1.05,4778.5,-1.53,8.03,,,,,,,,,,,
2026-07-27T06:47:40.57,NAZARA,,,302.3,,,301.45,318.75,59.51,35.78,i.t,telecommunications - service provider,0.52,0.08,0.12,0.02,0.1,,,2.87,3.11,2.43,,,,,,,,,,,,,,2026-07-27,,,,62.43,,27.22,,,1.58,-4.77,315.0,2.34,303.0,-2.35,8.72,,,,,,,,,,,
2026-07-27T06:47:40.57,AMBIKCO,,,1708.2,,,1725.31,1776.29,9.97,13.66,textiles,textiles - cotton/blended,0.05,0.36,0.25,0.31,0.23,,,1.48,3.35,2.39,,,,,,,,,,,,,,2026-07-27,,,,57.63,,33.09,,,0.81,-5.33,1769.9,1.43,1726.1,-1.4,6.47,,,,,,,,,,,
2026-07-27T06:47:40.57,FORTIS,,,948.7,,,948.86,1003.45,67.38,68.75,healthcare,healthcare,2.46,0.01,-0.11,-0.02,-0.11,,,2.88,2.1,2.31,,,,,,,,,,,,,,2026-07-27,,,,55.03,,9.8,,,0.6,-4.96,988.25,0.41,972.15,-1.08,3.79,,,,,,,,,,,
2026-07-27T06:47:40.57,EPL,,,233.06,,,235.38,241.08,18.09,19.17,industrials,packaging,-0.25,0.07,0.14,0.03,0.12,,,1.21,2.87,2.29,,,,,,,,,,,,,,2026-07-27,,,,57.43,,20.27,,,1.7,-6.82,242.29,1.46,234.8,0.5,8.81,,,,,,,,,,,
2026-07-26T23:48:10.188,INOXINDIA,,,2004.0,,,1887.85,2040.95,60.43,70.54,industrials,packaging,-1.61,0.62,0.58,0.5,0.49,,,4.05,5.3,7.93,,,,,,,,,,,,,,2026-07-26,,,,57.82,,35.49,,,7.91,-1.94,2119.8,5.76,1857.4,-5.17,19.35,,,,,,,,,,,
2026-07-26T23:48:10.188,FEDFINA,,,150.53,,,148.86,178.24,12.34,14.7,financials,finance & investments,4.8,-0.08,0.11,-0.09,0.05,,,9.87,4.63,6.2,,,,,,,,,,,,,,2026-07-26,,,,60.25,,14.6,,,3.52,-9.87,174.4,4.84,156.0,-1.41,6.23,,,,,,,,,,,
2026-07-26T23:48:10.188,ACUTAAS,,,3259.5,,,3503.94,3589.86,89.84,69.1,healthcare,pharmaceuticals - indian - bulk drugs,-0.57,0.95,1.0,0.88,0.95,,,1.23,3.93,5.45,,,,,,,,,,,,,,2026-07-26,,,,60.84,,35.59,,,4.32,-9.53,3700.0,1.81,3484.0,-2.68,12.23,,,,,,,,,,,
2026-07-26T23:48:10.188,CARYSIL,,,1125.7,,,1132.87,1277.33,29.56,32.61,consumer discretionary,domestic appliances,5.27,0.38,0.28,0.33,0.25,,,6.38,4.83,5.38,,,,,,,,,,,,,,2026-07-26,,,,58.15,,24.6,,,2.56,-9.2,1280.9,1.05,1192.6,0.0,7.78,,,,,,,,,,,
2026-07-26T23:48:10.188,HONAUT,,,37345.0,,,38768.07,40311.93,51.7,62.9,consumer discretionary,electronics - components,-1.66,0.1,0.04,0.04,-0.0,,,1.99,2.29,5.22,,,,,,,,,,,,,,2026-07-26,,,,66.75,,36.19,,,0.66,-5.91,39800.0,3.71,38125.0,-3.16,9.35,,,,,,,,,,,
2026-07-26T23:48:10.188,BANDHANBNK,,,165.93,,,200.19,232.85,13.34,19.75,bank,banks - private sector,4.16,0.39,0.19,0.32,0.15,,,8.16,3.83,4.9,,,,,,,,,,,,,,2026-07-26,,,,59.19,,13.75,,,0.68,-25.2,220.76,3.84,208.51,-2.93,4.98,,,,,,,,,,,
2026-07-26T23:48:10.188,ENDURANCE,,,2634.0,,,2650.54,2841.86,33.51,38.93,auto,auto ancillaries,0.58,-0.02,-0.09,-0.07,-0.11,,,3.61,2.97,4.78,,,,,,,,,,,,,,2026-07-26,,,,61.78,,21.66,,,1.92,-7.2,2799.0,3.01,2666.0,-2.99,5.54,,,,,,,,,,,
2026-07-26T23:48:10.188,AIAENG,,,4583.0,,,4763.84,4893.16,27.18,33.67,industrials,castings & forgings,0.31,0.12,0.4,0.1,0.38,,,1.36,3.0,4.06,,,,,,,,,,,,,,2026-07-26,,,,59.56,,34.55,,,1.27,-6.69,4912.5,1.05,4778.5,-1.53,8.03,,,,,,,,,,,
2026-07-26T23:48:10.188,NAZARA,,,302.3,,,301.45,318.75,59.51,35.78,i.t,telecommunications - service provider,0.52,0.08,0.12,0.02,0.1,,,2.87,3.11,2.43,,,,,,,,,,,,,,2026-07-26,,,,62.43,,27.22,,,1.58,-4.77,315.0,2.34,303.0,-2.35,8.72,,,,,,,,,,,
2026-07-26T23:48:10.188,AMBIKCO,,,1708.2,,,1725.31,1776.29,9.97,13.66,textiles,textiles - cotton/blended,0.05,0.36,0.25,0.31,0.23,,,1.48,3.35,2.39,,,,,,,,,,,,,,2026-07-26,,,,57.63,,33.09,,,0.81,-5.33,1769.9,1.43,1726.1,-1.4,6.47,,,,,,,,,,,
2026-07-26T23:48:10.188,FORTIS,,,948.7,,,948.86,1003.45,67.38,68.75,healthcare,healthcare,2.46,0.01,-0.11,-0.02,-0.11,,,2.88,2.1,2.31,,,,,,,,,,,,,,2026-07-26,,,,55.03,,9.8,,,0.6,-4.96,988.25,0.41,972.15,-1.08,3.79,,,,,,,,,,,
2026-07-26T23:48:10.188,EPL,,,233.06,,,235.38,241.08,18.09,19.17,industrials,packaging,-0.25,0.07,0.14,0.03,0.12,,,1.21,2.87,2.29,,,,,,,,,,,,,,2026-07-26,,,,57.43,,20.27,,,1.7,-6.82,242.29,1.46,234.8,0.5,8.81,,,,,,,,,,,
2026-07-25T23:04:03.291,INOXINDIA,,,2004.0,,,1887.85,2040.95,60.43,70.54,industrials,packaging,-1.61,0.62,0.58,0.5,0.49,,,4.05,5.3,7.93,,,,,,,,,,,,,,2026-07-25,,,,57.82,,35.49,,,7.91,-1.94,2119.8,5.76,1857.4,-5.17,19.35,,,,,,,,,,,
2026-07-25T23:04:03.291,FEDFINA,,,150.53,,,148.86,178.24,12.34,14.7,financials,finance & investments,4.8,-0.08,0.11,-0.09,0.05,,,9.87,4.63,6.2,,,,,,,,,,,,,,2026-07-25,,,,60.25,,14.6,,,3.52,-9.87,174.4,4.84,156.0,-1.41,6.23,,,,,,,,,,,
2026-07-25T23:04:03.291,ACUTAAS,,,3259.5,,,3503.94,3589.86,89.84,69.1,healthcare,pharmaceuticals - indian - bulk drugs,-0.57,0.95,1.0,0.88,0.95,,,1.23,3.93,5.45,,,,,,,,,,,,,,2026-07-25,,,,60.84,,35.59,,,4.32,-9.53,3700.0,1.81,3484.0,-2.68,12.23,,,,,,,,,,,
2026-07-25T23:04:03.291,CARYSIL,,,1125.7,,,1132.87,1277.33,29.56,32.61,consumer discretionary,domestic appliances,5.27,0.38,0.28,0.33,0.25,,,6.38,4.83,5.38,,,,,,,,,,,,,,2026-07-25,,,,58.15,,24.6,,,2.56,-9.2,1280.9,1.05,1192.6,0.0,7.78,,,,,,,,,,,
2026-07-25T23:04:03.291,HONAUT,,,37345.0,,,38768.07,40311.93,51.7,62.9,consumer discretionary,electronics - components,-1.66,0.1,0.04,0.04,-0.0,,,1.99,2.29,5.22,,,,,,,,,,,,,,2026-07-25,,,,66.75,,36.19,,,0.66,-5.91,39800.0,3.71,38125.0,-3.16,9.35,,,,,,,,,,,
2026-07-25T23:04:03.291,BANDHANBNK,,,165.93,,,200.19,232.85,13.34,19.75,bank,banks - private sector,4.16,0.39,0.19,0.32,0.15,,,8.16,3.83,4.9,,,,,,,,,,,,,,2026-07-25,,,,59.19,,13.75,,,0.68,-25.2,220.76,3.84,208.51,-2.93,4.98,,,,,,,,,,,
2026-07-25T23:04:03.291,ENDURANCE,,,2634.0,,,2650.54,2841.86,33.51,38.93,auto,auto ancillaries,0.58,-0.02,-0.09,-0.07,-0.11,,,3.61,2.97,4.78,,,,,,,,,,,,,,2026-07-25,,,,61.78,,21.66,,,1.92,-7.2,2799.0,3.01,2666.0,-2.99,5.54,,,,,,,,,,,
2026-07-25T23:04:03.291,AIAENG,,,4583.0,,,4763.84,4893.16,27.18,33.67,industrials,castings & forgings,0.31,0.12,0.4,0.1,0.38,,,1.36,3.0,4.06,,,,,,,,,,,,,,2026-07-25,,,,59.56,,34.55,,,1.27,-6.69,4912.5,1.05,4778.5,-1.53,8.03,,,,,,,,,,,
2026-07-25T23:04:03.291,NAZARA,,,302.3,,,301.45,318.75,59.51,35.78,i.t,telecommunications - service provider,0.52,0.08,0.12,0.02,0.1,,,2.87,3.11,2.43,,,,,,,,,,,,,,2026-07-25,,,,62.43,,27.22,,,1.58,-4.77,315.0,2.34,303.0,-2.35,8.72,,,,,,,,,,,
2026-07-25T23:04:03.291,AMBIKCO,,,1708.2,,,1725.31,1776.29,9.97,13.66,textiles,textiles - cotton/blended,0.05,0.36,0.25,0.31,0.23,,,1.48,3.35,2.39,,,,,,,,,,,,,,2026-07-25,,,,57.63,,33.09,,,0.81,-5.33,1769.9,1.43,1726.1,-1.4,6.47,,,,,,,,,,,
2026-07-25T23:04:03.291,FORTIS,,,948.7,,,948.86,1003.45,67.38,68.75,healthcare,healthcare,2.46,0.01,-0.11,-0.02,-0.11,,,2.88,2.1,2.31,,,,,,,,,,,,,,2026-07-25,,,,55.03,,9.8,,,0.6,-4.96,988.25,0.41,972.15,-1.08,3.79,,,,,,,,,,,
2026-07-25T23:04:03.291,EPL,,,233.06,,,235.38,241.08,18.09,19.17,industrials,packaging,-0.25,0.07,0.14,0.03,0.12,,,1.21,2.87,2.29,,,,,,,,,,,,,,2026-07-25,,,,57.43,,20.27,,,1.7,-6.82,242.29,1.46,234.8,0.5,8.81,,,,,,,,,,,
2026-07-24T23:24:31.789,INOXINDIA,,,2004.0,,,1887.85,2040.95,60.43,70.82,industrials,packaging,-1.61,0.62,0.58,0.5,0.49,,,4.05,5.3,7.93,,,,,,,,,,,,,,2026-07-24,,,,57.82,,35.49,,,7.91,-1.94,2119.8,5.76,1857.4,-5.17,19.35,,,,,,,,,,,
2026-07-24T23:24:31.789,FEDFINA,,,150.53,,,148.86,178.24,12.34,14.67,financials,finance & investments,4.8,-0.08,0.11,-0.09,0.05,,,9.87,4.63,6.2,,,,,,,,,,,,,,2026-07-24,,,,60.25,,14.6,,,3.52,-9.87,174.4,4.84,156.0,-1.41,6.23,,,,,,,,,,,
2026-07-24T23:24:31.789,ACUTAAS,,,3259.5,,,3503.94,3589.86,50.64,79.5,healthcare,pharmaceuticals - indian - bulk drugs,-0.57,0.95,1.0,0.88,0.95,,,1.23,3.93,5.45,,,,,,,,,,,,,,2026-07-24,,,,60.84,,35.59,,,4.32,-9.53,3700.0,1.81,3484.0,-2.68,12.23,,,,,,,,,,,
2026-07-24T23:24:31.789,CARYSIL,,,1125.7,,,1132.87,1277.33,29.56,32.34,consumer discretionary,domestic appliances,5.27,0.38,0.28,0.33,0.25,,,6.38,4.83,5.38,,,,,,,,,,,,,,2026-07-24,,,,58.15,,24.6,,,2.56,-9.2,1280.9,1.05,1192.6,0.0,7.78,,,,,,,,,,,
2026-07-24T23:24:31.789,HONAUT,,,37345.0,,,38768.07,40311.93,51.7,63.84,consumer discretionary,electronics - components,-1.66,0.1,0.04,0.04,-0.0,,,1.99,2.29,5.22,,,,,,,,,,,,,,2026-07-24,,,,66.75,,36.19,,,0.66,-5.91,39800.0,3.71,38125.0,-3.16,9.35,,,,,,,,,,,
2026-07-24T23:24:31.789,BANDHANBNK,,,165.93,,,200.19,232.85,13.34,19.74,bank,banks - private sector,4.16,0.39,0.19,0.32,0.15,,,8.16,3.83,4.9,,,,,,,,,,,,,,2026-07-24,,,,59.19,,13.75,,,0.68,-25.2,220.76,3.84,208.51,-2.93,4.98,,,,,,,,,,,
2026-07-24T23:24:31.789,ENDURANCE,,,2634.0,,,2650.54,2841.86,33.51,40.21,auto,auto ancillaries,0.58,-0.02,-0.09,-0.07,-0.11,,,3.61,2.97,4.78,,,,,,,,,,,,,,2026-07-24,,,,61.78,,21.66,,,1.92,-7.2,2799.0,3.01,2666.0,-2.99,5.54,,,,,,,,,,,
2026-07-24T23:24:31.789,AIAENG,,,4583.0,,,4763.84,4893.16,27.18,33.66,industrials,castings & forgings,0.31,0.12,0.4,0.1,0.38,,,1.36,3.0,4.06,,,,,,,,,,,,,,2026-07-24,,,,59.56,,34.55,,,1.27,-6.69,4912.5,1.05,4778.5,-1.53,8.03,,,,,,,,,,,
2026-07-24T23:24:31.789,NAZARA,,,302.3,,,301.45,318.75,59.51,36.0,i.t,telecommunications - service provider,0.52,0.08,0.12,0.02,0.1,,,2.87,3.11,2.43,,,,,,,,,,,,,,2026-07-24,,,,62.43,,27.22,,,1.58,-4.77,315.0,2.34,303.0,-2.35,8.72,,,,,,,,,,,
2026-07-24T23:24:31.789,AMBIKCO,,,1708.2,,,1725.31,1776.29,9.97,13.58,textiles,textiles - cotton/blended,0.05,0.36,0.25,0.31,0.23,,,1.48,3.35,2.39,,,,,,,,,,,,,,2026-07-24,,,,57.63,,33.09,,,0.81,-5.33,1769.9,1.43,1726.1,-1.4,6.47,,,,,,,,,,,
2026-07-24T23:24:31.789,FORTIS,,,948.7,,,948.86,1003.45,67.38,68.38,healthcare,healthcare,2.46,0.01,-0.11,-0.02,-0.11,,,2.88,2.1,2.31,,,,,,,,,,,,,,2026-07-24,,,,55.03,,9.8,,,0.6,-4.96,988.25,0.41,972.15,-1.08,3.79,,,,,,,,,,,
2026-07-24T23:24:31.789,EPL,,,233.06,,,235.38,241.08,18.09,19.16,industrials,packaging,-0.25,0.07,0.14,0.03,0.12,,,1.21,2.87,2.29,,,,,,,,,,,,,,2026-07-24,,,,57.43,,20.27,,,1.7,-6.82,242.29,1.46,234.8,0.5,8.81,,,,,,,,,,,
2026-07-23T06:44:20.097,INOXINDIA,,,2042.2,,,1887.85,2040.95,61.59,71.88,industrials,packaging,-1.12,0.62,0.58,0.62,0.49,,,4.05,5.3,7.93,,,,,,,,,,,,,,2026-07-23,,,0.97,54.03,,35.49,,,,,,5.76,1857.4,-10.47,,7.91,-1.94,2119.8,19.35,,,,,,,
2026-07-23T06:44:20.097,FEDFINA,,,154.61,,,148.86,178.24,12.67,15.1,financials,finance & investments,5.48,-0.08,0.11,-0.08,0.05,,,9.87,4.63,6.2,,,,,,,,,,,,,,2026-07-23,,,11.28,54.45,,14.6,,,,,,4.84,156.0,-6.05,,3.52,-5.78,174.4,6.23,,,,,,,
2026-07-23T06:44:20.097,ACUTAAS,,,3659.6,,,3503.94,3589.86,56.86,84.11,healthcare,pharmaceuticals - indian - bulk drugs,-3.76,0.95,1.0,0.95,0.95,,,1.23,3.93,5.45,,,,,,,,,,,,,,2026-07-23,,,0.43,59.23,,35.59,,,,,,1.81,3484.0,-6.61,,4.32,-1.58,3700.0,12.23,,,,,,,
2026-07-23T06:44:20.097,CARYSIL,,,1150.8,,,1132.87,1277.33,30.22,33.34,consumer discretionary,domestic appliances,0.65,0.38,0.28,0.38,0.25,,,6.38,4.83,5.38,,,,,,,,,,,,,,2026-07-23,,,6.51,55.9,,24.6,,,,,,1.05,1192.6,-4.82,,2.56,-4.99,1280.9,7.78,,,,,,,
2026-07-23T06:44:20.097,HONAUT,,,38095.0,,,38768.07,40311.93,52.73,64.16,consumer discretionary,electronics - components,-3.65,0.1,0.04,0.1,-0.0,,,1.99,2.29,5.22,,,,,,,,,,,,,,2026-07-23,,,0.39,58.57,,36.19,,,,,,3.71,38125.0,-5.45,,0.66,-4.0,39800.0,9.35,,,,,,,
2026-07-23T06:44:20.097,BANDHANBNK,,,173.5,,,200.19,232.85,13.95,20.65,bank,banks - private sector,4.03,0.39,0.19,0.39,0.15,,,8.16,3.83,4.9,,,,,,,,,,,,,,2026-07-23,,,2.34,57.96,,13.75,,,,,,3.84,208.51,-6.76,,0.68,-21.69,220.76,4.98,,,,,,,
2026-07-23T06:44:20.097,ENDURANCE,,,2738.2,,,2650.54,2841.86,34.84,40.47,auto,auto ancillaries,-0.3,-0.02,-0.09,-0.02,-0.11,,,3.61,2.97,4.78,,,,,,,,,,,,,,2026-07-23,,,2.04,57.54,,21.66,,,,,,3.01,2666.0,-5.96,,1.92,-2.22,2799.0,5.54,,,,,,,
2026-07-23T06:44:20.097,AIAENG,,,4626.5,,,4763.84,4893.16,27.44,33.99,industrials,castings & forgings,-3.3,0.12,0.4,0.12,0.38,,,1.36,3.0,4.06,,,,,,,,,,,,,,2026-07-23,,,1.5,54.85,,34.55,,,,,,1.05,4778.5,-4.53,,1.27,-5.77,4912.5,8.03,,,,,,,
2026-07-23T06:44:20.097,NAZARA,,,304.65,,,301.45,318.75,59.97,36.05,i.t,telecommunications - service provider,0.76,0.08,0.12,0.08,0.1,,,2.87,3.11,2.43,,,,,,,,,,,,,,2026-07-23,,,1.5,61.64,,27.22,,,,,,2.34,303.0,-5.46,,1.58,-2.45,315.0,8.72,,,,,,,
2026-07-23T06:44:20.097,AMBIKCO,,,1709.7,,,1725.31,1776.29,9.97,13.68,textiles,textiles - cotton/blended,0.01,0.36,0.25,0.36,0.23,,,1.48,3.35,2.39,,,,,,,,,,,,,,2026-07-23,,,0.41,55.91,,33.09,,,,,,1.43,1726.1,-4.75,,0.81,-2.67,1769.9,6.47,,,,,,,
2026-07-23T06:44:20.097,FORTIS,,,949.85,,,948.86,1003.45,67.46,68.83,healthcare,healthcare,0.7,0.01,-0.11,0.01,-0.11,,,2.88,2.1,2.31,,,,,,,,,,,,,,2026-07-23,,,0.75,50.58,,9.8,,,,,,0.41,972.15,-3.18,,0.6,-3.29,988.25,3.79,,,,,,,
2026-07-23T06:44:20.097,EPL,,,233.88,,,235.38,241.08,18.16,19.23,industrials,packaging,-0.37,0.07,0.14,0.07,0.12,,,1.21,2.87,2.29,,,,,,,,,,,,,,2026-07-23,,,0.54,56.59,,20.27,,,,,,1.46,234.8,-2.37,,1.7,-2.56,242.29,8.81,,,,,,,
2026-07-22T23:28:37.928,INOXINDIA,,,2042.2,,,1887.85,2040.95,61.59,73.7,industrials,packaging,-1.12,0.62,0.58,0.62,0.49,,,4.05,5.3,7.93,,,,,,,,,,,,,,2026-07-22,,,0.97,54.03,,35.49,,,,,,5.76,1857.4,-10.47,,7.91,-1.94,2119.8,19.35,,,,,,,
2026-07-22T23:28:37.928,FEDFINA,,,154.61,,,148.86,178.24,12.67,15.42,financials,finance & investments,5.48,-0.08,0.11,-0.08,0.05,,,9.87,4.63,6.2,,,,,,,,,,,,,,2026-07-22,,,11.28,54.45,,14.6,,,,,,4.84,156.0,-6.05,,3.52,-5.78,174.4,6.23,,,,,,,
2026-07-22T23:28:37.928,ACUTAAS,,,3659.6,,,3503.94,3589.86,56.86,84.51,healthcare,pharmaceuticals - indian - bulk drugs,-3.76,0.95,1.0,0.95,0.95,,,1.23,3.93,5.45,,,,,,,,,,,,,,2026-07-22,,,0.43,59.23,,35.59,,,,,,1.81,3484.0,-6.61,,4.32,-1.58,3700.0,12.23,,,,,,,
2026-07-22T23:28:37.928,CARYSIL,,,1150.8,,,1132.87,1277.33,30.22,33.9,consumer discretionary,domestic appliances,0.65,0.38,0.28,0.38,0.25,,,6.38,4.83,5.38,,,,,,,,,,,,,,2026-07-22,,,6.51,55.9,,24.6,,,,,,1.05,1192.6,-4.82,,2.56,-4.99,1280.9,7.78,,,,,,,
2026-07-22T23:28:37.928,HONAUT,,,38095.0,,,38768.07,40311.93,52.73,64.97,consumer discretionary,electronics - components,-3.65,0.1,0.04,0.1,-0.0,,,1.99,2.29,5.22,,,,,,,,,,,,,,2026-07-22,,,0.39,58.57,,36.19,,,,,,3.71,38125.0,-5.45,,0.66,-4.0,39800.0,9.35,,,,,,,
2026-07-22T23:28:37.928,BANDHANBNK,,,173.5,,,200.19,232.85,13.95,24.86,bank,banks - private sector,4.03,0.39,0.19,0.39,0.15,,,8.16,3.83,4.9,,,,,,,,,,,,,,2026-07-22,,,2.34,57.96,,13.75,,,,,,3.84,208.51,-6.76,,0.68,-21.69,220.76,4.98,,,,,,,
2026-07-22T23:28:37.928,ENDURANCE,,,2738.2,,,2650.54,2841.86,34.84,40.67,auto,auto ancillaries,-0.3,-0.02,-0.09,-0.02,-0.11,,,3.61,2.97,4.78,,,,,,,,,,,,,,2026-07-22,,,2.04,57.54,,21.66,,,,,,3.01,2666.0,-5.96,,1.92,-2.22,2799.0,5.54,,,,,,,
2026-07-22T23:28:37.928,AIAENG,,,4626.5,,,4763.84,4893.16,27.44,34.4,industrials,castings & forgings,-3.3,0.12,0.4,0.12,0.38,,,1.36,3.0,4.06,,,,,,,,,,,,,,2026-07-22,,,1.5,54.85,,34.55,,,,,,1.05,4778.5,-4.53,,1.27,-5.77,4912.5,8.03,,,,,,,
2026-07-22T23:28:37.928,NAZARA,,,304.65,,,301.45,318.75,59.97,36.6,i.t,telecommunications - service provider,0.76,0.08,0.12,0.08,0.1,,,2.87,3.11,2.43,,,,,,,,,,,,,,2026-07-22,,,1.5,61.64,,27.22,,,,,,2.34,303.0,-5.46,,1.58,-2.45,315.0,8.72,,,,,,,
2026-07-22T23:28:37.928,AMBIKCO,,,1709.7,,,1725.31,1776.29,9.97,13.78,textiles,textiles - cotton/blended,0.01,0.36,0.25,0.36,0.23,,,1.48,3.35,2.39,,,,,,,,,,,,,,2026-07-22,,,0.41,55.91,,33.09,,,,,,1.43,1726.1,-4.75,,0.81,-2.67,1769.9,6.47,,,,,,,
2026-07-22T23:28:37.928,FORTIS,,,949.85,,,948.86,1003.45,67.46,70.22,healthcare,healthcare,0.7,0.01,-0.11,0.01,-0.11,,,2.88,2.1,2.31,,,,,,,,,,,,,,2026-07-22,,,0.75,50.58,,9.8,,,,,,0.41,972.15,-3.18,,0.6,-3.29,988.25,3.79,,,,,,,
2026-07-22T23:28:37.928,EPL,,,233.88,,,235.38,241.08,18.16,19.53,industrials,packaging,-0.37,0.07,0.14,0.07,0.12,,,1.21,2.87,2.29,,,,,,,,,,,,,,2026-07-22,,,0.54,56.59,,20.27,,,,,,1.46,234.8,-2.37,,1.7,-2.56,242.29,8.81,,,,,,,
2026-07-21T12:35:28.401,INDIANB,867.85,848.1,848.9,-1.12,810.57,801.52,943.66,8.52,9.05,bank,banks - public sector,4.75,-0.09,-0.07,-0.08,-0.06,4.49,4.49,2.33,3.08,4.03,17.2,26.15,3.16,3.16,0.66,27.49,115636.86,-2.09,-4.28,0.67,3.06,352414381,1346963981,2026-07-21,,,,,,,,,,,,,,,,,,,,,,,,,,
2026-07-21T12:35:28.401,PERSISTENT,5299.9,5165.0,5183.0,-0.11,4926.59,4922.23,5704.54,38.3,43.34,i.t,computers - software - large,7.79,-0.26,-0.16,-0.26,-0.15,2.61,2.61,2.61,3.03,1.83,239.59,157.03,3.13,3.13,1.53,34.22,81851.74,-0.08,-1.74,1.6,11.46,109960070,157750000,2026-07-21,,,,,,,,,,,,,,,,,,,,,,,,,,
2026-07-21T12:35:28.401,MRPL,176.67,170.98,174.48,2.08,163.27,157.03,209.38,8.08,9.53,energy,refineries,12.45,0.12,0.0,0.03,-0.02,3.77,3.77,3.33,4.85,5.51,19.11,8.47,4.36,4.36,2.26,77.03,29955.42,0.01,-2.91,2.53,41.33,200091162,1752598777,2026-07-21,,,,,,,,,,,,,,,,,,,,,,,,,,
2026-07-21T12:35:28.401,UNIONBANK,179.4,173.4,176.54,0.35,168.4,163.04,203.54,5.97,6.5,bank,banks - public sector,3.77,-0.08,0.13,-0.09,0.13,6.93,6.93,3.46,3.45,6.19,8.99,6.09,3.03,3.03,1.47,146.69,134298.02,0.64,-2.22,1.55,51.53,1926944757,7633605607,2026-07-21,,,,,,,,,,,,,,,,,,,,,,,,,,
2026-07-21T12:35:28.401,KARURVYSYA,335.85,310.05,333.15,10.68,316.05,300.51,398.42,10.65,10.6,bank,banks - private sector,-0.85,0.15,0.28,0.03,0.16,13.41,13.41,8.32,4.11,12.49,39.27,13.7,3.48,3.48,2.87,1346.25,29096.05,1.01,-0.33,3.25,168.56,946677259,966646219,2026-07-21,,,,,,,,,,,,,,,,,,,,,,,,,,
2026-07-21T12:35:28.401,TECHM,1614.6,1576.4,1583.3,0.44,1512.93,1469.95,1810.0,23.95,27.21,i.t,computers - software - large,9.81,-0.15,0.08,-0.14,0.08,2.68,2.68,2.42,3.01,3.67,128.55,47.73,3.03,3.03,2.69,63.51,154462.17,1.53,-0.89,2.93,14.46,637141920,979841252,2026-07-21,,,,,,,,,,,,,,,,,,,,,,,,,,
2026-07-21T12:35:28.401,ABB,7633.0,7492.5,7568.0,0.68,7240.4,7018.33,8667.33,22.48,53.49,industrials,electric equipment,8.21,0.43,0.39,0.41,0.38,2.92,2.92,1.88,3.12,2.04,630.42,235.91,3.1,3.1,2.67,26.74,159291.53,1.85,-1.08,2.92,32.0,52977094,211908375,2026-07-21,,,,,,,,,,,,,,,,,,,,,,,,,,
2026-07-21T12:35:28.401,OBEROIRLTY,1897.6,1872.6,1878.1,-0.24,1798.35,1920.43,1793.44,31.41,25.86,realty,construction,-4.13,0.05,0.0,0.03,0.01,3.07,3.07,1.33,2.84,2.02,145.97,53.3,3.13,3.13,2.74,17.38,68455.39,2.66,2.17,2.97,10.32,117427291,363602237,2026-07-21,,,,,,,,,,,,,,,,,,,,,,,,,,
2026-07-21T12:35:28.401,CHENNPETRO,1257.0,1218.1,1250.4,3.0,1170.44,1134.75,1481.7,3.27,5.83,energy,refineries,7.77,0.36,0.27,0.29,0.23,5.19,5.19,3.19,4.67,5.07,132.98,58.36,4.39,4.39,2.28,89.81,18077.84,3.1,1.7,2.55,55.35,48713300,148911400,2026-07-21,,,,,,,,,,,,,,,,,,,,,,,,,,
2026-07-21T12:35:28.401,EXICOM,174.65,166.1,172.19,2.36,156.74,160.8,194.97,-10.68,-7.87,industrials,electric equipment,-1.28,0.44,0.21,0.39,0.19,9.77,9.77,5.15,5.5,8.73,19.72,9.47,6.14,6.14,2.08,23.08,2339.6,3.63,3.3,2.35,64.28,46630155,139079771,2026-07-21,,,,,,,,,,,,,,,,,,,,,,,,,,
2026-07-21T12:35:28.401,SANSERA,3414.3,3286.1,3292.7,-1.27,3110.41,3233.28,3411.54,42.19,63.93,auto,auto ancillaries,0.93,0.68,1.04,0.66,1.07,5.02,5.02,3.9,3.94,3.38,346.59,129.73,3.88,3.88,2.67,99.67,20812.84,5.03,4.68,2.99,5.09,44176328,62403568,2026-07-21,,,,,,,,,,,,,,,,,,,,,,,,,,
2026-07-21T12:35:28.401,SAREGAMA,519.8,505.4,513.5,-0.13,484.32,481.88,576.74,33.26,48.01,media,entertainment / electronic media software,3.02,0.37,0.09,0.35,0.09,5.79,5.79,2.85,3.71,6.33,63.11,19.05,4.17,4.17,3.31,6.1,9913.3,5.32,5.08,3.78,42.51,75507447,192809490,2026-07-21,,,,,,,,,,,,,,,,,,,,,,,,,,
2026-07-17T06:37:36.9,TECHM,1538.3,1504.2,1510.3,0.77,1440.47,1416.67,1697.55,22.84,26.07,i.t,computers - software - large,4.24,-0.14,0.01,-0.14,0.0,5.87,5.87,2.27,3.16,3.94,62.65,47.71,3.07,3.07,1.31,115.26,147985.42,-0.11,-1.53,1.37,12.79,637141920,979841252,2026-07-17,,,,,,,,,,,,,,,,,,,,,,,,,,
2026-07-17T06:37:36.9,ABB,7924.5,7191.0,7667.5,6.43,7326.34,6789.77,9422.95,22.77,54.57,industrials,electric equipment,2.19,0.42,0.4,0.31,0.32,14.41,14.41,10.2,3.54,13.69,754.08,271.6,3.02,3.02,2.78,582.68,162480.75,0.31,-0.92,3.08,175.44,52977094,211908375,2026-07-17,,,,,,,,,,,,,,,,,,,,,,,,,,
2026-07-17T06:37:36.9,MRPL,178.4,160.62,173.33,10.07,162.4,149.11,221.78,8.02,9.67,energy,refineries,6.48,0.1,0.05,0.03,-0.04,14.25,14.25,11.07,4.96,11.0,18.76,8.6,4.0,4.0,2.18,1680.01,30377.79,0.76,-3.76,2.45,147.73,200091162,1752598777,2026-07-17,,,,,,,,,,,,,,,,,,,,,,,,,,
2026-07-17T06:37:36.9,NAZARA,315.0,307.1,308.05,-0.66,293.61,302.0,320.15,60.64,36.46,i.t,telecommunications - service provider,0.66,0.07,0.12,0.08,0.13,3.96,3.96,2.57,3.05,1.75,18.72,9.41,3.02,3.02,1.99,48.61,11412.18,1.86,1.66,2.12,10.1,239108224,370465024,2026-07-17,,,,,,,,,,,,,,,,,,,,,,,,,,
2026-07-17T06:37:36.9,CHENNPETRO,1279.7,1168.1,1240.8,7.22,1158.86,1098.54,1525.33,3.25,5.96,energy,refineries,0.9,0.39,0.48,0.31,0.38,16.44,16.44,9.55,5.24,12.9,132.16,65.07,4.39,4.39,2.03,639.97,18476.93,2.3,1.42,2.27,111.73,48713300,148911400,2026-07-17,,,,,,,,,,,,,,,,,,,,,,,,,,
2026-07-17T06:37:36.9,ZENTEC,1841.3,1791.3,1809.6,-0.74,1700.11,1770.87,1887.06,128.89,84.09,aerospace & defence,miscellaneous,1.48,0.35,0.28,0.32,0.3,2.79,2.79,2.79,3.64,1.21,71.8,65.92,4.11,4.11,1.09,27.32,16338.94,2.38,2.12,1.13,27.76,46486527,90290356,2026-07-17,,,,,,,,,,,,,,,,,,,,,,,,,,
2026-07-17T06:37:36.9,OBEROIRLTY,1896.0,1855.7,1861.2,-1.4,1779.26,1916.75,1750.1,24.06,26.8,realty,construction,-0.7,0.04,0.05,0.04,0.07,2.17,2.17,2.17,3.1,0.3,141.15,57.74,3.01,3.01,2.44,74.95,67673.65,2.79,1.55,2.65,9.53,117427291,363602237,2026-07-17,,,,,,,,,,,,,,,,,,,,,,,,,,
2026-07-17T06:37:36.9,ITDC,783.9,745.3,755.25,-4.87,695.14,677.54,910.66,57.22,78.59,services,hotels,5.87,0.23,0.16,0.29,0.22,14.41,14.41,5.18,6.84,11.04,151.45,51.69,5.69,5.69,2.93,128.53,6477.73,3.49,0.92,3.66,19.25,11127719,85769400,2026-07-17,,,,,,,,,,,,,,,,,,,,,,,,,,
2026-07-17T06:37:36.9,IIFL,571.0,542.15,567.1,4.32,537.5,526.8,647.71,10.27,14.52,financials,finance & investments,3.35,-0.18,0.05,-0.23,0.01,6.21,6.21,5.32,3.46,5.49,66.27,19.59,3.7,3.7,3.38,149.52,24118.17,4.51,2.35,3.83,127.34,319614908,425289575,2026-07-17,,,,,,,,,,,,,,,,,,,,,,,,,,
2026-07-17T06:37:36.9,GLAND,2564.8,2482.6,2529.4,2.61,2404.7,2488.57,2611.06,28.41,40.56,healthcare,pharmaceuticals - indian - formulations,-0.69,0.36,0.28,0.32,0.25,4.62,4.62,3.31,3.25,3.17,271.11,82.21,3.32,3.32,3.3,101.39,41673.49,7.19,6.05,3.69,56.93,79362489,164756423,2026-07-17,,,,,,,,,,,,,,,,,,,,,,,,,,
2026-07-17T06:37:36.9,SPARC,253.5,247.42,250.45,-0.24,230.79,256.28,238.79,1.15,5.23,healthcare,miscellaneous,-2.85,0.7,0.76,0.7,0.76,2.46,2.46,2.46,5.17,1.4,32.91,12.94,5.35,5.35,2.54,10.78,8127.64,7.71,6.92,2.93,23.42,111406493,324521588,2026-07-17,,,,,,,,,,,,,,,,,,,,,,,,,,
2026-07-17T06:37:36.9,RAIN,215.71,206.8,213.64,2.36,199.45,196.2,248.52,14.79,23.84,miscellaneous,miscellaneous,7.94,0.4,0.51,0.36,0.48,4.64,4.64,4.31,4.37,4.64,30.25,9.33,4.71,4.71,3.24,58.77,7185.69,9.64,7.44,3.78,73.29,197273326,336345679,2026-07-17,,,,,,,,,,,,,,,,,,,,,,,,,,
2026-07-16T23:38:18.457,TECHM,1538.3,1504.2,1510.3,0.77,1440.47,1416.67,1697.55,24.73,27.61,i.t,computers - software - large,4.24,-0.14,0.01,-0.14,0.0,5.87,5.87,2.27,3.16,3.94,62.65,47.71,3.07,3.07,1.31,115.26,146848.81,-0.11,-1.53,1.37,12.79,637141920,979841252,2026-07-16,,,,,,,,,,,,,,,,,,,,,,,,,,
2026-07-16T23:38:18.457,ABB,7924.5,7191.0,7667.5,6.43,7326.34,6789.77,9422.95,22.77,51.27,industrials,electric equipment,2.19,0.42,0.4,0.31,0.32,14.41,14.41,10.2,3.54,13.69,754.08,271.6,3.02,3.02,2.78,582.68,152669.39,0.31,-0.92,3.08,175.44,52977094,211908375,2026-07-16,,,,,,,,,,,,,,,,,,,,,,,,,,
2026-07-16T23:38:18.457,MRPL,178.4,160.62,173.33,10.07,162.4,149.11,221.78,64.68,14.33,energy,refineries,6.48,0.1,0.05,0.03,-0.04,14.25,14.25,11.07,4.96,11.0,18.76,8.6,4.0,4.0,2.18,1680.01,27598.17,0.76,-3.76,2.45,147.73,200091162,1752598777,2026-07-16,,,,,,,,,,,,,,,,,,,,,,,,,,
2026-07-16T23:38:18.457,NAZARA,315.0,307.1,308.05,-0.66,293.61,302.0,320.15,60.64,36.7,i.t,telecommunications - service provider,0.66,0.07,0.12,0.08,0.13,3.96,3.96,2.57,3.05,1.75,18.72,9.41,3.02,3.02,1.99,48.61,11488.12,1.86,1.66,2.12,10.1,239108224,370465024,2026-07-16,,,,,,,,,,,,,,,,,,,,,,,,,,
2026-07-16T23:38:18.457,CHENNPETRO,1279.7,1168.1,1240.8,7.22,1158.86,1098.54,1525.33,3.25,5.55,energy,refineries,0.9,0.39,0.48,0.31,0.38,16.44,16.44,9.55,5.24,12.9,132.16,65.07,4.39,4.39,2.03,639.97,17232.03,2.3,1.42,2.27,111.73,48713300,148911400,2026-07-16,,,,,,,,,,,,,,,,,,,,,,,,,,
2026-07-16T23:38:18.457,ZENTEC,1841.3,1791.3,1809.6,-0.74,1700.11,1770.87,1887.06,128.89,84.72,aerospace & defence,miscellaneous,1.48,0.35,0.28,0.32,0.3,2.79,2.79,2.79,3.64,1.21,71.8,65.92,4.11,4.11,1.09,27.32,16460.83,2.38,2.12,1.13,27.76,46486527,90290356,2026-07-16,,,,,,,,,,,,,,,,,,,,,,,,,,
2026-07-16T23:38:18.457,OBEROIRLTY,1896.0,1855.7,1861.2,-1.4,1779.26,1916.75,1750.1,24.06,27.18,realty,construction,-0.7,0.04,0.05,0.04,0.07,2.17,2.17,2.17,3.1,0.3,141.15,57.74,3.01,3.01,2.44,74.95,68637.19,2.79,1.55,2.65,9.53,117427291,363602237,2026-07-16,,,,,,,,,,,,,,,,,,,,,,,,,,
2026-07-16T23:38:18.457,ITDC,783.9,745.3,755.25,-4.87,695.14,677.54,910.66,57.22,82.61,services,hotels,5.87,0.23,0.16,0.29,0.22,14.41,14.41,5.18,6.84,11.04,151.45,51.69,5.69,5.69,2.93,128.53,6809.23,3.49,0.92,3.66,19.25,11127719,85769400,2026-07-16,,,,,,,,,,,,,,,,,,,,,,,,,,
2026-07-16T23:38:18.457,IIFL,571.0,542.15,567.1,4.32,537.5,526.8,647.71,10.27,13.91,financials,finance & investments,3.35,-0.18,0.05,-0.23,0.01,6.21,6.21,5.32,3.46,5.49,66.27,19.59,3.7,3.7,3.38,149.52,23118.74,4.51,2.35,3.83,127.34,319614908,425289575,2026-07-16,,,,,,,,,,,,,,,,,,,,,,,,,,
2026-07-16T23:38:18.457,GLAND,2564.8,2482.6,2529.4,2.61,2404.7,2488.57,2611.06,28.41,39.53,healthcare,pharmaceuticals - indian - formulations,-0.69,0.36,0.28,0.32,0.25,4.62,4.62,3.31,3.25,3.17,271.11,82.21,3.32,3.32,3.3,101.39,40614.11,7.19,6.05,3.69,56.93,79362489,164756423,2026-07-16,,,,,,,,,,,,,,,,,,,,,,,,,,
2026-07-16T23:38:18.457,SPARC,253.5,247.42,250.45,-0.24,230.79,256.28,238.79,1.15,5.25,healthcare,miscellaneous,-2.85,0.7,0.76,0.7,0.76,2.46,2.46,2.46,5.17,1.4,32.91,12.94,5.35,5.35,2.54,10.78,8146.79,7.71,6.92,2.93,23.42,111406493,324521588,2026-07-16,,,,,,,,,,,,,,,,,,,,,,,,,,
2026-07-16T23:38:18.457,RAIN,215.71,206.8,213.64,2.36,199.45,196.2,248.52,14.79,23.29,miscellaneous,miscellaneous,7.94,0.4,0.51,0.36,0.48,4.64,4.64,4.31,4.37,4.64,30.25,9.33,4.71,4.71,3.24,58.77,7019.87,9.64,7.44,3.78,73.29,197273326,336345679,2026-07-16,,,,,,,,,,,,,,,,,,,,,,,,,,
2026-07-15T13:25:53.67,MRPL,162.3,157.74,158.85,1.2,149.23,147.81,180.93,59.27,14.28,energy,refineries,7.27,0.04,0.0,0.03,-0.01,3.85,3.85,2.89,4.15,1.64,4.6,6.6,3.67,3.67,0.7,51.77,27508.79,-1.29,-4.04,0.72,16.82,200091162,1752598777,2026-07-15,,,,,,,,,,,,,,,,,,,,,,,,,,
2026-07-15T13:25:53.67,M&MFIN,332.6,322.6,324.7,-0.12,307.79,332.38,309.35,12.03,15.63,financials,finance & investments,-2.37,-0.15,0.05,-0.15,0.05,3.53,3.53,3.1,3.48,1.07,14.17,11.31,3.51,3.51,1.25,20.67,45187.96,-0.04,-0.61,1.31,18.57,660388561,1389971160,2026-07-15,,,,,,,,,,,,,,,,,,,,,,,,,,
2026-07-15T13:25:53.67,LTF,320.7,311.05,313.3,-0.63,297.22,324.38,291.15,21.76,24.81,financials,finance & investments,-4.13,-0.03,0.13,-0.04,0.14,3.65,3.65,3.1,3.81,1.26,22.18,11.94,3.29,3.29,1.86,32.94,78998.61,1.51,1.2,2.0,18.85,852976074,2505506199,2026-07-15,,,,,,,,,,,,,,,,,,,,,,,,,,
2026-07-15T13:25:53.67,NAZARA,315.0,303.0,310.8,2.25,296.21,301.49,329.42,61.18,35.97,i.t,telecommunications - service provider,0.58,0.09,0.13,0.02,0.1,4.05,4.05,3.96,3.1,2.66,22.3,9.64,3.06,3.06,2.31,112.32,11260.28,1.99,1.66,2.49,80.91,239108224,370465024,2026-07-15,,,,,,,,,,,,,,,,,,,,,,,,,,
2026-07-15T13:25:53.67,IIFL,546.95,537.6,542.7,0.22,513.94,523.13,581.84,9.83,13.86,financials,finance & investments,4.33,-0.22,0.02,-0.24,0.02,1.74,1.74,1.74,3.35,0.95,44.4,18.17,3.54,3.54,2.44,32.37,23029.43,2.49,2.19,2.66,28.06,319614908,425289575,2026-07-15,,,,,,,,,,,,,,,,,,,,,,,,,,
2026-07-15T13:25:53.67,ZENTEC,1843.0,1806.0,1821.5,1.04,1709.91,1774.49,1915.52,129.74,83.77,aerospace & defence,miscellaneous,0.21,0.33,0.31,0.28,0.3,3.08,3.08,2.05,3.75,1.87,89.45,68.36,4.14,4.14,1.31,19.32,16276.64,2.53,2.2,1.38,22.68,46486527,90290356,2026-07-15,,,,,,,,,,,,,,,,,,,,,,,,,,
2026-07-15T13:25:53.67,OBEROIRLTY,1937.2,1892.6,1895.5,-1.1,1812.91,1910.41,1865.67,24.5,27.6,realty,construction,0.98,0.05,0.07,0.04,0.09,2.36,2.36,2.36,3.13,0.73,179.2,59.41,3.02,3.02,3.02,33.92,69684.37,2.77,1.4,3.33,4.88,117427291,363602237,2026-07-15,,,,,,,,,,,,,,,,,,,,,,,,,,
2026-07-15T13:25:53.67,ANANDRATHI,2109.0,2071.0,2081.2,0.02,1991.48,2102.43,2038.74,52.98,44.86,financials,finance & investments,-0.04,0.22,0.26,0.21,0.27,1.83,1.83,1.83,3.06,0.49,219.05,63.67,3.48,3.48,3.44,22.46,34549.87,3.48,2.47,3.84,16.02,97346110,166041268,2026-07-15,,,,,,,,,,,,,,,,,,,,,,,,,,
2026-07-15T13:25:53.67,SANSERA,3331.0,3228.9,3240.0,0.04,3065.47,3208.9,3302.2,41.52,62.08,auto,auto ancillaries,0.42,0.63,1.13,0.63,1.13,4.32,4.32,3.16,3.67,1.47,354.15,118.95,3.68,3.68,2.98,27.77,20210.02,4.47,4.32,3.34,9.33,44176328,62403568,2026-07-15,,,,,,,,,,,,,,,,,,,,,,,,,,
2026-07-15T13:25:53.67,RAYMONDREL,732.0,707.8,715.05,1.56,662.62,680.4,784.34,7.46,15.47,realty,construction,5.1,0.38,0.06,0.33,0.04,4.57,4.57,3.42,4.96,4.35,102.85,35.5,5.22,5.22,2.9,34.73,4687.12,5.99,5.49,3.38,20.42,32814131,66573731,2026-07-15,,,,,,,,,,,,,,,,,,,,,,,,,,
2026-07-15T13:25:53.67,SPARC,256.9,247.82,250.75,1.18,230.45,255.88,240.48,1.16,5.18,healthcare,miscellaneous,-2.46,0.71,0.7,0.71,0.69,4.01,4.01,3.66,5.58,1.52,35.42,13.99,5.39,5.39,2.53,15.97,8042.62,7.79,6.86,2.95,20.94,111406493,324521588,2026-07-15,,,,,,,,,,,,,,,,,,,,,,,,,,
2026-07-15T13:25:53.67,RAIN,212.9,206.15,207.79,1.13,193.56,193.43,236.5,14.39,22.93,miscellaneous,miscellaneous,8.32,0.36,0.51,0.33,0.49,4.28,4.28,3.27,4.52,1.78,26.17,9.4,4.68,4.68,2.79,32.06,6910.56,8.71,7.33,3.19,17.45,197273326,336345679,2026-07-15,,,,,,,,,,,,,,,,,,,,,,,,,,
2026-07-14T09:24:48.294,MRPL,164.79,161.2,161.98,-1.68,152.68,147.08,191.78,60.44,14.99,energy,refineries,12.02,0.07,0.05,0.06,0.07,2.23,2.23,2.23,3.79,7.81,7.62,6.13,3.57,3.57,1.24,7.99,28872.31,-2.06,-4.16,1.3,12.71,200091162,1752598777,2026-07-14,,,,,,,,,,,,,,,,,,,,,,,,,,
2026-07-14T09:24:48.294,M&MFIN,330.85,328.45,328.7,-1.2,312.3,331.59,322.92,12.17,16.0,financials,finance & investments,1.12,-0.13,0.06,-0.14,0.08,0.73,0.73,0.73,3.21,0.08,18.51,10.55,3.37,3.37,1.76,1.65,46244.34,-0.51,-0.76,1.86,2.37,660388561,1389971160,2026-07-14,,,,,,,,,,,,,,,,,,,,,,,,,,
2026-07-14T09:24:48.294,JINDRILL,643.5,625.05,627.15,0.26,589.09,553.24,774.98,10.01,8.61,energy,oil drilling / allied services,14.27,0.06,0.06,0.04,0.06,5.18,5.18,2.95,4.26,4.86,35.25,26.73,3.41,3.41,1.32,4.13,1812.91,0.43,-1.1,1.4,7.86,9628143,28981104,2026-07-14,,,,,,,,,,,,,,,,,,,,,,,,,,
2026-07-14T09:24:48.294,DELHIVERY,510.9,505.05,508.45,-0.75,486.81,512.61,500.14,131.04,251.13,transportation,miscellaneous,0.71,0.15,0.04,0.12,0.05,1.16,1.16,1.16,2.8,0.67,39.74,14.23,3.08,3.08,2.79,1.58,38351.19,1.23,0.93,3.03,23.89,748608108,748608108,2026-07-14,,,,,,,,,,,,,,,,,,,,,,,,,,
2026-07-14T09:24:48.294,NAZARA,309.15,306.0,306.9,-0.13,292.79,301.37,317.96,60.41,36.37,i.t,telecommunications - service provider,0.79,0.04,0.12,0.02,0.13,1.98,1.98,1.03,2.88,1.42,19.21,8.84,3.09,3.09,2.17,2.28,11384.39,1.75,1.69,2.32,10.18,239108224,370465024,2026-07-14,,,,,,,,,,,,,,,,,,,,,,,,,,
2026-07-14T09:24:48.294,LTF,322.95,314.75,316.85,-2.42,301.13,324.13,302.29,22.0,25.55,financials,finance & investments,-0.94,-0.03,0.15,-0.03,0.18,2.61,2.61,2.61,3.65,0.67,26.26,11.58,3.12,3.12,2.27,10.34,81353.79,2.16,1.18,2.47,18.14,852976074,2505506199,2026-07-14,,,,,,,,,,,,,,,,,,,,,,,,,,
2026-07-14T09:24:48.294,IIFL,554.9,549.0,550.05,-1.23,521.25,520.63,608.88,9.96,14.25,financials,finance & investments,6.31,-0.22,0.05,-0.21,0.07,1.63,1.63,1.07,3.31,1.83,53.26,18.21,3.55,3.55,2.92,1.1,23684.38,2.54,2.17,3.24,5.77,319614908,425289575,2026-07-14,,,,,,,,,,,,,,,,,,,,,,,,,,
2026-07-14T09:24:48.294,ATHERENERG,1194.1,1171.0,1176.5,-0.68,1103.48,1160.18,1209.15,-112.26,-84.92,auto,automobiles - scooters and 3 - wheelers,3.39,0.71,0.55,0.61,0.56,2.82,2.82,1.97,4.26,1.31,166.58,50.13,4.56,4.56,3.32,5.1,45384.51,3.35,3.14,3.87,10.97,227112254,383120970,2026-07-14,,,,,,,,,,,,,,,,,,,,,,,,,,
2026-07-14T09:24:48.294,LALPATHLAB,1743.1,1719.1,1736.4,0.66,1656.38,1661.37,1886.45,55.23,36.54,healthcare,healthcare,1.41,0.13,0.07,0.09,0.06,4.22,4.22,1.4,2.87,3.82,109.11,49.84,3.37,3.37,2.19,1.68,28904.92,3.96,1.86,2.34,34.71,78392750,167555020,2026-07-14,,,,,,,,,,,,,,,,,,,,,,,,,,
2026-07-14T09:24:48.294,SAREGAMA,499.7,492.05,494.35,-0.83,464.65,475.24,532.56,32.02,46.55,media,entertainment / electronic media software,-0.9,0.24,0.05,0.24,0.06,6.29,6.29,1.55,4.03,5.32,58.78,19.91,3.91,3.91,2.95,0.37,9611.55,4.92,4.79,3.35,11.55,75507447,192809490,2026-07-14,,,,,,,,,,,,,,,,,,,,,,,,,,
2026-07-14T09:24:48.294,RAYMONDREL,722.35,716.0,717.5,-0.73,666.09,674.56,803.39,7.48,15.88,realty,construction,4.12,0.36,0.01,0.32,0.02,5.41,5.41,0.89,4.75,4.71,109.97,34.09,5.18,5.18,3.23,2.51,4811.62,6.8,5.41,3.81,4.4,32814131,66573731,2026-07-14,,,,,,,,,,,,,,,,,,,,,,,,,,
2026-07-14T09:24:48.294,RAIN,212.5,209.17,210.67,-1.28,196.67,191.37,249.28,14.59,23.82,miscellaneous,miscellaneous,10.48,0.37,0.56,0.36,0.58,3.38,3.38,1.59,4.29,3.98,30.55,9.03,4.93,4.93,3.38,2.74,7177.95,8.98,7.29,3.96,16.61,197273326,336345679,2026-07-14,,,,,,,,,,,,,,,,,,,,,,,,,,
2026-07-03T06:50:51.07,FORCEMOT,19530.0,18400.0,19367.0,5.7,18205.85,17697.1,22706.8,22.91,21.06,auto,automobiles - lcvs / hcvs,4.05,-0.1,0.13,-0.12,0.07,7.2,7.2,6.14,3.9,9.23,125.04,754.92,3.84,3.84,0.17,295.3,25518.47,-4.01,-5.87,0.17,128.09,5055915,13176262,2026-07-03,,,,,,,,,,,,,,,,,,,,,,,,,,
2026-07-03T06:50:51.07,PGEL,565.95,554.05,561.1,1.87,532.9,551.65,580.01,61.8,81.2,consumer discretionary,electronics - components,-1.97,-0.08,-0.05,-0.12,-0.06,6.06,6.06,2.15,3.04,5.75,47.66,17.04,3.48,3.48,2.8,57.75,16009.23,-1.1,-1.84,3.06,41.37,161449118,285318658,2026-07-03,,,,,,,,,,,,,,,,,,,,,,,,,,
2026-07-03T06:50:51.07,M&MFIN,320.3,314.15,318.0,0.9,301.41,301.1,351.81,11.78,15.29,financials,finance & investments,6.55,-0.28,0.07,-0.25,0.06,2.66,2.66,1.96,3.57,2.25,12.0,11.36,3.41,3.41,1.06,86.08,44201.08,-0.38,-2.63,1.1,33.89,660388561,1389971160,2026-07-03,,,,,,,,,,,,,,,,,,,,,,,,,,
2026-07-03T06:50:51.07,DELHIVERY,513.4,500.2,509.3,0.32,486.52,467.6,592.69,131.26,249.66,transportation,miscellaneous,3.04,0.17,0.05,0.15,0.05,9.12,9.12,2.64,3.41,9.87,48.76,17.35,3.05,3.05,2.81,336.04,38126.61,2.28,-0.16,3.11,52.46,748608108,748608108,2026-07-03,,,,,,,,,,,,,,,,,,,,,,,,,,
2026-07-03T06:50:51.07,JBMA,716.0,702.5,712.3,1.37,674.52,699.76,737.38,56.71,76.92,auto,auto ancillaries,0.2,0.04,0.08,0.06,0.07,2.3,2.3,1.92,3.2,4.6,53.06,22.79,3.48,3.48,2.33,34.17,16845.49,2.64,2.07,2.51,42.99,76785978,236494264,2026-07-03,,,,,,,,,,,,,,,,,,,,,,,,,,
2026-07-03T06:50:51.07,BHARATFORG,2153.7,2098.2,2148.9,1.9,2052.3,2108.64,2229.42,110.54,95.17,industrials,castings & forgings,0.62,0.36,0.7,0.33,0.67,3.13,3.13,2.65,3.31,4.51,187.32,71.23,3.14,3.14,2.63,54.12,102736.47,3.69,2.76,2.88,71.18,267385008,478088632,2026-07-03,,,,,,,,,,,,,,,,,,,,,,,,,,
2026-07-03T06:50:51.07,NAM-INDIA,1233.5,1191.5,1213.2,1.4,1156.9,1158.27,1323.06,50.22,50.47,financials,finance & investments,1.09,0.3,0.33,0.26,0.32,6.67,6.67,3.52,2.97,5.0,118.36,36.08,3.41,3.41,3.28,66.94,77416.23,3.82,3.8,3.64,60.14,179087901,638115996,2026-07-03,,,,,,,,,,,,,,,,,,,,,,,,,,
2026-07-03T06:50:51.07,MANAPPURAM,326.0,316.7,323.1,2.04,307.86,312.93,343.44,16.93,27.54,financials,finance & investments,1.51,-0.04,0.1,-0.07,0.08,3.49,3.49,2.94,3.14,3.23,12.75,10.14,3.07,3.07,1.26,55.52,30349.95,3.82,3.05,1.31,63.11,640935088,939336102,2026-07-03,,,,,,,,,,,,,,,,,,,,,,,,,,
2026-07-03T06:50:51.07,DATAPATTNS,4712.4,4510.1,4656.7,2.72,4339.14,4654.48,4661.14,47.11,96.07,aerospace & defence,electronics - components,-3.9,0.66,0.63,0.56,0.59,4.84,4.84,4.49,4.2,5.07,441.35,195.79,5.26,5.26,2.25,60.14,26070.05,4.36,4.35,2.49,74.88,32241586,55983969,2026-07-03,,,,,,,,,,,,,,,,,,,,,,,,,,
2026-07-03T06:50:51.07,GRANULES,829.0,804.5,825.7,1.76,787.95,769.8,937.51,25.08,33.78,healthcare,pharmaceuticals - indian - bulk drugs & formln,6.19,0.27,0.4,0.23,0.38,3.05,3.05,3.05,3.17,4.16,73.61,26.21,3.29,3.29,2.81,91.67,20460.59,5.38,4.65,3.08,80.87,153593396,247796921,2026-07-03,,,,,,,,,,,,,,,,,,,,,,,,,,
2026-07-03T06:50:51.07,TEJASNET,613.75,597.5,602.4,-0.77,558.94,618.03,571.15,-12.66,-11.73,telecom,telecommunications - equipment,-2.08,0.23,-0.01,0.22,0.0,2.72,2.72,2.72,4.42,0.82,86.97,26.65,5.42,5.42,3.26,22.88,10707.17,5.94,4.63,3.81,18.39,82836176,177741862,2026-07-03,,,,,,,,,,,,,,,,,,,,,,,,,,
2026-07-03T06:50:51.07,SHAILY,2952.0,2863.6,2940.4,2.48,2739.52,2755.9,3309.41,84.11,79.53,plastic products,plastics products,2.27,0.2,0.22,0.17,0.19,4.13,4.13,3.09,3.88,3.72,189.36,114.23,4.43,4.43,1.66,44.96,13512.64,6.39,3.53,1.77,67.23,26012493,45955093,2026-07-03,,,,,,,,,,,,,,,,,,,,,,,,,,
2026-07-02T22:45:06.043,FORCEMOT,19530.0,18400.0,19367.0,5.7,18205.85,17697.1,22706.8,22.91,19.93,auto,automobiles - lcvs / hcvs,4.05,-0.1,0.13,-0.12,0.07,7.2,7.2,6.14,3.9,9.23,125.04,754.92,3.84,3.84,0.17,295.3,24142.86,-4.01,-5.87,0.17,128.09,5055915,13176262,2026-07-02,,,,,,,,,,,,,,,,,,,,,,,,,,
2026-07-02T22:45:06.043,PGEL,565.95,554.05,561.1,1.87,532.9,551.65,580.01,61.8,79.71,consumer discretionary,electronics - components,-1.97,-0.08,-0.05,-0.12,-0.06,6.06,6.06,2.15,3.04,5.75,47.66,17.04,3.48,3.48,2.8,57.75,15715.35,-1.1,-1.84,3.06,41.37,161449118,285318658,2026-07-02,,,,,,,,,,,,,,,,,,,,,,,,,,
2026-07-02T22:45:06.043,M&MFIN,320.3,314.15,318.0,0.9,301.41,301.1,351.81,11.78,15.15,financials,finance & investments,6.55,-0.28,0.07,-0.25,0.06,2.66,2.66,1.96,3.57,2.25,12.0,11.36,3.41,3.41,1.06,86.08,43804.94,-0.38,-2.63,1.1,33.89,660388561,1389971160,2026-07-02,,,,,,,,,,,,,,,,,,,,,,,,,,
2026-07-02T22:45:06.043,DELHIVERY,513.4,500.2,509.3,0.32,486.52,467.6,592.69,131.26,248.87,transportation,miscellaneous,3.04,0.17,0.05,0.15,0.05,9.12,9.12,2.64,3.41,9.87,48.76,17.35,3.05,3.05,2.81,336.04,38006.83,2.28,-0.16,3.11,52.46,748608108,748608108,2026-07-02,,,,,,,,,,,,,,,,,,,,,,,,,,
2026-07-02T22:45:06.043,JBMA,716.0,702.5,712.3,1.37,674.52,699.76,737.38,56.71,75.89,auto,auto ancillaries,0.2,0.04,0.08,0.06,0.07,2.3,2.3,1.92,3.2,4.6,53.06,22.79,3.48,3.48,2.33,34.17,16618.45,2.64,2.07,2.51,42.99,76785978,236494264,2026-07-02,,,,,,,,,,,,,,,,,,,,,,,,,,
2026-07-02T22:45:06.043,BHARATFORG,2153.7,2098.2,2148.9,1.9,2052.3,2108.64,2229.42,110.54,93.39,industrials,castings & forgings,0.62,0.36,0.7,0.33,0.67,3.13,3.13,2.65,3.31,4.51,187.32,71.23,3.14,3.14,2.63,54.12,100819.33,3.69,2.76,2.88,71.18,267385008,478088632,2026-07-02,,,,,,,,,,,,,,,,,,,,,,,,,,
2026-07-02T22:45:06.043,NAM-INDIA,1233.5,1191.5,1213.2,1.4,1156.9,1158.27,1323.06,50.22,49.77,financials,finance & investments,1.09,0.3,0.33,0.26,0.32,6.67,6.67,3.52,2.97,5.0,118.36,36.08,3.41,3.41,3.28,66.94,76344.2,3.82,3.8,3.64,60.14,179087901,638115996,2026-07-02,,,,,,,,,,,,,,,,,,,,,,,,,,
2026-07-02T22:45:06.043,MANAPPURAM,326.0,316.7,323.1,2.04,307.86,312.93,343.44,16.93,26.99,financials,finance & investments,1.51,-0.04,0.1,-0.07,0.08,3.49,3.49,2.94,3.14,3.23,12.75,10.14,3.07,3.07,1.26,55.52,29744.08,3.82,3.05,1.31,63.11,640935088,939336102,2026-07-02,,,,,,,,,,,,,,,,,,,,,,,,,,
2026-07-02T22:45:06.043,DATAPATTNS,4712.4,4510.1,4656.7,2.72,4339.14,4654.48,4661.14,47.11,93.53,aerospace & defence,electronics - components,-3.9,0.66,0.63,0.56,0.59,4.84,4.84,4.49,4.2,5.07,441.35,195.79,5.26,5.26,2.25,60.14,25380.33,4.36,4.35,2.49,74.88,32241586,55983969,2026-07-02,,,,,,,,,,,,,,,,,,,,,,,,,,
2026-07-02T22:45:06.043,GRANULES,829.0,804.5,825.7,1.76,787.95,769.8,937.51,25.08,33.2,healthcare,pharmaceuticals - indian - bulk drugs & formln,6.19,0.27,0.4,0.23,0.38,3.05,3.05,3.05,3.17,4.16,73.61,26.21,3.29,3.29,2.81,91.67,20106.24,5.38,4.65,3.08,80.87,153593396,247796921,2026-07-02,,,,,,,,,,,,,,,,,,,,,,,,,,
2026-07-02T22:45:06.043,TEJASNET,613.75,597.5,602.4,-0.77,558.94,618.03,571.15,-12.66,-11.82,telecom,telecommunications - equipment,-2.08,0.23,-0.01,0.22,0.0,2.72,2.72,2.72,4.42,0.82,86.97,26.65,5.42,5.42,3.26,22.88,10790.71,5.94,4.63,3.81,18.39,82836176,177741862,2026-07-02,,,,,,,,,,,,,,,,,,,,,,,,,,
2026-07-02T22:45:06.043,SHAILY,2952.0,2863.6,2940.4,2.48,2739.52,2755.9,3309.41,84.11,77.61,plastic products,plastics products,2.27,0.2,0.22,0.17,0.19,4.13,4.13,3.09,3.88,3.72,189.36,114.23,4.43,4.43,1.66,44.96,13185.44,6.39,3.53,1.77,67.23,26012493,45955093,2026-07-02,,,,,,,,,,,,,,,,,,,,,,,,,,
2026-07-01T23:02:11.515,MUNJALAU,,,102.09,10.08,95.13,95.04,116.2,-850.75,23.07,auto,auto ancillaries,-3.93,0.2,0.03,0.06,-0.06,,,7.42,5.09,12.53,,,,,,,,,,,,,,2026-07-01,90.72,109.0,12.75,63.37,67.51,33.45,10.68,5.22,,,,,,,,,,,,,,,,,,
2026-07-01T23:02:11.515,PARACABLES,,,74.13,7.4,67.53,67.67,87.04,27.66,35.21,industrials,cables - power,0.98,0.7,0.64,0.62,0.52,,,9.54,5.86,10.46,,,,,,,,,,,,,,2026-07-01,67.11,74.74,1.39,63.46,73.3,25.95,9.3,6.49,,,,,,,,,,,,,,,,,,
2026-07-01T23:02:11.515,V2RETAIL,,,238.44,5.14,221.94,220.94,273.44,119.22,5.43,consumer discretionary,textiles - products,0.28,-0.08,-0.02,-0.13,-0.07,,,7.92,4.5,8.81,,,,,,,,,,,,,,2026-07-01,219.13,240.0,1.35,55.75,57.91,13.88,6.77,4.89,,,,,,,,,,,,,,,,,,
2026-07-01T23:02:11.515,TIPSMUSIC,,,657.95,4.97,622.87,620.9,732.05,35.6,36.96,media,entertainment / electronic media software,-0.69,0.14,0.18,0.09,0.12,,,5.97,3.33,6.04,,,,,,,,,,,,,,2026-07-01,620.5,662.8,0.76,54.97,58.69,21.24,5.83,3.41,,,,,,,,,,,,,,,,,,
2026-07-01T23:02:11.515,MSPL,,,42.61,4.8,39.91,41.39,45.05,7.1,68.92,metals & mining,steel - medium / small,-3.1,0.09,0.13,0.05,0.08,,,2.95,4.24,5.97,,,,,,,,,,,,,,2026-07-01,40.21,42.69,0.51,55.62,62.04,19.08,5.97,4.02,,,,,,,,,,,,,,,,,,
2026-07-01T23:02:11.515,SAMMAANCAP,,,176.29,1.54,166.09,171.24,186.4,-0.45,-1.99,financials,finance - housing,-2.61,0.15,0.05,0.14,0.04,,,2.95,4.04,5.88,,,,,,,,,,,,,,2026-07-01,166.5,182.9,1.1,56.36,60.72,23.75,4.07,3.9,,,,,,,,,,,,,,,,,,
2026-07-01T23:02:11.515,IDEA,,,14.64,1.24,13.89,14.4,15.11,0.76,4.56,telecom-service,telecommunications - service provider,-1.7,0.13,0.62,0.11,0.6,,,1.64,3.34,5.86,,,,,,,,,,,,,,2026-07-01,13.83,14.85,0.59,59.07,69.05,28.95,2.45,3.77,,,,,,,,,,,,,,,,,,
2026-07-01T23:02:11.515,TENNIND,,,603.95,1.95,567.51,565.72,680.41,36.56,39.6,auto,auto ancillaries,2.78,0.11,NaN,0.05,NaN,,,6.76,4.13,5.59,,,,,,,,,,,,,,2026-07-01,572.0,622.95,1.16,56.59,59.54,14.11,4.85,3.9,,,,,,,,,,,,,,,,,,
2026-07-01T23:02:11.515,EDELWEISS,,,125.44,3.83,117.84,121.75,132.82,22.4,16.73,financials,finance & investments,-0.62,0.07,0.1,0.02,0.07,,,3.03,4.24,5.11,,,,,,,,,,,,,,2026-07-01,119.34,127.35,0.76,60.23,58.46,22.89,5.11,4.26,,,,,,,,,,,,,,,,,,
2026-07-01T23:02:11.515,EQUITASBNK,,,77.09,2.23,73.18,76.69,77.89,10.36,83.79,bank,banks - private sector,-4.06,0.16,0.34,0.11,0.31,,,0.52,3.34,4.39,,,,,,,,,,,,,,2026-07-01,73.85,77.54,0.41,59.79,63.78,25.13,4.39,3.5,,,,,,,,,,,,,,,,,,
2026-07-01T23:02:11.515,GEOJITFSL,,,78.31,0.88,74.27,77.4,80.13,31.08,26.95,financials,finance & investments,0.05,-0.03,-0.03,-0.07,-0.04,,,1.17,3.24,4.14,,,,,,,,,,,,,,2026-07-01,75.2,79.44,0.67,58.94,60.4,22.0,1.7,3.55,,,,,,,,,,,,,,,,,,
2026-07-01T23:02:11.515,REDTAPE,,,136.18,0.01,128.46,130.95,146.64,27.02,31.3,consumer discretionary,trading,2.39,0.03,-0.01,0.01,-0.01,,,3.99,3.19,1.93,,,,,,,,,,,,,,2026-07-01,133.6,139.9,0.34,54.47,56.29,33.51,1.93,3.17,,,,,,,,,,,,,,,,,,
2026-06-30T22:23:30.959,OLAELEC,,,43.76,8.37,40.12,42.76,45.75,-9.68,-9.73,auto,automobiles - motorcycles / mopeds,-9.0,0.11,-0.15,0.04,-0.21,,,2.33,5.72,9.81,,,,,,,,,,,,,,2026-06-30,39.85,44.95,3.26,56.62,58.5,25.9,9.81,6.29,,,,,,,,,,,,,,,,,,
2026-06-30T22:23:30.959,GHCLTEXTIL,,,99.63,4.97,93.11,91.72,115.45,8.62,12.9,textiles,textiles - spinning - synthetic / blended,1.33,0.28,0.25,0.19,0.19,,,8.62,4.46,8.18,,,,,,,,,,,,,,2026-06-30,92.1,101.8,2.07,60.0,62.76,21.66,7.01,4.29,,,,,,,,,,,,,,,,,,
2026-06-30T22:23:30.959,MENONBE,,,165.58,2.25,151.64,169.77,157.2,16.83,23.74,auto,auto ancillaries,-9.58,0.44,0.31,0.38,0.28,,,-2.47,6.2,7.79,,,,,,,,,,,,,,2026-06-30,153.62,170.0,0.41,56.8,65.12,48.91,7.79,6.46,,,,,,,,,,,,,,,,,,
2026-06-30T22:23:30.959,AVANTEL,,,179.12,4.29,167.42,168.63,200.1,263.41,318.07,aerospace & defence,telecommunications - equipment,0.47,0.03,-0.15,-0.03,-0.18,,,6.22,4.29,6.94,,,,,,,,,,,,,,2026-06-30,167.5,181.31,1.52,59.94,58.8,19.36,5.86,4.38,,,,,,,,,,,,,,,,,,
2026-06-30T22:23:30.959,UJJIVANSFB,,,59.05,3.76,56.21,56.12,64.92,10.18,15.94,bank,banks - private sector,0.2,0.03,0.17,-0.02,0.13,,,5.23,3.19,6.17,,,,,,,,,,,,,,2026-06-30,55.62,59.58,2.34,60.48,55.47,21.94,6.17,3.04,,,,,,,,,,,,,,,,,,
2026-06-30T22:23:30.959,MUFIN,,,133.86,5.1,127.64,126.86,147.87,53.12,81.65,financials,finance & investments,0.53,0.08,0.47,0.01,0.4,,,5.52,3.35,5.97,,,,,,,,,,,,,,2026-06-30,126.32,135.0,1.54,67.15,68.07,18.97,5.97,3.11,,,,,,,,,,,,,,,,,,
2026-06-30T22:23:30.959,EMIL,,,121.73,4.66,114.09,114.21,136.77,29.55,41.84,consumer discretionary,trading,3.54,0.09,-0.18,0.02,-0.22,,,6.58,4.21,5.11,,,,,,,,,,,,,,2026-06-30,115.81,123.0,1.56,59.64,57.14,22.28,5.11,4.26,,,,,,,,,,,,,,,,,,
2026-06-30T22:23:30.959,PNBGILTS,,,92.27,2.11,85.47,91.52,93.77,32.04,8.96,financials,finance & investments,-3.86,0.04,-0.09,0.01,-0.11,,,0.82,4.73,4.25,,,,,,,,,,,,,,2026-06-30,88.51,96.65,0.86,59.92,61.56,38.58,4.25,6.09,,,,,,,,,,,,,,,,,,
2026-06-30T22:23:30.959,ARSSBL,,,554.25,3.85,525.33,538.64,585.48,17.88,19.99,financials,finance & investments,-0.77,-0.19,0.19,-0.26,0.15,,,2.9,3.3,4.18,,,,,,,,,,,,,,2026-06-30,532.0,564.0,1.07,54.2,53.95,14.98,4.18,3.29,,,,,,,,,,,,,,,,,,
2026-06-30T22:23:30.959,TVSSCS,,,134.46,2.01,126.19,135.18,133.02,84.04,50.89,transportation,miscellaneous,-4.11,0.15,0.04,0.11,0.02,,,-0.53,3.97,4.1,,,,,,,,,,,,,,2026-06-30,129.16,135.95,0.81,58.41,58.44,27.22,4.1,4.54,,,,,,,,,,,,,,,,,,
2026-06-30T22:23:30.959,SUZLON,,,58.9,2.95,56.21,57.45,61.8,18.18,24.87,industrials,electric equipment,-0.34,0.02,0.05,-0.02,0.02,,,2.53,2.85,3.57,,,,,,,,,,,,,,2026-06-30,56.87,59.1,1.1,61.05,61.98,19.99,3.46,3.11,,,,,,,,,,,,,,,,,,
2026-06-30T22:23:30.959,GAIL,,,173.46,0.72,167.33,174.15,172.08,19.19,14.94,energy,miscellaneous,-2.2,-0.07,-0.07,-0.08,-0.07,,,-0.4,2.2,2.03,,,,,,,,,,,,,,2026-06-30,170.01,175.61,0.97,56.61,58.01,21.2,2.03,2.25,,,,,,,,,,,,,,,,,,
2026-06-29T23:54:10.547,M&MFIN,332.4,306.5,315.4,-4.0,297.86,288.23,369.75,11.68,15.8,financials,finance & investments,10.65,-0.25,0.08,-0.22,0.13,8.45,8.45,8.45,4.23,8.72,10.37,13.33,3.56,3.56,0.78,331.86,45667.5,-0.25,-3.27,0.81,66.77,660388561,1389971160,2026-06-29,,,,,,,,,,,,,,,,,,,,,,,,,,
2026-06-29T23:54:10.547,LTF,307.7,297.5,299.05,0.02,285.36,283.83,329.49,23.22,25.08,financials,finance & investments,7.23,-0.09,0.11,-0.1,0.11,3.43,3.43,3.43,3.06,4.42,15.84,9.16,3.02,3.02,1.73,485.7,74881.14,0.47,-0.51,1.83,16.92,851855891,2504386016,2026-06-29,,,,,,,,,,,,,,,,,,,,,,,,,,
2026-06-29T23:54:10.547,GESHIP,1536.0,1452.3,1523.2,1.61,1426.35,1367.26,1835.08,5.21,7.27,transportation,shipping,10.34,0.26,0.4,0.24,0.38,5.76,5.76,5.76,3.95,6.13,22.91,60.13,4.04,4.04,0.38,77.39,21400.8,1.79,-0.51,0.39,117.91,99830913,142767161,2026-06-29,,,,,,,,,,,,,,,,,,,,,,,,,,
2026-06-29T23:54:10.547,ABCAPITAL,393.05,384.05,385.3,-1.41,368.22,373.64,408.63,22.35,27.14,financials,finance & investments,6.67,0.02,0.25,0.03,0.27,2.34,2.34,2.34,2.94,0.9,28.27,11.31,3.1,3.1,2.5,253.28,106852.78,2.06,1.5,2.7,11.05,852894356,2734206300,2026-06-29,,,,,,,,,,,,,,,,,,,,,,,,,,
2026-06-29T23:54:10.547,NAZARA,307.5,301.0,303.75,1.03,288.94,291.63,327.99,59.79,35.58,i.t,telecommunications - service provider,0.62,0.17,0.1,0.14,0.09,6.29,6.29,2.16,3.12,4.99,23.51,9.47,3.27,3.27,2.48,50.77,11138.03,2.69,1.76,2.69,29.04,239108224,370465024,2026-06-29,,,,,,,,,,,,,,,,,,,,,,,,,,
2026-06-29T23:54:10.547,JSWENERGY,592.0,570.05,586.25,2.22,560.42,562.51,633.72,69.13,44.7,power & utilities,power generation and supply,1.63,0.12,0.04,0.08,0.02,3.85,3.85,3.85,2.77,3.55,25.09,16.23,3.02,3.02,1.55,127.81,105150.23,2.69,2.58,1.62,99.82,537472638,1757292260,2026-06-29,,,,,,,,,,,,,,,,,,,,,,,,,,
2026-06-29T23:54:10.547,NLCINDIA,328.9,317.45,327.75,2.39,309.07,306.81,369.62,12.34,13.83,power & utilities,power generation and supply,4.08,0.21,0.17,0.16,0.14,3.61,3.61,3.61,3.21,3.24,1.13,10.52,3.57,3.57,0.11,73.32,44386.24,2.7,2.42,0.11,97.94,385480047,1386636609,2026-06-29,,,,,,,,,,,,,,,,,,,,,,,,,,
2026-06-29T23:54:10.547,ATHERENERG,1098.0,989.9,1083.75,8.51,1013.96,987.91,1275.43,-103.41,-71.59,auto,automobiles - scooters and 3 - wheelers,-0.41,0.38,0.68,0.29,0.55,11.11,11.11,10.92,4.47,10.47,131.43,48.41,4.96,4.96,2.72,252.09,38219.48,3.36,3.29,3.09,193.87,226664448,382673164,2026-06-29,,,,,,,,,,,,,,,,,,,,,,,,,,
2026-06-29T23:54:10.547,CHENNPETRO,1161.0,1101.9,1153.8,4.68,1082.02,1134.41,1192.58,3.02,5.29,energy,refineries,-4.6,0.25,0.4,0.17,0.34,5.45,5.45,5.36,4.0,4.8,66.69,46.17,4.62,4.62,1.44,105.68,16413.01,3.41,2.27,1.53,112.41,48713300,148911400,2026-06-29,,,,,,,,,,,,,,,,,,,,,,,,,,
2026-06-29T23:54:10.547,JSWINFRA,326.9,318.1,321.1,-2.67,304.64,308.67,345.96,39.94,45.07,transportation,miscellaneous,9.66,0.02,0.01,0.05,0.04,2.77,2.77,2.77,3.91,1.45,38.55,12.55,3.6,3.6,3.07,139.14,69279.05,4.0,2.34,3.49,23.9,344081064,2100001567,2026-06-29,,,,,,,,,,,,,,,,,,,,,,,,,,
2026-06-29T23:54:10.547,SHAILY,2932.0,2822.6,2896.9,1.66,2683.1,2784.82,3121.05,82.86,77.08,plastic products,plastics products,-0.6,0.14,0.19,0.1,0.17,3.97,3.97,3.88,4.4,4.39,207.33,127.42,5.02,5.02,1.63,52.96,13095.82,5.69,3.49,1.75,58.31,26012493,45955093,2026-06-29,,,,,,,,,,,,,,,,,,,,,,,,,,
2026-06-29T23:54:10.547,TRITURBINE,696.6,660.5,687.4,2.7,636.47,663.01,736.17,53.54,60.85,industrials,electric equipment,0.27,0.16,0.26,0.14,0.23,5.47,5.47,5.47,5.27,4.07,54.68,36.21,4.97,4.97,1.51,53.3,21278.3,6.34,6.05,1.64,74.29,140388205,317894979,2026-06-29,,,,,,,,,,,,,,,,,,,,,,,,,,
2026-06-17T07:12:44.791,LTF,296.65,292.8,294.25,0.34,279.94,260.86,361.02,22.85,24.69,financials,finance & investments,9.69,-0.12,0.2,-0.11,0.2,5.06,5.06,1.31,3.41,11.9,15.15,10.04,3.01,3.01,1.51,68.73,73691.56,1.04,-0.43,1.59,14.44,851855891,2504386016,2026-06-17,,,,,,,,,,,,,,,,,,,,,,,,,,
2026-06-17T07:12:44.791,REDINGTON,247.9,242.42,243.98,0.49,230.74,235.09,261.76,12.17,12.8,services,trading,1.67,-0.2,-0.11,-0.21,-0.11,4.59,4.59,2.26,3.71,5.16,19.9,9.05,3.78,3.78,2.2,37.21,19073.73,1.38,-0.08,2.4,17.25,781774431,781774431,2026-06-17,,,,,,,,,,,,,,,,,,,,,,,,,,
2026-06-17T07:12:44.791,CHOLAFIN,1685.7,1649.8,1680.4,1.62,1597.18,1463.97,2113.26,21.73,27.13,financials,finance & investments,11.89,-0.11,0.04,-0.12,0.02,4.88,4.88,2.18,3.52,13.16,131.84,59.19,3.19,3.19,2.23,109.64,143176.33,1.58,-1.28,2.42,51.7,432397124,852037169,2026-06-17,,,,,,,,,,,,,,,,,,,,,,,,,,
2026-06-17T07:12:44.791,IIFL,544.4,524.0,528.1,1.1,497.15,501.26,581.77,9.57,13.52,financials,finance & investments,5.33,-0.16,0.22,-0.16,0.21,4.68,4.68,3.89,4.0,5.62,60.68,21.12,3.89,3.89,2.87,66.99,22459.54,1.67,0.09,3.25,19.41,319614908,425289575,2026-06-17,,,,,,,,,,,,,,,,,,,,,,,,,,
2026-06-17T07:12:44.791,AMBER,7897.0,7603.5,7810.5,2.5,7350.94,7291.94,8847.63,51.33,151.4,consumer discretionary,air-conditioners,2.32,0.09,-0.08,0.07,-0.1,6.56,6.56,3.86,3.73,9.7,130.35,290.99,3.61,3.61,0.45,113.9,27486.45,2.07,1.88,0.46,71.14,21758430,35191667,2026-06-17,,,,,,,,,,,,,,,,,,,,,,,,,,
2026-06-17T07:12:44.791,ITDC,627.4,600.0,618.4,3.4,571.52,573.74,707.73,46.85,64.35,services,hotels,4.21,0.03,0.03,-0.01,-0.01,6.83,6.83,4.57,5.74,6.98,48.49,35.48,4.8,4.8,1.37,30.29,5303.98,4.28,2.3,1.48,51.86,11127719,85769400,2026-06-17,,,,,,,,,,,,,,,,,,,,,,,,,,
2026-06-17T07:12:44.791,ZENTEC,1865.2,1780.0,1854.7,3.67,1738.01,1746.58,2070.94,132.1,86.18,aerospace & defence,miscellaneous,2.89,0.23,0.19,0.19,0.15,5.61,5.61,4.79,4.45,6.76,224.24,82.53,4.38,4.38,2.72,111.85,16746.15,4.48,3.47,3.09,90.51,46486527,90290356,2026-06-17,,,,,,,,,,,,,,,,,,,,,,,,,,
2026-06-17T07:12:44.791,NBCC,109.92,107.26,109.14,1.66,103.54,104.22,118.97,30.66,41.03,miscellaneous,miscellaneous,3.15,-0.08,0.0,-0.09,-0.01,3.7,3.7,2.48,3.61,6.62,13.34,3.94,3.73,3.73,3.39,118.74,29467.8,4.73,4.15,3.86,47.73,1032631361,2700000000,2026-06-17,,,,,,,,,,,,,,,,,,,,,,,,,,
2026-06-17T07:12:44.791,CRAFTSMAN,9490.0,9213.0,9326.0,-0.12,8828.49,8956.42,10065.16,44.97,53.07,auto,auto ancillaries,0.92,0.22,0.33,0.21,0.33,5.56,5.56,3.01,3.56,6.52,1091.16,331.63,3.59,3.59,3.29,61.86,22247.72,5.14,4.98,3.73,34.07,12237570,23855583,2026-06-17,,,,,,,,,,,,,,,,,,,,,,,,,,
2026-06-17T07:12:44.791,TITAGARH,899.8,859.35,894.45,3.97,844.87,839.7,1003.96,56.33,71.1,industrials,engineering,2.83,0.06,-0.02,0.02,-0.05,5.6,5.6,4.71,3.8,7.62,112.98,34.03,4.07,4.07,3.32,86.1,12045.9,5.22,4.03,3.8,103.14,80186907,134673768,2026-06-17,,,,,,,,,,,,,,,,,,,,,,,,,,
2026-06-17T07:12:44.791,BANDHANBNK,218.13,207.5,216.74,2.78,205.8,202.14,245.94,16.32,28.52,bank,banks - private sector,3.49,0.34,0.35,0.33,0.32,5.12,5.12,5.12,3.76,11.49,26.11,8.14,3.26,3.26,3.21,111.8,34916.21,5.41,3.28,3.64,113.46,982948469,1610972314,2026-06-17,,,,,,,,,,,,,,,,,,,,,,,,,,
2026-06-17T07:12:44.791,NETWEB,4905.0,4617.2,4884.4,5.9,4501.48,4488.47,5676.25,98.24,134.56,i.t,computers - hardware,2.95,0.41,0.28,0.34,0.21,7.8,7.8,6.23,5.79,13.2,862.03,282.73,6.11,6.11,3.05,157.62,27812.11,6.38,5.46,3.7,94.51,18799145,56940687,2026-06-17,,,,,,,,,,,,,,,,,,,,,,,,,,
2026-06-16T21:01:00.136,LTF,296.65,292.8,294.25,0.34,279.94,260.86,361.02,22.85,24.6,financials,finance & investments,9.69,-0.12,0.2,-0.11,0.2,5.06,5.06,1.31,3.41,11.9,15.15,10.04,3.01,3.01,1.51,68.73,73441.12,1.04,-0.43,1.59,14.44,851855891,2504386016,2026-06-16,,,,,,,,,,,,,,,,,,,,,,,,,,
2026-06-16T21:01:00.136,REDINGTON,247.9,242.42,243.98,0.49,230.74,235.09,261.76,12.17,12.74,services,trading,1.67,-0.2,-0.11,-0.21,-0.11,4.59,4.59,2.26,3.71,5.16,19.9,9.05,3.78,3.78,2.2,37.21,18980.7,1.38,-0.08,2.4,17.25,781774431,781774431,2026-06-16,,,,,,,,,,,,,,,,,,,,,,,,,,
2026-06-16T21:01:00.136,CHOLAFIN,1685.7,1649.8,1680.4,1.62,1597.18,1463.97,2113.26,21.73,26.7,financials,finance & investments,11.89,-0.11,0.04,-0.12,0.02,4.88,4.88,2.18,3.52,13.16,131.84,59.19,3.19,3.19,2.23,109.64,140892.87,1.58,-1.28,2.42,51.7,432397124,852037169,2026-06-16,,,,,,,,,,,,,,,,,,,,,,,,,,
2026-06-16T21:01:00.136,IIFL,544.4,524.0,528.1,1.1,497.15,501.26,581.77,9.57,13.37,financials,finance & investments,5.33,-0.16,0.22,-0.16,0.21,4.68,4.68,3.89,4.0,5.62,60.68,21.12,3.89,3.89,2.87,66.99,22215.0,1.67,0.09,3.25,19.41,319614908,425289575,2026-06-16,,,,,,,,,,,,,,,,,,,,,,,,,,
2026-06-16T21:01:00.136,AMBER,7897.0,7603.5,7810.5,2.5,7350.94,7291.94,8847.63,51.33,147.7,consumer discretionary,air-conditioners,2.32,0.09,-0.08,0.07,-0.1,6.56,6.56,3.86,3.73,9.7,130.35,290.99,3.61,3.61,0.45,113.9,26816.05,2.07,1.88,0.46,71.14,21758430,35191667,2026-06-16,,,,,,,,,,,,,,,,,,,,,,,,,,
2026-06-16T21:01:00.136,ITDC,627.4,600.0,618.4,3.4,571.52,573.74,707.73,46.85,62.23,services,hotels,4.21,0.03,0.03,-0.01,-0.01,6.83,6.83,4.57,5.74,6.98,48.49,35.48,4.8,4.8,1.37,30.29,5129.44,4.28,2.3,1.48,51.86,11127719,85769400,2026-06-16,,,,,,,,,,,,,,,,,,,,,,,,,,
2026-06-16T21:01:00.136,ZENTEC,1865.2,1780.0,1854.7,3.67,1738.01,1746.58,2070.94,132.1,83.14,aerospace & defence,miscellaneous,2.89,0.23,0.19,0.19,0.15,5.61,5.61,4.79,4.45,6.76,224.24,82.53,4.38,4.38,2.72,111.85,16153.85,4.48,3.47,3.09,90.51,46486527,90290356,2026-06-16,,,,,,,,,,,,,,,,,,,,,,,,,,
2026-06-16T21:01:00.136,NBCC,109.92,107.26,109.14,1.66,103.54,104.22,118.97,30.66,40.36,miscellaneous,miscellaneous,3.15,-0.08,0.0,-0.09,-0.01,3.7,3.7,2.48,3.61,6.62,13.34,3.94,3.73,3.73,3.39,118.74,28987.2,4.73,4.15,3.86,47.73,1032631361,2700000000,2026-06-16,,,,,,,,,,,,,,,,,,,,,,,,,,
2026-06-16T21:01:00.136,CRAFTSMAN,9490.0,9213.0,9326.0,-0.12,8828.49,8956.42,10065.16,44.97,53.13,auto,auto ancillaries,0.92,0.22,0.33,0.21,0.33,5.56,5.56,3.01,3.56,6.52,1091.16,331.63,3.59,3.59,3.29,61.86,22273.96,5.14,4.98,3.73,34.07,12237570,23855583,2026-06-16,,,,,,,,,,,,,,,,,,,,,,,,,,
2026-06-16T21:01:00.136,TITAGARH,899.8,859.35,894.45,3.97,844.87,839.7,1003.96,56.33,68.39,industrials,engineering,2.83,0.06,-0.02,0.02,-0.05,5.6,5.6,4.71,3.8,7.62,112.98,34.03,4.07,4.07,3.32,86.1,11585.98,5.22,4.03,3.8,103.14,80186907,134673768,2026-06-16,,,,,,,,,,,,,,,,,,,,,,,,,,
2026-06-16T21:01:00.136,BANDHANBNK,218.13,207.5,216.74,2.78,205.8,202.14,245.94,16.32,27.75,bank,banks - private sector,3.49,0.34,0.35,0.33,0.32,5.12,5.12,5.12,3.76,11.49,26.11,8.14,3.26,3.26,3.21,111.8,33972.18,5.41,3.28,3.64,113.46,982948469,1610972314,2026-06-16,,,,,,,,,,,,,,,,,,,,,,,,,,
2026-06-16T21:01:00.136,NETWEB,4905.0,4617.2,4884.4,5.9,4501.48,4488.47,5676.25,98.24,127.06,i.t,computers - hardware,2.95,0.41,0.28,0.34,0.21,7.8,7.8,6.23,5.79,13.2,862.03,282.73,6.11,6.11,3.05,157.62,26262.75,6.38,5.46,3.7,94.51,18799145,56940687,2026-06-16,,,,,,,,,,,,,,,,,,,,,,,,,,
2026-06-15T21:58:46.646,AZAD,,,2122.0,,,1954.49,2446.51,95.24,104.78,aerospace & defence,engineering,6.49,0.22,0.34,0.15,0.28,,,12.59,4.91,12.79,,,,,,,,,,,,,,2026-06-15,,,,61.19,,27.32,,,4.13,-5.36,2291.3,5.72,2081.4,-4.88,11.18,,,,,,,,,,,
2026-06-15T21:58:46.646,IMFA,,,1442.8,,,1397.54,1675.06,18.86,17.79,metals & mining,mining / minerals / metals,5.33,0.06,0.45,-0.01,0.42,,,9.93,5.31,9.99,,,,,,,,,,,,,,2026-06-15,,,,58.27,,10.68,,,0.83,-13.18,1552.5,4.37,1472.0,-4.55,7.62,,,,,,,,,,,
2026-06-15T21:58:46.646,DATAPATTNS,,,4425.5,,,3845.51,4539.29,44.77,93.78,aerospace & defence,electronics - components,3.37,0.33,0.47,0.25,0.4,,,9.02,4.93,9.98,,,,,,,,,,,,,,2026-06-15,,,,58.88,,18.17,,,12.63,-2.77,4722.0,5.47,3975.1,-4.81,11.06,,,,,,,,,,,
2026-06-15T21:58:46.646,AKUMS,,,619.95,,,510.72,600.28,28.03,37.37,healthcare,pharmaceuticals - indian - bulk drugs & formln,5.38,0.2,0.13,0.16,0.1,,,8.77,3.84,7.45,,,,,,,,,,,,,,2026-06-15,,,,62.68,,17.76,,,14.31,-2.28,635.0,3.21,538.2,-2.19,4.79,,,,,,,,,,,
2026-06-15T21:58:46.646,MBAPL,,,566.65,,,523.75,587.55,20.77,32.86,chemicals,fertilizers,3.42,0.25,0.26,0.22,0.22,,,6.09,3.52,6.76,,,,,,,,,,,,,,2026-06-15,,,,58.2,,11.58,,,3.92,-3.62,577.45,2.58,541.65,-3.02,6.82,,,,,,,,,,,
2026-06-15T21:58:46.646,KIRLPNU,,,1629.2,,,1590.25,1606.15,18.4,40.99,industrials,compressors / drilling equipment,-0.68,0.38,0.24,0.35,0.23,,,0.5,4.08,6.55,,,,,,,,,,,,,,2026-06-15,,,,59.82,,39.55,,,5.12,-5.8,1680.0,1.18,1579.5,-1.87,14.42,,,,,,,,,,,
2026-06-15T21:58:46.646,GANDHAR,,,158.48,,,159.21,164.49,9.52,11.53,energy,refineries,-1.19,0.16,0.05,0.11,0.02,,,1.66,5.2,6.48,,,,,,,,,,,,,,2026-06-15,,,,59.49,,27.22,,,3.74,-5.16,169.5,2.89,157.31,-1.79,12.6,,,,,,,,,,,
2026-06-15T21:58:46.646,FEDFINA,,,162.19,,,156.45,167.65,15.07,16.61,financials,finance & investments,0.23,0.01,0.05,-0.05,0.02,,,3.58,3.92,5.85,,,,,,,,,,,,,,2026-06-15,,,,60.79,,23.36,,,1.97,-10.18,165.25,3.35,156.8,-3.75,7.0,,,,,,,,,,,
2026-06-15T21:58:46.646,GRINDWELL,,,2023.1,,,1918.88,1923.92,47.18,51.23,industrials,abrasives and grinding wheels,-3.83,0.12,0.12,0.09,0.09,,,0.13,3.77,5.74,,,,,,,,,,,,,,2026-06-15,,,,67.12,,42.42,,,6.17,-1.82,2040.0,4.12,1845.4,-3.65,15.42,,,,,,,,,,,
2026-06-15T21:58:46.646,POWERINDIA,,,34695.0,,,35802.86,37247.14,116.99,154.88,industrials,electric equipment,-0.82,0.48,0.77,0.45,0.71,,,2.02,4.58,4.9,,,,,,,,,,,,,,2026-06-15,,,,61.29,,32.93,,,2.51,-9.62,37440.0,2.86,35510.0,-2.36,14.34,,,,,,,,,,,
2026-06-15T21:58:46.646,EMCURE,,,1705.6,,,1689.29,1801.11,33.21,35.6,healthcare,pharmaceuticals - indian - bulk drugs & formln,-0.19,0.16,0.24,0.08,0.21,,,3.31,3.09,4.69,,,,,,,,,,,,,,2026-06-15,,,,58.28,,25.97,,,4.17,-3.79,1818.0,3.51,1686.1,-3.72,5.57,,,,,,,,,,,
2026-06-15T21:58:46.646,METROPOLIS,,,525.9,,,531.31,556.99,53.45,18.1,healthcare,healthcare,-0.23,0.03,0.01,0.0,0.0,,,2.42,3.97,3.24,,,,,,,,,,,,,,2026-06-15,,,,59.65,,32.76,,,1.85,-5.36,554.2,2.65,530.1,-1.58,11.56,,,,,,,,,,,
2026-06-12T07:09:40.512,AZAD,,,2105.7,,,1954.49,2446.51,94.51,102.62,aerospace & defence,engineering,-0.44,0.22,0.34,0.22,0.28,,,12.59,4.91,12.79,,,,,,,,,,,,,,2026-06-12,,,1.67,53.1,,27.32,,,,,,5.72,2081.4,-9.79,,4.13,-5.36,2291.3,11.18,,,,,,,
2026-06-12T07:09:40.512,IMFA,,,1378.2,,,1397.54,1675.06,18.01,17.53,metals & mining,mining / minerals / metals,0.43,0.06,0.45,0.06,0.42,,,9.93,5.31,9.99,,,,,,,,,,,,,,2026-06-12,,,1.05,51.06,,10.68,,,,,,4.37,1472.0,-9.86,,0.83,-13.18,1552.5,7.62,,,,,,,
2026-06-12T07:09:40.512,DATAPATTNS,,,4205.0,,,3845.51,4539.29,42.54,86.75,aerospace & defence,electronics - components,-0.97,0.33,0.47,0.33,0.4,,,9.02,4.93,9.98,,,,,,,,,,,,,,2026-06-12,,,1.05,53.95,,18.17,,,,,,5.47,3975.1,-9.75,,12.63,-2.77,4722.0,11.06,,,,,,,
2026-06-12T07:09:40.512,AKUMS,,,609.1,,,510.72,600.28,27.54,36.54,healthcare,pharmaceuticals - indian - bulk drugs & formln,1.74,0.2,0.13,0.2,0.1,,,8.77,3.84,7.45,,,,,,,,,,,,,,2026-06-12,,,1.45,52.49,,17.76,,,,,,3.21,538.2,-6.03,,11.79,-2.28,621.0,4.79,,,,,,,
2026-06-12T07:09:40.512,MBAPL,,,559.5,,,523.75,587.55,20.51,32.64,chemicals,fertilizers,-0.82,0.25,0.26,0.25,0.22,,,6.09,3.52,6.76,,,,,,,,,,,,,,2026-06-12,,,0.76,53.98,,11.58,,,,,,2.58,541.65,-6.54,,3.01,-3.62,572.35,6.82,,,,,,,
2026-06-12T07:09:40.512,KIRLPNU,,,1574.9,,,1590.25,1606.15,17.78,40.2,industrials,compressors / drilling equipment,-6.04,0.38,0.24,0.38,0.23,,,0.5,4.08,6.55,,,,,,,,,,,,,,2026-06-12,,,0.5,57.66,,39.55,,,,,,1.18,1579.5,-5.96,,5.12,-5.8,1680.0,14.42,,,,,,,
2026-06-12T07:09:40.512,GANDHAR,,,155.43,,,159.21,164.49,9.34,11.24,energy,refineries,-4.48,0.16,0.05,0.16,0.02,,,1.66,5.2,6.48,,,,,,,,,,,,,,2026-06-12,,,2.32,53.79,,27.22,,,,,,2.89,157.31,-6.99,,3.74,-5.16,169.5,12.6,,,,,,,
2026-06-12T07:09:40.512,FEDFINA,,,148.96,,,156.45,167.65,13.84,16.19,financials,finance & investments,-1.47,0.01,0.05,0.01,0.02,,,3.58,3.92,5.85,,,,,,,,,,,,,,2026-06-12,,,0.61,57.48,,23.36,,,,,,3.35,156.8,-7.67,,1.97,-10.18,165.25,7.0,,,,,,,
2026-06-12T07:09:40.512,GRINDWELL,,,1895.2,,,1918.88,1923.92,44.2,50.54,industrials,abrasives and grinding wheels,-5.61,0.12,0.12,0.12,0.09,,,0.13,3.77,5.74,,,,,,,,,,,,,,2026-06-12,,,0.79,60.7,,42.42,,,,,,4.12,1845.4,-7.42,,3.3,-1.82,1984.9,15.42,,,,,,,
2026-06-12T07:09:40.512,POWERINDIA,,,33250.0,,,35802.86,37247.14,112.12,150.02,industrials,electric equipment,-2.0,0.48,0.77,0.48,0.71,,,2.02,4.58,4.9,,,,,,,,,,,,,,2026-06-12,,,1.5,56.02,,32.93,,,,,,2.86,35510.0,-6.94,,2.51,-9.62,37440.0,14.34,,,,,,,
2026-06-12T07:09:40.512,EMCURE,,,1683.3,,,1689.29,1801.11,32.77,34.52,healthcare,pharmaceuticals - indian - bulk drugs & formln,-1.19,0.16,0.24,0.16,0.21,,,3.31,3.09,4.69,,,,,,,,,,,,,,2026-06-12,,,0.63,53.16,,25.97,,,,,,3.51,1686.1,-6.81,,4.17,-3.74,1818.0,5.57,,,,,,,
2026-06-12T07:09:40.512,METROPOLIS,,,520.15,,,531.31,556.99,52.86,17.74,healthcare,healthcare,-0.43,0.03,0.01,0.03,0.0,,,2.42,3.97,3.24,,,,,,,,,,,,,,2026-06-12,,,0.4,59.41,,32.76,,,,,,2.65,530.1,-5.55,,1.85,-5.36,554.2,11.56,,,,,,,
2026-06-11T22:26:00.398,AZAD,,,2105.7,,,1954.49,2446.51,94.51,105.24,aerospace & defence,engineering,-0.44,0.22,0.34,0.22,0.28,,,12.59,4.91,12.79,,,,,,,,,,,,,,2026-06-11,,,1.67,53.1,,27.32,,,,,,5.72,2081.4,-9.79,,4.13,-5.36,2291.3,11.18,,,,,,,
2026-06-11T22:26:00.398,IMFA,,,1378.2,,,1397.54,1675.06,18.01,17.18,metals & mining,mining / minerals / metals,0.43,0.06,0.45,0.06,0.42,,,9.93,5.31,9.99,,,,,,,,,,,,,,2026-06-11,,,1.05,51.06,,10.68,,,,,,4.37,1472.0,-9.86,,0.83,-13.18,1552.5,7.62,,,,,,,
2026-06-11T22:26:00.398,DATAPATTNS,,,4205.0,,,3845.51,4539.29,42.54,89.82,aerospace & defence,electronics - components,-0.97,0.33,0.47,0.33,0.4,,,9.02,4.93,9.98,,,,,,,,,,,,,,2026-06-11,,,1.05,53.95,,18.17,,,,,,5.47,3975.1,-9.75,,12.63,-2.77,4722.0,11.06,,,,,,,
2026-06-11T22:26:00.398,AKUMS,,,609.1,,,510.72,600.28,27.54,35.52,healthcare,pharmaceuticals - indian - bulk drugs & formln,1.74,0.2,0.13,0.2,0.1,,,8.77,3.84,7.45,,,,,,,,,,,,,,2026-06-11,,,1.45,52.49,,17.76,,,,,,3.21,538.2,-6.03,,11.79,-2.28,621.0,4.79,,,,,,,
2026-06-11T22:26:00.398,MBAPL,,,559.5,,,523.75,587.55,20.51,32.49,chemicals,fertilizers,-0.82,0.25,0.26,0.25,0.22,,,6.09,3.52,6.76,,,,,,,,,,,,,,2026-06-11,,,0.76,53.98,,11.58,,,,,,2.58,541.65,-6.54,,3.01,-3.62,572.35,6.82,,,,,,,
2026-06-11T22:26:00.398,KIRLPNU,,,1574.9,,,1590.25,1606.15,17.78,41.49,industrials,compressors / drilling equipment,-6.04,0.38,0.24,0.38,0.23,,,0.5,4.08,6.55,,,,,,,,,,,,,,2026-06-11,,,0.5,57.66,,39.55,,,,,,1.18,1579.5,-5.96,,5.12,-5.8,1680.0,14.42,,,,,,,
2026-06-11T22:26:00.398,GANDHAR,,,155.43,,,159.21,164.49,9.34,11.29,energy,refineries,-4.48,0.16,0.05,0.16,0.02,,,1.66,5.2,6.48,,,,,,,,,,,,,,2026-06-11,,,2.32,53.79,,27.22,,,,,,2.89,157.31,-6.99,,3.74,-5.16,169.5,12.6,,,,,,,
2026-06-11T22:26:00.398,FEDFINA,,,148.96,,,156.45,167.65,13.84,16.22,financials,finance & investments,-1.47,0.01,0.05,0.01,0.02,,,3.58,3.92,5.85,,,,,,,,,,,,,,2026-06-11,,,0.61,57.48,,23.36,,,,,,3.35,156.8,-7.67,,1.97,-10.18,165.25,7.0,,,,,,,
2026-06-11T22:26:00.398,GRINDWELL,,,1895.2,,,1918.88,1923.92,44.2,51.06,industrials,abrasives and grinding wheels,-5.61,0.12,0.12,0.12,0.09,,,0.13,3.77,5.74,,,,,,,,,,,,,,2026-06-11,,,0.79,60.7,,42.42,,,,,,4.12,1845.4,-7.42,,3.3,-1.82,1984.9,15.42,,,,,,,
2026-06-11T22:26:00.398,POWERINDIA,,,33250.0,,,35802.86,37247.14,112.12,150.09,industrials,electric equipment,-2.0,0.48,0.77,0.48,0.71,,,2.02,4.58,4.9,,,,,,,,,,,,,,2026-06-11,,,1.5,56.02,,32.93,,,,,,2.86,35510.0,-6.94,,2.51,-9.62,37440.0,14.34,,,,,,,
2026-06-11T22:26:00.398,EMCURE,,,1683.3,,,1689.29,1801.11,32.77,35.5,healthcare,pharmaceuticals - indian - bulk drugs & formln,-1.19,0.16,0.24,0.16,0.21,,,3.31,3.09,4.69,,,,,,,,,,,,,,2026-06-11,,,0.63,53.16,,25.97,,,,,,3.51,1686.1,-6.81,,4.17,-3.74,1818.0,5.57,,,,,,,
2026-06-11T22:26:00.398,METROPOLIS,,,520.15,,,531.31,556.99,52.86,17.89,healthcare,healthcare,-0.43,0.03,0.01,0.03,0.0,,,2.42,3.97,3.24,,,,,,,,,,,,,,2026-06-11,,,0.4,59.41,,32.76,,,,,,2.65,530.1,-5.55,,1.85,-5.36,554.2,11.56,,,,,,,
2026-06-09T07:41:54.911,JINDALSAW,,,236.1,,,219.27,272.87,26.95,15.45,industrials,steel - large,4.07,0.4,0.18,0.29,0.1,,,12.22,4.19,10.69,,,,,,,,,,,,,,2026-06-09,,,,63.98,,17.48,,,8.71,-4.84,267.5,7.83,228.2,-5.88,11.14,,,,,,,,,,,
2026-06-09T07:41:54.911,SIEMENS,,,3624.0,,,3568.47,4188.93,87.12,82.89,industrials,electric equipment,-0.71,0.12,0.18,0.06,0.12,,,8.69,4.28,9.47,,,,,,,,,,,,,,2026-06-09,,,,60.91,,21.23,,,1.51,-8.01,3937.3,9.47,3543.3,-5.99,9.67,,,,,,,,,,,
2026-06-09T07:41:54.911,APARINDS,,,13276.0,,,12526.29,14325.71,52.61,54.59,industrials,electric equipment,0.15,0.39,0.63,0.29,0.53,,,7.18,4.16,8.17,,,,,,,,,,,,,,2026-06-09,,,,66.13,,33.92,,,5.57,-6.82,14174.0,7.02,12545.0,-5.01,11.04,,,,,,,,,,,
2026-06-09T07:41:54.911,PREMIERENE,,,1090.5,,,968.37,1123.63,26.89,32.47,services,trading,4.9,-0.0,0.01,-0.06,-0.01,,,8.02,3.32,7.06,,,,,,,,,,,,,,2026-06-09,,,,64.08,,21.27,,,5.53,-1.48,1103.8,2.97,1015.8,-2.91,4.99,,,,,,,,,,,
2026-06-09T07:41:54.911,ARMANFIN,,,1554.8,,,1747.83,1858.57,9.95,28.84,financials,finance & investments,0.48,0.02,0.19,-0.03,0.16,,,3.17,4.94,5.94,,,,,,,,,,,,,,2026-06-09,,,,61.35,,24.57,,,3.65,-17.31,1869.0,2.68,1756.2,-2.84,14.33,,,,,,,,,,,
2026-06-09T07:41:54.911,TIPSMUSIC,,,656.3,,,645.67,695.53,35.51,38.7,media,entertainment / electronic media software,1.13,0.21,0.06,0.21,0.04,,,3.86,4.09,4.78,,,,,,,,,,,,,,2026-06-09,,,,60.99,,39.49,,,8.37,-3.67,726.75,2.7,653.0,-3.13,13.73,,,,,,,,,,,
2026-06-09T07:41:54.911,HAPPYFORGE,,,1351.2,,,1378.66,1455.14,38.13,42.24,industrials,castings & forgings,0.29,0.27,0.56,0.27,0.53,,,2.77,4.42,4.36,,,,,,,,,,,,,,2026-06-09,,,,58.4,,33.23,,,3.75,-6.2,1470.0,2.47,1382.7,0.11,7.22,,,,,,,,,,,
2026-06-09T07:41:54.911,NMDC,,,89.59,,,88.3,96.26,9.7,10.56,metals & mining,mining / minerals / metals,3.2,0.17,0.2,0.14,0.18,,,4.5,2.42,4.26,,,,,,,,,,,,,,2026-06-09,,,,61.22,,14.06,,,5.65,-5.3,97.49,1.26,91.13,-2.0,4.99,,,,,,,,,,,
2026-06-09T07:41:54.911,RICOAUTO,,,132.12,,,114.21,133.47,75.07,34.86,auto,auto ancillaries,4.71,0.1,0.16,0.04,0.13,,,8.43,4.06,3.98,,,,,,,,,,,,,,2026-06-09,,,,60.89,,12.95,,,12.16,-12.55,138.9,3.55,119.59,-3.3,5.75,,,,,,,,,,,
2026-06-09T07:41:54.911,NTPC,,,362.4,,,384.45,411.85,8.38,12.99,power & utilities,power generation and supply,1.53,0.13,0.19,0.1,0.16,,,3.56,2.01,3.03,,,,,,,,,,,,,,2026-06-09,,,,56.65,,14.68,,,0.88,-10.8,403.1,2.0,390.35,-1.7,3.92,,,,,,,,,,,
2026-06-09T07:41:54.911,TATASTEEL,,,202.72,,,208.66,220.74,21.66,23.41,metals & mining,steel - large,0.98,0.19,0.23,0.16,0.2,,,2.89,2.27,2.51,,,,,,,,,,,,,,2026-06-09,,,,56.35,,16.43,,,0.47,-6.1,218.96,1.9,210.7,-1.45,3.58,,,,,,,,,,,
2026-06-09T07:41:54.911,SOUTHBANK,,,43.79,,,39.4,42.9,7.02,7.88,bank,banks - private sector,2.36,-0.02,0.39,-0.03,0.38,,,4.44,2.83,2.03,,,,,,,,,,,,,,2026-06-09,,,,57.54,,15.82,,,10.55,-1.34,45.49,2.03,40.33,-2.25,5.99,,,,,,,,,,,
2026-06-08T21:45:48.947,JINDALSAW,,,236.1,,,219.27,272.87,26.95,16.4,industrials,steel - large,4.07,0.4,0.18,0.29,0.1,,,12.22,4.19,10.69,,,,,,,,,,,,,,2026-06-08,,,,63.98,,17.48,,,8.71,-4.84,267.5,7.83,228.2,-5.88,11.14,,,,,,,,,,,
2026-06-08T21:45:48.947,SIEMENS,,,3624.0,,,3568.47,4188.93,87.12,84.65,industrials,electric equipment,-0.71,0.12,0.18,0.06,0.12,,,8.69,4.28,9.47,,,,,,,,,,,,,,2026-06-08,,,,60.91,,21.23,,,1.51,-8.01,3937.3,9.47,3543.3,-5.99,9.67,,,,,,,,,,,
2026-06-08T21:45:48.947,APARINDS,,,13276.0,,,12526.29,14325.71,52.61,57.06,industrials,electric equipment,0.15,0.39,0.63,0.29,0.53,,,7.18,4.16,8.17,,,,,,,,,,,,,,2026-06-08,,,,66.13,,33.92,,,5.57,-6.82,14174.0,7.02,12545.0,-5.01,11.04,,,,,,,,,,,
2026-06-08T21:45:48.947,PREMIERENE,,,1090.5,,,968.37,1123.63,26.89,32.16,services,trading,4.9,-0.0,0.01,-0.06,-0.01,,,8.02,3.32,7.06,,,,,,,,,,,,,,2026-06-08,,,,64.08,,21.27,,,5.53,-1.48,1103.8,2.97,1015.8,-2.91,4.99,,,,,,,,,,,
2026-06-08T21:45:48.947,ARMANFIN,,,1554.8,,,1747.83,1858.57,9.95,29.61,financials,finance & investments,0.48,0.02,0.19,-0.03,0.16,,,3.17,4.94,5.94,,,,,,,,,,,,,,2026-06-08,,,,61.35,,24.57,,,3.65,-17.31,1869.0,2.68,1756.2,-2.84,14.33,,,,,,,,,,,
2026-06-08T21:45:48.947,TIPSMUSIC,,,656.3,,,645.67,695.53,35.51,40.74,media,entertainment / electronic media software,1.13,0.21,0.06,0.21,0.04,,,3.86,4.09,4.78,,,,,,,,,,,,,,2026-06-08,,,,60.99,,39.49,,,8.37,-3.67,726.75,2.7,653.0,-3.13,13.73,,,,,,,,,,,
2026-06-08T21:45:48.947,HAPPYFORGE,,,1351.2,,,1378.66,1455.14,38.13,43.39,industrials,castings & forgings,0.29,0.27,0.56,0.27,0.53,,,2.77,4.42,4.36,,,,,,,,,,,,,,2026-06-08,,,,58.4,,33.23,,,3.75,-6.2,1470.0,2.47,1382.7,0.11,7.22,,,,,,,,,,,
2026-06-08T21:45:48.947,NMDC,,,89.59,,,88.3,96.26,9.7,10.96,metals & mining,mining / minerals / metals,3.2,0.17,0.2,0.14,0.18,,,4.5,2.42,4.26,,,,,,,,,,,,,,2026-06-08,,,,61.22,,14.06,,,5.65,-5.3,97.49,1.26,91.13,-2.0,4.99,,,,,,,,,,,
2026-06-08T21:45:48.947,RICOAUTO,,,132.12,,,114.21,133.47,75.07,36.11,auto,auto ancillaries,4.71,0.1,0.16,0.04,0.13,,,8.43,4.06,3.98,,,,,,,,,,,,,,2026-06-08,,,,60.89,,12.95,,,12.16,-12.55,138.9,3.55,119.59,-3.3,5.75,,,,,,,,,,,
2026-06-08T21:45:48.947,NTPC,,,362.4,,,384.45,411.85,8.38,12.96,power & utilities,power generation and supply,1.53,0.13,0.19,0.1,0.16,,,3.56,2.01,3.03,,,,,,,,,,,,,,2026-06-08,,,,56.65,,14.68,,,0.88,-10.8,403.1,2.0,390.35,-1.7,3.92,,,,,,,,,,,
2026-06-08T21:45:48.947,TATASTEEL,,,202.72,,,208.66,220.74,21.66,23.88,metals & mining,steel - large,0.98,0.19,0.23,0.16,0.2,,,2.89,2.27,2.51,,,,,,,,,,,,,,2026-06-08,,,,56.35,,16.43,,,0.47,-6.1,218.96,1.9,210.7,-1.45,3.58,,,,,,,,,,,
2026-06-08T21:45:48.947,SOUTHBANK,,,43.79,,,39.4,42.9,7.02,7.91,bank,banks - private sector,2.36,-0.02,0.39,-0.03,0.38,,,4.44,2.83,2.03,,,,,,,,,,,,,,2026-06-08,,,,57.54,,15.82,,,10.55,-1.34,45.49,2.03,40.33,-2.25,5.99,,,,,,,,,,,
2026-06-07T23:11:56.243,IBULLSLTD,,,23.24,,,19.04,21.18,6.6,18.89,miscellaneous,diversified - medium / small,5.18,-0.01,0.2,-0.03,0.19,,,5.6,5.72,11.54,,,,,,,,,,,,,,2026-06-07,,,,61.62,,36.53,,,24.32,-1.79,25.0,0.4,20.03,-1.52,33.95,,,,,,,,,,,
2026-06-07T23:11:56.243,CEIGALL,,,358.5,,,338.31,367.59,12.1,20.21,realty,construction,-0.06,0.36,0.23,0.29,0.19,,,4.33,5.13,7.25,,,,,,,,,,,,,,2026-06-07,,,,59.45,,37.8,,,4.75,-4.6,376.0,4.39,338.1,-1.22,14.46,,,,,,,,,,,
2026-06-07T23:11:56.243,KMEW,,,1842.3,,,2067.59,2227.61,47.83,42.08,transportation,miscellaneous,-2.39,0.49,1.39,0.36,1.28,,,3.87,6.5,6.42,,,,,,,,,,,,,,2026-06-07,,,,60.26,,25.37,,,2.02,-20.32,2191.0,6.42,2018.1,-5.74,18.89,,,,,,,,,,,
2026-06-07T23:11:56.243,EQUITASBNK,,,73.95,,,67.85,72.45,9.94,82.17,bank,banks - private sector,0.46,-0.01,0.3,-0.03,0.27,,,3.39,3.46,6.29,,,,,,,,,,,,,,2026-06-07,,,,58.54,,24.54,,,5.84,-2.74,74.25,2.92,68.16,-3.32,11.04,,,,,,,,,,,
2026-06-07T23:11:56.243,ALIVUS,,,1032.5,,,1048.41,1132.99,19.51,22.45,healthcare,pharmaceuticals - indian - bulk drugs & formln,0.87,0.12,0.15,0.06,0.1,,,4.03,3.9,5.85,,,,,,,,,,,,,,2026-06-07,,,,58.67,,19.5,,,1.81,-5.82,1124.9,3.14,1057.5,-2.12,5.39,,,,,,,,,,,
2026-06-07T23:11:56.243,HIRECT,,,1128.4,,,929.43,1069.77,185.59,44.92,consumer discretionary,electronics - components,4.69,0.3,0.16,0.22,0.13,,,7.55,5.95,5.28,,,,,,,,,,,,,,2026-06-07,,,,62.36,,25.61,,,21.26,-1.05,1212.1,2.73,973.0,-2.78,16.48,,,,,,,,,,,
2026-06-07T23:11:56.243,BANDHANBNK,,,205.87,,,196.26,204.54,15.5,27.09,bank,banks - private sector,0.38,0.23,0.18,0.21,0.16,,,2.11,3.01,5.24,,,,,,,,,,,,,,2026-06-07,,,,61.9,,22.23,,,6.03,0.06,212.48,1.73,197.0,-2.02,16.12,,,,,,,,,,,
2026-06-07T23:11:56.243,NEULANDLAB,,,16811.0,,,16887.1,17254.9,25.35,59.26,healthcare,pharmaceuticals - indian - bulk drugs,-0.52,-0.03,0.14,-0.08,0.12,,,1.09,3.96,4.56,,,,,,,,,,,,,,2026-06-07,,,,64.31,,30.95,,,3.59,-2.32,17684.0,1.62,16799.0,-2.17,14.45,,,,,,,,,,,
2026-06-07T23:11:56.243,SONACOMS,,,602.3,,,575.19,640.81,48.73,58.42,auto,auto ancillaries,2.59,0.11,0.29,0.08,0.27,,,5.7,2.94,4.06,,,,,,,,,,,,,,2026-06-07,,,,62.28,,22.3,,,2.27,-2.83,621.8,3.03,590.1,-3.25,7.1,,,,,,,,,,,
2026-06-07T23:11:56.243,SCHAEFFLER,,,4035.3,,,3976.98,4415.22,49.94,51.93,industrials,bearings,3.16,-0.03,0.05,-0.06,0.03,,,5.51,2.77,3.96,,,,,,,,,,,,,,2026-06-07,,,,56.77,,12.85,,,1.2,-5.57,4249.0,2.28,4102.7,-2.43,7.36,,,,,,,,,,,
2026-06-07T23:11:56.243,KPIL,,,1290.3,,,1237.49,1356.71,12.69,21.19,realty,transmisson line towers / equipment,2.76,-0.0,-0.01,-0.05,-0.03,,,4.82,3.13,2.99,,,,,,,,,,,,,,2026-06-07,,,,61.49,,28.42,,,2.92,-4.39,1335.0,2.0,1271.7,0.01,7.46,,,,,,,,,,,
2026-06-07T23:11:56.243,HINDZINC,,,566.8,,,638.63,656.17,11.9,17.31,metals & mining,mining / minerals / metals,-1.41,0.31,0.44,0.27,0.41,,,1.37,2.75,2.82,,,,,,,,,,,,,,2026-06-07,,,,61.01,,14.85,,,1.92,-12.88,659.85,2.82,629.65,-3.23,10.29,,,,,,,,,,,
2026-06-06T22:53:22.704,IBULLSLTD,,,23.24,,,19.04,21.18,6.6,18.89,miscellaneous,diversified - medium / small,5.18,-0.01,0.2,-0.03,0.19,,,5.6,5.72,11.54,,,,,,,,,,,,,,2026-06-06,,,,61.62,,36.53,,,24.32,-1.79,25.0,0.4,20.03,-1.52,33.95,,,,,,,,,,,
2026-06-06T22:53:22.704,CEIGALL,,,358.5,,,338.31,367.59,12.1,20.21,realty,construction,-0.06,0.36,0.23,0.29,0.19,,,4.33,5.13,7.25,,,,,,,,,,,,,,2026-06-06,,,,59.45,,37.8,,,4.75,-4.6,376.0,4.39,338.1,-1.22,14.46,,,,,,,,,,,
2026-06-06T22:53:22.704,KMEW,,,1842.3,,,2067.59,2227.61,47.83,42.08,transportation,miscellaneous,-2.39,0.49,1.39,0.36,1.28,,,3.87,6.5,6.42,,,,,,,,,,,,,,2026-06-06,,,,60.26,,25.37,,,2.02,-20.32,2191.0,6.42,2018.1,-5.74,18.89,,,,,,,,,,,
2026-06-06T22:53:22.704,EQUITASBNK,,,73.95,,,67.85,72.45,9.94,82.17,bank,banks - private sector,0.46,-0.01,0.3,-0.03,0.27,,,3.39,3.46,6.29,,,,,,,,,,,,,,2026-06-06,,,,58.54,,24.54,,,5.84,-2.74,74.25,2.92,68.16,-3.32,11.04,,,,,,,,,,,
2026-06-06T22:53:22.704,ALIVUS,,,1032.5,,,1048.41,1132.99,19.51,22.45,healthcare,pharmaceuticals - indian - bulk drugs & formln,0.87,0.12,0.15,0.06,0.1,,,4.03,3.9,5.85,,,,,,,,,,,,,,2026-06-06,,,,58.67,,19.5,,,1.81,-5.82,1124.9,3.14,1057.5,-2.12,5.39,,,,,,,,,,,
2026-06-06T22:53:22.704,HIRECT,,,1128.4,,,929.43,1069.77,185.59,44.92,consumer discretionary,electronics - components,4.69,0.3,0.16,0.22,0.13,,,7.55,5.95,5.28,,,,,,,,,,,,,,2026-06-06,,,,62.36,,25.61,,,21.26,-1.05,1212.1,2.73,973.0,-2.78,16.48,,,,,,,,,,,
2026-06-06T22:53:22.704,BANDHANBNK,,,205.87,,,196.26,204.54,15.5,27.09,bank,banks - private sector,0.38,0.23,0.18,0.21,0.16,,,2.11,3.01,5.24,,,,,,,,,,,,,,2026-06-06,,,,61.9,,22.23,,,6.03,0.06,212.48,1.73,197.0,-2.02,16.12,,,,,,,,,,,
2026-06-06T22:53:22.704,NEULANDLAB,,,16811.0,,,16887.1,17254.9,25.35,59.26,healthcare,pharmaceuticals - indian - bulk drugs,-0.52,-0.03,0.14,-0.08,0.12,,,1.09,3.96,4.56,,,,,,,,,,,,,,2026-06-06,,,,64.31,,30.95,,,3.59,-2.32,17684.0,1.62,16799.0,-2.17,14.45,,,,,,,,,,,
2026-06-06T22:53:22.704,SONACOMS,,,602.3,,,575.19,640.81,48.73,58.42,auto,auto ancillaries,2.59,0.11,0.29,0.08,0.27,,,5.7,2.94,4.06,,,,,,,,,,,,,,2026-06-06,,,,62.28,,22.3,,,2.27,-2.83,621.8,3.03,590.1,-3.25,7.1,,,,,,,,,,,
2026-06-06T22:53:22.704,SCHAEFFLER,,,4035.3,,,3976.98,4415.22,49.94,51.93,industrials,bearings,3.16,-0.03,0.05,-0.06,0.03,,,5.51,2.77,3.96,,,,,,,,,,,,,,2026-06-06,,,,56.77,,12.85,,,1.2,-5.57,4249.0,2.28,4102.7,-2.43,7.36,,,,,,,,,,,
2026-06-06T22:53:22.704,KPIL,,,1290.3,,,1237.49,1356.71,12.69,21.19,realty,transmisson line towers / equipment,2.76,-0.0,-0.01,-0.05,-0.03,,,4.82,3.13,2.99,,,,,,,,,,,,,,2026-06-06,,,,61.49,,28.42,,,2.92,-4.39,1335.0,2.0,1271.7,0.01,7.46,,,,,,,,,,,
2026-06-06T22:53:22.704,HINDZINC,,,566.8,,,638.63,656.17,11.9,17.31,metals & mining,mining / minerals / metals,-1.41,0.31,0.44,0.27,0.41,,,1.37,2.75,2.82,,,,,,,,,,,,,,2026-06-06,,,,61.01,,14.85,,,1.92,-12.88,659.85,2.82,629.65,-3.23,10.29,,,,,,,,,,,
2026-06-05T23:59:50.335,IBULLSLTD,,,23.24,,,19.04,21.18,6.6,19.17,miscellaneous,diversified - medium / small,5.18,-0.01,0.2,-0.03,0.19,,,5.6,5.72,11.54,,,,,,,,,,,,,,2026-06-05,,,,61.62,,36.53,,,24.32,-1.79,25.0,0.4,20.03,-1.52,33.95,,,,,,,,,,,
2026-06-05T23:59:50.335,CEIGALL,,,358.5,,,338.31,367.59,12.1,20.21,realty,construction,-0.06,0.36,0.23,0.29,0.19,,,4.33,5.13,7.25,,,,,,,,,,,,,,2026-06-05,,,,59.45,,37.8,,,4.75,-4.6,376.0,4.39,338.1,-1.22,14.46,,,,,,,,,,,
2026-06-05T23:59:50.335,KMEW,,,1842.3,,,2067.59,2227.61,47.83,43.74,transportation,miscellaneous,-2.39,0.49,1.39,0.36,1.28,,,3.87,6.5,6.42,,,,,,,,,,,,,,2026-06-05,,,,60.26,,25.37,,,2.02,-20.32,2191.0,6.42,2018.1,-5.74,18.89,,,,,,,,,,,
2026-06-05T23:59:50.335,EQUITASBNK,,,73.95,,,67.85,72.45,9.94,80.33,bank,banks - private sector,0.46,-0.01,0.3,-0.03,0.27,,,3.39,3.46,6.29,,,,,,,,,,,,,,2026-06-05,,,,58.54,,24.54,,,5.84,-2.74,74.25,2.92,68.16,-3.32,11.04,,,,,,,,,,,
2026-06-05T23:59:50.335,ALIVUS,,,1032.5,,,1048.41,1132.99,19.51,22.52,healthcare,pharmaceuticals - indian - bulk drugs & formln,0.87,0.12,0.15,0.06,0.1,,,4.03,3.9,5.85,,,,,,,,,,,,,,2026-06-05,,,,58.67,,19.5,,,1.81,-5.82,1124.9,3.14,1057.5,-2.12,5.39,,,,,,,,,,,
2026-06-05T23:59:50.335,HIRECT,,,1128.4,,,929.43,1069.77,185.59,45.29,consumer discretionary,electronics - components,4.69,0.3,0.16,0.22,0.13,,,7.55,5.95,5.28,,,,,,,,,,,,,,2026-06-05,,,,62.36,,25.61,,,21.26,-1.05,1212.1,2.73,973.0,-2.78,16.48,,,,,,,,,,,
2026-06-05T23:59:50.335,BANDHANBNK,,,205.87,,,196.26,204.54,15.5,27.03,bank,banks - private sector,0.38,0.23,0.18,0.21,0.16,,,2.11,3.01,5.24,,,,,,,,,,,,,,2026-06-05,,,,61.9,,22.23,,,6.03,0.06,212.48,1.73,197.0,-2.02,16.12,,,,,,,,,,,
2026-06-05T23:59:50.335,NEULANDLAB,,,16811.0,,,16887.1,17254.9,25.35,59.43,healthcare,pharmaceuticals - indian - bulk drugs,-0.52,-0.03,0.14,-0.08,0.12,,,1.09,3.96,4.56,,,,,,,,,,,,,,2026-06-05,,,,64.31,,30.95,,,3.59,-2.32,17684.0,1.62,16799.0,-2.17,14.45,,,,,,,,,,,
2026-06-05T23:59:50.335,SONACOMS,,,602.3,,,575.19,640.81,48.73,58.31,auto,auto ancillaries,2.59,0.11,0.29,0.08,0.27,,,5.7,2.94,4.06,,,,,,,,,,,,,,2026-06-05,,,,62.28,,22.3,,,2.27,-2.83,621.8,3.03,590.1,-3.25,7.1,,,,,,,,,,,
2026-06-05T23:59:50.335,SCHAEFFLER,,,4035.3,,,3976.98,4415.22,49.94,51.45,industrials,bearings,3.16,-0.03,0.05,-0.06,0.03,,,5.51,2.77,3.96,,,,,,,,,,,,,,2026-06-05,,,,56.77,,12.85,,,1.2,-5.57,4249.0,2.28,4102.7,-2.43,7.36,,,,,,,,,,,
2026-06-05T23:59:50.335,KPIL,,,1290.3,,,1237.49,1356.71,12.69,21.2,realty,transmisson line towers / equipment,2.76,-0.0,-0.01,-0.05,-0.03,,,4.82,3.13,2.99,,,,,,,,,,,,,,2026-06-05,,,,61.49,,28.42,,,2.92,-4.39,1335.0,2.0,1271.7,0.01,7.46,,,,,,,,,,,
2026-06-05T23:59:50.335,HINDZINC,,,566.8,,,638.63,656.17,11.9,18.44,metals & mining,mining / minerals / metals,-1.41,0.31,0.44,0.27,0.41,,,1.37,2.75,2.82,,,,,,,,,,,,,,2026-06-05,,,,61.01,,14.85,,,1.92,-12.88,659.85,2.82,629.65,-3.23,10.29,,,,,,,,,,,
2026-06-04T21:15:41.901,JINDALSAW,,,260.0,,,219.27,272.87,29.68,16.42,industrials,steel - large,0.67,0.4,0.18,0.4,0.1,,,12.22,4.19,10.69,,,,,,,,,,,,,,2026-06-04,,,1.01,50.94,,17.48,,,,,,7.83,228.2,-10.07,,8.71,-4.49,267.5,11.14,,,,,,,
2026-06-04T21:15:41.901,SIEMENS,,,3686.9,,,3568.47,4188.93,88.63,84.85,industrials,electric equipment,2.27,0.12,0.18,0.12,0.12,,,8.69,4.28,9.47,,,,,,,,,,,,,,2026-06-04,,,3.36,51.65,,21.23,,,,,,9.47,3543.3,-10.26,,1.51,-6.16,3937.3,9.67,,,,,,,
2026-06-04T21:15:41.901,APARINDS,,,13709.0,,,12526.29,14325.71,54.32,55.66,industrials,electric equipment,-1.12,0.39,0.63,0.39,0.53,,,7.18,4.16,8.17,,,,,,,,,,,,,,2026-06-04,,,2.0,55.18,,33.92,,,,,,7.02,12545.0,-9.17,,4.87,-6.82,14080.0,11.04,,,,,,,
2026-06-04T21:15:41.901,PREMIERENE,,,1077.8,,,968.37,1123.63,26.57,32.43,services,trading,0.91,-0.0,0.01,-0.0,-0.01,,,8.02,3.32,7.06,,,,,,,,,,,,,,2026-06-04,,,1.9,50.4,,21.27,,,,,,2.97,1015.8,-6.23,,4.75,-1.48,1095.7,4.99,,,,,,,
2026-06-04T21:15:41.901,ARMANFIN,,,1590.2,,,1747.83,1858.57,10.18,29.16,financials,finance & investments,-2.61,0.02,0.19,0.02,0.16,,,3.17,4.94,5.94,,,,,,,,,,,,,,2026-06-04,,,1.61,54.65,,24.57,,,,,,2.68,1756.2,-7.77,,3.65,-17.31,1869.0,14.33,,,,,,,
2026-06-04T21:15:41.901,TIPSMUSIC,,,672.1,,,645.67,695.53,36.37,38.91,media,entertainment / electronic media software,-0.86,0.21,0.06,0.21,0.04,,,3.86,4.09,4.78,,,,,,,,,,,,,,2026-06-04,,,0.71,53.75,,39.49,,,,,,2.7,653.0,-7.21,,1.97,-3.67,683.8,13.73,,,,,,,
2026-06-04T21:15:41.901,HAPPYFORGE,,,1386.8,,,1378.66,1455.14,39.13,43.89,industrials,castings & forgings,-1.56,0.27,0.56,0.27,0.53,,,2.77,4.42,4.36,,,,,,,,,,,,,,2026-06-04,,,1.08,52.55,,33.23,,,,,,2.47,1382.7,-4.31,,3.75,-3.38,1470.0,7.22,,,,,,,
2026-06-04T21:15:41.901,NMDC,,,94.7,,,88.3,96.26,10.25,11.33,metals & mining,mining / minerals / metals,0.29,0.17,0.2,0.17,0.18,,,4.5,2.42,4.26,,,,,,,,,,,,,,2026-06-04,,,1.0,55.95,,14.06,,,,,,1.26,91.13,-4.42,,5.65,-5.3,97.49,4.99,,,,,,,
2026-06-04T21:15:41.901,RICOAUTO,,,131.37,,,114.21,133.47,74.64,30.69,auto,auto ancillaries,5.22,0.1,0.16,0.1,0.13,,,8.43,4.06,3.98,,,,,,,,,,,,,,2026-06-04,,,1.99,55.6,,12.95,,,,,,3.55,119.59,-7.36,,7.8,-12.55,133.5,5.75,,,,,,,
2026-06-04T21:15:41.901,NTPC,,,366.4,,,384.45,411.85,8.47,13.15,power & utilities,power generation and supply,0.1,0.13,0.19,0.13,0.16,,,3.56,2.01,3.03,,,,,,,,,,,,,,2026-06-04,,,1.2,47.95,,14.68,,,,,,2.0,390.35,-3.71,,0.88,-8.82,403.1,3.92,,,,,,,
2026-06-04T21:15:41.901,TATASTEEL,,,210.57,,,208.66,220.74,22.5,24.47,metals & mining,steel - large,-0.18,0.19,0.23,0.19,0.2,,,2.89,2.27,2.51,,,,,,,,,,,,,,2026-06-04,,,1.25,49.59,,16.43,,,,,,1.9,210.7,-3.72,,0.47,-3.82,218.96,3.58,,,,,,,
2026-06-04T21:15:41.901,SOUTHBANK,,,44.61,,,39.4,42.9,7.15,7.84,bank,banks - private sector,4.19,-0.02,0.39,-0.02,0.38,,,4.44,2.83,2.03,,,,,,,,,,,,,,2026-06-04,,,0.64,57.14,,15.82,,,,,,2.03,40.33,-5.08,,9.04,-1.34,44.87,5.99,,,,,,,
2026-06-03T22:40:25.782,IBULLSLTD,,,24.33,,,19.04,21.18,6.91,18.85,miscellaneous,diversified - medium / small,-7.25,-0.01,0.2,-0.01,0.19,,,5.6,5.72,11.54,,,,,,,,,,,,,,2026-06-03,,,0.39,57.23,,36.53,,,,,,0.4,20.03,-7.24,,20.98,-1.79,24.33,33.95,,,,,,,
2026-06-03T22:40:25.782,CEIGALL,,,360.6,,,338.31,367.59,12.17,19.61,realty,construction,-4.17,0.36,0.23,0.36,0.19,,,4.33,5.13,7.25,,,,,,,,,,,,,,2026-06-03,,,1.78,55.76,,37.8,,,,,,4.39,338.1,-6.35,,4.49,-4.6,376.0,14.46,,,,,,,
2026-06-03T22:40:25.782,KMEW,,,1800.5,,,2067.59,2227.61,46.74,40.67,transportation,miscellaneous,-0.75,0.49,1.39,0.49,1.28,,,3.87,6.5,6.42,,,,,,,,,,,,,,2026-06-03,,,1.02,56.74,,25.37,,,,,,6.42,2018.1,-12.24,,2.02,-20.32,2191.0,18.89,,,,,,,
2026-06-03T22:40:25.782,EQUITASBNK,,,70.9,,,67.85,72.45,9.53,77.51,bank,banks - private sector,-3.67,-0.01,0.3,-0.01,0.27,,,3.39,3.46,6.29,,,,,,,,,,,,,,2026-06-03,,,0.73,48.49,,24.54,,,,,,2.92,68.16,-6.78,,3.49,-2.74,72.6,11.04,,,,,,,
2026-06-03T22:40:25.782,ALIVUS,,,1038.1,,,1048.41,1132.99,19.62,22.78,healthcare,pharmaceuticals - indian - bulk drugs & formln,-2.46,0.12,0.15,0.12,0.1,,,4.03,3.9,5.85,,,,,,,,,,,,,,2026-06-03,,,1.51,45.08,,19.5,,,,,,3.14,1057.5,-6.02,,1.81,-5.6,1124.9,5.39,,,,,,,
2026-06-03T22:40:25.782,HIRECT,,,1118.3,,,929.43,1069.77,183.93,44.17,consumer discretionary,electronics - components,3.3,0.3,0.16,0.3,0.13,,,7.55,5.95,5.28,,,,,,,,,,,,,,2026-06-03,,,0.86,58.24,,25.61,,,,,,2.73,973.0,-8.73,,21.26,-1.05,1212.1,16.48,,,,,,,
2026-06-03T22:40:25.782,BANDHANBNK,,,207.62,,,196.26,204.54,15.63,27.15,bank,banks - private sector,-4.21,0.23,0.18,0.23,0.16,,,2.11,3.01,5.24,,,,,,,,,,,,,,2026-06-03,,,1.33,56.48,,22.23,,,,,,1.73,197.0,-5.02,,6.03,0.06,212.48,16.12,,,,,,,
2026-06-03T22:40:25.782,NEULANDLAB,,,16992.0,,,16887.1,17254.9,25.63,59.6,healthcare,pharmaceuticals - indian - bulk drugs,-3.32,-0.03,0.14,-0.03,0.12,,,1.09,3.96,4.56,,,,,,,,,,,,,,2026-06-03,,,0.99,60.5,,30.95,,,,,,1.62,16799.0,-6.13,,3.59,-2.32,17684.0,14.45,,,,,,,
2026-06-03T22:40:25.782,SONACOMS,,,603.45,,,575.19,640.81,48.82,59.3,auto,auto ancillaries,1.86,0.11,0.29,0.11,0.27,,,5.7,2.94,4.06,,,,,,,,,,,,,,2026-06-03,,,0.74,57.61,,22.3,,,,,,3.03,590.1,-6.19,,2.27,-2.83,621.8,7.1,,,,,,,
2026-06-03T22:40:25.782,SCHAEFFLER,,,4049.9,,,3976.98,4415.22,50.12,52.4,industrials,bearings,1.03,-0.03,0.05,-0.03,0.03,,,5.51,2.77,3.96,,,,,,,,,,,,,,2026-06-03,,,2.07,48.98,,12.85,,,,,,2.28,4102.7,-5.2,,1.2,-4.63,4249.0,7.36,,,,,,,
2026-06-03T22:40:25.782,KPIL,,,1287.8,,,1237.49,1356.71,12.67,21.2,realty,transmisson line towers / equipment,1.97,-0.0,-0.01,-0.0,-0.03,,,4.82,3.13,2.99,,,,,,,,,,,,,,2026-06-03,,,0.96,56.47,,28.42,,,,,,2.0,1271.7,-3.12,,1.97,-4.39,1322.7,7.46,,,,,,,
2026-06-03T22:40:25.782,HINDZINC,,,610.55,,,638.63,656.17,12.82,19.09,metals & mining,mining / minerals / metals,-1.64,0.31,0.44,0.31,0.41,,,1.37,2.75,2.82,,,,,,,,,,,,,,2026-06-03,,,1.18,55.91,,14.85,,,,,,2.82,629.65,-5.98,,1.92,-6.2,659.85,10.29,,,,,,,
2026-06-02T07:10:57.831,INDUSTOWER,446.4,429.45,431.45,-2.4,412.82,429.15,436.06,15.86,15.93,telecom,transmisson line towers / equipment,1.96,-0.02,0.18,0.0,0.21,3.95,3.95,3.95,2.87,0.47,9.75,12.36,3.0,3.0,0.79,147.03,113823.53,-0.53,-1.6,0.81,16.18,1285953853,2638162757,2026-06-02,,,,,,,,,,,,,,,,,,,,,,,,,,
2026-06-02T07:10:57.831,NYKAA,268.4,259.65,266.7,1.68,254.79,265.97,268.15,246.94,386.52,i.t,trading,-3.39,-0.07,0.08,-0.09,0.07,3.61,3.61,3.37,3.08,2.95,7.18,8.21,3.1,3.1,0.88,102.83,76362.27,2.32,2.06,0.9,85.92,1371835214,2863227356,2026-06-02,,,,,,,,,,,,,,,,,,,,,,,,,,
2026-06-02T07:10:57.831,RBLBANK,347.3,337.65,338.8,-1.8,322.89,332.92,350.56,21.39,23.63,bank,banks - private sector,3.23,0.0,0.21,-0.01,0.24,2.86,2.86,2.86,2.97,0.34,18.07,10.07,3.24,3.24,1.79,49.88,20941.61,2.47,2.47,1.9,11.42,618111404,618111404,2026-06-02,,,,,,,,,,,,,,,,,,,,,,,,,,
2026-06-02T07:10:57.831,PERSISTENT,5498.0,5226.5,5402.0,4.0,5144.21,4928.56,6348.88,39.92,45.12,i.t,computers - software - large,6.22,-0.23,-0.04,-0.26,-0.07,6.76,6.76,5.19,3.17,6.67,379.1,171.4,3.3,3.3,2.21,139.46,85216.55,3.14,1.6,2.38,102.39,109960070,157750000,2026-06-02,,,,,,,,,,,,,,,,,,,,,,,,,,
2026-06-02T07:10:57.831,JBMA,661.65,629.0,646.9,4.1,606.7,625.21,690.29,51.5,69.86,auto,auto ancillaries,-1.96,-0.04,-0.0,-0.08,-0.04,7.38,7.38,5.19,4.18,4.99,38.95,27.04,4.19,4.19,1.44,71.94,15298.81,3.68,3.02,1.53,66.2,76785978,236494264,2026-06-02,,,,,,,,,,,,,,,,,,,,,,,,,,
2026-06-02T07:10:57.831,MOTHERSON,146.8,141.13,141.77,-2.72,133.68,134.73,155.85,24.96,36.35,auto,auto ancillaries,6.54,0.12,0.36,0.19,0.4,4.8,4.8,4.02,4.39,5.29,18.59,6.22,3.91,3.91,2.99,151.44,149630.33,4.07,1.55,3.44,10.29,5425228487,10554442601,2026-06-02,,,,,,,,,,,,,,,,,,,,,,,,,,
2026-06-02T07:10:57.831,SONACOMS,611.55,595.0,600.2,-1.19,571.97,584.29,632.01,48.56,58.22,auto,auto ancillaries,4.65,0.09,0.32,0.1,0.34,2.78,2.78,2.78,2.94,0.87,40.69,17.64,3.26,3.26,2.31,61.09,37323.25,4.25,3.89,2.48,29.49,447636235,621846890,2026-06-02,,,,,,,,,,,,,,,,,,,,,,,,,,
2026-06-02T07:10:57.831,NAM-INDIA,1111.5,1076.0,1092.9,-0.66,1036.22,1084.59,1109.51,45.24,45.46,financials,finance & investments,-0.89,0.15,0.29,0.17,0.3,3.33,3.33,3.3,3.24,1.6,108.36,35.45,3.25,3.25,3.06,87.41,69739.7,4.77,4.33,3.39,47.67,179087901,638115996,2026-06-02,,,,,,,,,,,,,,,,,,,,,,,,,,
2026-06-02T07:10:57.831,CUMMINSIND,5979.5,5662.5,5680.5,-3.41,5413.75,5428.18,6185.14,60.61,66.67,industrials,engines,10.08,0.18,0.36,0.22,0.41,5.6,5.6,5.6,3.84,5.15,585.38,218.38,3.03,3.03,2.68,83.32,157463.46,5.18,5.15,2.99,8.24,135828000,277200000,2026-06-02,,,,,,,,,,,,,,,,,,,,,,,,,,
2026-06-02T07:10:57.831,CRAFTSMAN,9232.0,8589.0,8771.5,-3.33,8261.9,8714.63,8885.24,42.29,49.91,auto,auto ancillaries,0.88,0.15,0.25,0.17,0.3,7.49,7.49,7.49,4.24,2.35,1017.4,371.52,4.65,4.65,2.74,153.73,20924.92,5.75,3.86,3.1,49.12,12237570,23855583,2026-06-02,,,,,,,,,,,,,,,,,,,,,,,,,,
2026-06-02T07:10:57.831,SPARC,215.37,195.45,196.37,-7.42,175.74,204.34,180.42,0.91,4.1,healthcare,miscellaneous,9.07,0.33,0.31,0.45,0.42,10.19,10.19,10.19,8.77,0.47,44.11,17.23,8.26,8.26,2.56,93.88,6372.63,6.33,4.89,3.3,5.34,111406493,324521588,2026-06-02,,,,,,,,,,,,,,,,,,,,,,,,,,
2026-06-02T07:10:57.831,NEULANDLAB,17684.0,16891.0,17198.0,0.64,16192.12,16819.48,17955.03,25.94,60.62,healthcare,pharmaceuticals - indian - bulk drugs,-1.14,-0.05,0.07,-0.06,0.06,6.05,6.05,4.69,3.88,3.14,2281.58,668.13,4.54,4.54,3.41,134.86,22064.84,6.68,6.64,3.94,45.95,8642905,12829889,2026-06-02,,,,,,,,,,,,,,,,,,,,,,,,,,
2026-06-01T23:50:05.096,INDUSTOWER,446.4,429.45,431.45,-2.4,412.82,429.15,436.06,15.86,16.32,telecom,transmisson line towers / equipment,1.96,-0.02,0.18,0.0,0.21,3.95,3.95,3.95,2.87,0.47,9.75,12.36,3.0,3.0,0.79,147.03,116619.98,-0.53,-1.6,0.81,16.18,1285953853,2638162757,2026-06-01,,,,,,,,,,,,,,,,,,,,,,,,,,
2026-06-01T23:50:05.096,NYKAA,268.4,259.65,266.7,1.68,254.79,265.97,268.15,246.94,380.14,i.t,trading,-3.39,-0.07,0.08,-0.09,0.07,3.61,3.61,3.37,3.08,2.95,7.18,8.21,3.1,3.1,0.88,102.83,75102.45,2.32,2.06,0.9,85.92,1371835214,2863227356,2026-06-01,,,,,,,,,,,,,,,,,,,,,,,,,,
2026-06-01T23:50:05.096,RBLBANK,347.3,337.65,338.8,-1.8,322.89,332.92,350.56,21.39,24.06,bank,banks - private sector,3.23,0.0,0.21,-0.01,0.24,2.86,2.86,2.86,2.97,0.34,18.07,10.07,3.24,3.24,1.79,49.88,21324.84,2.47,2.47,1.9,11.42,618111404,618111404,2026-06-01,,,,,,,,,,,,,,,,,,,,,,,,,,
2026-06-01T23:50:05.096,PERSISTENT,5498.0,5226.5,5402.0,4.0,5144.21,4928.56,6348.88,39.92,43.39,i.t,computers - software - large,6.22,-0.23,-0.04,-0.26,-0.07,6.76,6.76,5.19,3.17,6.67,379.1,171.4,3.3,3.3,2.21,139.46,81940.08,3.14,1.6,2.38,102.39,109960070,157750000,2026-06-01,,,,,,,,,,,,,,,,,,,,,,,,,,
2026-06-01T23:50:05.096,JBMA,661.65,629.0,646.9,4.1,606.7,625.21,690.29,51.5,67.11,auto,auto ancillaries,-1.96,-0.04,-0.0,-0.08,-0.04,7.38,7.38,5.19,4.18,4.99,38.95,27.04,4.19,4.19,1.44,71.94,14696.94,3.68,3.02,1.53,66.2,76785978,236494264,2026-06-01,,,,,,,,,,,,,,,,,,,,,,,,,,
2026-06-01T23:50:05.096,MOTHERSON,146.8,141.13,141.77,-2.72,133.68,134.73,155.85,24.96,37.37,auto,auto ancillaries,6.54,0.12,0.36,0.19,0.4,4.8,4.8,4.02,4.39,5.29,18.59,6.22,3.91,3.91,2.99,151.44,153820.45,4.07,1.55,3.44,10.29,5425228487,10554442601,2026-06-01,,,,,,,,,,,,,,,,,,,,,,,,,,
2026-06-01T23:50:05.096,SONACOMS,611.55,595.0,600.2,-1.19,571.97,584.29,632.01,48.56,58.92,auto,auto ancillaries,4.65,0.09,0.32,0.1,0.34,2.78,2.78,2.78,2.94,0.87,40.69,17.64,3.26,3.26,2.31,61.09,37774.09,4.25,3.89,2.48,29.49,447636235,621846890,2026-06-01,,,,,,,,,,,,,,,,,,,,,,,,,,
2026-06-01T23:50:05.096,NAM-INDIA,1111.5,1076.0,1092.9,-0.66,1036.22,1084.59,1109.51,45.24,45.77,financials,finance & investments,-0.89,0.15,0.29,0.17,0.3,3.33,3.33,3.3,3.24,1.6,108.36,35.45,3.25,3.25,3.06,87.41,70205.52,4.77,4.33,3.39,47.67,179087901,638115996,2026-06-01,,,,,,,,,,,,,,,,,,,,,,,,,,
2026-06-01T23:50:05.096,CUMMINSIND,5979.5,5662.5,5680.5,-3.41,5413.75,5428.18,6185.14,60.61,69.03,industrials,engines,10.08,0.18,0.36,0.22,0.41,5.6,5.6,5.6,3.84,5.15,585.38,218.38,3.03,3.03,2.68,83.32,163021.32,5.18,5.15,2.99,8.24,135828000,277200000,2026-06-01,,,,,,,,,,,,,,,,,,,,,,,,,,
2026-06-01T23:50:05.096,CRAFTSMAN,9232.0,8589.0,8771.5,-3.33,8261.9,8714.63,8885.24,42.29,51.63,auto,auto ancillaries,0.88,0.15,0.25,0.17,0.3,7.49,7.49,7.49,4.24,2.35,1017.4,371.52,4.65,4.65,2.74,153.73,21646.56,5.75,3.86,3.1,49.12,12237570,23855583,2026-06-01,,,,,,,,,,,,,,,,,,,,,,,,,,
2026-06-01T23:50:05.096,SPARC,215.37,195.45,196.37,-7.42,175.74,204.34,180.42,0.91,4.43,healthcare,miscellaneous,9.07,0.33,0.31,0.45,0.42,10.19,10.19,10.19,8.77,0.47,44.11,17.23,8.26,8.26,2.56,93.88,6883.43,6.33,4.89,3.3,5.34,111406493,324521588,2026-06-01,,,,,,,,,,,,,,,,,,,,,,,,,,
2026-06-01T23:50:05.096,NEULANDLAB,17684.0,16891.0,17198.0,0.64,16192.12,16819.48,17955.03,25.94,60.23,healthcare,pharmaceuticals - indian - bulk drugs,-1.14,-0.05,0.07,-0.06,0.06,6.05,6.05,4.69,3.88,3.14,2281.58,668.13,4.54,4.54,3.41,134.86,21923.71,6.68,6.64,3.94,45.95,8642905,12829889,2026-06-01,,,,,,,,,,,,,,,,,,,,,,,,,,
2026-05-25T10:22:49.188,KARURVYSYA,294.2,290.75,293.45,1.87,278.04,286.86,306.64,9.78,10.64,bank,banks - private sector,-0.84,0.09,0.38,0.06,0.35,2.51,2.51,1.19,3.04,2.39,5.77,8.92,3.35,3.35,0.65,8.55,27844.24,-0.5,-0.5,0.66,30.28,946677259,966646219,2026-05-25,,,,,,,,,,,,,,,,,,,,,,,,,,
2026-05-25T10:22:49.188,UNOMINDA,1119.7,1099.0,1116.5,2.5,1055.36,1074.35,1200.79,49.4,52.4,auto,auto ancillaries,-1.54,-0.2,-0.17,-0.23,-0.19,4.53,4.53,1.88,3.7,5.62,26.22,41.35,3.56,3.56,0.63,12.78,62898.56,-0.0,-0.08,0.65,42.32,182660981,577421816,2026-05-25,,,,,,,,,,,,,,,,,,,,,,,,,,
2026-05-25T10:22:49.188,SAMMAANCAP,168.86,161.75,165.21,2.32,155.95,141.39,212.85,-0.42,-1.85,financials,finance - housing,10.44,-0.04,0.16,-0.06,0.13,10.88,10.88,4.4,4.48,11.63,19.04,7.41,3.92,3.92,2.57,91.32,18756.55,1.19,-0.02,2.9,46.71,1161683871,1161683871,2026-05-25,,,,,,,,,,,,,,,,,,,,,,,,,,
2026-05-25T10:22:49.188,RBLBANK,344.0,337.45,339.35,1.5,322.92,328.55,360.95,21.42,23.32,bank,banks - private sector,-0.67,0.0,0.19,-0.03,0.17,5.04,5.04,1.94,3.14,3.92,22.22,10.65,3.67,3.67,2.09,37.05,20666.55,2.8,2.73,2.23,17.84,618111404,618111404,2026-05-25,,,,,,,,,,,,,,,,,,,,,,,,,,
2026-05-25T10:22:49.188,MOTHERSON,138.75,135.81,136.35,0.13,129.4,129.5,150.05,24.01,34.92,auto,auto ancillaries,5.51,0.14,0.39,0.11,0.39,3.31,3.31,2.16,3.39,2.24,14.9,4.62,3.33,3.33,3.22,23.18,143730.4,2.83,1.19,3.62,11.68,5425228487,10554442601,2026-05-25,,,,,,,,,,,,,,,,,,,,,,,,,,
2026-05-25T10:22:49.188,IFCI,62.61,61.5,62.45,2.82,58.8,61.67,64.01,312.25,90.66,financials,finance - term-lending institutions,-2.22,0.1,0.15,0.04,0.12,3.32,3.32,1.8,3.44,3.05,4.47,2.15,3.81,3.81,2.08,19.57,16365.27,2.88,2.13,2.24,44.18,739037235,2694314331,2026-05-25,,,,,,,,,,,,,,,,,,,,,,,,,,
2026-05-25T10:22:49.188,YESBANK,22.28,22.01,22.23,1.65,21.27,22.26,22.16,16.35,19.7,bank,banks - private sector,-3.75,-0.09,0.05,-0.12,0.04,4.01,4.01,1.23,3.01,6.21,2.27,0.67,3.08,3.08,3.4,18.44,68624.66,3.08,1.89,3.79,32.91,31378443140,31378443140,2026-05-25,,,,,,,,,,,,,,,,,,,,,,,,,,
2026-05-25T10:22:49.188,NAM-INDIA,1104.0,1092.0,1092.8,1.15,1034.66,1084.15,1110.11,45.23,44.94,financials,finance & investments,-1.69,0.14,0.32,0.12,0.31,3.71,3.71,1.1,3.32,2.66,127.87,36.25,3.42,3.42,3.53,12.66,68942.05,4.97,4.2,3.99,2.21,179087901,638115996,2026-05-25,,,,,,,,,,,,,,,,,,,,,,,,,,
2026-05-25T10:22:49.188,JINDALSAW,230.18,222.3,229.88,4.49,215.24,221.09,247.47,26.24,14.4,industrials,steel - large,-5.16,0.29,0.11,0.21,0.06,7.56,7.56,3.54,4.03,7.42,15.01,9.26,4.21,4.21,1.62,8.13,14069.18,6.17,6.12,1.73,81.86,235047484,639508234,2026-05-25,,,,,,,,,,,,,,,,,,,,,,,,,,
2026-05-25T10:22:49.188,ATGL,665.0,652.8,660.0,1.1,619.35,609.84,760.32,107.84,109.53,energy,miscellaneous,4.3,0.0,0.08,-0.02,0.07,4.7,4.7,1.87,3.94,7.44,72.24,26.0,4.14,4.14,2.78,12.28,71795.6,7.1,5.04,3.12,27.69,277146603,1099810083,2026-05-25,,,,,,,,,,,,,,,,,,,,,,,,,,
2026-05-25T10:22:49.188,NLCINDIA,352.8,345.65,347.85,0.93,324.65,347.5,348.55,13.1,14.89,power & utilities,power generation and supply,-0.81,0.31,0.47,0.26,0.46,3.49,3.49,2.07,4.7,2.04,50.27,16.34,4.78,4.78,3.08,11.78,47790.43,7.25,6.98,3.6,13.46,385480047,1386636609,2026-05-25,,,,,,,,,,,,,,,,,,,,,,,,,,
2026-05-25T10:22:49.188,SYRMA,1060.35,1036.15,1056.75,1.72,989.35,1024.73,1120.8,49.94,61.65,consumer discretionary,electronics - components,-1.34,0.17,0.23,0.09,0.21,4.11,4.11,2.34,4.21,4.73,142.88,44.5,4.65,4.65,3.21,18.59,20032.19,8.03,6.69,3.71,46.29,111298962,192830485,2026-05-25,,,,,,,,,,,,,,,,,,,,,,,,,,
2026-05-24T23:12:13.65,MANALIPETC,,,62.94,13.36,58.76,55.4,78.02,9.31,8.33,energy,petrochemicals,-0.84,-0.13,-0.15,-0.25,-0.25,,,13.61,5.28,14.44,,,,,,,,,,,,,,2026-05-24,55.0,66.62,25.1,70.22,58.33,21.95,14.44,4.68,,,,,,,,,,,,,,,,,,
2026-05-24T23:12:13.65,REGAAL,,,87.42,5.0,80.45,79.98,102.29,17.21,15.67,miscellaneous,miscellaneous,-2.78,-0.08,-0.22,-0.12,-0.26,,,9.3,5.39,13.15,,,,,,,,,,,,,,2026-05-24,77.26,87.42,0.16,57.25,52.19,23.37,10.24,5.26,,,,,,,,,,,,,,,,,,
2026-05-24T23:12:13.65,EXCELSOFT,,,98.38,11.0,91.15,85.79,123.57,16.4,23.82,i.t,computers - software - medium / small,2.01,NaN,NaN,NaN,NaN,,,14.68,5.57,11.86,,,,,,,,,,,,,,2026-05-24,87.95,101.0,13.01,62.96,48.45,20.33,11.8,5.32,,,,,,,,,,,,,,,,,,
2026-05-24T23:12:13.65,TVSSCS,,,121.57,4.99,114.24,112.87,138.97,126.64,58.45,transportation,miscellaneous,0.2,-0.01,-0.12,-0.09,-0.16,,,7.71,4.01,10.12,,,,,,,,,,,,,,2026-05-24,110.4,121.57,1.44,60.18,54.54,25.13,6.64,4.01,,,,,,,,,,,,,,,,,,
2026-05-24T23:12:13.65,REDTAPE,,,134.07,4.33,126.15,129.46,143.28,17.73,34.91,consumer discretionary,trading,-3.98,-0.03,-0.04,-0.1,-0.08,,,3.56,4.3,7.17,,,,,,,,,,,,,,2026-05-24,125.1,136.3,3.58,62.05,56.15,23.37,7.0,3.97,,,,,,,,,,,,,,,,,,
2026-05-24T23:12:13.65,RICOAUTO,,,119.96,3.04,112.2,112.91,134.06,37.49,30.84,auto,auto ancillaries,1.81,-0.02,0.16,-0.08,0.13,,,6.25,4.43,7.12,,,,,,,,,,,,,,2026-05-24,111.99,123.99,1.25,55.91,53.78,9.69,4.09,4.12,,,,,,,,,,,,,,,,,,
2026-05-24T23:12:13.65,EMIL,,,120.65,4.05,112.2,117.37,127.21,29.28,43.4,consumer discretionary,trading,-4.98,-0.12,-0.2,-0.17,-0.23,,,2.79,5.03,6.76,,,,,,,,,,,,,,2026-05-24,113.01,127.0,7.73,60.43,58.48,20.91,6.58,5.36,,,,,,,,,,,,,,,,,,
2026-05-24T23:12:13.65,ATALREAL,,,29.5,5.17,27.83,28.67,31.16,15.36,70.24,realty,construction,-2.5,0.13,0.46,0.11,0.39,,,2.89,3.81,5.73,,,,,,,,,,,,,,2026-05-24,27.9,29.77,1.27,69.24,67.65,33.66,5.73,3.94,,,,,,,,,,,,,,,,,,
2026-05-24T23:12:13.65,CGCL,,,190.65,2.85,180.59,185.36,201.22,16.21,18.88,financials,finance & investments,-1.41,-0.09,-0.01,-0.13,-0.03,,,2.85,3.45,5.49,,,,,,,,,,,,,,2026-05-24,180.73,193.33,2.33,56.3,56.87,20.48,3.64,3.47,,,,,,,,,,,,,,,,,,
2026-05-24T23:12:13.65,SWANDEF,,,1923.2,0.67,1786.43,1857.02,2055.57,-76.56,-95.16,transportation,miscellaneous,0.07,18.57,863.53,19.26,859.12,,,3.56,4.56,4.52,,,,,,,,,,,,,,2026-05-24,1840.0,1940.0,0.62,56.3,60.88,9.96,3.9,4.56,,,,,,,,,,,,,,,,,,
2026-05-24T23:12:13.65,SHRINGARMS,,,212.66,1.79,199.8,206.19,225.59,16.99,17.46,consumer discretionary,diamond cutting / jewellery,0.7,-0.14,NaN,-0.15,NaN,,,3.14,3.64,4.47,,,,,,,,,,,,,,2026-05-24,203.56,216.2,0.57,56.7,52.44,15.51,2.16,3.59,,,,,,,,,,,,,,,,,,
2026-05-24T23:12:13.65,BCLIND,,,34.87,2.32,32.62,33.87,36.87,8.0,8.78,fmcg,breweries & distilleries,-1.06,-0.11,-0.18,-0.13,-0.19,,,2.95,4.32,3.75,,,,,,,,,,,,,,2026-05-24,33.61,35.98,1.25,57.43,56.5,22.59,3.01,4.36,,,,,,,,,,,,,,,,,,
2026-05-23T23:16:40.486,MANALIPETC,,,62.94,13.36,58.76,55.4,78.02,9.31,8.33,energy,petrochemicals,-0.84,-0.13,-0.15,-0.25,-0.25,,,13.61,5.28,14.44,,,,,,,,,,,,,,2026-05-23,55.0,66.62,25.1,70.22,58.33,21.95,14.44,4.68,,,,,,,,,,,,,,,,,,
2026-05-23T23:16:40.486,REGAAL,,,87.42,5.0,80.45,79.98,102.29,17.21,15.67,miscellaneous,miscellaneous,-2.78,-0.08,-0.22,-0.12,-0.26,,,9.3,5.39,13.15,,,,,,,,,,,,,,2026-05-23,77.26,87.42,0.16,57.25,52.19,23.37,10.24,5.26,,,,,,,,,,,,,,,,,,
2026-05-23T23:16:40.486,EXCELSOFT,,,98.38,11.0,91.15,85.79,123.57,25.1,21.02,i.t,computers - software - medium / small,2.01,NaN,NaN,NaN,NaN,,,14.68,5.57,11.86,,,,,,,,,,,,,,2026-05-23,87.95,101.0,13.01,62.96,48.45,20.33,11.8,5.32,,,,,,,,,,,,,,,,,,
2026-05-23T23:16:40.486,TVSSCS,,,121.57,4.99,114.24,112.87,138.97,126.64,58.45,transportation,miscellaneous,0.2,-0.01,-0.12,-0.09,-0.16,,,7.71,4.01,10.12,,,,,,,,,,,,,,2026-05-23,110.4,121.57,1.44,60.18,54.54,25.13,6.64,4.01,,,,,,,,,,,,,,,,,,
2026-05-23T23:16:40.486,REDTAPE,,,134.07,4.33,126.15,129.46,143.28,17.73,34.91,consumer discretionary,trading,-3.98,-0.03,-0.04,-0.1,-0.08,,,3.56,4.3,7.17,,,,,,,,,,,,,,2026-05-23,125.1,136.3,3.58,62.05,56.15,23.37,7.0,3.97,,,,,,,,,,,,,,,,,,
2026-05-23T23:16:40.486,RICOAUTO,,,119.96,3.04,112.2,112.91,134.06,37.49,30.84,auto,auto ancillaries,1.81,-0.02,0.16,-0.08,0.13,,,6.25,4.43,7.12,,,,,,,,,,,,,,2026-05-23,111.99,123.99,1.25,55.91,53.78,9.69,4.09,4.12,,,,,,,,,,,,,,,,,,
2026-05-23T23:16:40.486,EMIL,,,120.65,4.05,112.2,117.37,127.21,29.28,43.4,consumer discretionary,trading,-4.98,-0.12,-0.2,-0.17,-0.23,,,2.79,5.03,6.76,,,,,,,,,,,,,,2026-05-23,113.01,127.0,7.73,60.43,58.48,20.91,6.58,5.36,,,,,,,,,,,,,,,,,,
2026-05-23T23:16:40.486,ATALREAL,,,29.5,5.17,27.83,28.67,31.16,15.36,70.24,realty,construction,-2.5,0.13,0.46,0.11,0.39,,,2.89,3.81,5.73,,,,,,,,,,,,,,2026-05-23,27.9,29.77,1.27,69.24,67.65,33.66,5.73,3.94,,,,,,,,,,,,,,,,,,
2026-05-23T23:16:40.486,CGCL,,,190.65,2.85,180.59,185.36,201.22,16.21,18.88,financials,finance & investments,-1.41,-0.09,-0.01,-0.13,-0.03,,,2.85,3.45,5.49,,,,,,,,,,,,,,2026-05-23,180.73,193.33,2.33,56.3,56.87,20.48,3.64,3.47,,,,,,,,,,,,,,,,,,
2026-05-23T23:16:40.486,SWANDEF,,,1923.2,0.67,1786.43,1857.02,2055.57,-76.56,-95.16,transportation,miscellaneous,0.07,18.57,863.53,19.26,859.12,,,3.56,4.56,4.52,,,,,,,,,,,,,,2026-05-23,1840.0,1940.0,0.62,56.3,60.88,9.96,3.9,4.56,,,,,,,,,,,,,,,,,,
2026-05-23T23:16:40.486,SHRINGARMS,,,212.66,1.79,199.8,206.19,225.59,16.99,17.46,consumer discretionary,diamond cutting / jewellery,0.7,-0.14,NaN,-0.15,NaN,,,3.14,3.64,4.47,,,,,,,,,,,,,,2026-05-23,203.56,216.2,0.57,56.7,52.44,15.51,2.16,3.59,,,,,,,,,,,,,,,,,,
2026-05-23T23:16:40.486,BCLIND,,,34.87,2.32,32.62,33.87,36.87,8.0,8.78,fmcg,breweries & distilleries,-1.06,-0.11,-0.18,-0.13,-0.19,,,2.95,4.32,3.75,,,,,,,,,,,,,,2026-05-23,33.61,35.98,1.25,57.43,56.5,22.59,3.01,4.36,,,,,,,,,,,,,,,,,,
2026-05-22T23:47:31.985,MANALIPETC,,,62.94,13.36,58.76,55.4,78.02,3.95,8.54,energy,petrochemicals,-0.84,-0.13,-0.15,-0.25,-0.25,,,13.61,5.28,14.44,,,,,,,,,,,,,,2026-05-22,55.0,66.62,25.1,70.22,58.33,21.95,14.44,4.68,,,,,,,,,,,,,,,,,,
2026-05-22T23:47:31.985,REGAAL,,,87.42,5.0,80.45,79.98,102.29,17.21,14.92,miscellaneous,miscellaneous,-2.78,-0.08,-0.22,-0.12,-0.26,,,9.3,5.39,13.15,,,,,,,,,,,,,,2026-05-22,77.26,87.42,0.16,57.25,52.19,23.37,10.24,5.26,,,,,,,,,,,,,,,,,,
2026-05-22T23:47:31.985,EXCELSOFT,,,98.38,11.0,91.15,85.79,123.57,25.1,18.94,i.t,computers - software - medium / small,2.01,NaN,NaN,NaN,NaN,,,14.68,5.57,11.86,,,,,,,,,,,,,,2026-05-22,87.95,101.0,13.01,62.96,48.45,20.33,11.8,5.32,,,,,,,,,,,,,,,,,,
2026-05-22T23:47:31.985,TVSSCS,,,121.57,4.99,114.24,112.87,138.97,126.64,55.67,transportation,miscellaneous,0.2,-0.01,-0.12,-0.09,-0.16,,,7.71,4.01,10.12,,,,,,,,,,,,,,2026-05-22,110.4,121.57,1.44,60.18,54.54,25.13,6.64,4.01,,,,,,,,,,,,,,,,,,
2026-05-22T23:47:31.985,REDTAPE,,,134.07,4.33,126.15,129.46,143.28,17.73,33.46,consumer discretionary,trading,-3.98,-0.03,-0.04,-0.1,-0.08,,,3.56,4.3,7.17,,,,,,,,,,,,,,2026-05-22,125.1,136.3,3.58,62.05,56.15,23.37,7.0,3.97,,,,,,,,,,,,,,,,,,
2026-05-22T23:47:31.985,RICOAUTO,,,119.96,3.04,112.2,112.91,134.06,37.49,29.93,auto,auto ancillaries,1.81,-0.02,0.16,-0.08,0.13,,,6.25,4.43,7.12,,,,,,,,,,,,,,2026-05-22,111.99,123.99,1.25,55.91,53.78,9.69,4.09,4.12,,,,,,,,,,,,,,,,,,
2026-05-22T23:47:31.985,EMIL,,,120.65,4.05,112.2,117.37,127.21,39.17,45.12,consumer discretionary,trading,-4.98,-0.12,-0.2,-0.17,-0.23,,,2.79,5.03,6.76,,,,,,,,,,,,,,2026-05-22,113.01,127.0,7.73,60.43,58.48,20.91,6.58,5.36,,,,,,,,,,,,,,,,,,
2026-05-22T23:47:31.985,ATALREAL,,,29.5,5.17,27.83,28.67,31.16,15.36,66.79,realty,construction,-2.5,0.13,0.46,0.11,0.39,,,2.89,3.81,5.73,,,,,,,,,,,,,,2026-05-22,27.9,29.77,1.27,69.24,67.65,33.66,5.73,3.94,,,,,,,,,,,,,,,,,,
2026-05-22T23:47:31.985,CGCL,,,190.65,2.85,180.59,185.36,201.22,16.21,18.35,financials,finance & investments,-1.41,-0.09,-0.01,-0.13,-0.03,,,2.85,3.45,5.49,,,,,,,,,,,,,,2026-05-22,180.73,193.33,2.33,56.3,56.87,20.48,3.64,3.47,,,,,,,,,,,,,,,,,,
2026-05-22T23:47:31.985,SWANDEF,,,1923.2,0.67,1786.43,1857.02,2055.57,-76.56,-94.53,transportation,miscellaneous,0.07,18.57,863.53,19.26,859.12,,,3.56,4.56,4.52,,,,,,,,,,,,,,2026-05-22,1840.0,1940.0,0.62,56.3,60.88,9.96,3.9,4.56,,,,,,,,,,,,,,,,,,
2026-05-22T23:47:31.985,SHRINGARMS,,,212.66,1.79,199.8,206.19,225.59,16.99,17.15,consumer discretionary,diamond cutting / jewellery,0.7,-0.14,NaN,-0.15,NaN,,,3.14,3.64,4.47,,,,,,,,,,,,,,2026-05-22,203.56,216.2,0.57,56.7,52.44,15.51,2.16,3.59,,,,,,,,,,,,,,,,,,
2026-05-22T23:47:31.985,BCLIND,,,34.87,2.32,32.62,33.87,36.87,8.0,8.58,fmcg,breweries & distilleries,-1.06,-0.11,-0.18,-0.13,-0.19,,,2.95,4.32,3.75,,,,,,,,,,,,,,2026-05-22,33.61,35.98,1.25,57.43,56.5,22.59,3.01,4.36,,,,,,,,,,,,,,,,,,
2026-05-20T11:19:28.024,360ONE,1091.3,1076.0,1085.4,-1.18,1034.02,1084.83,1086.55,38.11,36.42,financials,finance & investments,1.03,-0.07,0.02,-0.06,0.04,1.42,1.42,1.42,3.05,1.74,41.54,33.1,3.09,3.09,1.25,8.41,44610.25,0.94,0.69,1.3,28.4,380810194,406138438,2026-05-20,,,,,,,,,,,,,,,,,,,,,,,,,,
2026-05-20T11:19:28.024,PAYTM,1140.0,1101.0,1133.0,1.03,1069.04,1116.3,1166.41,98.69,129.79,i.t,miscellaneous,-1.74,-0.19,-0.13,-0.23,-0.14,3.54,3.54,3.54,3.82,4.68,43.61,43.27,3.66,3.66,1.01,17.44,71774.72,1.87,1.26,1.05,73.96,640045681,640045681,2026-05-20,,,,,,,,,,,,,,,,,,,,,,,,,,
2026-05-20T11:19:28.024,MOTHERSON,132.7,129.51,132.38,0.68,125.69,126.67,143.81,34.12,33.12,auto,auto ancillaries,2.42,0.12,0.33,0.09,0.32,2.85,2.85,2.46,3.22,5.78,11.77,4.26,3.44,3.44,2.76,31.55,138780.37,2.29,1.24,3.03,67.31,5425228487,10554442601,2026-05-20,,,,,,,,,,,,,,,,,,,,,,,,,,
2026-05-20T11:19:28.024,IFCI,61.56,60.68,61.28,-0.73,57.38,62.03,59.78,306.4,92.13,financials,finance - term-lending institutions,-1.37,0.05,0.12,0.02,0.13,1.45,1.45,1.45,4.02,0.99,3.76,2.47,4.0,4.0,1.53,23.8,16632.0,2.81,2.02,1.63,24.34,739037235,2694314331,2026-05-20,,,,,,,,,,,,,,,,,,,,,,,,,,
2026-05-20T11:19:28.024,TECHM,1476.5,1443.6,1463.1,-0.27,1394.98,1382.59,1624.11,23.95,27.03,i.t,computers - software - large,4.63,-0.05,-0.07,-0.08,-0.06,2.28,2.28,2.28,3.23,7.29,47.55,47.3,3.28,3.28,1.01,41.65,143752.51,2.88,1.3,1.04,41.23,637141920,979841252,2026-05-20,,,,,,,,,,,,,,,,,,,,,,,,,,
2026-05-20T11:19:28.024,HBLENGINE,755.95,741.3,753.4,0.16,709.67,783.98,692.24,23.69,26.18,auto,auto ancillaries,-7.87,-0.33,-0.15,-0.34,-0.15,2.0,2.0,1.98,3.63,2.36,18.5,27.36,3.62,3.62,0.68,19.62,20850.6,3.5,3.43,0.69,44.23,113342637,277194946,2026-05-20,,,,,,,,,,,,,,,,,,,,,,,,,,
2026-05-20T11:19:28.024,CRAFTSMAN,8536.0,8401.0,8508.5,-0.32,8023.69,8520.3,8484.91,41.02,48.57,auto,auto ancillaries,-0.95,0.17,0.18,0.15,0.19,2.21,2.21,1.61,3.93,3.23,956.22,334.11,4.16,4.16,2.86,7.72,20363.13,4.15,2.78,3.22,32.18,12237570,23855583,2026-05-20,,,,,,,,,,,,,,,,,,,,,,,,,,
2026-05-20T11:19:28.024,SONACOMS,584.15,570.05,581.3,0.27,551.65,575.62,592.66,47.03,56.23,auto,auto ancillaries,-2.43,0.1,0.26,0.09,0.26,3.12,3.12,2.47,3.26,4.63,35.06,18.94,3.44,3.44,1.85,10.93,36051.57,4.22,4.13,1.97,59.4,447636235,621846890,2026-05-20,,,,,,,,,,,,,,,,,,,,,,,,,,
2026-05-20T11:19:28.024,SCI,336.4,326.55,331.25,-1.78,305.2,334.36,325.03,9.53,11.61,transportation,shipping,0.57,0.19,0.46,0.18,0.48,3.02,3.02,3.02,5.8,1.84,57.23,19.22,5.5,5.5,2.98,27.12,15709.07,6.35,5.8,3.6,24.45,168856033,465799010,2026-05-20,,,,,,,,,,,,,,,,,,,,,,,,,,
2026-05-20T11:19:28.024,ZYDUSWELL,522.8,502.3,515.25,1.21,482.88,497.35,551.05,25.31,22.85,fmcg,food - processing - indian,-3.01,0.05,0.11,0.02,0.09,8.22,8.22,4.08,4.17,6.65,45.91,21.5,3.85,3.85,2.14,11.1,16197.56,6.64,5.91,2.34,60.23,96609675,318160720,2026-05-20,,,,,,,,,,,,,,,,,,,,,,,,,,
2026-05-20T11:19:28.024,SYRMA,984.95,960.15,979.0,-0.52,909.54,1038.63,859.75,46.27,58.41,consumer discretionary,electronics - components,-9.49,0.03,0.24,-0.0,0.25,2.88,2.88,2.58,4.99,2.26,82.88,48.87,4.61,4.61,1.7,26.95,18977.41,7.39,6.17,1.85,38.57,111298962,192830485,2026-05-20,,,,,,,,,,,,,,,,,,,,,,,,,,
2026-05-20T11:19:28.024,CUPID,119.91,111.71,119.91,4.87,111.21,126.36,107.01,111.03,38.76,fmcg,personal care - indian,-12.32,0.76,2.2,0.69,2.06,7.34,7.34,7.34,5.61,7.34,19.1,6.72,4.92,4.92,2.84,47.82,15374.85,11.92,10.87,3.38,121.95,725671153,1344660700,2026-05-20,,,,,,,,,,,,,,,,,,,,,,,,,,
2026-05-18T07:01:56.841,HINDCOPPER,598.0,568.0,570.25,-5.97,534.71,559.82,591.1,31.06,60.09,metals & mining,mining / minerals / metals,8.3,0.56,1.39,0.63,1.54,5.28,5.28,5.28,4.33,0.4,37.51,24.71,3.2,3.2,1.52,87.48,55144.54,1.76,0.78,1.62,9.1,327410647,967024020,2026-05-18,,,,,,,,,,,,,,,,,,,,,,,,,,
2026-05-18T07:01:56.841,PAYTM,1145.9,1122.1,1131.2,-1.17,1068.01,1129.89,1133.82,98.54,130.93,i.t,miscellaneous,-2.74,-0.2,-0.11,-0.2,-0.1,3.95,3.95,2.12,3.74,2.61,44.93,42.36,3.32,3.32,1.06,44.3,72401.97,1.92,1.06,1.1,21.48,640045681,640045681,2026-05-18,,,,,,,,,,,,,,,,,,,,,,,,,,
2026-05-18T07:01:56.841,IFCI,65.62,63.0,63.29,-2.78,59.11,61.72,66.43,316.45,94.46,financials,finance - term-lending institutions,2.75,0.07,0.19,0.08,0.22,4.49,4.49,4.16,4.62,3.13,6.08,2.92,4.26,4.26,2.08,81.71,17052.32,3.13,1.91,2.3,9.92,739037235,2694314331,2026-05-18,,,,,,,,,,,,,,,,,,,,,,,,,,
2026-05-18T07:01:56.841,JBMA,662.0,638.0,641.6,-1.36,600.03,639.01,646.77,51.08,69.29,auto,auto ancillaries,0.97,-0.06,0.03,-0.06,0.04,3.76,3.76,3.76,4.53,0.56,57.09,29.05,3.81,3.81,1.96,18.59,15173.47,3.68,1.81,2.16,12.39,76785978,236494264,2026-05-18,,,,,,,,,,,,,,,,,,,,,,,,,,
2026-05-18T07:01:56.841,HBLENGINE,792.75,769.0,771.95,-1.59,726.75,814.25,687.36,24.28,26.87,auto,auto ancillaries,-6.64,-0.26,-0.05,-0.26,-0.03,3.09,3.09,3.09,3.81,0.38,42.17,29.44,3.52,3.52,1.43,51.13,21398.06,3.96,3.0,1.51,10.02,113342637,277194946,2026-05-18,,,,,,,,,,,,,,,,,,,,,,,,,,
2026-05-18T07:01:56.841,MANAPPURAM,313.65,303.5,307.45,-1.17,291.89,309.7,302.96,16.11,26.21,financials,finance & investments,-1.26,0.03,0.13,0.04,0.15,3.34,3.34,3.34,3.58,3.52,31.31,11.0,3.32,3.32,2.85,80.63,28879.89,4.15,2.04,3.17,35.91,640935088,939336102,2026-05-18,,,,,,,,,,,,,,,,,,,,,,,,,,
2026-05-18T07:01:56.841,CRAFTSMAN,8760.0,8320.0,8462.5,-1.22,7941.68,8370.35,8646.8,40.8,48.15,auto,auto ancillaries,3.79,0.14,0.17,0.11,0.19,5.29,5.29,5.29,4.83,1.71,967.38,408.45,4.22,4.22,2.37,54.14,20187.79,4.65,2.28,2.67,34.89,12237570,23855583,2026-05-18,,,,,,,,,,,,,,,,,,,,,,,,,,
2026-05-18T07:01:56.841,ANGELONE,311.55,303.15,306.85,1.04,289.56,313.77,293.0,21.79,4.44,financials,finance & investments,-9.44,0.04,0.31,0.04,0.3,7.14,7.14,2.77,3.76,5.52,37.18,11.54,3.6,3.6,3.22,57.39,27949.72,6.63,5.75,3.67,32.06,648577180,910859230,2026-05-18,,,,,,,,,,,,,,,,,,,,,,,,,,
2026-05-18T07:01:56.841,HSCL,624.2,588.15,596.0,-3.41,551.85,632.15,523.71,37.44,39.52,chemicals,chemicals,-2.63,0.2,0.28,0.23,0.33,6.13,6.13,6.13,5.68,2.62,90.19,33.83,5.51,5.51,2.67,110.34,30070.68,7.05,6.95,3.14,23.2,239682297,504541599,2026-05-18,,,,,,,,,,,,,,,,,,,,,,,,,,
2026-05-18T07:01:56.841,SYRMA,1044.6,1002.0,1013.25,-1.5,940.57,1064.5,910.75,47.89,60.13,consumer discretionary,electronics - components,-7.29,0.05,0.33,0.05,0.35,5.83,5.83,4.25,5.59,2.65,128.95,56.61,4.76,4.76,2.28,58.14,19538.55,7.17,5.9,2.61,19.87,111298962,192830485,2026-05-18,,,,,,,,,,,,,,,,,,,,,,,,,,
2026-05-18T07:01:56.841,ZYDUSWELL,516.95,495.3,502.15,-1.07,470.27,499.38,507.7,-100.43,11.36,fmcg,food - processing - indian,0.51,0.01,0.2,0.01,0.21,4.37,4.37,4.37,4.09,1.38,40.39,20.53,3.89,3.89,1.97,9.13,15976.44,7.32,5.35,2.14,33.36,96609675,318160720,2026-05-18,,,,,,,,,,,,,,,,,,,,,,,,,,
2026-05-18T07:01:56.841,AEROFLEX,377.7,345.45,370.85,2.74,333.5,366.1,380.35,68.17,86.45,metals & mining,steel - medium / small,-1.81,0.85,1.07,0.8,1.02,9.34,9.34,9.34,8.29,7.35,89.94,30.76,7.95,7.95,2.92,95.58,4907.49,10.44,10.3,3.86,82.58,45694105,132330768,2026-05-18,,,,,,,,,,,,,,,,,,,,,,,,,,
2026-05-17T22:59:43.266,HINDCOPPER,598.0,568.0,570.25,-5.97,534.71,559.82,591.1,31.06,60.09,metals & mining,mining / minerals / metals,8.3,0.56,1.39,0.63,1.54,5.28,5.28,5.28,4.33,0.4,37.51,24.71,3.2,3.2,1.52,87.48,55144.54,1.76,0.78,1.62,9.1,327410647,967024020,2026-05-17,,,,,,,,,,,,,,,,,,,,,,,,,,
2026-05-17T22:59:43.266,PAYTM,1145.9,1122.1,1131.2,-1.17,1068.01,1129.89,1133.82,98.54,130.93,i.t,miscellaneous,-2.74,-0.2,-0.11,-0.2,-0.1,3.95,3.95,2.12,3.74,2.61,44.93,42.36,3.32,3.32,1.06,44.3,72401.97,1.92,1.06,1.1,21.48,640045681,640045681,2026-05-17,,,,,,,,,,,,,,,,,,,,,,,,,,
2026-05-17T22:59:43.266,IFCI,65.62,63.0,63.29,-2.78,59.11,61.72,66.43,316.45,94.46,financials,finance - term-lending institutions,2.75,0.07,0.19,0.08,0.22,4.49,4.49,4.16,4.62,3.13,6.08,2.92,4.26,4.26,2.08,81.71,17052.32,3.13,1.91,2.3,9.92,739037235,2694314331,2026-05-17,,,,,,,,,,,,,,,,,,,,,,,,,,
2026-05-17T22:59:43.266,JBMA,662.0,638.0,641.6,-1.36,600.03,639.01,646.77,51.08,69.29,auto,auto ancillaries,0.97,-0.06,0.03,-0.06,0.04,3.76,3.76,3.76,4.53,0.56,57.09,29.05,3.81,3.81,1.96,18.59,15173.47,3.68,1.81,2.16,12.39,76785978,236494264,2026-05-17,,,,,,,,,,,,,,,,,,,,,,,,,,
2026-05-17T22:59:43.266,HBLENGINE,792.75,769.0,771.95,-1.59,726.75,814.25,687.36,24.28,26.87,auto,auto ancillaries,-6.64,-0.26,-0.05,-0.26,-0.03,3.09,3.09,3.09,3.81,0.38,42.17,29.44,3.52,3.52,1.43,51.13,21398.06,3.96,3.0,1.51,10.02,113342637,277194946,2026-05-17,,,,,,,,,,,,,,,,,,,,,,,,,,
2026-05-17T22:59:43.266,MANAPPURAM,313.65,303.5,307.45,-1.17,291.89,309.7,302.96,16.11,26.21,financials,finance & investments,-1.26,0.03,0.13,0.04,0.15,3.34,3.34,3.34,3.58,3.52,31.31,11.0,3.32,3.32,2.85,80.63,28879.89,4.15,2.04,3.17,35.91,640935088,939336102,2026-05-17,,,,,,,,,,,,,,,,,,,,,,,,,,
2026-05-17T22:59:43.266,CRAFTSMAN,8760.0,8320.0,8462.5,-1.22,7941.68,8370.35,8646.8,40.8,48.15,auto,auto ancillaries,3.79,0.14,0.17,0.11,0.19,5.29,5.29,5.29,4.83,1.71,967.38,408.45,4.22,4.22,2.37,54.14,20187.79,4.65,2.28,2.67,34.89,12237570,23855583,2026-05-17,,,,,,,,,,,,,,,,,,,,,,,,,,
2026-05-17T22:59:43.266,ANGELONE,311.55,303.15,306.85,1.04,289.56,313.77,293.0,21.79,4.44,financials,finance & investments,-9.44,0.04,0.31,0.04,0.3,7.14,7.14,2.77,3.76,5.52,37.18,11.54,3.6,3.6,3.22,57.39,27949.72,6.63,5.75,3.67,32.06,648577180,910859230,2026-05-17,,,,,,,,,,,,,,,,,,,,,,,,,,
2026-05-17T22:59:43.266,HSCL,624.2,588.15,596.0,-3.41,551.85,632.15,523.71,37.44,39.52,chemicals,chemicals,-2.63,0.2,0.28,0.23,0.33,6.13,6.13,6.13,5.68,2.62,90.19,33.83,5.51,5.51,2.67,110.34,30070.68,7.05,6.95,3.14,23.2,239682297,504541599,2026-05-17,,,,,,,,,,,,,,,,,,,,,,,,,,
2026-05-17T22:59:43.266,SYRMA,1044.6,1002.0,1013.25,-1.5,940.57,1064.5,910.75,47.89,60.13,consumer discretionary,electronics - components,-7.29,0.05,0.33,0.05,0.35,5.83,5.83,4.25,5.59,2.65,128.95,56.61,4.76,4.76,2.28,58.14,19538.55,7.17,5.9,2.61,19.87,111298962,192830485,2026-05-17,,,,,,,,,,,,,,,,,,,,,,,,,,
2026-05-17T22:59:43.266,ZYDUSWELL,516.95,495.3,502.15,-1.07,470.27,499.38,507.7,-100.43,11.36,fmcg,food - processing - indian,0.51,0.01,0.2,0.01,0.21,4.37,4.37,4.37,4.09,1.38,40.39,20.53,3.89,3.89,1.97,9.13,15976.44,7.32,5.35,2.14,33.36,96609675,318160720,2026-05-17,,,,,,,,,,,,,,,,,,,,,,,,,,
2026-05-17T22:59:43.266,AEROFLEX,377.7,345.45,370.85,2.74,333.5,366.1,380.35,68.17,86.45,metals & mining,steel - medium / small,-1.81,0.85,1.07,0.8,1.02,9.34,9.34,9.34,8.29,7.35,89.94,30.76,7.95,7.95,2.92,95.58,4907.49,10.44,10.3,3.86,82.58,45694105,132330768,2026-05-17,,,,,,,,,,,,,,,,,,,,,,,,,,
2026-05-16T23:09:50.409,HINDCOPPER,598.0,568.0,570.25,-5.97,534.71,559.82,591.1,88.0,83.37,metals & mining,mining / minerals / metals,8.3,0.56,1.39,0.63,1.54,5.28,5.28,5.28,4.33,0.4,37.51,24.71,3.2,3.2,1.52,87.48,55144.54,1.76,0.78,1.62,9.1,327410647,967024020,2026-05-16,,,,,,,,,,,,,,,,,,,,,,,,,,
2026-05-16T23:09:50.409,PAYTM,1145.9,1122.1,1131.2,-1.17,1068.01,1129.89,1133.82,98.54,130.93,i.t,miscellaneous,-2.74,-0.2,-0.11,-0.2,-0.1,3.95,3.95,2.12,3.74,2.61,44.93,42.36,3.32,3.32,1.06,44.3,72401.97,1.92,1.06,1.1,21.48,640045681,640045681,2026-05-16,,,,,,,,,,,,,,,,,,,,,,,,,,
2026-05-16T23:09:50.409,IFCI,65.62,63.0,63.29,-2.78,59.11,61.72,66.43,316.45,94.46,financials,finance - term-lending institutions,2.75,0.07,0.19,0.08,0.22,4.49,4.49,4.16,4.62,3.13,6.08,2.92,4.26,4.26,2.08,81.71,17052.32,3.13,1.91,2.3,9.92,739037235,2694314331,2026-05-16,,,,,,,,,,,,,,,,,,,,,,,,,,
2026-05-16T23:09:50.409,JBMA,662.0,638.0,641.6,-1.36,600.03,639.01,646.77,51.08,69.29,auto,auto ancillaries,0.97,-0.06,0.03,-0.06,0.04,3.76,3.76,3.76,4.53,0.56,57.09,29.05,3.81,3.81,1.96,18.59,15173.47,3.68,1.81,2.16,12.39,76785978,236494264,2026-05-16,,,,,,,,,,,,,,,,,,,,,,,,,,
2026-05-16T23:09:50.409,HBLENGINE,792.75,769.0,771.95,-1.59,726.75,814.25,687.36,24.28,26.87,auto,auto ancillaries,-6.64,-0.26,-0.05,-0.26,-0.03,3.09,3.09,3.09,3.81,0.38,42.17,29.44,3.52,3.52,1.43,51.13,21398.06,3.96,3.0,1.51,10.02,113342637,277194946,2026-05-16,,,,,,,,,,,,,,,,,,,,,,,,,,
2026-05-16T23:09:50.409,MANAPPURAM,313.65,303.5,307.45,-1.17,291.89,309.7,302.96,16.11,26.21,financials,finance & investments,-1.26,0.03,0.13,0.04,0.15,3.34,3.34,3.34,3.58,3.52,31.31,11.0,3.32,3.32,2.85,80.63,28879.89,4.15,2.04,3.17,35.91,640935088,939336102,2026-05-16,,,,,,,,,,,,,,,,,,,,,,,,,,
2026-05-16T23:09:50.409,CRAFTSMAN,8760.0,8320.0,8462.5,-1.22,7941.68,8370.35,8646.8,40.8,48.15,auto,auto ancillaries,3.79,0.14,0.17,0.11,0.19,5.29,5.29,5.29,4.83,1.71,967.38,408.45,4.22,4.22,2.37,54.14,20187.79,4.65,2.28,2.67,34.89,12237570,23855583,2026-05-16,,,,,,,,,,,,,,,,,,,,,,,,,,
2026-05-16T23:09:50.409,ANGELONE,311.55,303.15,306.85,1.04,289.56,313.77,293.0,21.79,4.44,financials,finance & investments,-9.44,0.04,0.31,0.04,0.3,7.14,7.14,2.77,3.76,5.52,37.18,11.54,3.6,3.6,3.22,57.39,27949.72,6.63,5.75,3.67,32.06,648577180,910859230,2026-05-16,,,,,,,,,,,,,,,,,,,,,,,,,,
2026-05-16T23:09:50.409,HSCL,624.2,588.15,596.0,-3.41,551.85,632.15,523.71,37.44,39.52,chemicals,chemicals,-2.63,0.2,0.28,0.23,0.33,6.13,6.13,6.13,5.68,2.62,90.19,33.83,5.51,5.51,2.67,110.34,30070.68,7.05,6.95,3.14,23.2,239682297,504541599,2026-05-16,,,,,,,,,,,,,,,,,,,,,,,,,,
2026-05-16T23:09:50.409,SYRMA,1044.6,1002.0,1013.25,-1.5,940.57,1064.5,910.75,47.89,60.13,consumer discretionary,electronics - components,-7.29,0.05,0.33,0.05,0.35,5.83,5.83,4.25,5.59,2.65,128.95,56.61,4.76,4.76,2.28,58.14,19538.55,7.17,5.9,2.61,19.87,111298962,192830485,2026-05-16,,,,,,,,,,,,,,,,,,,,,,,,,,
2026-05-16T23:09:50.409,ZYDUSWELL,516.95,495.3,502.15,-1.07,470.27,499.38,507.7,-100.43,11.36,fmcg,food - processing - indian,0.51,0.01,0.2,0.01,0.21,4.37,4.37,4.37,4.09,1.38,40.39,20.53,3.89,3.89,1.97,9.13,15976.44,7.32,5.35,2.14,33.36,96609675,318160720,2026-05-16,,,,,,,,,,,,,,,,,,,,,,,,,,
2026-05-16T23:09:50.409,AEROFLEX,377.7,345.45,370.85,2.74,333.5,366.1,380.35,68.17,86.45,metals & mining,steel - medium / small,-1.81,0.85,1.07,0.8,1.02,9.34,9.34,9.34,8.29,7.35,89.94,30.76,7.95,7.95,2.92,95.58,4907.49,10.44,10.3,3.86,82.58,45694105,132330768,2026-05-16,,,,,,,,,,,,,,,,,,,,,,,,,,
2026-05-15T23:54:41.731,HINDCOPPER,598.0,568.0,570.25,-5.97,534.71,559.82,591.1,88.0,88.66,metals & mining,mining / minerals / metals,8.3,0.56,1.39,0.63,1.54,5.28,5.28,5.28,4.33,0.4,37.51,24.71,3.2,3.2,1.52,87.48,58645.17,1.76,0.78,1.62,9.1,327410647,967024020,2026-05-15,,,,,,,,,,,,,,,,,,,,,,,,,,
2026-05-15T23:54:41.731,PAYTM,1145.9,1122.1,1131.2,-1.17,1068.01,1129.89,1133.82,98.54,132.48,i.t,miscellaneous,-2.74,-0.2,-0.11,-0.2,-0.1,3.95,3.95,2.12,3.74,2.61,44.93,42.36,3.32,3.32,1.06,44.3,73259.63,1.92,1.06,1.1,21.48,640045681,640045681,2026-05-15,,,,,,,,,,,,,,,,,,,,,,,,,,
2026-05-15T23:54:41.731,IFCI,65.62,63.0,63.29,-2.78,59.11,61.72,66.43,316.45,97.16,financials,finance - term-lending institutions,2.75,0.07,0.19,0.08,0.22,4.49,4.49,4.16,4.62,3.13,6.08,2.92,4.26,4.26,2.08,81.71,17539.99,3.13,1.91,2.3,9.92,739037235,2694314331,2026-05-15,,,,,,,,,,,,,,,,,,,,,,,,,,
2026-05-15T23:54:41.731,JBMA,662.0,638.0,641.6,-1.36,600.03,639.01,646.77,51.08,70.24,auto,auto ancillaries,0.97,-0.06,0.03,-0.06,0.04,3.76,3.76,3.76,4.53,0.56,57.09,29.05,3.81,3.81,1.96,18.59,15382.77,3.68,1.81,2.16,12.39,76785978,236494264,2026-05-15,,,,,,,,,,,,,,,,,,,,,,,,,,
2026-05-15T23:54:41.731,HBLENGINE,792.75,769.0,771.95,-1.59,726.75,814.25,687.36,24.28,27.3,auto,auto ancillaries,-6.64,-0.26,-0.05,-0.26,-0.03,3.09,3.09,3.09,3.81,0.38,42.17,29.44,3.52,3.52,1.43,51.13,21743.17,3.96,3.0,1.51,10.02,113342637,277194946,2026-05-15,,,,,,,,,,,,,,,,,,,,,,,,,,
2026-05-15T23:54:41.731,MANAPPURAM,313.65,303.5,307.45,-1.17,291.89,309.7,302.96,16.11,26.52,financials,finance & investments,-1.26,0.03,0.13,0.04,0.15,3.34,3.34,3.34,3.58,3.52,31.31,11.0,3.32,3.32,2.85,80.63,29222.75,4.15,2.04,3.17,35.91,640935088,939336102,2026-05-15,,,,,,,,,,,,,,,,,,,,,,,,,,
2026-05-15T23:54:41.731,CRAFTSMAN,8760.0,8320.0,8462.5,-1.22,7941.68,8370.35,8646.8,40.8,48.75,auto,auto ancillaries,3.79,0.14,0.17,0.11,0.19,5.29,5.29,5.29,4.83,1.71,967.38,408.45,4.22,4.22,2.37,54.14,20437.08,4.65,2.28,2.67,34.89,12237570,23855583,2026-05-15,,,,,,,,,,,,,,,,,,,,,,,,,,
2026-05-15T23:54:41.731,ANGELONE,311.55,303.15,306.85,1.04,289.56,313.77,293.0,21.79,4.39,financials,finance & investments,-9.44,0.04,0.31,0.04,0.3,7.14,7.14,2.77,3.76,5.52,37.18,11.54,3.6,3.6,3.22,57.39,27662.79,6.63,5.75,3.67,32.06,648577180,910859230,2026-05-15,,,,,,,,,,,,,,,,,,,,,,,,,,
2026-05-15T23:54:41.731,HSCL,624.2,588.15,596.0,-3.41,551.85,632.15,523.71,37.44,40.92,chemicals,chemicals,-2.63,0.2,0.28,0.23,0.33,6.13,6.13,6.13,5.68,2.62,90.19,33.83,5.51,5.51,2.67,110.34,31132.74,7.05,6.95,3.14,23.2,239682297,504541599,2026-05-15,,,,,,,,,,,,,,,,,,,,,,,,,,
2026-05-15T23:54:41.731,SYRMA,1044.6,1002.0,1013.25,-1.5,940.57,1064.5,910.75,47.89,61.05,consumer discretionary,electronics - components,-7.29,0.05,0.33,0.05,0.35,5.83,5.83,4.25,5.59,2.65,128.95,56.61,4.76,4.76,2.28,58.14,19836.47,7.17,5.9,2.61,19.87,111298962,192830485,2026-05-15,,,,,,,,,,,,,,,,,,,,,,,,,,
2026-05-15T23:54:41.731,ZYDUSWELL,516.95,495.3,502.15,-1.07,470.27,499.38,507.7,-100.43,11.48,fmcg,food - processing - indian,0.51,0.01,0.2,0.01,0.21,4.37,4.37,4.37,4.09,1.38,40.39,20.53,3.89,3.89,1.97,9.13,16149.66,7.32,5.35,2.14,33.36,96606235,318157280,2026-05-15,,,,,,,,,,,,,,,,,,,,,,,,,,
2026-05-15T23:54:41.731,AEROFLEX,377.7,345.45,370.85,2.74,333.5,366.1,380.35,68.17,84.14,metals & mining,steel - medium / small,-1.81,0.85,1.07,0.8,1.02,9.34,9.34,9.34,8.29,7.35,89.94,30.76,7.95,7.95,2.92,95.58,4776.48,10.44,10.3,3.86,82.58,45694105,132330768,2026-05-15,,,,,,,,,,,,,,,,,,,,,,,,,,
2026-05-14T23:56:15.158,HINDCOPPER,618.1,599.15,606.45,1.87,572.25,557.23,704.89,93.59,87.03,metals & mining,mining / minerals / metals,4.73,0.64,1.54,0.51,1.49,7.12,7.12,3.16,3.73,8.23,73.44,22.6,3.06,3.06,3.25,130.29,57566.94,3.11,0.63,3.7,32.31,327410647,967024020,2026-05-14,,,,,,,,,,,,,,,,,,,,,,,,,,
2026-05-14T23:56:15.158,GRSE,2867.5,2664.0,2705.4,-5.19,2484.11,2967.05,2182.1,25.55,43.7,aerospace & defence,miscellaneous,-6.77,-0.12,0.08,-0.06,0.14,7.64,7.64,7.64,5.73,1.55,149.64,155.08,5.17,5.17,0.97,120.52,32686.27,3.28,3.27,1.02,26.7,29210760,114552000,2026-05-14,,,,,,,,,,,,,,,,,,,,,,,,,,
2026-05-14T23:56:15.158,YESBANK,22.45,21.88,22.19,0.36,21.23,21.83,22.9,16.32,19.92,bank,banks - private sector,2.48,-0.1,0.13,-0.11,0.13,2.61,2.61,2.61,3.24,1.42,2.46,0.72,3.02,3.02,3.42,79.87,69377.74,3.72,0.16,3.85,43.08,31378443140,31378443140,2026-05-14,,,,,,,,,,,,,,,,,,,,,,,,,,
2026-05-14T23:56:15.158,HBLENGINE,795.45,772.4,784.4,0.1,738.61,821.59,710.03,24.67,27.27,auto,auto ancillaries,-6.12,-0.26,-0.02,-0.28,-0.02,2.98,2.98,2.98,3.87,1.55,56.05,30.32,3.51,3.51,1.85,69.25,21721.0,4.02,2.85,1.99,39.58,113342637,277194946,2026-05-14,,,,,,,,,,,,,,,,,,,,,,,,,,
2026-05-14T23:56:15.158,MANAPPURAM,313.5,304.3,311.1,0.52,295.52,309.14,315.02,16.3,26.39,financials,finance & investments,-3.24,0.05,0.13,0.03,0.12,5.56,5.56,3.02,3.58,6.52,35.25,11.13,3.27,3.27,3.17,49.15,29072.45,4.09,1.81,3.57,61.08,640935088,939336102,2026-05-14,,,,,,,,,,,,,,,,,,,,,,,,,,
2026-05-14T23:56:15.158,JBMA,672.3,640.55,650.45,-2.02,608.55,637.3,676.75,51.79,71.69,auto,auto ancillaries,4.3,-0.06,0.02,-0.04,0.04,4.96,4.96,4.96,4.59,1.55,67.55,29.83,3.79,3.79,2.26,21.34,15699.67,4.2,1.68,2.53,33.19,76785978,236494264,2026-05-14,,,,,,,,,,,,,,,,,,,,,,,,,,
2026-05-14T23:56:15.158,SCI,338.5,321.0,326.9,-1.46,301.77,328.91,322.89,9.4,11.42,transportation,shipping,0.55,0.12,0.5,0.16,0.52,5.45,5.45,5.45,5.9,1.84,59.09,19.28,6.24,6.24,3.06,64.19,15452.88,6.19,5.83,3.74,30.6,168856033,465799010,2026-05-14,,,,,,,,,,,,,,,,,,,,,,,,,,
2026-05-14T23:56:15.158,ZYDUSWELL,523.6,502.2,507.6,-1.5,475.75,499.78,523.25,-101.52,11.66,fmcg,food - processing - indian,1.42,0.01,0.22,0.03,0.24,4.26,4.26,4.26,4.01,1.3,48.19,20.36,3.85,3.85,2.37,9.99,16396.24,6.81,5.11,2.61,26.52,96606235,318157280,2026-05-14,,,,,,,,,,,,,,,,,,,,,,,,,,
2026-05-14T23:56:15.158,RPSGVENT,993.9,950.0,960.95,-0.21,865.52,901.33,1080.19,-7.13,-34.05,i.t,computers - software - medium / small,9.35,0.05,0.05,0.04,0.06,4.62,4.62,4.62,6.97,1.15,139.44,67.02,6.37,6.37,2.08,2.76,3186.06,7.01,3.6,2.43,16.34,12073284,33086409,2026-05-14,,,,,,,,,,,,,,,,,,,,,,,,,,
2026-05-14T23:56:15.158,SYRMA,1046.0,987.05,1028.7,-0.67,955.48,1066.48,953.14,48.62,61.46,consumer discretionary,electronics - components,-2.64,0.06,0.37,0.14,0.38,5.97,5.97,5.97,5.71,4.22,147.99,58.77,5.02,5.02,2.52,156.08,19970.49,7.41,5.84,2.94,70.87,111298962,192830485,2026-05-14,,,,,,,,,,,,,,,,,,,,,,,,,,
2026-05-14T23:56:15.158,ACUTAAS,2848.9,2706.5,2726.8,-3.57,2556.0,2698.55,2783.31,42.37,64.99,healthcare,pharmaceuticals - indian - bulk drugs,4.25,0.47,0.86,0.47,0.94,5.26,5.26,5.26,4.11,0.75,335.1,112.14,4.14,4.14,2.99,118.15,23151.52,7.57,7.47,3.41,18.1,55129706,81871122,2026-05-14,,,,,,,,,,,,,,,,,,,,,,,,,,
2026-05-14T23:56:15.158,ATHERENERG,958.95,936.05,940.3,-1.22,872.11,929.53,961.85,-89.72,-68.24,auto,automobiles - scooters and 3 - wheelers,-1.29,0.38,1.11,0.32,1.14,4.9,4.9,2.45,4.92,2.86,123.3,46.3,5.11,5.11,2.66,57.36,36428.57,8.33,7.64,3.07,9.18,226664448,382673164,2026-05-14,,,,,,,,,,,,,,,,,,,,,,,,,,
2026-04-17T15:37:38.288,PAYTM,1165.0,1145.15,1163.4,1.27,1097.41,1064.44,1361.32,82.63,-425.5,i.t,miscellaneous,9.0,-0.16,0.05,-0.16,0.04,3.63,3.63,1.73,3.61,3.49,69.15,42.02,3.87,3.87,1.65,62.53,73531.65,0.16,-0.4,1.75,43.43,640045681,640045681,2026-04-17,,,,,,,,,,,,,,,,,,,,,,,,,,
2026-04-17T15:37:38.288,HBLENGINE,794.9,778.0,788.0,0.61,740.11,708.23,947.54,24.78,27.26,auto,auto ancillaries,14.15,-0.19,0.31,-0.22,0.3,3.0,3.0,2.17,3.97,3.53,78.87,31.25,4.17,4.17,2.52,80.57,21711.29,0.55,0.36,2.8,32.0,113342637,277194946,2026-04-17,,,,,,,,,,,,,,,,,,,,,,,,,,
2026-04-17T15:37:38.288,GMRAIRPORT,97.93,95.8,97.3,0.57,92.01,91.25,109.4,202.71,-276.43,miscellaneous,miscellaneous,8.53,-0.01,0.05,-0.0,0.04,2.22,2.22,2.22,3.58,1.57,2.41,3.48,3.53,3.53,0.69,75.15,102158.09,1.99,1.36,0.71,43.06,3564696146,10558975952,2026-04-17,,,,,,,,,,,,,,,,,,,,,,,,,,
2026-04-17T15:37:38.288,FORTIS,897.55,867.0,887.8,1.59,845.58,814.02,1035.36,86.36,68.7,healthcare,healthcare,8.39,-0.25,0.02,-0.26,0.0,4.25,4.25,3.52,3.24,3.78,18.11,28.76,3.36,3.36,0.63,56.07,65975.79,2.94,2.53,0.64,72.33,519662253,754958148,2026-04-17,,,,,,,,,,,,,,,,,,,,,,,,,,
2026-04-17T15:37:38.288,VOLTAS,1447.8,1393.5,1445.1,2.58,1360.0,1240.74,1853.82,140.57,93.11,consumer discretionary,air-conditioners,15.34,-0.06,0.05,-0.07,0.02,4.37,4.37,3.9,4.0,4.66,27.32,57.87,4.23,4.23,0.47,113.15,46615.04,3.25,2.33,0.48,89.16,230631260,330884740,2026-04-17,,,,,,,,,,,,,,,,,,,,,,,,,,
2026-04-17T15:37:38.288,ADANIPORTS,1578.5,1549.2,1572.4,1.46,1498.53,1415.78,1885.64,28.0,26.85,transportation,miscellaneous,10.5,-0.0,0.09,-0.01,0.08,4.54,4.54,1.89,3.13,6.18,108.71,49.26,3.01,3.01,2.21,189.47,357067.58,3.72,2.45,2.37,47.09,736762860,2303959098,2026-04-17,,,,,,,,,,,,,,,,,,,,,,,,,,
2026-04-17T15:37:38.288,TATAINVEST,717.3,705.0,714.5,0.64,672.14,625.74,892.02,119.88,17.4,financials,finance & investments,19.1,-0.3,0.03,-0.37,0.02,2.04,2.04,1.74,4.22,1.64,79.31,30.19,4.12,4.12,2.63,38.78,35920.13,3.94,1.91,2.96,31.47,134663490,505952960,2026-04-17,,,,,,,,,,,,,,,,,,,,,,,,,,
2026-04-17T15:37:38.288,HEG,646.25,628.0,633.35,1.04,594.07,561.97,776.12,14.77,31.72,industrials,electrodes - graphites,9.42,0.14,0.15,0.11,0.14,9.53,9.53,2.91,4.27,10.73,91.34,27.05,4.55,4.55,3.38,121.0,12096.8,4.56,3.06,3.95,19.78,84368660,192977530,2026-04-17,,,,,,,,,,,,,,,,,,,,,,,,,,
2026-04-17T15:37:38.288,JSWENERGY,540.7,534.2,538.0,0.38,510.51,491.02,631.97,55.81,41.07,power & utilities,power generation and supply,7.96,-0.09,-0.01,-0.09,-0.02,4.07,4.07,1.22,3.57,3.78,47.53,19.2,3.4,3.4,2.48,112.14,93671.65,5.73,4.96,2.72,19.8,537172638,1747768451,2026-04-17,,,,,,,,,,,,,,,,,,,,,,,,,,
2026-04-17T15:37:38.288,KEI,4866.2,4634.5,4833.8,4.01,4559.47,4219.57,6062.25,49.18,51.6,industrials,cables - power,12.72,0.01,0.2,-0.03,0.15,6.09,6.09,5.0,3.83,6.59,342.31,185.33,3.73,3.73,1.85,113.44,44429.42,6.58,5.65,1.99,107.54,62139603,95600595,2026-04-17,,,,,,,,,,,,,,,,,,,,,,,,,,
2026-04-17T15:37:38.288,AMBER,7992.5,7714.0,7951.5,3.07,7489.53,6714.33,10425.84,-256.5,161.16,consumer discretionary,air-conditioners,18.05,-0.1,-0.04,-0.14,-0.07,6.07,6.07,3.61,3.98,9.49,793.69,316.17,4.08,4.08,2.51,103.41,27133.47,7.07,6.57,2.79,75.12,21738805,35172042,2026-04-17,,,,,,,,,,,,,,,,,,,,,,,,,,
2026-04-17T15:37:38.288,TATAPOWER,432.0,424.6,427.5,0.21,409.53,395.09,492.32,44.35,35.97,power & utilities,power generation and supply,7.59,-0.01,0.03,-0.0,0.03,3.8,3.8,1.74,2.9,4.27,42.8,12.39,3.15,3.15,3.46,100.42,136313.19,7.34,7.11,3.84,23.41,1698081982,3195339547,2026-04-17,,,,,,,,,,,,,,,,,,,,,,,,,,
2026-03-30T15:26:20.88,NATIONALUM,,,385.15,3.81,,370.33,407.37,11.08,11.09,metals & mining,aluminium and aluminium products,,0.74,0.95,,,,,4.0,,,,,,,,,,,,,,,,2026-03-30,,,1.86,55.02,,15.3,,,,,,,,,,,,,,368.53,347.0,106.89,349.44,332.11,26.5,
2026-03-30T15:26:20.88,HONASA,,,298.35,0.03,,271.45,338.69,48.43,62.27,services,trading,,-0.01,-0.04,,,,,9.91,,,,,,,,,,,,,,,,2026-03-30,,,0.6,56.95,,26.16,,,,,,,,,,,,,,282.44,277.75,2.05,273.68,256.67,6.88,
2026-03-30T15:26:20.88,WAAREEENER,,,3112.5,0.64,,2971.52,3323.97,21.06,27.17,industrials,electric equipment,,-0.13,-0.07,,,,,4.74,,,,,,,,,,,,,,,,2026-03-30,,,0.73,60.18,,22.19,,,,,,,,,,,,,,2953.72,3014.0,-8.49,2850.19,2684.35,6.61,
2026-03-30T15:26:20.88,ONGC,,,284.3,0.83,,261.9,317.9,8.93,9.35,energy,oil drilling / allied services,,0.09,0.13,,,,,8.55,,,,,,,,,,,,,,,,2026-03-30,,,1.85,64.98,,30.46,,,,,,,,,,,,,,276.61,263.9,21.82,267.93,259.71,4.38,
2026-03-30T15:26:20.88,NATCOPHARM,,,975.7,-0.31,,950.15,1014.03,28.83,11.26,healthcare,pharmaceuticals - indian - bulk drugs & formln,,0.13,-0.07,,,,,2.69,,,,,,,,,,,,,,,,2026-03-30,,,0.81,55.39,,22.4,,,,,,,,,,,,,,941.09,924.4,13.23,899.27,874.04,4.11,
2026-03-30T15:26:20.88,IPCALAB,,,1599.8,0.87,,1532.45,1700.83,31.1,44.23,healthcare,pharmaceuticals - indian - bulk drugs & formln,,0.12,0.05,,,,,4.39,,,,,,,,,,,,,,,,2026-03-30,,,1.99,67.11,,23.38,,,,,,,,,,,,,,1522.63,1488.3,15.6,1479.33,1403.07,3.64,
2026-03-30T15:26:20.88,AUROPHARMA,,,1302.8,-0.87,,1291.13,1320.31,20.78,21.89,healthcare,pharmaceuticals - indian - bulk drugs & formln,,0.1,0.09,,,,,0.9,,,,,,,,,,,,,,,,2026-03-30,,,1.18,60.52,,13.17,,,,,,,,,,,,,,1272.14,1255.4,26.75,1231.57,1195.35,2.54,
2026-03-30T15:26:20.88,DMART,,,3953.5,1.29,,3748.38,4261.18,75.16,88.65,consumer discretionary,trading,,-0.2,-0.05,,,,,5.47,,,,,,,,,,,,,,,,2026-03-30,,,3.48,57.49,,11.82,,,,,,,,,,,,,,3799.46,3630.0,-16.86,3717.75,3554.24,-0.09,
2026-03-30T15:26:20.88,DCMSHRIRAM,,,1117.0,0.42,,1027.09,1251.86,17.56,24.84,miscellaneous,diversified - mega,,-0.11,-0.23,,,,,8.75,,,,,,,,,,,,,,,,2026-03-30,,,1.59,59.24,,23.83,,,,,,,,,,,,,,1061.34,1000.0,-9.99,1023.52,967.91,-0.61,
2026-03-30T15:26:20.88,PREMIERENE,,,889.5,-0.48,,858.31,936.29,25.5,30.2,services,trading,,-0.2,-0.2,,,,,3.63,,,,,,,,,,,,,,,,2026-03-30,,,0.75,67.97,,28.77,,,,,,,,,,,,,,856.86,843.9,-10.46,823.59,785.45,-1.19,
2026-03-30T15:26:20.88,LLOYDSME,,,1274.0,-0.34,,1200.64,1384.04,16.03,27.23,metals & mining,mining / minerals / metals,,-0.07,-0.17,,,,,6.11,,,,,,,,,,,,,,,,2026-03-30,,,0.67,56.08,,14.89,,,,,,,,,,,,,,1209.71,1186.4,-1.09,1151.58,1081.77,-1.27,
2026-03-30T15:26:20.88,BALRAMCHIN,,,493.6,-0.72,,480.47,513.3,21.96,22.41,fmcg,sugar,,0.01,-0.23,,,,,2.73,,,,,,,,,,,,,,,,2026-03-30,,,1.77,55.22,,24.32,,,,,,,,,,,,,,478.73,443.0,-7.83,442.93,419.73,-2.15,
2026-03-27T17:32:37.037,SYRMA,,,818.2,0.06,,723.81,959.79,38.38,53.69,consumer discretionary,electronics - components,,-0.06,0.16,,,,,13.04,,,,,,,,,,,,,,,,2026-03-27,,,1.11,56.48,,18.44,,,,,,,,,,,,,,789.98,735.7,10.83,737.04,699.42,17.17,
2026-03-27T17:32:37.037,EMCURE,,,1652.7,3.72,,1486.35,1902.23,33.98,34.71,healthcare,pharmaceuticals - indian - bulk drugs & formln,,0.19,0.18,,,,,11.19,,,,,,,,,,,,,,,,2026-03-27,,,3.86,66.18,,14.54,,,,,,,,,,,,,,1544.77,1443.8,15.44,1511.58,1424.85,14.21,
2026-03-27T17:32:37.037,DELHIVERY,,,428.75,-0.37,,402.62,467.95,202.24,210.96,transportation,miscellaneous,,-0.11,0.02,,,,,6.49,,,,,,,,,,,,,,,,2026-03-27,,,2.24,54.23,,14.03,,,,,,,,,,,,,,412.29,402.0,-8.53,400.26,380.24,13.87,
2026-03-27T17:32:37.037,GESHIP,,,1415.0,-0.11,,1407.84,1425.74,6.22,8.94,transportation,shipping,,0.31,0.38,,,,,0.51,,,,,,,,,,,,,,,,2026-03-27,,,0.6,55.68,,21.85,,,,,,,,,,,,,,1373.18,1346.0,51.46,1291.94,1227.74,11.89,
2026-03-27T17:32:37.037,ADANIPOWER,,,153.92,0.18,,148.22,162.48,29.83,8.51,power & utilities,power generation and supply,,-0.03,0.22,,,,,3.85,,,,,,,,,,,,,,,,2026-03-27,,,1.02,60.69,,16.67,,,,,,,,,,,,,,148.53,144.65,29.41,141.49,133.53,11.23,
2026-03-27T17:32:37.037,GLENMARK,,,2170.5,0.09,,2142.75,2212.13,37.97,57.46,healthcare,pharmaceuticals - indian - bulk drugs & formln,,0.01,-0.06,,,,,1.3,,,,,,,,,,,,,,,,2026-03-27,,,1.41,54.65,,11.31,,,,,,,,,,,,,,2103.67,2078.3,12.08,2023.17,1930.57,10.6,
2026-03-27T17:32:37.037,ACMESOLAR,,,269.41,6.02,,243.0,309.03,35.83,31.41,realty,engineering - turnkey services,,-0.07,-0.11,,,,,10.87,,,,,,,,,,,,,,,,2026-03-27,,,8.89,64.46,,27.41,,,,,,,,,,,,,,246.14,234.8,-5.59,238.13,219.25,7.27,
2026-03-27T17:32:37.037,AUROPHARMA,,,1314.2,0.49,,1287.26,1354.6,20.97,21.78,healthcare,pharmaceuticals - indian - bulk drugs & formln,,0.11,0.12,,,,,2.09,,,,,,,,,,,,,,,,2026-03-27,,,1.09,63.55,,13.2,,,,,,,,,,,,,,1270.08,1255.4,28.06,1236.88,1191.69,3.32,
2026-03-27T17:32:37.037,NLCINDIA,,,270.4,1.1,,252.28,297.57,12.95,13.45,power & utilities,power generation and supply,,-0.11,0.15,,,,,7.18,,,,,,,,,,,,,,,,2026-03-27,,,1.2,57.97,,13.56,,,,,,,,,,,,,,260.48,250.4,18.88,247.81,233.77,2.57,
2026-03-27T17:32:37.037,SUNPHARMA,,,1793.6,-0.1,,1774.23,1822.66,32.03,39.46,healthcare,pharmaceuticals - indian - bulk drugs & formln,,0.04,0.03,,,,,1.09,,,,,,,,,,,,,,,,2026-03-27,,,1.07,56.35,,20.14,,,,,,,,,,,,,,1749.3,1741.1,13.12,1716.52,1684.1,0.9,
2026-03-27T17:32:37.037,DCMSHRIRAM,,,1112.0,-0.69,,1012.67,1261.0,17.48,25.0,miscellaneous,diversified - mega,,-0.11,-0.21,,,,,9.81,,,,,,,,,,,,,,,,2026-03-27,,,0.86,58.46,,25.15,,,,,,,,,,,,,,1072.9,1000.0,-10.1,1019.31,960.79,0.61,
2026-03-27T17:32:37.037,ATHERENERG,,,796.35,2.54,,727.74,899.26,-89.68,-38.2,auto,automobiles - scooters and 3 - wheelers,,0.36,1.24,,,,,9.43,,,,,,,,,,,,,,,,2026-03-27,,,2.12,68.84,,17.5,,,,,,,,,,,,,,743.87,717.05,85.31,716.42,663.02,NaN,
2026-03-17T08:19:15.721,NAVINFLUOR,,,6171.5,,,6284.42,6724.58,42.64,57.13,chemicals,chemicals,-2.78,0.29,0.36,0.17,0.27,,,3.5,4.37,10.25,,,,,,,,,,,,,,2026-03-17,,,,55.64,,24.83,,,2.39,-7.23,6660.0,6.46,6110.0,-4.87,7.39,,,,,,,,,,,
2026-03-17T08:19:15.721,KTKBANK,,,217.7,,,204.14,223.04,7.08,7.13,bank,banks - private sector,-1.9,0.13,0.01,0.05,-0.05,,,4.63,3.55,9.23,,,,,,,,,,,,,,2026-03-17,,,,65.72,,14.74,,,9.09,-4.81,233.0,6.66,200.25,-4.6,10.77,,,,,,,,,,,
2026-03-17T08:19:15.721,FLAIR,,,297.95,,,308.19,323.91,23.95,23.28,miscellaneous,printing & stationery,-0.39,-0.09,0.24,-0.12,0.2,,,2.55,4.06,8.59,,,,,,,,,,,,,,2026-03-17,,,,54.26,,24.6,,,1.12,-7.86,319.6,2.95,307.0,-3.36,4.09,,,,,,,,,,,
2026-03-17T08:19:15.721,COALINDIA,,,460.3,,,421.01,477.79,9.91,9.5,metals & mining,mining / minerals / metals,4.51,0.05,0.11,0.02,0.07,,,6.74,2.76,8.03,,,,,,,,,,,,,,2026-03-17,,,,63.22,,17.67,,,5.92,-3.48,476.0,2.14,440.0,-1.44,4.65,,,,,,,,,,,
2026-03-17T08:19:15.721,DRREDDY,,,1276.9,,,1296.17,1330.83,21.97,19.1,healthcare,pharmaceuticals - indian - bulk drugs & formln,-0.28,-0.05,-0.04,-0.06,-0.05,,,1.34,2.6,7.56,,,,,,,,,,,,,,2026-03-17,,,,61.85,,22.14,,,1.81,-3.77,1337.3,1.62,1292.5,-1.78,7.37,,,,,,,,,,,
2026-03-17T08:19:15.721,CCL,,,1043.3,,,1011.0,1047.2,34.64,37.0,fmcg,tea,0.26,0.03,0.21,-0.0,0.19,,,1.79,3.64,6.75,,,,,,,,,,,,,,2026-03-17,,,,56.33,,25.22,,,3.63,-4.29,1066.5,1.53,1013.6,-2.66,6.92,,,,,,,,,,,
2026-03-17T08:19:15.721,HINDALCO,,,921.15,,,899.7,1010.2,24.95,12.72,metals & mining,aluminium and aluminium products,2.97,0.18,0.4,0.14,0.35,,,6.14,3.53,6.57,,,,,,,,,,,,,,2026-03-17,,,,55.36,,15.48,,,2.51,-5.62,983.5,3.08,926.4,-1.78,5.81,,,,,,,,,,,
2026-03-17T08:19:15.721,INOXINDIA,,,1144.4,,,1135.86,1190.14,42.77,41.86,industrials,packaging,-0.19,-0.08,-0.04,-0.11,-0.07,,,2.39,3.21,6.4,,,,,,,,,,,,,,2026-03-17,,,,55.71,,16.47,,,4.47,-3.96,1215.0,2.58,1133.7,-2.32,4.62,,,,,,,,,,,
2026-03-17T08:19:15.721,MCX,,,2555.6,,,2360.34,2746.66,8.12,13.91,financials,miscellaneous,5.84,0.55,0.49,0.48,0.45,,,8.18,3.48,5.29,,,,,,,,,,,,,,2026-03-17,,,,60.87,,13.66,,,2.76,-4.41,2623.9,2.22,2498.1,-3.02,7.72,,,,,,,,,,,
2026-03-17T08:19:15.721,AUROPHARMA,,,1279.6,,,1170.11,1280.89,20.41,21.31,healthcare,pharmaceuticals - indian - bulk drugs & formln,2.38,0.08,0.08,0.06,0.05,,,4.73,3.08,3.87,,,,,,,,,,,,,,2026-03-17,,,,58.16,,12.9,,,7.69,-3.54,1319.8,2.3,1198.0,-2.68,5.27,,,,,,,,,,,
2026-03-17T08:19:15.721,ZYDUSLIFE,,,886.9,,,905.58,923.72,21.4,18.07,healthcare,pharmaceuticals - indian - bulk drugs & formln,-0.83,-0.17,-0.07,-0.19,-0.09,,,1.0,2.2,2.89,,,,,,,,,,,,,,2026-03-17,,,,52.47,,25.58,,,2.35,-4.11,936.15,1.84,898.1,-1.98,3.56,,,,,,,,,,,
2026-03-17T08:19:15.721,STYLAMIND,,,2214.5,,,2202.92,2255.48,20.38,26.55,building materials,miscellaneous,0.32,0.24,0.34,0.26,0.33,,,1.19,1.19,1.51,,,,,,,,,,,,,,2026-03-17,,,,56.72,,29.73,,,0.34,-3.05,2236.8,0.87,2210.0,-1.35,1.5,,,,,,,,,,,
2026-03-16T23:24:41.808,NAVINFLUOR,,,6171.5,,,6284.42,6724.58,42.64,57.14,chemicals,chemicals,-2.78,0.29,0.36,0.17,0.27,,,3.5,4.37,10.25,,,,,,,,,,,,,,2026-03-16,,,,55.64,,24.83,,,2.39,-7.23,6660.0,6.46,6110.0,-4.87,7.39,,,,,,,,,,,
2026-03-16T23:24:41.808,KTKBANK,,,217.7,,,204.14,223.04,7.08,7.32,bank,banks - private sector,-1.9,0.13,0.01,0.05,-0.05,,,4.63,3.55,9.23,,,,,,,,,,,,,,2026-03-16,,,,65.72,,14.74,,,9.09,-4.81,233.0,6.66,200.25,-4.6,10.77,,,,,,,,,,,
2026-03-16T23:24:41.808,FLAIR,,,297.95,,,308.19,323.91,23.95,23.35,miscellaneous,printing & stationery,-0.39,-0.09,0.24,-0.12,0.2,,,2.55,4.06,8.59,,,,,,,,,,,,,,2026-03-16,,,,54.26,,24.6,,,1.12,-7.86,319.6,2.95,307.0,-3.36,4.09,,,,,,,,,,,
2026-03-16T23:24:41.808,COALINDIA,,,460.3,,,421.01,477.79,9.91,9.64,metals & mining,mining / minerals / metals,4.51,0.05,0.11,0.02,0.07,,,6.74,2.76,8.03,,,,,,,,,,,,,,2026-03-16,,,,63.22,,17.67,,,5.92,-3.48,476.0,2.14,440.0,-1.44,4.65,,,,,,,,,,,
2026-03-16T23:24:41.808,DRREDDY,,,1276.9,,,1296.17,1330.83,21.97,19.33,healthcare,pharmaceuticals - indian - bulk drugs & formln,-0.28,-0.05,-0.04,-0.06,-0.05,,,1.34,2.6,7.56,,,,,,,,,,,,,,2026-03-16,,,,61.85,,22.14,,,1.81,-3.77,1337.3,1.62,1292.5,-1.78,7.37,,,,,,,,,,,
2026-03-16T23:24:41.808,CCL,,,1043.3,,,1011.0,1047.2,34.64,36.26,fmcg,tea,0.26,0.03,0.21,-0.0,0.19,,,1.79,3.64,6.75,,,,,,,,,,,,,,2026-03-16,,,,56.33,,25.22,,,3.63,-4.29,1066.5,1.53,1013.6,-2.66,6.92,,,,,,,,,,,
2026-03-16T23:24:41.808,HINDALCO,,,921.15,,,899.7,1010.2,24.95,12.57,metals & mining,aluminium and aluminium products,2.97,0.18,0.4,0.14,0.35,,,6.14,3.53,6.57,,,,,,,,,,,,,,2026-03-16,,,,55.36,,15.48,,,2.51,-5.62,983.5,3.08,926.4,-1.78,5.81,,,,,,,,,,,
2026-03-16T23:24:41.808,INOXINDIA,,,1144.4,,,1135.86,1190.14,42.77,41.57,industrials,packaging,-0.19,-0.08,-0.04,-0.11,-0.07,,,2.39,3.21,6.4,,,,,,,,,,,,,,2026-03-16,,,,55.71,,16.47,,,4.47,-3.96,1215.0,2.58,1133.7,-2.32,4.62,,,,,,,,,,,
2026-03-16T23:24:41.808,MCX,,,2555.6,,,2360.34,2746.66,8.12,13.6,financials,miscellaneous,5.84,0.55,0.49,0.48,0.45,,,8.18,3.48,5.29,,,,,,,,,,,,,,2026-03-16,,,,60.87,,13.66,,,2.76,-4.41,2623.9,2.22,2498.1,-3.02,7.72,,,,,,,,,,,
2026-03-16T23:24:41.808,AUROPHARMA,,,1279.6,,,1170.11,1280.89,20.41,21.59,healthcare,pharmaceuticals - indian - bulk drugs & formln,2.38,0.08,0.08,0.06,0.05,,,4.73,3.08,3.87,,,,,,,,,,,,,,2026-03-16,,,,58.16,,12.9,,,7.69,-3.54,1319.8,2.3,1198.0,-2.68,5.27,,,,,,,,,,,
2026-03-16T23:24:41.808,ZYDUSLIFE,,,886.9,,,905.58,923.72,21.4,18.45,healthcare,pharmaceuticals - indian - bulk drugs & formln,-0.83,-0.17,-0.07,-0.19,-0.09,,,1.0,2.2,2.89,,,,,,,,,,,,,,2026-03-16,,,,52.47,,25.58,,,2.35,-4.11,936.15,1.84,898.1,-1.98,3.56,,,,,,,,,,,
2026-03-16T23:24:41.808,STYLAMIND,,,2214.5,,,2202.92,2255.48,20.38,26.51,building materials,miscellaneous,0.32,0.24,0.34,0.26,0.33,,,1.19,1.19,1.51,,,,,,,,,,,,,,2026-03-16,,,,56.72,,29.73,,,0.34,-3.05,2236.8,0.87,2210.0,-1.35,1.5,,,,,,,,,,,
2026-03-13T09:55:11.876,KIRLOSENG,,,1483.8,1.01,,1452.54,1530.69,48.43,39.02,industrials,engines,,0.54,0.67,,,,,2.15,,,,,,,,,,,,,,,,2026-03-13,,,0.2,66.91,,21.45,,,,,,,,,,,,,,1427.27,1404.9,63.98,1354.91,1274.95,29.76,
2026-03-13T09:55:11.876,TORNTPHARM,,,4442.0,-0.09,,4411.13,4488.3,59.16,66.15,healthcare,pharmaceuticals - indian - formulations,,0.16,0.26,,,,,0.7,,,,,,,,,,,,,,,,2026-03-13,,,0.29,68.23,,15.78,,,,,,,,,,,,,,4333.66,4259.2,22.8,4273.84,4188.63,10.83,
2026-03-13T09:55:11.876,TIMKEN,,,3494.0,0.22,,3342.04,3721.94,120.48,58.7,industrials,bearings,,0.06,-0.02,,,,,4.55,,,,,,,,,,,,,,,,2026-03-13,,,1.4,63.66,,17.81,,,,,,,,,,,,,,3371.98,3234.0,22.55,3261.67,3093.43,6.99,
2026-03-13T09:55:11.876,FACT,,,891.4,5.48,,709.32,1164.52,-212.24,1965.35,chemicals,fertilizers,,-0.18,-0.11,,,,,25.67,,,,,,,,,,,,,,,,2026-03-13,,,2.73,64.16,,35.25,,,,,,,,,,,,,,808.6,652.1,-9.72,753.78,675.66,6.4,
2026-03-13T09:55:11.876,ACMESOLAR,,,255.07,6.24,,225.74,299.06,33.92,29.68,realty,engineering - turnkey services,,-0.25,-0.01,,,,,12.99,,,,,,,,,,,,,,,,2026-03-13,,,4.81,67.09,,14.67,,,,,,,,,,,,,,234.23,216.34,-9.57,227.86,215.18,5.1,
2026-03-13T09:55:11.876,ABB,,,6509.5,1.57,,6091.24,7136.89,79.66,81.39,industrials,electric equipment,,0.12,0.06,,,,,6.87,,,,,,,,,,,,,,,,2026-03-13,,,0.55,70.87,,35.53,,,,,,,,,,,,,,6280.82,5853.0,27.97,6106.49,5848.73,4.81,
2026-03-13T09:55:11.876,AUROPHARMA,,,1306.7,-0.4,,1237.77,1410.09,20.85,21.85,healthcare,pharmaceuticals - indian - bulk drugs & formln,,0.09,0.12,,,,,5.57,,,,,,,,,,,,,,,,2026-03-13,,,0.16,68.92,,15.99,,,,,,,,,,,,,,1266.36,1182.1,21.24,1234.33,1191.15,4.18,
2026-03-13T09:55:11.876,LUPIN,,,2351.6,-0.24,,2325.24,2391.14,22.84,23.17,healthcare,pharmaceuticals - indian - bulk drugs & formln,,0.06,0.16,,,,,1.13,,,,,,,,,,,,,,,,2026-03-13,,,0.07,66.35,,21.24,,,,,,,,,,,,,,2294.57,2284.4,18.19,2262.67,2206.27,4.13,
2026-03-13T09:55:11.876,SUNPHARMA,,,1824.2,-0.06,,1794.46,1868.81,32.58,40.12,healthcare,pharmaceuticals - indian - bulk drugs & formln,,0.05,0.06,,,,,1.66,,,,,,,,,,,,,,,,2026-03-13,,,0.12,69.87,,30.03,,,,,,,,,,,,,,1784.48,1770.0,11.28,1766.54,1732.4,3.04,
2026-03-13T09:55:11.876,CESC,,,160.81,0.87,,152.83,172.78,18.7,14.35,power & utilities,power generation and supply,,-0.11,-0.12,,,,,5.22,,,,,,,,,,,,,,,,2026-03-13,,,1.0,58.73,,13.65,,,,,,,,,,,,,,156.69,148.05,-1.83,147.79,142.81,2.72,
2026-03-13T09:55:11.876,DMART,,,4016.3,1.59,,3836.53,4285.96,76.36,89.79,consumer discretionary,trading,,-0.21,-0.13,,,,,4.69,,,,,,,,,,,,,,,,2026-03-13,,,0.48,63.2,,13.31,,,,,,,,,,,,,,3866.1,3814.5,-7.34,3808.91,3693.07,2.54,
2026-03-13T09:55:11.876,NTPCGREEN,,,100.12,2.53,,87.23,119.45,1251.5,147.95,power & utilities,power generation and supply,,-0.11,-0.1,,,,,14.78,,,,,,,,,,,,,,,,2026-03-13,,,7.88,73.83,,20.98,,,,,,,,,,,,,,96.33,85.0,0.0,89.13,85.49,0.79,
2026-03-12T23:34:53.963,NAVINFLUOR,,,6220.0,,,6284.42,6724.58,42.98,58.46,chemicals,chemicals,-7.18,0.29,0.36,0.29,0.27,,,3.5,4.37,10.25,,,,,,,,,,,,,,2026-03-12,,,2.05,49.52,,24.83,,,,,,6.46,6110.0,-9.24,,2.39,-5.32,6660.0,7.39,,,,,,,
2026-03-12T23:34:53.963,KTKBANK,,,226.7,,,204.14,223.04,7.37,7.49,bank,banks - private sector,-4.76,0.13,0.01,0.13,-0.05,,,4.63,3.55,9.23,,,,,,,,,,,,,,2026-03-12,,,3.29,54.65,,14.74,,,,,,6.66,200.25,-8.15,,9.09,-4.81,233.0,10.77,,,,,,,
2026-03-12T23:34:53.963,FLAIR,,,298.2,,,308.19,323.91,23.97,23.6,miscellaneous,printing & stationery,-5.94,-0.09,0.24,-0.09,0.2,,,2.55,4.06,8.59,,,,,,,,,,,,,,2026-03-12,,,0.56,50.7,,24.6,,,,,,2.95,307.0,-7.41,,1.12,-6.22,319.6,4.09,,,,,,,
2026-03-12T23:34:53.963,COALINDIA,,,470.1,,,421.01,477.79,10.12,9.22,metals & mining,mining / minerals / metals,-0.57,0.05,0.11,0.05,0.07,,,6.74,2.76,8.03,,,,,,,,,,,,,,2026-03-12,,,3.08,50.65,,17.67,,,,,,2.14,440.0,-4.19,,5.47,-3.48,474.0,4.65,,,,,,,
2026-03-12T23:34:53.963,DRREDDY,,,1319.0,,,1296.17,1330.83,22.69,19.82,healthcare,pharmaceuticals - indian - bulk drugs & formln,-5.64,-0.05,-0.04,-0.05,-0.05,,,1.34,2.6,7.56,,,,,,,,,,,,,,2026-03-12,,,0.68,57.57,,22.14,,,,,,1.62,1292.5,-4.38,,1.81,-3.04,1337.3,7.37,,,,,,,
2026-03-12T23:34:53.963,CCL,,,1060.6,,,1011.0,1047.2,35.21,36.97,fmcg,tea,-4.76,0.03,0.21,0.03,0.19,,,1.79,3.64,6.75,,,,,,,,,,,,,,2026-03-12,,,0.37,53.83,,25.22,,,,,,1.53,1013.6,-6.3,,3.63,-4.29,1066.5,6.92,,,,,,,
2026-03-12T23:34:53.963,HINDALCO,,,969.75,,,899.7,1010.2,26.27,13.25,metals & mining,aluminium and aluminium products,-0.34,0.18,0.4,0.18,0.35,,,6.14,3.53,6.57,,,,,,,,,,,,,,2026-03-12,,,2.47,52.49,,15.48,,,,,,3.08,926.4,-5.31,,2.51,-3.11,983.5,5.81,,,,,,,
2026-03-12T23:34:53.963,INOXINDIA,,,1196.5,,,1135.86,1190.14,44.71,43.65,industrials,packaging,-4.22,-0.08,-0.04,-0.08,-0.07,,,2.39,3.21,6.4,,,,,,,,,,,,,,2026-03-12,,,0.77,46.73,,16.47,,,,,,2.58,1133.7,-5.52,,4.47,-3.16,1215.0,4.62,,,,,,,
2026-03-12T23:34:53.963,MCX,,,2526.1,,,2360.34,2746.66,8.03,13.78,financials,miscellaneous,4.1,0.55,0.49,0.55,0.45,,,8.18,3.48,5.29,,,,,,,,,,,,,,2026-03-12,,,0.92,58.22,,13.66,,,,,,2.22,2498.1,-6.49,,2.76,-4.01,2623.9,7.72,,,,,,,
2026-03-12T23:34:53.963,AUROPHARMA,,,1311.9,,,1170.11,1280.89,20.93,21.73,healthcare,pharmaceuticals - indian - bulk drugs & formln,2.38,0.08,0.08,0.08,0.05,,,4.73,3.08,3.87,,,,,,,,,,,,,,2026-03-12,,,0.59,56.1,,12.9,,,,,,2.3,1198.0,-5.76,,7.69,-3.54,1319.8,5.27,,,,,,,
2026-03-12T23:34:53.963,ZYDUSLIFE,,,916.9,,,905.58,923.72,22.13,18.78,healthcare,pharmaceuticals - indian - bulk drugs & formln,-1.42,-0.17,-0.07,-0.17,-0.09,,,1.0,2.2,2.89,,,,,,,,,,,,,,2026-03-12,,,0.71,49.85,,25.58,,,,,,1.84,898.1,-4.18,,2.35,-3.23,936.15,3.56,,,,,,,
2026-03-12T23:34:53.963,STYLAMIND,,,2215.1,,,2202.92,2255.48,20.39,26.52,building materials,miscellaneous,-0.3,0.24,0.34,0.24,0.33,,,1.19,1.19,1.51,,,,,,,,,,,,,,2026-03-12,,,0.88,51.2,,29.73,,,,,,0.87,2210.0,-2.54,,0.34,-3.05,2236.8,1.5,,,,,,,
2026-03-11T14:58:24.285,LINCOLN,646.7,,625.3,-0.68,586.78,638.69,598.53,10.95,14.35,healthcare,pharmaceuticals - indian - formulations,-4.38,0.03,0.07,0.03,0.08,4.78,4.78,3.9,4.05,3.36,93.81,25.31,,,,,,,,,11.46,,,2026-03-11,,,0.39,64.19,63.49,57.63,,5.59,,,,,622.4,,,,,,,,,,,,,646.7
2026-03-11T14:58:24.285,PFOCUS,283.45,,276.4,-1.3,254.3,269.2,290.8,75.93,-60.36,realty,miscellaneous,2.89,0.35,0.95,0.35,0.98,3.0,3.0,3.0,4.94,4.46,25.47,13.66,,,,,,,,,8.78,,,2026-03-11,,,0.4,56.92,72.61,33.9,,5.54,,,,,275.2,,,,,,,,,,,,,283.45
2026-03-11T14:58:24.285,LGBBROSLTD,1973.5,,1940.2,0.32,1809.68,1839.49,2141.62,17.49,18.52,auto,bearings,-3.89,0.33,0.48,0.32,0.48,10.41,10.41,3.77,4.75,13.4,103.77,92.24,,,,,,,,,41.63,,,2026-03-11,,,0.79,55.47,61.79,14.75,,4.61,,,,,1901.8,,,,,,,,,,,,,1973.5
2026-03-11T14:58:24.285,HAPPYFORGE,1345.0,,1299.8,-0.86,1221.27,1303.32,1292.76,38.82,43.26,industrials,castings & forgings,-7.67,0.32,0.3,0.32,0.31,10.26,10.26,3.87,4.43,9.23,124.6,57.58,,,,,,,,,8.51,,,2026-03-11,,,0.49,57.55,65.97,33.68,,4.47,,,,,1294.9,,,,,,,,,,,,,1345.0
2026-03-11T14:58:24.285,CIEINDIA,476.1,,473.85,2.49,446.04,468.53,484.48,22.02,21.19,industrials,castings & forgings,-4.83,0.09,0.02,0.05,0.0,5.66,5.66,2.92,4.24,7.45,37.52,20.08,,,,,,,,,56.03,,,2026-03-11,,,0.48,56.79,64.58,38.85,,4.25,,,,,462.6,,,,,,,,,,,,,476.1
2026-03-11T14:58:24.285,SHRIPISTON,3131.0,,3061.0,1.08,2864.03,2958.78,3265.44,27.4,24.56,auto,auto ancillaries,-4.67,0.08,0.19,0.04,0.18,9.41,9.41,4.38,4.52,10.08,51.88,138.39,,,,,,,,,44.37,,,2026-03-11,,,0.65,52.76,56.79,14.58,,4.09,,,,,2999.6,,,,,,,,,,,,,3131.0
2026-03-11T14:58:24.285,ACUTAAS,2259.6,,2187.0,-1.84,2057.21,2182.49,2196.01,41.45,63.26,healthcare,pharmaceuticals - indian - bulk drugs,-0.22,0.37,0.85,0.4,0.89,4.19,4.19,4.08,4.47,3.12,256.95,97.82,,,,,,,,,16.36,,,2026-03-11,,,0.64,58.18,72.8,36.13,,3.92,,,,,2171.0,,,,,,,,,,,,,2259.6
2026-03-11T14:58:24.285,INGERRAND,3979.1,,3886.2,0.0,3709.93,3946.12,3766.37,42.67,47.39,industrials,compressors / drilling equipment,-3.43,-0.08,-0.01,-0.09,-0.01,3.81,3.81,2.51,3.29,4.96,342.06,127.81,,,,,,,,,3.68,,,2026-03-11,,,0.27,60.23,56.19,43.31,,3.35,,,,,3881.5,,,,,,,,,,,,,3979.1
2026-03-11T14:58:24.285,SIEMENS,3348.4,,3272.2,-0.08,3107.94,3248.27,3320.06,104.88,65.92,industrials,electric equipment,-0.21,-0.05,-0.01,-0.05,-0.0,3.14,3.14,2.37,3.52,4.54,147.87,115.03,,,,,,,,,1.22,,,2026-03-11,,,0.69,53.7,54.8,14.81,,3.28,,,,,3270.8,,,,,,,,,,,,,3348.4
2026-03-11T14:58:24.285,GODIGIT,337.65,,334.5,0.39,318.57,329.46,344.58,55.02,60.25,financials,finance & investments,0.2,-0.14,-0.11,-0.15,-0.11,2.18,2.18,1.72,3.4,5.14,3.96,11.37,,,,,,,,,22.43,,,2026-03-11,,,0.14,53.31,48.23,21.11,,3.23,,,,,331.95,,,,,,,,,,,,,337.65
2026-03-11T14:58:24.285,CGPOWER,741.5,,725.65,-0.35,690.98,714.16,748.62,100.23,101.56,industrials,electric equipment,-1.76,-0.15,0.04,-0.13,0.05,5.43,5.43,2.41,3.34,6.06,74.93,24.27,,,,,,,,,6.59,,,2026-03-11,,,0.54,60.0,58.28,27.1,,2.75,,,,,724.05,,,,,,,,,,,,,741.5
2026-03-11T14:58:24.285,POWERGRID,302.9,,299.45,0.27,288.78,299.42,299.51,16.64,17.88,power & utilities,power generation and supply,-2.46,-0.04,-0.03,-0.04,-0.03,3.11,3.11,1.46,2.46,4.89,20.27,7.36,,,,,,,,,12.22,,,2026-03-11,,,0.64,57.56,61.83,19.31,,2.36,,,,,298.55,,,,,,,,,,,,,302.9
