Timestamp,Symbol,Cmp,%ch,Low3,Initial_atr1.5sl,Sl,Target,0d_high,R_vol,Forward pe,Pe,Rsi,W rsi,Sector,Industry,Adx,%ch y_low,Srs,Ars,Srs y,Ars y,%ch sl,%ch_3low,Atr%,%ch_2low,Adr p - adr%,Scan_Date,%ch7,Lch7,7d_high,Lc,Low,%ch sl atr,Bollinger bandwidth,Column27,%ch5,Lch5,5d_high,Column26,High,Lod price,%ch_high,%ch 2 low,E_s50,Avg_true_range,Adr%,Brackets12,Ma_x,Rvol,M_cap,Va,Va_ma,Atr% x,Lod dist,Free float,Grand_total_number2,Change,Low 2%,Low5,Rs,Is,Tps,Rs score,Max2
2026-09-24T03:30:41.218,PREMIERPOL,96.72,19.38,78.15,88.49,81.89,126.39,97.22,8.1,27.79,30.7,65.25,67.34,plastic products,plastics products,29.0,-6.38,0.52,1.15,0.28,0.8,18.11,23.76,6.29,22.15,6.49,2026-09-24,,,,,,,,,,,,,,,,,,,,,,,,,,,,,,,,,,,,,
2026-09-24T03:30:41.218,SUBEXLTD,22.08,13.99,19.1,20.12,19.63,26.97,22.8,8.54,21.23,40.89,70.39,76.07,i.t,computers - software - medium / small,48.07,-1.95,1.68,0.88,1.33,0.65,12.47,15.6,6.97,15.6,7.32,2026-09-24,,,,,,,,,,,,,,,,,,,,,,,,,,,,,,,,,,,,,
2026-09-24T03:30:41.218,TEXINFRA,123.47,7.35,108.95,116.91,114.52,141.37,126.59,12.86,237.44,169.14,68.25,69.9,realty,construction,22.31,-4.85,0.23,0.17,0.19,0.09,7.81,13.33,4.35,13.33,3.76,2026-09-24,,,,,,,,,,,,,,,,,,,,,,,,,,,,,,,,,,,,,
2026-09-24T03:30:41.218,BLUSPRING,132.59,5.67,121.5,120.1,124.12,149.53,138.01,1.29,-1104.92,-179.18,56.44,66.0,miscellaneous,diversified - large,20.4,-3.44,1.47,0.97,1.28,0.86,6.83,9.13,6.41,8.78,6.91,2026-09-24,,,,,,,,,,,,,,,,,,,,,,,,,,,,,,,,,,,,,
2026-09-24T03:30:41.218,SMCGLOBAL,87.14,5.71,80.51,81.94,81.56,98.29,89.8,1.56,12.45,14.08,64.24,61.85,financials,finance & investments,35.97,-0.87,0.27,-0.06,0.23,-0.11,6.84,8.23,4.54,7.9,4.39,2026-09-24,,,,,,,,,,,,,,,,,,,,,,,,,,,,,,,,,,,,,
2026-09-24T03:30:41.218,STEELXIND,12.01,7.42,11.1,11.05,11.31,13.42,12.84,8.36,25.02,46.19,59.15,57.98,metals & mining,steel - medium / small,27.45,-1.78,0.54,0.29,0.45,0.2,6.23,8.2,6.38,8.2,5.91,2026-09-24,,,,,,,,,,,,,,,,,,,,,,,,,,,,,,,,,,,,,
2026-09-24T03:30:41.218,LOKESHMACH,359.25,6.55,332.05,332.31,341.35,395.05,364.0,2.12,183.29,164.04,58.19,66.86,industrials,engineering,19.55,-2.06,0.74,0.92,0.61,0.81,5.24,8.19,5.67,7.24,6.54,2026-09-24,,,,,,,,,,,,,,,,,,,,,,,,,,,,,,,,,,,,,
2026-09-24T03:30:41.218,LXCHEM,188.44,5.86,177.1,177.43,172.09,221.13,189.0,2.1,19.31,62.81,61.41,65.72,chemicals,chemicals,16.54,4.27,0.47,0.13,0.44,0.07,9.5,6.4,4.13,6.4,4.34,2026-09-24,,,,,,,,,,,,,,,,,,,,,,,,,,,,,,,,,,,,,
2026-09-24T03:30:41.218,FIVESTAR,549.7,4.73,518.7,521.36,525.52,598.07,552.0,1.39,14.95,14.67,56.06,56.81,financials,finance & investments,13.46,-0.96,0.39,-0.0,0.38,-0.05,4.6,5.98,3.66,5.61,3.64,2026-09-24,,,,,,,,,,,,,,,,,,,,,,,,,,,,,,,,,,,,,
2026-09-24T03:30:41.218,SOUTHBANK,47.08,4.09,44.86,45.26,45.33,50.59,47.2,1.39,8.17,8.16,57.31,59.92,bank,banks - private sector,15.26,-0.74,0.25,0.07,0.23,0.03,3.87,4.95,2.72,4.37,2.68,2026-09-24,,,,,,,,,,,,,,,,,,,,,,,,,,,,,,,,,,,,,
2026-09-24T03:30:41.218,IDFCFIRSTB,87.9,2.96,84.9,85.37,85.17,93.35,89.61,3.27,16.52,33.81,60.46,65.89,bank,banks - private sector,27.79,-0.29,0.3,0.01,0.3,-0.02,3.2,3.53,2.08,3.53,1.98,2026-09-24,,,,,,,,,,,,,,,,,,,,,,,,,,,,,,,,,,,,,
2026-09-24T03:30:41.218,HIKAL,232.43,2.39,225.2,214.08,224.58,248.13,240.88,0.78,-96.85,-84.83,55.37,56.82,healthcare,pharmaceuticals - indian - bulk drugs,18.84,1.15,0.32,0.01,0.33,-0.01,3.5,3.21,5.59,3.21,6.34,2026-09-24,,,,,,,,,,,,,,,,,,,,,,,,,,,,,,,,,,,,,
2026-09-24T03:30:41.218,SHINDL,164.13,0.98,159.21,155.41,158.13,176.13,166.0,0.73,25.65,38.35,55.74,63.54,fmcg,aquaculture,44.58,1.32,NaN,NaN,NaN,NaN,3.79,3.09,3.16,2.58,3.37,2026-09-24,,,,,,,,,,,,,,,,,,,,,,,,,,,,,,,,,,,,,
2026-09-23T20:28:57.398,PREMIERPOL,96.72,19.38,78.15,88.49,81.89,126.39,97.22,8.1,27.79,25.72,65.25,67.34,plastic products,plastics products,29.0,-6.38,0.52,1.15,0.28,0.8,18.11,23.76,6.29,22.15,6.49,2026-09-23,,,,,,,,,,,,,,,,,,,,,,,,,,,,,,,,,,,,,
2026-09-23T20:28:57.398,SUBEXLTD,22.08,13.99,19.1,20.12,19.63,26.97,22.8,8.54,21.23,35.87,70.39,76.07,i.t,computers - software - medium / small,48.07,-1.95,1.68,0.88,1.33,0.65,12.47,15.6,6.97,15.6,7.32,2026-09-23,,,,,,,,,,,,,,,,,,,,,,,,,,,,,,,,,,,,,
2026-09-23T20:28:57.398,TEXINFRA,123.47,7.35,108.95,116.91,114.52,141.37,126.59,12.86,237.44,157.56,68.25,69.9,realty,construction,22.31,-4.85,0.23,0.17,0.19,0.09,7.81,13.33,4.35,13.33,3.76,2026-09-23,,,,,,,,,,,,,,,,,,,,,,,,,,,,,,,,,,,,,
2026-09-23T20:28:57.398,BLUSPRING,132.59,5.67,121.5,120.1,124.12,149.53,138.01,1.29,-1104.92,-169.55,56.44,66.0,miscellaneous,diversified - large,20.4,-3.44,1.47,0.97,1.28,0.86,6.83,9.13,6.41,8.78,6.91,2026-09-23,,,,,,,,,,,,,,,,,,,,,,,,,,,,,,,,,,,,,
2026-09-23T20:28:57.398,SMCGLOBAL,87.14,5.71,80.51,81.94,81.56,98.29,89.8,1.56,12.45,13.32,64.24,61.85,financials,finance & investments,35.97,-0.87,0.27,-0.06,0.23,-0.11,6.84,8.23,4.54,7.9,4.39,2026-09-23,,,,,,,,,,,,,,,,,,,,,,,,,,,,,,,,,,,,,
2026-09-23T20:28:57.398,STEELXIND,12.01,7.42,11.1,11.05,11.31,13.42,12.84,8.36,25.02,43.0,59.15,57.98,metals & mining,steel - medium / small,27.45,-1.78,0.54,0.29,0.45,0.2,6.23,8.2,6.38,8.2,5.91,2026-09-23,,,,,,,,,,,,,,,,,,,,,,,,,,,,,,,,,,,,,
2026-09-23T20:28:57.398,LOKESHMACH,359.25,6.55,332.05,332.31,341.35,395.05,364.0,2.12,183.29,153.95,58.19,66.86,industrials,engineering,19.55,-2.06,0.74,0.92,0.61,0.81,5.24,8.19,5.67,7.24,6.54,2026-09-23,,,,,,,,,,,,,,,,,,,,,,,,,,,,,,,,,,,,,
2026-09-23T20:28:57.398,LXCHEM,188.44,5.86,177.1,177.43,172.09,221.13,189.0,2.1,19.31,59.34,61.41,65.72,chemicals,chemicals,16.54,4.27,0.47,0.13,0.44,0.07,9.5,6.4,4.13,6.4,4.34,2026-09-23,,,,,,,,,,,,,,,,,,,,,,,,,,,,,,,,,,,,,
2026-09-23T20:28:57.398,FIVESTAR,549.7,4.73,518.7,521.36,525.52,598.07,552.0,1.39,14.95,14.01,56.06,56.81,financials,finance & investments,13.46,-0.96,0.39,-0.0,0.38,-0.05,4.6,5.98,3.66,5.61,3.64,2026-09-23,,,,,,,,,,,,,,,,,,,,,,,,,,,,,,,,,,,,,
2026-09-23T20:28:57.398,SOUTHBANK,47.08,4.09,44.86,45.26,45.33,50.59,47.2,1.39,8.17,7.84,57.31,59.92,bank,banks - private sector,15.26,-0.74,0.25,0.07,0.23,0.03,3.87,4.95,2.72,4.37,2.68,2026-09-23,,,,,,,,,,,,,,,,,,,,,,,,,,,,,,,,,,,,,
2026-09-23T20:28:57.398,IDFCFIRSTB,87.9,2.96,84.9,85.37,85.17,93.35,89.61,3.27,16.52,32.83,60.46,65.89,bank,banks - private sector,27.79,-0.29,0.3,0.01,0.3,-0.02,3.2,3.53,2.08,3.53,1.98,2026-09-23,,,,,,,,,,,,,,,,,,,,,,,,,,,,,,,,,,,,,
2026-09-23T20:28:57.398,HIKAL,232.43,2.39,225.2,214.08,224.58,248.13,240.88,0.78,-96.85,-82.85,55.37,56.82,healthcare,pharmaceuticals - indian - bulk drugs,18.84,1.15,0.32,0.01,0.33,-0.01,3.5,3.21,5.59,3.21,6.34,2026-09-23,,,,,,,,,,,,,,,,,,,,,,,,,,,,,,,,,,,,,
2026-09-23T20:28:57.398,SHINDL,164.13,0.98,159.21,155.41,158.13,176.13,166.0,0.73,25.65,37.97,55.74,63.54,fmcg,aquaculture,44.58,1.32,NaN,NaN,NaN,NaN,3.79,3.09,3.16,2.58,3.37,2026-09-23,,,,,,,,,,,,,,,,,,,,,,,,,,,,,,,,,,,,,
2026-09-21T07:15:38.874,SKYGOLD,783.7,,,,790.76,849.24,,,29.37,36.13,60.96,,consumer discretionary,diamond cutting / jewellery,37.39,-0.22,1.22,1.38,1.2,1.29,3.7,11.87,4.72,,,2026-09-21,3.9,-5.51,851.95,3.92,789.05,-3.57,17.44,,,,,,,,,,,,,,,,,,,,,,,,,,,,,,
2026-09-21T07:15:38.874,IKIO,210.25,,,,197.6,241.86,,,37.54,33.21,60.45,,consumer discretionary,electric equipment,23.92,2.21,0.5,0.16,0.41,0.08,11.2,9.05,5.57,,,2026-09-21,8.68,-9.35,238.8,8.79,201.98,-5.3,7.42,,,,,,,,,,,,,,,,,,,,,,,,,,,,,,
2026-09-21T07:15:38.874,DATAPATTNS,4513.3,,,,4558.22,5306.38,,,286.38,94.3,63.54,,aerospace & defence,electronics - components,11.64,1.29,0.32,0.79,0.2,0.67,8.21,8.49,3.49,,,2026-09-21,1.37,-16.06,4999.9,6.83,4617.1,-5.36,6.3,,,,,,,,,,,,,,,,,,,,,,,,,,,,,,
2026-09-21T07:15:38.874,FINCABLES,1411.2,,,,1271.52,1333.08,,,21.67,26.98,59.85,,industrials,cables - power,33.39,-3.25,0.29,0.63,0.17,0.54,2.42,7.54,4.54,,,2026-09-21,15.03,-0.53,1498.0,5.86,1230.2,-4.78,23.01,,,,,,,,,,,,,,,,,,,,,,,,,,,,,,
2026-09-21T07:15:38.874,NELCO,1011.85,,,,891.93,1054.27,,,248.0,598.73,55.07,,telecom,telecommunications - service provider,19.0,2.88,0.49,0.25,0.47,0.2,9.1,7.17,4.84,,,2026-09-21,4.77,-7.04,1019.5,6.05,917.6,-3.33,8.66,,,,,,,,,,,,,,,,,,,,,,,,,,,,,,
2026-09-21T07:15:38.874,PRECWIRE,478.4,,,,470.64,489.76,,,47.09,49.78,58.46,,metals & mining,mining / minerals / metals,30.1,-2.06,0.25,0.95,0.26,0.87,2.03,5.45,5.55,,,2026-09-21,1.81,-12.47,489.6,4.18,460.95,-3.88,20.6,,,,,,,,,,,,,,,,,,,,,,,,,,,,,,
2026-09-21T07:15:38.874,VARROC,861.55,,,,832.48,866.42,,,42.57,66.68,62.88,,auto,auto ancillaries,46.69,-2.0,0.57,0.3,0.56,0.27,2.04,5.12,4.28,,,2026-09-21,4.77,-4.89,889.95,4.12,815.8,-3.46,19.45,,,,,,,,,,,,,,,,,,,,,,,,,,,,,,
2026-09-21T07:15:38.874,KALYANKJIL,581.85,,,,585.19,640.01,,,43.04,41.86,57.12,,consumer discretionary,diamond cutting / jewellery,20.27,0.33,0.44,0.21,0.39,0.17,4.68,4.66,3.69,,,2026-09-21,1.27,-6.24,620.35,4.34,587.1,-3.74,5.3,,,,,,,,,,,,,,,,,,,,,,,,,,,,,,
2026-09-21T07:15:38.874,HAL,4800.3,,,,4806.57,5255.63,,,50.49,34.44,64.92,,aerospace & defence,engineering,21.16,2.02,0.15,0.1,0.11,0.07,4.67,4.44,2.23,,,2026-09-21,1.32,-8.25,5097.4,2.6,4903.7,-2.16,6.58,,,,,,,,,,,,,,,,,,,,,,,,,,,,,,
2026-09-21T07:15:38.874,AUROPHARMA,1734.0,,,,1637.75,1746.25,,,24.27,27.09,60.75,,healthcare,pharmaceuticals - indian - bulk drugs & formln,25.89,1.05,0.21,0.34,0.22,0.32,3.31,4.28,2.33,,,2026-09-21,2.48,-4.08,1734.0,2.24,1655.0,-2.29,5.6,,,,,,,,,,,,,,,,,,,,,,,,,,,,,,
2026-09-21T07:15:38.874,KAJARIACER,1202.7,,,,1216.37,1284.03,,,28.26,35.08,56.31,,building materials,ceramics - tiles / sanitaryware,12.85,-0.22,0.21,0.19,0.19,0.16,2.78,3.01,2.74,,,2026-09-21,0.32,-5.69,1254.6,3.01,1213.7,-2.9,4.03,,,,,,,,,,,,,,,,,,,,,,,,,,,,,,
2026-09-21T07:15:38.874,ORIENTHOT,143.45,,,,139.31,141.77,,,119.54,38.46,57.52,,services,hotels,22.04,-0.67,0.43,0.3,0.46,0.29,0.88,1.77,2.85,,,2026-09-21,3.17,-3.29,145.0,1.57,138.37,1.05,9.33,,,,,,,,,,,,,,,,,,,,,,,,,,,,,,
2026-09-21T07:15:38.874,BEL,393.3,,,,407.62,413.48,,,68.28,46.82,53.07,,aerospace & defence,electronics - components,10.37,-0.28,-0.18,-0.01,-0.19,-0.02,0.72,1.62,1.75,,,2026-09-21,0.8,-6.93,416.0,1.0,406.5,-0.98,4.24,,,,,,,,,,,,,,,,,,,,,,,,,,,,,,
2026-09-20T23:13:18.428,SKYGOLD,783.7,,,,790.76,849.24,,,29.37,36.13,60.96,,consumer discretionary,diamond cutting / jewellery,37.39,-0.22,1.22,1.38,1.2,1.29,3.7,11.87,4.72,,,2026-09-20,3.9,-5.51,851.95,3.92,789.05,-3.57,17.44,,,,,,,,,,,,,,,,,,,,,,,,,,,,,,
2026-09-20T23:13:18.428,IKIO,210.25,,,,197.6,241.86,,,37.54,33.21,60.45,,consumer discretionary,electric equipment,23.92,2.21,0.5,0.16,0.41,0.08,11.2,9.05,5.57,,,2026-09-20,8.68,-9.35,238.8,8.79,201.98,-5.3,7.42,,,,,,,,,,,,,,,,,,,,,,,,,,,,,,
2026-09-20T23:13:18.428,DATAPATTNS,4513.3,,,,4558.22,5306.38,,,286.38,94.3,63.54,,aerospace & defence,electronics - components,11.64,1.29,0.32,0.79,0.2,0.67,8.21,8.49,3.49,,,2026-09-20,1.37,-16.06,4999.9,6.83,4617.1,-5.36,6.3,,,,,,,,,,,,,,,,,,,,,,,,,,,,,,
2026-09-20T23:13:18.428,FINCABLES,1411.2,,,,1271.52,1333.08,,,21.67,26.98,59.85,,industrials,cables - power,33.39,-3.25,0.29,0.63,0.17,0.54,2.42,7.54,4.54,,,2026-09-20,15.03,-0.53,1498.0,5.86,1230.2,-4.78,23.01,,,,,,,,,,,,,,,,,,,,,,,,,,,,,,
2026-09-20T23:13:18.428,NELCO,1011.85,,,,891.93,1054.27,,,248.0,598.73,55.07,,telecom,telecommunications - service provider,19.0,2.88,0.49,0.25,0.47,0.2,9.1,7.17,4.84,,,2026-09-20,4.77,-7.04,1019.5,6.05,917.6,-3.33,8.66,,,,,,,,,,,,,,,,,,,,,,,,,,,,,,
2026-09-20T23:13:18.428,PRECWIRE,478.4,,,,470.64,489.76,,,47.09,49.78,58.46,,metals & mining,mining / minerals / metals,30.1,-2.06,0.25,0.95,0.26,0.87,2.03,5.45,5.55,,,2026-09-20,1.81,-12.47,489.6,4.18,460.95,-3.88,20.6,,,,,,,,,,,,,,,,,,,,,,,,,,,,,,
2026-09-20T23:13:18.428,VARROC,861.55,,,,832.48,866.42,,,42.57,66.68,62.88,,auto,auto ancillaries,46.69,-2.0,0.57,0.3,0.56,0.27,2.04,5.12,4.28,,,2026-09-20,4.77,-4.89,889.95,4.12,815.8,-3.46,19.45,,,,,,,,,,,,,,,,,,,,,,,,,,,,,,
2026-09-20T23:13:18.428,KALYANKJIL,581.85,,,,585.19,640.01,,,43.04,41.86,57.12,,consumer discretionary,diamond cutting / jewellery,20.27,0.33,0.44,0.21,0.39,0.17,4.68,4.66,3.69,,,2026-09-20,1.27,-6.24,620.35,4.34,587.1,-3.74,5.3,,,,,,,,,,,,,,,,,,,,,,,,,,,,,,
2026-09-20T23:13:18.428,HAL,4800.3,,,,4806.57,5255.63,,,50.49,34.44,64.92,,aerospace & defence,engineering,21.16,2.02,0.15,0.1,0.11,0.07,4.67,4.44,2.23,,,2026-09-20,1.32,-8.25,5097.4,2.6,4903.7,-2.16,6.58,,,,,,,,,,,,,,,,,,,,,,,,,,,,,,
2026-09-20T23:13:18.428,AUROPHARMA,1734.0,,,,1637.75,1746.25,,,24.27,27.09,60.75,,healthcare,pharmaceuticals - indian - bulk drugs & formln,25.89,1.05,0.21,0.34,0.22,0.32,3.31,4.28,2.33,,,2026-09-20,2.48,-4.08,1734.0,2.24,1655.0,-2.29,5.6,,,,,,,,,,,,,,,,,,,,,,,,,,,,,,
2026-09-20T23:13:18.428,KAJARIACER,1202.7,,,,1216.37,1284.03,,,28.26,35.08,56.31,,building materials,ceramics - tiles / sanitaryware,12.85,-0.22,0.21,0.19,0.19,0.16,2.78,3.01,2.74,,,2026-09-20,0.32,-5.69,1254.6,3.01,1213.7,-2.9,4.03,,,,,,,,,,,,,,,,,,,,,,,,,,,,,,
2026-09-20T23:13:18.428,ORIENTHOT,143.45,,,,139.31,141.77,,,119.54,38.46,57.52,,services,hotels,22.04,-0.67,0.43,0.3,0.46,0.29,0.88,1.77,2.85,,,2026-09-20,3.17,-3.29,145.0,1.57,138.37,1.05,9.33,,,,,,,,,,,,,,,,,,,,,,,,,,,,,,
2026-09-20T23:13:18.428,BEL,393.3,,,,407.62,413.48,,,68.28,46.82,53.07,,aerospace & defence,electronics - components,10.37,-0.28,-0.18,-0.01,-0.19,-0.02,0.72,1.62,1.75,,,2026-09-20,0.8,-6.93,416.0,1.0,406.5,-0.98,4.24,,,,,,,,,,,,,,,,,,,,,,,,,,,,,,
2026-09-19T22:08:02.472,SKYGOLD,783.7,,,,790.76,849.24,,,29.37,36.13,60.96,,consumer discretionary,diamond cutting / jewellery,37.39,-0.22,1.22,1.38,1.2,1.29,3.7,11.87,4.72,,,2026-09-19,3.9,-5.51,851.95,3.92,789.05,-3.57,17.44,,,,,,,,,,,,,,,,,,,,,,,,,,,,,,
2026-09-19T22:08:02.472,IKIO,210.25,,,,197.6,241.86,,,37.54,33.21,60.45,,consumer discretionary,electric equipment,23.92,2.21,0.5,0.16,0.41,0.08,11.2,9.05,5.57,,,2026-09-19,8.68,-9.35,238.8,8.79,201.98,-5.3,7.42,,,,,,,,,,,,,,,,,,,,,,,,,,,,,,
2026-09-19T22:08:02.472,DATAPATTNS,4513.3,,,,4558.22,5306.38,,,286.38,94.3,63.54,,aerospace & defence,electronics - components,11.64,1.29,0.32,0.79,0.2,0.67,8.21,8.49,3.49,,,2026-09-19,1.37,-16.06,4999.9,6.83,4617.1,-5.36,6.3,,,,,,,,,,,,,,,,,,,,,,,,,,,,,,
2026-09-19T22:08:02.472,FINCABLES,1411.2,,,,1271.52,1333.08,,,21.67,26.98,59.85,,industrials,cables - power,33.39,-3.25,0.29,0.63,0.17,0.54,2.42,7.54,4.54,,,2026-09-19,15.03,-0.53,1498.0,5.86,1230.2,-4.78,23.01,,,,,,,,,,,,,,,,,,,,,,,,,,,,,,
2026-09-19T22:08:02.472,NELCO,1011.85,,,,891.93,1054.27,,,248.0,598.73,55.07,,telecom,telecommunications - service provider,19.0,2.88,0.49,0.25,0.47,0.2,9.1,7.17,4.84,,,2026-09-19,4.77,-7.04,1019.5,6.05,917.6,-3.33,8.66,,,,,,,,,,,,,,,,,,,,,,,,,,,,,,
2026-09-19T22:08:02.472,PRECWIRE,478.4,,,,470.64,489.76,,,47.09,49.78,58.46,,metals & mining,mining / minerals / metals,30.1,-2.06,0.25,0.95,0.26,0.87,2.03,5.45,5.55,,,2026-09-19,1.81,-12.47,489.6,4.18,460.95,-3.88,20.6,,,,,,,,,,,,,,,,,,,,,,,,,,,,,,
2026-09-19T22:08:02.472,VARROC,861.55,,,,832.48,866.42,,,42.57,66.68,62.88,,auto,auto ancillaries,46.69,-2.0,0.57,0.3,0.56,0.27,2.04,5.12,4.28,,,2026-09-19,4.77,-4.89,889.95,4.12,815.8,-3.46,19.45,,,,,,,,,,,,,,,,,,,,,,,,,,,,,,
2026-09-19T22:08:02.472,KALYANKJIL,581.85,,,,585.19,640.01,,,43.04,41.86,57.12,,consumer discretionary,diamond cutting / jewellery,20.27,0.33,0.44,0.21,0.39,0.17,4.68,4.66,3.69,,,2026-09-19,1.27,-6.24,620.35,4.34,587.1,-3.74,5.3,,,,,,,,,,,,,,,,,,,,,,,,,,,,,,
2026-09-19T22:08:02.472,HAL,4800.3,,,,4806.57,5255.63,,,50.49,34.44,64.92,,aerospace & defence,engineering,21.16,2.02,0.15,0.1,0.11,0.07,4.67,4.44,2.23,,,2026-09-19,1.32,-8.25,5097.4,2.6,4903.7,-2.16,6.58,,,,,,,,,,,,,,,,,,,,,,,,,,,,,,
2026-09-19T22:08:02.472,AUROPHARMA,1734.0,,,,1637.75,1746.25,,,24.27,27.09,60.75,,healthcare,pharmaceuticals - indian - bulk drugs & formln,25.89,1.05,0.21,0.34,0.22,0.32,3.31,4.28,2.33,,,2026-09-19,2.48,-4.08,1734.0,2.24,1655.0,-2.29,5.6,,,,,,,,,,,,,,,,,,,,,,,,,,,,,,
2026-09-19T22:08:02.472,KAJARIACER,1202.7,,,,1216.37,1284.03,,,28.26,35.08,56.31,,building materials,ceramics - tiles / sanitaryware,12.85,-0.22,0.21,0.19,0.19,0.16,2.78,3.01,2.74,,,2026-09-19,0.32,-5.69,1254.6,3.01,1213.7,-2.9,4.03,,,,,,,,,,,,,,,,,,,,,,,,,,,,,,
2026-09-19T22:08:02.472,ORIENTHOT,143.45,,,,139.31,141.77,,,119.54,38.46,57.52,,services,hotels,22.04,-0.67,0.43,0.3,0.46,0.29,0.88,1.77,2.85,,,2026-09-19,3.17,-3.29,145.0,1.57,138.37,1.05,9.33,,,,,,,,,,,,,,,,,,,,,,,,,,,,,,
2026-09-19T22:08:02.472,BEL,393.3,,,,407.62,413.48,,,68.28,46.82,53.07,,aerospace & defence,electronics - components,10.37,-0.28,-0.18,-0.01,-0.19,-0.02,0.72,1.62,1.75,,,2026-09-19,0.8,-6.93,416.0,1.0,406.5,-0.98,4.24,,,,,,,,,,,,,,,,,,,,,,,,,,,,,,
2026-09-18T23:38:20.095,SKYGOLD,783.7,,,,790.76,849.24,,,29.37,36.57,60.96,,consumer discretionary,diamond cutting / jewellery,37.39,-0.22,1.22,1.38,1.2,1.29,3.7,11.87,4.72,,,2026-09-18,3.9,-5.51,851.95,3.92,789.05,-3.57,17.44,,,,,,,,,,,,,,,,,,,,,,,,,,,,,,
2026-09-18T23:38:20.095,IKIO,210.25,,,,197.6,241.86,,,37.54,32.52,60.45,,consumer discretionary,electric equipment,23.92,2.21,0.5,0.16,0.41,0.08,11.2,9.05,5.57,,,2026-09-18,8.68,-9.35,238.8,8.79,201.98,-5.3,7.42,,,,,,,,,,,,,,,,,,,,,,,,,,,,,,
2026-09-18T23:38:20.095,DATAPATTNS,4513.3,,,,4558.22,5306.38,,,286.38,92.17,63.54,,aerospace & defence,electronics - components,11.64,1.29,0.32,0.79,0.2,0.67,8.21,8.49,3.49,,,2026-09-18,1.37,-16.06,4999.9,6.83,4617.1,-5.36,6.3,,,,,,,,,,,,,,,,,,,,,,,,,,,,,,
2026-09-18T23:38:20.095,FINCABLES,1411.2,,,,1271.52,1333.08,,,21.67,26.68,59.85,,industrials,cables - power,33.39,-3.25,0.29,0.63,0.17,0.54,2.42,7.54,4.54,,,2026-09-18,15.03,-0.53,1498.0,5.86,1230.2,-4.78,23.01,,,,,,,,,,,,,,,,,,,,,,,,,,,,,,
2026-09-18T23:38:20.095,NELCO,1011.85,,,,891.93,1054.27,,,248.0,571.15,55.07,,telecom,telecommunications - service provider,19.0,2.88,0.49,0.25,0.47,0.2,9.1,7.17,4.84,,,2026-09-18,4.77,-7.04,1019.5,6.05,917.6,-3.33,8.66,,,,,,,,,,,,,,,,,,,,,,,,,,,,,,
2026-09-18T23:38:20.095,PRECWIRE,478.4,,,,470.64,489.76,,,47.09,46.75,58.46,,metals & mining,mining / minerals / metals,30.1,-2.06,0.25,0.95,0.26,0.87,2.03,5.45,5.55,,,2026-09-18,1.81,-12.47,489.6,4.18,460.95,-3.88,20.6,,,,,,,,,,,,,,,,,,,,,,,,,,,,,,
2026-09-18T23:38:20.095,VARROC,861.55,,,,832.48,866.42,,,42.57,65.49,62.88,,auto,auto ancillaries,46.69,-2.0,0.57,0.3,0.56,0.27,2.04,5.12,4.28,,,2026-09-18,4.77,-4.89,889.95,4.12,815.8,-3.46,19.45,,,,,,,,,,,,,,,,,,,,,,,,,,,,,,
2026-09-18T23:38:20.095,KALYANKJIL,581.85,,,,585.19,640.01,,,43.04,41.83,57.12,,consumer discretionary,diamond cutting / jewellery,20.27,0.33,0.44,0.21,0.39,0.17,4.68,4.66,3.69,,,2026-09-18,1.27,-6.24,620.35,4.34,587.1,-3.74,5.3,,,,,,,,,,,,,,,,,,,,,,,,,,,,,,
2026-09-18T23:38:20.095,HAL,4800.3,,,,4806.57,5255.63,,,50.49,34.35,64.92,,aerospace & defence,engineering,21.16,2.02,0.15,0.1,0.11,0.07,4.67,4.44,2.23,,,2026-09-18,1.32,-8.25,5097.4,2.6,4903.7,-2.16,6.58,,,,,,,,,,,,,,,,,,,,,,,,,,,,,,
2026-09-18T23:38:20.095,AUROPHARMA,1734.0,,,,1637.75,1746.25,,,24.27,26.41,60.75,,healthcare,pharmaceuticals - indian - bulk drugs & formln,25.89,1.05,0.21,0.34,0.22,0.32,3.31,4.28,2.33,,,2026-09-18,2.48,-4.08,1734.0,2.24,1655.0,-2.29,5.6,,,,,,,,,,,,,,,,,,,,,,,,,,,,,,
2026-09-18T23:38:20.095,KAJARIACER,1202.7,,,,1216.37,1284.03,,,28.26,35.51,56.31,,building materials,ceramics - tiles / sanitaryware,12.85,-0.22,0.21,0.19,0.19,0.16,2.78,3.01,2.74,,,2026-09-18,0.32,-5.69,1254.6,3.01,1213.7,-2.9,4.03,,,,,,,,,,,,,,,,,,,,,,,,,,,,,,
2026-09-18T23:38:20.095,ORIENTHOT,143.45,,,,139.31,141.77,,,119.54,37.8,57.52,,services,hotels,22.04,-0.67,0.43,0.3,0.46,0.29,0.88,1.77,2.85,,,2026-09-18,3.17,-3.29,145.0,1.57,138.37,1.05,9.33,,,,,,,,,,,,,,,,,,,,,,,,,,,,,,
2026-09-18T23:38:20.095,BEL,393.3,,,,407.62,413.48,,,68.28,47.08,53.07,,aerospace & defence,electronics - components,10.37,-0.28,-0.18,-0.01,-0.19,-0.02,0.72,1.62,1.75,,,2026-09-18,0.8,-6.93,416.0,1.0,406.5,-0.98,4.24,,,,,,,,,,,,,,,,,,,,,,,,,,,,,,
2026-09-17T23:16:16.501,HFCL,209.45,,,,237.4,248.62,,,35.14,55.45,59.15,,telecom,cables - telephone,23.46,0.09,2.27,2.67,2.04,2.5,2.36,11.65,4.63,,,2026-09-17,5.0,-15.6,255.16,2.27,237.61,-3.68,16.35,,,,,,,,,,,,,,,,,,,,,,,,,,,,,,
2026-09-17T23:16:16.501,CARTRADE,2938.0,,,,3004.17,3355.63,,,68.71,59.55,67.08,,consumer discretionary,miscellaneous,37.72,-0.01,0.66,0.06,0.55,0.0,5.85,10.08,4.17,,,2026-09-17,1.44,-10.16,3250.0,5.86,3004.0,-4.04,9.99,,,,,,,,,,,,,,,,,,,,,,,,,,,,,,
2026-09-17T23:16:16.501,NRBBEARING,472.2,,,,461.93,504.07,,,32.79,29.64,59.89,,industrials,bearings,29.08,-2.34,0.74,0.67,0.57,0.55,4.56,9.47,3.86,,,2026-09-17,7.45,-6.11,519.0,7.07,451.1,-5.4,12.31,,,,,,,,,,,,,,,,,,,,,,,,,,,,,,
2026-09-17T23:16:16.501,RITCO,299.3,,,,302.68,336.92,,,38.97,28.04,61.88,,transportation,miscellaneous,22.19,-0.41,0.59,0.11,0.43,0.05,5.66,7.12,4.16,,,2026-09-17,2.61,-12.41,331.15,6.09,301.45,-3.6,5.9,,,,,,,,,,,,,,,,,,,,,,,,,,,,,,
2026-09-17T23:16:16.501,PARAS,1370.9,,,,1451.49,1527.31,,,130.31,112.53,62.01,,aerospace & defence,engineering,33.77,-2.56,0.91,1.18,0.73,1.07,2.61,6.01,4.27,,,2026-09-17,5.0,-15.94,1563.9,5.3,1414.4,-4.91,16.04,,,,,,,,,,,,,,,,,,,,,,,,,,,,,,
2026-09-17T23:16:16.501,SHAILY,3107.2,,,,3217.88,3479.52,,,74.41,80.53,59.5,,plastic products,plastics products,32.01,1.08,0.68,0.35,0.57,0.32,4.07,5.88,3.29,,,2026-09-17,4.15,-9.22,3487.7,2.95,3252.6,-2.97,9.47,,,,,,,,,,,,,,,,,,,,,,,,,,,,,,
2026-09-17T23:16:16.501,AZAD,2605.3,,,,2854.37,2881.63,,,117.78,120.13,64.29,,aerospace & defence,engineering,30.36,-2.84,0.65,0.66,0.58,0.61,0.48,4.63,3.55,,,2026-09-17,1.26,-10.91,2904.2,3.41,2773.3,-3.37,16.24,,,,,,,,,,,,,,,,,,,,,,,,,,,,,,
2026-09-17T23:16:16.501,NEOGEN,2395.6,,,,2153.94,2260.26,,,95.21,173.24,55.15,,chemicals,chemicals,25.16,-1.23,0.45,0.95,0.47,0.9,2.47,4.4,3.86,,,2026-09-17,12.58,-1.42,2484.8,3.74,2127.5,-3.63,8.36,,,,,,,,,,,,,,,,,,,,,,,,,,,,,,
2026-09-17T23:16:16.501,MUNJALAU,104.81,,,,113.57,118.51,,,10.16,20.33,59.18,,auto,auto ancillaries,37.36,-1.91,0.46,0.41,0.35,0.36,2.17,4.22,4.41,,,2026-09-17,-0.04,-14.72,117.94,4.16,111.41,0.1,12.45,,,,,,,,,,,,,,,,,,,,,,,,,,,,,,
2026-09-17T23:16:16.501,ZYDUSLIFE,1135.1,,,,1134.21,1179.59,,,30.35,24.68,53.47,,healthcare,pharmaceuticals - indian - bulk drugs & formln,16.5,-1.77,0.17,0.22,0.12,0.18,2.0,3.84,2.82,,,2026-09-17,0.93,-6.13,1167.7,3.84,1114.1,-3.12,5.0,,,,,,,,,,,,,,,,,,,,,,,,,,,,,,
2026-09-17T23:16:16.501,GARFIBRES,799.7,,,,794.14,844.36,,,30.48,37.75,58.11,,textiles,textiles - products,30.52,0.15,0.21,0.15,0.18,0.13,3.16,3.32,3.55,,,2026-09-17,1.3,-6.97,829.9,3.0,795.35,0.22,8.01,,,,,,,,,,,,,,,,,,,,,,,,,,,,,,
2026-09-17T23:16:16.501,AGARWALEYE,500.15,,,,496.04,540.46,,,87.44,107.68,58.75,,healthcare,healthcare,14.81,3.58,0.06,0.0,0.06,-0.0,4.48,2.44,2.73,,,2026-09-17,1.07,-6.58,528.8,0.87,513.8,-1.32,7.77,,,,,,,,,,,,,,,,,,,,,,,,,,,,,,
2026-09-17T23:16:16.501,GAIL,172.0,,,,171.11,180.89,,,6.06,11.35,53.87,,energy,miscellaneous,13.83,0.99,0.09,-0.01,0.02,-0.02,2.86,2.37,2.01,,,2026-09-17,0.28,-4.14,177.3,1.85,172.8,-1.86,2.51,,,,,,,,,,,,,,,,,,,,,,,,,,,,,,
2026-09-16T20:39:05.936,SKIPPER,522.65,,,,538.82,643.38,,,25.98,26.84,64.77,,industrials,engineering,12.96,-0.94,0.57,0.35,0.43,0.25,9.7,12.79,4.69,,,2026-09-16,4.35,-13.09,616.8,10.74,533.75,-5.75,6.01,,,,,,,,,,,,,,,,,,,,,,,,,,,,,,
2026-09-16T20:39:05.936,SHANTIGOLD,243.95,,,,251.56,261.12,,,8.71,8.72,57.72,,consumer discretionary,diamond cutting / jewellery,31.37,-2.21,0.14,0.28,0.09,0.23,1.9,9.24,5.29,,,2026-09-16,8.06,-6.83,277.0,4.2,246.0,-4.17,16.38,,,,,,,,,,,,,,,,,,,,,,,,,,,,,,
2026-09-16T20:39:05.936,ARMANFIN,1873.5,,,,1923.82,2214.78,,,10.9,17.32,61.77,,financials,finance & investments,21.89,3.29,0.38,0.35,0.28,0.3,7.56,7.38,3.41,,,2026-09-16,0.75,-12.7,2084.9,4.13,1987.2,-3.88,4.27,,,,,,,,,,,,,,,,,,,,,,,,,,,,,,
2026-09-16T20:39:05.936,TCPLPACK,3863.0,,,,4011.44,4172.36,,,21.97,29.09,62.81,,industrials,packaging,38.46,-2.25,0.47,0.35,0.4,0.31,2.01,6.95,4.28,,,2026-09-16,1.18,-10.68,4157.2,4.36,3921.0,-3.8,22.55,,,,,,,,,,,,,,,,,,,,,,,,,,,,,,
2026-09-16T20:39:05.936,ICIL,431.95,,,,428.58,471.02,,,33.85,56.05,57.18,,textiles,textiles - cotton/blended,31.72,1.8,0.59,0.61,0.54,0.57,4.95,6.22,5.76,,,2026-09-16,4.77,-9.28,471.25,3.09,436.3,0.16,9.45,,,,,,,,,,,,,,,,,,,,,,,,,,,,,,
2026-09-16T20:39:05.936,CARBORUNIV,1051.6,,,,1086.72,1174.48,,,65.07,93.21,54.08,,industrials,abrasives and grinding wheels,20.26,-1.55,0.3,0.28,0.21,0.22,4.04,5.81,3.7,,,2026-09-16,1.8,-9.95,1151.0,5.67,1069.9,-4.53,6.48,,,,,,,,,,,,,,,,,,,,,,,,,,,,,,
2026-09-16T20:39:05.936,UNIMECH,1515.8,,,,1497.21,1508.19,,,69.15,108.65,62.29,,aerospace & defence,engineering,40.69,-1.92,0.56,0.61,0.53,0.57,0.37,5.73,3.65,,,2026-09-16,9.99,-4.83,1652.8,2.34,1468.4,-3.04,17.29,,,,,,,,,,,,,,,,,,,,,,,,,,,,,,
2026-09-16T20:39:05.936,ARTEMISMED,325.25,,,,320.09,345.51,,,41.07,45.97,64.98,,healthcare,healthcare,35.86,-0.56,0.32,0.16,0.25,0.12,3.97,4.82,3.44,,,2026-09-16,8.77,-7.87,362.0,4.56,318.3,-3.15,11.26,,,,,,,,,,,,,,,,,,,,,,,,,,,,,,
2026-09-16T20:39:05.936,CARERATING,1652.5,,,,1641.22,1835.18,,,38.5,27.64,56.92,,financials,miscellaneous,17.95,3.56,-0.01,0.08,-0.05,0.07,5.91,3.76,3.26,,,2026-09-16,4.07,-7.79,1809.0,2.27,1699.7,-2.3,3.8,,,,,,,,,,,,,,,,,,,,,,,,,,,,,,
2026-09-16T20:39:05.936,SMCGLOBAL,80.57,,,,78.17,84.33,,,11.51,13.24,61.37,,financials,finance & investments,20.22,1.06,0.04,-0.07,-0.02,-0.09,3.93,3.75,2.66,,,2026-09-16,16.92,-2.98,95.0,2.85,79.0,-3.03,3.13,,,,,,,,,,,,,,,,,,,,,,,,,,,,,,
2026-09-16T20:39:05.936,PNBHOUSING,1134.0,,,,1159.73,1172.27,,,13.25,12.88,57.71,,financials,finance - housing,26.3,-1.61,0.39,0.22,0.33,0.2,0.54,3.61,2.56,,,2026-09-16,2.02,-3.35,1195.0,2.18,1141.1,-1.46,7.87,,,,,,,,,,,,,,,,,,,,,,,,,,,,,,
2026-09-16T20:39:05.936,CASTROLIND,188.84,,,,184.48,196.06,,,13.45,17.23,61.66,,chemicals,chemicals,22.03,0.84,-0.06,0.01,-0.09,-0.01,3.14,3.3,1.32,,,2026-09-16,0.8,-1.69,191.8,2.28,186.03,-1.7,2.7,,,,,,,,,,,,,,,,,,,,,,,,,,,,,,
2026-09-16T20:39:05.936,NIITLTD,85.35,,,,98.37,99.55,,,35.56,130.33,51.85,,i.t,computers - education,20.28,-0.88,0.4,0.1,0.35,0.09,0.6,2.02,3.71,,,2026-09-16,2.22,-14.25,101.16,1.5,97.5,1.57,6.72,,,,,,,,,,,,,,,,,,,,,,,,,,,,,,
2026-09-16T20:39:05.936,SKYGOLD,792.6,,,,790.76,849.24,,,1.16,29.71,36.39,,54.72,consumer discretionary,diamond cutting / jewellery,37.39,-8.67,1.22,1.38,1.22,789.05,4.72,-8.29,,,2026-09-16,3.9,-5.51,851.95,1.29,3.92,3.7,11.87,17.44,,,,,,,,,,,,,,,,,,,,,,,,,,,,,
2026-09-16T20:39:05.936,IKIO,202.78,,,,197.6,241.86,,,0.99,36.21,33.34,,58.14,consumer discretionary,electric equipment,23.92,7.13,0.5,0.16,0.5,201.98,5.57,-10.87,,,2026-09-16,8.68,-9.35,238.8,0.08,8.79,11.2,9.05,7.42,,,,,,,,,,,,,,,,,,,,,,,,,,,,,
2026-09-16T20:39:05.936,DATAPATTNS,4321.7,,,,4558.22,5306.38,,,3.13,274.22,91.07,,51.22,aerospace & defence,electronics - components,11.64,-0.44,0.32,0.79,0.32,4617.1,3.49,-8.86,,,2026-09-16,1.37,-16.06,4999.9,0.67,6.83,8.21,8.49,6.3,,,,,,,,,,,,,,,,,,,,,,,,,,,,,
2026-09-16T20:39:05.936,FINCABLES,1362.6,,,,1271.52,1333.08,,,1.64,20.92,25.61,,51.69,industrials,cables - power,33.39,-6.54,0.29,0.63,0.29,1230.2,4.54,-9.31,,,2026-09-16,15.03,-0.53,1498.0,0.54,5.86,2.42,7.54,23.01,,,,,,,,,,,,,,,,,,,,,,,,,,,,,
2026-09-16T20:39:05.936,NELCO,938.05,,,,891.93,1054.27,,,4.4,229.91,546.92,,44.39,telecom,telecommunications - service provider,19.0,0.89,0.49,0.25,0.49,917.6,4.84,-8.17,,,2026-09-16,1.95,-7.04,1019.0,0.2,6.05,9.1,7.17,8.66,,,,,,,,,,,,,,,,,,,,,,,,,,,,,
2026-09-16T20:39:05.936,PRECWIRE,439.6,,,,470.64,489.76,,,1.42,43.27,45.79,,57.58,metals & mining,mining / minerals / metals,30.1,0.31,0.25,0.95,0.25,460.95,5.55,-9.42,,,2026-09-16,-0.15,-12.47,489.6,0.87,4.18,2.03,5.45,20.6,,,,,,,,,,,,,,,,,,,,,,,,,,,,,
2026-09-16T20:39:05.936,VARROC,851.15,,,,832.48,866.42,,,0.43,42.05,64.71,,57.98,auto,auto ancillaries,46.69,-3.74,0.57,0.3,0.57,815.8,4.28,-7.74,,,2026-09-16,4.77,-4.89,889.95,0.27,4.12,2.04,5.12,19.45,,,,,,,,,,,,,,,,,,,,,,,,,,,,,
2026-09-16T20:39:05.936,KALYANKJIL,580.9,,,,585.19,640.01,,,0.4,42.97,43.47,,53.53,consumer discretionary,diamond cutting / jewellery,20.27,-0.53,0.44,0.21,0.44,587.1,3.69,-7.44,,,2026-09-16,1.27,-6.24,620.35,0.17,4.34,4.68,4.66,5.3,,,,,,,,,,,,,,,,,,,,,,,,,,,,,
2026-09-16T20:39:05.936,HAL,4695.6,,,,4806.57,5255.63,,,2.95,49.39,33.68,,53.1,aerospace & defence,engineering,21.16,-0.56,0.15,0.1,0.15,4903.7,2.23,-4.39,,,2026-09-16,1.32,-8.25,5097.4,0.07,2.6,4.67,4.44,6.58,,,,,,,,,,,,,,,,,,,,,,,,,,,,,
2026-09-16T20:39:05.936,AUROPHARMA,1643.0,,,,1637.75,1746.25,,,1.14,23.0,25.94,,54.82,healthcare,pharmaceuticals - indian - bulk drugs & formln,25.89,-0.73,0.21,0.34,0.21,1655.0,2.33,-4.62,,,2026-09-16,0.71,-4.08,1704.0,0.32,2.24,3.31,4.28,5.6,,,,,,,,,,,,,,,,,,,,,,,,,,,,,
2026-09-16T20:39:05.936,KAJARIACER,1215.9,,,,1216.37,1284.03,,,0.93,28.57,35.4,,54.55,building materials,ceramics - tiles / sanitaryware,12.85,1.77,0.21,0.19,0.21,1213.7,2.74,-5.64,,,2026-09-16,0.32,-5.69,1254.6,0.16,3.01,2.78,3.01,4.03,,,,,,,,,,,,,,,,,,,,,,,,,,,,,
2026-09-16T20:39:05.936,ORIENTHOT,138.59,,,,139.31,141.77,,,0.2,115.49,37.26,,56.94,services,hotels,22.04,1.08,0.43,0.3,0.43,138.37,2.85,-1.81,,,2026-09-16,3.17,-3.29,145.0,0.29,1.57,0.88,1.77,9.33,,,,,,,,,,,,,,,,,,,,,,,,,,,,,
2026-09-16T20:39:05.936,BEL,385.75,,,,407.62,413.48,,,2.11,66.97,45.58,,47.06,aerospace & defence,electronics - components,10.37,-1.04,-0.18,-0.01,-0.18,406.5,1.75,-2.73,,,2026-09-16,0.8,-6.93,416.0,-0.02,1.0,0.72,1.62,4.24,,,,,,,,,,,,,,,,,,,,,,,,,,,,,
2026-09-15T22:32:57.077,HFCL,222.01,,,,237.4,248.62,,0.22,37.25,60.86,47.12,,telecom,cables - telephone,23.46,-8.96,2.27,2.67,2.27,2.5,2.36,11.65,4.63,,,2026-09-15,,,,2.27,237.61,-8.31,,,5.0,-8.64,255.16,16.35,,,,,,,,,,,,,,,,,,,,,,,,,
2026-09-15T22:32:57.077,CARTRADE,3017.1,,,,3004.17,3355.63,,1.99,70.56,63.73,56.73,,consumer discretionary,miscellaneous,37.72,-3.39,0.66,0.06,0.66,0.0,5.85,10.08,4.17,,,2026-09-15,,,,5.86,3004.0,-8.21,,,1.44,-6.22,3250.0,9.99,,,,,,,,,,,,,,,,,,,,,,,,,
2026-09-15T22:32:57.077,NRBBEARING,480.85,,,,461.93,504.07,,2.02,33.39,32.37,46.66,,industrials,bearings,29.08,-6.1,0.74,0.67,0.74,0.55,4.56,9.47,3.86,,,2026-09-15,,,,7.07,451.1,-9.26,,,7.45,-1.66,519.0,12.31,,,,,,,,,,,,,,,,,,,,,,,,,
2026-09-15T22:32:57.077,RITCO,291.35,,,,302.68,336.92,,3.91,37.94,28.61,48.8,,transportation,miscellaneous,22.19,-2.05,0.59,0.11,0.59,0.05,5.66,7.12,4.16,,,2026-09-15,,,,6.09,301.45,-7.76,,,2.61,-9.51,331.15,5.9,,,,,,,,,,,,,,,,,,,,,,,,,
2026-09-15T22:32:57.077,PARAS,1339.2,,,,1451.49,1527.31,,1.07,127.3,122.49,53.9,,aerospace & defence,engineering,33.77,-4.0,0.91,1.18,0.91,1.07,2.61,6.01,4.27,,,2026-09-15,,,,5.3,1414.4,-9.18,,,5.0,-12.31,1563.9,16.04,,,,,,,,,,,,,,,,,,,,,,,,,
2026-09-15T22:32:57.077,SHAILY,3181.8,,,,3217.88,3479.52,,0.88,76.19,85.27,53.8,,plastic products,plastics products,32.01,-2.66,0.68,0.35,0.68,0.32,4.07,5.88,3.29,,,2026-09-15,,,,2.95,3252.6,-6.26,,,4.15,-5.87,3487.7,9.47,,,,,,,,,,,,,,,,,,,,,,,,,
2026-09-15T22:32:57.077,AZAD,2704.9,,,,2854.37,2881.63,,0.78,122.28,132.58,57.76,,aerospace & defence,engineering,30.36,-4.38,0.65,0.66,0.65,0.61,0.48,4.63,3.55,,,2026-09-15,,,,3.41,2773.3,-6.92,,,1.26,-6.63,2904.2,16.24,,,,,,,,,,,,,,,,,,,,,,,,,
2026-09-15T22:32:57.077,NEOGEN,2310.3,,,,2153.94,2260.26,,0.98,91.82,178.56,48.57,,chemicals,chemicals,25.16,-2.75,0.45,0.95,0.45,0.9,2.47,4.4,3.86,,,2026-09-15,,,,3.74,2127.5,-7.49,,,9.24,-1.42,2411.0,8.36,,,,,,,,,,,,,,,,,,,,,,,,,
2026-09-15T22:32:57.077,MUNJALAU,103.8,,,,113.57,118.51,,0.32,10.06,21.24,54.28,,auto,auto ancillaries,37.36,-1.69,0.46,0.41,0.46,0.36,2.17,4.22,4.41,,,2026-09-15,,,,4.16,111.41,-4.3,,,-0.04,-11.16,117.94,12.45,,,,,,,,,,,,,,,,,,,,,,,,,
2026-09-15T22:32:57.077,ZYDUSLIFE,1099.0,,,,1134.21,1179.59,,1.48,29.39,24.94,50.5,,healthcare,pharmaceuticals - indian - bulk drugs & formln,16.5,-0.52,0.17,0.22,0.17,0.18,2.0,3.84,2.82,,,2026-09-15,,,,3.84,1114.1,-5.95,,,0.93,-5.0,1167.7,5.0,,,,,,,,,,,,,,,,,,,,,,,,,
2026-09-15T22:32:57.077,GARFIBRES,785.5,,,,794.14,844.36,,0.47,29.94,37.52,53.73,,textiles,textiles - products,30.52,1.02,0.21,0.15,0.21,0.13,3.16,3.32,3.55,,,2026-09-15,,,,3.0,795.35,-3.33,,,1.3,-5.86,829.9,8.01,,,,,,,,,,,,,,,,,,,,,,,,,
2026-09-15T22:32:57.077,AGARWALEYE,502.05,,,,496.04,540.46,,0.33,87.77,108.4,54.9,,healthcare,healthcare,14.81,2.38,0.06,0.0,0.06,-0.0,4.48,2.44,2.73,,,2026-09-15,,,,0.87,513.8,-4.05,,,1.07,-4.82,528.8,7.77,,,,,,,,,,,,,,,,,,,,,,,,,
2026-09-15T22:32:57.077,GAIL,170.88,,,,171.11,180.89,,1.11,6.02,11.55,51.61,,energy,miscellaneous,13.83,0.59,0.09,-0.01,0.09,-0.02,2.86,2.37,2.01,,,2026-09-15,,,,1.85,172.8,-3.87,,,0.28,-3.56,177.3,2.51,,,,,,,,,,,,,,,,,,,,,,,,,
2026-09-14T22:09:12.253,SKIPPER,551.55,,,,538.82,643.38,,11.06,27.41,27.72,47.89,,industrials,engineering,12.96,-2.85,0.57,0.35,0.57,0.25,9.7,12.79,4.69,,,2026-09-14,,,,10.74,533.75,-10.44,,,4.35,-8.42,616.8,6.01,,,,,,,,,,,,,,,,,,,,,,,,,
2026-09-14T22:09:12.253,SHANTIGOLD,258.17,,,,251.56,261.12,,1.43,9.22,9.08,51.42,,consumer discretionary,diamond cutting / jewellery,31.37,-7.82,0.14,0.28,0.14,0.23,1.9,9.24,5.29,,,2026-09-14,,,,4.2,246.0,-9.45,,,8.06,-3.44,277.0,16.38,,,,,,,,,,,,,,,,,,,,,,,,,
2026-09-14T22:09:12.253,ARMANFIN,2011.3,,,,1923.82,2214.78,,0.83,11.7,18.16,49.26,,financials,finance & investments,21.89,0.38,0.38,0.35,0.38,0.3,7.56,7.38,3.41,,,2026-09-14,,,,4.13,1987.2,-7.29,,,0.75,-5.26,2084.9,4.27,,,,,,,,,,,,,,,,,,,,,,,,,
2026-09-14T22:09:12.253,TCPLPACK,3871.0,,,,4011.44,4172.36,,0.71,22.01,30.5,60.61,,industrials,packaging,38.46,-5.69,0.47,0.35,0.47,0.31,2.01,6.95,4.28,,,2026-09-14,,,,4.36,3921.0,-8.08,,,1.18,-7.13,4157.2,22.55,,,,,,,,,,,,,,,,,,,,,,,,,
2026-09-14T22:09:12.253,ICIL,443.25,,,,428.58,471.02,,0.55,34.74,58.17,57.1,,textiles,textiles - cotton/blended,31.72,0.21,0.59,0.61,0.59,0.57,4.95,6.22,5.76,,,2026-09-14,,,,3.09,436.3,-5.6,,,4.77,-5.2,471.25,9.45,,,,,,,,,,,,,,,,,,,,,,,,,
2026-09-14T22:09:12.253,CARBORUNIV,1075.2,,,,1086.72,1174.48,,1.76,66.53,97.13,42.96,,industrials,abrasives and grinding wheels,20.26,-2.94,0.3,0.28,0.3,0.22,4.04,5.81,3.7,,,2026-09-14,,,,5.67,1069.9,-8.23,,,1.8,-6.68,1151.0,6.48,,,,,,,,,,,,,,,,,,,,,,,,,
2026-09-14T22:09:12.253,UNIMECH,1610.0,,,,1497.21,1508.19,,0.89,73.45,113.7,55.5,,aerospace & defence,engineering,40.69,-5.94,0.56,0.61,0.56,0.57,0.37,5.73,3.65,,,2026-09-14,,,,2.34,1468.4,-6.68,,,9.99,-0.91,1652.8,17.29,,,,,,,,,,,,,,,,,,,,,,,,,
2026-09-14T22:09:12.253,ARTEMISMED,344.9,,,,320.09,345.51,,2.51,43.55,47.97,57.7,,healthcare,healthcare,35.86,-0.18,0.32,0.16,0.32,0.12,3.97,4.82,3.44,,,2026-09-14,,,,4.56,318.3,-6.58,,,8.77,-0.2,362.0,11.26,,,,,,,,,,,,,,,,,,,,,,,,,
2026-09-14T22:09:12.253,CARERATING,1650.5,,,,1641.22,1835.18,,6.76,38.46,27.89,49.29,,financials,miscellaneous,17.95,2.51,-0.01,0.08,-0.01,0.07,5.91,3.76,3.26,,,2026-09-14,,,,2.27,1699.7,-5.56,,,4.07,-5.34,1809.0,3.8,,,,,,,,,,,,,,,,,,,,,,,,,
2026-09-14T22:09:12.253,SMCGLOBAL,86.0,,,,78.17,84.33,,1.42,12.29,13.89,51.88,,financials,finance & investments,20.22,0.18,0.04,-0.07,0.04,-0.09,3.93,3.75,2.66,,,2026-09-14,,,,2.85,79.0,-5.69,,,16.92,-2.76,95.0,3.13,,,,,,,,,,,,,,,,,,,,,,,,,
2026-09-14T22:09:12.253,PNBHOUSING,1178.9,,,,1159.73,1172.27,,0.94,13.78,13.27,50.11,,financials,finance - housing,26.3,-3.68,0.39,0.22,0.39,0.2,0.54,3.61,2.56,,,2026-09-14,,,,2.18,1141.1,-4.02,,,2.02,-2.85,1195.0,7.87,,,,,,,,,,,,,,,,,,,,,,,,,
2026-09-14T22:09:12.253,CASTROLIND,188.03,,,,184.48,196.06,,2.05,13.39,17.25,47.68,,chemicals,chemicals,22.03,-0.33,-0.06,0.01,-0.06,-0.01,3.14,3.3,1.32,,,2026-09-14,,,,2.28,186.03,-3.02,,,0.8,-1.69,191.8,2.7,,,,,,,,,,,,,,,,,,,,,,,,,
2026-09-14T22:09:12.253,NIITLTD,92.49,,,,98.37,99.55,,0.29,38.54,138.04,48.59,,i.t,computers - education,20.28,-0.77,0.4,0.1,0.4,0.09,0.6,2.02,3.71,,,2026-09-14,,,,1.5,97.5,-2.14,,,2.22,-7.03,101.16,6.72,,,,,,,,,,,,,,,,,,,,,,,,,
2026-09-13T23:38:57.231,SKIPPER,551.55,,,,538.82,643.38,,11.06,27.41,27.72,47.89,,industrials,engineering,12.96,-2.85,0.57,0.35,0.57,0.25,9.7,12.79,4.69,,,2026-09-13,,,,10.74,533.75,-10.44,,,4.35,-8.42,616.8,6.01,,,,,,,,,,,,,,,,,,,,,,,,,
2026-09-13T23:38:57.231,SHANTIGOLD,258.17,,,,251.56,261.12,,1.43,9.22,9.08,51.42,,consumer discretionary,diamond cutting / jewellery,31.37,-7.82,0.14,0.28,0.14,0.23,1.9,9.24,5.29,,,2026-09-13,,,,4.2,246.0,-9.45,,,8.06,-3.44,277.0,16.38,,,,,,,,,,,,,,,,,,,,,,,,,
2026-09-13T23:38:57.231,ARMANFIN,2011.3,,,,1923.82,2214.78,,0.83,11.7,18.16,49.26,,financials,finance & investments,21.89,0.38,0.38,0.35,0.38,0.3,7.56,7.38,3.41,,,2026-09-13,,,,4.13,1987.2,-7.29,,,0.75,-5.26,2084.9,4.27,,,,,,,,,,,,,,,,,,,,,,,,,
2026-09-13T23:38:57.231,TCPLPACK,3871.0,,,,4011.44,4172.36,,0.71,22.01,30.5,60.61,,industrials,packaging,38.46,-5.69,0.47,0.35,0.47,0.31,2.01,6.95,4.28,,,2026-09-13,,,,4.36,3921.0,-8.08,,,1.18,-7.13,4157.2,22.55,,,,,,,,,,,,,,,,,,,,,,,,,
2026-09-13T23:38:57.231,ICIL,443.25,,,,428.58,471.02,,0.55,34.74,58.17,57.1,,textiles,textiles - cotton/blended,31.72,0.21,0.59,0.61,0.59,0.57,4.95,6.22,5.76,,,2026-09-13,,,,3.09,436.3,-5.6,,,4.77,-5.2,471.25,9.45,,,,,,,,,,,,,,,,,,,,,,,,,
2026-09-13T23:38:57.231,CARBORUNIV,1075.2,,,,1086.72,1174.48,,1.76,66.53,97.13,42.96,,industrials,abrasives and grinding wheels,20.26,-2.94,0.3,0.28,0.3,0.22,4.04,5.81,3.7,,,2026-09-13,,,,5.67,1069.9,-8.23,,,1.8,-6.68,1151.0,6.48,,,,,,,,,,,,,,,,,,,,,,,,,
2026-09-13T23:38:57.231,UNIMECH,1610.0,,,,1497.21,1508.19,,0.89,73.45,113.7,55.5,,aerospace & defence,engineering,40.69,-5.94,0.56,0.61,0.56,0.57,0.37,5.73,3.65,,,2026-09-13,,,,2.34,1468.4,-6.68,,,9.99,-0.91,1652.8,17.29,,,,,,,,,,,,,,,,,,,,,,,,,
2026-09-13T23:38:57.231,ARTEMISMED,344.9,,,,320.09,345.51,,2.51,43.55,47.97,57.7,,healthcare,healthcare,35.86,-0.18,0.32,0.16,0.32,0.12,3.97,4.82,3.44,,,2026-09-13,,,,4.56,318.3,-6.58,,,8.77,-0.2,362.0,11.26,,,,,,,,,,,,,,,,,,,,,,,,,
2026-09-13T23:38:57.231,CARERATING,1650.5,,,,1641.22,1835.18,,6.76,38.46,27.89,49.29,,financials,miscellaneous,17.95,2.51,-0.01,0.08,-0.01,0.07,5.91,3.76,3.26,,,2026-09-13,,,,2.27,1699.7,-5.56,,,4.07,-5.34,1809.0,3.8,,,,,,,,,,,,,,,,,,,,,,,,,
2026-09-13T23:38:57.231,SMCGLOBAL,86.0,,,,78.17,84.33,,1.42,12.29,13.89,51.88,,financials,finance & investments,20.22,0.18,0.04,-0.07,0.04,-0.09,3.93,3.75,2.66,,,2026-09-13,,,,2.85,79.0,-5.69,,,16.92,-2.76,95.0,3.13,,,,,,,,,,,,,,,,,,,,,,,,,
2026-09-13T23:38:57.231,PNBHOUSING,1178.9,,,,1159.73,1172.27,,0.94,13.78,13.27,50.11,,financials,finance - housing,26.3,-3.68,0.39,0.22,0.39,0.2,0.54,3.61,2.56,,,2026-09-13,,,,2.18,1141.1,-4.02,,,2.02,-2.85,1195.0,7.87,,,,,,,,,,,,,,,,,,,,,,,,,
2026-09-13T23:38:57.231,CASTROLIND,188.03,,,,184.48,196.06,,2.05,13.39,17.25,47.68,,chemicals,chemicals,22.03,-0.33,-0.06,0.01,-0.06,-0.01,3.14,3.3,1.32,,,2026-09-13,,,,2.28,186.03,-3.02,,,0.8,-1.69,191.8,2.7,,,,,,,,,,,,,,,,,,,,,,,,,
2026-09-13T23:38:57.231,NIITLTD,92.49,,,,98.37,99.55,,0.29,38.54,138.04,48.59,,i.t,computers - education,20.28,-0.77,0.4,0.1,0.4,0.09,0.6,2.02,3.71,,,2026-09-13,,,,1.5,97.5,-2.14,,,2.22,-7.03,101.16,6.72,,,,,,,,,,,,,,,,,,,,,,,,,
2026-09-12T22:52:57.759,SKIPPER,551.55,,,,538.82,643.38,,11.06,27.41,27.72,47.89,,industrials,engineering,12.96,-2.85,0.57,0.35,0.57,0.25,9.7,12.79,4.69,,,2026-09-12,,,,10.74,533.75,-10.44,,,4.35,-8.42,616.8,6.01,,,,,,,,,,,,,,,,,,,,,,,,,
2026-09-12T22:52:57.759,SHANTIGOLD,258.17,,,,251.56,261.12,,1.43,9.22,9.08,51.42,,consumer discretionary,diamond cutting / jewellery,31.37,-7.82,0.14,0.28,0.14,0.23,1.9,9.24,5.29,,,2026-09-12,,,,4.2,246.0,-9.45,,,8.06,-3.44,277.0,16.38,,,,,,,,,,,,,,,,,,,,,,,,,
2026-09-12T22:52:57.759,ARMANFIN,2011.3,,,,1923.82,2214.78,,0.83,11.7,18.16,49.26,,financials,finance & investments,21.89,0.38,0.38,0.35,0.38,0.3,7.56,7.38,3.41,,,2026-09-12,,,,4.13,1987.2,-7.29,,,0.75,-5.26,2084.9,4.27,,,,,,,,,,,,,,,,,,,,,,,,,
2026-09-12T22:52:57.759,TCPLPACK,3871.0,,,,4011.44,4172.36,,0.71,22.01,30.5,60.61,,industrials,packaging,38.46,-5.69,0.47,0.35,0.47,0.31,2.01,6.95,4.28,,,2026-09-12,,,,4.36,3921.0,-8.08,,,1.18,-7.13,4157.2,22.55,,,,,,,,,,,,,,,,,,,,,,,,,
2026-09-12T22:52:57.759,ICIL,443.25,,,,428.58,471.02,,0.55,34.74,58.17,57.1,,textiles,textiles - cotton/blended,31.72,0.21,0.59,0.61,0.59,0.57,4.95,6.22,5.76,,,2026-09-12,,,,3.09,436.3,-5.6,,,4.77,-5.2,471.25,9.45,,,,,,,,,,,,,,,,,,,,,,,,,
2026-09-12T22:52:57.759,CARBORUNIV,1075.2,,,,1086.72,1174.48,,1.76,66.53,97.13,42.96,,industrials,abrasives and grinding wheels,20.26,-2.94,0.3,0.28,0.3,0.22,4.04,5.81,3.7,,,2026-09-12,,,,5.67,1069.9,-8.23,,,1.8,-6.68,1151.0,6.48,,,,,,,,,,,,,,,,,,,,,,,,,
2026-09-12T22:52:57.759,UNIMECH,1610.0,,,,1497.21,1508.19,,0.89,73.45,113.7,55.5,,aerospace & defence,engineering,40.69,-5.94,0.56,0.61,0.56,0.57,0.37,5.73,3.65,,,2026-09-12,,,,2.34,1468.4,-6.68,,,9.99,-0.91,1652.8,17.29,,,,,,,,,,,,,,,,,,,,,,,,,
2026-09-12T22:52:57.759,ARTEMISMED,344.9,,,,320.09,345.51,,2.51,43.55,47.97,57.7,,healthcare,healthcare,35.86,-0.18,0.32,0.16,0.32,0.12,3.97,4.82,3.44,,,2026-09-12,,,,4.56,318.3,-6.58,,,8.77,-0.2,362.0,11.26,,,,,,,,,,,,,,,,,,,,,,,,,
2026-09-12T22:52:57.759,CARERATING,1650.5,,,,1641.22,1835.18,,6.76,38.46,27.89,49.29,,financials,miscellaneous,17.95,2.51,-0.01,0.08,-0.01,0.07,5.91,3.76,3.26,,,2026-09-12,,,,2.27,1699.7,-5.56,,,4.07,-5.34,1809.0,3.8,,,,,,,,,,,,,,,,,,,,,,,,,
2026-09-12T22:52:57.759,SMCGLOBAL,86.0,,,,78.17,84.33,,1.42,12.29,13.89,51.88,,financials,finance & investments,20.22,0.18,0.04,-0.07,0.04,-0.09,3.93,3.75,2.66,,,2026-09-12,,,,2.85,79.0,-5.69,,,16.92,-2.76,95.0,3.13,,,,,,,,,,,,,,,,,,,,,,,,,
2026-09-12T22:52:57.759,PNBHOUSING,1178.9,,,,1159.73,1172.27,,0.94,13.78,13.27,50.11,,financials,finance - housing,26.3,-3.68,0.39,0.22,0.39,0.2,0.54,3.61,2.56,,,2026-09-12,,,,2.18,1141.1,-4.02,,,2.02,-2.85,1195.0,7.87,,,,,,,,,,,,,,,,,,,,,,,,,
2026-09-12T22:52:57.759,CASTROLIND,188.03,,,,184.48,196.06,,2.05,13.39,17.25,47.68,,chemicals,chemicals,22.03,-0.33,-0.06,0.01,-0.06,-0.01,3.14,3.3,1.32,,,2026-09-12,,,,2.28,186.03,-3.02,,,0.8,-1.69,191.8,2.7,,,,,,,,,,,,,,,,,,,,,,,,,
2026-09-12T22:52:57.759,NIITLTD,92.49,,,,98.37,99.55,,0.29,38.54,138.04,48.59,,i.t,computers - education,20.28,-0.77,0.4,0.1,0.4,0.09,0.6,2.02,3.71,,,2026-09-12,,,,1.5,97.5,-2.14,,,2.22,-7.03,101.16,6.72,,,,,,,,,,,,,,,,,,,,,,,,,
2026-09-11T22:37:54.327,SKIPPER,551.55,,,,538.82,643.38,,11.06,27.41,29.3,47.89,,industrials,engineering,12.96,-2.85,0.57,0.35,0.57,0.25,9.7,12.79,4.69,,,2026-09-11,,,,10.74,533.75,-10.44,,,4.35,-8.42,616.8,6.01,,,,,,,,,,,,,,,,,,,,,,,,,
2026-09-11T22:37:54.327,SHANTIGOLD,258.17,,,,251.56,261.12,,1.43,9.22,9.05,51.42,,consumer discretionary,diamond cutting / jewellery,31.37,-7.82,0.14,0.28,0.14,0.23,1.9,9.24,5.29,,,2026-09-11,,,,4.2,246.0,-9.45,,,8.06,-3.44,277.0,16.38,,,,,,,,,,,,,,,,,,,,,,,,,
2026-09-11T22:37:54.327,ARMANFIN,2011.3,,,,1923.82,2214.78,,0.83,11.7,18.38,49.26,,financials,finance & investments,21.89,0.38,0.38,0.35,0.38,0.3,7.56,7.38,3.41,,,2026-09-11,,,,4.13,1987.2,-7.29,,,0.75,-5.26,2084.9,4.27,,,,,,,,,,,,,,,,,,,,,,,,,
2026-09-11T22:37:54.327,TCPLPACK,3871.0,,,,4011.44,4172.36,,0.71,22.01,30.38,60.61,,industrials,packaging,38.46,-5.69,0.47,0.35,0.47,0.31,2.01,6.95,4.28,,,2026-09-11,,,,4.36,3921.0,-8.08,,,1.18,-7.13,4157.2,22.55,,,,,,,,,,,,,,,,,,,,,,,,,
2026-09-11T22:37:54.327,ICIL,443.25,,,,428.58,471.02,,0.55,34.74,57.67,57.1,,textiles,textiles - cotton/blended,31.72,0.21,0.59,0.61,0.59,0.57,4.95,6.22,5.76,,,2026-09-11,,,,3.09,436.3,-5.6,,,4.77,-5.2,471.25,9.45,,,,,,,,,,,,,,,,,,,,,,,,,
2026-09-11T22:37:54.327,CARBORUNIV,1075.2,,,,1086.72,1174.48,,1.76,66.53,98.48,42.96,,industrials,abrasives and grinding wheels,20.26,-2.94,0.3,0.28,0.3,0.22,4.04,5.81,3.7,,,2026-09-11,,,,5.67,1069.9,-8.23,,,1.8,-6.68,1151.0,6.48,,,,,,,,,,,,,,,,,,,,,,,,,
2026-09-11T22:37:54.327,UNIMECH,1610.0,,,,1497.21,1508.19,,0.89,73.45,110.74,55.5,,aerospace & defence,engineering,40.69,-5.94,0.56,0.61,0.56,0.57,0.37,5.73,3.65,,,2026-09-11,,,,2.34,1468.4,-6.68,,,9.99,-0.91,1652.8,17.29,,,,,,,,,,,,,,,,,,,,,,,,,
2026-09-11T22:37:54.327,ARTEMISMED,344.9,,,,320.09,345.51,,2.51,43.55,48.48,57.7,,healthcare,healthcare,35.86,-0.18,0.32,0.16,0.32,0.12,3.97,4.82,3.44,,,2026-09-11,,,,4.56,318.3,-6.58,,,8.77,-0.2,362.0,11.26,,,,,,,,,,,,,,,,,,,,,,,,,
2026-09-11T22:37:54.327,CARERATING,1650.5,,,,1641.22,1835.18,,6.76,38.46,28.61,49.29,,financials,miscellaneous,17.95,2.51,-0.01,0.08,-0.01,0.07,5.91,3.76,3.26,,,2026-09-11,,,,2.27,1699.7,-5.56,,,4.07,-5.34,1809.0,3.8,,,,,,,,,,,,,,,,,,,,,,,,,
2026-09-11T22:37:54.327,SMCGLOBAL,86.0,,,,78.17,84.33,,1.42,12.29,13.84,51.88,,financials,finance & investments,20.22,0.18,0.04,-0.07,0.04,-0.09,3.93,3.75,2.66,,,2026-09-11,,,,2.85,79.0,-5.69,,,16.92,-2.76,95.0,3.13,,,,,,,,,,,,,,,,,,,,,,,,,
2026-09-11T22:37:54.327,PNBHOUSING,1178.9,,,,1159.73,1172.27,,0.94,13.78,13.27,50.11,,financials,finance - housing,26.3,-3.68,0.39,0.22,0.39,0.2,0.54,3.61,2.56,,,2026-09-11,,,,2.18,1141.1,-4.02,,,2.02,-2.85,1195.0,7.87,,,,,,,,,,,,,,,,,,,,,,,,,
2026-09-11T22:37:54.327,CASTROLIND,188.03,,,,184.48,196.06,,2.05,13.39,17.25,47.68,,chemicals,chemicals,22.03,-0.33,-0.06,0.01,-0.06,-0.01,3.14,3.3,1.32,,,2026-09-11,,,,2.28,186.03,-3.02,,,0.8,-1.69,191.8,2.7,,,,,,,,,,,,,,,,,,,,,,,,,
2026-09-11T22:37:54.327,NIITLTD,92.49,,,,98.37,99.55,,0.29,38.54,140.43,48.59,,i.t,computers - education,20.28,-0.77,0.4,0.1,0.4,0.09,0.6,2.02,3.71,,,2026-09-11,,,,1.5,97.5,-2.14,,,2.22,-7.03,101.16,6.72,,,,,,,,,,,,,,,,,,,,,,,,,
2026-09-09T06:10:22.068,KAPSTON,573.65,,,,530.41,587.99,,,51.4,46.26,64.18,,miscellaneous,miscellaneous,33.95,-4.85,0.89,1.72,0.74,1.44,5.43,11.84,4.81,,,2026-09-09,6.04,-1.23,593.0,10.8,504.7,-6.59,20.15,,,,,,,,,,,,,,,,,,,,,,,,,,,,,,
2026-09-09T06:10:22.068,VADILALIND,7534.5,,,,7424.12,8375.88,,,10.34,24.73,71.35,,fmcg,food - processing - indian,41.89,-0.53,0.48,0.49,0.39,0.41,6.41,7.7,3.55,,,2026-09-09,0.76,-6.64,8020.0,6.97,7385.0,-4.47,9.44,,,,,,,,,,,,,,,,,,,,,,,,,,,,,,
2026-09-09T06:10:22.068,ADOR,1626.2,,,,1568.97,1702.23,,,25.63,24.93,61.92,,industrials,electrodes - welding equipment,46.33,-1.43,0.41,0.47,0.33,0.39,4.25,7.46,4.42,,,2026-09-09,8.0,-2.18,1766.4,5.75,1546.6,-4.52,10.7,,,,,,,,,,,,,,,,,,,,,,,,,,,,,,
2026-09-09T06:10:22.068,INGERRAND,4741.7,,,,4580.53,5139.87,,,53.11,55.96,66.37,,industrials,compressors / drilling equipment,25.91,0.62,0.11,0.32,0.07,0.25,6.11,6.58,3.12,,,2026-09-09,1.95,-3.45,4955.0,5.45,4609.0,-3.96,7.15,,,,,,,,,,,,,,,,,,,,,,,,,,,,,,
2026-09-09T06:10:22.068,ARMANFIN,2037.5,,,,1920.97,2147.43,,,11.86,18.39,60.39,,financials,finance & investments,24.47,2.0,0.18,0.33,0.12,0.28,5.89,5.73,3.51,,,2026-09-09,2.4,-5.27,2083.0,3.82,1959.4,-3.87,3.93,,,,,,,,,,,,,,,,,,,,,,,,,,,,,,
2026-09-09T06:10:22.068,TTKHLTCARE,1191.0,,,,1094.07,1174.33,,,19.77,22.76,61.1,,miscellaneous,diversified - medium / small,45.55,-1.19,0.14,0.03,0.08,-0.01,3.67,5.46,4.34,,,2026-09-09,6.96,-4.33,1213.1,4.92,1081.0,-4.18,9.06,,,,,,,,,,,,,,,,,,,,,,,,,,,,,,
2026-09-09T06:10:22.068,OIL,495.4,,,,472.96,492.74,,,5.55,9.65,61.87,,energy,oil drilling / allied services,25.02,-0.26,-0.06,0.15,-0.09,0.13,2.09,5.26,2.5,,,2026-09-09,3.82,-0.75,501.3,2.35,471.75,-2.55,6.6,,,,,,,,,,,,,,,,,,,,,,,,,,,,,,
2026-09-09T06:10:22.068,OFSS,11780.0,,,,11650.97,12729.03,,,18.11,30.03,63.98,,i.t,computers - software - large,10.86,1.93,0.64,0.47,0.64,0.44,4.63,4.94,2.74,,,2026-09-09,2.87,-4.54,12540.0,2.64,11876.0,-2.73,5.79,,,,,,,,,,,,,,,,,,,,,,,,,,,,,,
2026-09-09T06:10:22.068,INNOVACAP,1171.8,,,,1042.43,1067.77,,,38.0,43.55,59.44,,healthcare,pharmaceuticals - indian - bulk drugs & formln,30.71,-2.52,0.44,0.41,0.4,0.37,1.22,4.36,4.14,,,2026-09-09,13.72,-0.28,1199.9,3.83,1016.2,-3.43,8.46,,,,,,,,,,,,,,,,,,,,,,,,,,,,,,
2026-09-09T06:10:22.068,FLUOROCHEM,4676.6,,,,4625.3,4917.1,,,57.96,83.98,63.81,,chemicals,chemicals,39.11,0.37,0.27,0.33,0.22,0.31,3.15,4.29,2.89,,,2026-09-09,1.65,-6.5,4850.0,2.78,4642.3,-2.97,8.63,,,,,,,,,,,,,,,,,,,,,,,,,,,,,,
2026-09-09T06:10:22.068,ICIL,450.85,,,,415.2,454.7,,,35.33,59.17,57.54,,textiles,textiles - cotton/blended,27.07,1.2,0.48,0.47,0.43,0.43,4.76,3.51,5.35,,,2026-09-09,9.13,-2.64,474.65,3.51,420.2,1.04,8.19,,,,,,,,,,,,,,,,,,,,,,,,,,,,,,
2026-09-09T06:10:22.068,GRWRHITECH,6975.5,,,,7009.09,7439.91,,,30.54,41.78,56.24,,industrials,packaging,25.25,0.81,0.62,0.89,0.6,0.85,3.07,3.5,3.11,,,2026-09-09,1.36,-9.19,7323.0,2.25,7065.5,0.03,4.2,,,,,,,,,,,,,,,,,,,,,,,,,,,,,,
2026-09-09T06:10:22.068,POLYPLEX,1149.6,,,,1173.66,1195.14,,,9.91,23.24,57.16,,industrials,packaging,58.36,-2.02,0.3,0.38,0.28,0.34,0.92,3.25,3.18,,,2026-09-09,1.98,-3.62,1207.9,2.99,1150.0,0.23,7.93,,,,,,,,,,,,,,,,,,,,,,,,,,,,,,
2026-09-08T23:02:30.851,KAPSTON,573.65,,,,530.41,587.99,,,51.4,45.69,64.18,,miscellaneous,miscellaneous,33.95,-4.85,0.89,1.72,0.74,1.44,5.43,11.84,4.81,,,2026-09-08,6.04,-1.23,593.0,10.8,504.7,-6.59,20.15,,,,,,,,,,,,,,,,,,,,,,,,,,,,,,
2026-09-08T23:02:30.851,VADILALIND,7534.5,,,,7424.12,8375.88,,,10.34,24.63,71.35,,fmcg,food - processing - indian,41.89,-0.53,0.48,0.49,0.39,0.41,6.41,7.7,3.55,,,2026-09-08,0.76,-6.64,8020.0,6.97,7385.0,-4.47,9.44,,,,,,,,,,,,,,,,,,,,,,,,,,,,,,
2026-09-08T23:02:30.851,ADOR,1626.2,,,,1568.97,1702.23,,,25.63,25.2,61.92,,industrials,electrodes - welding equipment,46.33,-1.43,0.41,0.47,0.33,0.39,4.25,7.46,4.42,,,2026-09-08,8.0,-2.18,1766.4,5.75,1546.6,-4.52,10.7,,,,,,,,,,,,,,,,,,,,,,,,,,,,,,
2026-09-08T23:02:30.851,INGERRAND,4741.7,,,,4580.53,5139.87,,,53.11,55.82,66.37,,industrials,compressors / drilling equipment,25.91,0.62,0.11,0.32,0.07,0.25,6.11,6.58,3.12,,,2026-09-08,1.95,-3.45,4955.0,5.45,4609.0,-3.96,7.15,,,,,,,,,,,,,,,,,,,,,,,,,,,,,,
2026-09-08T23:02:30.851,ARMANFIN,2037.5,,,,1920.97,2147.43,,,11.86,18.36,60.39,,financials,finance & investments,24.47,2.0,0.18,0.33,0.12,0.28,5.89,5.73,3.51,,,2026-09-08,2.4,-5.27,2083.0,3.82,1959.4,-3.87,3.93,,,,,,,,,,,,,,,,,,,,,,,,,,,,,,
2026-09-08T23:02:30.851,TTKHLTCARE,1191.0,,,,1094.07,1174.33,,,19.77,20.85,61.1,,miscellaneous,diversified - medium / small,45.55,-1.19,0.14,0.03,0.08,-0.01,3.67,5.46,4.34,,,2026-09-08,6.96,-4.33,1213.1,4.92,1081.0,-4.18,9.06,,,,,,,,,,,,,,,,,,,,,,,,,,,,,,
2026-09-08T23:02:30.851,OIL,495.4,,,,472.96,492.74,,,5.55,9.48,61.87,,energy,oil drilling / allied services,25.02,-0.26,-0.06,0.15,-0.09,0.13,2.09,5.26,2.5,,,2026-09-08,3.82,-0.75,501.3,2.35,471.75,-2.55,6.6,,,,,,,,,,,,,,,,,,,,,,,,,,,,,,
2026-09-08T23:02:30.851,OFSS,11780.0,,,,11650.97,12729.03,,,18.11,30.2,63.98,,i.t,computers - software - large,10.86,1.93,0.64,0.47,0.64,0.44,4.63,4.94,2.74,,,2026-09-08,2.87,-4.54,12540.0,2.64,11876.0,-2.73,5.79,,,,,,,,,,,,,,,,,,,,,,,,,,,,,,
2026-09-08T23:02:30.851,INNOVACAP,1171.8,,,,1042.43,1067.77,,,38.0,43.27,59.44,,healthcare,pharmaceuticals - indian - bulk drugs & formln,30.71,-2.52,0.44,0.41,0.4,0.37,1.22,4.36,4.14,,,2026-09-08,13.72,-0.28,1199.9,3.83,1016.2,-3.43,8.46,,,,,,,,,,,,,,,,,,,,,,,,,,,,,,
2026-09-08T23:02:30.851,FLUOROCHEM,4676.6,,,,4625.3,4917.1,,,57.96,81.35,63.81,,chemicals,chemicals,39.11,0.37,0.27,0.33,0.22,0.31,3.15,4.29,2.89,,,2026-09-08,1.65,-6.5,4850.0,2.78,4642.3,-2.97,8.63,,,,,,,,,,,,,,,,,,,,,,,,,,,,,,
2026-09-08T23:02:30.851,ICIL,450.85,,,,415.2,454.7,,,35.33,59.54,57.54,,textiles,textiles - cotton/blended,27.07,1.2,0.48,0.47,0.43,0.43,4.76,3.51,5.35,,,2026-09-08,9.13,-2.64,474.65,3.51,420.2,1.04,8.19,,,,,,,,,,,,,,,,,,,,,,,,,,,,,,
2026-09-08T23:02:30.851,GRWRHITECH,6975.5,,,,7009.09,7439.91,,,30.54,41.64,56.24,,industrials,packaging,25.25,0.81,0.62,0.89,0.6,0.85,3.07,3.5,3.11,,,2026-09-08,1.36,-9.19,7323.0,2.25,7065.5,0.03,4.2,,,,,,,,,,,,,,,,,,,,,,,,,,,,,,
2026-09-08T23:02:30.851,POLYPLEX,1149.6,,,,1173.66,1195.14,,,9.91,23.85,57.16,,industrials,packaging,58.36,-2.02,0.3,0.38,0.28,0.34,0.92,3.25,3.18,,,2026-09-08,1.98,-3.62,1207.9,2.99,1150.0,0.23,7.93,,,,,,,,,,,,,,,,,,,,,,,,,,,,,,
2026-09-07T05:41:44.736,KAPSTON,584.05,,,,530.41,587.99,,3.35,52.33,47.1,50.53,,miscellaneous,miscellaneous,33.95,-7.56,0.89,1.72,0.89,1.44,5.43,11.84,4.81,,,2026-09-07,,,,10.8,504.7,-11.4,,,6.04,-1.23,593.0,20.15,,,,,,,,,,,,,,,,,,,,,,,,,
2026-09-07T05:41:44.736,VADILALIND,7655.0,,,,7424.12,8375.88,,1.68,10.51,25.12,59.13,,fmcg,food - processing - indian,41.89,-1.26,0.48,0.49,0.48,0.41,6.41,7.7,3.55,,,2026-09-07,,,,6.97,7385.0,-8.01,,,0.76,-5.39,8020.0,9.44,,,,,,,,,,,,,,,,,,,,,,,,,
2026-09-07T05:41:44.736,ADOR,1674.4,,,,1568.97,1702.23,,2.16,26.39,25.67,52.37,,industrials,electrodes - welding equipment,46.33,-2.87,0.41,0.47,0.41,0.39,4.25,7.46,4.42,,,2026-09-07,,,,5.75,1546.6,-8.94,,,8.0,0.45,1766.4,10.7,,,,,,,,,,,,,,,,,,,,,,,,,
2026-09-07T05:41:44.736,INGERRAND,4844.7,,,,4580.53,5139.87,,5.01,54.26,57.17,54.6,,industrials,compressors / drilling equipment,25.91,0.61,0.11,0.32,0.11,0.25,6.11,6.58,3.12,,,2026-09-07,,,,5.45,4609.0,-7.09,,,1.95,-2.83,4955.0,7.15,,,,,,,,,,,,,,,,,,,,,,,,,
2026-09-07T05:41:44.736,ARMANFIN,2069.3,,,,1920.97,2147.43,,0.99,12.04,18.68,54.54,,financials,finance & investments,24.47,-0.16,0.18,0.33,0.18,0.28,5.89,5.73,3.51,,,2026-09-07,,,,3.82,1959.4,-7.38,,,2.4,-5.27,2083.0,3.93,,,,,,,,,,,,,,,,,,,,,,,,,
2026-09-07T05:41:44.736,TTKHLTCARE,1100.2,,,,1094.07,1174.33,,2.83,18.26,21.02,54.41,,miscellaneous,diversified - medium / small,45.55,-1.99,0.14,0.03,0.14,-0.01,3.67,5.46,4.34,,,2026-09-07,,,,4.92,1081.0,-8.51,,,5.25,-4.24,1193.8,9.06,,,,,,,,,,,,,,,,,,,,,,,,,
2026-09-07T05:41:44.736,OIL,488.3,,,,472.96,492.74,,0.58,5.47,9.51,54.64,,energy,oil drilling / allied services,25.02,-2.79,-0.06,0.15,-0.06,0.13,2.09,5.26,2.5,,,2026-09-07,,,,2.35,471.75,-5.05,,,3.55,-0.75,500.0,6.6,,,,,,,,,,,,,,,,,,,,,,,,,
2026-09-07T05:41:44.736,OFSS,12058.0,,,,11650.97,12729.03,,1.21,18.54,30.74,56.65,,i.t,computers - software - large,10.86,-0.06,0.64,0.47,0.64,0.44,4.63,4.94,2.74,,,2026-09-07,,,,2.64,11876.0,-5.47,,,2.87,-1.96,12540.0,5.79,,,,,,,,,,,,,,,,,,,,,,,,,
2026-09-07T05:41:44.736,INNOVACAP,1175.4,,,,1042.43,1067.77,,0.67,38.11,43.68,55.0,,healthcare,pharmaceuticals - indian - bulk drugs & formln,30.71,-1.47,0.44,0.41,0.44,0.37,1.22,4.36,4.14,,,2026-09-07,,,,3.83,1016.2,-7.56,,,13.72,-0.28,1199.9,8.46,,,,,,,,,,,,,,,,,,,,,,,,,
2026-09-07T05:41:44.736,FLUOROCHEM,4554.0,,,,4625.3,4917.1,,0.55,56.45,81.77,63.76,,chemicals,chemicals,39.11,-0.79,0.27,0.33,0.27,0.31,3.15,4.29,2.89,,,2026-09-07,,,,2.78,4642.3,-5.86,,,1.65,-6.5,4850.0,8.63,,,,,,,,,,,,,,,,,,,,,,,,,
2026-09-07T05:41:44.736,ICIL,449.8,,,,415.2,454.7,,0.49,35.25,59.03,54.24,,textiles,textiles - cotton/blended,27.07,2.46,0.48,0.47,0.48,0.43,4.76,3.51,5.35,,,2026-09-07,,,,3.51,420.2,-4.32,,,9.13,-2.64,474.65,8.19,,,,,,,,,,,,,,,,,,,,,,,,,
2026-09-07T05:41:44.736,GRWRHITECH,7086.5,,,,7009.09,7439.91,,1.27,31.03,42.44,52.27,,industrials,packaging,25.25,0.97,0.62,0.89,0.62,0.85,3.07,3.5,3.11,,,2026-09-07,,,,2.25,7065.5,-3.09,,,1.36,-2.83,7323.0,4.2,,,,,,,,,,,,,,,,,,,,,,,,,
2026-09-07T05:41:44.736,POLYPLEX,1191.0,,,,1173.66,1195.14,,0.47,10.27,24.08,56.64,,industrials,packaging,58.36,-0.36,0.3,0.38,0.3,0.34,0.92,3.25,3.18,,,2026-09-07,,,,2.99,1150.0,-2.95,,,1.98,-1.04,1207.9,7.93,,,,,,,,,,,,,,,,,,,,,,,,,
2026-09-06T21:57:10.241,KAPSTON,584.05,,,,530.41,587.99,,3.35,52.33,47.1,50.53,,miscellaneous,miscellaneous,33.95,-7.56,0.89,1.72,0.89,1.44,5.43,11.84,4.81,,,2026-09-06,,,,10.8,504.7,-11.4,,,6.04,-1.23,593.0,20.15,,,,,,,,,,,,,,,,,,,,,,,,,
2026-09-06T21:57:10.241,VADILALIND,7655.0,,,,7424.12,8375.88,,1.68,10.51,25.12,59.13,,fmcg,food - processing - indian,41.89,-1.26,0.48,0.49,0.48,0.41,6.41,7.7,3.55,,,2026-09-06,,,,6.97,7385.0,-8.01,,,0.76,-5.39,8020.0,9.44,,,,,,,,,,,,,,,,,,,,,,,,,
2026-09-06T21:57:10.241,ADOR,1674.4,,,,1568.97,1702.23,,2.16,26.39,25.67,52.37,,industrials,electrodes - welding equipment,46.33,-2.87,0.41,0.47,0.41,0.39,4.25,7.46,4.42,,,2026-09-06,,,,5.75,1546.6,-8.94,,,8.0,0.45,1766.4,10.7,,,,,,,,,,,,,,,,,,,,,,,,,
2026-09-06T21:57:10.241,INGERRAND,4844.7,,,,4580.53,5139.87,,5.01,54.26,57.17,54.6,,industrials,compressors / drilling equipment,25.91,0.61,0.11,0.32,0.11,0.25,6.11,6.58,3.12,,,2026-09-06,,,,5.45,4609.0,-7.09,,,1.95,-2.83,4955.0,7.15,,,,,,,,,,,,,,,,,,,,,,,,,
2026-09-06T21:57:10.241,ARMANFIN,2069.3,,,,1920.97,2147.43,,0.99,12.04,18.68,54.54,,financials,finance & investments,24.47,-0.16,0.18,0.33,0.18,0.28,5.89,5.73,3.51,,,2026-09-06,,,,3.82,1959.4,-7.38,,,2.4,-5.27,2083.0,3.93,,,,,,,,,,,,,,,,,,,,,,,,,
2026-09-06T21:57:10.241,TTKHLTCARE,1100.2,,,,1094.07,1174.33,,2.83,18.26,21.02,54.41,,miscellaneous,diversified - medium / small,45.55,-1.99,0.14,0.03,0.14,-0.01,3.67,5.46,4.34,,,2026-09-06,,,,4.92,1081.0,-8.51,,,5.25,-4.24,1193.8,9.06,,,,,,,,,,,,,,,,,,,,,,,,,
2026-09-06T21:57:10.241,OIL,488.3,,,,472.96,492.74,,0.58,5.47,9.51,54.64,,energy,oil drilling / allied services,25.02,-2.79,-0.06,0.15,-0.06,0.13,2.09,5.26,2.5,,,2026-09-06,,,,2.35,471.75,-5.05,,,3.55,-0.75,500.0,6.6,,,,,,,,,,,,,,,,,,,,,,,,,
2026-09-06T21:57:10.241,OFSS,12058.0,,,,11650.97,12729.03,,1.21,18.54,30.74,56.65,,i.t,computers - software - large,10.86,-0.06,0.64,0.47,0.64,0.44,4.63,4.94,2.74,,,2026-09-06,,,,2.64,11876.0,-5.47,,,2.87,-1.96,12540.0,5.79,,,,,,,,,,,,,,,,,,,,,,,,,
2026-09-06T21:57:10.241,INNOVACAP,1175.4,,,,1042.43,1067.77,,0.67,38.11,43.68,55.0,,healthcare,pharmaceuticals - indian - bulk drugs & formln,30.71,-1.47,0.44,0.41,0.44,0.37,1.22,4.36,4.14,,,2026-09-06,,,,3.83,1016.2,-7.56,,,13.72,-0.28,1199.9,8.46,,,,,,,,,,,,,,,,,,,,,,,,,
2026-09-06T21:57:10.241,FLUOROCHEM,4554.0,,,,4625.3,4917.1,,0.55,56.45,81.77,63.76,,chemicals,chemicals,39.11,-0.79,0.27,0.33,0.27,0.31,3.15,4.29,2.89,,,2026-09-06,,,,2.78,4642.3,-5.86,,,1.65,-6.5,4850.0,8.63,,,,,,,,,,,,,,,,,,,,,,,,,
2026-09-06T21:57:10.241,ICIL,449.8,,,,415.2,454.7,,0.49,35.25,59.03,54.24,,textiles,textiles - cotton/blended,27.07,2.46,0.48,0.47,0.48,0.43,4.76,3.51,5.35,,,2026-09-06,,,,3.51,420.2,-4.32,,,9.13,-2.64,474.65,8.19,,,,,,,,,,,,,,,,,,,,,,,,,
2026-09-06T21:57:10.241,GRWRHITECH,7086.5,,,,7009.09,7439.91,,1.27,31.03,42.44,52.27,,industrials,packaging,25.25,0.97,0.62,0.89,0.62,0.85,3.07,3.5,3.11,,,2026-09-06,,,,2.25,7065.5,-3.09,,,1.36,-2.83,7323.0,4.2,,,,,,,,,,,,,,,,,,,,,,,,,
2026-09-06T21:57:10.241,POLYPLEX,1191.0,,,,1173.66,1195.14,,0.47,10.27,24.08,56.64,,industrials,packaging,58.36,-0.36,0.3,0.38,0.3,0.34,0.92,3.25,3.18,,,2026-09-06,,,,2.99,1150.0,-2.95,,,1.98,-1.04,1207.9,7.93,,,,,,,,,,,,,,,,,,,,,,,,,
2026-09-05T23:13:17.445,KAPSTON,584.05,,,,530.41,587.99,,3.35,52.33,47.1,50.53,,miscellaneous,miscellaneous,33.95,-7.56,0.89,1.72,0.89,1.44,5.43,11.84,4.81,,,2026-09-05,,,,10.8,504.7,-11.4,,,6.04,-1.23,593.0,20.15,,,,,,,,,,,,,,,,,,,,,,,,,
2026-09-05T23:13:17.445,VADILALIND,7655.0,,,,7424.12,8375.88,,1.68,10.51,25.12,59.13,,fmcg,food - processing - indian,41.89,-1.26,0.48,0.49,0.48,0.41,6.41,7.7,3.55,,,2026-09-05,,,,6.97,7385.0,-8.01,,,0.76,-5.39,8020.0,9.44,,,,,,,,,,,,,,,,,,,,,,,,,
2026-09-05T23:13:17.445,ADOR,1674.4,,,,1568.97,1702.23,,2.16,26.39,25.67,52.37,,industrials,electrodes - welding equipment,46.33,-2.87,0.41,0.47,0.41,0.39,4.25,7.46,4.42,,,2026-09-05,,,,5.75,1546.6,-8.94,,,8.0,0.45,1766.4,10.7,,,,,,,,,,,,,,,,,,,,,,,,,
2026-09-05T23:13:17.445,INGERRAND,4844.7,,,,4580.53,5139.87,,5.01,54.26,57.17,54.6,,industrials,compressors / drilling equipment,25.91,0.61,0.11,0.32,0.11,0.25,6.11,6.58,3.12,,,2026-09-05,,,,5.45,4609.0,-7.09,,,1.95,-2.83,4955.0,7.15,,,,,,,,,,,,,,,,,,,,,,,,,
2026-09-05T23:13:17.445,ARMANFIN,2069.3,,,,1920.97,2147.43,,0.99,12.04,18.68,54.54,,financials,finance & investments,24.47,-0.16,0.18,0.33,0.18,0.28,5.89,5.73,3.51,,,2026-09-05,,,,3.82,1959.4,-7.38,,,2.4,-5.27,2083.0,3.93,,,,,,,,,,,,,,,,,,,,,,,,,
2026-09-05T23:13:17.445,TTKHLTCARE,1100.2,,,,1094.07,1174.33,,2.83,18.26,21.02,54.41,,miscellaneous,diversified - medium / small,45.55,-1.99,0.14,0.03,0.14,-0.01,3.67,5.46,4.34,,,2026-09-05,,,,4.92,1081.0,-8.51,,,5.25,-4.24,1193.8,9.06,,,,,,,,,,,,,,,,,,,,,,,,,
2026-09-05T23:13:17.445,OIL,488.3,,,,472.96,492.74,,0.58,5.47,9.51,54.64,,energy,oil drilling / allied services,25.02,-2.79,-0.06,0.15,-0.06,0.13,2.09,5.26,2.5,,,2026-09-05,,,,2.35,471.75,-5.05,,,3.55,-0.75,500.0,6.6,,,,,,,,,,,,,,,,,,,,,,,,,
2026-09-05T23:13:17.445,OFSS,12058.0,,,,11650.97,12729.03,,1.21,18.54,30.74,56.65,,i.t,computers - software - large,10.86,-0.06,0.64,0.47,0.64,0.44,4.63,4.94,2.74,,,2026-09-05,,,,2.64,11876.0,-5.47,,,2.87,-1.96,12540.0,5.79,,,,,,,,,,,,,,,,,,,,,,,,,
2026-09-05T23:13:17.445,INNOVACAP,1175.4,,,,1042.43,1067.77,,0.67,38.11,43.68,55.0,,healthcare,pharmaceuticals - indian - bulk drugs & formln,30.71,-1.47,0.44,0.41,0.44,0.37,1.22,4.36,4.14,,,2026-09-05,,,,3.83,1016.2,-7.56,,,13.72,-0.28,1199.9,8.46,,,,,,,,,,,,,,,,,,,,,,,,,
2026-09-05T23:13:17.445,FLUOROCHEM,4554.0,,,,4625.3,4917.1,,0.55,56.45,81.77,63.76,,chemicals,chemicals,39.11,-0.79,0.27,0.33,0.27,0.31,3.15,4.29,2.89,,,2026-09-05,,,,2.78,4642.3,-5.86,,,1.65,-6.5,4850.0,8.63,,,,,,,,,,,,,,,,,,,,,,,,,
2026-09-05T23:13:17.445,ICIL,449.8,,,,415.2,454.7,,0.49,35.25,59.03,54.24,,textiles,textiles - cotton/blended,27.07,2.46,0.48,0.47,0.48,0.43,4.76,3.51,5.35,,,2026-09-05,,,,3.51,420.2,-4.32,,,9.13,-2.64,474.65,8.19,,,,,,,,,,,,,,,,,,,,,,,,,
2026-09-05T23:13:17.445,GRWRHITECH,7086.5,,,,7009.09,7439.91,,1.27,31.03,42.44,52.27,,industrials,packaging,25.25,0.97,0.62,0.89,0.62,0.85,3.07,3.5,3.11,,,2026-09-05,,,,2.25,7065.5,-3.09,,,1.36,-2.83,7323.0,4.2,,,,,,,,,,,,,,,,,,,,,,,,,
2026-09-05T23:13:17.445,POLYPLEX,1191.0,,,,1173.66,1195.14,,0.47,10.27,24.08,56.64,,industrials,packaging,58.36,-0.36,0.3,0.38,0.3,0.34,0.92,3.25,3.18,,,2026-09-05,,,,2.99,1150.0,-2.95,,,1.98,-1.04,1207.9,7.93,,,,,,,,,,,,,,,,,,,,,,,,,
2026-09-04T22:30:34.712,KAPSTON,584.05,,,,530.41,587.99,,3.35,52.33,46.88,50.53,,miscellaneous,miscellaneous,33.95,-7.56,0.89,1.72,0.89,1.44,5.43,11.84,4.81,,,2026-09-04,,,,10.8,504.7,-11.4,,,6.04,-1.23,593.0,20.15,,,,,,,,,,,,,,,,,,,,,,,,,
2026-09-04T22:30:34.712,VADILALIND,7655.0,,,,7424.12,8375.88,,1.68,10.51,24.99,59.13,,fmcg,food - processing - indian,41.89,-1.26,0.48,0.49,0.48,0.41,6.41,7.7,3.55,,,2026-09-04,,,,6.97,7385.0,-8.01,,,0.76,-5.39,8020.0,9.44,,,,,,,,,,,,,,,,,,,,,,,,,
2026-09-04T22:30:34.712,ADOR,1674.4,,,,1568.97,1702.23,,2.16,26.39,26.29,52.37,,industrials,electrodes - welding equipment,46.33,-2.87,0.41,0.47,0.41,0.39,4.25,7.46,4.42,,,2026-09-04,,,,5.75,1546.6,-8.94,,,8.0,0.45,1766.4,10.7,,,,,,,,,,,,,,,,,,,,,,,,,
2026-09-04T22:30:34.712,INGERRAND,4844.7,,,,4580.53,5139.87,,5.01,54.26,57.19,54.6,,industrials,compressors / drilling equipment,25.91,0.61,0.11,0.32,0.11,0.25,6.11,6.58,3.12,,,2026-09-04,,,,5.45,4609.0,-7.09,,,1.95,-2.83,4955.0,7.15,,,,,,,,,,,,,,,,,,,,,,,,,
2026-09-04T22:30:34.712,ARMANFIN,2069.3,,,,1920.97,2147.43,,0.99,12.04,17.98,54.54,,financials,finance & investments,24.47,-0.16,0.18,0.33,0.18,0.28,5.89,5.73,3.51,,,2026-09-04,,,,3.82,1959.4,-7.38,,,2.4,-5.27,2083.0,3.93,,,,,,,,,,,,,,,,,,,,,,,,,
2026-09-04T22:30:34.712,TTKHLTCARE,1100.2,,,,1094.07,1174.33,,2.83,18.26,21.08,54.41,,miscellaneous,diversified - medium / small,45.55,-1.99,0.14,0.03,0.14,-0.01,3.67,5.46,4.34,,,2026-09-04,,,,4.92,1081.0,-8.51,,,5.25,-4.24,1193.8,9.06,,,,,,,,,,,,,,,,,,,,,,,,,
2026-09-04T22:30:34.712,OIL,488.3,,,,472.96,492.74,,0.58,5.47,9.54,54.64,,energy,oil drilling / allied services,25.02,-2.79,-0.06,0.15,-0.06,0.13,2.09,5.26,2.5,,,2026-09-04,,,,2.35,471.75,-5.05,,,3.55,-0.75,500.0,6.6,,,,,,,,,,,,,,,,,,,,,,,,,
2026-09-04T22:30:34.712,OFSS,12058.0,,,,11650.97,12729.03,,1.21,18.54,30.97,56.65,,i.t,computers - software - large,10.86,-0.06,0.64,0.47,0.64,0.44,4.63,4.94,2.74,,,2026-09-04,,,,2.64,11876.0,-5.47,,,2.87,-1.96,12540.0,5.79,,,,,,,,,,,,,,,,,,,,,,,,,
2026-09-04T22:30:34.712,INNOVACAP,1175.4,,,,1042.43,1067.77,,0.67,38.11,41.82,55.0,,healthcare,pharmaceuticals - indian - bulk drugs & formln,30.71,-1.47,0.44,0.41,0.44,0.37,1.22,4.36,4.14,,,2026-09-04,,,,3.83,1016.2,-7.56,,,13.72,-0.28,1199.9,8.46,,,,,,,,,,,,,,,,,,,,,,,,,
2026-09-04T22:30:34.712,FLUOROCHEM,4554.0,,,,4625.3,4917.1,,0.55,56.45,84.3,63.76,,chemicals,chemicals,39.11,-0.79,0.27,0.33,0.27,0.31,3.15,4.29,2.89,,,2026-09-04,,,,2.78,4642.3,-5.86,,,1.65,-6.5,4850.0,8.63,,,,,,,,,,,,,,,,,,,,,,,,,
2026-09-04T22:30:34.712,ICIL,449.8,,,,415.2,454.7,,0.49,35.25,57.4,54.24,,textiles,textiles - cotton/blended,27.07,2.46,0.48,0.47,0.48,0.43,4.76,3.51,5.35,,,2026-09-04,,,,3.51,420.2,-4.32,,,9.13,-2.64,474.65,8.19,,,,,,,,,,,,,,,,,,,,,,,,,
2026-09-04T22:30:34.712,GRWRHITECH,7086.5,,,,7009.09,7439.91,,1.27,31.03,42.53,52.27,,industrials,packaging,25.25,0.97,0.62,0.89,0.62,0.85,3.07,3.5,3.11,,,2026-09-04,,,,2.25,7065.5,-3.09,,,1.36,-2.83,7323.0,4.2,,,,,,,,,,,,,,,,,,,,,,,,,
2026-09-04T22:30:34.712,POLYPLEX,1191.0,,,,1173.66,1195.14,,0.47,10.27,24.31,56.64,,industrials,packaging,58.36,-0.36,0.3,0.38,0.3,0.34,0.92,3.25,3.18,,,2026-09-04,,,,2.99,1150.0,-2.95,,,1.98,-1.04,1207.9,7.93,,,,,,,,,,,,,,,,,,,,,,,,,
2026-08-26T10:32:33.417,MTARTECH,6975.0,0.67,,6511.55,7148.7,6627.6,,,106.78,159.68,,,aerospace & defence,engineering,,-5.35,0.71,1.96,0.7,1.94,2.4,3.63,3.76,,,2026-08-26,,,,,,,,,,,,,7135.0,6968.0,6.01,6.01,126.67,262.41,3.15,3.15,0.48,8.65,21311.78,-2.76,-3.92,0.49,2.67,21729927,30759591,,,,,,,,
2026-08-26T10:32:33.417,SAIL,182.58,-1.09,,174.0,173.66,200.41,,,11.47,17.85,,,metals & mining,steel - large,,5.05,0.05,0.37,0.08,0.39,2.37,4.5,3.18,,,2026-08-26,,,,,,,,,,,,,186.72,182.4,3.56,3.56,12.1,5.8,3.33,3.33,2.09,31.89,76245.37,-1.63,-5.89,2.23,3.1,1445810739,4130525289,,,,,,,,
2026-08-26T10:32:33.417,IDEA,15.1,-0.59,,14.44,13.85,17.6,,,-10.79,4.4,,,telecom-service,telecommunications - service provider,,4.78,0.28,0.36,0.27,0.37,2.33,8.09,3.18,,,2026-08-26,,,,,,,,,,,,,15.37,15.02,9.16,9.16,1.28,0.48,3.26,3.26,2.67,65.0,164573.07,-1.39,-4.89,2.92,16.67,80561956458,108343035001,,,,,,,,
2026-08-26T10:32:33.417,IFCI,85.9,3.18,,81.6,80.07,97.55,,,178.96,130.08,,,financials,finance - term-lending institutions,,5.08,0.35,0.74,0.28,0.69,4.44,6.44,3.29,,,2026-08-26,,,,,,,,,,,,,86.84,83.15,5.38,5.38,9.07,2.83,3.56,3.56,3.21,51.63,22430.17,-0.45,-0.48,3.59,97.33,739037235,2694314331,,,,,,,,
2026-08-26T10:32:33.417,HINDCOPPER,549.25,3.12,,515.94,558.86,530.04,,,37.72,45.37,,,metals & mining,mining / minerals / metals,,-4.61,-0.1,0.48,-0.14,0.44,4.87,4.38,4.75,,,2026-08-26,,,,,,,,,,,,,551.8,526.2,4.87,4.87,38.2,26.09,4.43,4.43,1.46,368.5,51508.53,-0.12,-2.82,1.57,88.34,327410647,967024020,,,,,,,,
2026-08-26T10:32:33.417,NETWEB,5370.0,1.83,,5006.57,5326.28,5457.44,,,89.62,114.89,,,i.t,computers - hardware,,-0.55,0.39,0.69,0.36,0.66,2.67,3.45,5.07,,,2026-08-26,,,,,,,,,,,,,5465.0,5323.1,5.28,5.28,668.12,272.29,4.99,4.99,2.45,96.01,30027.67,0.91,0.66,2.8,17.22,18799145,56940687,,,,,,,,
2026-08-26T10:32:33.417,NIACL,188.79,0.8,,180.01,182.63,201.11,,,-32.11,40.02,,,financials,finance & investments,,1.42,0.16,0.14,0.13,0.13,1.96,3.08,2.75,,,2026-08-26,,,,,,,,,,,,,189.98,186.33,3.73,3.73,8.21,5.2,3.09,3.09,1.58,6.6,30865.39,2.07,0.69,1.65,47.33,240000000,1648000000,,,,,,,,
2026-08-26T10:32:33.417,FINCABLES,1276.0,1.28,,1199.79,1301.3,1225.41,,,19.59,24.08,,,industrials,cables - power,,-1.89,0.45,0.67,0.4,0.65,2.7,2.51,4.27,,,2026-08-26,,,,,,,,,,,,,1295.45,1261.45,4.08,4.08,164.09,54.44,4.59,4.59,3.01,19.92,19268.06,2.69,0.13,3.46,26.73,98098175,152939345,,,,,,,,
2026-08-26T10:32:33.417,HFCL,237.11,-0.38,,222.85,226.79,257.75,,,39.78,61.98,,,telecom,cables - telephone,,6.93,2.15,2.47,2.12,2.49,2.09,3.94,3.68,,,2026-08-26,,,,,,,,,,,,,241.49,236.55,2.48,2.48,24.26,8.72,3.99,3.99,2.78,17.86,36429.87,3.32,2.36,3.1,6.42,1097557869,1530602463,,,,,,,,
2026-08-26T10:32:33.417,HEG,701.9,-2.72,,665.11,711.23,683.24,,,27.68,38.81,,,industrials,electrodes - graphites,,-0.01,0.15,0.24,0.19,0.28,3.7,0.27,3.55,,,2026-08-26,,,,,,,,,,,,,725.9,700.0,3.7,3.7,85.76,24.9,3.41,3.41,3.44,25.42,13924.29,4.23,2.22,3.92,7.63,84368660,192977530,,,,,,,,
2026-08-26T10:32:33.417,M&MFIN,385.45,1.05,,365.95,386.68,382.99,,,14.47,16.3,,,financials,finance & investments,,-3.88,-0.03,0.07,-0.08,0.06,1.04,2.23,2.9,,,2026-08-26,,,,,,,,,,,,,387.65,383.65,2.61,2.61,30.13,11.16,3.28,3.28,2.7,4.84,53020.45,4.43,4.17,2.93,16.12,660388561,1389971160,,,,,,,,
2026-08-26T10:32:33.417,PPLPHARMA,212.71,2.41,,201.66,212.96,212.21,,,-102.26,-87.64,,,healthcare,pharmaceuticals - indian - bulk drugs & formln,,-3.24,0.23,0.2,0.17,0.18,2.54,3.06,3.33,,,2026-08-26,,,,,,,,,,,,,213.4,208.11,3.39,3.39,24.99,7.09,3.74,3.74,3.53,11.46,27653.43,4.74,2.32,4.0,64.92,868023458,1331348130,,,,,,,,
2026-08-26T10:32:33.417,SANSERA,3832.4,1.11,,3632.66,3959.84,3577.52,,,68.98,67.68,,,auto,auto ancillaries,,-4.74,0.51,1.25,0.49,1.23,2.1,1.9,3.31,,,2026-08-26,,,,,,,,,,,,,3839.9,3761.0,2.1,2.1,425.81,126.99,3.85,3.85,3.35,7.93,23654.07,6.47,5.02,3.77,56.23,44176328,62403568,,,,,,,,
2026-08-25T10:47:22.646,IDEA,14.7,4.48,,14.07,13.62,16.87,,,-10.5,4.08,,,telecom-service,telecommunications - service provider,,4.83,0.23,0.32,0.15,0.27,5.33,5.6,2.97,,,2026-08-25,,,,,,,,,,,,,14.83,14.08,6.16,6.16,0.9,0.44,3.06,3.06,2.07,140.11,152438.65,-2.49,-5.02,2.21,142.21,80561956458,108343035001,,,,,,,,
2026-08-25T10:47:22.646,SAIL,183.48,2.13,,174.89,172.52,205.4,,,11.53,17.37,,,metals & mining,steel - large,,2.0,0.08,0.37,0.04,0.35,2.86,6.05,3.18,,,2026-08-25,,,,,,,,,,,,,185.45,180.3,6.15,6.15,13.06,5.84,3.47,3.47,2.24,208.36,74204.89,-1.62,-6.1,2.41,54.49,1445810739,4130525289,,,,,,,,
2026-08-25T10:47:22.646,HINDCOPPER,535.35,-6.76,,502.61,557.89,490.26,,,36.77,48.91,,,metals & mining,mining / minerals / metals,,3.0,-0.13,0.43,-0.08,0.53,3.63,0.54,4.81,,,2026-08-25,,,,,,,,,,,,,551.85,532.5,3.63,3.63,24.99,25.75,4.33,4.33,0.97,311.19,55521.68,-0.85,-3.18,1.02,11.07,327410647,967024020,,,,,,,,
2026-08-25T10:47:22.646,NETWEB,5282.7,-3.15,,4917.16,5278.98,5290.13,,,88.16,118.83,,,i.t,computers - hardware,,5.15,0.37,0.63,0.37,0.69,3.69,1.19,5.32,,,2026-08-25,,,,,,,,,,,,,5413.2,5220.6,3.69,3.69,590.35,280.78,5.08,5.08,2.1,67.65,31058.3,1.62,0.65,2.37,22.12,18799145,56940687,,,,,,,,
2026-08-25T10:47:22.646,NIACL,186.98,1.58,,178.0,181.56,197.83,,,-31.8,39.33,,,financials,finance & investments,,2.06,0.14,0.14,0.12,0.12,4.37,2.67,2.91,,,2026-08-25,,,,,,,,,,,,,191.16,183.15,4.37,4.37,6.95,5.44,3.1,3.1,1.28,21.21,30336.38,2.04,0.46,1.33,70.44,240000000,1648000000,,,,,,,,
2026-08-25T10:47:22.646,FINCABLES,1262.3,-2.27,,1186.1,1287.36,1212.18,,,19.38,24.69,,,industrials,cables - power,,1.54,0.41,0.68,0.49,0.72,2.45,0.57,4.37,,,2026-08-25,,,,,,,,,,,,,1291.9,1261.0,2.45,2.45,154.75,55.16,4.46,4.46,2.81,12.4,19753.65,2.73,-0.14,3.2,2.36,98098175,152939345,,,,,,,,
2026-08-25T10:47:22.646,PPLPHARMA,207.09,-1.92,,195.88,213.12,195.04,,,-99.56,-89.09,,,healthcare,pharmaceuticals - indian - bulk drugs & formln,,-1.47,0.18,0.16,0.2,0.18,2.7,0.33,3.53,,,2026-08-25,,,,,,,,,,,,,211.98,206.4,2.7,2.7,20.36,7.3,3.81,3.81,2.79,10.88,28111.42,3.46,2.1,3.09,9.45,868023458,1331348130,,,,,,,,
2026-08-25T10:47:22.646,MARKSANS,317.45,-1.99,,297.65,320.44,311.46,,,22.87,28.39,,,healthcare,pharmaceuticals - indian - formulations,,2.04,0.63,0.61,0.66,0.65,4.65,1.15,4.41,,,2026-08-25,,,,,,,,,,,,,330.75,316.05,4.65,4.65,42.19,14.0,4.52,4.52,3.01,29.05,14677.97,3.63,1.98,3.47,10.0,254341737,453163746,,,,,,,,
2026-08-25T10:47:22.646,BALRAMCHIN,679.85,-2.25,,630.45,663.12,713.31,,,78.69,37.9,,,fmcg,sugar,,5.39,0.35,0.58,0.39,0.62,4.16,0.72,6.31,,,2026-08-25,,,,,,,,,,,,,703.1,675.0,4.16,4.16,77.05,42.9,5.44,5.44,1.8,136.35,14693.63,3.67,2.28,2.03,11.3,120725590,211267207,,,,,,,,
2026-08-25T10:47:22.646,WELSPUNLIV,189.58,-0.45,,178.78,173.74,221.26,,,28.04,62.44,,,textiles,textiles - products,,13.55,0.25,0.39,0.27,0.4,2.84,2.1,4.15,,,2026-08-25,,,,,,,,,,,,,193.67,188.33,2.84,2.84,23.72,7.87,4.37,4.37,3.01,23.03,17990.92,4.17,1.52,3.44,15.88,317813018,944752514,,,,,,,,
2026-08-25T10:47:22.646,GLAND,2805.1,0.13,,2672.33,2885.61,2644.08,,,36.47,40.89,,,healthcare,pharmaceuticals - indian - formulations,,-2.72,0.43,0.58,0.41,0.58,1.71,1.04,3.09,,,2026-08-25,,,,,,,,,,,,,2823.6,2776.1,1.71,1.71,270.17,86.65,3.2,3.2,3.12,6.81,46215.1,5.45,3.26,3.45,33.47,79565748,164959682,,,,,,,,
2026-08-25T10:47:22.646,SANSERA,3834.0,-0.27,,3633.52,3966.0,3570.0,,,69.01,68.64,,,auto,auto ancillaries,,-2.82,0.52,1.2,0.54,1.21,1.78,0.37,3.33,,,2026-08-25,,,,,,,,,,,,,3887.9,3820.0,1.78,1.78,446.41,127.78,3.82,3.82,3.49,8.87,23989.8,5.61,4.96,3.95,10.96,44176328,62403568,,,,,,,,
2026-08-25T10:47:22.646,E2E,596.05,-2.75,,546.32,655.86,476.43,,,69.63,-85.84,,,i.t,computers - software - medium / small,,-9.67,1.14,1.68,0.95,1.76,3.35,1.5,5.95,,,2026-08-25,,,,,,,,,,,,,606.9,587.25,3.35,3.35,103.55,35.46,5.93,5.93,2.92,12.12,12599.07,7.85,6.76,3.53,24.82,124467620,205564890,,,,,,,,
2026-08-24T10:53:18.305,ENRIN,3503.9,1.99,,3322.91,3493.73,3524.25,,,70.76,82.21,,,power & utilities,power generation and supply,,-1.75,0.16,0.15,0.14,0.13,2.19,2.72,3.07,,,2026-08-24,,,,,,,,,,,,,3506.5,3431.2,2.8,2.8,27.01,107.45,3.38,3.38,0.25,17.86,122348.76,-3.41,-3.57,0.25,67.66,89030592,356120505,,,,,,,,
2026-08-24T10:53:18.305,SAIL,179.4,3.42,,170.82,171.68,194.85,,,11.27,16.78,,,metals & mining,steel - large,,1.06,0.04,0.34,0.02,0.29,3.57,3.69,3.25,,,2026-08-24,,,,,,,,,,,,,180.95,174.71,4.58,4.58,9.0,5.84,3.56,3.56,1.54,187.33,71648.09,-3.34,-6.34,1.62,80.32,1445810739,4130525289,,,,,,,,
2026-08-24T10:53:18.305,POWERINDIA,34255.0,0.19,,32490.53,34530.14,33704.72,,,129.77,132.47,,,industrials,electric equipment,,-3.31,0.32,0.74,0.37,0.74,2.57,3.02,3.28,,,2026-08-24,,,,,,,,,,,,,34975.0,34100.0,5.19,5.19,726.4,1122.32,3.0,3.0,0.65,28.75,152392.91,-2.1,-3.05,0.66,13.81,12786107,44572363,,,,,,,,
2026-08-24T10:53:18.305,ZENTEC,1908.3,-0.93,,1806.79,1845.11,2034.67,,,124.56,96.12,,,aerospace & defence,miscellaneous,,5.53,0.33,0.35,0.33,0.37,1.61,1.37,3.57,,,2026-08-24,,,,,,,,,,,,,1932.8,1902.1,2.5,2.5,103.63,68.18,3.46,3.46,1.52,14.98,17392.63,-0.19,-0.9,1.61,9.09,46486527,90290356,,,,,,,,
2026-08-24T10:53:18.305,GENUSPOWER,344.15,1.83,,327.01,308.95,414.55,,,12.1,14.34,,,consumer discretionary,electronics - components,,10.43,0.22,0.11,0.17,0.09,2.59,10.69,3.53,,,2026-08-24,,,,,,,,,,,,,346.1,337.35,3.62,3.62,26.7,12.14,3.19,3.19,2.2,40.58,10281.88,-0.09,-2.03,2.38,56.02,184558104,304242615,,,,,,,,
2026-08-24T10:53:18.305,FINCABLES,1272.75,0.97,,1194.74,1267.48,1283.29,,,19.54,24.1,,,industrials,cables - power,,3.17,0.48,0.72,0.44,0.7,3.45,1.82,4.63,,,2026-08-24,,,,,,,,,,,,,1307.5,1263.95,4.17,4.17,169.94,58.89,4.53,4.53,2.89,41.44,19278.0,2.34,-0.47,3.33,14.94,98098175,152939345,,,,,,,,
2026-08-24T10:53:18.305,PNBHOUSING,1168.5,-0.15,,1121.83,1156.72,1192.07,,,13.66,13.17,,,financials,finance - housing,,2.07,0.27,0.29,0.27,0.3,1.64,1.24,2.49,,,2026-08-24,,,,,,,,,,,,,1173.1,1154.2,1.64,1.64,80.01,29.12,3.01,3.01,2.75,32.39,30496.84,3.0,0.71,2.95,49.11,187538718,260589923,,,,,,,,
2026-08-24T10:53:18.305,MANAPPURAM,365.15,2.14,,348.8,347.51,400.42,,,14.65,21.81,,,financials,finance & investments,,0.16,0.1,0.3,0.07,0.27,3.24,5.84,2.96,,,2026-08-24,,,,,,,,,,,,,369.9,358.3,5.28,5.28,23.21,10.8,3.02,3.02,2.15,130.57,33581.27,3.33,1.58,2.3,63.44,548033715,939336102,,,,,,,,
2026-08-24T10:53:18.305,M&MFIN,382.5,0.24,,362.01,393.12,361.25,,,14.36,16.31,,,financials,finance & investments,,-4.93,-0.06,0.05,-0.08,0.05,1.36,1.12,3.23,,,2026-08-24,,,,,,,,,,,,,383.4,378.25,1.36,1.36,30.52,12.35,3.78,3.78,2.47,4.49,53041.3,4.12,3.98,2.69,34.41,660388561,1389971160,,,,,,,,
2026-08-24T10:53:18.305,HFCL,238.45,4.58,,223.69,220.34,274.68,,,40.01,59.38,,,telecom,cables - telephone,,4.15,2.08,2.47,1.92,2.32,4.85,7.16,3.93,,,2026-08-24,,,,,,,,,,,,,239.2,228.13,7.25,7.25,27.72,9.38,4.48,4.48,2.96,58.63,34899.27,4.46,2.31,3.34,110.03,1097557869,1530602463,,,,,,,,
2026-08-24T10:53:18.305,RPTECH,883.6,0.76,,827.47,868.52,913.77,,,14.17,18.11,,,i.t,trading,,-1.61,1.27,1.61,1.22,1.59,1.71,3.75,3.87,,,2026-08-24,,,,,,,,,,,,,891.9,876.9,4.17,4.17,89.87,34.17,4.67,4.67,2.63,5.12,5778.74,5.99,5.86,2.93,19.61,23702379,65899665,,,,,,,,
2026-08-24T10:53:18.305,E2E,603.0,-2.99,,552.6,658.38,492.23,,,70.44,-87.06,,,i.t,computers - software - medium / small,,-6.8,0.93,1.88,0.92,1.97,6.08,1.22,6.12,,,2026-08-24,,,,,,,,,,,,,632.0,595.75,6.08,6.08,115.14,36.93,6.27,6.27,3.12,20.25,12777.91,6.8,6.78,3.85,19.63,124467620,205564890,,,,,,,,
2026-08-24T10:53:18.305,LODHA,1254.0,0.97,,1195.32,1211.87,1338.27,,,22.83,30.07,,,realty,construction,,1.3,0.08,0.13,0.06,0.12,2.71,3.17,2.85,,,2026-08-24,,,,,,,,,,,,,1258.6,1225.4,2.71,2.71,118.99,35.73,3.18,3.18,3.33,15.16,124087.53,7.1,6.9,3.68,80.05,296609085,999094419,,,,,,,,
2026-08-20T15:24:22.685,SAIL,174.57,1.05,,166.01,171.13,181.45,,,10.97,16.71,,,metals & mining,steel - large,,-0.87,0.01,0.28,0.0,0.27,1.74,3.1,3.34,,,2026-08-20,,,,,,,,,,,,,176.43,173.41,4.2,4.2,3.93,5.83,3.55,3.55,0.67,86.56,71354.82,-4.41,-6.75,0.69,19.89,1445810739,4130525289,,,,,,,,
2026-08-20T15:24:22.685,MTARTECH,7141.0,3.22,,6635.24,6965.56,7491.88,,,109.32,159.45,,,aerospace & defence,engineering,,2.36,0.76,1.74,0.68,1.66,5.01,5.01,4.3,,,2026-08-20,,,,,,,,,,,,,7141.0,6800.0,5.01,5.01,276.86,306.96,3.56,3.56,0.9,9.73,21281.02,-2.64,-4.78,0.94,111.09,21729927,30759591,,,,,,,,
2026-08-20T15:24:22.685,HINDCOPPER,559.6,0.86,,528.67,544.12,590.56,,,38.43,47.26,,,metals & mining,mining / minerals / metals,,4.04,-0.1,0.48,-0.08,0.47,3.81,1.19,4.32,,,2026-08-20,,,,,,,,,,,,,574.7,553.6,3.92,3.92,52.39,24.17,4.08,4.08,2.17,146.64,53655.33,-1.06,-4.34,2.39,24.82,327410647,967024020,,,,,,,,
2026-08-20T15:24:22.685,GENUSPOWER,333.1,7.69,,315.75,302.4,394.51,,,11.71,13.13,,,consumer discretionary,electronics - components,,2.28,0.14,0.06,0.06,-0.02,9.65,8.06,3.83,,,2026-08-20,,,,,,,,,,,,,340.9,310.9,10.59,10.59,16.75,12.76,3.28,3.28,1.31,429.36,9410.22,-0.81,-2.07,1.38,173.98,184558104,304242615,,,,,,,,
2026-08-20T15:24:22.685,ZENTEC,1908.9,-1.23,,1804.49,1787.02,2152.66,,,124.6,96.44,,,aerospace & defence,miscellaneous,,11.6,0.32,0.34,0.32,0.36,3.32,2.89,3.87,,,2026-08-20,,,,,,,,,,,,,1945.0,1882.5,3.32,3.32,110.75,73.8,3.63,3.63,1.5,66.19,17449.51,-0.44,-0.88,1.59,35.77,46486527,90290356,,,,,,,,
2026-08-20T15:24:22.685,MCX,3120.0,4.94,,2970.59,2837.13,3685.74,,,48.12,19.26,,,financials,miscellaneous,,7.23,0.23,0.49,0.19,0.42,4.23,7.0,3.49,,,2026-08-20,,,,,,,,,,,,,3133.2,3006.0,5.85,5.85,305.19,108.74,3.2,3.2,2.81,142.05,75809.08,0.28,-5.1,3.11,104.84,254991845,254991845,,,,,,,,
2026-08-20T15:24:22.685,HFCL,223.56,-1.31,,208.56,213.98,242.73,,,37.51,58.99,,,telecom,cables - telephone,,8.09,1.79,2.07,1.87,2.11,3.28,2.55,4.3,,,2026-08-20,,,,,,,,,,,,,229.8,222.51,3.28,3.28,15.45,9.61,4.57,4.57,1.61,37.59,34672.74,2.49,2.21,1.73,10.92,1097557869,1530602463,,,,,,,,
2026-08-20T15:24:22.685,MARKSANS,320.5,-1.99,,300.31,305.43,350.63,,,23.09,28.66,,,healthcare,pharmaceuticals - indian - formulations,,11.46,0.63,0.65,0.65,0.69,3.16,0.63,4.72,,,2026-08-20,,,,,,,,,,,,,328.55,318.5,3.16,3.16,49.46,15.13,4.67,4.67,3.27,50.5,14818.45,2.65,1.89,3.86,13.22,254341737,453163746,,,,,,,,
2026-08-20T15:24:22.685,MANAPPURAM,349.3,2.74,,332.94,350.73,346.44,,,14.02,20.74,,,financials,finance & investments,,-5.76,0.04,0.23,0.01,0.2,1.91,3.83,3.08,,,2026-08-20,,,,,,,,,,,,,351.6,345.0,4.52,4.52,9.87,10.75,3.01,3.01,0.92,160.8,31937.43,2.7,1.46,0.95,40.0,548033715,939336102,,,,,,,,
2026-08-20T15:24:22.685,PNBHOUSING,1176.0,0.17,,1127.42,1142.0,1243.99,,,13.74,13.21,,,financials,finance - housing,,1.02,0.25,0.29,0.24,0.29,3.15,4.17,2.71,,,2026-08-20,,,,,,,,,,,,,1207.0,1170.1,6.06,6.06,95.4,31.87,3.17,3.17,2.99,227.62,30593.26,3.25,0.26,3.26,18.51,187538718,260589923,,,,,,,,
2026-08-20T15:24:22.685,M&MFIN,382.75,-1.76,,360.87,398.83,350.58,,,14.37,16.65,,,financials,finance & investments,,-5.44,-0.08,0.07,-0.07,0.09,4.73,0.84,3.76,,,2026-08-20,,,,,,,,,,,,,397.5,379.55,4.73,4.73,34.72,14.38,3.97,3.97,2.41,39.06,54153.28,4.85,3.61,2.65,22.25,660388561,1389971160,,,,,,,,
2026-08-20T15:24:22.685,UJJIVANSFB,72.0,0.28,,68.6,71.37,73.26,,,11.04,15.37,,,bank,banks - private sector,,0.18,0.05,0.29,0.05,0.29,3.05,1.22,2.8,,,2026-08-20,,,,,,,,,,,,,73.94,71.75,3.41,3.41,7.13,2.02,3.13,3.13,3.53,117.22,13966.94,5.27,4.87,3.92,12.38,1945255791,1945255791,,,,,,,,
2026-08-20T15:24:22.685,LODHA,1239.9,2.47,,1179.81,1216.04,1287.62,,,22.58,29.29,,,realty,construction,,-2.37,0.03,0.08,0.01,0.06,2.55,3.74,2.99,,,2026-08-20,,,,,,,,,,,,,1246.5,1215.5,4.29,4.29,119.47,37.09,3.36,3.36,3.22,32.67,120890.42,7.22,6.86,3.56,65.78,296609085,999094419,,,,,,,,
2026-08-19T23:31:35.372,SAIL,172.75,1.5,,164.0,170.89,176.47,,,10.85,16.46,,,metals & mining,steel - large,,-0.45,0.01,0.27,-0.03,0.25,2.73,2.76,3.57,,,2026-08-19,,,,,,,,,,,,,173.95,169.32,2.73,2.73,1.96,6.16,3.57,3.57,0.32,66.49,70301.54,-4.91,-6.8,0.32,55.66,1445810739,4130525289,,,,,,,,
2026-08-19T23:31:35.372,IDEA,14.07,-0.35,,13.42,12.99,16.23,,,-10.05,4.09,,,telecom-service,telecommunications - service provider,,6.66,0.14,0.29,0.13,0.3,2.45,4.22,3.4,,,2026-08-19,,,,,,,,,,,,,14.22,13.88,5.33,5.33,0.25,0.48,3.06,3.06,0.52,77.56,152980.37,-3.61,-4.73,0.53,39.75,80561956458,108343035001,,,,,,,,
2026-08-19T23:31:35.372,SCI,295.35,-0.14,,280.4,293.54,298.96,,,5.55,8.51,,,transportation,shipping,,-2.97,-0.0,0.25,0.01,0.25,2.11,3.96,3.21,,,2026-08-19,,,,,,,,,,,,,300.2,294.0,5.67,5.67,1.01,9.47,3.33,3.33,0.11,52.63,13776.01,-2.88,-4.16,0.11,14.26,168856033,465799010,,,,,,,,
2026-08-19T23:31:35.372,POWERINDIA,33800.0,-4.18,,31996.23,34227.5,32945.0,,,128.05,136.68,,,industrials,electric equipment,,4.94,0.36,0.5,0.41,0.56,5.22,1.32,3.45,,,2026-08-19,,,,,,,,,,,,,35100.0,33360.0,5.22,5.22,293.7,1165.26,3.05,3.05,0.25,121.99,157229.01,-2.77,-2.92,0.25,37.76,12786107,44572363,,,,,,,,
2026-08-19T23:31:35.372,ZENTEC,1932.6,-2.51,,1827.54,1754.9,2288.0,,,126.15,98.92,,,aerospace & defence,miscellaneous,,9.56,0.33,0.35,0.36,0.39,6.34,4.33,3.91,,,2026-08-19,,,,,,,,,,,,,2043.7,1921.9,10.16,10.16,137.39,75.54,3.62,3.62,1.82,143.5,17899.16,0.09,-0.81,1.96,14.17,46486527,90290356,,,,,,,,
2026-08-19T23:31:35.372,NETWEB,5065.0,-5.41,,4734.46,5004.51,5185.98,,,84.53,116.66,,,i.t,computers - hardware,,4.85,0.51,0.52,0.6,0.61,6.23,1.13,4.83,,,2026-08-19,,,,,,,,,,,,,5338.0,5025.0,6.23,6.23,454.08,244.5,4.7,4.7,1.86,126.22,30488.89,0.36,0.24,2.04,16.36,18799145,56940687,,,,,,,,
2026-08-19T23:31:35.372,APARINDS,16615.0,-3.48,,15444.38,16776.54,16291.92,,,35.69,58.53,,,industrials,electric equipment,,-0.91,0.6,0.84,0.65,0.91,6.46,2.57,5.27,,,2026-08-19,,,,,,,,,,,,,17525.0,16461.0,8.19,8.19,1472.36,875.86,5.36,5.36,1.68,92.91,69155.93,2.33,1.9,1.84,17.58,16969932,40174235,,,,,,,,
2026-08-19T23:31:35.372,LALPATHLAB,1887.2,-0.75,,1805.61,1946.18,1769.24,,,46.48,45.84,,,healthcare,healthcare,,-3.88,0.21,0.22,0.22,0.23,1.41,0.91,2.63,,,2026-08-19,,,,,,,,,,,,,1903.7,1877.3,1.58,1.58,133.84,49.6,3.25,3.25,2.7,28.21,31874.65,2.36,2.17,2.9,19.96,78475500,167637770,,,,,,,,
2026-08-19T23:31:35.372,PPLPHARMA,209.64,-0.42,,198.0,211.89,205.13,,,-100.79,-88.83,,,healthcare,pharmaceuticals - indian - bulk drugs & formln,,-5.14,0.17,0.11,0.17,0.12,2.74,4.77,3.86,,,2026-08-19,,,,,,,,,,,,,213.4,207.7,6.65,6.65,26.75,8.08,4.09,4.09,3.31,33.53,28028.87,2.68,1.23,3.79,24.0,868023458,1331348130,,,,,,,,
2026-08-19T23:31:35.372,WELSPUNLIV,181.24,1.94,,170.32,159.5,224.72,,,26.81,58.29,,,textiles,textiles - products,,7.57,0.2,0.25,0.18,0.23,5.46,9.91,4.82,,,2026-08-19,,,,,,,,,,,,,181.99,172.56,8.46,8.46,19.36,8.74,4.19,4.19,2.21,205.74,16796.75,2.77,1.23,2.48,99.31,317813018,944752514,,,,,,,,
2026-08-19T23:31:35.372,PNBHOUSING,1174.0,2.46,,1125.83,1134.29,1253.43,,,13.72,12.89,,,financials,finance - housing,,0.87,0.25,0.29,0.23,0.26,3.33,4.0,2.65,,,2026-08-19,,,,,,,,,,,,,1175.9,1138.0,4.16,4.16,97.55,31.1,3.1,3.1,3.14,130.65,29858.39,3.03,0.05,3.42,115.77,187538718,260589923,,,,,,,,
2026-08-19T23:31:35.372,OFSS,11774.0,1.3,,11234.25,11568.15,12185.7,,,18.1,29.63,,,i.t,computers - software - large,,1.04,0.58,0.41,0.59,0.39,1.84,1.38,2.72,,,2026-08-19,,,,,,,,,,,,,11854.0,11640.0,2.07,2.07,783.46,320.34,3.46,3.46,2.45,66.93,101203.95,3.05,2.7,2.62,41.83,24020942,87072139,,,,,,,,
2026-08-19T23:31:35.372,M&MFIN,389.6,0.88,,368.03,401.51,365.78,,,14.62,16.5,,,financials,finance & investments,,-5.61,-0.07,0.06,-0.04,0.05,3.39,2.12,3.55,,,2026-08-19,,,,,,,,,,,,,394.45,381.5,3.39,3.39,43.67,13.83,3.91,3.91,3.16,44.54,53680.69,4.98,3.42,3.56,58.56,660388561,1389971160,,,,,,,,
2026-08-18T15:04:34.43,SAIL,171.1,-1.44,,162.29,170.82,171.65,,,10.75,16.79,,,metals & mining,steel - large,,-1.26,-0.01,0.25,0.0,0.27,2.48,7.79,3.69,,,2026-08-18,,,,,,,,,,,,,174.51,170.29,3.81,3.81,0.03,6.32,3.58,3.58,0.01,18.34,71705.92,-5.46,-6.81,0.01,12.82,1445810739,4130525289,,,,,,,,
2026-08-18T15:04:34.43,IDEA,14.18,3.43,,13.52,12.82,16.89,,,-10.13,3.97,,,telecom-service,telecommunications - service provider,,8.97,0.14,0.35,0.11,0.31,6.0,5.11,3.52,,,2026-08-18,,,,,,,,,,,,,14.31,13.5,6.0,6.0,0.36,0.5,3.07,3.07,0.72,88.23,148538.3,-4.46,-4.54,0.73,136.22,80561956458,108343035001,,,,,,,,
2026-08-18T15:04:34.43,ENRIN,3601.5,-0.12,,3409.9,3418.2,3968.1,,,72.73,86.28,,,power & utilities,power generation and supply,,5.73,0.18,0.09,0.2,0.09,1.48,2.23,3.34,,,2026-08-18,,,,,,,,,,,,,3639.0,3586.0,3.2,3.2,121.76,120.13,3.28,3.28,1.01,8.85,128406.37,-2.87,-2.94,1.05,12.9,89030592,356120505,,,,,,,,
2026-08-18T15:04:34.43,MTARTECH,7150.0,1.32,,6635.09,6739.22,7971.56,,,109.46,162.64,,,aerospace & defence,engineering,,7.39,0.78,1.73,0.8,1.7,3.82,3.62,4.37,,,2026-08-18,,,,,,,,,,,,,7194.5,6930.0,4.27,4.27,275.4,312.26,3.61,3.61,0.88,4.41,21707.04,-2.63,-4.87,0.92,70.46,21729927,30759591,,,,,,,,
2026-08-18T15:04:34.43,FORCEMOT,18242.0,-1.95,,17336.38,18223.77,18278.46,,,27.75,19.58,,,auto,automobiles - lcvs / hcvs,,1.14,-0.32,-0.01,-0.29,0.01,3.4,0.73,3.24,,,2026-08-18,,,,,,,,,,,,,18726.0,18110.0,3.4,3.4,65.14,591.34,3.19,3.19,0.11,19.36,24514.44,-2.12,-4.06,0.11,22.32,5055915,13176262,,,,,,,,
2026-08-18T15:04:34.43,MCX,3030.8,3.33,,2888.57,2760.57,3571.25,,,46.74,19.0,,,financials,miscellaneous,,7.55,0.19,0.43,0.15,0.39,4.63,4.8,3.26,,,2026-08-18,,,,,,,,,,,,,3057.4,2922.0,5.72,5.72,226.66,98.88,3.09,3.09,2.29,32.29,74791.66,-1.27,-5.52,2.48,110.03,254991845,254991845,,,,,,,,
2026-08-18T15:04:34.43,HINDCOPPER,568.2,-0.78,,537.04,531.51,641.58,,,39.02,48.78,,,metals & mining,mining / minerals / metals,,3.22,-0.09,0.62,-0.12,0.64,3.48,10.33,4.53,,,2026-08-18,,,,,,,,,,,,,574.9,555.55,7.64,7.64,62.64,25.73,3.98,3.98,2.43,87.03,55376.63,-0.62,-4.79,2.74,49.16,327410647,967024020,,,,,,,,
2026-08-18T15:04:34.43,ZENTEC,1981.3,6.26,,1881.06,1724.0,2495.9,,,129.33,93.04,,,aerospace & defence,miscellaneous,,10.69,0.37,0.38,0.3,0.3,8.4,8.16,3.44,,,2026-08-18,,,,,,,,,,,,,2011.0,1855.2,8.56,8.56,189.12,68.25,3.43,3.43,2.77,120.27,16834.64,0.48,-0.74,3.06,184.77,46486527,90290356,,,,,,,,
2026-08-18T15:04:34.43,NETWEB,5341.2,2.47,,5023.77,4940.88,6141.84,,,89.14,113.56,,,i.t,computers - hardware,,4.64,0.6,0.6,0.54,0.57,5.25,7.01,4.24,,,2026-08-18,,,,,,,,,,,,,5360.0,5092.8,7.02,7.02,743.28,226.54,4.49,4.49,3.28,55.24,29679.76,1.46,0.17,3.81,109.65,18799145,56940687,,,,,,,,
2026-08-18T15:04:34.43,NAVINFLUOR,8240.5,1.1,,7874.4,8076.18,8569.13,,,43.42,52.87,,,chemicals,chemicals,,1.86,0.22,0.38,0.18,0.36,1.82,1.61,2.95,,,2026-08-18,,,,,,,,,,,,,8299.5,8151.0,2.34,2.34,573.14,242.95,3.04,3.04,2.36,16.5,41807.42,1.82,0.83,2.54,36.84,37399435,51291159,,,,,,,,
2026-08-18T15:04:34.43,PNBHOUSING,1145.0,-0.5,,1097.35,1126.67,1181.66,,,13.38,12.95,,,financials,finance - housing,,2.25,0.24,0.23,0.26,0.24,2.21,1.43,2.62,,,2026-08-18,,,,,,,,,,,,,1153.9,1128.9,2.21,2.21,72.27,30.05,3.01,3.01,2.41,22.04,29988.69,2.05,-0.12,2.57,53.58,187538718,260589923,,,,,,,,
2026-08-18T15:04:34.43,PPLPHARMA,210.3,2.72,,198.55,211.53,207.84,,,-101.11,-86.38,,,healthcare,pharmaceuticals - indian - bulk drugs & formln,,-3.3,0.18,0.1,0.13,0.07,5.27,5.1,3.96,,,2026-08-18,,,,,,,,,,,,,210.64,200.1,5.27,5.27,28.23,8.32,4.18,4.18,3.39,21.61,27256.69,2.75,0.99,3.92,122.56,868023458,1331348130,,,,,,,,
2026-08-18T15:04:34.43,M&MFIN,385.8,-0.8,,364.18,403.4,350.6,,,14.48,16.62,,,financials,finance & investments,,-4.83,-0.04,0.02,-0.02,0.03,2.04,0.68,3.59,,,2026-08-18,,,,,,,,,,,,,391.0,383.2,2.04,2.04,41.98,13.84,4.05,4.05,3.03,10.6,54055.98,4.56,3.23,3.4,18.79,660388561,1389971160,,,,,,,,
2026-08-13T13:38:44.619,HINDCOPPER,549.75,0.37,,522.31,514.0,621.25,,,37.76,45.43,,,metals & mining,mining / minerals / metals,,5.74,-0.16,0.63,-0.16,0.63,4.28,4.18,3.98,,,2026-08-13,,,,,,,,,,,,,570.5,547.1,7.72,7.72,46.0,21.87,3.42,3.42,2.1,223.82,51571.39,-3.07,-5.28,2.29,12.11,327410647,967024020,,,,,,,,
2026-08-13T13:38:44.619,POWERINDIA,35315.0,-1.35,,33421.21,32471.75,41001.51,,,133.79,135.61,,,industrials,electric equipment,,10.48,0.43,0.57,0.46,0.59,1.87,1.68,3.65,,,2026-08-13,,,,,,,,,,,,,35920.0,35260.0,3.43,3.43,1753.8,1289.35,3.22,3.22,1.36,26.4,156003.27,-2.11,-2.69,1.43,4.27,12786107,44572363,,,,,,,,
2026-08-13T13:38:44.619,MCX,2958.4,-0.39,,2817.12,2652.56,3570.07,,,45.63,18.75,,,financials,miscellaneous,,10.83,0.15,0.37,0.1,0.38,3.23,7.87,3.32,,,2026-08-13,,,,,,,,,,,,,3023.7,2929.0,4.99,4.99,161.75,98.22,3.06,3.06,1.65,76.67,73820.14,-1.75,-5.62,1.74,29.93,254991845,254991845,,,,,,,,
2026-08-13T13:38:44.619,FORCEMOT,18605.0,-3.45,,17665.44,17936.75,19941.51,,,28.3,19.29,,,auto,automobiles - lcvs / hcvs,,3.77,-0.31,0.04,-0.25,0.08,5.79,2.1,3.46,,,2026-08-13,,,,,,,,,,,,,19448.0,18383.0,6.0,6.0,448.28,643.95,3.18,3.18,0.7,95.21,24152.09,-1.5,-4.34,0.71,34.47,5055915,13176262,,,,,,,,
2026-08-13T13:38:44.619,SHAILY,3433.2,-0.02,,3235.32,3258.13,3783.35,,,82.21,89.91,,,plastic products,plastics products,,7.86,0.41,0.29,0.42,0.29,2.24,2.87,4.21,,,2026-08-13,,,,,,,,,,,,,3474.0,3397.8,2.24,2.24,470.24,144.5,4.14,4.14,3.25,14.72,15904.7,1.1,0.79,3.77,24.5,27096158,45995248,,,,,,,,
2026-08-13T13:38:44.619,NAVINFLUOR,8289.0,-0.81,,7896.64,7885.73,9095.54,,,43.67,52.9,,,chemicals,chemicals,,5.18,0.19,0.4,0.21,0.41,2.35,2.01,3.51,,,2026-08-13,,,,,,,,,,,,,8451.0,8257.0,4.01,4.01,694.54,290.69,3.28,3.28,2.39,37.26,41833.07,1.45,0.97,2.61,11.01,37399435,51291159,,,,,,,,
2026-08-13T13:38:44.619,BELRISE,252.58,-3.36,,240.67,243.1,271.54,,,41.27,41.57,,,auto,auto ancillaries,,6.77,0.21,0.46,0.31,0.51,5.74,0.79,3.37,,,2026-08-13,,,,,,,,,,,,,264.99,250.6,5.74,5.74,17.03,8.5,3.02,3.02,2.0,63.64,24562.76,1.53,0.89,2.15,23.29,298495928,889879192,,,,,,,,
2026-08-13T13:38:44.619,FINCABLES,1253.0,-2.11,,1179.53,1031.08,1696.84,,,19.24,23.09,,,industrials,cables - power,,27.4,0.41,0.61,0.42,0.64,3.13,19.03,4.95,,,2026-08-13,,,,,,,,,,,,,1282.0,1243.05,3.97,3.97,187.41,61.99,4.08,4.08,3.02,141.13,18472.78,2.23,-2.3,3.56,16.05,98098175,152939345,,,,,,,,
2026-08-13T13:38:44.619,PNBHOUSING,1167.6,0.86,,1116.85,1099.99,1302.82,,,13.65,12.85,,,financials,finance - housing,,5.58,0.26,0.24,0.24,0.23,2.66,2.81,2.97,,,2026-08-13,,,,,,,,,,,,,1171.4,1141.0,2.71,2.71,104.39,34.73,3.07,3.07,3.01,42.72,29761.98,2.37,-0.31,3.3,76.6,187538718,260589923,,,,,,,,
2026-08-13T13:38:44.619,AZAD,2628.5,6.01,,2470.2,2402.26,3080.98,,,118.83,115.03,,,aerospace & defence,engineering,,3.24,0.48,0.5,0.42,0.42,7.46,7.27,4.25,,,2026-08-13,,,,,,,,,,,,,2665.0,2480.0,8.76,8.76,355.06,111.58,4.19,4.19,3.18,228.19,15965.25,2.78,1.63,3.68,133.09,28517503,64581743,,,,,,,,
2026-08-13T13:38:44.619,APARINDS,17181.0,-4.55,,16038.8,15704.9,20133.2,,,36.91,56.94,,,industrials,electric equipment,,13.19,0.65,0.82,0.74,0.91,8.0,4.84,5.12,,,2026-08-13,,,,,,,,,,,,,18395.0,17032.0,9.17,9.17,2290.68,879.17,4.95,4.95,2.61,76.96,67283.81,2.79,1.68,3.01,16.95,16969932,40174235,,,,,,,,
2026-08-13T13:38:44.619,JSWINFRA,342.1,-1.3,,325.39,323.97,378.36,,,51.83,48.01,,,transportation,miscellaneous,,6.03,0.2,0.23,0.19,0.24,3.51,0.96,3.32,,,2026-08-13,,,,,,,,,,,,,350.75,338.85,3.51,3.51,22.36,11.37,3.29,3.29,1.97,37.29,79651.1,3.63,3.25,2.1,28.58,607333491,2330001567,,,,,,,,
2026-08-13T13:38:44.619,PARAS,1323.2,3.32,,1240.31,1249.06,1471.47,,,125.78,109.56,,,aerospace & defence,engineering,,2.53,0.85,0.78,0.76,0.72,4.21,4.97,3.9,,,2026-08-13,,,,,,,,,,,,,1334.0,1280.1,5.58,5.58,103.29,51.62,3.96,3.96,2.0,28.08,10347.41,4.97,4.84,2.17,83.5,37718746,80587330,,,,,,,,
2026-08-10T08:51:21.523,MTARTECH,7085.5,1.82,,6540.18,5450.72,10355.06,,,108.47,163.3,,,aerospace & defence,engineering,,30.46,0.99,1.63,0.88,1.58,7.39,7.17,4.73,,,2026-08-10,,,,,,,,,,,,,7100.0,6611.5,7.39,7.39,160.21,335.06,3.26,3.26,0.48,32.96,21794.71,-3.23,-4.61,0.49,141.47,21729927,30759591,,,,,,,,
2026-08-10T08:51:21.523,SCI,304.75,-1.25,,288.96,280.76,352.73,,,5.73,8.77,,,transportation,shipping,,9.94,0.26,0.22,0.25,0.24,5.93,2.42,3.46,,,2026-08-10,,,,,,,,,,,,,320.0,302.1,6.47,6.47,9.8,10.55,3.23,3.23,0.93,300.0,14195.22,-1.89,-4.48,0.96,25.11,168856033,465799010,,,,,,,,
2026-08-10T08:51:21.523,PNBHOUSING,1143.0,-0.61,,1090.02,1061.96,1305.09,,,13.36,12.86,,,financials,finance - housing,,7.67,0.24,0.25,0.24,0.26,2.89,6.8,3.49,,,2026-08-10,,,,,,,,,,,,,1151.8,1119.5,2.89,2.89,91.67,39.91,3.12,3.12,2.3,149.31,29785.43,-0.1,-0.47,2.5,58.89,187538718,260589923,,,,,,,,
2026-08-10T08:51:21.523,MRPL,167.01,-0.46,,156.42,168.62,163.79,,,7.73,9.31,,,energy,refineries,,-1.22,-0.16,-0.05,-0.16,-0.05,2.1,0.97,3.9,,,2026-08-10,,,,,,,,,,,,,168.88,165.4,2.1,2.1,7.13,6.51,4.77,4.77,1.1,15.85,29270.15,0.1,0.08,1.14,24.72,200091162,1752598777,,,,,,,,
2026-08-10T08:51:21.523,UNIONBANK,183.6,0.6,,176.29,171.99,206.82,,,6.21,6.79,,,bank,banks - public sector,,3.27,-0.05,0.18,-0.05,0.17,2.72,5.38,2.58,,,2026-08-10,,,,,,,,,,,,,184.9,180.0,5.53,5.53,13.41,4.74,3.05,3.05,2.83,136.08,140153.0,0.75,-0.19,3.05,76.01,1926944757,7633605607,,,,,,,,
2026-08-10T08:51:21.523,NAVINFLUOR,8271.0,-4.38,,7861.21,7559.85,9693.3,,,43.58,53.65,,,chemicals,chemicals,,5.25,0.21,0.34,0.25,0.4,5.17,9.54,4.17,,,2026-08-10,,,,,,,,,,,,,8650.0,8225.0,10.41,10.41,772.2,345.14,3.07,3.07,2.24,273.57,42422.92,1.34,1.07,2.47,13.33,37399435,51291159,,,,,,,,
2026-08-10T08:51:21.523,NETWEB,4939.2,2.56,,4640.2,4416.18,5985.24,,,82.43,107.61,,,i.t,computers - hardware,,12.51,0.46,0.44,0.37,0.41,3.93,4.53,4.08,,,2026-08-10,,,,,,,,,,,,,4968.0,4780.0,3.93,3.93,395.25,201.72,3.94,3.94,1.96,67.98,28124.14,1.79,0.26,2.13,78.92,18799145,56940687,,,,,,,,
2026-08-10T08:51:21.523,AZAD,2489.0,1.35,,2346.31,2349.62,2767.76,,,112.52,115.82,,,aerospace & defence,engineering,,3.58,0.53,0.42,0.48,0.4,2.44,4.36,3.52,,,2026-08-10,,,,,,,,,,,,,2515.0,2455.0,3.67,3.67,255.07,87.71,3.96,3.96,2.91,93.91,16074.4,2.63,1.41,3.24,38.77,28517503,64581743,,,,,,,,
2026-08-10T08:51:21.523,APARINDS,16631.0,3.13,,15631.37,14191.59,21509.81,,,35.73,56.54,,,industrials,electric equipment,,14.68,0.61,0.75,0.56,0.7,3.7,7.22,4.02,,,2026-08-10,,,,,,,,,,,,,16695.0,16100.0,7.49,7.49,2053.68,669.19,4.33,4.33,3.07,102.71,66813.77,2.89,1.28,3.5,79.35,16969932,40174235,,,,,,,,
2026-08-10T08:51:21.523,UJJIVANSFB,70.11,-2.69,,66.18,70.89,68.55,,,10.75,15.01,,,bank,banks - private sector,,-0.74,0.02,0.25,0.01,0.29,3.2,2.02,3.89,,,2026-08-10,,,,,,,,,,,,,71.98,69.75,3.2,3.2,8.5,2.73,4.2,4.2,3.12,45.28,13638.19,4.6,3.52,3.55,13.2,1945255791,1945255791,,,,,,,,
2026-08-10T08:51:21.523,PGEL,630.65,3.43,,597.36,598.98,693.98,,,59.05,87.47,,,consumer discretionary,electronics - components,,-0.17,-0.01,0.03,-0.06,-0.0,6.89,5.64,3.84,,,2026-08-10,,,,,,,,,,,,,643.95,602.45,7.86,7.86,73.6,24.22,3.83,3.83,3.04,373.95,18010.54,5.29,3.39,3.44,116.45,161717368,285586908,,,,,,,,
2026-08-10T08:51:21.523,CARTRADE,2793.0,0.17,,2598.34,2739.15,2900.7,,,65.32,57.65,,,consumer discretionary,miscellaneous,,1.05,0.12,-0.11,0.07,-0.11,2.56,2.01,4.28,,,2026-08-10,,,,,,,,,,,,,2808.0,2738.0,2.56,2.56,212.08,119.6,5.02,5.02,1.77,18.92,13412.83,6.78,6.4,1.92,45.99,48023035,48023035,,,,,,,,
2026-08-10T08:51:21.523,AEGISLOG,1371.0,-2.07,,1252.99,1305.36,1502.28,,,24.84,38.46,,,services,trading,,3.67,0.84,0.73,0.83,0.77,8.8,2.28,6.31,,,2026-08-10,,,,,,,,,,,,,1470.0,1351.1,9.67,9.67,222.13,86.52,6.33,6.33,2.57,45.84,48122.1,11.3,11.27,3.06,23.0,147075325,351000000,,,,,,,,
2026-08-09T23:34:19.762,MTARTECH,7085.5,1.82,,6540.18,5450.72,10355.06,,,108.47,163.3,,,aerospace & defence,engineering,,30.46,0.99,1.63,0.88,1.58,7.39,7.17,4.73,,,2026-08-09,,,,,,,,,,,,,7100.0,6611.5,7.39,7.39,160.21,335.06,3.26,3.26,0.48,32.96,21794.71,-3.23,-4.61,0.49,141.47,21729927,30759591,,,,,,,,
2026-08-09T23:34:19.762,SCI,304.75,-1.25,,288.96,280.76,352.73,,,5.73,8.77,,,transportation,shipping,,9.94,0.26,0.22,0.25,0.24,5.93,2.42,3.46,,,2026-08-09,,,,,,,,,,,,,320.0,302.1,6.47,6.47,9.8,10.55,3.23,3.23,0.93,300.0,14195.22,-1.89,-4.48,0.96,25.11,168856033,465799010,,,,,,,,
2026-08-09T23:34:19.762,PNBHOUSING,1143.0,-0.61,,1090.02,1061.96,1305.09,,,13.36,12.86,,,financials,finance - housing,,7.67,0.24,0.25,0.24,0.26,2.89,6.8,3.49,,,2026-08-09,,,,,,,,,,,,,1151.8,1119.5,2.89,2.89,91.67,39.91,3.12,3.12,2.3,149.31,29785.43,-0.1,-0.47,2.5,58.89,187538718,260589923,,,,,,,,
2026-08-09T23:34:19.762,MRPL,167.01,-0.46,,156.42,168.62,163.79,,,7.73,9.31,,,energy,refineries,,-1.22,-0.16,-0.05,-0.16,-0.05,2.1,0.97,3.9,,,2026-08-09,,,,,,,,,,,,,168.88,165.4,2.1,2.1,7.13,6.51,4.77,4.77,1.1,15.85,29270.15,0.1,0.08,1.14,24.72,200091162,1752598777,,,,,,,,
2026-08-09T23:34:19.762,UNIONBANK,183.6,0.6,,176.29,171.99,206.82,,,6.21,6.79,,,bank,banks - public sector,,3.27,-0.05,0.18,-0.05,0.17,2.72,5.38,2.58,,,2026-08-09,,,,,,,,,,,,,184.9,180.0,5.53,5.53,13.41,4.74,3.05,3.05,2.83,136.08,140153.0,0.75,-0.19,3.05,76.01,1926944757,7633605607,,,,,,,,
2026-08-09T23:34:19.762,NAVINFLUOR,8271.0,-4.38,,7861.21,7559.85,9693.3,,,43.58,53.65,,,chemicals,chemicals,,5.25,0.21,0.34,0.25,0.4,5.17,9.54,4.17,,,2026-08-09,,,,,,,,,,,,,8650.0,8225.0,10.41,10.41,772.2,345.14,3.07,3.07,2.24,273.57,42422.92,1.34,1.07,2.47,13.33,37399435,51291159,,,,,,,,
2026-08-09T23:34:19.762,NETWEB,4939.2,2.56,,4640.2,4416.18,5985.24,,,82.43,107.61,,,i.t,computers - hardware,,12.51,0.46,0.44,0.37,0.41,3.93,4.53,4.08,,,2026-08-09,,,,,,,,,,,,,4968.0,4780.0,3.93,3.93,395.25,201.72,3.94,3.94,1.96,67.98,28124.14,1.79,0.26,2.13,78.92,18799145,56940687,,,,,,,,
2026-08-09T23:34:19.762,AZAD,2489.0,1.35,,2346.31,2349.62,2767.76,,,112.52,115.82,,,aerospace & defence,engineering,,3.58,0.53,0.42,0.48,0.4,2.44,4.36,3.52,,,2026-08-09,,,,,,,,,,,,,2515.0,2455.0,3.67,3.67,255.07,87.71,3.96,3.96,2.91,93.91,16074.4,2.63,1.41,3.24,38.77,28517503,64581743,,,,,,,,
2026-08-09T23:34:19.762,APARINDS,16631.0,3.13,,15631.37,14191.59,21509.81,,,35.73,56.54,,,industrials,electric equipment,,14.68,0.61,0.75,0.56,0.7,3.7,7.22,4.02,,,2026-08-09,,,,,,,,,,,,,16695.0,16100.0,7.49,7.49,2053.68,669.19,4.33,4.33,3.07,102.71,66813.77,2.89,1.28,3.5,79.35,16969932,40174235,,,,,,,,
2026-08-09T23:34:19.762,UJJIVANSFB,70.11,-2.69,,66.18,70.89,68.55,,,10.75,15.01,,,bank,banks - private sector,,-0.74,0.02,0.25,0.01,0.29,3.2,2.02,3.89,,,2026-08-09,,,,,,,,,,,,,71.98,69.75,3.2,3.2,8.5,2.73,4.2,4.2,3.12,45.28,13638.19,4.6,3.52,3.55,13.2,1945255791,1945255791,,,,,,,,
2026-08-09T23:34:19.762,PGEL,630.65,3.43,,597.36,598.98,693.98,,,59.05,87.47,,,consumer discretionary,electronics - components,,-0.17,-0.01,0.03,-0.06,-0.0,6.89,5.64,3.84,,,2026-08-09,,,,,,,,,,,,,643.95,602.45,7.86,7.86,73.6,24.22,3.83,3.83,3.04,373.95,18010.54,5.29,3.39,3.44,116.45,161717368,285586908,,,,,,,,
2026-08-09T23:34:19.762,CARTRADE,2793.0,0.17,,2598.34,2739.15,2900.7,,,65.32,57.65,,,consumer discretionary,miscellaneous,,1.05,0.12,-0.11,0.07,-0.11,2.56,2.01,4.28,,,2026-08-09,,,,,,,,,,,,,2808.0,2738.0,2.56,2.56,212.08,119.6,5.02,5.02,1.77,18.92,13412.83,6.78,6.4,1.92,45.99,48023035,48023035,,,,,,,,
2026-08-09T23:34:19.762,AEGISLOG,1371.0,-2.07,,1252.99,1305.36,1502.28,,,24.84,38.46,,,services,trading,,3.67,0.84,0.73,0.83,0.77,8.8,2.28,6.31,,,2026-08-09,,,,,,,,,,,,,1470.0,1351.1,9.67,9.67,222.13,86.52,6.33,6.33,2.57,45.84,48122.1,11.3,11.27,3.06,23.0,147075325,351000000,,,,,,,,
2026-08-08T23:46:08.751,MTARTECH,7085.5,1.82,,6540.18,5450.72,10355.06,,,108.47,163.3,,,aerospace & defence,engineering,,30.46,0.99,1.63,0.88,1.58,7.39,7.17,4.73,,,2026-08-08,,,,,,,,,,,,,7100.0,6611.5,7.39,7.39,160.21,335.06,3.26,3.26,0.48,32.96,21794.71,-3.23,-4.61,0.49,141.47,21729927,30759591,,,,,,,,
2026-08-08T23:46:08.751,SCI,304.75,-1.25,,288.96,280.76,352.73,,,5.73,8.77,,,transportation,shipping,,9.94,0.26,0.22,0.25,0.24,5.93,2.42,3.46,,,2026-08-08,,,,,,,,,,,,,320.0,302.1,6.47,6.47,9.8,10.55,3.23,3.23,0.93,300.0,14195.22,-1.89,-4.48,0.96,25.11,168856033,465799010,,,,,,,,
2026-08-08T23:46:08.751,PNBHOUSING,1143.0,-0.61,,1090.02,1061.96,1305.09,,,13.36,12.86,,,financials,finance - housing,,7.67,0.24,0.25,0.24,0.26,2.89,6.8,3.49,,,2026-08-08,,,,,,,,,,,,,1151.8,1119.5,2.89,2.89,91.67,39.91,3.12,3.12,2.3,149.31,29785.43,-0.1,-0.47,2.5,58.89,187538718,260589923,,,,,,,,
2026-08-08T23:46:08.751,MRPL,167.01,-0.46,,156.42,168.62,163.79,,,7.73,9.31,,,energy,refineries,,-1.22,-0.16,-0.05,-0.16,-0.05,2.1,0.97,3.9,,,2026-08-08,,,,,,,,,,,,,168.88,165.4,2.1,2.1,7.13,6.51,4.77,4.77,1.1,15.85,29270.15,0.1,0.08,1.14,24.72,200091162,1752598777,,,,,,,,
2026-08-08T23:46:08.751,UNIONBANK,183.6,0.6,,176.29,171.99,206.82,,,6.21,6.79,,,bank,banks - public sector,,3.27,-0.05,0.18,-0.05,0.17,2.72,5.38,2.58,,,2026-08-08,,,,,,,,,,,,,184.9,180.0,5.53,5.53,13.41,4.74,3.05,3.05,2.83,136.08,140153.0,0.75,-0.19,3.05,76.01,1926944757,7633605607,,,,,,,,
2026-08-08T23:46:08.751,NAVINFLUOR,8271.0,-4.38,,7861.21,7559.85,9693.3,,,43.58,53.65,,,chemicals,chemicals,,5.25,0.21,0.34,0.25,0.4,5.17,9.54,4.17,,,2026-08-08,,,,,,,,,,,,,8650.0,8225.0,10.41,10.41,772.2,345.14,3.07,3.07,2.24,273.57,42422.92,1.34,1.07,2.47,13.33,37399435,51291159,,,,,,,,
2026-08-08T23:46:08.751,NETWEB,4939.2,2.56,,4640.2,4416.18,5985.24,,,82.43,107.61,,,i.t,computers - hardware,,12.51,0.46,0.44,0.37,0.41,3.93,4.53,4.08,,,2026-08-08,,,,,,,,,,,,,4968.0,4780.0,3.93,3.93,395.25,201.72,3.94,3.94,1.96,67.98,28124.14,1.79,0.26,2.13,78.92,18799145,56940687,,,,,,,,
2026-08-08T23:46:08.751,AZAD,2489.0,1.35,,2346.31,2349.62,2767.76,,,111.71,121.3,,,aerospace & defence,engineering,,3.58,0.53,0.42,0.48,0.4,2.44,4.36,3.52,,,2026-08-08,,,,,,,,,,,,,2515.0,2455.0,3.67,3.67,255.07,87.71,3.96,3.96,2.91,93.91,16074.4,2.63,1.41,3.24,38.77,28517503,64581743,,,,,,,,
2026-08-08T23:46:08.751,APARINDS,16631.0,3.13,,15631.37,14191.59,21509.81,,,35.73,56.54,,,industrials,electric equipment,,14.68,0.61,0.75,0.56,0.7,3.7,7.22,4.02,,,2026-08-08,,,,,,,,,,,,,16695.0,16100.0,7.49,7.49,2053.68,669.19,4.33,4.33,3.07,102.71,66813.77,2.89,1.28,3.5,79.35,16969932,40174235,,,,,,,,
2026-08-08T23:46:08.751,UJJIVANSFB,70.11,-2.69,,66.18,70.89,68.55,,,10.75,15.01,,,bank,banks - private sector,,-0.74,0.02,0.25,0.01,0.29,3.2,2.02,3.89,,,2026-08-08,,,,,,,,,,,,,71.98,69.75,3.2,3.2,8.5,2.73,4.2,4.2,3.12,45.28,13638.19,4.6,3.52,3.55,13.2,1945255791,1945255791,,,,,,,,
2026-08-08T23:46:08.751,PGEL,630.65,3.43,,597.36,598.98,693.98,,,59.05,87.47,,,consumer discretionary,electronics - components,,-0.17,-0.01,0.03,-0.06,-0.0,6.89,5.64,3.84,,,2026-08-08,,,,,,,,,,,,,643.95,602.45,7.86,7.86,73.6,24.22,3.83,3.83,3.04,373.95,18010.54,5.29,3.39,3.44,116.45,161717368,285586908,,,,,,,,
2026-08-08T23:46:08.751,CARTRADE,2793.0,0.17,,2598.34,2739.15,2900.7,,,65.32,57.65,,,consumer discretionary,miscellaneous,,1.05,0.12,-0.11,0.07,-0.11,2.56,2.01,4.28,,,2026-08-08,,,,,,,,,,,,,2808.0,2738.0,2.56,2.56,212.08,119.6,5.02,5.02,1.77,18.92,13412.83,6.78,6.4,1.92,45.99,48023035,48023035,,,,,,,,
2026-08-08T23:46:08.751,AEGISLOG,1371.0,-2.07,,1252.99,1305.36,1502.28,,,24.84,38.46,,,services,trading,,3.67,0.84,0.73,0.83,0.77,8.8,2.28,6.31,,,2026-08-08,,,,,,,,,,,,,1470.0,1351.1,9.67,9.67,222.13,86.52,6.33,6.33,2.57,45.84,48122.1,11.3,11.27,3.06,23.0,147075325,351000000,,,,,,,,
2026-08-07T23:40:42.514,MTARTECH,7085.5,1.82,,6540.18,5450.72,10355.06,,,108.47,160.38,,,aerospace & defence,engineering,,30.46,0.99,1.63,0.88,1.58,7.39,7.17,4.73,,,2026-08-07,,,,,,,,,,,,,7100.0,6611.5,7.39,7.39,160.21,335.17,3.26,3.26,0.48,32.96,21405.6,-3.23,-4.61,0.49,141.42,21729927,30759591,,,,,,,,
2026-08-07T23:40:42.514,SCI,304.75,-1.25,,288.95,280.76,352.74,,,8.77,10.63,,,transportation,shipping,,9.94,0.26,0.22,0.25,0.24,5.93,2.42,3.46,,,2026-08-07,,,,,,,,,,,,,320.0,302.1,6.47,6.47,9.8,10.55,3.23,3.23,0.93,300.0,14374.56,-1.89,-4.48,0.96,25.11,168856033,465799010,,,,,,,,
2026-08-07T23:40:42.514,PNBHOUSING,1143.0,-0.61,,1090.01,1061.96,1305.09,,,13.36,12.94,,,financials,finance - housing,,7.67,0.24,0.25,0.24,0.26,2.89,6.8,3.49,,,2026-08-07,,,,,,,,,,,,,1151.8,1119.5,2.89,2.89,91.67,39.91,3.12,3.12,2.3,149.31,29967.84,-0.1,-0.47,2.5,58.88,187538718,260589923,,,,,,,,
2026-08-07T23:40:42.514,MRPL,167.01,-0.46,,156.42,168.62,163.79,,,7.73,9.36,,,energy,refineries,,-1.22,-0.16,-0.05,-0.16,-0.05,2.1,0.97,3.9,,,2026-08-07,,,,,,,,,,,,,168.88,165.4,2.1,2.1,7.13,6.51,4.77,4.77,1.1,15.85,29405.1,0.1,0.08,1.14,24.72,200091162,1752598777,,,,,,,,
2026-08-07T23:40:42.514,UNIONBANK,183.6,0.6,,176.29,171.99,206.82,,,6.21,6.75,,,bank,banks - public sector,,3.27,-0.05,0.18,-0.05,0.17,2.72,5.38,2.58,,,2026-08-07,,,,,,,,,,,,,184.9,180.0,5.53,5.53,13.41,4.74,3.05,3.05,2.83,136.08,139313.3,0.75,-0.19,3.05,76.0,1926944757,7633605607,,,,,,,,
2026-08-07T23:40:42.514,NAVINFLUOR,8271.0,-4.38,,7861.23,7559.86,9693.28,,,43.58,56.1,,,chemicals,chemicals,,5.25,0.21,0.34,0.25,0.4,5.17,9.54,4.17,,,2026-08-07,,,,,,,,,,,,,8650.0,8225.0,10.41,10.41,772.2,345.13,3.07,3.07,2.24,273.57,44366.85,1.34,1.07,2.47,13.33,37399435,51291159,,,,,,,,
2026-08-07T23:40:42.514,NETWEB,4939.2,2.56,,4640.31,4416.23,5985.15,,,82.43,104.92,,,i.t,computers - hardware,,12.51,0.46,0.44,0.37,0.41,3.93,4.53,4.08,,,2026-08-07,,,,,,,,,,,,,4968.0,4780.0,3.93,3.93,395.25,201.73,3.94,3.94,1.96,67.98,27422.63,1.79,0.26,2.13,78.92,18799145,56940687,,,,,,,,
2026-08-07T23:40:42.514,AZAD,2489.0,1.35,,2346.29,2349.61,2767.77,,,111.71,119.68,,,aerospace & defence,engineering,,3.58,0.53,0.42,0.48,0.4,2.44,4.36,3.52,,,2026-08-07,,,,,,,,,,,,,2515.0,2455.0,3.67,3.67,255.07,87.71,3.96,3.96,2.91,93.91,15859.98,2.63,1.41,3.24,38.76,28517503,64581743,,,,,,,,
2026-08-07T23:40:42.514,APARINDS,16631.0,3.13,,15631.27,14191.55,21509.89,,,35.73,54.83,,,industrials,electric equipment,,14.68,0.61,0.75,0.56,0.7,3.7,7.22,4.02,,,2026-08-07,,,,,,,,,,,,,16695.0,16100.0,7.49,7.49,2053.68,669.18,4.33,4.33,3.07,102.71,64784.97,2.89,1.28,3.5,79.35,16969932,40174235,,,,,,,,
2026-08-07T23:40:42.514,UJJIVANSFB,70.11,-2.69,,66.18,70.89,68.55,,,10.75,15.43,,,bank,banks - private sector,,-0.74,0.02,0.25,0.01,0.29,3.2,2.02,3.89,,,2026-08-07,,,,,,,,,,,,,71.98,69.75,3.2,3.2,8.5,2.73,4.2,4.2,3.12,45.28,14015.57,4.6,3.52,3.55,13.2,1945255791,1945255791,,,,,,,,
2026-08-07T23:40:42.514,PGEL,630.65,3.43,,597.36,598.98,693.98,,,69.45,88.24,,,consumer discretionary,electronics - components,,-0.17,-0.01,0.03,-0.06,-0.0,6.89,5.64,3.84,,,2026-08-07,,,,,,,,,,,,,643.95,602.45,7.86,7.86,73.6,24.22,3.83,3.83,3.04,373.95,17413.66,5.29,3.39,3.44,116.45,161717368,285586908,,,,,,,,
2026-08-07T23:40:42.514,CARTRADE,2793.0,0.17,,2598.32,2739.14,2900.71,,,65.32,57.55,,,consumer discretionary,miscellaneous,,1.05,0.12,-0.11,0.07,-0.11,2.56,2.01,4.28,,,2026-08-07,,,,,,,,,,,,,2808.0,2738.0,2.56,2.56,212.08,119.6,5.02,5.02,1.77,18.92,13390.74,6.78,6.4,1.92,45.99,48023035,48023035,,,,,,,,
2026-08-07T23:40:42.514,AEGISLOG,1371.0,-2.07,,1252.99,1305.36,1502.28,,,24.84,39.27,,,services,trading,,3.67,0.84,0.73,0.83,0.77,8.8,2.28,6.31,,,2026-08-07,,,,,,,,,,,,,1470.0,1351.1,9.67,9.67,222.13,86.52,6.33,6.33,2.57,45.84,49140.0,11.3,11.27,3.06,23.0,147075325,351000000,,,,,,,,
2026-08-06T09:54:34.153,MTARTECH,6959.0,4.99,,6425.05,5274.64,10327.71,,,106.54,152.75,,,aerospace & defence,engineering,,31.15,0.89,1.49,0.87,1.38,3.87,10.24,4.48,,,2026-08-06,,,,,,,,,,,,,6959.0,6700.0,4.99,4.99,17.63,311.46,3.11,3.11,0.06,28.96,20387.46,-3.76,-4.35,0.06,83.16,21729927,30759591,,,,,,,,
2026-08-06T09:54:34.153,JPPOWER,18.39,0.38,,17.41,17.39,20.38,,,8.84,26.17,,,power & utilities,power generation and supply,,7.8,0.05,-0.18,0.09,-0.18,1.43,1.16,3.6,,,2026-08-06,,,,,,,,,,,,,18.44,18.18,1.43,1.43,0.38,0.66,3.21,3.21,0.58,8.9,12555.54,-2.41,-3.34,0.59,31.69,5208628709,6853458827,,,,,,,,
2026-08-06T09:54:34.153,UNIONBANK,177.4,0.91,,170.51,170.56,191.07,,,6.0,6.5,,,bank,banks - public sector,,3.01,-0.07,0.12,-0.08,0.11,1.3,2.88,2.28,,,2026-08-06,,,,,,,,,,,,,177.49,175.21,1.88,1.88,7.61,4.04,3.02,3.02,1.88,9.74,134198.79,-0.41,-0.42,1.97,54.16,1926944757,7633605607,,,,,,,,
2026-08-06T09:54:34.153,PNBHOUSING,1160.6,3.48,,1107.34,1055.63,1370.54,,,13.56,12.62,,,financials,finance - housing,,1.81,0.26,0.24,0.25,0.2,3.16,10.33,3.54,,,2026-08-06,,,,,,,,,,,,,1167.0,1131.3,9.04,9.04,110.36,41.08,3.12,3.12,2.69,72.01,29227.77,-0.39,-0.41,2.97,71.33,187538718,260589923,,,,,,,,
2026-08-06T09:54:34.153,ABB,7747.5,0.74,,7412.73,7462.36,8317.77,,,113.33,54.54,,,industrials,electric equipment,,4.05,0.24,0.46,0.24,0.45,1.3,1.93,2.93,,,2026-08-06,,,,,,,,,,,,,7770.5,7671.0,1.3,1.3,579.02,227.03,3.29,3.29,2.55,8.63,162968.14,1.57,0.94,2.76,33.7,52977094,211908375,,,,,,,,
2026-08-06T09:54:34.153,AZAD,2465.9,0.78,,2320.7,2342.71,2712.27,,,110.68,119.24,,,aerospace & defence,engineering,,1.56,0.5,0.37,0.45,0.36,1.9,6.71,3.69,,,2026-08-06,,,,,,,,,,,,,2472.0,2426.0,3.65,3.65,240.41,90.93,4.06,4.06,2.64,14.54,15801.86,1.62,1.36,2.93,43.88,28517503,64581743,,,,,,,,
2026-08-06T09:54:34.153,LALPATHLAB,1903.6,0.87,,1814.12,1844.66,2021.48,,,46.89,45.49,,,healthcare,healthcare,,3.03,0.25,0.18,0.23,0.17,1.65,2.18,3.21,,,2026-08-06,,,,,,,,,,,,,1911.0,1880.0,2.58,2.58,214.47,61.06,3.32,3.32,3.51,5.39,31634.92,2.57,1.52,3.96,38.65,78475500,167637770,,,,,,,,
2026-08-06T09:54:34.153,NETWEB,4918.0,0.49,,4624.67,4338.58,6076.84,,,82.08,106.62,,,i.t,computers - hardware,,13.06,0.41,0.38,0.4,0.38,2.47,7.07,3.94,,,2026-08-06,,,,,,,,,,,,,4980.0,4860.0,5.4,5.4,389.35,193.58,3.76,3.76,2.01,21.03,27865.63,2.73,0.19,2.18,29.96,18799145,56940687,,,,,,,,
2026-08-06T09:54:34.153,APARINDS,15960.0,1.88,,14983.73,13843.26,20193.48,,,34.29,53.26,,,industrials,electric equipment,,16.57,0.55,0.67,0.47,0.64,2.81,7.91,3.97,,,2026-08-06,,,,,,,,,,,,,15967.0,15531.0,2.94,2.94,1450.1,634.08,4.16,4.16,2.29,16.17,62936.96,3.35,1.24,2.52,67.66,16969932,40174235,,,,,,,,
2026-08-06T09:54:34.153,CHENNPETRO,1282.0,-1.68,,1191.92,1253.1,1339.8,,,4.63,4.65,,,energy,refineries,,5.33,0.34,0.15,0.42,0.17,3.13,0.31,4.8,,,2026-08-06,,,,,,,,,,,,,1318.0,1278.0,3.13,3.13,106.39,61.52,5.81,5.81,1.73,27.85,19416.56,3.66,2.83,1.89,6.5,48713300,148911400,,,,,,,,
2026-08-06T09:54:34.153,PGEL,614.45,1.9,,583.04,598.71,645.93,,,67.67,87.26,,,consumer discretionary,electronics - components,,0.89,-0.04,0.01,-0.02,-0.01,2.97,2.92,3.48,,,2026-08-06,,,,,,,,,,,,,614.75,597.0,2.97,2.97,60.39,21.36,3.6,3.6,2.83,23.13,17220.89,5.01,3.09,3.14,81.69,161717368,285586908,,,,,,,,
2026-08-06T09:54:34.153,RPTECH,856.05,-5.18,,791.17,803.89,960.38,,,13.73,18.65,,,services,trading,,15.24,1.03,1.49,1.26,1.63,6.32,0.58,5.89,,,2026-08-06,,,,,,,,,,,,,904.9,851.1,6.32,6.32,140.61,50.41,5.13,5.13,2.79,14.72,5949.75,6.55,5.99,3.34,9.82,23702379,65899665,,,,,,,,
2026-08-06T09:54:34.153,CARTRADE,2791.3,-1.79,,2591.15,2738.82,2896.25,,,65.28,58.66,,,consumer discretionary,miscellaneous,,1.69,0.08,-0.13,-0.01,-0.11,2.42,1.01,4.56,,,2026-08-06,,,,,,,,,,,,,2837.1,2770.2,2.42,2.42,231.75,127.22,5.05,5.05,1.82,5.18,13649.11,6.82,6.45,1.99,16.59,48023035,48023035,,,,,,,,
2026-08-03T13:44:55.78,URBANCO,145.3,12.3,128.7,137.52,128.19,179.52,152.21,15.73,-60.54,-58.28,68.75,59.0,i.t,miscellaneous,26.36,-0.11,0.11,-0.03,-0.05,-0.14,13.35,12.9,4.2,12.9,3.58,2026-08-03,,,,,,,,,,,,,,,,,,,,,,,,,,,,,,,,,,,,,
2026-08-03T13:44:55.78,MWL,38.11,5.86,34.5,35.93,34.95,44.42,40.19,3.44,2.38,2.06,65.02,71.09,metals & mining,steel - medium / small,25.91,0.7,0.29,0.63,0.2,0.55,9.03,10.46,4.3,7.81,4.64,2026-08-03,,,,,,,,,,,,,,,,,,,,,,,,,,,,,,,,,,,,,
2026-08-03T13:44:55.78,CCAVENUE,17.14,8.14,15.78,16.14,16.3,18.82,17.5,2.15,15.3,16.17,56.59,56.46,i.t,miscellaneous,26.96,-5.28,-0.05,-0.15,-0.11,-0.21,5.15,8.62,4.08,8.62,3.84,2026-08-03,,,,,,,,,,,,,,,,,,,,,,,,,,,,,,,,,,,,,
2026-08-03T13:44:55.78,JAMNAAUTO,138.99,5.95,129.79,132.29,129.55,157.88,139.0,1.18,15.87,22.62,60.09,58.76,auto,auto ancillaries,10.24,0.04,0.02,0.22,-0.04,0.15,7.29,7.09,3.16,6.82,3.35,2026-08-03,,,,,,,,,,,,,,,,,,,,,,,,,,,,,,,,,,,,,
2026-08-03T13:44:55.78,BLUSPRING,115.88,0.03,110.27,105.03,106.22,135.2,120.99,0.44,-965.67,-156.55,58.94,69.14,miscellaneous,diversified - large,27.6,6.38,0.82,0.51,0.78,0.51,9.09,5.09,6.05,3.42,6.65,2026-08-03,,,,,,,,,,,,,,,,,,,,,,,,,,,,,,,,,,,,,
2026-08-03T13:44:55.78,LLOYDSENGG,91.14,2.8,87.6,85.19,88.0,97.42,91.89,0.35,67.01,58.72,58.31,73.56,industrials,engineering,22.9,-0.1,0.94,0.54,0.82,0.5,3.57,4.04,3.93,3.69,4.57,2026-08-03,,,,,,,,,,,,,,,,,,,,,,,,,,,,,,,,,,,,,
2026-08-03T13:44:55.78,UNIONBANK,173.99,1.61,167.9,166.67,168.45,185.07,175.74,0.41,5.89,6.33,56.27,54.12,bank,banks - public sector,14.96,1.49,-0.05,0.09,-0.13,0.08,3.29,3.63,2.63,2.46,3.18,2026-08-03,,,,,,,,,,,,,,,,,,,,,,,,,,,,,,,,,,,,,
2026-08-03T13:44:55.78,MANALIPETC,65.64,1.16,63.74,61.77,63.84,69.24,66.0,0.14,9.71,8.58,54.69,58.05,energy,petrochemicals,25.32,1.75,0.04,-0.07,0.03,-0.08,2.82,2.98,3.56,2.16,4.08,2026-08-03,,,,,,,,,,,,,,,,,,,,,,,,,,,,,,,,,,,,,
2026-08-03T13:44:55.78,NHPC,79.36,0.8,77.25,76.76,78.12,81.84,80.7,0.5,13.68,20.99,52.37,51.5,power & utilities,power generation and supply,24.76,-0.76,-0.05,-0.06,-0.08,-0.06,1.59,2.73,2.01,1.86,1.95,2026-08-03,,,,,,,,,,,,,,,,,,,,,,,,,,,,,,,,,,,,,
2026-08-03T13:44:55.78,MSUMI,41.61,2.46,40.52,39.94,40.13,44.56,42.22,0.41,41.61,39.43,59.42,53.19,auto,auto ancillaries,21.39,1.32,-0.09,-0.18,-0.14,-0.2,3.68,2.69,2.61,2.69,2.61,2026-08-03,,,,,,,,,,,,,,,,,,,,,,,,,,,,,,,,,,,,,
2026-08-03T13:44:55.78,SOUTHBANK,47.31,1.31,46.28,45.01,46.1,49.73,47.87,0.32,8.21,8.09,55.72,63.38,bank,banks - private sector,20.75,1.56,0.16,0.18,0.14,0.17,2.62,2.23,2.89,1.63,3.66,2026-08-03,,,,,,,,,,,,,,,,,,,,,,,,,,,,,,,,,,,,,
2026-08-03T13:44:55.78,FORTIS,958.65,1.44,940.7,928.38,935.11,1005.73,979.6,1.03,68.09,68.48,51.3,55.25,healthcare,healthcare,9.49,0.34,0.06,-0.02,0.02,-0.03,2.52,1.91,1.98,1.91,2.02,2026-08-03,,,,,,,,,,,,,,,,,,,,,,,,,,,,,,,,,,,,,
2026-08-03T13:44:55.78,KRONOX,153.31,1.33,151.0,143.47,148.24,163.46,154.9,0.14,17.58,20.2,53.39,58.77,chemicals,chemicals,31.55,2.13,0.15,-0.01,0.13,-0.02,3.42,1.53,3.75,1.53,4.57,2026-08-03,,,,,,,,,,,,,,,,,,,,,,,,,,,,,,,,,,,,,
2026-07-27T17:26:51.539,NRBBEARING,419.25,5.43,382.4,391.97,393.93,469.89,428.0,0.35,24.55,25.47,54.48,68.62,industrials,bearings,23.87,-4.58,0.63,0.5,0.52,0.43,6.43,9.64,4.26,9.64,4.44,2026-07-27,,,,,,,,,,,,,,,,,,,,,,,,,,,,,,,,,,,,,
2026-07-27T17:26:51.539,INOXGREEN,199.05,3.74,183.49,186.88,185.39,226.37,202.58,3.55,70.09,71.59,56.41,56.84,miscellaneous,miscellaneous,21.35,-1.61,0.16,-0.27,0.01,-0.29,7.37,8.48,4.25,8.48,4.03,2026-07-27,,,,,,,,,,,,,,,,,,,,,,,,,,,,,,,,,,,,,
2026-07-27T17:26:51.539,PLATIND,240.24,5.45,222.5,227.22,225.06,270.61,244.0,1.94,21.84,24.06,61.41,54.4,chemicals,chemicals,24.32,-1.2,-0.05,-0.11,-0.11,-0.15,6.75,7.97,3.58,7.97,3.91,2026-07-27,,,,,,,,,,,,,,,,,,,,,,,,,,,,,,,,,,,,,
2026-07-27T17:26:51.539,SAMBHV,121.69,4.98,113.0,114.77,117.88,129.31,123.55,1.61,16.81,22.77,62.91,60.18,metals & mining,steel - medium / small,32.3,-4.59,0.3,0.04,0.22,-0.01,3.23,7.69,3.81,7.69,4.19,2026-07-27,,,,,,,,,,,,,,,,,,,,,,,,,,,,,,,,,,,,,
2026-07-27T17:26:51.539,SAGILITY,43.29,7.1,40.28,41.12,41.08,47.72,43.81,5.51,23.53,19.07,60.76,52.25,i.t,computers - software - medium / small,19.46,-2.13,-0.23,-0.18,-0.3,-0.23,5.39,7.47,3.77,7.47,3.59,2026-07-27,,,,,,,,,,,,,,,,,,,,,,,,,,,,,,,,,,,,,
2026-07-27T17:26:51.539,AHCL,15.75,4.93,14.78,14.8,14.56,18.13,15.99,1.02,1.69,2.28,56.78,59.76,chemicals,chemicals,21.66,1.12,0.14,0.07,0.06,0.02,8.18,6.56,3.68,6.35,3.52,2026-07-27,,,,,,,,,,,,,,,,,,,,,,,,,,,,,,,,,,,,,
2026-07-27T17:26:51.539,DHANBANK,35.35,3.09,33.26,33.01,33.59,38.87,35.9,1.4,8.03,13.14,59.85,66.88,bank,banks - private sector,32.64,-0.71,0.35,0.28,0.27,0.25,5.24,6.28,4.31,6.28,4.67,2026-07-27,,,,,,,,,,,,,,,,,,,,,,,,,,,,,,,,,,,,,
2026-07-27T17:26:51.539,MSUMI,41.74,4.06,39.37,40.05,39.76,45.7,42.0,0.87,41.74,38.94,62.57,53.34,auto,auto ancillaries,17.29,-1.46,-0.11,-0.12,-0.17,-0.15,4.97,6.02,2.59,6.02,2.56,2026-07-27,,,,,,,,,,,,,,,,,,,,,,,,,,,,,,,,,,,,,
2026-07-27T17:26:51.539,RAMRAT,425.3,2.7,401.35,400.14,410.92,454.06,429.9,0.43,25.44,26.87,56.29,61.43,metals & mining,mining / minerals / metals,16.21,-2.38,0.35,0.32,0.27,0.29,3.5,5.97,3.66,5.97,3.95,2026-07-27,,,,,,,,,,,,,,,,,,,,,,,,,,,,,,,,,,,,,
2026-07-27T17:26:51.539,VINCOFE,162.87,4.28,154.55,153.27,155.92,176.78,165.45,1.28,28.28,30.8,58.79,60.41,consumer discretionary,trading,23.11,-1.23,0.02,-0.06,-0.06,-0.1,4.46,5.38,3.61,5.38,4.2,2026-07-27,,,,,,,,,,,,,,,,,,,,,,,,,,,,,,,,,,,,,
2026-07-27T17:26:51.539,GAIL,174.23,2.48,167.27,168.65,169.71,183.28,174.89,1.14,19.27,14.75,54.97,57.77,energy,miscellaneous,14.03,-1.61,-0.0,-0.07,-0.05,-0.09,2.67,4.16,2.11,4.16,1.95,2026-07-27,,,,,,,,,,,,,,,,,,,,,,,,,,,,,,,,,,,,,
2026-07-27T17:26:51.539,RACLGEAR,1332.2,1.27,1285.1,1237.57,1284.7,1427.2,1386.0,1.1,31.39,31.12,51.22,54.09,auto,auto ancillaries,29.89,-0.17,0.28,0.31,0.22,0.29,3.7,3.67,4.57,3.67,4.4,2026-07-27,,,,,,,,,,,,,,,,,,,,,,,,,,,,,,,,,,,,,
2026-07-27T17:26:51.539,RHETAN,29.05,2.47,28.18,26.93,27.63,31.89,30.21,1.84,90.78,149.21,55.36,58.75,metals & mining,steel - medium / small,17.89,3.5,0.02,0.24,-0.04,0.21,5.14,3.09,4.9,2.98,4.49,2026-07-27,,,,,,,,,,,,,,,,,,,,,,,,,,,,,,,,,,,,,
2026-07-23T12:45:19.231,UNIONBANK,168.0,-1.55,,159.97,164.45,175.09,,,5.68,6.31,,,bank,banks - public sector,,4.36,-0.1,0.08,-0.11,0.1,2.12,0.18,3.42,,,2026-07-23,,,,,,,,,,,,,171.25,167.7,2.12,2.12,0.2,5.74,3.16,3.16,0.04,20.49,130259.85,-0.94,-2.05,0.04,5.22,1926944757,7633605607,,,,,,,,
2026-07-23T12:45:19.231,PERSISTENT,5032.1,-1.31,,4783.45,5032.42,5031.46,,,37.19,42.59,,,i.t,computers - software - large,,2.89,-0.26,-0.17,-0.27,-0.16,1.96,0.22,2.95,,,2026-07-23,,,,,,,,,,,,,5119.5,5021.0,1.96,1.96,84.86,148.61,3.06,3.06,0.57,31.1,80433.57,-0.56,-1.39,0.58,7.47,109960070,157750000,,,,,,,,
2026-07-23T12:45:19.231,BELRISE,231.92,-0.16,,219.99,225.23,245.29,,,37.9,38.02,,,auto,auto ancillaries,,0.93,0.29,0.51,0.31,0.51,1.85,1.99,3.19,,,2026-07-23,,,,,,,,,,,,,234.09,229.84,2.94,2.94,4.87,7.4,3.5,3.5,0.66,30.62,20671.89,1.0,0.59,0.67,28.11,298495928,889879192,,,,,,,,
2026-07-23T12:45:19.231,KARURVYSYA,335.15,-1.18,,317.8,308.8,387.86,,,10.71,11.94,,,bank,banks - private sector,,12.11,0.21,0.31,0.2,0.33,1.9,8.1,3.98,,,2026-07-23,,,,,,,,,,,,,340.9,334.55,1.9,1.9,39.26,13.35,3.69,3.69,2.94,46.41,32783.81,1.67,-0.13,3.33,4.49,946677259,966646219,,,,,,,,
2026-07-23T12:45:19.231,PGEL,581.3,1.03,,549.52,602.87,538.15,,,64.02,83.27,,,consumer discretionary,electronics - components,,-5.03,0.01,0.02,-0.05,0.01,3.15,1.97,3.87,,,2026-07-23,,,,,,,,,,,,,588.0,570.05,3.15,3.15,53.02,22.52,3.51,3.51,2.35,33.64,16432.67,2.41,0.47,2.59,49.95,161717368,285586908,,,,,,,,
2026-07-23T12:45:19.231,MANAPPURAM,355.15,1.41,,339.31,334.92,395.61,,,18.61,29.86,,,financials,finance & investments,,4.98,0.1,0.25,0.06,0.24,2.38,5.21,2.96,,,2026-07-23,,,,,,,,,,,,,356.7,348.4,2.75,2.75,33.34,10.51,3.2,3.2,3.17,65.46,32895.55,3.13,2.15,3.5,64.22,640935088,939336102,,,,,,,,
2026-07-23T12:45:19.231,ITDC,742.25,-1.05,,679.23,743.36,740.04,,,56.23,78.06,,,services,hotels,,2.14,0.31,0.2,0.27,0.22,3.73,0.78,6.59,,,2026-07-23,,,,,,,,,,,,,766.75,739.15,4.11,4.11,121.6,48.88,6.57,6.57,2.49,18.04,6433.99,3.22,1.35,2.98,6.34,11127719,85769400,,,,,,,,
2026-07-23T12:45:19.231,ABB,7583.5,1.03,,7262.85,7173.27,8403.96,,,22.52,53.42,,,industrials,electric equipment,,6.65,0.48,0.4,0.46,0.39,2.65,1.31,2.92,,,2026-07-23,,,,,,,,,,,,,7684.5,7486.0,2.66,2.66,599.17,221.39,3.02,3.02,2.71,53.9,159058.43,3.37,-0.79,2.94,44.04,52977094,211908375,,,,,,,,
2026-07-23T12:45:19.231,HSCL,775.25,0.91,,725.79,706.04,913.67,,,42.6,48.17,,,chemicals,chemicals,,12.22,0.58,0.64,0.57,0.63,4.2,3.77,4.67,,,2026-07-23,,,,,,,,,,,,,778.5,747.1,4.2,4.2,116.61,36.19,4.38,4.38,3.22,59.45,38761.41,4.05,3.7,3.79,77.79,239682297,504541599,,,,,,,,
2026-07-23T12:45:19.231,GODREJPROP,2053.2,-1.34,,1963.32,2144.19,1871.22,,,23.79,33.88,,,realty,construction,,-2.71,0.15,-0.1,0.12,-0.08,1.95,0.35,2.97,,,2026-07-23,,,,,,,,,,,,,2085.9,2046.0,1.95,1.95,198.56,60.98,3.04,3.04,3.26,106.49,62688.14,4.1,3.21,3.6,11.81,145611988,301225962,,,,,,,,
2026-07-23T12:45:19.231,SANSERA,3224.4,-0.95,,3039.52,3235.85,3201.5,,,41.32,62.4,,,auto,auto ancillaries,,-0.17,0.73,1.04,0.69,1.06,4.08,1.88,4.07,,,2026-07-23,,,,,,,,,,,,,3294.1,3165.0,4.08,4.08,245.9,131.32,3.8,3.8,1.87,58.66,20313.61,4.89,4.67,2.03,45.23,44176328,62403568,,,,,,,,
2026-07-23T12:45:19.231,SAREGAMA,495.85,1.32,,466.11,485.36,516.84,,,32.11,45.7,,,media,entertainment / electronic media software,,1.1,0.41,0.12,0.35,0.11,3.14,2.21,4.02,,,2026-07-23,,,,,,,,,,,,,500.4,485.15,3.14,3.14,39.34,19.91,4.21,4.21,1.98,6.86,9436.1,5.59,5.05,2.15,53.75,75507447,192809490,,,,,,,,
2026-07-23T12:45:19.231,WABAG,2077.8,0.24,,1941.16,2104.65,2024.09,,,22.9,29.49,,,realty,engineering - turnkey services,,-3.56,0.74,0.48,0.69,0.48,3.93,2.34,4.44,,,2026-07-23,,,,,,,,,,,,,2110.0,2030.2,3.93,3.93,277.9,92.19,4.96,4.96,3.01,31.54,12915.53,8.98,8.11,3.48,51.63,50414427,62309595,,,,,,,,
2026-07-21T06:32:37.639,RICOAUTO,138.36,8.54,124.02,128.43,124.55,165.99,140.4,1.73,78.61,36.51,58.53,58.01,auto,auto ancillaries,19.31,-2.3,0.05,0.6,-0.09,0.48,11.09,11.56,5.01,11.56,4.8,2026-07-21,,,,,,,,,,,,,,,,,,,,,,,,,,,,,,,,,,,,,
2026-07-21T06:32:37.639,KRISHANA,145.3,3.45,134.0,135.33,135.5,164.89,148.0,1.1,23.9,5.65,57.65,65.74,chemicals,fertilizers,16.0,2.55,0.39,0.39,0.31,0.35,7.23,8.43,4.7,4.53,5.54,2026-07-21,,,,,,,,,,,,,,,,,,,,,,,,,,,,,,,,,,,,,
2026-07-21T06:32:37.639,TPLPLASTEH,82.93,4.14,77.51,76.61,81.96,84.87,84.1,1.18,20.13,22.29,62.71,61.08,industrials,packaging,41.41,-4.69,0.16,0.13,0.07,0.09,1.18,6.99,5.49,6.99,6.24,2026-07-21,,,,,,,,,,,,,,,,,,,,,,,,,,,,,,,,,,,,,
2026-07-21T06:32:37.639,EXICOM,168.22,4.15,158.36,152.61,160.7,183.26,170.0,0.27,-10.44,-7.87,55.07,60.9,industrials,electric equipment,24.58,-2.21,0.4,0.17,0.41,0.13,4.68,6.23,5.72,6.23,6.15,2026-07-21,,,,,,,,,,,,,,,,,,,,,,,,,,,,,,,,,,,,,
2026-07-21T06:32:37.639,LLOYDSENGG,90.71,2.43,85.64,84.1,87.18,97.77,91.5,0.66,66.7,60.07,60.64,73.25,industrials,engineering,32.36,-1.64,0.68,0.49,0.59,0.46,4.05,5.92,4.77,5.92,5.26,2026-07-21,,,,,,,,,,,,,,,,,,,,,,,,,,,,,,,,,,,,,
2026-07-21T06:32:37.639,SOUTHBANK,46.18,3.54,43.94,43.54,44.17,50.19,46.5,1.34,8.02,8.0,54.71,61.22,bank,banks - private sector,23.38,-0.63,-0.03,0.22,-0.04,0.18,4.54,5.1,4.11,4.72,4.07,2026-07-21,,,,,,,,,,,,,,,,,,,,,,,,,,,,,,,,,,,,,
2026-07-21T06:32:37.639,RATNAVEER,180.25,-0.23,173.21,168.19,174.18,192.39,184.5,1.74,15.33,16.17,54.66,57.57,metals & mining,steel - medium / small,24.19,-0.57,0.1,0.17,0.1,0.17,3.48,4.06,3.91,3.47,4.3,2026-07-21,,,,,,,,,,,,,,,,,,,,,,,,,,,,,,,,,,,,,
2026-07-21T06:32:37.639,BOROSCI,162.37,1.01,156.07,151.86,159.34,168.43,166.0,0.24,13.27,41.74,57.73,68.89,building materials,glass & glass products,40.78,-1.33,0.29,0.15,0.26,0.14,1.9,4.04,4.24,2.77,4.88,2026-07-21,,,,,,,,,,,,,,,,,,,,,,,,,,,,,,,,,,,,,
2026-07-21T06:32:37.639,IDFCFIRSTB,81.78,1.78,78.78,79.11,79.66,86.02,82.18,0.99,53.8,43.27,63.69,62.85,bank,banks - private sector,33.81,-1.3,-0.1,-0.03,-0.12,-0.05,2.66,3.81,2.12,3.81,2.2,2026-07-21,,,,,,,,,,,,,,,,,,,,,,,,,,,,,,,,,,,,,
2026-07-21T06:32:37.639,EQUITASBNK,79.28,2.01,76.6,74.97,78.08,81.69,79.88,0.67,10.66,88.09,55.76,62.56,bank,banks - private sector,20.69,-1.64,0.06,0.34,0.03,0.32,1.54,3.5,3.83,3.35,3.73,2026-07-21,,,,,,,,,,,,,,,,,,,,,,,,,,,,,,,,,,,,,
2026-07-21T06:32:37.639,RPSGVENT,908.8,1.51,882.25,860.59,872.01,982.38,930.45,0.7,-13.07,-21.79,56.33,54.02,i.t,computers - software - medium / small,19.7,2.44,0.19,0.07,0.16,0.05,4.22,3.01,3.21,2.68,3.49,2026-07-21,,,,,,,,,,,,,,,,,,,,,,,,,,,,,,,,,,,,,
2026-07-21T06:32:37.639,KTKBANK,275.25,0.77,268.35,262.97,266.73,292.29,276.95,0.41,6.37,7.94,56.17,64.9,bank,banks - private sector,15.06,1.18,0.33,0.49,0.32,0.48,3.19,2.57,2.74,2.57,2.78,2026-07-21,,,,,,,,,,,,,,,,,,,,,,,,,,,,,,,,,,,,,
2026-07-21T06:32:37.639,DHAMPURSUG,145.42,2.09,141.83,138.75,140.57,155.11,148.95,1.03,5.13,14.41,57.09,57.32,fmcg,sugar,17.5,1.32,0.15,0.03,0.1,0.01,3.45,2.53,3.06,2.53,2.77,2026-07-21,,,,,,,,,,,,,,,,,,,,,,,,,,,,,,,,,,,,,
2026-07-20T23:56:14.138,RICOAUTO,138.36,8.54,124.02,128.43,124.55,165.99,140.4,1.73,78.61,33.63,58.53,58.01,auto,auto ancillaries,19.31,-2.3,0.05,0.6,-0.09,0.48,11.09,11.56,5.01,11.56,4.8,2026-07-20,,,,,,,,,,,,,,,,,,,,,,,,,,,,,,,,,,,,,
2026-07-20T23:56:14.138,KRISHANA,145.3,3.45,134.0,135.33,135.5,164.89,148.0,1.1,23.9,5.46,57.65,65.74,chemicals,fertilizers,16.0,2.55,0.39,0.39,0.31,0.35,7.23,8.43,4.7,4.53,5.54,2026-07-20,,,,,,,,,,,,,,,,,,,,,,,,,,,,,,,,,,,,,
2026-07-20T23:56:14.138,TPLPLASTEH,82.93,4.14,77.51,76.61,81.96,84.87,84.1,1.18,20.13,21.41,62.71,61.08,industrials,packaging,41.41,-4.69,0.16,0.13,0.07,0.09,1.18,6.99,5.49,6.99,6.24,2026-07-20,,,,,,,,,,,,,,,,,,,,,,,,,,,,,,,,,,,,,
2026-07-20T23:56:14.138,EXICOM,168.22,4.15,158.36,152.61,160.7,183.26,170.0,0.27,-10.44,-7.56,55.07,60.9,industrials,electric equipment,24.58,-2.21,0.4,0.17,0.41,0.13,4.68,6.23,5.72,6.23,6.15,2026-07-20,,,,,,,,,,,,,,,,,,,,,,,,,,,,,,,,,,,,,
2026-07-20T23:56:14.138,LLOYDSENGG,90.71,2.43,85.64,84.1,87.18,97.77,91.5,0.66,66.7,58.65,60.64,73.25,industrials,engineering,32.36,-1.64,0.68,0.49,0.59,0.46,4.05,5.92,4.77,5.92,5.26,2026-07-20,,,,,,,,,,,,,,,,,,,,,,,,,,,,,,,,,,,,,
2026-07-20T23:56:14.138,SOUTHBANK,46.18,3.54,43.94,43.54,44.17,50.19,46.5,1.34,8.02,7.73,54.71,61.22,bank,banks - private sector,23.38,-0.63,-0.03,0.22,-0.04,0.18,4.54,5.1,4.11,4.72,4.07,2026-07-20,,,,,,,,,,,,,,,,,,,,,,,,,,,,,,,,,,,,,
2026-07-20T23:56:14.138,RATNAVEER,180.25,-0.23,173.21,168.19,174.18,192.39,184.5,1.74,15.33,16.2,54.66,57.57,metals & mining,steel - medium / small,24.19,-0.57,0.1,0.17,0.1,0.17,3.48,4.06,3.91,3.47,4.3,2026-07-20,,,,,,,,,,,,,,,,,,,,,,,,,,,,,,,,,,,,,
2026-07-20T23:56:14.138,BOROSCI,162.37,1.01,156.07,151.86,159.34,168.43,166.0,0.24,13.27,41.32,57.73,68.89,building materials,glass & glass products,40.78,-1.33,0.29,0.15,0.26,0.14,1.9,4.04,4.24,2.77,4.88,2026-07-20,,,,,,,,,,,,,,,,,,,,,,,,,,,,,,,,,,,,,
2026-07-20T23:56:14.138,IDFCFIRSTB,81.78,1.78,78.78,79.11,79.66,86.02,82.18,0.99,53.8,42.51,63.69,62.85,bank,banks - private sector,33.81,-1.3,-0.1,-0.03,-0.12,-0.05,2.66,3.81,2.12,3.81,2.2,2026-07-20,,,,,,,,,,,,,,,,,,,,,,,,,,,,,,,,,,,,,
2026-07-20T23:56:14.138,EQUITASBNK,79.28,2.01,76.6,74.97,78.08,81.69,79.88,0.67,10.66,86.36,55.76,62.56,bank,banks - private sector,20.69,-1.64,0.06,0.34,0.03,0.32,1.54,3.5,3.83,3.35,3.73,2026-07-20,,,,,,,,,,,,,,,,,,,,,,,,,,,,,,,,,,,,,
2026-07-20T23:56:14.138,RPSGVENT,908.8,1.51,882.25,860.59,872.01,982.38,930.45,0.7,-13.07,-21.47,56.33,54.02,i.t,computers - software - medium / small,19.7,2.44,0.19,0.07,0.16,0.05,4.22,3.01,3.21,2.68,3.49,2026-07-20,,,,,,,,,,,,,,,,,,,,,,,,,,,,,,,,,,,,,
2026-07-20T23:56:14.138,KTKBANK,275.25,0.77,268.35,262.97,266.73,292.29,276.95,0.41,6.37,7.88,56.17,64.9,bank,banks - private sector,15.06,1.18,0.33,0.49,0.32,0.48,3.19,2.57,2.74,2.57,2.78,2026-07-20,,,,,,,,,,,,,,,,,,,,,,,,,,,,,,,,,,,,,
2026-07-20T23:56:14.138,DHAMPURSUG,145.42,2.09,141.83,138.75,140.57,155.11,148.95,1.03,5.13,14.12,57.09,57.32,fmcg,sugar,17.5,1.32,0.15,0.03,0.1,0.01,3.45,2.53,3.06,2.53,2.77,2026-07-20,,,,,,,,,,,,,,,,,,,,,,,,,,,,,,,,,,,,,
2026-07-15T08:57:34.797,MRPL,156.96,-4.72,,147.24,146.63,177.62,,,58.57,14.28,,,energy,refineries,,12.02,0.04,0.01,0.06,0.07,5.45,4.47,4.33,,,2026-07-15,,,,,,,,,,,,,164.79,156.28,5.45,5.45,2.7,6.79,3.73,3.73,0.4,110.79,27508.79,-2.69,-4.19,0.41,10.01,200091162,1752598777,,,,,,,,
2026-07-15T08:57:34.797,M&MFIN,325.1,-2.28,,308.08,331.14,313.03,,,12.04,15.63,,,financials,finance & investments,,1.12,-0.14,0.05,-0.14,0.08,2.99,1.2,3.54,,,2026-07-15,,,,,,,,,,,,,330.85,321.25,2.99,2.99,14.98,11.51,3.49,3.49,1.3,45.45,45187.96,-0.72,-0.77,1.37,33.46,660388561,1389971160,,,,,,,,
2026-07-15T08:57:34.797,JINDRILL,626.2,0.1,,587.7,553.0,772.59,,,10.0,8.62,,,energy,oil drilling / allied services,,14.27,0.06,0.06,0.04,0.06,3.79,4.7,4.38,,,2026-07-15,,,,,,,,,,,,,643.5,620.0,5.18,5.18,34.32,27.4,3.45,3.45,1.25,17.4,1814.8,0.46,-1.1,1.33,22.63,9628143,28981104,,,,,,,,
2026-07-15T08:57:34.797,PREMIERENE,1100.9,-0.78,,1051.59,1040.35,1222.0,,,27.14,32.78,,,services,trading,,7.09,0.41,-0.03,0.39,-0.02,2.02,1.39,2.98,,,2026-07-15,,,,,,,,,,,,,1110.0,1088.0,2.02,2.02,59.68,32.82,3.04,3.04,1.82,79.53,49870.15,0.49,0.36,1.92,39.3,163369137,452994368,,,,,,,,
2026-07-15T08:57:34.797,DELHIVERY,512.1,-0.04,,489.99,512.61,511.08,,,131.98,251.03,,,transportation,miscellaneous,,0.71,0.16,0.05,0.12,0.05,2.53,1.4,2.92,,,2026-07-15,,,,,,,,,,,,,517.85,505.05,2.53,2.53,43.32,14.97,3.15,3.15,2.89,68.19,38336.22,1.56,0.95,3.16,47.08,748608108,748608108,,,,,,,,
2026-07-15T08:57:34.797,LTF,315.3,-2.9,,299.13,323.86,298.19,,,21.9,24.81,,,financials,finance & investments,,-0.94,-0.03,0.14,-0.03,0.18,4.38,1.91,3.9,,,2026-07-15,,,,,,,,,,,,,322.95,309.4,4.38,4.38,24.74,12.29,3.2,3.2,2.01,179.01,78998.61,2.15,1.18,2.18,48.01,852976074,2505506199,,,,,,,,
2026-07-15T08:57:34.797,IIFL,541.5,-2.77,,511.85,519.81,584.88,,,9.81,13.86,,,financials,finance & investments,,6.31,-0.23,0.04,-0.21,0.07,2.93,0.45,3.61,,,2026-07-15,,,,,,,,,,,,,554.9,539.1,2.93,2.93,44.88,19.53,3.65,3.65,2.3,35.73,23029.43,2.2,2.15,2.51,12.29,319614908,425289575,,,,,,,,
2026-07-15T08:57:34.797,ANANDRATHI,2080.8,-1.74,,1989.1,2089.36,2063.68,,,52.97,44.86,,,financials,finance & investments,,2.21,0.22,0.25,0.23,0.27,2.23,0.94,3.25,,,2026-07-15,,,,,,,,,,,,,2117.7,2071.6,2.23,2.23,224.21,67.62,3.48,3.48,3.32,39.0,34549.87,3.32,2.34,3.72,13.61,97346110,166041268,,,,,,,,
2026-07-15T08:57:34.797,OBEROIRLTY,1916.5,-0.45,,1832.96,1898.21,1953.09,,,24.77,27.6,,,realty,construction,,0.8,0.05,0.07,0.02,0.07,2.41,3.82,3.22,,,2026-07-15,,,,,,,,,,,,,1947.9,1902.0,3.51,3.51,204.23,61.68,3.04,3.04,3.31,125.93,69684.37,3.45,1.31,3.71,23.51,117427291,363602237,,,,,,,,
2026-07-15T08:57:34.797,LALPATHLAB,1744.6,1.13,,1663.67,1661.45,1910.89,,,55.49,36.95,,,healthcare,healthcare,,1.41,0.13,0.07,0.09,0.06,2.01,4.31,2.94,,,2026-07-15,,,,,,,,,,,,,1752.0,1717.4,4.75,4.75,117.14,51.25,3.4,3.4,2.29,41.52,29231.65,4.18,1.87,2.45,53.07,78392750,167555020,,,,,,,,
2026-07-15T08:57:34.797,NEULANDLAB,18999.0,-0.11,,18090.21,19059.73,18877.54,,,28.65,66.97,,,healthcare,pharmaceuticals - indian - bulk drugs,,-0.92,0.19,0.16,0.17,0.17,1.64,1.99,3.25,,,2026-07-15,,,,,,,,,,,,,19046.0,18738.0,2.24,2.24,1531.06,617.09,3.34,3.34,2.48,26.29,24375.51,4.85,4.74,2.7,42.3,8642905,12829889,,,,,,,,
2026-07-15T08:57:34.797,RAYMONDREL,704.05,-2.59,,650.99,673.13,765.89,,,7.34,15.47,,,realty,construction,,4.12,0.34,-0.01,0.32,0.02,3.71,2.74,5.21,,,2026-07-15,,,,,,,,,,,,,726.0,700.0,5.95,5.95,96.79,36.66,5.32,5.32,2.64,31.51,4687.12,6.52,5.4,3.06,11.05,32814131,66573731,,,,,,,,
2026-07-15T08:57:34.797,RAIN,205.46,-3.73,,191.04,190.91,234.57,,,14.23,22.93,,,miscellaneous,miscellaneous,,10.48,0.33,0.52,0.36,0.58,4.53,1.41,4.72,,,2026-07-15,,,,,,,,,,,,,213.41,204.16,4.53,4.53,25.45,9.7,5.08,5.08,2.62,57.33,6910.56,8.54,7.27,3.0,13.41,197273326,336345679,,,,,,,,
2026-07-14T23:04:21.072,MRPL,156.96,-4.72,,147.24,146.63,177.62,,,58.57,14.99,,,energy,refineries,,12.02,0.04,0.01,0.06,0.07,5.45,4.47,4.33,,,2026-07-14,,,,,,,,,,,,,164.79,156.28,5.45,5.45,2.7,6.79,3.73,3.73,0.4,110.79,28872.31,-2.69,-4.19,0.41,10.01,200091162,1752598777,,,,,,,,
2026-07-14T23:04:21.072,M&MFIN,325.1,-2.28,,308.08,331.14,313.03,,,12.04,16.0,,,financials,finance & investments,,1.12,-0.14,0.05,-0.14,0.08,2.99,1.2,3.54,,,2026-07-14,,,,,,,,,,,,,330.85,321.25,2.99,2.99,14.98,11.51,3.49,3.49,1.3,45.45,46244.34,-0.72,-0.77,1.37,33.46,660388561,1389971160,,,,,,,,
2026-07-14T23:04:21.072,JINDRILL,626.2,0.1,,587.7,553.0,772.59,,,10.0,8.61,,,energy,oil drilling / allied services,,14.27,0.06,0.06,0.04,0.06,3.79,4.7,4.38,,,2026-07-14,,,,,,,,,,,,,643.5,620.0,5.18,5.18,34.32,27.4,3.45,3.45,1.25,17.4,1812.91,0.46,-1.1,1.33,22.63,9628143,28981104,,,,,,,,
2026-07-14T23:04:21.072,PREMIERENE,1100.9,-0.78,,1051.59,1040.35,1222.0,,,27.14,33.04,,,services,trading,,7.09,0.41,-0.03,0.39,-0.02,2.02,1.39,2.98,,,2026-07-14,,,,,,,,,,,,,1110.0,1088.0,2.02,2.02,59.68,32.82,3.04,3.04,1.82,79.53,50259.73,0.49,0.36,1.92,39.3,163369137,452994368,,,,,,,,
2026-07-14T23:04:21.072,DELHIVERY,512.1,-0.04,,489.99,512.61,511.08,,,131.98,251.13,,,transportation,miscellaneous,,0.71,0.16,0.05,0.12,0.05,2.53,1.4,2.92,,,2026-07-14,,,,,,,,,,,,,517.85,505.05,2.53,2.53,43.32,14.97,3.15,3.15,2.89,68.19,38351.19,1.56,0.95,3.16,47.08,748608108,748608108,,,,,,,,
2026-07-14T23:04:21.072,LTF,315.3,-2.9,,299.13,323.86,298.19,,,21.9,25.55,,,financials,finance & investments,,-0.94,-0.03,0.14,-0.03,0.18,4.38,1.91,3.9,,,2026-07-14,,,,,,,,,,,,,322.95,309.4,4.38,4.38,24.74,12.29,3.2,3.2,2.01,179.01,81353.79,2.15,1.18,2.18,48.01,852976074,2505506199,,,,,,,,
2026-07-14T23:04:21.072,IIFL,541.5,-2.77,,511.85,519.81,584.88,,,9.81,14.25,,,financials,finance & investments,,6.31,-0.23,0.04,-0.21,0.07,2.93,0.45,3.61,,,2026-07-14,,,,,,,,,,,,,554.9,539.1,2.93,2.93,44.88,19.53,3.65,3.65,2.3,35.73,23684.38,2.2,2.15,2.51,12.29,319614908,425289575,,,,,,,,
2026-07-14T23:04:21.072,ANANDRATHI,2080.8,-1.74,,1989.1,2089.36,2063.68,,,52.97,45.66,,,financials,finance & investments,,2.21,0.22,0.25,0.23,0.27,2.23,0.94,3.25,,,2026-07-14,,,,,,,,,,,,,2117.7,2071.6,2.23,2.23,224.21,67.62,3.48,3.48,3.32,39.0,35162.56,3.32,2.34,3.72,13.61,97346110,166041268,,,,,,,,
2026-07-14T23:04:21.072,OBEROIRLTY,1916.5,-0.45,,1832.96,1898.21,1953.09,,,24.77,27.72,,,realty,construction,,0.8,0.05,0.07,0.02,0.07,2.41,3.82,3.22,,,2026-07-14,,,,,,,,,,,,,1947.9,1902.0,3.51,3.51,204.23,61.68,3.04,3.04,3.31,125.93,70000.7,3.45,1.31,3.71,23.51,117427291,363602237,,,,,,,,
2026-07-14T23:04:21.072,LALPATHLAB,1744.6,1.13,,1663.67,1661.45,1910.89,,,55.49,36.54,,,healthcare,healthcare,,1.41,0.13,0.07,0.09,0.06,2.01,4.31,2.94,,,2026-07-14,,,,,,,,,,,,,1752.0,1717.4,4.75,4.75,117.14,51.25,3.4,3.4,2.29,41.52,28904.92,4.18,1.87,2.45,53.07,78392750,167555020,,,,,,,,
2026-07-14T23:04:21.072,NEULANDLAB,18999.0,-0.11,,18090.21,19059.73,18877.54,,,28.65,67.04,,,healthcare,pharmaceuticals - indian - bulk drugs,,-0.92,0.19,0.16,0.17,0.17,1.64,1.99,3.25,,,2026-07-14,,,,,,,,,,,,,19046.0,18738.0,2.24,2.24,1531.06,617.09,3.34,3.34,2.48,26.29,24401.17,4.85,4.74,2.7,42.3,8642905,12829889,,,,,,,,
2026-07-14T23:04:21.072,RAYMONDREL,704.05,-2.59,,650.99,673.13,765.89,,,7.34,15.88,,,realty,construction,,4.12,0.34,-0.01,0.32,0.02,3.71,2.74,5.21,,,2026-07-14,,,,,,,,,,,,,726.0,700.0,5.95,5.95,96.79,36.66,5.32,5.32,2.64,31.51,4811.62,6.52,5.4,3.06,11.05,32814131,66573731,,,,,,,,
2026-07-14T23:04:21.072,RAIN,205.46,-3.73,,191.04,190.91,234.57,,,14.23,23.82,,,miscellaneous,miscellaneous,,10.48,0.33,0.52,0.36,0.58,4.53,1.41,4.72,,,2026-07-14,,,,,,,,,,,,,213.41,204.16,4.53,4.53,25.45,9.7,5.08,5.08,2.62,57.33,7177.95,8.54,7.27,3.0,13.41,197273326,336345679,,,,,,,,
2026-07-13T05:40:49.218,MUNJALAU,101.33,,,,95.04,109.14,,,-844.42,25.21,63.37,,auto,auto ancillaries,33.45,-2.52,0.2,0.03,0.06,-0.06,7.42,12.53,5.09,,,2026-07-13,12.64,-4.68,114.99,10.2,92.64,-3.82,9.23,,,,,,,,,,,,,,,,,,,,,,,,,,,,,,
2026-07-13T05:40:49.218,MBAPL,131.25,,,,558.83,627.67,,,4.81,7.66,65.86,,chemicals,fertilizers,20.76,-4.79,0.29,0.33,0.24,0.26,6.16,11.5,4.25,,,2026-07-13,2.98,-81.5,610.9,11.5,532.05,-6.34,5.81,,,,,,,,,,,,,,,,,,,,,,,,,,,,,,
2026-07-13T05:40:49.218,AEROFLEX,413.55,,,,485.19,491.81,,,76.02,96.4,60.71,,metals & mining,steel - medium / small,34.78,-3.67,1.27,1.76,1.14,1.67,0.68,8.51,5.83,,,2026-07-13,3.99,-18.91,508.0,4.51,467.4,-4.84,21.26,,,,,,,,,,,,,,,,,,,,,,,,,,,,,,
2026-07-13T05:40:49.218,SPARC,264.6,,,,232.18,242.82,,,1.22,5.53,63.8,,healthcare,miscellaneous,39.21,1.61,0.64,0.71,0.6,0.69,2.29,7.93,4.94,,,2026-07-13,21.68,-0.83,289.0,0.67,235.91,-2.09,22.56,,,,,,,,,,,,,,,,,,,,,,,,,,,,,,
2026-07-13T05:40:49.218,RPGLIFE,2856.9,,,,2250.96,2454.24,,,39.5,41.02,62.39,,healthcare,pharmaceuticals - indian - bulk drugs & formln,25.04,2.4,-0.07,-0.01,-0.11,-0.03,4.52,6.94,3.28,,,2026-07-13,22.8,-0.02,2889.0,2.07,2305.0,-2.4,6.07,,,,,,,,,,,,,,,,,,,,,,,,,,,,,,
2026-07-13T05:40:49.218,IDEA,14.19,,,,14.4,14.88,,,0.74,4.48,59.07,,telecom-service,telecommunications - service provider,28.95,-0.37,0.13,0.62,0.11,0.6,1.64,5.86,3.34,,,2026-07-13,0.75,-6.01,14.85,2.02,14.35,-2.34,8.94,,,,,,,,,,,,,,,,,,,,,,,,,,,,,,
2026-07-13T05:40:49.218,EDELWEISS,120.14,,,,121.75,129.13,,,21.45,16.64,60.23,,financials,finance & investments,22.89,-1.19,0.07,0.1,0.02,0.07,3.03,5.11,4.24,,,2026-07-13,1.47,-7.41,127.35,4.27,120.3,-3.73,11.09,,,,,,,,,,,,,,,,,,,,,,,,,,,,,,
2026-07-13T05:40:49.218,ADANIGREEN,1536.6,,,,1497.94,1572.06,,,164.87,159.23,60.45,,power & utilities,power generation and supply,35.1,-1.04,0.41,0.41,0.34,0.37,2.47,4.47,3.11,,,2026-07-13,3.52,-3.5,1589.1,3.55,1482.4,-3.33,7.89,,,,,,,,,,,,,,,,,,,,,,,,,,,,,,
2026-07-13T05:40:49.218,ADANIPORTS,1828.1,,,,1789.46,1906.94,,,31.63,31.4,59.34,,transportation,miscellaneous,16.02,1.45,0.17,0.24,0.11,0.22,3.28,4.39,2.35,,,2026-07-13,2.32,-3.52,1891.1,1.81,1815.4,-1.44,2.6,,,,,,,,,,,,,,,,,,,,,,,,,,,,,,
2026-07-13T05:40:49.218,EQUITASBNK,82.24,,,,76.69,77.49,,,11.05,91.38,59.79,,bank,banks - private sector,25.13,-1.48,0.16,0.34,0.11,0.31,0.52,4.39,3.34,,,2026-07-13,7.67,-2.19,83.0,2.04,75.55,-2.77,10.64,,,,,,,,,,,,,,,,,,,,,,,,,,,,,,
2026-07-13T05:40:49.218,VTL,636.15,,,,635.52,656.88,,,24.5,24.29,58.01,,textiles,textiles - cotton/blended,11.03,-0.81,0.34,0.57,0.3,0.54,1.68,3.56,3.23,,,2026-07-13,6.47,-4.05,688.0,2.51,630.4,0.33,6.17,,,,,,,,,,,,,,,,,,,,,,,,,,,,,,
2026-07-13T05:40:49.218,ASIANPAINT,2677.8,,,,2667.26,2765.54,,,54.74,59.34,57.71,,building materials,paints / varnishes,27.84,-1.62,-0.1,0.12,-0.12,0.09,1.84,3.52,2.14,,,2026-07-13,1.69,-2.32,2762.4,3.52,2624.0,-2.96,3.44,,,,,,,,,,,,,,,,,,,,,,,,,,,,,,
2026-07-13T05:40:49.218,MONARCH,360.7,,,,340.52,344.88,,,15.68,15.74,55.84,,financials,finance & investments,28.33,-1.62,0.05,0.06,0.01,0.04,0.64,3.16,3.39,,,2026-07-13,6.22,-1.91,364.0,2.3,335.0,0.83,8.81,,,,,,,,,,,,,,,,,,,,,,,,,,,,,,
2026-07-12T22:58:49.603,MUNJALAU,101.33,,,,95.04,109.14,,,-844.42,25.21,63.37,,auto,auto ancillaries,33.45,-2.52,0.2,0.03,0.06,-0.06,7.42,12.53,5.09,,,2026-07-12,12.64,-4.68,114.99,10.2,92.64,-3.82,9.23,,,,,,,,,,,,,,,,,,,,,,,,,,,,,,
2026-07-12T22:58:49.603,MBAPL,131.25,,,,111.77,125.53,,,4.81,7.66,65.86,,chemicals,fertilizers,20.76,-4.79,0.29,0.33,0.24,0.26,6.16,11.5,4.25,,,2026-07-12,12.43,-7.5,133.4,11.5,106.41,-6.34,5.81,,,,,,,,,,,,,,,,,,,,,,,,,,,,,,
2026-07-12T22:58:49.603,AEROFLEX,413.55,,,,485.19,491.81,,,76.02,96.4,60.71,,metals & mining,steel - medium / small,34.78,-3.67,1.27,1.76,1.14,1.67,0.68,8.51,5.83,,,2026-07-12,3.99,-18.91,508.0,4.51,467.4,-4.84,21.26,,,,,,,,,,,,,,,,,,,,,,,,,,,,,,
2026-07-12T22:58:49.603,SPARC,264.6,,,,232.18,242.82,,,1.21,5.53,63.8,,healthcare,miscellaneous,39.21,1.61,0.64,0.71,0.6,0.69,2.29,7.93,4.94,,,2026-07-12,21.68,-0.83,289.0,0.67,235.91,-2.09,22.56,,,,,,,,,,,,,,,,,,,,,,,,,,,,,,
2026-07-12T22:58:49.603,RPGLIFE,2856.9,,,,2250.96,2454.24,,,39.5,41.02,62.39,,healthcare,pharmaceuticals - indian - bulk drugs & formln,25.04,2.4,-0.07,-0.01,-0.11,-0.03,4.52,6.94,3.28,,,2026-07-12,22.8,-0.02,2889.0,2.07,2305.0,-2.4,6.07,,,,,,,,,,,,,,,,,,,,,,,,,,,,,,
2026-07-12T22:58:49.603,IDEA,14.19,,,,14.4,14.88,,,0.61,4.48,59.07,,telecom-service,telecommunications - service provider,28.95,-0.37,0.13,0.62,0.11,0.6,1.64,5.86,3.34,,,2026-07-12,0.75,-6.01,14.85,2.02,14.35,-2.34,8.94,,,,,,,,,,,,,,,,,,,,,,,,,,,,,,
2026-07-12T22:58:49.603,EDELWEISS,120.14,,,,121.75,129.13,,,115.52,16.64,60.23,,financials,finance & investments,22.89,-1.19,0.07,0.1,0.02,0.07,3.03,5.11,4.24,,,2026-07-12,1.47,-7.41,127.35,4.27,120.3,-3.73,11.09,,,,,,,,,,,,,,,,,,,,,,,,,,,,,,
2026-07-12T22:58:49.603,ADANIGREEN,1536.6,,,,1497.94,1572.06,,,164.87,159.23,60.45,,power & utilities,power generation and supply,35.1,-1.04,0.41,0.41,0.34,0.37,2.47,4.47,3.11,,,2026-07-12,3.52,-3.5,1589.1,3.55,1482.4,-3.33,7.89,,,,,,,,,,,,,,,,,,,,,,,,,,,,,,
2026-07-12T22:58:49.603,ADANIPORTS,1828.1,,,,1789.46,1906.94,,,914.05,31.4,59.34,,transportation,miscellaneous,16.02,1.45,0.17,0.24,0.11,0.22,3.28,4.39,2.35,,,2026-07-12,2.32,-3.52,1891.1,1.81,1815.4,-1.44,2.6,,,,,,,,,,,,,,,,,,,,,,,,,,,,,,
2026-07-12T22:58:49.603,EQUITASBNK,82.24,,,,76.69,77.49,,,11.05,91.38,59.79,,bank,banks - private sector,25.13,-1.48,0.16,0.34,0.11,0.31,0.52,4.39,3.34,,,2026-07-12,7.67,-2.19,83.0,2.04,75.55,-2.77,10.64,,,,,,,,,,,,,,,,,,,,,,,,,,,,,,
2026-07-12T22:58:49.603,VTL,636.15,,,,635.52,656.88,,,24.5,24.29,58.01,,textiles,textiles - cotton/blended,11.03,-0.81,0.34,0.57,0.3,0.54,1.68,3.56,3.23,,,2026-07-12,6.47,-4.05,688.0,2.51,630.4,0.33,6.17,,,,,,,,,,,,,,,,,,,,,,,,,,,,,,
2026-07-12T22:58:49.603,ASIANPAINT,2677.8,,,,2667.26,2765.54,,,133.62,59.34,57.71,,building materials,paints / varnishes,27.84,-1.62,-0.1,0.12,-0.12,0.09,1.84,3.52,2.14,,,2026-07-12,1.69,-2.32,2762.4,3.52,2624.0,-2.96,3.44,,,,,,,,,,,,,,,,,,,,,,,,,,,,,,
2026-07-12T22:58:49.603,MONARCH,360.7,,,,340.52,344.88,,,15.68,15.74,55.84,,financials,finance & investments,28.33,-1.62,0.05,0.06,0.01,0.04,0.64,3.16,3.39,,,2026-07-12,6.22,-1.91,364.0,2.3,335.0,0.83,8.81,,,,,,,,,,,,,,,,,,,,,,,,,,,,,,
2026-07-11T23:04:56.679,MUNJALAU,101.33,,,,95.04,109.14,,,-844.42,25.21,63.37,,auto,auto ancillaries,33.45,-2.52,0.2,0.03,0.06,-0.06,7.42,12.53,5.09,,,2026-07-11,12.64,-4.68,114.99,10.2,92.64,-3.82,9.23,,,,,,,,,,,,,,,,,,,,,,,,,,,,,,
2026-07-11T23:04:56.679,MBAPL,131.25,,,,558.83,627.67,,,4.81,7.66,65.86,,chemicals,fertilizers,20.76,-4.79,0.29,0.33,0.24,0.26,6.16,11.5,4.25,,,2026-07-11,2.98,-81.5,610.9,11.5,532.05,-6.34,5.81,,,,,,,,,,,,,,,,,,,,,,,,,,,,,,
2026-07-11T23:04:56.679,AEROFLEX,413.55,,,,485.19,491.81,,,76.02,96.4,60.71,,metals & mining,steel - medium / small,34.78,-3.67,1.27,1.76,1.14,1.67,0.68,8.51,5.83,,,2026-07-11,3.99,-18.91,508.0,4.51,467.4,-4.84,21.26,,,,,,,,,,,,,,,,,,,,,,,,,,,,,,
2026-07-11T23:04:56.679,SPARC,264.6,,,,232.18,242.82,,,1.22,5.53,63.8,,healthcare,miscellaneous,39.21,1.61,0.64,0.71,0.6,0.69,2.29,7.93,4.94,,,2026-07-11,21.68,-0.83,289.0,0.67,235.91,-2.09,22.56,,,,,,,,,,,,,,,,,,,,,,,,,,,,,,
2026-07-11T23:04:56.679,RPGLIFE,2856.9,,,,2250.96,2454.24,,,39.5,41.02,62.39,,healthcare,pharmaceuticals - indian - bulk drugs & formln,25.04,2.4,-0.07,-0.01,-0.11,-0.03,4.52,6.94,3.28,,,2026-07-11,22.8,-0.02,2889.0,2.07,2305.0,-2.4,6.07,,,,,,,,,,,,,,,,,,,,,,,,,,,,,,
2026-07-11T23:04:56.679,IDEA,14.19,,,,14.4,14.88,,,0.74,4.48,59.07,,telecom-service,telecommunications - service provider,28.95,-0.37,0.13,0.62,0.11,0.6,1.64,5.86,3.34,,,2026-07-11,0.75,-6.01,14.85,2.02,14.35,-2.34,8.94,,,,,,,,,,,,,,,,,,,,,,,,,,,,,,
2026-07-11T23:04:56.679,EDELWEISS,120.14,,,,121.75,129.13,,,21.45,16.64,60.23,,financials,finance & investments,22.89,-1.19,0.07,0.1,0.02,0.07,3.03,5.11,4.24,,,2026-07-11,1.47,-7.41,127.35,4.27,120.3,-3.73,11.09,,,,,,,,,,,,,,,,,,,,,,,,,,,,,,
2026-07-11T23:04:56.679,ADANIGREEN,1536.6,,,,1497.94,1572.06,,,164.87,159.23,60.45,,power & utilities,power generation and supply,35.1,-1.04,0.41,0.41,0.34,0.37,2.47,4.47,3.11,,,2026-07-11,3.52,-3.5,1589.1,3.55,1482.4,-3.33,7.89,,,,,,,,,,,,,,,,,,,,,,,,,,,,,,
2026-07-11T23:04:56.679,ADANIPORTS,1828.1,,,,1789.46,1906.94,,,31.63,31.4,59.34,,transportation,miscellaneous,16.02,1.45,0.17,0.24,0.11,0.22,3.28,4.39,2.35,,,2026-07-11,2.32,-3.52,1891.1,1.81,1815.4,-1.44,2.6,,,,,,,,,,,,,,,,,,,,,,,,,,,,,,
2026-07-11T23:04:56.679,EQUITASBNK,82.24,,,,76.69,77.49,,,11.05,91.38,59.79,,bank,banks - private sector,25.13,-1.48,0.16,0.34,0.11,0.31,0.52,4.39,3.34,,,2026-07-11,7.67,-2.19,83.0,2.04,75.55,-2.77,10.64,,,,,,,,,,,,,,,,,,,,,,,,,,,,,,
2026-07-11T23:04:56.679,VTL,636.15,,,,635.52,656.88,,,24.5,24.29,58.01,,textiles,textiles - cotton/blended,11.03,-0.81,0.34,0.57,0.3,0.54,1.68,3.56,3.23,,,2026-07-11,6.47,-4.05,688.0,2.51,630.4,0.33,6.17,,,,,,,,,,,,,,,,,,,,,,,,,,,,,,
2026-07-11T23:04:56.679,ASIANPAINT,2677.8,,,,2667.26,2765.54,,,54.74,59.34,57.71,,building materials,paints / varnishes,27.84,-1.62,-0.1,0.12,-0.12,0.09,1.84,3.52,2.14,,,2026-07-11,1.69,-2.32,2762.4,3.52,2624.0,-2.96,3.44,,,,,,,,,,,,,,,,,,,,,,,,,,,,,,
2026-07-11T23:04:56.679,MONARCH,360.7,,,,340.52,344.88,,,15.68,15.74,55.84,,financials,finance & investments,28.33,-1.62,0.05,0.06,0.01,0.04,0.64,3.16,3.39,,,2026-07-11,6.22,-1.91,364.0,2.3,335.0,0.83,8.81,,,,,,,,,,,,,,,,,,,,,,,,,,,,,,
2026-07-10T22:58:06.532,MUNJALAU,101.33,,,,95.04,109.14,,,-844.42,25.04,63.37,,auto,auto ancillaries,33.45,-2.52,0.2,0.03,0.06,-0.06,7.42,12.53,5.09,,,2026-07-10,12.64,-4.68,114.99,10.2,92.64,-3.82,9.23,,,,,,,,,,,,,,,,,,,,,,,,,,,,,,
2026-07-10T22:58:06.532,MBAPL,131.25,,,,558.83,627.67,,,4.81,7.58,65.86,,chemicals,fertilizers,20.76,-4.79,0.29,0.33,0.24,0.26,6.16,11.5,4.25,,,2026-07-10,2.98,-81.5,610.9,11.5,532.05,-6.34,5.81,,,,,,,,,,,,,,,,,,,,,,,,,,,,,,
2026-07-10T22:58:06.532,AEROFLEX,413.55,,,,485.19,491.81,,,76.02,94.46,60.71,,metals & mining,steel - medium / small,34.78,-3.67,1.27,1.76,1.14,1.67,0.68,8.51,5.83,,,2026-07-10,3.99,-18.91,508.0,4.51,467.4,-4.84,21.26,,,,,,,,,,,,,,,,,,,,,,,,,,,,,,
2026-07-10T22:58:06.532,SPARC,264.6,,,,232.18,242.82,,,1.22,5.8,63.8,,healthcare,miscellaneous,39.21,1.61,0.64,0.71,0.6,0.69,2.29,7.93,4.94,,,2026-07-10,21.68,-0.83,289.0,0.67,235.91,-2.09,22.56,,,,,,,,,,,,,,,,,,,,,,,,,,,,,,
2026-07-10T22:58:06.532,RPGLIFE,2856.9,,,,2250.96,2454.24,,,39.5,38.15,62.39,,healthcare,pharmaceuticals - indian - bulk drugs & formln,25.04,2.4,-0.07,-0.01,-0.11,-0.03,4.52,6.94,3.28,,,2026-07-10,22.8,-0.02,2889.0,2.07,2305.0,-2.4,6.07,,,,,,,,,,,,,,,,,,,,,,,,,,,,,,
2026-07-10T22:58:06.532,IDEA,14.19,,,,14.4,14.88,,,0.74,4.43,59.07,,telecom-service,telecommunications - service provider,28.95,-0.37,0.13,0.62,0.11,0.6,1.64,5.86,3.34,,,2026-07-10,0.75,-6.01,14.85,2.02,14.35,-2.34,8.94,,,,,,,,,,,,,,,,,,,,,,,,,,,,,,
2026-07-10T22:58:06.532,EDELWEISS,120.14,,,,121.75,129.13,,,21.45,16.34,60.23,,financials,finance & investments,22.89,-1.19,0.07,0.1,0.02,0.07,3.03,5.11,4.24,,,2026-07-10,1.47,-7.41,127.35,4.27,120.3,-3.73,11.09,,,,,,,,,,,,,,,,,,,,,,,,,,,,,,
2026-07-10T22:58:06.532,ADANIGREEN,1536.6,,,,1497.94,1572.06,,,164.87,154.05,60.45,,power & utilities,power generation and supply,35.1,-1.04,0.41,0.41,0.34,0.37,2.47,4.47,3.11,,,2026-07-10,3.52,-3.5,1589.1,3.55,1482.4,-3.33,7.89,,,,,,,,,,,,,,,,,,,,,,,,,,,,,,
2026-07-10T22:58:06.532,ADANIPORTS,1828.1,,,,1789.46,1906.94,,,31.63,30.92,59.34,,transportation,miscellaneous,16.02,1.45,0.17,0.24,0.11,0.22,3.28,4.39,2.35,,,2026-07-10,2.32,-3.52,1891.1,1.81,1815.4,-1.44,2.6,,,,,,,,,,,,,,,,,,,,,,,,,,,,,,
2026-07-10T22:58:06.532,EQUITASBNK,82.24,,,,76.69,77.49,,,11.05,86.86,59.79,,bank,banks - private sector,25.13,-1.48,0.16,0.34,0.11,0.31,0.52,4.39,3.34,,,2026-07-10,7.67,-2.19,83.0,2.04,75.55,-2.77,10.64,,,,,,,,,,,,,,,,,,,,,,,,,,,,,,
2026-07-10T22:58:06.532,VTL,636.15,,,,635.52,656.88,,,24.5,24.18,58.01,,textiles,textiles - cotton/blended,11.03,-0.81,0.34,0.57,0.3,0.54,1.68,3.56,3.23,,,2026-07-10,6.47,-4.05,688.0,2.51,630.4,0.33,6.17,,,,,,,,,,,,,,,,,,,,,,,,,,,,,,
2026-07-10T22:58:06.532,ASIANPAINT,2677.8,,,,2667.26,2765.54,,,54.74,59.25,57.71,,building materials,paints / varnishes,27.84,-1.62,-0.1,0.12,-0.12,0.09,1.84,3.52,2.14,,,2026-07-10,1.69,-2.32,2762.4,3.52,2624.0,-2.96,3.44,,,,,,,,,,,,,,,,,,,,,,,,,,,,,,
2026-07-10T22:58:06.532,MONARCH,360.7,,,,340.52,344.88,,,15.68,15.33,55.84,,financials,finance & investments,28.33,-1.62,0.05,0.06,0.01,0.04,0.64,3.16,3.39,,,2026-07-10,6.22,-1.91,364.0,2.3,335.0,0.83,8.81,,,,,,,,,,,,,,,,,,,,,,,,,,,,,,
2026-07-09T10:40:03.63,PGEL,577.35,2.6,,548.27,569.18,593.68,,,63.58,81.43,,,consumer discretionary,electronics - components,,-0.99,-0.15,-0.04,-0.18,-0.07,3.45,3.45,3.36,,,2026-07-09,,,,,,,,,,,,,585.55,566.0,4.92,4.92,62.73,19.39,3.46,3.46,3.24,41.21,16054.88,-0.39,-1.07,3.63,58.54,161449118,285318658,,,,,,,,
2026-07-09T10:40:03.63,M&MFIN,335.4,1.13,,318.61,322.22,361.76,,,12.42,15.94,,,financials,finance & investments,,3.11,-0.18,0.08,-0.21,0.07,1.72,3.57,3.35,,,2026-07-09,,,,,,,,,,,,,336.2,330.5,3.81,3.81,26.41,11.25,3.54,3.54,2.35,15.04,46098.39,0.26,-1.34,2.55,43.55,660388561,1389971160,,,,,,,,
2026-07-09T10:40:03.63,SAMMAANCAP,165.02,1.15,,155.43,167.39,160.27,,,-0.42,-1.87,,,financials,finance - housing,,-4.14,0.02,-0.09,-0.02,-0.1,1.34,1.58,3.72,,,2026-07-09,,,,,,,,,,,,,166.1,163.91,2.24,2.24,1.07,6.14,3.42,3.42,0.17,17.71,18951.71,1.61,0.74,0.18,18.08,1161683871,1161683871,,,,,,,,
2026-07-09T10:40:03.63,CHENNPETRO,1115.6,0.51,,1052.23,1090.45,1165.9,,,2.92,5.33,,,energy,refineries,,-1.39,0.27,0.38,0.25,0.38,1.39,3.3,3.33,,,2026-07-09,,,,,,,,,,,,,1125.5,1110.1,3.63,3.63,13.36,37.14,3.58,3.58,0.36,11.5,16527.68,1.72,1.67,0.36,14.81,48713300,148911400,,,,,,,,
2026-07-09T10:40:03.63,JINDRILL,648.45,7.89,,610.79,531.57,882.21,,,10.35,8.27,,,energy,oil drilling / allied services,,3.34,0.11,0.13,0.04,0.05,7.75,21.28,4.15,,,2026-07-09,,,,,,,,,,,,,659.4,612.0,21.01,21.01,60.53,26.88,3.27,3.27,2.25,264.6,1741.91,1.8,-0.87,2.48,135.6,9628143,28981104,,,,,,,,
2026-07-09T10:40:03.63,LTF,317.2,0.92,,302.3,318.78,314.04,,,24.63,26.37,,,financials,finance & investments,,0.46,-0.09,0.14,-0.1,0.14,3.15,2.59,3.4,,,2026-07-09,,,,,,,,,,,,,318.95,309.2,3.15,3.15,28.92,10.79,3.13,3.13,2.68,45.34,78712.85,2.0,0.76,2.95,74.16,851855891,2504386016,,,,,,,,
2026-07-09T10:40:03.63,LALPATHLAB,1680.4,1.63,,1596.93,1645.8,1749.6,,,53.45,35.02,,,healthcare,healthcare,,-0.28,0.05,0.04,0.01,0.02,2.4,2.72,3.25,,,2026-07-09,,,,,,,,,,,,,1696.5,1656.8,3.7,3.7,72.74,54.57,3.53,3.53,1.33,8.44,27705.22,2.3,1.67,1.39,43.25,78392750,167555020,,,,,,,,
2026-07-09T10:40:03.63,DELHIVERY,517.45,3.12,,494.58,500.57,551.21,,,133.36,245.98,,,transportation,miscellaneous,,1.76,0.15,0.05,0.11,0.02,2.77,3.91,3.19,,,2026-07-09,,,,,,,,,,,,,519.0,505.0,4.22,4.22,51.55,16.49,3.15,3.15,3.13,50.53,37565.15,2.83,0.53,3.47,75.48,748608108,748608108,,,,,,,,
2026-07-09T10:40:03.63,IIFL,544.75,5.2,,514.53,511.49,611.28,,,9.87,13.25,,,financials,finance & investments,,0.27,-0.25,0.05,-0.27,0.0,5.5,6.19,3.77,,,2026-07-09,,,,,,,,,,,,,546.3,517.8,6.49,6.49,54.27,20.53,3.67,3.67,2.64,53.97,22021.49,4.23,1.85,2.94,131.28,319614908,425289575,,,,,,,,
2026-07-09T10:40:03.63,REDINGTON,272.2,1.34,,256.99,281.35,253.91,,,13.58,14.09,,,services,trading,,-5.31,-0.12,-0.02,-0.12,-0.03,2.63,2.12,3.77,,,2026-07-09,,,,,,,,,,,,,275.5,268.45,3.36,3.36,30.44,10.26,3.99,3.99,2.97,10.11,20998.46,4.36,3.38,3.34,36.55,781774431,781774431,,,,,,,,
2026-07-09T10:40:03.63,ACUTAAS,3417.0,-1.09,,3203.43,3480.74,3289.52,,,53.09,79.4,,,healthcare,pharmaceuticals - indian - bulk drugs,,-1.43,0.79,0.85,0.79,0.87,2.66,2.06,4.43,,,2026-07-09,,,,,,,,,,,,,3486.0,3395.7,2.76,2.76,345.64,151.48,4.44,4.44,2.28,37.33,28282.38,6.88,6.75,2.54,14.06,55129706,81871122,,,,,,,,
2026-07-09T10:40:03.63,RAYMONDREL,698.8,4.98,,645.0,651.49,793.41,,,7.29,14.62,,,realty,construction,,2.4,0.25,0.09,0.17,0.04,4.86,6.82,5.54,,,2026-07-09,,,,,,,,,,,,,704.0,671.35,7.61,7.61,107.94,38.74,5.41,5.41,2.79,28.2,4431.48,7.42,5.1,3.3,70.85,32814131,66573731,,,,,,,,
2026-07-09T10:40:03.63,RAIN,203.61,2.46,,189.61,184.45,241.92,,,14.1,22.18,,,miscellaneous,miscellaneous,,7.53,0.22,0.54,0.24,0.51,2.61,4.74,4.45,,,2026-07-09,,,,,,,,,,,,,204.7,199.5,4.2,4.2,28.34,9.05,4.9,4.9,3.13,27.0,6683.86,8.07,7.48,3.64,45.41,197273326,336345679,,,,,,,,
2026-07-08T22:33:42.599,MUNJALAU,100.55,,,,95.04,109.14,,12.75,-837.92,25.86,48.25,,auto,auto ancillaries,33.45,-5.44,0.2,0.03,0.2,-0.06,7.42,12.53,5.09,,,2026-07-08,,,,10.2,92.64,-8.91,,,12.64,-4.68,114.99,9.23,,,,,,,,,,,,,,,,,,,,,,,,,
2026-07-08T22:33:42.599,MBAPL,118.05,,,,558.83,627.67,,2.42,4.33,6.58,54.24,,chemicals,fertilizers,20.76,0.06,0.29,0.33,0.29,0.26,6.16,11.5,4.25,,,2026-07-08,,,,11.5,532.05,-10.58,,,2.98,-81.5,610.9,5.81,,,,,,,,,,,,,,,,,,,,,,,,,
2026-07-08T22:33:42.599,AEROFLEX,400.95,,,,485.19,491.81,,0.65,73.7,96.39,56.68,,metals & mining,steel - medium / small,34.78,-6.78,1.27,1.76,1.27,1.67,0.68,8.51,5.83,,,2026-07-08,,,,4.51,467.4,-10.68,,,3.99,-18.91,508.0,21.26,,,,,,,,,,,,,,,,,,,,,,,,,
2026-07-08T22:33:42.599,SPARC,269.98,,,,232.18,242.82,,0.22,1.24,5.57,60.72,,healthcare,miscellaneous,39.21,-4.67,0.64,0.71,0.64,0.69,2.29,7.93,4.94,,,2026-07-08,,,,0.67,235.91,-7.03,,,21.68,-0.83,289.0,22.56,,,,,,,,,,,,,,,,,,,,,,,,,
2026-07-08T22:33:42.599,RPGLIFE,2452.3,,,,2250.96,2454.24,,0.32,33.91,35.04,54.61,,healthcare,pharmaceuticals - indian - bulk drugs & formln,25.04,-1.13,-0.07,-0.01,-0.07,-0.03,4.52,6.94,3.28,,,2026-07-08,,,,2.07,2305.0,-5.67,,,9.46,-0.02,2575.2,6.07,,,,,,,,,,,,,,,,,,,,,,,,,
2026-07-08T22:33:42.599,IDEA,13.93,,,,14.4,14.88,,0.59,0.73,4.37,56.21,,telecom-service,telecommunications - service provider,28.95,-4.82,0.13,0.62,0.13,0.6,1.64,5.86,3.34,,,2026-07-08,,,,2.02,14.35,-5.68,,,0.75,-6.01,14.85,8.94,,,,,,,,,,,,,,,,,,,,,,,,,
2026-07-08T22:33:42.599,EDELWEISS,117.22,,,,121.75,129.13,,0.76,20.93,16.96,54.55,,financials,finance & investments,22.89,-0.49,0.07,0.1,0.07,0.07,3.03,5.11,4.24,,,2026-07-08,,,,4.27,120.3,-7.97,,,1.47,-7.41,127.35,11.09,,,,,,,,,,,,,,,,,,,,,,,,,
2026-07-08T22:33:42.599,ADANIGREEN,1504.6,,,,1497.94,1572.06,,0.61,161.44,157.41,56.81,,power & utilities,power generation and supply,35.1,-1.86,0.41,0.41,0.41,0.37,2.47,4.47,3.11,,,2026-07-08,,,,3.55,1482.4,-6.45,,,3.52,-2.7,1589.1,7.89,,,,,,,,,,,,,,,,,,,,,,,,,
2026-07-08T22:33:42.599,ADANIPORTS,1791.7,,,,1789.46,1906.94,,1.47,31.0,31.5,47.56,,transportation,miscellaneous,16.02,-1.35,0.17,0.24,0.17,0.22,3.28,4.39,2.35,,,2026-07-08,,,,1.81,1815.4,-3.8,,,2.32,-3.52,1891.1,2.6,,,,,,,,,,,,,,,,,,,,,,,,,
2026-07-08T22:33:42.599,EQUITASBNK,76.82,,,,76.69,77.49,,0.41,10.33,88.04,52.62,,bank,banks - private sector,25.13,-3.59,0.16,0.34,0.16,0.31,0.52,4.39,3.34,,,2026-07-08,,,,2.04,75.55,-6.11,,,3.32,-2.19,79.65,10.64,,,,,,,,,,,,,,,,,,,,,,,,,
2026-07-08T22:33:42.599,VTL,623.95,,,,635.52,656.88,,0.55,24.04,24.63,53.08,,textiles,textiles - cotton/blended,11.03,-1.74,0.34,0.57,0.34,0.54,1.68,3.56,3.23,,,2026-07-08,,,,2.51,630.4,-2.9,,,6.47,-4.05,688.0,6.17,,,,,,,,,,,,,,,,,,,,,,,,,
2026-07-08T22:33:42.599,ASIANPAINT,2665.9,,,,2667.26,2765.54,,0.84,54.5,60.52,49.2,,building materials,paints / varnishes,27.84,-2.08,-0.1,0.12,-0.1,0.09,1.84,3.52,2.14,,,2026-07-08,,,,3.52,2624.0,-5.1,,,1.69,-2.32,2762.4,3.44,,,,,,,,,,,,,,,,,,,,,,,,,
2026-07-08T22:33:42.599,MONARCH,345.5,,,,340.52,344.88,,0.42,15.02,15.18,52.79,,financials,finance & investments,28.33,-2.96,0.05,0.06,0.05,0.04,0.64,3.16,3.39,,,2026-07-08,,,,2.3,335.0,-2.56,,,5.34,-1.91,361.0,8.81,,,,,,,,,,,,,,,,,,,,,,,,,
2026-07-02T18:44:04.455,FORCEMOT,19367.0,5.7,,18205.83,17697.09,22706.82,,,22.91,19.93,,,auto,automobiles - lcvs / hcvs,,4.05,-0.1,0.13,-0.12,0.07,6.14,9.23,3.9,,,2026-07-02,,,,,,,,,,,,,19530.0,18400.0,7.2,7.2,125.04,755.26,3.84,3.84,0.17,295.3,24142.86,-3.96,-5.87,0.17,128.03,5055915,13176262,,,,,,,,
2026-07-02T18:44:04.455,PGEL,561.1,1.87,,532.89,551.64,580.02,,,61.8,79.71,,,consumer discretionary,electronics - components,,-1.97,-0.08,-0.05,-0.12,-0.06,2.15,5.75,3.04,,,2026-07-02,,,,,,,,,,,,,565.95,554.05,6.06,6.06,47.66,17.04,3.48,3.48,2.8,57.75,15715.35,-1.05,-1.84,3.06,41.37,161449118,285318658,,,,,,,,
2026-07-02T18:44:04.455,M&MFIN,318.0,0.9,,301.41,301.1,351.81,,,11.78,15.15,,,financials,finance & investments,,6.55,-0.28,0.07,-0.25,0.06,1.96,2.25,3.57,,,2026-07-02,,,,,,,,,,,,,320.3,314.15,2.66,2.66,12.0,11.36,3.41,3.41,1.06,86.08,43804.94,-0.33,-2.62,1.1,33.89,660388561,1389971160,,,,,,,,
2026-07-02T18:44:04.455,CHENNPETRO,1134.1,0.01,,1065.97,1117.88,1166.53,,,2.97,5.44,,,energy,refineries,,0.21,0.31,0.43,0.28,0.43,2.27,0.36,3.65,,,2026-07-02,,,,,,,,,,,,,1155.7,1130.0,2.27,2.27,39.11,41.43,4.11,4.11,0.94,22.91,16886.55,2.27,2.25,0.98,9.9,48713300,148911400,,,,,,,,
2026-07-02T18:44:04.455,DELHIVERY,509.3,0.32,,486.51,467.6,592.69,,,131.26,248.87,,,transportation,miscellaneous,,3.04,0.17,0.05,0.15,0.05,2.64,9.87,3.41,,,2026-07-02,,,,,,,,,,,,,513.4,500.2,9.12,9.12,48.76,17.34,3.05,3.05,2.81,336.04,38006.83,2.32,-0.16,3.11,52.47,748608108,748608108,,,,,,,,
2026-07-02T18:44:04.455,JBMA,712.3,1.37,,674.52,699.76,737.38,,,56.71,75.89,,,auto,auto ancillaries,,0.2,0.04,0.08,0.06,0.07,1.92,4.6,3.2,,,2026-07-02,,,,,,,,,,,,,716.0,702.5,2.3,2.3,53.06,22.78,3.48,3.48,2.33,34.17,16618.45,2.69,2.07,2.52,43.02,76785978,236494264,,,,,,,,
2026-07-02T18:44:04.455,BHARATFORG,2148.9,1.9,,2052.29,2108.64,2229.43,,,110.54,93.39,,,industrials,castings & forgings,,0.62,0.36,0.7,0.33,0.67,2.65,4.51,3.31,,,2026-07-02,,,,,,,,,,,,,2153.7,2098.2,3.13,3.13,187.32,71.23,3.14,3.14,2.63,54.14,100819.33,3.74,2.76,2.88,71.18,267385008,478088632,,,,,,,,
2026-07-02T18:44:04.455,NAM-INDIA,1213.2,1.4,,1156.89,1158.27,1323.06,,,50.22,49.77,,,financials,finance & investments,,1.09,0.3,0.33,0.26,0.32,3.52,5.0,2.97,,,2026-07-02,,,,,,,,,,,,,1233.5,1191.5,6.67,6.67,118.36,36.09,3.41,3.41,3.28,66.94,76344.2,3.87,3.81,3.63,60.13,179087901,638115996,,,,,,,,
2026-07-02T18:44:04.455,MANAPPURAM,323.1,2.04,,307.86,312.93,343.44,,,16.93,26.99,,,financials,finance & investments,,1.51,-0.04,0.1,-0.07,0.08,2.94,3.23,3.14,,,2026-07-02,,,,,,,,,,,,,326.0,316.7,3.49,3.49,12.75,10.14,3.07,3.07,1.26,55.52,29744.08,3.87,3.06,1.31,63.11,640935088,939336102,,,,,,,,
2026-07-02T18:44:04.455,DATAPATTNS,4656.7,2.72,,4339.13,4654.48,4661.14,,,47.11,93.53,,,aerospace & defence,electronics - components,,-3.9,0.66,0.63,0.56,0.59,4.49,5.07,4.2,,,2026-07-02,,,,,,,,,,,,,4712.4,4510.1,4.84,4.84,441.35,195.76,5.26,5.26,2.25,60.15,25380.33,4.41,4.35,2.49,74.89,32241586,55983969,,,,,,,,
2026-07-02T18:44:04.455,GRANULES,825.7,1.76,,787.95,769.79,937.51,,,25.08,33.2,,,healthcare,pharmaceuticals - indian - bulk drugs & formln,,6.19,0.27,0.4,0.23,0.38,3.05,4.16,3.17,,,2026-07-02,,,,,,,,,,,,,829.0,804.5,3.05,3.05,73.61,26.21,3.29,3.29,2.81,91.67,20106.24,5.42,4.65,3.08,80.87,153593396,247796921,,,,,,,,
2026-07-02T18:44:04.455,TEJASNET,602.4,-0.77,,558.94,618.03,571.14,,,-12.66,-11.82,,,telecom,telecommunications - equipment,,-2.08,0.23,-0.01,0.22,0.0,2.72,0.82,4.42,,,2026-07-02,,,,,,,,,,,,,613.75,597.5,2.72,2.72,86.97,26.65,5.42,5.42,3.26,22.88,10790.71,5.99,4.63,3.81,18.39,82836176,177741862,,,,,,,,
2026-07-02T18:44:04.455,SHAILY,2940.4,2.48,,2739.51,2755.89,3309.42,,,84.11,77.61,,,plastic products,plastics products,,2.27,0.2,0.22,0.17,0.19,3.09,3.72,3.89,,,2026-07-02,,,,,,,,,,,,,2952.0,2863.6,4.13,4.13,189.36,114.29,4.43,4.43,1.66,44.97,13185.44,6.43,3.53,1.77,67.2,26012493,45955093,,,,,,,,
2026-07-01T07:07:42.562,M&MFIN,315.8,0.13,,298.35,292.65,362.09,,,11.7,15.18,,,financials,finance & investments,,7.92,-0.26,0.08,-0.26,0.08,3.42,3.03,4.11,,,2026-07-01,,,,,,,,,,,,,321.65,311.0,4.94,4.94,10.4,12.97,3.51,3.51,0.8,73.63,43895.29,0.25,-3.02,0.83,37.0,660388561,1389971160,,,,,,,,
2026-07-01T07:07:42.562,ANANDRATHI,1976.7,-0.6,,1894.32,1855.93,2218.24,,,39.66,41.29,,,financials,finance & investments,,4.91,0.2,0.29,0.19,0.3,3.87,6.96,3.32,,,2026-07-01,,,,,,,,,,,,,2032.7,1957.0,7.19,7.19,172.06,65.59,3.07,3.07,2.62,79.34,32821.38,2.3,2.09,2.87,30.03,97346110,166041268,,,,,,,,
2026-07-01T07:07:42.562,NAZARA,303.1,-0.21,,288.32,293.75,321.81,,,59.67,35.87,,,i.t,telecommunications - service provider,,3.96,0.18,0.11,0.16,0.11,3.12,4.77,3.12,,,2026-07-01,,,,,,,,,,,,,310.45,301.05,3.14,3.14,22.0,9.46,3.22,3.22,2.33,118.87,11228.79,2.56,1.83,2.51,21.67,239108224,370465024,,,,,,,,
2026-07-01T07:07:42.562,CHENNPETRO,1156.3,0.22,,1085.96,1128.43,1212.05,,,3.03,5.55,,,energy,refineries,,-3.59,0.29,0.39,0.24,0.39,2.72,5.02,3.82,,,2026-07-01,,,,,,,,,,,,,1172.0,1141.0,6.36,6.36,65.68,44.14,4.5,4.5,1.49,40.98,17218.63,3.53,2.32,1.58,34.66,48713300,148911400,,,,,,,,
2026-07-01T07:07:42.562,BHARATFORG,2144.1,-1.23,,2048.02,2076.04,2280.22,,,110.29,94.96,,,industrials,castings & forgings,,3.17,0.37,0.7,0.37,0.72,5.35,4.28,3.39,,,2026-07-01,,,,,,,,,,,,,2166.1,2056.1,5.35,5.35,193.14,72.73,3.09,3.09,2.66,149.93,102506.98,4.07,2.58,2.92,120.99,267385008,478088632,,,,,,,,
2026-07-01T07:07:42.562,JSWINFRA,322.15,0.33,,305.77,313.32,339.81,,,40.07,44.01,,,transportation,miscellaneous,,4.83,0.04,0.01,0.02,0.01,3.14,1.27,3.79,,,2026-07-01,,,,,,,,,,,,,328.7,318.7,3.33,3.33,38.61,12.21,3.65,3.65,3.16,118.41,67651.55,4.18,2.51,3.59,28.25,344081064,2100001567,,,,,,,,
2026-07-01T07:07:42.562,MANAPPURAM,324.2,2.77,,308.8,310.28,352.04,,,16.99,27.64,,,financials,finance & investments,,1.1,-0.05,0.1,-0.08,0.07,4.54,4.8,3.22,,,2026-07-01,,,,,,,,,,,,,327.2,313.0,5.14,5.14,15.88,10.43,3.17,3.17,1.52,68.47,30453.28,4.33,3.14,1.6,107.43,640935088,939336102,,,,,,,,
2026-07-01T07:07:42.562,NEULANDLAB,18579.0,2.71,,17687.93,17353.66,21029.67,,,28.02,65.49,,,healthcare,pharmaceuticals - indian - bulk drugs,,5.15,0.14,0.1,0.1,0.07,4.15,5.83,3.2,,,2026-07-01,,,,,,,,,,,,,18775.0,18027.0,4.63,4.63,1947.14,594.9,3.09,3.09,3.27,113.8,23836.65,5.12,5.09,3.66,92.79,8642905,12829889,,,,,,,,
2026-07-01T07:07:42.562,CRAFTSMAN,9460.0,0.77,,8980.87,9358.69,9662.62,,,45.61,53.83,,,auto,auto ancillaries,,-1.42,0.18,0.4,0.22,0.39,2.86,2.79,3.21,,,2026-07-01,,,,,,,,,,,,,9520.0,9255.0,3.44,3.44,817.01,304.06,3.4,3.4,2.69,54.51,24742.09,5.67,5.52,2.94,67.42,14536420,26154433,,,,,,,,
2026-07-01T07:07:42.562,SHAILY,2895.5,-0.05,,2687.59,2770.91,3144.69,,,82.82,78.32,,,plastic products,plastics products,,0.53,0.14,0.15,0.14,0.15,2.56,2.67,4.15,,,2026-07-01,,,,,,,,,,,,,2956.0,2882.1,4.73,4.73,186.04,120.26,4.68,4.68,1.55,30.47,13306.3,5.8,3.45,1.65,11.14,26012493,45955093,,,,,,,,
2026-07-01T07:07:42.562,GRANULES,813.25,2.32,,775.19,759.4,920.95,,,24.7,33.28,,,healthcare,pharmaceuticals - indian - bulk drugs & formln,,0.57,0.21,0.38,0.19,0.35,3.15,7.22,3.33,,,2026-07-01,,,,,,,,,,,,,817.7,792.75,7.58,7.58,67.5,27.09,3.22,3.22,2.49,104.53,20152.08,5.8,4.93,2.72,75.68,153593396,247796921,,,,,,,,
2026-07-01T07:07:42.562,TRITURBINE,689.75,0.34,,640.11,663.84,741.57,,,53.72,62.7,,,industrials,electric equipment,,-0.31,0.17,0.27,0.15,0.26,2.77,4.43,4.91,,,2026-07-01,,,,,,,,,,,,,699.0,680.15,5.83,5.83,52.79,33.89,4.66,4.66,1.56,16.98,21926.81,6.37,6.03,1.69,28.32,140388205,317894979,,,,,,,,
2026-07-01T07:07:42.562,MAHABANK,91.44,-2.57,,87.36,89.86,94.59,,,8.59,10.02,,,bank,banks - public sector,,-0.52,0.48,0.54,0.5,0.58,3.35,3.91,3.2,,,2026-07-01,,,,,,,,,,,,,93.65,90.61,6.42,6.42,9.35,2.93,3.2,3.2,3.2,83.29,70331.58,6.59,5.37,3.56,28.36,2030495320,7691554950,,,,,,,,
2026-06-30T22:23:31.486,M&MFIN,315.8,0.13,,298.35,292.65,362.09,,,11.7,15.16,,,financials,finance & investments,,7.92,-0.26,0.08,-0.26,0.08,3.42,3.03,4.11,,,2026-06-30,,,,,,,,,,,,,321.65,311.0,4.94,4.94,10.4,12.97,3.51,3.51,0.8,73.63,43839.69,0.25,-3.02,0.83,37.0,660388561,1389971160,,,,,,,,
2026-06-30T22:23:31.486,ANANDRATHI,1976.7,-0.6,,1894.32,1855.93,2218.24,,,39.66,41.54,,,financials,finance & investments,,4.91,0.2,0.29,0.19,0.3,3.87,6.96,3.32,,,2026-06-30,,,,,,,,,,,,,2032.7,1957.0,7.19,7.19,172.06,65.59,3.07,3.07,2.62,79.34,33020.63,2.3,2.09,2.87,30.03,97346110,166041268,,,,,,,,
2026-06-30T22:23:31.486,NAZARA,303.1,-0.21,,288.32,293.75,321.81,,,59.67,35.95,,,i.t,telecommunications - service provider,,3.96,0.18,0.11,0.16,0.11,3.12,4.77,3.12,,,2026-06-30,,,,,,,,,,,,,310.45,301.05,3.14,3.14,22.0,9.46,3.22,3.22,2.33,118.87,11252.88,2.56,1.83,2.51,21.67,239108224,370465024,,,,,,,,
2026-06-30T22:23:31.486,CHENNPETRO,1156.3,0.22,,1085.96,1128.43,1212.05,,,3.03,5.54,,,energy,refineries,,-3.59,0.29,0.39,0.24,0.39,2.72,5.02,3.82,,,2026-06-30,,,,,,,,,,,,,1172.0,1141.0,6.36,6.36,65.68,44.14,4.5,4.5,1.49,40.98,17181.4,3.53,2.32,1.58,34.66,48713300,148911400,,,,,,,,
2026-06-30T22:23:31.486,BHARATFORG,2144.1,-1.23,,2048.02,2076.04,2280.22,,,110.29,96.14,,,industrials,castings & forgings,,3.17,0.37,0.7,0.37,0.72,5.35,4.28,3.39,,,2026-06-30,,,,,,,,,,,,,2166.1,2056.1,5.35,5.35,193.14,72.73,3.09,3.09,2.66,149.93,103788.26,4.07,2.58,2.92,120.99,267385008,478088632,,,,,,,,
2026-06-30T22:23:31.486,JSWINFRA,322.15,0.33,,305.77,313.32,339.81,,,40.07,43.87,,,transportation,miscellaneous,,4.83,0.04,0.01,0.02,0.01,3.14,1.27,3.79,,,2026-06-30,,,,,,,,,,,,,328.7,318.7,3.33,3.33,38.61,12.21,3.65,3.65,3.16,118.41,67431.05,4.18,2.51,3.59,28.25,344081064,2100001567,,,,,,,,
2026-06-30T22:23:31.486,MANAPPURAM,324.2,2.77,,308.8,310.28,352.04,,,16.99,26.89,,,financials,finance & investments,,1.1,-0.05,0.1,-0.08,0.07,4.54,4.8,3.22,,,2026-06-30,,,,,,,,,,,,,327.2,313.0,5.14,5.14,15.88,10.43,3.17,3.17,1.52,68.47,29631.36,4.33,3.14,1.6,107.43,640935088,939336102,,,,,,,,
2026-06-30T22:23:31.486,NEULANDLAB,18579.0,2.71,,17687.93,17353.66,21029.67,,,28.02,63.76,,,healthcare,pharmaceuticals - indian - bulk drugs,,5.15,0.14,0.1,0.1,0.07,4.15,5.83,3.2,,,2026-06-30,,,,,,,,,,,,,18775.0,18027.0,4.63,4.63,1947.14,594.9,3.09,3.09,3.27,113.8,23206.7,5.12,5.09,3.66,92.79,8642905,12829889,,,,,,,,
2026-06-30T22:23:31.486,CRAFTSMAN,9460.0,0.77,,8980.87,9358.69,9662.62,,,45.61,53.42,,,auto,auto ancillaries,,-1.42,0.18,0.4,0.22,0.39,2.86,2.79,3.21,,,2026-06-30,,,,,,,,,,,,,9520.0,9255.0,3.44,3.44,817.01,304.06,3.4,3.4,2.69,54.51,24553.78,5.67,5.52,2.94,67.42,14536420,26154433,,,,,,,,
2026-06-30T22:23:31.486,SHAILY,2895.5,-0.05,,2687.59,2770.91,3144.69,,,82.82,78.36,,,plastic products,plastics products,,0.53,0.14,0.15,0.14,0.15,2.56,2.67,4.15,,,2026-06-30,,,,,,,,,,,,,2956.0,2882.1,4.73,4.73,186.04,120.26,4.68,4.68,1.55,30.47,13312.73,5.8,3.45,1.65,11.14,26012493,45955093,,,,,,,,
2026-06-30T22:23:31.486,GRANULES,813.25,2.32,,775.19,759.4,920.95,,,24.7,32.52,,,healthcare,pharmaceuticals - indian - bulk drugs & formln,,0.57,0.21,0.38,0.19,0.35,3.15,7.22,3.33,,,2026-06-30,,,,,,,,,,,,,817.7,792.75,7.58,7.58,67.5,27.09,3.22,3.22,2.49,104.53,19694.9,5.8,4.93,2.72,75.68,153593396,247796921,,,,,,,,
2026-06-30T22:23:31.486,TRITURBINE,689.75,0.34,,640.11,663.84,741.57,,,53.72,62.49,,,industrials,electric equipment,,-0.31,0.17,0.27,0.15,0.26,2.77,4.43,4.91,,,2026-06-30,,,,,,,,,,,,,699.0,680.15,5.83,5.83,52.79,33.89,4.66,4.66,1.56,16.98,21852.1,6.37,6.03,1.69,28.32,140388205,317894979,,,,,,,,
2026-06-30T22:23:31.486,MAHABANK,91.44,-2.57,,87.36,89.86,94.59,,,8.59,10.28,,,bank,banks - public sector,,-0.52,0.48,0.54,0.5,0.58,3.35,3.91,3.2,,,2026-06-30,,,,,,,,,,,,,93.65,90.61,6.42,6.42,9.35,2.93,3.2,3.2,3.2,83.29,72185.24,6.59,5.37,3.56,28.36,2030495320,7691554950,,,,,,,,
2026-06-22T10:53:03.184,VOLTAS,1369.0,1.91,,1301.91,1294.75,1517.5,,,97.51,118.26,,,consumer discretionary,air-conditioners,,4.87,-0.1,-0.03,-0.11,-0.04,4.16,2.73,3.16,,,2026-06-22,,,,,,,,,,,,,1411.9,1355.5,5.95,5.95,30.16,43.28,3.13,3.13,0.7,152.78,44451.06,-0.07,-2.79,0.71,31.2,230631260,330884740,,,,,,,,
2026-06-22T10:53:03.184,PGEL,561.85,0.24,,530.28,502.69,680.16,,,61.88,81.11,,,consumer discretionary,electronics - components,,15.76,-0.09,0.06,-0.09,0.06,4.06,2.81,3.8,,,2026-06-22,,,,,,,,,,,,,579.0,556.4,4.39,4.39,52.01,21.37,4.04,4.04,2.43,68.47,15992.11,0.33,-2.97,2.68,25.5,161449118,285318658,,,,,,,,
2026-06-22T10:53:03.184,CHOLAFIN,1723.5,1.78,,1649.19,1568.82,2032.87,,,22.29,27.34,,,financials,finance & investments,,10.67,-0.05,0.06,-0.08,0.04,1.73,3.76,2.63,,,2026-06-22,,,,,,,,,,,,,1724.2,1694.9,2.85,2.85,153.61,45.39,3.02,3.02,3.38,11.21,144283.97,0.66,-0.62,3.72,63.01,432397124,852037169,,,,,,,,
2026-06-22T10:53:03.184,ITI,314.95,0.8,,299.74,299.02,346.81,,,20.19,129.65,,,aerospace & defence,telecommunications - equipment,,4.66,-0.01,-0.04,-0.05,-0.04,1.77,2.59,3.21,,,2026-06-22,,,,,,,,,,,,,318.5,312.95,3.02,3.02,17.85,10.1,3.37,3.37,1.77,12.05,30084.31,1.61,1.11,1.87,19.81,96088691,962851967,,,,,,,,
2026-06-22T10:53:03.184,GRSE,2877.0,2.81,,2722.48,2621.84,3387.33,,,27.17,42.85,,,aerospace & defence,miscellaneous,,8.25,0.19,0.02,0.15,-0.01,2.58,3.68,3.35,,,2026-06-22,,,,,,,,,,,,,2934.7,2861.0,5.75,5.75,141.17,96.28,3.01,3.01,1.47,84.07,32055.09,1.93,0.77,1.54,16.62,29210760,114552000,,,,,,,,
2026-06-22T10:53:03.184,ENGINERSIN,258.3,3.02,,242.19,232.03,310.85,,,18.61,20.39,,,realty,engineering - turnkey services,,9.76,0.22,0.24,0.18,0.21,4.35,6.89,4.26,,,2026-06-22,,,,,,,,,,,,,261.93,251.01,5.53,5.53,18.42,11.01,4.41,4.41,1.67,80.46,14092.65,2.72,2.21,1.8,66.24,273583789,562042373,,,,,,,,
2026-06-22T10:53:03.184,JBMA,731.0,0.51,,690.36,680.23,832.54,,,58.2,78.54,,,auto,auto ancillaries,,5.1,0.24,0.04,0.2,0.03,1.57,6.14,3.55,,,2026-06-22,,,,,,,,,,,,,738.5,727.1,5.63,5.63,83.27,25.95,3.82,3.82,3.21,27.31,17200.23,3.28,2.59,3.62,15.03,76785978,236494264,,,,,,,,
2026-06-22T10:53:03.184,ITDC,630.25,1.82,,587.01,599.43,691.9,,,47.75,64.41,,,services,hotels,,3.23,0.08,0.02,0.06,-0.0,3.31,4.16,4.55,,,2026-06-22,,,,,,,,,,,,,642.6,622.0,5.99,5.99,44.03,28.67,4.82,4.82,1.54,10.77,5309.13,3.61,2.94,1.65,28.78,11127719,85769400,,,,,,,,
2026-06-22T10:53:03.184,NAVINFLUOR,7419.0,-0.99,,7102.26,7113.19,8030.63,,,44.7,57.48,,,chemicals,chemicals,,3.69,0.18,0.56,0.16,0.58,1.74,2.31,2.75,,,2026-06-22,,,,,,,,,,,,,7480.0,7352.0,2.49,2.49,523.04,203.75,3.15,3.15,2.57,27.48,38403.12,4.22,3.17,2.76,32.88,37356850,51248574,,,,,,,,
2026-06-22T10:53:03.184,SCI,320.7,2.74,,299.0,288.94,384.23,,,9.23,10.75,,,transportation,shipping,,9.1,0.41,0.36,0.37,0.32,4.43,4.39,4.17,,,2026-06-22,,,,,,,,,,,,,327.9,314.0,5.95,5.95,16.27,13.38,4.38,4.38,1.22,68.62,14539.92,4.31,3.65,1.28,50.09,168856033,465799010,,,,,,,,
2026-06-22T10:53:03.184,QPOWER,1290.0,-2.32,,1188.49,1189.64,1490.72,,,73.63,84.28,,,industrials,electric equipment,,13.14,0.81,0.2,0.82,0.23,3.33,6.17,4.93,,,2026-06-22,,,,,,,,,,,,,1320.6,1278.0,3.33,3.33,104.3,63.54,5.35,5.35,1.64,6.51,10227.27,5.0,4.81,1.79,18.89,20204640,77444100,,,,,,,,
2026-06-22T10:53:03.184,IFCI,84.18,-1.81,,76.61,84.32,83.91,,,420.9,127.96,,,financials,finance - term-lending institutions,,1.12,0.66,0.4,0.66,0.43,4.57,4.43,7.47,,,2026-06-22,,,,,,,,,,,,,87.2,83.39,5.44,5.44,16.87,6.29,7.51,7.51,2.68,56.28,23098.36,6.37,5.76,3.35,12.56,739037235,2694314331,,,,,,,,
2026-06-22T10:53:03.184,ENRIN,3824.0,-0.26,,3608.16,3628.09,4215.82,,,90.87,104.21,,,power & utilities,power generation and supply,,4.29,0.24,0.1,0.18,0.11,2.65,2.77,3.61,,,2026-06-22,,,,,,,,,,,,,3895.0,3794.6,3.87,3.87,472.57,138.02,4.4,4.4,3.42,16.8,136533.04,6.6,5.57,3.91,21.3,89030592,356120505,,,,,,,,
2026-06-18T11:59:08.732,VOLTAS,1360.2,0.54,,1294.43,1270.54,1539.51,,,96.88,119.09,,,consumer discretionary,air-conditioners,,6.36,-0.1,-0.03,-0.11,-0.03,1.93,3.14,2.96,,,2026-06-18,,,,,,,,,,,,,1370.4,1344.5,3.4,3.4,25.86,40.22,3.06,3.06,0.64,53.74,44765.4,-0.9,-3.09,0.66,39.04,230631260,330884740,,,,,,,,
2026-06-18T11:59:08.732,IIFL,517.6,-2.55,,487.64,510.16,532.48,,,9.38,13.59,,,financials,finance & investments,,5.06,-0.16,0.11,-0.16,0.14,3.53,0.17,3.78,,,2026-06-18,,,,,,,,,,,,,534.95,516.7,3.53,3.53,46.7,19.56,3.9,3.9,2.39,17.97,22589.26,1.01,0.28,2.63,4.6,319614908,425289575,,,,,,,,
2026-06-18T11:59:08.732,CHOLAFIN,1678.7,-0.03,,1600.84,1513.48,2009.13,,,21.71,27.11,,,financials,finance & investments,,14.15,-0.1,0.01,-0.11,0.01,1.69,1.75,3.0,,,2026-06-18,,,,,,,,,,,,,1689.0,1661.0,1.69,1.69,117.97,50.31,3.13,3.13,2.34,21.3,143074.08,1.23,-0.91,2.52,35.18,432397124,852037169,,,,,,,,
2026-06-18T11:59:08.732,NYKAA,298.5,6.25,,285.94,263.87,367.77,,,276.39,407.17,,,i.t,trading,,4.92,0.11,0.24,0.02,0.17,6.94,10.45,3.15,,,2026-06-18,,,,,,,,,,,,,301.35,281.8,10.32,10.32,31.3,9.4,3.08,3.08,3.33,359.29,80442.37,2.61,1.78,3.72,177.64,1371835214,2863227356,,,,,,,,
2026-06-18T11:59:08.732,NAZARA,302.55,0.99,,287.01,277.91,351.83,,,59.56,35.46,,,i.t,telecommunications - service provider,,8.42,0.14,0.15,0.2,0.14,2.67,3.97,3.38,,,2026-06-18,,,,,,,,,,,,,304.0,296.1,2.77,2.77,28.06,10.22,3.38,3.38,2.75,20.97,11099.13,2.82,2.0,3.03,63.11,239108224,370465024,,,,,,,,
2026-06-18T11:59:08.732,AMBER,8024.5,2.04,,7583.87,7405.12,9263.25,,,52.74,152.43,,,consumer discretionary,air-conditioners,,6.35,0.09,-0.04,0.06,-0.06,2.67,5.54,3.32,,,2026-06-18,,,,,,,,,,,,,8070.0,7860.0,3.99,3.99,280.31,266.77,3.55,3.55,1.05,68.12,27674.73,3.43,2.17,1.09,61.66,21758430,35191667,,,,,,,,
2026-06-18T11:59:08.732,ITDC,610.05,-1.96,,565.47,586.86,656.43,,,46.22,64.75,,,services,hotels,,7.13,0.03,0.03,0.02,0.05,3.08,1.68,5.08,,,2026-06-18,,,,,,,,,,,,,626.8,608.05,3.08,3.08,31.77,31.02,4.77,4.77,1.02,4.4,5337.0,3.47,2.62,1.08,6.45,11127719,85769400,,,,,,,,
2026-06-18T11:59:08.732,NAVINFLUOR,7323.0,-0.29,,7005.33,7041.77,7885.47,,,44.13,56.34,,,chemicals,chemicals,,4.56,0.12,0.53,0.09,0.54,1.88,2.21,2.78,,,2026-06-18,,,,,,,,,,,,,7388.0,7251.5,1.88,1.88,487.24,203.93,3.08,3.08,2.39,18.22,37636.95,3.75,3.08,2.56,35.06,37356850,51248574,,,,,,,,
2026-06-18T11:59:08.732,BANDHANBNK,214.71,0.44,,204.29,205.06,234.01,,,16.17,28.13,,,bank,banks - private sector,,5.38,0.32,0.28,0.29,0.28,1.63,3.47,3.33,,,2026-06-18,,,,,,,,,,,,,215.25,211.8,1.63,1.63,21.49,7.14,3.22,3.22,3.01,18.4,34436.14,4.51,3.56,3.34,40.74,982948469,1610972314,,,,,,,,
2026-06-18T11:59:08.732,NBCC,110.2,-2.33,,104.5,106.28,118.04,,,30.96,42.42,,,miscellaneous,miscellaneous,,4.43,-0.09,-0.01,-0.11,0.02,3.9,2.74,3.66,,,2026-06-18,,,,,,,,,,,,,114.29,110.0,5.03,5.03,13.29,4.04,3.9,3.9,3.29,69.12,30464.1,4.62,4.38,3.74,4.95,1032631361,2700000000,,,,,,,,
2026-06-18T11:59:08.732,ENRIN,3733.4,-1.37,,3509.45,3591.23,4017.74,,,88.72,102.89,,,power & utilities,power generation and supply,,0.62,0.15,0.05,0.18,0.07,2.18,5.37,4.03,,,2026-06-18,,,,,,,,,,,,,3802.1,3721.0,5.32,5.32,429.51,150.53,4.58,4.58,2.85,31.29,134798.73,5.96,5.49,3.22,8.24,89030592,356120505,,,,,,,,
2026-06-18T11:59:08.732,IFCI,84.16,-6.56,,76.75,82.0,88.48,,,420.8,134.43,,,financials,finance - term-lending institutions,,14.04,0.62,0.51,0.7,0.61,12.95,1.13,7.7,,,2026-06-18,,,,,,,,,,,,,94.0,83.22,12.95,12.95,18.05,6.48,7.01,7.01,2.79,292.34,24267.69,6.32,5.37,3.55,14.51,739037235,2694314331,,,,,,,,
2026-06-18T11:59:08.732,HSCL,700.95,-0.02,,652.27,671.45,759.96,,,44.03,46.49,,,chemicals,chemicals,,4.4,0.37,0.54,0.34,0.54,3.46,5.66,4.67,,,2026-06-18,,,,,,,,,,,,,718.0,694.0,4.94,4.94,110.31,32.76,5.09,5.09,3.37,93.11,35373.41,6.99,6.99,4.0,21.22,239682297,504541599,,,,,,,,
2026-06-17T16:55:08.591,CHOLAFIN,1679.2,-0.07,,1599.17,1487.7,2062.21,,,21.72,27.13,,,financials,finance & investments,,14.04,-0.11,0.02,-0.12,0.02,1.09,4.47,3.2,,,2026-06-17,,,,,,,,,,,,,1690.9,1672.6,2.49,2.49,124.18,53.74,3.15,3.15,2.31,50.6,143176.33,1.37,-1.09,2.5,12.28,432397124,852037169,,,,,,,,
2026-06-17T16:55:08.591,IIFL,531.15,0.58,,501.03,506.2,581.05,,,9.62,13.52,,,financials,finance & investments,,5.4,-0.15,0.17,-0.17,0.17,2.07,2.13,3.72,,,2026-06-17,,,,,,,,,,,,,537.9,527.0,2.65,2.65,61.81,19.76,3.87,3.87,3.13,32.35,22459.54,1.5,0.2,3.54,21.01,319614908,425289575,,,,,,,,
2026-06-17T16:55:08.591,REDINGTON,248.92,2.02,,235.5,236.53,273.7,,,12.42,12.8,,,services,trading,,3.58,-0.18,-0.17,-0.21,-0.19,4.38,5.03,3.73,,,2026-06-17,,,,,,,,,,,,,254.9,244.21,5.15,5.15,23.88,9.3,3.9,3.9,2.57,176.61,19073.73,1.57,0.09,2.84,50.67,781774431,781774431,,,,,,,,
2026-06-17T16:55:08.591,AMBER,7864.0,0.69,,7415.74,7340.52,8910.95,,,51.68,151.4,,,consumer discretionary,air-conditioners,,4.71,0.07,-0.08,0.08,-0.08,2.25,6.11,3.5,,,2026-06-17,,,,,,,,,,,,,7934.5,7760.0,4.35,4.35,152.2,275.46,3.54,3.54,0.55,81.62,27486.45,2.75,2.0,0.56,37.76,21758430,35191667,,,,,,,,
2026-06-17T16:55:08.591,NAVINFLUOR,7344.0,0.39,,7019.48,7013.74,8004.51,,,44.25,56.12,,,chemicals,chemicals,,2.8,0.1,0.56,0.09,0.56,2.76,2.51,2.92,,,2026-06-17,,,,,,,,,,,,,7510.0,7308.0,4.82,4.82,537.84,214.33,3.1,3.1,2.51,107.81,37490.89,3.19,3.11,2.71,16.8,37356850,51248574,,,,,,,,
2026-06-17T16:55:08.591,ITDC,622.25,0.62,,576.66,580.48,705.78,,,47.14,64.35,,,services,hotels,,5.59,0.03,0.04,0.03,0.04,2.63,5.95,5.29,,,2026-06-17,,,,,,,,,,,,,631.35,615.2,5.22,5.22,48.01,32.9,4.72,4.72,1.46,11.0,5303.98,3.5,2.46,1.58,21.43,11127719,85769400,,,,,,,,
2026-06-17T16:55:08.591,MOTHERSON,145.1,-1.69,,137.82,144.64,146.02,,,25.55,37.85,,,auto,auto ancillaries,,2.15,0.11,0.31,0.11,0.34,3.48,1.73,3.22,,,2026-06-17,,,,,,,,,,,,,147.59,142.63,3.48,3.48,13.95,4.67,3.54,3.54,2.99,84.62,155783.57,3.9,3.87,3.31,52.92,5425228487,10554442601,,,,,,,,
2026-06-17T16:55:08.591,ZENTEC,1887.4,1.76,,1772.06,1766.52,2129.15,,,134.43,86.18,,,aerospace & defence,miscellaneous,,2.87,0.27,0.28,0.22,0.26,3.38,6.87,4.23,,,2026-06-17,,,,,,,,,,,,,1897.0,1835.0,6.57,6.57,246.54,79.79,4.42,4.42,3.09,143.47,16746.15,4.08,3.44,3.55,65.67,46486527,90290356,,,,,,,,
2026-06-17T16:55:08.591,BANDHANBNK,213.76,-1.37,,203.02,203.49,234.3,,,16.1,28.52,,,bank,banks - private sector,,3.14,0.3,0.27,0.33,0.29,2.29,3.02,3.61,,,2026-06-17,,,,,,,,,,,,,217.98,213.1,5.05,5.05,21.78,7.71,3.28,3.28,2.83,70.13,34916.21,4.73,3.41,3.15,8.56,982948469,1610972314,,,,,,,,
2026-06-17T16:55:08.591,DATAPATTNS,4769.6,6.53,,4411.03,4251.96,5804.89,,,48.26,92.37,,,aerospace & defence,electronics - components,,5.83,0.69,0.81,0.58,0.71,6.71,10.02,5.55,,,2026-06-17,,,,,,,,,,,,,4794.7,4493.0,9.46,9.46,816.25,264.68,5.63,5.63,3.08,159.62,25065.7,4.88,3.64,3.72,104.5,32241586,55983969,,,,,,,,
2026-06-17T16:55:08.591,ENRIN,3785.2,4.89,,3554.95,3585.24,4185.12,,,89.95,98.09,,,power & utilities,power generation and supply,,-1.69,0.18,0.04,0.14,-0.01,5.21,7.08,4.26,,,2026-06-17,,,,,,,,,,,,,3797.9,3610.0,7.19,7.19,503.58,161.21,5.04,5.04,3.12,124.3,128520.33,5.91,5.43,3.6,108.68,89030592,356120505,,,,,,,,
2026-06-17T16:55:08.591,NETWEB,4911.5,0.56,,4534.35,4547.35,5639.8,,,98.78,134.56,,,i.t,computers - hardware,,3.89,0.36,0.32,0.4,0.32,3.88,7.95,5.5,,,2026-06-17,,,,,,,,,,,,,5038.0,4850.0,9.11,9.11,854.0,270.1,6.14,6.14,3.16,129.08,27812.11,5.92,5.61,3.83,22.77,18799145,56940687,,,,,,,,
2026-06-17T16:55:08.591,SUZLON,59.27,2.33,,56.23,54.42,68.97,,,18.29,25.18,,,industrials,electric equipment,,0.13,0.03,0.04,-0.0,0.01,3.84,9.96,3.75,,,2026-06-17,,,,,,,,,,,,,59.5,57.3,10.39,10.39,6.14,2.22,3.69,3.69,2.76,145.22,79435.44,6.37,6.35,3.08,88.64,12105997156,13714682759,,,,,,,,
2026-06-04T14:33:02.661,HINDCOPPER,540.65,-0.87,,510.36,538.24,545.47,,,29.45,57.47,,,metals & mining,mining / minerals / metals,,-1.83,0.47,0.81,0.47,0.82,1.44,1.05,3.27,,,2026-06-04,,,,,,,,,,,,,545.25,537.5,1.91,1.91,2.92,17.67,3.42,3.42,0.17,23.21,52741.49,1.26,1.0,0.17,17.83,327410647,967024020,,,,,,,,
2026-06-04T14:33:02.661,IIFL,532.1,6.68,,501.38,468.39,659.52,,,9.64,12.77,,,financials,finance & investments,,4.69,-0.16,0.15,-0.22,0.08,8.06,15.75,4.1,,,2026-06-04,,,,,,,,,,,,,534.9,495.0,10.78,10.78,73.51,21.84,4.08,4.08,3.37,191.86,21213.44,1.61,-0.39,3.91,169.91,319614908,425289575,,,,,,,,
2026-06-04T14:33:02.661,REDINGTON,247.17,2.03,,234.6,224.41,292.69,,,12.33,12.71,,,services,trading,,7.98,-0.19,-0.17,-0.22,-0.19,4.92,6.66,3.56,,,2026-06-04,,,,,,,,,,,,,250.88,239.11,6.11,6.11,27.59,8.81,3.43,3.43,3.13,84.7,18938.49,1.97,-0.73,3.53,91.5,781774431,781774431,,,,,,,,
2026-06-04T14:33:02.661,PERSISTENT,5143.5,0.9,,4861.67,5063.37,5303.75,,,38.01,42.58,,,i.t,computers - software - large,,1.92,-0.26,-0.1,-0.27,-0.1,4.19,3.32,4.01,,,2026-06-04,,,,,,,,,,,,,5186.5,4978.0,4.19,4.19,83.71,206.0,3.57,3.57,0.41,39.62,80413.06,2.35,2.15,0.41,80.34,109960070,157750000,,,,,,,,
2026-06-04T14:33:02.661,NYKAA,268.2,-0.45,,256.93,264.57,275.46,,,248.33,390.43,,,i.t,trading,,-0.53,-0.06,0.06,-0.07,0.07,1.43,1.63,2.68,,,2026-06-04,,,,,,,,,,,,,270.25,266.45,2.41,2.41,6.95,7.17,3.0,3.0,0.97,25.24,77135.35,2.52,2.26,1.0,24.39,1371835214,2863227356,,,,,,,,
2026-06-04T14:33:02.661,AMBER,7538.5,0.41,,7055.31,7108.9,8397.69,,,49.54,145.53,,,consumer discretionary,air-conditioners,,2.45,-0.01,-0.12,-0.03,-0.12,2.61,2.47,4.03,,,2026-06-04,,,,,,,,,,,,,7655.5,7460.5,4.06,4.06,30.2,303.91,4.38,4.38,0.1,39.84,26421.9,2.64,2.32,0.1,25.67,21758430,35191667,,,,,,,,
2026-06-04T14:33:02.661,RBLBANK,353.45,1.51,,337.11,336.37,387.62,,,22.31,24.28,,,bank,banks - private sector,,1.03,0.08,0.28,0.04,0.26,2.79,6.14,3.07,,,2026-06-04,,,,,,,,,,,,,355.0,345.35,5.33,5.33,29.71,10.84,3.23,3.23,2.74,66.84,21522.64,3.79,2.53,2.99,74.73,618111404,618111404,,,,,,,,
2026-06-04T14:33:02.661,ZENTEC,1819.2,7.77,,1706.16,1591.4,2274.79,,,129.57,78.44,,,aerospace & defence,miscellaneous,,6.67,0.2,0.2,0.11,0.11,11.47,14.97,4.57,,,2026-06-04,,,,,,,,,,,,,1885.0,1691.0,12.88,12.88,255.3,83.12,4.56,4.56,3.07,599.52,15241.92,4.46,4.33,3.57,154.23,46486527,90290356,,,,,,,,
2026-06-04T14:33:02.661,NMDC,95.0,-1.08,,90.68,89.96,105.08,,,10.28,11.33,,,metals & mining,mining / minerals / metals,,7.29,0.15,0.22,0.17,0.23,3.02,2.93,3.38,,,2026-06-04,,,,,,,,,,,,,97.35,94.5,3.02,3.02,8.05,3.21,3.09,3.09,2.51,88.02,84436.62,4.86,4.54,2.74,15.58,3446916837,8791817550,,,,,,,,
2026-06-04T14:33:02.661,APARINDS,13630.0,0.68,,12775.9,12748.72,15392.55,,,54.01,55.66,,,industrials,electric equipment,,5.42,0.41,0.53,0.38,0.52,2.96,8.94,4.54,,,2026-06-04,,,,,,,,,,,,,13825.0,13428.0,4.18,4.18,1863.99,619.21,4.36,4.36,3.01,99.56,54379.86,6.94,5.99,3.49,32.62,16964012,40168315,,,,,,,,
2026-06-04T14:33:02.661,HSCL,640.15,6.33,,596.1,583.73,752.99,,,40.21,39.92,,,chemicals,chemicals,,-0.52,0.36,0.33,0.26,0.26,7.1,10.2,4.64,,,2026-06-04,,,,,,,,,,,,,644.75,602.0,10.99,10.99,96.84,29.71,5.35,5.35,3.26,182.85,30375.93,7.5,6.79,3.84,128.39,239682297,504541599,,,,,,,,
2026-06-04T14:33:02.661,AZAD,2206.5,5.53,,2051.75,1954.82,2709.86,,,99.03,101.9,,,aerospace & defence,engineering,,4.27,0.23,0.34,0.15,0.28,6.66,13.1,4.9,,,2026-06-04,,,,,,,,,,,,,2220.0,2081.4,8.62,8.62,293.44,108.05,5.54,5.54,2.72,139.54,13503.4,7.93,6.14,3.13,115.78,28517503,64581743,,,,,,,,
2026-06-04T14:33:02.661,TDPOWERSYS,1323.5,2.89,,1220.16,1288.19,1394.12,,,71.62,84.13,,,industrials,electric equipment,,-4.04,0.54,1.35,0.48,1.29,5.44,10.94,5.68,,,2026-06-04,,,,,,,,,,,,,1356.0,1286.0,9.23,9.23,231.85,75.23,6.36,6.36,3.08,58.15,20093.91,9.0,8.87,3.74,49.85,114236169,156214830,,,,,,,,
2026-05-22T07:04:08.693,BODALCHEM,78.99,15.01,67.4,73.24,68.18,100.6,81.9,7.91,7.74,20.79,71.71,70.28,chemicals,dyes and pigments,40.96,-1.44,0.31,0.16,0.12,0.01,15.85,17.2,5.75,17.2,5.32,2026-05-22,,,,,,,,,,,,,,,,,,,,,,,,,,,,,,,,,,,,,
2026-05-22T07:04:08.693,IRB,22.84,8.09,19.95,21.72,20.22,28.09,23.95,16.52,22.84,23.07,66.73,57.71,realty,construction,19.54,-2.25,-0.04,0.03,-0.12,-0.05,12.97,14.49,4.06,14.49,3.07,2026-05-22,,,,,,,,,,,,,,,,,,,,,,,,,,,,,,,,,,,,,
2026-05-22T07:04:08.693,PRECAM,165.18,10.15,146.52,151.98,154.21,187.12,175.29,5.22,42.57,19.21,60.97,54.63,auto,auto ancillaries,23.96,-7.45,-0.18,-0.1,-0.26,-0.18,7.11,12.74,6.05,12.74,5.35,2026-05-22,,,,,,,,,,,,,,,,,,,,,,,,,,,,,,,,,,,,,
2026-05-22T07:04:08.693,AVANTEL,162.16,4.84,148.15,151.03,151.21,184.07,165.47,1.64,238.47,300.3,60.08,55.1,aerospace & defence,telecommunications - equipment,18.84,-2.57,-0.05,-0.03,-0.12,-0.08,7.24,9.46,4.87,9.26,4.84,2026-05-22,,,,,,,,,,,,,,,,,,,,,,,,,,,,,,,,,,,,,
2026-05-22T07:04:08.693,GHCLTEXTIL,92.65,1.55,85.09,85.98,87.39,103.16,95.5,3.33,8.01,12.59,60.44,61.84,textiles,textiles - spinning - synthetic / blended,16.15,-2.16,0.12,0.13,0.1,0.12,6.01,8.88,4.67,7.72,4.94,2026-05-22,,,,,,,,,,,,,,,,,,,,,,,,,,,,,,,,,,,,,
2026-05-22T07:04:08.693,JAGSNPHARM,211.84,6.29,194.61,199.09,205.32,224.87,214.05,1.54,42.37,33.1,59.17,58.73,healthcare,pharmaceuticals - indian - bulk drugs & formln,33.92,-6.65,-0.07,-0.18,-0.14,-0.22,3.17,8.85,4.56,8.85,4.4,2026-05-22,,,,,,,,,,,,,,,,,,,,,,,,,,,,,,,,,,,,,
2026-05-22T07:04:08.693,JSWCEMENT,127.46,5.42,120.01,122.0,120.2,141.98,132.13,17.75,11.5,-13.84,59.21,53.02,building materials,cement - north india,14.76,-0.74,-0.08,-0.23,-0.12,-0.27,6.04,6.21,3.02,6.21,2.48,2026-05-22,,,,,,,,,,,,,,,,,,,,,,,,,,,,,,,,,,,,,
2026-05-22T07:04:08.693,NSLNISP,44.37,2.68,42.28,41.91,43.07,46.97,45.5,1.11,-13.36,-16.13,59.28,58.23,metals & mining,steel - large,25.37,-1.92,-0.03,-0.0,-0.07,-0.03,3.02,4.94,3.93,4.94,3.67,2026-05-22,,,,,,,,,,,,,,,,,,,,,,,,,,,,,,,,,,,,,
2026-05-22T07:04:08.693,AHCL,13.89,4.36,13.26,12.71,12.94,15.79,14.4,0.91,3.07,1.65,55.77,56.0,chemicals,chemicals,19.79,1.53,-0.2,0.46,-0.23,0.41,7.33,4.75,5.35,4.75,6.08,2026-05-22,,,,,,,,,,,,,,,,,,,,,,,,,,,,,,,,,,,,,
2026-05-22T07:04:08.693,NAVNETEDUL,146.88,3.59,140.52,139.27,141.15,158.34,150.9,4.72,4.73,8.98,55.83,51.87,miscellaneous,printing & stationery,20.03,-1.2,-0.12,-0.09,-0.18,-0.12,4.06,4.53,3.14,4.24,3.1,2026-05-22,,,,,,,,,,,,,,,,,,,,,,,,,,,,,,,,,,,,,
2026-05-22T07:04:08.693,PRAKASH,149.52,1.32,143.62,140.45,146.67,155.23,151.62,0.6,7.71,8.1,59.32,56.0,metals & mining,steel - medium / small,19.7,-2.41,-0.01,-0.12,-0.05,-0.13,1.95,4.11,4.15,4.11,4.26,2026-05-22,,,,,,,,,,,,,,,,,,,,,,,,,,,,,,,,,,,,,
2026-05-22T07:04:08.693,ONEPOINT,61.15,2.27,58.9,57.32,60.65,62.16,62.6,1.01,46.33,43.68,68.62,64.81,i.t,computers - software - medium / small,36.03,-2.32,0.02,0.31,0.0,0.28,0.83,3.82,4.16,3.82,4.89,2026-05-22,,,,,,,,,,,,,,,,,,,,,,,,,,,,,,,,,,,,,
2026-05-22T07:04:08.693,AURUM,178.96,1.7,172.5,168.73,171.48,193.93,183.99,2.53,16.63,436.49,53.18,51.7,i.t,computers - software - medium / small,11.05,-0.23,-0.01,-0.04,-0.01,-0.05,4.36,3.74,3.27,3.74,4.0,2026-05-22,,,,,,,,,,,,,,,,,,,,,,,,,,,,,,,,,,,,,
2026-05-21T22:41:39.725,BODALCHEM,78.99,15.01,67.4,73.24,68.18,100.6,81.9,7.91,987.38,28.62,71.71,70.28,chemicals,dyes and pigments,40.96,-1.44,0.31,0.16,0.12,0.01,15.85,17.2,5.75,17.2,5.32,2026-05-21,,,,,,,,,,,,,,,,,,,,,,,,,,,,,,,,,,,,,
2026-05-21T22:41:39.725,IRB,22.84,8.09,19.95,21.72,20.22,28.09,23.95,16.52,22.84,21.34,66.73,57.71,realty,construction,19.54,-2.25,-0.04,0.03,-0.12,-0.05,12.97,14.49,4.06,14.49,3.07,2026-05-21,,,,,,,,,,,,,,,,,,,,,,,,,,,,,,,,,,,,,
2026-05-21T22:41:39.725,PRECAM,165.18,10.15,146.52,151.98,154.21,187.12,175.29,5.22,42.57,17.44,60.97,54.63,auto,auto ancillaries,23.96,-7.45,-0.18,-0.1,-0.26,-0.18,7.11,12.74,6.05,12.74,5.35,2026-05-21,,,,,,,,,,,,,,,,,,,,,,,,,,,,,,,,,,,,,
2026-05-21T22:41:39.725,AVANTEL,162.16,4.84,148.15,151.03,151.21,184.07,165.47,1.64,238.47,286.44,60.08,55.1,aerospace & defence,telecommunications - equipment,18.84,-2.57,-0.05,-0.03,-0.12,-0.08,7.24,9.46,4.87,9.26,4.84,2026-05-21,,,,,,,,,,,,,,,,,,,,,,,,,,,,,,,,,,,,,
2026-05-21T22:41:39.725,GHCLTEXTIL,92.65,1.55,85.09,85.98,87.39,103.16,95.5,3.33,8.01,12.4,60.44,61.84,textiles,textiles - spinning - synthetic / blended,16.15,-2.16,0.12,0.13,0.1,0.12,6.01,8.88,4.67,7.72,4.94,2026-05-21,,,,,,,,,,,,,,,,,,,,,,,,,,,,,,,,,,,,,
2026-05-21T22:41:39.725,JAGSNPHARM,211.84,6.29,194.61,199.09,205.32,224.87,214.05,1.54,42.37,31.14,59.17,58.73,healthcare,pharmaceuticals - indian - bulk drugs & formln,33.92,-6.65,-0.07,-0.18,-0.14,-0.22,3.17,8.85,4.56,8.85,4.4,2026-05-21,,,,,,,,,,,,,,,,,,,,,,,,,,,,,,,,,,,,,
2026-05-21T22:41:39.725,JSWCEMENT,127.46,5.42,120.01,122.0,120.2,141.98,132.13,17.75,30.06,-10.4,59.21,53.02,building materials,cement - north india,14.76,-0.74,-0.08,-0.23,-0.12,-0.27,6.04,6.21,3.02,6.21,2.48,2026-05-21,,,,,,,,,,,,,,,,,,,,,,,,,,,,,,,,,,,,,
2026-05-21T22:41:39.725,NSLNISP,44.37,2.68,42.28,41.91,43.07,46.97,45.5,1.11,-13.36,-15.71,59.28,58.23,metals & mining,steel - large,25.37,-1.92,-0.03,-0.0,-0.07,-0.03,3.02,4.94,3.93,4.94,3.67,2026-05-21,,,,,,,,,,,,,,,,,,,,,,,,,,,,,,,,,,,,,
2026-05-21T22:41:39.725,AHCL,13.89,4.36,13.26,12.71,12.94,15.79,14.4,0.91,3.07,1.58,55.77,56.0,chemicals,chemicals,19.79,1.53,-0.2,0.46,-0.23,0.41,7.33,4.75,5.35,4.75,6.08,2026-05-21,,,,,,,,,,,,,,,,,,,,,,,,,,,,,,,,,,,,,
2026-05-21T22:41:39.725,NAVNETEDUL,146.88,3.59,140.52,139.27,141.15,158.34,150.9,4.72,4.73,8.67,55.83,51.87,miscellaneous,printing & stationery,20.03,-1.2,-0.12,-0.09,-0.18,-0.12,4.06,4.53,3.14,4.24,3.1,2026-05-21,,,,,,,,,,,,,,,,,,,,,,,,,,,,,,,,,,,,,
2026-05-21T22:41:39.725,PRAKASH,149.52,1.32,143.62,140.45,146.67,155.23,151.62,0.6,7.71,7.99,59.32,56.0,metals & mining,steel - medium / small,19.7,-2.41,-0.01,-0.12,-0.05,-0.13,1.95,4.11,4.15,4.11,4.26,2026-05-21,,,,,,,,,,,,,,,,,,,,,,,,,,,,,,,,,,,,,
2026-05-21T22:41:39.725,ONEPOINT,61.15,2.27,58.9,57.32,60.65,62.16,62.6,1.01,46.33,42.71,68.62,64.81,i.t,computers - software - medium / small,36.03,-2.32,0.02,0.31,0.0,0.28,0.83,3.82,4.16,3.82,4.89,2026-05-21,,,,,,,,,,,,,,,,,,,,,,,,,,,,,,,,,,,,,
2026-05-21T22:41:39.725,AURUM,178.96,1.7,172.5,168.73,171.48,193.93,183.99,2.53,16.63,429.2,53.18,51.7,i.t,computers - software - medium / small,11.05,-0.23,-0.01,-0.04,-0.01,-0.05,4.36,3.74,3.27,3.74,4.0,2026-05-21,,,,,,,,,,,,,,,,,,,,,,,,,,,,,,,,,,,,,
2026-05-20T23:03:37.053,360ONE,1107.4,0.82,,1054.92,1085.59,1151.03,,,38.88,36.42,,,financials,finance & investments,,1.02,-0.05,0.04,-0.06,0.04,3.25,3.81,3.14,,,2026-05-20,,,,,,,,,,,,,1111.0,1076.0,3.25,3.25,63.1,34.78,3.18,3.18,1.81,27.79,44610.25,1.51,0.72,1.92,90.28,380810194,406138438,,,,,,,,
2026-05-20T23:03:37.053,MOTHERSON,132.17,0.52,,125.2,126.54,143.43,,,34.06,33.12,,,auto,auto ancillaries,,2.42,0.12,0.32,0.09,0.32,5.01,5.61,3.56,,,2026-05-20,,,,,,,,,,,,,136.0,129.51,5.41,5.41,11.57,4.7,3.57,3.57,2.46,250.77,138780.37,2.15,1.23,2.7,56.55,5425228487,10554442601,,,,,,,,
2026-05-20T23:03:37.053,PAYTM,1153.5,2.86,,1088.09,1116.83,1226.84,,,100.48,129.79,,,i.t,miscellaneous,,-1.74,-0.18,-0.11,-0.23,-0.14,5.07,6.58,3.95,,,2026-05-20,,,,,,,,,,,,,1156.8,1101.0,5.07,5.07,63.7,45.51,3.73,3.73,1.4,50.59,71774.72,2.23,1.28,1.48,115.36,640045681,640045681,,,,,,,,
2026-05-20T23:03:37.053,ABCAPITAL,353.1,0.54,,335.5,350.19,358.93,,,20.48,24.39,,,financials,finance & investments,,-1.45,-0.02,0.24,-0.04,0.24,3.81,3.0,3.21,,,2026-05-20,,,,,,,,,,,,,355.85,342.8,3.81,3.81,19.79,11.34,3.13,3.13,1.74,225.5,92000.57,2.32,1.95,1.85,90.83,824806142,2619606094,,,,,,,,
2026-05-20T23:03:37.053,IFCI,61.41,-0.52,,57.5,62.04,60.16,,,307.05,92.13,,,financials,finance - term-lending institutions,,-1.37,0.05,0.12,0.02,0.13,1.73,1.25,4.02,,,2026-05-20,,,,,,,,,,,,,61.7,60.65,1.73,1.73,3.89,2.47,4.01,4.01,1.58,47.83,16632.0,2.79,2.02,1.68,30.77,739037235,2694314331,,,,,,,,
2026-05-20T23:03:37.053,HBLENGINE,767.65,2.05,,722.55,784.19,734.56,,,24.14,26.18,,,auto,auto ancillaries,,-7.87,-0.31,-0.13,-0.34,-0.15,4.14,4.3,3.84,,,2026-05-20,,,,,,,,,,,,,772.0,741.3,4.16,4.16,32.46,29.5,3.72,3.72,1.1,51.4,20850.6,3.9,3.45,1.15,89.32,113342637,277194946,,,,,,,,
2026-05-20T23:03:37.053,CRAFTSMAN,8575.0,0.46,,8083.04,8521.01,8682.97,,,41.35,48.57,,,auto,auto ancillaries,,-0.95,0.18,0.19,0.15,0.19,2.59,4.03,4.03,,,2026-05-20,,,,,,,,,,,,,8619.0,8401.0,3.2,3.2,1021.39,345.17,4.21,4.21,2.96,30.02,20363.13,4.27,2.78,3.36,50.41,12237570,23855583,,,,,,,,
2026-05-20T23:03:37.053,SONACOMS,588.6,1.53,,558.42,575.81,614.19,,,47.62,56.23,,,auto,auto ancillaries,,-2.43,0.11,0.28,0.09,0.26,3.56,5.95,3.36,,,2026-05-20,,,,,,,,,,,,,590.35,570.05,4.21,4.21,42.21,19.77,3.49,3.49,2.14,53.94,36051.57,4.51,4.14,2.3,93.85,447636235,621846890,,,,,,,,
2026-05-20T23:03:37.053,GPIL,305.85,5.27,,288.58,285.76,346.02,,,32.82,24.03,,,metals & mining,steel - medium / small,,-2.18,0.06,0.23,-0.04,0.17,9.78,12.12,4.16,,,2026-05-20,,,,,,,,,,,,,320.0,291.5,13.23,13.23,24.37,12.74,3.67,3.67,1.91,1511.84,19506.51,5.11,4.7,2.08,112.67,246109115,671364910,,,,,,,,
2026-05-20T23:03:37.053,SCI,327.15,-2.99,,300.94,334.07,313.31,,,9.41,11.61,,,transportation,shipping,,0.57,0.18,0.44,0.18,0.48,3.62,0.77,5.95,,,2026-05-20,,,,,,,,,,,,,336.4,324.65,3.62,3.62,53.21,19.47,5.53,5.53,2.73,54.48,15709.07,6.07,5.78,3.26,12.84,168856033,465799010,,,,,,,,
2026-05-20T23:03:37.053,ZYDUSWELL,512.55,0.68,,480.18,497.2,543.24,,,25.17,22.85,,,fmcg,food - processing - indian,,-3.01,0.04,0.1,0.02,0.09,4.08,6.1,4.2,,,2026-05-20,,,,,,,,,,,,,522.8,502.3,8.22,8.22,43.26,21.5,3.85,3.85,2.01,17.87,16197.56,6.43,5.9,2.2,47.67,96609675,318160720,,,,,,,,
2026-05-20T23:03:37.053,SYRMA,1004.0,2.02,,932.4,1039.12,933.76,,,47.45,58.41,,,consumer discretionary,electronics - components,,-9.49,0.06,0.28,-0.0,0.25,5.19,4.87,5.2,,,2026-05-20,,,,,,,,,,,,,1010.0,960.15,5.49,5.49,107.38,52.22,4.74,4.74,2.06,79.33,18977.41,7.79,6.19,2.3,83.98,111298962,192830485,,,,,,,,
2026-05-20T23:03:37.053,CUPID,119.44,4.46,,110.73,126.33,105.66,,,110.59,38.76,,,fmcg,personal care - indian,,-12.32,0.75,2.19,0.69,2.06,7.42,6.92,5.64,,,2026-05-20,,,,,,,,,,,,,120.0,111.71,7.42,7.42,18.64,6.74,4.93,4.93,2.77,74.69,15374.85,11.77,10.87,3.28,114.76,725671153,1344660700,,,,,,,,
2026-05-14T13:40:38.712,HINDCOPPER,604.7,1.58,,570.51,557.13,699.83,,,93.32,87.03,,,metals & mining,mining / minerals / metals,,4.73,0.64,1.53,0.51,1.49,3.16,7.91,3.74,,,2026-05-14,,,,,,,,,,,,,618.1,599.15,7.12,7.12,71.72,22.59,3.06,3.06,3.17,106.24,57566.94,3.08,0.63,3.6,24.56,327410647,967024020,,,,,,,,
2026-05-14T13:40:38.712,GRSE,2717.2,-4.77,,2495.93,2967.71,2216.18,,,25.66,43.7,,,aerospace & defence,miscellaneous,,-6.77,-0.11,0.08,-0.06,0.14,7.64,2.0,5.71,,,2026-05-14,,,,,,,,,,,,,2867.5,2664.0,7.64,7.64,161.21,155.08,5.17,5.17,1.04,98.27,32686.27,3.4,3.27,1.11,34.31,29210760,114552000,,,,,,,,
2026-05-14T13:40:38.712,YESBANK,22.23,0.54,,21.27,21.84,23.02,,,16.35,19.92,,,bank,banks - private sector,,2.48,-0.1,0.13,-0.11,0.13,2.61,1.6,3.24,,,2026-05-14,,,,,,,,,,,,,22.45,21.88,2.61,2.61,2.5,0.72,3.02,3.02,3.48,59.0,69377.74,3.83,0.17,3.92,48.64,31378443140,31378443140,,,,,,,,
2026-05-14T13:40:38.712,MANAPPURAM,310.7,0.39,,295.12,309.12,313.86,,,16.28,26.39,,,financials,finance & investments,,-3.24,0.04,0.13,0.03,0.12,3.02,6.39,3.58,,,2026-05-14,,,,,,,,,,,,,313.5,304.3,5.56,5.56,34.86,11.13,3.27,3.27,3.13,28.66,29072.45,4.1,1.81,3.53,57.49,640935088,939336102,,,,,,,,
2026-05-14T13:40:38.712,JBMA,648.3,-2.34,,606.4,637.18,670.54,,,51.62,71.69,,,auto,auto ancillaries,,4.3,-0.06,0.01,-0.04,0.04,4.96,1.21,4.6,,,2026-05-14,,,,,,,,,,,,,672.3,640.55,4.96,4.96,65.45,29.83,3.79,3.79,2.19,15.79,15699.67,4.18,1.68,2.44,25.98,76785978,236494264,,,,,,,,
2026-05-14T13:40:38.712,HBLENGINE,787.8,0.54,,742.02,821.78,719.84,,,24.77,27.27,,,auto,auto ancillaries,,-6.12,-0.26,-0.01,-0.28,-0.02,2.98,1.99,3.85,,,2026-05-14,,,,,,,,,,,,,795.45,772.4,2.98,2.98,59.39,30.32,3.51,3.51,1.96,51.41,21721.0,4.18,2.86,2.12,50.79,113342637,277194946,,,,,,,,
2026-05-14T13:40:38.712,GMDCLTD,665.45,0.35,,617.66,690.38,615.6,,,39.8,21.32,,,metals & mining,mining / minerals / metals,,-8.89,0.03,0.57,0.01,0.57,3.61,3.96,4.73,,,2026-05-14,,,,,,,,,,,,,679.85,656.15,5.24,5.24,45.58,31.45,5.55,5.55,1.45,40.98,21086.58,5.64,5.59,1.56,29.57,82680000,318000000,,,,,,,,
2026-05-14T13:40:38.712,SCI,326.5,-1.58,,301.38,328.89,321.72,,,9.39,11.42,,,transportation,shipping,,0.55,0.12,0.5,0.16,0.52,5.45,1.71,5.9,,,2026-05-14,,,,,,,,,,,,,338.5,321.0,5.45,5.45,58.7,19.28,6.24,6.24,3.04,50.22,15452.88,6.22,5.83,3.71,28.53,168856033,465799010,,,,,,,,
2026-05-14T13:40:38.712,ZYDUSWELL,505.95,-1.82,,474.1,499.68,518.48,,,-101.19,11.66,,,fmcg,food - processing - indian,,1.42,0.01,0.22,0.03,0.24,4.26,0.97,4.02,,,2026-05-14,,,,,,,,,,,,,523.6,502.2,4.26,4.26,46.57,20.36,3.85,3.85,2.29,6.7,16396.24,6.78,5.11,2.52,18.42,96606235,318157280,,,,,,,,
2026-05-14T13:40:38.712,RPSGVENT,971.05,0.84,,876.74,902.35,1108.46,,,-7.2,-34.05,,,i.t,computers - software - medium / small,,9.35,0.06,0.06,0.04,0.06,3.13,1.15,6.72,,,2026-05-14,,,,,,,,,,,,,993.9,963.7,3.53,3.53,149.34,65.29,6.29,6.29,2.29,1.79,3186.06,7.21,3.61,2.7,11.26,12073284,33086409,,,,,,,,
2026-05-14T13:40:38.712,SYRMA,1023.55,-1.17,,950.34,1066.2,938.25,,,48.37,61.46,,,consumer discretionary,electronics - components,,-2.64,0.06,0.36,0.14,0.38,5.97,3.7,5.74,,,2026-05-14,,,,,,,,,,,,,1046.0,987.05,5.97,5.97,142.94,58.77,5.02,5.02,2.43,128.64,19970.49,7.37,5.84,2.83,62.11,111298962,192830485,,,,,,,,
2026-05-14T13:40:38.712,ACUTAAS,2741.4,-3.06,,2570.61,2699.36,2825.49,,,42.59,64.99,,,healthcare,pharmaceuticals - indian - bulk drugs,,4.25,0.48,0.87,0.47,0.94,5.26,1.29,4.09,,,2026-05-14,,,,,,,,,,,,,2848.9,2706.5,5.26,5.26,349.41,112.14,4.14,4.14,3.12,78.69,23151.52,7.75,7.48,3.57,31.12,55129706,81871122,,,,,,,,
2026-05-14T13:40:38.712,ATHERENERG,939.6,-1.3,,871.43,929.49,959.81,,,-89.66,-68.24,,,auto,automobiles - scooters and 3 - wheelers,,-1.29,0.38,1.1,0.32,1.14,2.42,2.78,4.92,,,2026-05-14,,,,,,,,,,,,,958.95,936.3,4.9,4.9,122.61,46.26,5.11,5.11,2.65,41.7,36428.57,8.37,7.64,3.05,7.13,226664448,382673164,,,,,,,,
2026-05-12T06:54:21.947,M&MFIN,337.05,-0.61,,316.82,312.51,386.14,,,12.48,16.2,,,financials,finance & investments,,6.24,-0.01,0.25,-0.01,0.26,3.42,4.37,4.09,,,2026-05-12,,,,,,,,,,,,,340.05,328.8,5.02,5.02,15.28,13.8,3.64,3.64,1.11,132.62,46848.98,-1.32,-3.09,1.16,59.78,660388561,1389971160,,,,,,,,
2026-05-12T06:54:21.947,UNOMINDA,1173.1,-0.49,,1115.02,1123.99,1271.31,,,61.1,59.34,,,auto,auto ancillaries,,2.25,-0.12,-0.08,-0.13,-0.07,2.32,5.16,3.18,,,2026-05-12,,,,,,,,,,,,,1180.1,1153.3,3.39,3.39,70.34,37.31,3.25,3.25,1.89,61.94,67737.35,1.33,0.09,2.01,53.06,182660981,577421816,,,,,,,,
2026-05-12T06:54:21.947,MANAPPURAM,305.45,-3.34,,291.0,305.92,304.51,,,16.01,26.04,,,financials,finance & investments,,4.11,0.04,0.11,0.06,0.15,2.88,0.63,3.13,,,2026-05-12,,,,,,,,,,,,,312.3,303.55,2.88,2.88,29.76,9.55,3.03,3.03,3.12,76.98,28692.02,2.07,1.23,3.45,19.89,640935088,939336102,,,,,,,,
2026-05-12T06:54:21.947,PAYTM,1196.6,0.8,,1133.8,1131.19,1327.42,,,104.23,138.5,,,i.t,miscellaneous,,5.11,-0.18,-0.07,-0.18,-0.08,2.95,5.4,3.55,,,2026-05-12,,,,,,,,,,,,,1204.8,1170.3,2.95,2.95,110.15,42.42,3.08,3.08,2.6,58.32,76587.87,2.14,0.85,2.86,62.0,640045681,640045681,,,,,,,,
2026-05-12T06:54:21.947,IFCI,63.02,-2.22,,59.13,60.79,67.48,,,315.1,94.06,,,financials,finance - term-lending institutions,,5.94,0.07,0.11,0.09,0.14,3.53,2.81,3.97,,,2026-05-12,,,,,,,,,,,,,65.1,62.88,3.53,3.53,6.15,2.5,3.85,3.85,2.46,108.3,16979.57,2.62,1.53,2.73,5.59,739037235,2694314331,,,,,,,,
2026-05-12T06:54:21.947,GRSE,2941.6,-3.6,,2722.19,3000.41,2823.98,,,27.78,45.05,,,aerospace & defence,miscellaneous,,2.68,0.05,0.1,0.08,0.15,3.84,0.91,5.27,,,2026-05-12,,,,,,,,,,,,,3027.0,2915.0,3.84,3.84,407.13,154.95,4.91,4.91,2.63,64.26,33696.62,3.61,2.89,3.05,17.17,29210760,114552000,,,,,,,,
2026-05-12T06:54:21.947,CRAFTSMAN,8806.0,-1.95,,8293.28,7949.53,10518.95,,,42.46,50.11,,,auto,auto ancillaries,,12.11,0.2,0.23,0.21,0.26,6.16,14.3,5.0,,,2026-05-12,,,,,,,,,,,,,9275.0,8736.5,7.13,7.13,1368.22,440.56,3.86,3.86,3.11,520.86,21007.23,3.63,1.58,3.68,15.78,12237570,23855583,,,,,,,,
2026-05-12T06:54:21.947,DELHIVERY,479.15,0.01,,457.19,464.97,507.51,,,226.01,234.88,,,transportation,miscellaneous,,2.76,0.03,-0.02,-0.01,-0.02,3.44,2.31,3.0,,,2026-05-12,,,,,,,,,,,,,484.45,468.35,3.44,3.44,37.12,14.37,3.03,3.03,2.58,121.93,35869.56,4.73,4.04,2.8,75.15,748608108,748608108,,,,,,,,
2026-05-12T06:54:21.947,ZYDUSWELL,512.05,-1.05,,481.07,499.93,536.29,,,-102.41,11.58,,,fmcg,food - processing - indian,,0.25,0.05,0.24,0.07,0.25,3.81,2.12,3.63,,,2026-05-12,,,,,,,,,,,,,528.0,508.6,5.27,5.27,59.24,18.57,4.1,4.1,3.19,18.49,16291.24,5.97,4.8,3.61,18.58,96606235,318157280,,,,,,,,
2026-05-12T06:54:21.947,VEDL,298.4,0.66,,281.11,290.08,315.04,,,4.35,6.7,,,metals & mining,mining / minerals / metals,,4.22,0.48,0.78,0.48,0.78,2.5,1.43,4.36,,,2026-05-12,,,,,,,,,,,,,301.55,294.2,2.5,2.5,34.4,13.01,3.99,3.99,2.64,51.69,116685.98,6.57,5.57,2.99,32.27,1705520308,3910388057,,,,,,,,
2026-05-12T06:54:21.947,JINDALSAW,238.08,-2.41,,222.67,242.21,229.82,,,27.18,15.58,,,industrials,steel - large,,-0.67,0.33,0.12,0.34,0.15,3.94,0.6,4.24,,,2026-05-12,,,,,,,,,,,,,245.99,236.66,3.94,3.94,33.15,10.09,4.7,4.7,3.29,20.72,15225.41,6.9,5.99,3.82,14.08,235047484,639508234,,,,,,,,
2026-05-12T06:54:21.947,GESHIP,1582.3,-0.38,,1494.7,1514.57,1717.76,,,6.95,9.99,,,transportation,shipping,,3.95,0.34,0.56,0.38,0.57,3.4,3.2,3.81,,,2026-05-12,,,,,,,,,,,,,1610.0,1557.0,4.68,4.68,154.94,60.28,3.75,3.75,2.57,106.0,22590.05,7.64,6.4,2.85,41.97,99830913,142767161,,,,,,,,
2026-05-12T06:54:21.947,J&KBANK,136.92,-3.41,,128.67,134.17,142.42,,,4.72,6.39,,,bank,banks - private sector,,5.22,0.2,0.27,0.26,0.32,2.94,0.68,4.17,,,2026-05-12,,,,,,,,,,,,,140.0,136.0,2.94,2.94,13.7,5.7,3.86,3.86,2.4,44.0,15077.39,9.26,8.29,2.67,16.13,447084183,1101182463,,,,,,,,
2026-05-11T23:53:39.1,M&MFIN,337.05,-0.61,,316.82,312.51,386.14,,,12.48,16.3,,,financials,finance & investments,,6.24,-0.01,0.25,-0.01,0.26,3.42,4.37,4.09,,,2026-05-11,,,,,,,,,,,,,340.05,328.8,5.02,5.02,15.28,13.8,3.64,3.64,1.11,132.62,47133.92,-1.32,-3.09,1.16,59.78,660388561,1389971160,,,,,,,,
2026-05-11T23:53:39.1,UNOMINDA,1173.1,-0.49,,1115.02,1123.99,1271.31,,,61.1,59.63,,,auto,auto ancillaries,,2.25,-0.12,-0.08,-0.13,-0.07,2.32,5.16,3.18,,,2026-05-11,,,,,,,,,,,,,1180.1,1153.3,3.39,3.39,70.34,37.31,3.25,3.25,1.89,61.94,68072.26,1.33,0.09,2.01,53.06,182660981,577421816,,,,,,,,
2026-05-11T23:53:39.1,MANAPPURAM,305.45,-3.34,,291.0,305.92,304.51,,,16.01,26.94,,,financials,finance & investments,,4.11,0.04,0.11,0.06,0.15,2.88,0.63,3.13,,,2026-05-11,,,,,,,,,,,,,312.3,303.55,2.88,2.88,29.76,9.55,3.03,3.03,3.12,76.98,29683.02,2.07,1.23,3.45,19.89,640935088,939336102,,,,,,,,
2026-05-11T23:53:39.1,PAYTM,1196.6,0.8,,1133.8,1131.19,1327.42,,,104.23,137.4,,,i.t,miscellaneous,,5.11,-0.18,-0.07,-0.18,-0.08,2.95,5.4,3.55,,,2026-05-11,,,,,,,,,,,,,1204.8,1170.3,2.95,2.95,110.15,42.42,3.08,3.08,2.6,58.32,75979.82,2.14,0.85,2.86,62.0,640045681,640045681,,,,,,,,
2026-05-11T23:53:39.1,IFCI,63.02,-2.22,,59.13,60.79,67.48,,,315.1,96.19,,,financials,finance - term-lending institutions,,5.94,0.07,0.11,0.09,0.14,3.53,2.81,3.97,,,2026-05-11,,,,,,,,,,,,,65.1,62.88,3.53,3.53,6.15,2.5,3.85,3.85,2.46,108.3,17364.86,2.62,1.53,2.73,5.59,739037235,2694314331,,,,,,,,
2026-05-11T23:53:39.1,GRSE,2941.6,-3.6,,2722.19,3000.41,2823.98,,,27.78,46.73,,,aerospace & defence,miscellaneous,,2.68,0.05,0.1,0.08,0.15,3.84,0.91,5.27,,,2026-05-11,,,,,,,,,,,,,3027.0,2915.0,3.84,3.84,407.13,154.95,4.91,4.91,2.63,64.26,34953.25,3.61,2.89,3.05,17.17,29210760,114552000,,,,,,,,
2026-05-11T23:53:39.1,CRAFTSMAN,8806.0,-1.95,,8293.28,7949.53,10518.95,,,42.46,51.11,,,auto,auto ancillaries,,12.11,0.2,0.23,0.21,0.26,6.16,14.3,5.0,,,2026-05-11,,,,,,,,,,,,,9275.0,8736.5,7.13,7.13,1368.22,440.56,3.86,3.86,3.11,520.86,21425.89,3.63,1.58,3.68,15.78,12237570,23855583,,,,,,,,
2026-05-11T23:53:39.1,DELHIVERY,479.15,0.01,,457.19,464.97,507.51,,,226.01,234.85,,,transportation,miscellaneous,,2.76,0.03,-0.02,-0.01,-0.02,3.44,2.31,3.0,,,2026-05-11,,,,,,,,,,,,,484.45,468.35,3.44,3.44,37.12,14.37,3.03,3.03,2.58,121.93,35865.81,4.73,4.04,2.8,75.15,748608108,748608108,,,,,,,,
2026-05-11T23:53:39.1,ZYDUSWELL,512.05,-1.05,,481.07,499.93,536.29,,,-102.41,11.71,,,fmcg,food - processing - indian,,0.25,0.05,0.24,0.07,0.25,3.81,2.12,3.63,,,2026-05-11,,,,,,,,,,,,,528.0,508.6,5.27,5.27,59.24,18.57,4.1,4.1,3.19,18.49,16464.64,5.97,4.8,3.61,18.58,96606235,318157280,,,,,,,,
2026-05-11T23:53:39.1,VEDL,298.4,0.66,,281.11,290.08,315.04,,,4.35,6.66,,,metals & mining,mining / minerals / metals,,4.22,0.48,0.78,0.48,0.78,2.5,1.43,4.36,,,2026-05-11,,,,,,,,,,,,,301.55,294.2,2.5,2.5,34.4,13.01,3.99,3.99,2.64,51.69,115923.45,6.57,5.57,2.99,32.27,1705520308,3910388057,,,,,,,,
2026-05-11T23:53:39.1,JINDALSAW,238.08,-2.41,,222.67,242.21,229.82,,,27.18,15.97,,,industrials,steel - large,,-0.67,0.33,0.12,0.34,0.15,3.94,0.6,4.24,,,2026-05-11,,,,,,,,,,,,,245.99,236.66,3.94,3.94,33.15,10.09,4.7,4.7,3.29,20.72,15601.44,6.9,5.99,3.82,14.08,235047484,639508234,,,,,,,,
2026-05-11T23:53:39.1,GESHIP,1582.3,-0.38,,1494.7,1514.57,1717.76,,,6.95,10.03,,,transportation,shipping,,3.95,0.34,0.56,0.38,0.57,3.4,3.2,3.81,,,2026-05-11,,,,,,,,,,,,,1610.0,1557.0,4.68,4.68,154.94,60.28,3.75,3.75,2.57,106.0,22675.71,7.64,6.4,2.85,41.97,99830913,142767161,,,,,,,,
2026-05-11T23:53:39.1,J&KBANK,136.92,-3.41,,128.67,134.17,142.42,,,4.72,6.62,,,bank,banks - private sector,,5.22,0.2,0.27,0.26,0.32,2.94,0.68,4.17,,,2026-05-11,,,,,,,,,,,,,140.0,136.0,2.94,2.94,13.7,5.7,3.86,3.86,2.4,44.0,15610.36,9.26,8.29,2.67,16.13,447084183,1101182463,,,,,,,,
2026-05-10T04:10:47.713,M&MFIN,339.1,3.24,,318.67,308.36,400.58,,,12.56,16.3,,,financials,finance & investments,,6.84,0.0,0.23,-0.06,0.19,5.31,9.63,4.19,,,2026-05-10,,,,,,,,,,,,,341.0,323.8,5.59,5.59,16.59,14.19,3.67,3.67,1.17,123.79,47133.92,-2.04,-3.18,1.23,107.79,660388561,1389971160,,,,,,,,
2026-05-10T04:10:47.713,UNOMINDA,1178.9,2.9,,1119.74,1119.11,1298.47,,,61.4,59.63,,,auto,auto ancillaries,,-0.1,-0.12,-0.08,-0.16,-0.1,4.23,8.5,3.3,,,2026-05-10,,,,,,,,,,,,,1189.7,1141.4,6.65,6.65,75.7,38.93,3.36,3.36,1.94,110.17,68072.26,1.13,0.03,2.08,96.32,182660981,577421816,,,,,,,,
2026-05-10T04:10:47.713,CARTRADE,1954.9,1.72,,1801.11,1651.3,2562.11,,,36.2,41.78,,,consumer discretionary,miscellaneous,,11.21,-0.37,-0.22,-0.4,-0.24,4.99,18.8,5.9,,,2026-05-10,,,,,,,,,,,,,2012.2,1916.6,11.09,11.09,197.68,115.39,5.6,5.6,1.71,272.69,9359.68,1.48,-1.39,1.91,33.19,47878035,47878035,,,,,,,,
2026-05-10T04:10:47.713,IDEA,11.24,0.09,,10.63,10.44,12.83,,,-5.73,-4.26,,,telecom-service,telecommunications - service provider,,10.49,0.12,0.6,0.09,0.6,3.91,3.02,3.96,,,2026-05-10,,,,,,,,,,,,,11.44,11.01,3.91,3.91,1.49,0.45,3.42,3.42,3.35,108.96,121777.57,1.59,-0.83,3.86,51.72,80561956458,108343035001,,,,,,,,
2026-05-10T04:10:47.713,PAYTM,1187.1,-0.86,,1123.63,1127.38,1306.54,,,103.41,137.4,,,i.t,miscellaneous,,0.57,-0.17,-0.08,-0.14,-0.07,3.29,9.0,3.68,,,2026-05-10,,,,,,,,,,,,,1223.0,1184.1,7.72,7.72,101.51,43.64,3.13,3.13,2.33,117.04,75979.82,1.61,0.76,2.54,6.87,640045681,640045681,,,,,,,,
2026-05-10T04:10:47.713,JBMA,649.9,4.12,,612.68,628.27,693.15,,,69.73,72.78,,,auto,auto ancillaries,,-2.49,-0.06,-0.02,-0.12,-0.06,7.71,6.36,3.54,,,2026-05-10,,,,,,,,,,,,,663.5,616.0,7.71,7.71,75.04,23.0,3.65,3.65,3.26,105.26,15369.76,2.12,1.24,3.69,147.41,76785978,236494264,,,,,,,,
2026-05-10T04:10:47.713,IFCI,64.45,0.89,,60.53,60.46,72.43,,,322.25,96.19,,,financials,finance - term-lending institutions,,2.08,0.1,0.14,0.04,0.13,3.53,9.63,3.95,,,2026-05-10,,,,,,,,,,,,,66.0,63.75,7.67,7.67,7.64,2.55,4.16,4.16,3.0,229.96,17364.86,2.19,1.46,3.41,27.49,739037235,2694314331,,,,,,,,
2026-05-10T04:10:47.713,ABCAPITAL,362.95,-1.64,,344.92,353.45,381.95,,,21.05,25.2,,,financials,finance & investments,,5.53,0.02,0.24,0.02,0.26,2.35,0.44,3.22,,,2026-05-10,,,,,,,,,,,,,369.85,361.35,2.35,2.35,30.55,11.69,3.03,3.03,2.61,40.39,95078.6,2.28,1.62,2.85,13.68,824806142,2619606094,,,,,,,,
2026-05-10T04:10:47.713,NAVINFLUOR,7041.5,-0.61,,6718.58,6788.29,7547.92,,,42.43,54.02,,,chemicals,chemicals,,5.5,0.07,0.36,0.07,0.37,1.42,0.91,2.8,,,2026-05-10,,,,,,,,,,,,,7095.5,6996.5,1.57,1.57,681.85,196.85,3.14,3.14,3.46,71.07,36086.68,4.22,3.43,3.84,22.86,37356850,51248574,,,,,,,,
2026-05-10T04:10:47.713,DELHIVERY,479.1,-0.55,,457.28,463.84,509.61,,,225.99,234.85,,,transportation,miscellaneous,,2.1,-0.0,-0.02,-0.09,-0.01,2.45,4.17,2.94,,,2026-05-10,,,,,,,,,,,,,487.5,475.85,3.2,3.2,38.03,14.11,3.06,3.06,2.7,111.21,35865.81,4.49,4.16,2.93,23.04,748608108,748608108,,,,,,,,
2026-05-10T04:10:47.713,WAAREEENER,3230.1,0.11,,3059.24,3270.55,3149.19,,,21.88,25.01,,,industrials,electric equipment,,-4.27,-0.12,-0.01,-0.12,-0.01,2.25,1.38,3.31,,,2026-05-10,,,,,,,,,,,,,3292.8,3220.3,3.15,3.15,153.81,107.04,3.01,3.01,1.44,56.12,92914.26,5.68,5.51,1.51,9.16,103009322,287651335,,,,,,,,
2026-05-10T04:10:47.713,JSWENERGY,571.2,-0.82,,545.27,571.97,569.67,,,59.25,43.77,,,power & utilities,power generation and supply,,0.18,0.02,0.04,-0.0,0.05,2.57,1.76,2.78,,,2026-05-10,,,,,,,,,,,,,577.8,563.3,2.57,2.57,56.7,15.88,3.37,3.37,3.57,70.13,100376.53,5.97,5.95,3.96,49.73,537472638,1757292260,,,,,,,,
2026-05-10T04:10:47.713,J&KBANK,141.76,1.53,,133.54,133.28,158.72,,,4.89,6.62,,,bank,banks - private sector,,4.8,0.27,0.31,0.21,0.3,2.45,9.38,4.02,,,2026-05-10,,,,,,,,,,,,,142.51,139.1,3.58,3.58,19.21,5.7,3.97,3.97,3.37,71.92,15610.36,9.74,8.16,3.9,46.7,447084183,1101182463,,,,,,,,
2026-05-09T23:34:39.092,M&MFIN,339.1,3.24,,318.67,308.36,400.58,,,12.56,16.3,,,financials,finance & investments,,6.84,0.0,0.23,-0.06,0.19,5.31,9.63,4.19,,,2026-05-09,,,,,,,,,,,,,341.0,323.8,5.59,5.59,16.59,14.19,3.67,3.67,1.17,123.79,47133.92,-2.04,-3.18,1.23,107.79,660388561,1389971160,,,,,,,,
2026-05-09T23:34:39.092,UNOMINDA,1178.9,2.9,,1119.74,1119.11,1298.47,,,61.4,59.63,,,auto,auto ancillaries,,-0.1,-0.12,-0.08,-0.16,-0.1,4.23,8.5,3.3,,,2026-05-09,,,,,,,,,,,,,1189.7,1141.4,6.65,6.65,75.7,38.93,3.36,3.36,1.94,110.17,68072.26,1.13,0.03,2.08,96.32,182660981,577421816,,,,,,,,
2026-05-09T23:34:39.092,CARTRADE,1954.9,1.72,,1801.11,1651.3,2562.11,,,36.2,41.78,,,consumer discretionary,miscellaneous,,11.21,-0.37,-0.22,-0.4,-0.24,4.99,18.8,5.9,,,2026-05-09,,,,,,,,,,,,,2012.2,1916.6,11.09,11.09,197.68,115.39,5.6,5.6,1.71,272.69,9359.68,1.48,-1.39,1.91,33.19,47878035,47878035,,,,,,,,
2026-05-09T23:34:39.092,IDEA,11.24,0.09,,10.63,10.44,12.83,,,-5.73,-4.26,,,telecom-service,telecommunications - service provider,,10.49,0.12,0.6,0.09,0.6,3.91,3.02,3.96,,,2026-05-09,,,,,,,,,,,,,11.44,11.01,3.91,3.91,1.49,0.45,3.42,3.42,3.35,108.96,121777.57,1.59,-0.83,3.86,51.72,80561956458,108343035001,,,,,,,,
2026-05-09T23:34:39.092,PAYTM,1187.1,-0.86,,1123.63,1127.38,1306.54,,,103.41,137.4,,,i.t,miscellaneous,,0.57,-0.17,-0.08,-0.14,-0.07,3.29,9.0,3.68,,,2026-05-09,,,,,,,,,,,,,1223.0,1184.1,7.72,7.72,101.51,43.64,3.13,3.13,2.33,117.04,75979.82,1.61,0.76,2.54,6.87,640045681,640045681,,,,,,,,
2026-05-09T23:34:39.092,JBMA,649.9,4.12,,612.68,628.27,693.15,,,69.73,72.78,,,auto,auto ancillaries,,-2.49,-0.06,-0.02,-0.12,-0.06,7.71,6.36,3.54,,,2026-05-09,,,,,,,,,,,,,663.5,616.0,7.71,7.71,75.04,23.0,3.65,3.65,3.26,105.26,15369.76,2.12,1.24,3.69,147.41,76785978,236494264,,,,,,,,
2026-05-09T23:34:39.092,IFCI,64.45,0.89,,60.53,60.46,72.43,,,322.25,96.19,,,financials,finance - term-lending institutions,,2.08,0.1,0.14,0.04,0.13,3.53,9.63,3.95,,,2026-05-09,,,,,,,,,,,,,66.0,63.75,7.67,7.67,7.64,2.55,4.16,4.16,3.0,229.96,17364.86,2.19,1.46,3.41,27.49,739037235,2694314331,,,,,,,,
2026-05-09T23:34:39.092,ABCAPITAL,362.95,-1.64,,344.92,353.45,381.95,,,21.05,25.2,,,financials,finance & investments,,5.53,0.02,0.24,0.02,0.26,2.35,0.44,3.22,,,2026-05-09,,,,,,,,,,,,,369.85,361.35,2.35,2.35,30.55,11.69,3.03,3.03,2.61,40.39,95078.6,2.28,1.62,2.85,13.68,824806142,2619606094,,,,,,,,
2026-05-09T23:34:39.092,NAVINFLUOR,7041.5,-0.61,,6718.58,6788.29,7547.92,,,42.43,54.02,,,chemicals,chemicals,,5.5,0.07,0.36,0.07,0.37,1.42,0.91,2.8,,,2026-05-09,,,,,,,,,,,,,7095.5,6996.5,1.57,1.57,681.85,196.85,3.14,3.14,3.46,71.07,36086.68,4.22,3.43,3.84,22.86,37356850,51248574,,,,,,,,
2026-05-09T23:34:39.092,DELHIVERY,479.1,-0.55,,457.28,463.84,509.61,,,225.99,234.85,,,transportation,miscellaneous,,2.1,-0.0,-0.02,-0.09,-0.01,2.45,4.17,2.94,,,2026-05-09,,,,,,,,,,,,,487.5,475.85,3.2,3.2,38.03,14.11,3.06,3.06,2.7,111.21,35865.81,4.49,4.16,2.93,23.04,748608108,748608108,,,,,,,,
2026-05-09T23:34:39.092,WAAREEENER,3230.1,0.11,,3059.24,3270.55,3149.19,,,21.88,25.01,,,industrials,electric equipment,,-4.27,-0.12,-0.01,-0.12,-0.01,2.25,1.38,3.31,,,2026-05-09,,,,,,,,,,,,,3292.8,3220.3,3.15,3.15,153.81,107.04,3.01,3.01,1.44,56.12,92914.26,5.68,5.51,1.51,9.16,103009322,287651335,,,,,,,,
2026-05-09T23:34:39.092,JSWENERGY,571.2,-0.82,,545.27,571.97,569.67,,,59.25,43.77,,,power & utilities,power generation and supply,,0.18,0.02,0.04,-0.0,0.05,2.57,1.76,2.78,,,2026-05-09,,,,,,,,,,,,,577.8,563.3,2.57,2.57,56.7,15.88,3.37,3.37,3.57,70.13,100376.53,5.97,5.95,3.96,49.73,537472638,1757292260,,,,,,,,
2026-05-09T23:34:39.092,J&KBANK,141.76,1.53,,133.54,133.28,158.72,,,4.89,6.62,,,bank,banks - private sector,,4.8,0.27,0.31,0.21,0.3,2.45,9.38,4.02,,,2026-05-09,,,,,,,,,,,,,142.51,139.1,3.58,3.58,19.21,5.7,3.97,3.97,3.37,71.92,15610.36,9.74,8.16,3.9,46.7,447084183,1101182463,,,,,,,,
2026-05-08T23:20:49.564,M&MFIN,339.1,3.24,,318.67,308.36,400.58,,,12.56,15.79,,,financials,finance & investments,,6.84,0.0,0.23,-0.06,0.19,5.31,9.63,4.19,,,2026-05-08,,,,,,,,,,,,,341.0,323.8,5.59,5.59,16.59,14.19,3.67,3.67,1.17,123.79,45653.6,-2.04,-3.18,1.23,107.79,660388561,1389971160,,,,,,,,
2026-05-08T23:20:49.564,UNOMINDA,1178.9,2.9,,1119.74,1119.11,1298.47,,,61.4,57.95,,,auto,auto ancillaries,,-0.1,-0.12,-0.08,-0.16,-0.1,4.23,8.5,3.3,,,2026-05-08,,,,,,,,,,,,,1189.7,1141.4,6.65,6.65,75.7,38.93,3.36,3.36,1.94,110.17,66155.22,1.13,0.03,2.08,96.32,182660981,577421816,,,,,,,,
2026-05-08T23:20:49.564,CARTRADE,1954.9,1.72,,1801.11,1651.3,2562.11,,,36.2,41.07,,,consumer discretionary,miscellaneous,,11.21,-0.37,-0.22,-0.4,-0.24,4.99,18.8,5.9,,,2026-05-08,,,,,,,,,,,,,2012.2,1916.6,11.09,11.09,197.68,115.39,5.6,5.6,1.71,272.69,9201.2,1.48,-1.39,1.91,33.19,47878035,47878035,,,,,,,,
2026-05-08T23:20:49.564,IDEA,11.24,0.09,,10.63,10.44,12.83,,,-5.73,-4.25,,,telecom-service,telecommunications - service provider,,10.49,0.12,0.6,0.09,0.6,3.91,3.02,3.96,,,2026-05-08,,,,,,,,,,,,,11.44,11.01,3.91,3.91,1.49,0.45,3.42,3.42,3.35,108.96,121669.23,1.59,-0.83,3.86,51.72,80561956458,108343035001,,,,,,,,
2026-05-08T23:20:49.564,PAYTM,1187.1,-0.86,,1123.63,1127.38,1306.54,,,103.41,138.59,,,i.t,miscellaneous,,0.57,-0.17,-0.08,-0.14,-0.07,3.29,9.0,3.68,,,2026-05-08,,,,,,,,,,,,,1223.0,1184.1,7.72,7.72,101.51,43.64,3.13,3.13,2.33,117.04,76639.07,1.61,0.76,2.54,6.87,640045681,640045681,,,,,,,,
2026-05-08T23:20:49.564,JBMA,649.9,4.12,,612.68,628.27,693.15,,,69.73,69.9,,,auto,auto ancillaries,,-2.49,-0.06,-0.02,-0.12,-0.06,7.71,6.36,3.54,,,2026-05-08,,,,,,,,,,,,,663.5,616.0,7.71,7.71,75.04,23.0,3.65,3.65,3.26,105.26,14761.97,2.12,1.24,3.69,147.41,76785978,236494264,,,,,,,,
2026-05-08T23:20:49.564,IFCI,64.45,0.89,,60.53,60.46,72.43,,,322.25,95.34,,,financials,finance - term-lending institutions,,2.08,0.1,0.14,0.04,0.13,3.53,9.63,3.95,,,2026-05-08,,,,,,,,,,,,,66.0,63.75,7.67,7.67,7.64,2.55,4.16,4.16,3.0,229.96,17211.28,2.19,1.46,3.41,27.49,739037235,2694314331,,,,,,,,
2026-05-08T23:20:49.564,ABCAPITAL,362.95,-1.64,,344.92,353.45,381.95,,,21.05,25.63,,,financials,finance & investments,,5.53,0.02,0.24,0.02,0.26,2.35,0.44,3.22,,,2026-05-08,,,,,,,,,,,,,369.85,361.35,2.35,2.35,30.55,11.69,3.03,3.03,2.61,40.39,96663.46,2.28,1.62,2.85,13.68,824806142,2619606094,,,,,,,,
2026-05-08T23:20:49.564,NAVINFLUOR,7041.5,-0.61,,6718.58,6788.29,7547.92,,,42.43,54.35,,,chemicals,chemicals,,5.5,0.07,0.36,0.07,0.37,1.42,0.91,2.8,,,2026-05-08,,,,,,,,,,,,,7095.5,6996.5,1.57,1.57,681.85,196.85,3.14,3.14,3.46,71.07,36309.61,4.22,3.43,3.84,22.86,37356850,51248574,,,,,,,,
2026-05-08T23:20:49.564,DELHIVERY,479.1,-0.55,,457.28,463.84,509.61,,,225.99,236.15,,,transportation,miscellaneous,,2.1,-0.0,-0.02,-0.09,-0.01,2.45,4.17,2.94,,,2026-05-08,,,,,,,,,,,,,487.5,475.85,3.2,3.2,38.03,14.11,3.06,3.06,2.7,111.21,36064.2,4.49,4.16,2.93,23.04,748608108,748608108,,,,,,,,
2026-05-08T23:20:49.564,WAAREEENER,3230.1,0.11,,3059.24,3270.55,3149.19,,,21.88,24.99,,,industrials,electric equipment,,-4.27,-0.12,-0.01,-0.12,-0.01,2.25,1.38,3.31,,,2026-05-08,,,,,,,,,,,,,3292.8,3220.3,3.15,3.15,153.81,107.04,3.01,3.01,1.44,56.12,92813.58,5.68,5.51,1.51,9.16,103009322,287651335,,,,,,,,
2026-05-08T23:20:49.564,JSWENERGY,571.2,-0.82,,545.27,571.97,569.67,,,59.25,44.13,,,power & utilities,power generation and supply,,0.18,0.02,0.04,-0.0,0.05,2.57,1.76,2.78,,,2026-05-08,,,,,,,,,,,,,577.8,563.3,2.57,2.57,56.7,15.88,3.37,3.37,3.57,70.13,101202.46,5.97,5.95,3.96,49.73,537472638,1757292260,,,,,,,,
2026-05-08T23:20:49.564,J&KBANK,141.76,1.53,,133.54,133.28,158.72,,,4.89,6.52,,,bank,banks - private sector,,4.8,0.27,0.31,0.21,0.3,2.45,9.38,4.02,,,2026-05-08,,,,,,,,,,,,,142.51,139.1,3.58,3.58,19.21,5.7,3.97,3.97,3.37,71.92,15375.81,9.74,8.16,3.9,46.7,447084183,1101182463,,,,,,,,
2026-04-24T09:19:50.769,UNOMINDA,1134.9,0.43,,1077.41,1094.32,1216.06,,,59.11,57.16,,,auto,auto ancillaries,,4.87,-0.13,0.01,-0.16,0.01,0.0,1.04,2.97,,,2026-04-24,,,,,,,,,,,,,1134.9,1134.9,1.04,1.04,14.11,33.7,3.23,3.23,0.42,0.03,65254.44,1.09,0.94,0.42,0.0,182660981,577421816,,,,,,,,
2026-04-24T09:19:50.769,MANAPPURAM,292.85,0.0,,278.91,272.44,333.68,,,25.96,64.22,,,financials,finance & investments,,10.38,-0.04,0.11,-0.06,0.11,0.0,4.11,2.87,,,2026-04-24,,,,,,,,,,,,,292.85,292.85,0.52,0.52,16.46,8.41,3.06,3.06,1.96,0.06,27508.46,1.42,0.22,2.07,0.0,640935088,939336102,,,,,,,,
2026-04-24T09:19:50.769,ABCAPITAL,349.95,0.06,,333.24,339.76,370.33,,,24.17,26.08,,,financials,finance & investments,,4.7,0.05,0.22,0.05,0.22,0.0,1.17,2.64,,,2026-04-24,,,,,,,,,,,,,349.95,349.95,0.87,0.87,18.63,9.22,3.1,3.1,2.02,0.03,91620.72,1.82,1.02,2.13,0.0,824806142,2619606094,,,,,,,,
2026-04-24T09:19:50.769,LTF,293.9,0.61,,279.69,282.41,316.87,,,24.91,25.97,,,financials,finance & investments,,4.94,0.01,0.41,-0.0,0.4,0.0,2.35,2.79,,,2026-04-24,,,,,,,,,,,,,293.9,293.9,2.35,2.35,17.47,8.21,3.08,3.08,2.13,0.13,73158.12,2.4,1.24,2.26,0.0,851855891,2504386016,,,,,,,,
2026-04-24T09:19:50.769,VBL,484.4,0.03,,462.68,462.14,528.92,,,163.65,53.99,,,fmcg,food - processing - indian,,7.77,-0.04,-0.06,-0.04,-0.06,0.0,1.68,2.98,,,2026-04-24,,,,,,,,,,,,,484.4,484.4,1.68,1.68,47.99,14.44,3.16,3.16,3.32,0.19,163777.92,4.21,-0.02,3.69,0.0,1371876665,3382094394,,,,,,,,
2026-04-24T09:19:50.769,TATAINVEST,720.0,0.44,,679.0,701.64,756.71,,,142.86,20.72,,,financials,finance & investments,,5.9,-0.2,-0.02,-0.25,-0.02,0.0,0.84,3.72,,,2026-04-24,,,,,,,,,,,,,720.0,720.0,0.84,0.84,75.14,26.81,4.27,4.27,2.8,0.13,36269.24,4.75,2.94,3.13,0.0,134663490,505952960,,,,,,,,
2026-04-24T09:19:50.769,FORTIS,932.0,0.57,,892.71,878.84,1038.31,,,90.66,72.86,,,healthcare,healthcare,,7.29,-0.18,0.05,-0.23,0.05,0.0,2.75,2.59,,,2026-04-24,,,,,,,,,,,,,932.0,932.0,2.04,2.04,55.95,24.12,3.06,3.06,2.32,0.26,69965.75,5.04,3.18,2.47,0.0,519662253,754958148,,,,,,,,
2026-04-24T09:19:50.769,ZYDUSWELL,499.0,0.03,,464.88,508.23,480.55,,,-99.8,11.29,,,fmcg,food - processing - indian,,-1.62,-0.06,0.23,-0.07,0.23,0.0,0.49,4.29,,,2026-04-24,,,,,,,,,,,,,499.0,499.0,0.49,0.49,65.76,21.39,5.75,5.75,3.07,0.01,15871.28,5.89,4.73,3.54,0.0,96606235,318157280,,,,,,,,
2026-04-24T09:19:50.769,SCI,293.7,0.38,,273.81,279.1,322.9,,,8.45,12.03,,,transportation,shipping,,10.45,0.08,0.35,0.16,0.35,0.0,0.75,4.57,,,2026-04-24,,,,,,,,,,,,,293.7,293.7,0.75,0.75,39.63,13.43,4.88,4.88,2.95,0.05,13629.28,6.76,6.09,3.41,0.0,168856033,465799010,,,,,,,,
2026-04-24T09:19:50.769,MAHABANK,77.7,0.5,,73.4,74.27,84.56,,,7.3,8.47,,,bank,banks - public sector,,8.11,0.2,0.39,0.18,0.39,0.0,0.9,3.64,,,2026-04-24,,,,,,,,,,,,,77.7,77.7,0.9,0.9,9.02,2.82,3.64,3.64,3.19,0.32,59463.41,7.26,6.37,3.61,0.0,2030495320,7691554950,,,,,,,,
2026-04-24T09:19:50.769,NETWEB,3928.0,0.63,,3683.66,3673.63,4436.74,,,75.89,124.15,,,i.t,computers - hardware,,10.52,-0.03,0.79,-0.08,0.78,0.0,1.57,4.13,,,2026-04-24,,,,,,,,,,,,,3928.0,3928.0,1.57,1.57,537.53,162.19,3.96,3.96,3.31,0.14,22226.23,7.66,5.61,3.84,0.0,18799145,56940687,,,,,,,,
2026-04-24T09:19:50.769,AGIIL,370.0,0.82,,338.68,362.38,385.23,,,43.22,14.23,,,realty,construction,,-0.12,0.28,0.67,0.25,0.66,0.0,5.11,5.69,,,2026-04-24,,,,,,,,,,,,,370.0,370.0,5.11,5.11,63.17,21.05,7.03,7.03,3.0,0.15,4587.4,7.68,6.04,3.62,0.0,35883288,124997388,,,,,,,,
2026-04-24T09:19:50.769,GLENMARK,2351.0,0.69,,2252.01,2206.54,2639.92,,,41.13,61.87,,,healthcare,pharmaceuticals - indian - bulk drugs & formln,,1.99,0.17,0.12,0.15,0.12,0.0,6.63,2.62,,,2026-04-24,,,,,,,,,,,,,2351.0,2351.0,6.28,6.28,216.58,61.71,3.1,3.1,3.51,1.28,65893.89,8.67,6.94,3.87,0.0,150548127,282200809,,,,,,,,
2026-04-23T09:17:41.981,PAYTM,1162.15,0.0,,1105.15,1129.19,1228.06,,,82.54,-430.43,,,i.t,miscellaneous,,5.2,-0.18,0.07,-0.19,0.07,0.0,0.49,2.58,,,2026-04-23,,,,,,,,,,,,,1162.15,1162.15,0.49,0.49,70.64,30.01,3.45,3.45,2.35,0.08,74382.91,0.38,-0.03,2.51,0.0,640045681,640045681,,,,,,,,
2026-04-23T09:17:41.981,ABCAPITAL,348.25,-0.7,,330.98,335.6,373.54,,,24.05,26.15,,,financials,finance & investments,,5.8,0.05,0.19,0.05,0.2,0.0,2.28,2.86,,,2026-04-23,,,,,,,,,,,,,348.25,348.25,0.68,0.68,17.0,9.95,3.25,3.25,1.71,0.2,91869.59,1.53,0.98,1.8,0.0,824806142,2619606094,,,,,,,,
2026-04-23T09:17:41.981,MANAPPURAM,293.95,-0.37,,279.49,268.1,345.65,,,26.06,64.7,,,financials,finance & investments,,8.04,-0.05,0.1,-0.06,0.1,0.0,8.83,3.13,,,2026-04-23,,,,,,,,,,,,,293.95,293.95,4.5,4.5,17.38,9.2,3.18,3.18,1.89,0.21,27715.11,1.64,0.2,2.01,0.0,640935088,939336102,,,,,,,,
2026-04-23T09:17:41.981,LTF,291.99,-0.7,,277.6,278.24,319.49,,,24.74,26.14,,,financials,finance & investments,,8.35,0.0,0.38,0.01,0.39,0.0,1.51,2.88,,,2026-04-23,,,,,,,,,,,,,291.99,291.99,0.24,0.24,15.73,8.4,3.24,3.24,1.87,0.08,73638.97,1.99,1.16,1.98,0.0,851855891,2504386016,,,,,,,,
2026-04-23T09:17:41.981,MUTHOOTFIN,3579.0,-0.22,,3405.16,3514.31,3708.37,,,12.81,16.52,,,financials,finance & investments,,3.53,0.01,0.31,-0.01,0.31,0.0,1.45,2.71,,,2026-04-23,,,,,,,,,,,,,3579.0,3579.0,0.21,0.21,135.98,97.11,3.1,3.1,1.4,0.05,144002.73,2.16,1.43,1.46,0.0,107004604,401468476,,,,,,,,
2026-04-23T09:17:41.981,AUBANK,1039.05,-0.4,,993.41,983.57,1150.0,,,29.06,33.62,,,bank,banks - private sector,,8.59,0.11,0.35,0.1,0.36,0.0,4.15,2.61,,,2026-04-23,,,,,,,,,,,,,1039.05,1039.05,0.68,0.68,84.55,27.09,3.21,3.21,3.12,0.15,78059.23,2.97,2.0,3.4,0.0,577968709,748267121,,,,,,,,
2026-04-23T09:17:41.981,FORTIS,919.5,-0.39,,879.63,864.86,1028.77,,,89.45,72.57,,,healthcare,healthcare,,8.27,-0.23,0.02,-0.23,0.03,0.0,3.2,2.72,,,2026-04-23,,,,,,,,,,,,,919.5,919.5,1.37,1.37,45.12,24.98,3.18,3.18,1.81,0.05,69690.19,4.14,3.04,1.9,0.0,519662253,754958148,,,,,,,,
2026-04-23T09:17:41.981,TATAINVEST,733.4,0.27,,691.96,689.94,820.31,,,145.52,21.14,,,financials,finance & investments,,10.15,-0.23,-0.01,-0.17,-0.01,0.0,3.44,3.77,,,2026-04-23,,,,,,,,,,,,,733.4,733.4,1.14,1.14,90.15,27.62,4.39,4.39,3.26,0.29,37005.4,4.86,2.75,3.72,0.0,134663490,505952960,,,,,,,,
2026-04-23T09:17:41.981,HSCL,522.0,-0.21,,495.17,484.09,597.82,,,33.98,36.71,,,chemicals,chemicals,,8.48,0.03,0.07,0.04,0.07,0.0,7.19,3.09,,,2026-04-23,,,,,,,,,,,,,522.0,522.0,2.54,2.54,57.26,16.11,4.02,4.02,3.56,0.38,26392.57,4.87,3.66,3.99,0.0,239682297,504541599,,,,,,,,
2026-04-23T09:17:41.981,GRAPHITE,736.55,-0.61,,690.83,675.63,858.4,,,52.61,43.98,,,industrials,electrodes - graphites,,13.38,0.22,0.34,0.24,0.35,0.0,3.56,3.96,,,2026-04-23,,,,,,,,,,,,,736.55,736.55,0.59,0.59,78.83,29.2,4.75,4.75,2.7,0.16,14478.31,5.15,4.33,3.02,0.0,67715949,195375594,,,,,,,,
2026-04-23T09:17:41.981,ZYDUSWELL,503.25,0.0,,468.64,507.33,495.09,,,-100.65,11.39,,,fmcg,food - processing - indian,,-0.01,-0.05,0.23,-0.02,0.23,0.0,0.55,4.41,,,2026-04-23,,,,,,,,,,,,,503.25,503.25,0.31,0.31,72.13,22.21,5.74,5.74,3.25,0.01,16011.27,5.51,4.65,3.79,0.0,96606235,318157280,,,,,,,,
2026-04-23T09:17:41.981,AGIIL,359.35,-0.1,,329.0,358.0,362.05,,,41.98,13.95,,,realty,construction,,3.11,0.23,0.61,0.22,0.62,0.0,0.39,5.51,,,2026-04-23,,,,,,,,,,,,,359.35,359.35,0.39,0.39,55.14,19.81,7.01,7.01,2.78,0.05,4496.16,6.45,5.91,3.29,0.0,35883288,124997388,,,,,,,,
2026-04-23T09:17:41.981,APOLLOPIPE,465.3,0.61,,427.97,451.44,493.03,,,-107.71,139.31,,,plastic products,plastics products,,0.14,0.28,0.12,0.28,0.11,0.0,4.49,5.12,,,2026-04-23,,,,,,,,,,,,,465.3,465.3,4.11,4.11,75.94,23.83,5.92,5.92,3.19,0.08,2037.23,10.2,10.14,3.81,0.0,21268206,44048206,,,,,,,,
2026-04-17T17:34:35.712,PAYTM,1161.65,1.11,,1095.66,1064.34,1356.26,,,82.5,-425.5,,,i.t,miscellaneous,,9.0,-0.16,0.05,-0.16,0.04,1.73,3.33,3.62,,,2026-04-17,,,,,,,,,,,,,1165.0,1145.15,3.63,3.63,67.43,42.02,3.87,3.87,1.6,62.54,73531.65,0.11,-0.4,1.7,39.27,640045681,640045681,,,,,,,,
2026-04-17T17:34:35.712,HBLENGINE,786.5,0.42,,738.61,708.14,943.21,,,24.73,27.26,,,auto,auto ancillaries,,14.15,-0.19,0.31,-0.22,0.3,2.17,3.34,3.97,,,2026-04-17,,,,,,,,,,,,,794.9,778.0,3.0,3.0,77.4,31.25,4.17,4.17,2.48,80.58,21711.29,0.5,0.36,2.75,27.2,113342637,277194946,,,,,,,,
2026-04-17T17:34:35.712,GMRAIRPORT,96.85,0.1,,91.56,91.23,108.1,,,201.77,-276.43,,,miscellaneous,miscellaneous,,8.53,-0.01,0.04,-0.0,0.04,2.22,1.1,3.6,,,2026-04-17,,,,,,,,,,,,,97.93,95.8,2.22,2.22,1.97,3.48,3.53,3.53,0.56,75.16,102158.09,1.86,1.36,0.58,30.14,3564696146,10558975952,,,,,,,,
2026-04-17T17:34:35.712,FORTIS,890.2,1.87,,847.98,814.15,1042.29,,,86.6,68.7,,,healthcare,healthcare,,8.39,-0.25,0.02,-0.26,0.0,3.52,4.06,3.23,,,2026-04-17,,,,,,,,,,,,,897.55,867.0,4.25,4.25,20.46,28.76,3.36,3.36,0.71,56.07,65975.79,3.03,2.53,0.73,80.67,519662253,754958148,,,,,,,,
2026-04-17T17:34:35.712,VOLTAS,1440.1,2.22,,1355.0,1240.47,1839.37,,,140.09,93.11,,,consumer discretionary,air-conditioners,,15.34,-0.06,0.04,-0.07,0.02,3.9,4.29,4.02,,,2026-04-17,,,,,,,,,,,,,1447.8,1393.5,4.37,4.37,22.42,57.87,4.23,4.23,0.39,113.16,46615.04,3.17,2.33,0.39,80.52,230631260,330884740,,,,,,,,
2026-04-17T17:34:35.712,ADANIPORTS,1573.4,1.52,,1499.53,1415.84,1888.53,,,28.02,26.85,,,transportation,miscellaneous,,10.5,-0.0,0.09,-0.01,0.08,1.89,6.25,3.13,,,2026-04-17,,,,,,,,,,,,,1578.5,1549.2,4.54,4.54,109.69,49.26,3.01,3.01,2.23,189.49,357067.58,3.74,2.45,2.39,49.12,736762860,2303959098,,,,,,,,
2026-04-17T17:34:35.712,TATAINVEST,712.65,0.38,,670.29,625.64,886.67,,,119.57,17.4,,,financials,finance & investments,,19.1,-0.3,0.02,-0.37,0.02,1.74,1.38,4.24,,,2026-04-17,,,,,,,,,,,,,717.3,705.0,2.04,2.04,77.49,30.19,4.12,4.12,2.57,38.79,35920.13,3.87,1.91,2.88,25.34,134663490,505952960,,,,,,,,
2026-04-17T17:34:35.712,HEG,633.0,0.98,,593.72,561.95,775.11,,,14.76,31.72,,,industrials,electrodes - graphites,,9.42,0.14,0.15,0.11,0.14,2.91,10.66,4.27,,,2026-04-17,,,,,,,,,,,,,646.25,628.0,9.53,9.53,91.0,27.05,4.55,4.55,3.36,121.07,12096.8,4.55,3.06,3.93,18.48,84368660,192977530,,,,,,,,
2026-04-17T17:34:35.712,JSWENERGY,538.05,0.39,,510.56,491.02,632.11,,,55.81,41.07,,,power & utilities,power generation and supply,,7.96,-0.09,-0.01,-0.09,-0.02,1.22,3.79,3.57,,,2026-04-17,,,,,,,,,,,,,540.7,534.2,4.07,4.07,47.58,19.2,3.4,3.4,2.48,112.16,93671.65,5.74,4.96,2.72,20.06,537172638,1747768451,,,,,,,,
2026-04-17T17:34:35.712,TORNTPOWER,1565.0,2.85,,1489.88,1393.23,1908.54,,,30.66,24.28,,,power & utilities,power generation and supply,,11.43,0.1,0.13,0.08,0.1,3.29,5.6,3.03,,,2026-04-17,,,,,,,,,,,,,1570.6,1520.6,4.15,4.15,111.09,47.35,3.31,3.31,2.35,138.24,76673.96,6.53,6.42,2.53,93.77,246460225,503903543,,,,,,,,
2026-04-17T17:34:35.712,KEI,4839.3,4.13,,4564.97,4219.88,6078.14,,,49.24,51.6,,,industrials,cables - power,,12.72,0.01,0.2,-0.03,0.15,5.0,6.71,3.83,,,2026-04-17,,,,,,,,,,,,,4866.2,4634.5,6.09,6.09,347.7,185.33,3.73,3.73,1.88,113.44,44429.42,6.61,5.65,2.02,110.51,62139603,95600595,,,,,,,,
2026-04-17T17:34:35.712,AMBER,7958.5,3.16,,7496.53,6714.72,10446.07,,,-256.73,161.16,,,consumer discretionary,air-conditioners,,18.05,-0.1,-0.04,-0.14,-0.07,3.61,9.58,3.97,,,2026-04-17,,,,,,,,,,,,,7992.5,7714.0,6.07,6.07,800.55,316.17,4.08,4.08,2.53,103.43,27133.47,7.1,6.57,2.82,77.33,21738805,35172042,,,,,,,,
2026-04-17T17:34:35.712,TATAPOWER,427.6,0.23,,409.63,395.09,492.61,,,44.36,35.97,,,power & utilities,power generation and supply,,7.59,-0.01,0.03,-0.0,0.03,1.74,4.29,2.9,,,2026-04-17,,,,,,,,,,,,,432.0,424.6,3.8,3.8,42.9,12.39,3.15,3.15,3.46,100.47,136313.19,7.35,7.11,3.85,24.22,1698081982,3195339547,,,,,,,,
2026-04-15T18:20:03.29,HDFCSILVER,,,,,,,,,,,,,,,,,,,,,,,,,,2026-04-15,,,,,,,,,,,,,,,,,,,,,,,,,,,,,,4.75,,,,,,,
2026-04-15T18:20:03.29,SBISILVER,,,,,,,,,,,,,,,,,,,,,,,,,,2026-04-15,,,,,,,,,,,,,,,,,,,,,,,,,,,,,,4.74,,,,,,,
2026-04-15T18:20:03.29,SILVERBETA,,,,,,,,,,,,,,,,,,,,,,,,,,2026-04-15,,,,,,,,,,,,,,,,,,,,,,,,,,,,,,4.66,,,,,,,
2026-04-15T18:20:03.29,TATSILV,,,,,,,,,,,,,,,,,,,,,,,,,,2026-04-15,,,,,,,,,,,,,,,,,,,,,,,,,,,,,,4.55,,,,,,,
2026-04-15T18:20:03.29,GROWWSLVR,,,,,,,,,,,,,,,,,,,,,,,,,,2026-04-15,,,,,,,,,,,,,,,,,,,,,,,,,,,,,,4.51,,,,,,,
2026-04-15T18:20:03.29,SILVERBEES,,,,,,,,,,,,,,,,,,,,,,,,,,2026-04-15,,,,,,,,,,,,,,,,,,,,,,,,,,,,,,4.49,,,,,,,
2026-04-15T18:20:03.29,SILVERIETF,,,,,,,,,,,,,,,,,,,,,,,,,,2026-04-15,,,,,,,,,,,,,,,,,,,,,,,,,,,,,,4.47,,,,,,,
2026-04-15T18:20:03.29,SILVER360,,,,,,,,,,,,,,,,,,,,,,,,,,2026-04-15,,,,,,,,,,,,,,,,,,,,,,,,,,,,,,4.33,,,,,,,
2026-04-15T18:20:03.29,AXISILVER,,,,,,,,,,,,,,,,,,,,,,,,,,2026-04-15,,,,,,,,,,,,,,,,,,,,,,,,,,,,,,4.29,,,,,,,
2026-04-15T18:20:03.29,SILVERBND,,,,,,,,,,,,,,,,,,,,,,,,,,2026-04-15,,,,,,,,,,,,,,,,,,,,,,,,,,,,,,4.24,,,,,,,
2026-04-15T18:20:03.29,ESILVER,,,,,,,,,,,,,,,,,,,,,,,,,,2026-04-15,,,,,,,,,,,,,,,,,,,,,,,,,,,,,,3.86,,,,,,,
2026-04-15T18:20:03.29,SILVER,,,,,,,,,,,,,,,,,,,,,,,,,,2026-04-15,,,,,,,,,,,,,,,,,,,,,,,,,,,,,,3.73,,,,,,,
2026-04-15T18:20:03.29,MOSILVER,,,,,,,,,,,,,,,,,,,,,,,,,,2026-04-15,,,,,,,,,,,,,,,,,,,,,,,,,,,,,,3.54,,,,,,,
2026-04-13T09:17:37.066,HBLENGINE,712.8,-2.44,,665.75,660.49,817.42,,,22.42,25.43,,,auto,auto ancillaries,,13.13,-0.26,0.2,-0.24,0.24,0.0,0.82,4.27,,,2026-04-13,,,,,,,,,,,,,712.8,712.8,0.0,0.0,5.33,30.45,4.11,,0.18,0.46,20253.25,0.27,0.04,0.18,0.0,113342637,277194946,,,,,,,,
2026-04-13T09:17:37.066,BOSCHLTD,36665.0,-1.78,,34850.96,32162.05,45670.9,,,50.76,39.94,,,auto,auto ancillaries,,21.85,-0.13,-0.06,-0.11,-0.05,0.0,2.34,3.69,,,2026-04-13,,,,,,,,,,,,,36665.0,36665.0,0.0,0.0,2693.5,1353.18,3.42,,1.99,0.59,110099.76,0.83,-0.15,2.15,0.0,8688416,29493640,,,,,,,,
2026-04-13T09:17:37.066,OLECTRA,1182.0,-0.19,,1100.3,1063.22,1419.57,,,52.3,67.98,,,auto,automobiles - lcvs / hcvs,,10.99,-0.28,-0.23,-0.29,-0.23,0.0,10.47,4.84,,,2026-04-13,,,,,,,,,,,,,1182.0,1182.0,4.2,4.2,164.41,57.25,5.72,,2.87,3.4,9720.41,1.71,0.86,3.34,0.0,41027737,82080737,,,,,,,,
2026-04-13T09:17:37.066,NYKAA,255.01,-1.73,,242.9,240.32,284.39,,,289.78,529.57,,,i.t,trading,,8.82,-0.11,0.16,-0.1,0.18,0.0,1.09,3.05,,,2026-04-13,,,,,,,,,,,,,255.01,255.01,0.0,0.0,0.46,7.78,3.03,,0.06,0.05,74279.63,3.64,3.19,0.06,0.0,1371131614,2862523756,,,,,,,,
2026-04-13T09:17:37.066,LAURUSLABS,1080.6,-1.62,,1028.08,1025.14,1191.52,,,57.85,70.23,,,healthcare,pharmaceuticals - indian - bulk drugs & formln,,8.13,0.14,0.25,0.16,0.27,0.0,0.61,3.01,,,2026-04-13,,,,,,,,,,,,,1080.6,1080.6,0.09,0.09,65.28,32.53,3.3,,2.01,0.26,59295.15,4.18,3.75,2.14,0.0,391424864,539856582,,,,,,,,
2026-04-13T09:17:37.066,GUJALKALI,609.95,-1.29,,558.89,609.12,611.62,,,-56.06,-528.16,,,chemicals,chemicals,,3.61,-0.01,-0.01,0.01,0.01,0.0,5.15,5.95,,,2026-04-13,,,,,,,,,,,,,609.95,609.95,0.0,0.0,110.89,36.29,8.33,,3.06,0.06,4538.03,5.18,4.48,3.73,0.0,38716249,73436928,,,,,,,,
2026-04-13T09:17:37.066,ADANIGREEN,1051.0,-3.16,,988.61,908.22,1336.55,,,-691.45,126.5,,,power & utilities,power generation and supply,,22.39,-0.09,0.04,-0.06,0.08,0.0,2.91,4.38,,,2026-04-13,,,,,,,,,,,,,1051.0,1051.0,1.01,1.01,132.21,46.04,4.18,,2.87,1.02,178776.26,5.42,1.65,3.28,0.0,618779519,1647176155,,,,,,,,
2026-04-13T09:17:37.066,ADANIENSOL,1120.0,-3.27,,1052.81,987.16,1385.68,,,60.87,61.56,,,power & utilities,power generation and supply,,13.48,0.11,0.33,0.14,0.37,0.0,6.38,4.48,,,2026-04-13,,,,,,,,,,,,,1120.0,1120.0,3.77,3.77,123.28,50.13,4.22,,2.46,0.72,139096.52,6.23,4.83,2.76,0.0,327599255,1201282642,,,,,,,,
2026-04-13T09:17:37.066,BELRISE,201.0,-2.47,,189.66,189.95,223.11,,,34.66,32.87,,,auto,auto ancillaries,,9.52,0.19,0.48,0.2,0.52,0.0,3.94,3.64,,,2026-04-13,,,,,,,,,,,,,201.0,201.0,0.0,0.0,15.12,7.32,3.84,,2.07,0.58,18339.52,7.15,6.77,2.23,0.0,298495928,889879192,,,,,,,,
2026-04-13T09:17:37.066,NATCOPHARM,1079.05,-2.28,,1019.98,1027.86,1181.42,,,31.89,12.7,,,healthcare,pharmaceuticals - indian - bulk drugs & formln,,10.85,0.18,0.08,0.24,0.11,0.0,0.0,3.72,,,2026-04-13,,,,,,,,,,,,,1079.05,1079.05,0.0,0.0,136.52,40.11,3.89,,3.4,0.3,19777.31,8.65,8.28,3.9,0.0,90479744,179109870,,,,,,,,
2026-04-13T09:17:37.066,QPOWER,952.1,-1.04,,881.73,866.46,1123.38,,,47.32,68.92,,,industrials,electric equipment,,14.88,-0.12,0.18,-0.13,0.19,0.0,5.44,4.89,,,2026-04-13,,,,,,,,,,,,,952.1,952.1,0.0,0.0,124.98,46.6,5.19,,2.68,0.67,7450.9,9.09,7.73,3.09,0.0,20204640,77444100,,,,,,,,
2026-04-13T09:17:37.066,KRN,940.0,-3.03,,872.83,877.42,1065.16,,,64.38,88.61,,,industrials,engineering,,12.86,0.02,0.08,0.07,0.11,0.0,0.0,4.37,,,2026-04-13,,,,,,,,,,,,,940.0,940.0,0.0,0.0,97.54,41.07,4.19,,2.37,0.19,6025.15,9.55,9.27,2.65,0.0,18156620,62156600,,,,,,,,
2026-04-13T09:17:37.066,APARINDS,11072.0,-2.38,,10303.94,9985.52,13244.96,,,53.22,46.8,,,industrials,electric equipment,,12.7,0.22,0.19,0.23,0.22,0.0,5.99,4.73,,,2026-04-13,,,,,,,,,,,,,11072.0,11072.0,2.27,2.27,1230.42,524.03,4.97,,2.35,0.36,45558.9,10.78,10.2,2.64,0.0,16964012,40168315,,,,,,,,
2026-04-02T12:31:44.187,NATIONALUM,393.8,-1.41,,,370.37,428.94,,0.29,11.33,11.94,57.0,,metals & mining,aluminium and aluminium products,15.81,,0.69,1.01,,,6.32,,,,,2026-04-02,,,,,,,,,,,,,,,,,,,,,,,,,,,,,,,377.5,358.45,96.74,358.64,335.42,28.7,
2026-04-02T12:31:44.187,ACMESOLAR,270.25,1.29,,,252.58,296.76,,0.95,35.94,32.98,63.06,,realty,engineering - turnkey services,32.32,,-0.14,-0.06,,,7.0,,,,,2026-04-02,,,,,,,,,,,,,,,,,,,,,,,,,,,,,,,259.11,251.0,-5.57,242.63,223.51,7.94,
2026-04-02T12:31:44.187,NATCOPHARM,1004.45,0.26,,,949.55,1086.8,,0.35,29.68,11.52,60.15,,healthcare,pharmaceuticals - indian - bulk drugs & formln,22.25,,0.15,-0.06,,,5.78,,,,,2026-04-02,,,,,,,,,,,,,,,,,,,,,,,,,,,,,,,958.88,955.0,16.06,929.7,879.18,5.11,
2026-04-02T12:31:44.187,INOXINDIA,1235.3,-0.79,,,1176.36,1323.71,,0.4,46.16,45.54,59.15,,industrials,packaging,19.71,,-0.02,-0.05,,,5.01,,,,,2026-04-02,,,,,,,,,,,,,,,,,,,,,,,,,,,,,,,1184.82,1148.9,7.29,1130.41,1054.75,3.99,
2026-04-02T12:31:44.187,KSB,816.1,-1.46,,,789.6,855.85,,0.17,43.88,53.29,61.67,,industrials,pumps,23.02,,-0.08,-0.1,,,3.36,,,,,2026-04-02,,,,,,,,,,,,,,,,,,,,,,,,,,,,,,,786.74,776.0,-1.92,749.96,711.2,2.22,
2026-04-02T12:31:44.187,DMART,4295.1,0.56,,,3818.24,5010.39,,1.72,81.66,97.0,71.38,,consumer discretionary,trading,16.95,,-0.11,0.02,,,12.49,,,,,2026-04-02,,,,,,,,,,,,,,,,,,,,,,,,,,,,,,,4106.49,3761.0,-8.21,3977.42,3765.06,1.47,
2026-04-02T12:31:44.187,LLOYDSME,1338.6,-0.67,,,1231.83,1498.76,,0.57,16.84,28.71,61.14,,metals & mining,mining / minerals / metals,16.75,,-0.0,-0.12,,,8.67,,,,,2026-04-02,,,,,,,,,,,,,,,,,,,,,,,,,,,,,,,1264.2,1234.4,1.59,1208.29,1124.96,0.46,
2026-04-02T12:31:44.187,NTPCGREEN,97.36,-0.87,,,96.21,99.09,,0.19,1217.0,148.8,56.71,,power & utilities,power generation and supply,22.94,,-0.09,-0.16,,,1.2,,,,,2026-04-02,,,,,,,,,,,,,,,,,,,,,,,,,,,,,,,93.49,90.8,-7.55,88.31,81.94,-0.9,
2026-04-02T12:31:44.187,PERSISTENT,5135.0,1.7,,,4657.98,5850.53,,0.42,45.6,45.27,57.79,,i.t,computers - software - large,28.32,,-0.05,-0.1,,,10.24,,,,,2026-04-02,,,,,,,,,,,,,,,,,,,,,,,,,,,,,,,4864.62,4825.0,-4.94,4789.17,4533.6,-2.13,
2026-04-02T12:31:44.187,MAHSEAMLES,582.25,0.3,,,554.07,624.53,,0.56,8.03,9.26,59.6,,industrials,steel - large,16.06,,-0.1,-0.22,,,5.09,,,,,2026-04-02,,,,,,,,,,,,,,,,,,,,,,,,,,,,,,,552.33,549.35,-11.13,536.61,505.08,-4.23,
2026-04-02T12:31:44.187,PAGEIND,33610.0,3.03,,,31018.29,37497.57,,2.12,49.45,48.57,60.35,,consumer discretionary,textiles - products,21.77,,-0.27,-0.31,,,8.36,,,,,2026-04-02,,,,,,,,,,,,,,,,,,,,,,,,,,,,,,,31580.5,31260.0,-25.58,31328.67,29987.67,-5.79,
2026-04-02T12:31:44.187,PRAJIND,324.45,-0.54,,,306.2,351.82,,0.15,-121.06,114.86,56.96,,industrials,engineering,23.22,,-0.11,-0.38,,,5.96,,,,,2026-04-02,,,,,,,,,,,,,,,,,,,,,,,,,,,,,,,310.95,309.8,-22.23,296.77,277.06,-10.02,
2026-04-02T12:31:44.187,ATHERENERG,761.65,-1.22,,,748.52,781.34,,0.49,-85.77,-37.93,56.73,,auto,automobiles - scooters and 3 - wheelers,16.48,,0.2,1.1,,,1.75,,,,,2026-04-02,,,,,,,,,,,,,,,,,,,,,,,,,,,,,,,730.1,742.15,53.35,682.52,636.41,NaN,
2026-04-01T08:03:51.04,NATIONALUM,386.1,4.07,,,370.39,409.67,,1.92,11.11,11.54,55.31,,metals & mining,aluminium and aluminium products,15.3,,0.74,0.96,,,4.24,,,,,2026-04-01,,,,,,,,,,,,,,,,,,,,,,,,,,,,,,,368.53,347.0,107.42,350.38,332.1,26.62,
2026-04-01T08:03:51.04,HONASA,298.25,0.0,,,271.45,338.45,,0.63,48.42,62.27,56.9,,services,trading,26.16,,-0.01,-0.04,,,9.87,,,,,2026-04-01,,,,,,,,,,,,,,,,,,,,,,,,,,,,,,,282.44,277.75,2.05,273.57,256.66,6.87,
2026-04-01T08:03:51.04,WAAREEENER,3109.8,0.56,,,2971.35,3317.48,,0.8,21.04,27.32,60.06,,industrials,electric equipment,22.19,,-0.13,-0.07,,,4.66,,,,,2026-04-01,,,,,,,,,,,,,,,,,,,,,,,,,,,,,,,2953.72,3014.0,-8.58,2847.46,2684.31,6.58,
2026-04-01T08:03:51.04,ONGC,284.65,0.96,,,261.92,318.75,,1.92,8.94,9.44,65.22,,energy,oil drilling / allied services,30.46,,0.09,0.13,,,8.68,,,,,2026-04-01,,,,,,,,,,,,,,,,,,,,,,,,,,,,,,,276.31,263.9,21.82,268.28,259.71,4.41,
2026-04-01T08:03:51.04,NATCOPHARM,974.2,-0.46,,,950.06,1010.41,,0.83,28.79,11.21,55.06,,healthcare,pharmaceuticals - indian - bulk drugs & formln,22.4,,0.13,-0.07,,,2.54,,,,,2026-04-01,,,,,,,,,,,,,,,,,,,,,,,,,,,,,,,941.09,924.4,13.11,897.76,874.02,4.06,
2026-04-01T08:03:51.04,IPCALAB,1601.2,0.96,,,1532.53,1704.21,,2.2,31.13,44.65,67.32,,healthcare,pharmaceuticals - indian - bulk drugs & formln,23.38,,0.12,0.05,,,4.48,,,,,2026-04-01,,,,,,,,,,,,,,,,,,,,,,,,,,,,,,,1522.63,1488.3,15.67,1480.74,1403.09,3.66,
2026-04-01T08:03:51.04,AUROPHARMA,1304.4,-0.75,,,1291.21,1324.18,,1.38,20.81,21.73,60.93,,healthcare,pharmaceuticals - indian - bulk drugs & formln,13.17,,0.1,0.09,,,1.02,,,,,2026-04-01,,,,,,,,,,,,,,,,,,,,,,,,,,,,,,,1272.14,1255.4,26.95,1233.17,1195.34,2.57,
2026-04-01T08:03:51.04,KSB,796.85,0.13,,,780.16,821.89,,0.6,42.84,51.28,59.19,,industrials,pumps,22.11,,-0.09,-0.12,,,2.14,,,,,2026-04-01,,,,,,,,,,,,,,,,,,,,,,,,,,,,,,,760.48,757.05,-3.51,728.8,691.66,2.04,
2026-04-01T08:03:51.04,DMART,3956.8,1.37,,,3746.84,4271.73,,3.77,75.22,89.87,57.67,,consumer discretionary,trading,12.22,,-0.2,-0.05,,,5.6,,,,,2026-04-01,,,,,,,,,,,,,,,,,,,,,,,,,,,,,,,3799.46,3630.0,-16.78,3703.51,3571.75,-0.07,
2026-04-01T08:03:51.04,DCMSHRIRAM,1116.5,0.38,,,1027.07,1250.65,,1.74,17.55,24.93,59.16,,miscellaneous,diversified - mega,23.83,,-0.11,-0.23,,,8.71,,,,,2026-04-01,,,,,,,,,,,,,,,,,,,,,,,,,,,,,,,1061.34,1000.0,-9.99,1023.04,967.95,-0.63,
2026-04-01T08:03:51.04,PREMIERENE,891.65,-0.24,,,858.42,941.49,,0.83,25.56,30.12,68.65,,services,trading,28.77,,-0.2,-0.2,,,3.87,,,,,2026-04-01,,,,,,,,,,,,,,,,,,,,,,,,,,,,,,,856.86,843.9,-10.26,825.74,785.45,-1.14,
2026-04-01T08:03:51.04,LLOYDSME,1271.7,-0.52,,,1200.51,1378.48,,0.71,16.0,27.09,55.81,,metals & mining,mining / minerals / metals,14.89,,-0.07,-0.17,,,5.93,,,,,2026-04-01,,,,,,,,,,,,,,,,,,,,,,,,,,,,,,,1209.71,1186.4,-1.32,1149.28,1081.76,-1.32,
2026-04-01T08:03:51.04,BALRAMCHIN,497.1,-0.02,,,480.66,521.75,,1.84,22.11,22.4,56.6,,fmcg,sugar,24.32,,0.01,-0.23,,,3.42,,,,,2026-04-01,,,,,,,,,,,,,,,,,,,,,,,,,,,,,,,478.73,443.0,-7.27,446.43,419.72,-1.99,
2026-03-31T23:39:46.359,NATIONALUM,386.1,4.07,,,370.39,409.67,,1.92,11.11,11.54,55.31,,metals & mining,aluminium and aluminium products,15.3,,0.74,0.96,,,4.24,,,,,2026-03-31,,,,,,,,,,,,,,,,,,,,,,,,,,,,,,,368.53,347.0,107.42,350.38,332.1,26.62,
2026-03-31T23:39:46.359,HONASA,298.25,0.0,,,271.45,338.45,,0.63,48.42,62.27,56.9,,services,trading,26.16,,-0.01,-0.04,,,9.87,,,,,2026-03-31,,,,,,,,,,,,,,,,,,,,,,,,,,,,,,,282.44,277.75,2.05,273.57,256.66,6.87,
2026-03-31T23:39:46.359,WAAREEENER,3109.8,0.56,,,2971.35,3317.48,,0.8,21.04,27.32,60.06,,industrials,electric equipment,22.19,,-0.13,-0.07,,,4.66,,,,,2026-03-31,,,,,,,,,,,,,,,,,,,,,,,,,,,,,,,2953.72,3014.0,-8.58,2847.46,2684.31,6.58,
2026-03-31T23:39:46.359,ONGC,284.65,0.96,,,261.92,318.75,,1.92,8.94,9.44,65.22,,energy,oil drilling / allied services,30.46,,0.09,0.13,,,8.68,,,,,2026-03-31,,,,,,,,,,,,,,,,,,,,,,,,,,,,,,,276.31,263.9,21.82,268.28,259.71,4.41,
2026-03-31T23:39:46.359,NATCOPHARM,974.2,-0.46,,,950.06,1010.41,,0.83,28.79,11.21,55.06,,healthcare,pharmaceuticals - indian - bulk drugs & formln,22.4,,0.13,-0.07,,,2.54,,,,,2026-03-31,,,,,,,,,,,,,,,,,,,,,,,,,,,,,,,941.09,924.4,13.11,897.76,874.02,4.06,
2026-03-31T23:39:46.359,IPCALAB,1601.2,0.96,,,1532.53,1704.21,,2.2,31.13,44.65,67.32,,healthcare,pharmaceuticals - indian - bulk drugs & formln,23.38,,0.12,0.05,,,4.48,,,,,2026-03-31,,,,,,,,,,,,,,,,,,,,,,,,,,,,,,,1522.63,1488.3,15.67,1480.74,1403.09,3.66,
2026-03-31T23:39:46.359,AUROPHARMA,1304.4,-0.75,,,1291.21,1324.18,,1.38,20.81,21.73,60.93,,healthcare,pharmaceuticals - indian - bulk drugs & formln,13.17,,0.1,0.09,,,1.02,,,,,2026-03-31,,,,,,,,,,,,,,,,,,,,,,,,,,,,,,,1272.14,1255.4,26.95,1233.17,1195.34,2.57,
2026-03-31T23:39:46.359,KSB,796.85,0.13,,,780.16,821.89,,0.6,42.84,51.28,59.19,,industrials,pumps,22.11,,-0.09,-0.12,,,2.14,,,,,2026-03-31,,,,,,,,,,,,,,,,,,,,,,,,,,,,,,,760.48,757.05,-3.51,728.8,691.66,2.04,
2026-03-31T23:39:46.359,DMART,3956.8,1.37,,,3746.84,4271.73,,3.77,75.22,89.87,57.67,,consumer discretionary,trading,12.22,,-0.2,-0.05,,,5.6,,,,,2026-03-31,,,,,,,,,,,,,,,,,,,,,,,,,,,,,,,3799.46,3630.0,-16.78,3703.51,3571.75,-0.07,
2026-03-31T23:39:46.359,DCMSHRIRAM,1116.5,0.38,,,1027.07,1250.65,,1.74,17.55,24.93,59.16,,miscellaneous,diversified - mega,23.83,,-0.11,-0.23,,,8.71,,,,,2026-03-31,,,,,,,,,,,,,,,,,,,,,,,,,,,,,,,1061.34,1000.0,-9.99,1023.04,967.95,-0.63,
2026-03-31T23:39:46.359,PREMIERENE,891.65,-0.24,,,858.42,941.49,,0.83,25.56,30.12,68.65,,services,trading,28.77,,-0.2,-0.2,,,3.87,,,,,2026-03-31,,,,,,,,,,,,,,,,,,,,,,,,,,,,,,,856.86,843.9,-10.26,825.74,785.45,-1.14,
2026-03-31T23:39:46.359,LLOYDSME,1271.7,-0.52,,,1200.51,1378.48,,0.71,16.0,27.09,55.81,,metals & mining,mining / minerals / metals,14.89,,-0.07,-0.17,,,5.93,,,,,2026-03-31,,,,,,,,,,,,,,,,,,,,,,,,,,,,,,,1209.71,1186.4,-1.32,1149.28,1081.76,-1.32,
2026-03-31T23:39:46.359,BALRAMCHIN,497.1,-0.02,,,480.66,521.75,,1.84,22.11,22.4,56.6,,fmcg,sugar,24.32,,0.01,-0.23,,,3.42,,,,,2026-03-31,,,,,,,,,,,,,,,,,,,,,,,,,,,,,,,478.73,443.0,-7.27,446.43,419.72,-1.99,
2026-03-30T23:38:18.295,NATIONALUM,386.1,4.07,,,370.39,409.67,,1.92,11.11,11.09,55.31,,metals & mining,aluminium and aluminium products,15.3,,0.74,0.96,,,4.24,,,,,2026-03-30,,,,,,,,,,,,,,,,,,,,,,,,,,,,,,,368.53,347.0,107.42,350.38,332.1,26.62,
2026-03-30T23:38:18.295,HONASA,298.25,0.0,,,271.45,338.45,,0.63,48.42,62.27,56.9,,services,trading,26.16,,-0.01,-0.04,,,9.87,,,,,2026-03-30,,,,,,,,,,,,,,,,,,,,,,,,,,,,,,,282.44,277.75,2.05,273.57,256.66,6.87,
2026-03-30T23:38:18.295,WAAREEENER,3109.8,0.56,,,2971.35,3317.48,,0.8,21.04,27.17,60.06,,industrials,electric equipment,22.19,,-0.13,-0.07,,,4.66,,,,,2026-03-30,,,,,,,,,,,,,,,,,,,,,,,,,,,,,,,2953.72,3014.0,-8.58,2847.46,2684.31,6.58,
2026-03-30T23:38:18.295,ONGC,284.65,0.96,,,261.92,318.75,,1.92,8.94,9.35,65.22,,energy,oil drilling / allied services,30.46,,0.09,0.13,,,8.68,,,,,2026-03-30,,,,,,,,,,,,,,,,,,,,,,,,,,,,,,,276.31,263.9,21.82,268.28,259.71,4.41,
2026-03-30T23:38:18.295,NATCOPHARM,974.2,-0.46,,,950.06,1010.41,,0.83,28.79,11.26,55.06,,healthcare,pharmaceuticals - indian - bulk drugs & formln,22.4,,0.13,-0.07,,,2.54,,,,,2026-03-30,,,,,,,,,,,,,,,,,,,,,,,,,,,,,,,941.09,924.4,13.11,897.76,874.02,4.06,
2026-03-30T23:38:18.295,IPCALAB,1601.2,0.96,,,1532.53,1704.21,,2.2,31.13,44.23,67.32,,healthcare,pharmaceuticals - indian - bulk drugs & formln,23.38,,0.12,0.05,,,4.48,,,,,2026-03-30,,,,,,,,,,,,,,,,,,,,,,,,,,,,,,,1522.63,1488.3,15.67,1480.74,1403.09,3.66,
2026-03-30T23:38:18.295,AUROPHARMA,1304.4,-0.75,,,1291.21,1324.18,,1.38,20.81,21.89,60.93,,healthcare,pharmaceuticals - indian - bulk drugs & formln,13.17,,0.1,0.09,,,1.02,,,,,2026-03-30,,,,,,,,,,,,,,,,,,,,,,,,,,,,,,,1272.14,1255.4,26.95,1233.17,1195.34,2.57,
2026-03-30T23:38:18.295,KSB,796.85,0.13,,,780.16,821.89,,0.6,42.84,51.21,59.19,,industrials,pumps,22.11,,-0.09,-0.12,,,2.14,,,,,2026-03-30,,,,,,,,,,,,,,,,,,,,,,,,,,,,,,,760.48,757.05,-3.51,728.8,691.66,2.04,
2026-03-30T23:38:18.295,DMART,3956.8,1.37,,,3746.84,4271.73,,3.77,75.22,88.65,57.67,,consumer discretionary,trading,12.22,,-0.2,-0.05,,,5.6,,,,,2026-03-30,,,,,,,,,,,,,,,,,,,,,,,,,,,,,,,3799.46,3630.0,-16.78,3703.51,3571.75,-0.07,
2026-03-30T23:38:18.295,DCMSHRIRAM,1116.5,0.38,,,1027.07,1250.65,,1.74,17.55,24.84,59.16,,miscellaneous,diversified - mega,23.83,,-0.11,-0.23,,,8.71,,,,,2026-03-30,,,,,,,,,,,,,,,,,,,,,,,,,,,,,,,1061.34,1000.0,-9.99,1023.04,967.95,-0.63,
2026-03-30T23:38:18.295,PREMIERENE,891.65,-0.24,,,858.42,941.49,,0.83,25.56,30.2,68.65,,services,trading,28.77,,-0.2,-0.2,,,3.87,,,,,2026-03-30,,,,,,,,,,,,,,,,,,,,,,,,,,,,,,,856.86,843.9,-10.26,825.74,785.45,-1.14,
2026-03-30T23:38:18.295,LLOYDSME,1271.7,-0.52,,,1200.51,1378.48,,0.71,16.0,27.23,55.81,,metals & mining,mining / minerals / metals,14.89,,-0.07,-0.17,,,5.93,,,,,2026-03-30,,,,,,,,,,,,,,,,,,,,,,,,,,,,,,,1209.71,1186.4,-1.32,1149.28,1081.76,-1.32,
2026-03-30T23:38:18.295,BALRAMCHIN,497.1,-0.02,,,480.66,521.75,,1.84,22.11,22.41,56.6,,fmcg,sugar,24.32,,0.01,-0.23,,,3.42,,,,,2026-03-30,,,,,,,,,,,,,,,,,,,,,,,,,,,,,,,478.73,443.0,-7.27,446.43,419.72,-1.99,
2026-03-29T23:32:26.388,SYRMA,818.2,0.06,,,723.81,959.78,,1.1,38.38,53.72,56.48,,consumer discretionary,electronics - components,18.44,,-0.06,0.16,,,13.04,,,,,2026-03-29,,,,,,,,,,,,,,,,,,,,,,,,,,,,,,,789.98,735.7,10.83,737.06,699.46,17.17,
2026-03-29T23:32:26.388,EMCURE,1652.7,3.72,,,1486.35,1902.23,,3.85,33.98,36.01,66.18,,healthcare,pharmaceuticals - indian - bulk drugs & formln,14.54,,0.19,0.18,,,11.19,,,,,2026-03-29,,,,,,,,,,,,,,,,,,,,,,,,,,,,,,,1544.77,1443.8,15.44,1511.61,1424.89,14.21,
2026-03-29T23:32:26.388,DELHIVERY,428.75,-0.37,,,402.62,467.95,,2.24,202.24,210.17,54.23,,transportation,miscellaneous,14.03,,-0.11,0.02,,,6.49,,,,,2026-03-29,,,,,,,,,,,,,,,,,,,,,,,,,,,,,,,412.29,402.0,-8.53,400.26,380.24,13.87,
2026-03-29T23:32:26.388,GESHIP,1415.0,-0.11,,,1407.84,1425.74,,0.6,6.22,8.93,55.68,,transportation,shipping,21.85,,0.31,0.38,,,0.51,,,,,2026-03-29,,,,,,,,,,,,,,,,,,,,,,,,,,,,,,,1373.18,1346.0,51.46,1291.96,1227.78,11.89,
2026-03-29T23:32:26.388,ADANIPOWER,153.92,0.18,,,148.22,162.47,,1.02,29.83,8.52,60.69,,power & utilities,power generation and supply,16.67,,-0.03,0.22,,,3.85,,,,,2026-03-29,,,,,,,,,,,,,,,,,,,,,,,,,,,,,,,148.53,144.65,29.41,141.49,133.52,11.23,
2026-03-29T23:32:26.388,GLENMARK,2170.5,0.09,,,2142.75,2212.13,,1.41,37.97,57.51,54.66,,healthcare,pharmaceuticals - indian - bulk drugs & formln,11.31,,0.01,-0.06,,,1.3,,,,,2026-03-29,,,,,,,,,,,,,,,,,,,,,,,,,,,,,,,2103.67,2078.3,12.08,2023.16,1930.55,10.6,
2026-03-29T23:32:26.388,ACMESOLAR,269.41,6.02,,,243.0,309.03,,8.89,35.83,33.3,64.46,,realty,engineering - turnkey services,27.41,,-0.07,-0.11,,,10.87,,,,,2026-03-29,,,,,,,,,,,,,,,,,,,,,,,,,,,,,,,246.14,234.8,-5.59,238.13,219.26,7.27,
2026-03-29T23:32:26.388,HONASA,298.25,1.5,,,269.34,341.62,,0.59,48.42,62.27,56.9,,services,trading,25.31,,-0.03,-0.0,,,10.74,,,,,2026-03-29,,,,,,,,,,,,,,,,,,,,,,,,,,,,,,,281.31,277.75,1.71,273.27,256.74,6.67,
2026-03-29T23:32:26.388,AUROPHARMA,1314.2,0.49,,,1287.27,1354.6,,1.09,20.97,21.89,63.55,,healthcare,pharmaceuticals - indian - bulk drugs & formln,13.2,,0.11,0.12,,,2.09,,,,,2026-03-29,,,,,,,,,,,,,,,,,,,,,,,,,,,,,,,1270.08,1255.4,28.06,1236.88,1191.69,3.32,
2026-03-29T23:32:26.388,NLCINDIA,270.4,1.1,,,252.29,297.57,,1.2,12.95,13.6,57.97,,power & utilities,power generation and supply,13.56,,-0.11,0.15,,,7.18,,,,,2026-03-29,,,,,,,,,,,,,,,,,,,,,,,,,,,,,,,260.48,250.4,18.88,247.8,233.76,2.57,
2026-03-29T23:32:26.388,SUNPHARMA,1793.6,-0.1,,,1774.23,1822.66,,1.07,32.03,39.42,56.35,,healthcare,pharmaceuticals - indian - bulk drugs & formln,20.14,,0.04,0.03,,,1.09,,,,,2026-03-29,,,,,,,,,,,,,,,,,,,,,,,,,,,,,,,1749.3,1741.1,13.12,1716.52,1684.11,0.9,
2026-03-29T23:32:26.388,DCMSHRIRAM,1112.3,-0.66,,,1012.68,1261.73,,0.86,17.49,24.84,58.52,,miscellaneous,diversified - mega,25.15,,-0.11,-0.21,,,9.84,,,,,2026-03-29,,,,,,,,,,,,,,,,,,,,,,,,,,,,,,,1072.9,1000.0,-10.1,1019.6,960.78,0.62,
2026-03-29T23:32:26.388,ATHERENERG,796.35,2.54,,,727.74,899.27,,2.12,-89.68,-39.17,68.84,,auto,automobiles - scooters and 3 - wheelers,17.5,,0.36,1.24,,,9.43,,,,,2026-03-29,,,,,,,,,,,,,,,,,,,,,,,,,,,,,,,743.87,717.05,85.31,716.42,663.02,NaN,
2026-03-28T23:31:06.087,SYRMA,818.2,0.06,,,723.81,959.78,,1.1,38.38,53.72,56.48,,consumer discretionary,electronics - components,18.44,,-0.06,0.16,,,13.04,,,,,2026-03-28,,,,,,,,,,,,,,,,,,,,,,,,,,,,,,,789.98,735.7,10.83,737.06,699.46,17.17,
2026-03-28T23:31:06.087,EMCURE,1652.7,3.72,,,1486.35,1902.23,,3.85,33.98,36.01,66.18,,healthcare,pharmaceuticals - indian - bulk drugs & formln,14.54,,0.19,0.18,,,11.19,,,,,2026-03-28,,,,,,,,,,,,,,,,,,,,,,,,,,,,,,,1544.77,1443.8,15.44,1511.61,1424.89,14.21,
2026-03-28T23:31:06.087,DELHIVERY,428.75,-0.37,,,402.62,467.95,,2.24,202.24,210.17,54.23,,transportation,miscellaneous,14.03,,-0.11,0.02,,,6.49,,,,,2026-03-28,,,,,,,,,,,,,,,,,,,,,,,,,,,,,,,412.29,402.0,-8.53,400.26,380.24,13.87,
2026-03-28T23:31:06.087,GESHIP,1415.0,-0.11,,,1407.84,1425.74,,0.6,6.22,8.93,55.68,,transportation,shipping,21.85,,0.31,0.38,,,0.51,,,,,2026-03-28,,,,,,,,,,,,,,,,,,,,,,,,,,,,,,,1373.18,1346.0,51.46,1291.96,1227.78,11.89,
2026-03-28T23:31:06.087,ADANIPOWER,153.92,0.18,,,148.22,162.47,,1.02,29.83,8.52,60.69,,power & utilities,power generation and supply,16.67,,-0.03,0.22,,,3.85,,,,,2026-03-28,,,,,,,,,,,,,,,,,,,,,,,,,,,,,,,148.53,144.65,29.41,141.49,133.52,11.23,
2026-03-28T23:31:06.087,GLENMARK,2170.5,0.09,,,2142.75,2212.13,,1.41,37.97,57.51,54.66,,healthcare,pharmaceuticals - indian - bulk drugs & formln,11.31,,0.01,-0.06,,,1.3,,,,,2026-03-28,,,,,,,,,,,,,,,,,,,,,,,,,,,,,,,2103.67,2078.3,12.08,2023.16,1930.55,10.6,
2026-03-28T23:31:06.087,ACMESOLAR,269.41,6.02,,,243.0,309.03,,8.89,35.83,33.3,64.46,,realty,engineering - turnkey services,27.41,,-0.07,-0.11,,,10.87,,,,,2026-03-28,,,,,,,,,,,,,,,,,,,,,,,,,,,,,,,246.14,234.8,-5.59,238.13,219.26,7.27,
2026-03-28T23:31:06.087,HONASA,298.25,1.5,,,269.34,341.62,,0.59,48.42,62.27,56.9,,services,trading,25.31,,-0.03,-0.0,,,10.74,,,,,2026-03-28,,,,,,,,,,,,,,,,,,,,,,,,,,,,,,,281.31,277.75,1.71,273.27,256.74,6.67,
2026-03-28T23:31:06.087,AUROPHARMA,1314.2,0.49,,,1287.27,1354.6,,1.09,20.97,21.89,63.55,,healthcare,pharmaceuticals - indian - bulk drugs & formln,13.2,,0.11,0.12,,,2.09,,,,,2026-03-28,,,,,,,,,,,,,,,,,,,,,,,,,,,,,,,1270.08,1255.4,28.06,1236.88,1191.69,3.32,
2026-03-28T23:31:06.087,NLCINDIA,270.4,1.1,,,252.29,297.57,,1.2,12.95,13.6,57.97,,power & utilities,power generation and supply,13.56,,-0.11,0.15,,,7.18,,,,,2026-03-28,,,,,,,,,,,,,,,,,,,,,,,,,,,,,,,260.48,250.4,18.88,247.8,233.76,2.57,
2026-03-28T23:31:06.087,SUNPHARMA,1793.6,-0.1,,,1774.23,1822.66,,1.07,32.03,39.42,56.35,,healthcare,pharmaceuticals - indian - bulk drugs & formln,20.14,,0.04,0.03,,,1.09,,,,,2026-03-28,,,,,,,,,,,,,,,,,,,,,,,,,,,,,,,1749.3,1741.1,13.12,1716.52,1684.11,0.9,
2026-03-28T23:31:06.087,DCMSHRIRAM,1112.3,-0.66,,,1012.68,1261.73,,0.86,17.49,24.84,58.52,,miscellaneous,diversified - mega,25.15,,-0.11,-0.21,,,9.84,,,,,2026-03-28,,,,,,,,,,,,,,,,,,,,,,,,,,,,,,,1072.9,1000.0,-10.1,1019.6,960.78,0.62,
2026-03-28T23:31:06.087,ATHERENERG,796.35,2.54,,,727.74,899.27,,2.12,-89.68,-39.17,68.84,,auto,automobiles - scooters and 3 - wheelers,17.5,,0.36,1.24,,,9.43,,,,,2026-03-28,,,,,,,,,,,,,,,,,,,,,,,,,,,,,,,743.87,717.05,85.31,716.42,663.02,NaN,
2026-03-27T22:59:15.952,SYRMA,818.2,0.06,,,723.81,959.78,,1.1,38.38,53.69,56.48,,consumer discretionary,electronics - components,18.44,,-0.06,0.16,,,13.04,,,,,2026-03-27,,,,,,,,,,,,,,,,,,,,,,,,,,,,,,,789.98,735.7,10.83,737.06,699.46,17.17,
2026-03-27T22:59:15.952,EMCURE,1652.7,3.72,,,1486.35,1902.23,,3.85,33.98,34.71,66.18,,healthcare,pharmaceuticals - indian - bulk drugs & formln,14.54,,0.19,0.18,,,11.19,,,,,2026-03-27,,,,,,,,,,,,,,,,,,,,,,,,,,,,,,,1544.77,1443.8,15.44,1511.61,1424.89,14.21,
2026-03-27T22:59:15.952,DELHIVERY,428.75,-0.37,,,402.62,467.95,,2.24,202.24,210.96,54.23,,transportation,miscellaneous,14.03,,-0.11,0.02,,,6.49,,,,,2026-03-27,,,,,,,,,,,,,,,,,,,,,,,,,,,,,,,412.29,402.0,-8.53,400.26,380.24,13.87,
2026-03-27T22:59:15.952,GESHIP,1415.0,-0.11,,,1407.84,1425.74,,0.6,6.22,8.94,55.68,,transportation,shipping,21.85,,0.31,0.38,,,0.51,,,,,2026-03-27,,,,,,,,,,,,,,,,,,,,,,,,,,,,,,,1373.18,1346.0,51.46,1291.96,1227.78,11.89,
2026-03-27T22:59:15.952,ADANIPOWER,153.92,0.18,,,148.22,162.47,,1.02,29.83,8.51,60.69,,power & utilities,power generation and supply,16.67,,-0.03,0.22,,,3.85,,,,,2026-03-27,,,,,,,,,,,,,,,,,,,,,,,,,,,,,,,148.53,144.65,29.41,141.49,133.52,11.23,
2026-03-27T22:59:15.952,GLENMARK,2170.5,0.09,,,2142.75,2212.13,,1.41,37.97,57.46,54.66,,healthcare,pharmaceuticals - indian - bulk drugs & formln,11.31,,0.01,-0.06,,,1.3,,,,,2026-03-27,,,,,,,,,,,,,,,,,,,,,,,,,,,,,,,2103.67,2078.3,12.08,2023.16,1930.55,10.6,
2026-03-27T22:59:15.952,ACMESOLAR,269.41,6.02,,,243.0,309.03,,8.89,35.83,31.41,64.46,,realty,engineering - turnkey services,27.41,,-0.07,-0.11,,,10.87,,,,,2026-03-27,,,,,,,,,,,,,,,,,,,,,,,,,,,,,,,246.14,234.8,-5.59,238.13,219.26,7.27,
2026-03-27T22:59:15.952,HONASA,298.25,1.5,,,269.34,341.62,,0.59,48.42,61.35,56.9,,services,trading,25.31,,-0.03,-0.0,,,10.74,,,,,2026-03-27,,,,,,,,,,,,,,,,,,,,,,,,,,,,,,,281.31,277.75,1.71,273.27,256.74,6.67,
2026-03-27T22:59:15.952,AUROPHARMA,1314.2,0.49,,,1287.27,1354.6,,1.09,20.97,21.78,63.55,,healthcare,pharmaceuticals - indian - bulk drugs & formln,13.2,,0.11,0.12,,,2.09,,,,,2026-03-27,,,,,,,,,,,,,,,,,,,,,,,,,,,,,,,1270.08,1255.4,28.06,1236.88,1191.69,3.32,
2026-03-27T22:59:15.952,NLCINDIA,270.4,1.1,,,252.29,297.57,,1.2,12.95,13.45,57.97,,power & utilities,power generation and supply,13.56,,-0.11,0.15,,,7.18,,,,,2026-03-27,,,,,,,,,,,,,,,,,,,,,,,,,,,,,,,260.48,250.4,18.88,247.8,233.76,2.57,
2026-03-27T22:59:15.952,SUNPHARMA,1793.6,-0.1,,,1774.23,1822.66,,1.07,32.03,39.46,56.35,,healthcare,pharmaceuticals - indian - bulk drugs & formln,20.14,,0.04,0.03,,,1.09,,,,,2026-03-27,,,,,,,,,,,,,,,,,,,,,,,,,,,,,,,1749.3,1741.1,13.12,1716.52,1684.11,0.9,
2026-03-27T22:59:15.952,DCMSHRIRAM,1112.3,-0.66,,,1012.68,1261.73,,0.86,17.49,25.0,58.52,,miscellaneous,diversified - mega,25.15,,-0.11,-0.21,,,9.84,,,,,2026-03-27,,,,,,,,,,,,,,,,,,,,,,,,,,,,,,,1072.9,1000.0,-10.1,1019.6,960.78,0.62,
2026-03-27T22:59:15.952,ATHERENERG,796.35,2.54,,,727.74,899.27,,2.12,-89.68,-38.2,68.84,,auto,automobiles - scooters and 3 - wheelers,17.5,,0.36,1.24,,,9.43,,,,,2026-03-27,,,,,,,,,,,,,,,,,,,,,,,,,,,,,,,743.87,717.05,85.31,716.42,663.02,NaN,
2026-03-11T14:11:05.063,LINCOLN,626.0,-0.57,,587.77,638.84,600.31,,0.35,10.96,14.35,64.51,63.57,healthcare,pharmaceuticals - indian - formulations,57.63,-4.38,0.03,0.07,0.03,0.08,3.35,3.47,3.97,,5.56,2026-03-11,,,,,625.75,,,,,,,,646.7,,4.78,4.78,94.5,24.86,,,,,,,,,1.01,,,,,,,,,,646.7
2026-03-11T14:11:05.063,PFOCUS,279.95,-0.04,,258.11,269.5,300.84,,0.36,76.91,-60.36,59.3,73.29,realty,miscellaneous,34.01,2.89,0.36,0.98,0.35,0.98,1.87,5.8,4.73,,5.48,2026-03-11,,,,,278.25,,,,,,,,283.45,,2.66,2.66,28.95,13.25,,,,,,,,,12.83,,,,,,,,,,283.45
2026-03-11T14:11:05.063,LGBBROSLTD,1950.0,0.82,,1819.48,1840.03,2169.94,,0.64,17.58,18.52,56.12,62.16,auto,bearings,14.75,-3.89,0.34,0.49,0.32,0.48,3.77,13.97,4.73,,4.61,2026-03-11,,,,,1901.8,,,,,,,,1973.5,,10.41,10.41,113.37,92.24,,,,,,,,,52.26,,,,,,,,,,1973.5
2026-03-11T14:11:05.063,HAPPYFORGE,1301.6,-0.73,,1223.33,1303.53,1297.74,,0.43,38.88,43.26,57.82,66.07,industrials,castings & forgings,33.68,-7.67,0.32,0.3,0.32,0.31,3.62,9.38,4.39,,4.46,2026-03-11,,,,,1298.0,,,,,,,,1345.0,,10.26,10.26,126.36,57.17,,,,,,,,,6.3,,,,,,,,,,1345.0
2026-03-11T14:11:05.063,CIEINDIA,473.65,2.44,,445.84,468.52,483.9,,0.42,22.01,21.19,56.73,64.53,industrials,castings & forgings,38.85,-4.83,0.09,0.02,0.05,0.0,2.92,7.4,4.24,,4.25,2026-03-11,,,,,462.6,,,,,,,,476.1,,5.66,5.66,37.32,20.08,,,,,,,,,55.03,,,,,,,,,,476.1
2026-03-11T14:11:05.063,SHRIPISTON,3071.2,1.42,,2874.23,2959.34,3294.92,,0.59,27.49,24.56,53.23,57.04,auto,auto ancillaries,14.58,-4.67,0.08,0.2,0.04,0.18,4.38,10.45,4.51,,4.09,2026-03-11,,,,,2999.6,,,,,,,,3131.0,,9.41,9.41,61.88,138.39,,,,,,,,,51.74,,,,,,,,,,3131.0
2026-03-11T14:11:05.063,VOLTAMP,8580.0,-1.43,,8129.41,8741.45,8257.1,,0.52,21.9,24.86,56.33,56.94,industrials,electric equipment,29.88,-2.53,0.11,-0.11,0.06,-0.09,3.26,2.45,3.71,,3.49,2026-03-11,,,,,8570.5,,,,,,,,8850.0,,3.84,3.84,714.61,318.72,,,,,,,,,2.98,,,,,,,,,,8850.0
2026-03-11T14:11:05.063,INGERRAND,3920.0,0.87,,3743.98,3948.08,3863.83,,0.23,43.04,47.39,62.21,57.03,industrials,compressors / drilling equipment,43.31,-3.43,-0.07,-0.0,-0.09,-0.01,2.44,5.87,3.25,,3.34,2026-03-11,,,,,3884.5,,,,,,,,3979.1,,3.81,3.81,375.18,127.41,,,,,,,,,27.86,,,,,,,,,,3979.1
2026-03-11T14:11:05.063,BHARATFORG,1822.7,-1.06,,1737.19,1917.59,1632.92,,0.3,82.4,77.93,57.98,71.95,industrials,castings & forgings,34.9,-4.85,0.39,0.35,0.4,0.36,2.35,0.71,3.37,,3.31,2026-03-11,,,,,1820.1,,,,,,,,1862.8,,2.35,2.35,212.38,61.46,,,,,,,,,4.23,,,,,,,,,,1862.8
2026-03-11T14:11:05.063,SIEMENS,3287.5,0.39,,3123.59,3249.26,3363.98,,0.64,105.37,65.92,54.61,55.37,industrials,electric equipment,14.81,-0.21,-0.05,0.0,-0.05,-0.0,2.12,5.03,3.48,,3.27,2026-03-11,,,,,3279.0,,,,,,,,3348.4,,3.14,3.14,162.87,114.48,,,,,,,,,7.42,,,,,,,,,,3348.4
2026-03-11T14:11:05.063,GODIGIT,335.0,0.54,,319.07,329.49,346.03,,0.13,55.1,60.25,53.72,48.49,financials,finance & investments,21.11,0.2,-0.14,-0.11,-0.15,-0.11,1.72,5.3,3.39,,3.23,2026-03-11,,,,,331.95,,,,,,,,337.65,,2.18,2.18,4.45,11.37,,,,,,,,,26.83,,,,,,,,,,337.65
2026-03-11T14:11:05.063,MBAPL,467.65,0.95,,446.66,462.27,478.41,,0.62,32.3,38.77,56.87,65.17,chemicals,fertilizers,38.21,-1.28,0.05,0.06,0.03,0.05,1.85,2.83,2.82,,3.04,2026-03-11,,,,,461.25,,,,,,,,469.8,,2.35,2.35,30.31,13.21,,,,,,,,,48.46,,,,,,,,,,469.8
2026-03-11T14:11:05.063,POWERGRID,301.15,0.84,,290.49,299.52,304.41,,0.48,16.73,17.88,58.95,62.63,power & utilities,power generation and supply,19.31,-2.46,-0.03,-0.03,-0.04,-0.03,1.42,5.48,2.44,,2.36,2026-03-11,,,,,298.65,,,,,,,,302.9,,3.11,3.11,21.94,7.35,,,,,,,,,34.02,,,,,,,,,,302.9
2026-03-10T14:39:55.261,INDSWFTLAB,142.55,1.97,,130.01,139.86,147.92,,0.49,30.46,3.84,58.12,70.39,healthcare,pharmaceuticals - indian - bulk drugs & formln,36.73,-9.87,0.19,0.23,0.18,0.21,3.63,11.28,6.53,,6.24,2026-03-10,,,,,140.59,,,,,,,,145.7,,13.74,13.74,23.8,9.31,,,,,,,,,21.06,,,,,,,,,,145.7
2026-03-10T14:39:55.261,MTARTECH,3706.1,2.57,,3414.4,3697.26,3723.78,,0.57,82.14,175.06,58.69,75.48,aerospace & defence,engineering,53.94,-6.79,1.32,1.22,1.34,1.16,3.06,6.16,5.79,,5.22,2026-03-10,,,,,3696.7,,,,,,,,3810.0,,9.14,9.14,609.51,214.67,,,,,,,,,4.38,,,,,,,,,,3810.0
2026-03-10T14:39:55.261,AEROFLEX,219.54,1.78,,203.12,227.06,204.49,,0.28,42.88,56.76,56.8,59.7,metals & mining,steel - medium / small,34.84,-9.03,0.14,0.04,0.12,0.02,3.35,6.07,5.13,,5.2,2026-03-10,,,,,217.01,,,,,,,,224.29,,8.36,8.36,24.2,11.27,,,,,,,,,22.46,,,,,,,,,,224.29
2026-03-10T14:39:55.261,ROSSTECH,730.0,4.6,,666.87,677.07,835.87,,0.26,127.62,124.18,56.28,58.58,aerospace & defence,engineering,16.72,-0.21,-0.03,0.77,-0.07,0.7,3.33,8.14,5.58,,5.18,2026-03-10,,,,,709.75,,,,,,,,733.4,,8.64,8.64,60.69,40.76,,,,,,,,,49.68,,,,,,,,,,733.4
2026-03-10T14:39:55.261,KIRLOSENG,1426.4,-1.95,,1334.9,1451.33,1376.54,,0.58,46.55,38.65,59.85,66.04,industrials,engines,25.65,-0.38,0.48,0.59,0.54,0.62,3.71,0.52,4.58,,4.85,2026-03-10,,,,,1419.0,,,,,,,,1471.6,,3.71,3.71,161.61,65.35,,,,,,,,,11.32,,,,,,,,,,1471.6
2026-03-10T14:39:55.261,MRPL,194.4,2.3,,179.79,193.06,197.08,,0.89,5.87,15.29,54.99,65.36,energy,refineries,28.7,-2.9,0.41,0.32,0.39,0.29,6.4,4.23,5.84,,4.51,2026-03-10,,,,,186.51,,,,,,,,198.44,,6.4,6.4,22.08,11.36,,,,,,,,,69.46,,,,,,,,,,198.44
2026-03-10T14:39:55.261,GVT&D,3862.0,2.48,,3618.28,3783.04,4019.92,,0.34,84.99,90.35,62.19,71.01,industrials,electric equipment,36.0,-2.78,0.29,0.59,0.27,0.56,2.7,4.95,4.39,,4.08,2026-03-10,,,,,3816.5,,,,,,,,3919.7,,6.51,6.51,550.07,169.58,,,,,,,,,26.83,,,,,,,,,,3919.7
2026-03-10T14:39:55.261,INGERRAND,3884.0,0.27,,3705.84,3957.55,3736.91,,0.37,42.64,47.24,60.11,56.13,industrials,compressors / drilling equipment,44.17,-6.95,-0.08,-0.01,-0.08,-0.01,2.84,4.9,3.41,,3.42,2026-03-10,,,,,3833.1,,,,,,,,3941.8,,6.46,6.46,350.53,132.44,,,,,,,,,38.43,,,,,,,,,,3941.8
2026-03-10T14:39:55.261,BHARATFORG,1841.0,-1.14,,1754.19,1920.98,1681.03,,0.53,83.23,78.78,60.64,73.72,industrials,castings & forgings,36.46,-5.47,0.41,0.38,0.44,0.4,3.25,1.72,3.5,,3.31,2026-03-10,,,,,1827.1,,,,,,,,1886.5,,4.23,4.23,238.24,64.35,,,,,,,,,21.6,,,,,,,,,,1886.5
2026-03-10T14:39:55.261,GODIGIT,333.75,1.18,,317.36,329.48,342.29,,0.21,54.89,59.65,52.64,47.85,financials,finance & investments,21.09,-3.63,-0.14,-0.09,-0.14,-0.1,1.89,4.9,3.67,,3.25,2026-03-10,,,,,330.45,,,,,,,,336.7,,5.83,5.83,3.02,12.24,,,,,,,,,26.96,,,,,,,,,,336.7
2026-03-10T14:39:55.261,SIEMENS,3262.2,1.03,,3095.06,3248.78,3289.03,,0.77,104.56,64.99,53.18,54.38,industrials,electric equipment,14.76,-3.93,-0.04,-0.0,-0.07,-0.01,2.67,4.22,3.7,,3.24,2026-03-10,,,,,3246.4,,,,,,,,3333.0,,6.49,6.49,142.49,120.78,,,,,,,,,13.08,,,,,,,,,,3333.0
2026-03-10T14:39:55.261,MBAPL,464.7,1.14,,443.21,463.44,467.21,,0.71,32.09,38.45,55.49,63.97,chemicals,fertilizers,39.03,-2.53,0.04,0.03,0.02,0.02,2.4,2.18,3.0,,3.13,2026-03-10,,,,,459.0,,,,,,,,470.0,,3.34,3.34,28.17,13.92,,,,,,,,,40.94,,,,,,,,,,470.0
2026-03-10T14:39:55.261,MARICO,785.7,0.99,,763.27,789.91,777.27,,0.59,56.93,58.76,54.97,63.58,fmcg,solvent extraction,17.54,-2.83,-0.02,0.05,-0.03,0.04,1.55,1.93,1.93,,1.91,2026-03-10,,,,,779.95,,,,,,,,792.05,,2.76,2.76,22.73,15.13,,,,,,,,,38.0,,,,,,,,,,792.05
