Timestamp,Symbol,Cmp,%ch,Low3,Initial_atr1.5sl,Sl,Target,0d_high,R_vol,Forward pe,Pe,Rsi,W rsi,Sector,Industry,Adx,%ch y_low,Srs,Ars,Srs y,Ars y,%ch sl,%ch_3low,Atr%,%ch_2low,Adr p - adr%,Scan_Date,High,Lod price,%ch_high,%ch 2 low,E_s50,Avg_true_range,Adr%,Brackets12,Ma_x,Rvol,M_cap,Va,Va_ma,Atr% x,Lod dist,Free float,Grand_total_number2,%ch7,Lch7,7d_high,Lc,Low,%ch sl atr,Bollinger bandwidth,%ch5,Lch5,5d_high,Column26,Low 2%,Low5,Rs,Is,Tps,Rs score,Max2
2026-08-23T10:18:54.963,JTLIND,79.52,6.58,71.21,74.9,74.15,90.26,80.45,2.27,22.09,25.73,58.98,57.0,metals & mining,steel - medium / small,13.88,-2.23,0.13,0.23,0.05,0.16,7.25,11.67,3.86,9.4,3.67,2026-08-23,,,,,,,,,,,,,,,,,,,,,,,,,,,,,,,,,,,
2026-08-23T10:18:54.963,IOLCP,169.52,3.52,155.06,156.27,158.81,190.94,175.7,1.46,19.35,29.64,61.28,72.37,healthcare,pharmaceuticals - indian - bulk drugs & formln,20.72,0.61,1.1,0.94,1.02,0.88,6.74,9.33,5.27,7.05,5.11,2026-08-23,,,,,,,,,,,,,,,,,,,,,,,,,,,,,,,,,,,
2026-08-23T10:18:54.963,BALAJITELE,97.8,6.92,89.46,91.06,89.21,114.98,100.2,4.17,13.29,-55.25,73.98,53.53,media,entertainment / electronic media software,37.49,3.23,-0.05,-0.16,-0.07,-0.22,9.63,9.32,5.47,9.32,5.14,2026-08-23,,,,,,,,,,,,,,,,,,,,,,,,,,,,,,,,,,,
2026-08-23T10:18:54.963,KSL,881.15,2.86,816.0,829.66,815.62,1012.22,914.9,2.89,14.09,14.55,53.53,57.22,metals & mining,steel - medium / small,14.37,4.11,0.09,0.12,0.03,0.09,8.04,7.98,4.45,3.79,3.76,2026-08-23,,,,,,,,,,,,,,,,,,,,,,,,,,,,,,,,,,,
2026-08-23T10:18:54.963,SIGMA,48.65,4.04,45.11,44.41,46.99,51.97,51.0,1.19,9.97,3.3,63.28,56.57,i.t,computers - software - medium / small,38.51,-1.83,0.11,-0.1,-0.0,-0.13,3.54,7.85,6.05,4.42,7.65,2026-08-23,,,,,,,,,,,,,,,,,,,,,,,,,,,,,,,,,,,
2026-08-23T10:18:54.963,PCJEWELLER,10.22,6.35,9.55,9.62,9.5,11.66,10.29,1.34,11.11,10.32,61.32,55.02,consumer discretionary,diamond cutting / jewellery,22.46,1.07,-0.07,-0.11,-0.15,-0.16,7.55,7.02,3.64,7.02,3.4,2026-08-23,,,,,,,,,,,,,,,,,,,,,,,,,,,,,,,,,,,
2026-08-23T10:18:54.963,BAJEL,191.78,6.2,179.41,181.03,184.62,206.09,192.7,3.42,116.94,100.94,56.91,54.69,realty,engineering - turnkey services,19.33,-3.08,0.07,0.08,-0.0,0.01,3.88,6.89,3.87,6.89,3.68,2026-08-23,,,,,,,,,,,,,,,,,,,,,,,,,,,,,,,,,,,
2026-08-23T10:18:54.963,DHANBANK,33.73,3.82,31.89,31.93,31.36,38.48,34.25,1.47,13.38,11.51,56.81,60.04,bank,banks - private sector,21.86,2.76,0.3,0.28,0.24,0.23,7.57,5.77,2.91,4.75,3.56,2026-08-23,,,,,,,,,,,,,,,,,,,,,,,,,,,,,,,,,,,
2026-08-23T10:18:54.963,CLSEL,288.35,3.56,276.9,273.58,276.27,312.51,294.8,0.56,11.19,11.45,56.11,53.98,fmcg,food - processing - indian,12.12,0.01,-0.02,0.05,-0.08,0.02,4.37,4.14,3.34,3.98,3.51,2026-08-23,,,,,,,,,,,,,,,,,,,,,,,,,,,,,,,,,,,
2026-08-23T10:18:54.963,ENGINERSIN,244.91,3.25,235.34,233.01,239.09,256.55,246.49,0.92,21.79,17.56,57.21,57.4,realty,engineering - turnkey services,25.05,-0.92,0.04,0.17,0.01,0.13,2.43,4.07,3.42,4.07,3.24,2026-08-23,,,,,,,,,,,,,,,,,,,,,,,,,,,,,,,,,,,
2026-08-23T10:18:54.963,BHAGYANGR,394.5,2.73,379.6,363.66,367.35,448.81,401.9,1.08,15.58,20.09,53.96,67.76,power & utilities,power generation and supply,11.25,3.63,1.24,1.88,1.27,1.81,7.39,3.93,5.18,3.93,5.37,2026-08-23,,,,,,,,,,,,,,,,,,,,,,,,,,,,,,,,,,,
2026-08-23T10:18:54.963,JAGSNPHARM,236.54,1.52,229.32,223.05,227.75,254.12,238.9,0.15,29.57,34.79,56.97,63.7,healthcare,pharmaceuticals - indian - bulk drugs & formln,32.76,0.85,0.26,0.1,0.22,0.08,3.86,3.15,3.34,3.05,4.26,2026-08-23,,,,,,,,,,,,,,,,,,,,,,,,,,,,,,,,,,,
2026-08-23T10:18:54.963,SHRINGARMS,230.52,2.92,223.5,220.66,225.32,240.92,233.5,1.35,16.33,17.49,57.57,56.99,consumer discretionary,diamond cutting / jewellery,20.28,-1.09,-0.16,0.02,-0.22,-0.01,2.31,3.14,2.91,3.14,2.84,2026-08-23,,,,,,,,,,,,,,,,,,,,,,,,,,,,,,,,,,,
2026-08-23T10:18:54.963,HOMEFIRST,1193.7,0.53,1174.6,1145.72,1151.93,1277.24,1227.9,1.1,19.49,21.34,53.08,55.25,financials,finance - housing,12.29,2.51,-0.05,0.05,-0.08,0.05,3.63,1.63,2.22,1.34,2.51,2026-08-23,,,,,,,,,,,,,,,,,,,,,,,,,,,,,,,,,,,
2026-08-22T23:28:27.473,JTLIND,79.52,6.58,71.21,74.9,74.15,90.26,80.45,2.27,22.09,25.73,58.98,57.0,metals & mining,steel - medium / small,13.88,-2.23,0.13,0.23,0.05,0.16,7.25,11.67,3.86,9.4,3.67,2026-08-22,,,,,,,,,,,,,,,,,,,,,,,,,,,,,,,,,,,
2026-08-22T23:28:27.473,IOLCP,169.52,3.52,155.06,156.27,158.81,190.94,175.7,1.46,19.35,29.64,61.28,72.37,healthcare,pharmaceuticals - indian - bulk drugs & formln,20.72,0.61,1.1,0.94,1.02,0.88,6.74,9.33,5.27,7.05,5.11,2026-08-22,,,,,,,,,,,,,,,,,,,,,,,,,,,,,,,,,,,
2026-08-22T23:28:27.473,BALAJITELE,97.8,6.92,89.46,91.06,89.21,114.98,100.2,4.17,13.29,-55.25,73.98,53.53,media,entertainment / electronic media software,37.49,3.23,-0.05,-0.16,-0.07,-0.22,9.63,9.32,5.47,9.32,5.14,2026-08-22,,,,,,,,,,,,,,,,,,,,,,,,,,,,,,,,,,,
2026-08-22T23:28:27.473,KSL,881.15,2.86,816.0,829.66,815.62,1012.22,914.9,2.89,14.09,14.55,53.53,57.22,metals & mining,steel - medium / small,14.37,4.11,0.09,0.12,0.03,0.09,8.04,7.98,4.45,3.79,3.76,2026-08-22,,,,,,,,,,,,,,,,,,,,,,,,,,,,,,,,,,,
2026-08-22T23:28:27.473,SIGMA,48.65,4.04,45.11,44.41,46.99,51.97,51.0,1.19,9.97,3.3,63.28,56.57,i.t,computers - software - medium / small,38.51,-1.83,0.11,-0.1,-0.0,-0.13,3.54,7.85,6.05,4.42,7.65,2026-08-22,,,,,,,,,,,,,,,,,,,,,,,,,,,,,,,,,,,
2026-08-22T23:28:27.473,PCJEWELLER,10.22,6.35,9.55,9.62,9.5,11.66,10.29,1.34,11.11,10.32,61.32,55.02,consumer discretionary,diamond cutting / jewellery,22.46,1.07,-0.07,-0.11,-0.15,-0.16,7.55,7.02,3.64,7.02,3.4,2026-08-22,,,,,,,,,,,,,,,,,,,,,,,,,,,,,,,,,,,
2026-08-22T23:28:27.473,BAJEL,191.78,6.2,179.41,181.03,184.62,206.09,192.7,3.42,116.94,100.94,56.91,54.69,realty,engineering - turnkey services,19.33,-3.08,0.07,0.08,-0.0,0.01,3.88,6.89,3.87,6.89,3.68,2026-08-22,,,,,,,,,,,,,,,,,,,,,,,,,,,,,,,,,,,
2026-08-22T23:28:27.473,DHANBANK,33.73,3.82,31.89,31.93,31.36,38.48,34.25,1.47,13.38,11.51,56.81,60.04,bank,banks - private sector,21.86,2.76,0.3,0.28,0.24,0.23,7.57,5.77,2.91,4.75,3.56,2026-08-22,,,,,,,,,,,,,,,,,,,,,,,,,,,,,,,,,,,
2026-08-22T23:28:27.473,CLSEL,288.35,3.56,276.9,273.58,276.27,312.51,294.8,0.56,11.19,11.45,56.11,53.98,fmcg,food - processing - indian,12.12,0.01,-0.02,0.05,-0.08,0.02,4.37,4.14,3.34,3.98,3.51,2026-08-22,,,,,,,,,,,,,,,,,,,,,,,,,,,,,,,,,,,
2026-08-22T23:28:27.473,ENGINERSIN,244.91,3.25,235.34,233.01,239.09,256.55,246.49,0.92,21.79,17.56,57.21,57.4,realty,engineering - turnkey services,25.05,-0.92,0.04,0.17,0.01,0.13,2.43,4.07,3.42,4.07,3.24,2026-08-22,,,,,,,,,,,,,,,,,,,,,,,,,,,,,,,,,,,
2026-08-22T23:28:27.473,BHAGYANGR,394.5,2.73,379.6,363.66,367.35,448.81,401.9,1.08,15.58,20.09,53.96,67.76,power & utilities,power generation and supply,11.25,3.63,1.24,1.88,1.27,1.81,7.39,3.93,5.18,3.93,5.37,2026-08-22,,,,,,,,,,,,,,,,,,,,,,,,,,,,,,,,,,,
2026-08-22T23:28:27.473,JAGSNPHARM,236.54,1.52,229.32,223.05,227.75,254.12,238.9,0.15,29.57,34.79,56.97,63.7,healthcare,pharmaceuticals - indian - bulk drugs & formln,32.76,0.85,0.26,0.1,0.22,0.08,3.86,3.15,3.34,3.05,4.26,2026-08-22,,,,,,,,,,,,,,,,,,,,,,,,,,,,,,,,,,,
2026-08-22T23:28:27.473,SHRINGARMS,230.52,2.92,223.5,220.66,225.32,240.92,233.5,1.35,16.33,17.49,57.57,56.99,consumer discretionary,diamond cutting / jewellery,20.28,-1.09,-0.16,0.02,-0.22,-0.01,2.31,3.14,2.91,3.14,2.84,2026-08-22,,,,,,,,,,,,,,,,,,,,,,,,,,,,,,,,,,,
2026-08-22T23:28:27.473,HOMEFIRST,1193.7,0.53,1174.6,1145.72,1151.93,1277.24,1227.9,1.1,19.49,21.34,53.08,55.25,financials,finance - housing,12.29,2.51,-0.05,0.05,-0.08,0.05,3.63,1.63,2.22,1.34,2.51,2026-08-22,,,,,,,,,,,,,,,,,,,,,,,,,,,,,,,,,,,
2026-08-21T23:28:57.64,JTLIND,79.52,6.58,71.21,74.9,74.15,90.26,80.45,2.27,22.09,24.15,58.98,57.0,metals & mining,steel - medium / small,13.88,-2.23,0.13,0.23,0.05,0.16,7.25,11.67,3.86,9.4,3.67,2026-08-21,,,,,,,,,,,,,,,,,,,,,,,,,,,,,,,,,,,
2026-08-21T23:28:57.64,IOLCP,169.52,3.52,155.06,156.27,158.81,190.94,175.7,1.46,19.35,28.63,61.28,72.37,healthcare,pharmaceuticals - indian - bulk drugs & formln,20.72,0.61,1.1,0.94,1.02,0.88,6.74,9.33,5.27,7.05,5.11,2026-08-21,,,,,,,,,,,,,,,,,,,,,,,,,,,,,,,,,,,
2026-08-21T23:28:57.64,BALAJITELE,97.8,6.92,89.46,91.06,89.21,114.98,100.2,4.17,13.29,-51.68,73.98,53.53,media,entertainment / electronic media software,37.49,3.23,-0.05,-0.16,-0.07,-0.22,9.63,9.32,5.47,9.32,5.14,2026-08-21,,,,,,,,,,,,,,,,,,,,,,,,,,,,,,,,,,,
2026-08-21T23:28:57.64,KSL,881.15,2.86,816.0,829.66,815.62,1012.22,914.9,2.89,14.09,14.14,53.53,57.22,metals & mining,steel - medium / small,14.37,4.11,0.09,0.12,0.03,0.09,8.04,7.98,4.45,3.79,3.76,2026-08-21,,,,,,,,,,,,,,,,,,,,,,,,,,,,,,,,,,,
2026-08-21T23:28:57.64,SIGMA,48.65,4.04,45.11,44.41,46.99,51.97,51.0,1.19,9.97,3.17,63.28,56.57,i.t,computers - software - medium / small,38.51,-1.83,0.11,-0.1,-0.0,-0.13,3.54,7.85,6.05,4.42,7.65,2026-08-21,,,,,,,,,,,,,,,,,,,,,,,,,,,,,,,,,,,
2026-08-21T23:28:57.64,PCJEWELLER,10.22,6.35,9.55,9.62,9.5,11.66,10.29,1.34,11.11,9.71,61.32,55.02,consumer discretionary,diamond cutting / jewellery,22.46,1.07,-0.07,-0.11,-0.15,-0.16,7.55,7.02,3.64,7.02,3.4,2026-08-21,,,,,,,,,,,,,,,,,,,,,,,,,,,,,,,,,,,
2026-08-21T23:28:57.64,BAJEL,191.78,6.2,179.41,181.03,184.62,206.09,192.7,3.42,116.94,95.04,56.91,54.69,realty,engineering - turnkey services,19.33,-3.08,0.07,0.08,-0.0,0.01,3.88,6.89,3.87,6.89,3.68,2026-08-21,,,,,,,,,,,,,,,,,,,,,,,,,,,,,,,,,,,
2026-08-21T23:28:57.64,DHANBANK,33.73,3.82,31.89,31.93,31.36,38.48,34.25,1.47,13.38,11.09,56.81,60.04,bank,banks - private sector,21.86,2.76,0.3,0.28,0.24,0.23,7.57,5.77,2.91,4.75,3.56,2026-08-21,,,,,,,,,,,,,,,,,,,,,,,,,,,,,,,,,,,
2026-08-21T23:28:57.64,CLSEL,288.35,3.56,276.9,273.58,276.27,312.51,294.8,0.56,11.19,11.05,56.11,53.98,fmcg,food - processing - indian,12.12,0.01,-0.02,0.05,-0.08,0.02,4.37,4.14,3.34,3.98,3.51,2026-08-21,,,,,,,,,,,,,,,,,,,,,,,,,,,,,,,,,,,
2026-08-21T23:28:57.64,ENGINERSIN,244.91,3.25,235.34,233.01,239.09,256.55,246.49,0.92,21.79,17.0,57.21,57.4,realty,engineering - turnkey services,25.05,-0.92,0.04,0.17,0.01,0.13,2.43,4.07,3.42,4.07,3.24,2026-08-21,,,,,,,,,,,,,,,,,,,,,,,,,,,,,,,,,,,
2026-08-21T23:28:57.64,BHAGYANGR,394.5,2.73,379.6,363.66,367.35,448.81,401.9,1.08,15.58,19.55,53.96,67.76,power & utilities,power generation and supply,11.25,3.63,1.24,1.88,1.27,1.81,7.39,3.93,5.18,3.93,5.37,2026-08-21,,,,,,,,,,,,,,,,,,,,,,,,,,,,,,,,,,,
2026-08-21T23:28:57.64,JAGSNPHARM,236.54,1.52,229.32,223.05,227.75,254.12,238.9,0.15,29.57,34.26,56.97,63.7,healthcare,pharmaceuticals - indian - bulk drugs & formln,32.76,0.85,0.26,0.1,0.22,0.08,3.86,3.15,3.34,3.05,4.26,2026-08-21,,,,,,,,,,,,,,,,,,,,,,,,,,,,,,,,,,,
2026-08-21T23:28:57.64,SHRINGARMS,230.52,2.92,223.5,220.66,225.32,240.92,233.5,1.35,16.33,16.99,57.57,56.99,consumer discretionary,diamond cutting / jewellery,20.28,-1.09,-0.16,0.02,-0.22,-0.01,2.31,3.14,2.91,3.14,2.84,2026-08-21,,,,,,,,,,,,,,,,,,,,,,,,,,,,,,,,,,,
2026-08-21T23:28:57.64,HOMEFIRST,1193.7,0.53,1174.6,1145.72,1151.93,1277.24,1227.9,1.1,19.49,21.23,53.08,55.25,financials,finance - housing,12.29,2.51,-0.05,0.05,-0.08,0.05,3.63,1.63,2.22,1.34,2.51,2026-08-21,,,,,,,,,,,,,,,,,,,,,,,,,,,,,,,,,,,
2026-08-20T14:48:16.227,SAIL,174.3,0.9,,165.74,171.12,180.67,,,10.95,16.71,,,metals & mining,steel - large,,-0.87,0.01,0.28,0.0,0.27,1.74,2.94,3.35,,,2026-08-20,176.43,173.41,4.2,4.2,3.66,5.83,3.55,3.55,0.63,72.52,71354.82,-4.51,-6.76,0.64,15.26,1445810739,4130525289,,,,,,,,,,,,,,,,,,
2026-08-20T14:48:16.227,MTARTECH,7069.0,2.18,,6569.33,6964.11,7278.79,,,108.22,159.45,,,aerospace & defence,engineering,,2.36,0.74,1.71,0.68,1.66,3.97,3.96,4.21,,,2026-08-20,7070.0,6800.0,3.97,3.97,206.3,297.5,3.51,3.51,0.69,7.47,21281.02,-2.91,-4.79,0.71,90.42,21729927,30759591,,,,,,,,,,,,,,,,,,
2026-08-20T14:48:16.227,HINDCOPPER,561.1,1.13,,530.17,544.2,594.9,,,38.54,47.26,,,metals & mining,mining / minerals / metals,,4.04,-0.09,0.48,-0.08,0.47,3.81,1.46,4.31,,,2026-08-20,574.7,553.6,3.92,3.92,53.86,24.17,4.08,4.08,2.23,131.53,53655.33,-1.05,-4.34,2.46,31.03,327410647,967024020,,,,,,,,,,,,,,,,,,
2026-08-20T14:48:16.227,GENUSPOWER,334.4,8.12,,317.05,302.47,398.27,,,11.76,13.13,,,consumer discretionary,electronics - components,,2.28,0.15,0.06,0.06,-0.02,9.65,8.48,3.82,,,2026-08-20,340.9,310.9,10.59,10.59,18.02,12.76,3.28,3.28,1.41,406.9,9410.22,-0.76,-2.07,1.49,184.17,184558104,304242615,,,,,,,,,,,,,,,,,,
2026-08-20T14:48:16.227,ZENTEC,1911.1,-1.11,,1806.69,1787.14,2159.02,,,124.75,96.44,,,aerospace & defence,miscellaneous,,11.6,0.32,0.34,0.32,0.36,3.32,3.01,3.86,,,2026-08-20,1945.0,1882.5,3.32,3.32,112.91,73.8,3.63,3.63,1.53,55.08,17449.51,-0.46,-0.88,1.63,38.75,46486527,90290356,,,,,,,,,,,,,,,,,,
2026-08-20T14:48:16.227,MCX,3123.5,5.06,,2974.09,2837.32,3695.86,,,48.17,19.26,,,financials,miscellaneous,,7.23,0.23,0.49,0.19,0.42,4.23,7.12,3.48,,,2026-08-20,3133.2,3006.0,5.85,5.85,308.62,108.74,3.2,3.2,2.84,126.9,75809.08,0.26,-5.1,3.15,108.05,254991845,254991845,,,,,,,,,,,,,,,,,,
2026-08-20T14:48:16.227,HFCL,223.9,-1.16,,208.9,214.0,243.71,,,37.57,58.99,,,telecom,cables - telephone,,8.09,1.79,2.07,1.87,2.11,3.28,2.7,4.29,,,2026-08-20,229.8,222.51,3.28,3.28,15.79,9.61,4.57,4.57,1.64,31.98,34672.74,2.47,2.21,1.77,14.46,1097557869,1530602463,,,,,,,,,,,,,,,,,,
2026-08-20T14:48:16.227,MANAPPURAM,347.4,2.18,,331.04,350.62,340.95,,,13.94,20.74,,,financials,finance & investments,,-5.76,0.03,0.22,0.01,0.2,1.91,3.27,3.09,,,2026-08-20,351.6,345.0,4.52,4.52,8.01,10.75,3.01,3.01,0.75,143.91,31937.43,2.47,1.44,0.76,22.32,548033715,939336102,,,,,,,,,,,,,,,,,,
2026-08-20T14:48:16.227,MARKSANS,321.75,-1.61,,301.56,305.5,354.25,,,23.18,28.66,,,healthcare,pharmaceuticals - indian - formulations,,11.46,0.64,0.66,0.65,0.69,3.16,1.02,4.7,,,2026-08-20,328.55,318.5,3.16,3.16,50.68,15.13,4.67,4.67,3.35,43.45,14818.45,2.67,1.89,3.98,21.48,254341737,453163746,,,,,,,,,,,,,,,,,,
2026-08-20T14:48:16.227,PNBHOUSING,1178.2,0.36,,1129.95,1142.26,1250.07,,,13.77,13.21,,,financials,finance - housing,,1.02,0.25,0.29,0.24,0.29,2.59,4.37,2.66,,,2026-08-20,1207.0,1176.5,6.06,6.06,97.56,31.35,3.14,3.14,3.11,209.69,30593.26,3.27,0.26,3.39,5.42,187538718,260589923,,,,,,,,,,,,,,,,,,
2026-08-20T14:48:16.227,M&MFIN,381.1,-2.18,,359.22,398.74,345.81,,,14.31,16.65,,,financials,finance & investments,,-5.44,-0.09,0.06,-0.07,0.09,4.73,0.41,3.77,,,2026-08-20,397.5,379.55,4.73,4.73,33.1,14.38,3.97,3.97,2.3,33.58,54153.28,4.68,3.6,2.52,10.78,660388561,1389971160,,,,,,,,,,,,,,,,,,
2026-08-20T14:48:16.227,UJJIVANSFB,71.87,0.1,,68.47,71.36,72.89,,,11.02,15.37,,,bank,banks - private sector,,0.18,0.05,0.29,0.05,0.29,3.05,1.04,2.81,,,2026-08-20,73.94,71.75,3.41,3.41,7.0,2.02,3.13,3.13,3.47,108.78,13966.94,5.15,4.86,3.84,5.94,1945255791,1945255791,,,,,,,,,,,,,,,,,,
2026-08-20T14:48:16.227,RPTECH,869.4,3.72,,810.65,870.68,866.84,,,13.94,17.32,,,i.t,trading,,-4.9,1.17,1.55,1.07,1.47,1.98,4.72,4.36,,,2026-08-20,874.0,857.0,5.27,5.27,88.83,37.87,4.87,4.87,2.35,16.21,5524.04,6.05,5.86,2.61,32.74,23702379,65899665,,,,,,,,,,,,,,,,,,
2026-08-20T14:48:16.227,LODHA,1239.1,2.4,,1179.01,1215.99,1285.31,,,22.56,29.29,,,realty,construction,,-2.37,0.03,0.08,0.01,0.06,2.55,3.67,2.99,,,2026-08-20,1246.5,1215.5,4.29,4.29,118.68,37.09,3.36,3.36,3.2,27.87,120890.42,7.15,6.86,3.54,63.62,296609085,999094419,,,,,,,,,,,,,,,,,,
2026-08-19T13:50:21.839,SAIL,172.95,1.62,,164.2,170.9,177.05,,,10.86,16.46,,,metals & mining,steel - large,,-0.45,0.01,0.27,-0.03,0.25,2.73,2.88,3.56,,,2026-08-19,173.95,169.32,2.73,2.73,2.16,6.16,3.57,3.57,0.35,46.58,70301.54,-4.82,-6.8,0.36,58.91,1445810739,4130525289,,,,,,,,,,,,,,,,,,
2026-08-19T13:50:21.839,IDEA,14.1,-0.14,,13.45,12.99,16.31,,,-10.07,4.09,,,telecom-service,telecommunications - service provider,,6.66,0.14,0.29,0.13,0.3,2.45,4.44,3.39,,,2026-08-19,14.22,13.88,5.33,5.33,0.28,0.48,3.06,3.06,0.58,61.04,152980.37,-3.49,-4.73,0.6,46.02,80561956458,108343035001,,,,,,,,,,,,,,,,,,
2026-08-19T13:50:21.839,SCI,294.75,-0.34,,279.83,293.53,297.2,,,5.54,8.51,,,transportation,shipping,,-2.97,-0.01,0.25,0.01,0.25,1.97,3.75,3.2,,,2026-08-19,300.2,294.4,5.67,5.67,0.43,9.42,3.32,3.32,0.05,40.14,13776.01,-2.89,-4.16,0.05,3.72,168856033,465799010,,,,,,,,,,,,,,,,,,
2026-08-19T13:50:21.839,POWERINDIA,33680.0,-4.52,,31896.84,34229.39,32581.22,,,127.6,136.68,,,industrials,electric equipment,,4.94,0.35,0.49,0.41,0.56,4.46,0.24,3.36,,,2026-08-19,35100.0,33600.0,4.46,4.46,176.1,1133.05,3.01,3.01,0.16,93.56,157229.01,-2.86,-2.93,0.16,7.06,12786107,44572363,,,,,,,,,,,,,,,,,,
2026-08-19T13:50:21.839,ZENTEC,1932.9,-2.5,,1827.85,1754.92,2288.86,,,126.17,98.92,,,aerospace & defence,miscellaneous,,9.56,0.33,0.35,0.36,0.39,6.34,4.35,3.91,,,2026-08-19,2043.7,1921.9,10.16,10.16,137.69,75.54,3.62,3.62,1.82,122.11,17899.16,0.15,-0.8,1.96,14.56,46486527,90290356,,,,,,,,,,,,,,,,,,
2026-08-19T13:50:21.839,NETWEB,5062.0,-5.46,,4731.55,5004.38,5177.24,,,84.48,116.66,,,i.t,computers - hardware,,4.85,0.51,0.52,0.6,0.61,6.23,1.07,4.83,,,2026-08-19,5338.0,5025.0,6.23,6.23,451.14,244.59,4.7,4.7,1.84,98.36,30488.89,0.4,0.24,2.02,15.13,18799145,56940687,,,,,,,,,,,,,,,,,,
2026-08-19T13:50:21.839,LALPATHLAB,1885.6,-0.83,,1804.01,1946.1,1764.61,,,46.44,45.84,,,healthcare,healthcare,,-3.88,0.21,0.22,0.22,0.23,1.41,0.83,2.63,,,2026-08-19,1903.7,1877.3,1.58,1.58,132.28,49.6,3.25,3.25,2.67,18.2,31874.65,2.38,2.17,2.87,16.73,78475500,167637770,,,,,,,,,,,,,,,,,,
2026-08-19T13:50:21.839,APARINDS,16712.0,-2.92,,15541.49,16781.92,16572.16,,,35.9,58.53,,,industrials,electric equipment,,-0.91,0.61,0.85,0.65,0.91,6.46,3.17,5.24,,,2026-08-19,17525.0,16461.0,8.19,8.19,1567.42,875.87,5.36,5.36,1.79,69.5,69155.93,2.5,1.91,1.97,28.66,16969932,40174235,,,,,,,,,,,,,,,,,,
2026-08-19T13:50:21.839,LLOYDSENGG,93.66,0.0,,87.67,91.29,98.41,,,49.82,54.14,,,industrials,engineering,,0.67,0.66,0.77,0.67,0.77,1.87,2.91,3.89,,,2026-08-19,94.62,92.88,3.3,3.3,6.25,3.64,4.17,4.17,1.72,15.49,13864.46,2.53,2.39,1.84,21.42,859885912,1480296454,,,,,,,,,,,,,,,,,,
2026-08-19T13:50:21.839,PPLPHARMA,208.36,-1.03,,196.71,211.82,201.43,,,-100.17,-88.83,,,healthcare,pharmaceuticals - indian - bulk drugs & formln,,-5.14,0.17,0.11,0.17,0.12,2.74,4.13,3.88,,,2026-08-19,213.4,207.7,6.65,6.65,25.5,8.08,4.09,4.09,3.15,21.82,28028.87,2.58,1.23,3.59,8.16,868023458,1331348130,,,,,,,,,,,,,,,,,,
2026-08-19T13:50:21.839,WELSPUNLIV,180.41,1.47,,169.58,159.49,222.25,,,26.69,58.29,,,textiles,textiles - products,,7.57,0.19,0.24,0.18,0.23,4.89,9.41,4.77,,,2026-08-19,181.0,172.56,7.87,7.87,18.54,8.61,4.16,4.16,2.15,141.86,16796.75,2.73,1.23,2.4,91.19,317813018,944752514,,,,,,,,,,,,,,,,,,
2026-08-19T13:50:21.839,OFSS,11675.0,0.45,,11135.19,11562.68,11899.64,,,17.95,29.63,,,i.t,computers - software - large,,1.04,0.57,0.4,0.59,0.39,1.72,0.53,2.75,,,2026-08-19,11854.0,11653.0,2.07,2.07,686.44,320.48,3.46,3.46,2.14,49.08,101203.95,2.8,2.68,2.28,6.86,24020942,87072139,,,,,,,,,,,,,,,,,,
2026-08-19T13:50:21.839,PNBHOUSING,1167.4,1.89,,1119.52,1134.04,1234.12,,,13.64,12.89,,,financials,finance - housing,,0.87,0.25,0.29,0.23,0.26,3.04,3.41,2.63,,,2026-08-19,1172.6,1138.0,3.87,3.87,91.08,30.66,3.08,3.08,2.97,94.39,29858.39,2.89,0.04,3.22,95.88,187538718,260589923,,,,,,,,,,,,,,,,,,
2026-08-19T13:50:21.839,M&MFIN,393.55,1.9,,371.99,401.73,377.18,,,14.77,16.5,,,financials,finance & investments,,-5.61,-0.06,0.07,-0.04,0.05,3.36,3.16,3.51,,,2026-08-19,394.3,381.5,3.36,3.36,47.55,13.81,3.91,3.91,3.44,24.53,53680.69,5.33,3.43,3.92,87.25,660388561,1389971160,,,,,,,,,,,,,,,,,,
2026-08-18T14:26:56.284,SAIL,171.44,-1.24,,162.61,170.83,172.66,,,10.77,16.79,,,metals & mining,steel - large,,-1.26,-0.01,0.25,0.0,0.27,2.67,8.01,3.71,,,2026-08-18,174.67,170.13,3.9,3.9,0.36,6.36,3.59,3.59,0.06,48.81,71705.92,-5.36,-6.81,0.06,20.59,1445810739,4130525289,,,,,,,,,,,,,,,,,,
2026-08-18T14:26:56.284,ENRIN,3594.6,-0.31,,3402.91,3417.78,3948.23,,,72.59,86.28,,,power & utilities,power generation and supply,,5.73,0.18,0.09,0.2,0.09,1.51,2.04,3.35,,,2026-08-18,3639.0,3585.0,3.2,3.2,115.0,120.26,3.28,3.28,0.96,19.02,128406.37,-2.89,-2.94,0.99,7.98,89030592,356120505,,,,,,,,,,,,,,,,,,
2026-08-18T14:26:56.284,MTARTECH,7179.5,1.74,,6664.54,6740.82,8056.85,,,109.91,162.64,,,aerospace & defence,engineering,,7.39,0.78,1.75,0.8,1.7,3.82,4.05,4.35,,,2026-08-18,7195.0,6930.0,4.28,4.28,304.31,312.32,3.61,3.61,0.97,11.9,21707.04,-2.5,-4.86,1.02,79.89,21729927,30759591,,,,,,,,,,,,,,,,,,
2026-08-18T14:26:56.284,FORCEMOT,18180.0,-2.28,,17271.89,18219.33,18101.33,,,27.65,19.58,,,auto,automobiles - lcvs / hcvs,,1.14,-0.32,-0.02,-0.29,0.01,3.57,0.55,3.27,,,2026-08-18,18726.0,18081.0,3.57,3.57,4.38,595.21,3.2,3.2,0.01,59.44,24514.44,-2.18,-4.06,0.01,16.63,5055915,13176262,,,,,,,,,,,,,,,,,,
2026-08-18T14:26:56.284,MCX,3050.0,3.99,,2907.21,2761.4,3627.21,,,47.04,19.0,,,financials,miscellaneous,,7.55,0.2,0.44,0.15,0.39,4.87,5.46,3.27,,,2026-08-18,3058.0,2916.0,5.74,5.74,245.47,99.76,3.1,3.1,2.46,97.82,74791.66,-1.05,-5.51,2.68,134.32,254991845,254991845,,,,,,,,,,,,,,,,,,
2026-08-18T14:26:56.284,HINDCOPPER,566.4,-1.09,,535.08,531.35,636.5,,,38.9,48.78,,,metals & mining,mining / minerals / metals,,3.22,-0.09,0.62,-0.12,0.64,3.81,9.98,4.59,,,2026-08-18,576.7,555.55,7.98,7.98,60.87,25.97,4.0,4.0,2.34,226.74,55376.63,-0.64,-4.79,2.63,41.77,327410647,967024020,,,,,,,,,,,,,,,,,,
2026-08-18T14:26:56.284,MRPL,179.75,1.47,,168.05,169.0,201.25,,,8.32,9.88,,,energy,refineries,,1.39,-0.11,0.09,-0.13,0.08,7.14,5.74,4.57,,,2026-08-18,189.0,176.41,11.01,11.01,16.57,8.22,4.65,4.65,2.02,263.75,31047.29,0.32,0.22,2.22,40.64,200091162,1752598777,,,,,,,,,,,,,,,,,,
2026-08-18T14:26:56.284,ZENTEC,1995.3,7.02,,1896.0,1725.16,2535.59,,,130.24,93.04,,,aerospace & defence,miscellaneous,,10.69,0.38,0.39,0.3,0.3,7.81,8.93,3.35,,,2026-08-18,2000.0,1855.2,7.97,7.97,202.84,66.78,3.4,3.4,3.04,283.43,16834.64,0.78,-0.73,3.38,209.8,46486527,90290356,,,,,,,,,,,,,,,,,,
2026-08-18T14:26:56.284,NETWEB,5342.0,2.49,,5021.45,4939.64,6146.72,,,89.15,113.56,,,i.t,computers - hardware,,4.64,0.6,0.6,0.54,0.57,5.96,7.03,4.33,,,2026-08-18,5396.4,5092.8,7.75,7.75,744.06,231.39,4.52,4.52,3.22,133.55,29679.76,1.49,0.17,3.74,107.7,18799145,56940687,,,,,,,,,,,,,,,,,,
2026-08-18T14:26:56.284,NAVINFLUOR,8250.0,1.21,,7883.86,8076.69,8596.62,,,43.47,52.87,,,chemicals,chemicals,,1.86,0.22,0.38,0.18,0.36,1.83,1.73,2.95,,,2026-08-18,8300.0,8151.0,2.34,2.34,582.45,243.01,3.04,3.04,2.4,36.13,41807.42,1.9,0.83,2.58,40.74,37399435,51291159,,,,,,,,,,,,,,,,,,
2026-08-18T14:26:56.284,PNBHOUSING,1144.7,-0.53,,1097.05,1126.65,1180.79,,,13.38,12.95,,,financials,finance - housing,,2.25,0.24,0.23,0.26,0.24,2.21,1.4,2.62,,,2026-08-18,1153.9,1128.9,2.21,2.21,71.97,30.05,3.01,3.01,2.4,58.93,29988.69,2.09,-0.12,2.56,52.59,187538718,260589923,,,,,,,,,,,,,,,,,,
2026-08-18T14:26:56.284,PPLPHARMA,209.9,2.53,,198.14,211.5,206.7,,,-100.91,-86.38,,,healthcare,pharmaceuticals - indian - bulk drugs & formln,,-3.3,0.18,0.1,0.13,0.07,5.33,4.9,3.97,,,2026-08-18,210.77,200.1,5.33,5.33,27.84,8.34,4.18,4.18,3.34,48.07,27256.69,2.75,0.99,3.85,117.51,868023458,1331348130,,,,,,,,,,,,,,,,,,
2026-08-18T14:26:56.284,M&MFIN,387.25,-0.42,,365.55,403.45,354.86,,,14.54,16.62,,,financials,finance & investments,,-4.83,-0.04,0.03,-0.02,0.03,2.29,1.31,3.61,,,2026-08-18,391.0,382.25,2.29,2.29,43.4,13.97,4.06,4.06,3.11,21.72,54055.98,4.71,3.24,3.5,35.8,660388561,1389971160,,,,,,,,,,,,,,,,,,
2026-08-18T14:26:56.284,JYOTICNC,903.0,5.25,,851.98,820.56,1067.88,,,89.94,60.68,,,industrials,engineering,,2.0,0.0,-0.12,-0.05,-0.16,5.8,9.8,4.05,,,2026-08-18,909.9,860.05,9.65,9.65,124.13,36.55,4.14,4.14,3.4,270.28,19511.76,6.36,2.93,3.94,117.52,85176601,227423096,,,,,,,,,,,,,,,,,,
2026-08-13T17:38:01.267,HINDCOPPER,544.45,-0.59,,516.57,513.53,606.29,,,37.39,45.43,,,metals & mining,mining / minerals / metals,,5.74,-0.17,0.62,-0.16,0.63,5.26,3.17,4.14,,,2026-08-13,570.5,542.0,7.72,7.72,40.81,22.55,3.47,3.47,1.81,277.01,51571.39,-3.37,-5.29,1.96,10.86,327410647,967024020,,,,,,,,,,,,,,,,,,
2026-08-13T17:38:01.267,POWERINDIA,35360.0,-1.23,,33455.07,32469.63,41140.74,,,133.96,135.61,,,industrials,electric equipment,,10.48,0.43,0.57,0.46,0.59,2.25,1.81,3.7,,,2026-08-13,35920.0,35130.0,3.43,3.43,1797.9,1306.68,3.24,3.24,1.38,72.61,156003.27,-2.13,-2.69,1.45,17.6,12786107,44572363,,,,,,,,,,,,,,,,,,
2026-08-13T17:38:01.267,MCX,2970.0,-0.0,,2828.72,2653.2,3603.6,,,45.81,18.75,,,financials,miscellaneous,,10.83,0.15,0.38,0.1,0.38,3.23,8.29,3.31,,,2026-08-13,3023.7,2929.0,4.99,4.99,173.12,98.22,3.06,3.06,1.76,195.56,73820.14,-1.7,-5.62,1.87,41.74,254991845,254991845,,,,,,,,,,,,,,,,,,
2026-08-13T17:38:01.267,FORCEMOT,18525.0,-3.86,,17585.44,17932.35,19710.31,,,28.18,19.29,,,auto,automobiles - lcvs / hcvs,,3.77,-0.32,0.04,-0.25,0.08,5.79,1.66,3.48,,,2026-08-13,19448.0,18383.0,6.0,6.0,369.88,643.95,3.18,3.18,0.57,236.02,24152.09,-1.69,-4.35,0.59,22.05,5055915,13176262,,,,,,,,,,,,,,,,,,
2026-08-13T17:38:01.267,SHAILY,3406.9,-0.79,,3207.49,3256.05,3708.6,,,81.58,89.91,,,plastic products,plastics products,,7.86,0.4,0.28,0.42,0.29,2.78,2.08,4.31,,,2026-08-13,3474.0,3380.0,2.78,2.78,444.47,146.88,4.17,4.17,3.03,31.97,15904.7,0.86,0.78,3.48,18.31,27096158,45995248,,,,,,,,,,,,,,,,,,
2026-08-13T17:38:01.267,NAVINFLUOR,8294.0,-0.75,,7901.64,7886.0,9109.99,,,43.7,52.9,,,chemicals,chemicals,,5.18,0.19,0.4,0.21,0.41,2.35,2.07,3.5,,,2026-08-13,8451.0,8257.0,4.01,4.01,699.44,290.69,3.28,3.28,2.41,59.23,41833.07,1.4,0.97,2.63,12.73,37399435,51291159,,,,,,,,,,,,,,,,,,
2026-08-13T17:38:01.267,BELRISE,254.42,-2.65,,242.51,243.2,276.85,,,41.57,41.57,,,auto,auto ancillaries,,6.77,0.22,0.47,0.31,0.51,5.74,1.52,3.34,,,2026-08-13,264.99,250.6,5.74,5.74,18.83,8.5,3.02,3.02,2.22,84.14,24562.76,1.68,0.9,2.39,44.93,298495928,889879192,,,,,,,,,,,,,,,,,,
2026-08-13T17:38:01.267,FINCABLES,1249.3,-2.4,,1175.57,1030.77,1686.36,,,19.18,23.09,,,industrials,cables - power,,27.4,0.41,0.6,0.42,0.64,3.39,18.68,4.99,,,2026-08-13,1282.0,1240.0,3.97,3.97,183.79,62.39,4.09,4.09,2.95,171.6,18472.78,2.1,-2.31,3.45,14.91,98098175,152939345,,,,,,,,,,,,,,,,,,
2026-08-13T17:38:01.267,PNBHOUSING,1164.8,0.62,,1114.05,1099.84,1294.73,,,13.61,12.85,,,financials,finance - housing,,5.58,0.26,0.24,0.24,0.23,2.66,2.56,2.98,,,2026-08-13,1171.4,1141.0,2.71,2.71,101.65,34.73,3.07,3.07,2.93,111.41,29761.98,2.23,-0.32,3.21,68.53,187538718,260589923,,,,,,,,,,,,,,,,,,
2026-08-13T17:38:01.267,APARINDS,17225.0,-4.31,,16082.8,15707.32,20260.36,,,37.0,56.94,,,industrials,electric equipment,,13.19,0.66,0.82,0.74,0.91,8.0,5.11,5.1,,,2026-08-13,18395.0,17032.0,9.17,9.17,2333.8,879.17,4.95,4.95,2.65,102.14,67283.81,2.78,1.68,3.07,21.95,16969932,40174235,,,,,,,,,,,,,,,,,,
2026-08-13T17:38:01.267,AZAD,2665.1,7.49,,2504.74,2403.43,3188.45,,,120.48,115.03,,,aerospace & defence,engineering,,3.24,0.5,0.52,0.42,0.42,8.43,8.76,4.31,,,2026-08-13,2689.0,2480.0,9.74,9.74,390.92,114.78,4.24,4.24,3.41,296.48,15965.25,2.99,1.64,3.99,161.26,28517503,64581743,,,,,,,,,,,,,,,,,,
2026-08-13T17:38:01.267,JSWINFRA,341.35,-1.51,,324.64,323.93,376.2,,,51.72,48.01,,,transportation,miscellaneous,,6.03,0.2,0.22,0.19,0.24,3.51,0.74,3.33,,,2026-08-13,350.75,338.85,3.51,3.51,21.63,11.37,3.29,3.29,1.9,51.39,79651.1,3.49,3.25,2.03,21.98,607333491,2330001567,,,,,,,,,,,,,,,,,,
2026-08-13T17:38:01.267,UJJIVANSFB,71.19,-1.64,,67.49,71.06,71.44,,,10.92,15.02,,,bank,banks - private sector,,-1.03,0.05,0.26,0.04,0.28,2.24,2.28,3.31,,,2026-08-13,72.5,70.91,3.23,3.23,8.21,2.35,3.95,3.95,3.49,40.55,13644.02,4.51,3.99,3.94,11.89,1945255791,1945255791,,,,,,,,,,,,,,,,,,
2026-08-13T17:38:01.267,PARAS,1342.2,4.8,,1257.59,1249.4,1527.8,,,127.59,109.56,,,aerospace & defence,engineering,,2.53,0.88,0.8,0.76,0.72,5.78,6.47,4.05,,,2026-08-13,1354.1,1280.1,7.17,7.17,121.91,54.3,4.04,4.04,2.25,44.67,10347.41,5.21,4.85,2.47,114.37,37718746,80587330,,,,,,,,,,,,,,,,,,
2026-08-12T08:42:58.581,ASTRAMICRO,1703.7,,,,1718.46,2004.74,,,327.63,85.57,62.61,,aerospace & defence,telecommunications - equipment,23.01,7.14,0.75,0.8,0.64,0.67,8.33,10.08,5.19,,,2026-08-12,,,,,,,,,,,,,,,,,,1.71,-10.02,1960.0,1.11,1841.1,-0.23,10.32,,,,,,,,,,,
2026-08-12T08:42:58.581,THELEELA,512.25,,,,470.35,518.85,,,87.71,28.25,59.47,,services,hotels,20.67,-0.5,0.08,0.12,0.07,0.06,5.16,6.8,3.57,,,2026-08-12,,,,,,,,,,,,,,,,,,6.55,-0.65,527.0,5.68,468.0,-3.7,5.27,,,,,,,,,,,
2026-08-12T08:42:58.581,KERNEX,2387.3,,,,2148.54,2434.86,,,14.67,45.37,59.29,,consumer discretionary,electronics - components,17.5,3.33,0.68,0.75,0.66,0.69,6.66,6.59,4.69,,,2026-08-12,,,,,,,,,,,,,,,,,,12.58,-2.07,2580.0,3.23,2220.0,-3.68,10.9,,,,,,,,,,,
2026-08-12T08:42:58.581,SAKAR,953.75,,,,831.36,939.14,,,51.61,58.87,58.28,,healthcare,pharmaceuticals - indian - bulk drugs & formln,18.05,1.65,1.08,1.17,0.99,1.07,6.48,6.02,5.44,,,2026-08-12,,,,,,,,,,,,,,,,,,10.7,-0.59,980.0,4.76,845.05,-4.08,7.78,,,,,,,,,,,
2026-08-12T08:42:58.581,MUFIN,135.98,,,,123.84,139.64,,,53.96,87.17,58.25,,financials,finance & investments,15.36,4.17,0.06,0.17,0.06,0.15,6.38,5.98,2.9,,,2026-08-12,,,,,,,,,,,,,,,,,,5.81,-0.56,139.4,2.12,129.0,-2.39,4.77,,,,,,,,,,,
2026-08-12T08:42:58.581,GRWRHITECH,7020.5,,,,6856.24,7446.76,,,30.74,42.05,61.23,,industrials,packaging,21.38,0.08,1.19,0.84,1.1,0.78,4.31,5.85,3.53,,,2026-08-12,,,,,,,,,,,,,,,,,,11.72,-5.19,7990.0,4.23,6861.5,-4.07,5.86,,,,,,,,,,,
2026-08-12T08:42:58.581,SANSERA,3685.1,,,,3202.06,3491.74,,,47.22,70.64,61.74,,auto,auto ancillaries,32.33,1.34,0.78,1.08,0.75,1.01,4.52,5.52,3.44,,,2026-08-12,,,,,,,,,,,,,,,,,,17.66,0.34,3938.0,3.14,3245.0,-3.44,8.27,,,,,,,,,,,
2026-08-12T08:42:58.581,TORNTPHARM,4886.0,,,,4972.72,5272.88,,,82.15,77.94,64.1,,healthcare,pharmaceuticals - indian - formulations,25.33,-1.57,0.19,0.29,0.13,0.23,3.02,5.47,2.93,,,2026-08-12,,,,,,,,,,,,,,,,,,2.48,-5.7,5250.0,4.67,4894.4,-3.58,9.16,,,,,,,,,,,
2026-08-12T08:42:58.581,CHOLAFIN,1914.4,,,,1732.4,1967.4,,,24.63,28.22,61.19,,financials,finance & investments,18.31,2.71,0.04,0.04,-0.02,0.0,6.78,5.23,3.56,,,2026-08-12,,,,,,,,,,,,,,,,,,5.55,0.51,1952.5,3.96,1779.4,-3.35,5.66,,,,,,,,,,,
2026-08-12T08:42:58.581,SIEMENS,4011.0,,,,3623.76,3896.24,,,16.66,43.59,61.98,,industrials,electric equipment,21.96,1.06,0.12,0.18,0.08,0.15,3.76,5.14,2.65,,,2026-08-12,,,,,,,,,,,,,,,,,,8.35,-1.75,4073.8,2.67,3662.1,-2.4,4.87,,,,,,,,,,,
2026-08-12T08:42:58.581,MOTHERSON,169.26,,,,143.1,158.4,,,43.18,40.79,62.53,,auto,auto ancillaries,17.79,2.32,0.23,0.33,0.18,0.29,5.35,4.79,2.68,,,2026-08-12,,,,,,,,,,,,,,,,,,14.1,-1.6,172.0,2.96,146.42,-2.66,3.52,,,,,,,,,,,
2026-08-12T08:42:58.581,CHOICEIN,822.4,,,,808.67,837.23,,,75.59,70.84,64.85,,financials,finance & investments,25.91,-1.44,-0.01,0.01,-0.07,-0.02,1.77,3.84,2.13,,,2026-08-12,,,,,,,,,,,,,,,,,,3.81,-0.36,854.3,3.26,797.0,-2.58,10.94,,,,,,,,,,,
2026-08-12T08:42:58.581,ABCAPITAL,407.15,,,,393.72,414.88,,,22.82,26.77,56.26,,financials,finance & investments,15.7,0.61,0.1,0.18,0.05,0.15,2.69,3.73,2.71,,,2026-08-12,,,,,,,,,,,,,,,,,,6.53,-0.82,430.7,2.07,396.1,-1.63,5.66,,,,,,,,,,,
2026-08-12T08:42:58.581,MUKANDLTD,140.61,,,,140.42,142.42,,,0.92,3.36,56.27,,metals & mining,steel - medium / small,21.23,-0.68,0.02,0.03,-0.03,0.02,0.71,2.27,2.76,,,2026-08-12,,,,,,,,,,,,,,,,,,3.01,-1.85,145.67,1.4,139.47,-2.33,6.6,,,,,,,,,,,
2026-08-11T23:05:37.204,ASTRAMICRO,1703.7,,,,1718.46,2004.74,,,327.63,85.57,62.61,,aerospace & defence,telecommunications - equipment,23.01,7.14,0.75,0.8,0.64,0.67,8.33,10.08,5.19,,,2026-08-11,,,,,,,,,,,,,,,,,,1.71,-10.02,1960.0,1.11,1841.1,-0.23,10.32,,,,,,,,,,,
2026-08-11T23:05:37.204,THELEELA,512.25,,,,470.35,518.85,,,87.71,28.25,59.47,,services,hotels,20.67,-0.5,0.08,0.12,0.07,0.06,5.16,6.8,3.57,,,2026-08-11,,,,,,,,,,,,,,,,,,6.55,-0.65,527.0,5.68,468.0,-3.7,5.27,,,,,,,,,,,
2026-08-11T23:05:37.204,KERNEX,2387.3,,,,2148.54,2434.86,,,14.67,45.37,59.29,,consumer discretionary,electronics - components,17.5,3.33,0.68,0.75,0.66,0.69,6.66,6.59,4.69,,,2026-08-11,,,,,,,,,,,,,,,,,,12.58,-2.07,2580.0,3.23,2220.0,-3.68,10.9,,,,,,,,,,,
2026-08-11T23:05:37.204,SAKAR,953.75,,,,831.36,939.14,,,51.61,58.87,58.28,,healthcare,pharmaceuticals - indian - bulk drugs & formln,18.05,1.65,1.08,1.17,0.99,1.07,6.48,6.02,5.44,,,2026-08-11,,,,,,,,,,,,,,,,,,10.7,-0.59,980.0,4.76,845.05,-4.08,7.78,,,,,,,,,,,
2026-08-11T23:05:37.204,MUFIN,135.98,,,,123.84,139.64,,,53.96,87.17,58.25,,financials,finance & investments,15.36,4.17,0.06,0.17,0.06,0.15,6.38,5.98,2.9,,,2026-08-11,,,,,,,,,,,,,,,,,,5.81,-0.56,139.4,2.12,129.0,-2.39,4.77,,,,,,,,,,,
2026-08-11T23:05:37.204,GRWRHITECH,7020.5,,,,6856.24,7446.76,,,30.74,42.05,61.23,,industrials,packaging,21.38,0.08,1.19,0.84,1.1,0.78,4.31,5.85,3.53,,,2026-08-11,,,,,,,,,,,,,,,,,,11.72,-5.19,7990.0,4.23,6861.5,-4.07,5.86,,,,,,,,,,,
2026-08-11T23:05:37.204,SANSERA,3685.1,,,,3202.06,3491.74,,,47.22,70.64,61.74,,auto,auto ancillaries,32.33,1.34,0.78,1.08,0.75,1.01,4.52,5.52,3.44,,,2026-08-11,,,,,,,,,,,,,,,,,,17.66,0.34,3938.0,3.14,3245.0,-3.44,8.27,,,,,,,,,,,
2026-08-11T23:05:37.204,TORNTPHARM,4886.0,,,,4972.72,5272.88,,,82.15,77.94,64.1,,healthcare,pharmaceuticals - indian - formulations,25.33,-1.57,0.19,0.29,0.13,0.23,3.02,5.47,2.93,,,2026-08-11,,,,,,,,,,,,,,,,,,2.48,-5.7,5250.0,4.67,4894.4,-3.58,9.16,,,,,,,,,,,
2026-08-11T23:05:37.204,CHOLAFIN,1914.4,,,,1732.4,1967.4,,,24.63,28.22,61.19,,financials,finance & investments,18.31,2.71,0.04,0.04,-0.02,0.0,6.78,5.23,3.56,,,2026-08-11,,,,,,,,,,,,,,,,,,5.55,0.51,1952.5,3.96,1779.4,-3.35,5.66,,,,,,,,,,,
2026-08-11T23:05:37.204,SIEMENS,4011.0,,,,3623.76,3896.24,,,96.42,91.74,61.98,,industrials,electric equipment,21.96,1.06,0.12,0.18,0.08,0.15,3.76,5.14,2.65,,,2026-08-11,,,,,,,,,,,,,,,,,,8.35,-1.75,4073.8,2.67,3662.1,-2.4,4.87,,,,,,,,,,,
2026-08-11T23:05:37.204,MOTHERSON,169.26,,,,143.1,158.4,,,43.18,40.79,62.53,,auto,auto ancillaries,17.79,2.32,0.23,0.33,0.18,0.29,5.35,4.79,2.68,,,2026-08-11,,,,,,,,,,,,,,,,,,14.1,-1.6,172.0,2.96,146.42,-2.66,3.52,,,,,,,,,,,
2026-08-11T23:05:37.204,CHOICEIN,822.4,,,,808.67,837.23,,,67.41,72.97,64.85,,financials,finance & investments,25.91,-1.44,-0.01,0.01,-0.07,-0.02,1.77,3.84,2.13,,,2026-08-11,,,,,,,,,,,,,,,,,,3.81,-0.36,854.3,3.26,797.0,-2.58,10.94,,,,,,,,,,,
2026-08-11T23:05:37.204,ABCAPITAL,407.15,,,,393.72,414.88,,,22.82,26.77,56.26,,financials,finance & investments,15.7,0.61,0.1,0.18,0.05,0.15,2.69,3.73,2.71,,,2026-08-11,,,,,,,,,,,,,,,,,,6.53,-0.82,430.7,2.07,396.1,-1.63,5.66,,,,,,,,,,,
2026-08-11T23:05:37.204,MUKANDLTD,140.61,,,,140.42,142.42,,,0.92,3.36,56.27,,metals & mining,steel - medium / small,21.23,-0.68,0.02,0.03,-0.03,0.02,0.71,2.27,2.76,,,2026-08-11,,,,,,,,,,,,,,,,,,3.01,-1.85,145.67,1.4,139.47,-2.33,6.6,,,,,,,,,,,
2026-08-10T23:30:13.462,MTARTECH,6940.0,-2.05,,6397.18,5647.79,9524.42,,,106.25,159.94,,,aerospace & defence,engineering,,25.46,0.96,1.63,0.97,1.69,3.68,4.97,4.83,,,2026-08-10,7000.0,6751.5,5.88,5.88,33.5,335.02,3.24,3.24,0.1,15.63,21347.16,-4.07,-4.83,0.1,56.27,21729927,30759591,,,,,,,,,,,,,,,,,,
2026-08-10T23:30:13.462,HINDCOPPER,526.25,-1.84,,500.94,495.0,588.75,,,28.66,55.45,,,metals & mining,mining / minerals / metals,,10.39,-0.16,0.62,-0.19,0.66,5.75,0.81,3.75,,,2026-08-10,552.0,522.0,5.75,5.75,22.48,19.73,3.13,3.13,1.14,284.4,50889.64,-3.49,-5.41,1.19,21.55,327410647,967024020,,,,,,,,,,,,,,,,,,
2026-08-10T23:30:13.462,DELHIVERY,478.35,1.07,,455.73,454.1,526.84,,,123.29,234.49,,,transportation,miscellaneous,,1.72,0.01,0.14,-0.03,0.13,6.82,5.71,3.41,,,2026-08-10,483.35,452.5,6.82,6.82,4.83,16.32,3.02,3.02,0.3,299.55,35821.15,-0.51,-0.59,0.3,158.43,748848124,748848124,,,,,,,,,,,,,,,,,,
2026-08-10T23:30:13.462,PNBHOUSING,1149.3,0.55,,1096.15,1070.36,1307.17,,,13.43,12.93,,,financials,finance - housing,,6.1,0.25,0.27,0.24,0.27,3.27,2.66,3.44,,,2026-08-10,1174.8,1137.6,4.94,4.94,95.59,39.55,3.12,3.12,2.42,123.41,29949.6,1.11,-0.48,2.64,29.59,187538718,260589923,,,,,,,,,,,,,,,,,,
2026-08-10T23:30:13.462,NAVINFLUOR,8196.5,-0.9,,7798.72,7646.06,9297.37,,,43.18,53.16,,,chemicals,chemicals,,9.85,0.18,0.35,0.21,0.37,1.63,4.62,3.87,,,2026-08-10,8308.0,8175.0,1.63,1.63,676.35,316.82,3.07,3.07,2.13,88.83,42040.8,1.15,1.01,2.33,6.79,37399435,51291159,,,,,,,,,,,,,,,,,,
2026-08-10T23:30:13.462,SHAILY,3367.4,6.49,,3173.39,3105.83,3890.54,,,96.32,91.08,,,plastic products,plastics products,,3.88,0.54,0.3,0.42,0.23,8.08,7.52,4.37,,,2026-08-10,3384.8,3131.8,8.08,8.08,425.87,147.09,3.84,3.84,2.9,134.9,15488.44,1.52,0.46,3.31,160.18,27096158,45995248,,,,,,,,,,,,,,,,,,
2026-08-10T23:30:13.462,RATNAVEER,207.89,0.87,,191.59,193.58,236.51,,,5.02,11.13,,,metals & mining,steel - medium / small,,9.55,0.27,0.36,0.22,0.35,4.26,2.35,5.87,,,2026-08-10,215.3,206.5,5.02,5.02,27.42,12.19,5.66,5.66,2.25,86.91,1484.89,1.58,-0.76,2.59,11.4,38936665,71426681,,,,,,,,,,,,,,,,,,
2026-08-10T23:30:13.462,APARINDS,16448.0,-1.1,,15444.57,14551.34,20241.32,,,35.34,55.92,,,industrials,electric equipment,,16.31,0.6,0.79,0.6,0.81,4.35,5.9,4.1,,,2026-08-10,17043.0,16333.0,5.86,5.86,1804.08,674.66,4.4,4.4,2.67,101.32,66078.58,2.72,1.35,3.0,17.05,16969932,40174235,,,,,,,,,,,,,,,,,,
2026-08-10T23:30:13.462,AZAD,2549.7,2.44,,2392.77,2357.51,2934.07,,,115.27,118.65,,,aerospace & defence,engineering,,4.77,0.57,0.52,0.52,0.49,11.21,9.52,4.35,,,2026-08-10,2589.0,2328.0,11.21,11.21,305.11,110.83,4.16,4.16,2.75,219.2,16466.41,3.15,1.49,3.13,200.03,28517503,64581743,,,,,,,,,,,,,,,,,,
2026-08-10T23:30:13.462,HSCL,772.05,2.58,,727.83,767.98,780.2,,,42.42,48.4,,,chemicals,chemicals,,-2.7,0.56,0.77,0.51,0.73,3.7,3.19,3.52,,,2026-08-10,779.8,752.0,3.83,3.83,72.8,27.16,4.2,4.2,2.68,26.66,38953.13,3.7,3.69,2.96,73.82,239682297,504541599,,,,,,,,,,,,,,,,,,
2026-08-10T23:30:13.462,CHOLAFIN,1920.0,2.88,,1833.84,1814.14,2131.72,,,24.7,28.31,,,financials,finance & investments,,4.52,0.02,0.12,-0.01,0.09,3.11,3.11,3.25,,,2026-08-10,1920.0,1862.0,3.11,3.11,192.82,62.41,3.01,3.01,3.09,90.31,163696.63,3.87,2.13,3.43,92.93,432901786,852586631,,,,,,,,,,,,,,,,,,
2026-08-10T23:30:13.462,UJJIVANSFB,69.76,-0.5,,65.88,70.94,67.4,,,10.7,14.94,,,bank,banks - private sector,,-1.43,0.02,0.25,0.02,0.26,2.86,0.23,3.77,,,2026-08-10,71.59,69.6,2.86,2.86,7.84,2.63,4.11,4.11,2.98,35.49,13570.1,4.09,3.54,3.36,6.09,1945255791,1945255791,,,,,,,,,,,,,,,,,,
2026-08-10T23:30:13.462,PGEL,621.8,-1.4,,588.68,600.61,664.19,,,58.22,86.24,,,consumer discretionary,electronics - components,,0.8,-0.02,0.05,-0.01,0.06,3.3,4.15,3.81,,,2026-08-10,630.75,610.6,4.7,4.7,61.96,23.67,3.69,3.69,2.62,85.8,17757.79,4.16,3.56,2.91,47.31,161717368,285586908,,,,,,,,,,,,,,,,,,
2026-08-10T23:30:13.462,SYRMA,1516.4,6.44,,1431.21,1343.6,1861.99,,,73.04,78.77,,,consumer discretionary,electronics - components,,6.49,0.61,0.79,0.51,0.68,6.62,7.93,3.89,,,2026-08-10,1522.0,1427.5,8.13,8.13,170.44,59.0,4.07,4.07,2.89,262.03,29240.81,5.66,5.38,3.25,150.69,111298962,192830485,,,,,,,,,,,,,,,,,,
2026-08-09T23:34:19.853,ASTRAMICRO,1840.0,,,,1718.46,2004.74,,3.97,41.22,90.55,57.08,,aerospace & defence,telecommunications - equipment,23.01,-2.34,0.75,0.8,0.75,0.67,8.33,10.08,5.19,,,2026-08-09,,,,,,,,,,,,,,,,,,,,,1.11,1841.1,-5.41,,1.71,-4.22,1960.0,10.32,,,,,,,
2026-08-09T23:34:19.853,THELEELA,518.0,,,,470.35,518.85,,4.95,88.7,28.57,46.51,,services,hotels,20.67,-1.41,0.08,0.12,0.08,0.06,5.16,6.8,3.57,,,2026-08-09,,,,,,,,,,,,,,,,,,,,,5.68,468.0,-7.27,,6.55,-0.65,527.0,5.27,,,,,,,
2026-08-09T23:34:19.853,KERNEX,2451.8,,,,2148.54,2434.86,,0.24,15.06,46.59,53.99,,consumer discretionary,electronics - components,17.5,0.85,0.68,0.75,0.68,0.69,6.66,6.59,4.69,,,2026-08-09,,,,,,,,,,,,,,,,,,,,,3.23,2220.0,-8.37,,12.58,-0.95,2580.0,10.9,,,,,,,
2026-08-09T23:34:19.853,SAKAR,924.65,,,,831.36,939.14,,1.21,50.04,57.08,52.5,,healthcare,pharmaceuticals - indian - bulk drugs & formln,18.05,1.24,1.08,1.17,1.08,1.07,6.48,6.02,5.44,,,2026-08-09,,,,,,,,,,,,,,,,,,,,,4.76,845.05,-9.52,,6.64,-0.59,944.0,7.78,,,,,,,
2026-08-09T23:34:19.853,MUFIN,137.19,,,,123.84,139.64,,1.4,54.44,87.94,55.67,,financials,finance & investments,15.36,0.41,0.06,0.17,0.06,0.15,6.38,5.98,2.9,,,2026-08-09,,,,,,,,,,,,,,,,,,,,,2.12,129.0,-5.28,,5.06,-0.56,138.4,4.77,,,,,,,
2026-08-09T23:34:19.853,GRWRHITECH,6973.0,,,,6856.24,7446.76,,0.62,30.53,41.76,56.52,,industrials,packaging,21.38,-0.62,1.19,0.84,1.19,0.78,4.31,5.85,3.53,,,2026-08-09,,,,,,,,,,,,,,,,,,,,,4.23,6861.5,-7.6,,11.72,-3.36,7990.0,5.86,,,,,,,
2026-08-09T23:34:19.853,SANSERA,3863.8,,,,3202.06,3491.74,,0.61,49.51,74.06,55.01,,auto,auto ancillaries,32.33,-0.98,0.78,1.08,0.78,1.01,4.52,5.52,3.44,,,2026-08-09,,,,,,,,,,,,,,,,,,,,,3.14,3245.0,-6.87,,15.93,0.34,3880.1,8.27,,,,,,,
2026-08-09T23:34:19.853,TORNTPHARM,4924.0,,,,4972.72,5272.88,,2.01,82.78,78.55,52.61,,healthcare,pharmaceuticals - indian - formulations,25.33,-2.85,0.19,0.29,0.19,0.23,3.02,5.47,2.93,,,2026-08-09,,,,,,,,,,,,,,,,,,,,,4.67,4894.4,-6.51,,2.48,-4.33,5250.0,9.16,,,,,,,
2026-08-09T23:34:19.853,CHOLAFIN,1866.2,,,,1732.4,1967.4,,1.72,24.01,27.51,57.37,,financials,finance & investments,18.31,2.36,0.04,0.04,0.04,0.0,6.78,5.23,3.56,,,2026-08-09,,,,,,,,,,,,,,,,,,,,,3.96,1779.4,-6.91,,5.55,0.51,1952.5,5.66,,,,,,,
2026-08-09T23:34:19.853,SIEMENS,3940.1,,,,3623.76,3896.24,,1.29,94.71,90.12,52.41,,industrials,electric equipment,21.96,-0.5,0.12,0.18,0.12,0.15,3.76,5.14,2.65,,,2026-08-09,,,,,,,,,,,,,,,,,,,,,2.67,3662.1,-5.05,,8.35,-1.75,4073.8,4.87,,,,,,,
2026-08-09T23:34:19.853,MOTHERSON,168.5,,,,143.1,158.4,,1.04,42.98,40.6,53.55,,auto,auto ancillaries,17.79,1.39,0.23,0.33,0.23,0.29,5.35,4.79,2.68,,,2026-08-09,,,,,,,,,,,,,,,,,,,,,2.96,146.42,-5.34,,12.64,-1.6,169.8,3.52,,,,,,,
2026-08-09T23:34:19.853,CHOICEIN,841.15,,,,808.67,837.23,,1.41,68.95,74.64,57.74,,financials,finance & investments,25.91,-2.76,-0.01,0.01,-0.01,-0.02,1.77,3.84,2.13,,,2026-08-09,,,,,,,,,,,,,,,,,,,,,3.26,797.0,-4.71,,2.55,-0.24,843.95,10.94,,,,,,,
2026-08-09T23:34:19.853,ABCAPITAL,408.05,,,,393.72,414.88,,2.8,22.87,26.83,52.88,,financials,finance & investments,15.7,-1.63,0.1,0.18,0.1,0.15,2.69,3.73,2.71,,,2026-08-09,,,,,,,,,,,,,,,,,,,,,2.07,396.1,-4.33,,6.53,0.1,430.7,5.66,,,,,,,
2026-08-09T23:34:19.853,MUKANDLTD,143.22,,,,140.42,142.42,,0.39,0.93,3.43,52.27,,metals & mining,steel - medium / small,21.23,-1.02,0.02,0.03,0.02,0.02,0.71,2.27,2.76,,,2026-08-09,,,,,,,,,,,,,,,,,,,,,1.4,139.47,-5.09,,3.01,-1.85,145.67,6.6,,,,,,,
2026-08-08T23:46:08.854,ASTRAMICRO,1840.0,,,,1718.46,2004.74,,3.97,41.22,90.55,57.08,,aerospace & defence,telecommunications - equipment,23.01,-2.34,0.75,0.8,0.75,0.67,8.33,10.08,5.19,,,2026-08-08,,,,,,,,,,,,,,,,,,,,,1.11,1841.1,-5.41,,1.71,-4.22,1960.0,10.32,,,,,,,
2026-08-08T23:46:08.854,THELEELA,518.0,,,,470.35,518.85,,4.95,88.7,28.57,46.51,,services,hotels,20.67,-1.41,0.08,0.12,0.08,0.06,5.16,6.8,3.57,,,2026-08-08,,,,,,,,,,,,,,,,,,,,,5.68,468.0,-7.27,,6.55,-0.65,527.0,5.27,,,,,,,
2026-08-08T23:46:08.854,KERNEX,2451.8,,,,2148.54,2434.86,,0.24,15.06,46.59,53.99,,consumer discretionary,electronics - components,17.5,0.85,0.68,0.75,0.68,0.69,6.66,6.59,4.69,,,2026-08-08,,,,,,,,,,,,,,,,,,,,,3.23,2220.0,-8.37,,12.58,-0.95,2580.0,10.9,,,,,,,
2026-08-08T23:46:08.854,SAKAR,924.65,,,,831.36,939.14,,1.21,50.04,57.08,52.5,,healthcare,pharmaceuticals - indian - bulk drugs & formln,18.05,1.24,1.08,1.17,1.08,1.07,6.48,6.02,5.44,,,2026-08-08,,,,,,,,,,,,,,,,,,,,,4.76,845.05,-9.52,,6.64,-0.59,944.0,7.78,,,,,,,
2026-08-08T23:46:08.854,MUFIN,137.19,,,,123.84,139.64,,1.4,54.44,87.94,55.67,,financials,finance & investments,15.36,0.41,0.06,0.17,0.06,0.15,6.38,5.98,2.9,,,2026-08-08,,,,,,,,,,,,,,,,,,,,,2.12,129.0,-5.28,,5.06,-0.56,138.4,4.77,,,,,,,
2026-08-08T23:46:08.854,GRWRHITECH,6973.0,,,,6856.24,7446.76,,0.62,30.53,41.76,56.52,,industrials,packaging,21.38,-0.62,1.19,0.84,1.19,0.78,4.31,5.85,3.53,,,2026-08-08,,,,,,,,,,,,,,,,,,,,,4.23,6861.5,-7.6,,11.72,-3.36,7990.0,5.86,,,,,,,
2026-08-08T23:46:08.854,SANSERA,3863.8,,,,3202.06,3491.74,,0.61,49.51,74.06,55.01,,auto,auto ancillaries,32.33,-0.98,0.78,1.08,0.78,1.01,4.52,5.52,3.44,,,2026-08-08,,,,,,,,,,,,,,,,,,,,,3.14,3245.0,-6.87,,15.93,0.34,3880.1,8.27,,,,,,,
2026-08-08T23:46:08.854,TORNTPHARM,4924.0,,,,4972.72,5272.88,,2.01,82.78,78.55,52.61,,healthcare,pharmaceuticals - indian - formulations,25.33,-2.85,0.19,0.29,0.19,0.23,3.02,5.47,2.93,,,2026-08-08,,,,,,,,,,,,,,,,,,,,,4.67,4894.4,-6.51,,2.48,-4.33,5250.0,9.16,,,,,,,
2026-08-08T23:46:08.854,CHOLAFIN,1866.2,,,,1732.4,1967.4,,1.72,24.01,27.51,57.37,,financials,finance & investments,18.31,2.36,0.04,0.04,0.04,0.0,6.78,5.23,3.56,,,2026-08-08,,,,,,,,,,,,,,,,,,,,,3.96,1779.4,-6.91,,5.55,0.51,1952.5,5.66,,,,,,,
2026-08-08T23:46:08.854,SIEMENS,3940.1,,,,3623.76,3896.24,,1.29,94.71,90.12,52.41,,industrials,electric equipment,21.96,-0.5,0.12,0.18,0.12,0.15,3.76,5.14,2.65,,,2026-08-08,,,,,,,,,,,,,,,,,,,,,2.67,3662.1,-5.05,,8.35,-1.75,4073.8,4.87,,,,,,,
2026-08-08T23:46:08.854,MOTHERSON,168.5,,,,143.1,158.4,,1.04,42.98,40.6,53.55,,auto,auto ancillaries,17.79,1.39,0.23,0.33,0.23,0.29,5.35,4.79,2.68,,,2026-08-08,,,,,,,,,,,,,,,,,,,,,2.96,146.42,-5.34,,12.64,-1.6,169.8,3.52,,,,,,,
2026-08-08T23:46:08.854,CHOICEIN,841.15,,,,808.67,837.23,,1.41,68.95,74.64,57.74,,financials,finance & investments,25.91,-2.76,-0.01,0.01,-0.01,-0.02,1.77,3.84,2.13,,,2026-08-08,,,,,,,,,,,,,,,,,,,,,3.26,797.0,-4.71,,2.55,-0.24,843.95,10.94,,,,,,,
2026-08-08T23:46:08.854,ABCAPITAL,408.05,,,,393.72,414.88,,2.8,22.87,26.83,52.88,,financials,finance & investments,15.7,-1.63,0.1,0.18,0.1,0.15,2.69,3.73,2.71,,,2026-08-08,,,,,,,,,,,,,,,,,,,,,2.07,396.1,-4.33,,6.53,0.1,430.7,5.66,,,,,,,
2026-08-08T23:46:08.854,MUKANDLTD,143.22,,,,140.42,142.42,,0.39,0.93,3.43,52.27,,metals & mining,steel - medium / small,21.23,-1.02,0.02,0.03,0.02,0.02,0.71,2.27,2.76,,,2026-08-08,,,,,,,,,,,,,,,,,,,,,1.4,139.47,-5.09,,3.01,-1.85,145.67,6.6,,,,,,,
2026-08-07T23:40:42.61,ASTRAMICRO,1840.0,,,,1718.46,2004.74,,3.97,41.22,88.69,57.08,,aerospace & defence,telecommunications - equipment,23.01,-2.34,0.75,0.8,0.75,0.67,8.33,10.08,5.19,,,2026-08-07,,,,,,,,,,,,,,,,,,,,,1.11,1841.1,-5.41,,1.71,-4.22,1960.0,10.32,,,,,,,
2026-08-07T23:40:42.61,THELEELA,518.0,,,,470.35,518.85,,4.95,88.7,28.19,46.52,,services,hotels,20.67,-1.41,0.08,0.12,0.08,0.06,5.16,6.8,3.57,,,2026-08-07,,,,,,,,,,,,,,,,,,,,,5.68,468.0,-7.27,,6.55,-0.65,527.0,5.27,,,,,,,
2026-08-07T23:40:42.61,KERNEX,2451.8,,,,2148.53,2434.87,,0.24,15.06,46.23,53.99,,consumer discretionary,electronics - components,17.5,0.85,0.68,0.75,0.68,0.69,6.66,6.59,4.69,,,2026-08-07,,,,,,,,,,,,,,,,,,,,,3.23,2220.0,-8.37,,12.58,-0.95,2580.0,10.9,,,,,,,
2026-08-07T23:40:42.61,SAKAR,924.65,,,,831.36,939.14,,1.21,50.04,56.77,52.5,,healthcare,pharmaceuticals - indian - bulk drugs & formln,18.05,1.24,1.08,1.17,1.08,1.07,6.48,6.02,5.43,,,2026-08-07,,,,,,,,,,,,,,,,,,,,,4.76,845.05,-9.52,,6.64,-0.59,944.0,7.78,,,,,,,
2026-08-07T23:40:42.61,MUFIN,137.19,,,,123.84,139.64,,1.4,54.44,85.94,55.68,,financials,finance & investments,15.36,0.41,0.06,0.17,0.06,0.15,6.38,5.98,2.9,,,2026-08-07,,,,,,,,,,,,,,,,,,,,,2.12,129.0,-5.28,,5.06,-0.56,138.4,4.77,,,,,,,
2026-08-07T23:40:42.61,GRWRHITECH,6973.0,,,,6856.26,7446.74,,0.62,30.53,43.95,56.52,,industrials,packaging,21.38,-0.62,1.19,0.84,1.19,0.78,4.31,5.85,3.53,,,2026-08-07,,,,,,,,,,,,,,,,,,,,,4.23,6861.5,-7.6,,11.72,-3.36,7990.0,5.86,,,,,,,
2026-08-07T23:40:42.61,SANSERA,3863.8,,,,3202.06,3491.74,,0.61,49.51,72.6,55.01,,auto,auto ancillaries,32.33,-0.98,0.78,1.08,0.78,1.01,4.52,5.52,3.44,,,2026-08-07,,,,,,,,,,,,,,,,,,,,,3.14,3245.0,-6.87,,15.93,0.34,3880.1,8.27,,,,,,,
2026-08-07T23:40:42.61,TORNTPHARM,4924.0,,,,4972.72,5272.87,,2.01,82.78,79.06,52.61,,healthcare,pharmaceuticals - indian - formulations,25.33,-2.85,0.19,0.29,0.19,0.23,3.02,5.47,2.93,,,2026-08-07,,,,,,,,,,,,,,,,,,,,,4.67,4894.4,-6.51,,2.48,-4.33,5250.0,9.16,,,,,,,
2026-08-07T23:40:42.61,CHOLAFIN,1866.2,,,,1732.41,1967.39,,1.72,24.01,28.6,57.37,,financials,finance & investments,18.31,2.36,0.04,0.04,0.04,0.0,6.78,5.23,3.56,,,2026-08-07,,,,,,,,,,,,,,,,,,,,,3.96,1779.4,-6.91,,5.55,0.51,1952.5,5.66,,,,,,,
2026-08-07T23:40:42.61,SIEMENS,3940.1,,,,3623.78,3896.22,,1.29,94.71,90.39,52.4,,industrials,electric equipment,21.96,-0.5,0.12,0.18,0.12,0.15,3.76,5.14,2.65,,,2026-08-07,,,,,,,,,,,,,,,,,,,,,2.67,3662.1,-5.05,,8.35,-1.75,4073.8,4.87,,,,,,,
2026-08-07T23:40:42.61,MOTHERSON,168.5,,,,143.1,158.4,,1.04,42.98,37.35,53.56,,auto,auto ancillaries,17.79,1.39,0.23,0.33,0.23,0.29,5.35,4.79,2.68,,,2026-08-07,,,,,,,,,,,,,,,,,,,,,2.96,146.42,-5.34,,12.64,-1.6,169.8,3.52,,,,,,,
2026-08-07T23:40:42.61,CHOICEIN,841.15,,,,808.67,837.23,,1.41,68.95,73.93,57.74,,financials,finance & investments,25.91,-2.76,-0.01,0.01,-0.01,-0.02,1.77,3.84,2.13,,,2026-08-07,,,,,,,,,,,,,,,,,,,,,3.26,797.0,-4.71,,2.55,-0.24,843.95,10.94,,,,,,,
2026-08-07T23:40:42.61,ABCAPITAL,408.05,,,,393.72,414.88,,2.8,22.87,27.71,52.88,,financials,finance & investments,15.7,-1.63,0.1,0.18,0.1,0.15,2.69,3.73,2.71,,,2026-08-07,,,,,,,,,,,,,,,,,,,,,2.07,396.1,-4.33,,6.53,0.1,430.7,5.66,,,,,,,
2026-08-07T23:40:42.61,MUKANDLTD,143.22,,,,140.42,142.42,,0.39,0.93,3.43,52.28,,metals & mining,steel - medium / small,21.23,-1.02,0.02,0.03,0.02,0.02,0.71,2.27,2.76,,,2026-08-07,,,,,,,,,,,,,,,,,,,,,1.4,139.47,-5.09,,3.01,-1.85,145.67,6.6,,,,,,,
2026-08-04T09:57:57.638,SCI,305.4,4.36,,290.06,270.41,375.39,,,8.79,10.08,,,transportation,shipping,,9.28,0.3,0.15,0.25,0.11,3.01,9.84,3.13,,,2026-08-04,306.5,297.55,5.44,5.44,10.35,9.57,3.27,3.27,1.08,102.71,13631.61,-3.09,-4.54,1.12,82.05,168856033,465799010,,,,,,,,,,,,,,,,,,
2026-08-04T09:57:57.638,JPPOWER,18.99,1.23,,18.02,16.95,23.06,,,9.13,26.8,,,power & utilities,power generation and supply,,10.8,0.17,0.04,0.15,0.03,2.47,10.41,3.5,,,2026-08-04,19.1,18.64,4.31,4.31,0.96,0.67,3.23,3.23,1.44,20.31,12857.09,-1.52,-3.5,1.51,52.63,5208628709,6853458827,,,,,,,,,,,,,,,,,,
2026-08-04T09:57:57.638,DATAPATTNS,4600.8,3.88,,4277.17,4269.74,5262.91,,,291.93,92.54,,,aerospace & defence,electronics - components,,0.18,0.66,0.43,0.64,0.38,4.16,12.49,4.86,,,2026-08-04,4625.0,4440.1,9.18,9.18,212.04,223.69,4.77,4.77,0.95,43.62,24794.18,-0.42,-0.76,0.99,71.84,32241586,55983969,,,,,,,,,,,,,,,,,,
2026-08-04T09:57:57.638,UNIONBANK,174.46,0.26,,167.36,169.15,185.08,,,5.9,6.43,,,bank,banks - public sector,,2.11,-0.06,0.1,-0.06,0.1,1.35,2.73,2.45,,,2026-08-04,174.76,172.44,1.96,1.96,4.99,4.27,3.17,3.17,1.17,7.71,132824.74,0.04,-0.83,1.2,47.26,1926944757,7633605607,,,,,,,,,,,,,,,,,,
2026-08-04T09:57:57.638,MRPL,171.08,-1.71,,159.82,168.66,175.91,,,7.92,9.71,,,energy,refineries,,1.56,-0.11,-0.07,-0.02,-0.06,2.17,3.5,4.41,,,2026-08-04,173.88,170.18,2.17,2.17,12.22,7.54,5.23,5.23,1.62,9.05,30505.73,0.35,-0.55,1.75,11.94,200091162,1752598777,,,,,,,,,,,,,,,,,,
2026-08-04T09:57:57.638,PERSISTENT,5482.0,-1.67,,5202.93,5392.24,5661.53,,,44.38,45.26,,,i.t,computers - software - large,,0.46,-0.17,-0.13,-0.16,-0.11,2.45,4.15,3.58,,,2026-08-04,5599.0,5465.0,5.25,5.25,450.53,196.03,3.29,3.29,2.3,13.92,87945.63,1.2,0.93,2.5,8.67,109960070,157750000,,,,,,,,,,,,,,,,,,
2026-08-04T09:57:57.638,APARINDS,15222.0,3.23,,14239.64,13300.62,19064.77,,,32.7,50.13,,,industrials,electric equipment,,10.05,0.72,0.58,0.67,0.53,3.14,9.6,4.24,,,2026-08-04,15255.0,14790.0,6.52,6.52,848.52,645.84,4.34,4.34,1.31,29.18,59240.93,1.45,1.16,1.39,66.89,16969932,40174235,,,,,,,,,,,,,,,,,,
2026-08-04T09:57:57.638,ABB,7783.0,2.39,,7434.6,7379.74,8589.52,,,113.85,53.9,,,industrials,electric equipment,,-1.11,0.31,0.48,0.28,0.45,3.22,8.07,3.26,,,2026-08-04,7845.0,7600.5,8.31,8.31,650.44,253.71,3.31,3.31,2.56,48.53,161071.56,1.91,0.46,2.8,71.93,52977094,211908375,,,,,,,,,,,,,,,,,,
2026-08-04T09:57:57.638,IFCI,76.88,-0.56,,72.41,69.5,91.65,,,384.4,115.39,,,financials,finance - term-lending institutions,,12.73,0.26,0.38,0.23,0.39,1.49,4.13,3.32,,,2026-08-04,77.55,76.41,1.49,1.49,1.22,2.55,3.23,3.23,0.48,4.81,20829.74,2.78,2.27,0.49,18.4,739037235,2694314331,,,,,,,,,,,,,,,,,,
2026-08-04T09:57:57.638,HSCL,750.6,-0.01,,703.75,771.85,708.1,,,41.24,47.06,,,chemicals,chemicals,,-4.17,0.5,0.61,0.54,0.61,2.54,2.09,4.04,,,2026-08-04,759.8,740.95,3.35,3.35,63.79,30.31,4.05,4.05,2.1,7.86,37873.42,3.43,3.22,2.3,31.83,239682297,504541599,,,,,,,,,,,,,,,,,,
2026-08-04T09:57:57.638,CHENNPETRO,1312.8,-0.96,,1221.12,1228.88,1480.63,,,4.74,4.73,,,energy,refineries,,4.97,0.4,0.16,0.46,0.17,3.18,7.4,4.96,,,2026-08-04,1351.0,1309.4,6.71,6.71,148.16,65.11,5.77,5.77,2.28,50.01,19738.21,3.89,2.58,2.56,5.22,48713300,148911400,,,,,,,,,,,,,,,,,,
2026-08-04T09:57:57.638,WOCKPHARMA,2037.0,0.42,,1936.33,1865.03,2380.95,,,49.78,154.6,,,healthcare,pharmaceuticals - indian - bulk drugs & formln,,6.3,0.43,0.46,0.37,0.46,2.19,7.89,2.88,,,2026-08-04,2048.6,2004.7,5.54,5.54,118.1,58.68,3.12,3.12,2.01,8.15,32959.91,4.02,2.93,2.14,55.04,82733321,162492169,,,,,,,,,,,,,,,,,,
2026-08-04T09:57:57.638,PARAS,1308.1,1.22,,1223.9,1169.53,1585.25,,,76.59,101.12,,,aerospace & defence,engineering,,9.0,0.83,0.72,0.8,0.7,3.22,8.11,3.8,,,2026-08-04,1313.0,1272.1,4.62,4.62,151.18,49.77,3.96,3.96,3.04,8.52,10414.3,5.46,5.05,3.43,72.33,37718746,80587330,,,,,,,,,,,,,,,,,,
2026-08-04T09:57:57.638,EXIDEIND,447.75,0.69,,425.74,439.48,464.29,,,27.17,40.57,,,auto,auto ancillaries,,0.71,0.28,0.13,0.28,0.13,3.59,1.76,3.8,,,2026-08-04,457.45,441.6,3.97,3.97,39.04,17.0,3.38,3.38,2.3,29.22,37799.5,5.99,5.0,2.52,36.18,459045334,850000000,,,,,,,,,,,,,,,,,,
2026-08-03T10:18:43.618,JPPOWER,18.8,2.79,,17.83,16.71,22.97,,,9.04,26.13,,,power & utilities,power generation and supply,,4.66,0.16,0.02,0.1,-0.01,4.21,11.05,3.56,,,2026-08-03,19.08,18.31,10.93,10.93,0.77,0.67,3.17,3.17,1.15,64.45,12534.98,-1.73,-3.58,1.2,73.14,5208628709,6853458827,,,,,,,,,,,,,,,,,,
2026-08-03T10:18:43.618,UNIONBANK,174.79,2.07,,167.47,168.49,187.38,,,5.91,6.33,,,bank,banks - public sector,,1.49,-0.05,0.1,-0.13,0.08,2.53,4.1,2.62,,,2026-08-03,175.74,171.4,3.49,3.49,5.58,4.57,3.18,3.18,1.22,21.47,130717.86,0.11,-1.03,1.26,74.1,1926944757,7633605607,,,,,,,,,,,,,,,,,,
2026-08-03T10:18:43.618,PPLPHARMA,200.39,2.44,,189.18,187.72,225.72,,,-96.34,-82.54,,,healthcare,pharmaceuticals - indian - bulk drugs & formln,,5.59,0.22,-0.01,0.16,-0.03,4.04,4.04,3.97,,,2026-08-03,200.82,193.03,4.04,4.04,26.54,7.96,4.33,4.33,3.33,27.48,26042.5,0.12,-0.51,3.84,92.41,868023458,1331348130,,,,,,,,,,,,,,,,,,
2026-08-03T10:18:43.618,ABB,7320.0,0.49,,6990.87,7335.15,7289.69,,,107.08,51.66,,,industrials,electric equipment,,-1.69,0.24,0.4,0.19,0.4,2.79,1.74,3.1,,,2026-08-03,7445.0,7243.0,3.38,3.38,214.93,226.87,3.18,3.18,0.95,109.81,154364.66,0.37,0.14,0.98,33.94,52977094,211908375,,,,,,,,,,,,,,,,,,
2026-08-03T10:18:43.618,MRPL,175.06,3.01,,163.47,168.19,188.81,,,8.1,9.48,,,energy,refineries,,-1.34,-0.01,-0.08,-0.12,-0.1,3.51,8.7,4.63,,,2026-08-03,176.3,170.32,6.65,6.65,16.62,8.1,5.34,5.34,2.05,32.03,29783.66,0.53,-0.88,2.27,58.49,200091162,1752598777,,,,,,,,,,,,,,,,,,
2026-08-03T10:18:43.618,NETWEB,4566.8,0.95,,4266.8,4124.66,5451.07,,,76.22,98.56,,,i.t,computers - hardware,,4.63,0.27,0.31,0.32,0.3,3.98,9.37,4.51,,,2026-08-03,4740.0,4558.7,11.48,11.48,99.09,206.07,3.91,3.91,0.48,62.98,25759.97,0.72,-0.09,0.49,3.93,18799145,56940687,,,,,,,,,,,,,,,,,,
2026-08-03T10:18:43.618,BELRISE,243.66,2.93,,232.14,226.67,277.64,,,39.81,38.74,,,auto,auto ancillaries,,2.97,0.36,0.46,0.27,0.42,2.73,6.7,3.01,,,2026-08-03,244.9,238.4,5.66,5.66,13.35,7.33,3.12,3.12,1.82,38.15,22895.39,1.01,0.34,1.93,71.75,298495928,889879192,,,,,,,,,,,,,,,,,,
2026-08-03T10:18:43.618,LLOYDSME,2055.1,0.4,,1959.2,1978.59,2208.13,,,19.19,29.33,,,metals & mining,mining / minerals / metals,,4.27,0.76,0.58,0.7,0.57,1.32,2.99,3.25,,,2026-08-03,2062.0,2035.1,2.33,2.33,231.79,66.82,3.43,3.43,3.47,51.14,115227.05,2.38,1.02,3.91,29.93,215986677,562906951,,,,,,,,,,,,,,,,,,
2026-08-03T10:18:43.618,IFCI,77.6,1.38,,72.96,68.76,95.29,,,388.0,114.24,,,financials,finance - term-lending institutions,,8.54,0.25,0.36,0.27,0.34,2.96,10.38,3.57,,,2026-08-03,79.2,76.92,7.27,7.27,2.26,2.77,3.33,3.33,0.82,15.91,20622.28,2.78,2.29,0.84,24.53,739037235,2694314331,,,,,,,,,,,,,,,,,,
2026-08-03T10:18:43.618,HSCL,754.6,0.53,,706.62,770.27,723.26,,,41.46,47.06,,,chemicals,chemicals,,-2.56,0.56,0.6,0.49,0.59,2.94,2.64,4.25,,,2026-08-03,756.85,735.2,2.94,2.94,70.98,32.07,4.35,4.35,2.21,15.87,37873.42,3.31,3.18,2.44,60.49,239682297,504541599,,,,,,,,,,,,,,,,,,
2026-08-03T10:18:43.618,CHENNPETRO,1315.0,4.32,,1222.59,1215.97,1513.06,,,4.75,4.5,,,energy,refineries,,1.73,0.46,0.18,0.33,0.13,5.13,8.42,5.1,,,2026-08-03,1330.9,1266.0,8.88,8.88,156.49,67.12,5.81,5.81,2.33,76.81,18771.77,3.95,2.35,2.65,73.01,48713300,148911400,,,,,,,,,,,,,,,,,,
2026-08-03T10:18:43.618,ATHERENERG,1262.9,0.21,,1188.1,1253.71,1281.29,,,-120.51,-90.34,,,auto,automobiles - scooters and 3 - wheelers,,-2.19,0.86,0.88,0.86,0.88,2.13,2.5,3.66,,,2026-08-03,1277.0,1250.4,3.64,3.64,159.79,46.24,4.39,4.39,3.46,14.52,49671.61,5.03,4.83,3.96,27.03,227112254,383120970,,,,,,,,,,,,,,,,,,
2026-08-03T10:18:43.618,PARAS,1299.3,3.41,,1214.85,1158.63,1580.63,,,76.07,98.32,,,aerospace & defence,engineering,,5.13,0.83,0.67,0.61,0.61,4.36,9.0,3.8,,,2026-08-03,1309.7,1255.0,8.24,8.24,152.16,49.37,4.1,4.1,3.08,16.59,10125.8,5.68,5.06,3.49,89.74,37718746,80587330,,,,,,,,,,,,,,,,,,
2026-08-03T10:18:43.618,EXIDEIND,454.35,1.01,,433.47,439.11,484.83,,,27.57,41.04,,,auto,auto ancillaries,,1.87,0.32,0.15,0.28,0.14,1.79,5.66,3.43,,,2026-08-03,454.45,446.45,2.32,2.32,47.61,15.57,3.21,3.21,3.06,12.97,38233.0,6.13,4.93,3.41,50.73,459045334,850000000,,,,,,,,,,,,,,,,,,
2026-07-30T09:44:49.963,UNIONBANK,169.8,-0.75,,162.38,167.27,174.86,,,5.74,6.32,,,bank,banks - public sector,,1.2,-0.13,0.08,-0.14,0.09,1.11,1.25,2.74,,,2026-07-30,171.08,169.2,1.75,1.75,1.14,4.66,3.24,3.24,0.25,3.56,130595.72,-0.09,-1.58,0.25,12.88,1926944757,7633605607,,,,,,,,,,,,,,,,,,
2026-07-30T09:44:49.963,DATAPATTNS,4374.4,-1.4,,4067.71,4216.93,4689.33,,,44.26,91.53,,,aerospace & defence,electronics - components,,3.94,0.57,0.41,0.55,0.43,1.47,1.68,4.58,,,2026-07-30,4425.1,4361.0,2.19,2.19,18.84,200.5,4.62,4.62,0.09,4.89,24837.85,0.43,-0.4,0.09,6.68,32241586,55983969,,,,,,,,,,,,,,,,,,
2026-07-30T09:44:49.963,MRPL,165.84,1.49,,154.63,167.7,162.12,,,7.68,9.11,,,energy,refineries,,-5.1,-0.14,-0.08,-0.09,-0.09,3.32,4.3,4.64,,,2026-07-30,166.4,161.05,4.65,4.65,8.36,7.7,4.97,4.97,1.08,14.07,28639.22,0.7,-1.42,1.14,62.2,200091162,1752598777,,,,,,,,,,,,,,,,,,
2026-07-30T09:44:49.963,PPLPHARMA,199.14,1.77,,188.06,183.14,231.14,,,-711.21,-79.22,,,healthcare,pharmaceuticals - indian - bulk drugs & formln,,8.16,0.19,-0.01,0.16,-0.02,4.51,5.98,3.98,,,2026-07-30,201.29,192.6,4.51,4.51,26.11,7.92,4.48,4.48,3.3,76.03,26051.82,0.93,-0.28,3.79,82.57,868023458,1331348130,,,,,,,,,,,,,,,,,,
2026-07-30T09:44:49.963,AZAD,2289.4,-4.42,,2138.48,2397.5,2073.19,,,102.76,116.73,,,aerospace & defence,engineering,,-0.85,0.48,0.37,0.46,0.44,5.41,0.75,4.31,,,2026-07-30,2395.2,2272.3,5.41,5.41,96.47,98.63,4.83,4.83,0.98,39.12,15468.62,1.69,1.54,1.02,17.34,28517503,64581743,,,,,,,,,,,,,,,,,,
2026-07-30T09:44:49.963,ABB,7253.0,-0.79,,6931.28,7327.03,7104.94,,,21.54,52.02,,,industrials,electric equipment,,-2.9,0.22,0.43,0.33,0.44,1.37,2.37,3.0,,,2026-07-30,7332.0,7233.0,3.49,3.49,176.73,217.52,3.12,3.12,0.81,7.0,154915.62,1.76,-0.15,0.83,9.19,52977094,211908375,,,,,,,,,,,,,,,,,,
2026-07-30T09:44:49.963,ITDC,705.95,-1.88,,649.11,752.78,612.28,,,53.48,74.87,,,services,hotels,,-5.77,0.27,0.15,0.28,0.18,2.21,0.12,5.21,,,2026-07-30,720.7,705.1,2.21,2.21,68.01,36.76,6.91,6.91,1.85,1.48,6171.11,3.02,2.74,2.05,2.31,11127719,85769400,,,,,,,,,,,,,,,,,,
2026-07-30T09:44:49.963,PAYTM,1323.6,-0.48,,1260.53,1329.0,1312.81,,,96.19,130.91,,,i.t,miscellaneous,,-3.21,0.04,-0.02,0.03,-0.02,0.87,2.84,3.05,,,2026-07-30,1332.8,1321.3,3.07,3.07,139.67,40.34,3.55,3.55,3.46,8.12,85164.82,3.05,2.78,3.87,5.7,640337006,640337006,,,,,,,,,,,,,,,,,,
2026-07-30T09:44:49.963,LLOYDSME,2038.4,-0.63,,1943.72,1935.71,2243.78,,,19.04,29.39,,,metals & mining,mining / minerals / metals,,5.8,0.66,0.55,0.64,0.56,1.28,3.84,3.27,,,2026-07-30,2054.7,2028.8,2.96,2.96,229.28,66.63,3.45,3.45,3.44,11.47,115469.1,3.57,0.83,3.88,14.41,215986677,562906951,,,,,,,,,,,,,,,,,,
2026-07-30T09:44:49.963,CHENNPETRO,1268.7,4.65,,1177.83,1203.49,1399.11,,,4.58,4.33,,,energy,refineries,,-1.64,0.34,0.19,0.3,0.13,4.71,10.32,5.24,,,2026-07-30,1270.0,1212.9,7.98,7.98,120.62,66.42,5.47,5.47,1.82,52.38,18052.53,4.58,2.11,2.01,84.01,48713300,148911400,,,,,,,,,,,,,,,,,,
2026-07-30T09:44:49.963,GODREJPROP,2115.2,-1.89,,2019.65,2117.56,2110.48,,,24.5,35.1,,,realty,construction,,0.87,0.24,-0.07,0.27,-0.05,1.91,2.74,3.12,,,2026-07-30,2154.0,2113.6,1.91,1.91,222.09,65.94,3.21,3.21,3.37,9.37,64944.32,4.73,3.94,3.76,2.43,145611988,301225962,,,,,,,,,,,,,,,,,,
2026-07-30T09:44:49.963,HSCL,761.6,-1.08,,713.9,762.56,759.68,,,41.85,48.27,,,chemicals,chemicals,,0.64,0.52,0.61,0.57,0.63,1.79,3.48,4.19,,,2026-07-30,773.6,760.0,3.11,3.11,84.63,31.88,4.22,4.22,2.65,6.43,38844.66,4.83,3.33,2.99,5.02,239682297,504541599,,,,,,,,,,,,,,,,,,
2026-07-30T09:44:49.963,ATHERENERG,1256.1,0.8,,1179.35,1260.56,1247.18,,,-119.86,-89.33,,,auto,automobiles - scooters and 3 - wheelers,,-6.13,0.92,0.9,0.88,0.89,1.81,5.46,3.89,,,2026-07-30,1263.0,1240.6,6.04,6.04,167.19,48.83,4.43,4.43,3.42,13.22,47740.7,4.97,4.71,3.95,31.75,227112254,383120970,,,,,,,,,,,,,,,,,,
2026-07-30T09:44:49.963,E2E,485.85,-1.14,,448.14,474.6,508.34,,,56.76,-68.83,,,i.t,computers - software - medium / small,,9.1,1.19,0.67,1.16,0.69,3.48,0.92,5.71,,,2026-07-30,498.15,481.4,3.48,3.48,72.2,27.76,5.03,5.03,2.6,16.19,10102.49,6.87,5.81,3.06,16.03,124467620,205564890,,,,,,,,,,,,,,,,,,
2026-07-28T06:31:00.006,NRBBEARING,419.25,5.43,382.4,391.97,393.93,469.89,428.0,0.35,24.55,25.47,54.48,68.62,industrials,bearings,23.87,-4.58,0.63,0.5,0.52,0.43,6.43,9.64,4.26,9.64,4.44,2026-07-28,,,,,,,,,,,,,,,,,,,,,,,,,,,,,,,,,,,
2026-07-28T06:31:00.006,INOXGREEN,199.05,3.74,183.49,186.88,185.39,226.38,202.58,3.55,70.09,71.59,56.41,56.84,miscellaneous,miscellaneous,21.35,-1.61,0.16,-0.27,0.01,-0.29,7.37,8.48,4.25,8.48,4.03,2026-07-28,,,,,,,,,,,,,,,,,,,,,,,,,,,,,,,,,,,
2026-07-28T06:31:00.006,PLATIND,240.24,5.45,222.5,227.22,225.06,270.61,244.0,1.94,21.84,24.06,61.41,54.4,chemicals,chemicals,24.32,-1.2,-0.05,-0.11,-0.11,-0.15,6.75,7.97,3.58,7.97,3.91,2026-07-28,,,,,,,,,,,,,,,,,,,,,,,,,,,,,,,,,,,
2026-07-28T06:31:00.006,SAMBHV,121.69,4.98,113.0,114.78,117.88,129.3,123.55,1.61,16.81,22.77,62.9,60.18,metals & mining,steel - medium / small,32.3,-4.59,0.3,0.04,0.22,-0.01,3.23,7.69,3.81,7.69,4.19,2026-07-28,,,,,,,,,,,,,,,,,,,,,,,,,,,,,,,,,,,
2026-07-28T06:31:00.006,SAGILITY,43.29,7.1,40.28,41.12,41.08,47.72,43.81,5.5,23.53,19.07,60.75,52.25,i.t,computers - software - medium / small,19.46,-2.13,-0.23,-0.18,-0.3,-0.23,5.39,7.47,3.77,7.47,3.59,2026-07-28,,,,,,,,,,,,,,,,,,,,,,,,,,,,,,,,,,,
2026-07-28T06:31:00.006,AHCL,15.75,4.93,14.78,14.8,14.56,18.13,15.99,1.02,1.69,2.28,56.78,59.76,chemicals,chemicals,21.66,1.12,0.14,0.07,0.06,0.02,8.18,6.56,3.68,6.35,3.52,2026-07-28,,,,,,,,,,,,,,,,,,,,,,,,,,,,,,,,,,,
2026-07-28T06:31:00.006,DHANBANK,35.4,3.24,33.26,33.06,33.59,39.01,35.9,1.4,8.05,13.14,60.09,66.98,bank,banks - private sector,32.64,-0.71,0.36,0.29,0.27,0.25,5.38,6.43,4.31,6.43,4.67,2026-07-28,,,,,,,,,,,,,,,,,,,,,,,,,,,,,,,,,,,
2026-07-28T06:31:00.006,MSUMI,41.74,4.06,39.37,40.05,39.76,45.7,42.0,0.86,41.74,38.94,62.57,53.34,auto,auto ancillaries,17.29,-1.46,-0.11,-0.12,-0.17,-0.15,4.98,6.02,2.59,6.02,2.56,2026-07-28,,,,,,,,,,,,,,,,,,,,,,,,,,,,,,,,,,,
2026-07-28T06:31:00.006,RAMRAT,425.3,2.7,401.35,400.13,410.92,454.06,429.9,0.43,25.44,26.87,56.28,61.43,metals & mining,mining / minerals / metals,16.21,-2.38,0.35,0.32,0.27,0.29,3.5,5.97,3.66,5.97,3.95,2026-07-28,,,,,,,,,,,,,,,,,,,,,,,,,,,,,,,,,,,
2026-07-28T06:31:00.006,VINCOFE,162.87,4.28,154.55,153.27,155.92,176.78,165.45,1.28,28.28,30.8,58.79,60.41,consumer discretionary,trading,23.11,-1.23,0.02,-0.06,-0.06,-0.1,4.46,5.38,3.61,5.38,4.2,2026-07-28,,,,,,,,,,,,,,,,,,,,,,,,,,,,,,,,,,,
2026-07-28T06:31:00.006,GAIL,174.23,2.48,167.27,168.65,169.71,183.28,174.89,1.14,19.27,14.75,54.97,57.76,energy,miscellaneous,14.03,-1.61,-0.0,-0.07,-0.05,-0.09,2.67,4.16,2.11,4.16,1.95,2026-07-28,,,,,,,,,,,,,,,,,,,,,,,,,,,,,,,,,,,
2026-07-28T06:31:00.006,RACLGEAR,1332.2,1.27,1285.1,1237.57,1284.7,1427.19,1386.0,1.09,31.39,31.12,51.21,54.09,auto,auto ancillaries,29.89,-0.17,0.28,0.31,0.22,0.29,3.7,3.67,4.58,3.67,4.4,2026-07-28,,,,,,,,,,,,,,,,,,,,,,,,,,,,,,,,,,,
2026-07-28T06:31:00.006,RHETAN,29.05,2.47,28.18,26.93,27.63,31.89,30.21,1.84,90.78,149.21,55.36,58.75,metals & mining,steel - medium / small,17.89,3.5,0.02,0.24,-0.04,0.21,5.14,3.09,4.9,2.98,4.49,2026-07-28,,,,,,,,,,,,,,,,,,,,,,,,,,,,,,,,,,,
2026-07-28T06:31:00.006,MASFIN,318.3,1.51,309.1,303.46,313.75,327.39,323.8,0.83,13.99,15.24,51.63,51.86,financials,finance & investments,13.04,-1.91,-0.03,0.01,-0.07,-0.01,1.45,2.98,2.99,2.98,3.15,2026-07-28,,,,,,,,,,,,,,,,,,,,,,,,,,,,,,,,,,,
2026-07-27T23:44:04.391,NRBBEARING,419.25,5.43,382.4,391.97,393.93,469.89,428.0,0.35,24.55,25.47,54.48,68.62,industrials,bearings,23.87,-4.58,0.63,0.5,0.52,0.43,6.43,9.64,4.26,9.64,4.44,2026-07-27,,,,,,,,,,,,,,,,,,,,,,,,,,,,,,,,,,,
2026-07-27T23:44:04.391,INOXGREEN,199.05,3.74,183.49,186.88,185.39,226.38,202.58,3.55,70.09,71.59,56.41,56.84,miscellaneous,miscellaneous,21.35,-1.61,0.16,-0.27,0.01,-0.29,7.37,8.48,4.25,8.48,4.03,2026-07-27,,,,,,,,,,,,,,,,,,,,,,,,,,,,,,,,,,,
2026-07-27T23:44:04.391,PLATIND,240.24,5.45,222.5,227.22,225.06,270.61,244.0,1.94,21.84,24.06,61.41,54.4,chemicals,chemicals,24.32,-1.2,-0.05,-0.11,-0.11,-0.15,6.75,7.97,3.58,7.97,3.91,2026-07-27,,,,,,,,,,,,,,,,,,,,,,,,,,,,,,,,,,,
2026-07-27T23:44:04.391,SAMBHV,121.69,4.98,113.0,114.78,117.88,129.3,123.55,1.61,16.81,22.77,62.9,60.18,metals & mining,steel - medium / small,32.3,-4.59,0.3,0.04,0.22,-0.01,3.23,7.69,3.81,7.69,4.19,2026-07-27,,,,,,,,,,,,,,,,,,,,,,,,,,,,,,,,,,,
2026-07-27T23:44:04.391,SAGILITY,43.29,7.1,40.28,41.12,41.08,47.72,43.81,5.5,23.53,19.07,60.75,52.25,i.t,computers - software - medium / small,19.46,-2.13,-0.23,-0.18,-0.3,-0.23,5.39,7.47,3.77,7.47,3.59,2026-07-27,,,,,,,,,,,,,,,,,,,,,,,,,,,,,,,,,,,
2026-07-27T23:44:04.391,AHCL,15.75,4.93,14.78,14.8,14.56,18.13,15.99,1.02,1.69,2.28,56.78,59.76,chemicals,chemicals,21.66,1.12,0.14,0.07,0.06,0.02,8.18,6.56,3.68,6.35,3.52,2026-07-27,,,,,,,,,,,,,,,,,,,,,,,,,,,,,,,,,,,
2026-07-27T23:44:04.391,DHANBANK,35.4,3.24,33.26,33.06,33.59,39.01,35.9,1.4,8.05,13.14,60.09,66.98,bank,banks - private sector,32.64,-0.71,0.36,0.29,0.27,0.25,5.38,6.43,4.31,6.43,4.67,2026-07-27,,,,,,,,,,,,,,,,,,,,,,,,,,,,,,,,,,,
2026-07-27T23:44:04.391,MSUMI,41.74,4.06,39.37,40.05,39.76,45.7,42.0,0.86,41.74,38.94,62.57,53.34,auto,auto ancillaries,17.29,-1.46,-0.11,-0.12,-0.17,-0.15,4.98,6.02,2.59,6.02,2.56,2026-07-27,,,,,,,,,,,,,,,,,,,,,,,,,,,,,,,,,,,
2026-07-27T23:44:04.391,RAMRAT,425.3,2.7,401.35,400.13,410.92,454.06,429.9,0.43,25.44,26.87,56.28,61.43,metals & mining,mining / minerals / metals,16.21,-2.38,0.35,0.32,0.27,0.29,3.5,5.97,3.66,5.97,3.95,2026-07-27,,,,,,,,,,,,,,,,,,,,,,,,,,,,,,,,,,,
2026-07-27T23:44:04.391,VINCOFE,162.87,4.28,154.55,153.27,155.92,176.78,165.45,1.28,28.28,30.8,58.79,60.41,consumer discretionary,trading,23.11,-1.23,0.02,-0.06,-0.06,-0.1,4.46,5.38,3.61,5.38,4.2,2026-07-27,,,,,,,,,,,,,,,,,,,,,,,,,,,,,,,,,,,
2026-07-27T23:44:04.391,GAIL,174.23,2.48,167.27,168.65,169.71,183.28,174.89,1.14,19.27,14.75,54.97,57.76,energy,miscellaneous,14.03,-1.61,-0.0,-0.07,-0.05,-0.09,2.67,4.16,2.11,4.16,1.95,2026-07-27,,,,,,,,,,,,,,,,,,,,,,,,,,,,,,,,,,,
2026-07-27T23:44:04.391,RACLGEAR,1332.2,1.27,1285.1,1237.57,1284.7,1427.19,1386.0,1.09,31.39,31.12,51.21,54.09,auto,auto ancillaries,29.89,-0.17,0.28,0.31,0.22,0.29,3.7,3.67,4.58,3.67,4.4,2026-07-27,,,,,,,,,,,,,,,,,,,,,,,,,,,,,,,,,,,
2026-07-27T23:44:04.391,RHETAN,29.05,2.47,28.18,26.93,27.63,31.89,30.21,1.84,90.78,149.21,55.36,58.75,metals & mining,steel - medium / small,17.89,3.5,0.02,0.24,-0.04,0.21,5.14,3.09,4.9,2.98,4.49,2026-07-27,,,,,,,,,,,,,,,,,,,,,,,,,,,,,,,,,,,
2026-07-27T23:44:04.391,MASFIN,318.3,1.51,309.1,303.46,313.75,327.39,323.8,0.83,13.99,15.24,51.63,51.86,financials,finance & investments,13.04,-1.91,-0.03,0.01,-0.07,-0.01,1.45,2.98,2.99,2.98,3.15,2026-07-27,,,,,,,,,,,,,,,,,,,,,,,,,,,,,,,,,,,
2026-07-23T10:06:36.257,UNIONBANK,169.55,-0.64,,161.65,164.59,179.46,,,5.74,6.31,,,bank,banks - public sector,,4.36,-0.1,0.09,-0.11,0.1,1.21,0.21,3.27,,,2026-07-23,171.25,169.2,1.21,1.21,1.72,5.54,3.12,3.12,0.31,8.85,130259.85,-0.66,-2.03,0.31,6.31,1926944757,7633605607,,,,,,,,,,,,,,,,,,
2026-07-23T10:06:36.257,PERSISTENT,5058.2,-0.8,,4810.42,5034.21,5106.18,,,37.38,42.59,,,i.t,computers - software - large,,2.89,-0.25,-0.16,-0.27,-0.16,1.76,0.54,2.91,,,2026-07-23,5119.5,5031.1,1.76,1.76,110.43,147.27,3.05,3.05,0.75,7.3,80433.57,-0.37,-1.38,0.77,18.4,109960070,157750000,,,,,,,,,,,,,,,,,,
2026-07-23T10:06:36.257,BELRISE,233.16,0.37,,221.23,225.3,248.88,,,38.1,38.02,,,auto,auto ancillaries,,0.93,0.3,0.52,0.31,0.51,1.85,2.53,3.17,,,2026-07-23,234.09,229.84,2.94,2.94,6.09,7.4,3.5,3.5,0.82,12.51,20671.89,1.18,0.6,0.85,44.87,298495928,889879192,,,,,,,,,,,,,,,,,,
2026-07-23T10:06:36.257,AZAD,2428.5,4.38,,2273.66,2373.41,2538.67,,,109.0,113.39,,,aerospace & defence,engineering,,-1.73,0.59,0.45,0.45,0.39,4.23,5.3,4.29,,,2026-07-23,2466.0,2366.0,6.93,6.93,268.63,104.25,4.56,4.56,2.58,120.4,15026.23,1.52,1.47,2.9,59.95,28517503,64581743,,,,,,,,,,,,,,,,,,
2026-07-23T10:06:36.257,KARURVYSYA,338.0,-0.34,,320.74,308.99,396.02,,,10.81,11.94,,,bank,banks - private sector,,12.11,0.22,0.32,0.2,0.33,1.56,9.01,3.91,,,2026-07-23,340.9,335.65,1.56,1.56,42.05,13.2,3.67,3.67,3.18,21.71,32783.81,1.9,-0.12,3.64,17.8,946677259,966646219,,,,,,,,,,,,,,,,,,
2026-07-23T10:06:36.257,PGEL,583.0,1.32,,551.22,602.97,543.07,,,64.21,83.27,,,consumer discretionary,electronics - components,,-5.03,0.01,0.02,-0.05,0.01,3.15,2.27,3.86,,,2026-07-23,588.0,570.05,3.15,3.15,54.69,22.52,3.51,3.51,2.43,19.21,16432.67,2.5,0.47,2.68,57.5,161717368,285586908,,,,,,,,,,,,,,,,,,
2026-07-23T10:06:36.257,MANAPPURAM,354.9,1.34,,339.16,334.95,394.8,,,18.6,29.86,,,financials,finance & investments,,4.98,0.1,0.25,0.06,0.24,2.04,5.14,2.92,,,2026-07-23,355.5,348.4,2.41,2.41,33.09,10.35,3.18,3.18,3.2,25.12,32895.55,3.12,2.15,3.53,62.79,640935088,939336102,,,,,,,,,,,,,,,,,,
2026-07-23T10:06:36.257,ITDC,747.3,-0.38,,685.24,744.03,753.84,,,56.61,78.06,,,services,hotels,,2.14,0.32,0.21,0.27,0.22,2.21,1.47,6.34,,,2026-07-23,755.5,739.15,2.58,2.58,126.55,47.38,6.5,6.5,2.67,5.68,6433.99,3.34,1.36,3.22,17.2,11127719,85769400,,,,,,,,,,,,,,,,,,
2026-07-23T10:06:36.257,HSCL,764.6,-0.48,,716.43,705.98,881.83,,,42.01,48.17,,,chemicals,chemicals,,12.22,0.56,0.62,0.57,0.63,2.16,0.74,4.47,,,2026-07-23,775.55,759.15,2.18,2.18,106.17,34.19,4.28,4.28,3.11,20.97,38761.41,3.76,3.69,3.61,15.94,239682297,504541599,,,,,,,,,,,,,,,,,,
2026-07-23T10:06:36.257,GODREJPROP,2059.2,-1.05,,1969.73,2144.69,1888.22,,,23.86,33.88,,,realty,construction,,-2.71,0.15,-0.09,0.12,-0.08,1.37,0.65,2.93,,,2026-07-23,2074.0,2046.0,1.37,1.37,204.44,60.34,3.01,3.01,3.39,25.66,62688.14,4.21,3.22,3.76,21.88,145611988,301225962,,,,,,,,,,,,,,,,,,
2026-07-23T10:06:36.257,CHENNPETRO,1325.6,1.36,,1244.98,1174.83,1627.15,,,3.47,6.28,,,energy,refineries,,11.84,0.47,0.31,0.49,0.3,3.53,8.83,4.36,,,2026-07-23,1346.0,1300.1,6.07,6.07,196.58,57.82,4.52,4.52,3.4,106.77,19474.63,4.75,1.96,3.99,44.1,48713300,148911400,,,,,,,,,,,,,,,,,,
2026-07-23T10:06:36.257,SANSERA,3222.7,-1.0,,3041.16,3237.13,3193.84,,,41.3,62.4,,,auto,auto ancillaries,,-0.17,0.73,1.03,0.69,1.06,2.46,1.82,3.91,,,2026-07-23,3242.8,3165.0,2.46,2.46,244.24,126.13,3.72,3.72,1.94,14.63,20313.61,4.89,4.67,2.1,45.75,44176328,62403568,,,,,,,,,,,,,,,,,,
2026-07-23T10:06:36.257,SAREGAMA,494.25,0.99,,464.6,485.3,512.14,,,32.01,45.7,,,media,entertainment / electronic media software,,1.1,0.41,0.12,0.35,0.11,2.94,1.88,4.0,,,2026-07-23,499.4,485.15,2.94,2.94,37.77,19.78,4.2,4.2,1.91,3.29,9436.1,5.52,5.05,2.07,46.02,75507447,192809490,,,,,,,,,,,,,,,,,,
2026-07-23T10:06:36.257,WABAG,2080.7,0.38,,1945.95,2105.59,2030.92,,,22.94,29.49,,,realty,engineering - turnkey services,,-3.56,0.74,0.48,0.69,0.48,2.85,2.49,4.29,,,2026-07-23,2088.0,2030.2,2.85,2.85,280.74,89.25,4.9,4.9,3.15,15.05,12915.53,9.03,8.11,3.64,56.58,50414427,62309595,,,,,,,,,,,,,,,,,,
2026-07-21T15:05:31.54,INDIANB,856.15,-0.27,,817.57,801.81,964.82,,,8.59,9.05,,,bank,banks - public sector,,4.75,-0.08,-0.06,-0.08,-0.06,2.69,4.92,3.1,,,2026-07-21,867.85,845.15,4.49,4.49,24.3,26.55,3.18,3.18,0.92,45.42,115636.86,-1.79,-4.27,0.94,41.44,352414381,1346963981,,,,,,,,,,,,,,,,,,
2026-07-21T15:05:31.54,MRPL,175.4,2.62,,164.19,157.08,212.04,,,8.12,9.53,,,energy,refineries,,12.45,0.13,0.01,0.03,-0.02,3.33,6.07,4.83,,,2026-07-21,176.67,170.98,3.77,3.77,20.02,8.47,4.36,4.36,2.36,113.13,29955.42,0.14,-2.91,2.67,52.2,200091162,1752598777,,,,,,,,,,,,,,,,,,
2026-07-21T15:05:31.54,PERSISTENT,5231.0,0.82,,4974.59,4924.87,5843.26,,,38.66,43.34,,,i.t,computers - software - large,,7.79,-0.25,-0.15,-0.26,-0.15,2.61,2.77,3.0,,,2026-07-21,5299.9,5165.0,2.61,2.61,286.63,157.03,3.13,3.13,1.83,43.57,81851.74,0.25,-1.72,1.93,42.03,109960070,157750000,,,,,,,,,,,,,,,,,,
2026-07-21T15:05:31.54,UNIONBANK,176.03,0.06,,167.89,163.01,202.07,,,5.96,6.5,,,bank,banks - public sector,,3.77,-0.09,0.13,-0.09,0.13,3.46,5.88,3.46,,,2026-07-21,179.4,173.4,6.93,6.93,8.49,6.09,3.03,3.03,1.39,200.94,134298.02,0.58,-2.22,1.46,43.16,1926944757,7633605607,,,,,,,,,,,,,,,,,,
2026-07-21T15:05:31.54,KARURVYSYA,339.25,12.71,,321.62,300.63,416.49,,,10.85,10.6,,,bank,banks - private sector,,-0.85,0.17,0.3,0.03,0.16,10.3,14.55,4.28,,,2026-07-21,342.0,310.05,15.48,15.48,45.25,14.52,3.58,3.58,3.12,1753.38,29096.05,1.32,-0.32,3.6,201.04,946677259,966646219,,,,,,,,,,,,,,,,,,
2026-07-21T15:05:31.54,TECHM,1577.1,0.04,,1506.35,1469.45,1792.4,,,23.85,27.21,,,i.t,computers - software - large,,9.81,-0.16,0.07,-0.14,0.08,2.71,3.26,3.06,,,2026-07-21,1614.6,1572.0,2.71,2.71,122.48,48.32,3.04,3.04,2.53,83.76,154462.17,1.42,-0.89,2.75,10.55,637141920,979841252,,,,,,,,,,,,,,,,,,
2026-07-21T15:05:31.54,ZENTEC,1809.6,3.42,,1703.44,1755.68,1917.44,,,128.89,81.31,,,aerospace & defence,miscellaneous,,-2.07,0.25,0.24,0.2,0.2,4.33,4.6,3.53,,,2026-07-21,1817.7,1742.3,5.07,5.07,61.49,63.86,3.93,3.93,0.96,49.86,15799.01,1.63,1.58,1.0,105.38,46486527,90290356,,,,,,,,,,,,,,,,,,
2026-07-21T15:05:31.54,ABB,7535.0,0.24,,7207.4,7016.52,8571.97,,,22.38,53.49,,,industrials,electric equipment,,8.21,0.43,0.39,0.41,0.38,1.88,1.6,3.13,,,2026-07-21,7633.0,7492.5,2.92,2.92,598.08,235.91,3.1,3.1,2.54,46.12,159291.53,1.74,-1.09,2.75,18.02,52977094,211908375,,,,,,,,,,,,,,,,,,
2026-07-21T15:05:31.54,OBEROIRLTY,1884.7,0.11,,1804.82,1920.74,1812.62,,,31.52,25.86,,,realty,construction,,-4.13,0.05,0.01,0.03,0.01,1.42,2.37,2.84,,,2026-07-21,1897.6,1871.0,3.07,3.07,152.44,53.51,3.14,3.14,2.85,27.33,68455.39,2.81,2.17,3.1,25.6,117427291,363602237,,,,,,,,,,,,,,,,,,
2026-07-21T15:05:31.54,CHENNPETRO,1249.1,2.89,,1169.14,1134.68,1477.95,,,3.27,5.83,,,energy,refineries,,7.77,0.36,0.27,0.29,0.23,3.19,4.96,4.67,,,2026-07-21,1257.0,1218.1,5.19,5.19,131.7,58.36,4.39,4.39,2.26,126.45,18077.84,3.1,1.7,2.52,53.12,48713300,148911400,,,,,,,,,,,,,,,,,,
2026-07-21T15:05:31.54,EXICOM,177.75,5.67,,161.77,160.88,211.48,,,-11.03,-7.87,,,industrials,electric equipment,,-1.28,0.49,0.25,0.39,0.19,8.91,12.24,5.8,,,2026-07-21,180.9,166.1,13.7,13.7,25.17,10.31,6.33,6.33,2.44,68.06,2339.6,4.16,3.33,2.84,113.02,46630155,139079771,,,,,,,,,,,,,,,,,,
2026-07-21T15:05:31.54,IIFL,571.95,2.56,,542.49,539.94,635.98,,,10.36,14.27,,,financials,finance & investments,,4.03,-0.19,0.02,-0.2,-0.0,3.75,4.18,3.4,,,2026-07-21,577.7,556.8,4.6,4.6,65.04,19.43,3.82,3.82,3.35,81.36,23720.37,4.34,2.6,3.78,77.97,319650320,425324987,,,,,,,,,,,,,,,,,,
2026-07-21T15:05:31.54,SANSERA,3293.8,-1.24,,3110.38,3232.88,3415.65,,,42.21,63.93,,,auto,auto ancillaries,,0.93,0.68,1.04,0.66,1.07,4.32,3.42,3.99,,,2026-07-21,3414.3,3273.0,5.02,5.02,347.67,131.47,3.9,3.9,2.64,139.31,20812.84,5.07,4.68,2.96,15.82,44176328,62403568,,,,,,,,,,,,,,,,,,
2026-07-21T15:05:31.54,RAIN,222.09,4.75,,207.24,203.37,259.54,,,15.38,23.66,,,miscellaneous,miscellaneous,,3.34,0.47,0.55,0.38,0.48,5.89,9.67,4.65,,,2026-07-21,222.37,210.0,8.47,8.47,34.07,10.33,4.84,4.84,3.3,85.0,7131.2,7.61,7.5,3.9,117.03,197273326,336345679,,,,,,,,,,,,,,,,,,
2026-07-20T18:01:03.931,INDIANB,858.5,3.14,,819.64,796.6,982.29,,,8.61,8.77,,,bank,banks - public sector,,3.13,-0.07,-0.03,-0.1,-0.06,3.71,5.21,3.16,,,2026-07-20,861.4,830.55,5.56,5.56,26.46,27.14,3.14,3.14,0.98,131.69,112121.28,-1.42,-4.39,1.01,102.99,352414381,1346963981,,,,,,,,,,,,,,,,,,
2026-07-20T18:01:03.931,JINDRILL,601.4,2.16,,564.1,578.45,647.31,,,9.6,8.1,,,energy,oil drilling / allied services,,1.96,0.07,0.01,0.03,-0.01,3.92,3.68,4.17,,,2026-07-20,619.45,596.1,6.79,6.79,4.23,25.1,3.52,3.52,0.17,10.29,1706.12,0.52,-0.86,0.17,21.12,9628143,28981104,,,,,,,,,,,,,,,,,,
2026-07-20T18:01:03.931,PREMIERENE,1086.4,0.02,,1035.28,1063.93,1131.34,,,26.79,32.35,,,services,trading,,2.02,0.35,-0.04,0.36,-0.04,7.42,6.46,3.33,,,2026-07-20,1096.2,1020.5,7.42,7.42,40.49,36.15,3.14,3.14,1.12,147.82,49204.25,0.87,0.25,1.16,182.28,163369137,452994368,,,,,,,,,,,,,,,,,,
2026-07-20T18:01:03.931,ABB,7517.0,0.15,,7182.31,6930.74,8689.52,,,22.32,53.42,,,industrials,electric equipment,,10.24,0.42,0.39,0.39,0.39,2.12,4.53,3.33,,,2026-07-20,7574.0,7416.5,2.12,2.12,590.53,250.57,3.07,3.07,2.36,61.73,159058.43,1.0,-1.07,2.56,40.11,52977094,211908375,,,,,,,,,,,,,,,,,,
2026-07-20T18:01:03.931,MRPL,170.92,-2.05,,159.55,154.04,204.67,,,7.91,9.73,,,energy,refineries,,11.07,0.04,-0.01,0.01,0.02,3.8,6.41,5.2,,,2026-07-20,176.72,170.25,6.86,6.86,15.68,8.89,4.27,4.27,1.76,113.8,30581.1,1.16,-3.13,1.94,7.54,200091162,1752598777,,,,,,,,,,,,,,,,,,
2026-07-20T18:01:03.931,TECHM,1576.4,0.22,,1505.24,1449.92,1829.36,,,23.84,27.15,,,i.t,computers - software - large,,7.88,-0.13,0.07,-0.1,0.07,2.26,4.8,3.12,,,2026-07-20,1608.0,1572.4,5.28,5.28,124.06,49.2,3.01,3.01,2.52,84.94,154119.23,1.91,-1.06,2.74,8.13,637141920,979841252,,,,,,,,,,,,,,,,,,
2026-07-20T18:01:03.931,CHENNPETRO,1214.0,1.12,,1133.1,1120.22,1401.56,,,3.18,5.76,,,energy,refineries,,8.38,0.3,0.2,0.25,0.19,2.59,3.93,5.0,,,2026-07-20,1226.0,1195.0,3.02,3.02,100.05,60.72,4.36,4.36,1.65,97.33,17878.3,2.64,1.62,1.8,31.29,48713300,148911400,,,,,,,,,,,,,,,,,,
2026-07-20T18:01:03.931,IIFL,557.7,0.45,,528.35,535.0,603.09,,,10.1,14.21,,,financials,finance & investments,,4.25,-0.19,0.01,-0.2,0.01,2.1,2.87,3.44,,,2026-07-20,563.9,552.3,2.71,2.71,53.0,19.21,3.74,3.74,2.76,49.95,23614.04,3.57,2.52,3.05,28.11,319650320,425324987,,,,,,,,,,,,,,,,,,
2026-07-20T18:01:03.931,OBEROIRLTY,1882.7,-0.64,,1800.39,1921.1,1805.91,,,31.48,26.03,,,realty,construction,,-3.19,0.04,0.02,0.05,0.03,3.8,2.27,3.06,,,2026-07-20,1911.0,1841.0,3.8,3.8,154.07,57.66,3.14,3.14,2.67,53.77,68895.35,3.59,1.98,2.91,72.32,117427291,363602237,,,,,,,,,,,,,,,,,,
2026-07-20T18:01:03.931,ITDC,773.9,4.03,,708.5,706.11,909.48,,,58.63,77.41,,,services,hotels,,7.35,0.27,0.21,0.2,0.17,11.96,6.48,7.35,,,2026-07-20,822.0,734.2,13.1,13.1,163.45,56.85,6.35,6.35,2.88,369.84,6380.81,3.96,0.94,3.65,69.84,11127719,85769400,,,,,,,,,,,,,,,,,,
2026-07-20T18:01:03.931,SANSERA,3335.2,3.62,,3153.51,3227.45,3550.71,,,42.74,61.7,,,auto,auto ancillaries,,-1.13,0.67,1.13,0.66,1.06,6.35,4.72,3.9,,,2026-07-20,3457.5,3251.0,8.56,8.56,404.55,129.96,3.89,3.89,3.11,167.32,20086.46,5.23,4.62,3.54,64.79,44176328,62403568,,,,,,,,,,,,,,,,,,
2026-07-20T18:01:03.931,DIACABS,244.61,10.0,,226.72,223.79,286.25,,,53.18,74.13,,,industrials,cables - power,,-2.13,0.73,0.55,0.56,0.41,11.19,12.83,5.38,,,2026-07-20,244.61,219.99,12.83,12.83,40.51,13.17,5.11,5.11,3.08,138.78,11718.78,5.68,5.0,3.69,186.97,84197110,526971060,,,,,,,,,,,,,,,,,,
2026-07-20T18:01:03.931,SAREGAMA,514.15,3.9,,484.52,478.91,584.63,,,33.3,46.2,,,media,entertainment / electronic media software,,1.39,0.36,0.09,0.31,0.05,5.54,6.46,3.85,,,2026-07-20,518.55,491.35,7.37,7.37,66.82,19.77,4.21,4.21,3.38,53.38,9541.18,6.31,5.1,3.88,115.32,75507447,192809490,,,,,,,,,,,,,,,,,,
2026-07-20T18:01:03.931,RAIN,212.02,2.54,,197.39,200.68,234.7,,,14.68,23.08,,,miscellaneous,miscellaneous,,3.26,0.39,0.54,0.31,0.5,5.85,4.7,4.72,,,2026-07-20,217.0,205.01,7.16,7.16,25.57,10.02,4.76,4.76,2.55,52.98,6954.62,8.37,7.51,2.9,69.98,197273326,336345679,,,,,,,,,,,,,,,,,,
2026-07-15T15:31:17.418,MRPL,157.0,0.03,,147.36,147.7,175.6,,,58.58,14.28,,,energy,refineries,,7.27,0.03,-0.01,0.03,-0.01,3.57,0.46,4.22,,,2026-07-15,162.3,156.7,3.85,3.85,2.79,6.63,3.7,3.7,0.42,69.39,27508.79,-1.51,-4.06,0.43,4.52,200091162,1752598777,,,,,,,,,,,,,,,,,,
2026-07-15T15:31:17.418,M&MFIN,325.4,0.09,,308.49,332.42,311.37,,,12.05,15.63,,,financials,finance & investments,,-2.37,-0.15,0.05,-0.15,0.05,3.1,1.29,3.47,,,2026-07-15,332.6,322.6,3.53,3.53,14.85,11.31,3.51,3.51,1.31,28.29,45187.96,0.08,-0.6,1.38,24.77,660388561,1389971160,,,,,,,,,,,,,,,,,,
2026-07-15T15:31:17.418,LTF,312.8,-0.79,,296.72,324.35,289.71,,,21.72,24.81,,,financials,finance & investments,,-4.13,-0.03,0.13,-0.04,0.14,3.12,1.1,3.82,,,2026-07-15,320.7,311.0,3.65,3.65,21.69,11.94,3.29,3.29,1.82,53.77,78998.61,1.53,1.2,1.95,15.07,852976074,2505506199,,,,,,,,,,,,,,,,,,
2026-07-15T15:31:17.418,NAZARA,310.35,2.11,,295.76,301.46,328.12,,,61.09,35.97,,,i.t,telecommunications - service provider,,0.58,0.09,0.13,0.02,0.1,3.96,2.51,3.11,,,2026-07-15,315.0,303.0,4.05,4.05,21.86,9.64,3.06,3.06,2.27,144.48,11260.28,2.0,1.66,2.44,76.24,239108224,370465024,,,,,,,,,,,,,,,,,,
2026-07-15T15:31:17.418,IIFL,543.5,0.37,,514.74,523.17,584.15,,,9.85,13.86,,,financials,finance & investments,,4.33,-0.22,0.02,-0.24,0.02,1.74,1.1,3.34,,,2026-07-15,546.95,537.6,1.74,1.74,45.19,18.17,3.54,3.54,2.49,42.6,23029.43,2.59,2.2,2.71,32.47,319614908,425289575,,,,,,,,,,,,,,,,,,
2026-07-15T15:31:17.418,ZENTEC,1826.7,1.33,,1715.11,1774.78,1930.55,,,130.11,83.77,,,aerospace & defence,miscellaneous,,0.21,0.33,0.32,0.28,0.3,2.05,2.16,3.74,,,2026-07-15,1843.0,1806.0,3.08,3.08,94.55,68.36,4.14,4.14,1.38,26.02,16276.64,2.67,2.2,1.46,30.28,46486527,90290356,,,,,,,,,,,,,,,,,,
2026-07-15T15:31:17.418,OBEROIRLTY,1888.0,-1.49,,1804.77,1909.74,1844.53,,,24.41,27.6,,,realty,construction,,0.98,0.05,0.07,0.04,0.09,2.76,0.33,3.2,,,2026-07-15,1937.2,1885.1,2.76,2.76,171.85,60.41,3.04,3.04,2.84,52.12,69684.37,2.71,1.4,3.13,4.8,117427291,363602237,,,,,,,,,,,,,,,,,,
2026-07-15T15:31:17.418,ANANDRATHI,2081.5,0.03,,1991.78,2102.44,2039.61,,,52.99,44.86,,,financials,finance & investments,,-0.04,0.23,0.26,0.21,0.27,1.83,0.51,3.06,,,2026-07-15,2109.0,2071.0,1.83,1.83,219.34,63.67,3.48,3.48,3.44,31.29,34549.87,3.54,2.47,3.85,16.49,97346110,166041268,,,,,,,,,,,,,,,,,,
2026-07-15T15:31:17.418,JSWINFRA,337.5,-2.81,,320.6,333.88,344.74,,,41.98,47.44,,,transportation,miscellaneous,,3.2,0.18,0.11,0.18,0.14,2.81,1.75,3.6,,,2026-07-15,345.5,336.05,2.81,2.81,42.25,12.16,3.57,3.57,3.47,38.28,80909.3,4.58,3.95,3.97,11.92,607333491,2330001567,,,,,,,,,,,,,,,,,,
2026-07-15T15:31:17.418,SANSERA,3255.1,0.51,,3080.57,3209.73,3345.84,,,41.71,62.08,,,auto,auto ancillaries,,0.42,0.63,1.14,0.63,1.13,3.16,1.94,3.65,,,2026-07-15,3331.0,3228.9,4.32,4.32,368.95,118.95,3.68,3.68,3.1,39.03,20210.02,4.65,4.33,3.5,22.03,44176328,62403568,,,,,,,,,,,,,,,,,,
2026-07-15T15:31:17.418,RAYMONDREL,714.15,1.43,,661.72,680.35,781.74,,,7.45,15.47,,,realty,construction,,5.1,0.38,0.06,0.33,0.04,3.42,4.22,4.97,,,2026-07-15,732.0,707.8,4.57,4.57,101.97,35.5,5.22,5.22,2.87,46.44,4687.12,6.02,5.5,3.35,17.89,32814131,66573731,,,,,,,,,,,,,,,,,,
2026-07-15T15:31:17.418,SPARC,250.96,1.26,,230.66,255.89,241.09,,,1.16,5.18,,,healthcare,miscellaneous,,-2.46,0.71,0.71,0.71,0.69,3.66,1.6,5.57,,,2026-07-15,256.9,247.82,4.01,4.01,35.63,13.99,5.39,5.39,2.55,19.55,8042.62,7.86,6.86,2.97,22.44,111406493,324521588,,,,,,,,,,,,,,,,,,
2026-07-15T15:31:17.418,IOLCP,164.69,-5.23,,150.36,160.97,172.13,,,22.75,37.05,,,healthcare,pharmaceuticals - indian - bulk drugs & formln,,7.85,1.0,0.72,1.03,0.82,9.45,0.36,6.86,,,2026-07-15,179.6,164.1,9.45,9.45,33.68,11.3,6.44,6.44,2.98,93.36,5100.92,8.21,8.09,3.75,5.22,110727510,293527510,,,,,,,,,,,,,,,,,,
2026-07-15T15:31:17.418,RAIN,208.88,1.66,,194.65,193.49,239.65,,,14.47,22.93,,,miscellaneous,miscellaneous,,8.32,0.37,0.51,0.33,0.49,3.27,2.31,4.5,,,2026-07-15,212.9,206.15,4.28,4.28,27.24,9.4,4.68,4.68,2.9,38.81,6910.56,8.88,7.34,3.33,29.05,197273326,336345679,,,,,,,,,,,,,,,,,,
2026-07-14T13:55:42.318,MRPL,157.52,-4.38,,147.87,146.69,179.18,,,58.78,14.99,,,energy,refineries,,12.02,0.04,0.02,0.06,0.07,4.89,4.84,4.24,,,2026-07-14,164.79,157.1,4.89,4.89,3.25,6.68,3.7,3.7,0.49,75.03,28872.31,-2.64,-4.19,0.5,6.29,200091162,1752598777,,,,,,,,,,,,,,,,,,
2026-07-14T13:55:42.318,M&MFIN,324.9,-2.34,,307.88,331.13,312.45,,,12.03,16.0,,,financials,finance & investments,,1.12,-0.14,0.05,-0.14,0.08,2.99,1.14,3.54,,,2026-07-14,330.85,321.25,2.99,2.99,14.79,11.51,3.49,3.49,1.29,34.33,46244.34,-0.76,-0.77,1.35,31.72,660388561,1389971160,,,,,,,,,,,,,,,,,,
2026-07-14T13:55:42.318,JINDRILL,627.9,0.38,,589.42,553.11,777.49,,,10.02,8.61,,,energy,oil drilling / allied services,,14.27,0.07,0.06,0.04,0.06,3.77,4.98,4.36,,,2026-07-14,643.5,620.15,5.18,5.18,35.99,27.38,3.45,3.45,1.31,12.18,1812.91,0.5,-1.1,1.39,28.3,9628143,28981104,,,,,,,,,,,,,,,,,,
2026-07-14T13:55:42.318,DELHIVERY,510.1,-0.43,,487.99,512.5,505.3,,,131.47,251.13,,,transportation,miscellaneous,,0.71,0.16,0.04,0.12,0.05,2.53,1.0,2.94,,,2026-07-14,517.85,505.05,2.53,2.53,41.36,14.97,3.15,3.15,2.76,54.03,38351.19,1.4,0.94,3.01,33.73,748608108,748608108,,,,,,,,,,,,,,,,,,
2026-07-14T13:55:42.318,LTF,313.75,-3.37,,297.57,323.77,293.71,,,21.79,25.55,,,financials,finance & investments,,-0.94,-0.04,0.14,-0.03,0.18,4.38,1.41,3.92,,,2026-07-14,322.95,309.4,4.38,4.38,23.22,12.29,3.2,3.2,1.89,142.88,81353.79,2.0,1.17,2.04,35.4,852976074,2505506199,,,,,,,,,,,,,,,,,,
2026-07-14T13:55:42.318,IIFL,547.1,-1.76,,517.45,520.12,601.06,,,9.91,14.25,,,financials,finance & investments,,6.31,-0.22,0.05,-0.21,0.07,2.93,1.48,3.57,,,2026-07-14,554.9,539.1,2.93,2.93,50.37,19.53,3.65,3.65,2.58,24.05,23684.38,2.47,2.16,2.84,40.97,319614908,425289575,,,,,,,,,,,,,,,,,,
2026-07-14T13:55:42.318,OBEROIRLTY,1905.5,-1.02,,1821.96,1897.6,1921.3,,,24.63,27.72,,,realty,construction,,0.8,0.04,0.06,0.02,0.07,2.41,3.22,3.24,,,2026-07-14,1947.9,1902.0,3.51,3.51,193.45,61.69,3.04,3.04,3.14,88.38,70000.7,3.25,1.3,3.49,5.67,117427291,363602237,,,,,,,,,,,,,,,,,,
2026-07-14T13:55:42.318,ATHERENERG,1170.0,-1.23,,1095.48,1159.2,1191.61,,,-111.64,-84.92,,,auto,automobiles - scooters and 3 - wheelers,,3.39,0.7,0.54,0.61,0.56,3.51,1.04,4.49,,,2026-07-14,1198.7,1158.0,3.51,3.51,160.21,52.48,4.64,4.64,3.05,49.01,45384.51,3.29,3.13,3.54,22.87,227112254,383120970,,,,,,,,,,,,,,,,,,
2026-07-14T13:55:42.318,ANANDRATHI,2081.0,-1.73,,1989.29,2089.37,2064.26,,,52.98,45.66,,,financials,finance & investments,,2.21,0.22,0.25,0.23,0.27,2.23,0.95,3.25,,,2026-07-14,2117.7,2071.6,2.23,2.23,224.4,67.62,3.48,3.48,3.32,30.18,35162.56,3.3,2.34,3.72,13.9,97346110,166041268,,,,,,,,,,,,,,,,,,
2026-07-14T13:55:42.318,LALPATHLAB,1736.8,0.68,,1655.87,1661.02,1888.36,,,55.24,36.54,,,healthcare,healthcare,,1.41,0.13,0.07,0.09,0.06,2.01,3.84,2.95,,,2026-07-14,1752.0,1717.4,4.75,4.75,109.5,51.25,3.4,3.4,2.14,28.35,28904.92,4.01,1.87,2.28,37.85,78392750,167555020,,,,,,,,,,,,,,,,,,
2026-07-14T13:55:42.318,NEULANDLAB,18942.0,-0.41,,18035.34,19057.47,18711.06,,,28.57,67.04,,,healthcare,pharmaceuticals - indian - bulk drugs,,-0.92,0.18,0.16,0.17,0.17,1.48,1.68,3.24,,,2026-07-14,19015.0,18738.0,2.07,2.07,1475.2,613.49,3.33,3.33,2.4,17.36,24401.17,4.74,4.73,2.61,33.25,8642905,12829889,,,,,,,,,,,,,,,,,,
2026-07-14T13:55:42.318,TATATECH,765.0,0.55,,723.44,692.35,910.31,,,38.02,56.52,,,i.t,computers - software - medium / small,,2.8,0.08,0.06,0.05,0.06,3.02,7.9,3.96,,,2026-07-14,766.65,744.15,8.13,8.13,60.44,30.28,3.58,3.58,2.0,53.5,30886.91,5.46,5.43,2.17,68.87,181954585,405979321,,,,,,,,,,,,,,,,,,
2026-07-14T13:55:42.318,RAYMONDREL,703.5,-2.66,,650.63,673.18,764.13,,,7.34,15.88,,,realty,construction,,4.12,0.34,-0.01,0.32,0.02,3.39,2.66,5.17,,,2026-07-14,726.0,702.2,5.95,5.95,96.25,36.36,5.3,5.3,2.65,22.4,4811.62,6.48,5.4,3.07,3.58,32814131,66573731,,,,,,,,,,,,,,,,,,
2026-07-14T13:55:42.318,RAIN,205.1,-3.89,,190.67,190.88,233.53,,,14.2,23.82,,,miscellaneous,miscellaneous,,10.48,0.33,0.52,0.36,0.58,4.53,1.23,4.73,,,2026-07-14,213.41,204.16,4.53,4.53,25.09,9.7,5.08,5.08,2.59,45.16,7177.95,8.48,7.27,2.95,9.69,197273326,336345679,,,,,,,,,,,,,,,,,,
2026-07-13T23:17:50.528,J&KBANK,182.6,,,,161.24,168.16,,,6.3,8.52,66.35,,bank,banks - private sector,35.48,-2.22,0.53,0.54,0.46,0.46,2.15,9.3,3.55,,,2026-07-13,,,,,,,,,,,,,,,,,,22.5,-1.58,201.75,4.47,157.65,-3.84,14.6,,,,,,,,,,,
2026-07-13T23:17:50.528,EXIDEIND,423.4,,,,384.02,454.68,,,41.84,42.13,68.11,,auto,auto ancillaries,25.99,1.9,0.08,0.03,-0.01,-0.04,9.2,8.77,3.3,,,2026-07-13,,,,,,,,,,,,,,,,,,2.78,-3.7,431.0,7.17,391.3,-4.7,11.44,,,,,,,,,,,
2026-07-13T23:17:50.528,SANDHAR,667.1,,,,686.38,768.02,,,15.73,20.22,62.31,,auto,auto ancillaries,32.92,2.73,0.22,0.37,0.18,0.34,5.95,7.89,4.46,,,2026-07-13,,,,,,,,,,,,,,,,,,1.49,-10.87,739.75,3.13,705.1,-3.3,20.82,,,,,,,,,,,
2026-07-13T23:17:50.528,BALRAMCHIN,584.85,,,,532.67,601.73,,,18.51,31.21,60.4,,fmcg,sugar,23.59,2.81,0.2,0.18,0.15,0.14,6.48,7.53,3.33,,,2026-07-13,,,,,,,,,,,,,,,,,,6.65,-2.12,604.9,3.57,547.65,-3.57,3.85,,,,,,,,,,,
2026-07-13T23:17:50.528,APOLLO,402.85,,,,406.24,472.86,,,92.4,123.2,61.09,,aerospace & defence,electronics - components,32.63,2.77,0.56,0.41,0.46,0.35,8.2,7.4,4.96,,,2026-07-13,,,,,,,,,,,,,,,,,,6.13,-11.94,466.5,5.28,417.5,-5.12,19.09,,,,,,,,,,,
2026-07-13T23:17:50.528,DIAMONDYD,1197.1,,,,1109.6,1274.8,,,623.49,294.13,64.41,,fmcg,food - processing - indian,40.59,1.97,-0.07,0.14,-0.12,0.08,7.44,6.83,3.68,,,2026-07-13,,,,,,,,,,,,,,,,,,3.08,-2.42,1228.9,5.36,1131.5,-4.29,11.88,,,,,,,,,,,
2026-07-13T23:17:50.528,ABSLAMC,1173.7,,,,1166.07,1216.53,,,45.28,34.76,61.24,,financials,finance & investments,37.75,-2.33,0.32,0.36,0.32,0.31,2.16,6.09,4.35,,,2026-07-13,,,,,,,,,,,,,,,,,,1.03,-6.39,1203.6,4.6,1138.9,-4.26,12.1,,,,,,,,,,,
2026-07-13T23:17:50.528,VERANDA,231.86,,,,231.99,262.21,,,63.01,18.52,61.81,,services,miscellaneous,43.86,2.56,0.26,0.07,0.22,0.03,6.52,6.01,4.18,,,2026-07-13,,,,,,,,,,,,,,,,,,7.63,-6.92,265.96,3.85,237.93,-4.07,5.49,,,,,,,,,,,
2026-07-13T23:17:50.528,VISHNU,601.8,,,,596.06,660.24,,,23.18,28.41,60.9,,chemicals,chemicals,17.92,0.66,0.07,0.29,0.01,0.24,5.38,4.87,3.32,,,2026-07-13,,,,,,,,,,,,,,,,,,1.89,-7.6,640.0,4.69,600.0,-4.17,4.76,,,,,,,,,,,
2026-07-13T23:17:50.528,GRAVITA,1846.0,,,,1654.66,1720.14,,,36.57,35.49,54.54,,metals & mining,mining / minerals / metals,17.96,-1.02,-0.17,0.03,-0.2,-0.01,1.98,4.64,3.58,,,2026-07-13,,,,,,,,,,,,,,,,,,10.82,-0.44,1870.0,3.03,1637.8,-3.4,5.47,,,,,,,,,,,
2026-07-13T23:17:50.528,USHAMART,510.15,,,,471.99,532.81,,,26.3,33.34,58.42,,metals & mining,steel - medium / small,16.08,4.37,0.03,0.01,0.0,-0.01,6.44,4.51,2.93,,,2026-07-13,,,,,,,,,,,,,,,,,,3.47,-3.26,519.85,1.99,492.6,-2.76,6.05,,,,,,,,,,,
2026-07-13T23:17:50.528,CYIENTDLM,525.65,,,,463.11,480.59,,,46.44,56.89,61.19,,consumer discretionary,electronics - components,40.64,-0.69,0.06,-0.03,0.03,-0.04,1.89,3.78,3.95,,,2026-07-13,,,,,,,,,,,,,,,,,,20.71,1.01,569.55,2.6,459.9,0.15,9.57,,,,,,,,,,,
2026-07-13T23:17:50.528,NIVABUPA,88.09,,,,84.7,87.86,,,11.78,124.07,59.86,,financials,finance & investments,35.24,0.44,0.06,0.08,0.04,0.07,1.87,2.56,2.26,,,2026-07-13,,,,,,,,,,,,,,,,,,3.67,-2.13,89.45,1.42,85.07,-2.16,4.64,,,,,,,,,,,
2026-07-13T23:17:50.528,NOVARTIND,1664.8,,,,1387.27,1519.93,,,40.68,44.1,61.86,,healthcare,pharmaceuticals - multinational,34.47,3.8,0.56,1.42,0.54,1.41,4.78,2.29,4.85,,,2026-07-13,,,,,,,,,,,,,,,,,,16.26,-0.94,1690.0,0.94,1440.0,1.64,13.29,,,,,,,,,,,
2026-07-10T05:46:55.518,J&KBANK,168.41,,,,161.24,168.16,,1.71,5.81,7.86,53.94,,bank,banks - private sector,35.48,-5.4,0.53,0.54,0.53,0.46,2.15,9.3,3.55,,,2026-07-10,,,,,,,,,,,,,,,,,,,,,4.47,157.65,-7.39,,3.83,-1.58,171.0,14.6,,,,,,,
2026-07-10T05:46:55.518,EXIDEIND,425.2,,,,384.02,454.68,,4.81,42.02,42.31,54.18,,auto,auto ancillaries,25.99,0.29,0.08,0.03,0.08,-0.04,9.2,8.77,3.3,,,2026-07-10,,,,,,,,,,,,,,,,,,,,,7.17,391.3,-7.99,,2.28,-3.7,428.9,11.44,,,,,,,
2026-07-10T05:46:55.518,SANDHAR,665.95,,,,686.38,768.02,,0.81,15.71,20.18,61.3,,auto,auto ancillaries,32.92,-2.44,0.22,0.37,0.22,0.34,5.95,7.89,4.46,,,2026-07-10,,,,,,,,,,,,,,,,,,,,,3.13,705.1,-7.76,,1.49,-9.07,739.75,20.82,,,,,,,
2026-07-10T05:46:55.518,BALRAMCHIN,567.45,,,,532.67,601.73,,0.83,17.96,30.28,57.42,,fmcg,sugar,23.59,-0.76,0.2,0.18,0.2,0.14,6.48,7.53,3.33,,,2026-07-10,,,,,,,,,,,,,,,,,,,,,3.57,547.65,-6.9,,2.19,-2.12,579.6,3.85,,,,,,,
2026-07-10T05:46:55.518,APOLLO,398.3,,,,406.24,472.86,,0.75,91.35,121.8,58.19,,aerospace & defence,electronics - components,32.63,0.38,0.56,0.41,0.56,0.35,8.2,7.4,4.96,,,2026-07-10,,,,,,,,,,,,,,,,,,,,,5.28,417.5,-10.08,,6.13,-11.94,466.5,19.09,,,,,,,
2026-07-10T05:46:55.518,DIAMONDYD,1198.3,,,,1109.6,1274.8,,2.1,624.11,294.42,59.97,,fmcg,food - processing - indian,40.59,0.48,-0.07,0.14,-0.07,0.08,7.44,6.83,3.68,,,2026-07-10,,,,,,,,,,,,,,,,,,,,,5.36,1131.5,-7.97,,3.08,-1.02,1228.9,11.88,,,,,,,
2026-07-10T05:46:55.518,ABSLAMC,1136.0,,,,1166.07,1216.53,,0.53,43.83,33.64,57.05,,financials,finance & investments,37.75,-3.12,0.32,0.36,0.32,0.31,2.16,6.09,4.35,,,2026-07-10,,,,,,,,,,,,,,,,,,,,,4.6,1138.9,-8.6,,1.03,-6.39,1203.6,12.1,,,,,,,
2026-07-10T05:46:55.518,VERANDA,246.58,,,,231.99,262.21,,1.12,67.01,19.69,56.67,,services,miscellaneous,43.86,1.25,0.26,0.07,0.26,0.03,6.52,6.01,4.18,,,2026-07-10,,,,,,,,,,,,,,,,,,,,,3.85,237.93,-8.26,,7.63,-4.18,265.96,5.49,,,,,,,
2026-07-10T05:46:55.518,VISHNU,601.1,,,,596.06,660.24,,0.97,23.15,28.38,50.45,,chemicals,chemicals,17.92,0.82,0.07,0.29,0.07,0.24,5.38,4.87,3.32,,,2026-07-10,,,,,,,,,,,,,,,,,,,,,4.69,600.0,-7.49,,1.89,-7.6,640.0,4.76,,,,,,,
2026-07-10T05:46:55.518,GRAVITA,1811.4,,,,1654.66,1720.14,,0.99,35.88,34.82,45.75,,metals & mining,mining / minerals / metals,17.96,-2.1,-0.17,0.03,-0.17,-0.01,1.98,4.64,3.58,,,2026-07-10,,,,,,,,,,,,,,,,,,,,,3.03,1637.8,-6.98,,9.81,-0.44,1853.0,5.47,,,,,,,
2026-07-10T05:46:55.518,USHAMART,502.2,,,,471.99,532.81,,0.5,25.89,32.82,56.68,,metals & mining,steel - medium / small,16.08,2.06,0.03,0.01,0.03,-0.01,6.44,4.51,2.93,,,2026-07-10,,,,,,,,,,,,,,,,,,,,,1.99,492.6,-5.69,,3.47,-3.26,519.85,6.05,,,,,,,
2026-07-10T05:46:55.518,CYIENTDLM,538.3,,,,463.11,480.59,,0.51,47.55,58.26,56.18,,consumer discretionary,electronics - components,40.64,-1.83,0.06,-0.03,0.06,-0.04,1.89,3.78,3.95,,,2026-07-10,,,,,,,,,,,,,,,,,,,,,2.6,459.9,-3.8,,16.99,1.01,552.0,9.57,,,,,,,
2026-07-10T05:46:55.518,NIVABUPA,85.74,,,,84.7,87.86,,0.26,11.46,120.76,52.81,,financials,finance & investments,35.24,-0.48,0.06,0.08,0.06,0.07,1.87,2.56,2.26,,,2026-07-10,,,,,,,,,,,,,,,,,,,,,1.42,85.07,-4.42,,2.46,-2.13,88.4,4.64,,,,,,,
2026-07-10T05:46:55.518,NOVARTIND,1466.3,,,,1387.27,1519.93,,0.93,35.83,38.84,59.93,,healthcare,pharmaceuticals - multinational,34.47,3.86,0.56,1.42,0.56,1.41,4.78,2.29,4.85,,,2026-07-10,,,,,,,,,,,,,,,,,,,,,0.94,1440.0,-3.21,,4.22,-0.94,1538.6,13.29,,,,,,,
2026-07-09T23:58:45.043,J&KBANK,168.41,,,,161.24,168.16,,1.71,5.81,7.75,53.94,,bank,banks - private sector,35.48,-5.4,0.53,0.54,0.53,0.46,2.15,9.3,3.55,,,2026-07-09,,,,,,,,,,,,,,,,,,,,,4.47,157.65,-7.39,,3.83,-1.58,171.0,14.6,,,,,,,
2026-07-09T23:58:45.043,EXIDEIND,425.2,,,,384.02,454.68,,4.81,42.02,41.93,54.18,,auto,auto ancillaries,25.99,0.29,0.08,0.03,0.08,-0.04,9.2,8.77,3.3,,,2026-07-09,,,,,,,,,,,,,,,,,,,,,7.17,391.3,-7.99,,2.28,-3.7,428.9,11.44,,,,,,,
2026-07-09T23:58:45.043,SANDHAR,665.95,,,,686.38,768.02,,0.81,15.71,20.16,61.3,,auto,auto ancillaries,32.92,-2.44,0.22,0.37,0.22,0.34,5.95,7.89,4.46,,,2026-07-09,,,,,,,,,,,,,,,,,,,,,3.13,705.1,-7.76,,1.49,-9.07,739.75,20.82,,,,,,,
2026-07-09T23:58:45.043,BALRAMCHIN,567.45,,,,532.67,601.73,,0.83,17.96,29.93,57.42,,fmcg,sugar,23.59,-0.76,0.2,0.18,0.2,0.14,6.48,7.53,3.33,,,2026-07-09,,,,,,,,,,,,,,,,,,,,,3.57,547.65,-6.9,,2.19,-2.12,579.6,3.85,,,,,,,
2026-07-09T23:58:45.043,APOLLO,398.3,,,,406.24,472.86,,0.75,91.35,120.31,58.19,,aerospace & defence,electronics - components,32.63,0.38,0.56,0.41,0.56,0.35,8.2,7.4,4.96,,,2026-07-09,,,,,,,,,,,,,,,,,,,,,5.28,417.5,-10.08,,6.13,-11.94,466.5,19.09,,,,,,,
2026-07-09T23:58:45.043,DIAMONDYD,1198.3,,,,1109.6,1274.8,,2.1,624.11,292.56,59.97,,fmcg,food - processing - indian,40.59,0.48,-0.07,0.14,-0.07,0.08,7.44,6.83,3.68,,,2026-07-09,,,,,,,,,,,,,,,,,,,,,5.36,1131.5,-7.97,,3.08,-1.02,1228.9,11.88,,,,,,,
2026-07-09T23:58:45.043,ABSLAMC,1136.0,,,,1166.07,1216.53,,0.53,43.83,33.3,57.05,,financials,finance & investments,37.75,-3.12,0.32,0.36,0.32,0.31,2.16,6.09,4.35,,,2026-07-09,,,,,,,,,,,,,,,,,,,,,4.6,1138.9,-8.6,,1.03,-6.39,1203.6,12.1,,,,,,,
2026-07-09T23:58:45.043,VERANDA,246.58,,,,231.99,262.21,,1.12,67.01,19.34,56.67,,services,miscellaneous,43.86,1.25,0.26,0.07,0.26,0.03,6.52,6.01,4.18,,,2026-07-09,,,,,,,,,,,,,,,,,,,,,3.85,237.93,-8.26,,7.63,-4.18,265.96,5.49,,,,,,,
2026-07-09T23:58:45.043,VISHNU,601.1,,,,596.06,660.24,,0.97,23.15,27.7,50.45,,chemicals,chemicals,17.92,0.82,0.07,0.29,0.07,0.24,5.38,4.87,3.32,,,2026-07-09,,,,,,,,,,,,,,,,,,,,,4.69,600.0,-7.49,,1.89,-7.6,640.0,4.76,,,,,,,
2026-07-09T23:58:45.043,GRAVITA,1811.4,,,,1654.66,1720.14,,0.99,35.88,33.22,45.75,,metals & mining,mining / minerals / metals,17.96,-2.1,-0.17,0.03,-0.17,-0.01,1.98,4.64,3.58,,,2026-07-09,,,,,,,,,,,,,,,,,,,,,3.03,1637.8,-6.98,,9.81,-0.44,1853.0,5.47,,,,,,,
2026-07-09T23:58:45.043,USHAMART,502.2,,,,471.99,532.81,,0.5,25.89,32.0,56.68,,metals & mining,steel - medium / small,16.08,2.06,0.03,0.01,0.03,-0.01,6.44,4.51,2.93,,,2026-07-09,,,,,,,,,,,,,,,,,,,,,1.99,492.6,-5.69,,3.47,-3.26,519.85,6.05,,,,,,,
2026-07-09T23:58:45.043,CYIENTDLM,538.3,,,,463.11,480.59,,0.51,47.55,56.4,56.18,,consumer discretionary,electronics - components,40.64,-1.83,0.06,-0.03,0.06,-0.04,1.89,3.78,3.95,,,2026-07-09,,,,,,,,,,,,,,,,,,,,,2.6,459.9,-3.8,,16.99,1.01,552.0,9.57,,,,,,,
2026-07-09T23:58:45.043,NIVABUPA,85.74,,,,84.7,87.86,,0.26,11.46,119.62,52.81,,financials,finance & investments,35.24,-0.48,0.06,0.08,0.06,0.07,1.87,2.56,2.26,,,2026-07-09,,,,,,,,,,,,,,,,,,,,,1.42,85.07,-4.42,,2.46,-2.13,88.4,4.64,,,,,,,
2026-07-09T23:58:45.043,NOVARTIND,1466.3,,,,1387.27,1519.93,,0.93,35.83,38.47,59.93,,healthcare,pharmaceuticals - multinational,34.47,3.86,0.56,1.42,0.56,1.41,4.78,2.29,4.85,,,2026-07-09,,,,,,,,,,,,,,,,,,,,,0.94,1440.0,-3.21,,4.22,-0.94,1538.6,13.29,,,,,,,
2026-07-02T14:14:39.154,COMSYN,179.0,14.46,153.2,165.39,162.25,212.5,187.66,20.29,28.14,23.73,64.74,65.18,industrials,packaging,34.83,-6.43,0.16,0.09,-0.01,-0.04,10.32,16.84,7.45,16.84,6.36,2026-07-02,,,,,,,,,,,,,,,,,,,,,,,,,,,,,,,,,,,
2026-07-02T14:14:39.154,IKIO,171.47,12.48,150.3,160.55,155.46,203.48,176.98,6.94,20.13,29.09,65.09,55.99,consumer discretionary,electric equipment,14.24,-3.55,-0.12,-0.19,-0.22,-0.28,10.3,14.09,4.75,13.48,4.05,2026-07-02,,,,,,,,,,,,,,,,,,,,,,,,,,,,,,,,,,,
2026-07-02T14:14:39.154,THEMISMED,118.2,6.79,108.35,107.77,108.36,137.87,124.8,3.81,30.78,851.38,62.38,64.52,healthcare,pharmaceuticals - indian - bulk drugs & formln,41.45,2.65,0.1,-0.08,0.02,-0.14,9.08,9.09,6.81,7.47,6.33,2026-07-02,,,,,,,,,,,,,,,,,,,,,,,,,,,,,,,,,,,
2026-07-02T14:14:39.154,NELCAST,146.22,8.17,134.42,135.75,132.78,173.1,158.68,12.16,20.77,24.22,60.87,58.66,industrials,castings & forgings,22.83,0.53,0.29,0.29,0.18,0.19,10.12,8.78,5.3,8.78,4.79,2026-07-02,,,,,,,,,,,,,,,,,,,,,,,,,,,,,,,,,,,
2026-07-02T14:14:39.154,GHCLTEXTIL,102.72,5.76,94.88,95.89,92.48,123.19,104.4,1.66,8.89,13.2,62.46,64.7,textiles,textiles - spinning - synthetic / blended,24.53,5.13,0.31,0.3,0.25,0.23,11.07,8.26,4.77,6.53,4.56,2026-07-02,,,,,,,,,,,,,,,,,,,,,,,,,,,,,,,,,,,
2026-07-02T14:14:39.154,LXCHEM,165.29,6.34,154.01,155.38,152.93,190.01,165.44,0.64,-53.67,116.87,61.32,57.45,chemicals,chemicals,21.59,1.37,-0.08,-0.21,-0.15,-0.25,8.08,7.32,3.74,6.91,3.72,2026-07-02,,,,,,,,,,,,,,,,,,,,,,,,,,,,,,,,,,,
2026-07-02T14:14:39.154,AARTIIND,483.75,3.45,454.5,459.33,461.96,527.33,488.0,0.63,31.91,40.45,56.09,58.78,chemicals,chemicals,15.09,-0.56,0.21,0.25,0.14,0.21,4.72,6.44,3.22,5.55,3.51,2026-07-02,,,,,,,,,,,,,,,,,,,,,,,,,,,,,,,,,,,
2026-07-02T14:14:39.154,DHANBANK,33.44,4.7,31.46,31.04,31.92,36.49,34.94,2.11,7.6,12.24,54.39,64.42,bank,banks - private sector,20.61,-2.0,0.24,0.28,0.17,0.22,4.78,6.29,4.77,5.89,4.62,2026-07-02,,,,,,,,,,,,,,,,,,,,,,,,,,,,,,,,,,,
2026-07-02T14:14:39.154,SUNFLAG,355.0,4.61,334.5,328.64,331.1,402.8,370.0,0.37,46.71,30.22,51.29,61.4,metals & mining,steel - medium / small,13.75,-0.01,0.24,0.32,0.16,0.26,7.22,6.13,4.4,6.13,4.94,2026-07-02,,,,,,,,,,,,,,,,,,,,,,,,,,,,,,,,,,,
2026-07-02T14:14:39.154,IRMENERGY,275.35,2.51,261.1,255.35,261.22,303.62,279.9,0.03,22.13,20.73,54.14,52.16,energy,miscellaneous,19.24,0.96,-0.1,-0.18,-0.14,-0.2,5.41,5.46,4.28,4.96,4.59,2026-07-02,,,,,,,,,,,,,,,,,,,,,,,,,,,,,,,,,,,
2026-07-02T14:14:39.154,RICOAUTO,138.66,1.98,132.12,128.47,139.45,137.08,142.45,0.44,78.78,35.88,57.09,59.21,auto,auto ancillaries,29.93,-4.0,-0.02,0.55,-0.07,0.53,-0.57,4.95,4.88,2.6,5.81,2026-07-02,,,,,,,,,,,,,,,,,,,,,,,,,,,,,,,,,,,
2026-07-02T14:14:39.154,VAIBHAVGBL,235.99,1.22,226.51,222.49,234.93,238.11,240.99,0.69,10.79,14.6,53.03,54.09,consumer discretionary,diamond cutting / jewellery,16.12,-2.67,-0.07,0.05,-0.08,0.03,0.45,4.19,3.49,2.49,3.6,2026-07-02,,,,,,,,,,,,,,,,,,,,,,,,,,,,,,,,,,,
2026-07-02T14:14:39.154,EPL,229.92,1.17,223.15,219.46,228.33,233.1,236.19,0.7,17.85,18.69,56.4,56.51,industrials,packaging,19.21,-0.97,-0.0,0.07,-0.02,0.06,0.7,3.03,2.83,1.93,3.09,2026-07-02,,,,,,,,,,,,,,,,,,,,,,,,,,,,,,,,,,,
2026-07-02T14:14:39.154,VSTIND,261.65,0.52,258.75,254.65,258.8,267.35,262.6,0.58,9.52,15.12,58.36,57.78,fmcg,cigarettes,30.45,0.39,-0.06,-0.01,-0.08,-0.02,1.1,1.12,1.46,0.87,1.65,2026-07-02,,,,,,,,,,,,,,,,,,,,,,,,,,,,,,,,,,,
2026-06-30T11:28:25.425,M&MFIN,317.6,0.7,,300.26,292.8,367.21,,,11.76,15.16,,,financials,finance & investments,,7.92,-0.26,0.09,-0.26,0.08,3.02,3.62,4.03,,,2026-06-30,320.4,311.0,4.54,4.54,12.17,12.81,3.49,3.49,0.95,23.58,43839.69,0.34,-3.02,0.99,51.54,660388561,1389971160,,,,,,,,,,,,,,,,,,
2026-06-30T11:28:25.425,ANANDRATHI,1968.0,-1.04,,1885.64,1855.46,2193.08,,,39.49,41.54,,,financials,finance & investments,,4.91,0.2,0.29,0.19,0.3,3.87,6.49,3.33,,,2026-06-30,2032.7,1957.0,7.19,7.19,163.54,65.6,3.07,3.07,2.49,41.14,33020.63,2.13,2.08,2.72,16.77,97346110,166041268,,,,,,,,,,,,,,,,,,
2026-06-30T11:28:25.425,NAZARA,304.4,0.21,,290.02,293.98,325.24,,,59.92,35.95,,,i.t,telecommunications - service provider,,3.96,0.18,0.11,0.16,0.11,1.63,5.22,2.91,,,2026-06-30,305.95,301.05,1.64,1.64,23.28,8.86,3.15,3.15,2.63,62.45,11252.88,2.65,1.84,2.84,37.81,239108224,370465024,,,,,,,,,,,,,,,,,,
2026-06-30T11:28:25.425,CHENNPETRO,1151.0,-0.24,,1080.66,1128.14,1196.73,,,3.01,5.54,,,energy,refineries,,-3.59,0.28,0.39,0.24,0.39,2.72,4.54,3.84,,,2026-06-30,1172.0,1141.0,6.36,6.36,60.49,44.15,4.5,4.5,1.37,20.34,17181.4,3.37,2.31,1.45,22.65,48713300,148911400,,,,,,,,,,,,,,,,,,
2026-06-30T11:28:25.425,BHARATFORG,2118.6,-2.41,,2022.52,2074.64,2206.52,,,108.98,96.14,,,industrials,castings & forgings,,3.17,0.35,0.68,0.37,0.72,3.85,3.04,3.43,,,2026-06-30,2135.2,2056.1,3.85,3.85,168.15,72.73,3.01,3.01,2.31,63.66,103788.26,3.67,2.56,2.51,85.93,267385008,478088632,,,,,,,,,,,,,,,,,,
2026-06-30T11:28:25.425,MANAPPURAM,319.0,1.13,,304.21,310.25,336.51,,,16.72,26.89,,,financials,finance & investments,,1.1,-0.06,0.08,-0.08,0.07,2.27,3.12,2.97,,,2026-06-30,320.1,313.0,2.86,2.86,10.79,9.48,3.06,3.06,1.14,19.44,29631.36,3.82,3.11,1.18,63.29,640935088,939336102,,,,,,,,,,,,,,,,,,
2026-06-30T11:28:25.425,JSWINFRA,319.25,-0.58,,302.87,313.16,331.43,,,39.71,43.87,,,transportation,miscellaneous,,4.83,0.03,0.01,0.02,0.01,3.14,0.36,3.83,,,2026-06-30,328.7,318.7,3.33,3.33,35.77,12.21,3.65,3.65,2.93,39.56,67431.05,3.9,2.49,3.3,4.5,344081064,2100001567,,,,,,,,,,,,,,,,,,
2026-06-30T11:28:25.425,ATHERENERG,1121.8,3.51,,1051.19,994.89,1375.61,,,-107.04,-77.69,,,auto,automobiles - scooters and 3 - wheelers,,0.35,0.46,0.82,0.37,0.76,5.24,13.52,4.41,,,2026-06-30,1125.0,1069.0,13.65,13.65,164.37,49.42,4.98,4.98,3.33,112.95,41472.2,4.45,3.27,3.9,106.84,226664448,382673164,,,,,,,,,,,,,,,,,,
2026-06-30T11:28:25.425,GRANULES,798.5,0.47,,761.14,758.87,877.75,,,24.26,32.52,,,healthcare,pharmaceuticals - indian - bulk drugs & formln,,0.57,0.19,0.36,0.19,0.35,2.13,5.27,3.26,,,2026-06-30,809.65,792.75,6.52,6.52,53.04,26.02,3.17,3.17,2.04,34.63,19694.9,5.22,4.9,2.18,22.09,153593396,247796921,,,,,,,,,,,,,,,,,,
2026-06-30T11:28:25.425,CRAFTSMAN,9457.5,0.74,,8978.45,9358.59,9655.32,,,45.6,53.42,,,auto,auto ancillaries,,-1.42,0.18,0.4,0.22,0.39,2.86,2.76,3.21,,,2026-06-30,9520.0,9255.0,3.44,3.44,814.56,304.06,3.4,3.4,2.68,19.97,24553.78,5.61,5.52,2.93,66.6,14536420,26154433,,,,,,,,,,,,,,,,,,
2026-06-30T11:28:25.425,SHAILY,2905.0,0.28,,2697.6,2771.64,3171.72,,,83.09,78.36,,,plastic products,plastics products,,0.52,0.15,0.16,0.14,0.15,2.35,3.01,4.11,,,2026-06-30,2956.0,2888.1,4.73,4.73,195.35,119.48,4.67,4.67,1.64,17.91,13312.73,5.83,3.45,1.75,14.14,26012493,45955093,,,,,,,,,,,,,,,,,,
2026-06-30T11:28:25.425,TRITURBINE,693.35,0.87,,643.87,664.1,751.84,,,54.0,62.49,,,industrials,electric equipment,,-0.31,0.17,0.27,0.15,0.26,2.5,4.97,4.85,,,2026-06-30,697.15,680.15,5.55,5.55,56.32,33.65,4.65,4.65,1.67,7.68,21852.1,6.44,6.03,1.82,39.23,140388205,317894979,,,,,,,,,,,,,,,,,,
2026-06-30T11:28:25.425,MAHABANK,92.02,-1.95,,87.94,89.9,96.27,,,8.65,10.28,,,bank,banks - public sector,,-0.52,0.49,0.55,0.5,0.58,3.35,4.57,3.18,,,2026-06-30,93.65,90.61,6.42,6.42,9.92,2.93,3.2,3.2,3.39,42.68,72185.24,6.74,5.38,3.8,48.17,2030495320,7691554950,,,,,,,,,,,,,,,,,,
2026-06-30T11:28:25.425,RRKABEL,2335.0,-6.69,,2190.78,2353.3,2298.4,,,39.31,57.48,,,industrials,cables - power,,6.51,0.46,0.77,0.53,0.9,8.34,0.43,4.58,,,2026-06-30,2519.0,2325.0,8.34,8.34,356.25,106.97,4.37,4.37,3.33,179.39,28302.39,9.73,9.44,3.93,9.35,43379309,113105505,,,,,,,,,,,,,,,,,,
2026-06-29T08:05:35.013,ASHOKLEY,160.68,3.72,,152.58,149.94,182.17,,,18.26,23.12,,,auto,automobiles - lcvs / hcvs,,2.05,-0.17,0.11,-0.2,0.08,3.64,6.91,3.22,,,2026-06-29,162.2,156.51,7.56,7.56,1.69,5.17,3.12,3.12,0.33,233.96,94381.09,-3.82,-4.94,0.33,80.7,2872534030,5873854552,,,,,,,,,,,,,,,,,,
2026-06-29T08:05:35.013,M&MFIN,328.55,5.69,,312.31,284.54,416.57,,,12.17,15.8,,,financials,finance & investments,,3.92,-0.22,0.15,-0.28,0.09,6.52,13.8,3.47,,,2026-06-29,330.95,310.7,14.08,14.08,23.83,11.39,3.28,3.28,2.09,284.76,45667.5,0.28,-3.49,2.26,156.66,660388561,1389971160,,,,,,,,,,,,,,,,,,
2026-06-29T08:05:35.013,LTF,299.0,0.83,,285.41,280.68,335.65,,,23.21,25.08,,,financials,finance & investments,,4.09,-0.09,0.13,-0.11,0.12,3.38,4.66,3.01,,,2026-06-29,307.8,297.75,7.47,7.47,16.15,9.0,3.0,3.0,1.79,163.93,74881.14,0.4,-0.5,1.9,13.89,851855891,2504386016,,,,,,,,,,,,,,,,,,
2026-06-29T08:05:35.013,IIFL,509.7,-2.94,,480.28,526.42,476.26,,,9.23,13.05,,,financials,finance & investments,,-3.06,-0.18,0.01,-0.16,0.04,4.17,0.49,3.8,,,2026-06-29,530.25,509.0,4.54,4.54,30.24,19.35,3.86,3.86,1.56,78.27,21677.01,1.31,1.08,1.66,3.62,319614908,425289575,,,,,,,,,,,,,,,,,,
2026-06-29T08:05:35.013,GESHIP,1499.0,0.12,,1403.89,1353.32,1790.36,,,5.12,7.27,,,transportation,shipping,,7.8,0.25,0.39,0.23,0.39,3.55,4.45,3.77,,,2026-06-29,1532.5,1480.0,6.78,6.78,1.17,56.49,4.16,4.16,0.02,62.7,21400.8,1.77,-0.66,0.02,33.63,99830913,142767161,,,,,,,,,,,,,,,,,,
2026-06-29T08:05:35.013,ABCAPITAL,390.8,-1.01,,373.51,369.42,433.56,,,22.67,27.14,,,financials,finance & investments,,6.02,0.04,0.28,0.04,0.29,2.63,2.34,2.98,,,2026-06-29,399.35,389.1,4.58,4.58,34.6,11.66,3.1,3.1,2.97,88.31,106852.78,2.29,1.49,3.25,14.57,852894356,2734206300,,,,,,,,,,,,,,,,,,
2026-06-29T08:05:35.013,NAZARA,300.65,2.86,,285.57,289.43,323.09,,,59.18,35.58,,,i.t,telecommunications - service provider,,1.17,0.15,0.09,0.17,0.06,5.74,3.92,3.28,,,2026-06-29,305.9,289.3,5.74,5.74,21.35,9.87,3.44,3.44,2.16,72.46,11138.03,2.39,1.71,2.33,114.96,239108224,370465024,,,,,,,,,,,,,,,,,,
2026-06-29T08:05:35.013,GMRAIRPORT,108.44,0.34,,103.93,107.62,110.08,,,93.48,637.88,,,miscellaneous,miscellaneous,,0.02,-0.05,0.2,-0.03,0.19,1.52,1.95,2.57,,,2026-06-29,109.85,108.2,3.27,3.27,8.63,2.79,3.06,3.06,3.09,112.67,114501.54,2.4,2.08,3.36,8.6,3555596046,10558975952,,,,,,,,,,,,,,,,,,
2026-06-29T08:05:35.013,LALPATHLAB,1689.2,1.76,,1605.34,1605.98,1855.65,,,53.73,35.78,,,healthcare,healthcare,,3.65,0.1,0.06,0.07,0.04,2.33,3.0,3.13,,,2026-06-29,1698.6,1660.0,3.57,3.57,123.38,52.82,3.43,3.43,2.34,38.62,28303.39,2.43,1.73,2.52,55.29,78392750,167555020,,,,,,,,,,,,,,,,,,
2026-06-29T08:05:35.013,PNBHOUSING,1044.8,-0.16,,1000.42,974.88,1184.64,,,10.38,11.87,,,financials,finance - housing,,5.86,0.03,0.15,0.02,0.16,3.58,3.63,2.74,,,2026-06-29,1079.9,1042.6,6.08,6.08,24.43,28.63,3.01,3.01,0.85,96.86,27217.93,3.75,3.44,0.87,7.69,187457358,260508563,,,,,,,,,,,,,,,,,,
2026-06-29T08:05:35.013,SHAILY,2849.7,1.3,,2632.9,2806.63,2935.83,,,81.51,77.08,,,plastic products,plastics products,,-3.37,0.1,0.17,0.07,0.16,3.47,3.63,4.57,,,2026-06-29,2918.0,2820.1,5.15,5.15,180.42,130.18,5.45,5.45,1.39,39.3,13095.82,4.2,3.54,1.48,22.74,26012493,45955093,,,,,,,,,,,,,,,,,,
2026-06-29T08:05:35.013,MOTHERSON,151.71,4.93,,144.43,144.47,166.19,,,26.71,38.9,,,auto,auto ancillaries,,-1.92,0.16,0.44,0.09,0.38,7.8,7.02,3.27,,,2026-06-29,155.25,144.02,9.28,9.28,16.9,4.96,3.2,3.2,3.41,314.42,160121.45,4.6,4.24,3.83,155.08,5425228487,10554442601,,,,,,,,,,,,,,,,,,
2026-06-29T08:05:35.013,NAVINFLUOR,7609.0,-1.16,,7287.11,7297.51,8231.99,,,45.85,58.37,,,chemicals,chemicals,,4.1,0.16,0.58,0.2,0.6,2.16,1.97,2.78,,,2026-06-29,7744.0,7580.5,3.78,3.78,624.9,211.42,3.08,3.08,2.96,47.59,38995.04,4.61,3.4,3.22,13.48,37356850,51248574,,,,,,,,,,,,,,,,,,
2026-06-29T08:05:35.013,GLAND,2314.8,-0.49,,2191.32,2197.8,2548.79,,,26.0,37.12,,,healthcare,pharmaceuticals - indian - formulations,,4.13,0.26,0.14,0.26,0.15,2.88,5.94,3.4,,,2026-06-29,2369.5,2303.2,3.57,3.57,253.66,78.64,3.82,3.82,3.23,89.33,38137.82,5.25,5.19,3.62,14.75,79362489,164756423,,,,,,,,,,,,,,,,,,
2026-06-28T23:37:52.463,ASHOKLEY,160.68,3.72,,152.58,149.94,182.17,,,18.26,23.12,,,auto,automobiles - lcvs / hcvs,,2.05,-0.17,0.11,-0.2,0.08,3.64,6.91,3.22,,,2026-06-28,162.2,156.51,7.56,7.56,1.69,5.17,3.12,3.12,0.33,233.96,94381.09,-3.82,-4.94,0.33,80.7,2872534030,5873854552,,,,,,,,,,,,,,,,,,
2026-06-28T23:37:52.463,M&MFIN,328.55,5.69,,312.31,284.54,416.57,,,12.17,15.8,,,financials,finance & investments,,3.92,-0.22,0.15,-0.28,0.09,6.52,13.8,3.47,,,2026-06-28,330.95,310.7,14.08,14.08,23.83,11.39,3.28,3.28,2.09,284.76,45667.5,0.28,-3.49,2.26,156.66,660388561,1389971160,,,,,,,,,,,,,,,,,,
2026-06-28T23:37:52.463,LTF,299.0,0.83,,285.41,280.68,335.65,,,23.21,25.08,,,financials,finance & investments,,4.09,-0.09,0.13,-0.11,0.12,3.38,4.66,3.01,,,2026-06-28,307.8,297.75,7.47,7.47,16.15,9.0,3.0,3.0,1.79,163.93,74881.14,0.4,-0.5,1.9,13.89,851855891,2504386016,,,,,,,,,,,,,,,,,,
2026-06-28T23:37:52.463,IIFL,509.7,-2.94,,480.28,526.42,476.26,,,9.23,13.05,,,financials,finance & investments,,-3.06,-0.18,0.01,-0.16,0.04,4.17,0.49,3.8,,,2026-06-28,530.25,509.0,4.54,4.54,30.24,19.35,3.86,3.86,1.56,78.27,21677.01,1.31,1.08,1.66,3.62,319614908,425289575,,,,,,,,,,,,,,,,,,
2026-06-28T23:37:52.463,GESHIP,1499.0,0.12,,1403.89,1353.32,1790.36,,,5.12,7.27,,,transportation,shipping,,7.8,0.25,0.39,0.23,0.39,3.55,4.45,3.77,,,2026-06-28,1532.5,1480.0,6.78,6.78,1.17,56.49,4.16,4.16,0.02,62.7,21400.8,1.77,-0.66,0.02,33.63,99830913,142767161,,,,,,,,,,,,,,,,,,
2026-06-28T23:37:52.463,ABCAPITAL,390.8,-1.01,,373.51,369.42,433.56,,,22.67,27.14,,,financials,finance & investments,,6.02,0.04,0.28,0.04,0.29,2.63,2.34,2.98,,,2026-06-28,399.35,389.1,4.58,4.58,34.6,11.66,3.1,3.1,2.97,88.31,106852.78,2.29,1.49,3.25,14.57,852894356,2734206300,,,,,,,,,,,,,,,,,,
2026-06-28T23:37:52.463,NAZARA,300.65,2.86,,285.57,289.43,323.09,,,59.18,35.58,,,i.t,telecommunications - service provider,,1.17,0.15,0.09,0.17,0.06,5.74,3.92,3.28,,,2026-06-28,305.9,289.3,5.74,5.74,21.35,9.87,3.44,3.44,2.16,72.46,11138.03,2.39,1.71,2.33,114.96,239108224,370465024,,,,,,,,,,,,,,,,,,
2026-06-28T23:37:52.463,GMRAIRPORT,108.44,0.34,,103.93,107.62,110.08,,,93.48,637.88,,,miscellaneous,miscellaneous,,0.02,-0.05,0.2,-0.03,0.19,1.52,1.95,2.57,,,2026-06-28,109.85,108.2,3.27,3.27,8.63,2.79,3.06,3.06,3.09,112.67,114501.54,2.4,2.08,3.36,8.6,3555596046,10558975952,,,,,,,,,,,,,,,,,,
2026-06-28T23:37:52.463,LALPATHLAB,1689.2,1.76,,1605.34,1605.98,1855.65,,,53.73,35.78,,,healthcare,healthcare,,3.65,0.1,0.06,0.07,0.04,2.33,3.0,3.13,,,2026-06-28,1698.6,1660.0,3.57,3.57,123.38,52.82,3.43,3.43,2.34,38.62,28303.39,2.43,1.73,2.52,55.29,78392750,167555020,,,,,,,,,,,,,,,,,,
2026-06-28T23:37:52.463,PNBHOUSING,1044.8,-0.16,,1000.42,974.88,1184.64,,,10.38,11.87,,,financials,finance - housing,,5.86,0.03,0.15,0.02,0.16,3.58,3.63,2.74,,,2026-06-28,1079.9,1042.6,6.08,6.08,24.43,28.63,3.01,3.01,0.85,96.86,27217.93,3.75,3.44,0.87,7.69,187457358,260508563,,,,,,,,,,,,,,,,,,
2026-06-28T23:37:52.463,SHAILY,2849.7,1.3,,2632.9,2806.63,2935.83,,,81.51,77.08,,,plastic products,plastics products,,-3.37,0.1,0.17,0.07,0.16,3.47,3.63,4.57,,,2026-06-28,2918.0,2820.1,5.15,5.15,180.42,130.18,5.45,5.45,1.39,39.3,13095.82,4.2,3.54,1.48,22.74,26012493,45955093,,,,,,,,,,,,,,,,,,
2026-06-28T23:37:52.463,MOTHERSON,151.71,4.93,,144.43,144.47,166.19,,,26.71,38.9,,,auto,auto ancillaries,,-1.92,0.16,0.44,0.09,0.38,7.8,7.02,3.27,,,2026-06-28,155.25,144.02,9.28,9.28,16.9,4.96,3.2,3.2,3.41,314.42,160121.45,4.6,4.24,3.83,155.08,5425228487,10554442601,,,,,,,,,,,,,,,,,,
2026-06-28T23:37:52.463,NAVINFLUOR,7609.0,-1.16,,7287.11,7297.51,8231.99,,,45.85,58.37,,,chemicals,chemicals,,4.1,0.16,0.58,0.2,0.6,2.16,1.97,2.78,,,2026-06-28,7744.0,7580.5,3.78,3.78,624.9,211.42,3.08,3.08,2.96,47.59,38995.04,4.61,3.4,3.22,13.48,37356850,51248574,,,,,,,,,,,,,,,,,,
2026-06-28T23:37:52.463,GLAND,2314.8,-0.49,,2191.32,2197.8,2548.79,,,26.0,37.12,,,healthcare,pharmaceuticals - indian - formulations,,4.13,0.26,0.14,0.26,0.15,2.88,5.94,3.4,,,2026-06-28,2369.5,2303.2,3.57,3.57,253.66,78.64,3.82,3.82,3.23,89.33,38137.82,5.25,5.19,3.62,14.75,79362489,164756423,,,,,,,,,,,,,,,,,,
2026-06-27T22:49:39.911,ASHOKLEY,160.68,3.72,,152.58,149.94,182.17,,,18.26,23.12,,,auto,automobiles - lcvs / hcvs,,2.05,-0.17,0.11,-0.2,0.08,3.64,6.91,3.22,,,2026-06-27,162.2,156.51,7.56,7.56,1.69,5.17,3.12,3.12,0.33,233.96,94381.09,-3.82,-4.94,0.33,80.7,2872534030,5873854552,,,,,,,,,,,,,,,,,,
2026-06-27T22:49:39.911,M&MFIN,328.55,5.69,,312.31,284.54,416.57,,,12.17,15.8,,,financials,finance & investments,,3.92,-0.22,0.15,-0.28,0.09,6.52,13.8,3.47,,,2026-06-27,330.95,310.7,14.08,14.08,23.83,11.39,3.28,3.28,2.09,284.76,45667.5,0.28,-3.49,2.26,156.66,660388561,1389971160,,,,,,,,,,,,,,,,,,
2026-06-27T22:49:39.911,LTF,299.0,0.83,,285.41,280.68,335.65,,,23.21,25.08,,,financials,finance & investments,,4.09,-0.09,0.13,-0.11,0.12,3.38,4.66,3.01,,,2026-06-27,307.8,297.75,7.47,7.47,16.15,9.0,3.0,3.0,1.79,163.93,74881.14,0.4,-0.5,1.9,13.89,851855891,2504386016,,,,,,,,,,,,,,,,,,
2026-06-27T22:49:39.911,IIFL,509.7,-2.94,,480.28,526.42,476.26,,,9.23,13.05,,,financials,finance & investments,,-3.06,-0.18,0.01,-0.16,0.04,4.17,0.49,3.8,,,2026-06-27,530.25,509.0,4.54,4.54,30.24,19.35,3.86,3.86,1.56,78.27,21677.01,1.31,1.08,1.66,3.62,319614908,425289575,,,,,,,,,,,,,,,,,,
2026-06-27T22:49:39.911,GESHIP,1499.0,0.12,,1403.89,1353.32,1790.36,,,5.12,7.27,,,transportation,shipping,,7.8,0.25,0.39,0.23,0.39,3.55,4.45,3.77,,,2026-06-27,1532.5,1480.0,6.78,6.78,1.17,56.49,4.16,4.16,0.02,62.7,21400.8,1.77,-0.66,0.02,33.63,99830913,142767161,,,,,,,,,,,,,,,,,,
2026-06-27T22:49:39.911,ABCAPITAL,390.8,-1.01,,373.51,369.42,433.56,,,22.67,27.14,,,financials,finance & investments,,6.02,0.04,0.28,0.04,0.29,2.63,2.34,2.98,,,2026-06-27,399.35,389.1,4.58,4.58,34.6,11.66,3.1,3.1,2.97,88.31,106852.78,2.29,1.49,3.25,14.57,852894356,2734206300,,,,,,,,,,,,,,,,,,
2026-06-27T22:49:39.911,NAZARA,300.65,2.86,,285.57,289.43,323.09,,,59.18,35.58,,,i.t,telecommunications - service provider,,1.17,0.15,0.09,0.17,0.06,5.74,3.92,3.28,,,2026-06-27,305.9,289.3,5.74,5.74,21.35,9.87,3.44,3.44,2.16,72.46,11138.03,2.39,1.71,2.33,114.96,239108224,370465024,,,,,,,,,,,,,,,,,,
2026-06-27T22:49:39.911,GMRAIRPORT,108.44,0.34,,103.93,107.62,110.08,,,93.48,637.88,,,miscellaneous,miscellaneous,,0.02,-0.05,0.2,-0.03,0.19,1.52,1.95,2.57,,,2026-06-27,109.85,108.2,3.27,3.27,8.63,2.79,3.06,3.06,3.09,112.67,114501.54,2.4,2.08,3.36,8.6,3555596046,10558975952,,,,,,,,,,,,,,,,,,
2026-06-27T22:49:39.911,LALPATHLAB,1689.2,1.76,,1605.34,1605.98,1855.65,,,53.73,35.78,,,healthcare,healthcare,,3.65,0.1,0.06,0.07,0.04,2.33,3.0,3.13,,,2026-06-27,1698.6,1660.0,3.57,3.57,123.38,52.82,3.43,3.43,2.34,38.62,28303.39,2.43,1.73,2.52,55.29,78392750,167555020,,,,,,,,,,,,,,,,,,
2026-06-27T22:49:39.911,PNBHOUSING,1044.8,-0.16,,1000.42,974.88,1184.64,,,10.38,11.87,,,financials,finance - housing,,5.86,0.03,0.15,0.02,0.16,3.58,3.63,2.74,,,2026-06-27,1079.9,1042.6,6.08,6.08,24.43,28.63,3.01,3.01,0.85,96.86,27217.93,3.75,3.44,0.87,7.69,187457358,260508563,,,,,,,,,,,,,,,,,,
2026-06-27T22:49:39.911,SHAILY,2849.7,1.3,,2632.9,2806.63,2935.83,,,81.51,77.08,,,plastic products,plastics products,,-3.37,0.1,0.17,0.07,0.16,3.47,3.63,4.57,,,2026-06-27,2918.0,2820.1,5.15,5.15,180.42,130.18,5.45,5.45,1.39,39.3,13095.82,4.2,3.54,1.48,22.74,26012493,45955093,,,,,,,,,,,,,,,,,,
2026-06-27T22:49:39.911,MOTHERSON,151.71,4.93,,144.43,144.47,166.19,,,26.71,38.9,,,auto,auto ancillaries,,-1.92,0.16,0.44,0.09,0.38,7.8,7.02,3.27,,,2026-06-27,155.25,144.02,9.28,9.28,16.9,4.96,3.2,3.2,3.41,314.42,160121.45,4.6,4.24,3.83,155.08,5425228487,10554442601,,,,,,,,,,,,,,,,,,
2026-06-27T22:49:39.911,NAVINFLUOR,7609.0,-1.16,,7287.11,7297.51,8231.99,,,45.85,58.37,,,chemicals,chemicals,,4.1,0.16,0.58,0.2,0.6,2.16,1.97,2.78,,,2026-06-27,7744.0,7580.5,3.78,3.78,624.9,211.42,3.08,3.08,2.96,47.59,38995.04,4.61,3.4,3.22,13.48,37356850,51248574,,,,,,,,,,,,,,,,,,
2026-06-27T22:49:39.911,GLAND,2314.8,-0.49,,2191.32,2197.8,2548.79,,,26.0,37.12,,,healthcare,pharmaceuticals - indian - formulations,,4.13,0.26,0.14,0.26,0.15,2.88,5.94,3.4,,,2026-06-27,2369.5,2303.2,3.57,3.57,253.66,78.64,3.82,3.82,3.23,89.33,38137.82,5.25,5.19,3.62,14.75,79362489,164756423,,,,,,,,,,,,,,,,,,
2026-06-26T22:50:24.033,ASHOKLEY,160.68,3.72,,152.58,149.94,182.17,,,18.26,23.12,,,auto,automobiles - lcvs / hcvs,,2.05,-0.17,0.11,-0.2,0.08,3.64,6.91,3.22,,,2026-06-26,162.2,156.51,7.56,7.56,1.69,5.17,3.12,3.12,0.33,233.96,94381.09,-3.82,-4.94,0.33,80.7,2872534030,5873854552,,,,,,,,,,,,,,,,,,
2026-06-26T22:50:24.033,M&MFIN,328.55,5.69,,312.31,284.54,416.57,,,12.17,15.8,,,financials,finance & investments,,3.92,-0.22,0.15,-0.28,0.09,6.52,13.8,3.47,,,2026-06-26,330.95,310.7,14.08,14.08,23.83,11.39,3.28,3.28,2.09,284.76,45667.5,0.28,-3.49,2.26,156.66,660388561,1389971160,,,,,,,,,,,,,,,,,,
2026-06-26T22:50:24.033,LTF,299.0,0.83,,285.41,280.68,335.65,,,23.21,25.08,,,financials,finance & investments,,4.09,-0.09,0.13,-0.11,0.12,3.38,4.66,3.01,,,2026-06-26,307.8,297.75,7.47,7.47,16.15,9.0,3.0,3.0,1.79,163.93,74881.14,0.4,-0.5,1.9,13.89,851855891,2504386016,,,,,,,,,,,,,,,,,,
2026-06-26T22:50:24.033,IIFL,509.7,-2.94,,480.28,526.42,476.26,,,9.23,13.05,,,financials,finance & investments,,-3.06,-0.18,0.01,-0.16,0.04,4.17,0.49,3.8,,,2026-06-26,530.25,509.0,4.54,4.54,30.24,19.35,3.86,3.86,1.56,78.27,21677.01,1.31,1.08,1.66,3.62,319614908,425289575,,,,,,,,,,,,,,,,,,
2026-06-26T22:50:24.033,GESHIP,1499.0,0.12,,1403.89,1353.32,1790.36,,,5.12,7.27,,,transportation,shipping,,7.8,0.25,0.39,0.23,0.39,3.55,4.45,3.77,,,2026-06-26,1532.5,1480.0,6.78,6.78,1.17,56.49,4.16,4.16,0.02,62.7,21400.8,1.77,-0.66,0.02,33.63,99830913,142767161,,,,,,,,,,,,,,,,,,
2026-06-26T22:50:24.033,ABCAPITAL,390.8,-1.01,,373.51,369.42,433.56,,,22.67,27.14,,,financials,finance & investments,,6.02,0.04,0.28,0.04,0.29,2.63,2.34,2.98,,,2026-06-26,399.35,389.1,4.58,4.58,34.6,11.66,3.1,3.1,2.97,88.31,106852.78,2.29,1.49,3.25,14.57,852894356,2734206300,,,,,,,,,,,,,,,,,,
2026-06-26T22:50:24.033,NAZARA,300.65,2.86,,285.57,289.43,323.09,,,59.18,35.58,,,i.t,telecommunications - service provider,,1.17,0.15,0.09,0.17,0.06,5.74,3.92,3.28,,,2026-06-26,305.9,289.3,5.74,5.74,21.35,9.87,3.44,3.44,2.16,72.46,11138.03,2.39,1.71,2.33,114.96,239108224,370465024,,,,,,,,,,,,,,,,,,
2026-06-26T22:50:24.033,GMRAIRPORT,108.44,0.34,,103.93,107.62,110.08,,,93.48,637.88,,,miscellaneous,miscellaneous,,0.02,-0.05,0.2,-0.03,0.19,1.52,1.95,2.57,,,2026-06-26,109.85,108.2,3.27,3.27,8.63,2.79,3.06,3.06,3.09,112.67,114501.54,2.4,2.08,3.36,8.6,3555596046,10558975952,,,,,,,,,,,,,,,,,,
2026-06-26T22:50:24.033,LALPATHLAB,1689.2,1.76,,1605.34,1605.98,1855.65,,,53.73,35.78,,,healthcare,healthcare,,3.65,0.1,0.06,0.07,0.04,2.33,3.0,3.13,,,2026-06-26,1698.6,1660.0,3.57,3.57,123.38,52.82,3.43,3.43,2.34,38.62,28303.39,2.43,1.73,2.52,55.29,78392750,167555020,,,,,,,,,,,,,,,,,,
2026-06-26T22:50:24.033,PNBHOUSING,1044.8,-0.16,,1000.42,974.88,1184.64,,,10.38,11.87,,,financials,finance - housing,,5.86,0.03,0.15,0.02,0.16,3.58,3.63,2.74,,,2026-06-26,1079.9,1042.6,6.08,6.08,24.43,28.63,3.01,3.01,0.85,96.86,27217.93,3.75,3.44,0.87,7.69,187457358,260508563,,,,,,,,,,,,,,,,,,
2026-06-26T22:50:24.033,SHAILY,2849.7,1.3,,2632.9,2806.63,2935.83,,,81.51,77.08,,,plastic products,plastics products,,-3.37,0.1,0.17,0.07,0.16,3.47,3.63,4.57,,,2026-06-26,2918.0,2820.1,5.15,5.15,180.42,130.18,5.45,5.45,1.39,39.3,13095.82,4.2,3.54,1.48,22.74,26012493,45955093,,,,,,,,,,,,,,,,,,
2026-06-26T22:50:24.033,MOTHERSON,151.71,4.93,,144.43,144.47,166.19,,,26.71,38.9,,,auto,auto ancillaries,,-1.92,0.16,0.44,0.09,0.38,7.8,7.02,3.27,,,2026-06-26,155.25,144.02,9.28,9.28,16.9,4.96,3.2,3.2,3.41,314.42,160121.45,4.6,4.24,3.83,155.08,5425228487,10554442601,,,,,,,,,,,,,,,,,,
2026-06-26T22:50:24.033,NAVINFLUOR,7609.0,-1.16,,7287.11,7297.51,8231.99,,,45.85,58.37,,,chemicals,chemicals,,4.1,0.16,0.58,0.2,0.6,2.16,1.97,2.78,,,2026-06-26,7744.0,7580.5,3.78,3.78,624.9,211.42,3.08,3.08,2.96,47.59,38995.04,4.61,3.4,3.22,13.48,37356850,51248574,,,,,,,,,,,,,,,,,,
2026-06-26T22:50:24.033,GLAND,2314.8,-0.49,,2191.32,2197.8,2548.79,,,26.0,37.12,,,healthcare,pharmaceuticals - indian - formulations,,4.13,0.26,0.14,0.26,0.15,2.88,5.94,3.4,,,2026-06-26,2369.5,2303.2,3.57,3.57,253.66,78.64,3.82,3.82,3.23,89.33,38137.82,5.25,5.19,3.62,14.75,79362489,164756423,,,,,,,,,,,,,,,,,,
2026-06-25T22:30:55.033,ASHOKLEY,160.68,3.72,,152.58,149.94,182.17,,,18.26,22.29,,,auto,automobiles - lcvs / hcvs,,2.05,-0.17,0.11,-0.2,0.08,3.64,6.91,3.22,,,2026-06-25,162.2,156.51,7.56,7.56,1.69,5.17,3.12,3.12,0.33,233.96,90991.88,-3.82,-4.94,0.33,80.7,2872534030,5873854552,,,,,,,,,,,,,,,,,,
2026-06-25T22:30:55.033,M&MFIN,328.55,5.69,,312.31,284.54,416.57,,,12.17,14.94,,,financials,finance & investments,,3.92,-0.22,0.15,-0.28,0.09,6.52,13.8,3.47,,,2026-06-25,330.95,310.7,14.08,14.08,23.83,11.39,3.28,3.28,2.09,284.76,43207.25,0.28,-3.49,2.26,156.66,660388561,1389971160,,,,,,,,,,,,,,,,,,
2026-06-25T22:30:55.033,LTF,299.0,0.83,,285.41,280.68,335.65,,,23.21,24.88,,,financials,finance & investments,,4.09,-0.09,0.13,-0.11,0.12,3.38,4.66,3.01,,,2026-06-25,307.8,297.75,7.47,7.47,16.15,9.0,3.0,3.0,1.79,163.93,74267.57,0.4,-0.5,1.9,13.89,851855891,2504386016,,,,,,,,,,,,,,,,,,
2026-06-25T22:30:55.033,IIFL,509.7,-2.94,,480.28,526.42,476.26,,,9.23,13.44,,,financials,finance & investments,,-3.06,-0.18,0.01,-0.16,0.04,4.17,0.49,3.8,,,2026-06-25,530.25,509.0,4.54,4.54,30.24,19.35,3.86,3.86,1.56,78.27,22334.08,1.31,1.08,1.66,3.62,319614908,425289575,,,,,,,,,,,,,,,,,,
2026-06-25T22:30:55.033,GESHIP,1499.0,0.12,,1403.89,1353.32,1790.36,,,5.12,7.26,,,transportation,shipping,,7.8,0.25,0.39,0.23,0.39,3.55,4.45,3.77,,,2026-06-25,1532.5,1480.0,6.78,6.78,1.17,56.49,4.16,4.16,0.02,62.7,21375.1,1.77,-0.66,0.02,33.63,99830913,142767161,,,,,,,,,,,,,,,,,,
2026-06-25T22:30:55.033,ABCAPITAL,390.8,-1.01,,373.51,369.42,433.56,,,22.67,27.42,,,financials,finance & investments,,6.02,0.04,0.28,0.04,0.29,2.63,2.34,2.98,,,2026-06-25,399.35,389.1,4.58,4.58,34.6,11.66,3.1,3.1,2.97,88.31,107946.46,2.29,1.49,3.25,14.57,852894356,2734206300,,,,,,,,,,,,,,,,,,
2026-06-25T22:30:55.033,NAZARA,300.65,2.86,,285.57,289.43,323.09,,,59.18,34.59,,,i.t,telecommunications - service provider,,1.17,0.15,0.09,0.17,0.06,5.74,3.92,3.28,,,2026-06-25,305.9,289.3,5.74,5.74,21.35,9.87,3.44,3.44,2.16,72.46,10828.69,2.39,1.71,2.33,114.96,239108224,370465024,,,,,,,,,,,,,,,,,,
2026-06-25T22:30:55.033,GMRAIRPORT,108.44,0.34,,103.93,107.62,110.08,,,93.48,635.71,,,miscellaneous,miscellaneous,,0.02,-0.05,0.2,-0.03,0.19,1.52,1.95,2.57,,,2026-06-25,109.85,108.2,3.27,3.27,8.63,2.79,3.06,3.06,3.09,112.67,114110.85,2.4,2.08,3.36,8.6,3555596046,10558975952,,,,,,,,,,,,,,,,,,
2026-06-25T22:30:55.033,LALPATHLAB,1689.2,1.76,,1605.34,1605.98,1855.65,,,53.73,35.16,,,healthcare,healthcare,,3.65,0.1,0.06,0.07,0.04,2.33,3.0,3.13,,,2026-06-25,1698.6,1660.0,3.57,3.57,123.38,52.82,3.43,3.43,2.34,38.62,27814.13,2.43,1.73,2.52,55.29,78392750,167555020,,,,,,,,,,,,,,,,,,
2026-06-25T22:30:55.033,PNBHOUSING,1044.8,-0.16,,1000.42,974.88,1184.64,,,10.38,11.89,,,financials,finance - housing,,5.86,0.03,0.15,0.02,0.16,3.58,3.63,2.74,,,2026-06-25,1079.9,1042.6,6.08,6.08,24.43,28.63,3.01,3.01,0.85,96.86,27262.22,3.75,3.44,0.87,7.69,187457358,260508563,,,,,,,,,,,,,,,,,,
2026-06-25T22:30:55.033,SHAILY,2849.7,1.3,,2632.9,2806.63,2935.83,,,81.51,76.09,,,plastic products,plastics products,,-3.37,0.1,0.17,0.07,0.16,3.47,3.63,4.57,,,2026-06-25,2918.0,2820.1,5.15,5.15,180.42,130.18,5.45,5.45,1.39,39.3,12927.17,4.2,3.54,1.48,22.74,26012493,45955093,,,,,,,,,,,,,,,,,,
2026-06-25T22:30:55.033,MOTHERSON,151.71,4.93,,144.43,144.47,166.19,,,26.71,37.07,,,auto,auto ancillaries,,-1.92,0.16,0.44,0.09,0.38,7.8,7.02,3.27,,,2026-06-25,155.25,144.02,9.28,9.28,16.9,4.96,3.2,3.2,3.41,314.42,152596.13,4.6,4.24,3.83,155.08,5425228487,10554442601,,,,,,,,,,,,,,,,,,
2026-06-25T22:30:55.033,NAVINFLUOR,7609.0,-1.16,,7287.11,7297.51,8231.99,,,45.85,59.06,,,chemicals,chemicals,,4.1,0.16,0.58,0.2,0.6,2.16,1.97,2.78,,,2026-06-25,7744.0,7580.5,3.78,3.78,624.9,211.42,3.08,3.08,2.96,47.59,39453.71,4.61,3.4,3.22,13.48,37356850,51248574,,,,,,,,,,,,,,,,,,
2026-06-25T22:30:55.033,GLAND,2314.8,-0.49,,2191.32,2197.8,2548.79,,,26.0,37.3,,,healthcare,pharmaceuticals - indian - formulations,,4.13,0.26,0.14,0.26,0.15,2.88,5.94,3.4,,,2026-06-25,2369.5,2303.2,3.57,3.57,253.66,78.64,3.82,3.82,3.23,89.33,38325.64,5.25,5.19,3.62,14.75,79362489,164756423,,,,,,,,,,,,,,,,,,
2026-06-18T07:11:53.254,CHOLAFIN,1679.2,-0.07,,1599.17,1487.7,2062.21,,,21.72,27.11,,,financials,finance & investments,,14.04,-0.11,0.02,-0.12,0.02,1.09,4.47,3.2,,,2026-06-18,1690.9,1672.6,2.49,2.49,124.18,53.75,3.15,3.15,2.31,50.6,143074.08,1.45,-1.08,2.5,12.28,432397124,852037169,,,,,,,,,,,,,,,,,,
2026-06-18T07:11:53.254,IIFL,531.15,0.58,,501.03,506.2,581.05,,,9.62,13.59,,,financials,finance & investments,,5.4,-0.15,0.17,-0.17,0.17,2.07,2.13,3.72,,,2026-06-18,537.9,527.0,2.65,2.65,61.81,19.76,3.87,3.87,3.13,32.35,22589.26,1.58,0.21,3.54,21.0,319614908,425289575,,,,,,,,,,,,,,,,,,
2026-06-18T07:11:53.254,REDINGTON,248.92,2.02,,235.51,236.53,273.69,,,12.42,13.06,,,services,trading,,3.58,-0.18,-0.17,-0.21,-0.19,4.38,5.03,3.73,,,2026-06-18,254.9,244.21,5.15,5.15,23.88,9.3,3.9,3.9,2.57,176.61,19459.93,1.64,0.09,2.84,50.66,781774431,781774431,,,,,,,,,,,,,,,,,,
2026-06-18T07:11:53.254,AMBER,7864.0,0.69,,7415.75,7340.53,8910.94,,,51.68,152.43,,,consumer discretionary,air-conditioners,,4.71,0.07,-0.08,0.08,-0.08,2.25,6.11,3.5,,,2026-06-18,7934.5,7760.0,4.35,4.35,152.2,275.5,3.54,3.54,0.55,81.61,27674.73,2.82,2.01,0.56,37.75,21758430,35191667,,,,,,,,,,,,,,,,,,
2026-06-18T07:11:53.254,NAVINFLUOR,7344.0,0.39,,7019.48,7013.75,8004.51,,,44.25,56.34,,,chemicals,chemicals,,2.8,0.1,0.56,0.09,0.56,2.76,2.51,2.92,,,2026-06-18,7510.0,7308.0,4.82,4.82,537.84,214.31,3.1,3.1,2.51,107.81,37636.95,3.27,3.12,2.71,16.8,37356850,51248574,,,,,,,,,,,,,,,,,,
2026-06-18T07:11:53.254,ITDC,622.25,0.62,,576.67,580.49,705.78,,,47.14,64.75,,,services,hotels,,5.59,0.03,0.04,0.03,0.04,2.63,5.95,5.29,,,2026-06-18,631.35,615.2,5.22,5.22,48.01,32.91,4.72,4.72,1.46,11.0,5337.0,3.57,2.46,1.58,21.42,11127719,85769400,,,,,,,,,,,,,,,,,,
2026-06-18T07:11:53.254,MOTHERSON,145.1,-1.69,,137.82,144.64,146.02,,,25.55,37.21,,,auto,auto ancillaries,,2.15,0.11,0.31,0.11,0.34,3.48,1.73,3.22,,,2026-06-18,147.59,142.63,3.48,3.48,13.95,4.67,3.54,3.54,2.99,84.62,153144.96,3.98,3.88,3.31,52.92,5425228487,10554442601,,,,,,,,,,,,,,,,,,
2026-06-18T07:11:53.254,ZENTEC,1887.4,1.76,,1772.06,1766.52,2129.16,,,134.43,87.7,,,aerospace & defence,miscellaneous,,2.87,0.27,0.28,0.22,0.26,3.38,6.87,4.23,,,2026-06-18,1897.0,1835.0,6.57,6.57,246.54,79.8,4.42,4.42,3.09,143.47,17041.4,4.16,3.44,3.55,65.67,46486527,90290356,,,,,,,,,,,,,,,,,,
2026-06-18T07:11:53.254,MOTILALOFS,942.85,-0.15,,896.67,861.31,1105.92,,,-63.88,30.26,,,financials,finance & investments,,10.21,0.03,-0.01,-0.0,-0.0,2.13,4.41,3.42,,,2026-06-18,960.0,940.0,3.3,3.3,108.85,32.24,3.29,3.29,3.38,87.73,56746.38,4.21,4.16,3.82,8.84,195372320,601860072,,,,,,,,,,,,,,,,,,
2026-06-18T07:11:53.254,BANDHANBNK,213.76,-1.37,,203.02,203.49,234.3,,,16.1,28.13,,,bank,banks - private sector,,3.14,0.3,0.27,0.33,0.29,2.29,3.02,3.61,,,2026-06-18,217.98,213.1,5.05,5.05,21.78,7.71,3.28,3.28,2.82,70.13,34436.14,4.81,3.41,3.15,8.56,982948469,1610972314,,,,,,,,,,,,,,,,,,
2026-06-18T07:11:53.254,DATAPATTNS,4769.6,6.53,,4411.05,4251.96,5804.87,,,48.26,98.4,,,aerospace & defence,electronics - components,,5.83,0.69,0.81,0.58,0.71,6.71,10.02,5.55,,,2026-06-18,4794.7,4493.0,9.46,9.46,816.25,264.7,5.63,5.63,3.08,159.62,26702.11,4.96,3.64,3.72,104.5,32241586,55983969,,,,,,,,,,,,,,,,,,
2026-06-18T07:11:53.254,ENRIN,3785.2,4.89,,3555.05,3585.28,4185.04,,,89.95,102.89,,,power & utilities,power generation and supply,,-1.69,0.18,0.04,0.14,-0.01,5.21,7.08,4.26,,,2026-06-18,3797.9,3610.0,7.19,7.19,503.58,161.22,5.04,5.04,3.12,124.3,134798.73,5.99,5.43,3.6,108.67,89030592,356120505,,,,,,,,,,,,,,,,,,
2026-06-18T07:11:53.254,NETWEB,4911.5,0.56,,4534.37,4547.36,5639.78,,,98.78,135.3,,,i.t,computers - hardware,,3.89,0.36,0.32,0.4,0.32,3.88,7.95,5.5,,,2026-06-18,5038.0,4850.0,9.11,9.11,854.0,270.13,6.14,6.14,3.16,129.08,27966.42,6.0,5.61,3.83,22.77,18799145,56940687,,,,,,,,,,,,,,,,,,
2026-06-18T07:11:53.254,SUZLON,59.27,2.33,,56.23,54.42,68.97,,,18.29,25.77,,,industrials,electric equipment,,0.13,0.03,0.04,-0.0,0.01,3.84,9.96,3.75,,,2026-06-18,59.5,57.3,10.39,10.39,6.14,2.22,3.69,3.69,2.76,145.22,81286.92,6.45,6.36,3.08,88.63,12105997156,13714682759,,,,,,,,,,,,,,,,,,
2026-06-17T23:05:33.063,CHOLAFIN,1679.2,-0.07,,1599.17,1487.7,2062.21,,,21.72,27.13,,,financials,finance & investments,,14.04,-0.11,0.02,-0.12,0.02,1.09,4.47,3.2,,,2026-06-17,1690.9,1672.6,2.49,2.49,124.18,53.75,3.15,3.15,2.31,50.6,143176.33,1.45,-1.08,2.5,12.28,432397124,852037169,,,,,,,,,,,,,,,,,,
2026-06-17T23:05:33.063,IIFL,531.15,0.58,,501.03,506.2,581.05,,,9.62,13.52,,,financials,finance & investments,,5.4,-0.15,0.17,-0.17,0.17,2.07,2.13,3.72,,,2026-06-17,537.9,527.0,2.65,2.65,61.81,19.76,3.87,3.87,3.13,32.35,22459.54,1.58,0.21,3.54,21.0,319614908,425289575,,,,,,,,,,,,,,,,,,
2026-06-17T23:05:33.063,REDINGTON,248.92,2.02,,235.51,236.53,273.69,,,12.42,12.8,,,services,trading,,3.58,-0.18,-0.17,-0.21,-0.19,4.38,5.03,3.73,,,2026-06-17,254.9,244.21,5.15,5.15,23.88,9.3,3.9,3.9,2.57,176.61,19073.73,1.64,0.09,2.84,50.66,781774431,781774431,,,,,,,,,,,,,,,,,,
2026-06-17T23:05:33.063,AMBER,7864.0,0.69,,7415.75,7340.53,8910.94,,,51.68,151.4,,,consumer discretionary,air-conditioners,,4.71,0.07,-0.08,0.08,-0.08,2.25,6.11,3.5,,,2026-06-17,7934.5,7760.0,4.35,4.35,152.2,275.5,3.54,3.54,0.55,81.61,27486.45,2.82,2.01,0.56,37.75,21758430,35191667,,,,,,,,,,,,,,,,,,
2026-06-17T23:05:33.063,NAVINFLUOR,7344.0,0.39,,7019.48,7013.75,8004.51,,,44.25,56.12,,,chemicals,chemicals,,2.8,0.1,0.56,0.09,0.56,2.76,2.51,2.92,,,2026-06-17,7510.0,7308.0,4.82,4.82,537.84,214.31,3.1,3.1,2.51,107.81,37490.89,3.27,3.12,2.71,16.8,37356850,51248574,,,,,,,,,,,,,,,,,,
2026-06-17T23:05:33.063,ITDC,622.25,0.62,,576.67,580.49,705.78,,,47.14,64.35,,,services,hotels,,5.59,0.03,0.04,0.03,0.04,2.63,5.95,5.29,,,2026-06-17,631.35,615.2,5.22,5.22,48.01,32.91,4.72,4.72,1.46,11.0,5303.98,3.57,2.46,1.58,21.42,11127719,85769400,,,,,,,,,,,,,,,,,,
2026-06-17T23:05:33.063,MOTHERSON,145.1,-1.69,,137.82,144.64,146.02,,,25.55,37.85,,,auto,auto ancillaries,,2.15,0.11,0.31,0.11,0.34,3.48,1.73,3.22,,,2026-06-17,147.59,142.63,3.48,3.48,13.95,4.67,3.54,3.54,2.99,84.62,155783.57,3.98,3.88,3.31,52.92,5425228487,10554442601,,,,,,,,,,,,,,,,,,
2026-06-17T23:05:33.063,ZENTEC,1887.4,1.76,,1772.06,1766.52,2129.16,,,134.43,86.18,,,aerospace & defence,miscellaneous,,2.87,0.27,0.28,0.22,0.26,3.38,6.87,4.23,,,2026-06-17,1897.0,1835.0,6.57,6.57,246.54,79.8,4.42,4.42,3.09,143.47,16746.15,4.16,3.44,3.55,65.67,46486527,90290356,,,,,,,,,,,,,,,,,,
2026-06-17T23:05:33.063,MOTILALOFS,942.85,-0.15,,896.67,861.31,1105.92,,,-63.88,30.3,,,financials,finance & investments,,10.21,0.03,-0.01,-0.0,-0.0,2.13,4.41,3.42,,,2026-06-17,960.0,940.0,3.3,3.3,108.85,32.24,3.29,3.29,3.38,87.73,56830.64,4.21,4.16,3.82,8.84,195372320,601860072,,,,,,,,,,,,,,,,,,
2026-06-17T23:05:33.063,BANDHANBNK,213.76,-1.37,,203.02,203.49,234.3,,,16.1,28.52,,,bank,banks - private sector,,3.14,0.3,0.27,0.33,0.29,2.29,3.02,3.61,,,2026-06-17,217.98,213.1,5.05,5.05,21.78,7.71,3.28,3.28,2.82,70.13,34916.21,4.81,3.41,3.15,8.56,982948469,1610972314,,,,,,,,,,,,,,,,,,
2026-06-17T23:05:33.063,DATAPATTNS,4769.6,6.53,,4411.05,4251.96,5804.87,,,48.26,92.37,,,aerospace & defence,electronics - components,,5.83,0.69,0.81,0.58,0.71,6.71,10.02,5.55,,,2026-06-17,4794.7,4493.0,9.46,9.46,816.25,264.7,5.63,5.63,3.08,159.62,25065.7,4.96,3.64,3.72,104.5,32241586,55983969,,,,,,,,,,,,,,,,,,
2026-06-17T23:05:33.063,ENRIN,3785.2,4.89,,3555.05,3585.28,4185.04,,,89.95,98.09,,,power & utilities,power generation and supply,,-1.69,0.18,0.04,0.14,-0.01,5.21,7.08,4.26,,,2026-06-17,3797.9,3610.0,7.19,7.19,503.58,161.22,5.04,5.04,3.12,124.3,128520.33,5.99,5.43,3.6,108.67,89030592,356120505,,,,,,,,,,,,,,,,,,
2026-06-17T23:05:33.063,NETWEB,4911.5,0.56,,4534.37,4547.36,5639.78,,,98.78,134.56,,,i.t,computers - hardware,,3.89,0.36,0.32,0.4,0.32,3.88,7.95,5.5,,,2026-06-17,5038.0,4850.0,9.11,9.11,854.0,270.13,6.14,6.14,3.16,129.08,27812.11,6.0,5.61,3.83,22.77,18799145,56940687,,,,,,,,,,,,,,,,,,
2026-06-17T23:05:33.063,SUZLON,59.27,2.33,,56.23,54.42,68.97,,,18.29,25.18,,,industrials,electric equipment,,0.13,0.03,0.04,-0.0,0.01,3.84,9.96,3.75,,,2026-06-17,59.5,57.3,10.39,10.39,6.14,2.22,3.69,3.69,2.76,145.22,79435.44,6.45,6.36,3.08,88.63,12105997156,13714682759,,,,,,,,,,,,,,,,,,
2026-06-16T05:43:00.524,AEQUS,203.43,11.45,173.6,183.28,173.88,262.52,214.89,8.42,-57.14,-108.21,59.1,64.54,aerospace & defence,engineering,18.48,-0.02,0.24,NaN,0.1,NaN,16.99,17.18,6.91,14.29,6.77,2026-06-16,,,,,,,,,,,,,,,,,,,,,,,,,,,,,,,,,,,
2026-06-16T05:43:00.524,ARFIN,92.02,8.49,80.0,84.94,83.21,109.64,94.86,2.74,57.51,101.12,54.44,63.41,metals & mining,aluminium and aluminium products,21.08,-2.13,0.31,0.89,0.21,0.75,10.59,15.03,5.37,10.87,5.27,2026-06-16,,,,,,,,,,,,,,,,,,,,,,,,,,,,,,,,,,,
2026-06-16T05:43:00.524,PRAKASH,151.14,6.96,135.37,141.62,138.63,176.15,154.55,1.84,7.25,8.13,57.92,56.38,metals & mining,steel - medium / small,18.43,-2.12,0.05,-0.16,-0.01,-0.21,9.02,11.65,4.42,10.13,4.55,2026-06-16,,,,,,,,,,,,,,,,,,,,,,,,,,,,,,,,,,,
2026-06-16T05:43:00.524,FEDFINA,162.19,6.15,146.87,151.91,153.53,179.52,164.97,2.0,15.07,17.63,58.45,62.56,financials,finance & investments,19.62,-4.58,0.05,0.05,-0.02,-0.01,5.64,10.43,4.54,9.45,4.32,2026-06-16,,,,,,,,,,,,,,,,,,,,,,,,,,,,,,,,,,,
2026-06-16T05:43:00.524,SCI,310.75,4.61,284.3,287.53,279.49,373.27,321.05,1.38,8.94,10.7,54.57,60.01,transportation,shipping,16.7,2.26,0.29,0.29,0.21,0.24,11.18,9.3,4.86,7.28,4.79,2026-06-16,,,,,,,,,,,,,,,,,,,,,,,,,,,,,,,,,,,
2026-06-16T05:43:00.524,WELSPUNLIV,144.93,4.61,133.34,137.67,140.22,154.36,145.71,1.51,33.55,63.57,59.47,60.91,textiles,textiles - products,16.75,-4.41,-0.03,0.17,-0.1,0.12,3.36,8.69,3.42,7.26,3.05,2026-06-16,,,,,,,,,,,,,,,,,,,,,,,,,,,,,,,,,,,
2026-06-16T05:43:00.524,STLNETWORK,28.24,2.47,26.1,25.77,27.27,30.17,28.9,0.24,-7.35,-13.91,53.59,59.72,telecom-service,telecommunications - service provider,19.1,-1.75,0.17,-0.14,0.1,-0.16,3.54,8.2,5.48,5.41,5.32,2026-06-16,,,,,,,,,,,,,,,,,,,,,,,,,,,,,,,,,,,
2026-06-16T05:43:00.524,BAJAJHIND,19.82,4.65,18.43,18.64,18.56,22.35,20.38,1.97,2.15,104.32,59.81,55.91,fmcg,sugar,17.02,0.84,-0.08,-0.06,-0.13,-0.1,6.81,7.54,4.24,6.73,3.8,2026-06-16,,,,,,,,,,,,,,,,,,,,,,,,,,,,,,,,,,,
2026-06-16T05:43:00.524,AURUM,192.29,4.85,180.01,182.13,181.37,214.13,193.5,2.46,17.87,469.0,63.8,58.87,i.t,computers - software - medium / small,14.68,0.33,0.01,0.16,-0.02,0.11,6.02,6.82,3.59,6.38,3.47,2026-06-16,,,,,,,,,,,,,,,,,,,,,,,,,,,,,,,,,,,
2026-06-16T05:43:00.524,LUMAXTECH,1679.9,2.81,1578.0,1567.31,1621.39,1796.92,1714.0,0.69,32.48,41.05,52.15,54.85,auto,auto ancillaries,12.23,-1.1,0.05,0.27,0.01,0.24,3.61,6.46,4.35,4.07,4.36,2026-06-16,,,,,,,,,,,,,,,,,,,,,,,,,,,,,,,,,,,
2026-06-16T05:43:00.524,20MICRONS,188.82,3.54,178.0,174.84,183.15,200.17,198.0,1.78,9.46,9.97,55.26,53.06,metals & mining,mining / minerals / metals,27.36,-1.74,-0.08,-0.19,-0.12,-0.22,3.1,6.08,5.2,4.61,5.89,2026-06-16,,,,,,,,,,,,,,,,,,,,,,,,,,,,,,,,,,,
2026-06-16T05:43:00.524,REDTAPE,135.84,1.47,129.5,126.34,132.55,142.42,139.61,0.43,26.95,31.23,54.67,56.15,consumer discretionary,trading,33.38,-2.12,0.0,-0.13,-0.03,-0.14,2.48,4.9,4.52,4.03,5.64,2026-06-16,,,,,,,,,,,,,,,,,,,,,,,,,,,,,,,,,,,
2026-06-16T05:43:00.524,SURYODAY,171.89,1.32,164.1,161.06,165.49,184.68,174.85,0.64,9.18,12.02,59.14,63.32,bank,banks - private sector,37.5,-0.25,0.17,0.24,0.16,0.23,3.86,4.75,4.06,4.74,3.97,2026-06-16,,,,,,,,,,,,,,,,,,,,,,,,,,,,,,,,,,,
2026-06-16T05:43:00.524,AGIIL,380.05,2.03,365.2,350.54,358.78,422.58,389.1,1.12,44.61,17.69,53.71,60.34,realty,construction,20.09,1.55,0.32,0.46,0.28,0.43,5.93,4.07,4.42,4.07,5.19,2026-06-16,,,,,,,,,,,,,,,,,,,,,,,,,,,,,,,,,,,
2026-06-15T21:58:46.698,AEQUS,203.43,11.45,173.6,183.28,173.88,262.52,214.89,8.42,-57.14,-97.09,59.1,64.54,aerospace & defence,engineering,18.48,-0.02,0.24,NaN,0.1,NaN,16.99,17.18,6.91,14.29,6.77,2026-06-15,,,,,,,,,,,,,,,,,,,,,,,,,,,,,,,,,,,
2026-06-15T21:58:46.698,ARFIN,92.02,8.49,80.0,84.94,83.21,109.64,94.86,2.74,57.51,93.21,54.44,63.41,metals & mining,aluminium and aluminium products,21.08,-2.13,0.31,0.89,0.21,0.75,10.59,15.03,5.37,10.87,5.27,2026-06-15,,,,,,,,,,,,,,,,,,,,,,,,,,,,,,,,,,,
2026-06-15T21:58:46.698,PRAKASH,151.14,6.96,135.37,141.62,138.63,176.15,154.55,1.84,7.25,7.6,57.92,56.38,metals & mining,steel - medium / small,18.43,-2.12,0.05,-0.16,-0.01,-0.21,9.02,11.65,4.42,10.13,4.55,2026-06-15,,,,,,,,,,,,,,,,,,,,,,,,,,,,,,,,,,,
2026-06-15T21:58:46.698,FEDFINA,162.19,6.15,146.87,151.91,153.53,179.52,164.97,2.0,15.07,16.61,58.45,62.56,financials,finance & investments,19.62,-4.58,0.05,0.05,-0.02,-0.01,5.64,10.43,4.54,9.45,4.32,2026-06-15,,,,,,,,,,,,,,,,,,,,,,,,,,,,,,,,,,,
2026-06-15T21:58:46.698,SCI,310.75,4.61,284.3,287.53,279.49,373.27,321.05,1.38,8.94,10.23,54.57,60.01,transportation,shipping,16.7,2.26,0.29,0.29,0.21,0.24,11.18,9.3,4.86,7.28,4.79,2026-06-15,,,,,,,,,,,,,,,,,,,,,,,,,,,,,,,,,,,
2026-06-15T21:58:46.698,WELSPUNLIV,144.93,4.61,133.34,137.67,140.22,154.36,145.71,1.51,33.55,60.76,59.47,60.91,textiles,textiles - products,16.75,-4.41,-0.03,0.17,-0.1,0.12,3.36,8.69,3.42,7.26,3.05,2026-06-15,,,,,,,,,,,,,,,,,,,,,,,,,,,,,,,,,,,
2026-06-15T21:58:46.698,STLNETWORK,28.24,2.47,26.1,25.77,27.27,30.17,28.9,0.24,-7.35,-13.58,53.59,59.72,telecom-service,telecommunications - service provider,19.1,-1.75,0.17,-0.14,0.1,-0.16,3.54,8.2,5.48,5.41,5.32,2026-06-15,,,,,,,,,,,,,,,,,,,,,,,,,,,,,,,,,,,
2026-06-15T21:58:46.698,BAJAJHIND,19.82,4.65,18.43,18.64,18.56,22.35,20.38,1.97,2.15,99.68,59.81,55.91,fmcg,sugar,17.02,0.84,-0.08,-0.06,-0.13,-0.1,6.81,7.54,4.24,6.73,3.8,2026-06-15,,,,,,,,,,,,,,,,,,,,,,,,,,,,,,,,,,,
2026-06-15T21:58:46.698,AURUM,192.29,4.85,180.01,182.13,181.37,214.13,193.5,2.46,17.87,447.29,63.8,58.87,i.t,computers - software - medium / small,14.68,0.33,0.01,0.16,-0.02,0.11,6.02,6.82,3.59,6.38,3.47,2026-06-15,,,,,,,,,,,,,,,,,,,,,,,,,,,,,,,,,,,
2026-06-15T21:58:46.698,LUMAXTECH,1679.9,2.81,1578.0,1567.31,1621.39,1796.92,1714.0,0.69,32.48,39.93,52.15,54.85,auto,auto ancillaries,12.23,-1.1,0.05,0.27,0.01,0.24,3.61,6.46,4.35,4.07,4.36,2026-06-15,,,,,,,,,,,,,,,,,,,,,,,,,,,,,,,,,,,
2026-06-15T21:58:46.698,20MICRONS,188.82,3.54,178.0,174.84,183.15,200.17,198.0,1.78,9.46,9.63,55.26,53.06,metals & mining,mining / minerals / metals,27.36,-1.74,-0.08,-0.19,-0.12,-0.22,3.1,6.08,5.2,4.61,5.89,2026-06-15,,,,,,,,,,,,,,,,,,,,,,,,,,,,,,,,,,,
2026-06-15T21:58:46.698,REDTAPE,135.84,1.47,129.5,126.34,132.55,142.42,139.61,0.43,26.95,30.77,54.67,56.15,consumer discretionary,trading,33.38,-2.12,0.0,-0.13,-0.03,-0.14,2.48,4.9,4.52,4.03,5.64,2026-06-15,,,,,,,,,,,,,,,,,,,,,,,,,,,,,,,,,,,
2026-06-15T21:58:46.698,SURYODAY,171.89,1.32,164.1,161.06,165.49,184.68,174.85,0.64,9.18,11.86,59.14,63.32,bank,banks - private sector,37.5,-0.25,0.17,0.24,0.16,0.23,3.86,4.75,4.06,4.74,3.97,2026-06-15,,,,,,,,,,,,,,,,,,,,,,,,,,,,,,,,,,,
2026-06-15T21:58:46.698,AGIIL,380.05,2.03,365.2,350.54,358.78,422.58,389.1,1.12,44.61,17.34,53.71,60.34,realty,construction,20.09,1.55,0.32,0.46,0.28,0.43,5.93,4.07,4.42,4.07,5.19,2026-06-15,,,,,,,,,,,,,,,,,,,,,,,,,,,,,,,,,,,
2026-05-21T13:51:27.57,SAMMAANCAP,154.2,8.74,,145.44,138.05,186.51,,,9.99,8.94,,,financials,finance - housing,,-2.77,-0.11,0.08,-0.29,-0.01,7.16,14.43,4.51,,,2026-05-21,158.6,148.0,17.7,17.7,8.88,6.95,3.6,3.6,1.28,593.45,16472.68,0.2,-0.09,1.36,89.17,1161683871,1161683871,,,,,,,,,,,,,,,,,,
2026-05-21T13:51:27.57,YESBANK,21.42,-2.64,,20.43,22.24,19.77,,,15.75,19.82,,,bank,banks - private sector,,-2.7,-0.14,0.02,-0.13,0.05,6.74,2.34,3.42,,,2026-05-21,22.34,20.93,6.74,6.74,1.55,0.73,3.05,3.05,2.12,77.7,69032.57,1.92,1.43,2.28,66.88,31378443140,31378443140,,,,,,,,,,,,,,,,,,
2026-05-21T13:51:27.57,PAYTM,1158.0,0.39,,1093.71,1116.74,1240.52,,,100.87,133.51,,,i.t,miscellaneous,,-1.64,-0.17,-0.13,-0.19,-0.13,2.68,5.18,3.76,,,2026-05-21,1172.0,1141.4,6.45,6.45,66.09,43.52,3.79,3.79,1.52,29.38,73829.27,2.26,1.37,1.61,38.14,640045681,640045681,,,,,,,,,,,,,,,,,,
2026-05-21T13:51:27.57,MOTHERSON,137.14,3.76,,130.03,127.3,156.83,,,24.14,33.89,,,auto,auto ancillaries,,2.69,0.13,0.37,0.11,0.33,3.78,6.29,3.58,,,2026-05-21,138.4,133.36,6.86,6.86,16.32,4.91,3.42,3.42,3.33,237.26,139498.07,2.51,1.2,3.78,77.03,5425228487,10554442601,,,,,,,,,,,,,,,,,,
2026-05-21T13:51:27.57,IFCI,61.43,0.03,,57.6,61.95,60.39,,,307.15,91.66,,,financials,finance - term-lending institutions,,-2.3,0.06,0.11,0.04,0.11,2.7,1.29,3.84,,,2026-05-21,62.78,61.13,3.51,3.51,3.77,2.36,4.05,4.05,1.6,28.3,16545.78,2.65,2.04,1.7,12.71,739037235,2694314331,,,,,,,,,,,,,,,,,,
2026-05-21T13:51:27.57,CRAFTSMAN,8572.0,-0.04,,8098.73,8563.95,8588.11,,,41.33,48.79,,,auto,auto ancillaries,,-0.94,0.17,0.2,0.17,0.2,1.29,2.64,3.66,,,2026-05-21,8650.0,8540.0,2.96,2.96,998.84,313.81,4.19,4.19,3.18,16.55,20456.16,3.77,2.93,3.6,10.2,12237570,23855583,,,,,,,,,,,,,,,,,,
2026-05-21T13:51:27.57,HBLENGINE,787.15,2.54,,742.09,776.4,808.66,,,24.75,26.72,,,auto,auto ancillaries,,-6.63,-0.23,-0.11,-0.32,-0.13,3.02,6.21,3.75,,,2026-05-21,797.25,773.9,7.55,7.55,49.49,29.51,3.6,3.6,1.68,74.94,21278.87,4.02,3.56,1.79,44.89,113342637,277194946,,,,,,,,,,,,,,,,,,
2026-05-21T13:51:27.57,JBMA,644.4,0.12,,603.11,632.6,667.99,,,51.31,69.5,,,auto,auto ancillaries,,-3.53,-0.05,0.01,-0.07,0.01,1.65,5.12,4.32,,,2026-05-21,652.0,641.4,6.36,6.36,51.3,27.84,4.16,4.16,1.84,8.76,15220.77,4.43,2.47,2.0,10.78,76785978,236494264,,,,,,,,,,,,,,,,,,
2026-05-21T13:51:27.57,NAM-INDIA,1084.4,-1.69,,1024.09,1082.79,1087.61,,,44.88,45.88,,,financials,finance & investments,,-1.23,0.13,0.28,0.17,0.31,4.07,2.22,3.63,,,2026-05-21,1125.0,1081.0,5.63,5.63,128.95,39.39,3.77,3.77,3.27,50.54,70384.19,5.2,4.04,3.72,8.63,179087901,638115996,,,,,,,,,,,,,,,,,,
2026-05-21T13:51:27.57,ATGL,636.3,4.21,,593.99,608.73,691.44,,,103.97,102.45,,,energy,miscellaneous,,-2.56,-0.04,0.03,-0.09,-0.01,6.58,5.86,4.5,,,2026-05-21,654.7,614.3,8.92,8.92,55.82,28.63,4.21,4.21,1.95,141.92,67154.4,6.31,4.65,2.14,76.84,277146603,1099810083,,,,,,,,,,,,,,,,,,
2026-05-21T13:51:27.57,SCI,328.65,0.46,,303.24,334.77,316.42,,,9.45,11.27,,,transportation,shipping,,-2.53,0.22,0.43,0.17,0.43,2.48,1.23,5.46,,,2026-05-21,334.6,326.5,3.06,3.06,52.97,17.96,5.51,5.51,2.95,24.28,15238.61,6.61,5.8,3.52,11.97,168856033,465799010,,,,,,,,,,,,,,,,,,
2026-05-21T13:51:27.57,SHAILY,2748.0,0.52,,2517.07,2788.35,2667.31,,,78.6,73.95,,,plastic products,plastics products,,-14.55,-0.03,0.21,-0.08,0.2,4.31,15.66,6.36,,,2026-05-21,2779.9,2665.0,17.0,17.0,476.26,174.71,7.1,7.1,2.73,31.93,12563.2,6.99,6.22,3.3,47.51,26012493,45955093,,,,,,,,,,,,,,,,,,
2026-05-21T13:51:27.57,SYRMA,1014.0,1.0,,943.42,1031.18,979.64,,,47.92,59.58,,,consumer discretionary,electronics - components,,-8.42,0.07,0.24,0.05,0.23,3.06,5.91,4.93,,,2026-05-21,1039.85,1009.0,8.3,8.3,112.44,50.03,4.75,4.75,2.25,86.63,19360.18,7.34,6.32,2.53,9.99,111298962,192830485,,,,,,,,,,,,,,,,,,
2026-05-21T13:51:27.57,NLCINDIA,352.8,-0.52,,328.86,343.77,370.86,,,13.28,15.33,,,power & utilities,power generation and supply,,4.78,0.29,0.47,0.27,0.48,3.66,1.03,5.1,,,2026-05-21,363.85,351.0,3.66,3.66,59.13,18.01,4.85,4.85,3.28,40.83,49177.07,7.41,6.78,3.94,10.0,385480047,1386636609,,,,,,,,,,,,,,,,,,
2026-05-14T11:01:00.296,GRSE,2712.1,-4.95,,2494.35,2968.88,2198.55,,,25.61,43.7,,,aerospace & defence,miscellaneous,,-6.77,-0.11,0.08,-0.06,0.14,6.01,0.26,5.52,,,2026-05-14,2867.5,2705.0,6.01,6.01,156.21,149.61,5.09,5.09,1.04,48.87,32686.27,3.72,3.29,1.11,4.75,29210760,114552000,,,,,,,,,,,,,,,,,,
2026-05-14T11:01:00.296,HINDCOPPER,610.5,2.55,,576.31,557.45,716.59,,,94.21,87.03,,,metals & mining,mining / minerals / metals,,4.73,0.66,1.55,0.51,1.49,3.16,8.95,3.7,,,2026-05-14,618.1,599.15,7.12,7.12,77.41,22.59,3.06,3.06,3.43,77.86,57566.94,3.72,0.67,3.92,50.24,327410647,967024020,,,,,,,,,,,,,,,,,,
2026-05-14T11:01:00.296,MANAPPURAM,306.65,-0.92,,291.19,308.94,302.06,,,16.07,26.39,,,financials,finance & investments,,-3.24,0.03,0.11,0.03,0.12,2.57,5.0,3.57,,,2026-05-14,313.5,305.65,5.56,5.56,30.89,10.95,3.25,3.25,2.82,16.96,29072.45,4.12,1.82,3.14,9.13,640935088,939336102,,,,,,,,,,,,,,,,,,
2026-05-14T11:01:00.296,HBLENGINE,779.0,-0.59,,733.54,821.43,694.15,,,24.5,27.27,,,auto,auto ancillaries,,-6.12,-0.26,-0.02,-0.28,-0.02,2.49,0.37,3.83,,,2026-05-14,795.45,776.15,2.49,2.49,50.76,29.82,3.48,3.48,1.7,31.14,21721.0,4.28,2.87,1.82,9.56,113342637,277194946,,,,,,,,,,,,,,,,,,
2026-05-14T11:01:00.296,VBL,494.5,1.09,,472.37,517.19,449.13,,,47.92,52.04,,,fmcg,food - processing - indian,,-7.37,-0.01,-0.06,-0.05,-0.07,1.89,2.03,2.8,,,2026-05-14,498.7,489.45,2.9,2.9,44.74,13.86,3.22,3.22,3.23,9.44,165435.15,4.32,3.94,3.55,36.44,1371876665,3382094394,,,,,,,,,,,,,,,,,,
2026-05-14T11:01:00.296,JBMA,644.05,-2.98,,602.3,637.01,658.13,,,51.28,71.69,,,auto,auto ancillaries,,4.3,-0.07,0.01,-0.04,0.04,4.67,0.27,4.6,,,2026-05-14,672.3,642.3,4.67,4.67,61.28,29.6,3.77,3.77,2.07,10.1,15699.67,4.42,1.69,2.29,5.91,76785978,236494264,,,,,,,,,,,,,,,,,,
2026-05-14T11:01:00.296,GMDCLTD,659.4,-0.56,,611.75,690.1,598.0,,,39.44,21.32,,,metals & mining,mining / minerals / metals,,-8.89,0.02,0.56,0.01,0.57,3.35,3.02,4.74,,,2026-05-14,679.85,657.8,5.24,5.24,39.65,31.23,5.53,5.53,1.27,29.44,21086.58,5.83,5.6,1.35,5.12,82680000,318000000,,,,,,,,,,,,,,,,,,
2026-05-14T11:01:00.296,JINDALSAW,231.17,-1.14,,215.88,238.31,216.89,,,26.39,15.3,,,industrials,steel - large,,-4.72,0.24,0.13,0.24,0.14,3.69,1.2,4.31,,,2026-05-14,238.6,230.11,3.74,3.74,23.21,9.97,4.67,4.67,2.33,6.33,14954.26,6.42,6.4,2.59,10.64,235047484,639508234,,,,,,,,,,,,,,,,,,
2026-05-14T11:01:00.296,SCI,325.4,-1.91,,300.54,328.93,318.33,,,9.36,11.42,,,transportation,shipping,,0.55,0.11,0.49,0.16,0.52,4.48,0.76,5.8,,,2026-05-14,338.5,324.0,4.48,4.48,57.62,18.88,6.19,6.19,3.05,27.27,15452.88,6.54,5.85,3.71,7.42,168856033,465799010,,,,,,,,,,,,,,,,,,
2026-05-14T11:01:00.296,NTPCGREEN,110.96,-0.26,,105.05,109.68,113.52,,,1387.0,168.56,,,power & utilities,power generation and supply,,-3.41,0.03,0.05,0.04,0.05,2.13,4.03,3.36,,,2026-05-14,112.7,110.35,5.13,5.13,9.62,3.73,3.73,3.73,2.58,15.98,93742.92,6.89,6.82,2.82,16.35,926329669,8426329669,,,,,,,,,,,,,,,,,,
2026-05-14T11:01:00.296,ZYDUSWELL,505.85,-1.84,,474.1,499.72,518.11,,,-101.17,11.66,,,fmcg,food - processing - indian,,1.42,0.01,0.22,0.03,0.24,4.03,0.95,4.0,,,2026-05-14,523.6,503.3,4.03,4.03,46.47,20.21,3.84,3.84,2.3,4.22,16396.24,7.16,5.13,2.53,12.62,96606235,318157280,,,,,,,,,,,,,,,,,,
2026-05-14T11:01:00.296,SYRMA,990.5,-4.36,,917.29,1064.38,842.74,,,46.81,61.46,,,consumer discretionary,electronics - components,,-2.64,0.02,0.32,0.14,0.38,5.97,0.35,5.93,,,2026-05-14,1046.0,987.05,5.97,5.97,110.56,58.77,5.02,5.02,1.88,70.43,19970.49,7.19,5.83,2.12,5.87,111298962,192830485,,,,,,,,,,,,,,,,,,
2026-05-14T11:01:00.296,RPSGVENT,972.2,0.96,,877.89,902.41,1111.78,,,-7.21,-34.05,,,i.t,computers - software - medium / small,,9.35,0.06,0.06,0.04,0.06,3.13,1.27,6.72,,,2026-05-14,993.9,963.7,3.53,3.53,150.46,65.29,6.29,6.29,2.3,1.55,3186.06,7.61,3.63,2.73,13.02,12073284,33086409,,,,,,,,,,,,,,,,,,
2026-05-14T11:01:00.296,ATHERENERG,942.5,-0.99,,874.42,929.69,968.11,,,-89.93,-68.24,,,auto,automobiles - scooters and 3 - wheelers,,-1.29,0.38,1.11,0.32,1.14,2.3,3.1,4.89,,,2026-05-14,958.95,937.4,4.9,4.9,125.45,46.12,5.1,5.1,2.72,19.6,36428.57,8.81,7.67,3.14,11.06,226664448,382673164,,,,,,,,,,,,,,,,,,
2026-05-11T05:29:31.733,M&MFIN,339.1,3.24,,318.67,308.36,400.58,,,12.56,16.3,,,financials,finance & investments,,6.84,0.0,0.23,-0.06,0.19,5.31,9.63,4.19,,,2026-05-11,341.0,323.8,5.59,5.59,16.59,14.19,3.67,3.67,1.17,123.79,47133.92,-2.04,-3.18,1.23,107.79,660388561,1389971160,,,,,,,,,,,,,,,,,,
2026-05-11T05:29:31.733,UNOMINDA,1178.9,2.9,,1119.74,1119.11,1298.47,,,61.4,59.63,,,auto,auto ancillaries,,-0.1,-0.12,-0.08,-0.16,-0.1,4.23,8.5,3.3,,,2026-05-11,1189.7,1141.4,6.65,6.65,75.7,38.93,3.36,3.36,1.94,110.17,68072.26,1.13,0.03,2.08,96.32,182660981,577421816,,,,,,,,,,,,,,,,,,
2026-05-11T05:29:31.733,CARTRADE,1954.9,1.72,,1801.11,1651.3,2562.11,,,36.2,41.78,,,consumer discretionary,miscellaneous,,11.21,-0.37,-0.22,-0.4,-0.24,4.99,18.8,5.9,,,2026-05-11,2012.2,1916.6,11.09,11.09,197.68,115.39,5.6,5.6,1.71,272.69,9359.68,1.48,-1.39,1.91,33.19,47878035,47878035,,,,,,,,,,,,,,,,,,
2026-05-11T05:29:31.733,IDEA,11.24,0.09,,10.63,10.44,12.83,,,-5.73,-4.26,,,telecom-service,telecommunications - service provider,,10.49,0.12,0.6,0.09,0.6,3.91,3.02,3.96,,,2026-05-11,11.44,11.01,3.91,3.91,1.49,0.45,3.42,3.42,3.35,108.96,121777.57,1.59,-0.83,3.86,51.72,80561956458,108343035001,,,,,,,,,,,,,,,,,,
2026-05-11T05:29:31.733,PAYTM,1187.1,-0.86,,1123.63,1127.38,1306.54,,,103.41,137.4,,,i.t,miscellaneous,,0.57,-0.17,-0.08,-0.14,-0.07,3.29,9.0,3.68,,,2026-05-11,1223.0,1184.1,7.72,7.72,101.51,43.64,3.13,3.13,2.33,117.04,75979.82,1.61,0.76,2.54,6.87,640045681,640045681,,,,,,,,,,,,,,,,,,
2026-05-11T05:29:31.733,JBMA,649.9,4.12,,612.68,628.27,693.15,,,69.73,72.78,,,auto,auto ancillaries,,-2.49,-0.06,-0.02,-0.12,-0.06,7.71,6.36,3.54,,,2026-05-11,663.5,616.0,7.71,7.71,75.04,23.0,3.65,3.65,3.26,105.26,15369.76,2.12,1.24,3.69,147.41,76785978,236494264,,,,,,,,,,,,,,,,,,
2026-05-11T05:29:31.733,IFCI,64.45,0.89,,60.53,60.46,72.43,,,322.25,96.19,,,financials,finance - term-lending institutions,,2.08,0.1,0.14,0.04,0.13,3.53,9.63,3.95,,,2026-05-11,66.0,63.75,7.67,7.67,7.64,2.55,4.16,4.16,3.0,229.96,17364.86,2.19,1.46,3.41,27.49,739037235,2694314331,,,,,,,,,,,,,,,,,,
2026-05-11T05:29:31.733,ABCAPITAL,362.95,-1.64,,344.92,353.45,381.95,,,21.05,25.2,,,financials,finance & investments,,5.53,0.02,0.24,0.02,0.26,2.35,0.44,3.22,,,2026-05-11,369.85,361.35,2.35,2.35,30.55,11.69,3.03,3.03,2.61,40.39,95078.6,2.28,1.62,2.85,13.68,824806142,2619606094,,,,,,,,,,,,,,,,,,
2026-05-11T05:29:31.733,NAVINFLUOR,7041.5,-0.61,,6718.58,6788.29,7547.92,,,42.43,54.02,,,chemicals,chemicals,,5.5,0.07,0.36,0.07,0.37,1.42,0.91,2.8,,,2026-05-11,7095.5,6996.5,1.57,1.57,681.85,196.85,3.14,3.14,3.46,71.07,36086.68,4.22,3.43,3.84,22.86,37356850,51248574,,,,,,,,,,,,,,,,,,
2026-05-11T05:29:31.733,DELHIVERY,479.1,-0.55,,457.28,463.84,509.61,,,225.99,234.85,,,transportation,miscellaneous,,2.1,-0.0,-0.02,-0.09,-0.01,2.45,4.17,2.94,,,2026-05-11,487.5,475.85,3.2,3.2,38.03,14.11,3.06,3.06,2.7,111.21,35865.81,4.49,4.16,2.93,23.04,748608108,748608108,,,,,,,,,,,,,,,,,,
2026-05-11T05:29:31.733,WAAREEENER,3230.1,0.11,,3059.24,3270.55,3149.19,,,21.88,25.01,,,industrials,electric equipment,,-4.27,-0.12,-0.01,-0.12,-0.01,2.25,1.38,3.31,,,2026-05-11,3292.8,3220.3,3.15,3.15,153.81,107.04,3.01,3.01,1.44,56.12,92914.26,5.68,5.51,1.51,9.16,103009322,287651335,,,,,,,,,,,,,,,,,,
2026-05-11T05:29:31.733,JSWENERGY,571.2,-0.82,,545.27,571.97,569.67,,,59.25,43.77,,,power & utilities,power generation and supply,,0.18,0.02,0.04,-0.0,0.05,2.57,1.76,2.78,,,2026-05-11,577.8,563.3,2.57,2.57,56.7,15.88,3.37,3.37,3.57,70.13,100376.53,5.97,5.95,3.96,49.73,537472638,1757292260,,,,,,,,,,,,,,,,,,
2026-05-11T05:29:31.733,VEDL,296.45,-2.93,,278.78,287.25,314.85,,,4.32,6.66,,,metals & mining,mining / minerals / metals,,8.44,0.5,0.78,0.52,0.83,3.55,0.19,4.68,,,2026-05-11,306.4,295.9,3.55,3.55,33.48,13.89,3.98,3.98,2.41,65.81,115923.45,6.23,5.51,2.72,3.96,1705520308,3910388057,,,,,,,,,,,,,,,,,,
2026-05-11T05:29:31.733,J&KBANK,141.76,1.53,,133.54,133.28,158.72,,,4.89,6.62,,,bank,banks - private sector,,4.8,0.27,0.31,0.21,0.3,2.45,9.38,4.02,,,2026-05-11,142.51,139.1,3.58,3.58,19.21,5.7,3.97,3.97,3.37,71.92,15610.36,9.74,8.16,3.9,46.7,447084183,1101182463,,,,,,,,,,,,,,,,,,
2026-05-10T23:38:19.454,M&MFIN,339.1,3.24,,318.67,308.36,400.58,,,12.56,16.3,,,financials,finance & investments,,6.84,0.0,0.23,-0.06,0.19,5.31,9.63,4.19,,,2026-05-10,341.0,323.8,5.59,5.59,16.59,14.19,3.67,3.67,1.17,123.79,47133.92,-2.04,-3.18,1.23,107.79,660388561,1389971160,,,,,,,,,,,,,,,,,,
2026-05-10T23:38:19.454,UNOMINDA,1178.9,2.9,,1119.74,1119.11,1298.47,,,61.4,59.63,,,auto,auto ancillaries,,-0.1,-0.12,-0.08,-0.16,-0.1,4.23,8.5,3.3,,,2026-05-10,1189.7,1141.4,6.65,6.65,75.7,38.93,3.36,3.36,1.94,110.17,68072.26,1.13,0.03,2.08,96.32,182660981,577421816,,,,,,,,,,,,,,,,,,
2026-05-10T23:38:19.454,CARTRADE,1954.9,1.72,,1801.11,1651.3,2562.11,,,36.2,41.78,,,consumer discretionary,miscellaneous,,11.21,-0.37,-0.22,-0.4,-0.24,4.99,18.8,5.9,,,2026-05-10,2012.2,1916.6,11.09,11.09,197.68,115.39,5.6,5.6,1.71,272.69,9359.68,1.48,-1.39,1.91,33.19,47878035,47878035,,,,,,,,,,,,,,,,,,
2026-05-10T23:38:19.454,IDEA,11.24,0.09,,10.63,10.44,12.83,,,-5.73,-4.26,,,telecom-service,telecommunications - service provider,,10.49,0.12,0.6,0.09,0.6,3.91,3.02,3.96,,,2026-05-10,11.44,11.01,3.91,3.91,1.49,0.45,3.42,3.42,3.35,108.96,121777.57,1.59,-0.83,3.86,51.72,80561956458,108343035001,,,,,,,,,,,,,,,,,,
2026-05-10T23:38:19.454,PAYTM,1187.1,-0.86,,1123.63,1127.38,1306.54,,,103.41,137.4,,,i.t,miscellaneous,,0.57,-0.17,-0.08,-0.14,-0.07,3.29,9.0,3.68,,,2026-05-10,1223.0,1184.1,7.72,7.72,101.51,43.64,3.13,3.13,2.33,117.04,75979.82,1.61,0.76,2.54,6.87,640045681,640045681,,,,,,,,,,,,,,,,,,
2026-05-10T23:38:19.454,JBMA,649.9,4.12,,612.68,628.27,693.15,,,69.73,72.78,,,auto,auto ancillaries,,-2.49,-0.06,-0.02,-0.12,-0.06,7.71,6.36,3.54,,,2026-05-10,663.5,616.0,7.71,7.71,75.04,23.0,3.65,3.65,3.26,105.26,15369.76,2.12,1.24,3.69,147.41,76785978,236494264,,,,,,,,,,,,,,,,,,
2026-05-10T23:38:19.454,IFCI,64.45,0.89,,60.53,60.46,72.43,,,322.25,96.19,,,financials,finance - term-lending institutions,,2.08,0.1,0.14,0.04,0.13,3.53,9.63,3.95,,,2026-05-10,66.0,63.75,7.67,7.67,7.64,2.55,4.16,4.16,3.0,229.96,17364.86,2.19,1.46,3.41,27.49,739037235,2694314331,,,,,,,,,,,,,,,,,,
2026-05-10T23:38:19.454,ABCAPITAL,362.95,-1.64,,344.92,353.45,381.95,,,21.05,25.2,,,financials,finance & investments,,5.53,0.02,0.24,0.02,0.26,2.35,0.44,3.22,,,2026-05-10,369.85,361.35,2.35,2.35,30.55,11.69,3.03,3.03,2.61,40.39,95078.6,2.28,1.62,2.85,13.68,824806142,2619606094,,,,,,,,,,,,,,,,,,
2026-05-10T23:38:19.454,NAVINFLUOR,7041.5,-0.61,,6718.58,6788.29,7547.92,,,42.43,54.02,,,chemicals,chemicals,,5.5,0.07,0.36,0.07,0.37,1.42,0.91,2.8,,,2026-05-10,7095.5,6996.5,1.57,1.57,681.85,196.85,3.14,3.14,3.46,71.07,36086.68,4.22,3.43,3.84,22.86,37356850,51248574,,,,,,,,,,,,,,,,,,
2026-05-10T23:38:19.454,DELHIVERY,479.1,-0.55,,457.28,463.84,509.61,,,225.99,234.85,,,transportation,miscellaneous,,2.1,-0.0,-0.02,-0.09,-0.01,2.45,4.17,2.94,,,2026-05-10,487.5,475.85,3.2,3.2,38.03,14.11,3.06,3.06,2.7,111.21,35865.81,4.49,4.16,2.93,23.04,748608108,748608108,,,,,,,,,,,,,,,,,,
2026-05-10T23:38:19.454,WAAREEENER,3230.1,0.11,,3059.24,3270.55,3149.19,,,21.88,25.01,,,industrials,electric equipment,,-4.27,-0.12,-0.01,-0.12,-0.01,2.25,1.38,3.31,,,2026-05-10,3292.8,3220.3,3.15,3.15,153.81,107.04,3.01,3.01,1.44,56.12,92914.26,5.68,5.51,1.51,9.16,103009322,287651335,,,,,,,,,,,,,,,,,,
2026-05-10T23:38:19.454,JSWENERGY,571.2,-0.82,,545.27,571.97,569.67,,,59.25,43.77,,,power & utilities,power generation and supply,,0.18,0.02,0.04,-0.0,0.05,2.57,1.76,2.78,,,2026-05-10,577.8,563.3,2.57,2.57,56.7,15.88,3.37,3.37,3.57,70.13,100376.53,5.97,5.95,3.96,49.73,537472638,1757292260,,,,,,,,,,,,,,,,,,
2026-05-10T23:38:19.454,VEDL,296.45,-2.93,,278.78,287.25,314.85,,,4.32,6.66,,,metals & mining,mining / minerals / metals,,8.44,0.5,0.78,0.52,0.83,3.55,0.19,4.68,,,2026-05-10,306.4,295.9,3.55,3.55,33.48,13.89,3.98,3.98,2.41,65.81,115923.45,6.23,5.51,2.72,3.96,1705520308,3910388057,,,,,,,,,,,,,,,,,,
2026-05-10T23:38:19.454,J&KBANK,141.76,1.53,,133.54,133.28,158.72,,,4.89,6.62,,,bank,banks - private sector,,4.8,0.27,0.31,0.21,0.3,2.45,9.38,4.02,,,2026-05-10,142.51,139.1,3.58,3.58,19.21,5.7,3.97,3.97,3.37,71.92,15610.36,9.74,8.16,3.9,46.7,447084183,1101182463,,,,,,,,,,,,,,,,,,
2026-05-09T22:40:07.029,M&MFIN,339.1,3.24,,318.67,308.36,400.58,,,12.56,16.3,,,financials,finance & investments,,6.84,0.0,0.23,-0.06,0.19,5.31,9.63,4.19,,,2026-05-09,341.0,323.8,5.59,5.59,16.59,14.19,3.67,3.67,1.17,123.79,47133.92,-2.04,-3.18,1.23,107.79,660388561,1389971160,,,,,,,,,,,,,,,,,,
2026-05-09T22:40:07.029,UNOMINDA,1178.9,2.9,,1119.74,1119.11,1298.47,,,61.4,59.63,,,auto,auto ancillaries,,-0.1,-0.12,-0.08,-0.16,-0.1,4.23,8.5,3.3,,,2026-05-09,1189.7,1141.4,6.65,6.65,75.7,38.93,3.36,3.36,1.94,110.17,68072.26,1.13,0.03,2.08,96.32,182660981,577421816,,,,,,,,,,,,,,,,,,
2026-05-09T22:40:07.029,CARTRADE,1954.9,1.72,,1801.11,1651.3,2562.11,,,36.2,41.78,,,consumer discretionary,miscellaneous,,11.21,-0.37,-0.22,-0.4,-0.24,4.99,18.8,5.9,,,2026-05-09,2012.2,1916.6,11.09,11.09,197.68,115.39,5.6,5.6,1.71,272.69,9359.68,1.48,-1.39,1.91,33.19,47878035,47878035,,,,,,,,,,,,,,,,,,
2026-05-09T22:40:07.029,IDEA,11.24,0.09,,10.63,10.44,12.83,,,-5.73,-4.26,,,telecom-service,telecommunications - service provider,,10.49,0.12,0.6,0.09,0.6,3.91,3.02,3.96,,,2026-05-09,11.44,11.01,3.91,3.91,1.49,0.45,3.42,3.42,3.35,108.96,121777.57,1.59,-0.83,3.86,51.72,80561956458,108343035001,,,,,,,,,,,,,,,,,,
2026-05-09T22:40:07.029,PAYTM,1187.1,-0.86,,1123.63,1127.38,1306.54,,,103.41,137.4,,,i.t,miscellaneous,,0.57,-0.17,-0.08,-0.14,-0.07,3.29,9.0,3.68,,,2026-05-09,1223.0,1184.1,7.72,7.72,101.51,43.64,3.13,3.13,2.33,117.04,75979.82,1.61,0.76,2.54,6.87,640045681,640045681,,,,,,,,,,,,,,,,,,
2026-05-09T22:40:07.029,JBMA,649.9,4.12,,612.68,628.27,693.15,,,69.73,72.78,,,auto,auto ancillaries,,-2.49,-0.06,-0.02,-0.12,-0.06,7.71,6.36,3.54,,,2026-05-09,663.5,616.0,7.71,7.71,75.04,23.0,3.65,3.65,3.26,105.26,15369.76,2.12,1.24,3.69,147.41,76785978,236494264,,,,,,,,,,,,,,,,,,
2026-05-09T22:40:07.029,IFCI,64.45,0.89,,60.53,60.46,72.43,,,322.25,96.19,,,financials,finance - term-lending institutions,,2.08,0.1,0.14,0.04,0.13,3.53,9.63,3.95,,,2026-05-09,66.0,63.75,7.67,7.67,7.64,2.55,4.16,4.16,3.0,229.96,17364.86,2.19,1.46,3.41,27.49,739037235,2694314331,,,,,,,,,,,,,,,,,,
2026-05-09T22:40:07.029,ABCAPITAL,362.95,-1.64,,344.92,353.45,381.95,,,21.05,25.2,,,financials,finance & investments,,5.53,0.02,0.24,0.02,0.26,2.35,0.44,3.22,,,2026-05-09,369.85,361.35,2.35,2.35,30.55,11.69,3.03,3.03,2.61,40.39,95078.6,2.28,1.62,2.85,13.68,824806142,2619606094,,,,,,,,,,,,,,,,,,
2026-05-09T22:40:07.029,NAVINFLUOR,7041.5,-0.61,,6718.58,6788.29,7547.92,,,42.43,54.02,,,chemicals,chemicals,,5.5,0.07,0.36,0.07,0.37,1.42,0.91,2.8,,,2026-05-09,7095.5,6996.5,1.57,1.57,681.85,196.85,3.14,3.14,3.46,71.07,36086.68,4.22,3.43,3.84,22.86,37356850,51248574,,,,,,,,,,,,,,,,,,
2026-05-09T22:40:07.029,DELHIVERY,479.1,-0.55,,457.28,463.84,509.61,,,225.99,234.85,,,transportation,miscellaneous,,2.1,-0.0,-0.02,-0.09,-0.01,2.45,4.17,2.94,,,2026-05-09,487.5,475.85,3.2,3.2,38.03,14.11,3.06,3.06,2.7,111.21,35865.81,4.49,4.16,2.93,23.04,748608108,748608108,,,,,,,,,,,,,,,,,,
2026-05-09T22:40:07.029,WAAREEENER,3230.1,0.11,,3059.24,3270.55,3149.19,,,21.88,25.01,,,industrials,electric equipment,,-4.27,-0.12,-0.01,-0.12,-0.01,2.25,1.38,3.31,,,2026-05-09,3292.8,3220.3,3.15,3.15,153.81,107.04,3.01,3.01,1.44,56.12,92914.26,5.68,5.51,1.51,9.16,103009322,287651335,,,,,,,,,,,,,,,,,,
2026-05-09T22:40:07.029,JSWENERGY,571.2,-0.82,,545.27,571.97,569.67,,,59.25,43.77,,,power & utilities,power generation and supply,,0.18,0.02,0.04,-0.0,0.05,2.57,1.76,2.78,,,2026-05-09,577.8,563.3,2.57,2.57,56.7,15.88,3.37,3.37,3.57,70.13,100376.53,5.97,5.95,3.96,49.73,537472638,1757292260,,,,,,,,,,,,,,,,,,
2026-05-09T22:40:07.029,VEDL,296.45,-2.93,,278.78,287.25,314.85,,,4.32,6.66,,,metals & mining,mining / minerals / metals,,8.44,0.5,0.78,0.52,0.83,3.55,0.19,4.68,,,2026-05-09,306.4,295.9,3.55,3.55,33.48,13.89,3.98,3.98,2.41,65.81,115923.45,6.23,5.51,2.72,3.96,1705520308,3910388057,,,,,,,,,,,,,,,,,,
2026-05-09T22:40:07.029,J&KBANK,141.76,1.53,,133.54,133.28,158.72,,,4.89,6.62,,,bank,banks - private sector,,4.8,0.27,0.31,0.21,0.3,2.45,9.38,4.02,,,2026-05-09,142.51,139.1,3.58,3.58,19.21,5.7,3.97,3.97,3.37,71.92,15610.36,9.74,8.16,3.9,46.7,447084183,1101182463,,,,,,,,,,,,,,,,,,
2026-05-08T21:53:47.549,M&MFIN,339.1,3.24,,318.67,308.36,400.58,,,12.56,15.79,,,financials,finance & investments,,6.84,0.0,0.23,-0.06,0.19,5.31,9.63,4.19,,,2026-05-08,341.0,323.8,5.59,5.59,16.59,14.19,3.67,3.67,1.17,123.79,45653.6,-2.04,-3.18,1.23,107.79,660388561,1389971160,,,,,,,,,,,,,,,,,,
2026-05-08T21:53:47.549,UNOMINDA,1178.9,2.9,,1119.74,1119.11,1298.47,,,61.4,57.95,,,auto,auto ancillaries,,-0.1,-0.12,-0.08,-0.16,-0.1,4.23,8.5,3.3,,,2026-05-08,1189.7,1141.4,6.65,6.65,75.7,38.93,3.36,3.36,1.94,110.17,66155.22,1.13,0.03,2.08,96.32,182660981,577421816,,,,,,,,,,,,,,,,,,
2026-05-08T21:53:47.549,CARTRADE,1954.9,1.72,,1801.11,1651.3,2562.11,,,41.77,45.64,,,consumer discretionary,miscellaneous,,11.21,-0.37,-0.22,-0.4,-0.24,4.99,18.8,5.9,,,2026-05-08,2012.2,1916.6,11.09,11.09,197.68,115.39,5.6,5.6,1.71,272.69,9201.2,1.48,-1.39,1.91,33.19,47878035,47878035,,,,,,,,,,,,,,,,,,
2026-05-08T21:53:47.549,IDEA,11.24,0.09,,10.63,10.44,12.83,,,-5.73,-4.25,,,telecom-service,telecommunications - service provider,,10.49,0.12,0.6,0.09,0.6,3.91,3.02,3.96,,,2026-05-08,11.44,11.01,3.91,3.91,1.49,0.45,3.42,3.42,3.35,108.96,121669.23,1.59,-0.83,3.86,51.72,80561956458,108343035001,,,,,,,,,,,,,,,,,,
2026-05-08T21:53:47.549,PAYTM,1187.1,-0.86,,1123.63,1127.38,1306.54,,,84.31,-443.48,,,i.t,miscellaneous,,0.57,-0.17,-0.08,-0.14,-0.07,3.29,9.0,3.68,,,2026-05-08,1223.0,1184.1,7.72,7.72,101.51,43.64,3.13,3.13,2.33,117.04,76639.07,1.61,0.76,2.54,6.87,640045681,640045681,,,,,,,,,,,,,,,,,,
2026-05-08T21:53:47.549,JBMA,649.9,4.12,,612.68,628.27,693.15,,,69.73,69.9,,,auto,auto ancillaries,,-2.49,-0.06,-0.02,-0.12,-0.06,7.71,6.36,3.54,,,2026-05-08,663.5,616.0,7.71,7.71,75.04,23.0,3.65,3.65,3.26,105.26,14761.97,2.12,1.24,3.69,147.41,76785978,236494264,,,,,,,,,,,,,,,,,,
2026-05-08T21:53:47.549,IFCI,64.45,0.89,,60.53,60.46,72.43,,,322.25,95.34,,,financials,finance - term-lending institutions,,2.08,0.1,0.14,0.04,0.13,3.53,9.63,3.95,,,2026-05-08,66.0,63.75,7.67,7.67,7.64,2.55,4.16,4.16,3.0,229.96,17211.28,2.19,1.46,3.41,27.49,739037235,2694314331,,,,,,,,,,,,,,,,,,
2026-05-08T21:53:47.549,ABCAPITAL,362.95,-1.64,,344.92,353.45,381.95,,,21.05,25.63,,,financials,finance & investments,,5.53,0.02,0.24,0.02,0.26,2.35,0.44,3.22,,,2026-05-08,369.85,361.35,2.35,2.35,30.55,11.69,3.03,3.03,2.61,40.39,96663.46,2.28,1.62,2.85,13.68,824806142,2619606094,,,,,,,,,,,,,,,,,,
2026-05-08T21:53:47.549,NAVINFLUOR,7041.5,-0.61,,6718.58,6788.29,7547.92,,,42.43,54.35,,,chemicals,chemicals,,5.5,0.07,0.36,0.07,0.37,1.42,0.91,2.8,,,2026-05-08,7095.5,6996.5,1.57,1.57,681.85,196.85,3.14,3.14,3.46,71.07,36309.61,4.22,3.43,3.84,22.86,37356850,51248574,,,,,,,,,,,,,,,,,,
2026-05-08T21:53:47.549,DELHIVERY,479.1,-0.55,,457.28,463.84,509.61,,,225.99,236.15,,,transportation,miscellaneous,,2.1,-0.0,-0.02,-0.09,-0.01,2.45,4.17,2.94,,,2026-05-08,487.5,475.85,3.2,3.2,38.03,14.11,3.06,3.06,2.7,111.21,36064.2,4.49,4.16,2.93,23.04,748608108,748608108,,,,,,,,,,,,,,,,,,
2026-05-08T21:53:47.549,WAAREEENER,3230.1,0.11,,3059.24,3270.55,3149.19,,,21.88,24.99,,,industrials,electric equipment,,-4.27,-0.12,-0.01,-0.12,-0.01,2.25,1.38,3.31,,,2026-05-08,3292.8,3220.3,3.15,3.15,153.81,107.04,3.01,3.01,1.44,56.12,92813.58,5.68,5.51,1.51,9.16,103009322,287651335,,,,,,,,,,,,,,,,,,
2026-05-08T21:53:47.549,JSWENERGY,571.2,-0.82,,545.27,571.97,569.67,,,59.25,44.13,,,power & utilities,power generation and supply,,0.18,0.02,0.04,-0.0,0.05,2.57,1.76,2.78,,,2026-05-08,577.8,563.3,2.57,2.57,56.7,15.88,3.37,3.37,3.57,70.13,101202.46,5.97,5.95,3.96,49.73,537472638,1757292260,,,,,,,,,,,,,,,,,,
2026-05-08T21:53:47.549,VEDL,296.45,-2.93,,278.78,287.25,314.85,,,4.32,6.86,,,metals & mining,mining / minerals / metals,,8.44,0.5,0.78,0.52,0.83,3.55,0.19,4.68,,,2026-05-08,306.4,295.9,3.55,3.55,33.48,13.89,3.98,3.98,2.41,65.81,119423.25,6.23,5.51,2.72,3.96,1705520308,3910388057,,,,,,,,,,,,,,,,,,
2026-05-08T21:53:47.549,J&KBANK,141.76,1.53,,133.54,133.28,158.72,,,4.89,6.52,,,bank,banks - private sector,,4.8,0.27,0.31,0.21,0.3,2.45,9.38,4.02,,,2026-05-08,142.51,139.1,3.58,3.58,19.21,5.7,3.97,3.97,3.37,71.92,15375.81,9.74,8.16,3.9,46.7,447084183,1101182463,,,,,,,,,,,,,,,,,,
2026-04-20T08:52:24.89,PAYTM,1161.65,1.11,,1095.65,1064.34,1356.26,,,82.5,-430.24,,,i.t,miscellaneous,,9.0,-0.16,0.05,-0.16,0.04,1.73,3.33,3.62,,,2026-04-20,1165.0,1145.15,3.63,3.63,67.43,42.0,3.87,3.87,1.61,62.54,74350.91,0.25,-0.39,1.7,39.28,640045681,640045681,,,,,,,,,,,,,,,,,,
2026-04-20T08:52:24.89,HBLENGINE,786.5,0.42,,738.61,708.14,943.21,,,24.73,27.38,,,auto,auto ancillaries,,14.15,-0.19,0.31,-0.22,0.3,2.17,3.34,3.97,,,2026-04-20,794.9,778.0,3.0,3.0,77.4,31.24,4.17,4.17,2.48,80.58,21801.38,0.64,0.37,2.75,27.21,113342637,277194946,,,,,,,,,,,,,,,,,,
2026-04-20T08:52:24.89,GMRAIRPORT,96.85,0.1,,91.56,91.23,108.1,,,201.77,-276.71,,,miscellaneous,miscellaneous,,8.53,-0.01,0.04,-0.0,0.04,2.22,1.1,3.6,,,2026-04-20,97.93,95.8,2.22,2.22,1.97,3.48,3.53,3.53,0.56,75.16,102263.68,2.0,1.36,0.58,30.14,3564696146,10558975952,,,,,,,,,,,,,,,,,,
2026-04-20T08:52:24.89,FORTIS,890.2,1.87,,847.98,814.15,1042.29,,,86.6,69.98,,,healthcare,healthcare,,8.39,-0.25,0.02,-0.26,0.0,3.52,4.06,3.23,,,2026-04-20,897.55,867.0,4.25,4.25,20.46,28.76,3.36,3.36,0.71,56.06,67206.37,3.16,2.54,0.73,80.67,519662253,754958148,,,,,,,,,,,,,,,,,,
2026-04-20T08:52:24.89,VOLTAS,1440.1,2.22,,1355.0,1240.47,1839.37,,,140.09,95.18,,,consumer discretionary,air-conditioners,,15.34,-0.06,0.04,-0.07,0.02,3.9,4.29,4.02,,,2026-04-20,1447.8,1393.5,4.37,4.37,22.42,57.87,4.23,4.23,0.39,113.16,47650.71,3.3,2.33,0.39,80.53,230631260,330884740,,,,,,,,,,,,,,,,,,
2026-04-20T08:52:24.89,ADANIPORTS,1573.4,1.52,,1499.52,1415.83,1888.53,,,28.02,27.26,,,transportation,miscellaneous,,10.5,-0.0,0.09,-0.01,0.08,1.89,6.25,3.13,,,2026-04-20,1578.5,1549.2,4.54,4.54,109.69,49.26,3.01,3.01,2.23,189.48,362504.92,3.88,2.45,2.39,49.13,736762860,2303959098,,,,,,,,,,,,,,,,,,
2026-04-20T08:52:24.89,TATAINVEST,712.65,0.38,,670.31,625.65,886.66,,,119.57,17.47,,,financials,finance & investments,,19.1,-0.3,0.02,-0.37,0.02,1.74,1.38,4.24,,,2026-04-20,717.3,705.0,2.04,2.04,77.49,30.18,4.12,4.12,2.57,38.79,36056.74,4.01,1.92,2.88,25.34,134663490,505952960,,,,,,,,,,,,,,,,,,
2026-04-20T08:52:24.89,NMDC,89.78,3.01,,85.71,82.44,104.47,,,11.22,11.44,,,metals & mining,mining / minerals / metals,,7.19,0.08,0.2,0.05,0.17,3.31,4.58,3.02,,,2026-04-20,90.15,87.26,5.01,5.01,8.69,2.71,3.05,3.05,3.21,152.95,78932.94,4.25,4.13,3.55,93.06,3446916837,8791817550,,,,,,,,,,,,,,,,,,
2026-04-20T08:52:24.89,HEG,633.0,0.98,,593.72,561.95,775.11,,,14.76,32.03,,,industrials,electrodes - graphites,,9.42,0.14,0.15,0.11,0.14,2.91,10.66,4.27,,,2026-04-20,646.25,628.0,9.53,9.53,91.0,27.05,4.55,4.55,3.36,121.06,12215.48,4.68,3.07,3.93,18.49,84368660,192977530,,,,,,,,,,,,,,,,,,
2026-04-20T08:52:24.89,JSWENERGY,538.05,0.39,,510.56,491.02,632.11,,,55.81,41.23,,,power & utilities,power generation and supply,,7.96,-0.09,-0.01,-0.09,-0.02,1.22,3.79,3.57,,,2026-04-20,540.7,534.2,4.07,4.07,47.58,19.2,3.4,3.4,2.48,112.14,94038.68,5.87,4.97,2.72,20.06,537172638,1747768451,,,,,,,,,,,,,,,,,,
2026-04-20T08:52:24.89,TORNTPOWER,1565.0,2.85,,1489.88,1393.23,1908.54,,,30.66,24.97,,,power & utilities,power generation and supply,,11.43,0.1,0.13,0.08,0.1,3.29,5.6,3.03,,,2026-04-20,1570.6,1520.6,4.15,4.15,111.09,47.35,3.31,3.31,2.35,138.24,78860.9,6.67,6.43,2.53,93.78,246460225,503903543,,,,,,,,,,,,,,,,,,
2026-04-20T08:52:24.89,KEI,4839.3,4.13,,4564.98,4219.88,6078.14,,,49.24,53.73,,,industrials,cables - power,,12.72,0.01,0.2,-0.03,0.15,5.0,6.71,3.83,,,2026-04-20,4866.2,4634.5,6.09,6.09,347.7,185.34,3.73,3.73,1.88,113.44,46264.0,6.75,5.65,2.02,110.5,62139603,95600595,,,,,,,,,,,,,,,,,,
2026-04-20T08:52:24.89,AMBER,7958.5,3.16,,7496.55,6714.72,10446.05,,,-256.73,166.25,,,consumer discretionary,air-conditioners,,18.05,-0.1,-0.04,-0.14,-0.07,3.61,9.58,3.97,,,2026-04-20,7992.5,7714.0,6.07,6.07,800.55,316.13,4.08,4.08,2.53,103.43,27991.67,7.23,6.58,2.82,77.34,21738805,35172042,,,,,,,,,,,,,,,,,,
2026-04-20T08:52:24.89,TATAPOWER,427.6,0.23,,409.63,395.09,492.61,,,44.36,36.05,,,power & utilities,power generation and supply,,7.59,-0.01,0.03,-0.0,0.03,1.74,4.29,2.9,,,2026-04-20,432.0,424.6,3.8,3.8,42.9,12.39,3.15,3.15,3.46,100.45,136632.72,7.49,7.12,3.85,24.22,1698081982,3195339547,,,,,,,,,,,,,,,,,,
2026-04-19T23:22:05.578,PAYTM,1161.65,1.11,,1095.65,1064.34,1356.26,,,82.5,-430.24,,,i.t,miscellaneous,,9.0,-0.16,0.05,-0.16,0.04,1.73,3.33,3.62,,,2026-04-19,1165.0,1145.15,3.63,3.63,67.43,42.0,3.87,3.87,1.61,62.54,74350.91,0.25,-0.39,1.7,39.28,640045681,640045681,,,,,,,,,,,,,,,,,,
2026-04-19T23:22:05.578,HBLENGINE,786.5,0.42,,738.61,708.14,943.21,,,24.73,27.38,,,auto,auto ancillaries,,14.15,-0.19,0.31,-0.22,0.3,2.17,3.34,3.97,,,2026-04-19,794.9,778.0,3.0,3.0,77.4,31.24,4.17,4.17,2.48,80.58,21801.38,0.64,0.37,2.75,27.21,113342637,277194946,,,,,,,,,,,,,,,,,,
2026-04-19T23:22:05.578,GMRAIRPORT,96.85,0.1,,91.56,91.23,108.1,,,201.77,-276.71,,,miscellaneous,miscellaneous,,8.53,-0.01,0.04,-0.0,0.04,2.22,1.1,3.6,,,2026-04-19,97.93,95.8,2.22,2.22,1.97,3.48,3.53,3.53,0.56,75.16,102263.68,2.0,1.36,0.58,30.14,3564696146,10558975952,,,,,,,,,,,,,,,,,,
2026-04-19T23:22:05.578,FORTIS,890.2,1.87,,847.98,814.15,1042.29,,,86.6,69.98,,,healthcare,healthcare,,8.39,-0.25,0.02,-0.26,0.0,3.52,4.06,3.23,,,2026-04-19,897.55,867.0,4.25,4.25,20.46,28.76,3.36,3.36,0.71,56.06,67206.37,3.16,2.54,0.73,80.67,519662253,754958148,,,,,,,,,,,,,,,,,,
2026-04-19T23:22:05.578,VOLTAS,1440.1,2.22,,1355.0,1240.47,1839.37,,,140.09,95.18,,,consumer discretionary,air-conditioners,,15.34,-0.06,0.04,-0.07,0.02,3.9,4.29,4.02,,,2026-04-19,1447.8,1393.5,4.37,4.37,22.42,57.87,4.23,4.23,0.39,113.16,47650.71,3.3,2.33,0.39,80.53,230631260,330884740,,,,,,,,,,,,,,,,,,
2026-04-19T23:22:05.578,ADANIPORTS,1573.4,1.52,,1499.52,1415.83,1888.53,,,28.02,27.26,,,transportation,miscellaneous,,10.5,-0.0,0.09,-0.01,0.08,1.89,6.25,3.13,,,2026-04-19,1578.5,1549.2,4.54,4.54,109.69,49.26,3.01,3.01,2.23,189.48,362504.92,3.88,2.45,2.39,49.13,736762860,2303959098,,,,,,,,,,,,,,,,,,
2026-04-19T23:22:05.578,TATAINVEST,712.65,0.38,,670.31,625.65,886.66,,,119.57,17.47,,,financials,finance & investments,,19.1,-0.3,0.02,-0.37,0.02,1.74,1.38,4.24,,,2026-04-19,717.3,705.0,2.04,2.04,77.49,30.18,4.12,4.12,2.57,38.79,36056.74,4.01,1.92,2.88,25.34,134663490,505952960,,,,,,,,,,,,,,,,,,
2026-04-19T23:22:05.578,NMDC,89.78,3.01,,85.71,82.44,104.47,,,11.22,11.44,,,metals & mining,mining / minerals / metals,,7.19,0.08,0.2,0.05,0.17,3.31,4.58,3.02,,,2026-04-19,90.15,87.26,5.01,5.01,8.69,2.71,3.05,3.05,3.21,152.95,78932.94,4.25,4.13,3.55,93.06,3446916837,8791817550,,,,,,,,,,,,,,,,,,
2026-04-19T23:22:05.578,HEG,633.0,0.98,,593.72,561.95,775.11,,,14.76,32.03,,,industrials,electrodes - graphites,,9.42,0.14,0.15,0.11,0.14,2.91,10.66,4.27,,,2026-04-19,646.25,628.0,9.53,9.53,91.0,27.05,4.55,4.55,3.36,121.06,12215.48,4.68,3.07,3.93,18.49,84368660,192977530,,,,,,,,,,,,,,,,,,
2026-04-19T23:22:05.578,JSWENERGY,538.05,0.39,,510.56,491.02,632.11,,,55.81,41.23,,,power & utilities,power generation and supply,,7.96,-0.09,-0.01,-0.09,-0.02,1.22,3.79,3.57,,,2026-04-19,540.7,534.2,4.07,4.07,47.58,19.2,3.4,3.4,2.48,112.14,94038.68,5.87,4.97,2.72,20.06,537172638,1747768451,,,,,,,,,,,,,,,,,,
2026-04-19T23:22:05.578,TORNTPOWER,1565.0,2.85,,1489.88,1393.23,1908.54,,,30.66,24.97,,,power & utilities,power generation and supply,,11.43,0.1,0.13,0.08,0.1,3.29,5.6,3.03,,,2026-04-19,1570.6,1520.6,4.15,4.15,111.09,47.35,3.31,3.31,2.35,138.24,78860.9,6.67,6.43,2.53,93.78,246460225,503903543,,,,,,,,,,,,,,,,,,
2026-04-19T23:22:05.578,KEI,4839.3,4.13,,4564.98,4219.88,6078.14,,,49.24,53.73,,,industrials,cables - power,,12.72,0.01,0.2,-0.03,0.15,5.0,6.71,3.83,,,2026-04-19,4866.2,4634.5,6.09,6.09,347.7,185.34,3.73,3.73,1.88,113.44,46264.0,6.75,5.65,2.02,110.5,62139603,95600595,,,,,,,,,,,,,,,,,,
2026-04-19T23:22:05.578,AMBER,7958.5,3.16,,7496.55,6714.72,10446.05,,,-256.73,166.25,,,consumer discretionary,air-conditioners,,18.05,-0.1,-0.04,-0.14,-0.07,3.61,9.58,3.97,,,2026-04-19,7992.5,7714.0,6.07,6.07,800.55,316.13,4.08,4.08,2.53,103.43,27991.67,7.23,6.58,2.82,77.34,21738805,35172042,,,,,,,,,,,,,,,,,,
2026-04-19T23:22:05.578,TATAPOWER,427.6,0.23,,409.63,395.09,492.61,,,44.36,36.05,,,power & utilities,power generation and supply,,7.59,-0.01,0.03,-0.0,0.03,1.74,4.29,2.9,,,2026-04-19,432.0,424.6,3.8,3.8,42.9,12.39,3.15,3.15,3.46,100.45,136632.72,7.49,7.12,3.85,24.22,1698081982,3195339547,,,,,,,,,,,,,,,,,,
2026-04-18T23:21:55.611,PAYTM,1161.65,1.11,,1095.65,1064.34,1356.26,,,82.5,-430.24,,,i.t,miscellaneous,,9.0,-0.16,0.05,-0.16,0.04,1.73,3.33,3.62,,,2026-04-18,1165.0,1145.15,3.63,3.63,67.43,42.0,3.87,3.87,1.61,62.54,74350.91,0.25,-0.39,1.7,39.28,640045681,640045681,,,,,,,,,,,,,,,,,,
2026-04-18T23:21:55.611,HBLENGINE,786.5,0.42,,738.61,708.14,943.21,,,24.73,27.38,,,auto,auto ancillaries,,14.15,-0.19,0.31,-0.22,0.3,2.17,3.34,3.97,,,2026-04-18,794.9,778.0,3.0,3.0,77.4,31.24,4.17,4.17,2.48,80.58,21801.38,0.64,0.37,2.75,27.21,113342637,277194946,,,,,,,,,,,,,,,,,,
2026-04-18T23:21:55.611,GMRAIRPORT,96.85,0.1,,91.56,91.23,108.1,,,201.77,-276.71,,,miscellaneous,miscellaneous,,8.53,-0.01,0.04,-0.0,0.04,2.22,1.1,3.6,,,2026-04-18,97.93,95.8,2.22,2.22,1.97,3.48,3.53,3.53,0.56,75.16,102263.68,2.0,1.36,0.58,30.14,3564696146,10558975952,,,,,,,,,,,,,,,,,,
2026-04-18T23:21:55.611,FORTIS,890.2,1.87,,847.98,814.15,1042.29,,,86.6,69.98,,,healthcare,healthcare,,8.39,-0.25,0.02,-0.26,0.0,3.52,4.06,3.23,,,2026-04-18,897.55,867.0,4.25,4.25,20.46,28.76,3.36,3.36,0.71,56.06,67206.37,3.16,2.54,0.73,80.67,519662253,754958148,,,,,,,,,,,,,,,,,,
2026-04-18T23:21:55.611,VOLTAS,1440.1,2.22,,1355.0,1240.47,1839.37,,,140.09,95.18,,,consumer discretionary,air-conditioners,,15.34,-0.06,0.04,-0.07,0.02,3.9,4.29,4.02,,,2026-04-18,1447.8,1393.5,4.37,4.37,22.42,57.87,4.23,4.23,0.39,113.16,47650.71,3.3,2.33,0.39,80.53,230631260,330884740,,,,,,,,,,,,,,,,,,
2026-04-18T23:21:55.611,ADANIPORTS,1573.4,1.52,,1499.52,1415.83,1888.53,,,28.02,27.26,,,transportation,miscellaneous,,10.5,-0.0,0.09,-0.01,0.08,1.89,6.25,3.13,,,2026-04-18,1578.5,1549.2,4.54,4.54,109.69,49.26,3.01,3.01,2.23,189.48,362504.92,3.88,2.45,2.39,49.13,736762860,2303959098,,,,,,,,,,,,,,,,,,
2026-04-18T23:21:55.611,TATAINVEST,712.65,0.38,,670.31,625.65,886.66,,,119.57,17.47,,,financials,finance & investments,,19.1,-0.3,0.02,-0.37,0.02,1.74,1.38,4.24,,,2026-04-18,717.3,705.0,2.04,2.04,77.49,30.18,4.12,4.12,2.57,38.79,36056.74,4.01,1.92,2.88,25.34,134663490,505952960,,,,,,,,,,,,,,,,,,
2026-04-18T23:21:55.611,NMDC,89.78,3.01,,85.71,82.44,104.47,,,11.22,11.44,,,metals & mining,mining / minerals / metals,,7.19,0.08,0.2,0.05,0.17,3.31,4.58,3.02,,,2026-04-18,90.15,87.26,5.01,5.01,8.69,2.71,3.05,3.05,3.21,152.95,78932.94,4.25,4.13,3.55,93.06,3446916837,8791817550,,,,,,,,,,,,,,,,,,
2026-04-18T23:21:55.611,HEG,633.0,0.98,,593.72,561.95,775.11,,,14.76,32.03,,,industrials,electrodes - graphites,,9.42,0.14,0.15,0.11,0.14,2.91,10.66,4.27,,,2026-04-18,646.25,628.0,9.53,9.53,91.0,27.05,4.55,4.55,3.36,121.06,12215.48,4.68,3.07,3.93,18.49,84368660,192977530,,,,,,,,,,,,,,,,,,
2026-04-18T23:21:55.611,JSWENERGY,538.05,0.39,,510.56,491.02,632.11,,,55.81,41.23,,,power & utilities,power generation and supply,,7.96,-0.09,-0.01,-0.09,-0.02,1.22,3.79,3.57,,,2026-04-18,540.7,534.2,4.07,4.07,47.58,19.2,3.4,3.4,2.48,112.14,94038.68,5.87,4.97,2.72,20.06,537172638,1747768451,,,,,,,,,,,,,,,,,,
2026-04-18T23:21:55.611,TORNTPOWER,1565.0,2.85,,1489.88,1393.23,1908.54,,,30.66,24.97,,,power & utilities,power generation and supply,,11.43,0.1,0.13,0.08,0.1,3.29,5.6,3.03,,,2026-04-18,1570.6,1520.6,4.15,4.15,111.09,47.35,3.31,3.31,2.35,138.24,78860.9,6.67,6.43,2.53,93.78,246460225,503903543,,,,,,,,,,,,,,,,,,
2026-04-18T23:21:55.611,KEI,4839.3,4.13,,4564.98,4219.88,6078.14,,,49.24,53.73,,,industrials,cables - power,,12.72,0.01,0.2,-0.03,0.15,5.0,6.71,3.83,,,2026-04-18,4866.2,4634.5,6.09,6.09,347.7,185.34,3.73,3.73,1.88,113.44,46264.0,6.75,5.65,2.02,110.5,62139603,95600595,,,,,,,,,,,,,,,,,,
2026-04-18T23:21:55.611,AMBER,7958.5,3.16,,7496.55,6714.72,10446.05,,,-256.73,166.25,,,consumer discretionary,air-conditioners,,18.05,-0.1,-0.04,-0.14,-0.07,3.61,9.58,3.97,,,2026-04-18,7992.5,7714.0,6.07,6.07,800.55,316.13,4.08,4.08,2.53,103.43,27991.67,7.23,6.58,2.82,77.34,21738805,35172042,,,,,,,,,,,,,,,,,,
2026-04-18T23:21:55.611,TATAPOWER,427.6,0.23,,409.63,395.09,492.61,,,44.36,36.05,,,power & utilities,power generation and supply,,7.59,-0.01,0.03,-0.0,0.03,1.74,4.29,2.9,,,2026-04-18,432.0,424.6,3.8,3.8,42.9,12.39,3.15,3.15,3.46,100.45,136632.72,7.49,7.12,3.85,24.22,1698081982,3195339547,,,,,,,,,,,,,,,,,,
2026-04-17T23:20:48.477,PAYTM,1161.65,1.11,,1095.65,1064.34,1356.26,,,82.5,-425.5,,,i.t,miscellaneous,,9.0,-0.16,0.05,-0.16,0.04,1.73,3.33,3.62,,,2026-04-17,1165.0,1145.15,3.63,3.63,67.43,42.0,3.87,3.87,1.61,62.54,73531.65,0.25,-0.39,1.7,39.28,640045681,640045681,,,,,,,,,,,,,,,,,,
2026-04-17T23:20:48.477,HBLENGINE,786.5,0.42,,738.61,708.14,943.21,,,24.73,27.26,,,auto,auto ancillaries,,14.15,-0.19,0.31,-0.22,0.3,2.17,3.34,3.97,,,2026-04-17,794.9,778.0,3.0,3.0,77.4,31.24,4.17,4.17,2.48,80.58,21711.29,0.64,0.37,2.75,27.21,113342637,277194946,,,,,,,,,,,,,,,,,,
2026-04-17T23:20:48.477,GMRAIRPORT,96.85,0.1,,91.56,91.23,108.1,,,201.77,-276.43,,,miscellaneous,miscellaneous,,8.53,-0.01,0.04,-0.0,0.04,2.22,1.1,3.6,,,2026-04-17,97.93,95.8,2.22,2.22,1.97,3.48,3.53,3.53,0.56,75.16,102158.09,2.0,1.36,0.58,30.14,3564696146,10558975952,,,,,,,,,,,,,,,,,,
2026-04-17T23:20:48.477,FORTIS,890.2,1.87,,847.98,814.15,1042.29,,,86.6,68.7,,,healthcare,healthcare,,8.39,-0.25,0.02,-0.26,0.0,3.52,4.06,3.23,,,2026-04-17,897.55,867.0,4.25,4.25,20.46,28.76,3.36,3.36,0.71,56.06,65975.79,3.16,2.54,0.73,80.67,519662253,754958148,,,,,,,,,,,,,,,,,,
2026-04-17T23:20:48.477,VOLTAS,1440.1,2.22,,1355.0,1240.47,1839.37,,,140.09,93.11,,,consumer discretionary,air-conditioners,,15.34,-0.06,0.04,-0.07,0.02,3.9,4.29,4.02,,,2026-04-17,1447.8,1393.5,4.37,4.37,22.42,57.87,4.23,4.23,0.39,113.16,46615.04,3.3,2.33,0.39,80.53,230631260,330884740,,,,,,,,,,,,,,,,,,
2026-04-17T23:20:48.477,ADANIPORTS,1573.4,1.52,,1499.52,1415.83,1888.53,,,28.02,26.85,,,transportation,miscellaneous,,10.5,-0.0,0.09,-0.01,0.08,1.89,6.25,3.13,,,2026-04-17,1578.5,1549.2,4.54,4.54,109.69,49.26,3.01,3.01,2.23,189.48,357067.58,3.88,2.45,2.39,49.13,736762860,2303959098,,,,,,,,,,,,,,,,,,
2026-04-17T23:20:48.477,TATAINVEST,712.65,0.38,,670.31,625.65,886.66,,,119.57,17.4,,,financials,finance & investments,,19.1,-0.3,0.02,-0.37,0.02,1.74,1.38,4.24,,,2026-04-17,717.3,705.0,2.04,2.04,77.49,30.18,4.12,4.12,2.57,38.79,35920.13,4.01,1.92,2.88,25.34,134663490,505952960,,,,,,,,,,,,,,,,,,
2026-04-17T23:20:48.477,NMDC,89.78,3.01,,85.71,82.44,104.47,,,11.22,11.1,,,metals & mining,mining / minerals / metals,,7.19,0.08,0.2,0.05,0.17,3.31,4.58,3.02,,,2026-04-17,90.15,87.26,5.01,5.01,8.69,2.71,3.05,3.05,3.21,152.95,76629.48,4.25,4.13,3.55,93.06,3446916837,8791817550,,,,,,,,,,,,,,,,,,
2026-04-17T23:20:48.477,HEG,633.0,0.98,,593.72,561.95,775.11,,,14.76,31.72,,,industrials,electrodes - graphites,,9.42,0.14,0.15,0.11,0.14,2.91,10.66,4.27,,,2026-04-17,646.25,628.0,9.53,9.53,91.0,27.05,4.55,4.55,3.36,121.06,12096.8,4.68,3.07,3.93,18.49,84368660,192977530,,,,,,,,,,,,,,,,,,
2026-04-17T23:20:48.477,JSWENERGY,538.05,0.39,,510.56,491.02,632.11,,,55.81,41.07,,,power & utilities,power generation and supply,,7.96,-0.09,-0.01,-0.09,-0.02,1.22,3.79,3.57,,,2026-04-17,540.7,534.2,4.07,4.07,47.58,19.2,3.4,3.4,2.48,112.14,93671.65,5.87,4.97,2.72,20.06,537172638,1747768451,,,,,,,,,,,,,,,,,,
2026-04-17T23:20:48.477,TORNTPOWER,1565.0,2.85,,1489.88,1393.23,1908.54,,,30.66,24.28,,,power & utilities,power generation and supply,,11.43,0.1,0.13,0.08,0.1,3.29,5.6,3.03,,,2026-04-17,1570.6,1520.6,4.15,4.15,111.09,47.35,3.31,3.31,2.35,138.24,76673.96,6.67,6.43,2.53,93.78,246460225,503903543,,,,,,,,,,,,,,,,,,
2026-04-17T23:20:48.477,KEI,4839.3,4.13,,4564.98,4219.88,6078.14,,,49.24,51.6,,,industrials,cables - power,,12.72,0.01,0.2,-0.03,0.15,5.0,6.71,3.83,,,2026-04-17,4866.2,4634.5,6.09,6.09,347.7,185.34,3.73,3.73,1.88,113.44,44429.42,6.75,5.65,2.02,110.5,62139603,95600595,,,,,,,,,,,,,,,,,,
2026-04-17T23:20:48.477,AMBER,7958.5,3.16,,7496.55,6714.72,10446.05,,,-256.73,161.16,,,consumer discretionary,air-conditioners,,18.05,-0.1,-0.04,-0.14,-0.07,3.61,9.58,3.97,,,2026-04-17,7992.5,7714.0,6.07,6.07,800.55,316.13,4.08,4.08,2.53,103.43,27133.47,7.23,6.58,2.82,77.34,21738805,35172042,,,,,,,,,,,,,,,,,,
2026-04-17T23:20:48.477,TATAPOWER,427.6,0.23,,409.63,395.09,492.61,,,44.36,35.97,,,power & utilities,power generation and supply,,7.59,-0.01,0.03,-0.0,0.03,1.74,4.29,2.9,,,2026-04-17,432.0,424.6,3.8,3.8,42.9,12.39,3.15,3.15,3.46,100.45,136313.19,7.49,7.12,3.85,24.22,1698081982,3195339547,,,,,,,,,,,,,,,,,,
2026-03-30T13:56:48.761,NATIONALUM,389.3,4.93,,,370.56,417.41,,1.58,11.2,11.09,56.28,,metals & mining,aluminium and aluminium products,15.3,,0.76,0.98,,,5.06,,,,,2026-03-30,,,,,,,,,,,,,,,,,,,,,,,,,,,,,368.53,347.0,109.57,353.59,332.11,27.05,
2026-03-30T13:56:48.761,WAAREEENER,3097.0,0.14,,,2971.69,3284.96,,0.41,20.95,27.17,59.48,,industrials,electric equipment,22.19,,-0.13,-0.07,,,4.22,,,,,2026-03-30,,,,,,,,,,,,,,,,,,,,,,,,,,,,,2953.72,3014.0,-8.97,2845.27,2673.77,6.45,
2026-03-30T13:56:48.761,HONASA,292.0,-2.1,,,271.16,323.26,,0.26,47.4,62.27,52.73,,services,trading,26.16,,-0.03,-0.06,,,7.68,,,,,2026-03-30,,,,,,,,,,,,,,,,,,,,,,,,,,,,,282.44,277.75,0.0,267.91,253.84,6.2,
2026-03-30T13:56:48.761,OIL,484.9,1.44,,,462.13,519.06,,0.58,16.49,13.34,55.32,,energy,oil drilling / allied services,19.42,,0.07,0.05,,,4.93,,,,,2026-03-30,,,,,,,,,,,,,,,,,,,,,,,,,,,,,468.44,461.15,24.34,448.6,428.97,5.26,
2026-03-30T13:56:48.761,NATCOPHARM,990.4,1.2,,,950.95,1049.57,,0.66,29.27,11.26,58.0,,healthcare,pharmaceuticals - indian - bulk drugs & formln,22.4,,0.15,-0.05,,,4.15,,,,,2026-03-30,,,,,,,,,,,,,,,,,,,,,,,,,,,,,941.09,924.4,14.97,913.97,874.04,4.55,
2026-03-30T13:56:48.761,ONGC,284.8,1.01,,,261.92,319.11,,1.49,8.94,9.35,65.32,,energy,oil drilling / allied services,30.46,,0.09,0.13,,,8.73,,,,,2026-03-30,,,,,,,,,,,,,,,,,,,,,,,,,,,,,276.61,263.9,22.25,268.43,259.71,4.43,
2026-03-30T13:56:48.761,IPCALAB,1600.8,0.93,,,1532.88,1702.69,,1.34,31.12,44.23,67.26,,healthcare,pharmaceuticals - indian - bulk drugs & formln,23.38,,0.12,0.05,,,4.43,,,,,2026-03-30,,,,,,,,,,,,,,,,,,,,,,,,,,,,,1522.63,1488.3,15.67,1484.14,1399.25,3.66,
2026-03-30T13:56:48.761,AUROPHARMA,1310.9,-0.25,,,1291.64,1339.79,,0.61,20.91,21.89,62.64,,healthcare,pharmaceuticals - indian - bulk drugs & formln,13.17,,0.11,0.1,,,1.49,,,,,2026-03-30,,,,,,,,,,,,,,,,,,,,,,,,,,,,,1274.0,1255.4,27.53,1240.36,1196.56,2.71,
2026-03-30T13:56:48.761,NLCINDIA,272.55,0.8,,,254.3,299.92,,1.17,13.05,13.6,59.21,,power & utilities,power generation and supply,14.03,,-0.12,0.15,,,7.17,,,,,2026-03-30,,,,,,,,,,,,,,,,,,,,,,,,,,,,,259.7,250.4,21.32,250.06,236.65,1.96,
2026-03-30T13:56:48.761,DMART,3933.7,0.78,,,3747.72,4212.67,,2.18,74.79,88.65,56.36,,consumer discretionary,trading,11.72,,-0.2,-0.06,,,4.96,,,,,2026-03-30,,,,,,,,,,,,,,,,,,,,,,,,,,,,,3799.46,3630.0,-17.26,3702.31,3549.87,-0.22,
2026-03-30T13:56:48.761,DCMSHRIRAM,1114.4,0.19,,,1027.41,1244.89,,1.14,17.52,24.84,58.84,,miscellaneous,diversified - mega,23.83,,-0.11,-0.23,,,8.47,,,,,2026-03-30,,,,,,,,,,,,,,,,,,,,,,,,,,,,,1061.34,1000.0,-10.15,1025.65,963.18,-0.67,
2026-03-30T13:56:48.761,LLOYDSME,1282.2,0.31,,,1201.09,1403.87,,0.51,16.13,27.23,56.95,,metals & mining,mining / minerals / metals,14.89,,-0.06,-0.16,,,6.75,,,,,2026-03-30,,,,,,,,,,,,,,,,,,,,,,,,,,,,,1209.71,1186.4,-0.47,1159.78,1081.77,-1.12,
2026-03-30T13:56:48.761,WELCORP,821.95,0.56,,,790.13,869.67,,1.23,11.97,11.07,53.05,,industrials,steel - large,10.34,,-0.11,-0.12,,,4.03,,,,,2026-03-30,,,,,,,,,,,,,,,,,,,,,,,,,,,,,796.64,759.0,-2.37,756.4,735.24,-1.84,
2026-03-30T13:56:48.761,BALRAMCHIN,499.7,0.5,,,480.8,528.05,,1.31,22.23,22.41,57.41,,fmcg,sugar,24.32,,0.02,-0.23,,,3.93,,,,,2026-03-30,,,,,,,,,,,,,,,,,,,,,,,,,,,,,478.73,443.0,-6.71,449.03,419.73,-1.87,
2026-03-19T15:15:04.633,CHENNPETRO,1028.55,1.32,,,955.37,1138.32,,1.85,3.82,7.03,60.42,,energy,refineries,23.07,,0.28,0.35,,,7.66,,,,,2026-03-19,,,,,,,,,,,,,,,,,,,,,,,,,,,,,976.03,870.8,56.11,881.0,798.33,20.0,
2026-03-19T15:15:04.633,GESHIP,1434.6,-0.44,,,1405.95,1477.57,,0.64,6.3,9.1,59.84,,transportation,shipping,26.94,,0.25,0.36,,,2.04,,,,,2026-03-19,,,,,,,,,,,,,,,,,,,,,,,,,,,,,1386.7,1343.7,46.12,1306.11,1228.14,14.27,
2026-03-19T15:15:04.633,SAILIFE,1006.15,-0.76,,,1001.45,1013.2,,0.38,52.73,63.68,56.67,,healthcare,pharmaceuticals - indian - bulk drugs & formln,15.04,,0.01,0.23,,,0.47,,,,,2026-03-19,,,,,,,,,,,,,,,,,,,,,,,,,,,,,975.1,938.0,10.43,927.89,883.54,10.31,
2026-03-19T15:15:04.633,WAAREEENER,3158.6,-0.82,,,2614.75,3974.37,,1.45,21.37,27.98,67.45,,industrials,electric equipment,23.31,,-0.18,0.05,,,20.8,,,,,2026-03-19,,,,,,,,,,,,,,,,,,,,,,,,,,,,,3033.1,2681.2,0.25,2852.58,2674.97,10.3,
2026-03-19T15:15:04.633,ACMESOLAR,261.02,4.96,,,234.16,301.32,,7.13,34.71,30.74,66.54,,realty,engineering - turnkey services,20.71,,-0.19,-0.01,,,11.47,,,,,2026-03-19,,,,,,,,,,,,,,,,,,,,,,,,,,,,,239.61,239.01,-9.98,230.7,219.09,6.55,
2026-03-19T15:15:04.633,COALINDIA,453.65,-0.34,,,452.2,455.83,,0.93,9.77,9.4,57.21,,metals & mining,mining / minerals / metals,24.74,,0.06,0.14,,,0.32,,,,,2026-03-19,,,,,,,,,,,,,,,,,,,,,,,,,,,,,441.64,449.2,17.94,427.99,415.09,4.64,
2026-03-19T15:15:04.633,JPPOWER,16.76,11.73,,,13.31,21.93,,12.17,NaN,20.55,67.68,,power & utilities,power generation and supply,17.4,,-0.17,-0.29,,,25.89,,,,,2026-03-19,,,,,,,,,,,,,,,,,,,,,,,,,,,,,14.26,13.4,-10.5,14.21,12.92,4.27,
2026-03-19T15:15:04.633,INOXINDIA,1182.5,-0.56,,,1146.42,1236.62,,2.7,44.19,43.5,55.64,,industrials,packaging,16.49,,-0.12,-0.08,,,3.15,,,,,2026-03-19,,,,,,,,,,,,,,,,,,,,,,,,,,,,,1146.21,1117.0,4.32,1091.89,1055.44,3.73,
2026-03-19T15:15:04.633,TATAPOWER,397.9,-0.61,,,384.93,417.35,,1.47,41.28,33.76,60.78,,power & utilities,power generation and supply,16.29,,-0.08,-0.04,,,3.37,,,,,2026-03-19,,,,,,,,,,,,,,,,,,,,,,,,,,,,,385.19,385.0,2.05,374.3,363.1,2.38,
2026-03-19T15:15:04.633,NTPCGREEN,98.71,0.88,,,91.41,109.66,,3.8,1233.88,148.26,67.99,,power & utilities,power generation and supply,28.93,,-0.13,-0.11,,,7.98,,,,,2026-03-19,,,,,,,,,,,,,,,,,,,,,,,,,,,,,94.57,94.05,-5.7,88.09,82.59,-0.09,
2026-03-19T15:15:04.633,JSWENERGY,505.25,-0.76,,,492.04,525.06,,0.93,52.41,39.01,56.67,,power & utilities,power generation and supply,15.19,,-0.15,-0.04,,,2.68,,,,,2026-03-19,,,,,,,,,,,,,,,,,,,,,,,,,,,,,489.02,496.05,-4.89,471.31,453.5,-0.4,
2026-03-19T15:15:04.633,PREMIERENE,865.25,-0.5,,,756.05,1029.04,,0.84,24.81,29.38,70.64,,services,trading,24.81,,-0.24,-0.2,,,14.44,,,,,2026-03-19,,,,,,,,,,,,,,,,,,,,,,,,,,,,,830.26,768.05,-16.58,792.49,746.91,-1.4,
2026-03-19T15:15:04.633,ONESOURCE,1480.1,0.58,,,1473.59,1489.87,,0.5,-47.81,831.41,59.66,,healthcare,pharmaceuticals - indian - bulk drugs & formln,19.8,,-0.26,-0.28,,,0.44,,,,,2026-03-19,,,,,,,,,,,,,,,,,,,,,,,,,,,,,1404.24,1395.0,-18.36,1336.58,1232.45,-1.85,
2026-03-19T15:15:04.633,ATHERENERG,753.0,0.37,,,687.39,851.42,,3.69,-84.8,-36.9,66.1,,auto,automobiles - scooters and 3 - wheelers,15.49,,0.19,1.21,,,9.54,,,,,2026-03-19,,,,,,,,,,,,,,,,,,,,,,,,,,,,,720.94,684.45,80.88,682.26,661.01,NaN,
2026-03-17T10:04:18.05,CREATIVEYE,6.78,0.15,,5.82,6.26,7.82,,0.06,-0.92,-2.81,50.62,46.04,media,entertainment / electronic media software,43.78,3.89,-0.2,-0.31,-0.21,-0.31,0.15,5.61,10.3,,9.88,2026-03-17,6.79,,5.76,5.76,-0.03,0.7,,,,,,,,,0.0,,,,,,,6.78,,,,,,,,,,,,,6.79
2026-03-17T10:04:18.05,TEAMGTY,264.0,4.12,,235.69,243.66,304.68,,0.04,347.37,108.35,52.39,53.26,financials,finance & investments,9.99,-0.43,0.04,0.55,-0.06,0.5,4.62,8.46,7.19,,7.15,2026-03-17,272.0,,11.75,11.75,-2.42,18.98,,,,,,,,,21.07,,,,,,,260.0,,,,,,,,,,,,,272.0
2026-03-17T10:04:18.05,CINEVISTA,15.52,-2.39,,14.0,14.91,16.74,,0.04,6.36,-4.36,49.13,44.21,realty,construction,13.26,4.04,-0.25,-0.22,-0.21,-0.2,6.54,1.44,6.51,,6.39,2026-03-17,16.3,,6.54,6.54,-0.19,1.01,,,,,,,,,21.76,,,,,,,15.3,,,,,,,,,,,,,16.3
2026-03-17T10:04:18.05,UNITEDPOLY,25.94,3.72,,23.56,23.77,30.28,,0.08,30.88,10.0,50.63,43.76,textiles,textiles - products,18.36,8.56,-0.38,0.19,-0.4,0.15,2.36,4.18,5.94,,5.88,2026-03-17,26.01,,4.46,4.46,-0.85,1.54,,,,,,,,,34.4,,,,,,,25.41,,,,,,,,,,,,,26.01
2026-03-17T10:04:18.05,SOUTHWEST,188.83,2.92,,171.07,184.58,197.32,,0.07,15.28,17.88,47.94,54.56,metals & mining,mining / minerals / metals,15.74,-1.18,0.25,0.24,0.23,0.21,0.98,4.91,6.69,,5.86,2026-03-17,188.83,,4.91,4.91,-2.21,12.63,,,,,,,,,14.57,,,,,,,186.99,,,,,,,,,,,,,188.83
2026-03-17T10:04:18.05,BAFNAPH,109.31,4.99,,100.14,98.96,130.02,,0.07,35.04,25.52,47.17,44.37,healthcare,pharmaceuticals - indian - formulations,25.69,-5.38,-0.2,0.17,-0.2,0.12,0.06,15.34,5.8,,5.43,2026-03-17,109.31,,15.34,15.34,-8.98,6.34,,,,,,,,,0.95,,,,,,,109.25,,,,,,,,,,,,,109.31
2026-03-17T10:04:18.05,KINGFA,4211.3,0.45,,3951.83,4035.14,4563.61,,0.12,31.58,31.96,50.18,51.1,plastic products,plastics products,14.82,0.34,-0.14,0.2,-0.15,0.2,1.11,5.02,3.76,,4.2,2026-03-17,4211.8,,3.97,3.97,-43.06,158.15,,,,,,,,,28.83,,,,,,,4165.7,,,,,,,,,,,,,4211.8
2026-03-17T10:04:18.05,ZYDUSWELL,414.7,-2.58,,388.41,373.24,497.62,,0.54,-82.94,9.63,57.36,48.82,fmcg,food - processing - indian,28.29,10.48,-0.26,0.01,-0.26,0.04,6.75,8.16,5.31,,3.94,2026-03-17,439.8,,8.59,8.59,-0.03,22.01,,,,,,,,,12.27,,,,,,,412.0,,,,,,,,,,,,,439.8
2026-03-17T10:04:18.05,CGCL,170.35,-0.71,,160.83,157.68,195.68,,0.07,16.01,18.43,52.18,44.62,financials,finance & investments,19.16,7.83,-0.17,-0.01,-0.17,-0.0,1.86,3.24,3.8,,3.72,2026-03-17,171.59,,2.14,2.14,-2.19,6.47,,,,,,,,,29.2,,,,,,,168.46,,,,,,,,,,,,,171.59
2026-03-17T10:04:18.05,SASTASUNDR,281.5,1.9,,265.87,268.57,307.37,,0.08,201.07,33.77,47.04,41.78,financials,finance & investments,19.25,1.39,-0.16,-0.06,-0.18,-0.08,2.98,3.53,3.54,,3.57,2026-03-17,283.0,,4.08,4.08,-13.72,9.96,,,,,,,,,67.29,,,,,,,274.8,,,,,,,,,,,,,283.0
2026-03-17T10:04:18.05,RADICO,2800.8,-0.94,,2646.16,2678.75,3044.9,,0.13,60.52,73.19,51.93,45.55,fmcg,breweries & distilleries,18.56,4.47,-0.14,0.05,-0.14,0.06,2.77,1.58,3.74,,3.37,2026-03-17,2839.3,,2.98,2.98,-12.35,104.78,,,,,,,,,36.27,,,,,,,2762.8,,,,,,,,,,,,,2839.3
2026-03-17T10:04:18.05,STAR,872.85,-2.14,,824.66,859.36,899.83,,0.11,9.95,16.07,49.5,50.41,healthcare,pharmaceuticals - indian - bulk drugs & formln,17.37,3.84,-0.09,-0.05,-0.07,-0.02,2.82,0.19,3.65,,3.18,2026-03-17,895.8,,2.82,2.82,-3.86,31.89,,,,,,,,,5.17,,,,,,,871.2,,,,,,,,,,,,,895.8
2026-03-17T10:04:18.05,ESABINDIA,5460.0,-1.18,,5219.01,5231.42,5917.17,,0.07,48.85,40.38,48.92,49.28,industrials,electrodes - welding equipment,11.55,0.43,0.0,0.01,-0.01,0.02,1.01,4.96,2.97,,2.54,2026-03-17,5515.0,,5.16,5.16,-118.91,162.17,,,,,,,,,0.0,,,,,,,5460.0,,,,,,,,,,,,,5515.0
2026-03-17T10:04:18.05,MAFANG,159.18,-1.06,,156.07,159.04,159.47,,0.07,NaN,0.0,49.78,47.57,indices,indices,15.9,1.41,-0.14,0.04,-0.12,0.05,0.0,0.0,1.38,,0.5,2026-03-17,159.18,,0.0,0.0,-1.89,2.2,,,,,,,,,0.0,,,,,,,159.18,,,,,,,,,,,,,159.18
2026-03-11T12:41:54.234,PFOCUS,279.4,-0.23,,257.56,269.47,299.25,,0.3,76.76,-60.36,58.92,73.18,realty,miscellaneous,34.01,2.89,0.36,0.97,0.35,0.98,1.87,5.59,4.74,,5.48,2026-03-11,283.45,,2.66,2.66,28.41,13.25,,,,,,,,,8.68,,,,,,,278.25,,,,,,,,,,,,,283.45
2026-03-11T12:41:54.234,ROSSTECH,722.5,-0.74,,661.09,679.69,808.12,,0.1,126.31,129.51,54.76,57.72,aerospace & defence,engineering,16.89,4.99,-0.05,0.75,-0.04,0.76,3.07,7.03,5.3,,5.11,2026-03-11,739.0,,4.12,4.12,51.35,38.26,,,,,,,,,14.37,,,,,,,717.0,,,,,,,,,,,,,739.0
2026-03-11T12:41:54.234,HAPPYFORGE,1303.2,-0.6,,1225.37,1303.8,1302.01,,0.33,38.92,43.26,58.05,66.15,industrials,castings & forgings,33.68,-7.67,0.32,0.3,0.32,0.31,3.22,9.51,4.33,,4.44,2026-03-11,1345.0,,10.26,10.26,127.93,56.49,,,,,,,,,0.18,,,,,,,1303.1,,,,,,,,,,,,,1345.0
2026-03-11T12:41:54.234,CIEINDIA,474.1,2.54,,446.29,468.55,485.2,,0.32,22.03,21.19,56.87,64.63,industrials,castings & forgings,38.85,-4.83,0.09,0.02,0.05,0.0,2.92,7.51,4.24,,4.25,2026-03-11,476.1,,5.66,5.66,37.76,20.08,,,,,,,,,57.27,,,,,,,462.6,,,,,,,,,,,,,476.1
2026-03-11T12:41:54.234,SHRIPISTON,3074.1,1.52,,2877.13,2959.5,3303.3,,0.51,27.52,24.56,53.36,57.11,auto,auto ancillaries,14.58,-4.67,0.08,0.2,0.04,0.18,4.38,10.55,4.5,,4.09,2026-03-11,3131.0,,9.41,9.41,64.72,138.39,,,,,,,,,53.84,,,,,,,2999.6,,,,,,,,,,,,,3131.0
2026-03-11T12:41:54.234,WHEELS,921.85,-0.64,,868.51,892.33,980.88,,0.37,15.61,16.74,60.78,60.19,auto,auto ancillaries,23.15,2.23,0.14,0.13,0.15,0.14,2.04,9.09,3.92,,3.97,2026-03-11,940.0,,2.96,2.96,73.85,36.1,,,,,,,,,1.66,,,,,,,921.25,,,,,,,,,,,,,940.0
2026-03-11T12:41:54.234,OIL,477.65,1.51,,450.2,465.23,502.49,,0.41,16.25,13.13,52.03,57.93,energy,oil drilling / allied services,20.62,-0.74,0.12,0.07,0.1,0.05,3.11,3.67,4.11,,3.69,2026-03-11,480.45,,4.28,4.28,14.86,19.65,,,,,,,,,59.55,,,,,,,465.95,,,,,,,,,,,,,480.45
2026-03-11T12:41:54.234,INGERRAND,3911.6,0.66,,3735.58,3947.62,3839.56,,0.2,42.95,47.39,61.74,56.82,industrials,compressors / drilling equipment,43.31,-3.43,-0.07,-0.01,-0.09,-0.01,2.44,5.64,3.26,,3.34,2026-03-11,3979.1,,3.81,3.81,366.95,127.41,,,,,,,,,21.27,,,,,,,3884.5,,,,,,,,,,,,,3979.1
2026-03-11T12:41:54.234,BHARATFORG,1830.5,-0.64,,1745.59,1918.26,1654.97,,0.22,82.75,77.93,59.08,72.69,industrials,castings & forgings,35.05,-4.85,0.39,0.35,0.4,0.36,1.96,1.14,3.31,,3.29,2026-03-11,1862.8,,1.96,1.96,220.02,60.54,,,,,,,,,5.78,,,,,,,1827.0,,,,,,,,,,,,,1862.8
2026-03-11T12:41:54.234,GODIGIT,334.6,0.42,,318.67,329.46,344.87,,0.11,55.03,60.25,53.39,48.28,financials,finance & investments,21.11,0.2,-0.14,-0.11,-0.15,-0.11,1.72,5.17,3.4,,3.23,2026-03-11,337.65,,2.18,2.18,4.05,11.37,,,,,,,,,23.31,,,,,,,331.95,,,,,,,,,,,,,337.65
2026-03-11T12:41:54.234,MBAPL,466.5,0.7,,445.66,462.27,474.96,,0.38,32.22,38.77,56.36,64.7,chemicals,fertilizers,38.21,-1.28,0.05,0.06,0.03,0.05,1.46,2.57,2.78,,3.02,2026-03-11,468.0,,1.96,1.96,29.18,12.97,,,,,,,,,40.49,,,,,,,461.25,,,,,,,,,,,,,468.0
2026-03-11T12:41:54.234,PFC,412.35,0.05,,391.99,403.68,429.68,,0.31,5.41,5.39,53.94,56.35,financials,finance - term-lending institutions,25.73,-2.5,-0.05,-0.06,-0.05,-0.05,1.67,7.31,3.62,,2.9,2026-03-11,416.95,,5.17,5.17,20.89,14.94,,,,,,,,,15.06,,,,,,,410.1,,,,,,,,,,,,,416.95
2026-03-11T12:41:54.234,POWERGRID,302.7,1.36,,292.04,299.6,308.89,,0.31,16.82,17.88,60.15,63.33,power & utilities,power generation and supply,19.31,-2.46,-0.03,-0.02,-0.04,-0.03,1.42,6.02,2.43,,2.36,2026-03-11,302.9,,3.11,3.11,23.46,7.35,,,,,,,,,55.11,,,,,,,298.65,,,,,,,,,,,,,302.9
2026-03-11T12:41:54.234,APOLLOHOSP,7717.0,-1.1,,7499.14,7814.05,7522.9,,0.3,55.22,62.26,59.44,58.26,healthcare,healthcare,23.79,-0.63,-0.1,0.02,-0.1,0.03,1.26,2.13,1.92,,1.77,2026-03-11,7798.5,,1.26,1.26,391.63,147.97,,,,,,,,,10.47,,,,,,,7701.5,,,,,,,,,,,,,7798.5
2026-03-10T13:57:52.641,DIVGIITTS,740.75,1.47,,677.16,726.49,769.27,,3.14,48.1,60.69,58.5,64.18,auto,auto ancillaries,29.75,-6.21,0.03,0.22,0.01,0.2,6.07,7.54,6.85,,7.1,2026-03-10,774.4,,12.43,12.43,89.2,50.74,,,,,,,,,20.99,,,,,,,730.1,,,,,,,,,,,,,774.4
2026-03-10T13:57:52.641,INDSWFTLAB,142.95,2.25,,130.41,139.89,149.08,,0.46,30.54,3.84,58.39,70.55,healthcare,pharmaceuticals - indian - bulk drugs & formln,36.73,-9.87,0.2,0.24,0.18,0.21,3.63,11.59,6.51,,6.24,2026-03-10,145.7,,13.74,13.74,24.19,9.31,,,,,,,,,25.35,,,,,,,140.59,,,,,,,,,,,,,145.7
2026-03-10T13:57:52.641,MTARTECH,3718.3,2.91,,3426.6,3697.93,3759.03,,0.55,82.41,175.06,59.06,75.94,aerospace & defence,engineering,53.94,-6.79,1.33,1.22,1.34,1.16,3.06,6.51,5.77,,5.22,2026-03-10,3810.0,,9.14,9.14,621.46,214.67,,,,,,,,,10.06,,,,,,,3696.7,,,,,,,,,,,,,3810.0
2026-03-10T13:57:52.641,AEROFLEX,219.0,1.53,,202.58,227.03,202.93,,0.27,42.77,56.76,56.49,59.48,metals & mining,steel - medium / small,34.84,-9.03,0.14,0.04,0.12,0.02,3.35,5.81,5.14,,5.2,2026-03-10,224.29,,8.36,8.36,23.67,11.27,,,,,,,,,17.67,,,,,,,217.01,,,,,,,,,,,,,224.29
2026-03-10T13:57:52.641,ROSSTECH,725.05,3.89,,662.05,676.85,821.46,,0.21,126.76,124.18,55.47,58.07,aerospace & defence,engineering,16.67,-0.21,-0.04,0.76,-0.07,0.7,3.12,7.41,5.59,,5.17,2026-03-10,731.9,,8.42,8.42,55.84,40.56,,,,,,,,,37.72,,,,,,,709.75,,,,,,,,,,,,,731.9
2026-03-10T13:57:52.641,KIRLOSENG,1428.9,-1.78,,1337.4,1451.47,1383.76,,0.56,46.64,38.65,60.27,66.24,industrials,engines,25.65,-0.38,0.48,0.59,0.54,0.62,3.71,0.7,4.57,,4.85,2026-03-10,1471.6,,3.71,3.71,164.06,65.35,,,,,,,,,15.15,,,,,,,1419.0,,,,,,,,,,,,,1471.6
2026-03-10T13:57:52.641,MRPL,194.72,2.47,,180.11,193.08,198.01,,0.86,5.88,15.29,55.18,65.57,energy,refineries,28.7,-2.9,0.41,0.32,0.39,0.29,6.4,4.4,5.83,,4.51,2026-03-10,198.44,,6.4,6.4,22.39,11.36,,,,,,,,,72.28,,,,,,,186.51,,,,,,,,,,,,,198.44
2026-03-10T13:57:52.641,APARINDS,10177.0,0.35,,9494.11,10643.07,9244.87,,0.43,48.92,41.85,54.87,59.91,industrials,electric equipment,48.28,-7.85,0.1,0.13,0.17,0.13,2.31,2.89,4.97,,4.42,2026-03-10,10400.0,,5.15,5.15,1237.24,505.39,,,,,,,,,2.37,,,,,,,10165.0,,,,,,,,,,,,,10400.0
2026-03-10T13:57:52.641,INGERRAND,3883.5,0.26,,3705.34,3957.52,3735.46,,0.35,42.64,47.24,60.08,56.12,industrials,compressors / drilling equipment,44.17,-6.95,-0.08,-0.01,-0.08,-0.01,2.84,4.88,3.41,,3.42,2026-03-10,3941.8,,6.46,6.46,350.04,132.44,,,,,,,,,38.05,,,,,,,3833.1,,,,,,,,,,,,,3941.8
2026-03-10T13:57:52.641,BHARATFORG,1835.6,-1.43,,1748.79,1920.69,1665.43,,0.49,82.98,78.78,59.89,73.19,industrials,castings & forgings,36.46,-5.47,0.41,0.38,0.44,0.4,3.25,1.42,3.51,,3.31,2026-03-10,1886.5,,4.23,4.23,232.95,64.35,,,,,,,,,13.21,,,,,,,1827.1,,,,,,,,,,,,,1886.5
2026-03-10T13:57:52.641,GODIGIT,333.35,1.06,,316.96,329.46,341.14,,0.17,54.83,59.65,52.32,47.65,financials,finance & investments,21.09,-3.63,-0.14,-0.09,-0.14,-0.1,1.89,4.78,3.67,,3.25,2026-03-10,336.7,,5.83,5.83,2.63,12.24,,,,,,,,,23.69,,,,,,,330.45,,,,,,,,,,,,,336.7
2026-03-10T13:57:52.641,SIEMENS,3259.4,0.95,,3092.26,3248.63,3280.94,,0.62,104.47,64.99,53.02,54.25,industrials,electric equipment,14.76,-3.93,-0.05,-0.01,-0.07,-0.01,2.29,4.13,3.71,,3.22,2026-03-10,3333.0,,6.49,6.49,139.74,120.78,,,,,,,,,0.75,,,,,,,3258.5,,,,,,,,,,,,,3333.0
2026-03-10T13:57:52.641,MBAPL,466.55,1.55,,445.06,463.55,472.56,,0.67,32.22,38.45,56.28,64.72,chemicals,fertilizers,39.03,-2.53,0.05,0.03,0.02,0.02,2.4,2.58,2.98,,3.13,2026-03-10,470.0,,3.34,3.34,29.99,13.92,,,,,,,,,54.22,,,,,,,459.0,,,,,,,,,,,,,470.0
2026-03-10T13:57:52.641,MARICO,785.95,1.02,,763.52,789.93,778.0,,0.49,56.95,58.76,55.07,63.64,fmcg,solvent extraction,17.54,-2.83,-0.01,0.05,-0.03,0.04,1.55,1.97,1.93,,1.91,2026-03-10,792.05,,2.76,2.76,22.97,15.13,,,,,,,,,39.65,,,,,,,779.95,,,,,,,,,,,,,792.05
