Timestamp,Symbol,Cmp,%ch,Low 2%,Low5,Sl,Target,R_vol,Forward pe,Pe,Rsi,Sector,Industry,Adx,%ch sl,Rs,Srs,Ars,Is,Tps,Rs score,Scan_Date,From52wh,3d range,5d,Free float,Rs_score,Rscore_1mago,Rscore_3mago,Rscore_6mago,Rs_1m,Rs_3m,Rs_6m
2026-08-04T05:11:28.136,ATHERENERG,1272.7,0.98,1217.16,1191.1,1253.5,1301.51,0.87,-239.23,-123.8,63.41,auto,automobiles - scooters and 3 - wheelers,49.83,1.53,68.63,0.87,0.9,1178.06,1124.29,60.92,2026-08-04,,,,,,,,,,,
2026-08-04T05:11:28.136,NETWEB,4586.0,1.37,4449.2,4175.5,4125.73,5276.41,1.26,76.54,99.91,57.41,i.t,computers - hardware,13.63,11.16,47.45,0.28,0.31,4150.15,3977.27,27.75,2026-08-04,,,,,,,,,,,
2026-08-04T05:11:28.136,WELCORP,1715.3,3.92,1626.02,1610.2,1646.5,1818.49,0.65,10.81,19.58,65.96,industrials,steel - large,30.26,4.18,110.63,1.15,0.83,1606.09,1530.78,23.24,2026-08-04,,,,,,,,,,,
2026-08-04T05:11:28.136,AEGISLOG,1388.3,8.39,1256.46,1222.3,1290.5,1535.01,0.69,29.69,54.25,62.66,services,trading,36.87,7.58,93.51,0.83,0.68,1235.51,1132.62,20.86,2026-08-04,,,,,,,,,,,
2026-08-04T05:11:28.136,BELRISE,241.86,2.17,233.63,226.77,226.57,264.8,1.1,39.52,39.58,59.66,auto,auto ancillaries,11.06,6.75,30.75,0.35,0.45,227.22,219.27,19.44,2026-08-04,,,,,,,,,,,
2026-08-04T05:11:28.136,CHENNPETRO,1325.5,5.15,1240.68,1150.0,1216.12,1489.58,2.03,4.78,4.73,64.24,energy,refineries,22.14,8.99,58.6,0.47,0.19,1186.5,1099.76,18.2,2026-08-04,,,,,,,,,,,
2026-08-04T05:11:28.136,FEDERALBNK,371.7,3.58,350.15,352.85,356.65,394.28,0.35,18.26,19.54,78.01,bank,banks - private sector,45.65,4.22,39.31,0.2,0.5,356.97,345.91,17.64,2026-08-04,,,,,,,,,,,
2026-08-04T05:11:28.136,SHRIRAMFIN,1090.2,4.16,1030.57,1019.5,1020.22,1195.17,1.2,18.34,19.24,62.79,financials,finance & investments,14.73,6.86,9.44,0.01,0.29,1023.77,978.76,16.57,2026-08-04,,,,,,,,,,,
2026-08-04T05:11:28.136,CRAFTSMAN,10338.5,4.71,9724.05,9131.0,9383.9,11770.4,1.06,41.61,51.44,72.65,auto,auto ancillaries,28.24,10.17,34.45,0.29,0.47,9490.94,8916.77,15.39,2026-08-04,,,,,,,,,,,
2026-08-04T05:11:28.136,SONACOMS,785.0,2.03,752.69,707.0,737.31,856.54,1.06,67.67,70.09,82.58,auto,auto ancillaries,56.75,6.47,63.83,0.48,0.56,741.0,708.0,15.07,2026-08-04,,,,,,,,,,,
2026-08-04T05:11:28.136,SAILIFE,1333.4,1.39,1288.9,1272.7,1280.05,1413.43,0.71,67.62,80.28,65.99,healthcare,pharmaceuticals - indian - bulk drugs & formln,25.53,4.17,46.79,0.46,0.47,1267.01,1233.82,14.91,2026-08-04,,,,,,,,,,,
2026-08-04T05:11:28.136,RADICO,4459.1,2.73,4262.9,4080.1,4223.96,4811.81,0.9,65.0,84.84,76.72,fmcg,breweries & distilleries,48.41,5.57,35.2,0.5,0.31,4209.17,4021.73,14.86,2026-08-04,,,,,,,,,,,
2026-08-04T05:11:28.136,NYKAA,344.9,3.45,326.14,325.85,328.85,368.97,0.83,319.35,499.86,74.67,i.t,trading,44.57,4.88,30.17,0.32,0.24,329.15,317.34,13.86,2026-08-04,,,,,,,,,,,
2026-08-04T05:11:28.136,ABCAPITAL,424.35,4.96,401.8,388.0,393.92,470.0,3.44,23.79,27.9,64.61,financials,finance & investments,16.49,7.73,18.73,0.19,0.23,396.48,381.92,13.03,2026-08-04,,,,,,,,,,,
2026-08-04T05:11:28.136,M&MFIN,405.5,5.12,380.29,352.65,370.4,458.15,1.06,15.22,17.33,72.81,financials,finance & investments,40.02,9.48,0.74,0.04,0.25,367.96,344.06,12.9,2026-08-04,,,,,,,,,,,
2026-08-04T05:11:28.136,KARURVYSYA,348.1,1.65,335.65,334.0,337.41,364.13,0.74,11.13,12.26,71.5,bank,banks - private sector,25.25,3.17,32.22,0.12,0.33,330.38,320.8,12.64,2026-08-04,,,,,,,,,,,
2026-08-04T05:11:28.136,GABRIEL,1527.4,5.94,1431.78,1384.0,1414.43,1696.85,1.41,63.01,71.54,68.42,auto,auto ancillaries,44.83,7.99,51.3,0.53,0.44,1386.21,1294.91,12.43,2026-08-04,,,,,,,,,,,
2026-08-04T05:11:28.136,TVSMOTOR,4389.0,1.76,4196.26,3852.0,3986.56,4992.66,1.25,51.13,60.83,82.15,auto,automobiles - motorcycles / mopeds,34.66,10.09,18.01,0.13,0.22,4160.19,3988.58,12.42,2026-08-04,,,,,,,,,,,
2026-08-04T05:11:28.136,MOTHERSON,155.01,2.83,148.99,143.86,144.13,171.33,0.83,27.29,39.75,68.48,auto,auto ancillaries,19.2,7.55,30.02,0.28,0.36,146.72,140.5,12.29,2026-08-04,,,,,,,,,,,
2026-08-04T05:11:28.136,LTF,318.0,2.17,307.82,301.05,302.29,341.56,1.36,22.08,25.02,59.21,financials,finance & investments,13.81,5.2,0.95,0.05,0.03,299.75,292.17,11.15,2026-08-04,,,,,,,,,,,
2026-08-04T05:11:28.136,RBLBANK,379.95,1.19,368.82,361.25,359.92,410.0,0.56,30.44,27.26,59.58,bank,banks - private sector,16.15,5.57,20.58,0.2,0.16,360.99,349.23,10.63,2026-08-04,,,,,,,,,,,
2026-08-04T05:11:28.136,TITAN,5000.0,2.56,4754.76,4712.9,4796.28,5305.58,0.58,94.13,87.43,82.35,consumer discretionary,diamond cutting / jewellery,41.25,4.25,23.42,0.16,0.25,4833.16,4708.03,10.3,2026-08-04,,,,,,,,,,,
2026-08-04T05:11:28.136,EICHERMOT,8050.0,2.76,7694.96,7730.0,7705.8,8566.29,1.57,37.76,38.26,67.87,auto,automobiles - motorcycles / mopeds,18.45,4.47,10.09,0.08,0.14,7709.96,7460.93,10.24,2026-08-04,,,,,,,,,,,
2026-08-04T05:11:28.136,BAJAJ-AUTO,11856.0,2.91,11226.88,11156.0,11260.41,12749.38,0.66,25.66,28.15,78.37,auto,automobiles - scooters and 3 - wheelers,42.63,5.29,26.9,0.15,0.28,11301.99,10886.47,10.08,2026-08-04,,,,,,,,,,,
2026-08-04T05:11:28.136,NEULANDLAB,19675.0,3.32,18624.9,18674.0,18694.69,21145.46,1.09,29.67,69.35,62.15,healthcare,pharmaceuticals - indian - bulk drugs,21.76,5.24,29.65,0.34,0.1,18325.95,17551.17,9.99,2026-08-04,,,,,,,,,,,
2026-08-04T05:11:28.136,MINDACORP,727.6,3.8,685.51,676.05,672.99,809.52,1.22,34.39,47.52,66.05,auto,auto ancillaries,21.87,8.12,26.82,0.21,0.16,680.38,653.27,9.87,2026-08-04,,,,,,,,,,,
2026-08-04T05:11:28.136,EMCURE,1969.7,0.49,1894.44,1880.0,1873.51,2113.99,0.62,38.35,40.39,66.8,healthcare,pharmaceuticals - indian - bulk drugs & formln,33.74,5.13,44.41,0.22,0.37,1848.29,1784.23,9.81,2026-08-04,,,,,,,,,,,
2026-08-04T05:11:28.136,AUBANK,1060.0,1.21,1017.63,1022.6,1002.38,1146.43,0.69,24.93,27.73,57.64,bank,banks - private sector,19.78,5.75,6.64,-0.0,0.12,1005.25,964.18,9.44,2026-08-04,,,,,,,,,,,
2026-08-04T05:11:28.136,ASHOKLEY,174.55,5.04,165.75,154.04,152.83,207.13,1.83,19.84,25.12,72.09,auto,automobiles - lcvs / hcvs,14.01,14.21,-2.23,-0.15,0.14,163.76,156.12,8.87,2026-08-04,,,,,,,,,,,
2026-08-04T05:11:28.136,MANAPPURAM,365.0,-1.84,350.15,355.0,356.33,378.01,4.45,19.13,31.12,65.33,financials,finance & investments,23.99,2.43,18.47,0.25,0.25,342.21,331.12,8.34,2026-08-04,,,,,,,,,,,
2026-08-04T05:11:28.136,DIVISLAB,8585.0,6.57,7942.9,7350.5,7641.24,10000.65,3.97,63.22,77.9,87.47,healthcare,pharmaceuticals - indian - bulk drugs,47.76,12.35,34.31,0.31,0.27,8062.82,7671.19,7.64,2026-08-04,,,,,,,,,,,
2026-08-04T05:11:28.136,GLAND,2579.2,3.05,2444.22,2408.8,2431.19,2801.21,0.8,28.97,41.36,63.66,healthcare,pharmaceuticals - indian - formulations,34.46,6.09,49.83,0.3,0.37,2425.06,2315.26,7.5,2026-08-04,,,,,,,,,,,
2026-08-04T05:11:28.136,AJANTPHARM,3513.9,1.41,3406.68,3301.0,3399.44,3685.59,0.89,32.84,38.68,61.79,healthcare,pharmaceuticals - indian - formulations,35.52,3.37,26.91,0.15,0.36,3289.93,3148.05,7.31,2026-08-04,,,,,,,,,,,
2026-08-04T05:11:28.136,NESTLEIND,1530.0,1.35,1475.29,1448.5,1464.2,1628.7,0.56,76.96,77.39,66.39,fmcg,food - processing - mnc,24.8,4.49,18.79,0.1,0.16,1461.54,1410.19,7.29,2026-08-04,,,,,,,,,,,
2026-08-04T05:11:28.136,OFSS,11332.0,1.31,10936.8,10882.0,11115.35,11656.98,0.44,17.42,28.89,56.31,i.t,computers - software - large,26.62,1.95,47.42,0.35,0.32,10444.64,9931.12,6.95,2026-08-04,,,,,,,,,,,
2026-08-04T05:11:28.136,WOCKPHARMA,2028.4,3.51,1902.18,1843.7,1843.07,2306.4,0.64,49.57,154.6,66.73,healthcare,pharmaceuticals - indian - bulk drugs & formln,13.57,10.06,40.31,0.38,0.43,1905.06,1819.15,6.65,2026-08-04,,,,,,,,,,,
2026-08-04T05:11:28.136,FLUOROCHEM,4483.5,2.67,4289.26,4344.6,4520.98,4427.28,0.84,112.99,85.78,63.66,chemicals,chemicals,36.71,-0.83,22.31,0.39,0.21,4173.21,3980.9,6.49,2026-08-04,,,,,,,,,,,
2026-08-04T05:11:28.136,HEG,665.25,1.22,639.35,636.15,648.89,689.79,0.41,26.23,35.79,70.29,industrials,electrodes - graphites,46.43,2.52,6.73,0.17,0.26,611.66,578.02,6.3,2026-08-04,,,,,,,,,,,
2026-08-04T05:11:28.136,SBIN,1045.0,1.71,1010.97,1007.6,1011.11,1095.84,0.87,12.28,11.49,57.15,bank,banks - public sector,10.89,3.35,6.41,-0.06,0.04,1010.68,991.43,6.13,2026-08-04,,,,,,,,,,,
2026-08-04T05:11:28.136,SIEMENS,3900.0,3.72,3620.32,3576.1,3645.86,4281.21,1.38,93.75,89.2,70.27,industrials,electric equipment,23.13,6.97,27.32,0.21,0.17,3657.72,3481.01,6.12,2026-08-04,,,,,,,,,,,
2026-08-04T05:11:28.136,PAYTM,1410.0,4.99,1317.51,1287.0,1327.11,1534.34,2.62,102.47,138.78,71.96,i.t,miscellaneous,27.35,6.25,8.62,0.12,0.02,1307.98,1259.07,6.05,2026-08-04,,,,,,,,,,,
2026-08-04T05:11:28.136,MARICO,880.95,1.18,847.99,857.25,861.95,909.44,1.15,72.45,64.63,62.36,fmcg,solvent extraction,40.27,2.2,17.45,0.13,0.12,845.48,819.28,5.99,2026-08-04,,,,,,,,,,,
2026-08-04T05:11:28.136,INDIANB,845.0,1.02,821.24,817.75,824.56,875.67,0.43,8.48,8.9,54.48,bank,banks - public sector,12.32,2.48,0.96,-0.08,-0.08,810.21,792.93,5.97,2026-08-04,,,,,,,,,,,
2026-08-04T05:11:28.136,INDUSINDBK,1028.9,1.62,993.03,989.2,1017.41,1046.14,0.38,19.33,60.63,58.52,bank,banks - private sector,27.03,1.13,19.09,0.06,0.16,984.37,950.97,5.77,2026-08-04,,,,,,,,,,,
2026-08-04T05:11:28.136,JSWSTEEL,1292.3,1.76,1243.33,1241.2,1245.34,1362.74,1.63,16.96,12.73,62.28,metals & mining,steel - large,17.25,3.77,10.99,-0.0,0.06,1239.33,1202.1,5.55,2026-08-04,,,,,,,,,,,
2026-08-04T05:11:28.136,HEROMOTOCO,5460.0,1.37,5280.24,5096.6,5114.11,5978.84,0.86,18.7,19.02,72.32,auto,automobiles - motorcycles / mopeds,27.77,6.76,-5.39,-0.09,-0.09,5228.33,5055.08,5.27,2026-08-04,,,,,,,,,,,
2026-08-04T05:11:28.136,GODREJIND,1337.1,1.48,1292.82,1272.1,1344.97,1325.29,0.37,25.34,36.3,59.87,chemicals,chemicals,45.31,-0.59,33.42,0.26,0.2,1257.1,1212.89,4.94,2026-08-04,,,,,,,,,,,
2026-08-04T05:11:28.136,CHOLAFIN,1888.2,2.07,1823.88,1696.2,1740.04,2110.45,1.31,24.29,27.84,64.49,financials,finance & investments,18.02,8.52,10.93,0.1,0.07,1750.29,1671.66,4.87,2026-08-04,,,,,,,,,,,
2026-08-04T05:11:28.136,PTCIL,17981.0,1.38,17420.48,17661.0,17638.76,18494.36,0.33,112.49,265.4,55.17,industrials,castings & forgings,14.1,1.94,-3.23,-0.08,0.0,17245.6,16754.05,4.86,2026-08-04,,,,,,,,,,,
2026-08-04T05:11:28.136,UNIONBANK,174.0,1.61,167.97,167.7,168.45,182.32,0.52,5.89,6.43,56.28,bank,banks - public sector,14.96,3.29,13.66,-0.05,0.09,165.32,160.56,4.79,2026-08-04,,,,,,,,,,,
2026-08-04T05:11:28.136,REDINGTON,347.85,8.15,313.11,274.15,277.41,453.52,8.82,13.98,15.99,81.68,services,trading,34.79,25.39,27.91,0.2,0.13,303.89,280.87,4.69,2026-08-04,,,,,,,,,,,
2026-08-04T05:11:28.136,ASIANPAINT,2810.0,2.28,2706.86,2666.2,2676.98,3009.53,0.8,43.74,56.52,67.08,building materials,paints / varnishes,17.46,4.97,1.48,0.1,-0.06,2676.16,2575.78,4.5,2026-08-04,,,,,,,,,,,
2026-08-04T05:11:28.136,IIFL,617.85,1.51,590.35,573.0,582.52,670.85,1.04,9.73,12.49,72.6,financials,finance & investments,38.35,6.07,1.31,0.2,0.06,575.96,548.69,4.46,2026-08-04,,,,,,,,,,,
2026-08-04T05:11:28.136,IDFCFIRSTB,86.0,1.56,83.0,83.7,82.69,90.96,0.46,16.17,33.08,68.79,bank,banks - private sector,35.52,4.0,1.17,-0.03,0.03,81.87,79.27,4.11,2026-08-04,,,,,,,,,,,
2026-08-04T05:11:28.136,GRAPHITE,657.95,0.24,641.26,638.0,648.6,671.98,0.84,-30.98,73.35,53.77,industrials,electrodes - graphites,23.39,1.44,2.65,0.02,0.11,614.2,595.43,4.0,2026-08-04,,,,,,,,,,,
2026-08-04T05:11:28.136,MRPL,174.06,2.42,166.91,159.0,168.13,182.95,0.64,8.06,9.71,59.86,energy,refineries,22.26,3.53,15.13,-0.02,-0.08,157.99,148.17,3.72,2026-08-04,,,,,,,,,,,
2026-08-04T05:11:28.136,UNITDSPR,1530.0,0.93,1482.45,1475.4,1464.85,1627.73,0.42,58.67,57.69,72.94,fmcg,breweries & distilleries,31.73,4.45,6.03,0.06,0.03,1466.23,1418.4,3.61,2026-08-04,,,,,,,,,,,
2026-08-04T05:11:28.136,RKFORGE,681.15,4.61,629.5,620.25,604.99,795.38,2.55,66.0,115.65,74.42,industrials,castings & forgings,27.67,12.59,30.2,0.23,0.18,626.94,589.84,3.28,2026-08-04,,,,,,,,,,,
2026-08-04T05:11:28.136,AEGISVOPAK,301.8,4.01,286.75,285.53,293.58,314.13,1.02,121.69,141.69,63.47,transportation,miscellaneous,46.3,2.8,21.26,0.19,0.09,275.98,261.21,3.22,2026-08-04,,,,,,,,,,,
2026-08-04T05:11:28.136,PIDILITIND,1642.5,1.93,1589.56,1601.0,1582.01,1733.24,0.68,72.17,53.55,62.53,chemicals,chemicals,23.8,3.82,10.86,0.06,0.08,1577.11,1528.07,3.13,2026-08-04,,,,,,,,,,,
2026-08-04T05:11:28.136,JKTYRE,410.3,2.64,395.09,393.0,390.64,439.79,1.13,16.41,14.84,56.21,auto,tyres,11.62,5.03,-18.3,-0.24,-0.14,387.58,378.48,3.05,2026-08-04,,,,,,,,,,,
2026-08-04T05:11:28.136,ANTHEM,829.85,2.55,786.16,775.35,775.39,911.54,1.41,97.4,80.96,68.59,healthcare,pharmaceuticals - indian - bulk drugs & formln,14.96,7.02,27.48,0.3,0.21,778.79,743.6,2.76,2026-08-04,,,,,,,,,,,
2026-08-04T05:11:28.136,TBOTEK,1615.9,5.53,1509.59,1470.8,1454.57,1857.89,4.42,51.99,65.32,69.91,i.t,travel agencies,24.0,11.09,-2.77,0.08,-0.03,1473.35,1428.14,2.75,2026-08-04,,,,,,,,,,,
2026-08-04T05:11:28.136,ANANTRAJ,626.15,0.26,608.73,602.75,611.02,648.85,0.91,37.45,39.11,65.69,realty,construction,24.27,2.48,14.43,0.09,-0.05,584.57,568.94,2.54,2026-08-04,,,,,,,,,,,
2026-08-04T05:11:28.136,UNOMINDA,1210.0,2.5,1161.3,1150.0,1148.15,1302.77,0.96,53.54,58.2,69.29,auto,auto ancillaries,9.58,5.39,-5.83,-0.03,-0.1,1151.61,1117.42,2.49,2026-08-04,,,,,,,,,,,
2026-08-04T05:11:28.136,MEDANTA,1444.9,2.8,1376.9,1334.8,1377.77,1545.6,1.62,61.12,69.8,69.88,healthcare,healthcare,31.22,4.87,21.83,0.19,0.16,1344.84,1300.7,2.45,2026-08-04,,,,,,,,,,,
2026-08-04T05:11:28.136,CHOICEIN,828.1,0.63,804.58,791.05,807.69,858.71,0.56,67.88,73.48,66.24,financials,finance & investments,26.4,2.53,-0.96,0.01,0.01,794.3,776.64,2.01,2026-08-04,,,,,,,,,,,
2026-08-04T05:11:28.136,TATATECH,763.8,2.16,733.04,717.0,722.23,826.15,0.59,42.91,55.67,59.34,i.t,computers - software - medium / small,16.48,5.76,18.82,0.1,0.08,714.0,681.76,1.88,2026-08-04,,,,,,,,,,,
2026-08-04T05:11:28.136,POONAWALLA,471.9,1.8,455.41,458.35,466.29,480.31,0.51,33.23,49.62,55.85,financials,finance & investments,26.94,1.2,-2.28,0.12,-0.03,440.7,419.79,1.83,2026-08-04,,,,,,,,,,,
2026-08-04T05:11:28.136,KIMS,820.6,1.98,788.12,787.0,780.99,880.01,1.37,193.54,136.31,60.36,healthcare,healthcare,17.1,5.07,34.83,0.27,0.17,783.45,761.64,1.7,2026-08-04,,,,,,,,,,,
2026-08-04T05:11:28.136,SBILIFE,1915.0,1.75,1845.14,1860.5,1858.48,1999.78,0.88,66.22,73.85,64.73,financials,finance & investments,23.6,3.04,-5.85,-0.11,-0.07,1842.02,1787.28,1.34,2026-08-04,,,,,,,,,,,
2026-08-04T05:11:28.136,PERSISTENT,5575.0,0.47,5213.11,5263.4,5347.63,5916.06,1.59,45.13,45.26,68.29,i.t,computers - software - large,20.3,4.25,-11.11,-0.15,-0.12,5142.0,4817.26,1.31,2026-08-04,,,,,,,,,,,
2026-08-04T05:11:28.136,ATUL,6777.0,0.6,6621.37,6626.0,6363.42,7397.37,0.56,20.33,25.08,61.65,chemicals,chemicals,29.73,6.5,10.36,0.04,0.09,6364.61,6150.31,1.22,2026-08-04,,,,,,,,,,,
2026-08-04T05:11:28.136,COFORGE,1768.0,2.73,1684.62,1567.3,1589.39,2035.91,0.65,35.82,35.91,72.97,i.t,computers - software - large,19.75,11.24,6.31,-0.02,-0.05,1636.65,1541.13,1.17,2026-08-04,,,,,,,,,,,
2026-08-04T05:11:28.136,ENDURANCE,2787.6,1.06,2676.77,2680.0,2709.95,2904.08,0.94,35.47,41.2,58.21,auto,auto ancillaries,16.1,2.87,7.65,0.05,0.0,2612.47,2528.83,1.13,2026-08-04,,,,,,,,,,,
2026-08-04T05:11:28.136,BAJAJFINSV,2096.0,3.3,1999.59,1892.3,1909.37,2375.95,2.34,26.73,32.96,76.26,financials,finance & investments,26.29,9.77,2.79,0.01,-0.03,1983.17,1898.55,0.61,2026-08-04,,,,,,,,,,,
2026-08-04T05:11:28.136,ECLERX,1922.2,4.16,1814.96,1811.7,1946.86,1885.22,0.4,23.48,14.74,62.46,i.t,computers - software - medium / small,39.57,-1.27,-18.1,-0.24,-0.19,1711.33,1575.98,0.23,2026-08-04,,,,,,,,,,,
2026-08-04T05:11:28.136,INDHOTEL,752.0,1.82,724.71,731.9,727.58,788.63,0.79,74.9,49.9,61.78,services,hotels,26.74,3.36,1.89,0.04,0.01,722.51,700.4,0.15,2026-08-04,,,,,,,,,,,
2026-08-04T05:11:28.136,ICICIBANK,1460.0,1.71,1404.34,1417.6,1438.36,1492.46,0.53,16.95,18.62,65.78,bank,banks - private sector,26.48,1.5,8.79,0.01,0.02,1415.83,1382.7,0.03,2026-08-04,,,,,,,,,,,
2026-08-04T05:11:28.136,HAL,4690.0,0.94,4554.55,4500.1,4568.15,4872.78,0.57,18.69,34.41,68.19,aerospace & defence,engineering,15.21,2.67,6.88,-0.01,-0.06,4534.11,4426.19,0.01,2026-08-04,,,,,,,,,,,
2026-08-03T23:55:58.733,ATHERENERG,1272.7,0.98,1217.16,1191.1,1253.5,1301.51,0.87,-121.44,-90.34,63.41,auto,automobiles - scooters and 3 - wheelers,49.83,1.53,68.63,0.87,0.9,1178.06,1124.29,60.92,2026-08-03,,,,,,,,,,,
2026-08-03T23:55:58.733,NETWEB,4586.0,1.37,4449.2,4175.5,4125.73,5276.41,1.26,76.54,98.56,57.41,i.t,computers - hardware,13.63,11.16,47.45,0.28,0.31,4150.15,3977.27,27.75,2026-08-03,,,,,,,,,,,
2026-08-03T23:55:58.733,WELCORP,1715.3,3.92,1626.02,1610.2,1646.5,1818.49,0.65,10.81,18.84,65.96,industrials,steel - large,30.26,4.18,110.63,1.15,0.83,1606.09,1530.78,23.24,2026-08-03,,,,,,,,,,,
2026-08-03T23:55:58.733,AEGISLOG,1388.3,8.39,1256.46,1222.3,1290.5,1535.01,0.69,29.69,50.05,62.66,services,trading,36.87,7.58,93.51,0.83,0.68,1235.51,1132.62,20.86,2026-08-03,,,,,,,,,,,
2026-08-03T23:55:58.733,BELRISE,241.86,2.17,233.63,226.77,226.57,264.8,1.1,39.52,38.74,59.66,auto,auto ancillaries,11.06,6.75,30.75,0.35,0.45,227.22,219.27,19.44,2026-08-03,,,,,,,,,,,
2026-08-03T23:55:58.733,CHENNPETRO,1325.5,5.15,1240.68,1150.0,1216.12,1489.58,2.03,4.78,4.5,64.24,energy,refineries,22.14,8.99,58.6,0.47,0.19,1186.5,1099.76,18.2,2026-08-03,,,,,,,,,,,
2026-08-03T23:55:58.733,FEDERALBNK,371.7,3.58,350.15,352.85,356.65,394.28,0.35,18.26,18.87,78.01,bank,banks - private sector,45.65,4.22,39.31,0.2,0.5,356.97,345.91,17.64,2026-08-03,,,,,,,,,,,
2026-08-03T23:55:58.733,SHRIRAMFIN,1090.2,4.16,1030.57,1019.5,1020.22,1195.17,1.2,18.34,18.47,62.79,financials,finance & investments,14.73,6.86,9.44,0.01,0.29,1023.77,978.76,16.57,2026-08-03,,,,,,,,,,,
2026-08-03T23:55:58.733,CRAFTSMAN,10338.5,4.71,9724.05,9131.0,9383.9,11770.4,1.06,41.61,49.13,72.65,auto,auto ancillaries,28.24,10.17,34.45,0.29,0.47,9490.94,8916.77,15.39,2026-08-03,,,,,,,,,,,
2026-08-03T23:55:58.733,SONACOMS,785.0,2.03,752.69,707.0,737.31,856.54,1.06,67.67,68.7,82.58,auto,auto ancillaries,56.75,6.47,63.83,0.48,0.56,741.0,708.0,15.07,2026-08-03,,,,,,,,,,,
2026-08-03T23:55:58.733,SAILIFE,1333.4,1.39,1288.9,1272.7,1280.05,1413.43,0.71,67.62,79.18,65.99,healthcare,pharmaceuticals - indian - bulk drugs & formln,25.53,4.17,46.79,0.46,0.47,1267.01,1233.82,14.91,2026-08-03,,,,,,,,,,,
2026-08-03T23:55:58.733,RADICO,4459.1,2.73,4262.9,4080.1,4223.96,4811.81,0.9,65.0,82.59,76.72,fmcg,breweries & distilleries,48.41,5.57,35.2,0.5,0.31,4209.17,4021.73,14.86,2026-08-03,,,,,,,,,,,
2026-08-03T23:55:58.733,NYKAA,344.9,3.45,326.14,325.85,328.85,368.97,0.83,319.35,483.19,74.67,i.t,trading,44.57,4.88,30.17,0.32,0.24,329.15,317.34,13.86,2026-08-03,,,,,,,,,,,
2026-08-03T23:55:58.733,ABCAPITAL,424.35,4.96,401.8,388.0,393.92,470.0,3.44,23.79,26.58,64.61,financials,finance & investments,16.49,7.73,18.73,0.19,0.23,396.48,381.92,13.03,2026-08-03,,,,,,,,,,,
2026-08-03T23:55:58.733,M&MFIN,405.5,5.12,380.29,352.65,370.4,458.15,1.06,15.22,16.48,72.81,financials,finance & investments,40.02,9.48,0.74,0.04,0.25,367.96,344.06,12.9,2026-08-03,,,,,,,,,,,
2026-08-03T23:55:58.733,KARURVYSYA,348.1,1.65,335.65,334.0,337.41,364.13,0.74,11.13,12.06,71.5,bank,banks - private sector,25.25,3.17,32.22,0.12,0.33,330.38,320.8,12.64,2026-08-03,,,,,,,,,,,
2026-08-03T23:55:58.733,GABRIEL,1527.4,5.94,1431.78,1384.0,1414.43,1696.85,1.41,63.01,67.53,68.42,auto,auto ancillaries,44.83,7.99,51.3,0.53,0.44,1386.21,1294.91,12.43,2026-08-03,,,,,,,,,,,
2026-08-03T23:55:58.733,TVSMOTOR,4389.0,1.76,4196.26,3852.0,3986.56,4992.66,1.25,51.13,59.78,82.15,auto,automobiles - motorcycles / mopeds,34.66,10.09,18.01,0.13,0.22,4160.19,3988.58,12.42,2026-08-03,,,,,,,,,,,
2026-08-03T23:55:58.733,MOTHERSON,155.01,2.83,148.99,143.86,144.13,171.33,0.83,27.29,38.65,68.48,auto,auto ancillaries,19.2,7.55,30.02,0.28,0.36,146.72,140.5,12.29,2026-08-03,,,,,,,,,,,
2026-08-03T23:55:58.733,LTF,318.0,2.17,307.82,301.05,302.29,341.56,1.36,22.08,24.49,59.21,financials,finance & investments,13.81,5.2,0.95,0.05,0.03,299.75,292.17,11.15,2026-08-03,,,,,,,,,,,
2026-08-03T23:55:58.733,RBLBANK,379.95,1.19,368.82,361.25,359.92,410.0,0.56,30.44,26.94,59.58,bank,banks - private sector,16.15,5.57,20.58,0.2,0.16,360.99,349.23,10.63,2026-08-03,,,,,,,,,,,
2026-08-03T23:55:58.733,TITAN,5000.0,2.56,4754.76,4712.9,4796.28,5305.58,0.58,94.13,85.25,82.35,consumer discretionary,diamond cutting / jewellery,41.25,4.25,23.42,0.16,0.25,4833.16,4708.03,10.3,2026-08-03,,,,,,,,,,,
2026-08-03T23:55:58.733,EICHERMOT,8050.0,2.76,7694.96,7730.0,7705.8,8566.29,1.57,37.76,37.23,67.87,auto,automobiles - motorcycles / mopeds,18.45,4.47,10.09,0.08,0.14,7709.96,7460.93,10.24,2026-08-03,,,,,,,,,,,
2026-08-03T23:55:58.733,BAJAJ-AUTO,11856.0,2.91,11226.88,11156.0,11260.41,12749.38,0.66,25.66,27.36,78.37,auto,automobiles - scooters and 3 - wheelers,42.63,5.29,26.9,0.15,0.28,11301.99,10886.47,10.08,2026-08-03,,,,,,,,,,,
2026-08-03T23:55:58.733,NEULANDLAB,19675.0,3.32,18624.9,18674.0,18694.69,21145.46,1.09,29.67,67.12,62.15,healthcare,pharmaceuticals - indian - bulk drugs,21.76,5.24,29.65,0.34,0.1,18325.95,17551.17,9.99,2026-08-03,,,,,,,,,,,
2026-08-03T23:55:58.733,MINDACORP,727.6,3.8,685.51,676.05,672.99,809.52,1.22,34.39,45.78,66.05,auto,auto ancillaries,21.87,8.12,26.82,0.21,0.16,680.38,653.27,9.87,2026-08-03,,,,,,,,,,,
2026-08-03T23:55:58.733,EMCURE,1969.7,0.49,1894.44,1880.0,1873.51,2113.99,0.62,38.35,40.19,66.8,healthcare,pharmaceuticals - indian - bulk drugs & formln,33.74,5.13,44.41,0.22,0.37,1848.29,1784.23,9.81,2026-08-03,,,,,,,,,,,
2026-08-03T23:55:58.733,AUBANK,1060.0,1.21,1017.63,1022.6,1002.38,1146.43,0.69,24.93,27.4,57.64,bank,banks - private sector,19.78,5.75,6.64,-0.0,0.12,1005.25,964.18,9.44,2026-08-03,,,,,,,,,,,
2026-08-03T23:55:58.733,ASHOKLEY,174.55,5.04,165.75,154.04,152.83,207.13,1.83,19.84,23.91,72.09,auto,automobiles - lcvs / hcvs,14.01,14.21,-2.23,-0.15,0.14,163.76,156.12,8.87,2026-08-03,,,,,,,,,,,
2026-08-03T23:55:58.733,MANAPPURAM,365.0,-1.84,350.15,355.0,356.33,378.01,4.45,19.13,31.7,65.33,financials,finance & investments,23.99,2.43,18.47,0.25,0.25,342.21,331.12,8.34,2026-08-03,,,,,,,,,,,
2026-08-03T23:55:58.733,DIVISLAB,8585.0,6.57,7942.9,7350.5,7641.24,10000.65,3.97,63.22,73.1,87.47,healthcare,pharmaceuticals - indian - bulk drugs,47.76,12.35,34.31,0.31,0.27,8062.82,7671.19,7.64,2026-08-03,,,,,,,,,,,
2026-08-03T23:55:58.733,GLAND,2579.2,3.05,2444.22,2408.8,2431.19,2801.21,0.8,28.97,40.14,63.66,healthcare,pharmaceuticals - indian - formulations,34.46,6.09,49.83,0.3,0.37,2425.06,2315.26,7.5,2026-08-03,,,,,,,,,,,
2026-08-03T23:55:58.733,AJANTPHARM,3513.9,1.41,3406.68,3301.0,3399.44,3685.59,0.89,32.84,38.15,61.79,healthcare,pharmaceuticals - indian - formulations,35.52,3.37,26.91,0.15,0.36,3289.93,3148.05,7.31,2026-08-03,,,,,,,,,,,
2026-08-03T23:55:58.733,NESTLEIND,1530.0,1.35,1475.29,1448.5,1464.2,1628.7,0.56,76.96,76.36,66.39,fmcg,food - processing - mnc,24.8,4.49,18.79,0.1,0.16,1461.54,1410.19,7.29,2026-08-03,,,,,,,,,,,
2026-08-03T23:55:58.733,OFSS,11332.0,1.31,10936.8,10882.0,11115.35,11656.98,0.44,17.42,28.52,56.31,i.t,computers - software - large,26.62,1.95,47.42,0.35,0.32,10444.64,9931.12,6.95,2026-08-03,,,,,,,,,,,
2026-08-03T23:55:58.733,WOCKPHARMA,2028.4,3.51,1902.18,1843.7,1843.07,2306.4,0.64,49.57,149.37,66.73,healthcare,pharmaceuticals - indian - bulk drugs & formln,13.57,10.06,40.31,0.38,0.43,1905.06,1819.15,6.65,2026-08-03,,,,,,,,,,,
2026-08-03T23:55:58.733,FLUOROCHEM,4483.5,2.67,4289.26,4344.6,4520.98,4427.28,0.84,112.99,83.54,63.66,chemicals,chemicals,36.71,-0.83,22.31,0.39,0.21,4173.21,3980.9,6.49,2026-08-03,,,,,,,,,,,
2026-08-03T23:55:58.733,HEG,665.25,1.22,639.35,636.15,648.89,689.79,0.41,26.23,35.35,70.29,industrials,electrodes - graphites,46.43,2.52,6.73,0.17,0.26,611.66,578.02,6.3,2026-08-03,,,,,,,,,,,
2026-08-03T23:55:58.733,SBIN,1045.0,1.71,1010.97,1007.6,1011.11,1095.84,0.87,12.28,11.3,57.15,bank,banks - public sector,10.89,3.35,6.41,-0.06,0.04,1010.68,991.43,6.13,2026-08-03,,,,,,,,,,,
2026-08-03T23:55:58.733,SIEMENS,3900.0,3.72,3620.32,3576.1,3645.86,4281.21,1.38,93.75,86.0,70.27,industrials,electric equipment,23.13,6.97,27.32,0.21,0.17,3657.72,3481.01,6.12,2026-08-03,,,,,,,,,,,
2026-08-03T23:55:58.733,PAYTM,1410.0,4.99,1317.51,1287.0,1327.11,1534.34,2.62,102.47,132.19,71.96,i.t,miscellaneous,27.35,6.25,8.62,0.12,0.02,1307.98,1259.07,6.05,2026-08-03,,,,,,,,,,,
2026-08-03T23:55:58.733,MARICO,880.95,1.18,847.99,857.25,861.95,909.44,1.15,72.45,63.88,62.36,fmcg,solvent extraction,40.27,2.2,17.45,0.13,0.12,845.48,819.28,5.99,2026-08-03,,,,,,,,,,,
2026-08-03T23:55:58.733,INDIANB,845.0,1.02,821.24,817.75,824.56,875.67,0.43,8.48,8.81,54.48,bank,banks - public sector,12.32,2.48,0.96,-0.08,-0.08,810.21,792.93,5.97,2026-08-03,,,,,,,,,,,
2026-08-03T23:55:58.733,INDUSINDBK,1028.9,1.62,993.03,989.2,1017.41,1046.14,0.38,19.33,59.66,58.52,bank,banks - private sector,27.03,1.13,19.09,0.06,0.16,984.37,950.97,5.77,2026-08-03,,,,,,,,,,,
2026-08-03T23:55:58.733,JSWSTEEL,1292.3,1.76,1243.33,1241.2,1245.34,1362.74,1.63,16.96,12.51,62.28,metals & mining,steel - large,17.25,3.77,10.99,-0.0,0.06,1239.33,1202.1,5.55,2026-08-03,,,,,,,,,,,
2026-08-03T23:55:58.733,HEROMOTOCO,5460.0,1.37,5280.24,5096.6,5114.11,5978.84,0.86,18.7,18.77,72.32,auto,automobiles - motorcycles / mopeds,27.77,6.76,-5.39,-0.09,-0.09,5228.33,5055.08,5.27,2026-08-03,,,,,,,,,,,
2026-08-03T23:55:58.733,GODREJIND,1337.1,1.48,1292.82,1272.1,1344.97,1325.29,0.37,25.34,35.78,59.87,chemicals,chemicals,45.31,-0.59,33.42,0.26,0.2,1257.1,1212.89,4.94,2026-08-03,,,,,,,,,,,
2026-08-03T23:55:58.733,CHOLAFIN,1888.2,2.07,1823.88,1696.2,1740.04,2110.45,1.31,24.29,27.27,64.49,financials,finance & investments,18.02,8.52,10.93,0.1,0.07,1750.29,1671.66,4.87,2026-08-03,,,,,,,,,,,
2026-08-03T23:55:58.733,PTCIL,17981.0,1.38,17420.48,17661.0,17638.76,18494.36,0.33,112.49,261.8,55.17,industrials,castings & forgings,14.1,1.94,-3.23,-0.08,0.0,17245.6,16754.05,4.86,2026-08-03,,,,,,,,,,,
2026-08-03T23:55:58.733,UNIONBANK,174.0,1.61,167.97,167.7,168.45,182.32,0.52,5.89,6.33,56.28,bank,banks - public sector,14.96,3.29,13.66,-0.05,0.09,165.32,160.56,4.79,2026-08-03,,,,,,,,,,,
2026-08-03T23:55:58.733,REDINGTON,347.85,8.15,313.11,274.15,277.41,453.52,8.82,13.98,14.78,81.68,services,trading,34.79,25.39,27.91,0.2,0.13,303.89,280.87,4.69,2026-08-03,,,,,,,,,,,
2026-08-03T23:55:58.733,ASIANPAINT,2810.0,2.28,2706.86,2666.2,2676.98,3009.53,0.8,43.74,55.26,67.08,building materials,paints / varnishes,17.46,4.97,1.48,0.1,-0.06,2676.16,2575.78,4.5,2026-08-03,,,,,,,,,,,
2026-08-03T23:55:58.733,IIFL,617.85,1.51,590.35,573.0,582.52,670.85,1.04,9.73,12.31,72.6,financials,finance & investments,38.35,6.07,1.31,0.2,0.06,575.96,548.69,4.46,2026-08-03,,,,,,,,,,,
2026-08-03T23:55:58.733,IDFCFIRSTB,86.0,1.56,83.0,83.7,82.69,90.96,0.46,16.17,32.57,68.79,bank,banks - private sector,35.52,4.0,1.17,-0.03,0.03,81.87,79.27,4.11,2026-08-03,,,,,,,,,,,
2026-08-03T23:55:58.733,GRAPHITE,657.95,0.24,641.26,638.0,648.6,671.98,0.84,-30.98,73.18,53.77,industrials,electrodes - graphites,23.39,1.44,2.65,0.02,0.11,614.2,595.43,4.0,2026-08-03,,,,,,,,,,,
2026-08-03T23:55:58.733,MRPL,174.06,2.42,166.91,159.0,168.13,182.95,0.64,8.06,9.48,59.86,energy,refineries,22.26,3.53,15.13,-0.02,-0.08,157.99,148.17,3.72,2026-08-03,,,,,,,,,,,
2026-08-03T23:55:58.733,UNITDSPR,1530.0,0.93,1482.45,1475.4,1464.85,1627.73,0.42,58.67,57.16,72.94,fmcg,breweries & distilleries,31.73,4.45,6.03,0.06,0.03,1466.23,1418.4,3.61,2026-08-03,,,,,,,,,,,
2026-08-03T23:55:58.733,RKFORGE,681.15,4.61,629.5,620.25,604.99,795.38,2.55,66.0,110.55,74.42,industrials,castings & forgings,27.67,12.59,30.2,0.23,0.18,626.94,589.84,3.28,2026-08-03,,,,,,,,,,,
2026-08-03T23:55:58.733,AEGISVOPAK,301.8,4.01,286.75,285.53,293.58,314.13,1.02,121.69,136.23,63.47,transportation,miscellaneous,46.3,2.8,21.26,0.19,0.09,275.98,261.21,3.22,2026-08-03,,,,,,,,,,,
2026-08-03T23:55:58.733,PIDILITIND,1642.5,1.93,1589.56,1601.0,1582.01,1733.24,0.68,72.17,52.54,62.53,chemicals,chemicals,23.8,3.82,10.86,0.06,0.08,1577.11,1528.07,3.13,2026-08-03,,,,,,,,,,,
2026-08-03T23:55:58.733,JKTYRE,410.3,2.64,395.09,393.0,390.64,439.79,1.13,16.41,14.46,56.21,auto,tyres,11.62,5.03,-18.3,-0.24,-0.14,387.58,378.48,3.05,2026-08-03,,,,,,,,,,,
2026-08-03T23:55:58.733,ANTHEM,829.85,2.55,786.16,775.35,775.39,911.54,1.41,97.4,78.95,68.59,healthcare,pharmaceuticals - indian - bulk drugs & formln,14.96,7.02,27.48,0.3,0.21,778.79,743.6,2.76,2026-08-03,,,,,,,,,,,
2026-08-03T23:55:58.733,TBOTEK,1615.9,5.53,1509.59,1470.8,1454.57,1857.89,4.42,51.99,61.89,69.91,i.t,travel agencies,24.0,11.09,-2.77,0.08,-0.03,1473.35,1428.14,2.75,2026-08-03,,,,,,,,,,,
2026-08-03T23:55:58.733,ANANTRAJ,626.15,0.26,608.73,602.75,611.02,648.85,0.91,37.45,39.01,65.69,realty,construction,24.27,2.48,14.43,0.09,-0.05,584.57,568.94,2.54,2026-08-03,,,,,,,,,,,
2026-08-03T23:55:58.733,UNOMINDA,1210.0,2.5,1161.3,1150.0,1148.15,1302.77,0.96,53.54,56.78,69.29,auto,auto ancillaries,9.58,5.39,-5.83,-0.03,-0.1,1151.61,1117.42,2.49,2026-08-03,,,,,,,,,,,
2026-08-03T23:55:58.733,MEDANTA,1444.9,2.8,1376.9,1334.8,1377.77,1545.6,1.62,61.12,67.9,69.88,healthcare,healthcare,31.22,4.87,21.83,0.19,0.16,1344.84,1300.7,2.45,2026-08-03,,,,,,,,,,,
2026-08-03T23:55:58.733,CHOICEIN,828.1,0.63,804.58,791.05,807.69,858.71,0.56,67.88,73.02,66.24,financials,finance & investments,26.4,2.53,-0.96,0.01,0.01,794.3,776.64,2.01,2026-08-03,,,,,,,,,,,
2026-08-03T23:55:58.733,TATATECH,763.8,2.16,733.04,717.0,722.23,826.15,0.59,42.91,54.49,59.34,i.t,computers - software - medium / small,16.48,5.76,18.82,0.1,0.08,714.0,681.76,1.88,2026-08-03,,,,,,,,,,,
2026-08-03T23:55:58.733,POONAWALLA,471.9,1.8,455.41,458.35,466.29,480.31,0.51,33.23,48.74,55.85,financials,finance & investments,26.94,1.2,-2.28,0.12,-0.03,440.7,419.79,1.83,2026-08-03,,,,,,,,,,,
2026-08-03T23:55:58.733,KIMS,820.6,1.98,788.12,787.0,780.99,880.01,1.37,193.54,133.67,60.36,healthcare,healthcare,17.1,5.07,34.83,0.27,0.17,783.45,761.64,1.7,2026-08-03,,,,,,,,,,,
2026-08-03T23:55:58.733,SBILIFE,1915.0,1.75,1845.14,1860.5,1858.48,1999.78,0.88,66.22,72.58,64.73,financials,finance & investments,23.6,3.04,-5.85,-0.11,-0.07,1842.02,1787.28,1.34,2026-08-03,,,,,,,,,,,
2026-08-03T23:55:58.733,PERSISTENT,5575.0,0.47,5213.11,5263.4,5347.63,5916.06,1.59,41.2,46.35,68.29,i.t,computers - software - large,20.3,4.25,-11.11,-0.15,-0.12,5142.0,4817.26,1.31,2026-08-03,,,,,,,,,,,
2026-08-03T23:55:58.733,ATUL,6777.0,0.6,6621.37,6626.0,6363.42,7397.37,0.56,20.33,24.93,61.65,chemicals,chemicals,29.73,6.5,10.36,0.04,0.09,6364.61,6150.31,1.22,2026-08-03,,,,,,,,,,,
2026-08-03T23:55:58.733,COFORGE,1768.0,2.73,1684.62,1567.3,1589.39,2035.91,0.65,35.82,34.96,72.97,i.t,computers - software - large,19.75,11.24,6.31,-0.02,-0.05,1636.65,1541.13,1.17,2026-08-03,,,,,,,,,,,
2026-08-03T23:55:58.733,ENDURANCE,2787.6,1.06,2676.77,2680.0,2709.95,2904.08,0.94,35.47,40.77,58.21,auto,auto ancillaries,16.1,2.87,7.65,0.05,0.0,2612.47,2528.83,1.13,2026-08-03,,,,,,,,,,,
2026-08-03T23:55:58.733,BAJAJFINSV,2096.0,3.3,1999.59,1892.3,1909.37,2375.95,2.34,26.73,31.91,76.26,financials,finance & investments,26.29,9.77,2.79,0.01,-0.03,1983.17,1898.55,0.61,2026-08-03,,,,,,,,,,,
2026-08-03T23:55:58.733,ECLERX,1922.2,4.16,1814.96,1811.7,1946.86,1885.22,0.4,23.48,14.15,62.46,i.t,computers - software - medium / small,39.57,-1.27,-18.1,-0.24,-0.19,1711.33,1575.98,0.23,2026-08-03,,,,,,,,,,,
2026-08-03T23:55:58.733,INDHOTEL,752.0,1.82,724.71,731.9,727.58,788.63,0.79,74.9,49.01,61.78,services,hotels,26.74,3.36,1.89,0.04,0.01,722.51,700.4,0.15,2026-08-03,,,,,,,,,,,
2026-08-03T23:55:58.733,ICICIBANK,1460.0,1.71,1404.34,1417.6,1438.36,1492.46,0.53,16.95,18.31,65.78,bank,banks - private sector,26.48,1.5,8.79,0.01,0.02,1415.83,1382.7,0.03,2026-08-03,,,,,,,,,,,
2026-08-03T23:55:58.733,HAL,4690.0,0.94,4554.55,4500.1,4568.15,4872.78,0.57,18.69,34.09,68.19,aerospace & defence,engineering,15.21,2.67,6.88,-0.01,-0.06,4534.11,4426.19,0.01,2026-08-03,,,,,,,,,,,
2026-07-22T10:00:39.213,SSWL,,,,,,,,,,,auto,auto ancillaries,,,,,,,,,2026-07-22,0.87,9.24,12.05,1750.47,,,,,,,
2026-07-22T10:00:39.213,PRIVISCL,,,,,,,,,,,chemicals,chemicals,,,,,,,,,2026-07-22,1.29,3.87,5.0,5750.9,,,,,,,
2026-07-22T10:00:39.213,CHENNPETRO,,,,,,,,,,,energy,refineries,,,,,,,,,2026-07-22,1.39,9.12,11.63,6264.04,,,,,,,
2026-07-22T10:00:39.213,TIRUPATIFL,,,,,,,,,,,industrials,castings & forgings,,,,,,,,,2026-07-22,1.43,25.66,31.81,532.65,,,,,,,
2026-07-22T10:00:39.213,CYIENTDLM,,,,,,,,,,,consumer discretionary,electronics - components,,,,,,,,,2026-07-22,1.46,23.61,29.75,2638.95,,,,,,,
2026-07-22T10:00:39.213,RAIN,,,,,,,,,,,miscellaneous,miscellaneous,,,,,,,,,2026-07-22,2.22,9.85,11.21,4343.96,,,,,,,
2026-07-22T10:00:39.213,CEMPRO,,,,,,,,,,,realty,construction,,,,,,,,,2026-07-22,2.24,3.4,5.6,9011.9,,,,,,,
2026-07-22T10:00:39.213,MMFL,,,,,,,,,,,industrials,castings & forgings,,,,,,,,,2026-07-22,2.55,9.5,10.08,1158.66,,,,,,,
2026-07-22T10:00:39.213,SAREGAMA,,,,,,,,,,,media,entertainment / electronic media software,,,,,,,,,2026-07-22,2.63,5.79,7.63,3823.32,,,,,,,
2026-07-22T10:00:39.213,GANDHAR,,,,,,,,,,,energy,refineries,,,,,,,,,2026-07-22,2.64,13.82,17.51,757.55,,,,,,,
2026-07-22T10:00:39.213,TBZ,,,,,,,,,,,consumer discretionary,diamond cutting / jewellery,,,,,,,,,2026-07-22,2.92,9.25,9.25,461.08,,,,,,,
2026-07-22T10:00:39.213,EMCURE,,,,,,,,,,,healthcare,pharmaceuticals - indian - bulk drugs & formln,,,,,,,,,2026-07-22,2.95,9.2,10.79,7916.43,,,,,,,
2026-07-22T10:00:39.213,ADOR,,,,,,,,,,,industrials,electrodes - welding equipment,,,,,,,,,2026-07-22,3.11,16.02,19.16,1245.18,,,,,,,
2026-07-22T10:00:39.213,CCL,,,,,,,,,,,fmcg,tea,,,,,,,,,2026-07-22,3.22,2.54,4.2,8645.99,,,,,,,
2026-07-22T10:00:39.213,MUTHOOTMF,,,,,,,,,,,financials,finance & investments,,,,,,,,,2026-07-22,3.31,8.98,8.98,1886.69,,,,,,,
2026-07-22T10:00:39.213,PREMIERPOL,,,,,,,,,,,plastic products,plastics products,,,,,,,,,2026-07-22,3.73,15.71,22.07,244.63,,,,,,,
2026-07-22T10:00:39.213,AVALON,,,,,,,,,,,consumer discretionary,electronics - components,,,,,,,,,2026-07-22,3.84,4.83,6.74,6611.95,,,,,,,
2026-07-22T10:00:39.213,SJS,,,,,,,,,,,auto,plastics products,,,,,,,,,2026-07-22,3.85,4.41,6.94,5552.15,,,,,,,
2026-07-22T10:00:39.213,WELENT,,,,,,,,,,,realty,construction,,,,,,,,,2026-07-22,4.24,4.53,4.72,3691.75,,,,,,,
2026-07-22T10:00:39.213,YATHARTH,,,,,,,,,,,healthcare,healthcare,,,,,,,,,2026-07-22,4.35,2.73,2.93,3625.19,,,,,,,
2026-07-22T10:00:39.213,TFCILTD,,,,,,,,,,,financials,finance - term-lending institutions,,,,,,,,,2026-07-22,4.46,6.95,6.95,3678.9,,,,,,,
2026-07-22T10:00:39.213,AKUMS,,,,,,,,,,,healthcare,pharmaceuticals - indian - bulk drugs & formln,,,,,,,,,2026-07-22,4.49,6.49,9.11,2657.95,,,,,,,
2026-07-22T10:00:39.213,THELEELA,,,,,,,,,,,services,hotels,,,,,,,,,2026-07-22,4.54,2.91,4.28,3924.83,,,,,,,
2026-07-22T10:00:39.213,SURYODAY,,,,,,,,,,,bank,banks - private sector,,,,,,,,,2026-07-22,4.6,7.74,8.29,1532.76,,,,,,,
2026-07-22T10:00:39.213,VISHNU,,,,,,,,,,,chemicals,chemicals,,,,,,,,,2026-07-22,4.73,10.74,11.3,1323.17,,,,,,,
2026-07-22T10:00:39.213,UNIMECH,,,,,,,,,,,aerospace & defence,engineering,,,,,,,,,2026-07-22,4.76,4.91,7.82,1293.39,,,,,,,
2026-07-22T10:00:39.213,BALRAMCHIN,,,,,,,,,,,fmcg,sugar,,,,,,,,,2026-07-22,4.77,8.07,9.16,7380.56,,,,,,,
2026-07-22T10:00:39.213,SENCO,,,,,,,,,,,consumer discretionary,diamond cutting / jewellery,,,,,,,,,2026-07-22,4.84,6.54,8.93,2241.23,,,,,,,
2026-07-22T10:00:39.213,SHYAMMETL,,,,,,,,,,,metals & mining,steel - large,,,,,,,,,2026-07-22,4.95,6.81,8.27,7349.08,,,,,,,
2026-07-22T10:00:39.213,TIPSMUSIC,,,,,,,,,,,media,entertainment / electronic media software,,,,,,,,,2026-07-22,5.0,7.52,12.4,3225.64,,,,,,,
2026-07-22T10:00:39.213,EPL,,,,,,,,,,,industrials,packaging,,,,,,,,,2026-07-22,5.15,3.98,4.12,5521.25,,,,,,,
2026-07-22T10:00:39.213,ICEMAKE,,,,,,,,,,,industrials,engineering,,,,,,,,,2026-07-22,5.17,10.34,13.83,355.22,,,,,,,
2026-07-22T10:00:39.213,ZYDUSWELL,,,,,,,,,,,fmcg,food - processing - indian,,,,,,,,,2026-07-22,5.21,5.66,6.4,5603.25,,,,,,,
2026-07-22T10:00:39.213,SHILPAMED,,,,,,,,,,,healthcare,pharmaceuticals - indian - formulations,,,,,,,,,2026-07-22,5.23,5.08,5.56,7212.45,,,,,,,
2026-07-22T10:00:39.213,EXICOM,,,,,,,,,,,industrials,electric equipment,,,,,,,,,2026-07-22,5.28,13.7,14.23,811.22,,,,,,,
2026-07-22T10:00:39.213,HIRECT,,,,,,,,,,,consumer discretionary,electronics - components,,,,,,,,,2026-07-22,5.28,10.95,14.97,2554.07,,,,,,,
2026-07-22T10:00:39.213,EQUITASBNK,,,,,,,,,,,bank,banks - private sector,,,,,,,,,2026-07-22,5.35,5.67,6.85,9082.3,,,,,,,
2026-07-22T10:00:39.213,SATIN,,,,,,,,,,,financials,finance & investments,,,,,,,,,2026-07-22,5.73,3.82,6.87,1800.69,,,,,,,
2026-07-22T10:00:39.213,INDSWFTLAB,,,,,,,,,,,healthcare,pharmaceuticals - indian - bulk drugs & formln,,,,,,,,,2026-07-22,6.21,5.89,7.32,1153.45,,,,,,,
2026-07-22T10:00:39.213,METROPOLIS,,,,,,,,,,,healthcare,healthcare,,,,,,,,,2026-07-22,6.33,6.29,8.14,5958.09,,,,,,,
2026-07-22T10:00:39.213,USHAMART,,,,,,,,,,,metals & mining,steel - medium / small,,,,,,,,,2026-07-22,6.34,3.56,5.24,9048.43,,,,,,,
2026-07-22T10:00:39.213,LLOYDSENGG,,,,,,,,,,,industrials,engineering,,,,,,,,,2026-07-22,6.37,6.23,8.57,7654.52,,,,,,,
2026-07-22T10:00:39.213,CAPLIPOINT,,,,,,,,,,,healthcare,pharmaceuticals - indian - formulations,,,,,,,,,2026-07-22,6.4,6.35,6.36,5651.17,,,,,,,
2026-07-22T10:00:39.213,VARROC,,,,,,,,,,,auto,auto ancillaries,,,,,,,,,2026-07-22,6.43,3.35,5.54,2482.78,,,,,,,
2026-07-22T10:00:39.213,TALBROAUTO,,,,,,,,,,,auto,auto ancillaries,,,,,,,,,2026-07-22,6.51,5.13,9.54,1043.51,,,,,,,
2026-07-22T10:00:39.213,GRAVITA,,,,,,,,,,,metals & mining,mining / minerals / metals,,,,,,,,,2026-07-22,6.55,2.77,4.17,5930.27,,,,,,,
2026-07-22T10:00:39.213,WELSPUNLIV,,,,,,,,,,,textiles,textiles - products,,,,,,,,,2026-07-22,6.62,3.77,5.71,5290.62,,,,,,,
2026-07-22T10:00:39.213,CREDITACC,,,,,,,,,,,financials,finance & investments,,,,,,,,,2026-07-22,6.75,4.95,5.25,8119.87,,,,,,,
2026-07-22T10:00:39.213,CONFIPET,,,,,,,,,,,miscellaneous,miscellaneous,,,,,,,,,2026-07-22,7.16,6.37,7.92,1096.32,,,,,,,
2026-07-22T10:00:39.213,GALAPREC,,,,,,,,,,,industrials,fasteners,,,,,,,,,2026-07-22,7.25,7.87,8.15,683.88,,,,,,,
2026-07-22T10:00:39.213,PGIL,,,,,,,,,,,consumer discretionary,textiles - products,,,,,,,,,2026-07-22,7.3,9.36,9.36,3569.59,,,,,,,
2026-07-22T10:00:39.213,CGCL,,,,,,,,,,,financials,finance & investments,,,,,,,,,2026-07-22,7.39,5.73,6.77,9447.09,,,,,,,
2026-07-22T10:00:39.213,BELRISE,,,,,,,,,,,auto,auto ancillaries,,,,,,,,,2026-07-22,7.61,4.89,5.27,6949.88,,,,,,,
2026-07-22T10:00:39.213,SILVERTUC,,,,,,,,,,,i.t,computers - software - medium / small,,,,,,,,,2026-07-22,7.76,6.24,7.14,630.55,,,,,,,
2026-07-22T10:00:39.213,SOTL,,,,,,,,,,,energy,petrochemicals,,,,,,,,,2026-07-22,7.82,9.69,9.99,1254.91,,,,,,,
2026-07-22T10:00:39.213,GABRIEL,,,,,,,,,,,auto,auto ancillaries,,,,,,,,,2026-07-22,7.9,14.18,14.96,9043.57,,,,,,,
2026-07-22T10:00:39.213,VAIBHAVGBL,,,,,,,,,,,consumer discretionary,diamond cutting / jewellery,,,,,,,,,2026-07-22,8.05,8.27,12.28,1917.68,,,,,,,
2026-07-22T10:00:39.213,ACMESOLAR,,,,,,,,,,,realty,engineering - turnkey services,,,,,,,,,2026-07-22,8.1,7.65,8.64,7378.91,,,,,,,
2026-07-22T10:00:39.213,AZAD,,,,,,,,,,,aerospace & defence,engineering,,,,,,,,,2026-07-22,8.11,4.64,5.31,6629.75,,,,,,,
2026-07-22T10:00:39.213,SPANDANA,,,,,,,,,,,financials,finance & investments,,,,,,,,,2026-07-22,8.18,7.92,8.73,1357.0,,,,,,,
2026-07-22T10:00:39.213,STOVEKRAFT,,,,,,,,,,,consumer discretionary,domestic appliances,,,,,,,,,2026-07-22,8.21,4.02,4.02,1112.58,,,,,,,
2026-07-22T10:00:39.213,SPECTRUM,,,,,,,,,,,industrials,electric equipment,,,,,,,,,2026-07-22,8.48,20.31,20.31,888.61,,,,,,,
2026-07-22T10:00:39.213,J&KBANK,,,,,,,,,,,bank,banks - private sector,,,,,,,,,2026-07-22,8.53,6.01,8.47,8250.94,,,,,,,
2026-07-22T10:00:39.213,SBCL,,,,,,,,,,,metals & mining,mining / minerals / metals,,,,,,,,,2026-07-22,8.59,5.21,7.93,2856.13,,,,,,,
2026-07-22T10:00:39.213,RATEGAIN,,,,,,,,,,,i.t,computers - software - medium / small,,,,,,,,,2026-07-22,8.63,6.51,8.32,5527.12,,,,,,,
2026-07-22T10:00:39.213,NIVABUPA,,,,,,,,,,,financials,finance & investments,,,,,,,,,2026-07-22,8.67,2.87,6.76,6998.14,,,,,,,
2026-07-22T10:00:39.213,QUESS,,,,,,,,,,,miscellaneous,diversified - large,,,,,,,,,2026-07-22,8.71,4.57,6.65,1889.4,,,,,,,
2026-07-22T10:00:39.213,RAJRATAN,,,,,,,,,,,metals & mining,steel - medium / small,,,,,,,,,2026-07-22,8.82,15.13,15.25,876.23,,,,,,,
2026-07-22T10:00:39.213,AEGISVOPAK,,,,,,,,,,,transportation,miscellaneous,,,,,,,,,2026-07-22,8.94,7.57,10.9,4105.98,,,,,,,
2026-07-22T10:00:39.213,FUSION,,,,,,,,,,,financials,finance & investments,,,,,,,,,2026-07-22,8.97,5.43,5.98,1650.68,,,,,,,
2026-07-22T10:00:39.213,DCBBANK,,,,,,,,,,,bank,banks - private sector,,,,,,,,,2026-07-22,8.98,3.75,4.55,5056.67,,,,,,,
2026-07-22T10:00:39.213,TVSSCS,,,,,,,,,,,transportation,miscellaneous,,,,,,,,,2026-07-22,9.01,3.78,6.15,3350.15,,,,,,,
2026-07-22T10:00:39.213,WANBURY,,,,,,,,,,,healthcare,pharmaceuticals - indian - bulk drugs & formln,,,,,,,,,2026-07-22,9.04,10.17,13.8,649.86,,,,,,,
2026-07-22T10:00:39.213,FIEMIND,,,,,,,,,,,auto,auto ancillaries,,,,,,,,,2026-07-22,9.15,4.68,5.51,2779.15,,,,,,,
2026-07-22T10:00:39.213,KERNEX,,,,,,,,,,,consumer discretionary,electronics - components,,,,,,,,,2026-07-22,9.41,10.0,10.59,2652.56,,,,,,,
2026-07-22T10:00:39.213,SAKAR,,,,,,,,,,,healthcare,pharmaceuticals - indian - bulk drugs & formln,,,,,,,,,2026-07-22,9.6,5.49,11.45,910.28,,,,,,,
2026-07-22T10:00:39.213,SKIPPER,,,,,,,,,,,industrials,engineering,,,,,,,,,2026-07-22,9.61,3.26,5.63,2027.33,,,,,,,
2026-07-22T10:00:39.213,AADHARHFC,,,,,,,,,,,financials,finance - housing,,,,,,,,,2026-07-22,9.93,4.1,4.1,7837.14,,,,,,,
2026-07-22T10:00:39.213,MANORAMA,,,,,,,,,,,fmcg,food - processing - indian,,,,,,,,,2026-07-22,10.24,3.68,3.82,4308.61,,,,,,,
2026-07-22T10:00:39.213,VENUSPIPES,,,,,,,,,,,metals & mining,steel - medium / small,,,,,,,,,2026-07-22,10.4,4.52,9.05,1795.33,,,,,,,
2026-06-01T12:03:21.286,DEEDEV,,,,,,,,,,,metals & mining,steel - medium / small,,,,,,,,,2026-06-01,0.0,15.38,18.56,1287.03,,,,,,,
2026-06-01T12:03:21.286,E2E,,,,,,,,,,,i.t,computers - software - medium / small,,,,,,,,,2026-06-01,0.0,8.01,15.98,5126.2,,,,,,,
2026-06-01T12:03:21.286,PAISALO,,,,,,,,,,,financials,finance & investments,,,,,,,,,2026-06-01,0.07,11.68,11.68,2874.25,,,,,,,
2026-06-01T12:03:21.286,PASUPTAC,,,,,,,,,,,textiles,textiles - manmade,,,,,,,,,2026-06-01,0.35,11.32,14.25,197.38,,,,,,,
2026-06-01T12:03:21.286,VISHNU,,,,,,,,,,,chemicals,chemicals,,,,,,,,,2026-06-01,0.56,13.75,13.75,1327.53,,,,,,,
2026-06-01T12:03:21.286,MODISONLTD,,,,,,,,,,,industrials,electric equipment,,,,,,,,,2026-06-01,0.71,17.1,43.8,463.84,,,,,,,
2026-06-01T12:03:21.286,CENTUM,,,,,,,,,,,consumer discretionary,electronics - components,,,,,,,,,2026-06-01,0.91,17.71,18.45,2881.78,,,,,,,
2026-06-01T12:03:21.286,ARVIND,,,,,,,,,,,textiles,textiles - cotton/blended,,,,,,,,,2026-06-01,0.98,7.89,7.89,7891.37,,,,,,,
2026-06-01T12:03:21.286,STYLAMIND,,,,,,,,,,,building materials,miscellaneous,,,,,,,,,2026-06-01,1.15,7.12,7.12,2283.42,,,,,,,
2026-06-01T12:03:21.286,INDSWFTLAB,,,,,,,,,,,healthcare,pharmaceuticals - indian - bulk drugs & formln,,,,,,,,,2026-06-01,1.17,29.97,33.78,847.63,,,,,,,
2026-06-01T12:03:21.286,SAKAR,,,,,,,,,,,healthcare,pharmaceuticals - indian - bulk drugs & formln,,,,,,,,,2026-06-01,1.23,12.42,17.74,902.67,,,,,,,
2026-06-01T12:03:21.286,BBOX,,,,,,,,,,,i.t,computers - software - medium / small,,,,,,,,,2026-06-01,1.58,9.76,17.87,5597.91,,,,,,,
2026-06-01T12:03:21.286,J&KBANK,,,,,,,,,,,bank,banks - private sector,,,,,,,,,2026-06-01,1.69,3.91,3.98,6373.19,,,,,,,
2026-06-01T12:03:21.286,ACMESOLAR,,,,,,,,,,,realty,engineering - turnkey services,,,,,,,,,2026-06-01,1.85,7.6,13.09,3223.42,,,,,,,
2026-06-01T12:03:21.286,FCL,,,,,,,,,,,chemicals,chemicals,,,,,,,,,2026-06-01,2.06,13.98,28.53,1857.45,,,,,,,
2026-06-01T12:03:21.286,STEELXIND,,,,,,,,,,,metals & mining,steel - medium / small,,,,,,,,,2026-06-01,2.09,22.84,35.12,804.46,,,,,,,
2026-06-01T12:03:21.286,BAJAJCON,,,,,,,,,,,fmcg,personal care - indian,,,,,,,,,2026-06-01,2.13,6.35,6.6,4236.06,,,,,,,
2026-06-01T12:03:21.286,OMAXAUTO,,,,,,,,,,,auto,auto ancillaries,,,,,,,,,2026-06-01,2.16,9.75,15.63,248.8,,,,,,,
2026-06-01T12:03:21.286,ICIL,,,,,,,,,,,textiles,textiles - cotton/blended,,,,,,,,,2026-06-01,2.3,15.67,17.11,2825.04,,,,,,,
2026-06-01T12:03:21.286,GHCLTEXTIL,,,,,,,,,,,textiles,textiles - spinning - synthetic / blended,,,,,,,,,2026-06-01,2.51,8.81,14.83,778.35,,,,,,,
2026-06-01T12:03:21.286,CUPID,,,,,,,,,,,fmcg,personal care - indian,,,,,,,,,2026-06-01,2.52,2.73,8.68,9473.64,,,,,,,
2026-06-01T12:03:21.286,SOUTHWEST,,,,,,,,,,,metals & mining,mining / minerals / metals,,,,,,,,,2026-06-01,2.69,8.22,13.87,248.63,,,,,,,
2026-06-01T12:03:21.286,GRWRHITECH,,,,,,,,,,,industrials,packaging,,,,,,,,,2026-06-01,2.75,10.02,14.99,5472.66,,,,,,,
2026-06-01T12:03:21.286,KERNEX,,,,,,,,,,,consumer discretionary,electronics - components,,,,,,,,,2026-06-01,2.77,27.44,36.57,2166.57,,,,,,,
2026-06-01T12:03:21.286,AMBIKCO,,,,,,,,,,,textiles,textiles - cotton/blended,,,,,,,,,2026-06-01,3.19,5.79,12.9,481.6,,,,,,,
2026-06-01T12:03:21.286,HAPPYFORGE,,,,,,,,,,,industrials,castings & forgings,,,,,,,,,2026-06-01,3.2,6.52,8.27,2928.29,,,,,,,
2026-06-01T12:03:21.286,HONASA,,,,,,,,,,,services,trading,,,,,,,,,2026-06-01,3.27,8.06,11.27,8619.55,,,,,,,
2026-06-01T12:03:21.286,UFBL,,,,,,,,,,,consumer discretionary,hotels,,,,,,,,,2026-06-01,3.29,10.61,11.93,1275.75,,,,,,,
2026-06-01T12:03:21.286,SKYGOLD,,,,,,,,,,,consumer discretionary,diamond cutting / jewellery,,,,,,,,,2026-06-01,3.31,18.51,18.51,3974.06,,,,,,,
2026-06-01T12:03:21.286,DIVGIITTS,,,,,,,,,,,auto,auto ancillaries,,,,,,,,,2026-06-01,3.34,15.1,21.09,991.07,,,,,,,
2026-06-01T12:03:21.286,NGLFINE,,,,,,,,,,,healthcare,pharmaceuticals - indian - bulk drugs,,,,,,,,,2026-06-01,3.43,12.67,14.0,488.81,,,,,,,
2026-06-01T12:03:21.286,SIS,,,,,,,,,,,miscellaneous,miscellaneous,,,,,,,,,2026-06-01,3.44,8.41,10.25,1626.02,,,,,,,
2026-06-01T12:03:21.286,APOLLO,,,,,,,,,,,aerospace & defence,electronics - components,,,,,,,,,2026-06-01,3.53,7.64,20.5,7180.13,,,,,,,
2026-06-01T12:03:21.286,NEOGEN,,,,,,,,,,,chemicals,chemicals,,,,,,,,,2026-06-01,3.54,11.77,16.47,2433.01,,,,,,,
2026-06-01T12:03:21.286,RPTECH,,,,,,,,,,,services,trading,,,,,,,,,2026-06-01,3.61,11.15,11.15,1314.62,,,,,,,
2026-06-01T12:03:21.286,USHAMART,,,,,,,,,,,metals & mining,steel - medium / small,,,,,,,,,2026-06-01,3.71,6.8,10.67,9135.42,,,,,,,
2026-06-01T12:03:21.286,NETWEB,,,,,,,,,,,i.t,computers - hardware,,,,,,,,,2026-06-01,3.83,27.81,29.87,8905.34,,,,,,,
2026-06-01T12:03:21.286,SEAMECLTD,,,,,,,,,,,miscellaneous,miscellaneous,,,,,,,,,2026-06-01,3.88,5.24,6.99,1139.59,,,,,,,
2026-06-01T12:03:21.286,INDOBORAX,,,,,,,,,,,chemicals,chemicals,,,,,,,,,2026-06-01,4.0,9.51,9.91,754.62,,,,,,,
2026-06-01T12:03:21.286,VIYASH,,,,,,,,,,,healthcare,pharmaceuticals - indian - bulk drugs & formln,,,,,,,,,2026-06-01,4.16,12.13,12.13,4492.3,,,,,,,
2026-06-01T12:03:21.286,CHENNPETRO,,,,,,,,,,,energy,refineries,,,,,,,,,2026-06-01,4.33,9.88,9.88,5404.74,,,,,,,
2026-06-01T12:03:21.286,NOVARTIND,,,,,,,,,,,healthcare,pharmaceuticals - multinational,,,,,,,,,2026-06-01,4.33,12.53,20.21,1100.79,,,,,,,
2026-06-01T12:03:21.286,WELSPUNLIV,,,,,,,,,,,textiles,textiles - products,,,,,,,,,2026-06-01,4.63,6.34,6.34,4720.08,,,,,,,
2026-06-01T12:03:21.286,SPORTKING,,,,,,,,,,,textiles,textiles - spinning - synthetic / blended,,,,,,,,,2026-06-01,4.75,18.15,22.96,615.98,,,,,,,
2026-06-01T12:03:21.286,SHILPAMED,,,,,,,,,,,healthcare,pharmaceuticals - indian - formulations,,,,,,,,,2026-06-01,4.78,5.47,9.61,5906.95,,,,,,,
2026-06-01T12:03:21.286,KRISHANA,,,,,,,,,,,chemicals,fertilizers,,,,,,,,,2026-06-01,4.8,5.51,7.36,1144.57,,,,,,,
2026-06-01T12:03:21.286,SJS,,,,,,,,,,,auto,plastics products,,,,,,,,,2026-06-01,4.85,7.15,8.19,5132.08,,,,,,,
2026-06-01T12:03:21.286,AVALON,,,,,,,,,,,consumer discretionary,electronics - components,,,,,,,,,2026-06-01,4.92,8.13,20.31,5539.89,,,,,,,
2026-06-01T12:03:21.286,NITINSPIN,,,,,,,,,,,textiles,textiles - cotton/blended,,,,,,,,,2026-06-01,4.96,8.71,8.71,1260.47,,,,,,,
2026-06-01T12:03:21.286,ALIVUS,,,,,,,,,,,healthcare,pharmaceuticals - indian - bulk drugs & formln,,,,,,,,,2026-06-01,5.33,5.85,9.02,3352.93,,,,,,,
2026-06-01T12:03:21.286,BIRLACABLE,,,,,,,,,,,industrials,cables - telephone,,,,,,,,,2026-06-01,5.39,10.24,21.54,205.52,,,,,,,
2026-06-01T12:03:21.286,IOLCP,,,,,,,,,,,healthcare,pharmaceuticals - indian - bulk drugs & formln,,,,,,,,,2026-06-01,5.4,7.48,16.52,1827.31,,,,,,,
2026-06-01T12:03:21.286,RSWM,,,,,,,,,,,textiles,textiles - cotton/blended,,,,,,,,,2026-06-01,5.79,7.02,10.46,376.47,,,,,,,
2026-06-01T12:03:21.286,SANSTAR,,,,,,,,,,,fmcg,miscellaneous,,,,,,,,,2026-06-01,5.8,14.01,18.9,617.15,,,,,,,
2026-06-01T12:03:21.286,LUMAXTECH,,,,,,,,,,,auto,auto ancillaries,,,,,,,,,2026-06-01,5.84,11.04,13.54,5362.19,,,,,,,
2026-06-01T12:03:21.286,GRINDWELL,,,,,,,,,,,industrials,abrasives and grinding wheels,,,,,,,,,2026-06-01,5.92,8.39,9.14,8754.61,,,,,,,
2026-06-01T12:03:21.286,IFCI,,,,,,,,,,,financials,finance - term-lending institutions,,,,,,,,,2026-06-01,5.99,11.29,16.18,5176.22,,,,,,,
2026-06-01T12:03:21.286,VTL,,,,,,,,,,,textiles,textiles - cotton/blended,,,,,,,,,2026-06-01,6.04,9.07,9.25,6139.29,,,,,,,
2026-06-01T12:03:21.286,YASHO,,,,,,,,,,,chemicals,chemicals,,,,,,,,,2026-06-01,6.18,10.67,14.07,833.03,,,,,,,
2026-06-01T12:03:21.286,SATIN,,,,,,,,,,,financials,finance & investments,,,,,,,,,2026-06-01,6.68,9.73,10.45,1615.74,,,,,,,
2026-06-01T12:03:21.286,BLISSGVS,,,,,,,,,,,healthcare,pharmaceuticals - indian - formulations,,,,,,,,,2026-06-01,6.91,16.8,43.56,2788.39,,,,,,,
2026-06-01T12:03:21.286,SANDHAR,,,,,,,,,,,auto,auto ancillaries,,,,,,,,,2026-06-01,6.92,7.84,17.15,1217.86,,,,,,,
2026-06-01T12:03:21.286,IDEAFORGE,,,,,,,,,,,aerospace & defence,engineering,,,,,,,,,2026-06-01,7.09,9.87,9.87,2379.92,,,,,,,
2026-06-01T12:03:21.286,EQUITASBNK,,,,,,,,,,,bank,banks - private sector,,,,,,,,,2026-06-01,7.16,5.78,8.59,7902.86,,,,,,,
2026-06-01T12:03:21.286,PRECWIRE,,,,,,,,,,,metals & mining,mining / minerals / metals,,,,,,,,,2026-06-01,7.18,11.38,11.98,3441.71,,,,,,,
2026-06-01T12:03:21.286,GOKULAGRO,,,,,,,,,,,fmcg,solvent extraction,,,,,,,,,2026-06-01,7.21,7.32,13.06,1762.65,,,,,,,
2026-06-01T12:03:21.286,WABAG,,,,,,,,,,,realty,engineering - turnkey services,,,,,,,,,2026-06-01,7.21,5.09,9.9,7858.6,,,,,,,
2026-06-01T12:03:21.286,PRIVISCL,,,,,,,,,,,chemicals,chemicals,,,,,,,,,2026-06-01,7.54,5.34,5.86,5110.18,,,,,,,
2026-06-01T12:03:21.286,RISHABH,,,,,,,,,,,industrials,electric equipment,,,,,,,,,2026-06-01,7.6,7.23,9.35,613.92,,,,,,,
2026-06-01T12:03:21.286,MSPL,,,,,,,,,,,metals & mining,steel - medium / small,,,,,,,,,2026-06-01,7.6,8.83,8.83,1404.2,,,,,,,
2026-06-01T12:03:21.286,SBC,,,,,,,,,,,textiles,textiles - products,,,,,,,,,2026-06-01,7.61,8.97,8.97,883.53,,,,,,,
2026-06-01T12:03:21.286,SANGAMIND,,,,,,,,,,,textiles,textiles - spinning - synthetic / blended,,,,,,,,,2026-06-01,7.71,8.35,11.56,788.82,,,,,,,
2026-06-01T12:03:21.286,PIXTRANS,,,,,,,,,,,fmcg,miscellaneous,,,,,,,,,2026-06-01,7.78,7.18,11.0,813.23,,,,,,,
2026-06-01T12:03:21.286,GVPIL,,,,,,,,,,,realty,engineering - turnkey services,,,,,,,,,2026-06-01,8.41,11.58,20.45,1736.3,,,,,,,
2026-06-01T12:03:21.286,ABSLAMC,,,,,,,,,,,financials,finance & investments,,,,,,,,,2026-06-01,8.58,9.17,9.27,7470.36,,,,,,,
2026-06-01T12:03:21.286,CONFIPET,,,,,,,,,,,miscellaneous,miscellaneous,,,,,,,,,2026-06-01,8.6,12.22,23.59,939.78,,,,,,,
2026-06-01T12:03:21.286,INOXINDIA,,,,,,,,,,,industrials,packaging,,,,,,,,,2026-06-01,8.71,6.74,8.96,3347.36,,,,,,,
2026-06-01T12:03:21.286,WHEELS,,,,,,,,,,,auto,auto ancillaries,,,,,,,,,2026-06-01,8.73,10.17,10.17,1621.38,,,,,,,
2026-06-01T12:03:21.286,KESORAMIND,,,,,,,,,,,miscellaneous,miscellaneous,,,,,,,,,2026-06-01,9.05,13.46,15.05,228.29,,,,,,,
2026-06-01T12:03:21.286,YATHARTH,,,,,,,,,,,healthcare,healthcare,,,,,,,,,2026-06-01,9.27,7.25,13.22,3438.85,,,,,,,
2026-05-12T15:48:51.556,BHAGYANGR,,,,,,,,,,,power & utilities,power generation and supply,,,,,,,,,2026-05-12,0.87,9.29,15.09,360.66,,,,,,,
2026-05-12T15:48:51.556,GVPIL,,,,,,,,,,,realty,engineering - turnkey services,,,,,,,,,2026-05-12,0.9,9.08,12.79,1418.15,,,,,,,
2026-05-12T15:48:51.556,SBC,,,,,,,,,,,textiles,textiles - products,,,,,,,,,2026-05-12,1.4,3.02,4.93,818.28,,,,,,,
2026-05-12T15:48:51.556,SALSTEEL,,,,,,,,,,,metals & mining,steel - sponge iron,,,,,,,,,2026-05-12,2.17,9.26,9.26,246.57,,,,,,,
2026-05-12T15:48:51.556,BAJAJCON,,,,,,,,,,,fmcg,personal care - indian,,,,,,,,,2026-05-12,2.2,9.52,17.81,4081.86,,,,,,,
2026-05-12T15:48:51.556,NITINSPIN,,,,,,,,,,,textiles,textiles - cotton/blended,,,,,,,,,2026-05-12,3.6,9.61,9.8,1210.45,,,,,,,
2026-05-12T15:48:51.556,HONASA,,,,,,,,,,,services,trading,,,,,,,,,2026-05-12,3.75,4.55,7.54,7323.47,,,,,,,
2026-05-12T15:48:51.556,SJS,,,,,,,,,,,auto,plastics products,,,,,,,,,2026-05-12,3.83,4.18,11.01,4934.79,,,,,,,
2026-05-12T15:48:51.556,ANURAS,,,,,,,,,,,chemicals,chemicals,,,,,,,,,2026-05-12,4.1,3.03,6.47,6322.98,,,,,,,
2026-05-12T15:48:51.556,HAPPYFORGE,,,,,,,,,,,industrials,castings & forgings,,,,,,,,,2026-05-12,4.29,4.98,10.83,2856.62,,,,,,,
2026-05-12T15:48:51.556,RPTECH,,,,,,,,,,,services,trading,,,,,,,,,2026-05-12,4.69,7.13,10.11,1236.7,,,,,,,
2026-05-12T15:48:51.556,SHAH,,,,,,,,,,,metals & mining,steel - medium / small,,,,,,,,,2026-05-12,4.76,5.62,6.52,351.22,,,,,,,
2026-05-12T15:48:51.556,SENORES,,,,,,,,,,,healthcare,pharmaceuticals - indian - formulations,,,,,,,,,2026-05-12,4.79,5.92,11.65,2327.89,,,,,,,
2026-05-12T15:48:51.556,VTL,,,,,,,,,,,textiles,textiles - cotton/blended,,,,,,,,,2026-05-12,4.79,10.24,15.06,6220.58,,,,,,,
2026-05-12T15:48:51.556,BBOX,,,,,,,,,,,i.t,computers - software - medium / small,,,,,,,,,2026-05-12,4.97,17.91,23.77,4415.86,,,,,,,
2026-05-12T15:48:51.556,NAVA,,,,,,,,,,,miscellaneous,diversified - large,,,,,,,,,2026-05-12,5.67,6.63,9.18,9847.51,,,,,,,
2026-05-12T15:48:51.556,GOKULAGRO,,,,,,,,,,,fmcg,solvent extraction,,,,,,,,,2026-05-12,5.94,5.89,6.29,1786.82,,,,,,,
2026-05-12T15:48:51.556,GRAPHITE,,,,,,,,,,,industrials,electrodes - graphites,,,,,,,,,2026-05-12,6.24,7.39,8.61,4855.23,,,,,,,
2026-05-12T15:48:51.556,DSSL,,,,,,,,,,,i.t,computers - software - medium / small,,,,,,,,,2026-05-12,6.29,12.06,15.42,674.53,,,,,,,
2026-05-12T15:48:51.556,ANTELOPUS,,,,,,,,,,,energy,oil drilling / allied services,,,,,,,,,2026-05-12,6.33,12.4,12.4,760.31,,,,,,,
2026-05-12T15:48:51.556,WHEELS,,,,,,,,,,,auto,auto ancillaries,,,,,,,,,2026-05-12,6.34,7.39,11.8,1301.22,,,,,,,
2026-05-12T15:48:51.556,SURYODAY,,,,,,,,,,,bank,banks - private sector,,,,,,,,,2026-05-12,6.58,14.42,18.01,1422.44,,,,,,,
2026-05-12T15:48:51.556,INGERRAND,,,,,,,,,,,industrials,compressors / drilling equipment,,,,,,,,,2026-05-12,6.76,7.62,8.19,3388.51,,,,,,,
2026-05-12T15:48:51.556,KESORAMIND,,,,,,,,,,,miscellaneous,miscellaneous,,,,,,,,,2026-05-12,6.96,14.16,24.98,228.29,,,,,,,
2026-05-12T15:48:51.556,MAYURUNIQ,,,,,,,,,,,consumer discretionary,leather / leather products,,,,,,,,,2026-05-12,7.02,9.25,15.51,1079.33,,,,,,,
2026-05-12T15:48:51.556,CENTUM,,,,,,,,,,,consumer discretionary,electronics - components,,,,,,,,,2026-05-12,7.28,9.36,15.06,2322.53,,,,,,,
2026-05-12T15:48:51.556,KIRLPNU,,,,,,,,,,,industrials,compressors / drilling equipment,,,,,,,,,2026-05-12,7.32,9.14,9.14,5944.42,,,,,,,
2026-05-12T15:48:51.556,ASTRAMICRO,,,,,,,,,,,aerospace & defence,telecommunications - equipment,,,,,,,,,2026-05-12,7.35,6.75,9.2,9832.3,,,,,,,
2026-05-12T15:48:51.556,SCHNEIDER,,,,,,,,,,,industrials,electric equipment,,,,,,,,,2026-05-12,7.52,8.69,12.3,7573.62,,,,,,,
2026-05-12T15:48:51.556,UNIPARTS,,,,,,,,,,,industrials,engineering,,,,,,,,,2026-05-12,7.63,9.31,10.3,828.02,,,,,,,
2026-05-12T15:48:51.556,AXISCADES,,,,,,,,,,,aerospace & defence,computers - software - medium / small,,,,,,,,,2026-05-12,7.73,11.55,11.55,3638.41,,,,,,,
2026-05-12T15:48:51.556,MASFIN,,,,,,,,,,,financials,finance & investments,,,,,,,,,2026-05-12,7.76,7.2,7.2,2002.79,,,,,,,
2026-05-12T15:48:51.556,MANGLMCEM,,,,,,,,,,,building materials,cement - north india,,,,,,,,,2026-05-12,7.81,7.19,7.19,1450.64,,,,,,,
2026-05-12T15:48:51.556,USHAMART,,,,,,,,,,,metals & mining,steel - medium / small,,,,,,,,,2026-05-12,7.9,7.67,7.67,8385.43,,,,,,,
2026-05-12T15:48:51.556,YATHARTH,,,,,,,,,,,healthcare,healthcare,,,,,,,,,2026-05-12,7.91,10.42,10.42,3482.51,,,,,,,
2026-05-12T15:48:51.556,STYLEBAAZA,,,,,,,,,,,consumer discretionary,trading,,,,,,,,,2026-05-12,8.02,10.41,10.41,1584.56,,,,,,,
2026-05-12T15:48:51.556,SPORTKING,,,,,,,,,,,textiles,textiles - spinning - synthetic / blended,,,,,,,,,2026-05-12,8.21,6.91,9.79,479.35,,,,,,,
2026-05-12T15:48:51.556,ZYDUSWELL,,,,,,,,,,,fmcg,food - processing - indian,,,,,,,,,2026-05-12,8.28,8.16,8.16,4894.55,,,,,,,
2026-05-12T15:48:51.556,SATIN,,,,,,,,,,,financials,finance & investments,,,,,,,,,2026-05-12,8.33,22.32,31.45,1587.04,,,,,,,
2026-05-12T15:48:51.556,FLAIR,,,,,,,,,,,miscellaneous,printing & stationery,,,,,,,,,2026-05-12,8.4,6.33,6.33,737.9,,,,,,,
2026-05-12T15:48:51.556,SIGNPOST,,,,,,,,,,,miscellaneous,miscellaneous,,,,,,,,,2026-05-12,8.71,11.84,11.84,599.29,,,,,,,
2026-05-12T15:48:51.556,AFIL,,,,,,,,,,,financials,finance & investments,,,,,,,,,2026-05-12,8.71,6.78,6.78,237.92,,,,,,,
2026-05-12T15:48:51.556,AZAD,,,,,,,,,,,aerospace & defence,engineering,,,,,,,,,2026-05-12,8.72,12.3,12.3,6117.0,,,,,,,
2026-05-12T15:48:51.556,AETHER,,,,,,,,,,,chemicals,chemicals,,,,,,,,,2026-05-12,8.75,9.6,9.6,3867.77,,,,,,,
2026-05-12T15:48:51.556,MANINDS,,,,,,,,,,,metals & mining,steel - medium / small,,,,,,,,,2026-05-12,8.89,7.24,9.13,2212.3,,,,,,,
2026-05-12T15:48:51.556,EQUITASBNK,,,,,,,,,,,bank,banks - private sector,,,,,,,,,2026-05-12,8.97,9.07,10.09,7748.82,,,,,,,
2026-05-12T15:48:51.556,EDELWEISS,,,,,,,,,,,financials,finance & investments,,,,,,,,,2026-05-12,9.1,7.1,10.38,7617.73,,,,,,,
2026-05-12T15:48:51.556,AVALON,,,,,,,,,,,consumer discretionary,electronics - components,,,,,,,,,2026-05-12,9.16,13.02,26.13,4812.94,,,,,,,
2026-05-12T15:48:51.556,CEIGALL,,,,,,,,,,,realty,construction,,,,,,,,,2026-05-12,9.21,10.72,12.33,1096.53,,,,,,,
2026-05-12T15:48:51.556,LINCOLN,,,,,,,,,,,healthcare,pharmaceuticals - indian - formulations,,,,,,,,,2026-05-12,9.25,9.81,9.84,669.18,,,,,,,
2026-05-12T15:48:51.556,DHAMPURSUG,,,,,,,,,,,fmcg,sugar,,,,,,,,,2026-05-12,9.31,7.87,10.42,488.96,,,,,,,
2026-05-12T15:48:51.556,SHRIPISTON,,,,,,,,,,,auto,auto ancillaries,,,,,,,,,2026-05-12,9.4,10.22,10.22,8451.34,,,,,,,
2026-05-12T15:48:51.556,EMCURE,,,,,,,,,,,healthcare,pharmaceuticals - indian - bulk drugs & formln,,,,,,,,,2026-05-12,9.43,4.6,4.98,6955.09,,,,,,,
2026-05-12T15:48:51.556,RAMRAT,,,,,,,,,,,metals & mining,mining / minerals / metals,,,,,,,,,2026-05-12,9.63,10.38,10.38,1228.08,,,,,,,
2026-05-12T15:48:51.556,GPIL,,,,,,,,,,,metals & mining,steel - medium / small,,,,,,,,,2026-05-12,9.74,8.62,10.31,6947.66,,,,,,,
2026-05-12T15:48:51.556,COASTCORP,,,,,,,,,,,fmcg,aquaculture,,,,,,,,,2026-05-12,9.8,13.74,15.16,228.0,,,,,,,
2026-05-12T15:48:51.556,TFCILTD,,,,,,,,,,,financials,finance - term-lending institutions,,,,,,,,,2026-05-12,9.82,11.99,11.99,3396.67,,,,,,,
2026-05-12T15:48:51.556,ALIVUS,,,,,,,,,,,healthcare,pharmaceuticals - indian - bulk drugs & formln,,,,,,,,,2026-05-12,9.89,7.34,7.45,3404.43,,,,,,,
2026-05-12T15:48:51.556,NETWEB,,,,,,,,,,,i.t,computers - hardware,,,,,,,,,2026-05-12,9.95,12.84,12.84,7604.25,,,,,,,
2026-05-12T15:48:51.556,CCL,,,,,,,,,,,fmcg,tea,,,,,,,,,2026-05-12,10.09,14.94,16.62,7876.53,,,,,,,
2026-05-12T15:48:51.556,KTKBANK,,,,,,,,,,,bank,banks - private sector,,,,,,,,,2026-05-12,10.1,8.77,11.7,9358.97,,,,,,,
2026-05-12T15:48:51.556,STYLAMIND,,,,,,,,,,,building materials,miscellaneous,,,,,,,,,2026-05-12,10.11,11.61,22.78,1915.75,,,,,,,
2026-05-12T15:48:51.556,SEAMECLTD,,,,,,,,,,,miscellaneous,miscellaneous,,,,,,,,,2026-05-12,10.18,8.39,9.15,1026.67,,,,,,,
2026-05-12T15:48:51.556,EPL,,,,,,,,,,,industrials,packaging,,,,,,,,,2026-05-12,10.19,7.82,11.44,5378.11,,,,,,,
2026-05-12T15:48:51.556,SMSPHARMA,,,,,,,,,,,healthcare,pharmaceuticals - indian - bulk drugs,,,,,,,,,2026-05-12,10.23,8.71,8.71,1202.26,,,,,,,
2026-05-12T15:48:51.556,J&KBANK,,,,,,,,,,,bank,banks - private sector,,,,,,,,,2026-05-12,10.31,9.91,11.88,5814.33,,,,,,,
2026-05-12T15:48:51.556,AARTIIND,,,,,,,,,,,chemicals,chemicals,,,,,,,,,2026-05-12,10.44,7.99,9.77,9837.13,,,,,,,
2026-05-12T15:48:51.556,ASHIANA,,,,,,,,,,,realty,construction,,,,,,,,,2026-05-12,10.5,12.38,13.83,1362.57,,,,,,,
2026-05-12T15:48:51.556,INDOTECH,,,,,,,,,,,industrials,electric equipment,,,,,,,,,2026-05-12,10.6,13.39,19.77,706.76,,,,,,,
2026-05-12T15:48:51.556,CUPID,,,,,,,,,,,fmcg,personal care - indian,,,,,,,,,2026-05-12,10.68,14.95,14.95,8680.48,,,,,,,
2026-05-12T15:48:51.556,MIRCELECTR,,,,,,,,,,,consumer discretionary,electronics - consumer,,,,,,,,,2026-05-12,10.68,21.56,52.89,966.2,,,,,,,
2026-05-12T15:48:51.556,PRIVISCL,,,,,,,,,,,chemicals,chemicals,,,,,,,,,2026-05-12,10.92,13.1,13.1,4923.03,,,,,,,
2026-05-12T15:48:51.556,APEX,,,,,,,,,,,fmcg,aquaculture,,,,,,,,,2026-05-12,10.94,12.5,12.78,392.03,,,,,,,
2026-05-12T15:48:51.556,GLOBAL,,,,,,,,,,,services,miscellaneous,,,,,,,,,2026-05-12,10.99,16.1,20.57,150.61,,,,,,,
2026-05-12T15:48:51.556,GRWRHITECH,,,,,,,,,,,industrials,packaging,,,,,,,,,2026-05-12,11.01,11.65,24.92,4515.85,,,,,,,
2026-05-12T15:48:51.556,BHARATWIRE,,,,,,,,,,,metals & mining,steel - medium / small,,,,,,,,,2026-05-12,11.19,13.55,14.74,937.19,,,,,,,
2026-05-12T15:48:51.556,ENGINERSIN,,,,,,,,,,,realty,engineering - turnkey services,,,,,,,,,2026-05-12,11.25,11.63,13.33,6482.57,,,,,,,
2026-05-12T15:48:51.556,TIPSMUSIC,,,,,,,,,,,media,entertainment / electronic media software,,,,,,,,,2026-05-12,11.28,4.74,5.76,2918.86,,,,,,,
2026-05-12T15:48:51.556,MUFIN,,,,,,,,,,,financials,finance & investments,,,,,,,,,2026-05-12,11.35,8.45,8.45,1169.58,,,,,,,
2026-05-12T15:48:51.556,JAYNECOIND,,,,,,,,,,,metals & mining,steel - large,,,,,,,,,2026-05-12,11.45,13.81,13.81,4511.56,,,,,,,
2026-05-04T14:39:49.978,POWERINDIA,33895.0,1.03,32403.7,31835.0,32431.73,36089.91,1.03,144.48,175.99,85.37,industrials,electric equipment,41.94,4.51,76.11,0.74,0.55,31753.05,30616.58,34.19,2026-05-04,,,,,,,,,,,
2026-05-04T14:39:49.978,KIRLOSENG,1718.5,1.2,1667.08,1605.0,1680.92,1774.87,0.47,56.09,45.12,69.65,industrials,engines,29.53,2.24,86.82,0.56,0.84,1594.27,1537.6,30.92,2026-05-04,,,,,,,,,,,
2026-05-04T14:39:49.978,ADANIPOWER,228.28,2.9,217.46,214.24,221.52,238.43,1.41,27.44,16.41,84.63,power & utilities,power generation and supply,44.89,3.05,55.92,0.29,0.88,209.24,200.68,25.89,2026-05-04,,,,,,,,,,,
2026-05-04T14:39:49.978,SCHNEIDER,1305.8,4.99,1219.51,1130.0,1164.36,1517.97,1.0,80.41,121.34,80.28,industrials,electric equipment,44.24,12.15,54.54,0.41,0.42,1167.89,1064.45,25.5,2026-05-04,,,,,,,,,,,
2026-05-04T14:39:49.978,SYRMA,1003.2,4.61,940.8,945.85,995.53,1014.7,0.79,47.05,62.96,68.45,consumer discretionary,electronics - components,30.13,0.77,26.29,0.12,0.4,930.69,878.61,23.04,2026-05-04,,,,,,,,,,,
2026-05-04T14:39:49.978,CCL,1161.9,2.36,1110.34,1094.0,1092.58,1265.88,0.75,38.58,40.25,63.93,fmcg,tea,21.66,6.34,35.59,0.25,0.31,1084.71,1039.91,19.73,2026-05-04,,,,,,,,,,,
2026-05-04T14:39:49.978,LAURUSLABS,1166.0,5.91,1079.96,1080.0,1121.38,1232.93,2.3,56.38,66.85,64.62,healthcare,pharmaceuticals - indian - bulk drugs & formln,18.03,3.98,38.77,0.11,0.31,1088.36,1033.92,19.09,2026-05-04,,,,,,,,,,,
2026-05-04T14:39:49.978,SCI,311.7,2.37,295.47,288.65,303.07,324.65,1.06,8.97,12.52,71.01,transportation,shipping,33.29,2.85,41.73,0.09,0.45,283.09,264.78,17.71,2026-05-04,,,,,,,,,,,
2026-05-04T14:39:49.978,RRKABEL,1771.0,12.73,1570.25,1451.8,1509.61,2163.08,9.44,29.81,36.09,75.16,industrials,cables - power,20.11,17.31,43.73,0.16,0.4,1572.02,1433.79,17.7,2026-05-04,,,,,,,,,,,
2026-05-04T14:39:49.978,BSE,3711.0,1.94,3599.54,3451.0,3645.2,3809.69,0.74,63.5,47.12,74.99,financials,miscellaneous,31.94,1.8,76.95,0.4,0.44,3528.03,3434.81,17.63,2026-05-04,,,,,,,,,,,
2026-05-04T14:39:49.978,ABCAPITAL,351.65,1.78,338.0,337.45,346.56,359.29,0.41,24.29,25.76,59.44,financials,finance & investments,15.47,1.47,21.39,-0.01,0.26,329.73,317.6,17.19,2026-05-04,,,,,,,,,,,
2026-05-04T14:39:49.978,CEMPRO,932.1,14.33,799.68,643.0,695.58,1286.88,19.06,16.53,23.42,86.14,realty,construction,36.19,34.0,19.47,0.01,0.14,798.7,734.95,16.95,2026-05-04,,,,,,,,,,,
2026-05-04T14:39:49.978,BHEL,380.3,7.91,346.63,339.0,350.19,425.47,5.8,84.89,150.6,82.07,industrials,electric equipment,42.65,8.6,62.83,0.34,0.64,343.18,334.04,16.91,2026-05-04,,,,,,,,,,,
2026-05-04T14:39:49.978,EMCURE,1793.1,6.73,1652.48,1603.0,1625.72,2044.17,0.93,36.86,36.6,67.72,healthcare,pharmaceuticals - indian - bulk drugs & formln,11.52,10.3,41.04,0.23,0.19,1615.8,1483.62,16.2,2026-05-04,,,,,,,,,,,
2026-05-04T14:39:49.978,HINDALCO,1044.2,0.6,1013.81,1030.4,1064.5,1013.75,0.41,28.28,14.34,61.24,metals & mining,aluminium and aluminium products,26.75,-1.91,38.6,0.12,0.44,994.55,962.51,15.78,2026-05-04,,,,,,,,,,,
2026-05-04T14:39:49.978,KEI,5046.5,3.89,4696.06,4747.6,4922.24,5232.89,1.16,51.35,53.93,66.06,industrials,cables - power,23.86,2.52,24.49,0.13,0.28,4682.73,4422.9,15.47,2026-05-04,,,,,,,,,,,
2026-05-04T14:39:49.978,KARURVYSYA,298.9,1.84,287.73,290.65,288.34,314.75,1.09,10.47,11.31,56.24,bank,banks - private sector,13.88,3.66,40.21,0.12,0.35,279.63,272.49,14.68,2026-05-04,,,,,,,,,,,
2026-05-04T14:39:49.978,SAIL,186.92,1.25,180.59,179.5,182.49,193.57,0.57,51.35,27.35,74.93,metals & mining,steel - large,34.04,2.43,42.52,0.26,0.46,176.68,169.89,14.47,2026-05-04,,,,,,,,,,,
2026-05-04T14:39:49.978,HFCL,125.17,7.88,116.99,101.75,107.12,152.24,4.35,25.86,54.47,87.44,telecom,cables - telephone,50.78,16.85,70.2,0.54,0.69,110.56,102.93,13.97,2026-05-04,,,,,,,,,,,
2026-05-04T14:39:49.978,ADANIENSOL,1402.9,4.52,1302.71,1308.0,1410.63,1391.3,1.27,61.64,70.64,70.59,power & utilities,power generation and supply,34.8,-0.55,61.03,0.34,0.72,1250.81,1151.55,13.87,2026-05-04,,,,,,,,,,,
2026-05-04T14:39:49.978,GPIL,306.0,3.27,292.19,291.95,300.06,314.91,0.72,32.83,24.51,61.62,metals & mining,steel - medium / small,28.35,1.98,22.86,-0.0,0.45,283.66,267.16,13.64,2026-05-04,,,,,,,,,,,
2026-05-04T14:39:49.978,MAHABANK,79.36,1.26,77.35,76.45,79.01,79.88,0.56,7.46,8.58,63.86,bank,banks - public sector,24.22,0.44,45.55,0.25,0.39,73.85,70.48,13.63,2026-05-04,,,,,,,,,,,
2026-05-04T14:39:49.978,SAILIFE,1093.5,2.25,1037.13,1025.85,1012.29,1215.32,0.67,57.31,67.18,67.9,healthcare,pharmaceuticals - indian - bulk drugs & formln,18.4,8.02,23.61,0.09,0.17,1017.69,961.64,13.39,2026-05-04,,,,,,,,,,,
2026-05-04T14:39:49.978,GRANULES,702.45,0.39,676.25,686.15,688.4,723.52,0.93,21.34,28.63,73.77,healthcare,pharmaceuticals - indian - bulk drugs & formln,34.3,2.04,36.53,0.13,0.48,652.25,628.15,13.21,2026-05-04,,,,,,,,,,,
2026-05-04T14:39:49.978,ANURAS,1361.5,1.32,1307.91,1281.7,1313.28,1433.84,1.16,78.97,87.26,63.93,chemicals,chemicals,16.94,3.67,26.7,0.14,0.15,1277.02,1221.07,12.78,2026-05-04,,,,,,,,,,,
2026-05-04T14:39:49.978,TATASTEEL,213.03,0.79,207.17,210.0,214.0,211.57,0.61,24.66,28.72,59.87,metals & mining,steel - large,18.0,-0.46,26.63,0.06,0.29,203.85,198.44,12.09,2026-05-04,,,,,,,,,,,
2026-05-04T14:39:49.978,CUB,272.3,0.82,263.67,263.83,266.31,281.28,0.53,14.07,15.11,57.8,bank,banks - private sector,23.53,2.25,29.98,0.06,0.25,251.95,240.19,12.02,2026-05-04,,,,,,,,,,,
2026-05-04T14:39:49.978,POLYCAB,8322.5,2.61,7901.25,7970.5,8175.36,8543.21,0.63,50.38,46.48,63.56,industrials,cables - power,23.01,1.8,14.36,-0.02,0.16,7856.38,7547.29,11.22,2026-05-04,,,,,,,,,,,
2026-05-04T14:39:49.978,FEDERALBNK,290.3,1.17,281.65,280.0,293.25,285.88,0.51,13.34,16.24,55.14,bank,banks - private sector,18.76,-1.0,53.14,0.14,0.43,274.78,264.5,11.21,2026-05-04,,,,,,,,,,,
2026-05-04T14:39:49.978,ASTERDM,747.85,6.68,709.47,685.2,692.03,831.58,11.27,68.74,92.98,69.0,healthcare,healthcare,23.78,8.07,20.05,-0.01,0.18,689.92,668.63,10.8,2026-05-04,,,,,,,,,,,
2026-05-04T14:39:49.978,ADANIPORTS,1734.9,4.68,1653.55,1593.0,1640.58,1876.38,1.9,30.02,28.47,77.67,transportation,miscellaneous,25.92,5.75,25.45,0.1,0.27,1621.7,1550.5,10.26,2026-05-04,,,,,,,,,,,
2026-05-04T14:39:49.978,ENGINERSIN,260.85,3.54,245.59,243.18,253.68,271.61,0.54,10.55,18.24,74.11,realty,engineering - turnkey services,35.9,2.83,35.82,0.17,0.25,240.89,227.52,9.93,2026-05-04,,,,,,,,,,,
2026-05-04T14:39:49.978,ADANIGREEN,1292.2,5.3,1203.73,1203.55,1263.08,1335.89,1.26,138.65,127.17,80.85,power & utilities,power generation and supply,41.77,2.31,24.82,0.04,0.35,1184.43,1116.4,9.78,2026-05-04,,,,,,,,,,,
2026-05-04T14:39:49.978,JINDALSTEL,1264.8,3.41,1209.42,1201.1,1262.97,1267.54,1.51,30.79,36.9,57.85,metals & mining,steel - large,18.53,0.15,21.28,0.09,0.23,1184.31,1138.05,9.64,2026-05-04,,,,,,,,,,,
2026-05-04T14:39:49.978,FORTIS,952.9,3.25,906.5,910.55,933.33,982.26,0.74,92.69,72.56,67.08,healthcare,healthcare,21.94,2.1,-1.75,-0.16,-0.03,899.18,866.99,9.58,2026-05-04,,,,,,,,,,,
2026-05-04T14:39:49.978,LLOYDSME,1798.1,1.91,1731.86,1689.1,1764.34,1848.75,1.1,22.62,37.59,85.13,metals & mining,mining / minerals / metals,49.16,1.91,43.23,0.26,0.23,1702.69,1648.03,9.24,2026-05-04,,,,,,,,,,,
2026-05-04T14:39:49.978,HINDZINC,603.95,1.34,585.84,583.35,607.94,597.97,0.65,12.68,18.2,57.25,metals & mining,mining / minerals / metals,17.66,-0.66,29.6,0.17,0.36,560.64,536.21,8.71,2026-05-04,,,,,,,,,,,
2026-05-04T14:39:49.978,NAVA,673.5,1.76,648.02,651.5,684.43,657.11,0.4,21.48,21.08,62.69,miscellaneous,diversified - large,31.46,-1.6,1.2,0.0,0.06,622.72,595.93,8.52,2026-05-04,,,,,,,,,,,
2026-05-04T14:39:49.978,JSL,779.35,1.56,756.56,763.7,779.81,778.66,0.33,19.37,21.49,55.62,metals & mining,steel - large,11.34,-0.06,5.69,-0.08,0.04,739.56,719.72,8.51,2026-05-04,,,,,,,,,,,
2026-05-04T14:39:49.978,NLCINDIA,320.15,1.12,311.64,302.25,307.17,339.61,1.14,15.33,15.93,73.26,power & utilities,power generation and supply,36.12,4.22,12.64,0.12,0.28,292.1,280.91,8.44,2026-05-04,,,,,,,,,,,
2026-05-04T14:39:49.978,SIEMENS,3853.7,1.19,3751.93,3734.5,3876.65,3819.28,1.45,123.52,76.65,69.72,industrials,electric equipment,35.76,-0.59,24.12,0.14,0.18,3626.06,3531.63,8.4,2026-05-04,,,,,,,,,,,
2026-05-04T14:39:49.978,J&KBANK,132.61,2.78,127.41,125.37,130.35,136.0,0.44,6.28,6.63,59.09,bank,banks - private sector,15.54,1.73,32.85,0.16,0.24,122.3,114.95,8.19,2026-05-04,,,,,,,,,,,
2026-05-04T14:39:49.978,KPIL,1287.1,2.94,1226.96,1230.1,1268.51,1314.98,1.13,36.11,25.57,66.64,realty,transmisson line towers / equipment,30.35,1.47,4.97,-0.06,0.01,1212.72,1182.84,7.63,2026-05-04,,,,,,,,,,,
2026-05-04T14:39:49.978,JBCHEPHARM,2077.6,1.67,2021.05,2008.2,1979.09,2225.37,0.59,41.12,42.33,60.27,healthcare,pharmaceuticals - indian - bulk drugs & formln,17.87,4.98,21.88,0.12,0.17,1987.19,1939.28,7.52,2026-05-04,,,,,,,,,,,
2026-05-04T14:39:49.978,TORNTPHARM,4252.0,1.6,4128.74,4118.6,4102.15,4476.78,0.46,56.63,62.27,55.67,healthcare,pharmaceuticals - indian - formulations,14.49,3.65,18.57,0.09,0.14,4068.24,3958.41,7.26,2026-05-04,,,,,,,,,,,
2026-05-04T14:39:49.978,MANAPPURAM,302.85,2.89,292.04,286.75,288.3,324.68,1.28,26.85,64.55,69.5,financials,finance & investments,25.88,5.05,7.43,0.02,0.14,283.72,275.12,7.23,2026-05-04,,,,,,,,,,,
2026-05-04T14:39:49.978,JMFINANCIL,142.12,2.19,136.48,133.91,138.18,148.03,0.86,10.87,10.67,63.58,financials,finance & investments,18.97,2.85,-11.75,-0.22,-0.27,132.09,125.65,6.85,2026-05-04,,,,,,,,,,,
2026-05-04T14:39:49.978,NEULANDLAB,16032.0,6.86,14798.0,14307.0,15184.59,17303.11,4.22,126.76,107.46,69.11,healthcare,pharmaceuticals - indian - bulk drugs,29.42,5.58,11.08,-0.09,0.19,14589.93,13947.38,6.81,2026-05-04,,,,,,,,,,,
2026-05-04T14:39:49.978,CESC,196.67,4.87,185.37,181.2,185.11,214.01,8.24,22.87,16.88,81.26,power & utilities,power generation and supply,37.68,6.24,21.65,0.01,0.16,178.8,173.23,6.23,2026-05-04,,,,,,,,,,,
2026-05-04T14:39:49.978,LT,4102.3,2.2,3945.48,3990.0,4111.17,4089.0,0.48,43.88,33.96,58.58,realty,engineering - turnkey services,12.56,-0.22,11.22,-0.05,0.07,3905.31,3794.77,5.86,2026-05-04,,,,,,,,,,,
2026-05-04T14:39:49.978,NATCOPHARM,1111.9,1.47,1071.24,1080.05,1094.98,1137.28,0.45,32.86,12.6,63.03,healthcare,pharmaceuticals - indian - bulk drugs & formln,29.7,1.55,39.85,0.23,0.19,1044.57,1015.67,5.85,2026-05-04,,,,,,,,,,,
2026-05-04T14:39:49.978,BANDHANBNK,206.47,3.38,197.27,174.07,183.72,240.59,2.69,15.55,26.28,76.39,bank,banks - private sector,24.36,12.38,27.75,0.12,0.2,186.44,177.6,5.71,2026-05-04,,,,,,,,,,,
2026-05-04T14:39:49.978,CANFINHOME,894.5,3.38,856.62,850.1,882.58,912.38,0.96,8.61,10.61,57.62,financials,finance - housing,15.57,1.35,19.18,-0.06,0.15,830.4,783.82,5.4,2026-05-04,,,,,,,,,,,
2026-05-04T14:39:49.978,HDFCAMC,2741.3,1.06,2670.5,2703.7,2791.85,2665.47,0.34,47.13,26.85,57.82,financials,finance & investments,23.56,-1.81,-2.49,-0.06,-0.03,2600.16,2527.3,4.99,2026-05-04,,,,,,,,,,,
2026-05-04T14:39:49.978,THERMAX,4166.2,2.17,3975.57,3922.5,4193.92,4124.62,1.02,57.48,67.35,68.47,industrials,electric equipment,42.12,-0.66,33.05,0.18,0.22,3861.22,3635.08,4.87,2026-05-04,,,,,,,,,,,
2026-05-04T14:39:49.978,TBOTEK,1285.9,2.43,1231.37,1241.1,1273.24,1304.89,0.26,63.91,55.09,59.74,i.t,travel agencies,28.65,1.0,-12.87,-0.22,-0.14,1204.89,1157.23,4.53,2026-05-04,,,,,,,,,,,
2026-05-04T14:39:49.978,FINCABLES,1012.55,2.22,948.2,967.55,985.46,1053.19,0.6,23.59,22.25,71.42,industrials,cables - power,29.89,2.75,26.31,0.18,0.18,939.45,894.67,4.17,2026-05-04,,,,,,,,,,,
2026-05-04T14:39:49.978,CGCL,192.75,3.53,180.32,181.88,185.13,204.19,3.4,16.39,18.43,65.74,financials,finance & investments,24.19,4.12,3.2,-0.14,0.0,179.82,171.06,4.09,2026-05-04,,,,,,,,,,,
2026-05-04T14:39:49.978,LINDEINDIA,7450.5,1.78,7178.5,7194.0,7128.83,7933.0,2.16,82.16,105.83,61.96,chemicals,chemicals,16.24,4.51,20.16,0.13,0.16,7034.8,6859.53,4.04,2026-05-04,,,,,,,,,,,
2026-05-04T14:39:49.978,DCMSHRIRAM,1248.0,1.67,1179.63,1162.5,1192.21,1331.68,1.09,19.62,27.41,66.63,miscellaneous,diversified - mega,27.96,4.68,7.77,-0.13,-0.1,1146.78,1079.67,3.96,2026-05-04,,,,,,,,,,,
2026-05-04T14:39:49.978,MOTILALOFS,832.0,3.97,792.77,770.05,810.25,864.63,2.05,-56.37,25.68,64.27,financials,finance & investments,22.04,2.68,-9.17,-0.25,-0.13,771.88,732.7,3.47,2026-05-04,,,,,,,,,,,
2026-05-04T14:39:49.978,GMRAIRPORT,98.41,2.05,94.3,94.05,96.73,100.93,1.06,205.02,-275.51,57.55,miscellaneous,miscellaneous,11.69,1.73,13.81,-0.04,0.07,92.67,90.37,3.37,2026-05-04,,,,,,,,,,,
2026-05-04T14:39:49.978,BEML,1830.1,1.33,1740.19,1770.4,1837.76,1818.61,0.6,-82.29,30.29,64.34,aerospace & defence,engineering,27.79,-0.42,-9.67,-0.24,-0.13,1708.13,1621.55,3.27,2026-05-04,,,,,,,,,,,
2026-05-04T14:39:49.978,CREDITACC,1314.2,1.08,1279.78,1231.0,1254.81,1403.29,0.36,20.85,42.82,68.21,financials,finance & investments,24.76,4.73,-1.57,-0.18,-0.02,1230.37,1198.29,3.22,2026-05-04,,,,,,,,,,,
2026-05-04T14:39:49.978,IKS,1678.3,1.43,1606.12,1426.1,1508.38,1933.18,1.15,38.28,41.66,73.82,i.t,computers - software - medium / small,29.29,11.26,11.64,-0.01,0.04,1537.13,1442.75,3.15,2026-05-04,,,,,,,,,,,
2026-05-04T14:39:49.978,VMM,124.84,2.09,120.06,119.6,124.45,125.43,0.12,46.58,71.94,61.05,consumer discretionary,trading,16.2,0.32,-14.98,-0.21,-0.16,116.83,111.14,2.72,2026-05-04,,,,,,,,,,,
2026-05-04T14:39:49.978,RELIANCE,1461.4,2.14,1404.73,1311.0,1351.55,1626.17,0.95,29.13,23.97,65.78,energy,refineries,20.57,8.13,6.48,-0.1,0.02,1389.89,1339.25,2.65,2026-05-04,,,,,,,,,,,
2026-05-04T14:39:49.978,POONAWALLA,432.1,3.57,412.14,408.7,415.12,457.57,1.51,58.08,94.18,59.21,financials,finance & investments,13.0,4.09,-13.76,-0.18,-0.08,401.54,390.82,2.64,2026-05-04,,,,,,,,,,,
2026-05-04T14:39:49.978,MARICO,783.8,1.14,759.4,765.65,769.99,804.52,0.35,56.8,58.53,59.41,fmcg,solvent extraction,15.72,1.79,12.31,0.0,0.07,754.89,736.0,2.59,2026-05-04,,,,,,,,,,,
2026-05-04T14:39:49.978,APOLLOHOSP,7747.5,1.45,7519.54,7561.5,7685.88,7839.93,0.58,55.43,60.93,56.29,healthcare,healthcare,10.37,0.8,4.08,-0.08,-0.04,7443.21,7257.5,2.52,2026-05-04,,,,,,,,,,,
2026-05-04T14:39:49.978,TRITURBINE,575.0,0.31,558.99,562.0,573.13,577.8,0.16,49.74,53.18,71.53,industrials,electric equipment,38.15,0.33,10.79,0.0,0.08,531.4,504.2,2.52,2026-05-04,,,,,,,,,,,
2026-05-04T14:39:49.978,PRESTIGE,1458.0,3.08,1388.17,1380.3,1411.23,1528.15,0.37,70.5,62.78,66.12,realty,construction,18.16,3.31,-4.08,-0.24,-0.14,1367.43,1314.71,2.41,2026-05-04,,,,,,,,,,,
2026-05-04T14:39:49.978,VIJAYA,1147.0,1.54,1113.28,1065.55,1091.72,1229.91,1.37,68.27,72.64,82.38,healthcare,healthcare,34.2,5.06,12.67,0.06,0.05,1068.44,1035.53,2.37,2026-05-04,,,,,,,,,,,
2026-05-04T14:39:49.978,ATUL,6999.0,2.66,6719.86,6554.5,6686.73,7467.41,0.79,24.51,29.61,69.14,chemicals,chemicals,30.84,4.67,16.11,0.11,0.05,6562.58,6266.26,2.26,2026-05-04,,,,,,,,,,,
2026-05-04T14:39:49.978,MSUMI,41.29,1.85,39.76,37.91,39.74,43.61,0.71,41.29,39.36,57.69,auto,auto ancillaries,15.59,3.89,-10.77,-0.2,0.06,37.89,35.45,2.17,2026-05-04,,,,,,,,,,,
2026-05-04T14:39:49.978,DIVISLAB,6629.0,1.95,6353.83,6346.5,6390.17,6987.25,1.1,75.4,69.64,70.77,healthcare,pharmaceuticals - indian - bulk drugs,27.47,3.74,16.36,-0.08,0.05,6365.75,6183.31,2.1,2026-05-04,,,,,,,,,,,
2026-05-04T14:39:49.978,ANANTRAJ,510.05,4.75,482.16,466.0,498.21,527.81,0.98,30.8,31.82,55.54,realty,construction,19.32,2.38,-27.03,-0.27,-0.08,464.67,433.38,1.73,2026-05-04,,,,,,,,,,,
2026-05-04T14:39:49.978,AADHARHFC,497.6,1.84,477.06,481.05,488.32,511.52,0.33,19.17,20.5,59.64,financials,finance - housing,13.24,1.9,-2.54,-0.11,-0.03,470.74,454.59,1.67,2026-05-04,,,,,,,,,,,
2026-05-04T14:39:49.978,HAL,4570.0,5.33,4231.64,4280.0,4428.7,4781.94,1.71,40.94,32.62,71.81,aerospace & defence,engineering,26.47,3.19,-3.59,-0.1,-0.02,4327.16,4165.02,1.65,2026-05-04,,,,,,,,,,,
2026-05-04T14:39:49.978,ATGL,645.5,1.7,625.34,625.8,637.32,657.76,0.54,105.47,106.49,64.21,energy,miscellaneous,41.48,1.28,2.54,-0.07,0.02,584.17,558.47,1.63,2026-05-04,,,,,,,,,,,
2026-04-09T11:26:11.028,SWANDEF,,,,,,,,,,,,,,,,,,,,,2026-04-09,,,,,18876.5,18432.18,3696.89,-5.67,-0.11,3.38,797.58
2026-04-09T11:26:11.028,WAAREEINDO,,,,,,,,,,,,,,,,,,,,,2026-04-09,,,,,2996.31,2858.37,3956.38,22.82,0.3,-0.15,108.89
2026-04-09T11:26:11.028,CUPID,,,,,,,,,,,,,,,,,,,,,2026-04-09,,,,,142.99,110.19,106.69,41.36,0.14,0.18,1.14
2026-04-09T11:26:11.028,BGRENERGY,,,,,,,,,,,,,,,,,,,,,2026-04-09,,,,,60.45,65.62,64.89,93.26,-0.07,-0.14,0.14
2026-04-09T11:26:11.028,PFOCUS,,,,,,,,,,,,,,,,,,,,,2026-04-09,,,,,59.73,40.42,21.65,5.98,0.25,0.44,0.95
2026-04-09T11:26:11.028,MTARTECH,,,,,,,,,,,,,,,,,,,,,2026-04-09,,,,,51.53,41.77,13.74,3.48,0.13,0.73,1.21
2026-04-09T11:26:11.028,VENUSREM,,,,,,,,,,,,,,,,,,,,,2026-04-09,,,,,48.82,28.93,34.32,9.82,0.41,0.31,1.14
2026-04-09T11:26:11.028,LUMAXTECH,,,,,,,,,,,,,,,,,,,,,2026-04-09,,,,,45.92,41.24,40.98,30.74,0.13,0.03,0.33
2026-04-09T11:26:11.028,KESORAMIND,,,,,,,,,,,,,,,,,,,,,2026-04-09,,,,,41.07,0.55,10.55,-10.95,0.29,-0.01,0.99
2026-04-09T11:26:11.028,ROSSTECH,,,,,,,,,,,,,,,,,,,,,2026-04-09,,,,,39.82,36.93,12.66,NaN,0.1,0.26,0.1
2026-04-09T11:26:11.028,BHAGYANGR,,,,,,,,,,,,,,,,,,,,,2026-04-09,,,,,39.13,26.34,21.28,-1.84,0.21,0.15,1.05
2026-04-09T11:26:11.028,MIRCELECTR,,,,,,,,,,,,,,,,,,,,,2026-04-09,,,,,38.25,19.0,14.36,2.86,0.21,-0.02,0.21
2026-04-09T11:26:11.028,SBC,,,,,,,,,,,,,,,,,,,,,2026-04-09,,,,,36.58,32.62,18.14,1.41,-0.01,0.12,0.44
2026-04-09T11:26:11.028,STLTECH,,,,,,,,,,,,,,,,,,,,,2026-04-09,,,,,36.39,27.62,-1.52,0.24,0.21,1.15,0.78
2026-04-09T11:26:11.028,JAYNECOIND,,,,,,,,,,,,,,,,,,,,,2026-04-09,,,,,35.79,27.53,35.73,13.77,0.12,-0.11,0.14
2026-04-09T11:26:11.028,GVT&D,,,,,,,,,,,,,,,,,,,,,2026-04-09,,,,,35.66,39.15,14.2,20.35,0.01,0.27,0.23
2026-04-09T11:26:11.028,MCX,,,,,,,,,,,,,,,,,,,,,2026-04-09,,,,,33.19,31.14,19.98,10.21,0.05,0.21,0.63
2026-04-09T11:26:11.028,SMLMAH,,,,,,,,,,,,,,,,,,,,,2026-04-09,,,,,33.19,63.08,45.11,21.58,0.0,0.02,0.3
2026-04-09T11:26:11.028,KMEW,,,,,,,,,,,,,,,,,,,,,2026-04-09,,,,,32.59,27.06,19.85,NaN,0.09,-0.05,0.48
2026-04-09T11:26:11.028,FORCEMOT,,,,,,,,,,,,,,,,,,,,,2026-04-09,,,,,32.3,47.72,50.52,31.15,0.04,0.05,0.32
2026-04-09T11:26:11.028,BAJAJCON,,,,,,,,,,,,,,,,,,,,,2026-04-09,,,,,32.23,31.64,11.5,0.46,0.06,0.41,0.65
2026-04-09T11:26:11.028,NATIONALUM,,,,,,,,,,,,,,,,,,,,,2026-04-09,,,,,32.2,29.73,15.54,1.8,0.04,0.24,0.86
2026-04-09T11:26:11.028,PRECWIRE,,,,,,,,,,,,,,,,,,,,,2026-04-09,,,,,32.12,33.46,13.86,2.15,-0.02,0.28,0.56
2026-04-09T11:26:11.028,SILVERIETF,,,,,,,,,,,,,,,,,,,,,2026-04-09,,,,,31.52,41.06,40.65,14.68,-0.09,-0.01,0.61
2026-04-09T11:26:11.028,SILVER,,,,,,,,,,,,,,,,,,,,,2026-04-09,,,,,31.47,40.75,40.43,14.91,-0.09,-0.01,0.6
2026-04-09T11:26:11.028,TATSILV,,,,,,,,,,,,,,,,,,,,,2026-04-09,,,,,31.4,40.99,40.37,14.84,-0.1,-0.01,0.6
2026-04-09T11:26:11.028,HINDCOPPER,,,,,,,,,,,,,,,,,,,,,2026-04-09,,,,,31.37,38.53,31.51,1.59,-0.06,-0.05,0.56
2026-04-09T11:26:11.028,SILVERADD,,,,,,,,,,,,,,,,,,,,,2026-04-09,,,,,31.35,40.93,40.71,14.82,-0.1,-0.01,0.6
2026-04-09T11:26:11.028,SILVERCASE,,,,,,,,,,,,,,,,,,,,,2026-04-09,,,,,31.3,NaN,NaN,NaN,-0.09,-0.01,0.6
2026-04-09T11:26:11.028,SILVER1,,,,,,,,,,,,,,,,,,,,,2026-04-09,,,,,31.28,40.87,40.29,14.7,-0.1,-0.01,0.6
2026-04-09T11:26:11.028,SILVERAG,,,,,,,,,,,,,,,,,,,,,2026-04-09,,,,,31.27,40.69,40.12,14.82,-0.1,-0.01,0.6
2026-04-09T11:26:11.028,SILVERBEES,,,,,,,,,,,,,,,,,,,,,2026-04-09,,,,,31.27,40.73,40.33,14.78,-0.1,-0.01,0.6
2026-04-09T11:26:11.028,SBISILVER,,,,,,,,,,,,,,,,,,,,,2026-04-09,,,,,31.2,40.96,40.53,14.98,-0.1,-0.01,0.6
2026-04-09T11:26:11.028,SILVERBETA,,,,,,,,,,,,,,,,,,,,,2026-04-09,,,,,30.96,40.49,40.21,14.91,-0.09,-0.01,0.59
2026-04-09T11:26:11.028,AXISILVER,,,,,,,,,,,,,,,,,,,,,2026-04-09,,,,,30.92,40.81,40.31,14.62,-0.09,-0.01,0.61
2026-04-09T11:26:11.028,HDFCSILVER,,,,,,,,,,,,,,,,,,,,,2026-04-09,,,,,30.9,40.68,40.39,14.82,-0.1,-0.01,0.6
2026-04-09T11:26:11.028,TDPOWERSYS,,,,,,,,,,,,,,,,,,,,,2026-04-09,,,,,28.52,38.96,14.14,13.59,0.01,0.28,0.39
2026-04-09T11:26:11.028,BHARATSE,,,,,,,,,,,,,,,,,,,,,2026-04-09,,,,,28.17,NaN,NaN,NaN,0.02,0.03,-0.08
2026-04-09T11:26:11.028,BLISSGVS,,,,,,,,,,,,,,,,,,,,,2026-04-09,,,,,27.8,15.29,0.9,2.42,0.23,0.65,0.74
2026-04-09T11:26:11.028,NGLFINE,,,,,,,,,,,,,,,,,,,,,2026-04-09,,,,,27.58,29.64,-3.08,-6.56,0.01,0.7,0.68
2026-04-09T11:26:11.028,AGIIL,,,,,,,,,,,,,,,,,,,,,2026-04-09,,,,,27.5,20.13,11.66,39.4,0.2,0.39,0.3
2026-04-09T11:26:11.028,IMFA,,,,,,,,,,,,,,,,,,,,,2026-04-09,,,,,27.26,22.02,20.2,17.14,0.14,-0.06,0.18
2026-04-09T11:26:11.028,NETWEB,,,,,,,,,,,,,,,,,,,,,2026-04-09,,,,,27.08,26.19,9.23,18.08,0.03,0.02,-0.23
2026-04-09T11:26:11.028,THANGAMAYL,,,,,,,,,,,,,,,,,,,,,2026-04-09,,,,,26.94,22.76,17.47,-2.42,0.12,0.24,0.99
2026-04-09T11:26:11.028,SOUTHWEST,,,,,,,,,,,,,,,,,,,,,2026-04-09,,,,,26.82,17.2,8.64,-0.08,0.22,0.23,0.79
2026-04-09T11:26:11.028,GMDCLTD,,,,,,,,,,,,,,,,,,,,,2026-04-09,,,,,25.86,25.71,23.15,18.85,0.1,-0.01,-0.02
2026-04-09T11:26:11.028,INFOBEAN,,,,,,,,,,,,,,,,,,,,,2026-04-09,,,,,24.78,21.79,30.89,5.07,0.01,-0.28,0.23
2026-04-09T11:26:11.028,KIRLOSENG,,,,,,,,,,,,,,,,,,,,,2026-04-09,,,,,23.82,35.81,7.86,-5.65,-0.03,0.17,0.62
2026-04-09T11:26:11.028,LUMAXIND,,,,,,,,,,,,,,,,,,,,,2026-04-09,,,,,22.92,31.18,34.79,26.93,-0.05,-0.08,-0.0
2026-04-09T11:26:11.028,ACUTAAS,,,,,,,,,,,,,,,,,,,,,2026-04-09,,,,,22.54,25.22,15.12,13.69,0.05,0.33,0.7
2026-04-09T11:26:11.028,TFCILTD,,,,,,,,,,,,,,,,,,,,,2026-04-09,,,,,21.85,28.02,23.92,30.13,0.04,0.05,-0.06
2026-04-09T11:26:11.028,SANSERA,,,,,,,,,,,,,,,,,,,,,2026-04-09,,,,,21.45,21.24,8.92,-3.39,0.03,0.17,0.62
2026-04-09T11:26:11.028,APARINDS,,,,,,,,,,,,,,,,,,,,,2026-04-09,,,,,21.36,16.87,-2.27,-2.61,0.06,0.34,0.31
2026-04-09T11:26:11.028,APEX,,,,,,,,,,,,,,,,,,,,,2026-04-09,,,,,21.33,16.76,4.77,-2.28,0.17,0.32,0.79
2026-04-09T11:26:11.028,GODAVARIB,,,,,,,,,,,,,,,,,,,,,2026-04-09,,,,,21.25,16.75,2.38,NaN,0.06,0.06,0.18
2026-04-09T11:26:11.028,SJS,,,,,,,,,,,,,,,,,,,,,2026-04-09,,,,,21.16,20.27,16.36,14.48,0.08,-0.04,0.15
2026-04-09T11:26:11.028,SMSPHARMA,,,,,,,,,,,,,,,,,,,,,2026-04-09,,,,,21.08,20.36,10.63,-3.97,0.1,0.23,0.54
2026-04-09T11:26:11.028,ANANDRATHI,,,,,,,,,,,,,,,,,,,,,2026-04-09,,,,,20.7,14.58,14.91,12.05,0.09,0.11,0.21
2026-04-09T11:26:11.028,DATAPATTNS,,,,,,,,,,,,,,,,,,,,,2026-04-09,,,,,20.56,26.96,4.48,4.91,-0.03,0.24,0.19
2026-04-09T11:26:11.028,RICOAUTO,,,,,,,,,,,,,,,,,,,,,2026-04-09,,,,,19.59,15.77,16.97,-2.66,0.03,-0.11,0.25
2026-04-09T11:26:11.028,RISHABH,,,,,,,,,,,,,,,,,,,,,2026-04-09,,,,,19.42,16.8,7.3,3.33,0.15,0.09,0.08
2026-04-09T11:26:11.028,CCL,,,,,,,,,,,,,,,,,,,,,2026-04-09,,,,,19.27,15.67,7.87,5.59,0.06,0.15,0.25
2026-04-09T11:26:11.028,MBAPL,,,,,,,,,,,,,,,,,,,,,2026-04-09,,,,,19.27,12.68,19.89,19.9,0.16,0.25,0.37
2026-04-09T11:26:11.028,SYRMA,,,,,,,,,,,,,,,,,,,,,2026-04-09,,,,,18.53,18.35,8.05,19.95,0.12,0.14,0.03
2026-04-09T11:26:11.028,INDIANB,,,,,,,,,,,,,,,,,,,,,2026-04-09,,,,,18.16,18.33,15.15,10.59,0.02,0.11,0.25
2026-04-09T11:26:11.028,LAURUSLABS,,,,,,,,,,,,,,,,,,,,,2026-04-09,,,,,18.12,20.53,20.43,19.35,0.06,-0.02,0.25
2026-04-09T11:26:11.028,LTF,,,,,,,,,,,,,,,,,,,,,2026-04-09,,,,,18.07,21.32,32.25,12.34,0.02,-0.14,0.05
2026-04-09T11:26:11.028,ABCAPITAL,,,,,,,,,,,,,,,,,,,,,2026-04-09,,,,,17.98,23.34,25.09,9.12,0.04,-0.07,0.12
2026-04-09T11:26:11.028,GRMOVER,,,,,,,,,,,,,,,,,,,,,2026-04-09,,,,,17.92,24.65,34.59,13.42,0.07,-0.01,0.38
2026-04-09T11:26:11.028,AUBANK,,,,,,,,,,,,,,,,,,,,,2026-04-09,,,,,17.46,16.25,20.29,1.9,0.0,-0.05,0.3
2026-04-09T11:26:11.028,RBLBANK,,,,,,,,,,,,,,,,,,,,,2026-04-09,,,,,17.35,19.13,23.43,10.06,0.05,0.01,0.16
2026-04-09T11:26:11.028,ATALREAL,,,,,,,,,,,,,,,,,,,,,2026-04-09,,,,,16.41,22.26,23.0,36.28,0.06,-0.05,0.08
2026-04-09T11:26:11.028,SHARDACROP,,,,,,,,,,,,,,,,,,,,,2026-04-09,,,,,16.3,21.67,3.06,10.97,-0.01,0.22,0.22
2026-04-09T11:26:11.028,SPORTKING,,,,,,,,,,,,,,,,,,,,,2026-04-09,,,,,16.1,9.18,-3.35,-1.36,0.28,0.63,0.34
2026-04-09T11:26:11.028,SHRIPISTON,,,,,,,,,,,,,,,,,,,,,2026-04-09,,,,,16.09,12.54,14.35,5.77,0.1,-0.04,0.18
2026-04-09T11:26:11.028,BSE,,,,,,,,,,,,,,,,,,,,,2026-04-09,,,,,16.06,12.11,12.04,15.2,0.16,0.19,0.53
2026-04-09T11:26:11.028,INDSWFTLAB,,,,,,,,,,,,,,,,,,,,,2026-04-09,,,,,15.82,13.59,-3.24,-5.47,0.12,0.7,0.58
2026-04-09T11:26:11.028,ADANIPOWER,,,,,,,,,,,,,,,,,,,,,2026-04-09,,,,,15.49,9.15,9.6,4.54,0.22,0.16,0.15
2026-04-09T11:26:11.028,UJJIVANSFB,,,,,,,,,,,,,,,,,,,,,2026-04-09,,,,,14.91,15.65,17.48,5.64,0.06,0.01,0.22
2026-04-09T11:26:11.028,VEDL,,,,,,,,,,,,,,,,,,,,,2026-04-09,,,,,14.88,18.87,9.46,-1.37,0.02,0.19,0.55
2026-04-08T10:59:47.265,SWANDEF,,,,,,,,,,,,,,,,,,,,,2026-04-08,,,,,18558.75,18229.68,3455.88,-7.08,-0.07,3.63,840.86
2026-04-08T10:59:47.265,WAAREEINDO,,,,,,,,,,,,,,,,,,,,,2026-04-08,,,,,2967.36,2928.1,4192.96,24.78,0.31,-0.17,107.97
2026-04-08T10:59:47.265,CUPID,,,,,,,,,,,,,,,,,,,,,2026-04-08,,,,,139.59,109.74,115.1,41.21,0.13,0.09,1.1
2026-04-08T10:59:47.265,PFOCUS,,,,,,,,,,,,,,,,,,,,,2026-04-08,,,,,62.62,41.14,20.18,6.48,0.26,0.5,1.02
2026-04-08T10:59:47.265,MTARTECH,,,,,,,,,,,,,,,,,,,,,2026-04-08,,,,,50.23,37.39,12.52,2.88,0.13,0.7,1.12
2026-04-08T10:59:47.265,LUMAXTECH,,,,,,,,,,,,,,,,,,,,,2026-04-08,,,,,44.93,38.14,40.18,31.34,0.12,0.02,0.28
2026-04-08T10:59:47.265,MIRCELECTR,,,,,,,,,,,,,,,,,,,,,2026-04-08,,,,,42.39,19.5,11.98,2.17,0.17,0.11,0.27
2026-04-08T10:59:47.265,ROSSTECH,,,,,,,,,,,,,,,,,,,,,2026-04-08,,,,,40.57,33.34,12.62,NaN,0.14,0.28,0.09
2026-04-08T10:59:47.265,JAYNECOIND,,,,,,,,,,,,,,,,,,,,,2026-04-08,,,,,38.55,28.03,36.12,11.39,0.09,-0.12,0.17
2026-04-08T10:59:47.265,SMLMAH,,,,,,,,,,,,,,,,,,,,,2026-04-08,,,,,38.17,65.39,44.59,19.94,-0.03,0.05,0.36
2026-04-08T10:59:47.265,SBC,,,,,,,,,,,,,,,,,,,,,2026-04-08,,,,,36.05,35.87,17.7,0.7,-0.01,0.13,0.45
2026-04-08T10:59:47.265,BAJAJCON,,,,,,,,,,,,,,,,,,,,,2026-04-08,,,,,34.49,30.01,10.13,0.38,0.08,0.49,0.69
2026-04-08T10:59:47.265,KMEW,,,,,,,,,,,,,,,,,,,,,2026-04-08,,,,,34.37,24.55,20.83,NaN,0.07,-0.09,0.48
2026-04-08T10:59:47.265,STLTECH,,,,,,,,,,,,,,,,,,,,,2026-04-08,,,,,34.37,23.85,-0.8,-0.04,0.17,0.96,0.67
2026-04-08T10:59:47.265,SILVERIETF,,,,,,,,,,,,,,,,,,,,,2026-04-08,,,,,32.87,40.93,38.78,14.39,-0.07,0.04,0.65
2026-04-08T10:59:47.265,TATSILV,,,,,,,,,,,,,,,,,,,,,2026-04-08,,,,,32.85,40.98,38.74,14.55,-0.07,0.04,0.65
2026-04-08T10:59:47.265,SILVERADD,,,,,,,,,,,,,,,,,,,,,2026-04-08,,,,,32.79,40.87,38.79,14.54,-0.07,0.04,0.65
2026-04-08T10:59:47.265,SILVER1,,,,,,,,,,,,,,,,,,,,,2026-04-08,,,,,32.79,40.45,38.82,14.45,-0.07,0.04,0.65
2026-04-08T10:59:47.265,SILVER,,,,,,,,,,,,,,,,,,,,,2026-04-08,,,,,32.72,40.8,38.45,14.65,-0.07,0.04,0.64
2026-04-08T10:59:47.265,SILVERBEES,,,,,,,,,,,,,,,,,,,,,2026-04-08,,,,,32.66,40.61,38.44,14.48,-0.07,0.04,0.65
2026-04-08T10:59:47.265,SILVERBETA,,,,,,,,,,,,,,,,,,,,,2026-04-08,,,,,32.63,40.54,38.61,14.61,-0.07,0.04,0.64
2026-04-08T10:59:47.265,SBISILVER,,,,,,,,,,,,,,,,,,,,,2026-04-08,,,,,32.63,40.69,38.68,14.57,-0.07,0.04,0.65
2026-04-08T10:59:47.265,HDFCSILVER,,,,,,,,,,,,,,,,,,,,,2026-04-08,,,,,32.62,40.41,38.62,14.58,-0.07,0.03,0.64
2026-04-08T10:59:47.265,SILVERAG,,,,,,,,,,,,,,,,,,,,,2026-04-08,,,,,32.62,40.8,37.79,14.32,-0.08,0.04,0.64
2026-04-08T10:59:47.265,AXISILVER,,,,,,,,,,,,,,,,,,,,,2026-04-08,,,,,32.57,40.74,38.49,14.58,-0.07,0.04,0.65
2026-04-08T10:59:47.265,SILVERCASE,,,,,,,,,,,,,,,,,,,,,2026-04-08,,,,,32.54,NaN,NaN,NaN,-0.07,0.04,0.65
2026-04-08T10:59:47.265,HINDCOPPER,,,,,,,,,,,,,,,,,,,,,2026-04-08,,,,,31.85,37.58,30.59,1.41,-0.05,-0.02,0.58
2026-04-08T10:59:47.265,MCX,,,,,,,,,,,,,,,,,,,,,2026-04-08,,,,,31.15,30.54,19.6,9.4,0.02,0.17,0.62
2026-04-08T10:59:47.265,NATIONALUM,,,,,,,,,,,,,,,,,,,,,2026-04-08,,,,,30.94,29.43,15.78,1.44,0.02,0.22,0.88
2026-04-08T10:59:47.265,GVT&D,,,,,,,,,,,,,,,,,,,,,2026-04-08,,,,,30.81,36.28,13.65,20.56,-0.02,0.22,0.22
2026-04-08T10:59:47.265,BHAGYANGR,,,,,,,,,,,,,,,,,,,,,2026-04-08,,,,,29.82,25.2,19.67,-1.31,0.0,0.0,0.71
2026-04-08T10:59:47.265,FORCEMOT,,,,,,,,,,,,,,,,,,,,,2026-04-08,,,,,29.26,47.17,51.38,35.57,-0.02,0.01,0.27
2026-04-08T10:59:47.265,PRECWIRE,,,,,,,,,,,,,,,,,,,,,2026-04-08,,,,,29.14,32.65,13.51,0.24,-0.09,0.23,0.59
2026-04-08T10:59:47.265,BHARATSE,,,,,,,,,,,,,,,,,,,,,2026-04-08,,,,,29.04,NaN,NaN,NaN,-0.01,0.01,-0.04
2026-04-08T10:59:47.265,TDPOWERSYS,,,,,,,,,,,,,,,,,,,,,2026-04-08,,,,,28.62,37.56,13.45,10.94,0.04,0.34,0.53
2026-04-08T10:59:47.265,NETWEB,,,,,,,,,,,,,,,,,,,,,2026-04-08,,,,,28.33,24.6,6.71,15.56,0.05,0.13,-0.16
2026-04-08T10:59:47.265,IMFA,,,,,,,,,,,,,,,,,,,,,2026-04-08,,,,,27.25,22.11,22.54,16.54,0.13,-0.1,0.19
2026-04-08T10:59:47.265,GMDCLTD,,,,,,,,,,,,,,,,,,,,,2026-04-08,,,,,27.15,24.73,24.93,19.14,0.11,-0.03,-0.03
2026-04-08T10:59:47.265,THANGAMAYL,,,,,,,,,,,,,,,,,,,,,2026-04-08,,,,,25.67,23.13,16.54,-2.42,0.11,0.25,0.99
2026-04-08T10:59:47.265,SOUTHWEST,,,,,,,,,,,,,,,,,,,,,2026-04-08,,,,,25.39,15.21,9.85,1.15,0.19,0.14,0.69
2026-04-08T10:59:47.265,BLISSGVS,,,,,,,,,,,,,,,,,,,,,2026-04-08,,,,,25.26,14.94,1.53,2.41,0.15,0.53,0.62
2026-04-08T10:59:47.265,GODAVARIB,,,,,,,,,,,,,,,,,,,,,2026-04-08,,,,,24.42,15.63,3.81,NaN,0.12,0.06,0.24
2026-04-08T10:59:47.265,KIRLOSENG,,,,,,,,,,,,,,,,,,,,,2026-04-08,,,,,24.25,32.03,8.3,-4.8,0.0,0.16,0.59
2026-04-08T10:59:47.265,CCL,,,,,,,,,,,,,,,,,,,,,2026-04-08,,,,,23.15,15.58,7.56,4.96,0.12,0.26,0.35
2026-04-08T10:59:47.265,LUMAXIND,,,,,,,,,,,,,,,,,,,,,2026-04-08,,,,,22.98,32.66,31.15,24.56,-0.09,-0.03,0.02
2026-04-08T10:59:47.265,ACUTAAS,,,,,,,,,,,,,,,,,,,,,2026-04-08,,,,,22.54,23.54,15.41,13.1,0.03,0.31,0.66
2026-04-08T10:59:47.265,APEX,,,,,,,,,,,,,,,,,,,,,2026-04-08,,,,,22.02,17.96,6.74,-2.26,0.13,0.38,0.81
2026-04-08T10:59:47.265,AGIIL,,,,,,,,,,,,,,,,,,,,,2026-04-08,,,,,21.38,22.05,13.24,36.99,0.06,0.21,0.2
2026-04-08T10:59:47.265,TFCILTD,,,,,,,,,,,,,,,,,,,,,2026-04-08,,,,,20.92,28.55,16.7,29.69,-0.02,0.21,-0.09
2026-04-08T10:59:47.265,SMSPHARMA,,,,,,,,,,,,,,,,,,,,,2026-04-08,,,,,20.73,20.04,11.17,-4.72,0.03,0.22,0.55
2026-04-08T10:59:47.265,RICOAUTO,,,,,,,,,,,,,,,,,,,,,2026-04-08,,,,,20.55,16.23,18.65,-2.32,-0.01,-0.15,0.23
2026-04-08T10:59:47.265,MBAPL,,,,,,,,,,,,,,,,,,,,,2026-04-08,,,,,20.48,12.55,21.72,19.36,0.17,0.27,0.4
2026-04-08T10:59:47.265,SANSERA,,,,,,,,,,,,,,,,,,,,,2026-04-08,,,,,20.33,20.71,7.61,-3.63,0.02,0.21,0.62
2026-04-08T10:59:47.265,DATAPATTNS,,,,,,,,,,,,,,,,,,,,,2026-04-08,,,,,19.71,22.62,3.8,2.29,-0.02,0.26,0.25
2026-04-08T10:59:47.265,GRMOVER,,,,,,,,,,,,,,,,,,,,,2026-04-08,,,,,19.64,25.34,33.0,12.22,0.03,0.02,0.39
2026-04-08T10:59:47.265,APARINDS,,,,,,,,,,,,,,,,,,,,,2026-04-08,,,,,19.16,14.44,-1.54,-3.0,0.01,0.28,0.28
2026-04-08T10:59:47.265,SJS,,,,,,,,,,,,,,,,,,,,,2026-04-08,,,,,18.75,19.57,16.71,13.8,0.01,-0.09,0.12
2026-04-08T10:59:47.265,RBLBANK,,,,,,,,,,,,,,,,,,,,,2026-04-08,,,,,18.72,21.15,24.58,9.98,0.05,0.01,0.18
2026-04-08T10:59:47.265,SPORTKING,,,,,,,,,,,,,,,,,,,,,2026-04-08,,,,,18.35,8.84,-2.63,-2.8,0.27,0.62,0.39
2026-04-08T10:59:47.265,SYRMA,,,,,,,,,,,,,,,,,,,,,2026-04-08,,,,,18.23,17.78,8.25,17.91,0.1,0.13,0.05
2026-04-08T10:59:47.265,MAANALU,,,,,,,,,,,,,,,,,,,,,2026-04-08,,,,,17.5,7.23,9.4,-5.41,0.06,-0.13,0.32
2026-04-08T10:59:47.265,GVPIL,,,,,,,,,,,,,,,,,,,,,2026-04-08,,,,,17.48,18.19,-0.0,-2.63,-0.02,0.3,0.33
2026-04-08T10:59:47.265,INDIANB,,,,,,,,,,,,,,,,,,,,,2026-04-08,,,,,17.34,18.89,15.13,9.56,0.0,0.11,0.29
2026-04-08T10:59:47.265,LTF,,,,,,,,,,,,,,,,,,,,,2026-04-08,,,,,17.29,23.79,31.78,11.9,-0.0,-0.14,0.07
2026-04-08T10:59:47.265,ANANDRATHI,,,,,,,,,,,,,,,,,,,,,2026-04-08,,,,,17.28,14.31,14.1,11.78,0.04,0.08,0.15
2026-04-08T10:59:47.265,LAURUSLABS,,,,,,,,,,,,,,,,,,,,,2026-04-08,,,,,17.16,20.96,21.35,19.98,0.03,-0.02,0.24
2026-04-08T10:59:47.265,SHARDACROP,,,,,,,,,,,,,,,,,,,,,2026-04-08,,,,,17.1,21.36,3.94,9.62,-0.04,0.2,0.26
2026-04-08T10:59:47.265,RACLGEAR,,,,,,,,,,,,,,,,,,,,,2026-04-08,,,,,17.06,23.2,9.02,NaN,-0.08,0.15,0.08
2026-04-08T10:59:47.265,ABCAPITAL,,,,,,,,,,,,,,,,,,,,,2026-04-08,,,,,16.63,25.04,24.25,8.57,0.01,-0.09,0.1
2026-04-08T10:59:47.265,AUBANK,,,,,,,,,,,,,,,,,,,,,2026-04-08,,,,,16.55,18.79,18.41,0.96,-0.02,-0.05,0.32
2026-04-08T10:59:47.265,DBOL,,,,,,,,,,,,,,,,,,,,,2026-04-08,,,,,16.48,11.99,-4.82,-10.46,0.12,0.42,0.4
2026-04-08T10:59:47.265,GOLDIETF,,,,,,,,,,,,,,,,,,,,,2026-04-08,,,,,16.27,19.53,17.48,13.28,-0.05,0.12,0.28
2026-04-08T10:59:47.265,GOLDBETA,,,,,,,,,,,,,,,,,,,,,2026-04-08,,,,,16.19,19.58,17.57,13.19,-0.06,0.12,0.28
2026-04-08T10:59:47.265,JPOLYINVST,,,,,,,,,,,,,,,,,,,,,2026-04-08,,,,,16.17,17.07,5.34,4.32,0.06,0.16,0.25
2026-04-08T10:59:47.265,AXISGOLD,,,,,,,,,,,,,,,,,,,,,2026-04-08,,,,,16.16,19.24,17.52,13.47,-0.05,0.12,0.27
2026-04-08T10:59:47.265,PRIVISCL,,,,,,,,,,,,,,,,,,,,,2026-04-08,,,,,16.15,20.1,15.19,13.81,0.02,0.07,0.26
2026-04-08T10:59:47.265,GOLDBEES,,,,,,,,,,,,,,,,,,,,,2026-04-08,,,,,16.1,19.39,17.32,13.04,-0.06,0.12,0.28
2026-04-08T10:59:47.265,SETFGOLD,,,,,,,,,,,,,,,,,,,,,2026-04-08,,,,,16.01,19.43,17.41,13.01,-0.06,0.11,0.28
2026-04-08T10:59:47.265,GOLDCASE,,,,,,,,,,,,,,,,,,,,,2026-04-08,,,,,16.0,19.46,17.32,13.03,-0.06,0.12,0.28
2026-04-08T10:59:47.265,WHEELS,,,,,,,,,,,,,,,,,,,,,2026-04-08,,,,,16.0,10.44,8.68,4.29,0.14,0.14,0.15
2026-03-19T15:15:04.552,WAAREEINDO,,,,,,,,,,,,,,,,,,,,,2026-03-19,,,,,2842.06,3580.48,3613.02,20.29,-0.13,-0.15,95.54
2026-03-19T15:15:04.552,CUPID,,,,,,,,,,,,,,,,,,,,,2026-03-19,,,,,117.5,114.15,112.1,36.64,-0.08,-0.08,0.93
2026-03-19T15:15:04.552,SMLMAH,,,,,,,,,,,,,,,,,,,,,2026-03-19,,,,,54.51,66.79,35.77,28.13,-0.23,0.1,0.04
2026-03-19T15:15:04.552,VENUSREM,,,,,,,,,,,,,,,,,,,,,2026-03-19,,,,,43.11,27.49,32.45,6.23,0.14,0.11,0.93
2026-03-19T15:15:04.552,LUMAXTECH,,,,,,,,,,,,,,,,,,,,,2026-03-19,,,,,42.17,45.91,36.96,26.88,-0.04,0.09,0.45
2026-03-19T15:15:04.552,MTARTECH,,,,,,,,,,,,,,,,,,,,,2026-03-19,,,,,40.15,36.02,11.46,-0.1,-0.07,0.51,1.02
2026-03-19T15:15:04.552,SIGMAADV,,,,,,,,,,,,,,,,,,,,,2026-03-19,,,,,40.04,31.48,39.21,41.46,-0.05,-0.07,0.11
2026-03-19T15:15:04.552,FORCEMOT,,,,,,,,,,,,,,,,,,,,,2026-03-19,,,,,39.64,68.01,37.67,44.17,-0.2,0.21,0.05
2026-03-19T15:15:04.552,PFOCUS,,,,,,,,,,,,,,,,,,,,,2026-03-19,,,,,39.4,40.08,17.84,10.87,-0.06,0.25,0.35
2026-03-19T15:15:04.552,SBC,,,,,,,,,,,,,,,,,,,,,2026-03-19,,,,,36.12,32.08,16.17,-0.29,0.01,0.12,0.46
2026-03-19T15:15:04.552,MCX,,,,,,,,,,,,,,,,,,,,,2026-03-19,,,,,35.83,22.89,14.75,9.93,0.11,0.26,0.65
2026-03-19T15:15:04.552,GVT&D,,,,,,,,,,,,,,,,,,,,,2026-03-19,,,,,35.43,28.3,15.24,16.93,0.03,0.26,0.28
2026-03-19T15:15:04.552,ROSSTECH,,,,,,,,,,,,,,,,,,,,,2026-03-19,,,,,34.21,26.68,9.25,NaN,-0.03,0.08,-0.06
2026-03-19T15:15:04.552,TDPOWERSYS,,,,,,,,,,,,,,,,,,,,,2026-03-19,,,,,32.95,31.27,16.96,8.4,-0.04,0.16,0.53
2026-03-19T15:15:04.552,SILVERAG,,,,,,,,,,,,,,,,,,,,,2026-03-19,,,,,31.91,33.91,27.21,12.43,0.01,0.15,0.78
2026-03-19T15:15:04.552,ESILVER,,,,,,,,,,,,,,,,,,,,,2026-03-19,,,,,31.6,34.45,26.9,12.29,-0.01,0.15,0.78
2026-03-19T15:15:04.552,AXISILVER,,,,,,,,,,,,,,,,,,,,,2026-03-19,,,,,31.59,34.0,27.05,12.55,-0.0,0.15,0.77
2026-03-19T15:15:04.552,SILVERIETF,,,,,,,,,,,,,,,,,,,,,2026-03-19,,,,,31.57,34.0,27.3,12.82,-0.0,0.15,0.75
2026-03-19T15:15:04.552,SILVER,,,,,,,,,,,,,,,,,,,,,2026-03-19,,,,,31.54,33.99,27.08,12.62,0.0,0.15,0.77
2026-03-19T15:15:04.552,TATSILV,,,,,,,,,,,,,,,,,,,,,2026-03-19,,,,,31.53,34.11,27.31,12.5,-0.0,0.14,0.77
2026-03-19T15:15:04.552,SILVERADD,,,,,,,,,,,,,,,,,,,,,2026-03-19,,,,,31.42,34.16,27.32,12.51,-0.0,0.14,0.76
2026-03-19T15:15:04.552,SBISILVER,,,,,,,,,,,,,,,,,,,,,2026-03-19,,,,,31.36,33.9,27.26,12.33,-0.0,0.14,0.77
2026-03-19T15:15:04.552,SILVERBEES,,,,,,,,,,,,,,,,,,,,,2026-03-19,,,,,31.3,33.78,27.05,12.43,-0.0,0.14,0.76
2026-03-19T15:15:04.552,SILVERBETA,,,,,,,,,,,,,,,,,,,,,2026-03-19,,,,,31.28,33.68,27.2,12.64,-0.0,0.14,0.75
2026-03-19T15:15:04.552,HDFCSILVER,,,,,,,,,,,,,,,,,,,,,2026-03-19,,,,,31.19,33.56,27.21,12.49,0.0,0.14,0.76
2026-03-19T15:15:04.552,SILVER1,,,,,,,,,,,,,,,,,,,,,2026-03-19,,,,,31.08,34.03,27.06,12.33,-0.01,0.14,0.76
2026-03-19T15:15:04.552,STLTECH,,,,,,,,,,,,,,,,,,,,,2026-03-19,,,,,29.41,17.15,-3.5,-0.13,0.13,0.92,0.49
2026-03-19T15:15:04.552,JAYNECOIND,,,,,,,,,,,,,,,,,,,,,2026-03-19,,,,,28.19,27.46,20.16,11.58,-0.14,-0.02,-0.02
2026-03-19T15:15:04.552,PRECWIRE,,,,,,,,,,,,,,,,,,,,,2026-03-19,,,,,28.12,21.03,7.01,-0.88,0.04,0.33,0.62
2026-03-19T15:15:04.552,BAJAJCON,,,,,,,,,,,,,,,,,,,,,2026-03-19,,,,,27.2,25.74,5.75,-2.24,-0.08,0.36,0.5
2026-03-19T15:15:04.552,TFCILTD,,,,,,,,,,,,,,,,,,,,,2026-03-19,,,,,27.1,39.73,20.61,24.95,-0.14,0.02,-0.1
2026-03-19T15:15:04.552,NETWEB,,,,,,,,,,,,,,,,,,,,,2026-03-19,,,,,26.97,20.73,7.9,1.98,0.05,0.01,0.14
2026-03-19T15:15:04.552,KIRLOSENG,,,,,,,,,,,,,,,,,,,,,2026-03-19,,,,,26.94,17.82,6.81,-5.83,-0.01,0.11,0.52
2026-03-19T15:15:04.552,HINDCOPPER,,,,,,,,,,,,,,,,,,,,,2026-03-19,,,,,26.68,33.35,8.46,-0.87,-0.15,0.27,0.62
2026-03-19T15:15:04.552,SAKAR,,,,,,,,,,,,,,,,,,,,,2026-03-19,,,,,26.29,19.86,9.67,0.76,0.08,0.25,0.54
2026-03-19T15:15:04.552,ACUTAAS,,,,,,,,,,,,,,,,,,,,,2026-03-19,,,,,25.83,16.91,13.68,21.94,0.08,0.35,0.54
2026-03-19T15:15:04.552,LUMAXIND,,,,,,,,,,,,,,,,,,,,,2026-03-19,,,,,25.59,39.17,31.51,13.51,-0.19,-0.1,0.19
2026-03-19T15:15:04.552,KMEW,,,,,,,,,,,,,,,,,,,,,2026-03-19,,,,,24.53,21.67,18.13,NaN,-0.11,-0.15,0.27
2026-03-19T15:15:04.552,NATIONALUM,,,,,,,,,,,,,,,,,,,,,2026-03-19,,,,,24.14,19.93,6.55,5.16,0.1,0.35,0.74
2026-03-19T15:15:04.552,GMDCLTD,,,,,,,,,,,,,,,,,,,,,2026-03-19,,,,,23.79,19.12,12.01,13.11,-0.02,0.06,-0.03
2026-03-19T15:15:04.552,BSE,,,,,,,,,,,,,,,,,,,,,2026-03-19,,,,,23.72,9.71,12.05,26.95,0.05,0.1,0.31
2026-03-19T15:15:04.552,CENTUM,,,,,,,,,,,,,,,,,,,,,2026-03-19,,,,,23.17,6.46,4.98,13.4,0.15,0.23,0.01
2026-03-19T15:15:04.552,BHAGYANGR,,,,,,,,,,,,,,,,,,,,,2026-03-19,,,,,22.89,19.51,9.4,-0.9,-0.05,0.1,0.52
2026-03-19T15:15:04.552,IMFA,,,,,,,,,,,,,,,,,,,,,2026-03-19,,,,,21.95,24.46,14.47,13.62,-0.1,-0.12,0.19
2026-03-19T15:15:04.552,POWERINDIA,,,,,,,,,,,,,,,,,,,,,2026-03-19,,,,,21.95,19.46,11.47,15.46,0.07,0.28,0.23
2026-03-19T15:15:04.552,DATAPATTNS,,,,,,,,,,,,,,,,,,,,,2026-03-19,,,,,21.53,10.23,1.02,1.3,0.15,0.32,0.18
2026-03-19T15:15:04.552,THANGAMAYL,,,,,,,,,,,,,,,,,,,,,2026-03-19,,,,,21.22,23.06,15.91,0.6,-0.09,0.02,0.57
2026-03-19T15:15:04.552,SMSPHARMA,,,,,,,,,,,,,,,,,,,,,2026-03-19,,,,,20.45,16.9,7.44,-3.75,-0.01,0.18,0.28
2026-03-19T15:15:04.552,AGIIL,,,,,,,,,,,,,,,,,,,,,2026-03-19,,,,,20.39,9.27,11.88,31.37,0.26,0.14,0.3
2026-03-19T15:15:04.552,GODAVARIB,,,,,,,,,,,,,,,,,,,,,2026-03-19,,,,,20.37,6.83,-2.07,NaN,0.12,0.15,0.06
2026-03-19T15:15:04.552,MIRCELECTR,,,,,,,,,,,,,,,,,,,,,2026-03-19,,,,,20.23,15.85,6.71,4.54,-0.19,-0.04,-0.15
2026-03-19T15:15:04.552,SANSERA,,,,,,,,,,,,,,,,,,,,,2026-03-19,,,,,20.05,19.12,3.34,-0.64,-0.03,0.27,0.49
2026-03-19T15:15:04.552,CHENNPETRO,,,,,,,,,,,,,,,,,,,,,2026-03-19,,,,,20.0,15.97,13.58,-1.5,0.16,0.13,0.37
2026-03-19T15:15:04.552,SJS,,,,,,,,,,,,,,,,,,,,,2026-03-19,,,,,19.45,21.21,11.84,12.34,-0.15,-0.03,0.11
2026-03-19T15:15:04.552,JPOLYINVST,,,,,,,,,,,,,,,,,,,,,2026-03-19,,,,,19.43,15.05,6.64,4.23,-0.04,0.09,0.22
2026-03-19T15:15:04.552,ABCAPITAL,,,,,,,,,,,,,,,,,,,,,2026-03-19,,,,,19.18,24.46,19.99,9.66,-0.11,-0.1,0.07
2026-03-19T15:15:04.552,PRIVISCL,,,,,,,,,,,,,,,,,,,,,2026-03-19,,,,,18.95,13.0,16.38,13.33,0.02,-0.04,0.24
2026-03-19T15:15:04.552,SILVERTUC,,,,,,,,,,,,,,,,,,,,,2026-03-19,,,,,18.93,20.69,5.89,0.38,-0.08,0.41,0.58
2026-03-19T15:15:04.552,RBLBANK,,,,,,,,,,,,,,,,,,,,,2026-03-19,,,,,18.76,20.63,18.14,8.29,-0.1,-0.02,0.09
2026-03-19T15:15:04.552,SOUTHWEST,,,,,,,,,,,,,,,,,,,,,2026-03-19,,,,,18.42,8.79,9.37,0.17,0.06,0.04,0.41
2026-03-19T15:15:04.552,ANANDRATHI,,,,,,,,,,,,,,,,,,,,,2026-03-19,,,,,18.35,15.07,11.13,13.76,0.01,0.01,-0.01
2026-03-19T15:15:04.552,GVPIL,,,,,,,,,,,,,,,,,,,,,2026-03-19,,,,,18.23,28.31,-4.45,-1.02,-0.21,0.41,0.16
2026-03-19T15:15:04.552,SYRMA,,,,,,,,,,,,,,,,,,,,,2026-03-19,,,,,17.94,16.22,7.04,21.37,-0.12,0.06,-0.07
2026-03-19T15:15:04.552,ATALREAL,,,,,,,,,,,,,,,,,,,,,2026-03-19,,,,,17.86,20.68,25.35,35.22,-0.11,-0.09,0.21
2026-03-19T15:15:04.552,BLISSGVS,,,,,,,,,,,,,,,,,,,,,2026-03-19,,,,,17.72,14.88,-2.35,3.75,-0.11,0.43,0.36
2026-03-19T15:15:04.552,CCL,,,,,,,,,,,,,,,,,,,,,2026-03-19,,,,,17.69,12.99,8.89,5.75,0.02,0.04,0.13
2026-03-19T15:15:04.552,TATAGOLD,,,,,,,,,,,,,,,,,,,,,2026-03-19,,,,,16.56,17.23,15.89,12.39,-0.01,0.13,0.34
2026-03-19T15:15:04.552,AUBANK,,,,,,,,,,,,,,,,,,,,,2026-03-19,,,,,16.34,16.61,17.67,0.8,-0.1,-0.09,0.27
2026-03-19T15:15:04.552,INDIANB,,,,,,,,,,,,,,,,,,,,,2026-03-19,,,,,16.23,17.42,9.32,8.42,-0.07,0.1,0.23
2026-03-19T15:15:04.552,ASHOKLEY,,,,,,,,,,,,,,,,,,,,,2026-03-19,,,,,16.22,23.31,12.08,3.3,-0.19,0.01,0.25
2026-03-19T15:15:04.552,BSLGOLDETF,,,,,,,,,,,,,,,,,,,,,2026-03-19,,,,,16.17,17.39,16.09,12.51,-0.02,0.11,0.32
2026-03-19T15:15:04.552,QGOLDHALF,,,,,,,,,,,,,,,,,,,,,2026-03-19,,,,,16.15,17.39,16.14,12.4,-0.02,0.11,0.33
2026-03-19T15:15:04.552,GOLDETF,,,,,,,,,,,,,,,,,,,,,2026-03-19,,,,,16.05,17.36,15.99,12.33,-0.02,0.11,0.33
2026-03-19T15:15:04.552,SHARDACROP,,,,,,,,,,,,,,,,,,,,,2026-03-19,,,,,16.04,27.94,5.21,12.76,-0.23,0.04,0.08
2026-03-19T15:15:04.552,GOLDBETA,,,,,,,,,,,,,,,,,,,,,2026-03-19,,,,,15.94,17.56,16.25,12.58,-0.03,0.1,0.32
2026-03-19T15:15:04.552,GOLDCASE,,,,,,,,,,,,,,,,,,,,,2026-03-19,,,,,15.93,17.34,15.91,12.31,-0.02,0.11,0.32
2026-03-19T15:15:04.552,HDFCGOLD,,,,,,,,,,,,,,,,,,,,,2026-03-19,,,,,15.87,17.4,15.96,12.32,-0.03,0.11,0.32
2026-03-19T15:15:04.552,GOLDADD,,,,,,,,,,,,,,,,,,,,,2026-03-19,,,,,15.82,17.28,16.02,12.37,-0.03,0.1,0.31
2026-03-19T15:15:04.552,SETFGOLD,,,,,,,,,,,,,,,,,,,,,2026-03-19,,,,,15.81,17.24,16.01,12.3,-0.03,0.1,0.32
2026-03-19T15:15:04.552,GOLD1,,,,,,,,,,,,,,,,,,,,,2026-03-19,,,,,15.79,17.4,15.94,12.24,-0.03,0.11,0.32
2026-03-12T11:07:28.737,TAKE,,,,,,,,,,,,,,,,,,,,,2026-03-12,,,,,86.35,83.23,32.39,-9.79,-0.11,0.23,2.91
2026-03-12T11:07:28.737,MAHASTEEL,,,,,,,,,,,,,,,,,,,,,2026-03-12,,,,,74.14,61.4,70.11,28.03,0.41,0.25,1.5
2026-03-12T11:07:28.737,SMLMAH,,,,,,,,,,,,,,,,,,,,,2026-03-12,,,,,48.97,52.67,36.62,23.76,-0.11,0.02,0.05
2026-03-12T11:07:28.737,VENUSREM,,,,,,,,,,,,,,,,,,,,,2026-03-12,,,,,46.43,37.8,36.9,9.06,0.22,0.14,0.96
2026-03-12T11:07:28.737,PFOCUS,,,,,,,,,,,,,,,,,,,,,2026-03-12,,,,,42.05,37.93,18.08,9.75,0.04,0.32,0.45
2026-03-12T11:07:28.737,FORCEMOT,,,,,,,,,,,,,,,,,,,,,2026-03-12,,,,,40.65,59.51,33.92,32.76,-0.1,0.28,0.18
2026-03-12T11:07:28.737,TATSILV,,,,,,,,,,,,,,,,,,,,,2026-03-12,,,,,40.16,41.87,24.09,12.12,0.02,0.41,1.06
2026-03-12T11:07:28.737,SILVERIETF,,,,,,,,,,,,,,,,,,,,,2026-03-12,,,,,39.82,41.78,24.02,12.11,0.02,0.41,1.06
2026-03-12T11:07:28.737,SILVER,,,,,,,,,,,,,,,,,,,,,2026-03-12,,,,,39.79,41.74,24.02,12.36,0.02,0.41,1.05
2026-03-12T11:07:28.737,SILVER1,,,,,,,,,,,,,,,,,,,,,2026-03-12,,,,,39.77,41.93,23.81,12.06,0.02,0.42,1.06
2026-03-12T11:07:28.737,AXISILVER,,,,,,,,,,,,,,,,,,,,,2026-03-12,,,,,39.73,41.56,23.76,12.8,0.02,0.42,1.02
2026-03-12T11:07:28.737,SILVERBEES,,,,,,,,,,,,,,,,,,,,,2026-03-12,,,,,39.63,41.7,23.8,11.99,0.02,0.41,1.06
2026-03-12T11:07:28.737,SILVERAG,,,,,,,,,,,,,,,,,,,,,2026-03-12,,,,,39.49,41.82,23.97,12.2,0.01,0.41,1.05
2026-03-12T11:07:28.737,SBISILVER,,,,,,,,,,,,,,,,,,,,,2026-03-12,,,,,39.48,41.34,23.97,12.18,0.02,0.41,1.04
2026-03-12T11:07:28.737,SILVERBETA,,,,,,,,,,,,,,,,,,,,,2026-03-12,,,,,39.4,41.69,23.84,12.28,0.01,0.41,1.03
2026-03-12T11:07:28.737,HDFCSILVER,,,,,,,,,,,,,,,,,,,,,2026-03-12,,,,,39.33,41.54,23.98,12.19,0.02,0.41,1.04
2026-03-12T11:07:28.737,MTARTECH,,,,,,,,,,,,,,,,,,,,,2026-03-12,,,,,38.4,33.64,8.83,-5.21,-0.04,0.53,1.47
2026-03-12T11:07:28.737,GVT&D,,,,,,,,,,,,,,,,,,,,,2026-03-12,,,,,37.1,28.81,15.13,16.31,0.04,0.29,0.38
2026-03-12T11:07:28.737,LUMAXTECH,,,,,,,,,,,,,,,,,,,,,2026-03-12,,,,,36.76,48.57,43.34,29.64,-0.14,-0.05,0.24
2026-03-12T11:07:28.737,STLTECH,,,,,,,,,,,,,,,,,,,,,2026-03-12,,,,,36.51,15.4,-2.64,-1.78,0.25,1.05,0.69
2026-03-12T11:07:28.737,MCX,,,,,,,,,,,,,,,,,,,,,2026-03-12,,,,,35.87,28.19,15.09,9.62,0.01,0.26,0.64
2026-03-12T11:07:28.737,ROSSTECH,,,,,,,,,,,,,,,,,,,,,2026-03-12,,,,,34.59,23.83,NaN,NaN,-0.02,0.05,0.05
2026-03-12T11:07:28.737,HINDCOPPER,,,,,,,,,,,,,,,,,,,,,2026-03-12,,,,,33.55,39.42,8.29,-4.87,-0.12,0.47,1.16
2026-03-12T11:07:28.737,SBC,,,,,,,,,,,,,,,,,,,,,2026-03-12,,,,,32.45,29.47,14.63,0.28,0.05,0.18,0.57
2026-03-12T11:07:28.737,KIRLOSENG,,,,,,,,,,,,,,,,,,,,,2026-03-12,,,,,31.22,13.61,3.9,-7.86,0.15,0.3,0.68
2026-03-12T11:07:28.737,TDPOWERSYS,,,,,,,,,,,,,,,,,,,,,2026-03-12,,,,,30.91,33.66,16.35,7.07,-0.06,0.18,0.46
2026-03-12T11:07:28.737,PRECWIRE,,,,,,,,,,,,,,,,,,,,,2026-03-12,,,,,29.25,16.83,7.18,0.31,0.27,0.41,0.82
2026-03-12T11:07:28.737,BAJAJCON,,,,,,,,,,,,,,,,,,,,,2026-03-12,,,,,28.79,27.12,8.17,-3.21,-0.08,0.37,0.58
2026-03-12T11:07:28.737,JAYNECOIND,,,,,,,,,,,,,,,,,,,,,2026-03-12,,,,,28.54,27.16,18.24,9.47,-0.09,0.02,0.15
2026-03-12T11:07:28.737,JPOLYINVST,,,,,,,,,,,,,,,,,,,,,2026-03-12,,,,,27.03,8.75,6.85,2.24,0.28,0.23,0.45
2026-03-12T11:07:28.737,NATIONALUM,,,,,,,,,,,,,,,,,,,,,2026-03-12,,,,,26.89,24.51,3.08,3.07,0.07,0.5,0.91
2026-03-12T11:07:28.737,DATAPATTNS,,,,,,,,,,,,,,,,,,,,,2026-03-12,,,,,26.55,9.26,2.35,-1.04,0.15,0.28,0.27
2026-03-12T11:07:28.737,BHAGYANGR,,,,,,,,,,,,,,,,,,,,,2026-03-12,,,,,26.44,23.72,6.26,-2.88,-0.07,0.29,0.74
2026-03-12T11:07:28.737,JINDALPHOT,,,,,,,,,,,,,,,,,,,,,2026-03-12,,,,,26.34,22.41,22.28,8.51,-0.12,-0.18,0.12
2026-03-12T11:07:28.737,SMSPHARMA,,,,,,,,,,,,,,,,,,,,,2026-03-12,,,,,25.82,13.51,6.77,-5.37,0.29,0.32,0.65
2026-03-12T11:07:28.737,GMDCLTD,,,,,,,,,,,,,,,,,,,,,2026-03-12,,,,,25.75,23.61,11.16,11.48,-0.09,0.13,0.06
2026-03-12T11:07:28.737,SAKAR,,,,,,,,,,,,,,,,,,,,,2026-03-12,,,,,24.97,15.08,7.13,0.62,0.21,0.42,0.71
2026-03-12T11:07:28.737,LUMAXIND,,,,,,,,,,,,,,,,,,,,,2026-03-12,,,,,24.78,42.93,32.07,12.0,-0.17,-0.1,0.21
2026-03-12T11:07:28.737,TFCILTD,,,,,,,,,,,,,,,,,,,,,2026-03-12,,,,,24.72,32.55,21.94,25.9,-0.05,0.0,-0.08
2026-03-12T11:07:28.737,NETWEB,,,,,,,,,,,,,,,,,,,,,2026-03-12,,,,,24.37,21.5,5.83,4.07,0.0,0.04,0.04
2026-03-12T11:07:28.737,THANGAMAYL,,,,,,,,,,,,,,,,,,,,,2026-03-12,,,,,23.82,24.79,15.42,1.06,-0.09,0.05,0.52
2026-03-12T11:07:28.737,KMEW,,,,,,,,,,,,,,,,,,,,,2026-03-12,,,,,23.8,21.99,11.33,NaN,-0.11,-0.0,0.76
2026-03-12T11:07:28.737,ABCAPITAL,,,,,,,,,,,,,,,,,,,,,2026-03-12,,,,,22.3,24.15,21.66,8.69,-0.09,-0.11,0.11
2026-03-12T11:07:28.737,GRMOVER,,,,,,,,,,,,,,,,,,,,,2026-03-12,,,,,22.05,24.7,26.65,11.11,-0.04,0.01,0.28
2026-03-12T11:07:28.737,CHENNPETRO,,,,,,,,,,,,,,,,,,,,,2026-03-12,,,,,22.04,17.87,14.48,-4.09,0.03,0.0,0.31
2026-03-12T11:07:28.737,IMFA,,,,,,,,,,,,,,,,,,,,,2026-03-12,,,,,21.58,27.73,14.25,11.81,-0.14,-0.11,0.22
2026-03-12T11:07:28.737,PRIVISCL,,,,,,,,,,,,,,,,,,,,,2026-03-12,,,,,21.11,12.16,18.24,13.12,0.05,-0.08,0.26
2026-03-12T11:07:28.737,AGIIL,,,,,,,,,,,,,,,,,,,,,2026-03-12,,,,,20.78,11.88,13.44,30.32,0.27,0.17,0.32
2026-03-12T11:07:28.737,ACUTAAS,,,,,,,,,,,,,,,,,,,,,2026-03-12,,,,,20.23,16.63,12.06,24.73,0.06,0.29,0.44
2026-03-12T11:07:28.737,SANSERA,,,,,,,,,,,,,,,,,,,,,2026-03-12,,,,,20.06,17.14,2.48,-0.68,0.03,0.28,0.51
2026-03-12T11:07:28.737,GOLDBETA,,,,,,,,,,,,,,,,,,,,,2026-03-12,,,,,19.76,20.25,15.57,12.92,0.03,0.24,0.44
2026-03-12T11:07:28.737,LTF,,,,,,,,,,,,,,,,,,,,,2026-03-12,,,,,19.67,22.56,26.21,10.6,-0.09,-0.12,0.14
2026-03-12T11:07:28.737,AXISGOLD,,,,,,,,,,,,,,,,,,,,,2026-03-12,,,,,19.58,19.96,15.44,12.67,0.03,0.24,0.44
2026-03-12T11:07:28.737,GOLD1,,,,,,,,,,,,,,,,,,,,,2026-03-12,,,,,19.57,20.01,15.37,12.3,0.03,0.24,0.45
2026-03-12T11:07:28.737,GOLDCASE,,,,,,,,,,,,,,,,,,,,,2026-03-12,,,,,19.57,20.02,15.33,12.47,0.03,0.24,0.45
2026-03-12T11:07:28.737,GOLDIETF,,,,,,,,,,,,,,,,,,,,,2026-03-12,,,,,19.55,20.06,15.5,12.5,0.03,0.24,0.44
2026-03-12T11:07:28.737,HDFCGOLD,,,,,,,,,,,,,,,,,,,,,2026-03-12,,,,,19.47,20.03,15.38,12.49,0.03,0.24,0.45
2026-03-12T11:07:28.737,SETFGOLD,,,,,,,,,,,,,,,,,,,,,2026-03-12,,,,,19.45,19.99,15.35,12.47,0.03,0.24,0.45
2026-03-12T11:07:28.737,GOLDETF,,,,,,,,,,,,,,,,,,,,,2026-03-12,,,,,19.44,19.95,15.36,12.37,0.03,0.24,0.45
2026-03-12T11:07:28.737,GOLDBEES,,,,,,,,,,,,,,,,,,,,,2026-03-12,,,,,19.44,19.94,15.35,12.42,0.03,0.24,0.45
2026-03-12T11:07:28.737,TATAGOLD,,,,,,,,,,,,,,,,,,,,,2026-03-12,,,,,19.4,19.75,15.28,12.34,0.03,0.24,0.45
2026-03-12T11:07:28.737,BSE,,,,,,,,,,,,,,,,,,,,,2026-03-12,,,,,19.36,16.95,12.94,33.03,-0.11,0.09,0.2
2026-03-12T11:07:28.737,RBLBANK,,,,,,,,,,,,,,,,,,,,,2026-03-12,,,,,19.35,19.39,18.63,8.15,-0.02,-0.01,0.1
2026-03-12T11:07:28.737,GROWWGOLD,,,,,,,,,,,,,,,,,,,,,2026-03-12,,,,,19.27,19.77,15.21,NaN,0.03,0.24,0.44
2026-03-12T11:07:28.737,SHARDACROP,,,,,,,,,,,,,,,,,,,,,2026-03-12,,,,,19.24,27.35,4.99,12.01,-0.12,0.14,0.16
2026-03-12T11:07:28.737,LAURUSLABS,,,,,,,,,,,,,,,,,,,,,2026-03-12,,,,,18.79,15.59,18.27,20.67,0.07,0.01,0.15
2026-03-12T11:07:28.737,GODAVARIB,,,,,,,,,,,,,,,,,,,,,2026-03-12,,,,,18.43,7.52,-5.27,NaN,0.0,0.19,-0.03
2026-03-12T11:07:28.737,SJS,,,,,,,,,,,,,,,,,,,,,2026-03-12,,,,,18.41,19.51,10.42,9.89,-0.12,-0.06,0.1
2026-03-12T11:07:28.737,KARURVYSYA,,,,,,,,,,,,,,,,,,,,,2026-03-12,,,,,18.36,17.34,6.12,2.69,-0.08,0.24,0.46
2026-03-12T11:07:28.737,RACLGEAR,,,,,,,,,,,,,,,,,,,,,2026-03-12,,,,,18.05,10.79,4.62,NaN,0.13,0.29,0.43
2026-03-12T11:07:28.737,SOUTHWEST,,,,,,,,,,,,,,,,,,,,,2026-03-12,,,,,17.81,17.49,9.53,-0.48,-0.04,0.05,0.4
2026-03-12T11:07:28.737,MRPL,,,,,,,,,,,,,,,,,,,,,2026-03-12,,,,,17.42,14.35,1.77,-8.23,-0.03,0.23,0.51
2026-03-12T11:07:28.737,INDIANB,,,,,,,,,,,,,,,,,,,,,2026-03-12,,,,,17.19,17.49,8.38,5.72,0.01,0.17,0.36
2026-03-12T11:07:28.737,GESHIP,,,,,,,,,,,,,,,,,,,,,2026-03-12,,,,,17.07,10.42,1.42,-5.61,0.09,0.35,0.5
2026-03-12T11:07:28.737,CCL,,,,,,,,,,,,,,,,,,,,,2026-03-12,,,,,17.0,13.13,7.13,2.46,0.02,0.08,0.17
2026-03-12T11:07:28.737,BLISSGVS,,,,,,,,,,,,,,,,,,,,,2026-03-12,,,,,16.63,12.12,-0.43,4.15,0.02,0.41,0.37
2026-03-12T11:07:28.737,ASHOKLEY,,,,,,,,,,,,,,,,,,,,,2026-03-12,,,,,16.47,25.13,9.52,2.48,-0.15,0.13,0.33
2026-03-12T11:07:28.737,SYRMA,,,,,,,,,,,,,,,,,,,,,2026-03-12,,,,,16.18,14.3,9.43,22.39,-0.15,0.02,-0.13
2026-03-12T11:07:28.737,VEDL,,,,,,,,,,,,,,,,,,,,,2026-03-12,,,,,15.8,15.63,3.25,-1.5,0.03,0.35,0.64
2026-03-12T11:07:28.737,BHARATFORG,,,,,,,,,,,,,,,,,,,,,2026-03-12,,,,,15.4,10.08,1.38,-5.8,0.1,0.28,0.5
