Timestamp,Symbol,From52wh,3d range,5d,Sector,Industry,Free float,Scan_Date,Cmp,%ch,Low 2%,Low5,Sl,Target,R_vol,Forward pe,Pe,Rsi,Adx,%ch sl,Rs,Srs,Ars,Is,Tps,Rs score,Rs_score,Rscore_1mago,Rscore_3mago,Rscore_6mago,Rs_1m,Rs_3m,Rs_6m
2026-08-18T12:28:36.3,DEEPINDS,0.0,8.58,10.46,energy,oil drilling / allied services,1677.7,2026-08-18,,,,,,,,,,,,,,,,,,,,,,,,,
2026-08-18T12:28:36.3,MANINDS,0.09,8.55,11.9,metals & mining,steel - medium / small,2718.36,2026-08-18,,,,,,,,,,,,,,,,,,,,,,,,,
2026-08-18T12:28:36.3,ALPHAGEO,0.17,23.57,25.92,miscellaneous,miscellaneous,123.2,2026-08-18,,,,,,,,,,,,,,,,,,,,,,,,,
2026-08-18T12:28:36.3,HEG,0.2,4.88,7.12,industrials,electrodes - graphites,6051.76,2026-08-18,,,,,,,,,,,,,,,,,,,,,,,,,
2026-08-18T12:28:36.3,PARAS,0.24,11.57,18.29,aerospace & defence,engineering,5623.86,2026-08-18,,,,,,,,,,,,,,,,,,,,,,,,,
2026-08-18T12:28:36.3,HNDFDS,0.26,7.62,9.73,fmcg,diversified - large,2912.55,2026-08-18,,,,,,,,,,,,,,,,,,,,,,,,,
2026-08-18T12:28:36.3,RBA,0.3,7.09,12.27,consumer discretionary,hotels,6676.75,2026-08-18,,,,,,,,,,,,,,,,,,,,,,,,,
2026-08-18T12:28:36.3,RITCO,0.36,16.37,16.37,transportation,miscellaneous,338.42,2026-08-18,,,,,,,,,,,,,,,,,,,,,,,,,
2026-08-18T12:28:36.3,MMFL,0.48,19.86,19.86,industrials,castings & forgings,1415.96,2026-08-18,,,,,,,,,,,,,,,,,,,,,,,,,
2026-08-18T12:28:36.3,YASHO,0.64,12.19,12.19,chemicals,chemicals,1793.04,2026-08-18,,,,,,,,,,,,,,,,,,,,,,,,,
2026-08-18T12:28:36.3,NITINSPIN,0.68,13.25,15.07,textiles,textiles - cotton/blended,1461.86,2026-08-18,,,,,,,,,,,,,,,,,,,,,,,,,
2026-08-18T12:28:36.3,GNFC,0.73,11.95,12.04,chemicals,chemicals,5274.01,2026-08-18,,,,,,,,,,,,,,,,,,,,,,,,,
2026-08-18T12:28:36.3,QUESS,0.74,7.89,8.46,miscellaneous,diversified - large,2245.09,2026-08-18,,,,,,,,,,,,,,,,,,,,,,,,,
2026-08-18T12:28:36.3,RATNAVEER,0.76,22.25,24.02,metals & mining,steel - medium / small,987.32,2026-08-18,,,,,,,,,,,,,,,,,,,,,,,,,
2026-08-18T12:28:36.3,BALRAMCHIN,0.81,8.62,12.97,fmcg,sugar,8016.18,2026-08-18,,,,,,,,,,,,,,,,,,,,,,,,,
2026-08-18T12:28:36.3,ACE,0.81,9.99,11.46,industrials,engineering,4835.61,2026-08-18,,,,,,,,,,,,,,,,,,,,,,,,,
2026-08-18T12:28:36.3,INDSWFTLAB,0.88,17.02,20.59,healthcare,pharmaceuticals - indian - bulk drugs & formln,1689.76,2026-08-18,,,,,,,,,,,,,,,,,,,,,,,,,
2026-08-18T12:28:36.3,AETHER,1.01,6.66,7.36,chemicals,chemicals,5559.97,2026-08-18,,,,,,,,,,,,,,,,,,,,,,,,,
2026-08-18T12:28:36.3,TIIL,1.11,9.75,26.4,metals & mining,steel - medium / small,1896.61,2026-08-18,,,,,,,,,,,,,,,,,,,,,,,,,
2026-08-18T12:28:36.3,UNIPARTS,1.16,5.5,5.97,industrials,engineering,1277.42,2026-08-18,,,,,,,,,,,,,,,,,,,,,,,,,
2026-08-18T12:28:36.3,WELSPUNLIV,1.26,11.7,14.39,textiles,textiles - products,5707.92,2026-08-18,,,,,,,,,,,,,,,,,,,,,,,,,
2026-08-18T12:28:36.3,BLISSGVS,1.27,10.14,14.54,healthcare,pharmaceuticals - indian - formulations,3763.36,2026-08-18,,,,,,,,,,,,,,,,,,,,,,,,,
2026-08-18T12:28:36.3,GHCLTEXTIL,1.29,6.44,8.4,textiles,textiles - spinning - synthetic / blended,952.2,2026-08-18,,,,,,,,,,,,,,,,,,,,,,,,,
2026-08-18T12:28:36.3,PREMIERPOL,1.32,23.4,29.41,plastic products,plastics products,263.01,2026-08-18,,,,,,,,,,,,,,,,,,,,,,,,,
2026-08-18T12:28:36.3,FILATEX,1.43,9.17,9.41,textiles,textiles - manmade,1310.46,2026-08-18,,,,,,,,,,,,,,,,,,,,,,,,,
2026-08-18T12:28:36.3,HAPPYFORGE,1.66,13.67,20.14,industrials,castings & forgings,4582.65,2026-08-18,,,,,,,,,,,,,,,,,,,,,,,,,
2026-08-18T12:28:36.3,MAWANASUG,1.88,13.68,17.46,fmcg,sugar,182.88,2026-08-18,,,,,,,,,,,,,,,,,,,,,,,,,
2026-08-18T12:28:36.3,AVALON,1.92,11.6,12.17,consumer discretionary,electronics - components,7815.32,2026-08-18,,,,,,,,,,,,,,,,,,,,,,,,,
2026-08-18T12:28:36.3,CYIENTDLM,1.94,10.58,11.87,aerospace & defence,electronics - components,2844.42,2026-08-18,,,,,,,,,,,,,,,,,,,,,,,,,
2026-08-18T12:28:36.3,KRN,1.94,5.16,19.32,industrials,engineering,3400.22,2026-08-18,,,,,,,,,,,,,,,,,,,,,,,,,
2026-08-18T12:28:36.3,APOLLOPIPE,2.04,10.67,11.08,plastic products,plastics products,1166.56,2026-08-18,,,,,,,,,,,,,,,,,,,,,,,,,
2026-08-18T12:28:36.3,CHENNPETRO,2.08,10.99,11.09,energy,refineries,6930.93,2026-08-18,,,,,,,,,,,,,,,,,,,,,,,,,
2026-08-18T12:28:36.3,SALSTEEL,2.11,16.0,28.21,metals & mining,steel - sponge iron,310.04,2026-08-18,,,,,,,,,,,,,,,,,,,,,,,,,
2026-08-18T12:28:36.3,PONNIERODE,2.14,10.71,15.66,fmcg,sugar,166.55,2026-08-18,,,,,,,,,,,,,,,,,,,,,,,,,
2026-08-18T12:28:36.3,SANGHVIMOV,2.33,7.6,7.99,miscellaneous,miscellaneous,2355.19,2026-08-18,,,,,,,,,,,,,,,,,,,,,,,,,
2026-08-18T12:28:36.3,NAZARA,2.34,3.8,3.8,i.t,telecommunications - service provider,8641.14,2026-08-18,,,,,,,,,,,,,,,,,,,,,,,,,
2026-08-18T12:28:36.3,WSTCSTPAPR,2.48,7.24,12.37,building materials,paper,1803.95,2026-08-18,,,,,,,,,,,,,,,,,,,,,,,,,
2026-08-18T12:28:36.3,ICIL,2.63,22.81,22.81,textiles,textiles - cotton/blended,3689.91,2026-08-18,,,,,,,,,,,,,,,,,,,,,,,,,
2026-08-18T12:28:36.3,MACPOWER,2.63,15.69,19.74,industrials,engineering,520.42,2026-08-18,,,,,,,,,,,,,,,,,,,,,,,,,
2026-08-18T12:28:36.3,ASIANENE,2.8,26.35,26.35,energy,oil drilling / allied services,959.84,2026-08-18,,,,,,,,,,,,,,,,,,,,,,,,,
2026-08-18T12:28:36.3,ZENTEC,2.82,7.82,9.11,aerospace & defence,miscellaneous,9143.9,2026-08-18,,,,,,,,,,,,,,,,,,,,,,,,,
2026-08-18T12:28:36.3,UTTAMSUGAR,2.88,13.29,18.45,fmcg,sugar,280.09,2026-08-18,,,,,,,,,,,,,,,,,,,,,,,,,
2026-08-18T12:28:36.3,AVTNPL,3.01,32.26,32.41,fmcg,solvent extraction,341.38,2026-08-18,,,,,,,,,,,,,,,,,,,,,,,,,
2026-08-18T12:28:36.3,SUBEXLTD,3.25,24.03,27.29,i.t,computers - software - medium / small,920.56,2026-08-18,,,,,,,,,,,,,,,,,,,,,,,,,
2026-08-18T12:28:36.3,MINDACORP,3.26,7.3,8.84,auto,auto ancillaries,6252.91,2026-08-18,,,,,,,,,,,,,,,,,,,,,,,,,
2026-08-18T12:28:36.3,THELEELA,3.32,4.4,5.93,services,hotels,4099.43,2026-08-18,,,,,,,,,,,,,,,,,,,,,,,,,
2026-08-18T12:28:36.3,KABRAEXTRU,3.34,7.92,9.77,industrials,engineering,701.67,2026-08-18,,,,,,,,,,,,,,,,,,,,,,,,,
2026-08-18T12:28:36.3,ATALREAL,3.38,3.67,5.16,realty,construction,306.89,2026-08-18,,,,,,,,,,,,,,,,,,,,,,,,,
2026-08-18T12:28:36.3,MOREPENLAB,3.58,17.45,27.07,healthcare,pharmaceuticals - indian - bulk drugs & formln,3134.45,2026-08-18,,,,,,,,,,,,,,,,,,,,,,,,,
2026-08-18T12:28:36.3,5PAISA,3.59,9.33,9.33,financials,finance & investments,1172.0,2026-08-18,,,,,,,,,,,,,,,,,,,,,,,,,
2026-08-18T12:28:36.3,TVSSRICHAK,3.62,24.49,28.05,auto,tyres,1975.5,2026-08-18,,,,,,,,,,,,,,,,,,,,,,,,,
2026-08-18T12:28:36.3,DIVGIITTS,3.76,8.16,12.05,auto,auto ancillaries,1530.85,2026-08-18,,,,,,,,,,,,,,,,,,,,,,,,,
2026-08-18T12:28:36.3,DIACABS,3.83,5.63,7.05,industrials,cables - power,3068.98,2026-08-18,,,,,,,,,,,,,,,,,,,,,,,,,
2026-08-18T12:28:36.3,JGCHEM,3.9,8.4,8.4,chemicals,chemicals,714.36,2026-08-18,,,,,,,,,,,,,,,,,,,,,,,,,
2026-08-18T12:28:36.3,UGARSUGAR,4.03,14.88,26.73,fmcg,sugar,330.18,2026-08-18,,,,,,,,,,,,,,,,,,,,,,,,,
2026-08-18T12:28:36.3,TFCILTD,4.13,10.43,11.35,financials,finance - term-lending institutions,5420.42,2026-08-18,,,,,,,,,,,,,,,,,,,,,,,,,
2026-08-18T12:28:36.3,NEOGEN,4.16,16.64,22.2,chemicals,chemicals,3038.01,2026-08-18,,,,,,,,,,,,,,,,,,,,,,,,,
2026-08-18T12:28:36.3,SSWL,4.17,4.87,5.19,auto,auto ancillaries,1922.1,2026-08-18,,,,,,,,,,,,,,,,,,,,,,,,,
2026-08-18T12:28:36.3,LUMAXTECH,4.21,5.29,7.11,auto,auto ancillaries,6063.96,2026-08-18,,,,,,,,,,,,,,,,,,,,,,,,,
2026-08-18T12:28:36.3,VIJAYA,4.33,3.84,10.69,healthcare,healthcare,7353.48,2026-08-18,,,,,,,,,,,,,,,,,,,,,,,,,
2026-08-18T12:28:36.3,E2E,4.37,9.75,15.91,i.t,computers - software - medium / small,8308.21,2026-08-18,,,,,,,,,,,,,,,,,,,,,,,,,
2026-08-18T12:28:36.3,MAXESTATES,4.37,14.99,21.26,realty,construction,4297.89,2026-08-18,,,,,,,,,,,,,,,,,,,,,,,,,
2026-08-18T12:28:36.3,GAEL,4.53,5.29,7.27,fmcg,miscellaneous,2913.51,2026-08-18,,,,,,,,,,,,,,,,,,,,,,,,,
2026-08-18T12:28:36.3,JSFB,4.59,7.09,11.95,bank,banks - private sector,4950.32,2026-08-18,,,,,,,,,,,,,,,,,,,,,,,,,
2026-08-18T12:28:36.3,USHAMART,4.72,3.79,6.15,metals & mining,steel - medium / small,9240.24,2026-08-18,,,,,,,,,,,,,,,,,,,,,,,,,
2026-08-18T12:28:36.3,ARTEMISMED,4.73,3.82,8.56,healthcare,healthcare,2045.16,2026-08-18,,,,,,,,,,,,,,,,,,,,,,,,,
2026-08-18T12:28:36.3,GRAVITA,4.75,4.0,4.75,metals & mining,mining / minerals / metals,5935.15,2026-08-18,,,,,,,,,,,,,,,,,,,,,,,,,
2026-08-18T12:28:36.3,MAGADSUGAR,4.75,9.66,14.24,fmcg,sugar,319.15,2026-08-18,,,,,,,,,,,,,,,,,,,,,,,,,
2026-08-18T12:28:36.3,VISHNU,4.86,10.45,13.0,chemicals,chemicals,1321.41,2026-08-18,,,,,,,,,,,,,,,,,,,,,,,,,
2026-08-18T12:28:36.3,DBOL,4.93,11.91,16.27,fmcg,sugar,410.38,2026-08-18,,,,,,,,,,,,,,,,,,,,,,,,,
2026-08-18T12:28:36.3,SJS,5.1,7.87,8.38,auto,plastics products,6281.75,2026-08-18,,,,,,,,,,,,,,,,,,,,,,,,,
2026-08-18T12:28:36.3,JINDALSAW,5.12,3.46,5.04,industrials,steel - large,6266.37,2026-08-18,,,,,,,,,,,,,,,,,,,,,,,,,
2026-08-18T12:28:36.3,MIDHANI,5.19,8.39,14.49,aerospace & defence,steel - medium / small,2108.59,2026-08-18,,,,,,,,,,,,,,,,,,,,,,,,,
2026-08-18T12:28:36.3,PITTIENG,5.23,6.07,14.46,industrials,engineering,1798.6,2026-08-18,,,,,,,,,,,,,,,,,,,,,,,,,
2026-08-18T12:28:36.3,AZAD,5.41,12.61,21.88,aerospace & defence,engineering,8056.48,2026-08-18,,,,,,,,,,,,,,,,,,,,,,,,,
2026-08-18T12:28:36.3,GNA,5.5,7.81,8.32,auto,auto ancillaries,835.2,2026-08-18,,,,,,,,,,,,,,,,,,,,,,,,,
2026-08-18T12:28:36.3,EPL,5.71,4.32,9.96,industrials,packaging,5777.1,2026-08-18,,,,,,,,,,,,,,,,,,,,,,,,,
2026-08-18T12:28:36.3,POLYPLEX,5.77,5.34,8.97,industrials,packaging,2739.7,2026-08-18,,,,,,,,,,,,,,,,,,,,,,,,,
2026-08-18T12:28:36.3,OMAXE,5.77,15.91,34.42,realty,construction,484.0,2026-08-18,,,,,,,,,,,,,,,,,,,,,,,,,
2026-08-18T12:28:36.3,RISHABH,5.84,12.9,12.9,industrials,electric equipment,773.69,2026-08-18,,,,,,,,,,,,,,,,,,,,,,,,,
2026-06-22T05:30:53.971,ACUTAAS,,,,healthcare,pharmaceuticals - indian - bulk drugs,,2026-06-22,3246.2,3.5,3067.6,2960.2,3135.03,3412.96,0.71,50.44,74.61,62.78,40.91,3.55,89.44,0.8,1.27,2966.66,2771.8,44.61,,,,,,,
2026-06-22T05:30:53.971,HFCL,,,,telecom,cables - telephone,,2026-06-22,209.61,5.0,199.93,180.45,187.64,242.57,0.41,43.31,98.41,73.65,53.24,11.71,182.99,1.99,1.76,190.18,175.61,37.89,,,,,,,
2026-06-22T05:30:53.971,GVT&D,,,,industrials,electric equipment,,2026-06-22,5533.5,5.4,5124.91,4740.0,4916.92,6458.38,1.44,100.68,114.87,67.75,29.68,12.54,84.71,0.72,0.74,5005.36,4707.75,32.84,,,,,,,
2026-06-22T05:30:53.971,BELRISE,,,,auto,auto ancillaries,,2026-06-22,241.09,0.77,234.32,231.0,229.0,259.23,0.78,39.39,39.46,66.1,18.38,5.28,50.34,0.41,0.47,224.46,216.2,30.56,,,,,,,
2026-06-22T05:30:53.971,KIRLOSENG,,,,industrials,engines,,2026-06-22,1991.5,0.4,1909.04,1910.0,1916.47,2104.04,0.76,45.63,50.39,65.95,30.28,3.91,74.46,0.43,1.08,1834.46,1747.18,30.18,,,,,,,
2026-06-22T05:30:53.971,POWERINDIA,,,,industrials,electric equipment,,2026-06-22,36880.0,1.6,35392.7,34125.0,34479.38,40480.93,0.67,124.36,166.4,61.37,20.41,6.96,72.22,0.77,0.97,34496.28,32943.5,27.76,,,,,,,
2026-06-22T05:30:53.971,APARINDS,,,,industrials,electric equipment,,2026-06-22,16280.0,2.96,15299.76,15373.0,15113.07,18030.39,0.83,64.51,66.94,74.44,46.16,7.72,74.73,0.71,0.92,14738.35,13677.11,25.33,,,,,,,
2026-06-22T05:30:53.971,ADANIPOWER,,,,power & utilities,power generation and supply,,2026-06-22,231.76,0.52,223.25,218.61,220.14,249.18,0.94,27.86,17.14,57.02,18.46,5.28,55.5,0.49,0.47,216.58,207.66,24.93,,,,,,,
2026-06-22T05:30:53.971,CRAFTSMAN,,,,auto,auto ancillaries,,2026-06-22,9806.5,3.23,9285.5,8990.0,9140.1,10806.1,1.72,47.28,55.8,72.06,43.1,7.29,46.22,0.29,0.41,9147.43,8784.63,19.54,,,,,,,
2026-06-22T05:30:53.971,GABRIEL,,,,auto,auto ancillaries,,2026-06-22,1197.4,4.86,1109.46,1055.7,1040.22,1433.17,3.16,64.65,68.19,65.76,22.83,15.11,21.99,0.15,-0.07,1084.13,1017.77,18.76,,,,,,,
2026-06-22T05:30:53.971,SCHNEIDER,,,,industrials,electric equipment,,2026-06-22,1331.4,2.34,1259.3,1100.0,1096.62,1683.57,1.02,361.79,149.76,61.31,22.47,21.41,74.32,0.77,0.55,1182.38,1077.21,18.59,,,,,,,
2026-06-22T05:30:53.971,RRKABEL,,,,industrials,cables - power,,2026-06-22,2321.1,1.08,2215.88,2177.0,2199.49,2503.52,0.95,39.08,53.32,75.19,41.13,5.53,72.17,0.5,0.77,2129.6,1993.88,18.13,,,,,,,
2026-06-22T05:30:53.971,DATAPATTNS,,,,aerospace & defence,electronics - components,,2026-06-22,4822.1,0.42,4642.46,4335.1,4406.4,5445.64,1.09,48.79,99.49,66.2,24.67,9.43,54.84,0.8,0.77,4326.23,4088.13,17.27,,,,,,,
2026-06-22T05:30:53.971,MAHABANK,,,,bank,banks - public sector,,2026-06-22,90.19,0.77,87.12,87.1,85.28,97.55,0.65,8.48,9.88,70.56,21.36,5.76,49.64,0.46,0.56,84.75,80.98,16.55,,,,,,,
2026-06-22T05:30:53.971,BHEL,,,,industrials,electric equipment,,2026-06-22,414.35,2.08,395.77,381.05,376.23,471.53,1.16,27.92,90.08,62.65,25.66,10.13,43.58,0.37,0.67,385.17,372.63,16.45,,,,,,,
2026-06-22T05:30:53.971,CEMPRO,,,,realty,construction,,2026-06-22,1252.0,5.0,1156.6,1137.8,1196.47,1335.29,0.21,22.2,35.97,69.48,46.24,4.64,56.26,0.45,0.48,1127.16,1033.53,16.06,,,,,,,
2026-06-22T05:30:53.971,RBLBANK,,,,bank,banks - private sector,,2026-06-22,378.85,2.6,360.15,364.35,363.3,402.17,1.77,23.92,26.42,69.9,27.5,4.28,20.7,0.18,0.33,358.16,343.69,15.87,,,,,,,
2026-06-22T05:30:53.971,NAVINFLUOR,,,,chemicals,chemicals,,2026-06-22,7493.5,2.6,7152.53,7164.5,7072.56,8124.92,0.96,45.15,57.48,66.49,26.72,5.95,24.34,0.17,0.56,7068.8,6829.77,15.62,,,,,,,
2026-06-22T05:30:53.971,POLYCAB,,,,industrials,cables - power,,2026-06-22,10083.0,1.31,9634.38,9475.0,9642.19,10744.21,1.14,48.31,56.53,72.79,30.95,4.57,31.61,0.31,0.33,9630.28,9327.75,15.35,,,,,,,
2026-06-22T05:30:53.971,NAM-INDIA,,,,financials,finance & investments,,2026-06-22,1186.9,1.67,1134.64,1099.9,1093.51,1326.99,1.23,49.13,49.37,65.69,25.45,8.54,37.69,0.26,0.31,1113.9,1063.55,14.47,,,,,,,
2026-06-22T05:30:53.971,BHARATFORG,,,,industrials,castings & forgings,,2026-06-22,2041.4,1.06,1979.5,1954.8,1952.87,2174.19,1.33,105.01,90.41,65.61,12.99,4.53,46.18,0.33,0.62,1940.56,1883.04,14.43,,,,,,,
2026-06-22T05:30:53.971,SAILIFE,,,,healthcare,pharmaceuticals - indian - bulk drugs & formln,,2026-06-22,1216.4,0.8,1181.98,1181.3,1192.49,1252.27,0.69,61.68,73.23,62.03,22.55,2.01,41.0,0.27,0.33,1141.38,1107.61,14.39,,,,,,,
2026-06-22T05:30:53.971,FEDERALBNK,,,,bank,banks - private sector,,2026-06-22,323.95,1.09,312.67,312.75,315.75,336.25,0.59,14.89,18.33,73.15,33.05,2.6,32.72,0.13,0.62,311.49,303.09,14.24,,,,,,,
2026-06-22T05:30:53.971,WELCORP,,,,industrials,steel - large,,2026-06-22,1423.4,1.86,1358.38,1370.0,1382.4,1484.9,0.7,25.35,23.25,63.35,33.33,2.97,57.68,0.66,0.61,1338.53,1285.77,14.22,,,,,,,
2026-06-22T05:30:53.971,J&KBANK,,,,bank,banks - private sector,,2026-06-22,163.56,0.41,158.78,157.68,158.48,171.19,0.62,5.64,7.64,74.14,41.0,3.21,53.22,0.5,0.52,153.5,148.63,13.51,,,,,,,
2026-06-22T05:30:53.971,SHRIRAMFIN,,,,financials,finance & investments,,2026-06-22,1001.9,-0.08,972.45,988.0,936.33,1100.26,0.4,15.6,18.8,61.03,18.79,7.0,22.19,0.07,0.49,951.13,918.85,12.61,,,,,,,
2026-06-22T05:30:53.971,SCI,,,,transportation,shipping,,2026-06-22,312.15,0.94,303.31,302.0,286.03,351.33,0.47,8.98,10.75,55.13,18.83,9.13,21.86,0.39,0.35,287.15,275.76,12.55,,,,,,,
2026-06-22T05:30:53.971,GRANULES,,,,healthcare,pharmaceuticals - indian - bulk drugs & formln,,2026-06-22,786.9,0.61,755.92,736.5,755.28,834.33,1.24,23.9,32.2,62.29,32.74,4.19,40.25,0.25,0.4,735.05,704.86,12.44,,,,,,,
2026-06-22T05:30:53.971,NYKAA,,,,i.t,trading,,2026-06-22,302.3,1.41,292.58,270.25,267.72,354.18,2.2,279.91,438.12,73.67,19.93,12.92,12.64,0.14,0.21,283.05,270.01,12.42,,,,,,,
2026-06-22T05:30:53.971,ABCAPITAL,,,,financials,finance & investments,,2026-06-22,375.9,1.43,361.23,363.15,353.02,410.22,2.5,21.8,26.1,61.46,15.68,6.48,12.91,-0.0,0.21,355.78,342.04,12.22,,,,,,,
2026-06-22T05:30:53.971,ABSLAMC,,,,financials,finance & investments,,2026-06-22,1180.6,1.16,1128.47,1090.8,1085.87,1322.69,0.93,45.55,34.96,65.49,36.9,8.72,60.25,0.41,0.43,1083.12,1018.41,12.12,,,,,,,
2026-06-22T05:30:53.971,LTF,,,,financials,finance & investments,,2026-06-22,286.5,-0.14,276.75,282.35,270.21,310.94,0.9,22.24,24.04,55.76,15.84,6.03,-3.37,-0.13,0.07,268.13,257.66,11.4,,,,,,,
2026-06-22T05:30:53.971,IFCI,,,,financials,finance - term-lending institutions,,2026-06-22,85.73,4.16,81.05,80.61,83.25,89.45,3.17,428.65,127.96,62.05,39.92,2.98,59.36,0.68,0.5,71.41,62.92,10.64,,,,,,,
2026-06-22T05:30:53.971,RADICO,,,,fmcg,breweries & distilleries,,2026-06-22,3769.2,2.15,3612.28,3556.4,3496.9,4177.65,1.68,70.27,83.46,72.05,28.15,7.79,14.56,0.13,0.25,3583.75,3453.45,10.59,,,,,,,
2026-06-22T05:30:53.971,MOTHERSON,,,,auto,auto ancillaries,,2026-06-22,145.54,0.59,140.16,142.61,145.01,146.33,0.84,25.62,37.32,59.64,37.05,0.37,33.96,0.12,0.33,137.52,132.01,10.16,,,,,,,
2026-06-22T05:30:53.971,ASTERDM,,,,healthcare,healthcare,,2026-06-22,809.4,2.65,769.64,761.6,775.24,860.64,0.86,74.39,107.35,63.9,26.51,4.41,18.94,0.23,0.24,750.58,716.11,10.08,,,,,,,
2026-06-22T05:30:53.971,VIJAYA,,,,healthcare,healthcare,,2026-06-22,1364.2,4.49,1268.81,1270.0,1275.49,1497.26,1.16,73.19,81.06,63.27,40.24,6.95,33.17,0.29,0.31,1246.39,1183.84,10.06,,,,,,,
2026-06-22T05:30:53.971,CGPOWER,,,,industrials,electric equipment,,2026-06-22,963.7,0.97,931.05,916.55,933.22,1009.42,0.96,103.85,124.99,67.09,29.44,3.27,31.35,0.32,0.26,915.51,881.71,9.9,,,,,,,
2026-06-22T05:30:53.971,AIAENG,,,,industrials,castings & forgings,,2026-06-22,4687.0,3.4,4430.58,4362.3,4543.12,4902.83,2.22,27.8,34.44,70.29,29.18,3.17,26.3,0.13,0.4,4367.19,4208.13,9.63,,,,,,,
2026-06-22T05:30:53.971,EICHERMOT,,,,auto,automobiles - motorcycles / mopeds,,2026-06-22,7611.0,0.13,7350.98,7280.0,7308.55,8064.68,1.24,34.34,37.85,64.41,15.54,4.14,11.7,-0.02,0.05,7271.05,7063.08,9.22,,,,,,,
2026-06-22T05:30:53.971,HONASA,,,,services,trading,,2026-06-22,417.4,2.68,394.94,398.2,413.86,422.71,0.29,48.99,67.87,64.8,46.94,0.86,45.12,0.5,0.41,389.35,370.61,8.9,,,,,,,
2026-06-22T05:30:53.971,CCL,,,,fmcg,tea,,2026-06-22,1137.3,0.43,1098.58,1102.1,1107.24,1182.4,0.35,33.06,39.02,54.64,26.25,2.72,11.69,0.05,0.29,1054.18,1010.54,8.54,,,,,,,
2026-06-22T05:30:53.971,ACMESOLAR,,,,realty,engineering - turnkey services,,2026-06-22,337.65,1.73,323.6,327.0,344.61,327.2,0.53,36.7,40.98,59.25,38.5,-2.02,37.31,0.32,0.13,309.64,290.59,8.5,,,,,,,
2026-06-22T05:30:53.971,AUBANK,,,,bank,banks - private sector,,2026-06-22,1033.05,0.75,996.71,1010.0,980.91,1111.25,0.71,23.2,29.19,60.67,17.09,5.31,12.28,-0.04,0.38,981.13,951.14,8.45,,,,,,,
2026-06-22T05:30:53.971,CARBORUNIV,,,,industrials,abrasives and grinding wheels,,2026-06-22,1241.7,4.15,1152.77,1051.8,1042.34,1540.73,6.2,-333.79,120.44,78.99,41.94,19.13,44.89,0.35,0.31,1094.35,1049.04,8.21,,,,,,,
2026-06-22T05:30:53.971,AEGISLOG,,,,services,trading,,2026-06-22,1007.8,0.09,974.17,920.25,927.99,1127.51,0.28,21.55,39.38,85.12,49.5,8.6,27.44,0.27,0.24,922.56,865.58,7.25,,,,,,,
2026-06-22T05:30:53.971,EMCURE,,,,healthcare,pharmaceuticals - indian - bulk drugs & formln,,2026-06-22,1776.0,1.3,1715.88,1681.0,1698.66,1892.01,0.34,34.58,36.42,58.73,24.56,4.55,30.58,0.18,0.32,1670.16,1601.87,7.23,,,,,,,
2026-06-22T05:30:53.971,HBLENGINE,,,,auto,auto ancillaries,,2026-06-22,815.5,1.38,782.73,791.1,767.29,887.81,1.26,87.88,27.75,57.68,10.62,6.28,-20.71,-0.02,-0.06,762.84,740.34,7.03,,,,,,,
2026-06-22T05:30:53.971,STARHEALTH,,,,financials,finance & investments,,2026-06-22,580.25,2.58,547.38,520.0,523.19,665.84,3.48,76.75,61.27,77.39,35.2,10.91,12.61,0.16,0.23,533.53,514.04,7.0,,,,,,,
2026-06-22T05:30:53.971,TITAN,,,,consumer discretionary,diamond cutting / jewellery,,2026-06-22,4419.9,0.73,4272.8,4220.3,4173.52,4789.47,0.75,83.21,77.28,62.95,13.14,5.9,13.95,0.04,0.25,4234.53,4117.3,6.67,,,,,,,
2026-06-22T05:30:53.971,NEULANDLAB,,,,healthcare,pharmaceuticals - indian - bulk drugs,,2026-06-22,17345.0,0.73,16785.44,16560.0,16747.92,18240.61,0.47,26.16,61.14,60.49,23.82,3.57,0.55,0.01,0.09,16418.72,15829.01,6.62,,,,,,,
2026-06-22T05:30:53.971,CGCL,,,,financials,finance & investments,,2026-06-22,220.96,0.07,214.16,208.69,210.05,237.33,1.85,18.79,21.88,74.72,42.27,5.2,13.29,0.14,0.13,206.45,200.59,6.34,,,,,,,
2026-06-22T05:30:53.971,NUVAMA,,,,financials,finance & investments,,2026-06-22,1739.6,1.12,1654.24,1615.8,1610.29,1933.56,0.66,29.41,10.07,73.71,32.84,8.03,18.85,0.12,0.3,1609.04,1519.32,5.98,,,,,,,
2026-06-22T05:30:53.971,FINCABLES,,,,industrials,cables - power,,2026-06-22,1164.3,0.49,1112.79,1041.0,1019.43,1381.61,0.85,19.84,24.95,64.76,23.83,14.21,48.4,0.4,0.37,1062.99,996.71,5.95,,,,,,,
2026-06-22T05:30:53.971,SONACOMS,,,,auto,auto ancillaries,,2026-06-22,613.8,1.45,586.33,591.6,590.75,648.38,0.85,49.66,59.53,60.04,18.12,3.9,25.79,0.15,0.43,584.49,567.46,5.89,,,,,,,
2026-06-22T05:30:53.971,DELHIVERY,,,,transportation,miscellaneous,,2026-06-22,461.1,0.41,445.26,444.75,432.65,503.78,0.59,118.84,226.03,57.96,13.7,6.58,5.97,0.06,0.03,440.93,428.2,5.85,,,,,,,
2026-06-22T05:30:53.971,BOSCHLTD,,,,auto,auto ancillaries,,2026-06-22,40195.0,0.4,39043.2,38870.0,38202.11,43184.33,0.9,52.0,42.75,69.19,21.79,5.22,8.5,0.03,0.01,38255.3,36990.52,5.64,,,,,,,
2026-06-22T05:30:53.971,OLECTRA,,,,auto,automobiles - lcvs / hcvs,,2026-06-22,1520.3,5.09,1406.5,1257.2,1287.65,1869.28,3.63,56.22,70.32,72.72,23.23,18.07,10.06,0.21,-0.06,1371.37,1274.07,5.45,,,,,,,
2026-06-22T05:30:53.971,ADANIENT,,,,services,trading,,2026-06-22,3038.4,0.83,2948.92,2928.3,2986.66,3116.0,1.33,-444.21,38.72,69.58,50.58,1.73,24.7,0.25,0.13,2896.73,2803.99,5.39,,,,,,,
2026-06-22T05:30:53.971,WELSPUNLIV,,,,textiles,textiles - products,,2026-06-22,162.23,-0.47,155.04,139.5,143.45,190.4,2.29,37.55,71.15,74.02,19.86,13.09,15.61,0.12,0.34,148.53,140.6,5.31,,,,,,,
2026-06-22T05:30:53.971,THELEELA,,,,services,hotels,,2026-06-22,494.2,8.0,441.39,433.0,430.23,590.15,8.21,12.63,29.12,78.7,25.22,14.87,14.86,0.11,0.11,447.07,419.52,5.02,,,,,,,
2026-06-22T05:30:53.971,TVSMOTOR,,,,auto,automobiles - motorcycles / mopeds,,2026-06-22,3442.9,-0.43,3346.01,3333.0,3307.93,3645.36,0.87,53.0,54.19,52.13,16.14,4.08,-1.06,-0.13,-0.04,3303.95,3217.64,5.02,,,,,,,
2026-06-22T05:30:53.971,MINDACORP,,,,auto,auto ancillaries,,2026-06-22,652.95,0.32,630.09,640.15,660.85,641.09,0.52,30.86,42.65,65.96,36.1,-1.2,9.74,0.01,0.09,608.43,583.8,4.94,,,,,,,
2026-06-22T05:30:53.971,KIMS,,,,healthcare,healthcare,,2026-06-22,804.25,1.84,765.43,763.6,768.99,857.14,1.18,189.68,133.6,60.9,33.28,4.58,20.5,0.15,0.13,748.77,720.91,4.79,,,,,,,
2026-06-22T05:30:53.971,APOLLOHOSP,,,,healthcare,healthcare,,2026-06-22,8489.5,0.93,8232.0,8382.0,8402.54,8619.94,0.78,57.64,62.86,63.49,15.68,1.03,14.95,0.13,0.1,8237.72,8080.39,4.78,,,,,,,
2026-06-22T05:30:53.971,TATACOMM,,,,telecom-service,telecommunications - service provider,,2026-06-22,1988.8,2.41,1882.58,1890.2,1957.27,2036.09,1.45,53.81,56.58,63.26,33.1,1.61,5.74,0.0,0.19,1835.91,1748.94,4.63,,,,,,,
2026-06-22T05:30:53.971,ELGIEQUIP,,,,industrials,compressors / drilling equipment,,2026-06-22,612.75,1.79,588.0,594.8,605.57,623.52,1.31,37.73,44.96,63.26,34.72,1.19,21.39,0.21,0.23,577.95,554.06,4.6,,,,,,,
2026-06-22T05:30:53.971,ZFCVINDIA,,,,auto,auto ancillaries,,2026-06-22,15795.0,1.37,15269.38,14835.0,14584.21,17611.19,1.26,51.19,57.93,68.39,21.3,8.3,25.05,-0.01,0.17,14832.94,14318.39,4.57,,,,,,,
2026-06-22T05:30:53.971,KPIL,,,,realty,transmisson line towers / equipment,,2026-06-22,1398.7,2.25,1336.33,1296.0,1300.87,1545.45,1.6,13.76,22.97,69.08,35.94,7.52,15.24,0.11,0.09,1301.76,1240.25,4.56,,,,,,,
2026-06-22T05:30:53.971,CAPLIPOINT,,,,healthcare,pharmaceuticals - indian - formulations,,2026-06-22,2503.5,6.11,2295.26,2325.4,2309.93,2793.85,2.01,27.97,29.68,79.11,55.11,8.38,30.76,0.22,0.18,2283.93,2175.74,4.56,,,,,,,
2026-06-22T05:30:53.971,WOCKPHARMA,,,,healthcare,pharmaceuticals - indian - bulk drugs & formln,,2026-06-22,2011.1,1.1,1940.5,1888.8,1975.24,2064.89,0.29,49.15,153.29,62.08,37.82,1.82,49.61,0.36,0.3,1802.52,1658.99,4.42,,,,,,,
2026-06-22T05:30:53.971,PHOENIXLTD,,,,realty,construction,,2026-06-22,1881.1,1.48,1813.98,1766.7,1767.89,2050.92,1.16,41.69,54.97,65.76,19.45,6.4,9.11,-0.03,0.16,1769.56,1715.8,4.4,,,,,,,
2026-06-22T05:30:53.971,LT,,,,realty,engineering - turnkey services,,2026-06-22,4209.4,0.46,4078.37,4130.0,4020.08,4493.37,0.52,27.19,36.0,65.51,18.19,4.71,5.25,-0.05,0.11,4047.37,3933.94,4.21,,,,,,,
2026-06-22T05:30:53.971,LUPIN,,,,healthcare,pharmaceuticals - indian - bulk drugs & formln,,2026-06-22,2351.6,1.05,2257.14,2253.6,2244.94,2511.59,0.99,16.88,19.66,62.62,11.3,4.75,14.9,0.03,0.15,2264.76,2203.83,4.08,,,,,,,
2026-06-22T05:30:53.971,GRASIM,,,,textiles,textiles - manmade,,2026-06-22,3149.5,0.14,3067.4,3109.2,3104.91,3216.39,0.6,27.27,43.01,63.42,17.73,1.44,14.05,0.03,0.09,3033.19,2963.46,4.07,,,,,,,
2026-06-22T05:30:53.971,INDUSINDBK,,,,bank,banks - private sector,,2026-06-22,947.45,0.93,912.58,920.2,903.64,1013.16,2.76,31.04,83.04,60.79,18.73,4.85,11.79,0.05,0.23,904.93,876.13,4.04,,,,,,,
2026-06-22T05:30:53.971,SIEMENS,,,,industrials,electric equipment,,2026-06-22,3759.6,0.36,3636.29,3582.7,3567.7,4047.45,0.61,90.38,85.99,57.01,14.02,5.38,15.73,0.1,0.16,3587.24,3474.47,3.95,,,,,,,
2026-06-22T05:30:53.971,AXISBANK,,,,bank,banks - private sector,,2026-06-22,1357.9,-0.16,1323.49,1345.0,1324.42,1408.11,0.64,13.87,15.97,64.2,20.09,2.53,7.35,0.02,0.13,1312.04,1282.75,3.47,,,,,,,
2026-06-22T05:30:53.971,AADHARHFC,,,,financials,finance - housing,,2026-06-22,515.1,5.89,472.41,481.0,465.18,589.98,7.15,17.99,20.35,66.81,14.66,10.73,4.25,-0.01,-0.02,478.68,460.76,3.45,,,,,,,
2026-06-22T05:30:53.971,MOTILALOFS,,,,financials,finance & investments,,2026-06-22,953.45,0.56,921.74,903.0,885.01,1056.11,0.67,-64.6,30.6,67.15,27.3,7.73,-1.85,0.05,0.02,897.7,861.38,3.32,,,,,,,
2026-06-21T23:42:50.09,ACUTAAS,,,,healthcare,pharmaceuticals - indian - bulk drugs,,2026-06-21,3246.2,3.5,3067.6,2960.2,3135.03,3412.96,0.71,50.44,74.61,62.78,40.91,3.55,89.44,0.8,1.27,2966.66,2771.8,44.61,,,,,,,
2026-06-21T23:42:50.09,HFCL,,,,telecom,cables - telephone,,2026-06-21,209.61,5.0,199.93,180.45,187.64,242.57,0.41,43.31,98.41,73.65,53.24,11.71,182.99,1.99,1.76,190.18,175.61,37.89,,,,,,,
2026-06-21T23:42:50.09,GVT&D,,,,industrials,electric equipment,,2026-06-21,5533.5,5.4,5124.91,4740.0,4916.92,6458.38,1.44,100.68,114.87,67.75,29.68,12.54,84.71,0.72,0.74,5005.36,4707.75,32.84,,,,,,,
2026-06-21T23:42:50.09,BELRISE,,,,auto,auto ancillaries,,2026-06-21,241.09,0.77,234.32,231.0,229.0,259.23,0.78,39.39,39.46,66.1,18.38,5.28,50.34,0.41,0.47,224.46,216.2,30.56,,,,,,,
2026-06-21T23:42:50.09,KIRLOSENG,,,,industrials,engines,,2026-06-21,1991.5,0.4,1909.04,1910.0,1916.47,2104.04,0.76,45.63,50.39,65.95,30.28,3.91,74.46,0.43,1.08,1834.46,1747.18,30.18,,,,,,,
2026-06-21T23:42:50.09,POWERINDIA,,,,industrials,electric equipment,,2026-06-21,36880.0,1.6,35392.7,34125.0,34479.38,40480.93,0.67,124.36,166.4,61.37,20.41,6.96,72.22,0.77,0.97,34496.28,32943.5,27.76,,,,,,,
2026-06-21T23:42:50.09,APARINDS,,,,industrials,electric equipment,,2026-06-21,16280.0,2.96,15299.76,15373.0,15113.07,18030.39,0.83,64.51,66.94,74.44,46.16,7.72,74.73,0.71,0.92,14738.35,13677.11,25.33,,,,,,,
2026-06-21T23:42:50.09,ADANIPOWER,,,,power & utilities,power generation and supply,,2026-06-21,231.76,0.52,223.25,218.61,220.14,249.18,0.94,27.86,17.14,57.02,18.46,5.28,55.5,0.49,0.47,216.58,207.66,24.93,,,,,,,
2026-06-21T23:42:50.09,CRAFTSMAN,,,,auto,auto ancillaries,,2026-06-21,9806.5,3.23,9285.5,8990.0,9140.1,10806.1,1.72,47.28,55.8,72.06,43.1,7.29,46.22,0.29,0.41,9147.43,8784.63,19.54,,,,,,,
2026-06-21T23:42:50.09,GABRIEL,,,,auto,auto ancillaries,,2026-06-21,1197.4,4.86,1109.46,1055.7,1040.22,1433.17,3.16,64.65,68.19,65.76,22.83,15.11,21.99,0.15,-0.07,1084.13,1017.77,18.76,,,,,,,
2026-06-21T23:42:50.09,SCHNEIDER,,,,industrials,electric equipment,,2026-06-21,1331.4,2.34,1259.3,1100.0,1096.62,1683.57,1.02,361.79,149.76,61.31,22.47,21.41,74.32,0.77,0.55,1182.38,1077.21,18.59,,,,,,,
2026-06-21T23:42:50.09,RRKABEL,,,,industrials,cables - power,,2026-06-21,2321.1,1.08,2215.88,2177.0,2199.49,2503.52,0.95,39.08,53.32,75.19,41.13,5.53,72.17,0.5,0.77,2129.6,1993.88,18.13,,,,,,,
2026-06-21T23:42:50.09,DATAPATTNS,,,,aerospace & defence,electronics - components,,2026-06-21,4822.1,0.42,4642.46,4335.1,4406.4,5445.64,1.09,48.79,99.49,66.2,24.67,9.43,54.84,0.8,0.77,4326.23,4088.13,17.27,,,,,,,
2026-06-21T23:42:50.09,MAHABANK,,,,bank,banks - public sector,,2026-06-21,90.19,0.77,87.12,87.1,85.28,97.55,0.65,8.48,9.88,70.56,21.36,5.76,49.64,0.46,0.56,84.75,80.98,16.55,,,,,,,
2026-06-21T23:42:50.09,BHEL,,,,industrials,electric equipment,,2026-06-21,414.35,2.08,395.77,381.05,376.23,471.53,1.16,27.92,90.08,62.65,25.66,10.13,43.58,0.37,0.67,385.17,372.63,16.45,,,,,,,
2026-06-21T23:42:50.09,CEMPRO,,,,realty,construction,,2026-06-21,1252.0,5.0,1156.6,1137.8,1196.47,1335.29,0.21,22.2,35.97,69.48,46.24,4.64,56.26,0.45,0.48,1127.16,1033.53,16.06,,,,,,,
2026-06-21T23:42:50.09,RBLBANK,,,,bank,banks - private sector,,2026-06-21,378.85,2.6,360.15,364.35,363.3,402.17,1.77,23.92,26.42,69.9,27.5,4.28,20.7,0.18,0.33,358.16,343.69,15.87,,,,,,,
2026-06-21T23:42:50.09,NAVINFLUOR,,,,chemicals,chemicals,,2026-06-21,7493.5,2.6,7152.53,7164.5,7072.56,8124.92,0.96,45.15,57.48,66.49,26.72,5.95,24.34,0.17,0.56,7068.8,6829.77,15.62,,,,,,,
2026-06-21T23:42:50.09,POLYCAB,,,,industrials,cables - power,,2026-06-21,10083.0,1.31,9634.38,9475.0,9642.19,10744.21,1.14,48.31,56.53,72.79,30.95,4.57,31.61,0.31,0.33,9630.28,9327.75,15.35,,,,,,,
2026-06-21T23:42:50.09,NAM-INDIA,,,,financials,finance & investments,,2026-06-21,1186.9,1.67,1134.64,1099.9,1093.51,1326.99,1.23,49.13,49.37,65.69,25.45,8.54,37.69,0.26,0.31,1113.9,1063.55,14.47,,,,,,,
2026-06-21T23:42:50.09,BHARATFORG,,,,industrials,castings & forgings,,2026-06-21,2041.4,1.06,1979.5,1954.8,1952.87,2174.19,1.33,105.01,90.41,65.61,12.99,4.53,46.18,0.33,0.62,1940.56,1883.04,14.43,,,,,,,
2026-06-21T23:42:50.09,SAILIFE,,,,healthcare,pharmaceuticals - indian - bulk drugs & formln,,2026-06-21,1216.4,0.8,1181.98,1181.3,1192.49,1252.27,0.69,61.68,73.23,62.03,22.55,2.01,41.0,0.27,0.33,1141.38,1107.61,14.39,,,,,,,
2026-06-21T23:42:50.09,FEDERALBNK,,,,bank,banks - private sector,,2026-06-21,323.95,1.09,312.67,312.75,315.75,336.25,0.59,14.89,18.33,73.15,33.05,2.6,32.72,0.13,0.62,311.49,303.09,14.24,,,,,,,
2026-06-21T23:42:50.09,WELCORP,,,,industrials,steel - large,,2026-06-21,1423.4,1.86,1358.38,1370.0,1382.4,1484.9,0.7,25.35,23.25,63.35,33.33,2.97,57.68,0.66,0.61,1338.53,1285.77,14.22,,,,,,,
2026-06-21T23:42:50.09,J&KBANK,,,,bank,banks - private sector,,2026-06-21,163.56,0.41,158.78,157.68,158.48,171.19,0.62,5.64,7.64,74.14,41.0,3.21,53.22,0.5,0.52,153.5,148.63,13.51,,,,,,,
2026-06-21T23:42:50.09,SHRIRAMFIN,,,,financials,finance & investments,,2026-06-21,1001.9,-0.08,972.45,988.0,936.33,1100.26,0.4,15.6,18.8,61.03,18.79,7.0,22.19,0.07,0.49,951.13,918.85,12.61,,,,,,,
2026-06-21T23:42:50.09,SCI,,,,transportation,shipping,,2026-06-21,312.15,0.94,303.31,302.0,286.03,351.33,0.47,8.98,10.75,55.13,18.83,9.13,21.86,0.39,0.35,287.15,275.76,12.55,,,,,,,
2026-06-21T23:42:50.09,GRANULES,,,,healthcare,pharmaceuticals - indian - bulk drugs & formln,,2026-06-21,786.9,0.61,755.92,736.5,755.28,834.33,1.24,23.9,32.2,62.29,32.74,4.19,40.25,0.25,0.4,735.05,704.86,12.44,,,,,,,
2026-06-21T23:42:50.09,NYKAA,,,,i.t,trading,,2026-06-21,302.3,1.41,292.58,270.25,267.72,354.18,2.2,279.91,438.12,73.67,19.93,12.92,12.64,0.14,0.21,283.05,270.01,12.42,,,,,,,
2026-06-21T23:42:50.09,ABCAPITAL,,,,financials,finance & investments,,2026-06-21,375.9,1.43,361.23,363.15,353.02,410.22,2.5,21.8,26.1,61.46,15.68,6.48,12.91,-0.0,0.21,355.78,342.04,12.22,,,,,,,
2026-06-21T23:42:50.09,ABSLAMC,,,,financials,finance & investments,,2026-06-21,1180.6,1.16,1128.47,1090.8,1085.87,1322.69,0.93,45.55,34.96,65.49,36.9,8.72,60.25,0.41,0.43,1083.12,1018.41,12.12,,,,,,,
2026-06-21T23:42:50.09,LTF,,,,financials,finance & investments,,2026-06-21,286.5,-0.14,276.75,282.35,270.21,310.94,0.9,22.24,24.04,55.76,15.84,6.03,-3.37,-0.13,0.07,268.13,257.66,11.4,,,,,,,
2026-06-21T23:42:50.09,IFCI,,,,financials,finance - term-lending institutions,,2026-06-21,85.73,4.16,81.05,80.61,83.25,89.45,3.17,428.65,127.96,62.05,39.92,2.98,59.36,0.68,0.5,71.41,62.92,10.64,,,,,,,
2026-06-21T23:42:50.09,RADICO,,,,fmcg,breweries & distilleries,,2026-06-21,3769.2,2.15,3612.28,3556.4,3496.9,4177.65,1.68,70.27,83.46,72.05,28.15,7.79,14.56,0.13,0.25,3583.75,3453.45,10.59,,,,,,,
2026-06-21T23:42:50.09,MOTHERSON,,,,auto,auto ancillaries,,2026-06-21,145.54,0.59,140.16,142.61,145.01,146.33,0.84,25.62,37.32,59.64,37.05,0.37,33.96,0.12,0.33,137.52,132.01,10.16,,,,,,,
2026-06-21T23:42:50.09,ASTERDM,,,,healthcare,healthcare,,2026-06-21,809.4,2.65,769.64,761.6,775.24,860.64,0.86,74.39,107.35,63.9,26.51,4.41,18.94,0.23,0.24,750.58,716.11,10.08,,,,,,,
2026-06-21T23:42:50.09,VIJAYA,,,,healthcare,healthcare,,2026-06-21,1364.2,4.49,1268.81,1270.0,1275.49,1497.26,1.16,73.19,81.06,63.27,40.24,6.95,33.17,0.29,0.31,1246.39,1183.84,10.06,,,,,,,
2026-06-21T23:42:50.09,CGPOWER,,,,industrials,electric equipment,,2026-06-21,963.7,0.97,931.05,916.55,933.22,1009.42,0.96,103.85,124.99,67.09,29.44,3.27,31.35,0.32,0.26,915.51,881.71,9.9,,,,,,,
2026-06-21T23:42:50.09,AIAENG,,,,industrials,castings & forgings,,2026-06-21,4687.0,3.4,4430.58,4362.3,4543.12,4902.83,2.22,27.8,34.44,70.29,29.18,3.17,26.3,0.13,0.4,4367.19,4208.13,9.63,,,,,,,
2026-06-21T23:42:50.09,EICHERMOT,,,,auto,automobiles - motorcycles / mopeds,,2026-06-21,7611.0,0.13,7350.98,7280.0,7308.55,8064.68,1.24,34.34,37.85,64.41,15.54,4.14,11.7,-0.02,0.05,7271.05,7063.08,9.22,,,,,,,
2026-06-21T23:42:50.09,HONASA,,,,services,trading,,2026-06-21,417.4,2.68,394.94,398.2,413.86,422.71,0.29,48.99,67.87,64.8,46.94,0.86,45.12,0.5,0.41,389.35,370.61,8.9,,,,,,,
2026-06-21T23:42:50.09,CCL,,,,fmcg,tea,,2026-06-21,1137.3,0.43,1098.58,1102.1,1107.24,1182.4,0.35,33.06,39.02,54.64,26.25,2.72,11.69,0.05,0.29,1054.18,1010.54,8.54,,,,,,,
2026-06-21T23:42:50.09,ACMESOLAR,,,,realty,engineering - turnkey services,,2026-06-21,337.65,1.73,323.6,327.0,344.61,327.2,0.53,36.7,40.98,59.25,38.5,-2.02,37.31,0.32,0.13,309.64,290.59,8.5,,,,,,,
2026-06-21T23:42:50.09,AUBANK,,,,bank,banks - private sector,,2026-06-21,1033.05,0.75,996.71,1010.0,980.91,1111.25,0.71,23.2,29.19,60.67,17.09,5.31,12.28,-0.04,0.38,981.13,951.14,8.45,,,,,,,
2026-06-21T23:42:50.09,CARBORUNIV,,,,industrials,abrasives and grinding wheels,,2026-06-21,1241.7,4.15,1152.77,1051.8,1042.34,1540.73,6.2,-333.79,120.44,78.99,41.94,19.13,44.89,0.35,0.31,1094.35,1049.04,8.21,,,,,,,
2026-06-21T23:42:50.09,AEGISLOG,,,,services,trading,,2026-06-21,1007.8,0.09,974.17,920.25,927.99,1127.51,0.28,21.55,39.38,85.12,49.5,8.6,27.44,0.27,0.24,922.56,865.58,7.25,,,,,,,
2026-06-21T23:42:50.09,EMCURE,,,,healthcare,pharmaceuticals - indian - bulk drugs & formln,,2026-06-21,1776.0,1.3,1715.88,1681.0,1698.66,1892.01,0.34,34.58,36.42,58.73,24.56,4.55,30.58,0.18,0.32,1670.16,1601.87,7.23,,,,,,,
2026-06-21T23:42:50.09,HBLENGINE,,,,auto,auto ancillaries,,2026-06-21,815.5,1.38,782.73,791.1,767.29,887.81,1.26,87.88,27.75,57.68,10.62,6.28,-20.71,-0.02,-0.06,762.84,740.34,7.03,,,,,,,
2026-06-21T23:42:50.09,STARHEALTH,,,,financials,finance & investments,,2026-06-21,580.25,2.58,547.38,520.0,523.19,665.84,3.48,76.75,61.27,77.39,35.2,10.91,12.61,0.16,0.23,533.53,514.04,7.0,,,,,,,
2026-06-21T23:42:50.09,TITAN,,,,consumer discretionary,diamond cutting / jewellery,,2026-06-21,4419.9,0.73,4272.8,4220.3,4173.52,4789.47,0.75,83.21,77.28,62.95,13.14,5.9,13.95,0.04,0.25,4234.53,4117.3,6.67,,,,,,,
2026-06-21T23:42:50.09,NEULANDLAB,,,,healthcare,pharmaceuticals - indian - bulk drugs,,2026-06-21,17345.0,0.73,16785.44,16560.0,16747.92,18240.61,0.47,26.16,61.14,60.49,23.82,3.57,0.55,0.01,0.09,16418.72,15829.01,6.62,,,,,,,
2026-06-21T23:42:50.09,CGCL,,,,financials,finance & investments,,2026-06-21,220.96,0.07,214.16,208.69,210.05,237.33,1.85,18.79,21.88,74.72,42.27,5.2,13.29,0.14,0.13,206.45,200.59,6.34,,,,,,,
2026-06-21T23:42:50.09,NUVAMA,,,,financials,finance & investments,,2026-06-21,1739.6,1.12,1654.24,1615.8,1610.29,1933.56,0.66,29.41,10.07,73.71,32.84,8.03,18.85,0.12,0.3,1609.04,1519.32,5.98,,,,,,,
2026-06-21T23:42:50.09,FINCABLES,,,,industrials,cables - power,,2026-06-21,1164.3,0.49,1112.79,1041.0,1019.43,1381.61,0.85,19.84,24.95,64.76,23.83,14.21,48.4,0.4,0.37,1062.99,996.71,5.95,,,,,,,
2026-06-21T23:42:50.09,SONACOMS,,,,auto,auto ancillaries,,2026-06-21,613.8,1.45,586.33,591.6,590.75,648.38,0.85,49.66,59.53,60.04,18.12,3.9,25.79,0.15,0.43,584.49,567.46,5.89,,,,,,,
2026-06-21T23:42:50.09,DELHIVERY,,,,transportation,miscellaneous,,2026-06-21,461.1,0.41,445.26,444.75,432.65,503.78,0.59,118.84,226.03,57.96,13.7,6.58,5.97,0.06,0.03,440.93,428.2,5.85,,,,,,,
2026-06-21T23:42:50.09,BOSCHLTD,,,,auto,auto ancillaries,,2026-06-21,40195.0,0.4,39043.2,38870.0,38202.11,43184.33,0.9,52.0,42.75,69.19,21.79,5.22,8.5,0.03,0.01,38255.3,36990.52,5.64,,,,,,,
2026-06-21T23:42:50.09,OLECTRA,,,,auto,automobiles - lcvs / hcvs,,2026-06-21,1520.3,5.09,1406.5,1257.2,1287.65,1869.28,3.63,56.22,70.32,72.72,23.23,18.07,10.06,0.21,-0.06,1371.37,1274.07,5.45,,,,,,,
2026-06-21T23:42:50.09,ADANIENT,,,,services,trading,,2026-06-21,3038.4,0.83,2948.92,2928.3,2986.66,3116.0,1.33,-444.21,38.72,69.58,50.58,1.73,24.7,0.25,0.13,2896.73,2803.99,5.39,,,,,,,
2026-06-21T23:42:50.09,WELSPUNLIV,,,,textiles,textiles - products,,2026-06-21,162.23,-0.47,155.04,139.5,143.45,190.4,2.29,37.55,71.15,74.02,19.86,13.09,15.61,0.12,0.34,148.53,140.6,5.31,,,,,,,
2026-06-21T23:42:50.09,THELEELA,,,,services,hotels,,2026-06-21,494.2,8.0,441.39,433.0,430.23,590.15,8.21,12.63,29.12,78.7,25.22,14.87,14.86,0.11,0.11,447.07,419.52,5.02,,,,,,,
2026-06-21T23:42:50.09,TVSMOTOR,,,,auto,automobiles - motorcycles / mopeds,,2026-06-21,3442.9,-0.43,3346.01,3333.0,3307.93,3645.36,0.87,53.0,54.19,52.13,16.14,4.08,-1.06,-0.13,-0.04,3303.95,3217.64,5.02,,,,,,,
2026-06-21T23:42:50.09,MINDACORP,,,,auto,auto ancillaries,,2026-06-21,652.95,0.32,630.09,640.15,660.85,641.09,0.52,30.86,42.65,65.96,36.1,-1.2,9.74,0.01,0.09,608.43,583.8,4.94,,,,,,,
2026-06-21T23:42:50.09,KIMS,,,,healthcare,healthcare,,2026-06-21,804.25,1.84,765.43,763.6,768.99,857.14,1.18,189.68,133.6,60.9,33.28,4.58,20.5,0.15,0.13,748.77,720.91,4.79,,,,,,,
2026-06-21T23:42:50.09,APOLLOHOSP,,,,healthcare,healthcare,,2026-06-21,8489.5,0.93,8232.0,8382.0,8402.54,8619.94,0.78,57.64,62.86,63.49,15.68,1.03,14.95,0.13,0.1,8237.72,8080.39,4.78,,,,,,,
2026-06-21T23:42:50.09,TATACOMM,,,,telecom-service,telecommunications - service provider,,2026-06-21,1988.8,2.41,1882.58,1890.2,1957.27,2036.09,1.45,53.81,56.58,63.26,33.1,1.61,5.74,0.0,0.19,1835.91,1748.94,4.63,,,,,,,
2026-06-21T23:42:50.09,ELGIEQUIP,,,,industrials,compressors / drilling equipment,,2026-06-21,612.75,1.79,588.0,594.8,605.57,623.52,1.31,37.73,44.96,63.26,34.72,1.19,21.39,0.21,0.23,577.95,554.06,4.6,,,,,,,
2026-06-21T23:42:50.09,ZFCVINDIA,,,,auto,auto ancillaries,,2026-06-21,15795.0,1.37,15269.38,14835.0,14584.21,17611.19,1.26,51.19,57.93,68.39,21.3,8.3,25.05,-0.01,0.17,14832.94,14318.39,4.57,,,,,,,
2026-06-21T23:42:50.09,KPIL,,,,realty,transmisson line towers / equipment,,2026-06-21,1398.7,2.25,1336.33,1296.0,1300.87,1545.45,1.6,13.76,22.97,69.08,35.94,7.52,15.24,0.11,0.09,1301.76,1240.25,4.56,,,,,,,
2026-06-21T23:42:50.09,CAPLIPOINT,,,,healthcare,pharmaceuticals - indian - formulations,,2026-06-21,2503.5,6.11,2295.26,2325.4,2309.93,2793.85,2.01,27.97,29.68,79.11,55.11,8.38,30.76,0.22,0.18,2283.93,2175.74,4.56,,,,,,,
2026-06-21T23:42:50.09,WOCKPHARMA,,,,healthcare,pharmaceuticals - indian - bulk drugs & formln,,2026-06-21,2011.1,1.1,1940.5,1888.8,1975.24,2064.89,0.29,49.15,153.29,62.08,37.82,1.82,49.61,0.36,0.3,1802.52,1658.99,4.42,,,,,,,
2026-06-21T23:42:50.09,PHOENIXLTD,,,,realty,construction,,2026-06-21,1881.1,1.48,1813.98,1766.7,1767.89,2050.92,1.16,41.69,54.97,65.76,19.45,6.4,9.11,-0.03,0.16,1769.56,1715.8,4.4,,,,,,,
2026-06-21T23:42:50.09,LT,,,,realty,engineering - turnkey services,,2026-06-21,4209.4,0.46,4078.37,4130.0,4020.08,4493.37,0.52,27.19,36.0,65.51,18.19,4.71,5.25,-0.05,0.11,4047.37,3933.94,4.21,,,,,,,
2026-06-21T23:42:50.09,LUPIN,,,,healthcare,pharmaceuticals - indian - bulk drugs & formln,,2026-06-21,2351.6,1.05,2257.14,2253.6,2244.94,2511.59,0.99,16.88,19.66,62.62,11.3,4.75,14.9,0.03,0.15,2264.76,2203.83,4.08,,,,,,,
2026-06-21T23:42:50.09,GRASIM,,,,textiles,textiles - manmade,,2026-06-21,3149.5,0.14,3067.4,3109.2,3104.91,3216.39,0.6,27.27,43.01,63.42,17.73,1.44,14.05,0.03,0.09,3033.19,2963.46,4.07,,,,,,,
2026-06-21T23:42:50.09,INDUSINDBK,,,,bank,banks - private sector,,2026-06-21,947.45,0.93,912.58,920.2,903.64,1013.16,2.76,31.04,83.04,60.79,18.73,4.85,11.79,0.05,0.23,904.93,876.13,4.04,,,,,,,
2026-06-21T23:42:50.09,SIEMENS,,,,industrials,electric equipment,,2026-06-21,3759.6,0.36,3636.29,3582.7,3567.7,4047.45,0.61,90.38,85.99,57.01,14.02,5.38,15.73,0.1,0.16,3587.24,3474.47,3.95,,,,,,,
2026-06-21T23:42:50.09,AXISBANK,,,,bank,banks - private sector,,2026-06-21,1357.9,-0.16,1323.49,1345.0,1324.42,1408.11,0.64,13.87,15.97,64.2,20.09,2.53,7.35,0.02,0.13,1312.04,1282.75,3.47,,,,,,,
2026-06-21T23:42:50.09,AADHARHFC,,,,financials,finance - housing,,2026-06-21,515.1,5.89,472.41,481.0,465.18,589.98,7.15,17.99,20.35,66.81,14.66,10.73,4.25,-0.01,-0.02,478.68,460.76,3.45,,,,,,,
2026-06-21T23:42:50.09,MOTILALOFS,,,,financials,finance & investments,,2026-06-21,953.45,0.56,921.74,903.0,885.01,1056.11,0.67,-64.6,30.6,67.15,27.3,7.73,-1.85,0.05,0.02,897.7,861.38,3.32,,,,,,,
2026-06-20T23:39:53.164,ACUTAAS,,,,healthcare,pharmaceuticals - indian - bulk drugs,,2026-06-20,3246.2,3.5,3067.6,2960.2,3135.03,3412.96,0.71,50.44,74.61,62.78,40.91,3.55,89.44,0.8,1.27,2966.66,2771.8,44.61,,,,,,,
2026-06-20T23:39:53.164,HFCL,,,,telecom,cables - telephone,,2026-06-20,209.61,5.0,199.93,180.45,187.64,242.57,0.41,43.31,98.41,73.65,53.24,11.71,182.99,1.99,1.76,190.18,175.61,37.89,,,,,,,
2026-06-20T23:39:53.164,GVT&D,,,,industrials,electric equipment,,2026-06-20,5533.5,5.4,5124.91,4740.0,4916.92,6458.38,1.44,100.68,114.87,67.75,29.68,12.54,84.71,0.72,0.74,5005.36,4707.75,32.84,,,,,,,
2026-06-20T23:39:53.164,BELRISE,,,,auto,auto ancillaries,,2026-06-20,241.09,0.77,234.32,231.0,229.0,259.23,0.78,39.39,39.46,66.1,18.38,5.28,50.34,0.41,0.47,224.46,216.2,30.56,,,,,,,
2026-06-20T23:39:53.164,KIRLOSENG,,,,industrials,engines,,2026-06-20,1991.5,0.4,1909.04,1910.0,1916.47,2104.04,0.76,45.63,50.39,65.95,30.28,3.91,74.46,0.43,1.08,1834.46,1747.18,30.18,,,,,,,
2026-06-20T23:39:53.164,POWERINDIA,,,,industrials,electric equipment,,2026-06-20,36880.0,1.6,35392.7,34125.0,34479.38,40480.93,0.67,124.36,166.4,61.37,20.41,6.96,72.22,0.77,0.97,34496.28,32943.5,27.76,,,,,,,
2026-06-20T23:39:53.164,APARINDS,,,,industrials,electric equipment,,2026-06-20,16280.0,2.96,15299.76,15373.0,15113.07,18030.39,0.83,64.51,66.94,74.44,46.16,7.72,74.73,0.71,0.92,14738.35,13677.11,25.33,,,,,,,
2026-06-20T23:39:53.164,ADANIPOWER,,,,power & utilities,power generation and supply,,2026-06-20,231.76,0.52,223.25,218.61,220.14,249.18,0.94,27.86,17.14,57.02,18.46,5.28,55.5,0.49,0.47,216.58,207.66,24.93,,,,,,,
2026-06-20T23:39:53.164,CRAFTSMAN,,,,auto,auto ancillaries,,2026-06-20,9806.5,3.23,9285.5,8990.0,9140.1,10806.1,1.72,47.28,55.8,72.06,43.1,7.29,46.22,0.29,0.41,9147.43,8784.63,19.54,,,,,,,
2026-06-20T23:39:53.164,GABRIEL,,,,auto,auto ancillaries,,2026-06-20,1197.4,4.86,1109.46,1055.7,1040.22,1433.17,3.16,64.65,68.19,65.76,22.83,15.11,21.99,0.15,-0.07,1084.13,1017.77,18.76,,,,,,,
2026-06-20T23:39:53.164,SCHNEIDER,,,,industrials,electric equipment,,2026-06-20,1331.4,2.34,1259.3,1100.0,1096.62,1683.57,1.02,361.79,149.76,61.31,22.47,21.41,74.32,0.77,0.55,1182.38,1077.21,18.59,,,,,,,
2026-06-20T23:39:53.164,RRKABEL,,,,industrials,cables - power,,2026-06-20,2321.1,1.08,2215.88,2177.0,2199.49,2503.52,0.95,39.08,53.32,75.19,41.13,5.53,72.17,0.5,0.77,2129.6,1993.88,18.13,,,,,,,
2026-06-20T23:39:53.164,DATAPATTNS,,,,aerospace & defence,electronics - components,,2026-06-20,4822.1,0.42,4642.46,4335.1,4406.4,5445.64,1.09,48.79,99.49,66.2,24.67,9.43,54.84,0.8,0.77,4326.23,4088.13,17.27,,,,,,,
2026-06-20T23:39:53.164,MAHABANK,,,,bank,banks - public sector,,2026-06-20,90.19,0.77,87.12,87.1,85.28,97.55,0.65,8.48,9.88,70.56,21.36,5.76,49.64,0.46,0.56,84.75,80.98,16.55,,,,,,,
2026-06-20T23:39:53.164,BHEL,,,,industrials,electric equipment,,2026-06-20,414.35,2.08,395.77,381.05,376.23,471.53,1.16,27.92,90.08,62.65,25.66,10.13,43.58,0.37,0.67,385.17,372.63,16.45,,,,,,,
2026-06-20T23:39:53.164,CEMPRO,,,,realty,construction,,2026-06-20,1252.0,5.0,1156.6,1137.8,1196.47,1335.29,0.21,22.2,35.97,69.48,46.24,4.64,56.26,0.45,0.48,1127.16,1033.53,16.06,,,,,,,
2026-06-20T23:39:53.164,RBLBANK,,,,bank,banks - private sector,,2026-06-20,378.85,2.6,360.15,364.35,363.3,402.17,1.77,23.92,26.42,69.9,27.5,4.28,20.7,0.18,0.33,358.16,343.69,15.87,,,,,,,
2026-06-20T23:39:53.164,NAVINFLUOR,,,,chemicals,chemicals,,2026-06-20,7493.5,2.6,7152.53,7164.5,7072.56,8124.92,0.96,45.15,57.48,66.49,26.72,5.95,24.34,0.17,0.56,7068.8,6829.77,15.62,,,,,,,
2026-06-20T23:39:53.164,POLYCAB,,,,industrials,cables - power,,2026-06-20,10083.0,1.31,9634.38,9475.0,9642.19,10744.21,1.14,48.31,56.53,72.79,30.95,4.57,31.61,0.31,0.33,9630.28,9327.75,15.35,,,,,,,
2026-06-20T23:39:53.164,NAM-INDIA,,,,financials,finance & investments,,2026-06-20,1186.9,1.67,1134.64,1099.9,1093.51,1326.99,1.23,49.13,49.37,65.69,25.45,8.54,37.69,0.26,0.31,1113.9,1063.55,14.47,,,,,,,
2026-06-20T23:39:53.164,BHARATFORG,,,,industrials,castings & forgings,,2026-06-20,2041.4,1.06,1979.5,1954.8,1952.87,2174.19,1.33,105.01,90.41,65.61,12.99,4.53,46.18,0.33,0.62,1940.56,1883.04,14.43,,,,,,,
2026-06-20T23:39:53.164,SAILIFE,,,,healthcare,pharmaceuticals - indian - bulk drugs & formln,,2026-06-20,1216.4,0.8,1181.98,1181.3,1192.49,1252.27,0.69,61.68,73.23,62.03,22.55,2.01,41.0,0.27,0.33,1141.38,1107.61,14.39,,,,,,,
2026-06-20T23:39:53.164,FEDERALBNK,,,,bank,banks - private sector,,2026-06-20,323.95,1.09,312.67,312.75,315.75,336.25,0.59,14.89,18.33,73.15,33.05,2.6,32.72,0.13,0.62,311.49,303.09,14.24,,,,,,,
2026-06-20T23:39:53.164,WELCORP,,,,industrials,steel - large,,2026-06-20,1423.4,1.86,1358.38,1370.0,1382.4,1484.9,0.7,25.35,23.25,63.35,33.33,2.97,57.68,0.66,0.61,1338.53,1285.77,14.22,,,,,,,
2026-06-20T23:39:53.164,J&KBANK,,,,bank,banks - private sector,,2026-06-20,163.56,0.41,158.78,157.68,158.48,171.19,0.62,5.64,7.64,74.14,41.0,3.21,53.22,0.5,0.52,153.5,148.63,13.51,,,,,,,
2026-06-20T23:39:53.164,SHRIRAMFIN,,,,financials,finance & investments,,2026-06-20,1001.9,-0.08,972.45,988.0,936.33,1100.26,0.4,15.6,18.8,61.03,18.79,7.0,22.19,0.07,0.49,951.13,918.85,12.61,,,,,,,
2026-06-20T23:39:53.164,SCI,,,,transportation,shipping,,2026-06-20,312.15,0.94,303.31,302.0,286.03,351.33,0.47,8.98,10.75,55.13,18.83,9.13,21.86,0.39,0.35,287.15,275.76,12.55,,,,,,,
2026-06-20T23:39:53.164,GRANULES,,,,healthcare,pharmaceuticals - indian - bulk drugs & formln,,2026-06-20,786.9,0.61,755.92,736.5,755.28,834.33,1.24,23.9,32.2,62.29,32.74,4.19,40.25,0.25,0.4,735.05,704.86,12.44,,,,,,,
2026-06-20T23:39:53.164,NYKAA,,,,i.t,trading,,2026-06-20,302.3,1.41,292.58,270.25,267.72,354.18,2.2,279.91,438.12,73.67,19.93,12.92,12.64,0.14,0.21,283.05,270.01,12.42,,,,,,,
2026-06-20T23:39:53.164,ABCAPITAL,,,,financials,finance & investments,,2026-06-20,375.9,1.43,361.23,363.15,353.02,410.22,2.5,21.8,26.1,61.46,15.68,6.48,12.91,-0.0,0.21,355.78,342.04,12.22,,,,,,,
2026-06-20T23:39:53.164,ABSLAMC,,,,financials,finance & investments,,2026-06-20,1180.6,1.16,1128.47,1090.8,1085.87,1322.69,0.93,45.55,34.96,65.49,36.9,8.72,60.25,0.41,0.43,1083.12,1018.41,12.12,,,,,,,
2026-06-20T23:39:53.164,LTF,,,,financials,finance & investments,,2026-06-20,286.5,-0.14,276.75,282.35,270.21,310.94,0.9,22.24,24.04,55.76,15.84,6.03,-3.37,-0.13,0.07,268.13,257.66,11.4,,,,,,,
2026-06-20T23:39:53.164,IFCI,,,,financials,finance - term-lending institutions,,2026-06-20,85.73,4.16,81.05,80.61,83.25,89.45,3.17,428.65,127.96,62.05,39.92,2.98,59.36,0.68,0.5,71.41,62.92,10.64,,,,,,,
2026-06-20T23:39:53.164,RADICO,,,,fmcg,breweries & distilleries,,2026-06-20,3769.2,2.15,3612.28,3556.4,3496.9,4177.65,1.68,70.27,83.46,72.05,28.15,7.79,14.56,0.13,0.25,3583.75,3453.45,10.59,,,,,,,
2026-06-20T23:39:53.164,MOTHERSON,,,,auto,auto ancillaries,,2026-06-20,145.54,0.59,140.16,142.61,145.01,146.33,0.84,25.62,37.32,59.64,37.05,0.37,33.96,0.12,0.33,137.52,132.01,10.16,,,,,,,
2026-06-20T23:39:53.164,ASTERDM,,,,healthcare,healthcare,,2026-06-20,809.4,2.65,769.64,761.6,775.24,860.64,0.86,74.39,107.35,63.9,26.51,4.41,18.94,0.23,0.24,750.58,716.11,10.08,,,,,,,
2026-06-20T23:39:53.164,VIJAYA,,,,healthcare,healthcare,,2026-06-20,1364.2,4.49,1268.81,1270.0,1275.49,1497.26,1.16,73.19,81.06,63.27,40.24,6.95,33.17,0.29,0.31,1246.39,1183.84,10.06,,,,,,,
2026-06-20T23:39:53.164,CGPOWER,,,,industrials,electric equipment,,2026-06-20,963.7,0.97,931.05,916.55,933.22,1009.42,0.96,103.85,124.99,67.09,29.44,3.27,31.35,0.32,0.26,915.51,881.71,9.9,,,,,,,
2026-06-20T23:39:53.164,AIAENG,,,,industrials,castings & forgings,,2026-06-20,4687.0,3.4,4430.58,4362.3,4543.12,4902.83,2.22,27.8,34.44,70.29,29.18,3.17,26.3,0.13,0.4,4367.19,4208.13,9.63,,,,,,,
2026-06-20T23:39:53.164,EICHERMOT,,,,auto,automobiles - motorcycles / mopeds,,2026-06-20,7611.0,0.13,7350.98,7280.0,7308.55,8064.68,1.24,34.34,37.85,64.41,15.54,4.14,11.7,-0.02,0.05,7271.05,7063.08,9.22,,,,,,,
2026-06-20T23:39:53.164,HONASA,,,,services,trading,,2026-06-20,417.4,2.68,394.94,398.2,413.86,422.71,0.29,48.99,67.87,64.8,46.94,0.86,45.12,0.5,0.41,389.35,370.61,8.9,,,,,,,
2026-06-20T23:39:53.164,CCL,,,,fmcg,tea,,2026-06-20,1137.3,0.43,1098.58,1102.1,1107.24,1182.4,0.35,33.06,39.02,54.64,26.25,2.72,11.69,0.05,0.29,1054.18,1010.54,8.54,,,,,,,
2026-06-20T23:39:53.164,ACMESOLAR,,,,realty,engineering - turnkey services,,2026-06-20,337.65,1.73,323.6,327.0,344.61,327.2,0.53,36.7,40.98,59.25,38.5,-2.02,37.31,0.32,0.13,309.64,290.59,8.5,,,,,,,
2026-06-20T23:39:53.164,AUBANK,,,,bank,banks - private sector,,2026-06-20,1033.05,0.75,996.71,1010.0,980.91,1111.25,0.71,23.2,29.19,60.67,17.09,5.31,12.28,-0.04,0.38,981.13,951.14,8.45,,,,,,,
2026-06-20T23:39:53.164,CARBORUNIV,,,,industrials,abrasives and grinding wheels,,2026-06-20,1241.7,4.15,1152.77,1051.8,1042.34,1540.73,6.2,-333.79,120.44,78.99,41.94,19.13,44.89,0.35,0.31,1094.35,1049.04,8.21,,,,,,,
2026-06-20T23:39:53.164,AEGISLOG,,,,services,trading,,2026-06-20,1007.8,0.09,974.17,920.25,927.99,1127.51,0.28,21.55,39.38,85.12,49.5,8.6,27.44,0.27,0.24,922.56,865.58,7.25,,,,,,,
2026-06-20T23:39:53.164,EMCURE,,,,healthcare,pharmaceuticals - indian - bulk drugs & formln,,2026-06-20,1776.0,1.3,1715.88,1681.0,1698.66,1892.01,0.34,34.58,36.42,58.73,24.56,4.55,30.58,0.18,0.32,1670.16,1601.87,7.23,,,,,,,
2026-06-20T23:39:53.164,HBLENGINE,,,,auto,auto ancillaries,,2026-06-20,815.5,1.38,782.73,791.1,767.29,887.81,1.26,87.88,27.75,57.68,10.62,6.28,-20.71,-0.02,-0.06,762.84,740.34,7.03,,,,,,,
2026-06-20T23:39:53.164,STARHEALTH,,,,financials,finance & investments,,2026-06-20,580.25,2.58,547.38,520.0,523.19,665.84,3.48,76.75,61.27,77.39,35.2,10.91,12.61,0.16,0.23,533.53,514.04,7.0,,,,,,,
2026-06-20T23:39:53.164,TITAN,,,,consumer discretionary,diamond cutting / jewellery,,2026-06-20,4419.9,0.73,4272.8,4220.3,4173.52,4789.47,0.75,83.21,77.28,62.95,13.14,5.9,13.95,0.04,0.25,4234.53,4117.3,6.67,,,,,,,
2026-06-20T23:39:53.164,NEULANDLAB,,,,healthcare,pharmaceuticals - indian - bulk drugs,,2026-06-20,17345.0,0.73,16785.44,16560.0,16747.92,18240.61,0.47,26.16,61.14,60.49,23.82,3.57,0.55,0.01,0.09,16418.72,15829.01,6.62,,,,,,,
2026-06-20T23:39:53.164,CGCL,,,,financials,finance & investments,,2026-06-20,220.96,0.07,214.16,208.69,210.05,237.33,1.85,18.79,21.88,74.72,42.27,5.2,13.29,0.14,0.13,206.45,200.59,6.34,,,,,,,
2026-06-20T23:39:53.164,NUVAMA,,,,financials,finance & investments,,2026-06-20,1739.6,1.12,1654.24,1615.8,1610.29,1933.56,0.66,29.41,10.07,73.71,32.84,8.03,18.85,0.12,0.3,1609.04,1519.32,5.98,,,,,,,
2026-06-20T23:39:53.164,FINCABLES,,,,industrials,cables - power,,2026-06-20,1164.3,0.49,1112.79,1041.0,1019.43,1381.61,0.85,19.84,24.95,64.76,23.83,14.21,48.4,0.4,0.37,1062.99,996.71,5.95,,,,,,,
2026-06-20T23:39:53.164,SONACOMS,,,,auto,auto ancillaries,,2026-06-20,613.8,1.45,586.33,591.6,590.75,648.38,0.85,49.66,59.53,60.04,18.12,3.9,25.79,0.15,0.43,584.49,567.46,5.89,,,,,,,
2026-06-20T23:39:53.164,DELHIVERY,,,,transportation,miscellaneous,,2026-06-20,461.1,0.41,445.26,444.75,432.65,503.78,0.59,118.84,226.03,57.96,13.7,6.58,5.97,0.06,0.03,440.93,428.2,5.85,,,,,,,
2026-06-20T23:39:53.164,BOSCHLTD,,,,auto,auto ancillaries,,2026-06-20,40195.0,0.4,39043.2,38870.0,38202.11,43184.33,0.9,52.0,42.75,69.19,21.79,5.22,8.5,0.03,0.01,38255.3,36990.52,5.64,,,,,,,
2026-06-20T23:39:53.164,OLECTRA,,,,auto,automobiles - lcvs / hcvs,,2026-06-20,1520.3,5.09,1406.5,1257.2,1287.65,1869.28,3.63,56.22,70.32,72.72,23.23,18.07,10.06,0.21,-0.06,1371.37,1274.07,5.45,,,,,,,
2026-06-20T23:39:53.164,ADANIENT,,,,services,trading,,2026-06-20,3038.4,0.83,2948.92,2928.3,2986.66,3116.0,1.33,-444.21,38.72,69.58,50.58,1.73,24.7,0.25,0.13,2896.73,2803.99,5.39,,,,,,,
2026-06-20T23:39:53.164,WELSPUNLIV,,,,textiles,textiles - products,,2026-06-20,162.23,-0.47,155.04,139.5,143.45,190.4,2.29,37.55,71.15,74.02,19.86,13.09,15.61,0.12,0.34,148.53,140.6,5.31,,,,,,,
2026-06-20T23:39:53.164,THELEELA,,,,services,hotels,,2026-06-20,494.2,8.0,441.39,433.0,430.23,590.15,8.21,12.63,29.12,78.7,25.22,14.87,14.86,0.11,0.11,447.07,419.52,5.02,,,,,,,
2026-06-20T23:39:53.164,TVSMOTOR,,,,auto,automobiles - motorcycles / mopeds,,2026-06-20,3442.9,-0.43,3346.01,3333.0,3307.93,3645.36,0.87,53.0,54.19,52.13,16.14,4.08,-1.06,-0.13,-0.04,3303.95,3217.64,5.02,,,,,,,
2026-06-20T23:39:53.164,MINDACORP,,,,auto,auto ancillaries,,2026-06-20,652.95,0.32,630.09,640.15,660.85,641.09,0.52,30.86,42.65,65.96,36.1,-1.2,9.74,0.01,0.09,608.43,583.8,4.94,,,,,,,
2026-06-20T23:39:53.164,KIMS,,,,healthcare,healthcare,,2026-06-20,804.25,1.84,765.43,763.6,768.99,857.14,1.18,189.68,133.6,60.9,33.28,4.58,20.5,0.15,0.13,748.77,720.91,4.79,,,,,,,
2026-06-20T23:39:53.164,APOLLOHOSP,,,,healthcare,healthcare,,2026-06-20,8489.5,0.93,8232.0,8382.0,8402.54,8619.94,0.78,57.64,62.86,63.49,15.68,1.03,14.95,0.13,0.1,8237.72,8080.39,4.78,,,,,,,
2026-06-20T23:39:53.164,TATACOMM,,,,telecom-service,telecommunications - service provider,,2026-06-20,1988.8,2.41,1882.58,1890.2,1957.27,2036.09,1.45,53.81,56.58,63.26,33.1,1.61,5.74,0.0,0.19,1835.91,1748.94,4.63,,,,,,,
2026-06-20T23:39:53.164,ELGIEQUIP,,,,industrials,compressors / drilling equipment,,2026-06-20,612.75,1.79,588.0,594.8,605.57,623.52,1.31,37.73,44.96,63.26,34.72,1.19,21.39,0.21,0.23,577.95,554.06,4.6,,,,,,,
2026-06-20T23:39:53.164,ZFCVINDIA,,,,auto,auto ancillaries,,2026-06-20,15795.0,1.37,15269.38,14835.0,14584.21,17611.19,1.26,51.19,57.93,68.39,21.3,8.3,25.05,-0.01,0.17,14832.94,14318.39,4.57,,,,,,,
2026-06-20T23:39:53.164,KPIL,,,,realty,transmisson line towers / equipment,,2026-06-20,1398.7,2.25,1336.33,1296.0,1300.87,1545.45,1.6,13.76,22.97,69.08,35.94,7.52,15.24,0.11,0.09,1301.76,1240.25,4.56,,,,,,,
2026-06-20T23:39:53.164,CAPLIPOINT,,,,healthcare,pharmaceuticals - indian - formulations,,2026-06-20,2503.5,6.11,2295.26,2325.4,2309.93,2793.85,2.01,27.97,29.68,79.11,55.11,8.38,30.76,0.22,0.18,2283.93,2175.74,4.56,,,,,,,
2026-06-20T23:39:53.164,WOCKPHARMA,,,,healthcare,pharmaceuticals - indian - bulk drugs & formln,,2026-06-20,2011.1,1.1,1940.5,1888.8,1975.24,2064.89,0.29,49.15,153.29,62.08,37.82,1.82,49.61,0.36,0.3,1802.52,1658.99,4.42,,,,,,,
2026-06-20T23:39:53.164,PHOENIXLTD,,,,realty,construction,,2026-06-20,1881.1,1.48,1813.98,1766.7,1767.89,2050.92,1.16,41.69,54.97,65.76,19.45,6.4,9.11,-0.03,0.16,1769.56,1715.8,4.4,,,,,,,
2026-06-20T23:39:53.164,LT,,,,realty,engineering - turnkey services,,2026-06-20,4209.4,0.46,4078.37,4130.0,4020.08,4493.37,0.52,27.19,36.0,65.51,18.19,4.71,5.25,-0.05,0.11,4047.37,3933.94,4.21,,,,,,,
2026-06-20T23:39:53.164,LUPIN,,,,healthcare,pharmaceuticals - indian - bulk drugs & formln,,2026-06-20,2351.6,1.05,2257.14,2253.6,2244.94,2511.59,0.99,16.88,19.66,62.62,11.3,4.75,14.9,0.03,0.15,2264.76,2203.83,4.08,,,,,,,
2026-06-20T23:39:53.164,GRASIM,,,,textiles,textiles - manmade,,2026-06-20,3149.5,0.14,3067.4,3109.2,3104.91,3216.39,0.6,27.27,43.01,63.42,17.73,1.44,14.05,0.03,0.09,3033.19,2963.46,4.07,,,,,,,
2026-06-20T23:39:53.164,INDUSINDBK,,,,bank,banks - private sector,,2026-06-20,947.45,0.93,912.58,920.2,903.64,1013.16,2.76,31.04,83.04,60.79,18.73,4.85,11.79,0.05,0.23,904.93,876.13,4.04,,,,,,,
2026-06-20T23:39:53.164,SIEMENS,,,,industrials,electric equipment,,2026-06-20,3759.6,0.36,3636.29,3582.7,3567.7,4047.45,0.61,90.38,85.99,57.01,14.02,5.38,15.73,0.1,0.16,3587.24,3474.47,3.95,,,,,,,
2026-06-20T23:39:53.164,AXISBANK,,,,bank,banks - private sector,,2026-06-20,1357.9,-0.16,1323.49,1345.0,1324.42,1408.11,0.64,13.87,15.97,64.2,20.09,2.53,7.35,0.02,0.13,1312.04,1282.75,3.47,,,,,,,
2026-06-20T23:39:53.164,AADHARHFC,,,,financials,finance - housing,,2026-06-20,515.1,5.89,472.41,481.0,465.18,589.98,7.15,17.99,20.35,66.81,14.66,10.73,4.25,-0.01,-0.02,478.68,460.76,3.45,,,,,,,
2026-06-20T23:39:53.164,MOTILALOFS,,,,financials,finance & investments,,2026-06-20,953.45,0.56,921.74,903.0,885.01,1056.11,0.67,-64.6,30.6,67.15,27.3,7.73,-1.85,0.05,0.02,897.7,861.38,3.32,,,,,,,
2026-06-19T22:33:19.303,ACUTAAS,,,,healthcare,pharmaceuticals - indian - bulk drugs,,2026-06-19,3246.2,3.5,3067.6,2960.2,3135.03,3412.96,0.71,50.44,72.08,62.78,40.91,3.55,89.44,0.8,1.27,2966.66,2771.8,44.61,,,,,,,
2026-06-19T22:33:19.303,HFCL,,,,telecom,cables - telephone,,2026-06-19,209.61,5.0,199.93,180.45,187.64,242.57,0.41,43.31,93.72,73.65,53.24,11.71,182.99,1.99,1.76,190.18,175.61,37.89,,,,,,,
2026-06-19T22:33:19.303,GVT&D,,,,industrials,electric equipment,,2026-06-19,5533.5,5.4,5124.91,4740.0,4916.92,6458.38,1.44,100.68,108.99,67.75,29.68,12.54,84.71,0.72,0.74,5005.36,4707.75,32.84,,,,,,,
2026-06-19T22:33:19.303,BELRISE,,,,auto,auto ancillaries,,2026-06-19,241.09,0.77,234.32,231.0,229.0,259.23,0.78,39.39,39.16,66.1,18.38,5.28,50.34,0.41,0.47,224.46,216.2,30.56,,,,,,,
2026-06-19T22:33:19.303,KIRLOSENG,,,,industrials,engines,,2026-06-19,1991.5,0.4,1909.04,1910.0,1916.47,2104.04,0.76,45.63,50.19,65.95,30.28,3.91,74.46,0.43,1.08,1834.46,1747.18,30.18,,,,,,,
2026-06-19T22:33:19.303,POWERINDIA,,,,industrials,electric equipment,,2026-06-19,36880.0,1.6,35392.7,34125.0,34479.38,40480.93,0.67,124.36,163.79,61.37,20.41,6.96,72.22,0.77,0.97,34496.28,32943.5,27.76,,,,,,,
2026-06-19T22:33:19.303,APARINDS,,,,industrials,electric equipment,,2026-06-19,16280.0,2.96,15299.76,15373.0,15113.07,18030.39,0.83,64.51,65.01,74.44,46.16,7.72,74.73,0.71,0.92,14738.35,13677.11,25.33,,,,,,,
2026-06-19T22:33:19.303,ADANIPOWER,,,,power & utilities,power generation and supply,,2026-06-19,231.76,0.52,223.25,218.61,220.14,249.18,0.94,27.86,17.05,57.02,18.46,5.28,55.5,0.49,0.47,216.58,207.66,24.93,,,,,,,
2026-06-19T22:33:19.303,CRAFTSMAN,,,,auto,auto ancillaries,,2026-06-19,9806.5,3.23,9285.5,8990.0,9140.1,10806.1,1.72,47.28,54.06,72.06,43.1,7.29,46.22,0.29,0.41,9147.43,8784.63,19.54,,,,,,,
2026-06-19T22:33:19.303,GABRIEL,,,,auto,auto ancillaries,,2026-06-19,1197.4,4.86,1109.46,1055.7,1040.22,1433.17,3.16,64.65,65.03,65.76,22.83,15.11,21.99,0.15,-0.07,1084.13,1017.77,18.76,,,,,,,
2026-06-19T22:33:19.303,SCHNEIDER,,,,industrials,electric equipment,,2026-06-19,1331.4,2.34,1259.3,1100.0,1096.62,1683.57,1.02,361.79,146.34,61.31,22.47,21.41,74.32,0.77,0.55,1182.38,1077.21,18.59,,,,,,,
2026-06-19T22:33:19.303,RRKABEL,,,,industrials,cables - power,,2026-06-19,2321.1,1.08,2215.88,2177.0,2199.49,2503.52,0.95,39.08,52.75,75.19,41.13,5.53,72.17,0.5,0.77,2129.6,1993.88,18.13,,,,,,,
2026-06-19T22:33:19.303,DATAPATTNS,,,,aerospace & defence,electronics - components,,2026-06-19,4822.1,0.42,4642.46,4335.1,4406.4,5445.64,1.09,48.79,99.07,66.2,24.67,9.43,54.84,0.8,0.77,4326.23,4088.13,17.27,,,,,,,
2026-06-19T22:33:19.303,MAHABANK,,,,bank,banks - public sector,,2026-06-19,90.19,0.77,87.12,87.1,85.28,97.55,0.65,8.48,9.8,70.56,21.36,5.76,49.64,0.46,0.56,84.75,80.98,16.55,,,,,,,
2026-06-19T22:33:19.303,BHEL,,,,industrials,electric equipment,,2026-06-19,414.35,2.08,395.77,381.05,376.23,471.53,1.16,27.92,88.24,62.65,25.66,10.13,43.58,0.37,0.67,385.17,372.63,16.45,,,,,,,
2026-06-19T22:33:19.303,CEMPRO,,,,realty,construction,,2026-06-19,1252.0,5.0,1156.6,1137.8,1196.47,1335.29,0.21,22.2,34.25,69.48,46.24,4.64,56.26,0.45,0.48,1127.16,1033.53,16.06,,,,,,,
2026-06-19T22:33:19.303,RBLBANK,,,,bank,banks - private sector,,2026-06-19,378.85,2.6,360.15,364.35,363.3,402.17,1.77,23.92,25.75,69.9,27.5,4.28,20.7,0.18,0.33,358.16,343.69,15.87,,,,,,,
2026-06-19T22:33:19.303,NAVINFLUOR,,,,chemicals,chemicals,,2026-06-19,7493.5,2.6,7152.53,7164.5,7072.56,8124.92,0.96,45.15,56.03,66.49,26.72,5.95,24.34,0.17,0.56,7068.8,6829.77,15.62,,,,,,,
2026-06-19T22:33:19.303,POLYCAB,,,,industrials,cables - power,,2026-06-19,10083.0,1.31,9634.38,9475.0,9642.19,10744.21,1.14,48.31,55.79,72.79,30.95,4.57,31.61,0.31,0.33,9630.28,9327.75,15.35,,,,,,,
2026-06-19T22:33:19.303,NAM-INDIA,,,,financials,finance & investments,,2026-06-19,1186.9,1.67,1134.64,1099.9,1093.51,1326.99,1.23,49.13,48.56,65.69,25.45,8.54,37.69,0.26,0.31,1113.9,1063.55,14.47,,,,,,,
2026-06-19T22:33:19.303,BHARATFORG,,,,industrials,castings & forgings,,2026-06-19,2041.4,1.06,1979.5,1954.8,1952.87,2174.19,1.33,105.01,89.46,65.61,12.99,4.53,46.18,0.33,0.62,1940.56,1883.04,14.43,,,,,,,
2026-06-19T22:33:19.303,SAILIFE,,,,healthcare,pharmaceuticals - indian - bulk drugs & formln,,2026-06-19,1216.4,0.8,1181.98,1181.3,1192.49,1252.27,0.69,61.68,72.66,62.03,22.55,2.01,41.0,0.27,0.33,1141.38,1107.61,14.39,,,,,,,
2026-06-19T22:33:19.303,FEDERALBNK,,,,bank,banks - private sector,,2026-06-19,323.95,1.09,312.67,312.75,315.75,336.25,0.59,14.89,18.14,73.15,33.05,2.6,32.72,0.13,0.62,311.49,303.09,14.24,,,,,,,
2026-06-19T22:33:19.303,WELCORP,,,,industrials,steel - large,,2026-06-19,1423.4,1.86,1358.38,1370.0,1382.4,1484.9,0.7,25.35,22.82,63.35,33.33,2.97,57.68,0.66,0.61,1338.53,1285.77,14.22,,,,,,,
2026-06-19T22:33:19.303,J&KBANK,,,,bank,banks - private sector,,2026-06-19,163.56,0.41,158.78,157.68,158.48,171.19,0.62,5.64,7.61,74.14,41.0,3.21,53.22,0.5,0.52,153.5,148.63,13.51,,,,,,,
2026-06-19T22:33:19.303,SHRIRAMFIN,,,,financials,finance & investments,,2026-06-19,1001.9,-0.08,972.45,988.0,936.33,1100.26,0.4,15.6,18.82,61.03,18.79,7.0,22.19,0.07,0.49,951.13,918.85,12.61,,,,,,,
2026-06-19T22:33:19.303,SCI,,,,transportation,shipping,,2026-06-19,312.15,0.94,303.31,302.0,286.03,351.33,0.47,8.98,10.65,55.13,18.83,9.13,21.86,0.39,0.35,287.15,275.76,12.55,,,,,,,
2026-06-19T22:33:19.303,GRANULES,,,,healthcare,pharmaceuticals - indian - bulk drugs & formln,,2026-06-19,786.9,0.61,755.92,736.5,755.28,834.33,1.24,23.9,32.0,62.29,32.74,4.19,40.25,0.25,0.4,735.05,704.86,12.44,,,,,,,
2026-06-19T22:33:19.303,NYKAA,,,,i.t,trading,,2026-06-19,302.3,1.41,292.58,270.25,267.72,354.18,2.2,279.91,432.03,73.67,19.93,12.92,12.64,0.14,0.21,283.05,270.01,12.42,,,,,,,
2026-06-19T22:33:19.303,ABCAPITAL,,,,financials,finance & investments,,2026-06-19,375.9,1.43,361.23,363.15,353.02,410.22,2.5,21.8,25.74,61.46,15.68,6.48,12.91,-0.0,0.21,355.78,342.04,12.22,,,,,,,
2026-06-19T22:33:19.303,ABSLAMC,,,,financials,finance & investments,,2026-06-19,1180.6,1.16,1128.47,1090.8,1085.87,1322.69,0.93,45.55,34.56,65.49,36.9,8.72,60.25,0.41,0.43,1083.12,1018.41,12.12,,,,,,,
2026-06-19T22:33:19.303,LTF,,,,financials,finance & investments,,2026-06-19,286.5,-0.14,276.75,282.35,270.21,310.94,0.9,22.24,24.07,55.76,15.84,6.03,-3.37,-0.13,0.07,268.13,257.66,11.4,,,,,,,
2026-06-19T22:33:19.303,IFCI,,,,financials,finance - term-lending institutions,,2026-06-19,85.73,4.16,81.05,80.61,83.25,89.45,3.17,428.65,122.85,62.05,39.92,2.98,59.36,0.68,0.5,71.41,62.92,10.64,,,,,,,
2026-06-19T22:33:19.303,RADICO,,,,fmcg,breweries & distilleries,,2026-06-19,3769.2,2.15,3612.28,3556.4,3496.9,4177.65,1.68,70.27,81.71,72.05,28.15,7.79,14.56,0.13,0.25,3583.75,3453.45,10.59,,,,,,,
2026-06-19T22:33:19.303,MOTHERSON,,,,auto,auto ancillaries,,2026-06-19,145.54,0.59,140.16,142.61,145.01,146.33,0.84,25.62,37.1,59.64,37.05,0.37,33.96,0.12,0.33,137.52,132.01,10.16,,,,,,,
2026-06-19T22:33:19.303,ASTERDM,,,,healthcare,healthcare,,2026-06-19,809.4,2.65,769.64,761.6,775.24,860.64,0.86,74.39,104.58,63.9,26.51,4.41,18.94,0.23,0.24,750.58,716.11,10.08,,,,,,,
2026-06-19T22:33:19.303,VIJAYA,,,,healthcare,healthcare,,2026-06-19,1364.2,4.49,1268.81,1270.0,1275.49,1497.26,1.16,73.19,77.58,63.27,40.24,6.95,33.17,0.29,0.31,1246.39,1183.84,10.06,,,,,,,
2026-06-19T22:33:19.303,CGPOWER,,,,industrials,electric equipment,,2026-06-19,963.7,0.97,931.05,916.55,933.22,1009.42,0.96,103.85,123.79,67.09,29.44,3.27,31.35,0.32,0.26,915.51,881.71,9.9,,,,,,,
2026-06-19T22:33:19.303,AIAENG,,,,industrials,castings & forgings,,2026-06-19,4687.0,3.4,4430.58,4362.3,4543.12,4902.83,2.22,27.8,33.3,70.29,29.18,3.17,26.3,0.13,0.4,4367.19,4208.13,9.63,,,,,,,
2026-06-19T22:33:19.303,EICHERMOT,,,,auto,automobiles - motorcycles / mopeds,,2026-06-19,7611.0,0.13,7350.98,7280.0,7308.55,8064.68,1.24,34.34,37.8,64.41,15.54,4.14,11.7,-0.02,0.05,7271.05,7063.08,9.22,,,,,,,
2026-06-19T22:33:19.303,HONASA,,,,services,trading,,2026-06-19,417.4,2.68,394.94,398.2,413.86,422.71,0.29,48.99,66.1,64.8,46.94,0.86,45.12,0.5,0.41,389.35,370.61,8.9,,,,,,,
2026-06-19T22:33:19.303,CCL,,,,fmcg,tea,,2026-06-19,1137.3,0.43,1098.58,1102.1,1107.24,1182.4,0.35,33.06,38.85,54.64,26.25,2.72,11.69,0.05,0.29,1054.18,1010.54,8.54,,,,,,,
2026-06-19T22:33:19.303,ACMESOLAR,,,,realty,engineering - turnkey services,,2026-06-19,337.65,1.73,323.6,327.0,344.61,327.2,0.53,36.7,40.28,59.25,38.5,-2.02,37.31,0.32,0.13,309.64,290.59,8.5,,,,,,,
2026-06-19T22:33:19.303,AUBANK,,,,bank,banks - private sector,,2026-06-19,1033.05,0.75,996.71,1010.0,980.91,1111.25,0.71,23.2,28.97,60.67,17.09,5.31,12.28,-0.04,0.38,981.13,951.14,8.45,,,,,,,
2026-06-19T22:33:19.303,CARBORUNIV,,,,industrials,abrasives and grinding wheels,,2026-06-19,1241.7,4.15,1152.77,1051.8,1042.34,1540.73,6.2,-333.79,115.64,78.99,41.94,19.13,44.89,0.35,0.31,1094.35,1049.04,8.21,,,,,,,
2026-06-19T22:33:19.303,AEGISLOG,,,,services,trading,,2026-06-19,1007.8,0.09,974.17,920.25,927.99,1127.51,0.28,21.55,39.35,85.12,49.5,8.6,27.44,0.27,0.24,922.56,865.58,7.25,,,,,,,
2026-06-19T22:33:19.303,EMCURE,,,,healthcare,pharmaceuticals - indian - bulk drugs & formln,,2026-06-19,1776.0,1.3,1715.88,1681.0,1698.66,1892.01,0.34,34.58,35.95,58.73,24.56,4.55,30.58,0.18,0.32,1670.16,1601.87,7.23,,,,,,,
2026-06-19T22:33:19.303,HBLENGINE,,,,auto,auto ancillaries,,2026-06-19,815.5,1.38,782.73,791.1,767.29,887.81,1.26,87.88,27.37,57.68,10.62,6.28,-20.71,-0.02,-0.06,762.84,740.34,7.03,,,,,,,
2026-06-19T22:33:19.303,STARHEALTH,,,,financials,finance & investments,,2026-06-19,580.25,2.58,547.38,520.0,523.19,665.84,3.48,76.75,59.73,77.39,35.2,10.91,12.61,0.16,0.23,533.53,514.04,7.0,,,,,,,
2026-06-19T22:33:19.303,TITAN,,,,consumer discretionary,diamond cutting / jewellery,,2026-06-19,4419.9,0.73,4272.8,4220.3,4173.52,4789.47,0.75,83.21,76.72,62.95,13.14,5.9,13.95,0.04,0.25,4234.53,4117.3,6.67,,,,,,,
2026-06-19T22:33:19.303,NEULANDLAB,,,,healthcare,pharmaceuticals - indian - bulk drugs,,2026-06-19,17345.0,0.73,16785.44,16560.0,16747.92,18240.61,0.47,26.16,60.7,60.49,23.82,3.57,0.55,0.01,0.09,16418.72,15829.01,6.62,,,,,,,
2026-06-19T22:33:19.303,CGCL,,,,financials,finance & investments,,2026-06-19,220.96,0.07,214.16,208.69,210.05,237.33,1.85,18.79,21.86,74.72,42.27,5.2,13.29,0.14,0.13,206.45,200.59,6.34,,,,,,,
2026-06-19T22:33:19.303,NUVAMA,,,,financials,finance & investments,,2026-06-19,1739.6,1.12,1654.24,1615.8,1610.29,1933.56,0.66,29.41,9.96,73.71,32.84,8.03,18.85,0.12,0.3,1609.04,1519.32,5.98,,,,,,,
2026-06-19T22:33:19.303,FINCABLES,,,,industrials,cables - power,,2026-06-19,1164.3,0.49,1112.79,1041.0,1019.43,1381.61,0.85,19.84,24.83,64.76,23.83,14.21,48.4,0.4,0.37,1062.99,996.71,5.95,,,,,,,
2026-06-19T22:33:19.303,SONACOMS,,,,auto,auto ancillaries,,2026-06-19,613.8,1.45,586.33,591.6,590.75,648.38,0.85,49.66,58.69,60.04,18.12,3.9,25.79,0.15,0.43,584.49,567.46,5.89,,,,,,,
2026-06-19T22:33:19.303,DELHIVERY,,,,transportation,miscellaneous,,2026-06-19,461.1,0.41,445.26,444.75,432.65,503.78,0.59,118.84,225.1,57.96,13.7,6.58,5.97,0.06,0.03,440.93,428.2,5.85,,,,,,,
2026-06-19T22:33:19.303,BOSCHLTD,,,,auto,auto ancillaries,,2026-06-19,40195.0,0.4,39043.2,38870.0,38202.11,43184.33,0.9,52.0,42.58,69.19,21.79,5.22,8.5,0.03,0.01,38255.3,36990.52,5.64,,,,,,,
2026-06-19T22:33:19.303,OLECTRA,,,,auto,automobiles - lcvs / hcvs,,2026-06-19,1520.3,5.09,1406.5,1257.2,1287.65,1869.28,3.63,56.22,66.91,72.72,23.23,18.07,10.06,0.21,-0.06,1371.37,1274.07,5.45,,,,,,,
2026-06-19T22:33:19.303,ADANIENT,,,,services,trading,,2026-06-19,3038.4,0.83,2948.92,2928.3,2986.66,3116.0,1.33,-444.21,38.4,69.58,50.58,1.73,24.7,0.25,0.13,2896.73,2803.99,5.39,,,,,,,
2026-06-19T22:33:19.303,WELSPUNLIV,,,,textiles,textiles - products,,2026-06-19,162.23,-0.47,155.04,139.5,143.45,190.4,2.29,37.55,71.49,74.02,19.86,13.09,15.61,0.12,0.34,148.53,140.6,5.31,,,,,,,
2026-06-19T22:33:19.303,THELEELA,,,,services,hotels,,2026-06-19,494.2,8.0,441.39,433.0,430.23,590.15,8.21,12.63,26.97,78.7,25.22,14.87,14.86,0.11,0.11,447.07,419.52,5.02,,,,,,,
2026-06-19T22:33:19.303,TVSMOTOR,,,,auto,automobiles - motorcycles / mopeds,,2026-06-19,3442.9,-0.43,3346.01,3333.0,3307.93,3645.36,0.87,53.0,54.42,52.13,16.14,4.08,-1.06,-0.13,-0.04,3303.95,3217.64,5.02,,,,,,,
2026-06-19T22:33:19.303,MINDACORP,,,,auto,auto ancillaries,,2026-06-19,652.95,0.32,630.09,640.15,660.85,641.09,0.52,30.86,42.51,65.96,36.1,-1.2,9.74,0.01,0.09,608.43,583.8,4.94,,,,,,,
2026-06-19T22:33:19.303,KIMS,,,,healthcare,healthcare,,2026-06-19,804.25,1.84,765.43,763.6,768.99,857.14,1.18,189.68,131.19,60.9,33.28,4.58,20.5,0.15,0.13,748.77,720.91,4.79,,,,,,,
2026-06-19T22:33:19.303,APOLLOHOSP,,,,healthcare,healthcare,,2026-06-19,8489.5,0.93,8232.0,8382.0,8402.54,8619.94,0.78,57.64,62.28,63.49,15.68,1.03,14.95,0.13,0.1,8237.72,8080.39,4.78,,,,,,,
2026-06-19T22:33:19.303,TATACOMM,,,,telecom-service,telecommunications - service provider,,2026-06-19,1988.8,2.41,1882.58,1890.2,1957.27,2036.09,1.45,53.81,55.25,63.26,33.1,1.61,5.74,0.0,0.19,1835.91,1748.94,4.63,,,,,,,
2026-06-19T22:33:19.303,ELGIEQUIP,,,,industrials,compressors / drilling equipment,,2026-06-19,612.75,1.79,588.0,594.8,605.57,623.52,1.31,37.73,44.17,63.26,34.72,1.19,21.39,0.21,0.23,577.95,554.06,4.6,,,,,,,
2026-06-19T22:33:19.303,ZFCVINDIA,,,,auto,auto ancillaries,,2026-06-19,15795.0,1.37,15269.38,14835.0,14584.21,17611.19,1.26,51.19,57.15,68.39,21.3,8.3,25.05,-0.01,0.17,14832.94,14318.39,4.57,,,,,,,
2026-06-19T22:33:19.303,KPIL,,,,realty,transmisson line towers / equipment,,2026-06-19,1398.7,2.25,1336.33,1296.0,1300.87,1545.45,1.6,13.76,22.46,69.08,35.94,7.52,15.24,0.11,0.09,1301.76,1240.25,4.56,,,,,,,
2026-06-19T22:33:19.303,CAPLIPOINT,,,,healthcare,pharmaceuticals - indian - formulations,,2026-06-19,2503.5,6.11,2295.26,2325.4,2309.93,2793.85,2.01,27.97,27.97,79.11,55.11,8.38,30.76,0.22,0.18,2283.93,2175.74,4.56,,,,,,,
2026-06-19T22:33:19.303,WOCKPHARMA,,,,healthcare,pharmaceuticals - indian - bulk drugs & formln,,2026-06-19,2011.1,1.1,1940.5,1888.8,1975.24,2064.89,0.29,49.15,151.62,62.08,37.82,1.82,49.61,0.36,0.3,1802.52,1658.99,4.42,,,,,,,
2026-06-19T22:33:19.303,PHOENIXLTD,,,,realty,construction,,2026-06-19,1881.1,1.48,1813.98,1766.7,1767.89,2050.92,1.16,41.69,54.17,65.76,19.45,6.4,9.11,-0.03,0.16,1769.56,1715.8,4.4,,,,,,,
2026-06-19T22:33:19.303,LT,,,,realty,engineering - turnkey services,,2026-06-19,4209.4,0.46,4078.37,4130.0,4020.08,4493.37,0.52,27.19,35.84,65.51,18.19,4.71,5.25,-0.05,0.11,4047.37,3933.94,4.21,,,,,,,
2026-06-19T22:33:19.303,LUPIN,,,,healthcare,pharmaceuticals - indian - bulk drugs & formln,,2026-06-19,2351.6,1.05,2257.14,2253.6,2244.94,2511.59,0.99,16.88,19.45,62.62,11.3,4.75,14.9,0.03,0.15,2264.76,2203.83,4.08,,,,,,,
2026-06-19T22:33:19.303,GRASIM,,,,textiles,textiles - manmade,,2026-06-19,3149.5,0.14,3067.4,3109.2,3104.91,3216.39,0.6,27.27,42.95,63.42,17.73,1.44,14.05,0.03,0.09,3033.19,2963.46,4.07,,,,,,,
2026-06-19T22:33:19.303,INDUSINDBK,,,,bank,banks - private sector,,2026-06-19,947.45,0.93,912.58,920.2,903.64,1013.16,2.76,31.04,82.27,60.79,18.73,4.85,11.79,0.05,0.23,904.93,876.13,4.04,,,,,,,
2026-06-19T22:33:19.303,SIEMENS,,,,industrials,electric equipment,,2026-06-19,3759.6,0.36,3636.29,3582.7,3567.7,4047.45,0.61,90.38,85.69,57.01,14.02,5.38,15.73,0.1,0.16,3587.24,3474.47,3.95,,,,,,,
2026-06-19T22:33:19.303,AXISBANK,,,,bank,banks - private sector,,2026-06-19,1357.9,-0.16,1323.49,1345.0,1324.42,1408.11,0.64,13.87,16.0,64.2,20.09,2.53,7.35,0.02,0.13,1312.04,1282.75,3.47,,,,,,,
2026-06-19T22:33:19.303,AADHARHFC,,,,financials,finance - housing,,2026-06-19,515.1,5.89,472.41,481.0,465.18,589.98,7.15,17.99,19.22,66.81,14.66,10.73,4.25,-0.01,-0.02,478.68,460.76,3.45,,,,,,,
2026-06-19T22:33:19.303,MOTILALOFS,,,,financials,finance & investments,,2026-06-19,953.45,0.56,921.74,903.0,885.01,1056.11,0.67,-64.6,30.43,67.15,27.3,7.73,-1.85,0.05,0.02,897.7,861.38,3.32,,,,,,,
2026-06-03T07:32:59.615,DEEDEV,0.0,15.58,24.49,metals & mining,steel - medium / small,1351.38,2026-06-03,,,,,,,,,,,,,,,,,,,,,,,,,
2026-06-03T07:32:59.615,MODISONLTD,0.0,16.07,31.7,industrials,electric equipment,486.97,2026-06-03,,,,,,,,,,,,,,,,,,,,,,,,,
2026-06-03T07:32:59.615,E2E,0.0,13.41,17.83,i.t,computers - software - medium / small,5382.48,2026-06-03,,,,,,,,,,,,,,,,,,,,,,,,,
2026-06-03T07:32:59.615,IBULLSLTD,0.0,17.37,17.37,miscellaneous,diversified - medium / small,3616.05,2026-06-03,,,,,,,,,,,,,,,,,,,,,,,,,
2026-06-03T07:32:59.615,VENUSREM,0.0,10.25,28.08,healthcare,pharmaceuticals - indian - formulations,1098.7,2026-06-03,,,,,,,,,,,,,,,,,,,,,,,,,
2026-06-03T07:32:59.615,JAYBARMARU,0.0,13.59,15.51,auto,auto ancillaries,555.1,2026-06-03,,,,,,,,,,,,,,,,,,,,,,,,,
2026-06-03T07:32:59.615,ARVIND,0.43,7.89,7.89,textiles,textiles - cotton/blended,7934.96,2026-06-03,,,,,,,,,,,,,,,,,,,,,,,,,
2026-06-03T07:32:59.615,GAYAPROJ,0.44,12.92,12.92,realty,construction,370.6,2026-06-03,,,,,,,,,,,,,,,,,,,,,,,,,
2026-06-03T07:32:59.615,CONFIPET,0.49,17.01,17.01,miscellaneous,miscellaneous,1023.18,2026-06-03,,,,,,,,,,,,,,,,,,,,,,,,,
2026-06-03T07:32:59.615,BIRLACABLE,0.66,14.61,21.54,industrials,cables - telephone,215.79,2026-06-03,,,,,,,,,,,,,,,,,,,,,,,,,
2026-06-03T07:32:59.615,THANGAMAYL,0.78,18.64,22.27,consumer discretionary,diamond cutting / jewellery,5478.29,2026-06-03,,,,,,,,,,,,,,,,,,,,,,,,,
2026-06-03T07:32:59.615,SASKEN,0.86,14.44,23.69,i.t,computers - software - medium / small,2025.78,2026-06-03,,,,,,,,,,,,,,,,,,,,,,,,,
2026-06-03T07:32:59.615,ACMESOLAR,0.93,14.19,14.19,realty,engineering - turnkey services,3388.94,2026-06-03,,,,,,,,,,,,,,,,,,,,,,,,,
2026-06-03T07:32:59.615,APOLLO,1.13,10.86,10.86,aerospace & defence,electronics - components,7497.53,2026-06-03,,,,,,,,,,,,,,,,,,,,,,,,,
2026-06-03T07:32:59.615,SKYGOLD,1.29,14.55,23.99,consumer discretionary,diamond cutting / jewellery,4183.34,2026-06-03,,,,,,,,,,,,,,,,,,,,,,,,,
2026-06-03T07:32:59.615,CHENNPETRO,1.56,9.57,12.92,energy,refineries,5561.11,2026-06-03,,,,,,,,,,,,,,,,,,,,,,,,,
2026-06-03T07:32:59.615,BAJAJCON,1.61,6.35,6.35,fmcg,personal care - indian,4258.41,2026-06-03,,,,,,,,,,,,,,,,,,,,,,,,,
2026-06-03T07:32:59.615,DREDGECORP,1.74,10.58,15.49,miscellaneous,miscellaneous,908.67,2026-06-03,,,,,,,,,,,,,,,,,,,,,,,,,
2026-06-03T07:32:59.615,RAIN,1.79,15.42,17.32,miscellaneous,miscellaneous,3904.04,2026-06-03,,,,,,,,,,,,,,,,,,,,,,,,,
2026-06-03T07:32:59.615,BLISSGVS,1.85,12.48,37.96,healthcare,pharmaceuticals - indian - formulations,2970.97,2026-06-03,,,,,,,,,,,,,,,,,,,,,,,,,
2026-06-03T07:32:59.615,BALAMINES,2.27,21.31,21.31,chemicals,chemicals,2966.57,2026-06-03,,,,,,,,,,,,,,,,,,,,,,,,,
2026-06-03T07:32:59.615,SHILPAMED,2.35,7.24,8.94,healthcare,pharmaceuticals - indian - formulations,6057.4,2026-06-03,,,,,,,,,,,,,,,,,,,,,,,,,
2026-06-03T07:32:59.615,FCL,2.44,12.17,14.56,chemicals,chemicals,1859.65,2026-06-03,,,,,,,,,,,,,,,,,,,,,,,,,
2026-06-03T07:32:59.615,CARYSIL,2.65,7.58,9.98,consumer discretionary,domestic appliances,1857.97,2026-06-03,,,,,,,,,,,,,,,,,,,,,,,,,
2026-06-03T07:32:59.615,ICIL,2.68,16.29,16.29,textiles,textiles - cotton/blended,2829.12,2026-06-03,,,,,,,,,,,,,,,,,,,,,,,,,
2026-06-03T07:32:59.615,SIS,2.69,8.35,9.9,miscellaneous,miscellaneous,1638.73,2026-06-03,,,,,,,,,,,,,,,,,,,,,,,,,
2026-06-03T07:32:59.615,ROSSTECH,2.83,12.3,12.3,aerospace & defence,engineering,1026.29,2026-06-03,,,,,,,,,,,,,,,,,,,,,,,,,
2026-06-03T07:32:59.615,SALSTEEL,2.87,9.5,18.73,metals & mining,steel - sponge iron,259.04,2026-06-03,,,,,,,,,,,,,,,,,,,,,,,,,
2026-06-03T07:32:59.615,NETWEB,2.9,21.62,28.54,i.t,computers - hardware,8991.25,2026-06-03,,,,,,,,,,,,,,,,,,,,,,,,,
2026-06-03T07:32:59.615,AMBIKCO,2.99,5.79,12.9,textiles,textiles - cotton/blended,482.57,2026-06-03,,,,,,,,,,,,,,,,,,,,,,,,,
2026-06-03T07:32:59.615,CENTUM,3.07,15.17,18.45,consumer discretionary,electronics - components,2818.98,2026-06-03,,,,,,,,,,,,,,,,,,,,,,,,,
2026-06-03T07:32:59.615,RUBYMILLS,3.07,16.16,16.78,textiles,textiles - composite,234.19,2026-06-03,,,,,,,,,,,,,,,,,,,,,,,,,
2026-06-03T07:32:59.615,UNIVCABLES,3.25,18.12,18.12,industrials,cables - power,1638.52,2026-06-03,,,,,,,,,,,,,,,,,,,,,,,,,
2026-06-03T07:32:59.615,BBOX,3.39,9.32,17.87,i.t,computers - software - medium / small,5495.13,2026-06-03,,,,,,,,,,,,,,,,,,,,,,,,,
2026-06-03T07:32:59.615,SOUTHWEST,3.64,9.08,12.47,metals & mining,mining / minerals / metals,246.22,2026-06-03,,,,,,,,,,,,,,,,,,,,,,,,,
2026-06-03T07:32:59.615,AVALON,3.71,9.33,20.31,consumer discretionary,electronics - components,5610.4,2026-06-03,,,,,,,,,,,,,,,,,,,,,,,,,
2026-06-03T07:32:59.615,IFCI,3.84,8.39,17.02,financials,finance - term-lending institutions,5294.46,2026-06-03,,,,,,,,,,,,,,,,,,,,,,,,,
2026-06-03T07:32:59.615,SEAMECLTD,3.86,4.83,5.24,miscellaneous,miscellaneous,1139.87,2026-06-03,,,,,,,,,,,,,,,,,,,,,,,,,
2026-06-03T07:32:59.615,VISHNU,3.88,15.16,15.16,chemicals,chemicals,1299.13,2026-06-03,,,,,,,,,,,,,,,,,,,,,,,,,
2026-06-03T07:32:59.615,SPORTKING,3.96,18.15,20.48,textiles,textiles - spinning - synthetic / blended,621.06,2026-06-03,,,,,,,,,,,,,,,,,,,,,,,,,
2026-06-03T07:32:59.615,MEGASTAR,4.07,14.91,15.87,fmcg,food - processing - indian,134.43,2026-06-03,,,,,,,,,,,,,,,,,,,,,,,,,
2026-06-03T07:32:59.615,HONASA,4.2,7.27,10.05,services,trading,8536.71,2026-06-03,,,,,,,,,,,,,,,,,,,,,,,,,
2026-06-03T07:32:59.615,NEOGEN,4.25,11.89,12.98,chemicals,chemicals,2415.0,2026-06-03,,,,,,,,,,,,,,,,,,,,,,,,,
2026-06-03T07:32:59.615,GVPIL,4.28,14.93,16.09,realty,engineering - turnkey services,1814.57,2026-06-03,,,,,,,,,,,,,,,,,,,,,,,,,
2026-06-03T07:32:59.615,GRWRHITECH,4.4,10.62,10.9,industrials,packaging,5379.57,2026-06-03,,,,,,,,,,,,,,,,,,,,,,,,,
2026-06-03T07:32:59.615,CEMPRO,4.42,9.84,23.57,realty,construction,5822.55,2026-06-03,,,,,,,,,,,,,,,,,,,,,,,,,
2026-06-03T07:32:59.615,MUFIN,4.43,7.72,7.96,financials,finance & investments,1279.23,2026-06-03,,,,,,,,,,,,,,,,,,,,,,,,,
2026-06-03T07:32:59.615,VIJAYA,4.52,9.82,10.19,healthcare,healthcare,6435.33,2026-06-03,,,,,,,,,,,,,,,,,,,,,,,,,
2026-06-03T07:32:59.615,SILVERTUC,4.98,18.31,30.03,i.t,computers - software - medium / small,562.58,2026-06-03,,,,,,,,,,,,,,,,,,,,,,,,,
2026-06-03T07:32:59.615,SHAILY,5.0,19.05,20.66,plastic products,plastics products,7902.6,2026-06-03,,,,,,,,,,,,,,,,,,,,,,,,,
2026-06-03T07:32:59.615,SANDHAR,5.01,11.17,11.17,auto,auto ancillaries,1242.91,2026-06-03,,,,,,,,,,,,,,,,,,,,,,,,,
2026-06-03T07:32:59.615,UNIDT,5.08,11.26,11.26,industrials,engineering,125.23,2026-06-03,,,,,,,,,,,,,,,,,,,,,,,,,
2026-06-03T07:32:59.615,SANSTAR,5.1,10.65,16.74,fmcg,miscellaneous,621.72,2026-06-03,,,,,,,,,,,,,,,,,,,,,,,,,
2026-06-03T07:32:59.615,VTL,5.12,9.07,9.07,textiles,textiles - cotton/blended,6198.87,2026-06-03,,,,,,,,,,,,,,,,,,,,,,,,,
2026-06-03T07:32:59.615,IOLCP,5.39,11.09,14.27,healthcare,pharmaceuticals - indian - bulk drugs & formln,1827.58,2026-06-03,,,,,,,,,,,,,,,,,,,,,,,,,
2026-06-03T07:32:59.615,GOLDIAM,5.39,9.62,12.7,consumer discretionary,diamond cutting / jewellery,1988.37,2026-06-03,,,,,,,,,,,,,,,,,,,,,,,,,
2026-06-03T07:32:59.615,HAPPYFORGE,5.44,6.52,6.92,industrials,castings & forgings,2860.68,2026-06-03,,,,,,,,,,,,,,,,,,,,,,,,,
2026-06-03T07:32:59.615,YASHO,5.53,9.85,11.95,chemicals,chemicals,838.79,2026-06-03,,,,,,,,,,,,,,,,,,,,,,,,,
2026-06-03T07:32:59.615,UFBL,5.58,9.79,10.61,consumer discretionary,hotels,1245.58,2026-06-03,,,,,,,,,,,,,,,,,,,,,,,,,
2026-06-03T07:32:59.615,PIXTRANS,5.69,7.18,7.97,fmcg,miscellaneous,831.63,2026-06-03,,,,,,,,,,,,,,,,,,,,,,,,,
2026-06-03T07:32:59.615,SATIN,5.87,9.73,9.73,financials,finance & investments,1629.63,2026-06-03,,,,,,,,,,,,,,,,,,,,,,,,,
2026-06-03T07:32:59.615,KERNEX,5.93,30.77,33.22,consumer discretionary,electronics - components,2157.48,2026-06-03,,,,,,,,,,,,,,,,,,,,,,,,,
2026-06-03T07:32:59.615,GHCLTEXTIL,6.0,7.16,11.47,textiles,textiles - spinning - synthetic / blended,750.46,2026-06-03,,,,,,,,,,,,,,,,,,,,,,,,,
2026-06-03T07:32:59.615,WELSPUNLIV,6.02,6.34,6.34,textiles,textiles - products,4651.43,2026-06-03,,,,,,,,,,,,,,,,,,,,,,,,,
2026-06-03T07:32:59.615,V2RETAIL,6.28,11.44,11.44,consumer discretionary,textiles - products,4255.79,2026-06-03,,,,,,,,,,,,,,,,,,,,,,,,,
2026-06-03T07:32:59.615,TIPSMUSIC,6.36,5.85,6.37,media,entertainment / electronic media software,3080.62,2026-06-03,,,,,,,,,,,,,,,,,,,,,,,,,
2026-06-03T07:32:59.615,ANURAS,6.37,8.14,9.44,chemicals,chemicals,6173.41,2026-06-03,,,,,,,,,,,,,,,,,,,,,,,,,
2026-06-03T07:32:59.615,ADVENZYMES,6.42,9.54,9.54,healthcare,pharmaceuticals - indian - bulk drugs & formln,2490.08,2026-06-03,,,,,,,,,,,,,,,,,,,,,,,,,
2026-06-03T07:32:59.615,INDSWFTLAB,6.44,25.54,33.27,healthcare,pharmaceuticals - indian - bulk drugs & formln,802.43,2026-06-03,,,,,,,,,,,,,,,,,,,,,,,,,
2026-06-03T07:32:59.615,IDEAFORGE,6.66,13.29,13.54,aerospace & defence,engineering,2391.17,2026-06-03,,,,,,,,,,,,,,,,,,,,,,,,,
2026-06-03T07:32:59.615,SIGMAADV,6.7,13.78,15.74,aerospace & defence,electronics - components,2110.57,2026-06-03,,,,,,,,,,,,,,,,,,,,,,,,,
2026-06-03T07:32:59.615,ASHIANA,6.95,11.01,13.69,realty,construction,1416.72,2026-06-03,,,,,,,,,,,,,,,,,,,,,,,,,
2026-06-03T07:32:59.615,PARACABLES,7.12,20.68,22.71,industrials,cables - power,1022.09,2026-06-03,,,,,,,,,,,,,,,,,,,,,,,,,
2026-06-03T07:32:59.615,DIVGIITTS,7.12,9.18,15.1,auto,auto ancillaries,952.23,2026-06-03,,,,,,,,,,,,,,,,,,,,,,,,,
2026-06-03T07:32:59.615,MBAPL,7.14,5.28,7.79,chemicals,fertilizers,1201.65,2026-06-03,,,,,,,,,,,,,,,,,,,,,,,,,
2026-06-03T07:32:59.615,OMAXAUTO,7.25,9.07,13.29,auto,auto ancillaries,235.86,2026-06-03,,,,,,,,,,,,,,,,,,,,,,,,,
2026-06-03T07:32:59.615,VINDHYATEL,7.35,13.72,28.41,realty,construction,1417.01,2026-06-03,,,,,,,,,,,,,,,,,,,,,,,,,
2026-06-03T07:32:59.615,KIRLPNU,7.42,11.07,13.67,industrials,compressors / drilling equipment,6273.92,2026-06-03,,,,,,,,,,,,,,,,,,,,,,,,,
2026-06-03T07:32:59.615,MAYURUNIQ,7.51,9.69,11.66,consumer discretionary,leather / leather products,1335.05,2026-06-03,,,,,,,,,,,,,,,,,,,,,,,,,
2026-06-03T07:32:59.615,NOVARTIND,7.78,9.44,18.34,healthcare,pharmaceuticals - multinational,1061.04,2026-06-03,,,,,,,,,,,,,,,,,,,,,,,,,
2026-06-02T20:31:01.033,VENUSREM,0.0,10.25,28.08,healthcare,pharmaceuticals - indian - formulations,1098.7,2026-06-02,,,,,,,,,,,,,,,,,,,,,,,,,
2026-06-02T20:31:01.033,IBULLSLTD,0.0,17.37,17.37,miscellaneous,diversified - medium / small,3616.05,2026-06-02,,,,,,,,,,,,,,,,,,,,,,,,,
2026-06-02T20:31:01.033,JAYBARMARU,0.0,13.59,15.51,auto,auto ancillaries,555.1,2026-06-02,,,,,,,,,,,,,,,,,,,,,,,,,
2026-06-02T20:31:01.033,DEEDEV,0.0,15.58,24.49,metals & mining,steel - medium / small,1351.38,2026-06-02,,,,,,,,,,,,,,,,,,,,,,,,,
2026-06-02T20:31:01.033,MODISONLTD,0.0,16.07,31.7,industrials,electric equipment,486.97,2026-06-02,,,,,,,,,,,,,,,,,,,,,,,,,
2026-06-02T20:31:01.033,E2E,0.0,13.41,17.83,i.t,computers - software - medium / small,5382.48,2026-06-02,,,,,,,,,,,,,,,,,,,,,,,,,
2026-06-02T20:31:01.033,ARVIND,0.43,7.89,7.89,textiles,textiles - cotton/blended,7934.96,2026-06-02,,,,,,,,,,,,,,,,,,,,,,,,,
2026-06-02T20:31:01.033,GAYAPROJ,0.44,12.92,12.92,realty,construction,370.6,2026-06-02,,,,,,,,,,,,,,,,,,,,,,,,,
2026-06-02T20:31:01.033,CONFIPET,0.49,17.01,17.01,miscellaneous,miscellaneous,1023.18,2026-06-02,,,,,,,,,,,,,,,,,,,,,,,,,
2026-06-02T20:31:01.033,BIRLACABLE,0.66,14.61,21.54,industrials,cables - telephone,215.79,2026-06-02,,,,,,,,,,,,,,,,,,,,,,,,,
2026-06-02T20:31:01.033,THANGAMAYL,0.78,18.64,22.27,consumer discretionary,diamond cutting / jewellery,5478.29,2026-06-02,,,,,,,,,,,,,,,,,,,,,,,,,
2026-06-02T20:31:01.033,SASKEN,0.86,14.44,23.69,i.t,computers - software - medium / small,2025.78,2026-06-02,,,,,,,,,,,,,,,,,,,,,,,,,
2026-06-02T20:31:01.033,ACMESOLAR,0.93,14.19,14.19,realty,engineering - turnkey services,3388.94,2026-06-02,,,,,,,,,,,,,,,,,,,,,,,,,
2026-06-02T20:31:01.033,APOLLO,1.13,10.86,10.86,aerospace & defence,electronics - components,7497.53,2026-06-02,,,,,,,,,,,,,,,,,,,,,,,,,
2026-06-02T20:31:01.033,SKYGOLD,1.29,14.55,23.99,consumer discretionary,diamond cutting / jewellery,4183.34,2026-06-02,,,,,,,,,,,,,,,,,,,,,,,,,
2026-06-02T20:31:01.033,CHENNPETRO,1.56,9.57,12.92,energy,refineries,5561.11,2026-06-02,,,,,,,,,,,,,,,,,,,,,,,,,
2026-06-02T20:31:01.033,BAJAJCON,1.61,6.35,6.35,fmcg,personal care - indian,4258.41,2026-06-02,,,,,,,,,,,,,,,,,,,,,,,,,
2026-06-02T20:31:01.033,DREDGECORP,1.74,10.58,15.49,miscellaneous,miscellaneous,908.67,2026-06-02,,,,,,,,,,,,,,,,,,,,,,,,,
2026-06-02T20:31:01.033,RAIN,1.79,15.42,17.32,miscellaneous,miscellaneous,3904.04,2026-06-02,,,,,,,,,,,,,,,,,,,,,,,,,
2026-06-02T20:31:01.033,BLISSGVS,1.85,12.48,37.96,healthcare,pharmaceuticals - indian - formulations,2970.97,2026-06-02,,,,,,,,,,,,,,,,,,,,,,,,,
2026-06-02T20:31:01.033,BALAMINES,2.27,21.31,21.31,chemicals,chemicals,2966.57,2026-06-02,,,,,,,,,,,,,,,,,,,,,,,,,
2026-06-02T20:31:01.033,SHILPAMED,2.35,7.24,8.94,healthcare,pharmaceuticals - indian - formulations,6057.4,2026-06-02,,,,,,,,,,,,,,,,,,,,,,,,,
2026-06-02T20:31:01.033,FCL,2.44,12.17,14.56,chemicals,chemicals,1859.65,2026-06-02,,,,,,,,,,,,,,,,,,,,,,,,,
2026-06-02T20:31:01.033,CARYSIL,2.65,7.58,9.98,consumer discretionary,domestic appliances,1857.97,2026-06-02,,,,,,,,,,,,,,,,,,,,,,,,,
2026-06-02T20:31:01.033,ICIL,2.68,16.29,16.29,textiles,textiles - cotton/blended,2829.12,2026-06-02,,,,,,,,,,,,,,,,,,,,,,,,,
2026-06-02T20:31:01.033,SIS,2.69,8.35,9.9,miscellaneous,miscellaneous,1638.73,2026-06-02,,,,,,,,,,,,,,,,,,,,,,,,,
2026-06-02T20:31:01.033,ROSSTECH,2.83,12.3,12.3,aerospace & defence,engineering,1026.29,2026-06-02,,,,,,,,,,,,,,,,,,,,,,,,,
2026-06-02T20:31:01.033,SALSTEEL,2.87,9.5,18.73,metals & mining,steel - sponge iron,259.04,2026-06-02,,,,,,,,,,,,,,,,,,,,,,,,,
2026-06-02T20:31:01.033,NETWEB,2.9,21.62,28.54,i.t,computers - hardware,8991.25,2026-06-02,,,,,,,,,,,,,,,,,,,,,,,,,
2026-06-02T20:31:01.033,AMBIKCO,2.99,5.79,12.9,textiles,textiles - cotton/blended,482.57,2026-06-02,,,,,,,,,,,,,,,,,,,,,,,,,
2026-06-02T20:31:01.033,CENTUM,3.07,15.17,18.45,consumer discretionary,electronics - components,2818.98,2026-06-02,,,,,,,,,,,,,,,,,,,,,,,,,
2026-06-02T20:31:01.033,RUBYMILLS,3.07,16.16,16.78,textiles,textiles - composite,234.19,2026-06-02,,,,,,,,,,,,,,,,,,,,,,,,,
2026-06-02T20:31:01.033,UNIVCABLES,3.25,18.12,18.12,industrials,cables - power,1638.52,2026-06-02,,,,,,,,,,,,,,,,,,,,,,,,,
2026-06-02T20:31:01.033,BBOX,3.39,9.32,17.87,i.t,computers - software - medium / small,5495.13,2026-06-02,,,,,,,,,,,,,,,,,,,,,,,,,
2026-06-02T20:31:01.033,SOUTHWEST,3.64,9.08,12.47,metals & mining,mining / minerals / metals,246.22,2026-06-02,,,,,,,,,,,,,,,,,,,,,,,,,
2026-06-02T20:31:01.033,AVALON,3.71,9.33,20.31,consumer discretionary,electronics - components,5610.4,2026-06-02,,,,,,,,,,,,,,,,,,,,,,,,,
2026-06-02T20:31:01.033,IFCI,3.84,8.39,17.02,financials,finance - term-lending institutions,5294.46,2026-06-02,,,,,,,,,,,,,,,,,,,,,,,,,
2026-06-02T20:31:01.033,SEAMECLTD,3.86,4.83,5.24,miscellaneous,miscellaneous,1139.87,2026-06-02,,,,,,,,,,,,,,,,,,,,,,,,,
2026-06-02T20:31:01.033,VISHNU,3.88,15.16,15.16,chemicals,chemicals,1299.13,2026-06-02,,,,,,,,,,,,,,,,,,,,,,,,,
2026-06-02T20:31:01.033,SPORTKING,3.96,18.15,20.48,textiles,textiles - spinning - synthetic / blended,621.06,2026-06-02,,,,,,,,,,,,,,,,,,,,,,,,,
2026-06-02T20:31:01.033,MEGASTAR,4.07,14.91,15.87,fmcg,food - processing - indian,134.43,2026-06-02,,,,,,,,,,,,,,,,,,,,,,,,,
2026-06-02T20:31:01.033,HONASA,4.2,7.27,10.05,services,trading,8536.71,2026-06-02,,,,,,,,,,,,,,,,,,,,,,,,,
2026-06-02T20:31:01.033,NEOGEN,4.25,11.89,12.98,chemicals,chemicals,2415.0,2026-06-02,,,,,,,,,,,,,,,,,,,,,,,,,
2026-06-02T20:31:01.033,GVPIL,4.28,14.93,16.09,realty,engineering - turnkey services,1814.57,2026-06-02,,,,,,,,,,,,,,,,,,,,,,,,,
2026-06-02T20:31:01.033,GRWRHITECH,4.4,10.62,10.9,industrials,packaging,5379.57,2026-06-02,,,,,,,,,,,,,,,,,,,,,,,,,
2026-06-02T20:31:01.033,CEMPRO,4.42,9.84,23.57,realty,construction,5822.55,2026-06-02,,,,,,,,,,,,,,,,,,,,,,,,,
2026-06-02T20:31:01.033,MUFIN,4.43,7.72,7.96,financials,finance & investments,1279.23,2026-06-02,,,,,,,,,,,,,,,,,,,,,,,,,
2026-06-02T20:31:01.033,VIJAYA,4.52,9.82,10.19,healthcare,healthcare,6435.33,2026-06-02,,,,,,,,,,,,,,,,,,,,,,,,,
2026-06-02T20:31:01.033,SILVERTUC,4.98,18.31,30.03,i.t,computers - software - medium / small,562.58,2026-06-02,,,,,,,,,,,,,,,,,,,,,,,,,
2026-06-02T20:31:01.033,SHAILY,5.0,19.05,20.66,plastic products,plastics products,7902.6,2026-06-02,,,,,,,,,,,,,,,,,,,,,,,,,
2026-06-02T20:31:01.033,SANDHAR,5.01,11.17,11.17,auto,auto ancillaries,1242.91,2026-06-02,,,,,,,,,,,,,,,,,,,,,,,,,
2026-06-02T20:31:01.033,UNIDT,5.08,11.26,11.26,industrials,engineering,125.23,2026-06-02,,,,,,,,,,,,,,,,,,,,,,,,,
2026-06-02T20:31:01.033,SANSTAR,5.1,10.65,16.74,fmcg,miscellaneous,621.72,2026-06-02,,,,,,,,,,,,,,,,,,,,,,,,,
2026-06-02T20:31:01.033,VTL,5.12,9.07,9.07,textiles,textiles - cotton/blended,6198.87,2026-06-02,,,,,,,,,,,,,,,,,,,,,,,,,
2026-06-02T20:31:01.033,IOLCP,5.39,11.09,14.27,healthcare,pharmaceuticals - indian - bulk drugs & formln,1827.58,2026-06-02,,,,,,,,,,,,,,,,,,,,,,,,,
2026-06-02T20:31:01.033,GOLDIAM,5.39,9.62,12.7,consumer discretionary,diamond cutting / jewellery,1988.37,2026-06-02,,,,,,,,,,,,,,,,,,,,,,,,,
2026-06-02T20:31:01.033,HAPPYFORGE,5.44,6.52,6.92,industrials,castings & forgings,2860.68,2026-06-02,,,,,,,,,,,,,,,,,,,,,,,,,
2026-06-02T20:31:01.033,YASHO,5.53,9.85,11.95,chemicals,chemicals,838.79,2026-06-02,,,,,,,,,,,,,,,,,,,,,,,,,
2026-06-02T20:31:01.033,UFBL,5.58,9.79,10.61,consumer discretionary,hotels,1245.58,2026-06-02,,,,,,,,,,,,,,,,,,,,,,,,,
2026-06-02T20:31:01.033,PIXTRANS,5.69,7.18,7.97,fmcg,miscellaneous,831.63,2026-06-02,,,,,,,,,,,,,,,,,,,,,,,,,
2026-06-02T20:31:01.033,SATIN,5.87,9.73,9.73,financials,finance & investments,1629.63,2026-06-02,,,,,,,,,,,,,,,,,,,,,,,,,
2026-06-02T20:31:01.033,KERNEX,5.93,30.77,33.22,consumer discretionary,electronics - components,2157.48,2026-06-02,,,,,,,,,,,,,,,,,,,,,,,,,
2026-06-02T20:31:01.033,GHCLTEXTIL,6.0,7.16,11.47,textiles,textiles - spinning - synthetic / blended,750.46,2026-06-02,,,,,,,,,,,,,,,,,,,,,,,,,
2026-06-02T20:31:01.033,WELSPUNLIV,6.02,6.34,6.34,textiles,textiles - products,4651.43,2026-06-02,,,,,,,,,,,,,,,,,,,,,,,,,
2026-06-02T20:31:01.033,V2RETAIL,6.28,11.44,11.44,consumer discretionary,textiles - products,4255.79,2026-06-02,,,,,,,,,,,,,,,,,,,,,,,,,
2026-06-02T20:31:01.033,TIPSMUSIC,6.36,5.85,6.37,media,entertainment / electronic media software,3080.62,2026-06-02,,,,,,,,,,,,,,,,,,,,,,,,,
2026-06-02T20:31:01.033,ANURAS,6.37,8.14,9.44,chemicals,chemicals,6173.41,2026-06-02,,,,,,,,,,,,,,,,,,,,,,,,,
2026-06-02T20:31:01.033,ADVENZYMES,6.42,9.54,9.54,healthcare,pharmaceuticals - indian - bulk drugs & formln,2490.08,2026-06-02,,,,,,,,,,,,,,,,,,,,,,,,,
2026-06-02T20:31:01.033,INDSWFTLAB,6.44,25.54,33.27,healthcare,pharmaceuticals - indian - bulk drugs & formln,802.43,2026-06-02,,,,,,,,,,,,,,,,,,,,,,,,,
2026-06-02T20:31:01.033,IDEAFORGE,6.66,13.29,13.54,aerospace & defence,engineering,2391.17,2026-06-02,,,,,,,,,,,,,,,,,,,,,,,,,
2026-06-02T20:31:01.033,SIGMAADV,6.7,13.78,15.74,aerospace & defence,electronics - components,2110.57,2026-06-02,,,,,,,,,,,,,,,,,,,,,,,,,
2026-06-02T20:31:01.033,ASHIANA,6.95,11.01,13.69,realty,construction,1416.72,2026-06-02,,,,,,,,,,,,,,,,,,,,,,,,,
2026-06-02T20:31:01.033,PARACABLES,7.12,20.68,22.71,industrials,cables - power,1022.09,2026-06-02,,,,,,,,,,,,,,,,,,,,,,,,,
2026-06-02T20:31:01.033,DIVGIITTS,7.12,9.18,15.1,auto,auto ancillaries,952.23,2026-06-02,,,,,,,,,,,,,,,,,,,,,,,,,
2026-06-02T20:31:01.033,MBAPL,7.14,5.28,7.79,chemicals,fertilizers,1201.65,2026-06-02,,,,,,,,,,,,,,,,,,,,,,,,,
2026-06-02T20:31:01.033,OMAXAUTO,7.25,9.07,13.29,auto,auto ancillaries,235.86,2026-06-02,,,,,,,,,,,,,,,,,,,,,,,,,
2026-06-02T20:31:01.033,VINDHYATEL,7.35,13.72,28.41,realty,construction,1417.01,2026-06-02,,,,,,,,,,,,,,,,,,,,,,,,,
2026-06-02T20:31:01.033,KIRLPNU,7.42,11.07,13.67,industrials,compressors / drilling equipment,6273.92,2026-06-02,,,,,,,,,,,,,,,,,,,,,,,,,
2026-06-02T20:31:01.033,MAYURUNIQ,7.51,9.69,11.66,consumer discretionary,leather / leather products,1335.05,2026-06-02,,,,,,,,,,,,,,,,,,,,,,,,,
2026-06-02T20:31:01.033,NOVARTIND,7.78,9.44,18.34,healthcare,pharmaceuticals - multinational,1061.04,2026-06-02,,,,,,,,,,,,,,,,,,,,,,,,,
2026-04-10T12:41:14.283,SWANDEF,,,,,,,2026-04-10,,,,,,,,,,,,,,,,,,,18888.11,18533.27,3825.68,-4.59,-0.11,3.2,768.74
2026-04-10T12:41:14.283,WAAREEINDO,,,,,,,2026-04-10,,,,,,,,,,,,,,,,,,,3221.28,2899.31,3960.19,21.12,0.35,-0.1,116.92
2026-04-10T12:41:14.283,CUPID,,,,,,,2026-04-10,,,,,,,,,,,,,,,,,,,148.32,128.56,119.2,42.5,0.02,0.09,1.15
2026-04-10T12:41:14.283,PFOCUS,,,,,,,2026-04-10,,,,,,,,,,,,,,,,,,,54.58,44.7,21.96,6.48,0.16,0.31,0.83
2026-04-10T12:41:14.283,SIGMAADV,,,,,,,2026-04-10,,,,,,,,,,,,,,,,,,,53.39,36.55,38.94,29.06,0.18,-0.12,0.2
2026-04-10T12:41:14.283,MTARTECH,,,,,,,2026-04-10,,,,,,,,,,,,,,,,,,,51.55,41.72,14.46,3.47,0.18,0.68,1.18
2026-04-10T12:41:14.283,VENUSREM,,,,,,,2026-04-10,,,,,,,,,,,,,,,,,,,50.65,34.48,33.16,10.24,0.33,0.35,1.14
2026-04-10T12:41:14.283,LUMAXTECH,,,,,,,2026-04-10,,,,,,,,,,,,,,,,,,,50.14,41.41,40.26,29.86,0.24,0.1,0.45
2026-04-10T12:41:14.283,ROSSTECH,,,,,,,2026-04-10,,,,,,,,,,,,,,,,,,,47.32,35.86,11.4,NaN,0.27,0.45,0.27
2026-04-10T12:41:14.283,QPOWER,,,,,,,2026-04-10,,,,,,,,,,,,,,,,,,,43.93,25.09,NaN,NaN,0.23,0.21,-0.07
2026-04-10T12:41:14.283,STLTECH,,,,,,,2026-04-10,,,,,,,,,,,,,,,,,,,39.8,26.43,-2.33,-0.3,0.32,1.32,0.91
2026-04-10T12:41:14.283,SBC,,,,,,,2026-04-10,,,,,,,,,,,,,,,,,,,38.21,33.27,17.86,1.78,0.05,0.16,0.48
2026-04-10T12:41:14.283,GVT&D,,,,,,,2026-04-10,,,,,,,,,,,,,,,,,,,37.46,38.97,14.55,20.56,0.08,0.32,0.29
2026-04-10T12:41:14.283,MIRCELECTR,,,,,,,2026-04-10,,,,,,,,,,,,,,,,,,,35.86,16.6,15.16,1.78,0.31,-0.11,0.23
2026-04-10T12:41:14.283,BHAGYANGR,,,,,,,2026-04-10,,,,,,,,,,,,,,,,,,,35.38,25.93,23.14,-1.11,0.18,0.03,0.89
2026-04-10T12:41:14.283,KESORAMIND,,,,,,,2026-04-10,,,,,,,,,,,,,,,,,,,35.38,-0.35,8.3,-11.29,0.27,-0.03,0.91
2026-04-10T12:41:14.283,BAJAJCON,,,,,,,2026-04-10,,,,,,,,,,,,,,,,,,,34.94,32.84,10.29,0.85,0.14,0.53,0.74
2026-04-10T12:41:14.283,JAYNECOIND,,,,,,,2026-04-10,,,,,,,,,,,,,,,,,,,34.76,28.43,33.85,13.56,0.14,-0.11,0.12
2026-04-10T12:41:14.283,SMLMAH,,,,,,,2026-04-10,,,,,,,,,,,,,,,,,,,32.93,60.05,44.18,20.22,0.04,-0.02,0.31
2026-04-10T12:41:14.283,KMEW,,,,,,,2026-04-10,,,,,,,,,,,,,,,,,,,32.68,25.83,17.01,NaN,0.13,0.02,0.58
2026-04-10T12:41:14.283,TATSILV,,,,,,,2026-04-10,,,,,,,,,,,,,,,,,,,32.61,41.56,42.3,16.11,-0.08,-0.02,0.59
2026-04-10T12:41:14.283,SILVERIETF,,,,,,,2026-04-10,,,,,,,,,,,,,,,,,,,32.43,41.51,42.23,15.89,-0.08,-0.02,0.59
2026-04-10T12:41:14.283,SILVERADD,,,,,,,2026-04-10,,,,,,,,,,,,,,,,,,,32.37,41.52,42.1,16.04,-0.08,-0.02,0.59
2026-04-10T12:41:14.283,SILVERCASE,,,,,,,2026-04-10,,,,,,,,,,,,,,,,,,,32.33,NaN,NaN,NaN,-0.08,-0.02,0.6
2026-04-10T12:41:14.283,SILVER1,,,,,,,2026-04-10,,,,,,,,,,,,,,,,,,,32.32,41.72,41.75,16.02,-0.08,-0.02,0.59
2026-04-10T12:41:14.283,PRECWIRE,,,,,,,2026-04-10,,,,,,,,,,,,,,,,,,,32.31,33.1,13.69,2.77,-0.01,0.31,0.59
2026-04-10T12:41:14.283,SILVER,,,,,,,2026-04-10,,,,,,,,,,,,,,,,,,,32.31,41.37,42.11,16.12,-0.08,-0.02,0.58
2026-04-10T12:41:14.283,AXISILVER,,,,,,,2026-04-10,,,,,,,,,,,,,,,,,,,32.21,41.13,42.02,15.98,-0.08,-0.02,0.58
2026-04-10T12:41:14.283,SILVERBEES,,,,,,,2026-04-10,,,,,,,,,,,,,,,,,,,32.18,41.42,42.0,16.0,-0.08,-0.02,0.58
2026-04-10T12:41:14.283,HDFCSILVER,,,,,,,2026-04-10,,,,,,,,,,,,,,,,,,,32.15,41.19,42.19,16.19,-0.08,-0.02,0.58
2026-04-10T12:41:14.283,SBISILVER,,,,,,,2026-04-10,,,,,,,,,,,,,,,,,,,32.15,41.27,41.97,15.88,-0.08,-0.02,0.59
2026-04-10T12:41:14.283,SILVERBETA,,,,,,,2026-04-10,,,,,,,,,,,,,,,,,,,32.13,41.21,41.82,15.93,-0.08,-0.02,0.58
2026-04-10T12:41:14.283,NATIONALUM,,,,,,,2026-04-10,,,,,,,,,,,,,,,,,,,32.1,29.05,17.18,0.95,0.05,0.18,0.88
2026-04-10T12:41:14.283,MCX,,,,,,,2026-04-10,,,,,,,,,,,,,,,,,,,31.98,35.52,20.46,10.56,0.03,0.18,0.62
2026-04-10T12:41:14.283,INFOBEAN,,,,,,,2026-04-10,,,,,,,,,,,,,,,,,,,31.59,18.74,34.49,6.22,0.25,-0.23,0.38
2026-04-10T12:41:14.283,FORCEMOT,,,,,,,2026-04-10,,,,,,,,,,,,,,,,,,,31.04,44.56,48.56,30.18,0.08,0.07,0.37
2026-04-10T12:41:14.283,TDPOWERSYS,,,,,,,2026-04-10,,,,,,,,,,,,,,,,,,,31.04,37.84,14.11,12.65,0.1,0.36,0.47
2026-04-10T12:41:14.283,SAKAR,,,,,,,2026-04-10,,,,,,,,,,,,,,,,,,,30.97,26.59,8.86,3.87,0.13,0.49,0.65
2026-04-10T12:41:14.283,HINDCOPPER,,,,,,,2026-04-10,,,,,,,,,,,,,,,,,,,30.83,39.08,32.72,1.58,-0.02,-0.06,0.57
2026-04-10T12:41:14.283,AGIIL,,,,,,,2026-04-10,,,,,,,,,,,,,,,,,,,29.52,20.52,12.26,38.12,0.23,0.43,0.35
2026-04-10T12:41:14.283,IMFA,,,,,,,2026-04-10,,,,,,,,,,,,,,,,,,,28.21,20.71,13.52,15.4,0.19,0.08,0.2
2026-04-10T12:41:14.283,NARMADA,,,,,,,2026-04-10,,,,,,,,,,,,,,,,,,,27.37,20.08,5.48,10.5,0.17,0.46,0.39
2026-04-10T12:41:14.283,NETWEB,,,,,,,2026-04-10,,,,,,,,,,,,,,,,,,,27.32,26.6,8.42,17.06,0.07,0.02,-0.19
2026-04-10T12:41:14.283,LUMAXIND,,,,,,,2026-04-10,,,,,,,,,,,,,,,,,,,26.49,27.6,31.89,22.95,0.08,0.01,0.15
2026-04-10T12:41:14.283,SOUTHWEST,,,,,,,2026-04-10,,,,,,,,,,,,,,,,,,,26.15,17.71,7.16,0.05,0.17,0.23,0.79
2026-04-10T12:41:14.283,BHARATSE,,,,,,,2026-04-10,,,,,,,,,,,,,,,,,,,25.91,NaN,NaN,NaN,0.04,0.02,-0.14
2026-04-10T12:41:14.283,BLISSGVS,,,,,,,2026-04-10,,,,,,,,,,,,,,,,,,,25.65,14.98,2.84,3.03,0.25,0.4,0.66
2026-04-10T12:41:14.283,GMDCLTD,,,,,,,2026-04-10,,,,,,,,,,,,,,,,,,,25.53,25.6,22.99,18.62,0.15,-0.01,-0.0
2026-04-10T12:41:14.283,THANGAMAYL,,,,,,,2026-04-10,,,,,,,,,,,,,,,,,,,25.5,21.83,18.69,-2.88,0.15,0.18,0.97
2026-04-10T12:41:14.283,APEX,,,,,,,2026-04-10,,,,,,,,,,,,,,,,,,,23.37,17.83,5.38,-2.26,0.24,0.39,0.88
2026-04-10T12:41:14.283,KIRLOSENG,,,,,,,2026-04-10,,,,,,,,,,,,,,,,,,,23.1,33.77,8.04,-5.74,-0.0,0.16,0.62
2026-04-10T12:41:14.283,ACUTAAS,,,,,,,2026-04-10,,,,,,,,,,,,,,,,,,,22.94,23.86,15.98,13.8,0.09,0.33,0.67
2026-04-10T12:41:14.283,SMSPHARMA,,,,,,,2026-04-10,,,,,,,,,,,,,,,,,,,22.84,22.73,9.27,-4.49,0.11,0.24,0.6
2026-04-10T12:41:14.283,SANSERA,,,,,,,2026-04-10,,,,,,,,,,,,,,,,,,,22.69,20.3,9.16,-2.71,0.13,0.23,0.65
2026-04-10T12:41:14.283,APARINDS,,,,,,,2026-04-10,,,,,,,,,,,,,,,,,,,22.38,16.3,-2.35,-2.52,0.1,0.37,0.32
2026-04-10T12:41:14.283,SILVERTUC,,,,,,,2026-04-10,,,,,,,,,,,,,,,,,,,22.04,25.66,25.2,-0.89,-0.04,-0.11,0.81
2026-04-10T12:41:14.283,ANANDRATHI,,,,,,,2026-04-10,,,,,,,,,,,,,,,,,,,20.37,13.98,14.94,12.25,0.12,0.12,0.21
2026-04-10T12:41:14.283,SJS,,,,,,,2026-04-10,,,,,,,,,,,,,,,,,,,20.08,19.36,15.49,12.9,0.12,0.0,0.16
2026-04-10T12:41:14.283,GODAVARIB,,,,,,,2026-04-10,,,,,,,,,,,,,,,,,,,20.05,14.68,1.75,NaN,0.13,0.08,0.22
2026-04-10T12:41:14.283,MBAPL,,,,,,,2026-04-10,,,,,,,,,,,,,,,,,,,19.78,13.22,19.18,22.24,0.17,0.23,0.29
2026-04-10T12:41:14.283,TFCILTD,,,,,,,2026-04-10,,,,,,,,,,,,,,,,,,,19.64,24.39,25.1,31.88,0.06,-0.01,-0.11
2026-04-10T12:41:14.283,RISHABH,,,,,,,2026-04-10,,,,,,,,,,,,,,,,,,,19.58,16.86,5.63,2.47,0.18,0.15,0.09
2026-04-10T12:41:14.283,SYRMA,,,,,,,2026-04-10,,,,,,,,,,,,,,,,,,,19.23,16.52,6.61,20.45,0.2,0.16,0.07
2026-04-10T12:41:14.283,GVPIL,,,,,,,2026-04-10,,,,,,,,,,,,,,,,,,,19.18,20.39,-0.71,-3.51,0.04,0.36,0.39
2026-04-10T12:41:14.283,CCL,,,,,,,2026-04-10,,,,,,,,,,,,,,,,,,,19.0,16.27,7.88,5.03,0.05,0.17,0.28
2026-04-10T12:41:14.283,RBLBANK,,,,,,,2026-04-10,,,,,,,,,,,,,,,,,,,18.92,19.48,24.33,10.48,0.08,0.01,0.17
2026-04-10T12:41:14.283,RICOAUTO,,,,,,,2026-04-10,,,,,,,,,,,,,,,,,,,18.9,14.35,15.21,-3.31,0.11,-0.08,0.31
2026-04-10T12:41:14.283,DBOL,,,,,,,2026-04-10,,,,,,,,,,,,,,,,,,,18.89,13.19,-5.78,-10.8,0.24,0.57,0.51
2026-04-10T12:41:14.283,DATAPATTNS,,,,,,,2026-04-10,,,,,,,,,,,,,,,,,,,18.86,29.43,3.57,5.6,-0.06,0.23,0.16
2026-04-10T12:41:14.283,INDIANB,,,,,,,2026-04-10,,,,,,,,,,,,,,,,,,,18.02,17.22,16.1,11.19,0.06,0.11,0.26
2026-04-10T12:41:14.283,SHRIPISTON,,,,,,,2026-04-10,,,,,,,,,,,,,,,,,,,18.01,11.03,13.98,6.71,0.24,0.04,0.27
2026-04-10T12:41:14.283,LTF,,,,,,,2026-04-10,,,,,,,,,,,,,,,,,,,17.89,21.41,31.29,12.17,0.04,-0.13,0.07
2026-04-10T12:41:14.283,LAURUSLABS,,,,,,,2026-04-10,,,,,,,,,,,,,,,,,,,17.55,21.24,20.02,19.21,0.07,-0.03,0.26
2026-04-10T12:41:14.283,AUBANK,,,,,,,2026-04-10,,,,,,,,,,,,,,,,,,,17.46,14.37,19.25,2.29,0.06,-0.03,0.29
2026-04-10T12:41:14.283,SHARDACROP,,,,,,,2026-04-10,,,,,,,,,,,,,,,,,,,17.37,22.22,2.03,10.14,0.05,0.29,0.27
2026-04-10T12:41:14.283,GRMOVER,,,,,,,2026-04-10,,,,,,,,,,,,,,,,,,,17.33,24.54,34.84,14.16,0.09,-0.01,0.31
2026-04-10T12:41:14.283,ADANIPOWER,,,,,,,2026-04-10,,,,,,,,,,,,,,,,,,,16.8,10.23,9.96,5.42,0.28,0.2,0.17
2026-04-10T12:41:14.283,ABCAPITAL,,,,,,,2026-04-10,,,,,,,,,,,,,,,,,,,16.69,23.35,24.19,8.91,0.05,-0.06,0.12
2026-04-10T12:41:14.283,RACLGEAR,,,,,,,2026-04-10,,,,,,,,,,,,,,,,,,,16.48,19.31,7.05,NaN,-0.03,0.21,0.13
2026-04-10T12:41:14.283,BSE,,,,,,,2026-04-10,,,,,,,,,,,,,,,,,,,16.45,15.85,11.76,17.11,0.19,0.22,0.49
2026-04-09T15:30:31.277,SWANDEF,,,,,,,2026-04-09,,,,,,,,,,,,,,,,,,,18489.38,18432.18,3696.89,-5.67,-0.13,3.29,781.22
2026-04-09T15:30:31.277,WAAREEINDO,,,,,,,2026-04-09,,,,,,,,,,,,,,,,,,,2980.91,2858.37,3956.38,22.82,0.29,-0.16,108.33
2026-04-09T15:30:31.277,CUPID,,,,,,,2026-04-09,,,,,,,,,,,,,,,,,,,144.59,110.19,106.69,41.36,0.15,0.19,1.16
2026-04-09T15:30:31.277,BGRENERGY,,,,,,,2026-04-09,,,,,,,,,,,,,,,,,,,60.45,65.62,64.89,93.26,-0.07,-0.14,0.14
2026-04-09T15:30:31.277,PFOCUS,,,,,,,2026-04-09,,,,,,,,,,,,,,,,,,,53.35,40.42,21.65,5.98,0.15,0.33,0.8
2026-04-09T15:30:31.277,SIGMAADV,,,,,,,2026-04-09,,,,,,,,,,,,,,,,,,,50.79,37.01,39.41,30.06,0.07,-0.17,0.1
2026-04-09T15:30:31.277,MTARTECH,,,,,,,2026-04-09,,,,,,,,,,,,,,,,,,,49.58,41.77,13.74,3.48,0.1,0.68,1.15
2026-04-09T15:30:31.277,VENUSREM,,,,,,,2026-04-09,,,,,,,,,,,,,,,,,,,47.23,28.93,34.32,9.82,0.38,0.28,1.1
2026-04-09T15:30:31.277,LUMAXTECH,,,,,,,2026-04-09,,,,,,,,,,,,,,,,,,,45.87,41.24,40.98,30.74,0.13,0.03,0.33
2026-04-09T15:30:31.277,ROSSTECH,,,,,,,2026-04-09,,,,,,,,,,,,,,,,,,,39.81,36.93,12.66,NaN,0.1,0.26,0.1
2026-04-09T15:30:31.277,KESORAMIND,,,,,,,2026-04-09,,,,,,,,,,,,,,,,,,,39.24,0.55,10.55,-10.95,0.25,-0.04,0.93
2026-04-09T15:30:31.277,MIRCELECTR,,,,,,,2026-04-09,,,,,,,,,,,,,,,,,,,38.31,19.0,14.36,2.86,0.21,-0.02,0.21
2026-04-09T15:30:31.277,SBC,,,,,,,2026-04-09,,,,,,,,,,,,,,,,,,,37.1,32.62,18.14,1.41,-0.0,0.12,0.46
2026-04-09T15:30:31.277,STLTECH,,,,,,,2026-04-09,,,,,,,,,,,,,,,,,,,36.57,27.62,-1.52,0.24,0.22,1.16,0.79
2026-04-09T15:30:31.277,GVT&D,,,,,,,2026-04-09,,,,,,,,,,,,,,,,,,,35.91,39.15,14.2,20.35,0.01,0.28,0.24
2026-04-09T15:30:31.277,BHAGYANGR,,,,,,,2026-04-09,,,,,,,,,,,,,,,,,,,35.55,26.34,21.28,-1.84,0.14,0.08,0.93
2026-04-09T15:30:31.277,JAYNECOIND,,,,,,,2026-04-09,,,,,,,,,,,,,,,,,,,35.54,27.53,35.73,13.77,0.12,-0.11,0.14
2026-04-09T15:30:31.277,MCX,,,,,,,2026-04-09,,,,,,,,,,,,,,,,,,,33.28,31.14,19.98,10.21,0.05,0.21,0.63
2026-04-09T15:30:31.277,PRECWIRE,,,,,,,2026-04-09,,,,,,,,,,,,,,,,,,,32.99,33.46,13.86,2.15,-0.01,0.3,0.58
2026-04-09T15:30:31.277,NATIONALUM,,,,,,,2026-04-09,,,,,,,,,,,,,,,,,,,32.36,29.73,15.54,1.8,0.04,0.25,0.86
2026-04-09T15:30:31.277,FORCEMOT,,,,,,,2026-04-09,,,,,,,,,,,,,,,,,,,32.34,47.72,50.52,31.15,0.04,0.05,0.32
2026-04-09T15:30:31.277,SMLMAH,,,,,,,2026-04-09,,,,,,,,,,,,,,,,,,,31.96,63.08,45.11,21.58,-0.02,0.0,0.27
2026-04-09T15:30:31.277,SAKAR,,,,,,,2026-04-09,,,,,,,,,,,,,,,,,,,31.94,26.33,10.9,4.21,0.08,0.39,0.58
2026-04-09T15:30:31.277,BAJAJCON,,,,,,,2026-04-09,,,,,,,,,,,,,,,,,,,31.73,31.64,11.5,0.46,0.05,0.4,0.64
2026-04-09T15:30:31.277,SILVERIETF,,,,,,,2026-04-09,,,,,,,,,,,,,,,,,,,31.62,41.06,40.65,14.68,-0.09,-0.01,0.61
2026-04-09T15:30:31.277,SILVER,,,,,,,2026-04-09,,,,,,,,,,,,,,,,,,,31.53,40.75,40.43,14.91,-0.09,-0.01,0.6
2026-04-09T15:30:31.277,SILVERADD,,,,,,,2026-04-09,,,,,,,,,,,,,,,,,,,31.5,40.93,40.71,14.82,-0.09,-0.01,0.61
2026-04-09T15:30:31.277,TATSILV,,,,,,,2026-04-09,,,,,,,,,,,,,,,,,,,31.5,40.99,40.37,14.84,-0.09,-0.01,0.6
2026-04-09T15:30:31.277,SILVERCASE,,,,,,,2026-04-09,,,,,,,,,,,,,,,,,,,31.49,NaN,NaN,NaN,-0.09,-0.01,0.61
2026-04-09T15:30:31.277,SILVER1,,,,,,,2026-04-09,,,,,,,,,,,,,,,,,,,31.45,40.87,40.29,14.7,-0.09,-0.01,0.61
2026-04-09T15:30:31.277,SILVERAG,,,,,,,2026-04-09,,,,,,,,,,,,,,,,,,,31.39,40.69,40.12,14.82,-0.09,-0.0,0.6
2026-04-09T15:30:31.277,SILVERBEES,,,,,,,2026-04-09,,,,,,,,,,,,,,,,,,,31.39,40.73,40.33,14.78,-0.09,-0.01,0.6
2026-04-09T15:30:31.277,SBISILVER,,,,,,,2026-04-09,,,,,,,,,,,,,,,,,,,31.29,40.96,40.53,14.98,-0.09,-0.01,0.6
2026-04-09T15:30:31.277,KMEW,,,,,,,2026-04-09,,,,,,,,,,,,,,,,,,,31.07,27.06,19.85,NaN,0.06,-0.08,0.44
2026-04-09T15:30:31.277,SILVERBETA,,,,,,,2026-04-09,,,,,,,,,,,,,,,,,,,31.07,40.49,40.21,14.91,-0.09,-0.01,0.59
2026-04-09T15:30:31.277,HDFCSILVER,,,,,,,2026-04-09,,,,,,,,,,,,,,,,,,,31.03,40.68,40.39,14.82,-0.09,-0.01,0.6
2026-04-09T15:30:31.277,AXISILVER,,,,,,,2026-04-09,,,,,,,,,,,,,,,,,,,30.92,40.81,40.31,14.62,-0.09,-0.01,0.61
2026-04-09T15:30:31.277,HINDCOPPER,,,,,,,2026-04-09,,,,,,,,,,,,,,,,,,,30.88,38.53,31.51,1.59,-0.07,-0.06,0.54
2026-04-09T15:30:31.277,TDPOWERSYS,,,,,,,2026-04-09,,,,,,,,,,,,,,,,,,,27.69,38.96,14.14,13.59,-0.0,0.26,0.36
2026-04-09T15:30:31.277,AGIIL,,,,,,,2026-04-09,,,,,,,,,,,,,,,,,,,27.68,20.13,11.66,39.4,0.2,0.39,0.3
2026-04-09T15:30:31.277,BHARATSE,,,,,,,2026-04-09,,,,,,,,,,,,,,,,,,,27.55,NaN,NaN,NaN,0.0,0.02,-0.09
2026-04-09T15:30:31.277,NETWEB,,,,,,,2026-04-09,,,,,,,,,,,,,,,,,,,27.26,26.19,9.23,18.08,0.04,0.02,-0.23
2026-04-09T15:30:31.277,IMFA,,,,,,,2026-04-09,,,,,,,,,,,,,,,,,,,26.67,22.02,20.2,17.14,0.13,-0.07,0.17
2026-04-09T15:30:31.277,NGLFINE,,,,,,,2026-04-09,,,,,,,,,,,,,,,,,,,26.62,29.64,-3.08,-6.56,-0.01,0.67,0.65
2026-04-09T15:30:31.277,SOUTHWEST,,,,,,,2026-04-09,,,,,,,,,,,,,,,,,,,26.3,17.2,8.64,-0.08,0.21,0.22,0.77
2026-04-09T15:30:31.277,BLISSGVS,,,,,,,2026-04-09,,,,,,,,,,,,,,,,,,,26.0,15.29,0.9,2.42,0.19,0.59,0.68
2026-04-09T15:30:31.277,GMDCLTD,,,,,,,2026-04-09,,,,,,,,,,,,,,,,,,,25.99,25.71,23.15,18.85,0.11,-0.01,-0.01
2026-04-09T15:30:31.277,THANGAMAYL,,,,,,,2026-04-09,,,,,,,,,,,,,,,,,,,25.72,22.76,17.47,-2.42,0.1,0.21,0.94
2026-04-09T15:30:31.277,INFOBEAN,,,,,,,2026-04-09,,,,,,,,,,,,,,,,,,,24.89,21.79,30.89,5.07,0.01,-0.28,0.24
2026-04-09T15:30:31.277,NARMADA,,,,,,,2026-04-09,,,,,,,,,,,,,,,,,,,24.67,20.14,4.0,9.42,0.06,0.44,0.32
2026-04-09T15:30:31.277,KIRLOSENG,,,,,,,2026-04-09,,,,,,,,,,,,,,,,,,,23.61,35.81,7.86,-5.65,-0.04,0.16,0.62
2026-04-09T15:30:31.277,LUMAXIND,,,,,,,2026-04-09,,,,,,,,,,,,,,,,,,,23.12,31.18,34.79,26.93,-0.05,-0.08,0.0
2026-04-09T15:30:31.277,SILVERTUC,,,,,,,2026-04-09,,,,,,,,,,,,,,,,,,,22.18,27.57,23.78,-0.78,-0.1,-0.06,0.78
2026-04-09T15:30:31.277,ACUTAAS,,,,,,,2026-04-09,,,,,,,,,,,,,,,,,,,21.98,25.22,15.12,13.69,0.04,0.32,0.68
2026-04-09T15:30:31.277,ANANDRATHI,,,,,,,2026-04-09,,,,,,,,,,,,,,,,,,,21.69,14.58,14.91,12.05,0.11,0.14,0.24
2026-04-09T15:30:31.277,SMSPHARMA,,,,,,,2026-04-09,,,,,,,,,,,,,,,,,,,21.25,20.36,10.63,-3.97,0.1,0.24,0.54
2026-04-09T15:30:31.277,SANSERA,,,,,,,2026-04-09,,,,,,,,,,,,,,,,,,,21.11,21.24,8.92,-3.39,0.03,0.17,0.61
2026-04-09T15:30:31.277,GODAVARIB,,,,,,,2026-04-09,,,,,,,,,,,,,,,,,,,21.04,16.75,2.38,NaN,0.06,0.05,0.17
2026-04-09T15:30:31.277,APEX,,,,,,,2026-04-09,,,,,,,,,,,,,,,,,,,20.93,16.76,4.77,-2.28,0.16,0.31,0.77
2026-04-09T15:30:31.277,DATAPATTNS,,,,,,,2026-04-09,,,,,,,,,,,,,,,,,,,20.63,26.96,4.48,4.91,-0.03,0.24,0.19
2026-04-09T15:30:31.277,SJS,,,,,,,2026-04-09,,,,,,,,,,,,,,,,,,,20.46,20.27,16.36,14.48,0.06,-0.06,0.13
2026-04-09T15:30:31.277,APARINDS,,,,,,,2026-04-09,,,,,,,,,,,,,,,,,,,20.44,16.87,-2.27,-2.61,0.04,0.32,0.28
2026-04-09T15:30:31.277,TFCILTD,,,,,,,2026-04-09,,,,,,,,,,,,,,,,,,,20.2,28.02,23.92,30.13,0.01,0.02,-0.09
2026-04-09T15:30:31.277,CCL,,,,,,,2026-04-09,,,,,,,,,,,,,,,,,,,19.38,15.67,7.87,5.59,0.06,0.15,0.25
2026-04-09T15:30:31.277,MBAPL,,,,,,,2026-04-09,,,,,,,,,,,,,,,,,,,18.99,12.68,19.89,19.9,0.15,0.24,0.37
2026-04-09T15:30:31.277,RISHABH,,,,,,,2026-04-09,,,,,,,,,,,,,,,,,,,18.98,16.8,7.3,3.33,0.14,0.08,0.07
2026-04-09T15:30:31.277,RICOAUTO,,,,,,,2026-04-09,,,,,,,,,,,,,,,,,,,18.86,15.77,16.97,-2.66,0.01,-0.13,0.23
2026-04-09T15:30:31.277,HARDWYN,,,,,,,2026-04-09,,,,,,,,,,,,,,,,,,,18.3,6.59,1.27,-11.59,0.22,0.2,0.52
2026-04-09T15:30:31.277,SYRMA,,,,,,,2026-04-09,,,,,,,,,,,,,,,,,,,18.14,18.35,8.05,19.95,0.11,0.13,0.02
2026-04-09T15:30:31.277,LAURUSLABS,,,,,,,2026-04-09,,,,,,,,,,,,,,,,,,,18.11,20.53,20.43,19.35,0.06,-0.02,0.25
2026-04-09T15:30:31.277,DBOL,,,,,,,2026-04-09,,,,,,,,,,,,,,,,,,,17.9,12.49,-5.19,-10.6,0.19,0.49,0.44
2026-04-09T15:30:31.277,GRMOVER,,,,,,,2026-04-09,,,,,,,,,,,,,,,,,,,17.49,24.65,34.59,13.42,0.06,-0.02,0.36
2026-04-09T15:30:31.277,INDIANB,,,,,,,2026-04-09,,,,,,,,,,,,,,,,,,,17.46,18.33,15.15,10.59,0.0,0.1,0.23
2026-04-09T15:30:31.277,LTF,,,,,,,2026-04-09,,,,,,,,,,,,,,,,,,,17.41,21.32,32.25,12.34,0.0,-0.15,0.04
2026-04-09T15:30:31.277,ABCAPITAL,,,,,,,2026-04-09,,,,,,,,,,,,,,,,,,,17.32,23.34,25.09,9.12,0.02,-0.08,0.1
2026-04-09T15:30:31.277,AUBANK,,,,,,,2026-04-09,,,,,,,,,,,,,,,,,,,17.2,16.25,20.29,1.9,-0.0,-0.05,0.3
2026-04-09T15:30:31.277,RBLBANK,,,,,,,2026-04-09,,,,,,,,,,,,,,,,,,,17.15,19.13,23.43,10.06,0.04,0.0,0.15
2026-04-09T15:30:31.277,BSE,,,,,,,2026-04-09,,,,,,,,,,,,,,,,,,,16.97,12.11,12.04,15.2,0.19,0.22,0.56
2026-04-09T15:30:31.277,GVPIL,,,,,,,2026-04-09,,,,,,,,,,,,,,,,,,,16.46,19.64,-0.53,-3.15,-0.03,0.28,0.32
2026-04-09T15:30:31.277,ADANIPOWER,,,,,,,2026-04-09,,,,,,,,,,,,,,,,,,,16.38,9.15,9.6,4.54,0.25,0.18,0.17
2026-03-12T13:34:42.021,SWANDEF,,,,,,,2026-03-12,,,,,,,,,,,,,,,,,,,20961.79,11088.92,1532.72,-9.6,0.64,11.73,1111.59
2026-03-12T13:34:42.021,TAKE,,,,,,,2026-03-12,,,,,,,,,,,,,,,,,,,86.35,83.23,32.39,-9.79,-0.11,0.23,2.91
2026-03-12T13:34:42.021,MAHASTEEL,,,,,,,2026-03-12,,,,,,,,,,,,,,,,,,,75.18,61.4,70.11,28.03,0.43,0.27,1.52
2026-03-12T13:34:42.021,SMLMAH,,,,,,,2026-03-12,,,,,,,,,,,,,,,,,,,49.64,52.67,36.62,23.76,-0.1,0.03,0.06
2026-03-12T13:34:42.021,VENUSREM,,,,,,,2026-03-12,,,,,,,,,,,,,,,,,,,47.77,37.8,36.9,9.06,0.24,0.16,1.0
2026-03-12T13:34:42.021,PFOCUS,,,,,,,2026-03-12,,,,,,,,,,,,,,,,,,,43.15,37.93,18.08,9.75,0.06,0.34,0.47
2026-03-12T13:34:42.021,FORCEMOT,,,,,,,2026-03-12,,,,,,,,,,,,,,,,,,,41.96,59.51,33.92,32.76,-0.08,0.3,0.2
2026-03-12T13:34:42.021,TATSILV,,,,,,,2026-03-12,,,,,,,,,,,,,,,,,,,41.66,41.87,24.09,12.12,0.04,0.45,1.11
2026-03-12T13:34:42.021,SILVERADD,,,,,,,2026-03-12,,,,,,,,,,,,,,,,,,,41.45,41.81,23.97,12.14,0.04,0.45,1.11
2026-03-12T13:34:42.021,SILVER,,,,,,,2026-03-12,,,,,,,,,,,,,,,,,,,41.37,41.74,24.02,12.36,0.04,0.45,1.09
2026-03-12T13:34:42.021,SILVERIETF,,,,,,,2026-03-12,,,,,,,,,,,,,,,,,,,41.36,41.78,24.02,12.11,0.04,0.45,1.11
2026-03-12T13:34:42.021,IZMO,,,,,,,2026-03-12,,,,,,,,,,,,,,,,,,,41.3,28.94,23.58,27.66,-0.14,-0.14,-0.11
2026-03-12T13:34:42.021,SILVER1,,,,,,,2026-03-12,,,,,,,,,,,,,,,,,,,41.29,41.93,23.81,12.06,0.04,0.45,1.11
2026-03-12T13:34:42.021,AXISILVER,,,,,,,2026-03-12,,,,,,,,,,,,,,,,,,,41.26,41.56,23.76,12.8,0.04,0.45,1.07
2026-03-12T13:34:42.021,SILVERBEES,,,,,,,2026-03-12,,,,,,,,,,,,,,,,,,,41.2,41.7,23.8,11.99,0.04,0.45,1.11
2026-03-12T13:34:42.021,SBISILVER,,,,,,,2026-03-12,,,,,,,,,,,,,,,,,,,41.06,41.34,23.97,12.18,0.05,0.44,1.09
2026-03-12T13:34:42.021,SILVERAG,,,,,,,2026-03-12,,,,,,,,,,,,,,,,,,,41.01,41.82,23.97,12.2,0.04,0.44,1.1
2026-03-12T13:34:42.021,SILVERBETA,,,,,,,2026-03-12,,,,,,,,,,,,,,,,,,,40.98,41.69,23.84,12.28,0.04,0.44,1.08
2026-03-12T13:34:42.021,HDFCSILVER,,,,,,,2026-03-12,,,,,,,,,,,,,,,,,,,40.98,41.54,23.98,12.19,0.04,0.44,1.09
2026-03-12T13:34:42.021,MTARTECH,,,,,,,2026-03-12,,,,,,,,,,,,,,,,,,,39.06,33.64,8.83,-5.21,-0.03,0.55,1.49
2026-03-12T13:34:42.021,STLTECH,,,,,,,2026-03-12,,,,,,,,,,,,,,,,,,,37.48,15.4,-2.64,-1.78,0.27,1.09,0.71
2026-03-12T13:34:42.021,LUMAXTECH,,,,,,,2026-03-12,,,,,,,,,,,,,,,,,,,37.21,48.57,43.34,29.64,-0.13,-0.04,0.25
2026-03-12T13:34:42.021,GVT&D,,,,,,,2026-03-12,,,,,,,,,,,,,,,,,,,37.01,28.81,15.13,16.31,0.04,0.29,0.38
2026-03-12T13:34:42.021,MCX,,,,,,,2026-03-12,,,,,,,,,,,,,,,,,,,36.7,28.19,15.09,9.62,0.02,0.28,0.66
2026-03-12T13:34:42.021,ROSSTECH,,,,,,,2026-03-12,,,,,,,,,,,,,,,,,,,34.54,23.83,NaN,NaN,-0.02,0.05,0.05
2026-03-12T13:34:42.021,HINDCOPPER,,,,,,,2026-03-12,,,,,,,,,,,,,,,,,,,33.17,39.42,8.29,-4.87,-0.12,0.46,1.14
2026-03-12T13:34:42.021,SBC,,,,,,,2026-03-12,,,,,,,,,,,,,,,,,,,32.48,29.47,14.63,0.28,0.06,0.18,0.57
2026-03-12T13:34:42.021,KIRLOSENG,,,,,,,2026-03-12,,,,,,,,,,,,,,,,,,,32.38,13.61,3.9,-7.86,0.17,0.33,0.71
2026-03-12T13:34:42.021,TDPOWERSYS,,,,,,,2026-03-12,,,,,,,,,,,,,,,,,,,31.5,33.66,16.35,7.07,-0.05,0.19,0.48
2026-03-12T13:34:42.021,JAYNECOIND,,,,,,,2026-03-12,,,,,,,,,,,,,,,,,,,31.42,27.16,18.24,9.47,-0.04,0.08,0.21
2026-03-12T13:34:42.021,BAJAJCON,,,,,,,2026-03-12,,,,,,,,,,,,,,,,,,,29.07,27.12,8.17,-3.21,-0.08,0.38,0.59
2026-03-12T13:34:42.021,NATIONALUM,,,,,,,2026-03-12,,,,,,,,,,,,,,,,,,,27.77,24.51,3.08,3.07,0.09,0.53,0.95
2026-03-12T13:34:42.021,PRECWIRE,,,,,,,2026-03-12,,,,,,,,,,,,,,,,,,,27.72,16.83,7.18,0.31,0.23,0.37,0.77
2026-03-12T13:34:42.021,DATAPATTNS,,,,,,,2026-03-12,,,,,,,,,,,,,,,,,,,27.49,9.26,2.35,-1.04,0.17,0.31,0.3
2026-03-12T13:34:42.021,JPOLYINVST,,,,,,,2026-03-12,,,,,,,,,,,,,,,,,,,27.24,8.75,6.85,2.24,0.29,0.23,0.46
2026-03-12T13:34:42.021,BHAGYANGR,,,,,,,2026-03-12,,,,,,,,,,,,,,,,,,,26.92,23.72,6.26,-2.88,-0.06,0.31,0.76
2026-03-12T13:34:42.021,JINDALPHOT,,,,,,,2026-03-12,,,,,,,,,,,,,,,,,,,26.78,22.41,22.28,8.51,-0.11,-0.17,0.13
2026-03-12T13:34:42.021,GMDCLTD,,,,,,,2026-03-12,,,,,,,,,,,,,,,,,,,26.67,23.61,11.16,11.48,-0.07,0.15,0.07
2026-03-12T13:34:42.021,THANGAMAYL,,,,,,,2026-03-12,,,,,,,,,,,,,,,,,,,26.4,24.79,15.42,1.06,-0.04,0.11,0.6
2026-03-12T13:34:42.021,SMSPHARMA,,,,,,,2026-03-12,,,,,,,,,,,,,,,,,,,25.5,13.51,6.77,-5.37,0.28,0.31,0.64
2026-03-12T13:34:42.021,TFCILTD,,,,,,,2026-03-12,,,,,,,,,,,,,,,,,,,25.01,32.55,21.94,25.9,-0.05,0.01,-0.08
2026-03-12T13:34:42.021,SAKAR,,,,,,,2026-03-12,,,,,,,,,,,,,,,,,,,24.81,15.08,7.13,0.62,0.2,0.41,0.7
2026-03-12T13:34:42.021,KMEW,,,,,,,2026-03-12,,,,,,,,,,,,,,,,,,,24.65,21.99,11.33,NaN,-0.1,0.01,0.79
2026-03-12T13:34:42.021,NETWEB,,,,,,,2026-03-12,,,,,,,,,,,,,,,,,,,24.59,21.5,5.83,4.07,0.01,0.05,0.05
2026-03-12T13:34:42.021,LUMAXIND,,,,,,,2026-03-12,,,,,,,,,,,,,,,,,,,24.53,42.93,32.07,12.0,-0.18,-0.1,0.2
2026-03-12T13:34:42.021,IMFA,,,,,,,2026-03-12,,,,,,,,,,,,,,,,,,,23.29,27.73,14.25,11.81,-0.11,-0.08,0.27
2026-03-12T13:34:42.021,ABCAPITAL,,,,,,,2026-03-12,,,,,,,,,,,,,,,,,,,22.67,24.15,21.66,8.69,-0.09,-0.1,0.12
2026-03-12T13:34:42.021,CHENNPETRO,,,,,,,2026-03-12,,,,,,,,,,,,,,,,,,,22.41,17.87,14.48,-4.09,0.04,0.01,0.32
2026-03-12T13:34:42.021,GRMOVER,,,,,,,2026-03-12,,,,,,,,,,,,,,,,,,,22.0,24.7,26.65,11.11,-0.04,0.01,0.28
2026-03-12T13:34:42.021,AGIIL,,,,,,,2026-03-12,,,,,,,,,,,,,,,,,,,21.38,11.88,13.44,30.32,0.29,0.18,0.34
2026-03-12T13:34:42.021,GVPIL,,,,,,,2026-03-12,,,,,,,,,,,,,,,,,,,21.27,7.21,-4.6,-3.64,0.37,0.49,0.32
2026-03-12T13:34:42.021,PRIVISCL,,,,,,,2026-03-12,,,,,,,,,,,,,,,,,,,21.23,12.16,18.24,13.12,0.05,-0.08,0.26
2026-03-12T13:34:42.021,ATALREAL,,,,,,,2026-03-12,,,,,,,,,,,,,,,,,,,20.81,24.99,24.82,33.77,-0.13,-0.05,0.22
2026-03-12T13:34:42.021,ACUTAAS,,,,,,,2026-03-12,,,,,,,,,,,,,,,,,,,20.24,16.63,12.06,24.73,0.06,0.29,0.44
2026-03-12T13:34:42.021,BSE,,,,,,,2026-03-12,,,,,,,,,,,,,,,,,,,20.0,16.95,12.94,33.03,-0.1,0.11,0.22
2026-03-12T13:34:42.021,GOLDBETA,,,,,,,2026-03-12,,,,,,,,,,,,,,,,,,,19.99,20.25,15.57,12.92,0.03,0.25,0.45
2026-03-12T13:34:42.021,LTF,,,,,,,2026-03-12,,,,,,,,,,,,,,,,,,,19.92,22.56,26.21,10.6,-0.09,-0.12,0.15
2026-03-12T13:34:42.021,AXISGOLD,,,,,,,2026-03-12,,,,,,,,,,,,,,,,,,,19.84,19.96,15.44,12.67,0.03,0.25,0.45
2026-03-12T13:34:42.021,GOLD1,,,,,,,2026-03-12,,,,,,,,,,,,,,,,,,,19.81,20.01,15.37,12.3,0.03,0.25,0.46
2026-03-12T13:34:42.021,GOLDIETF,,,,,,,2026-03-12,,,,,,,,,,,,,,,,,,,19.79,20.06,15.5,12.5,0.03,0.25,0.45
2026-03-12T13:34:42.021,SANSERA,,,,,,,2026-03-12,,,,,,,,,,,,,,,,,,,19.79,17.14,2.48,-0.68,0.03,0.27,0.5
2026-03-12T13:34:42.021,RBLBANK,,,,,,,2026-03-12,,,,,,,,,,,,,,,,,,,19.75,19.39,18.63,8.15,-0.01,0.0,0.11
2026-03-12T13:34:42.021,GOLDCASE,,,,,,,2026-03-12,,,,,,,,,,,,,,,,,,,19.73,20.02,15.33,12.47,0.03,0.25,0.45
2026-03-12T13:34:42.021,SHARDACROP,,,,,,,2026-03-12,,,,,,,,,,,,,,,,,,,19.7,27.35,4.99,12.01,-0.11,0.15,0.17
2026-03-12T13:34:42.021,HDFCGOLD,,,,,,,2026-03-12,,,,,,,,,,,,,,,,,,,19.7,20.03,15.38,12.49,0.03,0.25,0.45
2026-03-12T13:34:42.021,GOLDBEES,,,,,,,2026-03-12,,,,,,,,,,,,,,,,,,,19.67,19.94,15.35,12.42,0.03,0.25,0.45
2026-03-12T13:34:42.021,SETFGOLD,,,,,,,2026-03-12,,,,,,,,,,,,,,,,,,,19.67,19.99,15.35,12.47,0.03,0.25,0.45
2026-03-12T13:34:42.021,GOLDETF,,,,,,,2026-03-12,,,,,,,,,,,,,,,,,,,19.67,19.95,15.36,12.37,0.03,0.25,0.45
2026-03-12T13:34:42.021,TATAGOLD,,,,,,,2026-03-12,,,,,,,,,,,,,,,,,,,19.64,19.75,15.28,12.34,0.03,0.25,0.45
2026-03-12T13:34:42.021,LAURUSLABS,,,,,,,2026-03-12,,,,,,,,,,,,,,,,,,,19.61,15.59,18.27,20.67,0.09,0.03,0.17
2026-03-12T13:34:42.021,POWERINDIA,,,,,,,2026-03-12,,,,,,,,,,,,,,,,,,,19.6,19.97,13.71,14.79,0.11,0.31,0.32
2026-03-12T13:34:42.021,GROWWGOLD,,,,,,,2026-03-12,,,,,,,,,,,,,,,,,,,19.47,19.77,15.21,NaN,0.03,0.25,0.45
2026-03-12T13:34:42.021,SJS,,,,,,,2026-03-12,,,,,,,,,,,,,,,,,,,19.21,19.51,10.42,9.89,-0.1,-0.04,0.12
2026-03-12T13:34:42.021,GODAVARIB,,,,,,,2026-03-12,,,,,,,,,,,,,,,,,,,18.9,7.52,-5.27,NaN,0.02,0.21,-0.02
2026-03-12T13:34:42.021,KARURVYSYA,,,,,,,2026-03-12,,,,,,,,,,,,,,,,,,,18.35,17.34,6.12,2.69,-0.08,0.24,0.46
2026-03-12T13:34:42.021,MRPL,,,,,,,2026-03-12,,,,,,,,,,,,,,,,,,,18.11,14.35,1.77,-8.23,-0.01,0.25,0.54
2026-03-12T13:34:42.021,SOUTHWEST,,,,,,,2026-03-12,,,,,,,,,,,,,,,,,,,17.97,17.49,9.53,-0.48,-0.03,0.05,0.41
2026-03-12T13:34:42.021,RACLGEAR,,,,,,,2026-03-12,,,,,,,,,,,,,,,,,,,17.91,10.79,4.62,NaN,0.12,0.28,0.42
2026-03-12T13:34:42.021,CCL,,,,,,,2026-03-12,,,,,,,,,,,,,,,,,,,17.34,13.13,7.13,2.46,0.03,0.09,0.18
2026-03-12T13:34:42.021,INDIANB,,,,,,,2026-03-12,,,,,,,,,,,,,,,,,,,17.29,17.49,8.38,5.72,0.01,0.17,0.37
