Timestamp,Symbol,From52wh,3d range,5d,Sector,Industry,Free float,Scan_Date,Rs_score,Rscore_1mago,Rscore_3mago,Rscore_6mago,Rs_1m,Rs_3m,Rs_6m,Cmp,%ch,Low 2%,Low5,Sl,Target,R_vol,Forward pe,Pe,Rsi,Adx,%ch sl,Rs,Srs,Ars,Is,Tps,Rs score
2026-07-29T12:46:01.669,BLSE,0.26,4.55,15.33,i.t,computers - software - medium / small,746.87,2026-07-29,,,,,,,,,,,,,,,,,,,,,,,,,
2026-07-29T12:46:01.669,VADILALIND,0.52,7.1,7.74,fmcg,food - processing - indian,1800.46,2026-07-29,,,,,,,,,,,,,,,,,,,,,,,,,
2026-07-29T12:46:01.669,KMEW,0.62,15.44,18.42,transportation,miscellaneous,3219.62,2026-07-29,,,,,,,,,,,,,,,,,,,,,,,,,
2026-07-29T12:46:01.669,SPECTRUM,0.66,12.68,16.53,industrials,electric equipment,1048.41,2026-07-29,,,,,,,,,,,,,,,,,,,,,,,,,
2026-07-29T12:46:01.669,RKFORGE,0.82,8.22,13.04,industrials,castings & forgings,6590.74,2026-07-29,,,,,,,,,,,,,,,,,,,,,,,,,
2026-07-29T12:46:01.669,SAREGAMA,0.93,8.36,13.84,media,entertainment / electronic media software,4005.67,2026-07-29,,,,,,,,,,,,,,,,,,,,,,,,,
2026-07-29T12:46:01.669,APCOTEXIND,0.99,13.0,15.34,chemicals,miscellaneous,1360.55,2026-07-29,,,,,,,,,,,,,,,,,,,,,,,,,
2026-07-29T12:46:01.669,HAPPYFORGE,1.27,7.19,7.19,industrials,castings & forgings,3344.07,2026-07-29,,,,,,,,,,,,,,,,,,,,,,,,,
2026-07-29T12:46:01.669,YASHO,1.52,10.63,11.06,chemicals,chemicals,1280.56,2026-07-29,,,,,,,,,,,,,,,,,,,,,,,,,
2026-07-29T12:46:01.669,ATALREAL,1.53,4.37,8.46,realty,construction,278.68,2026-07-29,,,,,,,,,,,,,,,,,,,,,,,,,
2026-07-29T12:46:01.669,METROPOLIS,1.53,4.15,6.28,healthcare,healthcare,6263.66,2026-07-29,,,,,,,,,,,,,,,,,,,,,,,,,
2026-07-29T12:46:01.669,ARTEMISMED,1.59,11.15,14.1,healthcare,healthcare,1976.99,2026-07-29,,,,,,,,,,,,,,,,,,,,,,,,,
2026-07-29T12:46:01.669,MONARCH,1.68,12.17,16.52,financials,finance & investments,1453.69,2026-07-29,,,,,,,,,,,,,,,,,,,,,,,,,
2026-07-29T12:46:01.669,RAIN,1.69,4.88,6.38,miscellaneous,miscellaneous,4421.88,2026-07-29,,,,,,,,,,,,,,,,,,,,,,,,,
2026-07-29T12:46:01.669,SSWL,1.97,5.14,9.85,auto,auto ancillaries,1820.59,2026-07-29,,,,,,,,,,,,,,,,,,,,,,,,,
2026-07-29T12:46:01.669,HONAUT,2.03,7.69,7.9,consumer discretionary,electronics - components,8857.0,2026-07-29,,,,,,,,,,,,,,,,,,,,,,,,,
2026-07-29T12:46:01.669,KAPSTON,2.23,4.59,4.69,miscellaneous,miscellaneous,378.63,2026-07-29,,,,,,,,,,,,,,,,,,,,,,,,,
2026-07-29T12:46:01.669,STOVEKRAFT,2.53,6.09,11.5,consumer discretionary,domestic appliances,1181.38,2026-07-29,,,,,,,,,,,,,,,,,,,,,,,,,
2026-07-29T12:46:01.669,UNIPARTS,2.68,3.74,7.83,industrials,engineering,1083.41,2026-07-29,,,,,,,,,,,,,,,,,,,,,,,,,
2026-07-29T12:46:01.669,USHAMART,2.74,6.51,7.82,metals & mining,steel - medium / small,9432.36,2026-07-29,,,,,,,,,,,,,,,,,,,,,,,,,
2026-07-29T12:46:01.669,PRUDENT,2.77,14.35,17.3,financials,finance & investments,5829.17,2026-07-29,,,,,,,,,,,,,,,,,,,,,,,,,
2026-07-29T12:46:01.669,TFCILTD,2.96,16.01,27.35,financials,finance - term-lending institutions,4397.86,2026-07-29,,,,,,,,,,,,,,,,,,,,,,,,,
2026-07-29T12:46:01.669,ARIHANT,2.99,19.86,34.62,realty,construction,742.68,2026-07-29,,,,,,,,,,,,,,,,,,,,,,,,,
2026-07-29T12:46:01.669,MMFL,3.2,6.05,6.05,industrials,castings & forgings,1152.96,2026-07-29,,,,,,,,,,,,,,,,,,,,,,,,,
2026-07-29T12:46:01.669,HEG,3.25,5.97,12.78,industrials,electrodes - graphites,5632.45,2026-07-29,,,,,,,,,,,,,,,,,,,,,,,,,
2026-07-29T12:46:01.669,CCL,3.32,4.36,4.36,fmcg,tea,8637.36,2026-07-29,,,,,,,,,,,,,,,,,,,,,,,,,
2026-07-29T12:46:01.669,QUESS,3.34,5.8,6.99,miscellaneous,diversified - large,1976.47,2026-07-29,,,,,,,,,,,,,,,,,,,,,,,,,
2026-07-29T12:46:01.669,GRWRHITECH,3.58,4.19,8.13,industrials,packaging,6335.56,2026-07-29,,,,,,,,,,,,,,,,,,,,,,,,,
2026-07-29T12:46:01.669,EMCURE,3.65,4.26,5.64,healthcare,pharmaceuticals - indian - bulk drugs & formln,7941.51,2026-07-29,,,,,,,,,,,,,,,,,,,,,,,,,
2026-07-29T12:46:01.669,MUTHOOTMF,3.69,5.38,10.4,financials,finance & investments,1921.54,2026-07-29,,,,,,,,,,,,,,,,,,,,,,,,,
2026-07-29T12:46:01.669,GHCLTEXTIL,3.69,7.08,7.62,textiles,textiles - spinning - synthetic / blended,899.29,2026-07-29,,,,,,,,,,,,,,,,,,,,,,,,,
2026-07-29T12:46:01.669,UNIVCABLES,3.9,10.73,14.33,industrials,cables - power,1767.44,2026-07-29,,,,,,,,,,,,,,,,,,,,,,,,,
2026-07-29T12:46:01.669,MPSLTD,4.0,7.74,11.32,i.t,computers - software - medium / small,1455.61,2026-07-29,,,,,,,,,,,,,,,,,,,,,,,,,
2026-07-29T12:46:01.669,EPL,4.15,3.72,8.15,industrials,packaging,5579.26,2026-07-29,,,,,,,,,,,,,,,,,,,,,,,,,
2026-07-29T12:46:01.669,HNDFDS,4.25,4.96,6.53,fmcg,diversified - large,2633.57,2026-07-29,,,,,,,,,,,,,,,,,,,,,,,,,
2026-07-29T12:46:01.669,POLYPLEX,4.48,4.63,6.34,industrials,packaging,2592.26,2026-07-29,,,,,,,,,,,,,,,,,,,,,,,,,
2026-07-29T12:46:01.669,PRICOLLTD,4.49,6.28,12.72,auto,auto ancillaries,4968.96,2026-07-29,,,,,,,,,,,,,,,,,,,,,,,,,
2026-07-29T12:46:01.669,KABRAEXTRU,4.61,8.15,20.64,industrials,engineering,538.43,2026-07-29,,,,,,,,,,,,,,,,,,,,,,,,,
2026-07-29T12:46:01.669,PRIVISCL,4.63,2.23,5.27,chemicals,chemicals,5556.36,2026-07-29,,,,,,,,,,,,,,,,,,,,,,,,,
2026-07-29T12:46:01.669,NELCO,4.76,6.48,7.19,telecom,telecommunications - service provider,1078.01,2026-07-29,,,,,,,,,,,,,,,,,,,,,,,,,
2026-07-29T12:46:01.669,SUPRAJIT,4.81,3.34,7.49,auto,auto ancillaries,3699.57,2026-07-29,,,,,,,,,,,,,,,,,,,,,,,,,
2026-07-29T12:46:01.669,RITCO,4.87,5.14,8.04,transportation,miscellaneous,317.0,2026-07-29,,,,,,,,,,,,,,,,,,,,,,,,,
2026-07-29T12:46:01.669,TATVA,4.91,9.55,11.71,chemicals,chemicals,1142.04,2026-07-29,,,,,,,,,,,,,,,,,,,,,,,,,
2026-07-29T12:46:01.669,DEEPINDS,5.05,16.56,23.24,energy,oil drilling / allied services,1282.34,2026-07-29,,,,,,,,,,,,,,,,,,,,,,,,,
2026-07-29T12:46:01.669,AEGISVOPAK,5.13,6.84,8.09,transportation,miscellaneous,4277.82,2026-07-29,,,,,,,,,,,,,,,,,,,,,,,,,
2026-07-29T12:46:01.669,GANESHBE,5.18,17.57,19.81,miscellaneous,miscellaneous,541.1,2026-07-29,,,,,,,,,,,,,,,,,,,,,,,,,
2026-07-29T12:46:01.669,SUYOG,5.29,5.5,9.26,telecom,transmisson line towers / equipment,498.63,2026-07-29,,,,,,,,,,,,,,,,,,,,,,,,,
2026-07-29T12:46:01.669,NIVABUPA,5.31,1.99,5.29,financials,finance & investments,7138.03,2026-07-29,,,,,,,,,,,,,,,,,,,,,,,,,
2026-07-29T12:46:01.669,RPEL,5.31,5.88,5.88,building materials,refractories / intermediates,2213.24,2026-07-29,,,,,,,,,,,,,,,,,,,,,,,,,
2026-07-29T12:46:01.669,SFL,5.43,4.37,6.02,consumer discretionary,miscellaneous,2962.66,2026-07-29,,,,,,,,,,,,,,,,,,,,,,,,,
2026-07-29T12:46:01.669,BALRAMCHIN,5.66,2.8,4.8,fmcg,sugar,7311.14,2026-07-29,,,,,,,,,,,,,,,,,,,,,,,,,
2026-07-29T12:46:01.669,MANORAMA,5.77,5.17,7.16,fmcg,food - processing - indian,4523.25,2026-07-29,,,,,,,,,,,,,,,,,,,,,,,,,
2026-07-29T12:46:01.669,ESAFSFB,6.14,12.61,16.12,bank,banks - private sector,715.42,2026-07-29,,,,,,,,,,,,,,,,,,,,,,,,,
2026-07-29T12:46:01.669,ALIVUS,6.21,6.03,7.11,healthcare,pharmaceuticals - indian - bulk drugs & formln,3453.16,2026-07-29,,,,,,,,,,,,,,,,,,,,,,,,,
2026-07-29T12:46:01.669,DCBBANK,6.38,7.91,10.82,bank,banks - private sector,5201.03,2026-07-29,,,,,,,,,,,,,,,,,,,,,,,,,
2026-07-29T12:46:01.669,TBZ,6.47,13.56,15.44,consumer discretionary,diamond cutting / jewellery,477.68,2026-07-29,,,,,,,,,,,,,,,,,,,,,,,,,
2026-07-29T12:46:01.669,KECL,6.59,15.84,21.39,industrials,electric equipment,461.47,2026-07-29,,,,,,,,,,,,,,,,,,,,,,,,,
2026-07-29T12:46:01.669,BALAMINES,6.59,11.7,14.84,chemicals,chemicals,3360.84,2026-07-29,,,,,,,,,,,,,,,,,,,,,,,,,
2026-07-29T12:46:01.669,CENTENKA,6.6,18.7,22.04,textiles,textiles - manmade,1029.87,2026-07-29,,,,,,,,,,,,,,,,,,,,,,,,,
2026-07-29T12:46:01.669,DHANBANK,6.7,5.5,7.94,bank,banks - private sector,1356.97,2026-07-29,,,,,,,,,,,,,,,,,,,,,,,,,
2026-07-29T12:46:01.669,MUFIN,6.71,5.24,5.69,financials,finance & investments,1344.39,2026-07-29,,,,,,,,,,,,,,,,,,,,,,,,,
2026-07-29T12:46:01.669,TIPSMUSIC,7.11,6.17,15.19,media,entertainment / electronic media software,3153.93,2026-07-29,,,,,,,,,,,,,,,,,,,,,,,,,
2026-07-29T12:46:01.669,THELEELA,7.13,3.98,7.14,services,hotels,3818.22,2026-07-29,,,,,,,,,,,,,,,,,,,,,,,,,
2026-07-29T12:46:01.669,RAJRATAN,7.17,8.23,9.13,metals & mining,steel - medium / small,892.13,2026-07-29,,,,,,,,,,,,,,,,,,,,,,,,,
2026-07-29T12:46:01.669,IRISDOREME,7.17,14.35,16.41,consumer discretionary,textiles - products,363.59,2026-07-29,,,,,,,,,,,,,,,,,,,,,,,,,
2026-07-29T12:46:01.669,VSSL,7.2,5.14,8.01,metals & mining,steel - medium / small,1430.99,2026-07-29,,,,,,,,,,,,,,,,,,,,,,,,,
2026-07-29T12:46:01.669,FILATEX,7.26,5.98,9.92,textiles,textiles - manmade,1102.55,2026-07-29,,,,,,,,,,,,,,,,,,,,,,,,,
2026-07-29T12:46:01.669,PANSARI,7.43,13.31,13.31,realty,construction,164.07,2026-07-29,,,,,,,,,,,,,,,,,,,,,,,,,
2026-07-29T12:46:01.669,INDNIPPON,7.44,9.21,10.96,auto,auto ancillaries,793.0,2026-07-29,,,,,,,,,,,,,,,,,,,,,,,,,
2026-07-29T12:46:01.669,VISHNU,7.45,5.75,6.62,chemicals,chemicals,1285.45,2026-07-29,,,,,,,,,,,,,,,,,,,,,,,,,
2026-07-29T12:46:01.669,OAL,7.5,8.01,16.08,chemicals,chemicals,337.75,2026-07-29,,,,,,,,,,,,,,,,,,,,,,,,,
2026-07-29T12:46:01.669,GAEL,7.64,11.72,21.86,fmcg,miscellaneous,2725.13,2026-07-29,,,,,,,,,,,,,,,,,,,,,,,,,
2026-07-29T12:46:01.669,MARKSANS,7.71,7.16,10.67,healthcare,pharmaceuticals - indian - formulations,6610.34,2026-07-29,,,,,,,,,,,,,,,,,,,,,,,,,
2026-07-29T12:46:01.669,CARYSIL,7.96,4.68,8.3,consumer discretionary,domestic appliances,1967.1,2026-07-29,,,,,,,,,,,,,,,,,,,,,,,,,
2026-07-29T12:46:01.669,VTL,8.22,4.12,6.26,textiles,textiles - cotton/blended,6383.12,2026-07-29,,,,,,,,,,,,,,,,,,,,,,,,,
2026-07-29T12:46:01.669,SOTL,8.23,10.46,10.72,energy,petrochemicals,1303.05,2026-07-29,,,,,,,,,,,,,,,,,,,,,,,,,
2026-07-29T12:46:01.669,LLOYDSENT,8.26,4.38,8.32,services,trading,4615.66,2026-07-29,,,,,,,,,,,,,,,,,,,,,,,,,
2026-07-29T12:46:01.669,HIRECT,8.36,7.02,9.6,consumer discretionary,electronics - components,2471.19,2026-07-29,,,,,,,,,,,,,,,,,,,,,,,,,
2026-07-29T12:46:01.669,CENTURYPLY,8.41,3.46,6.04,building materials,miscellaneous,4924.59,2026-07-29,,,,,,,,,,,,,,,,,,,,,,,,,
2026-07-29T12:46:01.669,ACMESOLAR,8.48,7.63,8.76,realty,engineering - turnkey services,7375.1,2026-07-29,,,,,,,,,,,,,,,,,,,,,,,,,
2026-05-21T13:51:24.851,CUPID,,,,,,,2026-05-21,121.11,175.65,106.59,68.31,0.1,0.43,0.93,,,,,,,,,,,,,,,,,,
2026-05-21T13:51:24.851,STLTECH,,,,,,,2026-05-21,113.22,56.72,14.67,0.55,0.51,1.69,2.52,,,,,,,,,,,,,,,,,,
2026-05-21T13:51:24.851,MTARTECH,,,,,,,2026-05-21,99.09,67.45,32.1,15.11,0.53,1.16,1.95,,,,,,,,,,,,,,,,,,
2026-05-21T13:51:24.851,BHAGYANGR,,,,,,,2026-05-21,64.68,48.61,20.06,12.54,0.32,0.78,0.84,,,,,,,,,,,,,,,,,,
2026-05-21T13:51:24.851,BAJAJCON,,,,,,,2026-05-21,51.83,38.75,26.63,5.95,0.19,0.44,1.03,,,,,,,,,,,,,,,,,,
2026-05-21T13:51:24.851,VENUSREM,,,,,,,2026-05-21,49.0,52.65,27.54,18.45,0.01,0.4,0.81,,,,,,,,,,,,,,,,,,
2026-05-21T13:51:24.851,ATHERENERG,,,,,,,2026-05-21,44.24,NaN,NaN,NaN,-0.0,0.26,0.38,,,,,,,,,,,,,,,,,,
2026-05-21T13:51:24.851,GVPIL,,,,,,,2026-05-21,42.03,25.45,19.41,-0.58,0.42,0.45,0.97,,,,,,,,,,,,,,,,,,
2026-05-21T13:51:24.851,SILVERADD,,,,,,,2026-05-21,41.13,37.65,38.0,18.12,0.06,0.09,0.65,,,,,,,,,,,,,,,,,,
2026-05-21T13:51:24.851,KMEW,,,,,,,2026-05-21,41.07,33.53,19.73,NaN,0.25,0.25,0.6,,,,,,,,,,,,,,,,,,
2026-05-21T13:51:24.851,TATSILV,,,,,,,2026-05-21,40.96,37.64,37.78,18.32,0.06,0.08,0.64,,,,,,,,,,,,,,,,,,
2026-05-21T13:51:24.851,SILVERAG,,,,,,,2026-05-21,40.86,37.58,37.99,18.25,0.06,0.09,0.64,,,,,,,,,,,,,,,,,,
2026-05-21T13:51:24.851,SILVERIETF,,,,,,,2026-05-21,40.85,37.66,38.15,18.16,0.06,0.08,0.65,,,,,,,,,,,,,,,,,,
2026-05-21T13:51:24.851,SILVERCASE,,,,,,,2026-05-21,40.84,37.55,NaN,NaN,0.06,0.08,0.65,,,,,,,,,,,,,,,,,,
2026-05-21T13:51:24.851,SILVERBEES,,,,,,,2026-05-21,40.84,37.43,37.88,18.18,0.06,0.08,0.64,,,,,,,,,,,,,,,,,,
2026-05-21T13:51:24.851,SILVER1,,,,,,,2026-05-21,40.83,37.75,37.7,18.06,0.06,0.09,0.65,,,,,,,,,,,,,,,,,,
2026-05-21T13:51:24.851,SBISILVER,,,,,,,2026-05-21,40.82,37.34,37.91,18.2,0.06,0.08,0.64,,,,,,,,,,,,,,,,,,
2026-05-21T13:51:24.851,SILVER,,,,,,,2026-05-21,40.75,37.54,37.88,18.17,0.06,0.08,0.65,,,,,,,,,,,,,,,,,,
2026-05-21T13:51:24.851,AXISILVER,,,,,,,2026-05-21,40.71,37.41,37.84,18.14,0.06,0.08,0.64,,,,,,,,,,,,,,,,,,
2026-05-21T13:51:24.851,HDFCSILVER,,,,,,,2026-05-21,40.64,37.07,37.62,18.1,0.06,0.09,0.64,,,,,,,,,,,,,,,,,,
2026-05-21T13:51:24.851,SILVERBETA,,,,,,,2026-05-21,40.64,37.26,37.5,18.1,0.06,0.09,0.64,,,,,,,,,,,,,,,,,,
2026-05-21T13:51:24.851,TDPOWERSYS,,,,,,,2026-05-21,40.57,34.73,27.35,21.34,0.28,0.56,0.65,,,,,,,,,,,,,,,,,,
2026-05-21T13:51:24.851,MIRCELECTR,,,,,,,2026-05-21,40.31,32.57,14.07,4.66,0.23,0.27,0.47,,,,,,,,,,,,,,,,,,
2026-05-21T13:51:24.851,SBC,,,,,,,2026-05-21,39.87,37.24,28.9,9.73,0.11,0.24,0.53,,,,,,,,,,,,,,,,,,
2026-05-21T13:51:24.851,KESORAMIND,,,,,,,2026-05-21,39.2,43.7,5.02,-12.09,0.13,0.22,1.47,,,,,,,,,,,,,,,,,,
2026-05-21T13:51:24.851,MCX,,,,,,,2026-05-21,38.78,35.27,22.83,13.03,0.18,0.43,0.73,,,,,,,,,,,,,,,,,,
2026-05-21T13:51:24.851,ACUTAAS,,,,,,,2026-05-21,38.42,26.95,15.55,15.08,0.26,0.48,0.75,,,,,,,,,,,,,,,,,,
2026-05-21T13:51:24.851,ROSSTECH,,,,,,,2026-05-21,38.01,50.05,21.18,NaN,-0.0,0.31,0.4,,,,,,,,,,,,,,,,,,
2026-05-21T13:51:24.851,PFOCUS,,,,,,,2026-05-21,36.69,57.24,34.29,8.52,-0.21,-0.01,0.5,,,,,,,,,,,,,,,,,,
2026-05-21T13:51:24.851,GVT&D,,,,,,,2026-05-21,36.2,47.72,25.3,18.11,0.14,0.37,0.6,,,,,,,,,,,,,,,,,,
2026-05-21T13:51:24.851,SAKAR,,,,,,,2026-05-21,36.16,31.56,14.01,7.02,0.28,0.76,1.0,,,,,,,,,,,,,,,,,,
2026-05-21T13:51:24.851,PRECWIRE,,,,,,,2026-05-21,35.69,44.04,16.24,11.41,0.04,0.54,0.49,,,,,,,,,,,,,,,,,,
2026-05-21T13:51:24.851,LUMAXTECH,,,,,,,2026-05-21,34.59,51.53,45.25,42.32,-0.09,-0.0,0.13,,,,,,,,,,,,,,,,,,
2026-05-21T13:51:24.851,HINDCOPPER,,,,,,,2026-05-21,34.48,40.18,36.98,5.1,0.01,-0.06,0.66,,,,,,,,,,,,,,,,,,
2026-05-21T13:51:24.851,BLISSGVS,,,,,,,2026-05-21,33.11,26.99,11.93,5.99,0.15,0.37,0.84,,,,,,,,,,,,,,,,,,
2026-05-21T13:51:24.851,JAYNECOIND,,,,,,,2026-05-21,32.66,50.65,23.44,18.62,0.08,0.4,0.43,,,,,,,,,,,,,,,,,,
2026-05-21T13:51:24.851,WHEELS,,,,,,,2026-05-21,32.51,14.25,5.74,5.95,0.63,0.96,0.92,,,,,,,,,,,,,,,,,,
2026-05-21T13:51:24.851,AEROFLEX,,,,,,,2026-05-21,31.59,17.36,-5.17,-1.86,0.33,1.06,1.04,,,,,,,,,,,,,,,,,,
2026-05-21T13:51:24.851,SANSERA,,,,,,,2026-05-21,31.21,27.19,18.68,0.83,0.18,0.25,0.81,,,,,,,,,,,,,,,,,,
2026-05-21T13:51:24.851,NATIONALUM,,,,,,,2026-05-21,30.99,44.75,20.11,3.85,-0.04,0.17,0.56,,,,,,,,,,,,,,,,,,
2026-05-21T13:51:24.851,AGIIL,,,,,,,2026-05-21,28.3,29.29,8.2,18.73,0.04,0.61,0.49,,,,,,,,,,,,,,,,,,
2026-05-21T13:51:24.851,BBOX,,,,,,,2026-05-21,27.94,11.13,2.57,1.17,0.78,0.73,0.69,,,,,,,,,,,,,,,,,,
2026-05-21T13:51:24.851,IMFA,,,,,,,2026-05-21,27.9,34.64,26.23,22.83,-0.06,-0.02,0.03,,,,,,,,,,,,,,,,,,
2026-05-21T13:51:24.851,LAURUSLABS,,,,,,,2026-05-21,27.56,18.42,14.61,23.23,0.21,0.34,0.35,,,,,,,,,,,,,,,,,,
2026-05-21T13:51:24.851,AXISCADES,,,,,,,2026-05-21,27.1,30.22,19.63,45.09,0.07,0.44,0.32,,,,,,,,,,,,,,,,,,
2026-05-21T13:51:24.851,DEEDEV,,,,,,,2026-05-21,26.73,18.09,-5.65,-3.97,0.22,1.42,1.18,,,,,,,,,,,,,,,,,,
2026-05-21T13:51:24.851,VEDL,,,,,,,2026-05-21,26.67,23.71,12.97,3.9,0.2,0.37,0.75,,,,,,,,,,,,,,,,,,
2026-05-21T13:51:24.851,LUMAXIND,,,,,,,2026-05-21,25.32,28.09,41.34,24.02,0.01,-0.1,0.13,,,,,,,,,,,,,,,,,,
2026-05-21T13:51:24.851,SMLMAH,,,,,,,2026-05-21,25.19,29.32,57.29,16.92,-0.06,-0.19,0.33,,,,,,,,,,,,,,,,,,
2026-05-21T13:51:24.851,SOUTHWEST,,,,,,,2026-05-21,25.04,26.87,10.13,10.2,0.06,0.37,0.42,,,,,,,,,,,,,,,,,,
2026-05-21T13:51:24.851,SCHNEIDER,,,,,,,2026-05-21,24.86,17.12,5.62,1.11,0.25,0.63,0.66,,,,,,,,,,,,,,,,,,
2026-05-21T13:51:24.851,NETWEB,,,,,,,2026-05-21,24.86,37.11,17.66,8.84,-0.03,0.22,0.1,,,,,,,,,,,,,,,,,,
2026-05-21T13:51:24.851,ADANIPOWER,,,,,,,2026-05-21,24.6,22.21,9.06,8.21,0.09,0.58,0.43,,,,,,,,,,,,,,,,,,
2026-05-21T13:51:24.851,THANGAMAYL,,,,,,,2026-05-21,24.32,25.81,20.13,15.58,-0.07,0.08,0.17,,,,,,,,,,,,,,,,,,
2026-05-21T13:51:24.851,SENORES,,,,,,,2026-05-21,24.07,14.46,7.73,NaN,0.24,0.42,0.42,,,,,,,,,,,,,,,,,,
2026-05-21T13:51:24.851,APEX,,,,,,,2026-05-21,23.52,30.2,20.87,3.25,-0.06,0.03,0.54,,,,,,,,,,,,,,,,,,
2026-05-21T13:51:24.851,DIACABS,,,,,,,2026-05-21,23.21,15.64,7.39,0.64,0.21,0.48,0.3,,,,,,,,,,,,,,,,,,
2026-05-21T13:51:24.851,KIRLOSENG,,,,,,,2026-05-21,22.85,29.9,15.78,0.13,0.01,0.22,0.54,,,,,,,,,,,,,,,,,,
2026-05-21T13:51:24.851,IDEA,,,,,,,2026-05-21,22.81,7.66,7.24,8.53,0.44,0.22,0.26,,,,,,,,,,,,,,,,,,
2026-05-21T13:51:24.851,GMDCLTD,,,,,,,2026-05-21,22.14,33.48,19.71,14.75,-0.05,0.15,0.15,,,,,,,,,,,,,,,,,,
2026-05-21T13:51:24.851,RPTECH,,,,,,,2026-05-21,22.0,15.21,2.95,-3.41,0.17,0.52,0.64,,,,,,,,,,,,,,,,,,
2026-05-21T13:51:24.851,ANANDRATHI,,,,,,,2026-05-21,21.82,22.43,14.45,13.52,-0.01,0.21,0.2,,,,,,,,,,,,,,,,,,
2026-05-21T13:51:24.851,SEAMECLTD,,,,,,,2026-05-21,21.78,13.72,10.7,-7.61,0.05,0.16,0.83,,,,,,,,,,,,,,,,,,
2026-05-21T13:51:24.851,GESHIP,,,,,,,2026-05-21,21.49,15.73,10.97,-1.16,0.19,0.33,0.52,,,,,,,,,,,,,,,,,,
2026-05-21T13:51:24.851,RISHABH,,,,,,,2026-05-21,20.94,25.96,12.01,4.38,0.1,0.2,0.32,,,,,,,,,,,,,,,,,,
2026-05-21T13:51:24.851,HARDWYN,,,,,,,2026-05-21,20.93,25.46,1.63,-7.39,0.03,0.55,0.58,,,,,,,,,,,,,,,,,,
2026-05-21T13:51:24.851,SCI,,,,,,,2026-05-21,20.71,16.91,9.48,5.95,0.09,0.24,0.24,,,,,,,,,,,,,,,,,,
2026-05-21T13:51:24.851,SYRMA,,,,,,,2026-05-21,20.48,23.2,15.31,14.79,0.03,0.16,0.13,,,,,,,,,,,,,,,,,,
2026-05-21T13:51:24.851,KRISHANA,,,,,,,2026-05-21,20.47,33.09,32.63,32.79,0.13,0.37,0.36,,,,,,,,,,,,,,,,,,
2026-05-21T13:51:24.851,SILVERTUC,,,,,,,2026-05-21,19.84,20.61,21.02,2.28,0.1,0.12,0.76,,,,,,,,,,,,,,,,,,
2026-05-21T13:51:24.851,MBAPL,,,,,,,2026-05-21,19.06,19.27,13.57,18.26,0.08,0.18,0.35,,,,,,,,,,,,,,,,,,
2026-05-21T13:51:24.851,BSE,,,,,,,2026-05-21,18.86,19.51,13.93,17.13,0.2,0.39,0.49,,,,,,,,,,,,,,,,,,
2026-05-21T13:51:24.851,CUMMINSIND,,,,,,,2026-05-21,18.72,18.48,11.9,6.28,0.06,0.23,0.26,,,,,,,,,,,,,,,,,,
2026-05-21T13:51:24.851,UNIVCABLES,,,,,,,2026-05-21,18.71,21.52,2.43,7.54,0.19,0.46,0.17,,,,,,,,,,,,,,,,,,
2026-05-21T13:51:24.851,SJS,,,,,,,2026-05-21,18.57,20.75,18.66,12.64,0.15,0.08,0.11,,,,,,,,,,,,,,,,,,
2026-05-21T13:51:24.851,BHARATSE,,,,,,,2026-05-21,18.47,30.03,NaN,NaN,0.06,0.17,0.02,,,,,,,,,,,,,,,,,,
2026-05-21T13:51:24.851,MANINDS,,,,,,,2026-05-21,18.26,21.06,10.45,8.37,0.12,0.4,0.39,,,,,,,,,,,,,,,,,,
2026-05-21T13:51:24.851,TFCILTD,,,,,,,2026-05-21,18.2,24.19,36.91,28.33,0.0,0.01,0.12,,,,,,,,,,,,,,,,,,
2026-05-21T13:51:24.851,INDSWFTLAB,,,,,,,2026-05-21,17.95,16.21,9.55,-1.54,-0.06,0.0,0.31,,,,,,,,,,,,,,,,,,
2026-05-21T13:51:24.851,GOODLUCK,,,,,,,2026-05-21,17.76,14.64,6.97,5.17,0.16,0.32,0.25,,,,,,,,,,,,,,,,,,
2026-05-19T17:20:44.539,SWANDEF,,,,,,,2026-05-19,16478.15,19314.3,12227.86,522.24,0.0,0.3,27.12,,,,,,,,,,,,,,,,,,
2026-05-19T17:20:44.539,WAAREEINDO,,,,,,,2026-05-19,2163.66,3495.81,4489.72,5414.36,-0.27,-0.16,-0.25,,,,,,,,,,,,,,,,,,
2026-05-19T17:20:44.539,CUPID,,,,,,,2026-05-19,123.61,167.27,109.77,57.14,0.11,0.32,1.05,,,,,,,,,,,,,,,,,,
2026-05-19T17:20:44.539,STLTECH,,,,,,,2026-05-19,105.92,56.31,11.49,-0.78,0.52,1.79,2.55,,,,,,,,,,,,,,,,,,
2026-05-19T17:20:44.539,MTARTECH,,,,,,,2026-05-19,86.94,66.16,32.42,15.75,0.4,0.92,1.61,,,,,,,,,,,,,,,,,,
2026-05-19T17:20:44.539,SIGMAADV,,,,,,,2026-05-19,75.38,55.09,37.19,41.83,0.54,0.55,0.51,,,,,,,,,,,,,,,,,,
2026-05-19T17:20:44.539,BHAGYANGR,,,,,,,2026-05-19,67.93,47.42,23.5,9.44,0.35,0.73,1.07,,,,,,,,,,,,,,,,,,
2026-05-19T17:20:44.539,BAJAJCON,,,,,,,2026-05-19,49.14,42.81,27.51,7.27,0.12,0.35,0.9,,,,,,,,,,,,,,,,,,
2026-05-19T17:20:44.539,VENUSREM,,,,,,,2026-05-19,48.95,55.17,37.78,18.64,-0.03,0.33,0.87,,,,,,,,,,,,,,,,,,
2026-05-19T17:20:44.539,ATHERENERG,,,,,,,2026-05-19,45.14,NaN,NaN,NaN,0.07,0.27,0.45,,,,,,,,,,,,,,,,,,
2026-05-19T17:20:44.539,MIRCELECTR,,,,,,,2026-05-19,43.26,32.92,19.92,5.07,0.24,0.17,0.49,,,,,,,,,,,,,,,,,,
2026-05-19T17:20:44.539,MCX,,,,,,,2026-05-19,43.15,38.39,25.01,11.83,0.2,0.44,0.81,,,,,,,,,,,,,,,,,,
2026-05-19T17:20:44.539,TDPOWERSYS,,,,,,,2026-05-19,41.35,35.23,31.5,23.12,0.26,0.44,0.53,,,,,,,,,,,,,,,,,,
2026-05-19T17:20:44.539,KMEW,,,,,,,2026-05-19,41.25,37.61,21.06,NaN,0.14,0.15,0.47,,,,,,,,,,,,,,,,,,
2026-05-19T17:20:44.539,KESORAMIND,,,,,,,2026-05-19,41.23,40.05,4.52,-12.02,0.16,0.25,1.44,,,,,,,,,,,,,,,,,,
2026-05-19T17:20:44.539,AXISILVER,,,,,,,2026-05-19,39.83,39.88,41.98,16.05,0.07,0.03,0.69,,,,,,,,,,,,,,,,,,
2026-05-19T17:20:44.539,SILVERADD,,,,,,,2026-05-19,39.81,40.27,42.34,16.14,0.07,0.03,0.69,,,,,,,,,,,,,,,,,,
2026-05-19T17:20:44.539,SILVERIETF,,,,,,,2026-05-19,39.7,40.36,42.26,15.98,0.06,0.03,0.69,,,,,,,,,,,,,,,,,,
2026-05-19T17:20:44.539,TATSILV,,,,,,,2026-05-19,39.7,40.02,42.05,16.08,0.06,0.03,0.68,,,,,,,,,,,,,,,,,,
2026-05-19T17:20:44.539,SILVERCASE,,,,,,,2026-05-19,39.69,39.84,NaN,NaN,0.07,0.03,0.69,,,,,,,,,,,,,,,,,,
2026-05-19T17:20:44.539,SILVER,,,,,,,2026-05-19,39.68,40.02,42.11,16.14,0.06,0.03,0.68,,,,,,,,,,,,,,,,,,
2026-05-19T17:20:44.539,SILVERBEES,,,,,,,2026-05-19,39.62,40.09,42.04,15.96,0.06,0.02,0.69,,,,,,,,,,,,,,,,,,
2026-05-19T17:20:44.539,SILVERAG,,,,,,,2026-05-19,39.58,40.05,42.06,16.17,0.07,0.03,0.68,,,,,,,,,,,,,,,,,,
2026-05-19T17:20:44.539,SILVERBETA,,,,,,,2026-05-19,39.49,39.69,41.85,15.93,0.06,0.03,0.68,,,,,,,,,,,,,,,,,,
2026-05-19T17:20:44.539,SBISILVER,,,,,,,2026-05-19,39.42,39.93,42.14,16.08,0.06,0.02,0.68,,,,,,,,,,,,,,,,,,
2026-05-19T17:20:44.539,SILVER1,,,,,,,2026-05-19,39.41,40.3,42.29,15.93,0.06,0.02,0.69,,,,,,,,,,,,,,,,,,
2026-05-19T17:20:44.539,HDFCSILVER,,,,,,,2026-05-19,39.17,39.78,41.8,16.03,0.06,0.02,0.68,,,,,,,,,,,,,,,,,,
2026-05-19T17:20:44.539,PRECWIRE,,,,,,,2026-05-19,38.19,44.06,16.88,6.47,0.01,0.44,0.65,,,,,,,,,,,,,,,,,,
2026-05-19T17:20:44.539,GVPIL,,,,,,,2026-05-19,38.05,25.35,6.09,-4.45,0.27,0.9,1.13,,,,,,,,,,,,,,,,,,
2026-05-19T17:20:44.539,ROSSTECH,,,,,,,2026-05-19,37.79,52.74,22.61,NaN,-0.07,0.24,0.35,,,,,,,,,,,,,,,,,,
2026-05-19T17:20:44.539,HINDCOPPER,,,,,,,2026-05-19,37.41,44.3,38.99,5.01,0.0,-0.06,0.68,,,,,,,,,,,,,,,,,,
2026-05-19T17:20:44.539,LUMAXTECH,,,,,,,2026-05-19,37.13,53.65,51.72,42.48,-0.09,-0.06,0.14,,,,,,,,,,,,,,,,,,
2026-05-19T17:20:44.539,SAKAR,,,,,,,2026-05-19,35.91,33.91,16.21,6.85,0.29,0.63,0.92,,,,,,,,,,,,,,,,,,
2026-05-19T17:20:44.539,SBC,,,,,,,2026-05-19,35.48,37.2,29.84,10.49,0.03,0.11,0.36,,,,,,,,,,,,,,,,,,
2026-05-19T17:20:44.539,QPOWER,,,,,,,2026-05-19,35.38,67.28,NaN,NaN,-0.16,0.33,0.13,,,,,,,,,,,,,,,,,,
2026-05-19T17:20:44.539,ACUTAAS,,,,,,,2026-05-19,34.9,27.36,14.8,15.17,0.22,0.42,0.69,,,,,,,,,,,,,,,,,,
2026-05-19T17:20:44.539,GVT&D,,,,,,,2026-05-19,34.34,46.87,29.55,20.19,0.06,0.19,0.4,,,,,,,,,,,,,,,,,,
2026-05-19T17:20:44.539,NATIONALUM,,,,,,,2026-05-19,33.28,45.98,23.35,4.8,-0.09,0.09,0.49,,,,,,,,,,,,,,,,,,
2026-05-19T17:20:44.539,JAYNECOIND,,,,,,,2026-05-19,32.61,47.59,27.18,19.36,0.05,0.26,0.37,,,,,,,,,,,,,,,,,,
2026-05-19T17:20:44.539,AEROFLEX,,,,,,,2026-05-19,31.98,19.08,-4.05,-1.79,0.23,0.99,1.08,,,,,,,,,,,,,,,,,,
2026-05-19T17:20:44.539,PFOCUS,,,,,,,2026-05-19,31.41,62.49,38.31,9.09,-0.29,-0.09,0.38,,,,,,,,,,,,,,,,,,
2026-05-19T17:20:44.539,AXISCADES,,,,,,,2026-05-19,31.1,28.93,15.27,39.25,0.08,0.57,0.45,,,,,,,,,,,,,,,,,,
2026-05-19T17:20:44.539,BLISSGVS,,,,,,,2026-05-19,30.8,26.45,14.15,6.87,0.1,0.32,0.76,,,,,,,,,,,,,,,,,,
2026-05-19T17:20:44.539,OMAXAUTO,,,,,,,2026-05-19,30.72,8.46,5.91,-4.4,0.71,0.68,1.07,,,,,,,,,,,,,,,,,,
2026-05-19T17:20:44.539,AGIIL,,,,,,,2026-05-19,30.41,33.49,12.5,20.75,0.02,0.55,0.5,,,,,,,,,,,,,,,,,,
2026-05-19T17:20:44.539,KIRLOSENG,,,,,,,2026-05-19,30.08,29.17,14.87,0.54,0.03,0.25,0.57,,,,,,,,,,,,,,,,,,
2026-05-19T17:20:44.539,IMFA,,,,,,,2026-05-19,29.7,37.71,26.23,24.72,-0.09,-0.02,0.04,,,,,,,,,,,,,,,,,,
2026-05-19T17:20:44.539,BBOX,,,,,,,2026-05-19,28.98,11.37,5.11,1.37,0.75,0.62,0.74,,,,,,,,,,,,,,,,,,
2026-05-19T17:20:44.539,WHEELS,,,,,,,2026-05-19,28.92,15.96,6.08,6.48,0.47,0.79,0.76,,,,,,,,,,,,,,,,,,
2026-05-19T17:20:44.539,VEDL,,,,,,,2026-05-19,28.26,25.64,15.09,3.14,0.19,0.33,0.79,,,,,,,,,,,,,,,,,,
2026-05-19T17:20:44.539,LAURUSLABS,,,,,,,2026-05-19,28.13,21.2,16.13,23.5,0.18,0.33,0.36,,,,,,,,,,,,,,,,,,
2026-05-19T17:20:44.539,NETWEB,,,,,,,2026-05-19,26.61,36.56,20.95,11.98,-0.02,0.19,0.06,,,,,,,,,,,,,,,,,,
2026-05-19T17:20:44.539,NGLFINE,,,,,,,2026-05-19,24.86,24.86,11.86,-5.48,0.01,0.01,0.56,,,,,,,,,,,,,,,,,,
2026-05-19T17:20:44.539,SANSERA,,,,,,,2026-05-19,24.83,28.39,20.47,1.62,0.01,0.09,0.54,,,,,,,,,,,,,,,,,,
2026-05-19T17:20:44.539,ADANIPOWER,,,,,,,2026-05-19,24.76,21.59,11.65,7.62,0.1,0.45,0.44,,,,,,,,,,,,,,,,,,
2026-05-19T17:20:44.539,SOUTHWEST,,,,,,,2026-05-19,24.56,31.4,12.44,15.11,-0.02,0.25,0.3,,,,,,,,,,,,,,,,,,
2026-05-19T17:20:44.539,RISHABH,,,,,,,2026-05-19,24.34,24.14,15.08,2.93,0.14,0.18,0.41,,,,,,,,,,,,,,,,,,
2026-05-19T17:20:44.539,APEX,,,,,,,2026-05-19,24.06,30.15,14.83,1.33,-0.08,0.16,0.61,,,,,,,,,,,,,,,,,,
2026-05-19T17:20:44.539,GMDCLTD,,,,,,,2026-05-19,23.88,39.0,21.51,17.04,-0.13,0.08,0.08,,,,,,,,,,,,,,,,,,
2026-05-19T17:20:44.539,SILVERTUC,,,,,,,2026-05-19,23.79,21.25,25.13,4.33,0.16,0.1,0.78,,,,,,,,,,,,,,,,,,
2026-05-19T17:20:44.539,IDEA,,,,,,,2026-05-19,23.56,8.05,8.74,6.48,0.41,0.14,0.3,,,,,,,,,,,,,,,,,,
2026-05-19T17:20:44.539,LUMAXIND,,,,,,,2026-05-19,22.97,28.52,47.35,25.56,-0.06,-0.22,0.05,,,,,,,,,,,,,,,,,,
2026-05-19T17:20:44.539,SEAMECLTD,,,,,,,2026-05-19,22.44,14.64,9.67,-7.59,0.0,0.17,0.82,,,,,,,,,,,,,,,,,,
2026-05-19T17:20:44.539,ANANDRATHI,,,,,,,2026-05-19,22.22,24.33,15.8,14.04,-0.03,0.18,0.15,,,,,,,,,,,,,,,,,,
2026-05-19T17:20:44.539,GOKULAGRO,,,,,,,2026-05-19,22.21,16.39,4.15,7.68,0.15,0.39,0.29,,,,,,,,,,,,,,,,,,
2026-05-19T17:20:44.539,GESHIP,,,,,,,2026-05-19,22.17,14.99,11.19,-0.83,0.21,0.27,0.48,,,,,,,,,,,,,,,,,,
2026-05-19T17:20:44.539,SCHNEIDER,,,,,,,2026-05-19,22.06,16.47,5.72,2.48,0.2,0.57,0.52,,,,,,,,,,,,,,,,,,
2026-05-19T17:20:44.539,DIACABS,,,,,,,2026-05-19,21.82,12.36,10.61,1.17,0.27,0.42,0.29,,,,,,,,,,,,,,,,,,
2026-05-19T17:20:44.539,SCI,,,,,,,2026-05-19,21.78,18.08,10.15,7.19,0.1,0.26,0.25,,,,,,,,,,,,,,,,,,
2026-05-19T17:20:44.539,SENORES,,,,,,,2026-05-19,21.6,16.47,12.95,NaN,0.18,0.29,0.36,,,,,,,,,,,,,,,,,,
2026-05-19T17:20:44.539,RPTECH,,,,,,,2026-05-19,20.65,14.07,4.77,-3.44,0.19,0.43,0.64,,,,,,,,,,,,,,,,,,
2026-05-19T17:20:44.539,ATALREAL,,,,,,,2026-05-19,20.46,13.28,23.93,24.8,0.13,0.06,0.14,,,,,,,,,,,,,,,,,,
2026-05-19T17:20:44.539,THANGAMAYL,,,,,,,2026-05-19,20.26,28.31,23.37,13.9,-0.13,-0.01,0.09,,,,,,,,,,,,,,,,,,
2026-05-19T17:20:44.539,HARDWYN,,,,,,,2026-05-19,20.19,21.95,3.12,-7.73,0.13,0.49,0.58,,,,,,,,,,,,,,,,,,
2026-05-19T17:20:44.539,APARINDS,,,,,,,2026-05-19,19.93,28.05,8.85,0.38,0.07,0.29,0.37,,,,,,,,,,,,,,,,,,
2026-05-19T17:20:44.539,UNIVCABLES,,,,,,,2026-05-19,19.73,18.9,3.87,2.85,0.18,0.39,0.37,,,,,,,,,,,,,,,,,,
2026-05-19T17:20:44.539,SJS,,,,,,,2026-05-19,19.63,21.15,20.46,12.46,0.16,0.07,0.13,,,,,,,,,,,,,,,,,,
2026-05-19T17:20:44.539,HIRECT,,,,,,,2026-05-19,19.31,20.32,6.54,8.38,0.11,0.41,0.24,,,,,,,,,,,,,,,,,,
2026-05-19T17:20:44.539,KRISHANA,,,,,,,2026-05-19,19.25,35.17,33.74,34.21,0.09,0.31,0.29,,,,,,,,,,,,,,,,,,
2026-05-19T17:20:44.539,GLOBAL,,,,,,,2026-05-19,18.38,27.53,15.37,1.54,0.02,0.07,0.41,,,,,,,,,,,,,,,,,,
2026-05-08T05:37:34.479,GVT&D,,,,industrials,electric equipment,,2026-05-08,,,,,,,,4768.2,4.49,4488.4,4391.0,4566.46,5070.81,1.25,104.93,114.32,75.18,45.61,4.42,50.44,0.4,0.63,4425.36,4222.02,45.2
2026-05-08T05:37:34.479,HINDCOPPER,,,,metals & mining,mining / minerals / metals,,2026-05-08,,,,,,,,568.6,3.29,544.88,528.25,549.69,596.96,1.43,87.75,83.13,59.29,13.31,3.44,68.26,0.58,1.27,528.47,513.77,38.61
2026-05-08T05:37:34.479,ACUTAAS,,,,healthcare,pharmaceuticals - indian - bulk drugs,,2026-05-08,,,,,,,,2725.7,1.49,2587.2,2486.0,2512.58,3045.39,0.73,42.35,62.65,68.99,24.32,8.48,96.56,0.37,0.89,2500.34,2344.63,34.2
2026-05-08T05:37:34.479,MCX,,,,financials,miscellaneous,,2026-05-08,,,,,,,,3042.6,2.33,2903.25,2867.0,2938.26,3199.12,0.72,9.67,16.56,71.04,25.62,3.55,86.8,0.5,0.77,2860.68,2739.64,34.07
2026-05-08T05:37:34.479,POWERINDIA,,,,industrials,electric equipment,,2026-05-08,,,,,,,,34875.0,4.48,32830.0,32530.0,33811.34,36470.49,1.03,148.66,182.94,80.25,44.68,3.15,91.38,0.57,0.71,32548.07,30877.87,32.11
2026-05-08T05:37:34.479,KIRLOSENG,,,,industrials,engines,,2026-05-08,,,,,,,,1727.9,1.09,1676.09,1666.2,1721.94,1736.84,0.8,56.39,45.91,67.73,29.72,0.35,91.71,0.57,0.74,1605.48,1550.76,30.52
2026-05-08T05:37:34.479,SCHNEIDER,,,,industrials,electric equipment,,2026-05-08,,,,,,,,1343.4,4.75,1195.6,1155.5,1246.78,1488.32,1.59,82.72,131.06,74.3,48.21,7.75,57.03,0.39,0.53,1180.63,1059.96,29.35
2026-05-08T05:37:34.479,SYRMA,,,,consumer discretionary,electronics - components,,2026-05-08,,,,,,,,1093.4,3.21,1037.82,945.85,1025.79,1194.82,0.91,51.29,71.79,77.04,34.89,6.59,31.99,0.28,0.46,1005.62,950.73,29.25
2026-05-08T05:37:34.479,ADANIPOWER,,,,power & utilities,power generation and supply,,2026-05-08,,,,,,,,230.19,0.47,224.91,214.24,230.8,229.27,0.84,27.67,17.03,84.09,46.18,-0.27,56.32,0.34,0.84,214.03,205.18,27.6
2026-05-08T05:37:34.479,APARINDS,,,,industrials,electric equipment,,2026-05-08,,,,,,,,12801.0,3.37,12174.54,12115.0,12392.99,13413.01,1.09,61.53,52.82,67.37,45.48,3.29,52.19,0.41,0.47,11755.91,11033.09,27.48
2026-05-08T05:37:34.479,CCL,,,,fmcg,tea,,2026-05-08,,,,,,,,1207.8,2.5,1156.69,1116.2,1121.06,1337.91,0.98,40.1,42.83,70.2,26.64,7.74,40.8,0.25,0.27,1131.04,1083.17,22.88
2026-05-08T05:37:34.479,GABRIEL,,,,auto,auto ancillaries,,2026-05-08,,,,,,,,1126.6,3.83,1058.4,1002.0,1045.94,1247.59,2.0,73.92,64.71,74.05,28.69,7.71,-12.64,-0.18,-0.07,1029.59,961.23,21.99
2026-05-08T05:37:34.479,LAURUSLABS,,,,healthcare,pharmaceuticals - indian - bulk drugs & formln,,2026-05-08,,,,,,,,1206.5,2.45,1160.03,1080.0,1136.16,1312.01,1.31,58.34,73.25,69.53,22.3,6.19,39.68,0.13,0.32,1131.78,1092.95,21.55
2026-05-08T05:37:34.479,GALLANTT,,,,metals & mining,steel - medium / small,,2026-05-08,,,,,,,,866.5,2.73,830.75,825.0,908.05,804.17,0.25,42.56,43.17,64.66,50.49,-4.58,29.4,0.43,0.35,776.77,724.92,21.52
2026-05-08T05:37:34.479,HFCL,,,,telecom,cables - telephone,,2026-05-08,,,,,,,,146.24,3.38,137.41,106.8,120.66,184.61,3.07,30.21,68.66,91.77,58.12,21.2,93.58,0.75,0.9,129.16,117.77,21.43
2026-05-08T05:37:34.479,CEMPRO,,,,realty,construction,,2026-05-08,,,,,,,,970.3,2.78,921.74,722.0,799.89,1225.91,0.87,17.2,27.87,81.14,44.98,21.3,18.43,0.04,0.18,849.19,770.85,21.17
2026-05-08T05:37:34.479,BSE,,,,financials,miscellaneous,,2026-05-08,,,,,,,,3963.6,2.89,3787.6,3568.0,3744.79,4291.82,1.11,67.82,51.3,81.6,35.97,5.84,89.38,0.46,0.54,3747.57,3606.95,20.44
2026-05-08T05:37:34.479,CUMMINSIND,,,,industrials,engines,,2026-05-08,,,,,,,,5403.0,1.47,5211.15,5120.0,5313.47,5537.3,0.64,77.05,66.81,69.08,23.78,1.69,37.4,0.15,0.39,5167.63,5012.11,19.73
2026-05-08T05:37:34.479,BHEL,,,,industrials,electric equipment,,2026-05-08,,,,,,,,406.45,5.31,375.78,342.04,371.43,458.98,2.17,27.39,88.36,84.96,48.39,9.43,66.12,0.4,0.79,367.22,339.7,19.23
2026-05-08T05:37:34.479,CRAFTSMAN,,,,auto,auto ancillaries,,2026-05-08,,,,,,,,8637.0,11.09,7550.41,7611.0,7751.51,9965.24,24.31,41.64,49.15,77.06,28.02,11.42,27.52,0.17,0.21,7923.56,7531.48,19.16
2026-05-08T05:37:34.479,LTF,,,,financials,finance & investments,,2026-05-08,,,,,,,,303.65,1.12,291.89,277.38,291.74,321.51,0.51,23.58,25.47,66.28,18.69,4.08,16.01,-0.0,0.35,285.96,274.25,19.02
2026-05-08T05:37:34.479,RRKABEL,,,,industrials,cables - power,,2026-05-08,,,,,,,,1927.0,7.22,1770.17,1525.0,1636.27,2363.09,2.73,32.44,44.27,80.97,26.23,17.77,53.79,0.25,0.53,1724.23,1605.16,18.86
2026-05-08T05:37:34.479,SCI,,,,transportation,shipping,,2026-05-08,,,,,,,,319.6,2.22,304.83,297.1,315.58,325.63,0.8,9.19,13.14,69.95,34.7,1.27,39.81,0.18,0.45,290.49,271.46,18.17
2026-05-08T05:37:34.479,ABDL,,,,fmcg,breweries & distilleries,,2026-05-08,,,,,,,,572.0,4.99,541.16,525.0,569.19,576.22,0.69,60.08,60.59,66.66,35.48,0.49,3.44,-0.22,0.05,531.1,500.43,17.89
2026-05-08T05:37:34.479,CHENNPETRO,,,,energy,refineries,,2026-05-08,,,,,,,,1076.2,0.35,1042.92,1058.1,1061.1,1098.85,0.3,2.82,5.17,55.38,17.62,1.42,37.93,0.01,0.59,974.07,916.17,17.52
2026-05-08T05:37:34.479,DATAPATTNS,,,,aerospace & defence,electronics - components,,2026-05-08,,,,,,,,4250.1,1.88,4096.5,3892.3,4119.21,4446.44,0.54,101.97,96.29,72.67,35.93,3.18,49.91,0.45,0.62,3846.01,3572.85,17.45
2026-05-08T05:37:34.479,KARURVYSYA,,,,bank,banks - private sector,,2026-05-08,,,,,,,,313.55,2.74,298.51,290.65,294.28,342.45,1.85,10.45,11.59,64.4,16.56,6.55,50.2,0.15,0.38,292.12,284.49,16.53
2026-05-08T05:37:34.479,NAM-INDIA,,,,financials,finance & investments,,2026-05-08,,,,,,,,1107.4,1.21,1064.28,984.8,1049.95,1193.57,0.95,45.84,46.06,67.96,30.74,5.47,24.91,0.16,0.24,1022.11,961.64,16.47
2026-05-08T05:37:34.479,MAHABANK,,,,bank,banks - public sector,,2026-05-08,,,,,,,,85.31,2.01,82.04,77.63,81.14,91.57,0.88,8.02,9.34,72.22,27.64,5.14,51.34,0.35,0.49,79.76,76.18,16.19
2026-05-08T05:37:34.479,HINDALCO,,,,metals & mining,aluminium and aluminium products,,2026-05-08,,,,,,,,1055.7,0.95,1015.87,1030.4,1067.18,1038.49,0.67,28.59,14.58,62.44,27.76,-1.08,35.37,0.17,0.44,1003.55,969.63,16.13
2026-05-08T05:37:34.479,WELCORP,,,,industrials,steel - large,,2026-05-08,,,,,,,,1299.2,1.13,1255.48,1231.1,1292.18,1309.74,0.67,18.92,17.6,85.2,56.42,0.54,50.45,0.29,0.43,1212.07,1149.53,16.04
2026-05-08T05:37:34.479,RBLBANK,,,,bank,banks - private sector,,2026-05-08,,,,,,,,345.75,2.95,324.67,326.15,325.85,375.6,0.97,21.83,24.11,64.5,25.98,6.11,25.37,-0.02,0.28,318.43,302.09,16.03
2026-05-08T05:37:34.479,GPIL,,,,metals & mining,steel - medium / small,,2026-05-08,,,,,,,,304.35,-0.08,295.23,292.0,301.36,308.84,0.48,32.66,25.17,60.31,27.26,0.99,23.04,0.01,0.36,286.12,274.34,15.8
2026-05-08T05:37:34.479,SAIL,,,,metals & mining,steel - large,,2026-05-08,,,,,,,,187.28,0.67,182.18,179.7,186.42,188.57,0.66,51.45,27.75,73.34,36.68,0.46,39.27,0.25,0.47,177.44,173.03,15.26
2026-05-08T05:37:34.479,GRANULES,,,,healthcare,pharmaceuticals - indian - bulk drugs & formln,,2026-05-08,,,,,,,,743.5,1.02,717.51,690.0,705.38,800.69,1.09,22.59,30.42,81.99,39.94,5.4,33.55,0.21,0.57,691.28,661.32,15.03
2026-05-08T05:37:34.479,MUTHOOTFIN,,,,financials,finance & investments,,2026-05-08,,,,,,,,3584.3,1.43,3462.93,3385.1,3490.59,3724.86,0.74,12.83,16.51,57.52,11.48,2.68,13.16,0.04,0.26,3393.36,3280.25,14.62
2026-05-08T05:37:34.479,ABSLAMC,,,,financials,finance & investments,,2026-05-08,,,,,,,,1088.6,2.05,1041.74,996.7,1052.86,1142.21,1.08,42.0,32.24,64.09,29.23,3.39,33.79,0.29,0.17,995.17,960.0,14.35
2026-05-08T05:37:34.479,USHAMART,,,,metals & mining,steel - medium / small,,2026-05-08,,,,,,,,477.4,1.74,455.7,446.25,457.67,506.99,1.0,24.61,31.2,66.22,19.17,4.31,3.24,-0.07,0.24,440.58,415.57,14.14
2026-05-08T05:37:34.479,POLYCAB,,,,industrials,cables - power,,2026-05-08,,,,,,,,9003.0,6.98,8281.0,7970.5,8320.35,10026.98,3.23,43.13,50.47,74.45,26.01,8.2,21.78,0.1,0.22,8407.45,8007.78,14.01
2026-05-08T05:37:34.479,GRAPHITE,,,,industrials,electrodes - graphites,,2026-05-08,,,,,,,,728.55,1.58,699.72,692.15,730.28,725.96,0.51,52.04,43.24,61.14,18.97,-0.24,31.34,0.1,0.27,677.71,644.93,13.71
2026-05-08T05:37:34.479,GRSE,,,,aerospace & defence,miscellaneous,,2026-05-08,,,,,,,,3093.8,2.41,2964.5,2760.0,2953.75,3303.87,1.22,29.22,47.38,67.01,34.4,4.74,13.58,0.12,0.15,2752.81,2533.27,13.48
2026-05-08T05:37:34.479,SAILIFE,,,,healthcare,pharmaceuticals - indian - bulk drugs & formln,,2026-05-08,,,,,,,,1089.7,0.97,1054.58,1047.5,1046.14,1155.05,0.43,57.11,68.45,67.3,22.7,4.16,23.57,0.09,0.16,1027.7,985.5,12.76
2026-05-08T05:37:34.479,TATASTEEL,,,,metals & mining,steel - large,,2026-05-08,,,,,,,,217.09,0.75,211.44,209.45,214.26,221.34,0.67,25.13,29.5,64.45,18.65,1.32,25.4,0.12,0.32,208.4,203.98,12.56
2026-05-08T05:37:34.479,ANURAS,,,,chemicals,chemicals,,2026-05-08,,,,,,,,1367.0,0.49,1302.42,1281.7,1328.99,1424.02,4.95,79.29,88.77,65.11,19.83,2.86,25.63,0.17,0.16,1270.88,1246.79,12.55
2026-05-08T05:37:34.479,NAVA,,,,miscellaneous,diversified - large,,2026-05-08,,,,,,,,715.8,2.42,689.04,651.5,692.2,751.21,1.02,22.83,22.8,71.03,34.19,3.41,9.81,0.08,0.17,666.1,642.97,12.44
2026-05-08T05:37:34.479,FEDERALBNK,,,,bank,banks - private sector,,2026-05-08,,,,,,,,297.05,1.38,284.2,280.0,291.97,304.67,0.7,13.65,16.81,61.2,16.2,1.74,54.58,0.15,0.44,281.43,270.41,12.22
2026-05-08T05:37:34.479,AUBANK,,,,bank,banks - private sector,,2026-05-08,,,,,,,,1032.4,0.82,998.91,998.0,1040.85,1019.73,0.51,23.19,29.17,60.9,21.21,-0.81,39.22,0.08,0.32,981.11,951.25,12.17
2026-05-08T05:37:34.479,DELHIVERY,,,,transportation,miscellaneous,,2026-05-08,,,,,,,,481.75,2.28,462.95,447.95,462.95,509.95,2.01,227.24,236.15,65.21,16.75,4.06,10.29,-0.09,-0.01,453.06,434.29,12.14
2026-05-08T05:37:34.479,ADANIGREEN,,,,power & utilities,power generation and supply,,2026-05-08,,,,,,,,1365.0,0.89,1323.98,1203.55,1314.76,1440.37,0.58,146.46,141.45,84.66,44.62,3.82,27.56,0.16,0.36,1268.0,1208.25,12.07
2026-05-08T05:37:34.479,J&KBANK,,,,bank,banks - private sector,,2026-05-08,,,,,,,,139.63,2.0,134.83,128.3,132.12,150.89,1.66,4.81,6.52,65.7,18.04,5.68,33.2,0.22,0.28,126.98,122.86,11.22
2026-05-08T05:37:34.479,NLCINDIA,,,,power & utilities,power generation and supply,,2026-05-08,,,,,,,,328.7,1.99,313.65,312.4,316.83,346.51,1.96,15.74,16.53,74.31,38.72,3.75,16.24,0.16,0.34,304.46,289.29,10.68
2026-05-08T05:37:34.479,IFCI,,,,financials,finance - term-lending institutions,,2026-05-08,,,,,,,,63.88,4.57,60.07,57.61,60.16,69.46,2.1,319.4,95.34,65.41,20.3,6.18,10.32,0.05,0.13,58.64,55.28,10.68
2026-05-08T05:37:34.479,MOTHERSON,,,,auto,auto ancillaries,,2026-05-08,,,,,,,,130.43,2.37,124.26,118.41,125.19,138.28,1.79,33.62,32.85,60.92,22.83,4.18,22.5,0.15,0.27,121.12,115.11,10.67
2026-05-08T05:37:34.479,HONASA,,,,services,trading,,2026-05-08,,,,,,,,354.6,2.74,336.14,331.0,349.48,362.27,0.89,57.56,74.03,70.25,38.42,1.46,21.57,0.16,0.2,331.68,316.89,10.44
2026-05-08T05:37:34.479,NEULANDLAB,,,,healthcare,pharmaceuticals - indian - bulk drugs,,2026-05-08,,,,,,,,17285.0,1.49,16691.36,14464.0,15639.78,19752.83,1.43,136.66,123.81,76.14,34.87,10.52,13.64,-0.1,0.28,15914.68,15101.94,9.97
2026-05-08T05:37:34.479,AMBER,,,,consumer discretionary,air-conditioners,,2026-05-08,,,,,,,,8842.5,2.09,8518.65,7838.0,8301.84,9653.5,1.25,-285.24,184.72,75.1,31.78,6.51,7.64,0.05,0.16,8227.17,7897.18,9.49
2026-05-08T05:37:34.479,ANGELONE,,,,financials,finance & investments,,2026-05-08,,,,,,,,322.6,1.81,309.24,303.7,328.11,314.34,0.59,22.91,4.66,67.76,28.59,-1.68,46.79,0.18,0.16,302.67,289.82,9.16
2026-05-08T05:37:34.479,NMDC,,,,metals & mining,mining / minerals / metals,,2026-05-08,,,,,,,,90.14,1.08,87.36,87.96,90.72,89.26,0.77,11.27,11.48,62.66,20.05,-0.64,18.16,0.12,0.23,85.62,82.97,9.04
2026-05-08T05:37:34.479,RADICO,,,,fmcg,breweries & distilleries,,2026-05-08,,,,,,,,3407.0,1.48,3260.75,3292.7,3433.96,3366.55,1.63,63.52,75.44,67.19,42.98,-0.79,15.21,-0.02,0.17,3163.97,3037.69,8.96
2026-05-08T05:37:34.479,CGPOWER,,,,industrials,electric equipment,,2026-05-08,,,,,,,,859.1,3.64,813.45,794.1,837.11,892.09,3.94,92.58,111.43,71.25,26.59,2.63,14.98,0.06,0.23,796.88,763.47,8.9
2026-05-08T05:37:34.479,MANAPPURAM,,,,financials,finance & investments,,2026-05-08,,,,,,,,316.3,2.05,302.87,290.2,299.1,342.11,0.67,16.58,26.96,75.46,29.42,5.75,10.83,0.09,0.13,297.12,284.63,8.47
2026-05-08T05:37:34.479,CREDITACC,,,,financials,finance & investments,,2026-05-08,,,,,,,,1490.4,1.28,1416.2,1278.1,1320.69,1744.97,0.63,23.64,49.09,75.49,33.8,12.85,5.67,-0.0,0.07,1346.55,1245.07,8.26
2026-05-08T05:37:34.479,PAYTM,,,,i.t,miscellaneous,,2026-05-08,,,,,,,,1197.4,7.82,1112.59,1075.1,1126.43,1303.86,4.72,104.3,138.59,63.39,20.44,6.3,2.57,-0.13,-0.06,1104.04,1040.21,8.1
2026-05-08T05:37:34.479,SIEMENS,,,,industrials,electric equipment,,2026-05-08,,,,,,,,3871.5,0.77,3717.04,3734.5,3934.32,3777.27,0.64,124.09,77.93,70.35,36.12,-1.6,22.38,0.14,0.19,3665.31,3534.66,8.02
2026-05-08T05:37:34.479,BAJAJ-AUTO,,,,auto,automobiles - scooters and 3 - wheelers,,2026-05-08,,,,,,,,10605.0,2.77,10118.01,9355.0,9895.17,11669.74,3.77,20.22,27.56,71.93,23.82,7.17,22.19,0.12,0.17,9969.31,9627.54,7.82
2026-05-08T05:37:34.479,AIIL,,,,financials,finance & investments,,2026-05-08,,,,,,,,490.05,3.31,467.46,449.1,469.74,520.51,0.36,12.88,2.29,56.11,21.96,4.32,-23.19,-0.21,-0.19,450.04,423.98,7.79
2026-05-08T05:37:34.479,SARDAEN,,,,metals & mining,steel - medium / small,,2026-05-08,,,,,,,,593.95,0.91,576.24,575.6,598.5,587.12,0.62,27.5,19.82,59.43,19.71,-0.76,2.94,0.02,-0.03,560.72,541.54,7.78
2026-05-08T05:37:34.479,JBCHEPHARM,,,,healthcare,pharmaceuticals - indian - bulk drugs & formln,,2026-05-08,,,,,,,,2143.2,0.08,2065.84,2028.7,2028.78,2314.83,0.68,42.42,44.4,68.5,23.17,5.64,28.47,0.16,0.2,2042.7,1991.12,7.59
2026-05-08T05:37:34.479,KPIL,,,,realty,transmisson line towers / equipment,,2026-05-08,,,,,,,,1297.9,1.37,1250.87,1230.1,1281.68,1322.23,1.82,36.42,26.54,65.04,31.09,1.27,3.92,-0.09,-0.02,1214.98,1169.89,7.35
2026-05-08T05:37:34.479,INDIACEM,,,,building materials,cement - south india,,2026-05-08,,,,,,,,411.3,2.58,393.08,385.0,411.35,411.22,0.77,53.55,-188.67,55.73,24.8,-0.01,6.46,-0.05,0.07,378.42,359.46,7.21
2026-05-08T05:37:34.479,TORNTPHARM,,,,healthcare,pharmaceuticals - indian - formulations,,2026-05-08,,,,,,,,4362.7,0.1,4259.57,4146.1,4171.0,4650.25,0.5,58.11,64.91,62.7,16.82,4.6,24.16,0.12,0.16,4176.63,4080.07,7.09
2026-05-08T05:37:34.479,MOTILALOFS,,,,financials,finance & investments,,2026-05-08,,,,,,,,891.3,1.09,860.24,770.05,828.19,985.97,1.04,-60.39,28.6,72.1,26.85,7.62,-2.09,-0.17,-0.1,827.67,791.14,7.08
2026-05-08T05:37:34.479,MFSL,,,,miscellaneous,miscellaneous,,2026-05-08,,,,,,,,1707.4,3.3,1609.45,1572.1,1607.19,1857.72,0.82,398.93,413.41,61.54,17.25,6.24,6.48,-0.01,0.01,1615.04,1555.17,6.8
2026-05-08T05:37:34.479,FINCABLES,,,,industrials,cables - power,,2026-05-08,,,,,,,,1087.9,4.06,1027.04,967.55,1024.5,1183.0,1.56,25.35,24.44,77.46,33.98,6.19,31.53,0.27,0.26,990.26,930.98,6.37
2026-05-08T05:37:34.479,AIAENG,,,,industrials,castings & forgings,,2026-05-08,,,,,,,,4005.5,2.39,3841.7,3844.2,3997.5,4017.5,0.27,31.75,32.17,59.53,17.88,0.2,24.25,0.11,0.24,3789.95,3651.79,6.29
2026-05-08T05:37:34.479,GLAND,,,,healthcare,pharmaceuticals - indian - formulations,,2026-05-08,,,,,,,,1870.6,3.26,1775.66,1728.4,1764.84,2029.24,2.38,29.47,36.38,62.92,18.7,5.99,-4.1,-0.1,-0.07,1750.53,1671.88,6.27
2026-05-08T05:37:34.479,THERMAX,,,,industrials,electric equipment,,2026-05-08,,,,,,,,4182.3,2.59,4006.63,3922.5,4211.65,4138.27,1.67,57.7,69.08,66.13,44.9,-0.7,31.17,0.18,0.22,3877.05,3755.81,6.21
2026-05-08T05:37:34.479,YESBANK,,,,bank,banks - private sector,,2026-05-08,,,,,,,,22.51,1.72,21.57,19.76,20.47,25.58,2.09,16.55,20.28,75.86,29.2,9.99,4.58,-0.1,0.12,21.01,20.07,6.08
2026-05-08T05:37:34.479,HDFCAMC,,,,financials,finance & investments,,2026-05-08,,,,,,,,2834.6,0.66,2724.4,2703.7,2813.93,2865.61,0.67,48.74,28.05,63.22,23.49,0.74,1.43,-0.03,-0.04,2683.45,2590.38,6.04
2026-05-08T05:37:34.479,JSWSTEEL,,,,metals & mining,steel - large,,2026-05-08,,,,,,,,1283.4,0.79,1243.23,1245.8,1278.9,1290.15,0.91,36.63,42.05,61.84,18.96,0.35,10.5,0.0,0.16,1228.38,1197.31,5.96
2026-05-07T23:39:01.442,GVT&D,,,,industrials,electric equipment,,2026-05-07,,,,,,,,4768.2,4.49,4488.4,4391.0,4566.46,5070.81,1.25,104.93,109.4,75.18,45.61,4.42,50.44,0.4,0.63,4425.36,4222.02,45.2
2026-05-07T23:39:01.442,HINDCOPPER,,,,metals & mining,mining / minerals / metals,,2026-05-07,,,,,,,,568.6,3.29,544.88,528.25,549.69,596.96,1.43,87.75,80.48,59.29,13.31,3.44,68.26,0.58,1.27,528.47,513.77,38.61
2026-05-07T23:39:01.442,ACUTAAS,,,,healthcare,pharmaceuticals - indian - bulk drugs,,2026-05-07,,,,,,,,2725.7,1.49,2587.2,2486.0,2512.58,3045.39,0.73,42.35,61.73,68.99,24.32,8.48,96.56,0.37,0.89,2500.34,2344.63,34.2
2026-05-07T23:39:01.442,MCX,,,,financials,miscellaneous,,2026-05-07,,,,,,,,3042.6,2.33,2903.25,2867.0,2938.26,3199.12,0.72,9.67,16.18,71.04,25.62,3.55,86.8,0.5,0.77,2860.68,2739.64,34.07
2026-05-07T23:39:01.442,POWERINDIA,,,,industrials,electric equipment,,2026-05-07,,,,,,,,34875.0,4.48,32830.0,32530.0,33811.34,36470.49,1.03,148.66,175.09,80.25,44.68,3.15,91.38,0.57,0.71,32548.07,30877.87,32.11
2026-05-07T23:39:01.442,KIRLOSENG,,,,industrials,engines,,2026-05-07,,,,,,,,1727.9,1.09,1676.09,1666.2,1721.94,1736.84,0.8,56.39,45.41,67.73,29.72,0.35,91.71,0.57,0.74,1605.48,1550.76,30.52
2026-05-07T23:39:01.442,SCHNEIDER,,,,industrials,electric equipment,,2026-05-07,,,,,,,,1343.4,4.75,1195.6,1155.5,1246.78,1488.32,1.59,82.72,125.12,74.3,48.21,7.75,57.03,0.39,0.53,1180.63,1059.96,29.35
2026-05-07T23:39:01.442,SYRMA,,,,consumer discretionary,electronics - components,,2026-05-07,,,,,,,,1093.4,3.21,1037.82,945.85,1025.79,1194.82,0.91,51.29,69.56,77.04,34.89,6.59,31.99,0.28,0.46,1005.62,950.73,29.25
2026-05-07T23:39:01.442,ADANIPOWER,,,,power & utilities,power generation and supply,,2026-05-07,,,,,,,,230.19,0.47,224.91,214.24,230.8,229.27,0.84,27.67,16.95,84.09,46.18,-0.27,56.32,0.34,0.84,214.03,205.18,27.6
2026-05-07T23:39:01.442,APARINDS,,,,industrials,electric equipment,,2026-05-07,,,,,,,,12801.0,3.37,12174.54,12115.0,12392.99,13413.01,1.09,61.53,51.1,67.37,45.48,3.29,52.19,0.41,0.47,11755.91,11033.09,27.48
2026-05-07T23:39:01.442,CCL,,,,fmcg,tea,,2026-05-07,,,,,,,,1207.8,2.5,1156.69,1116.2,1121.06,1337.91,0.98,40.1,41.78,70.2,26.64,7.74,40.8,0.25,0.27,1131.04,1083.17,22.88
2026-05-07T23:39:01.442,GABRIEL,,,,auto,auto ancillaries,,2026-05-07,,,,,,,,1126.6,3.83,1058.4,1002.0,1045.94,1247.59,2.0,73.92,62.32,74.05,28.69,7.71,-12.64,-0.18,-0.07,1029.59,961.23,21.99
2026-05-07T23:39:01.442,LAURUSLABS,,,,healthcare,pharmaceuticals - indian - bulk drugs & formln,,2026-05-07,,,,,,,,1206.5,2.45,1160.03,1080.0,1136.16,1312.01,1.31,58.34,71.5,69.53,22.3,6.19,39.68,0.13,0.32,1131.78,1092.95,21.55
2026-05-07T23:39:01.442,GALLANTT,,,,metals & mining,steel - medium / small,,2026-05-07,,,,,,,,866.5,2.73,830.75,825.0,908.05,804.17,0.25,42.56,42.03,64.66,50.49,-4.58,29.4,0.43,0.35,776.77,724.92,21.52
2026-05-07T23:39:01.442,HFCL,,,,telecom,cables - telephone,,2026-05-07,,,,,,,,146.24,3.38,137.41,106.8,120.66,184.61,3.07,30.21,66.41,91.77,58.12,21.2,93.58,0.75,0.9,129.16,117.77,21.43
2026-05-07T23:39:01.442,CEMPRO,,,,realty,construction,,2026-05-07,,,,,,,,970.3,2.78,921.74,722.0,799.89,1225.91,0.87,17.2,27.12,81.14,44.98,21.3,18.43,0.04,0.18,849.19,770.85,21.17
2026-05-07T23:39:01.442,BSE,,,,financials,miscellaneous,,2026-05-07,,,,,,,,3963.6,2.89,3787.6,3568.0,3744.79,4291.82,1.11,67.82,49.86,81.6,35.97,5.84,89.38,0.46,0.54,3747.57,3606.95,20.44
2026-05-07T23:39:01.442,CUMMINSIND,,,,industrials,engines,,2026-05-07,,,,,,,,5403.0,1.47,5211.15,5120.0,5313.47,5537.3,0.64,77.05,65.84,69.08,23.78,1.69,37.4,0.15,0.39,5167.63,5012.11,19.73
2026-05-07T23:39:01.442,BHEL,,,,industrials,electric equipment,,2026-05-07,,,,,,,,406.45,5.31,375.78,342.04,371.43,458.98,2.17,27.39,83.9,84.96,48.39,9.43,66.12,0.4,0.79,367.22,339.7,19.23
2026-05-07T23:39:01.442,CRAFTSMAN,,,,auto,auto ancillaries,,2026-05-07,,,,,,,,8637.0,11.09,7550.41,7611.0,7751.51,9965.24,24.31,46.62,50.22,77.06,28.02,11.42,27.52,0.17,0.21,7923.56,7531.48,19.16
2026-05-07T23:39:01.442,LTF,,,,financials,finance & investments,,2026-05-07,,,,,,,,303.65,1.12,291.89,277.38,291.74,321.51,0.51,23.58,25.19,66.28,18.69,4.08,16.01,-0.0,0.35,285.96,274.25,19.02
2026-05-07T23:39:01.442,RRKABEL,,,,industrials,cables - power,,2026-05-07,,,,,,,,1927.0,7.22,1770.17,1525.0,1636.27,2363.09,2.73,32.44,41.29,80.97,26.23,17.77,53.79,0.25,0.53,1724.23,1605.16,18.86
2026-05-07T23:39:01.442,SCI,,,,transportation,shipping,,2026-05-07,,,,,,,,319.6,2.22,304.83,297.1,315.58,325.63,0.8,9.19,12.86,69.95,34.7,1.27,39.81,0.18,0.45,290.49,271.46,18.17
2026-05-07T23:39:01.442,ABDL,,,,fmcg,breweries & distilleries,,2026-05-07,,,,,,,,572.0,4.99,541.16,525.0,569.19,576.22,0.69,60.08,57.71,66.66,35.48,0.49,3.44,-0.22,0.05,531.1,500.43,17.89
2026-05-07T23:39:01.442,CHENNPETRO,,,,energy,refineries,,2026-05-07,,,,,,,,1076.2,0.35,1042.92,1058.1,1061.1,1098.85,0.3,2.82,5.15,55.38,17.62,1.42,37.93,0.01,0.59,974.07,916.17,17.52
2026-05-07T23:39:01.442,DATAPATTNS,,,,aerospace & defence,electronics - components,,2026-05-07,,,,,,,,4250.1,1.88,4096.5,3892.3,4119.21,4446.44,0.54,101.97,94.51,72.67,35.93,3.18,49.91,0.45,0.62,3846.01,3572.85,17.45
2026-05-07T23:39:01.442,KARURVYSYA,,,,bank,banks - private sector,,2026-05-07,,,,,,,,313.55,2.74,298.51,290.65,294.28,342.45,1.85,10.98,11.77,64.4,16.56,6.55,50.2,0.15,0.38,292.12,284.49,16.53
2026-05-07T23:39:01.442,NAM-INDIA,,,,financials,finance & investments,,2026-05-07,,,,,,,,1107.4,1.21,1064.28,984.8,1049.95,1193.57,0.95,45.84,45.52,67.96,30.74,5.47,24.91,0.16,0.24,1022.11,961.64,16.47
2026-05-07T23:39:01.442,MAHABANK,,,,bank,banks - public sector,,2026-05-07,,,,,,,,85.31,2.01,82.04,77.63,81.14,91.57,0.88,8.02,9.16,72.22,27.64,5.14,51.34,0.35,0.49,79.76,76.18,16.19
2026-05-07T23:39:01.442,HINDALCO,,,,metals & mining,aluminium and aluminium products,,2026-05-07,,,,,,,,1055.7,0.95,1015.87,1030.4,1067.18,1038.49,0.67,28.59,14.44,62.44,27.76,-1.08,35.37,0.17,0.44,1003.55,969.63,16.13
2026-05-07T23:39:01.442,WELCORP,,,,industrials,steel - large,,2026-05-07,,,,,,,,1299.2,1.13,1255.48,1231.1,1292.18,1309.74,0.67,18.92,17.4,85.2,56.42,0.54,50.45,0.29,0.43,1212.07,1149.53,16.04
2026-05-07T23:39:01.442,RBLBANK,,,,bank,banks - private sector,,2026-05-07,,,,,,,,345.75,2.95,324.67,326.15,325.85,375.6,0.97,21.83,23.42,64.5,25.98,6.11,25.37,-0.02,0.28,318.43,302.09,16.03
2026-05-07T23:39:01.442,GPIL,,,,metals & mining,steel - medium / small,,2026-05-07,,,,,,,,304.35,-0.08,295.23,292.0,301.36,308.84,0.48,32.66,25.19,60.31,27.26,0.99,23.04,0.01,0.36,286.12,274.34,15.8
2026-05-07T23:39:01.442,SAIL,,,,metals & mining,steel - large,,2026-05-07,,,,,,,,187.28,0.67,182.18,179.7,186.42,188.57,0.66,51.45,27.56,73.34,36.68,0.46,39.27,0.25,0.47,177.44,173.03,15.26
2026-05-07T23:39:01.442,GRANULES,,,,healthcare,pharmaceuticals - indian - bulk drugs & formln,,2026-05-07,,,,,,,,743.5,1.02,717.51,690.0,705.38,800.69,1.09,22.59,30.11,81.99,39.94,5.4,33.55,0.21,0.57,691.28,661.32,15.03
2026-05-07T23:39:01.442,MUTHOOTFIN,,,,financials,finance & investments,,2026-05-07,,,,,,,,3584.3,1.43,3462.93,3385.1,3490.59,3724.86,0.74,12.83,16.27,57.52,11.48,2.68,13.16,0.04,0.26,3393.36,3280.25,14.62
2026-05-07T23:39:01.442,ABSLAMC,,,,financials,finance & investments,,2026-05-07,,,,,,,,1088.6,2.05,1041.74,996.7,1052.86,1142.21,1.08,42.0,31.59,64.09,29.23,3.39,33.79,0.29,0.17,995.17,960.0,14.35
2026-05-07T23:39:01.442,USHAMART,,,,metals & mining,steel - medium / small,,2026-05-07,,,,,,,,477.4,1.74,455.7,446.25,457.67,506.99,1.0,24.61,30.67,66.22,19.17,4.31,3.24,-0.07,0.24,440.58,415.57,14.14
2026-05-07T23:39:01.442,POLYCAB,,,,industrials,cables - power,,2026-05-07,,,,,,,,9003.0,6.98,8281.0,7970.5,8320.35,10026.98,3.23,43.13,47.18,74.45,26.01,8.2,21.78,0.1,0.22,8407.45,8007.78,14.01
2026-05-07T23:39:01.442,GRAPHITE,,,,industrials,electrodes - graphites,,2026-05-07,,,,,,,,728.55,1.58,699.72,692.15,730.28,725.96,0.51,52.04,42.56,61.14,18.97,-0.24,31.34,0.1,0.27,677.71,644.93,13.71
2026-05-07T23:39:01.442,GRSE,,,,aerospace & defence,miscellaneous,,2026-05-07,,,,,,,,3093.8,2.41,2964.5,2760.0,2953.75,3303.87,1.22,29.22,46.26,67.01,34.4,4.74,13.58,0.12,0.15,2752.81,2533.27,13.48
2026-05-07T23:39:01.442,SAILIFE,,,,healthcare,pharmaceuticals - indian - bulk drugs & formln,,2026-05-07,,,,,,,,1089.7,0.97,1054.58,1047.5,1046.14,1155.05,0.43,57.11,67.79,67.3,22.7,4.16,23.57,0.09,0.16,1027.7,985.5,12.76
2026-05-07T23:39:01.442,TATASTEEL,,,,metals & mining,steel - large,,2026-05-07,,,,,,,,217.09,0.75,211.44,209.45,214.26,221.34,0.67,25.13,29.28,64.45,18.65,1.32,25.4,0.12,0.32,208.4,203.98,12.56
2026-05-07T23:39:01.442,ANURAS,,,,chemicals,chemicals,,2026-05-07,,,,,,,,1367.0,0.49,1302.42,1281.7,1328.99,1424.02,4.95,79.29,88.34,65.11,19.83,2.86,25.63,0.17,0.16,1270.88,1246.79,12.55
2026-05-07T23:39:01.442,NAVA,,,,miscellaneous,diversified - large,,2026-05-07,,,,,,,,715.8,2.42,689.04,651.5,692.2,751.21,1.02,22.83,22.26,71.03,34.19,3.41,9.81,0.08,0.17,666.1,642.97,12.44
2026-05-07T23:39:01.442,FEDERALBNK,,,,bank,banks - private sector,,2026-05-07,,,,,,,,297.05,1.38,284.2,280.0,291.97,304.67,0.7,13.65,16.58,61.2,16.2,1.74,54.58,0.15,0.44,281.43,270.41,12.22
2026-05-07T23:39:01.442,AUBANK,,,,bank,banks - private sector,,2026-05-07,,,,,,,,1032.4,0.82,998.91,998.0,1040.85,1019.73,0.51,23.19,28.93,60.9,21.21,-0.81,39.22,0.08,0.32,981.11,951.25,12.17
2026-05-07T23:39:01.442,DELHIVERY,,,,transportation,miscellaneous,,2026-05-07,,,,,,,,481.75,2.28,462.95,447.95,462.95,509.95,2.01,227.24,230.88,65.21,16.75,4.06,10.29,-0.09,-0.01,453.06,434.29,12.14
2026-05-07T23:39:01.442,ADANIGREEN,,,,power & utilities,power generation and supply,,2026-05-07,,,,,,,,1365.0,0.89,1323.98,1203.55,1314.76,1440.37,0.58,146.46,140.21,84.66,44.62,3.82,27.56,0.16,0.36,1268.0,1208.25,12.07
2026-05-07T23:39:01.442,J&KBANK,,,,bank,banks - private sector,,2026-05-07,,,,,,,,139.63,2.0,134.83,128.3,132.12,150.89,1.66,4.81,6.39,65.7,18.04,5.68,33.2,0.22,0.28,126.98,122.86,11.22
2026-05-07T23:39:01.442,NLCINDIA,,,,power & utilities,power generation and supply,,2026-05-07,,,,,,,,328.7,1.99,313.65,312.4,316.83,346.51,1.96,15.74,16.21,74.31,38.72,3.75,16.24,0.16,0.34,304.46,289.29,10.68
2026-05-07T23:39:01.442,IFCI,,,,financials,finance - term-lending institutions,,2026-05-07,,,,,,,,63.88,4.57,60.07,57.61,60.16,69.46,2.1,319.4,91.18,65.41,20.3,6.18,10.32,0.05,0.13,58.64,55.28,10.68
2026-05-07T23:39:01.442,MOTHERSON,,,,auto,auto ancillaries,,2026-05-07,,,,,,,,130.43,2.37,124.26,118.41,125.19,138.28,1.79,33.62,32.09,60.92,22.83,4.18,22.5,0.15,0.27,121.12,115.11,10.67
2026-05-07T23:39:01.442,HONASA,,,,services,trading,,2026-05-07,,,,,,,,354.6,2.74,336.14,331.0,349.48,362.27,0.89,57.56,72.06,70.25,38.42,1.46,21.57,0.16,0.2,331.68,316.89,10.44
2026-05-07T23:39:01.442,NEULANDLAB,,,,healthcare,pharmaceuticals - indian - bulk drugs,,2026-05-07,,,,,,,,17285.0,1.49,16691.36,14464.0,15639.78,19752.83,1.43,136.66,122.0,76.14,34.87,10.52,13.64,-0.1,0.28,15914.68,15101.94,9.97
2026-05-07T23:39:01.442,AMBER,,,,consumer discretionary,air-conditioners,,2026-05-07,,,,,,,,8842.5,2.09,8518.65,7838.0,8301.84,9653.5,1.25,-285.24,180.94,75.1,31.78,6.51,7.64,0.05,0.16,8227.17,7897.18,9.49
2026-05-07T23:39:01.442,ANGELONE,,,,financials,finance & investments,,2026-05-07,,,,,,,,322.6,1.81,309.24,303.7,328.11,314.34,0.59,22.91,4.58,67.76,28.59,-1.68,46.79,0.18,0.16,302.67,289.82,9.16
2026-05-07T23:39:01.442,NMDC,,,,metals & mining,mining / minerals / metals,,2026-05-07,,,,,,,,90.14,1.08,87.36,87.96,90.72,89.26,0.77,11.27,11.36,62.66,20.05,-0.64,18.16,0.12,0.23,85.62,82.97,9.04
2026-05-07T23:39:01.442,RADICO,,,,fmcg,breweries & distilleries,,2026-05-07,,,,,,,,3407.0,1.48,3260.75,3292.7,3433.96,3366.55,1.63,63.52,74.34,67.19,42.98,-0.79,15.21,-0.02,0.17,3163.97,3037.69,8.96
2026-05-07T23:39:01.442,CGPOWER,,,,industrials,electric equipment,,2026-05-07,,,,,,,,859.1,3.64,813.45,794.1,837.11,892.09,3.94,92.58,107.51,71.25,26.59,2.63,14.98,0.06,0.23,796.88,763.47,8.9
2026-05-07T23:39:01.442,MANAPPURAM,,,,financials,finance & investments,,2026-05-07,,,,,,,,316.3,2.05,302.87,290.2,299.1,342.11,0.67,16.58,26.42,75.46,29.42,5.75,10.83,0.09,0.13,297.12,284.63,8.47
2026-05-07T23:39:01.442,CREDITACC,,,,financials,finance & investments,,2026-05-07,,,,,,,,1490.4,1.28,1416.2,1278.1,1320.69,1744.97,0.63,23.64,48.47,75.49,33.8,12.85,5.67,-0.0,0.07,1346.55,1245.07,8.26
2026-05-07T23:39:01.442,PAYTM,,,,i.t,miscellaneous,,2026-05-07,,,,,,,,1197.4,7.82,1112.59,1075.1,1126.43,1303.86,4.72,85.04,-411.33,63.39,20.44,6.3,2.57,-0.13,-0.06,1104.04,1040.21,8.1
2026-05-07T23:39:01.442,SIEMENS,,,,industrials,electric equipment,,2026-05-07,,,,,,,,3871.5,0.77,3717.04,3734.5,3934.32,3777.27,0.64,124.09,77.33,70.35,36.12,-1.6,22.38,0.14,0.19,3665.31,3534.66,8.02
2026-05-07T23:39:01.442,BAJAJ-AUTO,,,,auto,automobiles - scooters and 3 - wheelers,,2026-05-07,,,,,,,,10605.0,2.77,10118.01,9355.0,9895.17,11669.74,3.77,26.92,32.42,71.93,23.82,7.17,22.19,0.12,0.17,9969.31,9627.54,7.82
2026-05-07T23:39:01.442,AIIL,,,,financials,finance & investments,,2026-05-07,,,,,,,,490.05,3.31,467.46,449.1,469.74,520.51,0.36,12.88,2.22,56.11,21.96,4.32,-23.19,-0.21,-0.19,450.04,423.98,7.79
2026-05-07T23:39:01.442,SARDAEN,,,,metals & mining,steel - medium / small,,2026-05-07,,,,,,,,593.95,0.91,576.24,575.6,598.5,587.12,0.62,27.5,19.64,59.43,19.71,-0.76,2.94,0.02,-0.03,560.72,541.54,7.78
2026-05-07T23:39:01.442,JBCHEPHARM,,,,healthcare,pharmaceuticals - indian - bulk drugs & formln,,2026-05-07,,,,,,,,2143.2,0.08,2065.84,2028.7,2028.78,2314.83,0.68,42.42,44.37,68.5,23.17,5.64,28.47,0.16,0.2,2042.7,1991.12,7.59
2026-05-07T23:39:01.442,KPIL,,,,realty,transmisson line towers / equipment,,2026-05-07,,,,,,,,1297.9,1.37,1250.87,1230.1,1281.68,1322.23,1.82,36.42,26.18,65.04,31.09,1.27,3.92,-0.09,-0.02,1214.98,1169.89,7.35
2026-05-07T23:39:01.442,INDIACEM,,,,building materials,cement - south india,,2026-05-07,,,,,,,,411.3,2.58,393.08,385.0,411.35,411.22,0.77,53.55,-183.92,55.73,24.8,-0.01,6.46,-0.05,0.07,378.42,359.46,7.21
2026-05-07T23:39:01.442,TORNTPHARM,,,,healthcare,pharmaceuticals - indian - formulations,,2026-05-07,,,,,,,,4362.7,0.1,4259.57,4146.1,4171.0,4650.25,0.5,58.11,64.85,62.7,16.82,4.6,24.16,0.12,0.16,4176.63,4080.07,7.09
2026-05-07T23:39:01.442,MOTILALOFS,,,,financials,finance & investments,,2026-05-07,,,,,,,,891.3,1.09,860.24,770.05,828.19,985.97,1.04,-60.39,28.3,72.1,26.85,7.62,-2.09,-0.17,-0.1,827.67,791.14,7.08
2026-05-07T23:39:01.442,MFSL,,,,miscellaneous,miscellaneous,,2026-05-07,,,,,,,,1707.4,3.3,1609.45,1572.1,1607.19,1857.72,0.82,398.93,400.19,61.54,17.25,6.24,6.48,-0.01,0.01,1615.04,1555.17,6.8
2026-05-07T23:39:01.442,FINCABLES,,,,industrials,cables - power,,2026-05-07,,,,,,,,1087.9,4.06,1027.04,967.55,1024.5,1183.0,1.56,25.35,23.48,77.46,33.98,6.19,31.53,0.27,0.26,990.26,930.98,6.37
2026-05-07T23:39:01.442,AIAENG,,,,industrials,castings & forgings,,2026-05-07,,,,,,,,4005.5,2.39,3841.7,3844.2,3997.5,4017.5,0.27,31.75,31.42,59.53,17.88,0.2,24.25,0.11,0.24,3789.95,3651.79,6.29
2026-05-07T23:39:01.442,GLAND,,,,healthcare,pharmaceuticals - indian - formulations,,2026-05-07,,,,,,,,1870.6,3.26,1775.66,1728.4,1764.84,2029.24,2.38,29.47,35.23,62.92,18.7,5.99,-4.1,-0.1,-0.07,1750.53,1671.88,6.27
2026-05-07T23:39:01.442,THERMAX,,,,industrials,electric equipment,,2026-05-07,,,,,,,,4182.3,2.59,4006.63,3922.5,4211.65,4138.27,1.67,57.7,67.34,66.13,44.9,-0.7,31.17,0.18,0.22,3877.05,3755.81,6.21
2026-05-07T23:39:01.442,YESBANK,,,,bank,banks - private sector,,2026-05-07,,,,,,,,22.51,1.72,21.57,19.76,20.47,25.58,2.09,16.55,19.94,75.86,29.2,9.99,4.58,-0.1,0.12,21.01,20.07,6.08
2026-05-07T23:39:01.442,HDFCAMC,,,,financials,finance & investments,,2026-05-07,,,,,,,,2834.6,0.66,2724.4,2703.7,2813.93,2865.61,0.67,48.74,27.87,63.22,23.49,0.74,1.43,-0.03,-0.04,2683.45,2590.38,6.04
2026-05-07T23:39:01.442,JSWSTEEL,,,,metals & mining,steel - large,,2026-05-07,,,,,,,,1283.4,0.79,1243.23,1245.8,1278.9,1290.15,0.91,36.63,41.72,61.84,18.96,0.35,10.5,0.0,0.16,1228.38,1197.31,5.96
2026-05-04T05:33:47.192,WAAREEINDO,,,,,,,2026-05-04,2683.97,2755.6,3999.22,3491.12,0.12,0.01,0.53,,,,,,,,,,,,,,,,,,
2026-05-04T05:33:47.192,CUPID,,,,,,,2026-05-04,157.1,128.51,109.85,52.0,0.41,0.51,1.55,,,,,,,,,,,,,,,,,,
2026-05-04T05:33:47.192,MTARTECH,,,,,,,2026-05-04,85.41,39.89,13.19,8.83,0.81,1.55,1.85,,,,,,,,,,,,,,,,,,
2026-05-04T05:33:47.192,STLTECH,,,,,,,2026-05-04,78.57,27.17,-3.44,0.5,0.58,2.42,1.45,,,,,,,,,,,,,,,,,,
2026-05-04T05:33:47.192,SIGMAADV,,,,,,,2026-05-04,65.14,40.76,22.79,41.53,0.85,0.71,0.63,,,,,,,,,,,,,,,,,,
2026-05-04T05:33:47.192,QPOWER,,,,,,,2026-05-04,59.5,29.04,NaN,NaN,0.6,1.32,0.43,,,,,,,,,,,,,,,,,,
2026-05-04T05:33:47.192,BHAGYANGR,,,,,,,2026-05-04,57.44,22.25,21.77,-0.71,0.88,0.61,1.69,,,,,,,,,,,,,,,,,,
2026-05-04T05:33:47.192,JAYNECOIND,,,,,,,2026-05-04,48.02,30.2,20.81,19.3,0.5,0.54,0.41,,,,,,,,,,,,,,,,,,
2026-05-04T05:33:47.192,SALSTEEL,,,,,,,2026-05-04,46.91,25.31,21.16,11.59,0.55,0.5,0.62,,,,,,,,,,,,,,,,,,
2026-05-04T05:33:47.192,PFOCUS,,,,,,,2026-05-04,45.91,52.59,19.17,4.89,-0.05,0.43,0.74,,,,,,,,,,,,,,,,,,
2026-05-04T05:33:47.192,PRECWIRE,,,,,,,2026-05-04,45.18,27.22,10.04,1.04,0.4,0.88,1.1,,,,,,,,,,,,,,,,,,
2026-05-04T05:33:47.192,ROSSTECH,,,,,,,2026-05-04,44.54,32.49,11.24,NaN,0.45,0.56,0.53,,,,,,,,,,,,,,,,,,
2026-05-04T05:33:47.192,GVT&D,,,,,,,2026-05-04,42.95,30.89,12.12,14.77,0.19,0.64,0.54,,,,,,,,,,,,,,,,,,
2026-05-04T05:33:47.192,VENUSREM,,,,,,,2026-05-04,42.3,43.97,36.18,7.78,0.12,0.29,1.19,,,,,,,,,,,,,,,,,,
2026-05-04T05:33:47.192,KESORAMIND,,,,,,,2026-05-04,41.92,6.83,8.32,-11.14,0.18,0.03,0.95,,,,,,,,,,,,,,,,,,
2026-05-04T05:33:47.192,LUMAXTECH,,,,,,,2026-05-04,41.32,41.99,33.76,26.4,0.01,0.2,0.41,,,,,,,,,,,,,,,,,,
2026-05-04T05:33:47.192,TDPOWERSYS,,,,,,,2026-05-04,40.14,28.13,12.94,14.54,0.36,0.84,0.8,,,,,,,,,,,,,,,,,,
2026-05-04T05:33:47.192,GAYAPROJ,,,,,,,2026-05-04,38.87,18.93,5.8,-2.3,0.41,1.09,2.05,,,,,,,,,,,,,,,,,,
2026-05-04T05:33:47.192,NETWEB,,,,,,,2026-05-04,38.14,25.06,12.01,11.94,0.28,0.34,0.09,,,,,,,,,,,,,,,,,,
2026-05-04T05:33:47.192,BAJAJCON,,,,,,,2026-05-04,35.51,25.99,17.03,5.79,0.29,0.42,0.67,,,,,,,,,,,,,,,,,,
2026-05-04T05:33:47.192,NATIONALUM,,,,,,,2026-05-04,33.92,23.46,22.98,1.26,0.08,0.04,0.69,,,,,,,,,,,,,,,,,,
2026-05-04T05:33:47.192,TATSILV,,,,,,,2026-05-04,32.78,29.07,64.56,13.52,0.08,-0.29,0.65,,,,,,,,,,,,,,,,,,
2026-05-04T05:33:47.192,SBISILVER,,,,,,,2026-05-04,32.77,29.32,63.97,13.13,0.07,-0.29,0.66,,,,,,,,,,,,,,,,,,
2026-05-04T05:33:47.192,SILVERIETF,,,,,,,2026-05-04,32.75,29.05,64.49,13.76,0.07,-0.29,0.64,,,,,,,,,,,,,,,,,,
2026-05-04T05:33:47.192,SILVER,,,,,,,2026-05-04,32.74,28.92,64.38,13.25,0.08,-0.29,0.66,,,,,,,,,,,,,,,,,,
2026-05-04T05:33:47.192,SILVERADD,,,,,,,2026-05-04,32.72,28.86,64.81,13.64,0.08,-0.29,0.65,,,,,,,,,,,,,,,,,,
2026-05-04T05:33:47.192,GVPIL,,,,,,,2026-05-04,32.71,13.5,-3.05,-4.1,0.5,1.2,0.95,,,,,,,,,,,,,,,,,,
2026-05-04T05:33:47.192,SILVERAG,,,,,,,2026-05-04,32.64,29.05,64.31,13.12,0.07,-0.29,0.67,,,,,,,,,,,,,,,,,,
2026-05-04T05:33:47.192,SILVER1,,,,,,,2026-05-04,32.64,29.06,64.21,13.48,0.07,-0.29,0.65,,,,,,,,,,,,,,,,,,
2026-05-04T05:33:47.192,AXISILVER,,,,,,,2026-05-04,32.63,28.98,63.91,13.24,0.08,-0.29,0.66,,,,,,,,,,,,,,,,,,
2026-05-04T05:33:47.192,SILVERBEES,,,,,,,2026-05-04,32.62,29.14,63.78,13.67,0.07,-0.28,0.64,,,,,,,,,,,,,,,,,,
2026-05-04T05:33:47.192,HDFCSILVER,,,,,,,2026-05-04,32.5,28.61,64.85,13.65,0.08,-0.29,0.64,,,,,,,,,,,,,,,,,,
2026-05-04T05:33:47.192,SBC,,,,,,,2026-05-04,32.49,34.11,19.61,6.2,0.09,0.17,0.44,,,,,,,,,,,,,,,,,,
2026-05-04T05:33:47.192,SILVERCASE,,,,,,,2026-05-04,32.48,NaN,NaN,NaN,0.08,-0.29,0.63,,,,,,,,,,,,,,,,,,
2026-05-04T05:33:47.192,ESILVER,,,,,,,2026-05-04,32.45,29.03,64.32,14.24,0.07,-0.29,0.61,,,,,,,,,,,,,,,,,,
2026-05-04T05:33:47.192,ACUTAAS,,,,,,,2026-05-04,32.45,28.9,16.61,25.5,0.02,0.5,0.54,,,,,,,,,,,,,,,,,,
2026-05-04T05:33:47.192,SILVERBETA,,,,,,,2026-05-04,32.43,28.36,64.32,13.31,0.08,-0.29,0.65,,,,,,,,,,,,,,,,,,
2026-05-04T05:33:47.192,KMEW,,,,,,,2026-05-04,32.35,22.09,19.6,NaN,0.16,0.07,0.56,,,,,,,,,,,,,,,,,,
2026-05-04T05:33:47.192,AGIIL,,,,,,,2026-05-04,32.05,16.63,13.37,36.74,0.34,0.55,0.49,,,,,,,,,,,,,,,,,,
2026-05-04T05:33:47.192,HINDCOPPER,,,,,,,2026-05-04,31.9,26.77,31.81,3.21,0.08,-0.05,0.56,,,,,,,,,,,,,,,,,,
2026-05-04T05:33:47.192,MCX,,,,,,,2026-05-04,31.52,26.81,24.37,9.81,0.24,0.23,0.65,,,,,,,,,,,,,,,,,,
2026-05-04T05:33:47.192,IMFA,,,,,,,2026-05-04,30.36,20.33,9.22,12.78,0.22,0.33,0.39,,,,,,,,,,,,,,,,,,
2026-05-04T05:33:47.192,AXISCADES,,,,,,,2026-05-04,29.88,12.01,10.26,39.64,0.38,0.79,0.39,,,,,,,,,,,,,,,,,,
2026-05-04T05:33:47.192,KIRLOSENG,,,,,,,2026-05-04,29.35,19.86,5.63,-4.75,0.26,0.55,0.89,,,,,,,,,,,,,,,,,,
2026-05-04T05:33:47.192,BHARATSE,,,,,,,2026-05-04,29.28,NaN,NaN,NaN,0.25,0.38,-0.12,,,,,,,,,,,,,,,,,,
2026-05-04T05:33:47.192,INFOBEAN,,,,,,,2026-05-04,28.76,15.28,21.84,8.09,0.36,-0.03,0.36,,,,,,,,,,,,,,,,,,
2026-05-04T05:33:47.192,SANSERA,,,,,,,2026-05-04,28.38,18.2,6.75,-0.57,0.16,0.53,0.72,,,,,,,,,,,,,,,,,,
2026-05-04T05:33:47.192,HARDWYN,,,,,,,2026-05-04,28.27,14.94,-1.21,-10.73,0.37,0.72,0.93,,,,,,,,,,,,,,,,,,
2026-05-04T05:33:47.192,GMDCLTD,,,,,,,2026-05-04,28.16,24.03,15.17,16.6,0.3,0.39,0.26,,,,,,,,,,,,,,,,,,
2026-05-04T05:33:47.192,BLISSGVS,,,,,,,2026-05-04,27.71,18.37,0.64,1.73,0.27,0.66,0.81,,,,,,,,,,,,,,,,,,
2026-05-04T05:33:47.192,SILVERTUC,,,,,,,2026-05-04,27.56,16.02,27.16,0.13,0.51,0.14,1.29,,,,,,,,,,,,,,,,,,
2026-05-04T05:33:47.192,APARINDS,,,,,,,2026-05-04,26.76,18.75,-4.72,-2.86,0.16,0.71,0.41,,,,,,,,,,,,,,,,,,
2026-05-04T05:33:47.192,APEX,,,,,,,2026-05-04,26.67,15.18,5.9,-1.77,0.24,0.59,0.94,,,,,,,,,,,,,,,,,,
2026-05-04T05:33:47.192,MIRCELECTR,,,,,,,2026-05-04,26.32,22.51,9.43,8.66,0.25,0.12,0.12,,,,,,,,,,,,,,,,,,
2026-05-04T05:33:47.192,SAKAR,,,,,,,2026-05-04,25.58,26.2,6.91,3.44,0.21,0.66,0.76,,,,,,,,,,,,,,,,,,
2026-05-04T05:33:47.192,KRISHANA,,,,,,,2026-05-04,24.43,18.85,27.17,33.63,0.25,0.28,0.16,,,,,,,,,,,,,,,,,,
2026-05-04T05:33:47.192,FORCEMOT,,,,,,,2026-05-04,23.78,33.23,41.58,33.88,-0.03,0.06,0.22,,,,,,,,,,,,,,,,,,
2026-05-04T05:33:47.192,SOUTHWEST,,,,,,,2026-05-04,23.21,19.89,8.44,3.42,0.16,0.33,0.72,,,,,,,,,,,,,,,,,,
2026-05-04T05:33:47.192,ADANIPOWER,,,,,,,2026-05-04,22.53,11.23,5.45,10.1,0.44,0.65,0.32,,,,,,,,,,,,,,,,,,
2026-05-04T05:33:47.192,ANANDRATHI,,,,,,,2026-05-04,22.44,16.9,11.98,12.02,0.19,0.24,0.16,,,,,,,,,,,,,,,,,,
2026-05-04T05:33:47.192,SCHNEIDER,,,,,,,2026-05-04,21.88,7.99,-3.48,1.01,0.42,0.97,0.48,,,,,,,,,,,,,,,,,,
2026-05-04T05:33:47.192,LUMAXIND,,,,,,,2026-05-04,21.26,22.85,23.68,24.29,0.04,0.08,0.02,,,,,,,,,,,,,,,,,,
2026-05-04T05:33:47.192,NGLFINE,,,,,,,2026-05-04,20.97,22.2,0.04,-5.77,0.04,0.41,0.49,,,,,,,,,,,,,,,,,,
2026-05-04T05:33:47.192,THANGAMAYL,,,,,,,2026-05-04,20.7,20.71,21.38,-2.57,0.15,0.16,0.94,,,,,,,,,,,,,,,,,,
2026-05-04T05:33:47.192,DATAPATTNS,,,,,,,2026-05-04,20.41,17.8,-0.46,3.83,0.29,0.78,0.46,,,,,,,,,,,,,,,,,,
2026-05-04T05:33:47.192,MBAPL,,,,,,,2026-05-04,20.08,13.14,9.68,17.59,0.14,0.31,0.29,,,,,,,,,,,,,,,,,,
2026-05-04T05:33:47.192,GALLANTT,,,,,,,2026-05-04,19.65,11.26,12.12,11.64,0.59,0.64,0.63,,,,,,,,,,,,,,,,,,
2026-05-04T05:33:47.192,GOKULAGRO,,,,,,,2026-05-04,19.33,12.19,-0.97,4.62,0.26,0.51,0.44,,,,,,,,,,,,,,,,,,
2026-05-04T05:33:47.192,TFCILTD,,,,,,,2026-05-04,19.25,27.45,22.8,34.78,0.11,0.19,0.01,,,,,,,,,,,,,,,,,,
2026-05-04T05:33:47.192,SHARDACROP,,,,,,,2026-05-04,19.2,13.12,7.11,11.16,0.17,0.29,0.21,,,,,,,,,,,,,,,,,,
2026-05-04T05:33:47.192,SJS,,,,,,,2026-05-04,18.93,18.17,14.9,9.93,0.12,0.12,0.2,,,,,,,,,,,,,,,,,,
2026-05-04T05:33:47.192,DYNAMATECH,,,,,,,2026-05-04,18.65,10.16,1.75,1.03,0.28,0.46,0.45,,,,,,,,,,,,,,,,,,
2026-05-04T05:33:47.192,SYRMA,,,,,,,2026-05-04,18.62,17.17,5.77,20.3,0.17,0.46,0.24,,,,,,,,,,,,,,,,,,
2026-05-04T05:33:47.192,MANINDS,,,,,,,2026-05-04,18.59,3.28,-0.38,6.29,0.6,0.69,0.3,,,,,,,,,,,,,,,,,,
2026-05-04T05:33:47.192,SHRIPISTON,,,,,,,2026-05-04,18.51,14.34,9.34,5.99,0.15,0.3,0.3,,,,,,,,,,,,,,,,,,
2026-05-04T05:33:47.192,CHENNPETRO,,,,,,,2026-05-04,18.27,15.21,9.52,-2.04,0.18,0.35,0.46,,,,,,,,,,,,,,,,,,
2026-05-04T05:33:47.192,CUMMINSIND,,,,,,,2026-05-04,18.02,12.71,8.09,4.63,0.14,0.34,0.26,,,,,,,,,,,,,,,,,,
2026-05-04T05:33:47.192,WHEELS,,,,,,,2026-05-04,17.73,17.21,0.77,6.23,0.14,0.72,0.3,,,,,,,,,,,,,,,,,,
2026-05-04T05:33:47.192,DEEDEV,,,,,,,2026-05-04,17.68,1.8,-8.96,0.7,0.5,1.26,0.58,,,,,,,,,,,,,,,,,,
2026-05-04T05:33:47.192,MON100,,,,,,,2026-05-04,17.62,5.86,4.08,10.21,0.29,0.27,0.24,,,,,,,,,,,,,,,,,,
2026-05-03T23:32:29.215,WAAREEINDO,,,,,,,2026-05-03,2683.97,2755.6,3999.22,3491.12,0.12,0.01,0.53,,,,,,,,,,,,,,,,,,
2026-05-03T23:32:29.215,CUPID,,,,,,,2026-05-03,157.1,128.51,109.85,52.0,0.41,0.51,1.55,,,,,,,,,,,,,,,,,,
2026-05-03T23:32:29.215,MTARTECH,,,,,,,2026-05-03,85.41,39.89,13.19,8.83,0.81,1.55,1.85,,,,,,,,,,,,,,,,,,
2026-05-03T23:32:29.215,STLTECH,,,,,,,2026-05-03,78.57,27.17,-3.44,0.5,0.58,2.42,1.45,,,,,,,,,,,,,,,,,,
2026-05-03T23:32:29.215,SIGMAADV,,,,,,,2026-05-03,65.14,40.76,22.79,41.53,0.85,0.71,0.63,,,,,,,,,,,,,,,,,,
2026-05-03T23:32:29.215,QPOWER,,,,,,,2026-05-03,59.5,29.04,NaN,NaN,0.6,1.32,0.43,,,,,,,,,,,,,,,,,,
2026-05-03T23:32:29.215,BHAGYANGR,,,,,,,2026-05-03,57.44,22.25,21.77,-0.71,0.88,0.61,1.69,,,,,,,,,,,,,,,,,,
2026-05-03T23:32:29.215,JAYNECOIND,,,,,,,2026-05-03,48.02,30.2,20.81,19.3,0.5,0.54,0.41,,,,,,,,,,,,,,,,,,
2026-05-03T23:32:29.215,SALSTEEL,,,,,,,2026-05-03,46.91,25.31,21.16,11.59,0.55,0.5,0.62,,,,,,,,,,,,,,,,,,
2026-05-03T23:32:29.215,PFOCUS,,,,,,,2026-05-03,45.91,52.59,19.17,4.89,-0.05,0.43,0.74,,,,,,,,,,,,,,,,,,
2026-05-03T23:32:29.215,PRECWIRE,,,,,,,2026-05-03,45.18,27.22,10.04,1.04,0.4,0.88,1.1,,,,,,,,,,,,,,,,,,
2026-05-03T23:32:29.215,ROSSTECH,,,,,,,2026-05-03,44.54,32.49,11.24,NaN,0.45,0.56,0.53,,,,,,,,,,,,,,,,,,
2026-05-03T23:32:29.215,GVT&D,,,,,,,2026-05-03,42.95,30.89,12.12,14.77,0.19,0.64,0.54,,,,,,,,,,,,,,,,,,
2026-05-03T23:32:29.215,VENUSREM,,,,,,,2026-05-03,42.3,43.97,36.18,7.78,0.12,0.29,1.19,,,,,,,,,,,,,,,,,,
2026-05-03T23:32:29.215,KESORAMIND,,,,,,,2026-05-03,41.92,6.83,8.32,-11.14,0.18,0.03,0.95,,,,,,,,,,,,,,,,,,
2026-05-03T23:32:29.215,LUMAXTECH,,,,,,,2026-05-03,41.32,41.99,33.76,26.4,0.01,0.2,0.41,,,,,,,,,,,,,,,,,,
2026-05-03T23:32:29.215,TDPOWERSYS,,,,,,,2026-05-03,40.14,28.13,12.94,14.54,0.36,0.84,0.8,,,,,,,,,,,,,,,,,,
2026-05-03T23:32:29.215,GAYAPROJ,,,,,,,2026-05-03,38.87,18.93,5.8,-2.3,0.41,1.09,2.05,,,,,,,,,,,,,,,,,,
2026-05-03T23:32:29.215,NETWEB,,,,,,,2026-05-03,38.14,25.06,12.01,11.94,0.28,0.34,0.09,,,,,,,,,,,,,,,,,,
2026-05-03T23:32:29.215,BAJAJCON,,,,,,,2026-05-03,35.51,25.99,17.03,5.79,0.29,0.42,0.67,,,,,,,,,,,,,,,,,,
2026-05-03T23:32:29.215,NATIONALUM,,,,,,,2026-05-03,33.92,23.46,22.98,1.26,0.08,0.04,0.69,,,,,,,,,,,,,,,,,,
2026-05-03T23:32:29.215,TATSILV,,,,,,,2026-05-03,32.78,29.07,64.56,13.52,0.08,-0.29,0.65,,,,,,,,,,,,,,,,,,
2026-05-03T23:32:29.215,SBISILVER,,,,,,,2026-05-03,32.77,29.32,63.97,13.13,0.07,-0.29,0.66,,,,,,,,,,,,,,,,,,
2026-05-03T23:32:29.215,SILVERIETF,,,,,,,2026-05-03,32.75,29.05,64.49,13.76,0.07,-0.29,0.64,,,,,,,,,,,,,,,,,,
2026-05-03T23:32:29.215,SILVER,,,,,,,2026-05-03,32.74,28.92,64.38,13.25,0.08,-0.29,0.66,,,,,,,,,,,,,,,,,,
2026-05-03T23:32:29.215,SILVERADD,,,,,,,2026-05-03,32.72,28.86,64.81,13.64,0.08,-0.29,0.65,,,,,,,,,,,,,,,,,,
2026-05-03T23:32:29.215,GVPIL,,,,,,,2026-05-03,32.71,13.5,-3.05,-4.1,0.5,1.2,0.95,,,,,,,,,,,,,,,,,,
2026-05-03T23:32:29.215,SILVERAG,,,,,,,2026-05-03,32.64,29.05,64.31,13.12,0.07,-0.29,0.67,,,,,,,,,,,,,,,,,,
2026-05-03T23:32:29.215,SILVER1,,,,,,,2026-05-03,32.64,29.06,64.21,13.48,0.07,-0.29,0.65,,,,,,,,,,,,,,,,,,
2026-05-03T23:32:29.215,AXISILVER,,,,,,,2026-05-03,32.63,28.98,63.91,13.24,0.08,-0.29,0.66,,,,,,,,,,,,,,,,,,
2026-05-03T23:32:29.215,SILVERBEES,,,,,,,2026-05-03,32.62,29.14,63.78,13.67,0.07,-0.28,0.64,,,,,,,,,,,,,,,,,,
2026-05-03T23:32:29.215,HDFCSILVER,,,,,,,2026-05-03,32.5,28.61,64.85,13.65,0.08,-0.29,0.64,,,,,,,,,,,,,,,,,,
2026-05-03T23:32:29.215,SBC,,,,,,,2026-05-03,32.49,34.11,19.61,6.2,0.09,0.17,0.44,,,,,,,,,,,,,,,,,,
2026-05-03T23:32:29.215,SILVERCASE,,,,,,,2026-05-03,32.48,NaN,NaN,NaN,0.08,-0.29,0.63,,,,,,,,,,,,,,,,,,
2026-05-03T23:32:29.215,ESILVER,,,,,,,2026-05-03,32.45,29.03,64.32,14.24,0.07,-0.29,0.61,,,,,,,,,,,,,,,,,,
2026-05-03T23:32:29.215,ACUTAAS,,,,,,,2026-05-03,32.45,28.9,16.61,25.5,0.02,0.5,0.54,,,,,,,,,,,,,,,,,,
2026-05-03T23:32:29.215,SILVERBETA,,,,,,,2026-05-03,32.43,28.36,64.32,13.31,0.08,-0.29,0.65,,,,,,,,,,,,,,,,,,
2026-05-03T23:32:29.215,KMEW,,,,,,,2026-05-03,32.35,22.09,19.6,NaN,0.16,0.07,0.56,,,,,,,,,,,,,,,,,,
2026-05-03T23:32:29.215,AGIIL,,,,,,,2026-05-03,32.05,16.63,13.37,36.74,0.34,0.55,0.49,,,,,,,,,,,,,,,,,,
2026-05-03T23:32:29.215,HINDCOPPER,,,,,,,2026-05-03,31.9,26.77,31.81,3.21,0.08,-0.05,0.56,,,,,,,,,,,,,,,,,,
2026-05-03T23:32:29.215,MCX,,,,,,,2026-05-03,31.52,26.81,24.37,9.81,0.24,0.23,0.65,,,,,,,,,,,,,,,,,,
2026-05-03T23:32:29.215,IMFA,,,,,,,2026-05-03,30.36,20.33,9.22,12.78,0.22,0.33,0.39,,,,,,,,,,,,,,,,,,
2026-05-03T23:32:29.215,AXISCADES,,,,,,,2026-05-03,29.88,12.01,10.26,39.64,0.38,0.79,0.39,,,,,,,,,,,,,,,,,,
2026-05-03T23:32:29.215,KIRLOSENG,,,,,,,2026-05-03,29.35,19.86,5.63,-4.75,0.26,0.55,0.89,,,,,,,,,,,,,,,,,,
2026-05-03T23:32:29.215,BHARATSE,,,,,,,2026-05-03,29.28,NaN,NaN,NaN,0.25,0.38,-0.12,,,,,,,,,,,,,,,,,,
2026-05-03T23:32:29.215,INFOBEAN,,,,,,,2026-05-03,28.76,15.28,21.84,8.09,0.36,-0.03,0.36,,,,,,,,,,,,,,,,,,
2026-05-03T23:32:29.215,SANSERA,,,,,,,2026-05-03,28.38,18.2,6.75,-0.57,0.16,0.53,0.72,,,,,,,,,,,,,,,,,,
2026-05-03T23:32:29.215,HARDWYN,,,,,,,2026-05-03,28.27,14.94,-1.21,-10.73,0.37,0.72,0.93,,,,,,,,,,,,,,,,,,
2026-05-03T23:32:29.215,GMDCLTD,,,,,,,2026-05-03,28.16,24.03,15.17,16.6,0.3,0.39,0.26,,,,,,,,,,,,,,,,,,
2026-05-03T23:32:29.215,BLISSGVS,,,,,,,2026-05-03,27.71,18.37,0.64,1.73,0.27,0.66,0.81,,,,,,,,,,,,,,,,,,
2026-05-03T23:32:29.215,SILVERTUC,,,,,,,2026-05-03,27.56,16.02,27.16,0.13,0.51,0.14,1.29,,,,,,,,,,,,,,,,,,
2026-05-03T23:32:29.215,APARINDS,,,,,,,2026-05-03,26.76,18.75,-4.72,-2.86,0.16,0.71,0.41,,,,,,,,,,,,,,,,,,
2026-05-03T23:32:29.215,APEX,,,,,,,2026-05-03,26.67,15.18,5.9,-1.77,0.24,0.59,0.94,,,,,,,,,,,,,,,,,,
2026-05-03T23:32:29.215,MIRCELECTR,,,,,,,2026-05-03,26.32,22.51,9.43,8.66,0.25,0.12,0.12,,,,,,,,,,,,,,,,,,
2026-05-03T23:32:29.215,SAKAR,,,,,,,2026-05-03,25.58,26.2,6.91,3.44,0.21,0.66,0.76,,,,,,,,,,,,,,,,,,
2026-05-03T23:32:29.215,KRISHANA,,,,,,,2026-05-03,24.43,18.85,27.17,33.63,0.25,0.28,0.16,,,,,,,,,,,,,,,,,,
2026-05-03T23:32:29.215,FORCEMOT,,,,,,,2026-05-03,23.78,33.23,41.58,33.88,-0.03,0.06,0.22,,,,,,,,,,,,,,,,,,
2026-05-03T23:32:29.215,SOUTHWEST,,,,,,,2026-05-03,23.21,19.89,8.44,3.42,0.16,0.33,0.72,,,,,,,,,,,,,,,,,,
2026-05-03T23:32:29.215,ADANIPOWER,,,,,,,2026-05-03,22.53,11.23,5.45,10.1,0.44,0.65,0.32,,,,,,,,,,,,,,,,,,
2026-05-03T23:32:29.215,ANANDRATHI,,,,,,,2026-05-03,22.44,16.9,11.98,12.02,0.19,0.24,0.16,,,,,,,,,,,,,,,,,,
2026-05-03T23:32:29.215,SCHNEIDER,,,,,,,2026-05-03,21.88,7.99,-3.48,1.01,0.42,0.97,0.48,,,,,,,,,,,,,,,,,,
2026-05-03T23:32:29.215,LUMAXIND,,,,,,,2026-05-03,21.26,22.85,23.68,24.29,0.04,0.08,0.02,,,,,,,,,,,,,,,,,,
2026-05-03T23:32:29.215,NGLFINE,,,,,,,2026-05-03,20.97,22.2,0.04,-5.77,0.04,0.41,0.49,,,,,,,,,,,,,,,,,,
2026-05-03T23:32:29.215,THANGAMAYL,,,,,,,2026-05-03,20.7,20.71,21.38,-2.57,0.15,0.16,0.94,,,,,,,,,,,,,,,,,,
2026-05-03T23:32:29.215,DATAPATTNS,,,,,,,2026-05-03,20.41,17.8,-0.46,3.83,0.29,0.78,0.46,,,,,,,,,,,,,,,,,,
2026-05-03T23:32:29.215,MBAPL,,,,,,,2026-05-03,20.08,13.14,9.68,17.59,0.14,0.31,0.29,,,,,,,,,,,,,,,,,,
2026-05-03T23:32:29.215,GALLANTT,,,,,,,2026-05-03,19.65,11.26,12.12,11.64,0.59,0.64,0.63,,,,,,,,,,,,,,,,,,
2026-05-03T23:32:29.215,GOKULAGRO,,,,,,,2026-05-03,19.33,12.19,-0.97,4.62,0.26,0.51,0.44,,,,,,,,,,,,,,,,,,
2026-05-03T23:32:29.215,TFCILTD,,,,,,,2026-05-03,19.25,27.45,22.8,34.78,0.11,0.19,0.01,,,,,,,,,,,,,,,,,,
2026-05-03T23:32:29.215,SHARDACROP,,,,,,,2026-05-03,19.2,13.12,7.11,11.16,0.17,0.29,0.21,,,,,,,,,,,,,,,,,,
2026-05-03T23:32:29.215,SJS,,,,,,,2026-05-03,18.93,18.17,14.9,9.93,0.12,0.12,0.2,,,,,,,,,,,,,,,,,,
2026-05-03T23:32:29.215,DYNAMATECH,,,,,,,2026-05-03,18.65,10.16,1.75,1.03,0.28,0.46,0.45,,,,,,,,,,,,,,,,,,
2026-05-03T23:32:29.215,SYRMA,,,,,,,2026-05-03,18.62,17.17,5.77,20.3,0.17,0.46,0.24,,,,,,,,,,,,,,,,,,
2026-05-03T23:32:29.215,MANINDS,,,,,,,2026-05-03,18.59,3.28,-0.38,6.29,0.6,0.69,0.3,,,,,,,,,,,,,,,,,,
2026-05-03T23:32:29.215,SHRIPISTON,,,,,,,2026-05-03,18.51,14.34,9.34,5.99,0.15,0.3,0.3,,,,,,,,,,,,,,,,,,
2026-05-03T23:32:29.215,CHENNPETRO,,,,,,,2026-05-03,18.27,15.21,9.52,-2.04,0.18,0.35,0.46,,,,,,,,,,,,,,,,,,
2026-05-03T23:32:29.215,CUMMINSIND,,,,,,,2026-05-03,18.02,12.71,8.09,4.63,0.14,0.34,0.26,,,,,,,,,,,,,,,,,,
2026-05-03T23:32:29.215,WHEELS,,,,,,,2026-05-03,17.73,17.21,0.77,6.23,0.14,0.72,0.3,,,,,,,,,,,,,,,,,,
2026-05-03T23:32:29.215,DEEDEV,,,,,,,2026-05-03,17.68,1.8,-8.96,0.7,0.5,1.26,0.58,,,,,,,,,,,,,,,,,,
2026-05-03T23:32:29.215,MON100,,,,,,,2026-05-03,17.62,5.86,4.08,10.21,0.29,0.27,0.24,,,,,,,,,,,,,,,,,,
2026-05-02T23:30:38.702,WAAREEINDO,,,,,,,2026-05-02,2683.97,2755.6,3999.22,3491.12,0.12,0.01,0.53,,,,,,,,,,,,,,,,,,
2026-05-02T23:30:38.702,CUPID,,,,,,,2026-05-02,157.1,128.51,109.85,52.0,0.41,0.51,1.55,,,,,,,,,,,,,,,,,,
2026-05-02T23:30:38.702,MTARTECH,,,,,,,2026-05-02,85.41,39.89,13.19,8.83,0.81,1.55,1.85,,,,,,,,,,,,,,,,,,
2026-05-02T23:30:38.702,STLTECH,,,,,,,2026-05-02,78.57,27.17,-3.44,0.5,0.58,2.42,1.45,,,,,,,,,,,,,,,,,,
2026-05-02T23:30:38.702,SIGMAADV,,,,,,,2026-05-02,65.14,40.76,22.79,41.53,0.85,0.71,0.63,,,,,,,,,,,,,,,,,,
2026-05-02T23:30:38.702,QPOWER,,,,,,,2026-05-02,59.5,29.04,NaN,NaN,0.6,1.32,0.43,,,,,,,,,,,,,,,,,,
2026-05-02T23:30:38.702,BHAGYANGR,,,,,,,2026-05-02,57.44,22.25,21.77,-0.71,0.88,0.61,1.69,,,,,,,,,,,,,,,,,,
2026-05-02T23:30:38.702,JAYNECOIND,,,,,,,2026-05-02,48.02,30.2,20.81,19.3,0.5,0.54,0.41,,,,,,,,,,,,,,,,,,
2026-05-02T23:30:38.702,SALSTEEL,,,,,,,2026-05-02,46.91,25.31,21.16,11.59,0.55,0.5,0.62,,,,,,,,,,,,,,,,,,
2026-05-02T23:30:38.702,PFOCUS,,,,,,,2026-05-02,45.91,52.59,19.17,4.89,-0.05,0.43,0.74,,,,,,,,,,,,,,,,,,
2026-05-02T23:30:38.702,PRECWIRE,,,,,,,2026-05-02,45.18,27.22,10.04,1.04,0.4,0.88,1.1,,,,,,,,,,,,,,,,,,
2026-05-02T23:30:38.702,ROSSTECH,,,,,,,2026-05-02,44.54,32.49,11.24,NaN,0.45,0.56,0.53,,,,,,,,,,,,,,,,,,
2026-05-02T23:30:38.702,GVT&D,,,,,,,2026-05-02,42.95,30.89,12.12,14.77,0.19,0.64,0.54,,,,,,,,,,,,,,,,,,
2026-05-02T23:30:38.702,VENUSREM,,,,,,,2026-05-02,42.3,43.97,36.18,7.78,0.12,0.29,1.19,,,,,,,,,,,,,,,,,,
2026-05-02T23:30:38.702,KESORAMIND,,,,,,,2026-05-02,41.92,6.83,8.32,-11.14,0.18,0.03,0.95,,,,,,,,,,,,,,,,,,
2026-05-02T23:30:38.702,LUMAXTECH,,,,,,,2026-05-02,41.32,41.99,33.76,26.4,0.01,0.2,0.41,,,,,,,,,,,,,,,,,,
2026-05-02T23:30:38.702,TDPOWERSYS,,,,,,,2026-05-02,40.14,28.13,12.94,14.54,0.36,0.84,0.8,,,,,,,,,,,,,,,,,,
2026-05-02T23:30:38.702,GAYAPROJ,,,,,,,2026-05-02,38.87,18.93,5.8,-2.3,0.41,1.09,2.05,,,,,,,,,,,,,,,,,,
2026-05-02T23:30:38.702,NETWEB,,,,,,,2026-05-02,38.14,25.06,12.01,11.94,0.28,0.34,0.09,,,,,,,,,,,,,,,,,,
2026-05-02T23:30:38.702,BAJAJCON,,,,,,,2026-05-02,35.51,25.99,17.03,5.79,0.29,0.42,0.67,,,,,,,,,,,,,,,,,,
2026-05-02T23:30:38.702,NATIONALUM,,,,,,,2026-05-02,33.92,23.46,22.98,1.26,0.08,0.04,0.69,,,,,,,,,,,,,,,,,,
2026-05-02T23:30:38.702,TATSILV,,,,,,,2026-05-02,32.78,29.07,64.56,13.52,0.08,-0.29,0.65,,,,,,,,,,,,,,,,,,
2026-05-02T23:30:38.702,SBISILVER,,,,,,,2026-05-02,32.77,29.32,63.97,13.13,0.07,-0.29,0.66,,,,,,,,,,,,,,,,,,
2026-05-02T23:30:38.702,SILVERIETF,,,,,,,2026-05-02,32.75,29.05,64.49,13.76,0.07,-0.29,0.64,,,,,,,,,,,,,,,,,,
2026-05-02T23:30:38.702,SILVER,,,,,,,2026-05-02,32.74,28.92,64.38,13.25,0.08,-0.29,0.66,,,,,,,,,,,,,,,,,,
2026-05-02T23:30:38.702,SILVERADD,,,,,,,2026-05-02,32.72,28.86,64.81,13.64,0.08,-0.29,0.65,,,,,,,,,,,,,,,,,,
2026-05-02T23:30:38.702,GVPIL,,,,,,,2026-05-02,32.71,13.5,-3.05,-4.1,0.5,1.2,0.95,,,,,,,,,,,,,,,,,,
2026-05-02T23:30:38.702,SILVERAG,,,,,,,2026-05-02,32.64,29.05,64.31,13.12,0.07,-0.29,0.67,,,,,,,,,,,,,,,,,,
2026-05-02T23:30:38.702,SILVER1,,,,,,,2026-05-02,32.64,29.06,64.21,13.48,0.07,-0.29,0.65,,,,,,,,,,,,,,,,,,
2026-05-02T23:30:38.702,AXISILVER,,,,,,,2026-05-02,32.63,28.98,63.91,13.24,0.08,-0.29,0.66,,,,,,,,,,,,,,,,,,
2026-05-02T23:30:38.702,SILVERBEES,,,,,,,2026-05-02,32.62,29.14,63.78,13.67,0.07,-0.28,0.64,,,,,,,,,,,,,,,,,,
2026-05-02T23:30:38.702,HDFCSILVER,,,,,,,2026-05-02,32.5,28.61,64.85,13.65,0.08,-0.29,0.64,,,,,,,,,,,,,,,,,,
2026-05-02T23:30:38.702,SBC,,,,,,,2026-05-02,32.49,34.11,19.61,6.2,0.09,0.17,0.44,,,,,,,,,,,,,,,,,,
2026-05-02T23:30:38.702,SILVERCASE,,,,,,,2026-05-02,32.48,NaN,NaN,NaN,0.08,-0.29,0.63,,,,,,,,,,,,,,,,,,
2026-05-02T23:30:38.702,ESILVER,,,,,,,2026-05-02,32.45,29.03,64.32,14.24,0.07,-0.29,0.61,,,,,,,,,,,,,,,,,,
2026-05-02T23:30:38.702,ACUTAAS,,,,,,,2026-05-02,32.45,28.9,16.61,25.5,0.02,0.5,0.54,,,,,,,,,,,,,,,,,,
2026-05-02T23:30:38.702,SILVERBETA,,,,,,,2026-05-02,32.43,28.36,64.32,13.31,0.08,-0.29,0.65,,,,,,,,,,,,,,,,,,
2026-05-02T23:30:38.702,KMEW,,,,,,,2026-05-02,32.35,22.09,19.6,NaN,0.16,0.07,0.56,,,,,,,,,,,,,,,,,,
2026-05-02T23:30:38.702,AGIIL,,,,,,,2026-05-02,32.05,16.63,13.37,36.74,0.34,0.55,0.49,,,,,,,,,,,,,,,,,,
2026-05-02T23:30:38.702,HINDCOPPER,,,,,,,2026-05-02,31.9,26.77,31.81,3.21,0.08,-0.05,0.56,,,,,,,,,,,,,,,,,,
2026-05-02T23:30:38.702,MCX,,,,,,,2026-05-02,31.52,26.81,24.37,9.81,0.24,0.23,0.65,,,,,,,,,,,,,,,,,,
2026-05-02T23:30:38.702,IMFA,,,,,,,2026-05-02,30.36,20.33,9.22,12.78,0.22,0.33,0.39,,,,,,,,,,,,,,,,,,
2026-05-02T23:30:38.702,AXISCADES,,,,,,,2026-05-02,29.88,12.01,10.26,39.64,0.38,0.79,0.39,,,,,,,,,,,,,,,,,,
2026-05-02T23:30:38.702,KIRLOSENG,,,,,,,2026-05-02,29.35,19.86,5.63,-4.75,0.26,0.55,0.89,,,,,,,,,,,,,,,,,,
2026-05-02T23:30:38.702,BHARATSE,,,,,,,2026-05-02,29.28,NaN,NaN,NaN,0.25,0.38,-0.12,,,,,,,,,,,,,,,,,,
2026-05-02T23:30:38.702,INFOBEAN,,,,,,,2026-05-02,28.76,15.28,21.84,8.09,0.36,-0.03,0.36,,,,,,,,,,,,,,,,,,
2026-05-02T23:30:38.702,SANSERA,,,,,,,2026-05-02,28.38,18.2,6.75,-0.57,0.16,0.53,0.72,,,,,,,,,,,,,,,,,,
2026-05-02T23:30:38.702,HARDWYN,,,,,,,2026-05-02,28.27,14.94,-1.21,-10.73,0.37,0.72,0.93,,,,,,,,,,,,,,,,,,
2026-05-02T23:30:38.702,GMDCLTD,,,,,,,2026-05-02,28.16,24.03,15.17,16.6,0.3,0.39,0.26,,,,,,,,,,,,,,,,,,
2026-05-02T23:30:38.702,BLISSGVS,,,,,,,2026-05-02,27.71,18.37,0.64,1.73,0.27,0.66,0.81,,,,,,,,,,,,,,,,,,
2026-05-02T23:30:38.702,SILVERTUC,,,,,,,2026-05-02,27.56,16.02,27.16,0.13,0.51,0.14,1.29,,,,,,,,,,,,,,,,,,
2026-05-02T23:30:38.702,APARINDS,,,,,,,2026-05-02,26.76,18.75,-4.72,-2.86,0.16,0.71,0.41,,,,,,,,,,,,,,,,,,
2026-05-02T23:30:38.702,APEX,,,,,,,2026-05-02,26.67,15.18,5.9,-1.77,0.24,0.59,0.94,,,,,,,,,,,,,,,,,,
2026-05-02T23:30:38.702,MIRCELECTR,,,,,,,2026-05-02,26.32,22.51,9.43,8.66,0.25,0.12,0.12,,,,,,,,,,,,,,,,,,
2026-05-02T23:30:38.702,SAKAR,,,,,,,2026-05-02,25.58,26.2,6.91,3.44,0.21,0.66,0.76,,,,,,,,,,,,,,,,,,
2026-05-02T23:30:38.702,KRISHANA,,,,,,,2026-05-02,24.43,18.85,27.17,33.63,0.25,0.28,0.16,,,,,,,,,,,,,,,,,,
2026-05-02T23:30:38.702,FORCEMOT,,,,,,,2026-05-02,23.78,33.23,41.58,33.88,-0.03,0.06,0.22,,,,,,,,,,,,,,,,,,
2026-05-02T23:30:38.702,SOUTHWEST,,,,,,,2026-05-02,23.21,19.89,8.44,3.42,0.16,0.33,0.72,,,,,,,,,,,,,,,,,,
2026-05-02T23:30:38.702,ADANIPOWER,,,,,,,2026-05-02,22.53,11.23,5.45,10.1,0.44,0.65,0.32,,,,,,,,,,,,,,,,,,
2026-05-02T23:30:38.702,ANANDRATHI,,,,,,,2026-05-02,22.44,16.9,11.98,12.02,0.19,0.24,0.16,,,,,,,,,,,,,,,,,,
2026-05-02T23:30:38.702,SCHNEIDER,,,,,,,2026-05-02,21.88,7.99,-3.48,1.01,0.42,0.97,0.48,,,,,,,,,,,,,,,,,,
2026-05-02T23:30:38.702,LUMAXIND,,,,,,,2026-05-02,21.26,22.85,23.68,24.29,0.04,0.08,0.02,,,,,,,,,,,,,,,,,,
2026-05-02T23:30:38.702,NGLFINE,,,,,,,2026-05-02,20.97,22.2,0.04,-5.77,0.04,0.41,0.49,,,,,,,,,,,,,,,,,,
2026-05-02T23:30:38.702,THANGAMAYL,,,,,,,2026-05-02,20.7,20.71,21.38,-2.57,0.15,0.16,0.94,,,,,,,,,,,,,,,,,,
2026-05-02T23:30:38.702,DATAPATTNS,,,,,,,2026-05-02,20.41,17.8,-0.46,3.83,0.29,0.78,0.46,,,,,,,,,,,,,,,,,,
2026-05-02T23:30:38.702,MBAPL,,,,,,,2026-05-02,20.08,13.14,9.68,17.59,0.14,0.31,0.29,,,,,,,,,,,,,,,,,,
2026-05-02T23:30:38.702,GALLANTT,,,,,,,2026-05-02,19.65,11.26,12.12,11.64,0.59,0.64,0.63,,,,,,,,,,,,,,,,,,
2026-05-02T23:30:38.702,GOKULAGRO,,,,,,,2026-05-02,19.33,12.19,-0.97,4.62,0.26,0.51,0.44,,,,,,,,,,,,,,,,,,
2026-05-02T23:30:38.702,TFCILTD,,,,,,,2026-05-02,19.25,27.45,22.8,34.78,0.11,0.19,0.01,,,,,,,,,,,,,,,,,,
2026-05-02T23:30:38.702,SHARDACROP,,,,,,,2026-05-02,19.2,13.12,7.11,11.16,0.17,0.29,0.21,,,,,,,,,,,,,,,,,,
2026-05-02T23:30:38.702,SJS,,,,,,,2026-05-02,18.93,18.17,14.9,9.93,0.12,0.12,0.2,,,,,,,,,,,,,,,,,,
2026-05-02T23:30:38.702,DYNAMATECH,,,,,,,2026-05-02,18.65,10.16,1.75,1.03,0.28,0.46,0.45,,,,,,,,,,,,,,,,,,
2026-05-02T23:30:38.702,SYRMA,,,,,,,2026-05-02,18.62,17.17,5.77,20.3,0.17,0.46,0.24,,,,,,,,,,,,,,,,,,
2026-05-02T23:30:38.702,MANINDS,,,,,,,2026-05-02,18.59,3.28,-0.38,6.29,0.6,0.69,0.3,,,,,,,,,,,,,,,,,,
2026-05-02T23:30:38.702,SHRIPISTON,,,,,,,2026-05-02,18.51,14.34,9.34,5.99,0.15,0.3,0.3,,,,,,,,,,,,,,,,,,
2026-05-02T23:30:38.702,CHENNPETRO,,,,,,,2026-05-02,18.27,15.21,9.52,-2.04,0.18,0.35,0.46,,,,,,,,,,,,,,,,,,
2026-05-02T23:30:38.702,CUMMINSIND,,,,,,,2026-05-02,18.02,12.71,8.09,4.63,0.14,0.34,0.26,,,,,,,,,,,,,,,,,,
2026-05-02T23:30:38.702,WHEELS,,,,,,,2026-05-02,17.73,17.21,0.77,6.23,0.14,0.72,0.3,,,,,,,,,,,,,,,,,,
2026-05-02T23:30:38.702,DEEDEV,,,,,,,2026-05-02,17.68,1.8,-8.96,0.7,0.5,1.26,0.58,,,,,,,,,,,,,,,,,,
2026-05-02T23:30:38.702,MON100,,,,,,,2026-05-02,17.62,5.86,4.08,10.21,0.29,0.27,0.24,,,,,,,,,,,,,,,,,,
2026-05-01T23:42:35.608,WAAREEINDO,,,,,,,2026-05-01,2683.97,2755.6,3999.22,3491.12,0.12,0.01,0.53,,,,,,,,,,,,,,,,,,
2026-05-01T23:42:35.608,CUPID,,,,,,,2026-05-01,157.1,128.51,109.85,52.0,0.41,0.51,1.55,,,,,,,,,,,,,,,,,,
2026-05-01T23:42:35.608,MTARTECH,,,,,,,2026-05-01,85.41,39.89,13.19,8.83,0.81,1.55,1.85,,,,,,,,,,,,,,,,,,
2026-05-01T23:42:35.608,STLTECH,,,,,,,2026-05-01,78.57,27.17,-3.44,0.5,0.58,2.42,1.45,,,,,,,,,,,,,,,,,,
2026-05-01T23:42:35.608,SIGMAADV,,,,,,,2026-05-01,65.14,40.76,22.79,41.53,0.85,0.71,0.63,,,,,,,,,,,,,,,,,,
2026-05-01T23:42:35.608,QPOWER,,,,,,,2026-05-01,59.5,29.04,NaN,NaN,0.6,1.32,0.43,,,,,,,,,,,,,,,,,,
2026-05-01T23:42:35.608,BHAGYANGR,,,,,,,2026-05-01,57.44,22.25,21.77,-0.71,0.88,0.61,1.69,,,,,,,,,,,,,,,,,,
2026-05-01T23:42:35.608,JAYNECOIND,,,,,,,2026-05-01,48.02,30.2,20.81,19.3,0.5,0.54,0.41,,,,,,,,,,,,,,,,,,
2026-05-01T23:42:35.608,SALSTEEL,,,,,,,2026-05-01,46.91,25.31,21.16,11.59,0.55,0.5,0.62,,,,,,,,,,,,,,,,,,
2026-05-01T23:42:35.608,PFOCUS,,,,,,,2026-05-01,45.91,52.59,19.17,4.89,-0.05,0.43,0.74,,,,,,,,,,,,,,,,,,
2026-05-01T23:42:35.608,PRECWIRE,,,,,,,2026-05-01,45.18,27.22,10.04,1.04,0.4,0.88,1.1,,,,,,,,,,,,,,,,,,
2026-05-01T23:42:35.608,ROSSTECH,,,,,,,2026-05-01,44.54,32.49,11.24,NaN,0.45,0.56,0.53,,,,,,,,,,,,,,,,,,
2026-05-01T23:42:35.608,GVT&D,,,,,,,2026-05-01,42.95,30.89,12.12,14.77,0.19,0.64,0.54,,,,,,,,,,,,,,,,,,
2026-05-01T23:42:35.608,VENUSREM,,,,,,,2026-05-01,42.3,43.97,36.18,7.78,0.12,0.29,1.19,,,,,,,,,,,,,,,,,,
2026-05-01T23:42:35.608,KESORAMIND,,,,,,,2026-05-01,41.92,6.83,8.32,-11.14,0.18,0.03,0.95,,,,,,,,,,,,,,,,,,
2026-05-01T23:42:35.608,LUMAXTECH,,,,,,,2026-05-01,41.32,41.99,33.76,26.4,0.01,0.2,0.41,,,,,,,,,,,,,,,,,,
2026-05-01T23:42:35.608,TDPOWERSYS,,,,,,,2026-05-01,40.14,28.13,12.94,14.54,0.36,0.84,0.8,,,,,,,,,,,,,,,,,,
2026-05-01T23:42:35.608,GAYAPROJ,,,,,,,2026-05-01,38.87,18.93,5.8,-2.3,0.41,1.09,2.05,,,,,,,,,,,,,,,,,,
2026-05-01T23:42:35.608,NETWEB,,,,,,,2026-05-01,38.14,25.06,12.01,11.94,0.28,0.34,0.09,,,,,,,,,,,,,,,,,,
2026-05-01T23:42:35.608,BAJAJCON,,,,,,,2026-05-01,35.51,25.99,17.03,5.79,0.29,0.42,0.67,,,,,,,,,,,,,,,,,,
2026-05-01T23:42:35.608,NATIONALUM,,,,,,,2026-05-01,33.92,23.46,22.98,1.26,0.08,0.04,0.69,,,,,,,,,,,,,,,,,,
2026-05-01T23:42:35.608,TATSILV,,,,,,,2026-05-01,32.78,29.07,64.56,13.52,0.08,-0.29,0.65,,,,,,,,,,,,,,,,,,
2026-05-01T23:42:35.608,SBISILVER,,,,,,,2026-05-01,32.77,29.32,63.97,13.13,0.07,-0.29,0.66,,,,,,,,,,,,,,,,,,
2026-05-01T23:42:35.608,SILVERIETF,,,,,,,2026-05-01,32.75,29.05,64.49,13.76,0.07,-0.29,0.64,,,,,,,,,,,,,,,,,,
2026-05-01T23:42:35.608,SILVER,,,,,,,2026-05-01,32.74,28.92,64.38,13.25,0.08,-0.29,0.66,,,,,,,,,,,,,,,,,,
2026-05-01T23:42:35.608,SILVERADD,,,,,,,2026-05-01,32.72,28.86,64.81,13.64,0.08,-0.29,0.65,,,,,,,,,,,,,,,,,,
2026-05-01T23:42:35.608,GVPIL,,,,,,,2026-05-01,32.71,13.5,-3.05,-4.1,0.5,1.2,0.95,,,,,,,,,,,,,,,,,,
2026-05-01T23:42:35.608,SILVERAG,,,,,,,2026-05-01,32.64,29.05,64.31,13.12,0.07,-0.29,0.67,,,,,,,,,,,,,,,,,,
2026-05-01T23:42:35.608,SILVER1,,,,,,,2026-05-01,32.64,29.06,64.21,13.48,0.07,-0.29,0.65,,,,,,,,,,,,,,,,,,
2026-05-01T23:42:35.608,AXISILVER,,,,,,,2026-05-01,32.63,28.98,63.91,13.24,0.08,-0.29,0.66,,,,,,,,,,,,,,,,,,
2026-05-01T23:42:35.608,SILVERBEES,,,,,,,2026-05-01,32.62,29.14,63.78,13.67,0.07,-0.28,0.64,,,,,,,,,,,,,,,,,,
2026-05-01T23:42:35.608,HDFCSILVER,,,,,,,2026-05-01,32.5,28.61,64.85,13.65,0.08,-0.29,0.64,,,,,,,,,,,,,,,,,,
2026-05-01T23:42:35.608,SBC,,,,,,,2026-05-01,32.49,34.11,19.61,6.2,0.09,0.17,0.44,,,,,,,,,,,,,,,,,,
2026-05-01T23:42:35.608,SILVERCASE,,,,,,,2026-05-01,32.48,NaN,NaN,NaN,0.08,-0.29,0.63,,,,,,,,,,,,,,,,,,
2026-05-01T23:42:35.608,ESILVER,,,,,,,2026-05-01,32.45,29.03,64.32,14.24,0.07,-0.29,0.61,,,,,,,,,,,,,,,,,,
2026-05-01T23:42:35.608,ACUTAAS,,,,,,,2026-05-01,32.45,28.9,16.61,25.5,0.02,0.5,0.54,,,,,,,,,,,,,,,,,,
2026-05-01T23:42:35.608,SILVERBETA,,,,,,,2026-05-01,32.43,28.36,64.32,13.31,0.08,-0.29,0.65,,,,,,,,,,,,,,,,,,
2026-05-01T23:42:35.608,KMEW,,,,,,,2026-05-01,32.35,22.09,19.6,NaN,0.16,0.07,0.56,,,,,,,,,,,,,,,,,,
2026-05-01T23:42:35.608,AGIIL,,,,,,,2026-05-01,32.05,16.63,13.37,36.74,0.34,0.55,0.49,,,,,,,,,,,,,,,,,,
2026-05-01T23:42:35.608,HINDCOPPER,,,,,,,2026-05-01,31.9,26.77,31.81,3.21,0.08,-0.05,0.56,,,,,,,,,,,,,,,,,,
2026-05-01T23:42:35.608,MCX,,,,,,,2026-05-01,31.52,26.81,24.37,9.81,0.24,0.23,0.65,,,,,,,,,,,,,,,,,,
2026-05-01T23:42:35.608,IMFA,,,,,,,2026-05-01,30.36,20.33,9.22,12.78,0.22,0.33,0.39,,,,,,,,,,,,,,,,,,
2026-05-01T23:42:35.608,AXISCADES,,,,,,,2026-05-01,29.88,12.01,10.26,39.64,0.38,0.79,0.39,,,,,,,,,,,,,,,,,,
2026-05-01T23:42:35.608,KIRLOSENG,,,,,,,2026-05-01,29.35,19.86,5.63,-4.75,0.26,0.55,0.89,,,,,,,,,,,,,,,,,,
2026-05-01T23:42:35.608,BHARATSE,,,,,,,2026-05-01,29.28,NaN,NaN,NaN,0.25,0.38,-0.12,,,,,,,,,,,,,,,,,,
2026-05-01T23:42:35.608,INFOBEAN,,,,,,,2026-05-01,28.76,15.28,21.84,8.09,0.36,-0.03,0.36,,,,,,,,,,,,,,,,,,
2026-05-01T23:42:35.608,SANSERA,,,,,,,2026-05-01,28.38,18.2,6.75,-0.57,0.16,0.53,0.72,,,,,,,,,,,,,,,,,,
2026-05-01T23:42:35.608,HARDWYN,,,,,,,2026-05-01,28.27,14.94,-1.21,-10.73,0.37,0.72,0.93,,,,,,,,,,,,,,,,,,
2026-05-01T23:42:35.608,GMDCLTD,,,,,,,2026-05-01,28.16,24.03,15.17,16.6,0.3,0.39,0.26,,,,,,,,,,,,,,,,,,
2026-05-01T23:42:35.608,BLISSGVS,,,,,,,2026-05-01,27.71,18.37,0.64,1.73,0.27,0.66,0.81,,,,,,,,,,,,,,,,,,
2026-05-01T23:42:35.608,SILVERTUC,,,,,,,2026-05-01,27.56,16.02,27.16,0.13,0.51,0.14,1.29,,,,,,,,,,,,,,,,,,
2026-05-01T23:42:35.608,APARINDS,,,,,,,2026-05-01,26.76,18.75,-4.72,-2.86,0.16,0.71,0.41,,,,,,,,,,,,,,,,,,
2026-05-01T23:42:35.608,APEX,,,,,,,2026-05-01,26.67,15.18,5.9,-1.77,0.24,0.59,0.94,,,,,,,,,,,,,,,,,,
2026-05-01T23:42:35.608,MIRCELECTR,,,,,,,2026-05-01,26.32,22.51,9.43,8.66,0.25,0.12,0.12,,,,,,,,,,,,,,,,,,
2026-05-01T23:42:35.608,SAKAR,,,,,,,2026-05-01,25.58,26.2,6.91,3.44,0.21,0.66,0.76,,,,,,,,,,,,,,,,,,
2026-05-01T23:42:35.608,KRISHANA,,,,,,,2026-05-01,24.43,18.85,27.17,33.63,0.25,0.28,0.16,,,,,,,,,,,,,,,,,,
2026-05-01T23:42:35.608,FORCEMOT,,,,,,,2026-05-01,23.78,33.23,41.58,33.88,-0.03,0.06,0.22,,,,,,,,,,,,,,,,,,
2026-05-01T23:42:35.608,SOUTHWEST,,,,,,,2026-05-01,23.21,19.89,8.44,3.42,0.16,0.33,0.72,,,,,,,,,,,,,,,,,,
2026-05-01T23:42:35.608,ADANIPOWER,,,,,,,2026-05-01,22.53,11.23,5.45,10.1,0.44,0.65,0.32,,,,,,,,,,,,,,,,,,
2026-05-01T23:42:35.608,ANANDRATHI,,,,,,,2026-05-01,22.44,16.9,11.98,12.02,0.19,0.24,0.16,,,,,,,,,,,,,,,,,,
2026-05-01T23:42:35.608,SCHNEIDER,,,,,,,2026-05-01,21.88,7.99,-3.48,1.01,0.42,0.97,0.48,,,,,,,,,,,,,,,,,,
2026-05-01T23:42:35.608,LUMAXIND,,,,,,,2026-05-01,21.26,22.85,23.68,24.29,0.04,0.08,0.02,,,,,,,,,,,,,,,,,,
2026-05-01T23:42:35.608,NGLFINE,,,,,,,2026-05-01,20.97,22.2,0.04,-5.77,0.04,0.41,0.49,,,,,,,,,,,,,,,,,,
2026-05-01T23:42:35.608,THANGAMAYL,,,,,,,2026-05-01,20.7,20.71,21.38,-2.57,0.15,0.16,0.94,,,,,,,,,,,,,,,,,,
2026-05-01T23:42:35.608,DATAPATTNS,,,,,,,2026-05-01,20.41,17.8,-0.46,3.83,0.29,0.78,0.46,,,,,,,,,,,,,,,,,,
2026-05-01T23:42:35.608,MBAPL,,,,,,,2026-05-01,20.08,13.14,9.68,17.59,0.14,0.31,0.29,,,,,,,,,,,,,,,,,,
2026-05-01T23:42:35.608,GALLANTT,,,,,,,2026-05-01,19.65,11.26,12.12,11.64,0.59,0.64,0.63,,,,,,,,,,,,,,,,,,
2026-05-01T23:42:35.608,GOKULAGRO,,,,,,,2026-05-01,19.33,12.19,-0.97,4.62,0.26,0.51,0.44,,,,,,,,,,,,,,,,,,
2026-05-01T23:42:35.608,TFCILTD,,,,,,,2026-05-01,19.25,27.45,22.8,34.78,0.11,0.19,0.01,,,,,,,,,,,,,,,,,,
2026-05-01T23:42:35.608,SHARDACROP,,,,,,,2026-05-01,19.2,13.12,7.11,11.16,0.17,0.29,0.21,,,,,,,,,,,,,,,,,,
2026-05-01T23:42:35.608,SJS,,,,,,,2026-05-01,18.93,18.17,14.9,9.93,0.12,0.12,0.2,,,,,,,,,,,,,,,,,,
2026-05-01T23:42:35.608,DYNAMATECH,,,,,,,2026-05-01,18.65,10.16,1.75,1.03,0.28,0.46,0.45,,,,,,,,,,,,,,,,,,
2026-05-01T23:42:35.608,SYRMA,,,,,,,2026-05-01,18.62,17.17,5.77,20.3,0.17,0.46,0.24,,,,,,,,,,,,,,,,,,
2026-05-01T23:42:35.608,MANINDS,,,,,,,2026-05-01,18.59,3.28,-0.38,6.29,0.6,0.69,0.3,,,,,,,,,,,,,,,,,,
2026-05-01T23:42:35.608,SHRIPISTON,,,,,,,2026-05-01,18.51,14.34,9.34,5.99,0.15,0.3,0.3,,,,,,,,,,,,,,,,,,
2026-05-01T23:42:35.608,CHENNPETRO,,,,,,,2026-05-01,18.27,15.21,9.52,-2.04,0.18,0.35,0.46,,,,,,,,,,,,,,,,,,
2026-05-01T23:42:35.608,CUMMINSIND,,,,,,,2026-05-01,18.02,12.71,8.09,4.63,0.14,0.34,0.26,,,,,,,,,,,,,,,,,,
2026-05-01T23:42:35.608,WHEELS,,,,,,,2026-05-01,17.73,17.21,0.77,6.23,0.14,0.72,0.3,,,,,,,,,,,,,,,,,,
2026-05-01T23:42:35.608,DEEDEV,,,,,,,2026-05-01,17.68,1.8,-8.96,0.7,0.5,1.26,0.58,,,,,,,,,,,,,,,,,,
2026-05-01T23:42:35.608,MON100,,,,,,,2026-05-01,17.62,5.86,4.08,10.21,0.29,0.27,0.24,,,,,,,,,,,,,,,,,,
2026-04-30T23:11:20.875,WAAREEINDO,,,,,,,2026-04-30,2683.97,2755.6,3999.22,3491.12,0.12,0.01,0.53,,,,,,,,,,,,,,,,,,
2026-04-30T23:11:20.875,CUPID,,,,,,,2026-04-30,157.1,128.51,109.85,52.0,0.41,0.51,1.55,,,,,,,,,,,,,,,,,,
2026-04-30T23:11:20.875,MTARTECH,,,,,,,2026-04-30,85.41,39.89,13.19,8.83,0.81,1.55,1.85,,,,,,,,,,,,,,,,,,
2026-04-30T23:11:20.875,STLTECH,,,,,,,2026-04-30,78.57,27.17,-3.44,0.5,0.58,2.42,1.45,,,,,,,,,,,,,,,,,,
2026-04-30T23:11:20.875,SIGMAADV,,,,,,,2026-04-30,65.14,40.76,22.79,41.53,0.85,0.71,0.63,,,,,,,,,,,,,,,,,,
2026-04-30T23:11:20.875,QPOWER,,,,,,,2026-04-30,59.5,29.04,NaN,NaN,0.6,1.32,0.43,,,,,,,,,,,,,,,,,,
2026-04-30T23:11:20.875,BHAGYANGR,,,,,,,2026-04-30,57.44,22.25,21.77,-0.71,0.88,0.61,1.69,,,,,,,,,,,,,,,,,,
2026-04-30T23:11:20.875,JAYNECOIND,,,,,,,2026-04-30,48.02,30.2,20.81,19.3,0.5,0.54,0.41,,,,,,,,,,,,,,,,,,
2026-04-30T23:11:20.875,SALSTEEL,,,,,,,2026-04-30,46.91,25.31,21.16,11.59,0.55,0.5,0.62,,,,,,,,,,,,,,,,,,
2026-04-30T23:11:20.875,PFOCUS,,,,,,,2026-04-30,45.91,52.59,19.17,4.89,-0.05,0.43,0.74,,,,,,,,,,,,,,,,,,
2026-04-30T23:11:20.875,PRECWIRE,,,,,,,2026-04-30,45.18,27.22,10.04,1.04,0.4,0.88,1.1,,,,,,,,,,,,,,,,,,
2026-04-30T23:11:20.875,ROSSTECH,,,,,,,2026-04-30,44.54,32.49,11.24,NaN,0.45,0.56,0.53,,,,,,,,,,,,,,,,,,
2026-04-30T23:11:20.875,GVT&D,,,,,,,2026-04-30,42.95,30.89,12.12,14.77,0.19,0.64,0.54,,,,,,,,,,,,,,,,,,
2026-04-30T23:11:20.875,VENUSREM,,,,,,,2026-04-30,42.3,43.97,36.18,7.78,0.12,0.29,1.19,,,,,,,,,,,,,,,,,,
2026-04-30T23:11:20.875,KESORAMIND,,,,,,,2026-04-30,41.92,6.83,8.32,-11.14,0.18,0.03,0.95,,,,,,,,,,,,,,,,,,
2026-04-30T23:11:20.875,LUMAXTECH,,,,,,,2026-04-30,41.32,41.99,33.76,26.4,0.01,0.2,0.41,,,,,,,,,,,,,,,,,,
2026-04-30T23:11:20.875,TDPOWERSYS,,,,,,,2026-04-30,40.14,28.13,12.94,14.54,0.36,0.84,0.8,,,,,,,,,,,,,,,,,,
2026-04-30T23:11:20.875,GAYAPROJ,,,,,,,2026-04-30,38.87,18.93,5.8,-2.3,0.41,1.09,2.05,,,,,,,,,,,,,,,,,,
2026-04-30T23:11:20.875,NETWEB,,,,,,,2026-04-30,38.14,25.06,12.01,11.94,0.28,0.34,0.09,,,,,,,,,,,,,,,,,,
2026-04-30T23:11:20.875,BAJAJCON,,,,,,,2026-04-30,35.51,25.99,17.03,5.79,0.29,0.42,0.67,,,,,,,,,,,,,,,,,,
2026-04-30T23:11:20.875,NATIONALUM,,,,,,,2026-04-30,33.92,23.46,22.98,1.26,0.08,0.04,0.69,,,,,,,,,,,,,,,,,,
2026-04-30T23:11:20.875,TATSILV,,,,,,,2026-04-30,32.78,29.07,64.56,13.52,0.08,-0.29,0.65,,,,,,,,,,,,,,,,,,
2026-04-30T23:11:20.875,SBISILVER,,,,,,,2026-04-30,32.77,29.32,63.97,13.13,0.07,-0.29,0.66,,,,,,,,,,,,,,,,,,
2026-04-30T23:11:20.875,SILVERIETF,,,,,,,2026-04-30,32.75,29.05,64.49,13.76,0.07,-0.29,0.64,,,,,,,,,,,,,,,,,,
2026-04-30T23:11:20.875,SILVER,,,,,,,2026-04-30,32.74,28.92,64.38,13.25,0.08,-0.29,0.66,,,,,,,,,,,,,,,,,,
2026-04-30T23:11:20.875,SILVERADD,,,,,,,2026-04-30,32.72,28.86,64.81,13.64,0.08,-0.29,0.65,,,,,,,,,,,,,,,,,,
2026-04-30T23:11:20.875,GVPIL,,,,,,,2026-04-30,32.71,13.5,-3.05,-4.1,0.5,1.2,0.95,,,,,,,,,,,,,,,,,,
2026-04-30T23:11:20.875,SILVERAG,,,,,,,2026-04-30,32.64,29.05,64.31,13.12,0.07,-0.29,0.67,,,,,,,,,,,,,,,,,,
2026-04-30T23:11:20.875,SILVER1,,,,,,,2026-04-30,32.64,29.06,64.21,13.48,0.07,-0.29,0.65,,,,,,,,,,,,,,,,,,
2026-04-30T23:11:20.875,AXISILVER,,,,,,,2026-04-30,32.63,28.98,63.91,13.24,0.08,-0.29,0.66,,,,,,,,,,,,,,,,,,
2026-04-30T23:11:20.875,SILVERBEES,,,,,,,2026-04-30,32.62,29.14,63.78,13.67,0.07,-0.28,0.64,,,,,,,,,,,,,,,,,,
2026-04-30T23:11:20.875,HDFCSILVER,,,,,,,2026-04-30,32.5,28.61,64.85,13.65,0.08,-0.29,0.64,,,,,,,,,,,,,,,,,,
2026-04-30T23:11:20.875,SBC,,,,,,,2026-04-30,32.49,34.11,19.61,6.2,0.09,0.17,0.44,,,,,,,,,,,,,,,,,,
2026-04-30T23:11:20.875,SILVERCASE,,,,,,,2026-04-30,32.48,NaN,NaN,NaN,0.08,-0.29,0.63,,,,,,,,,,,,,,,,,,
2026-04-30T23:11:20.875,ESILVER,,,,,,,2026-04-30,32.45,29.03,64.32,14.24,0.07,-0.29,0.61,,,,,,,,,,,,,,,,,,
2026-04-30T23:11:20.875,ACUTAAS,,,,,,,2026-04-30,32.45,28.9,16.61,25.5,0.02,0.5,0.54,,,,,,,,,,,,,,,,,,
2026-04-30T23:11:20.875,SILVERBETA,,,,,,,2026-04-30,32.43,28.36,64.32,13.31,0.08,-0.29,0.65,,,,,,,,,,,,,,,,,,
2026-04-30T23:11:20.875,KMEW,,,,,,,2026-04-30,32.35,22.09,19.6,NaN,0.16,0.07,0.56,,,,,,,,,,,,,,,,,,
2026-04-30T23:11:20.875,AGIIL,,,,,,,2026-04-30,32.05,16.63,13.37,36.74,0.34,0.55,0.49,,,,,,,,,,,,,,,,,,
2026-04-30T23:11:20.875,HINDCOPPER,,,,,,,2026-04-30,31.9,26.77,31.81,3.21,0.08,-0.05,0.56,,,,,,,,,,,,,,,,,,
2026-04-30T23:11:20.875,MCX,,,,,,,2026-04-30,31.52,26.81,24.37,9.81,0.24,0.23,0.65,,,,,,,,,,,,,,,,,,
2026-04-30T23:11:20.875,IMFA,,,,,,,2026-04-30,30.36,20.33,9.22,12.78,0.22,0.33,0.39,,,,,,,,,,,,,,,,,,
2026-04-30T23:11:20.875,AXISCADES,,,,,,,2026-04-30,29.88,12.01,10.26,39.64,0.38,0.79,0.39,,,,,,,,,,,,,,,,,,
2026-04-30T23:11:20.875,KIRLOSENG,,,,,,,2026-04-30,29.35,19.86,5.63,-4.75,0.26,0.55,0.89,,,,,,,,,,,,,,,,,,
2026-04-30T23:11:20.875,BHARATSE,,,,,,,2026-04-30,29.28,NaN,NaN,NaN,0.25,0.38,-0.12,,,,,,,,,,,,,,,,,,
2026-04-30T23:11:20.875,INFOBEAN,,,,,,,2026-04-30,28.76,15.28,21.84,8.09,0.36,-0.03,0.36,,,,,,,,,,,,,,,,,,
2026-04-30T23:11:20.875,SANSERA,,,,,,,2026-04-30,28.38,18.2,6.75,-0.57,0.16,0.53,0.72,,,,,,,,,,,,,,,,,,
2026-04-30T23:11:20.875,HARDWYN,,,,,,,2026-04-30,28.27,14.94,-1.21,-10.73,0.37,0.72,0.93,,,,,,,,,,,,,,,,,,
2026-04-30T23:11:20.875,GMDCLTD,,,,,,,2026-04-30,28.16,24.03,15.17,16.6,0.3,0.39,0.26,,,,,,,,,,,,,,,,,,
2026-04-30T23:11:20.875,BLISSGVS,,,,,,,2026-04-30,27.71,18.37,0.64,1.73,0.27,0.66,0.81,,,,,,,,,,,,,,,,,,
2026-04-30T23:11:20.875,SILVERTUC,,,,,,,2026-04-30,27.56,16.02,27.16,0.13,0.51,0.14,1.29,,,,,,,,,,,,,,,,,,
2026-04-30T23:11:20.875,APARINDS,,,,,,,2026-04-30,26.76,18.75,-4.72,-2.86,0.16,0.71,0.41,,,,,,,,,,,,,,,,,,
2026-04-30T23:11:20.875,APEX,,,,,,,2026-04-30,26.67,15.18,5.9,-1.77,0.24,0.59,0.94,,,,,,,,,,,,,,,,,,
2026-04-30T23:11:20.875,MIRCELECTR,,,,,,,2026-04-30,26.32,22.51,9.43,8.66,0.25,0.12,0.12,,,,,,,,,,,,,,,,,,
2026-04-30T23:11:20.875,SAKAR,,,,,,,2026-04-30,25.58,26.2,6.91,3.44,0.21,0.66,0.76,,,,,,,,,,,,,,,,,,
2026-04-30T23:11:20.875,KRISHANA,,,,,,,2026-04-30,24.43,18.85,27.17,33.63,0.25,0.28,0.16,,,,,,,,,,,,,,,,,,
2026-04-30T23:11:20.875,FORCEMOT,,,,,,,2026-04-30,23.78,33.23,41.58,33.88,-0.03,0.06,0.22,,,,,,,,,,,,,,,,,,
2026-04-30T23:11:20.875,SOUTHWEST,,,,,,,2026-04-30,23.21,19.89,8.44,3.42,0.16,0.33,0.72,,,,,,,,,,,,,,,,,,
2026-04-30T23:11:20.875,ADANIPOWER,,,,,,,2026-04-30,22.53,11.23,5.45,10.1,0.44,0.65,0.32,,,,,,,,,,,,,,,,,,
2026-04-30T23:11:20.875,ANANDRATHI,,,,,,,2026-04-30,22.44,16.9,11.98,12.02,0.19,0.24,0.16,,,,,,,,,,,,,,,,,,
2026-04-30T23:11:20.875,SCHNEIDER,,,,,,,2026-04-30,21.88,7.99,-3.48,1.01,0.42,0.97,0.48,,,,,,,,,,,,,,,,,,
2026-04-30T23:11:20.875,LUMAXIND,,,,,,,2026-04-30,21.26,22.85,23.68,24.29,0.04,0.08,0.02,,,,,,,,,,,,,,,,,,
2026-04-30T23:11:20.875,NGLFINE,,,,,,,2026-04-30,20.97,22.2,0.04,-5.77,0.04,0.41,0.49,,,,,,,,,,,,,,,,,,
2026-04-30T23:11:20.875,THANGAMAYL,,,,,,,2026-04-30,20.7,20.71,21.38,-2.57,0.15,0.16,0.94,,,,,,,,,,,,,,,,,,
2026-04-30T23:11:20.875,DATAPATTNS,,,,,,,2026-04-30,20.41,17.8,-0.46,3.83,0.29,0.78,0.46,,,,,,,,,,,,,,,,,,
2026-04-30T23:11:20.875,MBAPL,,,,,,,2026-04-30,20.08,13.14,9.68,17.59,0.14,0.31,0.29,,,,,,,,,,,,,,,,,,
2026-04-30T23:11:20.875,GALLANTT,,,,,,,2026-04-30,19.65,11.26,12.12,11.64,0.59,0.64,0.63,,,,,,,,,,,,,,,,,,
2026-04-30T23:11:20.875,GOKULAGRO,,,,,,,2026-04-30,19.33,12.19,-0.97,4.62,0.26,0.51,0.44,,,,,,,,,,,,,,,,,,
2026-04-30T23:11:20.875,TFCILTD,,,,,,,2026-04-30,19.25,27.45,22.8,34.78,0.11,0.19,0.01,,,,,,,,,,,,,,,,,,
2026-04-30T23:11:20.875,SHARDACROP,,,,,,,2026-04-30,19.2,13.12,7.11,11.16,0.17,0.29,0.21,,,,,,,,,,,,,,,,,,
2026-04-30T23:11:20.875,SJS,,,,,,,2026-04-30,18.93,18.17,14.9,9.93,0.12,0.12,0.2,,,,,,,,,,,,,,,,,,
2026-04-30T23:11:20.875,DYNAMATECH,,,,,,,2026-04-30,18.65,10.16,1.75,1.03,0.28,0.46,0.45,,,,,,,,,,,,,,,,,,
2026-04-30T23:11:20.875,SYRMA,,,,,,,2026-04-30,18.62,17.17,5.77,20.3,0.17,0.46,0.24,,,,,,,,,,,,,,,,,,
2026-04-30T23:11:20.875,MANINDS,,,,,,,2026-04-30,18.59,3.28,-0.38,6.29,0.6,0.69,0.3,,,,,,,,,,,,,,,,,,
2026-04-30T23:11:20.875,SHRIPISTON,,,,,,,2026-04-30,18.51,14.34,9.34,5.99,0.15,0.3,0.3,,,,,,,,,,,,,,,,,,
2026-04-30T23:11:20.875,CHENNPETRO,,,,,,,2026-04-30,18.27,15.21,9.52,-2.04,0.18,0.35,0.46,,,,,,,,,,,,,,,,,,
2026-04-30T23:11:20.875,CUMMINSIND,,,,,,,2026-04-30,18.02,12.71,8.09,4.63,0.14,0.34,0.26,,,,,,,,,,,,,,,,,,
2026-04-30T23:11:20.875,WHEELS,,,,,,,2026-04-30,17.73,17.21,0.77,6.23,0.14,0.72,0.3,,,,,,,,,,,,,,,,,,
2026-04-30T23:11:20.875,DEEDEV,,,,,,,2026-04-30,17.68,1.8,-8.96,0.7,0.5,1.26,0.58,,,,,,,,,,,,,,,,,,
2026-04-30T23:11:20.875,MON100,,,,,,,2026-04-30,17.62,5.86,4.08,10.21,0.29,0.27,0.24,,,,,,,,,,,,,,,,,,
2026-04-29T05:03:08.829,WAAREEINDO,,,,,,,2026-04-29,3031.53,3184.79,3735.25,3139.37,0.07,0.07,0.76,,,,,,,,,,,,,,,,,,
2026-04-29T05:03:08.829,CUPID,,,,,,,2026-04-29,142.96,122.06,113.04,55.49,0.39,0.36,1.22,,,,,,,,,,,,,,,,,,
2026-04-29T05:03:08.829,MTARTECH,,,,,,,2026-04-29,65.48,41.99,13.21,5.77,0.49,1.16,1.47,,,,,,,,,,,,,,,,,,
2026-04-29T05:03:08.829,BHAGYANGR,,,,,,,2026-04-29,61.61,24.33,23.0,-0.1,0.9,0.7,1.76,,,,,,,,,,,,,,,,,,
2026-04-29T05:03:08.829,BGRENERGY,,,,,,,2026-04-29,61.3,51.68,47.08,196.48,0.18,-0.09,-0.3,,,,,,,,,,,,,,,,,,
2026-04-29T05:03:08.829,QPOWER,,,,,,,2026-04-29,57.53,31.43,NaN,NaN,0.64,1.07,0.38,,,,,,,,,,,,,,,,,,
2026-04-29T05:03:08.829,STLTECH,,,,,,,2026-04-29,53.64,28.25,-2.84,-0.54,0.58,2.06,1.44,,,,,,,,,,,,,,,,,,
2026-04-29T05:03:08.829,SALSTEEL,,,,,,,2026-04-29,52.79,23.85,22.41,9.38,0.62,0.47,0.73,,,,,,,,,,,,,,,,,,
2026-04-29T05:03:08.829,ROSSTECH,,,,,,,2026-04-29,49.68,39.7,12.44,NaN,0.46,0.57,0.5,,,,,,,,,,,,,,,,,,
2026-04-29T05:03:08.829,KESORAMIND,,,,,,,2026-04-29,48.73,4.4,11.71,-11.03,0.19,-0.02,0.95,,,,,,,,,,,,,,,,,,
2026-04-29T05:03:08.829,PFOCUS,,,,,,,2026-04-29,47.63,49.23,22.82,3.66,0.0,0.34,0.81,,,,,,,,,,,,,,,,,,
2026-04-29T05:03:08.829,JAYNECOIND,,,,,,,2026-04-29,47.52,30.85,23.46,16.69,0.52,0.48,0.48,,,,,,,,,,,,,,,,,,
2026-04-29T05:03:08.829,GVT&D,,,,,,,2026-04-29,44.26,28.25,9.88,13.34,0.28,0.71,0.53,,,,,,,,,,,,,,,,,,
2026-04-29T05:03:08.829,PRECWIRE,,,,,,,2026-04-29,42.86,29.21,9.34,0.6,0.35,0.87,0.99,,,,,,,,,,,,,,,,,,
2026-04-29T05:03:08.829,LUMAXTECH,,,,,,,2026-04-29,42.29,41.29,35.39,26.83,0.06,0.2,0.4,,,,,,,,,,,,,,,,,,
2026-04-29T05:03:08.829,NATIONALUM,,,,,,,2026-04-29,41.49,21.94,22.79,1.9,0.25,0.21,0.94,,,,,,,,,,,,,,,,,,
2026-04-29T05:03:08.829,TDPOWERSYS,,,,,,,2026-04-29,39.43,31.39,13.17,13.95,0.33,0.82,0.76,,,,,,,,,,,,,,,,,,
2026-04-29T05:03:08.829,NETWEB,,,,,,,2026-04-29,37.91,25.75,10.44,14.0,0.25,0.27,0.03,,,,,,,,,,,,,,,,,,
2026-04-29T05:03:08.829,VENUSREM,,,,,,,2026-04-29,37.7,44.01,35.0,8.0,0.05,0.23,1.0,,,,,,,,,,,,,,,,,,
2026-04-29T05:03:08.829,BAJAJCON,,,,,,,2026-04-29,37.33,29.97,14.32,5.39,0.29,0.57,0.71,,,,,,,,,,,,,,,,,,
2026-04-29T05:03:08.829,INFOBEAN,,,,,,,2026-04-29,36.1,16.57,32.59,6.1,0.46,-0.11,0.59,,,,,,,,,,,,,,,,,,
2026-04-29T05:03:08.829,IMFA,,,,,,,2026-04-29,36.09,20.81,8.38,13.49,0.36,0.46,0.44,,,,,,,,,,,,,,,,,,
2026-04-29T05:03:08.829,HINDCOPPER,,,,,,,2026-04-29,34.2,25.86,32.41,4.02,0.2,0.05,0.61,,,,,,,,,,,,,,,,,,
2026-04-29T05:03:08.829,SILVERCASE,,,,,,,2026-04-29,33.65,NaN,NaN,NaN,0.06,-0.19,0.54,,,,,,,,,,,,,,,,,,
2026-04-29T05:03:08.829,TATSILV,,,,,,,2026-04-29,33.39,28.89,52.02,16.22,0.05,-0.19,0.53,,,,,,,,,,,,,,,,,,
2026-04-29T05:03:08.829,SILVER,,,,,,,2026-04-29,33.38,28.32,51.59,15.7,0.06,-0.18,0.55,,,,,,,,,,,,,,,,,,
2026-04-29T05:03:08.829,SILVERIETF,,,,,,,2026-04-29,33.3,28.48,51.65,15.6,0.06,-0.19,0.55,,,,,,,,,,,,,,,,,,
2026-04-29T05:03:08.829,SILVERBEES,,,,,,,2026-04-29,33.27,28.4,51.59,15.65,0.06,-0.19,0.55,,,,,,,,,,,,,,,,,,
2026-04-29T05:03:08.829,SILVERADD,,,,,,,2026-04-29,33.26,28.8,51.25,15.57,0.05,-0.18,0.56,,,,,,,,,,,,,,,,,,
2026-04-29T05:03:08.829,AXISILVER,,,,,,,2026-04-29,33.22,28.42,52.24,15.67,0.06,-0.19,0.55,,,,,,,,,,,,,,,,,,
2026-04-29T05:03:08.829,SILVER1,,,,,,,2026-04-29,33.11,28.67,51.37,15.51,0.05,-0.19,0.55,,,,,,,,,,,,,,,,,,
2026-04-29T05:03:08.829,ESILVER,,,,,,,2026-04-29,33.08,28.39,50.8,15.51,0.06,-0.18,0.55,,,,,,,,,,,,,,,,,,
2026-04-29T05:03:08.829,SBISILVER,,,,,,,2026-04-29,33.03,28.52,52.45,15.38,0.06,-0.2,0.56,,,,,,,,,,,,,,,,,,
2026-04-29T05:03:08.829,HDFCSILVER,,,,,,,2026-04-29,33.02,28.41,52.36,15.56,0.06,-0.2,0.55,,,,,,,,,,,,,,,,,,
2026-04-29T05:03:08.829,SILVERBETA,,,,,,,2026-04-29,32.99,28.16,52.48,15.81,0.06,-0.2,0.54,,,,,,,,,,,,,,,,,,
2026-04-29T05:03:08.829,KMEW,,,,,,,2026-04-29,32.89,24.85,20.43,NaN,0.17,0.06,0.59,,,,,,,,,,,,,,,,,,
2026-04-29T05:03:08.829,SILVERAG,,,,,,,2026-04-29,32.78,28.74,50.65,15.61,0.05,-0.18,0.55,,,,,,,,,,,,,,,,,,
2026-04-29T05:03:08.829,SBC,,,,,,,2026-04-29,32.33,33.69,18.19,5.13,0.07,0.15,0.44,,,,,,,,,,,,,,,,,,
2026-04-29T05:03:08.829,MCX,,,,,,,2026-04-29,32.05,29.73,22.06,11.07,0.2,0.25,0.58,,,,,,,,,,,,,,,,,,
2026-04-29T05:03:08.829,SILVER360,,,,,,,2026-04-29,31.8,NaN,NaN,NaN,0.05,-0.18,0.56,,,,,,,,,,,,,,,,,,
2026-04-29T05:03:08.829,KRISHANA,,,,,,,2026-04-29,30.99,20.53,30.42,40.4,0.4,0.37,0.14,,,,,,,,,,,,,,,,,,
2026-04-29T05:03:08.829,KIRLOSENG,,,,,,,2026-04-29,30.13,19.57,5.7,-5.21,0.3,0.55,0.93,,,,,,,,,,,,,,,,,,
2026-04-29T05:03:08.829,GVPIL,,,,,,,2026-04-29,29.93,14.01,-2.07,-4.37,0.44,1.06,0.86,,,,,,,,,,,,,,,,,,
2026-04-29T05:03:08.829,ACUTAAS,,,,,,,2026-04-29,29.79,28.42,14.33,27.29,0.01,0.5,0.38,,,,,,,,,,,,,,,,,,
2026-04-29T05:03:08.829,SANSERA,,,,,,,2026-04-29,29.56,18.53,6.87,-0.86,0.22,0.52,0.73,,,,,,,,,,,,,,,,,,
2026-04-29T05:03:08.829,APEX,,,,,,,2026-04-29,28.14,15.32,3.71,-2.37,0.23,0.73,1.04,,,,,,,,,,,,,,,,,,
2026-04-29T05:03:08.829,AGIIL,,,,,,,2026-04-29,27.41,21.19,12.65,37.87,0.16,0.43,0.33,,,,,,,,,,,,,,,,,,
2026-04-29T05:03:08.829,AXISCADES,,,,,,,2026-04-29,27.38,10.87,10.51,41.66,0.37,0.76,0.28,,,,,,,,,,,,,,,,,,
2026-04-29T05:03:08.829,SILVERTUC,,,,,,,2026-04-29,26.89,16.2,25.39,-0.15,0.38,0.11,1.16,,,,,,,,,,,,,,,,,,
2026-04-29T05:03:08.829,APARINDS,,,,,,,2026-04-29,26.62,15.38,-4.39,-3.85,0.2,0.64,0.38,,,,,,,,,,,,,,,,,,
2026-04-29T05:03:08.829,FORCEMOT,,,,,,,2026-04-29,26.59,39.78,48.04,37.74,-0.03,0.0,0.18,,,,,,,,,,,,,,,,,,
2026-04-29T05:03:08.829,BLISSGVS,,,,,,,2026-04-29,26.47,17.44,0.1,4.45,0.3,0.74,0.73,,,,,,,,,,,,,,,,,,
2026-04-29T05:03:08.829,SAKAR,,,,,,,2026-04-29,26.45,24.18,9.44,4.13,0.28,0.6,0.79,,,,,,,,,,,,,,,,,,
2026-04-29T05:03:08.829,GMDCLTD,,,,,,,2026-04-29,26.02,27.5,15.68,17.05,0.25,0.33,0.22,,,,,,,,,,,,,,,,,,
2026-04-29T05:03:08.829,HARDWYN,,,,,,,2026-04-29,25.49,15.11,1.03,-11.94,0.34,0.57,1.11,,,,,,,,,,,,,,,,,,
2026-04-29T05:03:08.829,MIRCELECTR,,,,,,,2026-04-29,25.13,17.72,12.63,6.44,0.42,0.08,0.18,,,,,,,,,,,,,,,,,,
2026-04-29T05:03:08.829,SMLMAH,,,,,,,2026-04-29,24.4,54.29,39.1,17.42,-0.03,0.07,0.33,,,,,,,,,,,,,,,,,,
2026-04-29T05:03:08.829,BHARATSE,,,,,,,2026-04-29,24.1,NaN,NaN,NaN,0.11,0.19,-0.24,,,,,,,,,,,,,,,,,,
2026-04-29T05:03:08.829,ADANIPOWER,,,,,,,2026-04-29,22.88,10.81,6.03,9.89,0.49,0.59,0.31,,,,,,,,,,,,,,,,,,
2026-04-29T05:03:08.829,SHARDACROP,,,,,,,2026-04-29,22.61,15.2,4.81,8.57,0.27,0.39,0.39,,,,,,,,,,,,,,,,,,
2026-04-29T05:03:08.829,ANANDRATHI,,,,,,,2026-04-29,22.19,16.58,13.25,14.05,0.21,0.19,0.12,,,,,,,,,,,,,,,,,,
2026-04-29T05:03:08.829,THANGAMAYL,,,,,,,2026-04-29,21.85,21.4,24.71,-4.11,0.2,0.09,1.01,,,,,,,,,,,,,,,,,,
2026-04-29T05:03:08.829,SOUTHWEST,,,,,,,2026-04-29,21.48,23.22,9.47,1.89,0.12,0.28,0.76,,,,,,,,,,,,,,,,,,
2026-04-29T05:03:08.829,DATAPATTNS,,,,,,,2026-04-29,20.66,19.8,1.03,3.92,0.25,0.77,0.43,,,,,,,,,,,,,,,,,,
2026-04-29T05:03:08.829,GLOBAL,,,,,,,2026-04-29,20.46,23.03,6.2,-5.16,0.11,0.26,0.63,,,,,,,,,,,,,,,,,,
2026-04-29T05:03:08.829,LUMAXIND,,,,,,,2026-04-29,20.33,28.6,25.55,26.33,0.01,0.02,-0.04,,,,,,,,,,,,,,,,,,
2026-04-29T05:03:08.829,MONQ50,,,,,,,2026-04-29,20.13,6.95,5.1,13.13,0.3,0.28,0.25,,,,,,,,,,,,,,,,,,
2026-04-29T05:03:08.829,TFCILTD,,,,,,,2026-04-29,19.49,27.42,24.37,35.69,0.12,0.14,-0.01,,,,,,,,,,,,,,,,,,
2026-04-29T05:03:08.829,SYRMA,,,,,,,2026-04-29,19.39,17.97,5.79,21.25,0.23,0.46,0.22,,,,,,,,,,,,,,,,,,
2026-04-29T05:03:08.829,DYNAMATECH,,,,,,,2026-04-29,19.32,14.49,3.58,1.43,0.22,0.42,0.44,,,,,,,,,,,,,,,,,,
2026-04-29T05:03:08.829,MBAPL,,,,,,,2026-04-29,19.21,10.89,11.91,22.31,0.16,0.28,0.16,,,,,,,,,,,,,,,,,,
2026-04-29T05:03:08.829,SMSPHARMA,,,,,,,2026-04-29,18.94,24.53,8.86,-1.83,-0.01,0.29,0.35,,,,,,,,,,,,,,,,,,
2026-04-29T05:03:08.829,VEDL,,,,,,,2026-04-29,18.79,10.54,13.28,-0.09,0.14,0.09,0.55,,,,,,,,,,,,,,,,,,
2026-04-29T05:03:08.829,MON100,,,,,,,2026-04-29,18.7,6.88,5.35,10.51,0.32,0.28,0.25,,,,,,,,,,,,,,,,,,
2026-04-29T05:03:08.829,CUMMINSIND,,,,,,,2026-04-29,18.46,13.3,9.54,2.88,0.14,0.29,0.31,,,,,,,,,,,,,,,,,,
2026-04-29T05:03:08.829,SCHNEIDER,,,,,,,2026-04-29,18.38,9.51,-3.45,-0.23,0.28,0.84,0.4,,,,,,,,,,,,,,,,,,
2026-04-29T05:03:08.829,SHRIPISTON,,,,,,,2026-04-29,18.36,13.48,10.97,5.65,0.17,0.23,0.29,,,,,,,,,,,,,,,,,,
2026-04-29T05:03:08.829,GALLANTT,,,,,,,2026-04-29,18.15,14.33,14.23,16.8,0.59,0.57,0.43,,,,,,,,,,,,,,,,,,
2026-04-29T05:03:08.829,MANINDS,,,,,,,2026-04-29,18.09,5.58,0.81,6.14,0.57,0.63,0.3,,,,,,,,,,,,,,,,,,
2026-04-29T05:03:08.829,AVANTIFEED,,,,,,,2026-04-29,17.68,8.43,3.66,1.61,0.2,0.82,1.05,,,,,,,,,,,,,,,,,,
2026-04-28T22:50:03.742,WAAREEINDO,,,,,,,2026-04-28,3031.53,3184.79,3735.25,3139.37,0.07,0.07,0.76,,,,,,,,,,,,,,,,,,
2026-04-28T22:50:03.742,CUPID,,,,,,,2026-04-28,142.96,122.06,113.04,55.49,0.39,0.36,1.22,,,,,,,,,,,,,,,,,,
2026-04-28T22:50:03.742,MTARTECH,,,,,,,2026-04-28,65.48,41.99,13.21,5.77,0.49,1.16,1.47,,,,,,,,,,,,,,,,,,
2026-04-28T22:50:03.742,BHAGYANGR,,,,,,,2026-04-28,61.61,24.33,23.0,-0.1,0.9,0.7,1.76,,,,,,,,,,,,,,,,,,
2026-04-28T22:50:03.742,BGRENERGY,,,,,,,2026-04-28,61.3,51.68,47.08,196.48,0.18,-0.09,-0.3,,,,,,,,,,,,,,,,,,
2026-04-28T22:50:03.742,QPOWER,,,,,,,2026-04-28,57.53,31.43,NaN,NaN,0.64,1.07,0.38,,,,,,,,,,,,,,,,,,
2026-04-28T22:50:03.742,STLTECH,,,,,,,2026-04-28,53.64,28.25,-2.84,-0.54,0.58,2.06,1.44,,,,,,,,,,,,,,,,,,
2026-04-28T22:50:03.742,SALSTEEL,,,,,,,2026-04-28,52.79,23.85,22.41,9.38,0.62,0.47,0.73,,,,,,,,,,,,,,,,,,
2026-04-28T22:50:03.742,ROSSTECH,,,,,,,2026-04-28,49.68,39.7,12.44,NaN,0.46,0.57,0.5,,,,,,,,,,,,,,,,,,
2026-04-28T22:50:03.742,KESORAMIND,,,,,,,2026-04-28,48.73,4.4,11.71,-11.03,0.19,-0.02,0.95,,,,,,,,,,,,,,,,,,
2026-04-28T22:50:03.742,PFOCUS,,,,,,,2026-04-28,47.63,49.23,22.82,3.66,0.0,0.34,0.81,,,,,,,,,,,,,,,,,,
2026-04-28T22:50:03.742,JAYNECOIND,,,,,,,2026-04-28,47.52,30.85,23.46,16.69,0.52,0.48,0.48,,,,,,,,,,,,,,,,,,
2026-04-28T22:50:03.742,GVT&D,,,,,,,2026-04-28,44.26,28.25,9.88,13.34,0.28,0.71,0.53,,,,,,,,,,,,,,,,,,
2026-04-28T22:50:03.742,PRECWIRE,,,,,,,2026-04-28,42.86,29.21,9.34,0.6,0.35,0.87,0.99,,,,,,,,,,,,,,,,,,
2026-04-28T22:50:03.742,LUMAXTECH,,,,,,,2026-04-28,42.29,41.29,35.39,26.83,0.06,0.2,0.4,,,,,,,,,,,,,,,,,,
2026-04-28T22:50:03.742,NATIONALUM,,,,,,,2026-04-28,41.49,21.94,22.79,1.9,0.25,0.21,0.94,,,,,,,,,,,,,,,,,,
2026-04-28T22:50:03.742,TDPOWERSYS,,,,,,,2026-04-28,39.43,31.39,13.17,13.95,0.33,0.82,0.76,,,,,,,,,,,,,,,,,,
2026-04-28T22:50:03.742,NETWEB,,,,,,,2026-04-28,37.91,25.75,10.44,14.0,0.25,0.27,0.03,,,,,,,,,,,,,,,,,,
2026-04-28T22:50:03.742,VENUSREM,,,,,,,2026-04-28,37.7,44.01,35.0,8.0,0.05,0.23,1.0,,,,,,,,,,,,,,,,,,
2026-04-28T22:50:03.742,BAJAJCON,,,,,,,2026-04-28,37.33,29.97,14.32,5.39,0.29,0.57,0.71,,,,,,,,,,,,,,,,,,
2026-04-28T22:50:03.742,INFOBEAN,,,,,,,2026-04-28,36.1,16.57,32.59,6.1,0.46,-0.11,0.59,,,,,,,,,,,,,,,,,,
2026-04-28T22:50:03.742,IMFA,,,,,,,2026-04-28,36.09,20.81,8.38,13.49,0.36,0.46,0.44,,,,,,,,,,,,,,,,,,
2026-04-28T22:50:03.742,HINDCOPPER,,,,,,,2026-04-28,34.2,25.86,32.41,4.02,0.2,0.05,0.61,,,,,,,,,,,,,,,,,,
2026-04-28T22:50:03.742,SILVERCASE,,,,,,,2026-04-28,33.65,NaN,NaN,NaN,0.06,-0.19,0.54,,,,,,,,,,,,,,,,,,
2026-04-28T22:50:03.742,TATSILV,,,,,,,2026-04-28,33.39,28.89,52.02,16.22,0.05,-0.19,0.53,,,,,,,,,,,,,,,,,,
2026-04-28T22:50:03.742,SILVER,,,,,,,2026-04-28,33.38,28.32,51.59,15.7,0.06,-0.18,0.55,,,,,,,,,,,,,,,,,,
2026-04-28T22:50:03.742,SILVERIETF,,,,,,,2026-04-28,33.3,28.48,51.65,15.6,0.06,-0.19,0.55,,,,,,,,,,,,,,,,,,
2026-04-28T22:50:03.742,SILVERBEES,,,,,,,2026-04-28,33.27,28.4,51.59,15.65,0.06,-0.19,0.55,,,,,,,,,,,,,,,,,,
2026-04-28T22:50:03.742,SILVERADD,,,,,,,2026-04-28,33.26,28.8,51.25,15.57,0.05,-0.18,0.56,,,,,,,,,,,,,,,,,,
2026-04-28T22:50:03.742,AXISILVER,,,,,,,2026-04-28,33.22,28.42,52.24,15.67,0.06,-0.19,0.55,,,,,,,,,,,,,,,,,,
2026-04-28T22:50:03.742,SILVER1,,,,,,,2026-04-28,33.11,28.67,51.37,15.51,0.05,-0.19,0.55,,,,,,,,,,,,,,,,,,
2026-04-28T22:50:03.742,ESILVER,,,,,,,2026-04-28,33.08,28.39,50.8,15.51,0.06,-0.18,0.55,,,,,,,,,,,,,,,,,,
2026-04-28T22:50:03.742,SBISILVER,,,,,,,2026-04-28,33.03,28.52,52.45,15.38,0.06,-0.2,0.56,,,,,,,,,,,,,,,,,,
2026-04-28T22:50:03.742,HDFCSILVER,,,,,,,2026-04-28,33.02,28.41,52.36,15.56,0.06,-0.2,0.55,,,,,,,,,,,,,,,,,,
2026-04-28T22:50:03.742,SILVERBETA,,,,,,,2026-04-28,32.99,28.16,52.48,15.81,0.06,-0.2,0.54,,,,,,,,,,,,,,,,,,
2026-04-28T22:50:03.742,KMEW,,,,,,,2026-04-28,32.89,24.85,20.43,NaN,0.17,0.06,0.59,,,,,,,,,,,,,,,,,,
2026-04-28T22:50:03.742,SILVERAG,,,,,,,2026-04-28,32.78,28.74,50.65,15.61,0.05,-0.18,0.55,,,,,,,,,,,,,,,,,,
2026-04-28T22:50:03.742,SBC,,,,,,,2026-04-28,32.33,33.69,18.19,5.13,0.07,0.15,0.44,,,,,,,,,,,,,,,,,,
2026-04-28T22:50:03.742,MCX,,,,,,,2026-04-28,32.05,29.73,22.06,11.07,0.2,0.25,0.58,,,,,,,,,,,,,,,,,,
2026-04-28T22:50:03.742,SILVER360,,,,,,,2026-04-28,31.8,NaN,NaN,NaN,0.05,-0.18,0.56,,,,,,,,,,,,,,,,,,
2026-04-28T22:50:03.742,KRISHANA,,,,,,,2026-04-28,30.99,20.53,30.42,40.4,0.4,0.37,0.14,,,,,,,,,,,,,,,,,,
2026-04-28T22:50:03.742,KIRLOSENG,,,,,,,2026-04-28,30.13,19.57,5.7,-5.21,0.3,0.55,0.93,,,,,,,,,,,,,,,,,,
2026-04-28T22:50:03.742,GVPIL,,,,,,,2026-04-28,29.93,14.01,-2.07,-4.37,0.44,1.06,0.86,,,,,,,,,,,,,,,,,,
2026-04-28T22:50:03.742,ACUTAAS,,,,,,,2026-04-28,29.79,28.42,14.33,27.29,0.01,0.5,0.38,,,,,,,,,,,,,,,,,,
2026-04-28T22:50:03.742,SANSERA,,,,,,,2026-04-28,29.56,18.53,6.87,-0.86,0.22,0.52,0.73,,,,,,,,,,,,,,,,,,
2026-04-28T22:50:03.742,APEX,,,,,,,2026-04-28,28.14,15.32,3.71,-2.37,0.23,0.73,1.04,,,,,,,,,,,,,,,,,,
2026-04-28T22:50:03.742,AGIIL,,,,,,,2026-04-28,27.41,21.19,12.65,37.87,0.16,0.43,0.33,,,,,,,,,,,,,,,,,,
2026-04-28T22:50:03.742,AXISCADES,,,,,,,2026-04-28,27.38,10.87,10.51,41.66,0.37,0.76,0.28,,,,,,,,,,,,,,,,,,
2026-04-28T22:50:03.742,SILVERTUC,,,,,,,2026-04-28,26.89,16.2,25.39,-0.15,0.38,0.11,1.16,,,,,,,,,,,,,,,,,,
2026-04-28T22:50:03.742,APARINDS,,,,,,,2026-04-28,26.62,15.38,-4.39,-3.85,0.2,0.64,0.38,,,,,,,,,,,,,,,,,,
2026-04-28T22:50:03.742,FORCEMOT,,,,,,,2026-04-28,26.59,39.78,48.04,37.74,-0.03,0.0,0.18,,,,,,,,,,,,,,,,,,
2026-04-28T22:50:03.742,BLISSGVS,,,,,,,2026-04-28,26.47,17.44,0.1,4.45,0.3,0.74,0.73,,,,,,,,,,,,,,,,,,
2026-04-28T22:50:03.742,SAKAR,,,,,,,2026-04-28,26.45,24.18,9.44,4.13,0.28,0.6,0.79,,,,,,,,,,,,,,,,,,
2026-04-28T22:50:03.742,GMDCLTD,,,,,,,2026-04-28,26.02,27.5,15.68,17.05,0.25,0.33,0.22,,,,,,,,,,,,,,,,,,
2026-04-28T22:50:03.742,HARDWYN,,,,,,,2026-04-28,25.49,15.11,1.03,-11.94,0.34,0.57,1.11,,,,,,,,,,,,,,,,,,
2026-04-28T22:50:03.742,MIRCELECTR,,,,,,,2026-04-28,25.13,17.72,12.63,6.44,0.42,0.08,0.18,,,,,,,,,,,,,,,,,,
2026-04-28T22:50:03.742,SMLMAH,,,,,,,2026-04-28,24.4,54.29,39.1,17.42,-0.03,0.07,0.33,,,,,,,,,,,,,,,,,,
2026-04-28T22:50:03.742,BHARATSE,,,,,,,2026-04-28,24.1,NaN,NaN,NaN,0.11,0.19,-0.24,,,,,,,,,,,,,,,,,,
2026-04-28T22:50:03.742,ADANIPOWER,,,,,,,2026-04-28,22.88,10.81,6.03,9.89,0.49,0.59,0.31,,,,,,,,,,,,,,,,,,
2026-04-28T22:50:03.742,SHARDACROP,,,,,,,2026-04-28,22.61,15.2,4.81,8.57,0.27,0.39,0.39,,,,,,,,,,,,,,,,,,
2026-04-28T22:50:03.742,ANANDRATHI,,,,,,,2026-04-28,22.19,16.58,13.25,14.05,0.21,0.19,0.12,,,,,,,,,,,,,,,,,,
2026-04-28T22:50:03.742,THANGAMAYL,,,,,,,2026-04-28,21.85,21.4,24.71,-4.11,0.2,0.09,1.01,,,,,,,,,,,,,,,,,,
2026-04-28T22:50:03.742,SOUTHWEST,,,,,,,2026-04-28,21.48,23.22,9.47,1.89,0.12,0.28,0.76,,,,,,,,,,,,,,,,,,
2026-04-28T22:50:03.742,DATAPATTNS,,,,,,,2026-04-28,20.66,19.8,1.03,3.92,0.25,0.77,0.43,,,,,,,,,,,,,,,,,,
2026-04-28T22:50:03.742,GLOBAL,,,,,,,2026-04-28,20.46,23.03,6.2,-5.16,0.11,0.26,0.63,,,,,,,,,,,,,,,,,,
2026-04-28T22:50:03.742,LUMAXIND,,,,,,,2026-04-28,20.33,28.6,25.55,26.33,0.01,0.02,-0.04,,,,,,,,,,,,,,,,,,
2026-04-28T22:50:03.742,MONQ50,,,,,,,2026-04-28,20.13,6.95,5.1,13.13,0.3,0.28,0.25,,,,,,,,,,,,,,,,,,
2026-04-28T22:50:03.742,TFCILTD,,,,,,,2026-04-28,19.49,27.42,24.37,35.69,0.12,0.14,-0.01,,,,,,,,,,,,,,,,,,
2026-04-28T22:50:03.742,SYRMA,,,,,,,2026-04-28,19.39,17.97,5.79,21.25,0.23,0.46,0.22,,,,,,,,,,,,,,,,,,
2026-04-28T22:50:03.742,DYNAMATECH,,,,,,,2026-04-28,19.32,14.49,3.58,1.43,0.22,0.42,0.44,,,,,,,,,,,,,,,,,,
2026-04-28T22:50:03.742,MBAPL,,,,,,,2026-04-28,19.21,10.89,11.91,22.31,0.16,0.28,0.16,,,,,,,,,,,,,,,,,,
2026-04-28T22:50:03.742,SMSPHARMA,,,,,,,2026-04-28,18.94,24.53,8.86,-1.83,-0.01,0.29,0.35,,,,,,,,,,,,,,,,,,
2026-04-28T22:50:03.742,VEDL,,,,,,,2026-04-28,18.79,10.54,13.28,-0.09,0.14,0.09,0.55,,,,,,,,,,,,,,,,,,
2026-04-28T22:50:03.742,MON100,,,,,,,2026-04-28,18.7,6.88,5.35,10.51,0.32,0.28,0.25,,,,,,,,,,,,,,,,,,
2026-04-28T22:50:03.742,CUMMINSIND,,,,,,,2026-04-28,18.46,13.3,9.54,2.88,0.14,0.29,0.31,,,,,,,,,,,,,,,,,,
2026-04-28T22:50:03.742,SCHNEIDER,,,,,,,2026-04-28,18.38,9.51,-3.45,-0.23,0.28,0.84,0.4,,,,,,,,,,,,,,,,,,
2026-04-28T22:50:03.742,SHRIPISTON,,,,,,,2026-04-28,18.36,13.48,10.97,5.65,0.17,0.23,0.29,,,,,,,,,,,,,,,,,,
2026-04-28T22:50:03.742,GALLANTT,,,,,,,2026-04-28,18.15,14.33,14.23,16.8,0.59,0.57,0.43,,,,,,,,,,,,,,,,,,
2026-04-28T22:50:03.742,MANINDS,,,,,,,2026-04-28,18.09,5.58,0.81,6.14,0.57,0.63,0.3,,,,,,,,,,,,,,,,,,
2026-04-28T22:50:03.742,AVANTIFEED,,,,,,,2026-04-28,17.68,8.43,3.66,1.61,0.2,0.82,1.05,,,,,,,,,,,,,,,,,,
