Timestamp,Symbol,Cmp,%ch,Low3,Initial_atr1.5sl,Sl,Target,0d_high,R_vol,Forward pe,Pe,Rsi,W rsi,Sector,Industry,Adx,%ch y_low,Srs,Ars,Srs y,Ars y,%ch sl,%ch_3low,Atr%,%ch_2low,Adr p - adr%,Scan_Date,High,Lod price,%ch_high,%ch 2 low,E_s50,Avg_true_range,Adr%,Brackets12,Ma_x,Rvol,M_cap,Va,Va_ma,Atr% x,Lod dist,Free float,Grand_total_number2,%ch7,Lch7,7d_high,Lc,Low,%ch sl atr,Bollinger bandwidth,%ch5,Lch5,5d_high,Column26,From52wh,3d range,5d,Lod dist%,Vars,Smavars,Market_cap,Low 2%,Low5,Rs,Is,Tps,Rs score
2026-09-03T19:30:39.613,AUTOIND,92.75,9.53,83.55,85.12,85.25,107.75,98.4,11.04,56.55,9.63,54.39,57.55,auto,auto ancillaries,10.88,-4.25,0.19,0.15,0.08,0.06,8.8,11.01,5.96,10.95,4.96,2026-09-03,,,,,,,,,,,,,,,,,,,,,,,,,,,,,,,,,,,,,,,,,
2026-09-03T19:30:39.613,PAISALO,70.28,5.65,65.11,66.6,66.11,78.62,70.9,1.64,26.22,24.01,57.16,70.83,financials,finance & investments,14.69,-1.23,0.89,0.86,0.76,0.77,6.31,7.94,3.35,7.12,3.07,2026-09-03,,,,,,,,,,,,,,,,,,,,,,,,,,,,,,,,,,,,,,,,,
2026-09-03T19:30:39.613,BFINVEST,469.45,3.64,437.3,445.21,434.08,540.18,488.0,1.01,3.03,4.38,58.92,57.17,financials,finance & investments,15.81,0.46,0.14,0.11,0.1,0.08,8.15,7.35,3.37,7.18,3.43,2026-09-03,,,,,,,,,,,,,,,,,,,,,,,,,,,,,,,,,,,,,,,,,
2026-09-03T19:30:39.613,AYE,180.61,5.41,168.28,167.43,171.14,199.55,183.5,1.02,14.95,15.68,57.22,63.16,financials,finance & investments,20.93,-1.56,0.44,NaN,0.33,NaN,5.53,7.33,5.05,7.33,4.87,2026-09-03,,,,,,,,,,,,,,,,,,,,,,,,,,,,,,,,,,,,,,,,,
2026-09-03T19:30:39.613,JMFINANCIL,134.53,3.97,125.61,128.56,128.23,147.13,135.5,1.65,11.03,11.9,63.11,54.8,financials,finance & investments,11.0,-1.98,-0.01,-0.09,-0.03,-0.13,4.91,7.1,3.02,7.1,2.91,2026-09-03,,,,,,,,,,,,,,,,,,,,,,,,,,,,,,,,,,,,,,,,,
2026-09-03T19:30:39.613,PCJEWELLER,10.52,3.34,9.98,9.78,10.55,10.46,10.79,1.36,11.43,10.28,55.2,56.08,consumer discretionary,diamond cutting / jewellery,31.27,-4.86,0.08,0.03,0.03,-0.01,-0.3,5.41,5.21,5.41,4.75,2026-09-03,,,,,,,,,,,,,,,,,,,,,,,,,,,,,,,,,,,,,,,,,
2026-09-03T19:30:39.613,ANDHRSUGAR,101.29,2.11,96.11,94.79,99.24,105.4,102.4,1.07,7.54,12.77,60.25,63.76,chemicals,chlor alkali / soda ash,32.26,-3.93,0.25,0.31,0.24,0.28,2.07,5.39,4.41,5.39,4.73,2026-09-03,,,,,,,,,,,,,,,,,,,,,,,,,,,,,,,,,,,,,,,,,
2026-09-03T19:30:39.613,SOUTHBANK,47.7,4.29,45.3,45.98,44.58,53.95,48.3,2.09,8.28,7.93,63.05,62.34,bank,banks - private sector,12.09,2.17,0.09,0.18,0.04,0.13,7.01,5.3,2.41,5.09,2.12,2026-09-03,,,,,,,,,,,,,,,,,,,,,,,,,,,,,,,,,,,,,,,,,
2026-09-03T19:30:39.613,20MICRONS,217.82,3.06,207.0,204.49,211.2,231.07,224.0,0.85,10.8,11.01,60.61,61.62,metals & mining,mining / minerals / metals,40.91,0.08,0.2,0.1,0.14,0.07,3.14,5.23,4.49,5.23,4.15,2026-09-03,,,,,,,,,,,,,,,,,,,,,,,,,,,,,,,,,,,,,,,,,
2026-09-03T19:30:39.613,BLKASHYAP,57.6,3.32,54.8,53.75,53.42,65.97,58.25,0.81,32.73,2787.5,59.29,54.88,realty,construction,22.62,4.4,0.08,0.1,0.04,0.07,7.83,5.11,5.11,5.11,4.87,2026-09-03,,,,,,,,,,,,,,,,,,,,,,,,,,,,,,,,,,,,,,,,,
2026-09-03T19:30:39.613,EXICOM,166.13,1.71,158.15,153.9,155.03,188.34,169.45,0.49,-8.34,-8.38,56.52,59.39,industrials,electric equipment,13.6,4.27,0.72,0.39,0.68,0.37,7.16,5.05,4.55,5.05,5.37,2026-09-03,,,,,,,,,,,,,,,,,,,,,,,,,,,,,,,,,,,,,,,,,
2026-09-03T19:30:39.613,IRISDOREME,59.98,2.72,57.16,56.87,58.56,62.81,61.6,1.26,71.4,62.78,72.51,84.86,consumer discretionary,textiles - products,43.35,-2.73,0.72,0.61,0.69,0.57,2.42,4.93,3.44,4.93,3.4,2026-09-03,,,,,,,,,,,,,,,,,,,,,,,,,,,,,,,,,,,,,,,,,
2026-09-03T19:30:39.613,GRANULES,853.85,2.66,816.0,817.18,823.82,913.9,873.5,2.89,29.4,30.74,54.0,64.14,healthcare,pharmaceuticals - indian - bulk drugs & formln,18.53,-1.48,0.37,0.42,0.37,0.38,3.64,4.64,2.81,4.64,2.83,2026-09-03,,,,,,,,,,,,,,,,,,,,,,,,,,,,,,,,,,,,,,,,,
2026-09-03T19:30:39.613,IDFCFIRSTB,87.5,2.83,83.7,84.93,84.19,94.13,88.1,2.4,16.45,32.73,61.57,65.89,bank,banks - private sector,30.33,-0.72,0.15,0.01,0.11,-0.02,3.94,4.54,2.1,4.54,1.67,2026-09-03,,,,,,,,,,,,,,,,,,,,,,,,,,,,,,,,,,,,,,,,,
2026-09-03T19:30:39.613,PARKHOSPS,286.7,3.6,274.3,272.02,276.05,308.01,293.05,1.82,34.96,38.33,53.71,64.35,healthcare,healthcare,14.21,-0.62,0.37,0.78,0.38,0.72,3.86,4.52,3.33,4.52,3.21,2026-09-03,,,,,,,,,,,,,,,,,,,,,,,,,,,,,,,,,,,,,,,,,
2026-09-03T19:30:39.613,HOMEFIRST,1201.4,0.39,1151.9,1154.56,1168.76,1266.68,1218.0,0.6,19.62,21.39,54.81,56.1,financials,finance - housing,15.38,-1.04,0.06,0.01,0.02,0.0,2.79,4.3,2.5,4.12,2.13,2026-09-03,,,,,,,,,,,,,,,,,,,,,,,,,,,,,,,,,,,,,,,,,
2026-09-03T19:30:39.613,MRPL,175.99,0.44,169.47,165.95,169.78,188.41,179.99,0.62,8.15,9.77,55.91,55.36,energy,refineries,22.32,-0.38,-0.17,0.18,-0.16,0.18,3.66,3.85,3.47,3.85,4.0,2026-09-03,,,,,,,,,,,,,,,,,,,,,,,,,,,,,,,,,,,,,,,,,
2026-09-03T19:30:39.613,SAMBHV,129.64,2.74,125.12,122.14,126.29,136.35,130.0,0.52,16.88,22.53,59.14,63.79,metals & mining,steel - medium / small,34.78,-0.33,0.25,0.37,0.23,0.33,2.65,3.61,3.84,3.61,4.04,2026-09-03,,,,,,,,,,,,,,,,,,,,,,,,,,,,,,,,,,,,,,,,,
2026-09-03T19:30:39.613,BANKINDIA,145.0,1.33,140.23,140.28,142.06,150.88,146.15,1.01,5.0,5.53,55.27,51.38,bank,banks - public sector,7.82,-1.43,-0.19,-0.02,-0.2,-0.03,2.07,3.4,2.04,3.4,2.05,2026-09-03,,,,,,,,,,,,,,,,,,,,,,,,,,,,,,,,,,,,,,,,,
2026-09-03T19:30:39.613,JAGSNPHARM,243.02,2.53,235.5,229.81,234.47,260.13,249.57,0.49,30.38,34.86,59.7,66.52,healthcare,pharmaceuticals - indian - bulk drugs & formln,36.98,0.93,0.32,0.18,0.27,0.16,3.65,3.19,3.45,3.19,3.33,2026-09-03,,,,,,,,,,,,,,,,,,,,,,,,,,,,,,,,,,,,,,,,,
2026-09-03T19:30:39.613,BPCL,320.05,0.14,312.1,309.19,311.46,337.23,321.95,0.76,-18.27,7.97,54.53,52.01,energy,refineries,9.75,0.68,-0.18,-0.15,-0.18,-0.15,2.76,2.55,2.3,2.55,2.11,2026-09-03,,,,,,,,,,,,,,,,,,,,,,,,,,,,,,,,,,,,,,,,,
2026-08-21T15:22:34.218,SAIL,174.0,-0.52,,165.58,171.37,179.25,,,10.93,16.91,,,metals & mining,steel - large,,1.43,0.03,0.27,0.0,0.28,2.3,2.76,3.21,,,2026-08-21,177.0,173.02,2.3,2.3,3.5,5.58,3.52,3.52,0.63,91.37,72242.89,-4.26,-6.54,0.64,17.55,1.445810739e9,4130525289,,,,,,,,,,,,,,,,,,,,,,,,
2026-08-21T15:22:34.218,POWERINDIA,34300.0,2.36,,32507.96,34480.65,33938.71,,,129.94,129.84,,,industrials,electric equipment,,-2.74,0.38,0.72,0.3,0.68,4.51,3.16,3.38,,,2026-08-21,34750.0,33250.0,4.51,4.51,767.8,1160.48,3.01,3.01,0.66,71.33,149361.99,-1.8,-3.01,0.68,90.48,1.2786107e7,44572363,,,,,,,,,,,,,,,,,,,,,,,,
2026-08-21T15:22:34.218,MTARTECH,7021.5,-1.29,,6533.78,7054.54,6955.42,,,107.49,163.94,,,aerospace & defence,engineering,,-0.88,0.77,1.85,0.74,1.89,1.71,3.26,4.03,,,2026-08-21,7123.0,7003.0,4.75,4.75,143.6,282.65,3.49,3.49,0.51,7.64,21880.84,-1.45,-4.59,0.52,6.55,2.1729927e7,30759591,,,,,,,,,,,,,,,,,,,,,,,,
2026-08-21T15:22:34.218,DATAPATTNS,4819.0,2.53,,4529.29,4483.16,5490.69,,,305.77,98.21,,,aerospace & defence,electronics - components,,5.43,0.52,0.68,0.48,0.65,5.71,3.59,3.98,,,2026-08-21,5000.0,4730.1,7.48,7.48,327.61,191.86,3.91,3.91,1.71,219.51,26313.59,-0.32,-0.95,1.83,46.34,3.2241586e7,55983969,,,,,,,,,,,,,,,,,,,,,,,,
2026-08-21T15:22:34.218,GENUSPOWER,338.3,1.21,,320.91,305.14,404.62,,,11.9,14.19,,,consumer discretionary,electronics - components,,3.33,0.18,0.07,0.14,0.06,3.59,9.75,3.74,,,2026-08-21,346.0,334.0,11.29,11.29,21.35,12.66,3.3,3.3,1.69,117.32,10169.31,-0.31,-2.02,1.8,33.97,1.84558104e8,304242615,,,,,,,,,,,,,,,,,,,,,,,,
2026-08-21T15:22:34.218,IFCI,80.88,-1.08,,76.64,77.59,87.45,,,168.5,127.75,,,financials,finance - term-lending institutions,,6.15,0.21,0.58,0.19,0.6,2.16,0.64,3.3,,,2026-08-21,82.31,80.57,2.41,2.41,3.83,2.67,3.53,3.53,1.43,23.56,22028.71,-0.23,-0.3,1.5,11.61,7.39037235e8,2694314331,,,,,,,,,,,,,,,,,,,,,,,,
2026-08-21T15:22:34.218,HINDCOPPER,573.0,2.3,,542.0,550.2,618.61,,,39.35,47.71,,,metals & mining,mining / minerals / metals,,2.89,-0.06,0.49,-0.1,0.46,3.62,3.62,4.15,,,2026-08-21,581.5,561.2,5.04,5.04,64.31,23.8,4.18,4.18,2.7,204.14,54163.02,0.37,-3.93,3.04,49.58,3.27410647e8,967024020,,,,,,,,,,,,,,,,,,,,,,,,
2026-08-21T15:22:34.218,ZENTEC,1920.2,0.58,,1815.28,1816.83,2126.93,,,125.34,95.26,,,aerospace & defence,miscellaneous,,7.25,0.33,0.34,0.31,0.33,3.98,2.0,3.85,,,2026-08-21,1960.6,1885.6,4.15,4.15,117.95,73.97,3.7,3.7,1.59,81.82,17237.33,0.5,-0.89,1.7,46.78,4.6486527e7,90290356,,,,,,,,,,,,,,,,,,,,,,,,
2026-08-21T15:22:34.218,MCX,3179.1,1.7,,3030.89,2887.18,3762.94,,,49.03,20.25,,,financials,miscellaneous,,7.56,0.24,0.49,0.22,0.46,2.54,7.4,3.32,,,2026-08-21,3211.4,3132.0,6.83,6.83,356.16,105.62,3.25,3.25,3.37,126.94,79710.45,0.74,-4.77,3.8,44.59,2.54991845e8,254991845,,,,,,,,,,,,,,,,,,,,,,,,
2026-08-21T15:22:34.218,FINCABLES,1261.1,-2.33,,1182.63,1244.66,1293.98,,,19.37,24.68,,,industrials,cables - power,,5.74,0.45,0.66,0.44,0.7,3.4,0.89,4.81,,,2026-08-21,1297.85,1255.15,3.83,3.83,163.02,60.72,4.47,4.47,2.68,52.25,19747.53,2.14,-0.73,3.08,9.8,9.8098175e7,152939345,,,,,,,,,,,,,,,,,,,,,,,,
2026-08-21T15:22:34.218,LLOYDSENGG,89.96,-2.48,,84.12,91.2,87.49,,,47.85,53.32,,,industrials,engineering,,0.36,0.63,0.65,0.62,0.7,3.9,0.51,3.89,,,2026-08-21,92.99,89.5,3.9,3.9,1.64,3.5,4.13,4.13,0.47,37.54,13655.73,2.61,2.35,0.48,13.14,8.59885912e8,1480296454,,,,,,,,,,,,,,,,,,,,,,,,
2026-08-21T15:22:34.218,GLAND,2818.0,-0.07,,2681.33,2868.88,2716.23,,,36.64,41.16,,,healthcare,pharmaceuticals - indian - formulations,,-0.54,0.41,0.56,0.39,0.56,3.08,0.93,3.31,,,2026-08-21,2877.9,2792.0,3.08,3.08,305.72,93.24,3.18,3.18,3.28,31.05,46518.63,3.47,3.19,3.68,27.89,7.9565748e7,164959682,,,,,,,,,,,,,,,,,,,,,,,,
2026-08-21T15:22:34.218,BALRAMCHIN,723.8,-5.64,,677.64,644.51,882.39,,,83.77,41.8,,,fmcg,sugar,,4.88,0.46,0.58,0.5,0.67,7.14,11.7,5.64,,,2026-08-21,765.0,714.0,16.79,16.79,126.79,40.79,4.89,4.89,3.11,1142.14,16206.31,3.56,2.09,3.77,24.03,1.2072559e8,211267207,,,,,,,,,,,,,,,,,,,,,,,,
2026-08-21T15:22:34.218,PNBHOUSING,1166.1,-0.8,,1118.31,1149.49,1199.32,,,13.63,13.23,,,financials,finance - housing,,3.17,0.27,0.25,0.24,0.26,1.97,2.47,2.63,,,2026-08-21,1189.0,1166.0,1.97,1.97,81.27,30.68,3.09,3.09,2.65,64.47,30632.35,3.6,0.52,2.85,0.33,1.87538718e8,260589923,,,,,,,,,,,,,,,,,,,,,,,,
2026-08-21T15:22:34.218,HFCL,228.0,1.83,,213.37,217.12,249.76,,,38.26,58.31,,,telecom,cables - telephone,,5.53,1.94,2.19,1.77,2.14,2.59,2.47,3.99,,,2026-08-21,228.8,223.03,2.83,2.83,18.6,9.1,4.49,4.49,2.04,49.08,34270.19,3.66,2.25,2.22,54.6,1.097557869e9,1530602463,,,,,,,,,,,,,,,,,,,,,,,,
2026-08-21T15:22:34.218,PGEL,601.0,-0.17,,571.82,601.8,599.4,,,56.27,83.5,,,consumer discretionary,electronics - components,,-0.49,-0.09,0.05,-0.12,0.05,1.65,2.82,2.95,,,2026-08-21,610.0,600.1,1.65,1.65,17.42,17.74,3.24,3.24,0.98,40.99,17193.76,4.14,4.09,1.01,5.07,1.61717368e8,285586908,,,,,,,,,,,,,,,,,,,,,,,,
2026-08-21T15:22:34.218,WELSPUNLIV,189.37,0.36,,178.31,166.08,235.95,,,28.01,61.87,,,textiles,textiles - products,,12.76,0.27,0.36,0.25,0.36,2.52,9.74,4.52,,,2026-08-21,190.35,185.68,5.94,5.94,25.44,8.55,4.43,4.43,2.98,76.2,17826.54,4.89,1.33,3.44,43.15,3.17813018e8,944752514,,,,,,,,,,,,,,,,,,,,,,,,
2026-08-21T15:22:34.218,PARAS,1504.1,0.14,,1407.02,1387.52,1737.26,,,142.98,128.16,,,aerospace & defence,engineering,,11.08,1.2,1.11,1.14,1.11,5.46,2.47,4.78,,,2026-08-21,1585.0,1503.0,7.38,7.38,225.65,71.83,4.69,4.69,3.14,71.86,12104.22,5.07,4.97,3.7,1.53,3.7718746e7,80587330,,,,,,,,,,,,,,,,,,,,,,,,
2026-08-21T15:22:34.218,M&MFIN,381.55,-0.24,,360.28,396.03,352.59,,,14.32,16.34,,,financials,finance & investments,,-5.44,-0.07,0.0,-0.09,0.01,1.96,0.57,3.53,,,2026-08-21,386.85,379.4,1.96,1.96,31.4,13.46,3.89,3.89,2.33,24.11,53159.45,5.13,3.84,2.54,15.98,6.60388561e8,1389971160,,,,,,,,,,,,,,,,,,,,,,,,
2026-08-21T15:22:34.218,RPTECH,877.45,2.49,,819.29,868.78,894.79,,,14.07,17.69,,,i.t,trading,,-2.32,1.24,1.61,1.13,1.55,3.76,5.68,4.23,,,2026-08-21,888.4,856.2,4.31,4.31,90.21,37.12,4.83,4.83,2.43,15.27,5642.0,6.44,5.89,2.71,57.25,2.3702379e7,65899665,,,,,,,,,,,,,,,,,,,,,,,,
2026-08-21T15:22:34.218,LODHA,1235.8,-0.34,,1176.56,1212.75,1281.91,,,22.5,30.02,,,realty,construction,,-0.38,0.07,0.07,0.02,0.08,2.42,3.4,2.92,,,2026-08-21,1262.0,1232.2,3.83,3.83,108.01,36.12,3.29,3.29,2.99,51.93,123887.71,7.12,6.91,3.28,9.97,2.96609085e8,999094419,,,,,,,,,,,,,,,,,,,,,,,,
2026-07-31T06:36:20.585,HEG,659.25,-1.99,,620.52,630.14,717.47,,,26.0,35.46,,,industrials,electrodes - graphites,,4.75,0.07,0.24,0.08,0.26,4.12,3.63,4.52,,,2026-07-31,683.0,656.0,7.36,7.36,96.14,29.78,4.9,4.9,3.23,118.77,12722.04,-0.44,-3.14,3.78,10.91,8.436866e7,192977530,,,,,,,,,,,,,,,,,,,,,,,,
2026-07-31T06:36:20.585,SAGILITY,45.98,2.47,,43.65,41.79,54.35,,,24.99,21.69,,,i.t,computers - software - medium / small,,3.61,-0.14,-0.12,-0.21,-0.14,4.85,7.86,3.91,,,2026-07-31,46.24,44.1,8.47,8.47,4.98,1.8,3.77,3.77,2.77,244.72,21524.75,-0.1,-1.47,3.11,104.46,2.296199262e9,4681328413,,,,,,,,,,,,,,,,,,,,,,,,
2026-07-31T06:36:20.585,UNIONBANK,170.4,-0.4,,162.87,167.26,176.69,,,5.76,6.3,,,bank,banks - public sector,,1.2,-0.13,0.08,-0.14,0.09,1.89,1.61,2.84,,,2026-07-31,171.08,167.9,1.89,1.89,1.73,4.83,3.28,3.28,0.36,57.96,130076.64,0.06,-1.57,0.36,51.72,1.926944757e9,7633605607,,,,,,,,,,,,,,,,,,,,,,,,
2026-07-31T06:36:20.585,BELRISE,232.79,1.01,,221.64,225.24,247.89,,,38.04,38.1,,,auto,auto ancillaries,,1.66,0.34,0.37,0.32,0.36,2.2,2.65,2.82,,,2026-07-31,233.38,228.35,2.2,2.2,3.65,6.57,3.28,3.28,0.56,46.09,22514.33,0.55,0.18,0.56,67.61,2.98495928e8,889879192,,,,,,,,,,,,,,,,,,,,,,,,
2026-07-31T06:36:20.585,PPLPHARMA,196.72,0.53,,185.56,182.97,224.21,,,-94.58,-83.0,,,healthcare,pharmaceuticals - indian - bulk drugs & formln,,8.16,0.18,-0.02,0.16,-0.02,5.02,4.69,4.09,,,2026-07-31,202.26,192.6,5.02,5.02,23.74,8.05,4.51,4.51,2.95,286.82,26190.28,0.65,-0.29,3.35,51.17,8.68023458e8,1331348130,,,,,,,,,,,,,,,,,,,,,,,,
2026-07-31T06:36:20.585,MRPL,166.84,2.1,,154.96,167.48,165.56,,,7.72,9.31,,,energy,refineries,,-5.1,-0.13,-0.07,-0.09,-0.09,8.17,4.93,5.24,,,2026-07-31,174.2,161.05,9.56,9.56,9.34,8.74,5.21,5.21,1.07,200.97,29240.36,0.8,-1.42,1.13,66.25,2.00091162e8,1752598777,,,,,,,,,,,,,,,,,,,,,,,,
2026-07-31T06:36:20.585,DATAPATTNS,4462.0,0.57,,4150.88,4219.93,4946.14,,,45.14,92.06,,,aerospace & defence,electronics - components,,3.94,0.6,0.44,0.55,0.43,2.91,3.72,4.65,,,2026-07-31,4488.0,4361.0,3.65,3.65,104.69,207.33,4.69,4.69,0.51,43.85,24980.05,0.88,-0.38,0.52,48.71,3.2241586e7,55983969,,,,,,,,,,,,,,,,,,,,,,,,
2026-07-31T06:36:20.585,PERSISTENT,5514.7,0.57,,5248.85,5248.07,6047.97,,,40.75,46.06,,,i.t,computers - software - large,,6.08,-0.16,-0.13,-0.19,-0.14,4.2,3.35,3.26,,,2026-07-31,5698.0,5468.4,4.36,4.36,513.88,179.64,3.03,3.03,2.86,147.71,86994.39,1.31,0.41,3.15,25.77,1.0996007e8,157750000,,,,,,,,,,,,,,,,,,,,,,,,
2026-07-31T06:36:20.585,ABB,7291.5,-0.26,,6966.4,7327.75,7218.99,,,21.65,51.89,,,industrials,electric equipment,,-2.9,0.23,0.43,0.33,0.44,1.9,2.91,3.05,,,2026-07-31,7332.0,7195.0,3.49,3.49,214.46,222.62,3.15,3.15,0.96,87.43,154512.99,1.96,-0.14,0.99,43.35,5.2977094e7,211908375,,,,,,,,,,,,,,,,,,,,,,,,
2026-07-31T06:36:20.585,ITDC,696.9,-3.14,,638.97,751.84,587.02,,,52.8,72.52,,,services,hotels,,-5.77,0.25,0.14,0.28,0.18,4.07,0.64,5.52,,,2026-07-31,720.7,692.5,4.07,4.07,59.15,38.45,7.0,7.0,1.54,9.36,5977.27,2.82,2.73,1.68,11.44,1.1127719e7,85769400,,,,,,,,,,,,,,,,,,,,,,,,
2026-07-31T06:36:20.585,LLOYDSME,2015.1,-1.76,,1917.52,1933.23,2178.83,,,18.82,28.87,,,metals & mining,mining / minerals / metals,,5.8,0.64,0.53,0.64,0.56,2.98,2.65,3.53,,,2026-07-31,2055.0,1995.5,2.98,2.98,206.45,71.11,3.54,3.54,2.9,90.38,113431.38,3.27,0.82,3.23,27.56,2.15986677e8,562906951,,,,,,,,,,,,,,,,,,,,,,,,
2026-07-31T06:36:20.585,PAYTM,1332.5,0.19,,1267.58,1328.72,1340.06,,,96.84,131.15,,,i.t,miscellaneous,,-3.21,0.05,-0.02,0.03,-0.02,2.51,3.54,3.24,,,2026-07-31,1350.2,1317.1,4.42,4.42,148.39,43.22,3.63,3.63,3.43,95.62,85324.91,3.29,2.79,3.86,35.63,6.40337006e8,640337006,,,,,,,,,,,,,,,,,,,,,,,,
2026-07-31T06:36:20.585,CHENNPETRO,1238.2,2.14,,1145.73,1201.15,1312.29,,,4.47,4.42,,,energy,refineries,,-1.64,0.3,0.16,0.3,0.13,6.25,7.67,5.57,,,2026-07-31,1288.7,1212.9,9.57,9.57,90.73,68.92,5.55,5.55,1.32,209.33,18438.21,4.13,2.09,1.42,36.71,4.87133e7,148911400,,,,,,,,,,,,,,,,,,,,,,,,
2026-07-31T06:36:20.585,GODREJPROP,2110.9,-2.09,,2014.25,2116.87,2098.96,,,24.45,34.36,,,realty,construction,,0.87,0.24,-0.08,0.27,-0.05,2.53,2.53,3.2,,,2026-07-31,2154.0,2100.9,2.53,2.53,217.88,67.64,3.24,3.24,3.22,71.75,63585.79,4.7,3.94,3.59,14.78,1.45611988e8,301225962,,,,,,,,,,,,,,,,,,,,,,,,
2026-07-31T06:36:20.585,SANSERA,3235.2,0.07,,3060.12,3201.56,3302.48,,,41.46,62.01,,,auto,auto ancillaries,,-1.22,0.76,1.01,0.77,1.01,2.53,2.02,3.51,,,2026-07-31,3252.0,3171.7,2.53,2.53,174.64,113.46,3.71,3.71,1.54,29.7,20188.8,4.79,4.55,1.63,55.97,4.4176328e7,62403568,,,,,,,,,,,,,,,,,,,,,,,,
2026-07-31T06:36:20.585,HSCL,760.5,-1.22,,712.2,762.26,756.99,,,41.79,47.68,,,chemicals,chemicals,,0.64,0.52,0.61,0.57,0.63,2.72,3.33,4.31,,,2026-07-31,773.6,753.1,3.11,3.11,83.55,32.79,4.27,4.27,2.55,27.04,38370.39,4.82,3.33,2.86,22.57,2.39682297e8,504541599,,,,,,,,,,,,,,,,,,,,,,,,
2026-07-31T06:36:20.585,PGEL,613.0,0.09,,581.82,593.44,652.12,,,67.51,88.71,,,consumer discretionary,electronics - components,,-1.6,0.07,0.06,0.04,0.06,2.7,7.26,3.46,,,2026-07-31,622.65,606.3,6.42,6.42,73.53,21.22,3.63,3.63,3.47,55.2,17506.48,5.12,1.77,3.94,31.58,1.61717368e8,285586908,,,,,,,,,,,,,,,,,,,,,,,,
2026-07-31T06:36:20.585,PARAS,1212.4,0.0,,1128.25,1151.09,1335.03,,,70.98,94.87,,,aerospace & defence,engineering,,2.35,0.6,0.63,0.62,0.63,2.52,2.66,3.84,,,2026-07-31,1222.0,1192.0,2.94,2.94,85.32,46.57,4.36,4.36,1.83,15.23,9770.41,5.19,5.16,1.97,43.81,3.7718746e7,80587330,,,,,,,,,,,,,,,,,,,,,,,,
2026-07-31T06:36:20.585,REDINGTON,310.95,8.18,,292.63,267.18,398.5,,,12.5,14.29,,,services,trading,,3.55,0.09,0.01,0.01,-0.06,9.92,13.42,5.01,,,2026-07-31,338.5,307.95,22.87,22.87,51.4,15.59,3.72,3.72,3.3,909.96,24309.28,5.82,4.29,3.95,19.24,7.81774431e8,781774431,,,,,,,,,,,,,,,,,,,,,,,,
2026-07-31T06:36:20.585,EXIDEIND,452.7,3.91,,431.39,436.06,485.98,,,27.47,41.3,,,auto,auto ancillaries,,-3.67,0.3,0.15,0.24,0.11,7.3,7.7,3.74,,,2026-07-31,461.4,430.0,9.77,9.77,50.44,16.94,3.18,3.18,2.98,626.62,38479.5,6.28,4.78,3.35,134.02,4.59045334e8,850000000,,,,,,,,,,,,,,,,,,,,,,,,
2026-07-31T06:36:20.585,E2E,492.55,0.22,,453.97,474.61,528.42,,,57.54,-68.98,,,i.t,computers - software - medium / small,,9.1,1.22,0.69,1.16,0.69,5.68,4.16,5.91,,,2026-07-31,499.75,472.9,5.68,5.68,78.77,29.11,5.14,5.14,2.71,82.08,10125.1,7.13,5.82,3.22,67.51,1.2446762e8,205564890,,,,,,,,,,,,,,,,,,,,,,,,
2026-07-30T23:45:18.158,HEG,659.25,-1.99,,620.52,630.14,717.47,,,26.0,36.18,,,industrials,electrodes - graphites,,4.75,0.07,0.24,0.08,0.26,4.12,3.63,4.52,,,2026-07-30,683.0,656.0,7.36,7.36,96.14,29.78,4.9,4.9,3.23,118.77,12980.63,-0.44,-3.14,3.78,10.91,8.436866e7,192977530,,,,,,,,,,,,,,,,,,,,,,,,
2026-07-30T23:45:18.158,SAGILITY,45.98,2.47,,43.65,41.79,54.35,,,24.99,21.17,,,i.t,computers - software - medium / small,,3.61,-0.14,-0.12,-0.21,-0.14,4.85,7.86,3.91,,,2026-07-30,46.24,44.1,8.47,8.47,4.98,1.8,3.77,3.77,2.77,244.72,21005.12,-0.1,-1.47,3.11,104.46,2.296199262e9,4681328413,,,,,,,,,,,,,,,,,,,,,,,,
2026-07-30T23:45:18.158,UNIONBANK,170.4,-0.4,,162.87,167.26,176.69,,,5.76,6.32,,,bank,banks - public sector,,1.2,-0.13,0.08,-0.14,0.09,1.89,1.61,2.84,,,2026-07-30,171.08,167.9,1.89,1.89,1.73,4.83,3.28,3.28,0.36,57.96,130595.72,0.06,-1.57,0.36,51.72,1.926944757e9,7633605607,,,,,,,,,,,,,,,,,,,,,,,,
2026-07-30T23:45:18.158,BELRISE,232.79,1.01,,221.64,225.24,247.89,,,38.04,37.72,,,auto,auto ancillaries,,1.66,0.34,0.37,0.32,0.36,2.2,2.65,2.82,,,2026-07-30,233.38,228.35,2.2,2.2,3.65,6.57,3.28,3.28,0.56,46.09,22289.95,0.55,0.18,0.56,67.61,2.98495928e8,889879192,,,,,,,,,,,,,,,,,,,,,,,,
2026-07-30T23:45:18.158,PPLPHARMA,196.72,0.53,,185.56,182.97,224.21,,,-702.57,-79.22,,,healthcare,pharmaceuticals - indian - bulk drugs & formln,,8.16,0.18,-0.02,0.16,-0.02,5.02,4.69,4.09,,,2026-07-30,202.26,192.6,5.02,5.02,23.74,8.05,4.51,4.51,2.95,286.82,26051.82,0.65,-0.29,3.35,51.17,8.68023458e8,1331348130,,,,,,,,,,,,,,,,,,,,,,,,
2026-07-30T23:45:18.158,MRPL,166.84,2.1,,154.96,167.48,165.56,,,7.72,9.11,,,energy,refineries,,-5.1,-0.13,-0.07,-0.09,-0.09,8.17,4.93,5.24,,,2026-07-30,174.2,161.05,9.56,9.56,9.34,8.74,5.21,5.21,1.07,200.97,28639.22,0.8,-1.42,1.13,66.25,2.00091162e8,1752598777,,,,,,,,,,,,,,,,,,,,,,,,
2026-07-30T23:45:18.158,DATAPATTNS,4462.0,0.57,,4150.88,4219.93,4946.14,,,45.14,91.53,,,aerospace & defence,electronics - components,,3.94,0.6,0.44,0.55,0.43,2.91,3.72,4.65,,,2026-07-30,4488.0,4361.0,3.65,3.65,104.69,207.33,4.69,4.69,0.51,43.85,24837.85,0.88,-0.38,0.52,48.71,3.2241586e7,55983969,,,,,,,,,,,,,,,,,,,,,,,,
2026-07-30T23:45:18.158,PERSISTENT,5514.7,0.57,,5248.85,5248.07,6047.97,,,40.75,45.8,,,i.t,computers - software - large,,6.08,-0.16,-0.13,-0.19,-0.14,4.2,3.35,3.26,,,2026-07-30,5698.0,5468.4,4.36,4.36,513.88,179.64,3.03,3.03,2.86,147.71,86499.06,1.31,0.41,3.15,25.77,1.0996007e8,157750000,,,,,,,,,,,,,,,,,,,,,,,,
2026-07-30T23:45:18.158,ABB,7291.5,-0.26,,6966.4,7327.75,7218.99,,,21.65,52.02,,,industrials,electric equipment,,-2.9,0.23,0.43,0.33,0.44,1.9,2.91,3.05,,,2026-07-30,7332.0,7195.0,3.49,3.49,214.46,222.62,3.15,3.15,0.96,87.43,154915.62,1.96,-0.14,0.99,43.35,5.2977094e7,211908375,,,,,,,,,,,,,,,,,,,,,,,,
2026-07-30T23:45:18.158,ITDC,696.9,-3.14,,638.97,751.84,587.02,,,52.8,74.87,,,services,hotels,,-5.77,0.25,0.14,0.28,0.18,4.07,0.64,5.52,,,2026-07-30,720.7,692.5,4.07,4.07,59.15,38.45,7.0,7.0,1.54,9.36,6171.11,2.82,2.73,1.68,11.44,1.1127719e7,85769400,,,,,,,,,,,,,,,,,,,,,,,,
2026-07-30T23:45:18.158,LLOYDSME,2015.1,-1.76,,1917.52,1933.23,2178.83,,,18.82,29.39,,,metals & mining,mining / minerals / metals,,5.8,0.64,0.53,0.64,0.56,2.98,2.65,3.53,,,2026-07-30,2055.0,1995.5,2.98,2.98,206.45,71.11,3.54,3.54,2.9,90.38,115469.1,3.27,0.82,3.23,27.56,2.15986677e8,562906951,,,,,,,,,,,,,,,,,,,,,,,,
2026-07-30T23:45:18.158,PAYTM,1332.5,0.19,,1267.58,1328.72,1340.06,,,96.84,130.91,,,i.t,miscellaneous,,-3.21,0.05,-0.02,0.03,-0.02,2.51,3.54,3.24,,,2026-07-30,1350.2,1317.1,4.42,4.42,148.39,43.22,3.63,3.63,3.43,95.62,85164.82,3.29,2.79,3.86,35.63,6.40337006e8,640337006,,,,,,,,,,,,,,,,,,,,,,,,
2026-07-30T23:45:18.158,CHENNPETRO,1238.2,2.14,,1145.73,1201.15,1312.29,,,4.47,4.33,,,energy,refineries,,-1.64,0.3,0.16,0.3,0.13,6.25,7.67,5.57,,,2026-07-30,1288.7,1212.9,9.57,9.57,90.73,68.92,5.55,5.55,1.32,209.33,18052.53,4.13,2.09,1.42,36.71,4.87133e7,148911400,,,,,,,,,,,,,,,,,,,,,,,,
2026-07-30T23:45:18.158,GODREJPROP,2110.9,-2.09,,2014.25,2116.87,2098.96,,,24.45,35.1,,,realty,construction,,0.87,0.24,-0.08,0.27,-0.05,2.53,2.53,3.2,,,2026-07-30,2154.0,2100.9,2.53,2.53,217.88,67.64,3.24,3.24,3.22,71.75,64944.32,4.7,3.94,3.59,14.78,1.45611988e8,301225962,,,,,,,,,,,,,,,,,,,,,,,,
2026-07-30T23:45:18.158,SANSERA,3235.2,0.07,,3060.12,3201.56,3302.48,,,41.46,61.97,,,auto,auto ancillaries,,-1.22,0.76,1.01,0.77,1.01,2.53,2.02,3.51,,,2026-07-30,3252.0,3171.7,2.53,2.53,174.64,113.46,3.71,3.71,1.54,29.7,20175.7,4.79,4.55,1.63,55.97,4.4176328e7,62403568,,,,,,,,,,,,,,,,,,,,,,,,
2026-07-30T23:45:18.158,HSCL,760.5,-1.22,,712.2,762.26,756.99,,,41.79,48.27,,,chemicals,chemicals,,0.64,0.52,0.61,0.57,0.63,2.72,3.33,4.31,,,2026-07-30,773.6,753.1,3.11,3.11,83.55,32.79,4.27,4.27,2.55,27.04,38844.66,4.82,3.33,2.86,22.57,2.39682297e8,504541599,,,,,,,,,,,,,,,,,,,,,,,,
2026-07-30T23:45:18.158,PGEL,613.0,0.09,,581.82,593.44,652.12,,,67.51,88.63,,,consumer discretionary,electronics - components,,-1.6,0.07,0.06,0.04,0.06,2.7,7.26,3.46,,,2026-07-30,622.65,606.3,6.42,6.42,73.53,21.22,3.63,3.63,3.47,55.2,17490.77,5.12,1.77,3.94,31.58,1.61717368e8,285586908,,,,,,,,,,,,,,,,,,,,,,,,
2026-07-30T23:45:18.158,PARAS,1212.4,0.0,,1128.25,1151.09,1335.03,,,70.98,94.87,,,aerospace & defence,engineering,,2.35,0.6,0.63,0.62,0.63,2.52,2.66,3.84,,,2026-07-30,1222.0,1192.0,2.94,2.94,85.32,46.57,4.36,4.36,1.83,15.23,9770.41,5.19,5.16,1.97,43.81,3.7718746e7,80587330,,,,,,,,,,,,,,,,,,,,,,,,
2026-07-30T23:45:18.158,REDINGTON,310.95,8.18,,292.63,267.18,398.5,,,15.52,15.08,,,services,trading,,3.55,0.09,0.01,0.01,-0.06,9.92,13.42,5.01,,,2026-07-30,338.5,307.95,22.87,22.87,51.4,15.59,3.72,3.72,3.3,909.96,22472.11,5.82,4.29,3.95,19.24,7.81774431e8,781774431,,,,,,,,,,,,,,,,,,,,,,,,
2026-07-30T23:45:18.158,EXIDEIND,452.7,3.91,,431.39,436.06,485.98,,,44.73,43.35,,,auto,auto ancillaries,,-3.67,0.3,0.15,0.24,0.11,7.3,7.7,3.74,,,2026-07-30,461.4,430.0,9.77,9.77,50.44,16.94,3.18,3.18,2.98,626.62,37030.25,6.28,4.78,3.35,134.02,4.59045334e8,850000000,,,,,,,,,,,,,,,,,,,,,,,,
2026-07-30T23:45:18.158,E2E,492.55,0.22,,453.97,474.61,528.42,,,57.54,-68.83,,,i.t,computers - software - medium / small,,9.1,1.22,0.69,1.16,0.69,5.68,4.16,5.91,,,2026-07-30,499.75,472.9,5.68,5.68,78.77,29.11,5.14,5.14,2.71,82.08,10102.49,7.13,5.82,3.22,67.51,1.2446762e8,205564890,,,,,,,,,,,,,,,,,,,,,,,,
2026-07-29T15:28:28.962,UNIONBANK,171.02,1.65,,163.32,166.66,179.74,,,5.79,6.22,,,bank,banks - public sector,,1.22,-0.13,0.06,-0.12,0.04,2.26,1.98,2.98,,,2026-07-29,171.94,168.14,2.53,2.53,2.58,5.09,3.28,3.28,0.51,75.93,128427.78,0.17,-1.69,0.52,56.61,1.926944757e9,7633605607,,,,,,,,,,,,,,,,,,,,,,,,
2026-07-29T15:28:28.962,BELRISE,230.25,0.53,,218.88,224.95,240.84,,,37.62,37.48,,,auto,auto ancillaries,,0.82,0.33,0.44,0.32,0.43,1.86,1.53,2.95,,,2026-07-29,232.95,228.7,2.73,2.73,1.58,6.8,3.35,3.35,0.23,52.2,22150.68,0.52,0.18,0.23,22.78,2.98495928e8,889879192,,,,,,,,,,,,,,,,,,,,,,,,
2026-07-29T15:28:28.962,ABB,7303.5,0.83,,6971.29,7313.9,7282.71,,,21.69,51.55,,,industrials,electric equipment,,-1.16,0.33,0.43,0.41,0.42,5.26,3.08,3.23,,,2026-07-29,7458.0,7085.0,5.26,5.26,245.85,235.77,3.15,3.15,1.04,145.24,153495.83,1.61,-0.35,1.08,92.67,5.2977094e7,211908375,,,,,,,,,,,,,,,,,,,,,,,,
2026-07-29T15:28:28.962,PERSISTENT,5476.5,0.89,,5215.44,5196.25,6037.0,,,40.47,45.34,,,i.t,computers - software - large,,4.56,-0.19,-0.14,-0.2,-0.14,2.1,4.57,3.14,,,2026-07-29,5589.0,5474.1,4.75,4.75,484.79,171.98,3.05,3.05,2.82,68.24,85633.01,1.68,0.14,3.09,1.4,1.0996007e8,157750000,,,,,,,,,,,,,,,,,,,,,,,,
2026-07-29T15:28:28.962,AZAD,2393.0,-0.34,,2244.1,2403.94,2371.11,,,107.41,117.01,,,aerospace & defence,engineering,,-1.17,0.47,0.41,0.52,0.42,2.69,1.24,3.97,,,2026-07-29,2444.0,2380.0,3.4,3.4,207.63,94.9,4.7,4.7,2.19,57.07,15506.72,2.66,1.52,2.4,13.7,2.8517503e7,64581743,,,,,,,,,,,,,,,,,,,,,,,,
2026-07-29T15:28:28.962,LLOYDSME,2049.0,3.53,,1950.94,1909.9,2327.21,,,19.14,28.35,,,metals & mining,mining / minerals / metals,,5.12,0.65,0.5,0.64,0.46,3.52,6.28,3.56,,,2026-07-29,2066.0,1995.7,5.25,5.25,247.41,72.9,3.57,3.57,3.39,159.36,111404.91,3.18,0.77,3.86,73.12,2.15986677e8,562906951,,,,,,,,,,,,,,,,,,,,,,,,
2026-07-29T15:28:28.962,PAYTM,1333.3,1.94,,1267.54,1331.73,1336.44,,,96.9,128.73,,,i.t,miscellaneous,,-4.13,0.04,-0.01,0.05,-0.03,3.19,4.98,3.35,,,2026-07-29,1334.3,1293.1,3.68,3.68,153.35,44.66,3.6,3.6,3.43,138.45,83749.68,3.64,2.64,3.88,90.02,6.40337006e8,640337006,,,,,,,,,,,,,,,,,,,,,,,,
2026-07-29T15:28:28.962,ITDC,720.0,0.37,,661.36,756.64,646.72,,,54.55,74.65,,,services,hotels,,-5.59,0.29,0.17,0.32,0.17,2.43,0.84,5.51,,,2026-07-29,734.4,717.0,2.86,2.86,85.22,39.66,6.86,6.86,2.15,7.47,6152.67,3.69,2.52,2.44,7.56,1.1127719e7,85769400,,,,,,,,,,,,,,,,,,,,,,,,
2026-07-29T15:28:28.962,PRESTIGE,1669.0,-0.79,,1591.42,1657.9,1691.2,,,71.82,60.6,,,realty,construction,,-2.26,0.08,-0.05,0.11,-0.04,2.25,4.01,3.03,,,2026-07-29,1702.4,1665.0,3.93,3.93,138.72,50.51,3.15,3.15,2.75,104.14,72461.75,4.04,3.69,3.0,7.92,1.68230232e8,430730232,,,,,,,,,,,,,,,,,,,,,,,,
2026-07-29T15:28:28.962,IIFL,593.6,1.93,,562.74,564.52,651.76,,,9.35,11.78,,,financials,finance & investments,,2.9,0.0,0.06,0.02,0.04,3.99,6.27,3.58,,,2026-07-29,602.3,579.2,5.11,5.11,72.84,21.24,3.68,3.68,3.43,95.63,24768.8,4.64,3.41,3.91,67.8,3.1965032e8,425324987,,,,,,,,,,,,,,,,,,,,,,,,
2026-07-29T15:28:28.962,REDINGTON,288.45,3.74,,273.73,266.36,332.64,,,14.39,14.59,,,services,trading,,2.61,0.02,-0.05,0.02,-0.09,4.9,10.86,3.48,,,2026-07-29,289.0,275.5,5.42,5.42,30.68,10.03,3.48,3.48,3.06,95.39,21737.24,4.74,4.2,3.42,129.09,7.81774431e8,781774431,,,,,,,,,,,,,,,,,,,,,,,,
2026-07-29T15:28:28.962,ATHERENERG,1246.9,3.74,,1167.53,1263.72,1213.26,,,-118.98,-86.16,,,auto,automobiles - scooters and 3 - wheelers,,-6.18,0.89,0.92,0.78,0.85,5.11,4.68,4.24,,,2026-07-29,1252.0,1191.1,5.11,5.11,164.89,52.89,4.49,4.49,3.12,71.43,46051.14,4.76,4.67,3.59,105.51,2.27112254e8,383120970,,,,,,,,,,,,,,,,,,,,,,,,
2026-07-29T15:28:28.962,SANSERA,3232.2,1.73,,3053.84,3206.43,3283.74,,,41.42,60.9,,,auto,auto ancillaries,,-1.6,0.78,1.01,0.76,0.98,2.83,1.92,3.67,,,2026-07-29,3264.9,3175.1,2.95,2.95,188.44,118.57,3.69,3.69,1.59,43.19,19826.86,4.77,4.63,1.69,48.16,4.4176328e7,62403568,,,,,,,,,,,,,,,,,,,,,,,,
2026-07-29T15:28:28.962,MSTCLTD,613.25,2.8,,566.98,575.05,689.66,,,13.98,19.22,,,i.t,trading,,0.52,0.2,0.12,0.2,0.09,4.36,3.41,4.48,,,2026-07-29,620.0,594.1,4.54,4.54,21.88,27.5,5.0,5.0,0.8,11.38,4199.71,5.29,5.21,0.83,69.63,2.48192e7,70400000,,,,,,,,,,,,,,,,,,,,,,,,
2026-07-29T15:28:28.962,HSCL,769.05,2.59,,719.69,754.59,797.97,,,42.26,47.0,,,chemicals,chemicals,,0.21,0.58,0.62,0.53,0.58,2.87,4.49,4.51,,,2026-07-29,771.8,750.25,4.86,4.86,96.05,34.69,4.33,4.33,2.77,43.74,37822.96,5.37,3.38,3.16,54.2,2.39682297e8,504541599,,,,,,,,,,,,,,,,,,,,,,,,
2026-07-29T15:28:28.962,PGEL,611.45,4.44,,579.86,593.23,647.9,,,67.34,84.72,,,consumer discretionary,electronics - components,,-4.46,0.04,0.12,0.03,0.07,5.8,6.99,3.59,,,2026-07-29,619.05,585.1,8.32,8.32,74.94,21.96,3.61,3.61,3.41,74.0,16719.69,5.38,1.45,3.89,119.98,1.61717368e8,285586908,,,,,,,,,,,,,,,,,,,,,,,,
2026-07-29T15:28:28.962,EXIDEIND,435.95,2.96,,416.21,436.14,435.57,,,43.08,42.13,,,auto,auto ancillaries,,-3.4,0.25,0.11,0.2,0.08,3.91,3.71,3.38,,,2026-07-29,436.8,420.35,3.91,3.91,35.84,14.72,3.21,3.21,2.44,61.43,35989.0,5.42,4.77,2.65,106.0,4.59045334e8,850000000,,,,,,,,,,,,,,,,,,,,,,,,
2026-07-29T15:28:28.962,PARAS,1211.0,2.1,,1124.48,1153.69,1325.61,,,70.9,92.81,,,aerospace & defence,engineering,,1.14,0.63,0.66,0.68,0.63,3.95,2.54,4.06,,,2026-07-29,1234.0,1187.1,4.49,4.49,92.94,49.13,4.55,4.55,1.89,19.72,9558.46,5.61,5.28,2.05,48.65,3.7718746e7,80587330,,,,,,,,,,,,,,,,,,,,,,,,
2026-07-29T15:28:28.962,E2E,489.65,-5.0,,451.18,462.88,543.18,,,57.2,-72.18,,,i.t,computers - software - medium / small,,19.09,1.17,0.62,1.31,0.71,8.22,0.0,6.01,,,2026-07-29,529.9,489.65,8.22,8.22,79.4,29.45,5.17,5.17,2.7,240.72,10594.81,7.78,5.81,3.22,0.0,1.2446762e8,205564890,,,,,,,,,,,,,,,,,,,,,,,,
2026-07-29T15:28:28.962,ASTRAMICRO,1772.2,4.0,,1664.96,1731.7,1853.2,,,39.7,83.86,,,aerospace & defence,telecommunications - equipment,,-3.32,0.7,0.64,0.69,0.58,6.05,4.99,4.42,,,2026-07-29,1793.6,1691.2,6.26,6.26,187.5,78.29,4.16,4.16,2.39,34.45,16179.58,8.9,8.87,2.68,103.46,8.8739181e7,94945008,,,,,,,,,,,,,,,,,,,,,,,,
2026-07-29T15:28:28.962,THANGAMAYL,6452.0,-10.0,,5897.53,6686.27,5983.47,,,35.15,63.37,,,consumer discretionary,diamond cutting / jewellery,,7.67,0.65,0.85,0.92,1.06,12.04,0.0,6.36,,,2026-07-29,7229.0,6452.0,12.04,12.04,820.05,410.07,6.18,6.18,2.0,294.7,22281.15,9.22,8.63,2.29,0.0,1.1933447e7,31082021,,,,,,,,,,,,,,,,,,,,,,,,
2026-07-28T09:46:02.366,HEG,653.75,0.19,,616.6,608.05,745.15,,,25.78,34.6,,,industrials,electrodes - graphites,,8.57,0.11,0.19,0.13,0.19,1.93,7.52,4.35,,,2026-07-28,656.3,643.85,3.27,3.27,93.26,28.45,4.58,4.58,3.28,20.92,12411.35,-1.46,-3.65,3.82,34.79,8.436866e7,192977530,,,,,,,,,,,,,,,,,,,,,,,,
2026-07-28T09:46:02.366,UNIONBANK,169.43,-0.4,,161.79,166.24,175.82,,,5.73,6.3,,,bank,banks - public sector,,2.67,-0.11,0.07,-0.1,0.08,0.94,2.18,2.95,,,2026-07-28,170.74,169.15,0.94,0.94,1.21,5.0,3.22,3.22,0.24,4.43,130152.98,-0.44,-1.77,0.24,5.59,1.926944757e9,7633605607,,,,,,,,,,,,,,,,,,,,,,,,
2026-07-28T09:46:02.366,MRPL,161.75,-0.33,,150.26,167.6,150.05,,,7.49,9.47,,,energy,refineries,,-2.25,-0.05,-0.12,-0.05,-0.12,2.16,0.76,5.12,,,2026-07-28,164.0,160.53,2.16,2.16,4.94,8.28,4.83,4.83,0.6,13.74,29750.36,-0.14,-1.91,0.62,14.73,2.00091162e8,1752598777,,,,,,,,,,,,,,,,,,,,,,,,
2026-07-28T09:46:02.366,DATAPATTNS,4464.4,-2.5,,4150.37,4172.34,5048.51,,,45.17,94.58,,,aerospace & defence,electronics - components,,11.06,0.79,0.57,0.92,0.61,2.88,0.98,4.82,,,2026-07-28,4579.9,4451.5,2.88,2.88,135.67,215.13,4.58,4.58,0.63,10.35,25665.85,0.09,-0.01,0.65,6.0,3.2241586e7,55983969,,,,,,,,,,,,,,,,,,,,,,,,
2026-07-28T09:46:02.366,BELRISE,229.45,-1.38,,217.97,224.93,238.49,,,37.49,37.36,,,auto,auto ancillaries,,1.02,0.34,0.47,0.33,0.49,1.9,2.43,3.01,,,2026-07-28,233.24,228.9,2.65,2.65,1.25,6.91,3.39,3.39,0.18,7.77,22076.21,0.33,0.24,0.18,7.96,2.98495928e8,889879192,,,,,,,,,,,,,,,,,,,,,,,,
2026-07-28T09:46:02.366,AZAD,2399.5,-1.72,,2247.39,2398.97,2400.55,,,107.7,118.86,,,aerospace & defence,engineering,,1.05,0.53,0.44,0.61,0.47,3.22,2.85,4.15,,,2026-07-28,2439.8,2363.7,3.22,3.22,223.62,99.64,4.69,4.69,2.24,21.55,15751.49,1.61,1.45,2.48,35.93,2.8517503e7,64581743,,,,,,,,,,,,,,,,,,,,,,,,
2026-07-28T09:46:02.366,MANAPPURAM,356.0,-1.07,,340.74,342.72,382.55,,,18.66,30.09,,,financials,finance & investments,,5.14,0.11,0.25,0.12,0.27,1.58,3.62,2.71,,,2026-07-28,361.1,355.5,1.82,1.82,31.43,9.64,3.01,3.01,3.26,8.11,33153.87,2.15,1.94,3.57,5.18,5.48033715e8,939336102,,,,,,,,,,,,,,,,,,,,,,,,
2026-07-28T09:46:02.366,LLOYDSME,1997.9,-0.84,,1904.63,1889.37,2214.95,,,18.66,27.8,,,metals & mining,mining / minerals / metals,,4.33,0.67,0.46,0.65,0.48,1.32,6.55,3.32,,,2026-07-28,2022.3,1996.0,4.89,4.89,202.97,66.36,3.46,3.46,3.06,13.61,109232.09,2.22,0.76,3.4,2.86,2.15986677e8,562906951,,,,,,,,,,,,,,,,,,,,,,,,
2026-07-28T09:46:02.366,PGEL,578.45,-0.22,,548.9,595.07,545.2,,,63.71,82.84,,,consumer discretionary,electronics - components,,-4.0,0.03,0.06,0.04,0.06,1.19,3.04,3.24,,,2026-07-28,583.0,576.15,1.19,1.19,45.14,18.76,3.4,3.4,2.41,3.84,16348.42,2.84,1.1,2.61,12.26,1.61717368e8,285586908,,,,,,,,,,,,,,,,,,,,,,,,
2026-07-28T09:46:02.366,PAYTM,1312.7,1.81,,1247.32,1336.47,1265.16,,,95.4,126.3,,,i.t,miscellaneous,,-5.86,0.06,-0.05,0.04,-0.06,2.21,6.16,3.37,,,2026-07-28,1315.4,1287.0,3.57,3.57,137.22,44.22,3.66,3.66,3.1,17.14,82168.04,2.94,2.48,3.47,58.12,6.40337006e8,640337006,,,,,,,,,,,,,,,,,,,,,,,,
2026-07-28T09:46:02.366,CHENNPETRO,1196.4,2.36,,1104.37,1196.25,1196.69,,,4.32,4.33,,,energy,refineries,,-1.58,0.31,0.12,0.27,0.1,4.17,4.03,5.89,,,2026-07-28,1198.0,1150.0,4.17,4.17,58.21,70.45,5.31,5.31,0.83,30.4,18089.76,3.21,1.92,0.87,65.86,4.87133e7,148911400,,,,,,,,,,,,,,,,,,,,,,,,
2026-07-28T09:46:02.366,PERSISTENT,5462.9,3.7,,5203.15,5149.5,6089.7,,,40.37,43.44,,,i.t,computers - software - large,,3.34,-0.19,-0.13,-0.22,-0.15,2.8,10.03,3.11,,,2026-07-28,5485.0,5335.8,4.74,4.74,481.15,169.73,3.02,3.02,2.83,38.62,82037.89,3.26,-0.22,3.11,74.88,1.0996007e8,157750000,,,,,,,,,,,,,,,,,,,,,,,,
2026-07-28T09:46:02.366,ITDC,728.5,-0.91,,669.0,758.44,668.63,,,55.19,76.73,,,services,hotels,,-3.51,0.35,0.21,0.34,0.22,2.89,0.88,5.68,,,2026-07-28,748.0,727.0,3.14,3.14,97.09,41.35,6.75,6.75,2.35,3.46,6324.64,3.9,2.27,2.71,3.63,1.1127719e7,85769400,,,,,,,,,,,,,,,,,,,,,,,,
2026-07-28T09:46:02.366,PRESTIGE,1652.0,0.45,,1575.58,1664.99,1626.02,,,71.08,57.38,,,realty,construction,,-4.94,0.09,-0.09,0.08,-0.1,1.34,4.6,2.95,,,2026-07-28,1660.0,1638.0,3.45,3.45,128.85,48.65,3.16,3.16,2.65,8.21,68606.71,4.1,3.69,2.87,28.77,1.68230232e8,430730232,,,,,,,,,,,,,,,,,,,,,,,,
2026-07-28T09:46:02.366,ADANIENSOL,1668.0,-2.07,,1581.45,1713.47,1577.06,,,43.57,70.05,,,power & utilities,power generation and supply,,-1.81,0.81,0.63,0.92,0.67,4.68,2.65,3.44,,,2026-07-28,1701.0,1625.0,4.68,4.68,115.17,57.45,3.71,3.71,2.0,21.07,204482.33,4.21,3.79,2.15,74.84,3.03786815e8,1201282642,,,,,,,,,,,,,,,,,,,,,,,,
2026-07-28T09:46:02.366,HSCL,764.25,-3.31,,715.97,746.75,799.25,,,41.99,49.5,,,chemicals,chemicals,,6.88,0.57,0.61,0.62,0.67,4.46,0.56,4.37,,,2026-07-28,793.9,760.0,4.46,4.46,95.31,33.42,4.36,4.36,2.85,15.05,39836.08,4.25,3.41,3.26,12.72,2.39682297e8,504541599,,,,,,,,,,,,,,,,,,,,,,,,
2026-07-28T09:46:02.366,COFORGE,1662.0,8.74,,1577.45,1483.42,2019.15,,,22.79,32.03,,,i.t,computers - software - large,,0.66,-0.08,-0.11,-0.15,-0.18,6.53,16.22,3.68,,,2026-07-28,1669.7,1567.3,12.11,12.11,203.03,61.19,3.71,3.71,3.32,128.88,65726.3,4.92,2.91,3.78,154.77,4.42690811e8,442690811,,,,,,,,,,,,,,,,,,,,,,,,
2026-07-28T09:46:02.366,SANSERA,3214.9,-1.78,,3036.83,3216.67,3211.36,,,41.2,61.04,,,auto,auto ancillaries,,-0.33,0.8,1.01,0.8,1.05,2.23,3.68,3.68,,,2026-07-28,3277.0,3205.6,2.23,2.23,187.18,118.4,3.67,3.67,1.58,6.33,19873.66,5.03,4.68,1.68,7.85,4.4176328e7,62403568,,,,,,,,,,,,,,,,,,,,,,,,
2026-07-28T09:46:02.366,GODREJPROP,2120.2,1.99,,2022.51,2119.91,2120.78,,,24.56,33.02,,,realty,construction,,-5.13,0.29,-0.05,0.23,-0.07,3.16,7.89,3.34,,,2026-07-28,2123.8,2058.8,4.87,4.87,244.81,70.85,3.33,3.33,3.46,31.04,61109.71,5.23,3.71,3.91,86.67,1.45611988e8,301225962,,,,,,,,,,,,,,,,,,,,,,,,
2026-07-28T09:46:02.366,PARAS,1196.7,-2.01,,1110.32,1160.51,1269.08,,,70.06,93.52,,,aerospace & defence,engineering,,0.87,0.71,0.65,0.79,0.68,2.2,3.84,3.99,,,2026-07-28,1219.3,1193.0,2.86,2.86,87.77,47.7,4.55,4.55,1.84,3.15,9631.8,5.42,5.33,1.99,7.76,3.7718746e7,80587330,,,,,,,,,,,,,,,,,,,,,,,,
2026-07-28T09:46:02.366,AEGISLOG,1272.5,-1.46,,1161.66,1332.82,1151.86,,,27.21,52.74,,,services,trading,,-4.82,0.76,0.58,0.81,0.6,3.1,0.59,6.02,,,2026-07-28,1304.2,1265.0,3.1,3.1,223.93,76.67,7.16,7.16,2.92,4.46,47370.96,11.56,11.44,3.54,9.78,1.47075325e8,351000000,,,,,,,,,,,,,,,,,,,,,,,,
2026-07-10T05:46:55.519,NEOGEN,2026.7,,,,1943.58,2106.22,,,117.29,186.11,63.0,,chemicals,chemicals,27.33,-0.89,0.61,0.3,0.57,0.21,4.18,9.75,4.4,,,2026-07-10,,,,,,,,,,,,,,,,,,2.37,-5.18,2072.9,5.12,1926.2,-4.59,14.38,,,,,,,,,,,,,,,,,
2026-07-10T05:46:55.519,UNIVCABLES,1104.0,,,,1228.22,1278.98,,,17.31,23.48,56.42,,industrials,cables - power,33.35,-2.05,0.31,0.73,0.26,0.69,2.07,8.63,6.95,,,2026-07-10,,,,,,,,,,,,,,,,,,1.92,-14.09,1277.7,4.21,1203.0,-5.32,17.69,,,,,,,,,,,,,,,,,
2026-07-10T05:46:55.519,SATIN,255.12,,,,230.33,261.47,,,4.33,8.45,62.76,,financials,finance & investments,24.32,1.78,0.6,0.61,0.53,0.55,6.76,8.45,4.52,,,2026-07-10,,,,,,,,,,,,,,,,,,8.66,0.06,267.2,4.9,234.42,-4.34,7.5,,,,,,,,,,,,,,,,,
2026-07-10T05:46:55.519,HIRECT,1041.0,,,,1130.68,1187.72,,,171.22,41.44,59.56,,consumer discretionary,electronics - components,32.76,-0.16,0.41,0.38,0.42,0.34,2.52,8.29,4.79,,,2026-07-10,,,,,,,,,,,,,,,,,,2.14,-13.65,1184.0,2.68,1128.9,-4.2,17.04,,,,,,,,,,,,,,,,,
2026-07-10T05:46:55.519,SOLARINDS,17380.0,,,,17328.35,20063.65,,,71.79,93.75,61.21,,aerospace & defence,chemicals,22.74,2.87,0.39,0.28,0.3,0.22,7.89,8.23,3.45,,,2026-07-10,,,,,,,,,,,,,,,,,,1.48,-8.92,18972.0,4.89,17825.0,-3.93,8.32,,,,,,,,,,,,,,,,,
2026-07-10T05:46:55.519,GHCLTEXTIL,107.71,,,,91.72,107.54,,,9.32,14.63,60.0,,textiles,textiles - spinning - synthetic / blended,21.66,3.44,0.28,0.25,0.19,0.19,8.62,8.18,4.46,,,2026-07-10,,,,,,,,,,,,,,,,,,13.61,-3.22,113.19,5.01,94.88,-3.94,8.08,,,,,,,,,,,,,,,,,
2026-07-10T05:46:55.519,USHAMART,502.2,,,,471.01,522.79,,,25.89,32.82,56.68,,metals & mining,steel - medium / small,15.96,2.06,0.03,0.02,-0.02,-0.0,5.5,7.55,3.2,,,2026-07-10,,,,,,,,,,,,,,,,,,4.62,-2.19,519.85,3.37,480.7,-3.36,6.27,,,,,,,,,,,,,,,,,
2026-07-10T05:46:55.519,THYROCARE,535.55,,,,535.37,563.23,,,44.78,25.25,60.81,,healthcare,healthcare,50.74,-2.01,0.1,0.26,0.06,0.21,2.6,7.24,4.7,,,2026-07-10,,,,,,,,,,,,,,,,,,2.86,-6.84,565.0,4.71,524.6,-4.15,11.72,,,,,,,,,,,,,,,,,
2026-07-10T05:46:55.519,SUYOG,877.7,,,,764.74,906.86,,,17.77,15.88,63.48,,telecom,transmisson line towers / equipment,18.52,3.17,0.29,0.05,0.2,0.02,9.29,6.83,5.11,,,2026-07-10,,,,,,,,,,,,,,,,,,10.21,-2.58,921.15,5.93,789.0,-5.11,10.37,,,,,,,,,,,,,,,,,
2026-07-10T05:46:55.519,DIAMONDYD,1198.3,,,,1110.69,1190.51,,,624.11,294.42,59.97,,fmcg,food - processing - indian,39.15,0.48,-0.1,0.1,-0.13,0.06,3.59,6.34,3.46,,,2026-07-10,,,,,,,,,,,,,,,,,,6.81,-2.22,1228.9,3.1,1116.0,-3.32,12.36,,,,,,,,,,,,,,,,,
2026-07-10T05:46:55.519,MUFIN,129.98,,,,126.86,140.86,,,51.58,83.32,67.15,,financials,finance & investments,18.97,-0.42,0.08,0.47,0.01,0.4,5.52,5.97,3.35,,,2026-07-10,,,,,,,,,,,,,,,,,,3.09,-5.5,138.0,5.97,126.32,-4.3,8.79,,,,,,,,,,,,,,,,,
2026-07-10T05:46:55.519,MANAPPURAM,332.45,,,,310.28,338.12,,,17.42,28.34,57.9,,financials,finance & investments,12.55,0.88,-0.05,0.1,-0.08,0.07,4.49,4.8,3.22,,,2026-07-10,,,,,,,,,,,,,,,,,,7.31,-2.84,347.9,3.58,313.0,-3.21,6.48,,,,,,,,,,,,,,,,,
2026-07-10T05:46:55.519,SOMANYCERA,509.5,,,,506.32,561.38,,,13.8,25.73,62.67,,building materials,ceramics - tiles / sanitaryware,30.53,1.56,0.2,0.12,0.16,0.09,5.44,4.61,3.91,,,2026-07-10,,,,,,,,,,,,,,,,,,2.8,-5.52,549.35,3.82,514.2,-2.94,10.04,,,,,,,,,,,,,,,,,
2026-07-10T05:46:55.519,TITAN,4555.8,,,,4303.03,4504.97,,,85.76,79.66,59.7,,consumer discretionary,diamond cutting / jewellery,12.29,-0.65,0.02,0.21,0.0,0.17,2.35,4.24,2.24,,,2026-07-10,,,,,,,,,,,,,,,,,,6.26,-0.48,4679.8,3.02,4275.0,-2.66,5.75,,,,,,,,,,,,,,,,,
2026-07-10T05:46:55.519,KTKBANK,268.0,,,,268.39,278.41,,,6.2,7.73,56.16,,bank,banks - private sector,19.41,-0.76,0.25,0.51,0.19,0.49,1.87,3.68,2.86,,,2026-07-10,,,,,,,,,,,,,,,,,,1.26,-4.52,276.85,2.65,266.35,-3.09,7.39,,,,,,,,,,,,,,,,,
2026-07-10T05:46:55.519,SUZLON,53.7,,,,57.45,60.35,,,16.57,23.35,61.05,,industrials,electric equipment,19.99,-0.24,0.02,0.05,-0.02,0.02,2.53,3.57,2.85,,,2026-07-10,,,,,,,,,,,,,,,,,,0.7,-10.51,59.31,2.77,57.31,-3.06,8.04,,,,,,,,,,,,,,,,,
2026-07-10T05:46:55.519,MANINDS,574.3,,,,572.59,590.71,,,20.51,24.33,57.24,,metals & mining,steel - medium / small,32.78,0.55,0.37,0.47,0.32,0.46,1.58,2.98,4.48,,,2026-07-10,,,,,,,,,,,,,,,,,,4.01,-6.96,605.0,1.02,575.75,1.9,12.37,,,,,,,,,,,,,,,,,
2026-07-10T05:46:55.519,CARYSIL,1186.6,,,,1188.79,1207.61,,,31.16,34.37,60.34,,consumer discretionary,domestic appliances,36.14,-0.8,0.26,0.25,0.21,0.24,0.79,2.96,4.36,,,2026-07-10,,,,,,,,,,,,,,,,,,0.92,-9.61,1209.5,1.6,1179.3,-2.87,18.57,,,,,,,,,,,,,,,,,
2026-07-10T05:46:55.519,PGHL,6612.0,,,,6294.2,6358.8,,,35.37,37.4,66.87,,healthcare,pharmaceuticals - multinational,60.98,-0.94,0.03,-0.01,0.01,-0.03,0.51,2.37,1.93,,,2026-07-10,,,,,,,,,,,,,,,,,,6.93,-1.96,6765.0,1.47,6235.0,-1.82,13.67,,,,,,,,,,,,,,,,,
2026-07-10T05:46:55.519,CENTENKA,516.05,,,,511.3,528.8,,,7.16,11.21,57.46,,textiles,textiles - manmade,45.73,-0.05,0.07,0.05,0.07,0.04,1.71,1.88,3.86,,,2026-07-10,,,,,,,,,,,,,,,,,,4.22,-3.15,542.0,1.76,511.05,1.26,12.82,,,,,,,,,,,,,,,,,
2026-07-10T05:46:55.519,INDUSINDBK,1015.15,,,,912.03,936.37,,,33.26,88.97,52.82,,bank,banks - private sector,18.45,0.49,0.0,0.17,-0.01,0.16,1.33,1.77,2.4,,,2026-07-10,,,,,,,,,,,,,,,,,,12.31,0.31,1038.0,0.85,916.45,0.5,3.65,,,,,,,,,,,,,,,,,
2026-07-09T23:58:45.045,NEOGEN,2026.7,,,,1943.58,2106.22,,,117.29,179.15,63.0,,chemicals,chemicals,27.33,-0.89,0.61,0.3,0.57,0.21,4.18,9.75,4.4,,,2026-07-09,,,,,,,,,,,,,,,,,,2.37,-5.18,2072.9,5.12,1926.2,-4.59,14.38,,,,,,,,,,,,,,,,,
2026-07-09T23:58:45.045,UNIVCABLES,1104.0,,,,1228.22,1278.98,,,17.31,23.0,56.42,,industrials,cables - power,33.35,-2.05,0.31,0.73,0.26,0.69,2.07,8.63,6.95,,,2026-07-09,,,,,,,,,,,,,,,,,,1.92,-14.09,1277.7,4.21,1203.0,-5.32,17.69,,,,,,,,,,,,,,,,,
2026-07-09T23:58:45.045,SATIN,255.12,,,,230.33,261.47,,,4.33,8.24,62.76,,financials,finance & investments,24.32,1.78,0.6,0.61,0.53,0.55,6.76,8.45,4.52,,,2026-07-09,,,,,,,,,,,,,,,,,,8.66,0.06,267.2,4.9,234.42,-4.34,7.5,,,,,,,,,,,,,,,,,
2026-07-09T23:58:45.045,HIRECT,1041.0,,,,1130.68,1187.72,,,171.22,40.81,59.56,,consumer discretionary,electronics - components,32.76,-0.16,0.41,0.38,0.42,0.34,2.52,8.29,4.79,,,2026-07-09,,,,,,,,,,,,,,,,,,2.14,-13.65,1184.0,2.68,1128.9,-4.2,17.04,,,,,,,,,,,,,,,,,
2026-07-09T23:58:45.045,SOLARINDS,17380.0,,,,17328.35,20063.65,,,71.79,96.94,61.21,,aerospace & defence,chemicals,22.74,2.87,0.39,0.28,0.3,0.22,7.89,8.23,3.45,,,2026-07-09,,,,,,,,,,,,,,,,,,1.48,-8.92,18972.0,4.89,17825.0,-3.93,8.32,,,,,,,,,,,,,,,,,
2026-07-09T23:58:45.045,GHCLTEXTIL,107.71,,,,91.72,107.54,,,9.32,14.31,60.0,,textiles,textiles - spinning - synthetic / blended,21.66,3.44,0.28,0.25,0.19,0.19,8.62,8.18,4.46,,,2026-07-09,,,,,,,,,,,,,,,,,,13.61,-3.22,113.19,5.01,94.88,-3.94,8.08,,,,,,,,,,,,,,,,,
2026-07-09T23:58:45.045,USHAMART,502.2,,,,471.01,522.79,,,25.89,32.0,56.68,,metals & mining,steel - medium / small,15.96,2.06,0.03,0.02,-0.02,-0.0,5.5,7.55,3.2,,,2026-07-09,,,,,,,,,,,,,,,,,,4.62,-2.19,519.85,3.37,480.7,-3.36,6.27,,,,,,,,,,,,,,,,,
2026-07-09T23:58:45.045,THYROCARE,535.55,,,,535.37,563.23,,,44.78,24.6,60.81,,healthcare,healthcare,50.74,-2.01,0.1,0.26,0.06,0.21,2.6,7.24,4.7,,,2026-07-09,,,,,,,,,,,,,,,,,,2.86,-6.84,565.0,4.71,524.6,-4.15,11.72,,,,,,,,,,,,,,,,,
2026-07-09T23:58:45.045,SUYOG,877.7,,,,764.74,906.86,,,17.77,15.83,63.48,,telecom,transmisson line towers / equipment,18.52,3.17,0.29,0.05,0.2,0.02,9.29,6.83,5.11,,,2026-07-09,,,,,,,,,,,,,,,,,,10.21,-2.58,921.15,5.93,789.0,-5.11,10.37,,,,,,,,,,,,,,,,,
2026-07-09T23:58:45.045,DIAMONDYD,1198.3,,,,1110.69,1190.51,,,624.11,292.56,59.97,,fmcg,food - processing - indian,39.15,0.48,-0.1,0.1,-0.13,0.06,3.59,6.34,3.46,,,2026-07-09,,,,,,,,,,,,,,,,,,6.81,-2.22,1228.9,3.1,1116.0,-3.32,12.36,,,,,,,,,,,,,,,,,
2026-07-09T23:58:45.045,MUFIN,129.98,,,,126.86,140.86,,,51.58,82.21,67.15,,financials,finance & investments,18.97,-0.42,0.08,0.47,0.01,0.4,5.52,5.97,3.35,,,2026-07-09,,,,,,,,,,,,,,,,,,3.09,-5.5,138.0,5.97,126.32,-4.3,8.79,,,,,,,,,,,,,,,,,
2026-07-09T23:58:45.045,MANAPPURAM,332.45,,,,310.28,338.12,,,17.42,28.35,57.9,,financials,finance & investments,12.55,0.88,-0.05,0.1,-0.08,0.07,4.49,4.8,3.22,,,2026-07-09,,,,,,,,,,,,,,,,,,7.31,-2.84,347.9,3.58,313.0,-3.21,6.48,,,,,,,,,,,,,,,,,
2026-07-09T23:58:45.045,SOMANYCERA,509.5,,,,506.32,561.38,,,13.8,25.68,62.67,,building materials,ceramics - tiles / sanitaryware,30.53,1.56,0.2,0.12,0.16,0.09,5.44,4.61,3.91,,,2026-07-09,,,,,,,,,,,,,,,,,,2.8,-5.52,549.35,3.82,514.2,-2.94,10.04,,,,,,,,,,,,,,,,,
2026-07-09T23:58:45.045,TITAN,4555.8,,,,4303.03,4504.97,,,85.76,80.2,59.7,,consumer discretionary,diamond cutting / jewellery,12.29,-0.65,0.02,0.21,0.0,0.17,2.35,4.24,2.24,,,2026-07-09,,,,,,,,,,,,,,,,,,6.26,-0.48,4679.8,3.02,4275.0,-2.66,5.75,,,,,,,,,,,,,,,,,
2026-07-09T23:58:45.045,KTKBANK,268.0,,,,268.39,278.41,,,6.2,7.58,56.16,,bank,banks - private sector,19.41,-0.76,0.25,0.51,0.19,0.49,1.87,3.68,2.86,,,2026-07-09,,,,,,,,,,,,,,,,,,1.26,-4.52,276.85,2.65,266.35,-3.09,7.39,,,,,,,,,,,,,,,,,
2026-07-09T23:58:45.045,SUZLON,53.7,,,,57.45,60.35,,,16.57,23.1,61.05,,industrials,electric equipment,19.99,-0.24,0.02,0.05,-0.02,0.02,2.53,3.57,2.85,,,2026-07-09,,,,,,,,,,,,,,,,,,0.7,-10.51,59.31,2.77,57.31,-3.06,8.04,,,,,,,,,,,,,,,,,
2026-07-09T23:58:45.045,MANINDS,574.3,,,,572.59,590.71,,,20.51,23.28,57.24,,metals & mining,steel - medium / small,32.78,0.55,0.37,0.47,0.32,0.46,1.58,2.98,4.48,,,2026-07-09,,,,,,,,,,,,,,,,,,4.01,-6.96,605.0,1.02,575.75,1.9,12.37,,,,,,,,,,,,,,,,,
2026-07-09T23:58:45.045,CARYSIL,1186.6,,,,1188.79,1207.61,,,31.16,31.82,60.34,,consumer discretionary,domestic appliances,36.14,-0.8,0.26,0.25,0.21,0.24,0.79,2.96,4.36,,,2026-07-09,,,,,,,,,,,,,,,,,,0.92,-9.61,1209.5,1.6,1179.3,-2.87,18.57,,,,,,,,,,,,,,,,,
2026-07-09T23:58:45.045,PGHL,6612.0,,,,6294.2,6358.8,,,35.37,35.42,66.87,,healthcare,pharmaceuticals - multinational,60.98,-0.94,0.03,-0.01,0.01,-0.03,0.51,2.37,1.93,,,2026-07-09,,,,,,,,,,,,,,,,,,6.93,-1.96,6765.0,1.47,6235.0,-1.82,13.67,,,,,,,,,,,,,,,,,
2026-07-09T23:58:45.045,CENTENKA,516.05,,,,511.3,528.8,,,7.16,11.02,57.46,,textiles,textiles - manmade,45.73,-0.05,0.07,0.05,0.07,0.04,1.71,1.88,3.86,,,2026-07-09,,,,,,,,,,,,,,,,,,4.22,-3.15,542.0,1.76,511.05,1.26,12.82,,,,,,,,,,,,,,,,,
2026-07-09T23:58:45.045,INDUSINDBK,1015.15,,,,912.03,936.37,,,33.26,87.17,52.82,,bank,banks - private sector,18.45,0.49,0.0,0.17,-0.01,0.16,1.33,1.77,2.4,,,2026-07-09,,,,,,,,,,,,,,,,,,12.31,0.31,1038.0,0.85,916.45,0.5,3.65,,,,,,,,,,,,,,,,,
2026-07-08T06:42:51.81,NEOGEN,1955.5,,,,1943.58,2106.22,,6.2,113.17,179.57,49.88,,chemicals,chemicals,27.33,-5.34,0.61,0.3,0.61,0.21,4.18,9.75,4.4,,,2026-07-08,,,,,,,,,,,,,,,,,,,,,5.12,1926.2,-8.99,,1.07,-3.95,2047.8,14.38,,,,,,,,,,,,,
2026-07-08T06:42:51.81,UNIVCABLES,1110.0,,,,1228.22,1278.98,,0.37,17.41,23.61,53.52,,industrials,cables - power,33.35,-2.12,0.31,0.73,0.31,0.69,2.07,8.63,6.95,,,2026-07-08,,,,,,,,,,,,,,,,,,,,,4.21,1203.0,-12.27,,1.92,-12.24,1277.7,17.69,,,,,,,,,,,,,
2026-07-08T06:42:51.81,SATIN,263.29,,,,230.33,261.47,,0.69,4.47,8.72,53.73,,financials,finance & investments,24.32,-0.1,0.6,0.61,0.6,0.55,6.76,8.45,4.52,,,2026-07-08,,,,,,,,,,,,,,,,,,,,,4.9,234.42,-8.86,,8.66,0.45,267.2,7.5,,,,,,,,,,,,,
2026-07-08T06:42:51.81,HIRECT,1057.6,,,,1130.68,1187.72,,0.28,173.95,42.1,54.9,,consumer discretionary,electronics - components,32.76,-2.1,0.41,0.38,0.41,0.34,2.52,8.29,4.79,,,2026-07-08,,,,,,,,,,,,,,,,,,,,,2.68,1128.9,-8.99,,2.14,-9.33,1184.0,17.04,,,,,,,,,,,,,
2026-07-08T06:42:51.81,SOLARINDS,18268.0,,,,17328.35,20063.65,,1.74,75.46,98.54,48.2,,aerospace & defence,chemicals,22.74,0.01,0.39,0.28,0.39,0.22,7.89,8.23,3.45,,,2026-07-08,,,,,,,,,,,,,,,,,,,,,4.89,17825.0,-7.39,,1.48,-5.73,18972.0,8.32,,,,,,,,,,,,,
2026-07-08T06:42:51.81,GHCLTEXTIL,110.72,,,,91.72,107.54,,2.07,9.58,15.04,48.39,,textiles,textiles - spinning - synthetic / blended,21.66,0.28,0.28,0.25,0.28,0.19,8.62,8.18,4.46,,,2026-07-08,,,,,,,,,,,,,,,,,,,,,5.01,94.88,-8.4,,13.42,-3.22,113.0,8.08,,,,,,,,,,,,,
2026-07-08T06:42:51.81,USHAMART,507.15,,,,471.01,522.79,,1.48,26.14,33.15,46.11,,metals & mining,steel - medium / small,15.96,-2.85,0.03,0.02,0.03,-0.0,5.5,7.55,3.2,,,2026-07-08,,,,,,,,,,,,,,,,,,,,,3.37,480.7,-6.55,,4.62,-1.49,519.85,6.27,,,,,,,,,,,,,
2026-07-08T06:42:51.81,THYROCARE,532.0,,,,535.37,563.23,,0.76,44.48,25.08,50.24,,healthcare,healthcare,50.74,-4.74,0.1,0.26,0.1,0.21,2.6,7.24,4.7,,,2026-07-08,,,,,,,,,,,,,,,,,,,,,4.71,524.6,-8.85,,2.86,-4.77,565.0,11.72,,,,,,,,,,,,,
2026-07-08T06:42:51.81,SUYOG,901.4,,,,764.74,906.86,,2.54,18.25,16.31,57.84,,telecom,transmisson line towers / equipment,18.52,5.05,0.29,0.05,0.29,0.02,9.29,6.83,5.11,,,2026-07-08,,,,,,,,,,,,,,,,,,,,,5.93,789.0,-10.22,,10.21,-2.58,921.15,10.37,,,,,,,,,,,,,
2026-07-08T06:42:51.81,DIAMONDYD,1225.1,,,,1110.69,1190.51,,0.45,638.07,301.01,57.19,,fmcg,food - processing - indian,39.15,-3.37,-0.1,0.1,-0.1,0.06,3.59,6.34,3.46,,,2026-07-08,,,,,,,,,,,,,,,,,,,,,3.1,1116.0,-6.79,,6.81,-2.22,1228.9,12.36,,,,,,,,,,,,,
2026-07-08T06:42:51.81,MUFIN,131.97,,,,126.86,140.86,,1.54,52.37,84.6,59.35,,financials,finance & investments,18.97,1.03,0.08,0.47,0.08,0.4,5.52,5.97,3.35,,,2026-07-08,,,,,,,,,,,,,,,,,,,,,5.97,126.32,-7.65,,3.09,-2.13,138.0,8.79,,,,,,,,,,,,,
2026-07-08T06:42:51.81,MANAPPURAM,342.1,,,,310.28,338.12,,0.69,17.93,29.16,54.51,,financials,finance & investments,12.55,0.51,-0.05,0.1,-0.05,0.07,4.49,4.8,3.22,,,2026-07-08,,,,,,,,,,,,,,,,,,,,,3.58,313.0,-6.42,,7.31,-2.84,347.9,6.48,,,,,,,,,,,,,
2026-07-08T06:42:51.81,SOMANYCERA,520.1,,,,506.32,561.38,,2.32,14.09,26.27,54.71,,building materials,ceramics - tiles / sanitaryware,30.53,1.02,0.2,0.12,0.2,0.09,5.44,4.61,3.91,,,2026-07-08,,,,,,,,,,,,,,,,,,,,,3.82,514.2,-6.85,,2.8,-2.78,549.35,10.04,,,,,,,,,,,,,
2026-07-08T06:42:51.81,TITAN,4604.2,,,,4303.03,4504.97,,1.09,86.68,80.51,52.99,,consumer discretionary,diamond cutting / jewellery,12.29,-1.34,0.02,0.21,0.02,0.17,2.35,4.24,2.24,,,2026-07-08,,,,,,,,,,,,,,,,,,,,,3.02,4275.0,-4.9,,5.72,-0.48,4655.9,5.75,,,,,,,,,,,,,
2026-07-08T06:42:51.81,KTKBANK,265.75,,,,268.39,278.41,,0.5,6.15,7.67,49.0,,bank,banks - private sector,19.41,-2.06,0.25,0.51,0.25,0.49,1.87,3.68,2.86,,,2026-07-08,,,,,,,,,,,,,,,,,,,,,2.65,266.35,-5.96,,1.26,-4.43,276.85,7.39,,,,,,,,,,,,,
2026-07-08T06:42:51.81,SUZLON,54.38,,,,57.45,60.35,,1.1,16.78,23.64,54.89,,industrials,electric equipment,19.99,-0.4,0.02,0.05,0.02,0.02,2.53,3.57,2.85,,,2026-07-08,,,,,,,,,,,,,,,,,,,,,2.77,57.31,-5.91,,0.7,-8.06,59.31,8.04,,,,,,,,,,,,,
2026-07-08T06:42:51.81,MANINDS,562.5,,,,572.59,590.71,,0.18,20.09,23.83,54.28,,metals & mining,steel - medium / small,32.78,0.63,0.37,0.47,0.37,0.46,1.58,2.98,4.48,,,2026-07-08,,,,,,,,,,,,,,,,,,,,,1.02,575.75,-2.58,,4.01,-3.88,605.0,12.37,,,,,,,,,,,,,
2026-07-08T06:42:51.81,CARYSIL,1118.3,,,,1188.79,1207.61,,0.37,29.37,32.4,58.17,,consumer discretionary,domestic appliances,36.14,-1.78,0.26,0.25,0.26,0.24,0.79,2.96,4.36,,,2026-07-08,,,,,,,,,,,,,,,,,,,,,1.6,1179.3,-7.23,,0.92,-7.28,1209.5,18.57,,,,,,,,,,,,,
2026-07-08T06:42:51.81,PGHL,6250.5,,,,6294.2,6358.8,,0.79,33.43,35.35,62.74,,healthcare,pharmaceuticals - multinational,60.98,-2.22,0.03,-0.01,0.03,-0.03,0.51,2.37,1.93,,,2026-07-08,,,,,,,,,,,,,,,,,,,,,1.47,6235.0,-3.75,,3.14,-1.43,6525.0,13.67,,,,,,,,,,,,,
2026-07-08T06:42:51.81,CENTENKA,525.15,,,,511.3,528.8,,0.52,7.28,11.4,57.11,,textiles,textiles - manmade,45.73,0.69,0.07,0.05,0.07,0.04,1.71,1.88,3.86,,,2026-07-08,,,,,,,,,,,,,,,,,,,,,1.76,511.05,-2.6,,4.22,-0.13,542.0,12.82,,,,,,,,,,,,,
2026-07-08T06:42:51.81,INDUSINDBK,1022.25,,,,912.03,936.37,,1.09,33.49,89.59,51.38,,bank,banks - private sector,18.45,0.54,0.0,0.17,0.0,0.16,1.33,1.77,2.4,,,2026-07-08,,,,,,,,,,,,,,,,,,,,,0.85,916.45,-1.9,,12.31,0.31,1038.0,3.65,,,,,,,,,,,,,
2026-07-07T23:44:50.909,NEOGEN,1955.5,,,,1943.58,2106.22,,6.2,113.17,184.55,49.88,,chemicals,chemicals,27.33,-5.34,0.61,0.3,0.61,0.21,4.18,9.75,4.4,,,2026-07-07,,,,,,,,,,,,,,,,,,,,,5.12,1926.2,-8.99,,1.07,-3.95,2047.8,14.38,,,,,,,,,,,,,
2026-07-07T23:44:50.909,UNIVCABLES,1110.0,,,,1228.22,1278.98,,0.37,17.41,24.28,53.52,,industrials,cables - power,33.35,-2.12,0.31,0.73,0.31,0.69,2.07,8.63,6.95,,,2026-07-07,,,,,,,,,,,,,,,,,,,,,4.21,1203.0,-12.27,,1.92,-12.24,1277.7,17.69,,,,,,,,,,,,,
2026-07-07T23:44:50.909,SATIN,263.29,,,,230.33,261.47,,0.69,4.47,8.52,53.73,,financials,finance & investments,24.32,-0.1,0.6,0.61,0.6,0.55,6.76,8.45,4.52,,,2026-07-07,,,,,,,,,,,,,,,,,,,,,4.9,234.42,-8.86,,8.66,0.45,267.2,7.5,,,,,,,,,,,,,
2026-07-07T23:44:50.909,HIRECT,1057.6,,,,1130.68,1187.72,,0.28,173.95,43.52,54.9,,consumer discretionary,electronics - components,32.76,-2.1,0.41,0.38,0.41,0.34,2.52,8.29,4.79,,,2026-07-07,,,,,,,,,,,,,,,,,,,,,2.68,1128.9,-8.99,,2.14,-9.33,1184.0,17.04,,,,,,,,,,,,,
2026-07-07T23:44:50.909,SOLARINDS,18268.0,,,,17328.35,20063.65,,1.74,75.46,100.01,48.2,,aerospace & defence,chemicals,22.74,0.01,0.39,0.28,0.39,0.22,7.89,8.23,3.45,,,2026-07-07,,,,,,,,,,,,,,,,,,,,,4.89,17825.0,-7.39,,1.48,-5.73,18972.0,8.32,,,,,,,,,,,,,
2026-07-07T23:44:50.909,GHCLTEXTIL,110.72,,,,91.72,107.54,,2.07,9.58,15.02,48.39,,textiles,textiles - spinning - synthetic / blended,21.66,0.28,0.28,0.25,0.28,0.19,8.62,8.18,4.46,,,2026-07-07,,,,,,,,,,,,,,,,,,,,,5.01,94.88,-8.4,,13.42,-3.22,113.0,8.08,,,,,,,,,,,,,
2026-07-07T23:44:50.909,USHAMART,507.15,,,,471.01,522.79,,1.48,26.14,33.63,46.11,,metals & mining,steel - medium / small,15.96,-2.85,0.03,0.02,0.03,-0.0,5.5,7.55,3.2,,,2026-07-07,,,,,,,,,,,,,,,,,,,,,3.37,480.7,-6.55,,4.62,-1.49,519.85,6.27,,,,,,,,,,,,,
2026-07-07T23:44:50.909,THYROCARE,532.0,,,,535.37,563.23,,0.76,44.48,25.7,50.24,,healthcare,healthcare,50.74,-4.74,0.1,0.26,0.1,0.21,2.6,7.24,4.7,,,2026-07-07,,,,,,,,,,,,,,,,,,,,,4.71,524.6,-8.85,,2.86,-4.77,565.0,11.72,,,,,,,,,,,,,
2026-07-07T23:44:50.909,SUYOG,901.4,,,,764.74,906.86,,2.54,18.25,15.98,57.84,,telecom,transmisson line towers / equipment,18.52,5.05,0.29,0.05,0.29,0.02,9.29,6.83,5.11,,,2026-07-07,,,,,,,,,,,,,,,,,,,,,5.93,789.0,-10.22,,10.21,-2.58,921.15,10.37,,,,,,,,,,,,,
2026-07-07T23:44:50.909,DIAMONDYD,1225.1,,,,1110.69,1190.51,,0.45,638.07,294.23,57.19,,fmcg,food - processing - indian,39.15,-3.37,-0.1,0.1,-0.1,0.06,3.59,6.34,3.46,,,2026-07-07,,,,,,,,,,,,,,,,,,,,,3.1,1116.0,-6.79,,6.81,-2.22,1228.9,12.36,,,,,,,,,,,,,
2026-07-07T23:44:50.909,MUFIN,131.97,,,,126.86,140.86,,1.54,52.37,85.46,59.35,,financials,finance & investments,18.97,1.03,0.08,0.47,0.08,0.4,5.52,5.97,3.35,,,2026-07-07,,,,,,,,,,,,,,,,,,,,,5.97,126.32,-7.65,,3.09,-2.13,138.0,8.79,,,,,,,,,,,,,
2026-07-07T23:44:50.909,MANAPPURAM,342.1,,,,310.28,338.12,,0.69,17.93,29.51,54.51,,financials,finance & investments,12.55,0.51,-0.05,0.1,-0.05,0.07,4.49,4.8,3.22,,,2026-07-07,,,,,,,,,,,,,,,,,,,,,3.58,313.0,-6.42,,7.31,-2.84,347.9,6.48,,,,,,,,,,,,,
2026-07-07T23:44:50.909,SOMANYCERA,520.1,,,,506.32,561.38,,2.32,14.09,26.89,54.71,,building materials,ceramics - tiles / sanitaryware,30.53,1.02,0.2,0.12,0.2,0.09,5.44,4.61,3.91,,,2026-07-07,,,,,,,,,,,,,,,,,,,,,3.82,514.2,-6.85,,2.8,-2.78,549.35,10.04,,,,,,,,,,,,,
2026-07-07T23:44:50.909,TITAN,4604.2,,,,4303.03,4504.97,,1.09,86.68,78.41,52.99,,consumer discretionary,diamond cutting / jewellery,12.29,-1.34,0.02,0.21,0.02,0.17,2.35,4.24,2.24,,,2026-07-07,,,,,,,,,,,,,,,,,,,,,3.02,4275.0,-4.9,,5.72,-0.48,4655.9,5.75,,,,,,,,,,,,,
2026-07-07T23:44:50.909,KTKBANK,265.75,,,,268.39,278.41,,0.5,6.15,7.59,49.0,,bank,banks - private sector,19.41,-2.06,0.25,0.51,0.25,0.49,1.87,3.68,2.86,,,2026-07-07,,,,,,,,,,,,,,,,,,,,,2.65,266.35,-5.96,,1.26,-4.43,276.85,7.39,,,,,,,,,,,,,
2026-07-07T23:44:50.909,SUZLON,54.38,,,,57.45,60.35,,1.1,16.78,24.12,54.89,,industrials,electric equipment,19.99,-0.4,0.02,0.05,0.02,0.02,2.53,3.57,2.85,,,2026-07-07,,,,,,,,,,,,,,,,,,,,,2.77,57.31,-5.91,,0.7,-8.06,59.31,8.04,,,,,,,,,,,,,
2026-07-07T23:44:50.909,MANINDS,562.5,,,,572.59,590.71,,0.18,20.09,24.23,54.28,,metals & mining,steel - medium / small,32.78,0.63,0.37,0.47,0.37,0.46,1.58,2.98,4.48,,,2026-07-07,,,,,,,,,,,,,,,,,,,,,1.02,575.75,-2.58,,4.01,-3.88,605.0,12.37,,,,,,,,,,,,,
2026-07-07T23:44:50.909,CARYSIL,1118.3,,,,1188.79,1207.61,,0.37,29.37,33.22,58.17,,consumer discretionary,domestic appliances,36.14,-1.78,0.26,0.25,0.26,0.24,0.79,2.96,4.36,,,2026-07-07,,,,,,,,,,,,,,,,,,,,,1.6,1179.3,-7.23,,0.92,-7.28,1209.5,18.57,,,,,,,,,,,,,
2026-07-07T23:44:50.909,PGHL,6250.5,,,,6294.2,6358.8,,0.79,33.43,35.92,62.74,,healthcare,pharmaceuticals - multinational,60.98,-2.22,0.03,-0.01,0.03,-0.03,0.51,2.37,1.93,,,2026-07-07,,,,,,,,,,,,,,,,,,,,,1.47,6235.0,-3.75,,3.14,-1.43,6525.0,13.67,,,,,,,,,,,,,
2026-07-07T23:44:50.909,CENTENKA,525.15,,,,511.3,528.8,,0.52,7.28,11.41,57.11,,textiles,textiles - manmade,45.73,0.69,0.07,0.05,0.07,0.04,1.71,1.88,3.86,,,2026-07-07,,,,,,,,,,,,,,,,,,,,,1.76,511.05,-2.6,,4.22,-0.13,542.0,12.82,,,,,,,,,,,,,
2026-07-07T23:44:50.909,INDUSINDBK,1022.25,,,,912.03,936.37,,1.09,33.49,88.5,51.38,,bank,banks - private sector,18.45,0.54,0.0,0.17,0.0,0.16,1.33,1.77,2.4,,,2026-07-07,,,,,,,,,,,,,,,,,,,,,0.85,916.45,-1.9,,12.31,0.31,1038.0,3.65,,,,,,,,,,,,,
2026-07-03T06:50:50.663,IKIO,170.24,11.67,150.3,159.32,155.4,199.93,176.98,9.83,19.98,32.49,64.21,55.51,consumer discretionary,electric equipment,14.24,-3.56,-0.13,-0.2,-0.22,-0.28,9.55,13.27,4.79,12.67,4.05,2026-07-03,,,,,,,,,,,,,,,,,,,,,,,,,,,,,,,,,,,,,,,,,
2026-07-03T06:50:50.663,THEMISMED,119.11,7.62,108.35,108.68,108.41,140.5,124.8,5.47,31.02,916.23,63.11,65.01,healthcare,pharmaceuticals - indian - bulk drugs & formln,41.45,2.65,0.11,-0.08,0.02,-0.14,9.87,9.93,6.76,8.3,6.33,2026-07-03,,,,,,,,,,,,,,,,,,,,,,,,,,,,,,,,,,,,,,,,,
2026-07-03T06:50:50.663,GHCLTEXTIL,104.06,7.13,94.88,97.22,92.55,127.07,104.5,2.32,9.0,14.14,63.87,65.48,textiles,textiles - spinning - synthetic / blended,24.55,5.13,0.33,0.32,0.25,0.23,12.43,9.68,4.72,7.92,4.56,2026-07-03,,,,,,,,,,,,,,,,,,,,,,,,,,,,,,,,,,,,,,,,,
2026-07-03T06:50:50.663,NELCAST,146.79,8.6,134.42,136.32,132.81,174.75,158.68,13.01,20.85,26.31,61.44,58.91,industrials,castings & forgings,22.83,0.53,0.3,0.29,0.18,0.19,10.53,9.2,5.28,9.2,4.79,2026-07-03,,,,,,,,,,,,,,,,,,,,,,,,,,,,,,,,,,,,,,,,,
2026-07-03T06:50:50.663,GATEWAY,61.41,3.33,57.0,58.29,59.49,65.25,61.8,1.25,12.58,11.99,59.01,56.24,transportation,miscellaneous,18.01,-2.99,-0.04,-0.02,-0.09,-0.05,3.23,7.74,3.81,6.14,3.68,2026-07-03,,,,,,,,,,,,,,,,,,,,,,,,,,,,,,,,,,,,,,,,,
2026-07-03T06:50:50.663,DJML,118.82,4.85,110.51,110.38,114.58,127.3,119.5,1.46,18.22,35.15,63.69,72.62,miscellaneous,diversified - medium / small,20.55,-3.27,0.58,0.21,0.49,0.15,3.7,7.52,5.08,7.52,5.48,2026-07-03,,,,,,,,,,,,,,,,,,,,,,,,,,,,,,,,,,,,,,,,,
2026-07-03T06:50:50.663,SAMBHV,115.27,5.23,107.88,108.39,108.25,129.32,116.58,1.58,15.92,22.65,60.55,56.64,metals & mining,steel - medium / small,18.61,0.63,0.12,0.02,0.06,-0.03,6.49,6.85,3.96,6.61,3.86,2026-07-03,,,,,,,,,,,,,,,,,,,,,,,,,,,,,,,,,,,,,,,,,
2026-07-03T06:50:50.663,DHANBANK,33.55,5.04,31.46,31.15,31.92,36.81,34.94,2.49,7.63,12.85,54.87,64.65,bank,banks - private sector,20.61,-2.0,0.24,0.28,0.17,0.22,5.1,6.64,4.75,6.24,4.62,2026-07-03,,,,,,,,,,,,,,,,,,,,,,,,,,,,,,,,,,,,,,,,,
2026-07-03T06:50:50.663,SUNFLAG,355.3,4.7,334.5,328.95,331.12,403.67,370.0,0.45,46.75,31.64,51.42,61.45,metals & mining,steel - medium / small,13.75,-0.01,0.24,0.32,0.16,0.26,7.3,6.22,4.4,6.22,4.94,2026-07-03,,,,,,,,,,,,,,,,,,,,,,,,,,,,,,,,,,,,,,,,,
2026-07-03T06:50:50.663,IRMENERGY,277.25,3.22,261.1,257.26,261.32,309.1,279.9,0.03,22.29,21.39,55.22,52.52,energy,miscellaneous,19.24,0.96,-0.1,-0.18,-0.14,-0.2,6.09,6.19,4.25,5.68,4.59,2026-07-03,,,,,,,,,,,,,,,,,,,,,,,,,,,,,,,,,,,,,,,,,
2026-07-03T06:50:50.663,AARTIIND,482.05,3.09,454.5,457.62,461.87,522.41,488.0,0.72,31.8,41.7,55.51,58.49,chemicals,chemicals,15.09,-0.56,0.21,0.24,0.14,0.21,4.37,6.06,3.23,5.18,3.51,2026-07-03,,,,,,,,,,,,,,,,,,,,,,,,,,,,,,,,,,,,,,,,,
2026-07-03T06:50:50.663,LXCHEM,162.51,4.55,154.01,152.6,152.78,181.97,165.44,0.89,-52.76,122.19,58.95,56.16,chemicals,chemicals,21.59,1.37,-0.1,-0.22,-0.15,-0.25,6.37,5.52,3.8,5.12,3.72,2026-07-03,,,,,,,,,,,,,,,,,,,,,,,,,,,,,,,,,,,,,,,,,
2026-07-03T06:50:50.663,SERVOTECH,101.56,1.17,97.0,94.32,97.66,109.36,103.5,0.45,47.02,68.62,53.7,58.97,industrials,electric equipment,18.18,0.93,0.21,-0.21,0.16,-0.22,4.0,4.7,4.34,2.27,4.47,2026-07-03,,,,,,,,,,,,,,,,,,,,,,,,,,,,,,,,,,,,,,,,,
2026-07-03T06:50:50.663,RICOAUTO,138.15,1.6,132.12,127.96,139.42,135.61,142.45,0.56,78.49,36.45,56.6,59.01,auto,auto ancillaries,29.93,-4.0,-0.03,0.55,-0.07,0.53,-0.91,4.56,4.9,2.22,5.81,2026-07-03,,,,,,,,,,,,,,,,,,,,,,,,,,,,,,,,,,,,,,,,,
2026-07-03T06:50:50.663,BEPL,102.38,4.28,98.0,97.06,100.62,105.89,103.3,1.06,12.36,14.14,57.2,59.14,energy,petrochemicals,22.33,-2.99,0.07,0.0,0.0,-0.04,1.75,4.47,3.51,4.47,3.67,2026-07-03,,,,,,,,,,,,,,,,,,,,,,,,,,,,,,,,,,,,,,,,,
2026-07-03T06:50:50.663,VAIBHAVGBL,236.5,1.44,226.51,223.0,234.96,239.58,240.99,0.85,10.81,14.81,53.47,54.27,consumer discretionary,diamond cutting / jewellery,16.12,-2.67,-0.07,0.05,-0.08,0.03,0.66,4.41,3.49,2.71,3.6,2026-07-03,,,,,,,,,,,,,,,,,,,,,,,,,,,,,,,,,,,,,,,,,
2026-07-03T06:50:50.663,CLSEL,292.7,2.34,281.0,274.56,286.77,304.55,298.8,0.42,10.11,14.4,54.84,55.37,fmcg,food - processing - indian,23.32,-0.71,0.03,0.11,0.01,0.09,2.07,4.16,3.87,2.85,4.02,2026-07-03,,,,,,,,,,,,,,,,,,,,,,,,,,,,,,,,,,,,,,,,,
2026-07-03T06:50:50.663,EPL,230.87,1.59,223.15,220.41,228.38,235.84,236.19,0.83,17.92,18.99,57.35,56.95,industrials,packaging,19.21,-0.97,0.0,0.07,-0.02,0.06,1.09,3.46,2.81,2.35,3.09,2026-07-03,,,,,,,,,,,,,,,,,,,,,,,,,,,,,,,,,,,,,,,,,
2026-07-03T06:50:50.663,NIVABUPA,86.28,1.36,84.13,82.86,84.7,89.45,86.7,0.26,11.53,121.52,59.86,61.27,financials,finance & investments,35.24,-0.2,0.06,0.08,0.04,0.07,1.87,2.56,2.26,2.22,2.72,2026-07-03,,,,,,,,,,,,,,,,,,,,,,,,,,,,,,,,,,,,,,,,,
2026-07-03T06:50:50.663,SRM,518.15,1.09,508.0,484.74,493.45,567.54,529.65,0.85,5.49,10.71,56.63,56.24,realty,construction,18.46,4.11,-0.1,-0.09,-0.13,-0.09,5.0,2.0,4.02,2.0,3.87,2026-07-03,,,,,,,,,,,,,,,,,,,,,,,,,,,,,,,,,,,,,,,,,
2026-07-03T06:50:50.663,VSTIND,262.0,0.65,258.75,255.0,258.82,268.36,262.6,0.86,9.53,15.22,59.11,57.99,fmcg,cigarettes,30.45,0.39,-0.06,-0.01,-0.08,-0.02,1.23,1.26,1.46,1.0,1.65,2026-07-03,,,,,,,,,,,,,,,,,,,,,,,,,,,,,,,,,,,,,,,,,
2026-07-02T22:45:05.693,IKIO,170.24,11.67,150.3,159.32,155.4,199.93,176.98,9.83,19.98,29.09,64.21,55.51,consumer discretionary,electric equipment,14.24,-3.56,-0.13,-0.2,-0.22,-0.28,9.55,13.27,4.79,12.67,4.05,2026-07-02,,,,,,,,,,,,,,,,,,,,,,,,,,,,,,,,,,,,,,,,,
2026-07-02T22:45:05.693,THEMISMED,119.11,7.62,108.35,108.68,108.41,140.5,124.8,5.47,31.02,851.38,63.11,65.01,healthcare,pharmaceuticals - indian - bulk drugs & formln,41.45,2.65,0.11,-0.08,0.02,-0.14,9.87,9.93,6.76,8.3,6.33,2026-07-02,,,,,,,,,,,,,,,,,,,,,,,,,,,,,,,,,,,,,,,,,
2026-07-02T22:45:05.693,GHCLTEXTIL,104.06,7.13,94.88,97.22,92.55,127.07,104.5,2.32,9.0,13.2,63.87,65.48,textiles,textiles - spinning - synthetic / blended,24.55,5.13,0.33,0.32,0.25,0.23,12.43,9.68,4.72,7.92,4.56,2026-07-02,,,,,,,,,,,,,,,,,,,,,,,,,,,,,,,,,,,,,,,,,
2026-07-02T22:45:05.693,NELCAST,146.79,8.6,134.42,136.32,132.81,174.75,158.68,13.01,20.85,24.22,61.44,58.91,industrials,castings & forgings,22.83,0.53,0.3,0.29,0.18,0.19,10.53,9.2,5.28,9.2,4.79,2026-07-02,,,,,,,,,,,,,,,,,,,,,,,,,,,,,,,,,,,,,,,,,
2026-07-02T22:45:05.693,GATEWAY,61.41,3.33,57.0,58.29,59.49,65.25,61.8,1.25,12.58,11.61,59.01,56.24,transportation,miscellaneous,18.01,-2.99,-0.04,-0.02,-0.09,-0.05,3.23,7.74,3.81,6.14,3.68,2026-07-02,,,,,,,,,,,,,,,,,,,,,,,,,,,,,,,,,,,,,,,,,
2026-07-02T22:45:05.693,DJML,118.82,4.85,110.51,110.38,114.58,127.3,119.5,1.46,18.22,33.53,63.69,72.62,miscellaneous,diversified - medium / small,20.55,-3.27,0.58,0.21,0.49,0.15,3.7,7.52,5.08,7.52,5.48,2026-07-02,,,,,,,,,,,,,,,,,,,,,,,,,,,,,,,,,,,,,,,,,
2026-07-02T22:45:05.693,SAMBHV,115.27,5.23,107.88,108.39,108.25,129.32,116.58,1.58,15.92,21.52,60.55,56.64,metals & mining,steel - medium / small,18.61,0.63,0.12,0.02,0.06,-0.03,6.49,6.85,3.96,6.61,3.86,2026-07-02,,,,,,,,,,,,,,,,,,,,,,,,,,,,,,,,,,,,,,,,,
2026-07-02T22:45:05.693,DHANBANK,33.55,5.04,31.46,31.15,31.92,36.81,34.94,2.49,7.63,12.24,54.87,64.65,bank,banks - private sector,20.61,-2.0,0.24,0.28,0.17,0.22,5.1,6.64,4.75,6.24,4.62,2026-07-02,,,,,,,,,,,,,,,,,,,,,,,,,,,,,,,,,,,,,,,,,
2026-07-02T22:45:05.693,SUNFLAG,355.3,4.7,334.5,328.95,331.12,403.67,370.0,0.45,46.75,30.22,51.42,61.45,metals & mining,steel - medium / small,13.75,-0.01,0.24,0.32,0.16,0.26,7.3,6.22,4.4,6.22,4.94,2026-07-02,,,,,,,,,,,,,,,,,,,,,,,,,,,,,,,,,,,,,,,,,
2026-07-02T22:45:05.693,IRMENERGY,277.25,3.22,261.1,257.26,261.32,309.1,279.9,0.03,22.29,20.73,55.22,52.52,energy,miscellaneous,19.24,0.96,-0.1,-0.18,-0.14,-0.2,6.09,6.19,4.25,5.68,4.59,2026-07-02,,,,,,,,,,,,,,,,,,,,,,,,,,,,,,,,,,,,,,,,,
2026-07-02T22:45:05.693,AARTIIND,482.05,3.09,454.5,457.62,461.87,522.41,488.0,0.72,31.8,40.45,55.51,58.49,chemicals,chemicals,15.09,-0.56,0.21,0.24,0.14,0.21,4.37,6.06,3.23,5.18,3.51,2026-07-02,,,,,,,,,,,,,,,,,,,,,,,,,,,,,,,,,,,,,,,,,
2026-07-02T22:45:05.693,LXCHEM,162.51,4.55,154.01,152.6,152.78,181.97,165.44,0.89,-52.76,116.87,58.95,56.16,chemicals,chemicals,21.59,1.37,-0.1,-0.22,-0.15,-0.25,6.37,5.52,3.8,5.12,3.72,2026-07-02,,,,,,,,,,,,,,,,,,,,,,,,,,,,,,,,,,,,,,,,,
2026-07-02T22:45:05.693,SERVOTECH,101.56,1.17,97.0,94.32,97.66,109.36,103.5,0.45,47.02,67.83,53.7,58.97,industrials,electric equipment,18.18,0.93,0.21,-0.21,0.16,-0.22,4.0,4.7,4.34,2.27,4.47,2026-07-02,,,,,,,,,,,,,,,,,,,,,,,,,,,,,,,,,,,,,,,,,
2026-07-02T22:45:05.693,RICOAUTO,138.15,1.6,132.12,127.96,139.42,135.61,142.45,0.56,78.49,35.88,56.6,59.01,auto,auto ancillaries,29.93,-4.0,-0.03,0.55,-0.07,0.53,-0.91,4.56,4.9,2.22,5.81,2026-07-02,,,,,,,,,,,,,,,,,,,,,,,,,,,,,,,,,,,,,,,,,
2026-07-02T22:45:05.693,BEPL,102.38,4.28,98.0,97.06,100.62,105.89,103.3,1.06,12.36,13.56,57.2,59.14,energy,petrochemicals,22.33,-2.99,0.07,0.0,0.0,-0.04,1.75,4.47,3.51,4.47,3.67,2026-07-02,,,,,,,,,,,,,,,,,,,,,,,,,,,,,,,,,,,,,,,,,
2026-07-02T22:45:05.693,VAIBHAVGBL,236.5,1.44,226.51,223.0,234.96,239.58,240.99,0.85,10.81,14.6,53.47,54.27,consumer discretionary,diamond cutting / jewellery,16.12,-2.67,-0.07,0.05,-0.08,0.03,0.66,4.41,3.49,2.71,3.6,2026-07-02,,,,,,,,,,,,,,,,,,,,,,,,,,,,,,,,,,,,,,,,,
2026-07-02T22:45:05.693,CLSEL,292.7,2.34,281.0,274.56,286.77,304.55,298.8,0.42,10.11,14.07,54.84,55.37,fmcg,food - processing - indian,23.32,-0.71,0.03,0.11,0.01,0.09,2.07,4.16,3.87,2.85,4.02,2026-07-02,,,,,,,,,,,,,,,,,,,,,,,,,,,,,,,,,,,,,,,,,
2026-07-02T22:45:05.693,EPL,230.87,1.59,223.15,220.41,228.38,235.84,236.19,0.83,17.92,18.69,57.35,56.95,industrials,packaging,19.21,-0.97,0.0,0.07,-0.02,0.06,1.09,3.46,2.81,2.35,3.09,2026-07-02,,,,,,,,,,,,,,,,,,,,,,,,,,,,,,,,,,,,,,,,,
2026-07-02T22:45:05.693,NIVABUPA,86.28,1.36,84.13,82.86,84.7,89.45,86.7,0.26,11.53,119.89,59.86,61.27,financials,finance & investments,35.24,-0.2,0.06,0.08,0.04,0.07,1.87,2.56,2.26,2.22,2.72,2026-07-02,,,,,,,,,,,,,,,,,,,,,,,,,,,,,,,,,,,,,,,,,
2026-07-02T22:45:05.693,SRM,518.15,1.09,508.0,484.74,493.45,567.54,529.65,0.85,5.49,10.59,56.63,56.24,realty,construction,18.46,4.11,-0.1,-0.09,-0.13,-0.09,5.0,2.0,4.02,2.0,3.87,2026-07-02,,,,,,,,,,,,,,,,,,,,,,,,,,,,,,,,,,,,,,,,,
2026-07-02T22:45:05.693,VSTIND,262.0,0.65,258.75,255.0,258.82,268.36,262.6,0.86,9.53,15.12,59.11,57.99,fmcg,cigarettes,30.45,0.39,-0.06,-0.01,-0.08,-0.02,1.23,1.26,1.46,1.0,1.65,2026-07-02,,,,,,,,,,,,,,,,,,,,,,,,,,,,,,,,,,,,,,,,,
2026-05-14T07:00:14.801,M&MFIN,320.1,-2.1,,300.08,318.73,322.85,,,11.86,15.39,,,financials,finance & investments,,4.08,-0.07,0.16,-0.05,0.19,3.91,0.65,4.19,,,2026-05-14,330.5,318.05,3.91,3.91,0.29,13.42,3.71,3.71,0.02,52.6,44492.98,-1.17,-2.92,0.02,15.27,6.60388561e8,1389971160,,,,,,,,,,,,,,,,,,,,,,,,
2026-05-14T07:00:14.801,UNOMINDA,1126.3,-1.37,,1068.64,1129.26,1120.38,,,58.66,56.97,,,auto,auto ancillaries,,1.08,-0.21,-0.15,-0.21,-0.14,3.11,0.56,3.29,,,2026-05-14,1154.8,1120.0,3.11,3.11,25.65,37.03,3.2,3.2,0.69,130.11,65035.02,1.35,0.18,0.71,17.02,1.82660981e8,577421816,,,,,,,,,,,,,,,,,,,,,,,,
2026-05-14T07:00:14.801,PAYTM,1121.8,-2.84,,1057.43,1133.64,1098.12,,,97.72,129.84,,,i.t,miscellaneous,,1.7,-0.23,-0.15,-0.21,-0.12,5.02,0.33,3.98,,,2026-05-14,1174.2,1118.1,5.02,5.02,35.93,44.69,3.24,3.24,0.8,56.67,71800.32,1.65,0.96,0.83,8.28,6.40045681e8,640045681,,,,,,,,,,,,,,,,,,,,,,,,
2026-05-14T07:00:14.801,DELHIVERY,465.2,0.11,,443.27,465.65,464.3,,,219.43,228.04,,,transportation,miscellaneous,,-0.43,-0.0,-0.06,-0.01,-0.06,2.07,0.92,3.09,,,2026-05-14,470.5,460.95,2.07,2.07,21.98,14.36,3.05,3.05,1.53,64.38,34825.25,4.02,3.88,1.61,29.61,7.48608108e8,748608108,,,,,,,,,,,,,,,,,,,,,,,,
2026-05-14T07:00:14.801,IFCI,64.96,6.37,,60.77,61.12,72.63,,,324.8,96.96,,,financials,finance - term-lending institutions,,0.08,0.11,0.17,0.02,0.11,7.95,6.84,4.6,,,2026-05-14,66.25,61.37,8.96,8.96,7.94,2.99,4.22,4.22,2.66,296.07,17502.27,4.38,1.77,3.03,120.26,7.39037235e8,2694314331,,,,,,,,,,,,,,,,,,,,,,,,
2026-05-14T07:00:14.801,GRSE,2853.4,2.22,,2637.22,2994.28,2571.64,,,26.95,43.7,,,aerospace & defence,miscellaneous,,-7.39,-0.06,0.1,-0.05,0.07,3.0,2.71,5.17,,,2026-05-14,2884.0,2800.1,3.81,3.81,303.28,147.63,4.92,4.92,2.05,76.41,32686.27,4.49,3.14,2.3,36.1,2.921076e7,114552000,,,,,,,,,,,,,,,,,,,,,,,,
2026-05-14T07:00:14.801,CRAFTSMAN,8584.5,-1.19,,8063.58,8199.05,9355.4,,,41.39,48.85,,,auto,auto ancillaries,,8.25,0.1,0.21,0.17,0.23,3.91,0.85,4.98,,,2026-05-14,8845.0,8512.5,3.91,3.91,1118.98,427.58,4.03,4.03,2.62,50.94,20478.83,4.58,1.97,3.01,16.84,1.223757e7,23855583,,,,,,,,,,,,,,,,,,,,,,,,
2026-05-14T07:00:14.801,GRAPHITE,749.2,4.49,,703.98,731.66,784.27,,,53.51,44.46,,,industrials,electrodes - graphites,,-2.78,0.21,0.37,0.22,0.32,5.43,5.22,4.04,,,2026-05-14,755.9,717.0,6.16,6.16,76.39,30.3,4.14,4.14,2.52,118.21,14637.54,4.63,4.07,2.81,106.28,6.7715949e7,195375594,,,,,,,,,,,,,,,,,,,,,,,,
2026-05-14T07:00:14.801,JBMA,663.85,1.03,,622.29,634.51,722.52,,,52.85,71.69,,,auto,auto ancillaries,,2.75,-0.03,0.01,-0.04,-0.0,2.25,2.9,4.45,,,2026-05-14,673.0,658.2,4.32,4.32,82.83,29.54,3.64,3.64,2.8,30.56,15699.67,4.82,1.56,3.2,19.13,7.6785978e7,236494264,,,,,,,,,,,,,,,,,,,,,,,,
2026-05-14T07:00:14.801,NAVINFLUOR,6910.5,-0.58,,6594.0,6961.54,6808.41,,,41.64,53.01,,,chemicals,chemicals,,0.71,0.06,0.34,0.06,0.35,3.34,0.3,2.82,,,2026-05-14,7120.0,6890.0,3.34,3.34,522.27,194.68,3.04,3.04,2.68,52.58,35415.33,4.93,3.6,2.9,10.53,3.735685e7,51248574,,,,,,,,,,,,,,,,,,,,,,,,
2026-05-14T07:00:14.801,SONACOMS,591.35,1.24,,560.38,586.55,600.95,,,47.84,57.36,,,auto,auto ancillaries,,-1.25,0.11,0.27,0.1,0.25,3.38,4.02,3.54,,,2026-05-14,597.55,578.0,3.38,3.38,50.09,20.95,3.46,3.46,2.39,126.04,36772.92,5.06,4.43,2.61,63.72,4.47636235e8,621846890,,,,,,,,,,,,,,,,,,,,,,,,
2026-05-14T07:00:14.801,GMDCLTD,663.1,3.11,,614.57,699.42,590.46,,,39.66,21.32,,,metals & mining,mining / minerals / metals,,-10.8,0.02,0.52,-0.02,0.48,3.79,3.59,4.92,,,2026-05-14,670.5,646.0,4.75,4.75,45.24,32.64,5.55,5.55,1.39,44.6,21086.58,5.83,5.43,1.49,52.38,8.268e7,318000000,,,,,,,,,,,,,,,,,,,,,,,,
2026-05-14T07:00:14.801,ANGELONE,298.15,-0.32,,280.92,321.24,251.96,,,21.18,4.31,,,financials,finance & investments,,-9.06,0.04,0.18,0.05,0.18,2.14,0.4,3.85,,,2026-05-14,303.4,297.05,2.17,2.17,30.78,11.49,3.64,3.64,2.68,37.99,27157.27,6.1,5.52,2.99,9.57,6.4857718e8,910859230,,,,,,,,,,,,,,,,,,,,,,,,
2026-05-14T07:00:14.801,NTPCGREEN,111.25,3.81,,105.19,110.23,113.28,,,1390.63,168.56,,,power & utilities,power generation and supply,,-4.71,0.05,0.06,0.0,0.02,4.48,5.35,3.54,,,2026-05-14,112.0,107.2,5.01,5.01,10.32,3.94,3.75,3.75,2.62,69.42,93742.92,6.89,6.72,2.89,102.69,9.26329669e8,8426329669,,,,,,,,,,,,,,,,,,,,,,,,
2026-05-14T07:00:14.801,RPSGVENT,962.95,-3.57,,865.73,890.56,1107.74,,,-7.14,-34.05,,,i.t,computers - software - medium / small,,13.23,0.05,0.03,0.09,0.07,6.35,0.31,7.33,,,2026-05-14,1021.0,960.0,6.35,6.35,147.47,70.57,6.38,6.38,2.09,8.51,3186.06,6.9,3.42,2.47,4.18,1.2073284e7,33086409,,,,,,,,,,,,,,,,,,,,,,,,
2026-05-14T07:00:14.801,ZYDUSWELL,515.35,1.72,,483.52,499.68,546.7,,,-103.07,11.66,,,fmcg,food - processing - indian,,0.38,0.04,0.26,0.0,0.24,2.26,2.84,3.92,,,2026-05-14,517.95,506.5,3.36,3.36,58.21,20.2,3.82,3.82,2.88,9.21,16396.24,6.91,4.98,3.25,43.81,9.6606235e7,318157280,,,,,,,,,,,,,,,,,,,,,,,,
2026-05-14T07:00:14.801,NATIONALUM,408.25,3.6,,386.06,403.37,418.01,,,10.88,12.93,,,metals & mining,aluminium and aluminium products,,-5.09,0.42,1.07,0.4,1.0,3.59,4.23,3.43,,,2026-05-14,411.25,397.0,4.83,4.83,8.77,13.99,3.25,3.25,0.63,82.01,74980.49,7.01,6.26,0.64,80.42,8.94838776e8,1836631787,,,,,,,,,,,,,,,,,,,,,,,,
2026-05-14T07:00:14.801,SYRMA,1035.65,-3.68,,963.36,1065.05,976.86,,,48.94,61.46,,,consumer discretionary,electronics - components,,1.05,0.15,0.34,0.22,0.39,7.14,0.45,5.67,,,2026-05-14,1104.65,1031.0,7.14,7.14,158.84,58.74,4.91,4.91,2.7,141.22,19970.49,7.91,5.75,3.19,7.92,1.11298962e8,192830485,,,,,,,,,,,,,,,,,,,,,,,,
2026-05-14T07:00:14.801,JINDALSAW,233.84,1.83,,218.39,240.04,221.44,,,26.69,15.3,,,industrials,steel - large,,-5.68,0.25,0.1,0.23,0.08,4.2,2.37,4.36,,,2026-05-14,239.66,230.0,4.92,4.92,26.74,10.19,4.77,4.77,2.62,17.42,14954.26,8.06,6.36,2.96,37.68,2.35047484e8,639508234,,,,,,,,,,,,,,,,,,,,,,,,
2026-05-14T07:00:14.801,ATHERENERG,951.95,3.0,,881.71,927.51,1000.83,,,-90.83,-68.24,,,auto,automobiles - scooters and 3 - wheelers,,-0.95,0.33,1.2,0.35,1.14,4.88,4.13,5.24,,,2026-05-14,958.8,914.15,4.88,4.88,139.63,49.9,5.44,5.44,2.8,103.22,36428.57,9.01,7.71,3.28,75.76,2.26664448e8,382673164,,,,,,,,,,,,,,,,,,,,,,,,
2026-05-14T07:00:14.801,AEROFLEX,365.0,-0.07,,328.19,355.68,383.64,,,67.1,85.08,,,metals & mining,steel - medium / small,,7.83,0.83,0.96,0.79,0.97,5.31,1.02,8.68,,,2026-05-14,381.0,361.8,5.45,5.45,89.59,31.68,7.56,7.56,2.83,81.5,4830.07,11.27,10.28,3.75,10.1,4.5694105e7,132330768,,,,,,,,,,,,,,,,,,,,,,,,
2026-05-13T22:59:18.757,M&MFIN,320.1,-2.1,,300.08,318.73,322.85,,,11.86,15.72,,,financials,finance & investments,,4.08,-0.07,0.16,-0.05,0.19,3.91,0.65,4.19,,,2026-05-13,330.5,318.05,3.91,3.91,0.29,13.42,3.71,3.71,0.02,52.6,45445.11,-1.17,-2.92,0.02,15.27,6.60388561e8,1389971160,,,,,,,,,,,,,,,,,,,,,,,,
2026-05-13T22:59:18.757,UNOMINDA,1126.3,-1.37,,1068.64,1129.26,1120.38,,,58.66,57.76,,,auto,auto ancillaries,,1.08,-0.21,-0.15,-0.21,-0.14,3.11,0.56,3.29,,,2026-05-13,1154.8,1120.0,3.11,3.11,25.65,37.03,3.2,3.2,0.69,130.11,65935.8,1.35,0.18,0.71,17.02,1.82660981e8,577421816,,,,,,,,,,,,,,,,,,,,,,,,
2026-05-13T22:59:18.757,PAYTM,1121.8,-2.84,,1057.43,1133.64,1098.12,,,97.72,133.63,,,i.t,miscellaneous,,1.7,-0.23,-0.15,-0.21,-0.12,5.02,0.33,3.98,,,2026-05-13,1174.2,1118.1,5.02,5.02,35.93,44.69,3.24,3.24,0.8,56.67,73899.67,1.65,0.96,0.83,8.28,6.40045681e8,640045681,,,,,,,,,,,,,,,,,,,,,,,,
2026-05-13T22:59:18.757,DELHIVERY,465.2,0.11,,443.27,465.65,464.3,,,219.43,227.79,,,transportation,miscellaneous,,-0.43,-0.0,-0.06,-0.01,-0.06,2.07,0.92,3.09,,,2026-05-13,470.5,460.95,2.07,2.07,21.98,14.36,3.05,3.05,1.53,64.38,34787.82,4.02,3.88,1.61,29.61,7.48608108e8,748608108,,,,,,,,,,,,,,,,,,,,,,,,
2026-05-13T22:59:18.757,IFCI,64.96,6.37,,60.77,61.12,72.63,,,324.8,91.15,,,financials,finance - term-lending institutions,,0.08,0.11,0.17,0.02,0.11,7.95,6.84,4.6,,,2026-05-13,66.25,61.37,8.96,8.96,7.94,2.99,4.22,4.22,2.66,296.07,16454.18,4.38,1.77,3.03,120.26,7.39037235e8,2694314331,,,,,,,,,,,,,,,,,,,,,,,,
2026-05-13T22:59:18.757,GRSE,2853.4,2.22,,2637.22,2994.28,2571.64,,,26.95,42.75,,,aerospace & defence,miscellaneous,,-7.39,-0.06,0.1,-0.05,0.07,3.0,2.71,5.17,,,2026-05-13,2884.0,2800.1,3.81,3.81,303.28,147.63,4.92,4.92,2.05,76.41,31974.9,4.49,3.14,2.3,36.1,2.921076e7,114552000,,,,,,,,,,,,,,,,,,,,,,,,
2026-05-13T22:59:18.757,CRAFTSMAN,8584.5,-1.19,,8063.58,8199.05,9355.4,,,41.39,49.44,,,auto,auto ancillaries,,8.25,0.1,0.21,0.17,0.23,3.91,0.85,4.98,,,2026-05-13,8845.0,8512.5,3.91,3.91,1118.98,427.58,4.03,4.03,2.62,50.94,20725.73,4.58,1.97,3.01,16.84,1.223757e7,23855583,,,,,,,,,,,,,,,,,,,,,,,,
2026-05-13T22:59:18.757,GRAPHITE,749.2,4.49,,703.98,731.66,784.27,,,53.51,42.55,,,industrials,electrodes - graphites,,-2.78,0.21,0.37,0.22,0.32,5.43,5.22,4.04,,,2026-05-13,755.9,717.0,6.16,6.16,76.39,30.3,4.14,4.14,2.52,118.21,14008.43,4.63,4.07,2.81,106.28,6.7715949e7,195375594,,,,,,,,,,,,,,,,,,,,,,,,
2026-05-13T22:59:18.757,JBMA,663.85,1.03,,622.29,634.51,722.52,,,52.85,70.96,,,auto,auto ancillaries,,2.75,-0.03,0.01,-0.04,-0.0,2.25,2.9,4.45,,,2026-05-13,673.0,658.2,4.32,4.32,82.83,29.54,3.64,3.64,2.8,30.56,15538.86,4.82,1.56,3.2,19.13,7.6785978e7,236494264,,,,,,,,,,,,,,,,,,,,,,,,
2026-05-13T22:59:18.757,NAVINFLUOR,6910.5,-0.58,,6594.0,6961.54,6808.41,,,41.64,53.32,,,chemicals,chemicals,,0.71,0.06,0.34,0.06,0.35,3.34,0.3,2.82,,,2026-05-13,7120.0,6890.0,3.34,3.34,522.27,194.68,3.04,3.04,2.68,52.58,35620.32,4.93,3.6,2.9,10.53,3.735685e7,51248574,,,,,,,,,,,,,,,,,,,,,,,,
2026-05-13T22:59:18.757,SONACOMS,591.35,1.24,,560.38,586.55,600.95,,,47.84,56.65,,,auto,auto ancillaries,,-1.25,0.11,0.27,0.1,0.25,3.38,4.02,3.54,,,2026-05-13,597.55,578.0,3.38,3.38,50.09,20.95,3.46,3.46,2.39,126.04,36322.08,5.06,4.43,2.61,63.72,4.47636235e8,621846890,,,,,,,,,,,,,,,,,,,,,,,,
2026-05-13T22:59:18.757,GMDCLTD,663.1,3.11,,614.57,699.42,590.46,,,39.66,20.68,,,metals & mining,mining / minerals / metals,,-10.8,0.02,0.52,-0.02,0.48,3.79,3.59,4.92,,,2026-05-13,670.5,646.0,4.75,4.75,45.24,32.64,5.55,5.55,1.39,44.6,20450.58,5.83,5.43,1.49,52.38,8.268e7,318000000,,,,,,,,,,,,,,,,,,,,,,,,
2026-05-13T22:59:18.757,ANGELONE,298.15,-0.32,,280.92,321.24,251.96,,,21.18,4.32,,,financials,finance & investments,,-9.06,0.04,0.18,0.05,0.18,2.14,0.4,3.85,,,2026-05-13,303.4,297.05,2.17,2.17,30.78,11.49,3.64,3.64,2.68,37.99,27243.8,6.1,5.52,2.99,9.57,6.4857718e8,910859230,,,,,,,,,,,,,,,,,,,,,,,,
2026-05-13T22:59:18.757,NTPCGREEN,111.25,3.81,,105.19,110.23,113.28,,,1390.63,162.38,,,power & utilities,power generation and supply,,-4.71,0.05,0.06,0.0,0.02,4.48,5.35,3.54,,,2026-05-13,112.0,107.2,5.01,5.01,10.32,3.94,3.75,3.75,2.62,69.42,90304.98,6.89,6.72,2.89,102.69,9.26329669e8,8426329669,,,,,,,,,,,,,,,,,,,,,,,,
2026-05-13T22:59:18.757,RPSGVENT,962.95,-3.57,,865.73,890.56,1107.74,,,-7.14,-35.31,,,i.t,computers - software - medium / small,,13.23,0.05,0.03,0.09,0.07,6.35,0.31,7.33,,,2026-05-13,1021.0,960.0,6.35,6.35,147.47,70.57,6.38,6.38,2.09,8.51,3304.17,6.9,3.42,2.47,4.18,1.2073284e7,33086409,,,,,,,,,,,,,,,,,,,,,,,,
2026-05-13T22:59:18.757,ZYDUSWELL,515.35,1.72,,483.52,499.68,546.7,,,-103.07,11.46,,,fmcg,food - processing - indian,,0.38,0.04,0.26,0.0,0.24,2.26,2.84,3.92,,,2026-05-13,517.95,506.5,3.36,3.36,58.21,20.2,3.82,3.82,2.88,9.21,16119.44,6.91,4.98,3.25,43.81,9.6606235e7,318157280,,,,,,,,,,,,,,,,,,,,,,,,
2026-05-13T22:59:18.757,NATIONALUM,408.25,3.6,,386.06,403.37,418.01,,,10.88,12.48,,,metals & mining,aluminium and aluminium products,,-5.09,0.42,1.07,0.4,1.0,3.59,4.23,3.43,,,2026-05-13,411.25,397.0,4.83,4.83,8.77,13.99,3.25,3.25,0.63,82.01,72372.48,7.01,6.26,0.64,80.42,8.94838776e8,1836631787,,,,,,,,,,,,,,,,,,,,,,,,
2026-05-13T22:59:18.757,SYRMA,1035.65,-3.68,,963.36,1065.05,976.86,,,48.94,63.81,,,consumer discretionary,electronics - components,,1.05,0.15,0.34,0.22,0.39,7.14,0.45,5.67,,,2026-05-13,1104.65,1031.0,7.14,7.14,158.84,58.74,4.91,4.91,2.7,141.22,20733.13,7.91,5.75,3.19,7.92,1.11298962e8,192830485,,,,,,,,,,,,,,,,,,,,,,,,
2026-05-13T22:59:18.757,JINDALSAW,233.84,1.83,,218.39,240.04,221.44,,,26.69,15.03,,,industrials,steel - large,,-5.68,0.25,0.1,0.23,0.08,4.2,2.37,4.36,,,2026-05-13,239.66,230.0,4.92,4.92,26.74,10.19,4.77,4.77,2.62,17.42,14685.03,8.06,6.36,2.96,37.68,2.35047484e8,639508234,,,,,,,,,,,,,,,,,,,,,,,,
2026-05-13T22:59:18.757,ATHERENERG,951.95,3.0,,881.71,927.51,1000.83,,,-90.83,-66.25,,,auto,automobiles - scooters and 3 - wheelers,,-0.95,0.33,1.2,0.35,1.14,4.88,4.13,5.24,,,2026-05-13,958.8,914.15,4.88,4.88,139.63,49.9,5.44,5.44,2.8,103.22,35368.57,9.01,7.71,3.28,75.76,2.26664448e8,382673164,,,,,,,,,,,,,,,,,,,,,,,,
2026-05-13T22:59:18.757,AEROFLEX,365.0,-0.07,,328.19,355.68,383.64,,,67.1,85.14,,,metals & mining,steel - medium / small,,7.83,0.83,0.96,0.79,0.97,5.31,1.02,8.68,,,2026-05-13,381.0,361.8,5.45,5.45,89.59,31.68,7.56,7.56,2.83,81.5,4833.38,11.27,10.28,3.75,10.1,4.5694105e7,132330768,,,,,,,,,,,,,,,,,,,,,,,,
2026-04-28T06:49:04.419,PAYTM,1132.05,-1.33,,1069.29,1145.51,1105.12,,,80.4,-419.28,,,i.t,miscellaneous,,1.22,-0.19,0.03,-0.18,0.04,8.91,7.7,3.6,,,2026-04-28,1144.75,1051.1,8.91,8.91,42.35,40.71,3.67,3.67,1.04,724.54,72456.37,0.88,-0.17,1.08,198.86,6.40045681e8,640045681,,,,,,,,,,,,,,,,,,,,,,,,
2026-04-28T06:49:04.419,MANAPPURAM,288.2,-0.42,,273.8,275.76,313.09,,,25.55,63.2,,,financials,finance & investments,,6.42,-0.05,0.07,-0.06,0.07,2.16,1.07,3.18,,,2026-04-28,292.95,286.75,2.74,2.74,12.25,9.16,3.16,3.16,1.34,37.6,27071.67,0.93,-0.05,1.4,15.82,6.40935088e8,939336102,,,,,,,,,,,,,,,,,,,,,,,,
2026-04-28T06:49:04.419,LTF,287.79,-0.78,,272.7,285.03,293.3,,,22.34,24.14,,,financials,finance & investments,,3.27,-0.01,0.39,-0.01,0.4,4.89,0.34,3.37,,,2026-04-28,300.83,286.81,4.89,4.89,11.62,9.68,3.32,3.32,1.2,213.65,72073.73,1.14,1.0,1.25,10.12,8.51855891e8,2504386016,,,,,,,,,,,,,,,,,,,,,,,,
2026-04-28T06:49:04.419,INDUSINDBK,900.15,6.16,,857.88,836.78,1026.89,,,29.49,78.89,,,bank,banks - private sector,,2.29,0.1,0.08,0.02,0.02,4.43,7.29,3.14,,,2026-04-28,903.5,865.2,7.69,7.69,33.37,28.27,3.02,3.02,1.18,300.1,70131.23,1.18,-0.34,1.23,123.63,6.61590082e8,779106092,,,,,,,,,,,,,,,,,,,,,,,,
2026-04-28T06:49:04.419,ABCAPITAL,342.55,0.57,,324.83,341.48,344.68,,,23.66,25.54,,,financials,finance & investments,,0.95,0.03,0.19,0.01,0.19,3.25,1.36,3.19,,,2026-04-28,348.95,337.95,3.25,3.25,11.62,10.93,3.3,3.3,1.06,35.63,89734.61,1.19,0.78,1.1,42.09,8.24806142e8,2619606094,,,,,,,,,,,,,,,,,,,,,,,,
2026-04-28T06:49:04.419,BOSCHLTD,37225.0,1.46,,35641.14,38312.16,35050.69,,,51.54,39.83,,,auto,auto ancillaries,,-3.58,-0.11,-0.07,-0.14,-0.08,1.99,2.56,2.65,,,2026-04-28,37460.0,36730.0,3.21,3.21,3072.1,985.06,3.3,3.3,3.12,84.65,109790.07,2.1,0.59,3.4,50.25,8.688416e6,29493640,,,,,,,,,,,,,,,,,,,,,,,,
2026-04-28T06:49:04.419,VOLTAS,1515.0,3.48,,1433.98,1391.14,1762.71,,,147.37,100.13,,,consumer discretionary,air-conditioners,,6.58,-0.03,0.12,-0.07,0.08,3.72,5.97,3.46,,,2026-04-28,1529.9,1475.0,6.84,6.84,90.85,52.47,3.84,3.84,1.73,156.27,50129.04,2.52,2.31,1.84,76.24,2.3063126e8,330884740,,,,,,,,,,,,,,,,,,,,,,,,
2026-04-28T06:49:04.419,HINDZINC,628.0,6.71,,595.59,585.99,712.02,,,13.18,19.18,,,metals & mining,mining / minerals / metals,,0.13,0.19,0.43,0.12,0.34,6.55,9.64,3.58,,,2026-04-28,633.3,594.35,10.56,10.56,56.86,22.48,3.11,3.11,2.53,318.89,265350.03,2.86,-0.01,2.78,149.7,1.660047647e9,4225319000,,,,,,,,,,,,,,,,,,,,,,,,
2026-04-28T06:49:04.419,HBLENGINE,809.6,1.41,,763.42,789.67,849.47,,,25.46,28.18,,,auto,auto ancillaries,,2.84,-0.2,0.32,-0.21,0.3,2.32,2.8,3.66,,,2026-04-28,820.6,802.0,4.2,4.2,98.66,29.62,4.04,4.04,3.33,62.42,22441.7,2.91,1.2,3.79,25.66,1.13342637e8,277194946,,,,,,,,,,,,,,,,,,,,,,,,
2026-04-28T06:49:04.419,AUBANK,1043.0,-2.13,,995.08,1016.35,1096.31,,,23.43,29.47,,,bank,banks - private sector,,6.45,0.12,0.36,0.12,0.39,3.1,1.46,2.98,,,2026-04-28,1059.9,1028.0,3.1,3.1,85.91,31.09,3.24,3.24,2.76,60.25,78044.26,3.25,1.95,3.01,48.25,5.77968709e8,748267121,,,,,,,,,,,,,,,,,,,,,,,,
2026-04-28T06:49:04.419,TATAINVEST,713.45,1.32,,671.57,710.05,720.25,,,141.56,20.62,,,financials,finance & investments,,1.12,-0.22,-0.0,-0.22,-0.01,1.92,2.5,3.92,,,2026-04-28,719.0,705.45,3.3,3.3,67.77,28.0,4.4,4.4,2.42,26.08,36097.21,3.71,2.84,2.67,28.57,1.3466349e8,505952960,,,,,,,,,,,,,,,,,,,,,,,,
2026-04-28T06:49:04.419,SHAILY,2422.6,-3.22,,2207.64,1878.51,3510.79,,,74.5,70.32,,,plastic products,plastics products,,18.92,-0.09,0.48,-0.06,0.53,5.69,26.05,6.96,,,2026-04-28,2477.4,2344.0,15.38,15.38,367.08,168.72,6.95,6.95,2.18,158.3,11133.08,3.76,3.25,2.56,46.59,2.6012493e7,45955093,,,,,,,,,,,,,,,,,,,,,,,,
2026-04-28T06:49:04.419,FORTIS,953.8,2.64,,913.55,892.08,1077.25,,,92.78,74.98,,,healthcare,healthcare,,6.36,-0.15,0.04,-0.19,0.02,2.46,4.43,2.7,,,2026-04-28,958.0,935.0,4.11,4.11,76.55,25.77,3.11,3.11,2.97,102.97,72007.91,4.9,3.1,3.23,72.94,5.19662253e8,754958148,,,,,,,,,,,,,,,,,,,,,,,,
2026-04-28T06:49:04.419,ZYDUSWELL,492.75,0.39,,457.07,506.7,464.85,,,-98.55,11.15,,,fmcg,food - processing - indian,,-4.99,-0.06,0.23,-0.09,0.23,4.06,3.28,4.82,,,2026-04-28,496.45,477.1,4.06,4.06,57.96,23.76,5.87,5.87,2.44,18.61,15677.2,5.05,4.53,2.77,65.88,9.6606235e7,318157280,,,,,,,,,,,,,,,,,,,,,,,,
2026-04-28T06:49:04.419,GRAPHITE,735.8,1.71,,689.4,698.91,809.58,,,52.56,43.67,,,industrials,electrodes - graphites,,6.2,0.22,0.34,0.19,0.32,3.02,2.61,4.11,,,2026-04-28,750.0,728.0,4.6,4.6,74.02,30.26,4.67,4.67,2.45,60.12,14375.74,5.46,4.27,2.72,25.78,6.7715949e7,195375594,,,,,,,,,,,,,,,,,,,,,,,,
2026-04-28T06:49:04.419,NLCINDIA,313.85,4.93,,295.4,292.7,356.15,,,15.03,15.79,,,power & utilities,power generation and supply,,1.96,0.09,0.3,0.04,0.24,6.53,7.06,4.33,,,2026-04-28,322.0,302.25,9.84,9.84,45.29,13.59,4.1,4.1,3.33,428.17,43519.59,6.03,4.86,3.89,85.35,3.85480047e8,1386636609,,,,,,,,,,,,,,,,,,,,,,,,
2026-04-28T06:49:04.419,MCX,2830.0,2.5,,2689.55,2805.03,2879.93,,,9.0,15.4,,,financials,miscellaneous,,-0.28,0.45,0.73,0.36,0.7,2.19,2.69,2.92,,,2026-04-28,2834.5,2773.8,2.85,2.85,287.14,82.62,3.15,3.15,3.48,47.79,72162.69,6.42,5.79,3.87,68.02,2.54991845e8,254991845,,,,,,,,,,,,,,,,,,,,,,,,
2026-04-28T06:49:04.419,NETWEB,3919.7,2.48,,3657.02,3729.29,4300.52,,,75.73,124.67,,,i.t,computers - hardware,,4.86,-0.03,0.77,-0.07,0.73,3.86,4.25,4.83,,,2026-04-28,4029.8,3880.0,7.18,7.18,516.35,189.23,4.24,4.24,2.73,58.37,22319.04,7.72,5.48,3.14,20.98,1.8799145e7,56940687,,,,,,,,,,,,,,,,,,,,,,,,
2026-04-28T06:49:04.419,GLENMARK,2325.1,1.11,,2221.62,2220.34,2534.63,,,40.68,61.61,,,healthcare,pharmaceuticals - indian - bulk drugs & formln,,4.53,0.18,0.09,0.14,0.08,2.14,5.11,2.95,,,2026-04-28,2339.9,2290.9,2.48,2.48,184.7,68.53,3.26,3.26,2.7,78.13,65614.51,8.09,6.73,2.93,49.91,1.50548127e8,282200809,,,,,,,,,,,,,,,,,,,,,,,,
2026-04-28T06:49:04.419,TIINDIA,2994.4,0.87,,2829.3,2871.16,3240.89,,,87.35,96.87,,,industrials,steel - large,,4.14,-0.13,-0.02,-0.15,-0.02,2.17,3.36,3.94,,,2026-04-28,3013.9,2950.0,4.03,4.03,349.41,118.05,3.85,3.85,2.96,49.16,57957.47,8.88,7.52,3.35,37.61,1.08303602e8,193552869,,,,,,,,,,,,,,,,,,,,,,,,
2026-04-28T06:49:04.419,DATAPATTNS,3960.1,-2.88,,3663.24,3579.79,4720.71,,,95.01,89.72,,,aerospace & defence,electronics - components,,14.39,0.3,0.49,0.33,0.54,5.79,4.64,5.8,,,2026-04-28,4168.0,3940.0,7.76,7.76,710.14,229.63,5.52,5.52,3.09,127.97,22170.21,9.22,8.4,3.77,8.75,3.2241586e7,55983969,,,,,,,,,,,,,,,,,,,,,,,,
2026-04-27T23:43:26.723,PAYTM,1132.05,-1.33,,1069.29,1145.51,1105.12,,,80.4,-424.94,,,i.t,miscellaneous,,1.22,-0.19,0.03,-0.18,0.04,8.91,7.7,3.6,,,2026-04-27,1144.75,1051.1,8.91,8.91,42.35,40.71,3.67,3.67,1.04,724.54,73435.64,0.88,-0.17,1.08,198.86,6.40045681e8,640045681,,,,,,,,,,,,,,,,,,,,,,,,
2026-04-27T23:43:26.723,MANAPPURAM,288.2,-0.42,,273.8,275.76,313.09,,,25.55,63.46,,,financials,finance & investments,,6.42,-0.05,0.07,-0.06,0.07,2.16,1.07,3.18,,,2026-04-27,292.95,286.75,2.74,2.74,12.25,9.16,3.16,3.16,1.34,37.6,27184.39,0.93,-0.05,1.4,15.82,6.40935088e8,939336102,,,,,,,,,,,,,,,,,,,,,,,,
2026-04-27T23:43:26.723,LTF,287.79,-0.78,,272.7,285.03,293.3,,,22.34,24.33,,,financials,finance & investments,,3.27,-0.01,0.39,-0.01,0.4,4.89,0.34,3.37,,,2026-04-27,300.83,286.81,4.89,4.89,11.62,9.68,3.32,3.32,1.2,213.65,72639.72,1.14,1.0,1.25,10.12,8.51855891e8,2504386016,,,,,,,,,,,,,,,,,,,,,,,,
2026-04-27T23:43:26.723,INDUSINDBK,900.15,6.16,,857.88,836.78,1026.89,,,29.49,74.32,,,bank,banks - private sector,,2.29,0.1,0.08,0.02,0.02,4.43,7.29,3.14,,,2026-04-27,903.5,865.2,7.69,7.69,33.37,28.27,3.02,3.02,1.18,300.1,66064.3,1.18,-0.34,1.23,123.63,6.61590082e8,779106092,,,,,,,,,,,,,,,,,,,,,,,,
2026-04-27T23:43:26.723,ABCAPITAL,342.55,0.57,,324.83,341.48,344.68,,,23.66,25.4,,,financials,finance & investments,,0.95,0.03,0.19,0.01,0.19,3.25,1.36,3.19,,,2026-04-27,348.95,337.95,3.25,3.25,11.62,10.93,3.3,3.3,1.06,35.63,89223.78,1.19,0.78,1.1,42.09,8.24806142e8,2619606094,,,,,,,,,,,,,,,,,,,,,,,,
2026-04-27T23:43:26.723,BOSCHLTD,37225.0,1.46,,35641.14,38312.16,35050.69,,,51.54,39.25,,,auto,auto ancillaries,,-3.58,-0.11,-0.07,-0.14,-0.08,1.99,2.56,2.65,,,2026-04-27,37460.0,36730.0,3.21,3.21,3072.1,985.06,3.3,3.3,3.12,84.65,108212.17,2.1,0.59,3.4,50.25,8.688416e6,29493640,,,,,,,,,,,,,,,,,,,,,,,,
2026-04-27T23:43:26.723,VOLTAS,1515.0,3.48,,1433.98,1391.14,1762.71,,,147.37,96.76,,,consumer discretionary,air-conditioners,,6.58,-0.03,0.12,-0.07,0.08,3.72,5.97,3.46,,,2026-04-27,1529.9,1475.0,6.84,6.84,90.85,52.47,3.84,3.84,1.73,156.27,48441.53,2.52,2.31,1.84,76.24,2.3063126e8,330884740,,,,,,,,,,,,,,,,,,,,,,,,
2026-04-27T23:43:26.723,HINDZINC,628.0,6.71,,595.59,585.99,712.02,,,13.18,17.98,,,metals & mining,mining / minerals / metals,,0.13,0.19,0.43,0.12,0.34,6.55,9.64,3.58,,,2026-04-27,633.3,594.35,10.56,10.56,56.86,22.48,3.11,3.11,2.53,318.89,248660.02,2.86,-0.01,2.78,149.7,1.660047647e9,4225319000,,,,,,,,,,,,,,,,,,,,,,,,
2026-04-27T23:43:26.723,HBLENGINE,809.6,1.41,,763.42,789.67,849.47,,,25.46,27.79,,,auto,auto ancillaries,,2.84,-0.2,0.32,-0.21,0.3,2.32,2.8,3.66,,,2026-04-27,820.6,802.0,4.2,4.2,98.66,29.62,4.04,4.04,3.33,62.42,22129.86,2.91,1.2,3.79,25.66,1.13342637e8,277194946,,,,,,,,,,,,,,,,,,,,,,,,
2026-04-27T23:43:26.723,AUBANK,1043.0,-2.13,,995.08,1016.35,1096.31,,,29.17,34.34,,,bank,banks - private sector,,6.45,0.12,0.36,0.12,0.39,3.1,1.46,2.98,,,2026-04-27,1059.9,1028.0,3.1,3.1,85.91,31.09,3.24,3.24,2.76,60.25,79739.09,3.25,1.95,3.01,48.25,5.77968709e8,748267121,,,,,,,,,,,,,,,,,,,,,,,,
2026-04-27T23:43:26.723,TATAINVEST,713.45,1.32,,671.57,710.05,720.25,,,141.56,20.35,,,financials,finance & investments,,1.12,-0.22,-0.0,-0.22,-0.01,1.92,2.5,3.92,,,2026-04-27,719.0,705.45,3.3,3.3,67.77,28.0,4.4,4.4,2.42,26.08,35626.68,3.71,2.84,2.67,28.57,1.3466349e8,505952960,,,,,,,,,,,,,,,,,,,,,,,,
2026-04-27T23:43:26.723,SHAILY,2422.6,-3.22,,2207.64,1878.51,3510.79,,,74.5,72.66,,,plastic products,plastics products,,18.92,-0.09,0.48,-0.06,0.53,5.69,26.05,6.96,,,2026-04-27,2477.4,2344.0,15.38,15.38,367.08,168.72,6.95,6.95,2.18,158.3,11503.02,3.76,3.25,2.56,46.59,2.6012493e7,45955093,,,,,,,,,,,,,,,,,,,,,,,,
2026-04-27T23:43:26.723,FORTIS,953.8,2.64,,913.55,892.08,1077.25,,,92.78,73.06,,,healthcare,healthcare,,6.36,-0.15,0.04,-0.19,0.02,2.46,4.43,2.7,,,2026-04-27,958.0,935.0,4.11,4.11,76.55,25.77,3.11,3.11,2.97,102.97,70158.26,4.9,3.1,3.23,72.94,5.19662253e8,754958148,,,,,,,,,,,,,,,,,,,,,,,,
2026-04-27T23:43:26.723,ZYDUSWELL,492.75,0.39,,457.07,506.7,464.85,,,-98.55,11.11,,,fmcg,food - processing - indian,,-4.99,-0.06,0.23,-0.09,0.23,4.06,3.28,4.82,,,2026-04-27,496.45,477.1,4.06,4.06,57.96,23.76,5.87,5.87,2.44,18.61,15616.75,5.05,4.53,2.77,65.88,9.6606235e7,318157280,,,,,,,,,,,,,,,,,,,,,,,,
2026-04-27T23:43:26.723,GRAPHITE,735.8,1.71,,689.4,698.91,809.58,,,52.56,42.93,,,industrials,electrodes - graphites,,6.2,0.22,0.34,0.19,0.32,3.02,2.61,4.11,,,2026-04-27,750.0,728.0,4.6,4.6,74.02,30.26,4.67,4.67,2.45,60.12,14133.47,5.46,4.27,2.72,25.78,6.7715949e7,195375594,,,,,,,,,,,,,,,,,,,,,,,,
2026-04-27T23:43:26.723,NLCINDIA,313.85,4.93,,295.4,292.7,356.15,,,15.03,15.05,,,power & utilities,power generation and supply,,1.96,0.09,0.3,0.04,0.24,6.53,7.06,4.33,,,2026-04-27,322.0,302.25,9.84,9.84,45.29,13.59,4.1,4.1,3.33,428.17,41474.3,6.03,4.86,3.89,85.35,3.85480047e8,1386636609,,,,,,,,,,,,,,,,,,,,,,,,
2026-04-27T23:43:26.723,MCX,2830.0,2.5,,2689.55,2805.03,2879.93,,,9.0,15.02,,,financials,miscellaneous,,-0.28,0.45,0.73,0.36,0.7,2.19,2.69,2.92,,,2026-04-27,2834.5,2773.8,2.85,2.85,287.14,82.62,3.15,3.15,3.48,47.79,70400.7,6.42,5.79,3.87,68.02,2.54991845e8,254991845,,,,,,,,,,,,,,,,,,,,,,,,
2026-04-27T23:43:26.723,NETWEB,3919.7,2.48,,3657.02,3729.29,4300.52,,,75.73,121.65,,,i.t,computers - hardware,,4.86,-0.03,0.77,-0.07,0.73,3.86,4.25,4.83,,,2026-04-27,4029.8,3880.0,7.18,7.18,516.35,189.23,4.24,4.24,2.73,58.37,21778.67,7.72,5.48,3.14,20.98,1.8799145e7,56940687,,,,,,,,,,,,,,,,,,,,,,,,
2026-04-27T23:43:26.723,GLENMARK,2325.1,1.11,,2221.62,2220.34,2534.63,,,40.68,60.93,,,healthcare,pharmaceuticals - indian - bulk drugs & formln,,4.53,0.18,0.09,0.14,0.08,2.14,5.11,2.95,,,2026-04-27,2339.9,2290.9,2.48,2.48,184.7,68.53,3.26,3.26,2.7,78.13,64892.08,8.09,6.73,2.93,49.91,1.50548127e8,282200809,,,,,,,,,,,,,,,,,,,,,,,,
2026-04-27T23:43:26.723,TIINDIA,2994.4,0.87,,2829.3,2871.16,3240.89,,,87.35,96.04,,,industrials,steel - large,,4.14,-0.13,-0.02,-0.15,-0.02,2.17,3.36,3.94,,,2026-04-27,3013.9,2950.0,4.03,4.03,349.41,118.05,3.85,3.85,2.96,49.16,57460.04,8.88,7.52,3.35,37.61,1.08303602e8,193552869,,,,,,,,,,,,,,,,,,,,,,,,
2026-04-27T23:43:26.723,DATAPATTNS,3960.1,-2.88,,3663.24,3579.79,4720.71,,,95.01,92.38,,,aerospace & defence,electronics - components,,14.39,0.3,0.49,0.33,0.54,5.79,4.64,5.8,,,2026-04-27,4168.0,3940.0,7.76,7.76,710.14,229.63,5.52,5.52,3.09,127.97,22828.58,9.22,8.4,3.77,8.75,3.2241586e7,55983969,,,,,,,,,,,,,,,,,,,,,,,,
2026-04-16T18:26:15.395,BOSCHLTD,37440.0,0.97,,35685.5,34012.88,44294.25,,,51.83,39.67,,,auto,auto ancillaries,,13.22,-0.09,-0.09,-0.12,-0.1,1.66,2.81,3.27,,,2026-04-16,37565.0,36950.0,3.16,3.16,3430.0,1223.23,3.42,3.42,2.8,87.88,109362.42,0.93,-0.22,3.09,40.06,8.688416e6,29493640,,,,,,,,,,,,,,,,,,,,,,,,
2026-04-16T18:26:15.395,HBLENGINE,783.25,-0.34,,734.0,691.56,966.63,,,24.63,27.35,,,auto,auto ancillaries,,15.09,-0.21,0.31,-0.22,0.31,2.8,10.94,4.27,,,2026-04-16,793.35,771.75,4.24,4.24,74.67,33.46,4.27,4.27,2.23,103.67,21784.75,0.96,0.29,2.47,34.37,1.13342637e8,277194946,,,,,,,,,,,,,,,,,,,,,,,,
2026-04-16T18:26:15.395,UPL,659.95,0.02,,626.36,610.44,758.97,,,35.18,31.55,,,chemicals,pesticides / agrochemicals - indian,,8.78,-0.09,-0.12,-0.11,-0.12,2.62,7.31,3.25,,,2026-04-16,665.8,648.8,2.66,2.66,0.11,21.45,3.3,3.3,0.01,54.01,55698.29,0.99,0.13,0.01,51.98,5.61524452e8,844433596,,,,,,,,,,,,,,,,,,,,,,,,
2026-04-16T18:26:15.395,GMRAIRPORT,96.75,-2.49,,91.33,90.02,110.21,,,201.56,-283.49,,,miscellaneous,miscellaneous,,10.82,0.0,0.04,0.01,0.07,3.45,5.62,3.82,,,2026-04-16,99.73,96.4,3.45,3.45,2.01,3.69,3.61,3.61,0.54,74.06,104766.16,1.55,1.28,0.56,9.48,3.564696146e9,10558975952,,,,,,,,,,,,,,,,,,,,,,,,
2026-04-16T18:26:15.395,OLECTRA,1213.85,-1.03,,1129.45,1111.97,1417.6,,,53.71,70.41,,,auto,automobiles - lcvs / hcvs,,14.36,-0.23,-0.18,-0.24,-0.17,4.32,3.43,4.93,,,2026-04-16,1255.85,1203.85,4.32,4.32,189.75,59.82,5.98,5.98,3.17,83.99,10067.2,2.11,1.38,3.76,16.72,4.1027737e7,82080737,,,,,,,,,,,,,,,,,,,,,,,,
2026-04-16T18:26:15.395,FORTIS,873.9,-0.42,,831.9,803.74,1014.22,,,85.01,68.99,,,healthcare,healthcare,,8.9,-0.26,-0.01,-0.27,-0.0,2.79,5.74,3.26,,,2026-04-16,885.0,861.0,3.45,3.45,5.31,28.49,3.47,3.47,0.19,98.64,66251.35,2.71,2.53,0.19,45.28,5.19662253e8,754958148,,,,,,,,,,,,,,,,,,,,,,,,
2026-04-16T18:26:15.395,ADANIPORTS,1549.8,2.51,,1474.11,1389.36,1870.69,,,27.6,26.19,,,transportation,miscellaneous,,9.99,-0.0,0.07,-0.04,0.05,3.03,9.06,3.38,,,2026-04-16,1555.8,1510.0,5.06,5.06,90.66,52.34,3.05,3.05,1.73,241.28,348312.54,2.9,2.33,1.84,76.04,7.3676286e8,2303959098,,,,,,,,,,,,,,,,,,,,,,,,
2026-04-16T18:26:15.395,RADICO,3036.4,4.46,,2875.04,2667.1,3774.99,,,65.61,75.24,,,fmcg,breweries & distilleries,,8.47,-0.04,0.09,-0.11,0.05,4.69,12.04,3.63,,,2026-04-16,3054.8,2918.0,7.92,7.92,299.04,110.09,3.84,3.84,2.72,245.84,38918.82,3.06,1.98,3.01,107.54,8.0063671e7,133893489,,,,,,,,,,,,,,,,,,,,,,,,
2026-04-16T18:26:15.395,TATAINVEST,709.95,-0.62,,666.14,607.45,914.95,,,119.12,17.51,,,financials,finance & investments,,23.09,-0.37,0.02,-0.34,0.03,2.28,10.17,4.64,,,2026-04-16,719.0,702.95,2.28,2.28,76.95,32.94,4.21,4.21,2.34,53.17,36145.28,3.99,1.79,2.62,21.25,1.3466349e8,505952960,,,,,,,,,,,,,,,,,,,,,,,,
2026-04-16T18:26:15.395,NYKAA,262.61,0.26,,250.55,246.26,295.3,,,298.42,534.53,,,i.t,trading,,7.7,-0.05,0.21,-0.08,0.21,2.03,4.47,2.94,,,2026-04-16,265.85,260.55,2.7,2.7,7.03,7.73,3.04,3.04,0.91,48.71,74975.22,4.41,3.4,0.94,26.64,1.371131614e9,2862523756,,,,,,,,,,,,,,,,,,,,,,,,
2026-04-16T18:26:15.395,CUPID,95.58,2.33,,89.53,88.86,109.02,,,19.59,30.03,,,fmcg,personal care - indian,,8.33,0.77,2.06,0.72,2.0,3.08,5.94,3.81,,,2026-04-16,96.38,93.5,3.58,3.58,11.2,3.64,4.0,4.0,3.08,69.5,12559.13,4.68,4.54,3.48,57.1,7.25671153e8,1344660700,,,,,,,,,,,,,,,,,,,,,,,,
2026-04-16T18:26:15.395,HEG,626.85,6.11,,586.96,549.54,781.47,,,14.62,29.9,,,industrials,electrodes - graphites,,7.52,0.11,0.15,0.04,0.09,7.78,15.02,4.5,,,2026-04-16,635.9,590.0,11.17,11.17,87.04,28.23,4.67,4.67,3.08,249.98,11400.15,4.69,2.9,3.58,130.53,8.436866e7,192977530,,,,,,,,,,,,,,,,,,,,,,,,
2026-04-16T18:26:15.395,JSWENERGY,535.95,1.47,,507.39,485.19,637.46,,,55.6,40.48,,,power & utilities,power generation and supply,,8.2,-0.09,-0.01,-0.11,-0.03,3.74,13.44,3.95,,,2026-04-16,539.0,519.55,3.97,3.97,47.42,21.15,3.55,3.55,2.24,170.73,92317.13,5.61,4.98,2.46,77.54,5.37172638e8,1747768451,,,,,,,,,,,,,,,,,,,,,,,,
2026-04-16T18:26:15.395,SCI,288.93,14.05,,269.16,229.09,408.61,,,8.31,10.42,,,transportation,shipping,,12.34,0.15,0.3,0.01,0.14,16.89,22.84,5.3,,,2026-04-16,294.0,251.51,17.81,17.81,44.24,15.32,4.79,4.79,2.89,559.53,11800.55,5.86,5.58,3.41,244.2,1.68856033e8,465799010,,,,,,,,,,,,,,,,,,,,,,,,
2026-04-16T18:26:15.395,NETWEB,3708.4,4.06,,3465.74,3180.68,4763.84,,,71.65,113.35,,,i.t,computers - hardware,,8.67,-0.12,0.82,-0.16,0.75,5.0,14.69,4.42,,,2026-04-16,3780.0,3600.0,12.39,12.39,401.66,163.84,3.84,3.84,2.45,142.82,20189.74,5.89,5.57,2.75,66.16,1.6432391e7,56653868,,,,,,,,,,,,,,,,,,,,,,,,
2026-04-16T18:26:15.395,KEI,4647.4,1.06,,4377.48,4138.66,5664.89,,,47.29,51.05,,,industrials,cables - power,,13.31,-0.02,0.15,-0.03,0.14,2.33,8.05,3.83,,,2026-04-16,4694.0,4587.0,3.51,3.51,173.1,178.21,3.67,3.67,0.97,80.24,43961.93,6.3,5.53,1.01,33.89,6.2139603e7,95600595,,,,,,,,,,,,,,,,,,,,,,,,
2026-04-16T18:26:15.395,LAURUSLABS,1128.35,0.96,,1076.16,1054.74,1275.57,,,60.4,71.46,,,healthcare,pharmaceuticals - indian - bulk drugs & formln,,6.68,0.18,0.2,0.17,0.19,2.06,5.2,2.88,,,2026-04-16,1135.75,1112.8,3.84,3.84,106.74,32.49,3.09,3.09,3.29,75.22,60334.37,6.34,3.99,3.63,47.86,3.91424864e8,539856582,,,,,,,,,,,,,,,,,,,,,,,,
2026-04-16T18:26:15.395,POLYCAB,7903.5,1.44,,7513.83,7079.13,9552.23,,,47.84,44.65,,,industrials,cables - power,,12.07,-0.04,0.1,-0.07,0.08,2.03,6.29,3.27,,,2026-04-16,7930.0,7772.5,3.32,3.32,294.86,258.78,3.11,3.11,1.14,58.33,117284.52,6.42,5.45,1.18,50.62,5.7955631e7,150538473,,,,,,,,,,,,,,,,,,,,,,,,
2026-04-16T18:26:15.395,TATAPOWER,426.6,1.13,,408.22,390.49,498.81,,,44.25,35.57,,,power & utilities,power generation and supply,,6.67,0.0,0.03,-0.01,0.02,3.23,9.31,3.08,,,2026-04-16,429.65,416.2,4.79,4.79,43.37,13.15,3.24,3.24,3.3,193.92,134795.4,7.09,7.05,3.67,79.06,1.698081982e9,3195339547,,,,,,,,,,,,,,,,,,,,,,,,
2026-04-16T18:26:15.395,CGPOWER,755.9,1.06,,718.57,688.54,890.61,,,104.41,104.32,,,industrials,electric equipment,,8.04,-0.07,0.11,-0.08,0.1,1.93,7.19,3.24,,,2026-04-16,761.7,747.25,4.85,4.85,60.06,24.52,3.18,3.18,2.45,108.0,117800.1,7.86,7.58,2.66,35.27,6.87202648e8,1574867609,,,,,,,,,,,,,,,,,,,,,,,,
2026-04-16T18:26:15.395,AMBER,7714.5,2.77,,7249.89,6535.38,10072.75,,,-248.85,156.81,,,consumer discretionary,air-conditioners,,16.18,-0.13,-0.05,-0.18,-0.07,2.76,10.1,4.17,,,2026-04-16,7743.0,7535.0,6.62,6.62,595.86,321.91,4.1,4.1,1.85,102.98,26401.89,8.58,6.5,2.01,55.76,2.1738805e7,35172042,,,,,,,,,,,,,,,,,,,,,,,,
2026-04-07T13:50:11.92,NMDC,81.72,0.39,,77.63,75.9,93.37,,,10.21,10.37,,,metals & mining,mining / minerals / metals,,3.56,-0.01,0.1,-0.04,0.1,1.5,8.08,3.31,,,2026-04-07,81.83,80.62,4.88,4.88,1.45,2.7,3.3,,0.54,33.52,71565.39,4.37,4.08,0.55,40.68,3.446916837e9,8791817550,,,,,,,,,,,,,,,,,,,,,,,,
2026-04-07T13:50:11.92,CUPID,87.06,-1.68,,80.69,80.49,100.2,,,17.84,28.47,,,fmcg,personal care - indian,,9.73,0.84,1.88,0.89,1.93,4.0,2.67,4.53,,,2026-04-07,89.89,86.43,4.0,4.0,4.29,3.94,5.34,,1.09,31.93,11906.97,4.61,4.02,1.14,15.97,7.26812475e8,1344660700,,,,,,,,,,,,,,,,,,,,,,,,
2026-04-07T13:50:11.92,ADANIENSOL,987.9,-0.35,,927.43,940.36,1082.98,,,53.69,52.7,,,power & utilities,power generation and supply,,-0.95,-0.02,0.1,-0.01,0.1,2.51,9.38,4.28,,,2026-04-07,999.5,975.0,6.77,6.77,10.37,42.29,4.07,,0.25,55.5,119089.15,4.72,3.95,0.25,30.5,3.46049255e8,1201282642,,,,,,,,,,,,,,,,,,,,,,,,
2026-04-07T13:50:11.92,GMDCLTD,598.95,0.31,,560.78,560.33,676.19,,,35.82,19.2,,,metals & mining,mining / minerals / metals,,4.55,-0.1,0.33,-0.11,0.33,3.15,5.98,4.08,,,2026-04-07,612.0,593.3,6.58,6.58,31.12,24.44,4.23,,1.27,68.48,18987.78,5.16,4.51,1.34,23.12,8.268e7,318000000,,,,,,,,,,,,,,,,,,,,,,,,
2026-04-07T13:50:11.92,ZYDUSWELL,496.95,-2.43,,460.55,441.4,608.06,,,-99.39,11.52,,,fmcg,food - processing - indian,,5.24,0.01,0.15,0.0,0.18,4.82,18.24,6.28,,,2026-04-07,513.6,490.0,14.84,14.84,82.65,31.22,6.04,,2.65,116.98,16205.52,5.19,3.63,3.18,22.26,9.6609675e7,318160720,,,,,,,,,,,,,,,,,,,,,,,,
2026-04-07T13:50:11.92,LAURUSLABS,1061.15,0.28,,1004.42,975.45,1232.55,,,56.81,67.66,,,healthcare,pharmaceuticals - indian - bulk drugs & formln,,5.64,0.13,0.24,0.12,0.24,2.53,6.73,3.69,,,2026-04-07,1071.4,1045.0,5.63,5.63,52.23,39.11,3.7,,1.34,63.7,57127.62,5.3,3.41,1.4,41.3,3.91424864e8,539856582,,,,,,,,,,,,,,,,,,,,,,,,
2026-04-07T13:50:11.92,CGPOWER,691.0,0.54,,653.41,656.78,759.43,,,95.44,95.86,,,industrials,electric equipment,,1.65,-0.15,-0.02,-0.16,-0.02,2.94,5.4,3.65,,,2026-04-07,691.0,671.25,2.94,2.94,14.97,25.25,3.56,,0.59,40.7,108240.65,6.83,6.78,0.61,78.22,6.87202648e8,1574867609,,,,,,,,,,,,,,,,,,,,,,,,
2026-04-07T13:50:11.92,SONACOMS,514.6,1.02,,485.93,479.12,585.57,,,52.94,51.66,,,auto,auto ancillaries,,2.58,0.14,0.02,0.11,0.01,3.2,7.59,4.0,,,2026-04-07,514.8,498.85,5.22,5.22,3.83,20.56,3.75,,0.19,37.33,31670.47,7.07,6.42,0.19,76.59,4.4751032e8,621720975,,,,,,,,,,,,,,,,,,,,,,,,
2026-04-07T13:50:11.92,ADANIPOWER,164.79,0.94,,155.89,154.59,185.2,,,31.94,9.04,,,power & utilities,power generation and supply,,6.45,-0.0,0.34,0.01,0.33,2.51,9.41,3.84,,,2026-04-07,165.66,161.6,2.86,2.86,19.07,6.32,4.17,,3.02,96.29,314841.93,7.18,5.53,3.41,50.44,4.82906787e9,19284694705,,,,,,,,,,,,,,,,,,,,,,,,
2026-04-07T13:50:11.92,SYRMA,814.5,0.74,,759.61,762.47,918.57,,,38.2,53.09,,,consumer discretionary,electronics - components,,5.67,-0.08,0.11,-0.11,0.1,2.25,6.44,4.43,,,2026-04-07,818.0,800.0,3.64,3.64,20.49,36.09,4.38,,0.57,23.52,15590.34,7.25,5.1,0.58,40.18,1.10451462e8,192830485,,,,,,,,,,,,,,,,,,,,,,,,
2026-04-07T13:50:11.92,DELHIVERY,444.0,1.86,,421.69,412.62,506.76,,,209.43,213.68,,,transportation,miscellaneous,,3.74,-0.12,-0.01,-0.09,-0.03,4.07,6.85,3.61,,,2026-04-07,447.7,430.2,5.99,5.99,19.6,16.04,3.23,,1.22,104.33,32609.5,7.34,5.97,1.28,86.02,7.48095781e8,748095781,,,,,,,,,,,,,,,,,,,,,,,,
2026-04-07T13:50:11.92,QPOWER,875.0,-0.26,,805.62,810.49,1004.03,,,43.49,62.84,,,industrials,electric equipment,,8.86,-0.23,0.02,-0.23,0.03,2.84,6.71,5.27,,,2026-04-07,879.9,855.6,2.84,2.84,74.24,46.14,5.15,,1.61,35.18,6793.78,7.5,7.08,1.76,42.05,2.020464e7,77444100,,,,,,,,,,,,,,,,,,,,,,,,
2026-04-07T13:50:11.92,WAAREEENER,3090.0,0.17,,2907.86,3098.65,3072.7,,,20.91,27.1,,,industrials,electric equipment,,-0.58,-0.17,-0.03,-0.18,-0.03,1.83,3.66,3.79,,,2026-04-07,3102.3,3046.6,2.36,2.36,175.11,117.09,4.04,,1.5,21.37,88728.59,8.0,5.57,1.59,37.07,1.02908792e8,287640905,,,,,,,,,,,,,,,,,,,,,,,,
2026-04-07T13:50:11.92,AUROPHARMA,1322.0,-1.37,,1261.31,1307.4,1351.2,,,21.09,22.33,,,healthcare,pharmaceuticals - indian - bulk drugs & formln,,1.5,0.11,0.12,0.12,0.14,3.15,4.42,3.25,,,2026-04-07,1357.5,1316.0,3.15,3.15,98.5,42.93,3.03,,2.29,60.17,77850.65,8.88,7.96,2.48,13.97,2.79852902e8,580801623,,,,,,,,,,,,,,,,,,,,,,,,
2026-04-07T13:50:11.92,DATAPATTNS,3239.9,3.29,,2986.49,3044.48,3630.74,,,77.73,71.06,,,aerospace & defence,electronics - components,,-3.26,0.05,0.15,0.01,0.11,5.11,11.72,5.3,,,2026-04-07,3246.0,3088.3,8.27,8.27,264.72,171.78,5.47,,1.54,54.08,17560.49,9.86,8.53,1.68,88.25,3.2241586e7,55983969,,,,,,,,,,,,,,,,,,,,,,,,
2026-04-07T13:50:11.92,KRN,902.8,0.8,,831.18,842.51,1023.37,,,61.84,81.86,,,industrials,engineering,,-0.07,0.01,0.05,-0.01,0.04,3.4,6.96,5.26,,,2026-04-07,909.9,880.0,7.65,7.65,88.18,47.48,4.98,,1.86,20.34,5566.75,10.11,8.67,2.06,48.02,1.815662e7,62156600,,,,,,,,,,,,,,,,,,,,,,,,
2026-04-07T13:50:11.92,GVT&D,3673.8,-1.32,,3366.04,3549.81,3921.77,,,80.85,89.26,,,industrials,electric equipment,,4.96,0.08,0.46,0.07,0.48,2.49,0.2,6.34,,,2026-04-07,3758.0,3666.6,2.49,2.49,97.26,232.98,5.51,,0.42,34.68,95328.69,10.33,9.92,0.43,3.09,1.25462802e8,256046535,,,,,,,,,,,,,,,,,,,,,,,,
2026-04-07T13:50:11.92,DEEDEV,312.15,4.02,,281.98,272.13,392.19,,,29.12,25.61,,,metals & mining,steel - medium / small,,9.11,0.06,0.0,0.01,-0.03,6.24,12.43,6.45,,,2026-04-07,313.4,295.0,6.24,6.24,61.81,20.12,7.28,,3.07,20.69,2078.59,10.39,9.26,3.83,85.24,2.0656961e7,69263342,,,,,,,,,,,,,,,,,,,,,,,,
2026-04-07T13:50:11.92,ABB,6270.0,1.24,,5973.8,6076.69,6656.62,,,76.73,78.66,,,industrials,electric equipment,,-0.32,0.11,0.04,0.09,0.03,3.23,5.97,3.23,,,2026-04-07,6278.0,6081.5,3.23,3.23,379.84,202.71,3.16,,1.87,33.27,131245.45,10.81,10.06,1.99,92.99,5.2977094e7,211908375,,,,,,,,,,,,,,,,,,,,,,,,
2026-04-07T13:50:11.92,AVANTIFEED,1249.6,0.87,,1138.91,1144.27,1460.26,,,26.03,26.09,,,fmcg,food - processing - indian,,5.96,0.75,0.62,0.74,0.61,4.72,6.86,5.94,,,2026-04-07,1258.7,1202.0,5.07,5.07,92.27,74.24,5.8,,1.24,15.39,16878.11,11.03,10.42,1.34,64.12,7.7350477e7,136245630,,,,,,,,,,,,,,,,,,,,,,,,
2026-04-07T13:50:11.92,APARINDS,10271.0,3.38,,9502.13,9407.59,11997.81,,,49.37,40.99,,,industrials,electric equipment,,3.98,0.12,0.07,0.08,0.04,4.47,10.46,5.26,,,2026-04-07,10275.0,9835.5,6.19,6.19,723.09,540.49,5.3,,1.34,40.47,39907.22,12.2,8.86,1.44,80.58,1.6964012e7,40168315,,,,,,,,,,,,,,,,,,,,,,,,
2026-04-02T15:44:16.843,GPIL,275.0,-1.31,,257.7,257.91,309.17,,,29.51,23.05,,,metals & mining,steel - medium / small,,8.39,0.03,0.39,0.04,0.41,4.42,2.8,4.45,,,2026-04-02,279.85,268.0,4.42,4.42,16.57,12.23,4.36,,1.35,133.65,,,,,,,,,,,,,,,,,,,,,,57.23,7.16,5.13,18663.85,,,,,,
2026-04-02T15:44:16.843,GUJALKALI,602.0,1.81,,547.22,541.77,722.46,,,-55.33,-505.38,,,chemicals,chemicals,,13.12,0.0,-0.02,-0.01,-0.04,6.15,8.27,8.17,,,2026-04-02,613.7,578.15,6.59,6.59,120.42,49.17,7.97,,2.45,116.49,,,,,,,,,,,,,,,,,,,,,,48.51,7.1,2.56,4342.33,,,,,,
2026-04-02T15:44:16.843,SAIL,154.4,-0.91,,144.36,143.78,175.65,,,42.42,23.08,,,metals & mining,steel - large,,7.03,0.05,0.12,0.06,0.13,3.93,6.48,4.61,,,2026-04-02,156.19,150.28,3.93,3.93,-0.47,7.12,4.45,,-0.07,111.33,,,,,,,,,,,,,,,,,,,,,,57.85,5.96,7.33,64361.85,,,,,,
2026-04-02T15:44:16.843,SOUTHWEST,216.0,-0.47,,194.78,201.7,244.59,,,17.48,21.15,,,metals & mining,mining / minerals / metals,,9.27,0.51,0.38,0.49,0.39,5.13,8.0,7.23,,,2026-04-02,221.09,210.31,5.13,5.13,19.94,15.61,7.71,,1.28,108.92,,,,,,,,,,,,,,,,,,,,,,36.44,9.21,6.81,647.34,,,,,,
2026-04-02T15:44:16.843,DCMSHRIRAM,1129.0,-1.99,,1064.4,1059.97,1267.06,,,17.75,25.72,,,miscellaneous,diversified - mega,,9.26,-0.11,-0.22,-0.08,-0.21,3.21,4.25,4.06,,,2026-04-02,1148.0,1112.3,3.21,3.21,36.87,45.83,4.29,,0.8,80.65,,,,,,,,,,,,,,,,,,,,,,36.44,3.48,-0.61,17962.99,,,,,,
2026-04-02T15:44:16.843,ATHERENERG,759.2,-1.54,,706.13,748.39,780.83,,,-85.5,-37.93,,,auto,automobiles - scooters and 3 - wheelers,,2.47,0.19,1.09,0.25,1.12,4.01,2.3,5.11,,,2026-04-02,774.9,745.0,4.01,4.01,58.47,38.82,4.97,,1.51,78.2,,,,,,,,,,,,,,,,,,,,,,36.58,9.29,6.6,29441.86,,,,,,
2026-04-02T15:44:16.843,SHRIPISTON,2939.9,-2.82,,2736.09,2911.97,2995.76,,,26.31,24.53,,,auto,auto ancillaries,,3.95,-0.01,0.16,0.03,0.19,3.74,0.85,4.59,,,2026-04-02,3023.9,2915.0,3.74,3.74,-22.33,134.8,4.7,,-0.17,75.01,,,,,,,,,,,,,,,,,,,,,,18.47,5.12,3.19,13325.95,,,,,,
2026-04-02T15:44:16.843,INOXINDIA,1237.0,-0.65,,1169.03,1176.35,1358.29,,,46.23,45.54,,,industrials,packaging,,2.24,-0.02,-0.05,-0.03,-0.04,3.23,7.67,4.16,,,2026-04-02,1248.0,1209.0,4.86,4.86,84.22,51.45,4.29,,1.64,74.25,,,,,,,,,,,,,,,,,,,,,,54.42,7.64,6.9,11300.96,,,,,,
2026-04-02T15:44:16.843,GRANULES,610.1,-2.87,,580.02,594.51,641.27,,,24.64,27.94,,,healthcare,pharmaceuticals - indian - bulk drugs & formln,,7.27,0.04,0.17,0.11,0.21,3.45,1.31,3.43,,,2026-04-02,622.95,602.2,3.45,3.45,30.16,20.96,3.46,,1.44,69.16,,,,,,,,,,,,,,,,,,,,,,37.7,6.2,3.88,15564.12,,,,,,
2026-04-02T15:44:16.843,TVSHLTD,14050.0,-1.17,,13287.42,13369.12,15411.77,,,14.41,18.5,,,financials,finance & investments,,6.2,0.01,0.13,0.01,0.15,2.11,2.52,3.3,,,2026-04-02,14200.0,13906.0,2.11,2.11,-345.48,462.99,3.29,,-0.75,69.11,,,,,,,,,,,,,,,,,,,,,,31.1,4.85,4.02,28763.98,,,,,,
2026-04-02T15:44:16.843,GESHIP,1439.0,-1.45,,1353.75,1408.03,1500.95,,,6.32,9.22,,,transportation,shipping,,2.15,0.33,0.4,0.34,0.42,2.56,3.59,4.21,,,2026-04-02,1455.0,1418.7,2.56,2.56,120.96,60.64,4.51,,1.99,54.3,,,,,,,,,,,,,,,,,,,,,,33.48,12.56,12.57,20845.43,,,,,,
2026-04-02T15:44:16.843,POCL,1086.8,-1.19,,999.51,1001.66,1257.07,,,23.48,29.18,,,metals & mining,mining / minerals / metals,,4.82,-0.15,0.06,-0.12,0.08,4.01,8.46,5.76,,,2026-04-02,1096.0,1053.7,5.39,5.39,-71.25,62.56,4.93,,-1.14,53.35,,,,,,,,,,,,,,,,,,,,,,52.91,0.25,-0.55,3355.94,,,,,,
2026-04-02T15:44:16.843,ASTERDM,655.0,-4.78,,613.7,640.61,683.78,,,160.54,107.32,,,healthcare,healthcare,,5.07,-0.04,0.07,0.0,0.12,4.98,1.45,4.67,,,2026-04-02,684.5,652.0,4.98,4.98,36.93,30.62,4.56,,1.21,52.78,,,,,,,,,,,,,,,,,,,,,,9.8,8.63,6.47,35641.55,,,,,,
2026-04-02T15:44:16.843,AVL,458.0,-2.15,,429.64,447.81,478.38,,,54.01,54.17,,,consumer discretionary,trading,,3.71,-0.25,0.18,-0.24,0.21,2.81,1.1,4.28,,,2026-04-02,465.75,453.0,2.81,2.81,-23.15,19.58,4.23,,-1.18,45.57,,,,,,,,,,,,,,,,,,,,,,25.53,4.41,3.73,6044.31,,,,,,
2026-04-02T15:44:16.843,KIOCL,340.05,-1.29,,309.87,310.75,398.65,,,283.38,-284.71,,,metals & mining,mining / minerals / metals,,6.01,-0.29,0.12,-0.26,0.14,5.06,8.49,6.47,,,2026-04-02,344.6,328.0,6.84,6.84,0.99,22.01,6.15,,0.05,43.97,,,,,,,,,,,,,,,,,,,,,,54.75,3.23,1.84,20937.03,,,,,,
2026-04-02T15:44:16.843,CENTUM,2825.0,-1.42,,2577.96,2756.49,2962.02,,,-16.99,-161.54,,,consumer discretionary,electronics - components,,1.85,-0.03,0.17,-0.02,0.19,4.58,3.73,6.09,,,2026-04-02,2855.0,2730.0,4.58,4.58,265.46,172.15,6.0,,1.54,36.49,,,,,,,,,,,,,,,,,,,,,,55.19,9.01,8.2,4222.94,,,,,,
2026-04-02T15:44:16.843,CEIGALL,276.85,-0.38,,260.02,261.41,307.74,,,16.64,19.18,,,realty,construction,,3.86,-0.03,-0.02,-0.03,-0.02,3.96,5.45,4.29,,,2026-04-02,281.05,270.35,4.05,4.05,-2.12,11.89,4.44,,-0.18,34.63,,,,,,,,,,,,,,,,,,,,,,54.67,4.48,5.77,4841.15,,,,,,
2026-04-02T15:44:16.843,GALLANTT,556.0,-1.22,,518.94,526.04,615.92,,,33.41,28.43,,,metals & mining,steel - medium / small,,6.52,-0.23,-0.09,-0.22,-0.08,2.74,6.72,4.59,,,2026-04-02,561.0,546.05,2.74,2.74,4.37,25.5,4.58,,0.17,31.63,,,,,,,,,,,,,,,,,,,,,,39.02,3.99,5.07,13580.5,,,,,,
2026-04-02T15:44:16.843,GODAVARIB,311.95,-0.67,,285.56,301.91,332.03,,,48.44,71.38,,,fmcg,sugar,,1.01,0.12,-0.05,0.13,-0.04,2.85,7.48,5.69,,,2026-04-02,314.5,305.8,3.8,3.8,30.09,17.76,6.14,,1.69,27.69,,,,,,,,,,,,,,,,,,,,,,34.63,7.42,5.86,1607.18,,,,,,
2026-04-02T15:44:16.843,BLACKBUCK,571.3,-0.74,,530.87,565.96,581.98,,,82.08,18.34,,,transportation,miscellaneous,,-0.22,-0.17,0.26,-0.16,0.27,3.18,3.09,4.78,,,2026-04-02,576.75,559.0,3.18,3.18,-17.03,27.31,4.53,,-0.62,16.06,,,,,,,,,,,,,,,,,,,,,,45.04,3.42,1.78,10401.37,,,,,,
2026-04-02T15:44:16.843,APEX,377.35,-1.54,,339.07,343.37,445.3,,,29.21,36.26,,,fmcg,aquaculture,,12.94,0.53,0.48,0.55,0.5,3.77,4.76,6.59,,,2026-04-02,379.8,366.0,3.77,3.77,14.44,24.86,6.32,,0.58,15.98,,,,,,,,,,,,,,,,,,,,,,45.66,8.48,8.22,1197.66,,,,,,
2026-03-18T08:44:58.007,MCX,2671.8,4.55,,,2506.06,2920.4,,0.96,8.49,14.54,65.65,,financials,miscellaneous,11.57,,0.55,0.43,,,6.61,,,,,2026-03-18,,,,,,,,,,,,,,,,,,,,,,,,,,,,,,,,,,,,2518.6,2440.8,60.78,2474.55,2335.81,42.86
2026-03-18T08:44:58.007,BSE,2973.6,3.88,,,2694.05,3392.93,,1.16,50.88,38.49,60.5,,financials,miscellaneous,12.93,,0.24,0.02,,,10.38,,,,,2026-03-18,,,,,,,,,,,,,,,,,,,,,,,,,,,,,,,,,,,,2810.54,2777.0,19.2,2766.21,2617.06,25.32
2026-03-18T08:44:58.007,CHENNPETRO,1065.05,7.74,,,935.59,1259.25,,5.36,3.96,7.37,66.67,,energy,refineries,21.23,,0.33,0.45,,,13.84,,,,,2026-03-18,,,,,,,,,,,,,,,,,,,,,,,,,,,,,,,,,,,,948.64,869.35,70.01,905.15,797.88,24.56
2026-03-18T08:44:58.007,GESHIP,1426.4,3.86,,,1391.04,1479.44,,1.74,6.27,9.01,59.43,,transportation,shipping,28.6,,0.25,0.38,,,2.54,,,,,2026-03-18,,,,,,,,,,,,,,,,,,,,,,,,,,,,,,,,,,,,1351.42,1343.7,46.51,1284.48,1186.64,14.15
2026-03-18T08:44:58.007,ASTERDM,669.55,3.13,,,668.04,671.81,,0.99,164.11,104.45,59.67,,healthcare,healthcare,26.13,,0.0,-0.0,,,0.23,,,,,2026-03-18,,,,,,,,,,,,,,,,,,,,,,,,,,,,,,,,,,,,636.22,633.35,7.37,612.68,575.97,12.45
2026-03-18T08:44:58.007,JBCHEPHARM,2104.0,0.66,,,2109.73,2095.4,,1.27,41.65,43.59,62.9,,healthcare,pharmaceuticals - indian - bulk drugs & formln,25.34,,0.15,0.24,,,-0.27,,,,,2026-03-18,,,,,,,,,,,,,,,,,,,,,,,,,,,,,,,,,,,,2041.44,2065.0,22.67,1996.62,1931.48,7.55
2026-03-18T08:44:58.007,COALINDIA,462.25,0.42,,,446.58,485.75,,0.9,9.95,9.54,63.05,,metals & mining,mining / minerals / metals,25.15,,0.07,0.16,,,3.51,,,,,2026-03-18,,,,,,,,,,,,,,,,,,,,,,,,,,,,,,,,,,,,448.84,445.0,19.34,435.07,417.93,5.57
2026-03-18T08:44:58.007,ABB,6310.5,1.49,,,6147.15,6555.53,,0.67,77.22,80.14,62.3,,industrials,electric equipment,35.2,,0.08,0.04,,,2.66,,,,,2026-03-18,,,,,,,,,,,,,,,,,,,,,,,,,,,,,,,,,,,,6052.97,6146.0,25.27,5889.55,5600.84,4.89
2026-03-18T08:44:58.007,LINDEINDIA,7327.0,2.15,,,6798.1,8120.36,,1.48,80.8,105.93,67.34,,chemicals,chemicals,36.35,,0.05,0.07,,,7.78,,,,,2026-03-18,,,,,,,,,,,,,,,,,,,,,,,,,,,,,,,,,,,,6980.05,6630.0,14.63,6723.94,6338.15,4.4
2026-03-18T08:44:58.007,NLCINDIA,262.25,2.04,,,246.46,285.94,,0.91,12.56,13.19,54.28,,power & utilities,power generation and supply,14.8,,-0.06,0.12,,,6.41,,,,,2026-03-18,,,,,,,,,,,,,,,,,,,,,,,,,,,,,,,,,,,,251.47,242.8,11.43,237.53,221.74,4.3
2026-03-18T08:44:58.007,AUROPHARMA,1286.0,0.5,,,1260.26,1324.61,,0.37,20.52,21.42,62.72,,healthcare,pharmaceuticals - indian - bulk drugs & formln,15.85,,0.08,0.08,,,2.04,,,,,2026-03-18,,,,,,,,,,,,,,,,,,,,,,,,,,,,,,,,,,,,1249.6,1265.8,18.09,1214.98,1170.72,4.17
2026-03-18T08:44:58.007,NTPC,383.35,0.25,,,378.92,390.0,,0.8,16.93,15.37,58.29,,power & utilities,power generation and supply,21.18,,0.05,0.11,,,1.17,,,,,2026-03-18,,,,,,,,,,,,,,,,,,,,,,,,,,,,,,,,,,,,370.73,375.45,14.28,361.91,348.38,4.08
2026-03-18T08:44:58.007,ACMESOLAR,247.01,0.87,,,229.51,273.25,,0.73,32.85,30.53,59.73,,realty,engineering - turnkey services,17.19,,-0.26,-0.04,,,7.62,,,,,2026-03-18,,,,,,,,,,,,,,,,,,,,,,,,,,,,,,,,,,,,237.55,222.79,-12.4,220.13,204.46,3.27
2026-03-18T08:44:58.007,AADHARHFC,480.55,0.38,,,457.3,515.43,,0.57,18.51,20.17,54.99,,financials,finance - housing,16.75,,-0.18,0.0,,,5.08,,,,,2026-03-18,,,,,,,,,,,,,,,,,,,,,,,,,,,,,,,,,,,,461.09,451.25,-4.75,439.5,409.57,2.85
2026-03-18T08:44:58.007,TATAPOWER,400.85,2.64,,,379.82,432.39,,2.47,41.58,33.8,63.26,,power & utilities,power generation and supply,15.98,,-0.06,-0.03,,,5.54,,,,,2026-03-18,,,,,,,,,,,,,,,,,,,,,,,,,,,,,,,,,,,,383.18,382.35,3.61,374.98,357.04,2.83
2026-03-18T08:44:58.007,ZENTEC,1424.6,0.57,,,1387.6,1480.1,,0.8,58.48,48.7,59.12,,aerospace & defence,miscellaneous,13.41,,-0.15,-0.29,,,2.67,,,,,2026-03-18,,,,,,,,,,,,,,,,,,,,,,,,,,,,,,,,,,,,1375.53,1330.0,-0.28,1304.22,1223.33,2.77
2026-03-18T08:44:58.007,SUNPHARMA,1794.4,0.63,,,1799.23,1787.15,,0.74,32.04,39.44,59.02,,healthcare,pharmaceuticals - indian - bulk drugs & formln,26.92,,0.02,0.03,,,-0.27,,,,,2026-03-18,,,,,,,,,,,,,,,,,,,,,,,,,,,,,,,,,,,,1745.48,1768.8,9.92,1726.23,1686.8,2.61
2026-03-18T08:44:58.007,JSWENERGY,505.8,0.13,,,487.21,533.69,,0.6,52.47,38.76,57.53,,power & utilities,power generation and supply,14.49,,-0.13,-0.04,,,3.82,,,,,2026-03-18,,,,,,,,,,,,,,,,,,,,,,,,,,,,,,,,,,,,490.93,484.0,-5.06,467.16,444.87,-0.01
2026-03-18T08:44:58.007,ONESOURCE,1486.3,-0.46,,,1454.17,1534.49,,0.52,-48.01,839.72,60.98,,healthcare,pharmaceuticals - indian - bulk drugs & formln,22.73,,-0.25,-0.28,,,2.21,,,,,2026-03-18,,,,,,,,,,,,,,,,,,,,,,,,,,,,,,,,,,,,1414.14,1395.0,-18.74,1329.23,1219.63,-0.87
2026-03-18T08:44:58.007,PREMIERENE,811.2,1.94,,,730.03,932.96,,1.26,23.26,27.41,63.11,,services,trading,24.02,,-0.31,-0.26,,,11.12,,,,,2026-03-18,,,,,,,,,,,,,,,,,,,,,,,,,,,,,,,,,,,,776.36,747.75,-18.73,746.0,716.79,-2.94
2026-03-18T08:44:58.007,JINDALSAW,200.16,1.77,,,174.89,238.06,,0.46,12.36,11.33,61.35,,industrials,steel - large,22.92,,-0.13,-0.17,,,14.45,,,,,2026-03-18,,,,,,,,,,,,,,,,,,,,,,,,,,,,,,,,,,,,192.09,171.0,-0.5,175.64,159.62,-4.92
2026-03-17T23:17:55.571,MCX,2671.8,4.55,,,2506.06,2920.4,,0.96,8.49,13.91,65.65,,financials,miscellaneous,11.57,,0.55,0.43,,,6.61,,,,,2026-03-17,,,,,,,,,,,,,,,,,,,,,,,,,,,,,,,,,,,,2518.6,2440.8,60.78,2474.55,2335.81,42.86
2026-03-17T23:17:55.571,BSE,2973.6,3.88,,,2694.05,3392.93,,1.16,50.88,37.05,60.5,,financials,miscellaneous,12.93,,0.24,0.02,,,10.38,,,,,2026-03-17,,,,,,,,,,,,,,,,,,,,,,,,,,,,,,,,,,,,2810.54,2777.0,19.2,2766.21,2617.06,25.32
2026-03-17T23:17:55.571,CHENNPETRO,1065.05,7.74,,,935.59,1259.25,,5.36,3.96,6.84,66.67,,energy,refineries,21.23,,0.33,0.45,,,13.84,,,,,2026-03-17,,,,,,,,,,,,,,,,,,,,,,,,,,,,,,,,,,,,948.64,869.35,70.01,905.15,797.88,24.56
2026-03-17T23:17:55.571,GESHIP,1426.4,3.86,,,1391.04,1479.44,,1.74,6.27,8.67,59.43,,transportation,shipping,28.6,,0.25,0.38,,,2.54,,,,,2026-03-17,,,,,,,,,,,,,,,,,,,,,,,,,,,,,,,,,,,,1351.42,1343.7,46.51,1284.48,1186.64,14.15
2026-03-17T23:17:55.571,ASTERDM,669.55,3.13,,,668.04,671.81,,0.99,164.11,101.28,59.67,,healthcare,healthcare,26.13,,0.0,-0.0,,,0.23,,,,,2026-03-17,,,,,,,,,,,,,,,,,,,,,,,,,,,,,,,,,,,,636.22,633.35,7.37,612.68,575.97,12.45
2026-03-17T23:17:55.571,JBCHEPHARM,2104.0,0.66,,,2109.73,2095.4,,1.27,41.65,43.3,62.9,,healthcare,pharmaceuticals - indian - bulk drugs & formln,25.34,,0.15,0.24,,,-0.27,,,,,2026-03-17,,,,,,,,,,,,,,,,,,,,,,,,,,,,,,,,,,,,2041.44,2065.0,22.67,1996.62,1931.48,7.55
2026-03-17T23:17:55.571,COALINDIA,462.25,0.42,,,446.58,485.75,,0.9,9.95,9.5,63.05,,metals & mining,mining / minerals / metals,25.15,,0.07,0.16,,,3.51,,,,,2026-03-17,,,,,,,,,,,,,,,,,,,,,,,,,,,,,,,,,,,,448.84,445.0,19.34,435.07,417.93,5.57
2026-03-17T23:17:55.571,ABB,6310.5,1.49,,,6147.15,6555.53,,0.67,77.22,78.97,62.3,,industrials,electric equipment,35.2,,0.08,0.04,,,2.66,,,,,2026-03-17,,,,,,,,,,,,,,,,,,,,,,,,,,,,,,,,,,,,6052.97,6146.0,25.27,5889.55,5600.84,4.89
2026-03-17T23:17:55.571,LINDEINDIA,7327.0,2.15,,,6798.1,8120.36,,1.48,80.8,103.69,67.34,,chemicals,chemicals,36.35,,0.05,0.07,,,7.78,,,,,2026-03-17,,,,,,,,,,,,,,,,,,,,,,,,,,,,,,,,,,,,6980.05,6630.0,14.63,6723.94,6338.15,4.4
2026-03-17T23:17:55.571,NLCINDIA,262.25,2.04,,,246.46,285.94,,0.91,12.56,12.93,54.28,,power & utilities,power generation and supply,14.8,,-0.06,0.12,,,6.41,,,,,2026-03-17,,,,,,,,,,,,,,,,,,,,,,,,,,,,,,,,,,,,251.47,242.8,11.43,237.53,221.74,4.3
2026-03-17T23:17:55.571,AUROPHARMA,1286.0,0.5,,,1260.26,1324.61,,0.37,20.52,21.31,62.72,,healthcare,pharmaceuticals - indian - bulk drugs & formln,15.85,,0.08,0.08,,,2.04,,,,,2026-03-17,,,,,,,,,,,,,,,,,,,,,,,,,,,,,,,,,,,,1249.6,1265.8,18.09,1214.98,1170.72,4.17
2026-03-17T23:17:55.571,NTPC,383.35,0.25,,,378.92,390.0,,0.8,16.93,15.33,58.29,,power & utilities,power generation and supply,21.18,,0.05,0.11,,,1.17,,,,,2026-03-17,,,,,,,,,,,,,,,,,,,,,,,,,,,,,,,,,,,,370.73,375.45,14.28,361.91,348.38,4.08
2026-03-17T23:17:55.571,ACMESOLAR,247.01,0.87,,,229.51,273.25,,0.73,32.85,30.27,59.73,,realty,engineering - turnkey services,17.19,,-0.26,-0.04,,,7.62,,,,,2026-03-17,,,,,,,,,,,,,,,,,,,,,,,,,,,,,,,,,,,,237.55,222.79,-12.4,220.13,204.46,3.27
2026-03-17T23:17:55.571,AADHARHFC,480.55,0.38,,,457.3,515.43,,0.57,18.51,20.09,54.99,,financials,finance - housing,16.75,,-0.18,0.0,,,5.08,,,,,2026-03-17,,,,,,,,,,,,,,,,,,,,,,,,,,,,,,,,,,,,461.09,451.25,-4.75,439.5,409.57,2.85
2026-03-17T23:17:55.571,TATAPOWER,400.85,2.64,,,379.82,432.39,,2.47,41.58,32.93,63.26,,power & utilities,power generation and supply,15.98,,-0.06,-0.03,,,5.54,,,,,2026-03-17,,,,,,,,,,,,,,,,,,,,,,,,,,,,,,,,,,,,383.18,382.35,3.61,374.98,357.04,2.83
2026-03-17T23:17:55.571,ZENTEC,1424.6,0.57,,,1387.6,1480.1,,0.8,58.48,48.43,59.12,,aerospace & defence,miscellaneous,13.41,,-0.15,-0.29,,,2.67,,,,,2026-03-17,,,,,,,,,,,,,,,,,,,,,,,,,,,,,,,,,,,,1375.53,1330.0,-0.28,1304.22,1223.33,2.77
2026-03-17T23:17:55.571,SUNPHARMA,1794.4,0.63,,,1799.23,1787.15,,0.74,32.04,39.19,59.02,,healthcare,pharmaceuticals - indian - bulk drugs & formln,26.92,,0.02,0.03,,,-0.27,,,,,2026-03-17,,,,,,,,,,,,,,,,,,,,,,,,,,,,,,,,,,,,1745.48,1768.8,9.92,1726.23,1686.8,2.61
2026-03-17T23:17:55.571,JSWENERGY,505.8,0.13,,,487.21,533.69,,0.6,52.47,38.71,57.53,,power & utilities,power generation and supply,14.49,,-0.13,-0.04,,,3.82,,,,,2026-03-17,,,,,,,,,,,,,,,,,,,,,,,,,,,,,,,,,,,,490.93,484.0,-5.06,467.16,444.87,-0.01
2026-03-17T23:17:55.571,ONESOURCE,1486.3,-0.46,,,1454.17,1534.49,,0.52,-48.01,843.62,60.98,,healthcare,pharmaceuticals - indian - bulk drugs & formln,22.73,,-0.25,-0.28,,,2.21,,,,,2026-03-17,,,,,,,,,,,,,,,,,,,,,,,,,,,,,,,,,,,,1414.14,1395.0,-18.74,1329.23,1219.63,-0.87
2026-03-17T23:17:55.571,PREMIERENE,811.2,1.94,,,730.03,932.96,,1.26,23.26,26.88,63.11,,services,trading,24.02,,-0.31,-0.26,,,11.12,,,,,2026-03-17,,,,,,,,,,,,,,,,,,,,,,,,,,,,,,,,,,,,776.36,747.75,-18.73,746.0,716.79,-2.94
2026-03-17T23:17:55.571,JINDALSAW,200.16,1.77,,,174.89,238.06,,0.46,12.36,11.13,61.35,,industrials,steel - large,22.92,,-0.13,-0.17,,,14.45,,,,,2026-03-17,,,,,,,,,,,,,,,,,,,,,,,,,,,,,,,,,,,,192.09,171.0,-0.5,175.64,159.62,-4.92
