Timestamp,Symbol,High,Lod price,Cmp,%ch,Initial_atr1.5sl,Sl,Target,Forward pe,Pe,Sector,Industry,%ch y_low,Srs,Ars,Srs y,Ars y,%ch_high,%ch 2 low,%ch sl,Atr%,%ch_3low,E_s50,Avg_true_range,Adr%,Brackets12,Ma_x,Rvol,M_cap,Va,Va_ma,Atr% x,Lod dist,Free float,Grand_total_number2,Scan_Date,Low 2%,Low5,R_vol,Rsi,Adx,Rs,Is,Tps,Rs score,%ch7,Lch7,7d_high,Lc,Low,%ch sl atr,Bollinger bandwidth,%ch5,Lch5,5d_high,Column26,Change,Max2,W rsi,Adr p - adr%,Custom_indicator_69505,Vars,Smavars,Csum,Brackets11,From52wh,3d range,5d
2026-09-04T10:17:38.152,MTARTECH,6980.5,6850.0,6979.5,2.34,6562.68,6980.63,6977.24,106.85,157.18,aerospace & defence,engineering,-4.19,0.7,1.88,0.74,1.82,3.03,3.03,1.91,3.35,5.57,297.61,233.98,3.44,3.44,1.27,12.67,20978.04,-2.41,-2.93,1.33,55.35,2.1729927e7,30759591,2026-09-04,,,,,,,,,,,,,,,,,,,,,,,,,,,,,,,,
2026-09-04T10:17:38.152,TEJASNET,609.6,570.0,601.3,5.97,566.56,524.15,755.6,-13.22,-10.97,telecom,telecommunications - equipment,7.6,0.19,0.29,0.05,0.22,10.57,10.57,6.95,4.45,13.03,63.21,26.76,3.71,3.71,2.36,205.57,10099.13,-2.15,-4.84,2.64,116.96,8.3068296e7,177973982,2026-09-04,,,,,,,,,,,,,,,,,,,,,,,,,,,,,,,,
2026-09-04T10:17:38.152,DATAPATTNS,4656.0,4546.4,4650.0,1.37,4390.98,4570.34,4809.32,295.05,95.85,aerospace & defence,electronics - components,-1.47,0.23,0.76,0.25,0.74,2.89,2.89,2.41,3.23,4.4,168.92,150.38,3.54,3.54,1.12,20.27,25681.53,-0.28,-1.44,1.17,68.89,3.2241586e7,55983969,2026-09-04,,,,,,,,,,,,,,,,,,,,,,,,,,,,,,,,
2026-09-04T10:17:38.152,GENUSPOWER,349.35,340.5,342.7,0.88,323.81,334.12,359.86,12.05,14.42,consumer discretionary,electronics - components,1.98,0.23,0.1,0.23,0.09,3.7,3.7,2.6,3.9,5.77,24.17,13.38,4.04,4.04,1.81,26.29,10335.12,-0.21,-1.27,1.94,16.44,1.84558104e8,304242615,2026-09-04,,,,,,,,,,,,,,,,,,,,,,,,,,,,,,,,
2026-09-04T10:17:38.152,IDEA,14.89,14.51,14.87,2.69,14.17,14.62,15.38,-10.62,4.2,telecom-service,telecommunications - service provider,-0.69,0.36,0.2,0.3,0.17,3.12,3.12,2.62,3.34,6.75,1.07,0.5,3.69,3.69,2.14,33.87,156880.71,-0.04,-3.56,2.31,72.39,8.0561956458e10,108343035001,2026-09-04,,,,,,,,,,,,,,,,,,,,,,,,,,,,,,,,
2026-09-04T10:17:38.152,WOCKPHARMA,2034.0,1976.1,2024.3,3.78,1916.65,1852.46,2367.98,77.26,77.4,healthcare,pharmaceuticals - indian - bulk drugs & formln,2.76,0.44,0.39,0.37,0.34,7.54,7.54,2.93,3.69,10.14,116.43,74.76,3.82,3.82,1.56,103.2,31695.72,0.68,-2.12,1.65,64.47,8.2733321e7,162492169,2026-09-04,,,,,,,,,,,,,,,,,,,,,,,,,,,,,,,,
2026-09-04T10:17:38.152,HINDCOPPER,523.95,518.6,519.65,0.22,490.21,534.22,490.51,35.69,44.17,metals & mining,mining / minerals / metals,-5.1,-0.14,0.3,-0.15,0.3,1.34,1.34,1.03,3.49,0.66,5.66,18.12,4.0,4.0,0.31,9.3,50140.2,0.76,-1.07,0.32,5.79,3.27410647e8,967024020,2026-09-04,,,,,,,,,,,,,,,,,,,,,,,,,,,,,,,,
2026-09-04T10:17:38.152,TATATECH,830.95,808.05,812.8,0.96,769.99,803.81,830.78,45.66,58.68,i.t,computers - software - medium / small,-1.28,0.3,0.2,0.28,0.19,3.5,3.5,2.83,3.44,2.24,39.37,27.95,3.46,3.46,1.41,27.74,32691.23,0.77,0.04,1.48,16.99,1.82027094e8,406051830,2026-09-04,,,,,,,,,,,,,,,,,,,,,,,,,,,,,,,,
2026-09-04T10:17:38.152,NETWEB,5424.0,5297.5,5340.0,1.33,4998.74,5295.15,5429.7,89.12,114.81,i.t,computers - hardware,-4.05,0.53,0.59,0.48,0.57,6.06,6.06,2.39,4.2,5.45,609.4,224.43,4.69,4.69,2.72,47.01,30007.74,1.39,0.35,3.07,18.94,1.8799145e7,56940687,2026-09-04,,,,,,,,,,,,,,,,,,,,,,,,,,,,,,,,
2026-09-04T10:17:38.152,EPL,248.3,244.55,246.05,-0.2,230.43,251.41,235.33,19.97,20.36,industrials,packaging,-6.6,0.14,0.12,0.14,0.12,4.68,4.68,1.53,4.74,5.08,6.23,11.67,4.54,4.54,0.53,17.85,7896.49,1.54,1.42,0.55,12.85,2.35799878e8,320279659,2026-09-04,,,,,,,,,,,,,,,,,,,,,,,,,,,,,,,,
2026-09-04T10:17:38.152,MRPL,178.9,176.07,176.25,0.15,166.54,170.01,188.72,8.16,9.82,energy,refineries,2.73,-0.21,0.15,-0.18,0.15,2.52,2.52,1.61,3.22,4.0,9.36,5.67,3.98,3.98,1.65,6.66,30843.99,1.66,-0.12,1.74,3.17,2.00091162e8,1752598777,2026-09-04,,,,,,,,,,,,,,,,,,,,,,,,,,,,,,,,
2026-09-04T10:17:38.152,APARINDS,17895.0,17600.0,17751.0,0.27,16722.6,17403.0,18446.99,38.13,60.19,industrials,electric equipment,-2.75,0.57,0.96,0.55,0.96,5.64,5.64,1.68,3.72,7.58,2253.1,659.7,4.23,4.23,3.42,17.48,74130.79,1.78,1.66,3.91,22.89,1.6969932e7,40174235,2026-09-04,,,,,,,,,,,,,,,,,,,,,,,,,,,,,,,,
2026-09-04T10:17:38.152,MOTILALOFS,1037.5,1022.8,1028.7,1.57,985.74,1033.42,1019.26,12.16,30.77,financials,finance & investments,-1.29,0.32,0.16,0.28,0.14,3.05,3.05,1.44,2.83,3.57,85.16,29.08,3.03,3.03,2.93,18.61,60985.42,2.46,1.0,3.19,20.29,1.97478952e8,602146704,2026-09-04,,,,,,,,,,,,,,,,,,,,,,,,,,,,,,,,
2026-09-04T10:17:38.152,RAIN,214.46,210.1,213.47,0.83,199.82,192.1,256.2,6.06,13.26,miscellaneous,miscellaneous,7.98,0.48,0.66,0.45,0.65,4.49,4.49,2.08,3.91,5.38,3.94,8.36,4.17,4.17,0.47,20.3,7120.77,3.21,0.44,0.48,40.32,1.97273326e8,336345679,2026-09-04,,,,,,,,,,,,,,,,,,,,,,,,,,,,,,,,
2026-09-04T10:17:38.152,PAISALO,73.6,70.05,72.8,3.59,69.03,66.33,85.74,27.16,25.37,financials,finance & investments,0.47,1.01,0.97,0.88,0.91,10.76,10.76,5.07,3.45,10.96,2.88,2.51,3.22,3.22,1.15,55.76,6392.12,3.59,1.84,1.19,109.41,4.84634574e8,909521874,2026-09-04,,,,,,,,,,,,,,,,,,,,,,,,,,,,,,,,
2026-09-04T10:17:38.152,ANANTRAJ,646.4,627.25,635.0,1.07,605.58,596.93,711.13,38.16,38.08,realty,construction,-0.2,0.2,0.11,0.17,0.1,8.09,8.09,3.05,3.31,11.14,38.12,21.03,3.08,3.08,1.81,87.78,22611.07,3.86,1.66,1.93,36.85,1.53219107e8,359876930,2026-09-04,,,,,,,,,,,,,,,,,,,,,,,,,,,,,,,,
2026-09-04T10:17:38.152,CHENNPETRO,1449.1,1428.0,1433.1,-0.48,1344.82,1382.27,1534.76,5.17,5.14,energy,refineries,2.58,0.31,0.56,0.33,0.57,2.68,2.68,1.48,3.62,3.66,159.48,51.83,4.72,4.72,3.08,10.47,21443.24,4.36,1.57,3.46,9.84,4.87133e7,148911400,2026-09-04,,,,,,,,,,,,,,,,,,,,,,,,,,,,,,,,
2026-09-04T10:17:38.152,MARKSANS,335.45,326.2,330.9,-0.39,311.53,334.13,324.45,23.84,29.11,healthcare,pharmaceuticals - indian - formulations,-0.8,0.78,0.75,0.75,0.76,2.84,2.84,2.84,3.88,3.81,44.37,12.83,4.89,4.89,3.46,17.63,15054.1,4.66,3.34,4.0,36.65,2.54341737e8,453163746,2026-09-04,,,,,,,,,,,,,,,,,,,,,,,,,,,,,,,,
2026-09-04T10:17:38.152,CGCL,279.4,272.55,274.0,0.85,257.49,246.13,329.74,18.66,23.18,financials,finance & investments,7.15,0.57,0.47,0.58,0.46,9.87,9.87,2.51,4.49,10.04,33.81,12.3,4.44,4.44,2.75,46.07,26141.72,4.93,2.35,3.13,11.79,3.85642654e8,962153962,2026-09-04,,,,,,,,,,,,,,,,,,,,,,,,,,,,,,,,
2026-09-04T10:17:38.152,PPLPHARMA,217.0,213.0,213.89,-0.28,203.55,212.21,217.25,-102.83,-90.5,healthcare,pharmaceuticals - indian - bulk drugs & formln,-0.32,0.3,0.21,0.28,0.21,2.45,2.45,1.88,2.92,1.2,19.13,6.25,3.34,3.34,3.06,10.61,28556.09,5.14,4.03,3.36,14.24,8.68023458e8,1331348130,2026-09-04,,,,,,,,,,,,,,,,,,,,,,,,,,,,,,,,
2026-09-04T10:17:38.152,RKFORGE,732.5,712.05,714.05,-1.76,678.57,736.04,670.07,69.19,123.4,industrials,castings & forgings,-2.93,0.16,0.44,0.2,0.47,2.87,2.87,2.87,3.43,0.28,57.63,24.47,3.13,3.13,2.36,11.4,13241.03,5.24,4.58,2.56,8.17,1.03125411e8,182170017,2026-09-04,,,,,,,,,,,,,,,,,,,,,,,,,,,,,,,,
2026-09-04T10:17:38.152,BALRAMCHIN,702.0,688.1,689.25,-2.14,634.8,672.33,723.09,79.77,38.38,fmcg,sugar,-0.36,0.32,0.52,0.31,0.56,5.56,5.56,2.02,6.04,7.93,65.23,41.66,6.32,6.32,1.57,19.67,14880.61,5.34,3.41,1.73,2.76,1.2072559e8,211267207,2026-09-04,,,,,,,,,,,,,,,,,,,,,,,,,,,,,,,,
2026-09-04T10:17:38.152,GLAND,2940.3,2851.1,2887.4,-0.71,2756.48,2889.05,2884.1,37.54,42.44,healthcare,pharmaceuticals - indian - formulations,-1.88,0.59,0.67,0.56,0.68,3.26,3.26,3.13,3.01,3.01,248.36,86.87,3.18,3.18,2.86,237.88,47968.63,5.74,5.31,3.13,41.78,7.9565748e7,164959682,2026-09-04,,,,,,,,,,,,,,,,,,,,,,,,,,,,,,,,
2026-09-04T10:17:38.152,IIFL,648.9,640.4,644.8,0.22,610.48,647.16,640.08,10.16,13.01,financials,finance & investments,-1.93,0.22,0.1,0.2,0.1,1.76,1.76,1.33,3.76,3.29,51.43,24.25,3.46,3.46,2.12,13.89,27365.41,6.1,4.61,2.3,18.15,3.1965032e8,425324987,2026-09-04,,,,,,,,,,,,,,,,,,,,,,,,,,,,,,,,
2026-09-04T10:17:38.152,KALYANKJIL,600.0,585.3,596.35,1.89,563.19,588.47,612.11,44.11,42.11,consumer discretionary,diamond cutting / jewellery,-1.82,0.39,0.19,0.34,0.17,2.85,2.85,2.51,3.66,7.16,43.79,21.85,3.35,3.35,2.0,10.54,60446.28,6.26,6.23,2.16,50.56,3.83528762e8,1032740207,2026-09-04,,,,,,,,,,,,,,,,,,,,,,,,,,,,,,,,
2026-09-04T10:17:38.152,AZAD,2824.3,2770.0,2812.0,1.63,2656.31,2863.9,2708.19,127.12,128.75,aerospace & defence,engineering,-4.41,0.61,0.67,0.55,0.64,3.03,3.03,1.96,3.43,2.58,315.9,96.5,4.34,4.34,3.27,11.91,17869.12,6.76,4.47,3.69,43.52,2.8517503e7,64581743,2026-09-04,,,,,,,,,,,,,,,,,,,,,,,,,,,,,,,,
2026-09-04T10:17:38.152,HEG,713.0,703.8,712.4,0.7,676.43,717.91,701.37,28.09,38.06,industrials,electrodes - graphites,-2.66,0.23,0.3,0.19,0.29,1.87,1.87,1.31,3.28,1.79,70.02,23.36,3.4,3.4,3.0,9.46,13652.2,6.77,4.38,3.32,36.82,8.436866e7,192977530,2026-09-04,,,,,,,,,,,,,,,,,,,,,,,,,,,,,,,,
2026-09-04T10:17:38.152,BLUESTONE,843.6,800.05,829.9,3.11,770.64,788.7,912.3,451.03,241.71,consumer discretionary,diamond cutting / jewellery,0.1,0.67,0.57,0.64,0.53,5.71,5.71,5.44,4.29,4.45,91.24,35.58,4.48,4.48,2.56,7.97,12266.82,7.39,6.88,2.88,83.9,1.27639804e8,152401781,2026-09-04,,,,,,,,,,,,,,,,,,,,,,,,,,,,,,,,
2026-07-08T18:36:02.354,ATHERENERG,,,1200.0,5.21,,1083.97,1374.05,-114.5,-81.76,auto,automobiles - scooters and 3 - wheelers,,0.61,0.61,,,,,10.7,,,,,,,,,,,,,,,,2026-07-08,1110.63,1116.2,2.0,73.85,49.42,78.55,1096.79,1033.38,57.13,,,,,,,,,,,,,,,,,,,,,,,
2026-07-08T18:36:02.354,ADANIENSOL,,,1655.5,0.27,,1519.36,1859.71,72.74,86.89,power & utilities,power generation and supply,,0.46,0.71,,,,,8.96,,,,,,,,,,,,,,,,2026-07-08,1599.85,1495.9,1.27,71.43,25.82,70.39,1532.13,1496.1,21.85,,,,,,,,,,,,,,,,,,,,,,,
2026-07-08T18:36:02.354,ANANDRATHI,,,2059.8,0.38,,2005.14,2141.78,41.33,42.87,financials,finance & investments,,0.22,0.24,,,,,2.73,,,,,,,,,,,,,,,,2026-07-08,1993.71,1945.1,0.49,72.85,34.86,40.42,1919.05,1845.28,20.35,,,,,,,,,,,,,,,,,,,,,,,
2026-07-08T18:36:02.354,SCHNEIDER,,,1496.6,0.27,,1442.0,1578.51,406.68,167.9,industrials,electric equipment,,0.96,0.78,,,,,3.79,,,,,,,,,,,,,,,,2026-07-08,1437.66,1361.0,1.3,63.63,30.69,96.4,1356.46,1302.76,20.09,,,,,,,,,,,,,,,,,,,,,,,
2026-07-08T18:36:02.354,CEMPRO,,,1490.0,-0.27,,1382.49,1651.27,26.42,42.92,realty,construction,,0.81,0.8,,,,,7.78,,,,,,,,,,,,,,,,2026-07-08,1424.23,1380.0,0.54,75.54,57.18,82.59,1317.51,1258.05,16.78,,,,,,,,,,,,,,,,,,,,,,,
2026-07-08T18:36:02.354,HONASA,,,467.6,0.59,,449.81,494.29,54.88,75.59,services,trading,,0.47,0.63,,,,,3.96,,,,,,,,,,,,,,,,2026-07-08,453.0,457.55,0.44,72.84,47.32,68.31,437.14,421.99,13.53,,,,,,,,,,,,,,,,,,,,,,,
2026-07-08T18:36:02.354,NEULANDLAB,,,19000.0,0.53,,18488.02,19767.98,28.66,66.62,healthcare,pharmaceuticals - indian - bulk drugs,,0.16,0.12,,,,,2.77,,,,,,,,,,,,,,,,2026-07-08,18277.98,18520.0,0.67,73.5,31.56,11.8,17834.66,17225.66,13.27,,,,,,,,,,,,,,,,,,,,,,,
2026-07-08T18:36:02.354,CARTRADE,,,2775.9,-0.27,,2813.7,2719.2,51.41,59.49,consumer discretionary,miscellaneous,,-0.12,0.09,,,,,-1.34,,,,,,,,,,,,,,,,2026-07-08,2695.59,2681.1,0.62,69.74,62.14,-7.71,2529.05,2454.01,13.26,,,,,,,,,,,,,,,,,,,,,,,
2026-07-08T18:36:02.354,NYKAA,,,317.95,0.87,,314.27,323.48,294.4,456.81,i.t,trading,,0.09,0.19,,,,,1.17,,,,,,,,,,,,,,,,2026-07-08,305.91,305.6,1.43,72.52,41.04,24.66,299.74,293.64,12.25,,,,,,,,,,,,,,,,,,,,,,,
2026-07-08T18:36:02.354,J&KBANK,,,165.96,1.37,,161.67,172.4,5.72,7.64,bank,banks - private sector,,0.48,0.5,,,,,2.66,,,,,,,,,,,,,,,,2026-07-08,160.22,157.65,2.27,66.48,33.92,60.81,154.46,150.87,11.92,,,,,,,,,,,,,,,,,,,,,,,
2026-07-08T18:36:02.354,JBCHEPHARM,,,2435.8,0.57,,2309.57,2625.15,95.9,53.51,healthcare,pharmaceuticals - indian - bulk drugs & formln,,0.22,0.39,,,,,5.47,,,,,,,,,,,,,,,,2026-07-08,2363.86,2288.3,3.62,80.19,37.28,33.76,2337.66,2295.96,11.07,,,,,,,,,,,,,,,,,,,,,,,
2026-07-08T18:36:02.354,TORNTPHARM,,,4866.4,0.2,,4640.81,5204.79,105.7,75.87,healthcare,pharmaceuticals - indian - formulations,,0.16,0.32,,,,,4.86,,,,,,,,,,,,,,,,2026-07-08,4728.6,4620.8,2.13,74.57,31.76,28.22,4666.94,4598.94,10.26,,,,,,,,,,,,,,,,,,,,,,,
2026-07-08T18:36:02.354,CCL,,,1181.2,-0.92,,1167.06,1202.42,34.34,40.9,fmcg,tea,,0.17,0.35,,,,,1.21,,,,,,,,,,,,,,,,2026-07-08,1143.66,1162.3,0.29,58.22,43.87,20.99,1108.46,1073.8,9.54,,,,,,,,,,,,,,,,,,,,,,,
2026-07-08T18:36:02.354,M&MFIN,,,331.65,-0.17,,318.2,351.83,12.28,15.97,financials,finance & investments,,-0.21,0.08,,,,,4.23,,,,,,,,,,,,,,,,2026-07-08,317.37,314.15,1.53,64.8,24.67,-4.32,307.09,292.62,5.35,,,,,,,,,,,,,,,,,,,,,,,
2026-07-08T18:36:02.354,ZYDUSLIFE,,,1148.0,-0.43,,1108.24,1207.64,22.69,23.01,healthcare,pharmaceuticals - indian - bulk drugs & formln,,0.15,0.11,,,,,3.59,,,,,,,,,,,,,,,,2026-07-08,1119.36,1095.1,1.39,67.07,42.46,22.76,1092.71,1084.74,4.13,,,,,,,,,,,,,,,,,,,,,,,
2026-07-08T18:36:02.354,EXIDEIND,,,421.35,1.65,,396.3,458.93,41.64,41.24,auto,auto ancillaries,,0.06,0.02,,,,,6.32,,,,,,,,,,,,,,,,2026-07-08,403.91,391.3,1.64,67.43,31.1,10.78,395.44,379.91,2.33,,,,,,,,,,,,,,,,,,,,,,,
2026-07-08T18:36:02.354,UNOMINDA,,,1131.9,0.24,,1098.54,1181.94,50.08,54.31,auto,auto ancillaries,,-0.22,-0.11,,,,,3.04,,,,,,,,,,,,,,,,2026-07-08,1093.88,1089.0,2.27,55.77,9.31,-11.01,1055.46,1023.13,-0.05,,,,,,,,,,,,,,,,,,,,,,,
2026-07-08T18:36:02.354,GODREJIND,,,1216.4,0.3,,1182.02,1267.97,23.06,32.93,chemicals,chemicals,,0.11,0.07,,,,,2.91,,,,,,,,,,,,,,,,2026-07-08,1175.51,1192.1,0.39,71.1,50.97,21.58,1148.38,1110.36,-0.09,,,,,,,,,,,,,,,,,,,,,,,
2026-07-08T18:36:02.354,SOBHA,,,1451.2,-0.21,,1415.35,1504.97,42.24,80.43,realty,construction,,-0.15,-0.1,,,,,2.53,,,,,,,,,,,,,,,,2026-07-08,1404.63,1414.1,1.95,60.74,23.66,-5.65,1357.48,1324.8,-0.32,,,,,,,,,,,,,,,,,,,,,,,
2026-07-08T18:36:02.354,JUBLINGREA,,,680.8,-0.32,,637.94,745.09,31.12,38.83,chemicals,chemicals,,-0.17,-0.03,,,,,6.72,,,,,,,,,,,,,,,,2026-07-08,654.54,641.95,2.11,59.0,20.34,-1.02,633.21,614.81,-1.87,,,,,,,,,,,,,,,,,,,,,,,
2026-07-08T18:36:02.354,ICICIGI,,,1804.2,0.55,,1771.27,1853.6,41.12,32.17,financials,finance & investments,,-0.16,-0.13,,,,,1.86,,,,,,,,,,,,,,,,2026-07-08,1757.73,1742.4,1.27,53.28,11.69,-8.98,1732.87,1713.08,-2.57,,,,,,,,,,,,,,,,,,,,,,,
2026-07-08T18:36:02.354,PARADEEP,,,139.87,0.48,,139.39,140.59,23.31,14.5,chemicals,fertilizers,,-0.19,-0.24,,,,,0.35,,,,,,,,,,,,,,,,2026-07-08,134.66,137.41,1.75,58.77,29.76,-10.83,128.79,126.82,-3.69,,,,,,,,,,,,,,,,,,,,,,,
2026-07-08T18:36:02.354,LODHA,,,1115.1,1.14,,1004.41,1281.14,27.63,32.11,realty,construction,,-0.08,-0.09,,,,,11.02,,,,,,,,,,,,,,,,2026-07-08,1063.79,991.1,3.68,79.01,33.77,0.54,1032.72,1010.84,-3.8,,,,,,,,,,,,,,,,,,,,,,,
2026-07-08T18:36:02.354,NAUKRI,,,1179.0,1.69,,1009.85,1432.72,33.76,51.78,i.t,miscellaneous,,-0.19,-0.13,,,,,16.75,,,,,,,,,,,,,,,,2026-07-08,1148.56,996.95,4.05,76.91,18.77,-15.54,1074.76,1035.38,-4.61,,,,,,,,,,,,,,,,,,,,,,,
2026-07-08T18:36:02.354,GLAXO,,,2410.8,0.18,,2408.33,2414.5,36.75,40.03,healthcare,pharmaceuticals - multinational,,-0.1,-0.15,,,,,0.1,,,,,,,,,,,,,,,,2026-07-08,2338.48,2370.0,0.74,60.41,28.63,-3.98,2303.38,2244.71,-6.16,,,,,,,,,,,,,,,,,,,,,,,
2026-07-08T18:36:02.354,LENSKART,,,536.55,0.18,,516.83,566.13,114.65,162.3,fmcg,personal care - indian,,0.11,NaN,,,,,3.82,,,,,,,,,,,,,,,,2026-07-08,518.71,521.2,0.61,66.0,15.6,32.3,505.26,489.54,NaN,,,,,,,,,,,,,,,,,,,,,,,
2026-07-08T18:36:02.354,PWL,,,146.64,-1.44,,132.35,168.07,-141.0,-2125.43,services,miscellaneous,,0.04,NaN,,,,,10.8,,,,,,,,,,,,,,,,2026-07-08,142.1,128.1,6.77,74.22,40.53,8.1,127.63,126.16,NaN,,,,,,,,,,,,,,,,,,,,,,,
2026-07-08T18:36:02.354,MEESHO,,,189.54,-0.46,,185.45,195.67,-131.63,-60.45,i.t,miscellaneous,,-0.04,NaN,,,,,2.2,,,,,,,,,,,,,,,,2026-07-08,183.46,183.6,0.29,57.69,24.94,NaN,174.62,166.48,NaN,,,,,,,,,,,,,,,,,,,,,,,
2026-06-25T07:22:14.976,STEELXIND,,,12.6,,,11.93,12.77,31.5,54.78,metals & mining,steel - medium / small,0.87,0.41,0.2,0.28,0.12,,,3.55,6.76,20.84,,,,,,,,,,,,,,2026-06-25,,,,61.51,21.31,,,,,12.96,-2.02,13.95,2.66,12.03,-3.73,17.31,,,,,,,,,,,,,,,,
2026-06-25T07:22:14.976,ATALREAL,,,30.26,,,28.07,32.87,15.76,72.05,realty,construction,6.72,0.15,0.39,0.1,0.35,,,8.53,7.7,10.8,,,,,,,,,,,,,,2026-06-25,,,,57.33,27.41,,,,,5.02,-2.86,32.0,1.7,29.96,-3.54,9.89,,,,,,,,,,,,,,,,
2026-06-25T07:22:14.976,AVL,,,644.4,,,517.08,617.72,95.33,70.89,consumer discretionary,trading,5.89,0.03,-0.02,-0.02,-0.07,,,9.73,4.57,9.94,,,,,,,,,,,,,,2026-06-25,,,,62.52,14.6,,,,,14.21,-0.04,648.05,3.63,547.55,-3.78,4.68,,,,,,,,,,,,,,,,
2026-06-25T07:22:14.976,KENNAMET,,,3088.6,,,2749.0,3215.2,33.03,49.02,industrials,castings & forgings,3.24,0.03,0.33,-0.04,0.24,,,8.48,4.17,9.22,,,,,,,,,,,,,,2026-06-25,,,,58.08,16.77,,,,,7.21,-2.37,3197.0,5.08,2838.0,-4.73,8.86,,,,,,,,,,,,,,,,
2026-06-25T07:22:14.976,SKYGOLD,,,503.4,,,516.07,551.23,23.13,27.98,consumer discretionary,diamond cutting / jewellery,-0.13,0.55,0.86,0.43,0.78,,,3.41,5.66,9.13,,,,,,,,,,,,,,2026-06-25,,,,59.1,30.33,,,,,2.27,-9.02,545.75,3.54,515.4,-3.82,15.81,,,,,,,,,,,,,,,,
2026-06-25T07:22:14.976,BHAGYANGR,,,373.5,,,299.61,352.59,16.15,23.8,power & utilities,power generation and supply,8.44,1.38,2.3,1.34,2.15,,,8.84,5.61,8.88,,,,,,,,,,,,,,2026-06-25,,,,60.8,27.4,,,,,27.32,0.0,415.2,0.37,324.9,-3.33,14.26,,,,,,,,,,,,,,,,
2026-06-25T07:22:14.976,WELSPUNLIV,,,169.84,,,140.22,149.64,39.31,74.49,textiles,textiles - products,-0.51,-0.03,0.17,-0.1,0.12,,,3.36,3.42,8.69,,,,,,,,,,,,,,2026-06-25,,,,59.47,16.75,,,,,17.99,-0.22,171.0,3.89,139.5,-3.71,7.29,,,,,,,,,,,,,,,,
2026-06-25T07:22:14.976,CHENNPETRO,,,1128.0,,,1158.2,1263.0,2.95,5.41,energy,refineries,-0.28,0.21,0.55,0.1,0.46,,,4.52,4.78,8.55,,,,,,,,,,,,,,2026-06-25,,,,64.48,24.05,,,,,0.41,-9.79,1225.8,4.81,1155.0,-4.26,13.18,,,,,,,,,,,,,,,,
2026-06-25T07:22:14.976,HNDFDS,,,563.85,,,522.71,592.69,41.1,46.64,fmcg,diversified - large,1.71,-0.05,0.01,-0.08,-0.04,,,6.69,3.39,7.66,,,,,,,,,,,,,,2026-06-25,,,,64.95,27.22,,,,,2.02,-3.17,568.95,4.9,531.65,-3.29,6.23,,,,,,,,,,,,,,,,
2026-06-25T07:22:14.976,CRAFTSMAN,,,9384.5,,,8925.7,9748.3,45.25,53.4,auto,auto ancillaries,0.72,0.22,0.34,0.17,0.28,,,4.61,3.64,7.53,,,,,,,,,,,,,,2026-06-25,,,,64.9,41.71,,,,,6.44,-1.33,9938.0,3.86,8990.0,-3.65,11.56,,,,,,,,,,,,,,,,
2026-06-25T07:22:14.976,INDOTECH,,,2905.3,,,2536.76,2816.24,32.24,33.26,industrials,electric equipment,2.49,0.55,0.48,0.51,0.44,,,5.51,5.01,7.49,,,,,,,,,,,,,,2026-06-25,,,,58.07,24.57,,,,,8.55,-5.85,2905.3,2.94,2600.0,-3.76,10.03,,,,,,,,,,,,,,,,
2026-06-25T07:22:14.976,HESTERBIO,,,2239.9,,,1978.4,2154.8,28.79,33.15,healthcare,pharmaceuticals - indian - formulations,-0.68,0.19,0.02,0.12,-0.03,,,4.46,4.7,7.41,,,,,,,,,,,,,,2026-06-25,,,,67.1,61.97,,,,,10.7,-2.88,2287.7,5.17,1965.0,-4.39,16.1,,,,,,,,,,,,,,,,
2026-06-25T07:22:14.976,HARSHA,,,429.2,,,387.13,452.47,20.67,25.17,industrials,engineering,5.52,0.05,-0.01,0.01,-0.05,,,8.44,4.04,7.41,,,,,,,,,,,,,,2026-06-25,,,,61.8,30.97,,,,,7.43,0.39,451.0,2.77,408.5,-3.21,5.46,,,,,,,,,,,,,,,,
2026-06-25T07:22:14.976,UNIVCABLES,,,1293.2,,,1180.94,1225.06,20.28,27.51,industrials,cables - power,-2.45,0.22,0.55,0.2,0.52,,,1.87,7.5,7.29,,,,,,,,,,,,,,2026-06-25,,,,58.84,36.87,,,,,15.63,-2.73,1391.0,4.43,1152.0,0.95,21.76,,,,,,,,,,,,,,,,
2026-06-25T07:22:14.976,SATIN,,,239.31,,,230.46,233.76,4.06,7.92,financials,finance & investments,-1.13,0.5,0.55,0.46,0.51,,,0.72,5.27,7.28,,,,,,,,,,,,,,2026-06-25,,,,58.67,36.13,,,,,5.33,-1.64,244.47,1.87,227.86,-2.69,18.25,,,,,,,,,,,,,,,,
2026-06-25T07:22:14.976,GRINDWELL,,,2128.4,,,1916.21,2129.99,49.64,56.76,industrials,abrasives and grinding wheels,1.84,0.18,0.22,0.13,0.16,,,5.58,3.5,7.25,,,,,,,,,,,,,,2026-06-25,,,,70.79,39.33,,,,,7.61,-0.54,2177.0,3.67,1951.4,-3.27,14.58,,,,,,,,,,,,,,,,
2026-06-25T07:22:14.976,MARINE,,,275.15,,,241.55,251.75,51.72,65.2,industrials,electric equipment,1.55,0.12,0.1,0.11,0.09,,,2.11,5.61,6.77,,,,,,,,,,,,,,2026-06-25,,,,55.18,29.86,,,,,20.78,-1.07,297.9,0.55,245.3,-2.25,10.0,,,,,,,,,,,,,,,,
2026-06-25T07:22:14.976,MSPL,,,42.11,,,40.15,44.07,7.02,71.37,metals & mining,steel - medium / small,3.36,0.07,0.09,0.05,0.07,,,4.88,4.19,6.61,,,,,,,,,,,,,,2026-06-25,,,,61.32,17.07,,,,,9.52,-1.12,46.12,1.47,41.5,-2.3,11.21,,,,,,,,,,,,,,,,
2026-06-25T07:22:14.976,GNFC,,,558.0,,,489.64,530.26,5.18,10.15,chemicals,chemicals,3.92,-0.04,-0.02,-0.07,-0.03,,,4.15,3.22,5.36,,,,,,,,,,,,,,2026-06-25,,,,55.61,18.77,,,,,20.8,0.6,616.0,0.22,508.85,-0.76,6.94,,,,,,,,,,,,,,,,
2026-06-25T07:22:14.976,AMBIKCO,,,1770.5,,,1613.12,1658.88,10.33,14.16,textiles,textiles - cotton/blended,0.75,0.18,0.08,0.18,0.06,,,1.42,4.06,5.13,,,,,,,,,,,,,,2026-06-25,,,,56.63,29.28,,,,,11.02,-1.53,1816.3,0.66,1625.2,-0.76,8.05,,,,,,,,,,,,,,,,
2026-06-25T07:22:14.976,SURYODAY,,,173.47,,,165.49,178.29,9.27,12.13,bank,banks - private sector,2.62,0.17,0.24,0.16,0.23,,,3.86,4.06,4.75,,,,,,,,,,,,,,2026-06-25,,,,59.14,37.5,,,,,3.6,-3.08,178.08,1.21,169.83,-2.27,9.31,,,,,,,,,,,,,,,,
2026-06-25T07:22:14.976,VISHNU,,,616.35,,,585.05,619.35,23.74,29.1,chemicals,chemicals,1.1,0.13,0.21,0.11,0.18,,,2.93,3.82,4.71,,,,,,,,,,,,,,2026-06-25,,,,54.14,17.78,,,,,6.28,-1.36,640.0,1.81,591.5,-1.73,4.5,,,,,,,,,,,,,,,,
2026-06-25T07:22:14.976,USHAMART,,,465.8,,,491.26,498.64,24.01,30.44,metals & mining,steel - medium / small,0.01,0.06,0.07,0.03,0.05,,,0.75,3.46,4.54,,,,,,,,,,,,,,2026-06-25,,,,55.79,21.07,,,,,2.11,-7.06,505.4,0.74,491.3,-1.78,7.22,,,,,,,,,,,,,,,,
2026-06-25T07:22:14.976,VBL,,,506.7,,,524.59,557.41,49.1,53.9,fmcg,food - processing - indian,0.5,0.04,0.16,0.01,0.12,,,3.13,2.66,4.54,,,,,,,,,,,,,,2026-06-25,,,,63.39,17.52,,,,,2.74,-7.03,555.8,2.62,527.2,-2.7,4.93,,,,,,,,,,,,,,,,
2026-06-25T07:22:14.976,KIRLPNU,,,1909.2,,,1579.47,1678.93,21.56,48.73,industrials,compressors / drilling equipment,2.56,0.45,0.28,0.42,0.26,,,3.15,4.14,4.32,,,,,,,,,,,,,,2026-06-25,,,,59.0,26.46,,,,,34.86,-0.25,2197.1,0.57,1619.9,-1.25,6.75,,,,,,,,,,,,,,,,
2026-06-25T07:22:14.976,GRASIM,,,3127.9,,,3107.73,3221.27,27.09,42.72,textiles,textiles - manmade,0.75,0.04,0.1,0.03,0.08,,,1.83,1.96,3.9,,,,,,,,,,,,,,2026-06-25,,,,67.07,18.06,,,,,1.12,-2.13,3200.0,1.07,3131.0,-1.65,8.15,,,,,,,,,,,,,,,,
2026-06-25T07:22:14.976,CUMMINSIND,,,5555.5,,,5672.55,5835.45,59.28,65.21,industrials,engines,-0.75,0.17,0.4,0.13,0.37,,,1.44,2.9,3.84,,,,,,,,,,,,,,2026-06-25,,,,60.24,22.67,,,,,2.68,-3.8,5908.0,2.2,5630.0,-2.49,8.01,,,,,,,,,,,,,,,,
2026-06-25T07:22:14.976,STARHEALTH,,,574.3,,,519.02,538.28,75.97,60.64,financials,finance & investments,0.39,0.05,0.12,0.01,0.1,,,1.85,2.5,2.12,,,,,,,,,,,,,,2026-06-25,,,,58.69,30.42,,,,,13.0,-1.64,597.4,1.46,521.05,0.08,3.11,,,,,,,,,,,,,,,,
2026-06-24T23:20:04.052,STEELXIND,,,12.6,,,11.93,12.77,31.5,56.0,metals & mining,steel - medium / small,0.87,0.41,0.2,0.28,0.12,,,3.55,6.76,20.84,,,,,,,,,,,,,,2026-06-24,,,,61.51,21.31,,,,,12.96,-2.02,13.95,2.66,12.03,-3.73,17.31,,,,,,,,,,,,,,,,
2026-06-24T23:20:04.052,ATALREAL,,,30.26,,,28.07,32.87,15.76,71.76,realty,construction,6.72,0.15,0.39,0.1,0.35,,,8.53,7.7,10.8,,,,,,,,,,,,,,2026-06-24,,,,57.33,27.41,,,,,5.02,-2.86,32.0,1.7,29.96,-3.54,9.89,,,,,,,,,,,,,,,,
2026-06-24T23:20:04.052,AVL,,,644.4,,,517.08,617.72,95.33,68.69,consumer discretionary,trading,5.89,0.03,-0.02,-0.02,-0.07,,,9.73,4.57,9.94,,,,,,,,,,,,,,2026-06-24,,,,62.52,14.6,,,,,14.21,-0.04,648.05,3.63,547.55,-3.78,4.68,,,,,,,,,,,,,,,,
2026-06-24T23:20:04.052,KENNAMET,,,3088.6,,,2749.0,3215.2,33.03,49.75,industrials,castings & forgings,3.24,0.03,0.33,-0.04,0.24,,,8.48,4.17,9.22,,,,,,,,,,,,,,2026-06-24,,,,58.08,16.77,,,,,7.21,-2.37,3197.0,5.08,2838.0,-4.73,8.86,,,,,,,,,,,,,,,,
2026-06-24T23:20:04.052,SKYGOLD,,,503.4,,,516.07,551.23,23.13,27.74,consumer discretionary,diamond cutting / jewellery,-0.13,0.55,0.86,0.43,0.78,,,3.41,5.66,9.13,,,,,,,,,,,,,,2026-06-24,,,,59.1,30.33,,,,,2.27,-9.02,545.75,3.54,515.4,-3.82,15.81,,,,,,,,,,,,,,,,
2026-06-24T23:20:04.052,BHAGYANGR,,,373.5,,,299.61,352.59,16.15,24.99,power & utilities,power generation and supply,8.44,1.38,2.3,1.34,2.15,,,8.84,5.61,8.88,,,,,,,,,,,,,,2026-06-24,,,,60.8,27.4,,,,,27.32,0.0,415.2,0.37,324.9,-3.33,14.26,,,,,,,,,,,,,,,,
2026-06-24T23:20:04.052,WELSPUNLIV,,,169.84,,,140.22,149.64,39.31,70.91,textiles,textiles - products,-0.51,-0.03,0.17,-0.1,0.12,,,3.36,3.42,8.69,,,,,,,,,,,,,,2026-06-24,,,,59.47,16.75,,,,,17.99,-0.22,171.0,3.89,139.5,-3.71,7.29,,,,,,,,,,,,,,,,
2026-06-24T23:20:04.052,CHENNPETRO,,,1128.0,,,1158.2,1263.0,2.95,5.35,energy,refineries,-0.28,0.21,0.55,0.1,0.46,,,4.52,4.78,8.55,,,,,,,,,,,,,,2026-06-24,,,,64.48,24.05,,,,,0.41,-9.79,1225.8,4.81,1155.0,-4.26,13.18,,,,,,,,,,,,,,,,
2026-06-24T23:20:04.052,HNDFDS,,,563.85,,,522.71,592.69,41.1,45.43,fmcg,diversified - large,1.71,-0.05,0.01,-0.08,-0.04,,,6.69,3.39,7.66,,,,,,,,,,,,,,2026-06-24,,,,64.95,27.22,,,,,2.02,-3.17,568.95,4.9,531.65,-3.29,6.23,,,,,,,,,,,,,,,,
2026-06-24T23:20:04.052,CRAFTSMAN,,,9384.5,,,8925.7,9748.3,45.25,53.75,auto,auto ancillaries,0.72,0.22,0.34,0.17,0.28,,,4.61,3.64,7.53,,,,,,,,,,,,,,2026-06-24,,,,64.9,41.71,,,,,6.44,-1.33,9938.0,3.86,8990.0,-3.65,11.56,,,,,,,,,,,,,,,,
2026-06-24T23:20:04.052,INDOTECH,,,2905.3,,,2536.76,2816.24,32.24,31.67,industrials,electric equipment,2.49,0.55,0.48,0.51,0.44,,,5.51,5.01,7.49,,,,,,,,,,,,,,2026-06-24,,,,58.07,24.57,,,,,8.55,-5.85,2905.3,2.94,2600.0,-3.76,10.03,,,,,,,,,,,,,,,,
2026-06-24T23:20:04.052,HESTERBIO,,,2239.9,,,1978.4,2154.8,28.79,31.32,healthcare,pharmaceuticals - indian - formulations,-0.68,0.19,0.02,0.12,-0.03,,,4.46,4.7,7.41,,,,,,,,,,,,,,2026-06-24,,,,67.1,61.97,,,,,10.7,-2.88,2287.7,5.17,1965.0,-4.39,16.1,,,,,,,,,,,,,,,,
2026-06-24T23:20:04.052,HARSHA,,,429.2,,,387.13,452.47,20.67,25.16,industrials,engineering,5.52,0.05,-0.01,0.01,-0.05,,,8.44,4.04,7.41,,,,,,,,,,,,,,2026-06-24,,,,61.8,30.97,,,,,7.43,0.39,451.0,2.77,408.5,-3.21,5.46,,,,,,,,,,,,,,,,
2026-06-24T23:20:04.052,UNIVCABLES,,,1293.2,,,1180.94,1225.06,20.28,26.82,industrials,cables - power,-2.45,0.22,0.55,0.2,0.52,,,1.87,7.5,7.29,,,,,,,,,,,,,,2026-06-24,,,,58.84,36.87,,,,,15.63,-2.73,1391.0,4.43,1152.0,0.95,21.76,,,,,,,,,,,,,,,,
2026-06-24T23:20:04.052,SATIN,,,239.31,,,230.46,233.76,4.06,7.7,financials,finance & investments,-1.13,0.5,0.55,0.46,0.51,,,0.72,5.27,7.28,,,,,,,,,,,,,,2026-06-24,,,,58.67,36.13,,,,,5.33,-1.64,244.47,1.87,227.86,-2.69,18.25,,,,,,,,,,,,,,,,
2026-06-24T23:20:04.052,GRINDWELL,,,2128.4,,,1916.21,2129.99,49.64,56.68,industrials,abrasives and grinding wheels,1.84,0.18,0.22,0.13,0.16,,,5.58,3.5,7.25,,,,,,,,,,,,,,2026-06-24,,,,70.79,39.33,,,,,7.61,-0.54,2177.0,3.67,1951.4,-3.27,14.58,,,,,,,,,,,,,,,,
2026-06-24T23:20:04.052,MARINE,,,275.15,,,241.55,251.75,51.72,65.08,industrials,electric equipment,1.55,0.12,0.1,0.11,0.09,,,2.11,5.61,6.77,,,,,,,,,,,,,,2026-06-24,,,,55.18,29.86,,,,,20.78,-1.07,297.9,0.55,245.3,-2.25,10.0,,,,,,,,,,,,,,,,
2026-06-24T23:20:04.052,MSPL,,,42.11,,,40.15,44.07,7.02,73.03,metals & mining,steel - medium / small,3.36,0.07,0.09,0.05,0.07,,,4.88,4.19,6.61,,,,,,,,,,,,,,2026-06-24,,,,61.32,17.07,,,,,9.52,-1.12,46.12,1.47,41.5,-2.3,11.21,,,,,,,,,,,,,,,,
2026-06-24T23:20:04.052,GNFC,,,558.0,,,489.64,530.26,5.18,10.18,chemicals,chemicals,3.92,-0.04,-0.02,-0.07,-0.03,,,4.15,3.22,5.36,,,,,,,,,,,,,,2026-06-24,,,,55.61,18.77,,,,,20.8,0.6,616.0,0.22,508.85,-0.76,6.94,,,,,,,,,,,,,,,,
2026-06-24T23:20:04.052,AMBIKCO,,,1770.5,,,1613.12,1658.88,10.33,13.28,textiles,textiles - cotton/blended,0.75,0.18,0.08,0.18,0.06,,,1.42,4.06,5.13,,,,,,,,,,,,,,2026-06-24,,,,56.63,29.28,,,,,11.02,-1.53,1816.3,0.66,1625.2,-0.76,8.05,,,,,,,,,,,,,,,,
2026-06-24T23:20:04.052,SURYODAY,,,173.47,,,165.49,178.29,9.27,12.01,bank,banks - private sector,2.62,0.17,0.24,0.16,0.23,,,3.86,4.06,4.75,,,,,,,,,,,,,,2026-06-24,,,,59.14,37.5,,,,,3.6,-3.08,178.08,1.21,169.83,-2.27,9.31,,,,,,,,,,,,,,,,
2026-06-24T23:20:04.052,VISHNU,,,616.35,,,585.05,619.35,23.74,29.11,chemicals,chemicals,1.1,0.13,0.21,0.11,0.18,,,2.93,3.82,4.71,,,,,,,,,,,,,,2026-06-24,,,,54.14,17.78,,,,,6.28,-1.36,640.0,1.81,591.5,-1.73,4.5,,,,,,,,,,,,,,,,
2026-06-24T23:20:04.052,USHAMART,,,465.8,,,491.26,498.64,24.01,30.76,metals & mining,steel - medium / small,0.01,0.06,0.07,0.03,0.05,,,0.75,3.46,4.54,,,,,,,,,,,,,,2026-06-24,,,,55.79,21.07,,,,,2.11,-7.06,505.4,0.74,491.3,-1.78,7.22,,,,,,,,,,,,,,,,
2026-06-24T23:20:04.052,VBL,,,506.7,,,524.59,557.41,49.1,53.65,fmcg,food - processing - indian,0.5,0.04,0.16,0.01,0.12,,,3.13,2.66,4.54,,,,,,,,,,,,,,2026-06-24,,,,63.39,17.52,,,,,2.74,-7.03,555.8,2.62,527.2,-2.7,4.93,,,,,,,,,,,,,,,,
2026-06-24T23:20:04.052,KIRLPNU,,,1909.2,,,1579.47,1678.93,21.56,50.61,industrials,compressors / drilling equipment,2.56,0.45,0.28,0.42,0.26,,,3.15,4.14,4.32,,,,,,,,,,,,,,2026-06-24,,,,59.0,26.46,,,,,34.86,-0.25,2197.1,0.57,1619.9,-1.25,6.75,,,,,,,,,,,,,,,,
2026-06-24T23:20:04.052,GRASIM,,,3127.9,,,3107.73,3221.27,27.09,42.94,textiles,textiles - manmade,0.75,0.04,0.1,0.03,0.08,,,1.83,1.96,3.9,,,,,,,,,,,,,,2026-06-24,,,,67.07,18.06,,,,,1.12,-2.13,3200.0,1.07,3131.0,-1.65,8.15,,,,,,,,,,,,,,,,
2026-06-24T23:20:04.052,CUMMINSIND,,,5555.5,,,5672.55,5835.45,59.28,67.32,industrials,engines,-0.75,0.17,0.4,0.13,0.37,,,1.44,2.9,3.84,,,,,,,,,,,,,,2026-06-24,,,,60.24,22.67,,,,,2.68,-3.8,5908.0,2.2,5630.0,-2.49,8.01,,,,,,,,,,,,,,,,
2026-06-24T23:20:04.052,STARHEALTH,,,574.3,,,519.02,538.28,75.97,61.63,financials,finance & investments,0.39,0.05,0.12,0.01,0.1,,,1.85,2.5,2.12,,,,,,,,,,,,,,2026-06-24,,,,58.69,30.42,,,,,13.0,-1.64,597.4,1.46,521.05,0.08,3.11,,,,,,,,,,,,,,,,
2026-06-23T05:51:24.016,STEELXIND,,,13.23,,,11.93,12.77,33.08,57.52,metals & mining,steel - medium / small,-14.47,0.41,0.2,0.41,0.12,,,3.55,6.76,20.84,,,,,,,,,,,,,,2026-06-23,,,2.34,48.33,21.31,,,,,,,,2.66,12.03,-10.49,,12.96,-2.02,13.95,17.31,,,,,,,,,,,,
2026-06-23T05:51:24.016,ATALREAL,,,30.35,,,28.07,32.87,15.81,72.26,realty,construction,-2.32,0.15,0.39,0.15,0.35,,,8.53,7.7,10.8,,,,,,,,,,,,,,2026-06-23,,,1.87,51.66,27.41,,,,,,,,1.7,29.96,-11.24,,5.02,-2.86,32.0,9.89,,,,,,,,,,,,
2026-06-23T05:51:24.016,AVL,,,636.25,,,517.08,617.72,94.12,69.99,consumer discretionary,trading,-0.14,0.03,-0.02,0.03,-0.07,,,9.73,4.57,9.94,,,,,,,,,,,,,,2026-06-23,,,2.1,44.97,14.6,,,,,,,,3.63,547.55,-8.35,,14.21,-0.04,648.05,4.68,,,,,,,,,,,,
2026-06-23T05:51:24.016,KENNAMET,,,3138.6,,,2749.0,3215.2,33.56,49.81,industrials,castings & forgings,-1.76,0.03,0.33,0.03,0.24,,,8.48,4.17,9.22,,,,,,,,,,,,,,2026-06-23,,,0.9,44.61,16.77,,,,,,,,5.08,2838.0,-8.9,,5.97,-2.37,3160.0,8.86,,,,,,,,,,,,
2026-06-23T05:51:24.016,SKYGOLD,,,506.7,,,516.07,551.23,23.29,28.17,consumer discretionary,diamond cutting / jewellery,-5.35,0.55,0.86,0.55,0.78,,,3.41,5.66,9.13,,,,,,,,,,,,,,2026-06-23,,,0.65,50.4,30.33,,,,,,,,3.54,515.4,-9.48,,2.27,-6.08,545.75,15.81,,,,,,,,,,,,
2026-06-23T05:51:24.016,BHAGYANGR,,,407.45,,,299.61,352.59,17.62,25.97,power & utilities,power generation and supply,1.14,1.38,2.3,1.38,2.15,,,8.84,5.61,8.88,,,,,,,,,,,,,,2026-06-23,,,0.2,54.65,27.4,,,,,,,,0.37,324.9,-8.95,,24.95,0.0,407.45,14.26,,,,,,,,,,,,
2026-06-23T05:51:24.016,WELSPUNLIV,,,161.75,,,140.22,149.64,37.44,70.94,textiles,textiles - products,-5.65,-0.03,0.17,-0.03,0.12,,,3.36,3.42,8.69,,,,,,,,,,,,,,2026-06-23,,,1.51,44.87,16.75,,,,,,,,3.89,139.5,-7.13,,14.19,-0.22,165.5,7.29,,,,,,,,,,,,
2026-06-23T05:51:24.016,CHENNPETRO,,,1116.5,,,1158.2,1263.0,2.92,5.36,energy,refineries,-0.03,0.21,0.55,0.21,0.46,,,4.52,4.78,8.55,,,,,,,,,,,,,,2026-06-23,,,1.12,56.27,24.05,,,,,,,,4.81,1155.0,-9.04,,0.41,-9.79,1225.8,13.18,,,,,,,,,,,,
2026-06-23T05:51:24.016,HNDFDS,,,550.2,,,522.71,592.69,40.1,45.51,fmcg,diversified - large,-0.86,-0.05,0.01,-0.05,-0.04,,,6.69,3.39,7.66,,,,,,,,,,,,,,2026-06-23,,,2.43,52.9,27.22,,,,,,,,4.9,531.65,-6.68,,2.02,-2.58,568.95,6.23,,,,,,,,,,,,
2026-06-23T05:51:24.016,CRAFTSMAN,,,9522.0,,,8925.7,9748.3,45.91,54.18,auto,auto ancillaries,-2.56,0.22,0.34,0.22,0.28,,,4.61,3.64,7.53,,,,,,,,,,,,,,2026-06-23,,,0.78,54.1,41.71,,,,,,,,3.86,8990.0,-7.29,,6.44,-1.33,9938.0,11.56,,,,,,,,,,,,
2026-06-23T05:51:24.016,INDOTECH,,,2813.6,,,2536.76,2816.24,31.22,32.21,industrials,electric equipment,-1.26,0.55,0.48,0.55,0.44,,,5.51,5.01,7.49,,,,,,,,,,,,,,2026-06-23,,,0.35,51.03,24.57,,,,,,,,2.94,2600.0,-8.77,,5.12,-5.85,2813.6,10.03,,,,,,,,,,,,
2026-06-23T05:51:24.016,HESTERBIO,,,2149.1,,,1978.4,2154.8,27.62,31.81,healthcare,pharmaceuticals - indian - formulations,-3.09,0.19,0.02,0.19,-0.03,,,4.46,4.7,7.41,,,,,,,,,,,,,,2026-06-23,,,1.0,59.94,61.97,,,,,,,,5.17,1965.0,-9.09,,5.25,-2.88,2175.0,16.1,,,,,,,,,,,,
2026-06-23T05:51:24.016,HARSHA,,,436.35,,,387.13,452.47,21.02,25.59,industrials,engineering,1.16,0.05,-0.01,0.05,-0.05,,,8.44,4.04,7.41,,,,,,,,,,,,,,2026-06-23,,,1.25,48.54,30.97,,,,,,,,2.77,408.5,-7.25,,7.43,0.39,451.0,5.46,,,,,,,,,,,,
2026-06-23T05:51:24.016,UNIVCABLES,,,1348.9,,,1180.94,1225.06,21.16,28.69,industrials,cables - power,-4.49,0.22,0.55,0.22,0.52,,,1.87,7.5,7.29,,,,,,,,,,,,,,2026-06-23,,,0.9,53.78,36.87,,,,,,,,4.43,1152.0,-6.55,,15.63,-2.73,1391.0,21.76,,,,,,,,,,,,
2026-06-23T05:51:24.016,SATIN,,,236.13,,,230.46,233.76,4.01,7.82,financials,finance & investments,-6.48,0.5,0.55,0.5,0.51,,,0.72,5.27,7.28,,,,,,,,,,,,,,2026-06-23,,,0.46,51.03,36.13,,,,,,,,1.87,227.86,-7.96,,3.83,-1.64,241.0,18.25,,,,,,,,,,,,
2026-06-23T05:51:24.016,GRINDWELL,,,2110.3,,,1916.21,2129.99,49.21,56.27,industrials,abrasives and grinding wheels,-1.81,0.18,0.22,0.18,0.16,,,5.58,3.5,7.25,,,,,,,,,,,,,,2026-06-23,,,0.83,58.47,39.33,,,,,,,,3.67,1951.4,-6.77,,6.31,-0.54,2150.8,14.58,,,,,,,,,,,,
2026-06-23T05:51:24.016,MARINE,,,269.9,,,241.55,251.75,50.73,63.96,industrials,electric equipment,-4.71,0.12,0.1,0.12,0.09,,,2.11,5.61,6.77,,,,,,,,,,,,,,2026-06-23,,,0.59,48.35,29.86,,,,,,,,0.55,245.3,-7.86,,10.97,-1.07,273.7,10.0,,,,,,,,,,,,
2026-06-23T05:51:24.016,MSPL,,,44.75,,,40.15,44.07,7.46,75.85,metals & mining,steel - medium / small,-2.53,0.07,0.09,0.07,0.07,,,4.88,4.19,6.61,,,,,,,,,,,,,,2026-06-23,,,2.64,49.32,17.07,,,,,,,,1.47,41.5,-6.5,,9.52,-1.12,46.12,11.21,,,,,,,,,,,,
2026-06-23T05:51:24.016,GNFC,,,581.5,,,489.64,530.26,5.4,10.58,chemicals,chemicals,-2.02,-0.04,-0.02,-0.04,-0.03,,,4.15,3.22,5.36,,,,,,,,,,,,,,2026-06-23,,,0.6,47.72,18.77,,,,,,,,0.22,508.85,-3.98,,20.8,0.6,616.0,6.94,,,,,,,,,,,,
2026-06-23T05:51:24.016,AMBIKCO,,,1680.6,,,1613.12,1658.88,9.81,13.44,textiles,textiles - cotton/blended,-4.07,0.18,0.08,0.18,0.06,,,1.42,4.06,5.13,,,,,,,,,,,,,,2026-06-23,,,1.57,50.83,29.28,,,,,,,,0.66,1625.2,-4.81,,4.28,-1.53,1706.1,8.05,,,,,,,,,,,,
2026-06-23T05:51:24.016,SURYODAY,,,175.17,,,165.49,178.29,9.36,12.25,bank,banks - private sector,-0.22,0.17,0.24,0.17,0.23,,,3.86,4.06,4.75,,,,,,,,,,,,,,2026-06-23,,,0.64,51.19,37.5,,,,,,,,1.21,169.83,-6.33,,3.6,-3.08,178.08,9.31,,,,,,,,,,,,
2026-06-23T05:51:24.016,VISHNU,,,631.4,,,585.05,619.35,24.32,29.81,chemicals,chemicals,-2.39,0.13,0.21,0.13,0.18,,,2.93,3.82,4.71,,,,,,,,,,,,,,2026-06-23,,,0.63,44.97,17.78,,,,,,,,1.81,591.5,-5.55,,5.78,-1.36,637.0,4.5,,,,,,,,,,,,
2026-06-23T05:51:24.016,USHAMART,,,480.65,,,491.26,498.64,24.78,31.41,metals & mining,steel - medium / small,-3.92,0.06,0.07,0.06,0.05,,,0.75,3.46,4.54,,,,,,,,,,,,,,2026-06-23,,,0.54,49.75,21.07,,,,,,,,0.74,491.3,-5.24,,2.11,-4.92,505.4,7.22,,,,,,,,,,,,
2026-06-23T05:51:24.016,VBL,,,512.95,,,524.59,557.41,49.7,54.57,fmcg,food - processing - indian,-1.42,0.04,0.16,0.04,0.12,,,3.13,2.66,4.54,,,,,,,,,,,,,,2026-06-23,,,1.1,52.89,17.52,,,,,,,,2.62,527.2,-5.36,,2.74,-6.82,555.8,4.93,,,,,,,,,,,,
2026-06-23T05:51:24.016,KIRLPNU,,,2091.5,,,1579.47,1678.93,23.62,53.38,industrials,compressors / drilling equipment,-1.29,0.45,0.28,0.45,0.26,,,3.15,4.14,4.32,,,,,,,,,,,,,,2026-06-23,,,0.43,53.07,26.46,,,,,,,,0.57,1619.9,-5.39,,34.86,-0.25,2197.1,6.75,,,,,,,,,,,,
2026-06-23T05:51:24.016,GRASIM,,,3175.2,,,3107.73,3221.27,27.5,43.37,textiles,textiles - manmade,-2.24,0.04,0.1,0.04,0.08,,,1.83,1.96,3.9,,,,,,,,,,,,,,2026-06-23,,,1.14,59.42,18.06,,,,,,,,1.07,3131.0,-3.61,,1.12,-1.75,3200.0,8.15,,,,,,,,,,,,
2026-06-23T05:51:24.016,CUMMINSIND,,,5764.0,,,5672.55,5835.45,61.5,67.65,industrials,engines,-2.36,0.17,0.4,0.17,0.37,,,1.44,2.9,3.84,,,,,,,,,,,,,,2026-06-23,,,0.73,52.73,22.67,,,,,,,,2.2,5630.0,-5.39,,2.68,-2.03,5908.0,8.01,,,,,,,,,,,,
2026-06-23T05:51:24.016,STARHEALTH,,,581.9,,,519.02,538.28,76.97,61.45,financials,finance & investments,-0.28,0.05,0.12,0.05,0.1,,,1.85,2.5,2.12,,,,,,,,,,,,,,2026-06-23,,,0.46,51.37,30.42,,,,,,,,1.46,521.05,-2.42,,12.7,-1.64,595.8,3.11,,,,,,,,,,,,
2026-06-22T21:30:27.099,STEELXIND,,,13.23,,,11.93,12.77,33.08,58.22,metals & mining,steel - medium / small,-14.47,0.41,0.2,0.41,0.12,,,3.55,6.76,20.84,,,,,,,,,,,,,,2026-06-22,,,2.34,48.33,21.31,,,,,,,,2.66,12.03,-10.49,,12.96,-2.02,13.95,17.31,,,,,,,,,,,,
2026-06-22T21:30:27.099,ATALREAL,,,30.35,,,28.07,32.87,15.81,73.14,realty,construction,-2.32,0.15,0.39,0.15,0.35,,,8.53,7.7,10.8,,,,,,,,,,,,,,2026-06-22,,,1.87,51.66,27.41,,,,,,,,1.7,29.96,-11.24,,5.02,-2.86,32.0,9.89,,,,,,,,,,,,
2026-06-22T21:30:27.099,AVL,,,636.25,,,517.08,617.72,94.12,69.3,consumer discretionary,trading,-0.14,0.03,-0.02,0.03,-0.07,,,9.73,4.57,9.94,,,,,,,,,,,,,,2026-06-22,,,2.1,44.97,14.6,,,,,,,,3.63,547.55,-8.35,,14.21,-0.04,648.05,4.68,,,,,,,,,,,,
2026-06-22T21:30:27.099,KENNAMET,,,3138.6,,,2749.0,3215.2,33.56,47.6,industrials,castings & forgings,-1.76,0.03,0.33,0.03,0.24,,,8.48,4.17,9.22,,,,,,,,,,,,,,2026-06-22,,,0.9,44.61,16.77,,,,,,,,5.08,2838.0,-8.9,,5.97,-2.37,3160.0,8.86,,,,,,,,,,,,
2026-06-22T21:30:27.099,SKYGOLD,,,506.7,,,516.07,551.23,23.29,28.32,consumer discretionary,diamond cutting / jewellery,-5.35,0.55,0.86,0.55,0.78,,,3.41,5.66,9.13,,,,,,,,,,,,,,2026-06-22,,,0.65,50.4,30.33,,,,,,,,3.54,515.4,-9.48,,2.27,-6.08,545.75,15.81,,,,,,,,,,,,
2026-06-22T21:30:27.099,BHAGYANGR,,,407.45,,,299.61,352.59,17.62,24.73,power & utilities,power generation and supply,1.14,1.38,2.3,1.38,2.15,,,8.84,5.61,8.88,,,,,,,,,,,,,,2026-06-22,,,0.2,54.65,27.4,,,,,,,,0.37,324.9,-8.95,,24.95,0.0,407.45,14.26,,,,,,,,,,,,
2026-06-22T21:30:27.099,WELSPUNLIV,,,161.75,,,140.22,149.64,37.44,71.15,textiles,textiles - products,-5.65,-0.03,0.17,-0.03,0.12,,,3.36,3.42,8.69,,,,,,,,,,,,,,2026-06-22,,,1.51,44.87,16.75,,,,,,,,3.89,139.5,-7.13,,14.19,-0.22,165.5,7.29,,,,,,,,,,,,
2026-06-22T21:30:27.099,CHENNPETRO,,,1116.5,,,1158.2,1263.0,2.92,5.27,energy,refineries,-0.03,0.21,0.55,0.21,0.46,,,4.52,4.78,8.55,,,,,,,,,,,,,,2026-06-22,,,1.12,56.27,24.05,,,,,,,,4.81,1155.0,-9.04,,0.41,-9.79,1225.8,13.18,,,,,,,,,,,,
2026-06-22T21:30:27.099,HNDFDS,,,550.2,,,522.71,592.69,40.1,45.11,fmcg,diversified - large,-0.86,-0.05,0.01,-0.05,-0.04,,,6.69,3.39,7.66,,,,,,,,,,,,,,2026-06-22,,,2.43,52.9,27.22,,,,,,,,4.9,531.65,-6.68,,2.02,-2.58,568.95,6.23,,,,,,,,,,,,
2026-06-22T21:30:27.099,CRAFTSMAN,,,9522.0,,,8925.7,9748.3,45.91,55.8,auto,auto ancillaries,-2.56,0.22,0.34,0.22,0.28,,,4.61,3.64,7.53,,,,,,,,,,,,,,2026-06-22,,,0.78,54.1,41.71,,,,,,,,3.86,8990.0,-7.29,,6.44,-1.33,9938.0,11.56,,,,,,,,,,,,
2026-06-22T21:30:27.099,INDOTECH,,,2813.6,,,2536.76,2816.24,31.22,30.67,industrials,electric equipment,-1.26,0.55,0.48,0.55,0.44,,,5.51,5.01,7.49,,,,,,,,,,,,,,2026-06-22,,,0.35,51.03,24.57,,,,,,,,2.94,2600.0,-8.77,,5.12,-5.85,2813.6,10.03,,,,,,,,,,,,
2026-06-22T21:30:27.099,HESTERBIO,,,2149.1,,,1978.4,2154.8,27.62,30.73,healthcare,pharmaceuticals - indian - formulations,-3.09,0.19,0.02,0.19,-0.03,,,4.46,4.7,7.41,,,,,,,,,,,,,,2026-06-22,,,1.0,59.94,61.97,,,,,,,,5.17,1965.0,-9.09,,5.25,-2.88,2175.0,16.1,,,,,,,,,,,,
2026-06-22T21:30:27.099,HARSHA,,,436.35,,,387.13,452.47,21.02,25.28,industrials,engineering,1.16,0.05,-0.01,0.05,-0.05,,,8.44,4.04,7.41,,,,,,,,,,,,,,2026-06-22,,,1.25,48.54,30.97,,,,,,,,2.77,408.5,-7.25,,7.43,0.39,451.0,5.46,,,,,,,,,,,,
2026-06-22T21:30:27.099,UNIVCABLES,,,1348.9,,,1180.94,1225.06,21.16,27.09,industrials,cables - power,-4.49,0.22,0.55,0.22,0.52,,,1.87,7.5,7.29,,,,,,,,,,,,,,2026-06-22,,,0.9,53.78,36.87,,,,,,,,4.43,1152.0,-6.55,,15.63,-2.73,1391.0,21.76,,,,,,,,,,,,
2026-06-22T21:30:27.099,SATIN,,,236.13,,,230.46,233.76,4.01,7.8,financials,finance & investments,-6.48,0.5,0.55,0.5,0.51,,,0.72,5.27,7.28,,,,,,,,,,,,,,2026-06-22,,,0.46,51.03,36.13,,,,,,,,1.87,227.86,-7.96,,3.83,-1.64,241.0,18.25,,,,,,,,,,,,
2026-06-22T21:30:27.099,GRINDWELL,,,2110.3,,,1916.21,2129.99,49.21,56.98,industrials,abrasives and grinding wheels,-1.81,0.18,0.22,0.18,0.16,,,5.58,3.5,7.25,,,,,,,,,,,,,,2026-06-22,,,0.83,58.47,39.33,,,,,,,,3.67,1951.4,-6.77,,6.31,-0.54,2150.8,14.58,,,,,,,,,,,,
2026-06-22T21:30:27.099,MARINE,,,269.9,,,241.55,251.75,50.73,61.24,industrials,electric equipment,-4.71,0.12,0.1,0.12,0.09,,,2.11,5.61,6.77,,,,,,,,,,,,,,2026-06-22,,,0.59,48.35,29.86,,,,,,,,0.55,245.3,-7.86,,10.97,-1.07,273.7,10.0,,,,,,,,,,,,
2026-06-22T21:30:27.099,MSPL,,,44.75,,,40.15,44.07,7.46,75.12,metals & mining,steel - medium / small,-2.53,0.07,0.09,0.07,0.07,,,4.88,4.19,6.61,,,,,,,,,,,,,,2026-06-22,,,2.64,49.32,17.07,,,,,,,,1.47,41.5,-6.5,,9.52,-1.12,46.12,11.21,,,,,,,,,,,,
2026-06-22T21:30:27.099,GNFC,,,581.5,,,489.64,530.26,5.4,10.33,chemicals,chemicals,-2.02,-0.04,-0.02,-0.04,-0.03,,,4.15,3.22,5.36,,,,,,,,,,,,,,2026-06-22,,,0.6,47.72,18.77,,,,,,,,0.22,508.85,-3.98,,20.8,0.6,616.0,6.94,,,,,,,,,,,,
2026-06-22T21:30:27.099,AMBIKCO,,,1680.6,,,1613.12,1658.88,9.81,13.43,textiles,textiles - cotton/blended,-4.07,0.18,0.08,0.18,0.06,,,1.42,4.06,5.13,,,,,,,,,,,,,,2026-06-22,,,1.57,50.83,29.28,,,,,,,,0.66,1625.2,-4.81,,4.28,-1.53,1706.1,8.05,,,,,,,,,,,,
2026-06-22T21:30:27.099,SURYODAY,,,175.17,,,165.49,178.29,9.36,12.24,bank,banks - private sector,-0.22,0.17,0.24,0.17,0.23,,,3.86,4.06,4.75,,,,,,,,,,,,,,2026-06-22,,,0.64,51.19,37.5,,,,,,,,1.21,169.83,-6.33,,3.6,-3.08,178.08,9.31,,,,,,,,,,,,
2026-06-22T21:30:27.099,VISHNU,,,631.4,,,585.05,619.35,24.32,28.38,chemicals,chemicals,-2.39,0.13,0.21,0.13,0.18,,,2.93,3.82,4.71,,,,,,,,,,,,,,2026-06-22,,,0.63,44.97,17.78,,,,,,,,1.81,591.5,-5.55,,5.78,-1.36,637.0,4.5,,,,,,,,,,,,
2026-06-22T21:30:27.099,USHAMART,,,480.65,,,491.26,498.64,24.78,31.11,metals & mining,steel - medium / small,-3.92,0.06,0.07,0.06,0.05,,,0.75,3.46,4.54,,,,,,,,,,,,,,2026-06-22,,,0.54,49.75,21.07,,,,,,,,0.74,491.3,-5.24,,2.11,-4.92,505.4,7.22,,,,,,,,,,,,
2026-06-22T21:30:27.099,VBL,,,512.95,,,524.59,557.41,49.7,56.33,fmcg,food - processing - indian,-1.42,0.04,0.16,0.04,0.12,,,3.13,2.66,4.54,,,,,,,,,,,,,,2026-06-22,,,1.1,52.89,17.52,,,,,,,,2.62,527.2,-5.36,,2.74,-6.82,555.8,4.93,,,,,,,,,,,,
2026-06-22T21:30:27.099,KIRLPNU,,,2091.5,,,1579.47,1678.93,23.62,49.77,industrials,compressors / drilling equipment,-1.29,0.45,0.28,0.45,0.26,,,3.15,4.14,4.32,,,,,,,,,,,,,,2026-06-22,,,0.43,53.07,26.46,,,,,,,,0.57,1619.9,-5.39,,34.86,-0.25,2197.1,6.75,,,,,,,,,,,,
2026-06-22T21:30:27.099,GRASIM,,,3175.2,,,3107.73,3221.27,27.5,43.01,textiles,textiles - manmade,-2.24,0.04,0.1,0.04,0.08,,,1.83,1.96,3.9,,,,,,,,,,,,,,2026-06-22,,,1.14,59.42,18.06,,,,,,,,1.07,3131.0,-3.61,,1.12,-1.75,3200.0,8.15,,,,,,,,,,,,
2026-06-22T21:30:27.099,CUMMINSIND,,,5764.0,,,5672.55,5835.45,61.5,68.84,industrials,engines,-2.36,0.17,0.4,0.17,0.37,,,1.44,2.9,3.84,,,,,,,,,,,,,,2026-06-22,,,0.73,52.73,22.67,,,,,,,,2.2,5630.0,-5.39,,2.68,-2.03,5908.0,8.01,,,,,,,,,,,,
2026-06-22T21:30:27.099,STARHEALTH,,,581.9,,,519.02,538.28,76.97,61.27,financials,finance & investments,-0.28,0.05,0.12,0.05,0.1,,,1.85,2.5,2.12,,,,,,,,,,,,,,2026-06-22,,,0.46,51.37,30.42,,,,,,,,1.46,521.05,-2.42,,12.7,-1.64,595.8,3.11,,,,,,,,,,,,
2026-06-09T11:51:44.0,IIFL,509.3,491.55,498.2,1.29,467.01,484.23,526.13,9.03,12.59,financials,finance & investments,3.31,-0.19,0.06,-0.21,0.05,3.94,3.94,3.61,4.41,1.67,37.38,21.98,4.26,4.26,1.7,31.0,20917.87,0.42,-0.23,1.84,30.25,3.19614908e8,425289575,2026-06-09,,,,,,,,,,,,,,,,,,,,,,,,,,,,,,,,
2026-06-09T11:51:44.0,ANANTRAJ,552.9,535.55,538.9,0.3,502.9,526.4,563.9,32.23,33.56,realty,construction,3.73,-0.06,-0.19,-0.09,-0.19,4.03,4.03,3.24,4.85,1.39,36.8,26.15,4.33,4.33,1.41,46.78,19336.19,2.38,1.13,1.51,12.81,1.53279607e8,359876930,2026-06-09,,,,,,,,,,,,,,,,,,,,,,,,,,,,,,,,
2026-06-09T11:51:44.0,GMRAIRPORT,102.37,100.78,101.72,1.4,96.89,97.19,110.78,87.69,590.12,miscellaneous,miscellaneous,4.21,-0.1,0.06,-0.11,0.05,2.47,2.47,1.58,3.3,1.82,5.64,3.35,3.12,3.12,1.68,37.45,105927.65,2.54,0.69,1.78,28.03,3.555596046e9,10558975952,2026-06-09,,,,,,,,,,,,,,,,,,,,,,,,,,,,,,,,
2026-06-09T11:51:44.0,ENGINERSIN,242.37,236.38,237.11,-0.94,221.72,220.54,270.25,17.08,19.46,realty,engineering - turnkey services,5.9,0.08,0.11,0.09,0.12,4.4,4.4,2.53,4.13,2.13,5.28,9.8,4.51,4.51,0.54,19.9,13453.61,3.26,3.18,0.55,7.45,2.73583789e8,562042373,2026-06-09,,,,,,,,,,,,,,,,,,,,,,,,,,,,,,,,
2026-06-09T11:51:44.0,AMBER,7800.0,7687.0,7696.5,-0.69,7241.29,7172.65,8744.2,50.58,150.22,consumer discretionary,air-conditioners,6.85,0.08,-0.1,0.05,-0.1,2.56,2.56,1.47,3.48,1.42,113.67,268.11,4.35,4.35,0.42,23.01,27273.54,3.47,2.13,0.43,3.54,2.175843e7,35191667,2026-06-09,,,,,,,,,,,,,,,,,,,,,,,,,,,,,,,,
2026-06-09T11:51:44.0,RBLBANK,354.75,345.95,352.85,2.29,336.78,341.56,375.43,22.28,24.06,bank,banks - private sector,1.48,0.06,0.26,0.06,0.23,3.34,3.34,2.54,2.97,2.78,25.7,10.47,3.08,3.08,2.45,28.29,21321.75,3.56,2.76,2.65,65.92,6.18111404e8,618111404,2026-06-09,,,,,,,,,,,,,,,,,,,,,,,,,,,,,,,,
2026-06-09T11:51:44.0,BELRISE,233.39,221.28,231.81,7.46,219.91,211.92,271.6,37.88,35.31,auto,auto ancillaries,0.13,0.33,0.43,0.21,0.33,10.87,10.87,5.47,3.63,10.12,21.4,8.41,3.6,3.6,2.54,492.66,19196.47,3.88,3.76,2.8,125.16,2.98495928e8,889879192,2026-06-09,,,,,,,,,,,,,,,,,,,,,,,,,,,,,,,,
2026-06-09T11:51:44.0,SAMMAANCAP,179.8,175.81,177.73,0.57,167.74,177.88,177.43,-0.45,-2.02,financials,finance - housing,2.24,0.1,0.2,0.08,0.2,2.34,2.34,2.27,4.12,1.16,23.94,7.32,4.43,4.43,3.27,32.19,20530.44,4.01,1.14,3.78,26.25,1.161683871e9,1161683871,2026-06-09,,,,,,,,,,,,,,,,,,,,,,,,,,,,,,,,
2026-06-09T11:51:44.0,TIINDIA,3159.6,3060.1,3151.3,3.12,2986.54,3049.55,3354.8,178.24,92.83,industrials,steel - large,0.16,0.09,-0.09,0.03,-0.11,4.42,4.42,3.25,3.46,4.14,255.68,108.9,3.93,3.93,2.35,75.57,59151.69,4.42,4.22,2.56,83.74,1.08303602e8,193552869,2026-06-09,,,,,,,,,,,,,,,,,,,,,,,,,,,,,,,,
2026-06-09T11:51:44.0,ZENTEC,1816.0,1746.5,1804.9,2.95,1689.98,1665.18,2084.35,128.55,81.46,aerospace & defence,miscellaneous,7.33,0.2,0.09,0.17,0.06,4.81,4.81,3.98,4.6,4.17,217.5,83.05,4.45,4.45,2.62,53.51,15828.8,4.42,3.98,2.98,70.32,4.6486527e7,90290356,2026-06-09,,,,,,,,,,,,,,,,,,,,,,,,,,,,,,,,
2026-06-09T11:51:44.0,ITDC,603.0,587.15,596.45,-0.54,551.09,543.61,702.14,45.19,62.4,services,hotels,12.89,-0.02,-0.09,-0.02,-0.08,2.7,2.7,2.7,6.2,1.58,46.69,36.99,4.31,4.31,1.26,22.98,5143.59,4.73,1.16,1.37,25.14,1.1127719e7,85769400,2026-06-09,,,,,,,,,,,,,,,,,,,,,,,,,,,,,,,,
2026-06-09T11:51:44.0,KEI,5274.0,5181.5,5256.0,2.1,4996.27,5220.1,5327.8,44.18,53.57,industrials,cables - power,-2.11,0.16,0.21,0.13,0.19,3.27,3.27,1.79,3.15,2.92,388.26,165.3,3.14,3.14,2.35,15.95,49215.19,4.74,3.74,2.54,45.07,6.2139603e7,95600595,2026-06-09,,,,,,,,,,,,,,,,,,,,,,,,,,,,,,,,
2026-06-09T11:51:44.0,MOTHERSON,143.2,140.5,142.81,2.73,135.2,142.54,143.36,25.14,35.64,auto,auto ancillaries,-2.11,0.12,0.27,0.08,0.23,3.75,3.75,1.92,3.59,3.46,15.96,5.12,3.85,3.85,3.12,36.95,146717.31,4.83,2.8,3.51,45.09,5.425228487e9,10554442601,2026-06-09,,,,,,,,,,,,,,,,,,,,,,,,,,,,,,,,
2026-06-09T11:51:44.0,DATAPATTNS,4433.0,4156.3,4431.8,7.01,4121.42,3929.68,5436.04,44.84,85.44,aerospace & defence,electronics - components,5.46,0.48,0.5,0.31,0.4,8.75,8.75,6.66,4.79,8.72,640.47,212.49,5.45,5.45,3.01,127.19,23184.64,4.92,4.23,3.52,129.66,3.2241586e7,55983969,2026-06-09,,,,,,,,,,,,,,,,,,,,,,,,,,,,,,,,
2026-06-09T11:51:44.0,TITAGARH,854.0,839.1,842.3,0.5,793.2,813.56,899.79,53.04,66.63,industrials,engineering,2.83,-0.02,-0.15,-0.03,-0.15,4.09,4.09,1.78,3.95,2.66,85.81,33.26,4.11,4.11,2.58,13.04,11287.68,5.01,3.26,2.87,9.62,8.0186907e7,134673768,2026-06-09,,,,,,,,,,,,,,,,,,,,,,,,,,,,,,,,
2026-06-09T11:51:44.0,ENRIN,3577.7,3501.0,3548.7,1.36,3323.83,3657.52,3331.07,84.33,95.16,power & utilities,power generation and supply,-4.69,0.06,-0.0,0.03,-0.01,3.7,3.7,2.19,4.52,2.86,377.23,160.51,4.79,4.79,2.35,15.88,124677.79,5.13,5.09,2.63,29.72,8.9030592e7,356120505,2026-06-09,,,,,,,,,,,,,,,,,,,,,,,,,,,,,,,,
2026-06-09T11:51:44.0,GVT&D,4942.0,4781.5,4940.0,4.13,4592.68,4879.85,5060.29,89.88,98.48,industrials,electric equipment,-3.35,0.64,0.56,0.55,0.5,6.05,6.05,3.36,5.08,6.01,544.28,251.17,5.12,5.12,2.17,40.07,121468.48,5.19,4.79,2.44,63.1,1.25462802e8,256046535,2026-06-09,,,,,,,,,,,,,,,,,,,,,,,,,,,,,,,,
2026-06-09T11:51:44.0,NETWEB,4437.8,4276.9,4375.8,2.61,4006.49,4355.68,4416.04,88.01,117.48,i.t,computers - hardware,0.19,0.31,0.29,0.22,0.26,4.86,4.86,3.76,6.47,3.39,488.43,282.98,6.0,6.0,1.73,87.8,24282.36,5.84,5.33,1.94,34.95,1.8799145e7,56940687,2026-06-09,,,,,,,,,,,,,,,,,,,,,,,,,,,,,,,,
2026-06-09T11:51:44.0,CRAFTSMAN,9200.5,8900.0,8964.0,-0.13,8456.32,8862.96,9166.09,43.22,51.08,auto,auto ancillaries,0.71,0.16,0.28,0.17,0.28,3.71,3.71,3.38,3.89,1.04,946.98,348.46,3.81,3.81,2.72,31.6,21412.77,5.89,4.91,3.04,18.37,1.223757e7,23855583,2026-06-09,,,,,,,,,,,,,,,,,,,,,,,,,,,,,,,,
2026-06-09T11:51:44.0,EXIDEIND,393.9,387.8,391.2,1.37,372.12,385.18,403.24,38.66,38.4,auto,auto ancillaries,2.15,-0.05,-0.09,-0.07,-0.1,2.55,2.55,1.57,3.35,1.85,44.81,13.11,3.12,3.12,3.42,14.89,32801.5,6.61,4.34,3.86,25.93,4.59045334e8,850000000,2026-06-09,,,,,,,,,,,,,,,,,,,,,,,,,,,,,,,,
2026-06-09T11:51:44.0,TRITURBINE,679.0,662.95,667.8,0.63,619.06,702.13,599.14,52.01,60.33,industrials,electric equipment,-6.78,0.13,0.2,0.13,0.2,3.76,3.76,2.42,5.05,2.05,92.62,33.72,5.85,5.85,2.75,4.94,21095.51,6.79,6.32,3.19,14.38,1.40388205e8,317894979,2026-06-09,,,,,,,,,,,,,,,,,,,,,,,,,,,,,,,,
2026-06-09T11:51:44.0,CGPOWER,921.0,905.3,913.65,1.13,869.76,904.68,931.58,98.45,117.17,industrials,electric equipment,0.31,0.27,0.13,0.25,0.12,2.9,2.9,1.73,3.33,2.08,101.6,30.47,3.31,3.31,3.33,39.1,142278.39,7.11,6.43,3.75,27.41,6.87256288e8,1574921249,2026-06-09,,,,,,,,,,,,,,,,,,,,,,,,,,,,,,,,
2026-06-09T11:51:44.0,NEULANDLAB,17348.0,16906.0,17190.0,1.33,16275.51,16715.64,18138.72,25.93,59.8,healthcare,pharmaceuticals - indian - bulk drugs,-1.98,-0.06,0.07,-0.09,0.06,5.77,5.77,2.61,3.21,4.81,1690.4,552.48,3.95,3.95,3.06,31.81,21764.62,7.27,6.5,3.39,51.4,8.642905e6,12829889,2026-06-09,,,,,,,,,,,,,,,,,,,,,,,,,,,,,,,,
2026-06-09T11:51:44.0,HSCL,667.6,647.4,661.7,-0.82,612.62,604.4,776.3,41.56,44.24,chemicals,chemicals,7.96,0.28,0.37,0.32,0.38,5.33,5.33,3.12,5.48,6.01,104.92,36.28,5.79,5.79,2.89,64.11,33663.02,7.4,6.86,3.44,39.42,2.39682297e8,504541599,2026-06-09,,,,,,,,,,,,,,,,,,,,,,,,,,,,,,,,
2026-06-09T11:51:44.0,DIACABS,204.85,198.77,200.41,1.09,184.11,195.21,210.8,43.57,66.08,industrials,cables - power,0.9,0.28,0.2,0.27,0.19,4.25,4.25,3.06,5.89,4.58,34.15,11.81,6.09,6.09,2.89,29.32,10446.67,7.54,6.98,3.49,13.89,8.419711e7,526971060,2026-06-09,,,,,,,,,,,,,,,,,,,,,,,,,,,,,,,,
2026-06-09T11:51:44.0,SPARC,207.8,204.0,205.16,0.77,185.79,215.37,184.73,0.95,4.25,healthcare,miscellaneous,-5.75,0.24,0.38,0.22,0.38,3.33,3.33,1.86,6.53,2.02,41.72,13.4,7.63,7.63,3.11,8.99,6607.26,7.57,6.38,3.91,8.65,1.11406493e8,324521588,2026-06-09,,,,,,,,,,,,,,,,,,,,,,,,,,,,,,,,
2026-06-09T11:51:44.0,AZAD,2207.9,2160.8,2180.0,0.19,2033.61,2010.6,2518.81,97.85,106.03,aerospace & defence,engineering,7.48,0.23,0.27,0.22,0.26,4.29,4.29,2.18,4.32,2.98,221.72,94.25,4.99,4.99,2.35,26.48,14051.7,8.65,6.29,2.62,20.37,2.8517503e7,64581743,2026-06-09,,,,,,,,,,,,,,,,,,,,,,,,,,,,,,,,
2026-06-09T11:51:44.0,WOCKPHARMA,1978.0,1880.1,1890.0,-0.15,1716.61,1931.68,1806.64,46.19,144.28,healthcare,pharmaceuticals - indian - bulk drugs & formln,-1.18,0.28,0.21,0.3,0.22,6.57,6.57,5.21,7.54,1.83,350.76,142.56,6.24,6.24,2.46,55.45,30758.14,9.59,6.37,3.02,6.94,8.2733321e7,162492169,2026-06-09,,,,,,,,,,,,,,,,,,,,,,,,,,,,,,,,
2026-05-12T17:51:32.416,M&MFIN,337.4,325.3,326.95,-3.0,306.84,316.16,348.53,12.11,16.2,financials,finance & investments,6.6,-0.04,0.2,-0.02,0.24,3.72,3.72,3.72,4.15,0.97,6.25,13.57,3.67,3.67,0.46,59.56,46848.98,-1.4,-3.01,0.47,12.16,6.60388561e8,1389971160,2026-05-12,,,,,,,,,,,,,,,,,,,,,,,,,,,,,,,,
2026-05-12T17:51:32.416,UNOMINDA,1173.9,1136.2,1145.0,-2.4,1087.01,1127.83,1179.35,59.64,59.34,auto,auto ancillaries,3.01,-0.2,-0.13,-0.13,-0.1,3.32,3.32,3.32,3.26,0.77,43.26,37.37,3.28,3.28,1.16,55.33,67737.35,1.68,0.16,1.2,23.55,1.82660981e8,577421816,2026-05-12,,,,,,,,,,,,,,,,,,,,,,,,,,,,,,,,
2026-05-12T17:51:32.416,PAYTM,1196.6,1150.3,1154.6,-3.51,1091.42,1134.05,1195.7,100.57,138.5,i.t,miscellaneous,3.78,-0.2,-0.12,-0.19,-0.08,4.03,4.03,4.03,3.72,0.37,68.53,42.94,3.13,3.13,1.6,50.77,76587.87,1.77,0.9,1.7,10.01,6.40045681e8,640045681,2026-05-12,,,,,,,,,,,,,,,,,,,,,,,,,,,,,,,,
2026-05-12T17:51:32.416,ABCAPITAL,354.0,340.0,341.2,-3.33,323.03,354.92,313.76,19.79,24.51,financials,finance & investments,-0.6,-0.06,0.15,-0.05,0.19,4.12,4.12,4.12,3.51,0.35,8.74,11.99,3.09,3.09,0.73,31.57,92459.0,1.87,1.77,0.75,10.01,8.24806142e8,2619606094,2026-05-12,,,,,,,,,,,,,,,,,,,,,,,,,,,,,,,,
2026-05-12T17:51:32.416,MANAPPURAM,307.75,292.05,293.2,-4.01,278.23,307.25,265.11,15.37,26.04,financials,finance & investments,0.21,-0.03,0.06,0.03,0.11,5.38,5.38,5.38,3.54,0.39,17.72,10.37,3.21,3.21,1.71,60.0,28692.02,2.3,1.4,1.82,11.09,6.40935088e8,939336102,2026-05-12,,,,,,,,,,,,,,,,,,,,,,,,,,,,,,,,
2026-05-12T17:51:32.416,HINDCOPPER,592.3,560.35,564.2,-1.52,531.19,551.41,589.79,87.07,83.76,metals & mining,mining / minerals / metals,2.54,0.54,1.29,0.57,1.33,5.7,5.7,5.7,3.64,0.91,32.23,20.53,3.1,3.1,1.57,137.87,55400.81,2.59,0.15,1.67,18.75,3.27410647e8,967024020,2026-05-12,,,,,,,,,,,,,,,,,,,,,,,,,,,,,,,,
2026-05-12T17:51:32.416,GRSE,2941.0,2778.2,2791.3,-5.11,2570.42,3001.51,2370.89,26.36,45.05,aerospace & defence,miscellaneous,-2.24,-0.04,0.06,0.05,0.12,5.86,5.86,5.86,5.59,0.47,249.93,156.07,4.97,4.97,1.6,59.34,33696.62,4.11,2.99,1.76,8.39,2.921076e7,114552000,2026-05-12,,,,,,,,,,,,,,,,,,,,,,,,,,,,,,,,
2026-05-12T17:51:32.416,NAVINFLUOR,7070.0,6912.5,6950.5,-1.71,6635.68,6921.26,7008.97,41.88,54.25,chemicals,chemicals,2.29,0.07,0.34,0.08,0.36,2.28,2.28,2.28,2.72,0.55,573.92,189.28,3.1,3.1,3.03,43.76,36240.43,4.18,3.54,3.31,20.08,3.735685e7,51248574,2026-05-12,,,,,,,,,,,,,,,,,,,,,,,,,,,,,,,,
2026-05-12T17:51:32.416,JBMA,711.2,645.15,657.05,-3.61,614.42,630.6,709.94,70.5,76.33,auto,auto ancillaries,4.09,-0.04,-0.01,-0.02,0.03,10.24,10.24,10.24,4.81,6.66,78.18,31.63,3.84,3.84,2.47,191.51,16120.63,4.34,1.43,2.81,37.62,7.6785978e7,236494264,2026-05-12,,,,,,,,,,,,,,,,,,,,,,,,,,,,,,,,
2026-05-12T17:51:32.416,SONACOMS,604.6,582.6,584.1,-1.59,553.02,588.05,576.2,47.26,57.57,auto,auto ancillaries,-3.96,0.11,0.26,0.11,0.28,6.35,6.35,3.78,3.62,2.74,44.08,21.17,3.57,3.57,2.08,162.0,36909.72,4.6,4.47,2.25,7.09,4.47636235e8,621846890,2026-05-12,,,,,,,,,,,,,,,,,,,,,,,,,,,,,,,,
2026-05-12T17:51:32.416,CRAFTSMAN,9054.0,8601.0,8688.0,-1.34,8165.75,8078.55,9906.9,41.89,50.11,auto,auto ancillaries,11.72,0.18,0.23,0.19,0.25,5.27,5.27,5.27,5.09,1.01,1236.64,442.22,4.01,4.01,2.8,155.76,21007.23,4.61,1.78,3.26,19.67,1.223757e7,23855583,2026-05-12,,,,,,,,,,,,,,,,,,,,,,,,,,,,,,,,
2026-05-12T17:51:32.416,DELHIVERY,482.6,462.8,464.7,-3.02,442.3,465.41,463.27,219.2,234.88,transportation,miscellaneous,0.98,0.0,-0.05,0.02,-0.02,4.28,4.28,4.28,3.25,0.41,22.05,15.1,3.16,3.16,1.46,114.52,35869.56,4.62,3.98,1.53,12.59,7.48608108e8,748608108,2026-05-12,,,,,,,,,,,,,,,,,,,,,,,,,,,,,,,,
2026-05-12T17:51:32.416,HBLENGINE,834.8,777.4,782.25,-5.72,735.13,830.56,685.63,24.6,28.88,auto,auto ancillaries,-0.45,-0.34,-0.06,-0.23,0.0,7.38,7.38,7.38,4.17,0.62,57.08,32.59,3.75,3.75,1.75,119.87,22998.86,4.64,2.64,1.89,14.88,1.13342637e8,277194946,2026-05-12,,,,,,,,,,,,,,,,,,,,,,,,,,,,,,,,
2026-05-12T17:51:32.416,GMDCLTD,677.65,640.1,643.1,-3.03,594.1,708.81,511.67,38.46,21.32,metals & mining,mining / minerals / metals,-9.48,-0.01,0.46,0.01,0.5,5.87,5.87,5.87,5.2,0.47,27.29,33.45,5.66,5.66,0.82,63.22,21089.76,5.47,5.36,0.85,8.97,8.268e7,318000000,2026-05-12,,,,,,,,,,,,,,,,,,,,,,,,,,,,,,,,
2026-05-12T17:51:32.416,NLCINDIA,334.5,306.4,308.1,-6.55,288.77,322.94,278.42,14.76,16.58,power & utilities,power generation and supply,1.09,0.08,0.27,0.17,0.36,9.17,9.17,9.17,4.56,0.56,27.59,14.06,4.51,4.51,1.96,108.28,45717.41,5.85,5.52,2.16,12.09,3.85480047e8,1386636609,2026-05-12,,,,,,,,,,,,,,,,,,,,,,,,,,,,,,,,
2026-05-12T17:51:32.416,CHENNPETRO,1057.8,1003.4,1009.7,-3.97,929.16,1066.67,895.75,2.64,5.05,energy,refineries,-2.2,-0.07,0.48,-0.05,0.54,5.42,5.42,5.42,5.0,0.63,4.12,50.53,5.13,5.13,0.08,27.45,15656.54,5.88,5.69,0.08,12.47,4.87133e7,148911400,2026-05-12,,,,,,,,,,,,,,,,,,,,,,,,,,,,,,,,
2026-05-12T17:51:32.416,ZYDUSWELL,542.0,501.1,506.65,-1.05,473.93,499.06,521.82,-101.33,11.58,fmcg,food - processing - indian,1.72,0.01,0.23,0.04,0.24,8.16,8.16,8.16,4.25,1.11,51.84,21.55,4.36,4.36,2.41,69.13,16291.24,6.2,4.91,2.68,25.76,9.6606235e7,318157280,2026-05-12,,,,,,,,,,,,,,,,,,,,,,,,,,,,,,,,
2026-05-12T17:51:32.416,ANGELONE,315.95,296.95,299.1,-5.71,281.4,324.37,248.55,21.24,4.59,financials,finance & investments,-3.5,0.06,0.15,0.11,0.22,6.4,6.4,6.4,4.11,0.72,32.77,12.28,3.71,3.71,2.67,80.92,28892.45,6.23,5.38,3.0,17.51,6.4857718e8,910859230,2026-05-12,,,,,,,,,,,,,,,,,,,,,,,,,,,,,,,,
2026-05-12T17:51:32.416,RPSGVENT,1080.3,977.5,998.65,-2.94,901.09,877.77,1240.4,-7.41,-36.38,i.t,computers - software - medium / small,20.83,0.1,0.06,0.12,0.09,10.52,10.52,10.52,7.21,3.8,189.06,72.05,6.5,6.5,2.62,21.63,3404.26,6.92,3.31,3.24,29.36,1.2073284e7,33086409,2026-05-12,,,,,,,,,,,,,,,,,,,,,,,,,,,,,,,,
2026-05-12T17:51:32.416,SCI,350.85,322.95,325.35,-4.49,300.37,324.85,326.35,9.36,11.73,transportation,shipping,5.04,0.18,0.45,0.17,0.52,8.64,8.64,8.64,6.11,2.07,60.21,19.86,6.21,6.21,3.03,136.19,15867.44,7.2,5.6,3.72,12.08,1.68856033e8,465799010,2026-05-12,,,,,,,,,,,,,,,,,,,,,,,,,,,,,,,,
2026-05-12T17:51:32.416,TIINDIA,3057.3,2931.3,2954.0,-1.28,2799.86,2996.37,2869.26,86.17,96.8,industrials,steel - large,-0.86,-0.09,-0.07,-0.08,-0.06,4.3,4.3,4.3,3.41,0.77,214.41,100.61,3.59,3.59,2.13,84.63,57914.89,7.37,7.33,2.3,22.56,1.08303602e8,193552869,2026-05-12,,,,,,,,,,,,,,,,,,,,,,,,,,,,,,,,
2026-05-12T17:51:32.416,JINDALSAW,239.5,228.43,229.63,-3.55,214.15,241.37,206.14,26.21,15.58,industrials,steel - large,-2.25,0.24,0.09,0.32,0.13,4.85,4.85,4.85,4.45,0.53,23.69,10.22,4.81,4.81,2.32,19.83,15225.41,7.48,6.17,2.59,11.74,2.35047484e8,639508234,2026-05-12,,,,,,,,,,,,,,,,,,,,,,,,,,,,,,,,
2026-05-12T17:51:32.416,SOLARINDS,16280.0,15533.0,15585.0,-4.17,14868.24,15911.1,14932.8,79.02,101.35,aerospace & defence,chemicals,0.62,0.07,0.02,0.1,0.06,4.81,4.81,4.81,2.99,0.34,1233.64,466.14,3.0,3.0,2.65,65.25,147163.98,7.5,6.07,2.87,11.16,2.4298784e7,90490055,2026-05-12,,,,,,,,,,,,,,,,,,,,,,,,,,,,,,,,
2026-05-12T17:51:32.416,ATHERENERG,974.95,917.0,924.25,-4.66,853.82,926.02,920.71,-88.19,-69.49,auto,automobiles - scooters and 3 - wheelers,-0.7,0.36,1.14,0.35,1.25,6.32,6.32,6.32,5.49,2.34,116.99,50.7,5.73,5.73,2.31,114.81,37098.25,8.17,7.8,2.64,14.3,2.26664448e8,382673164,2026-05-12,,,,,,,,,,,,,,,,,,,,,,,,,,,,,,,,
2026-05-12T17:51:32.416,VEDL,309.9,298.1,305.05,2.23,287.74,292.49,330.17,4.45,6.7,metals & mining,mining / minerals / metals,2.36,0.5,0.83,0.46,0.8,5.34,5.34,3.96,4.21,3.69,39.87,12.85,4.08,4.08,3.1,94.9,116685.98,8.26,5.75,3.57,54.07,1.705520308e9,3910388057,2026-05-12,,,,,,,,,,,,,,,,,,,,,,,,,,,,,,,,
2026-05-12T17:51:32.416,GALLANTT,910.0,803.35,817.1,-8.11,740.96,891.39,668.52,40.13,44.31,metals & mining,steel - medium / small,-5.35,0.15,0.28,0.47,0.4,13.28,13.28,13.28,7.11,1.71,138.68,58.07,7.43,7.43,2.39,26.02,21455.91,8.6,8.23,2.88,23.68,7.2386883e7,241280945,2026-05-12,,,,,,,,,,,,,,,,,,,,,,,,,,,,,,,,
2026-05-12T17:51:32.416,NATCOPHARM,1226.8,1176.0,1181.9,-2.0,1121.67,1125.77,1294.15,34.93,13.87,healthcare,pharmaceuticals - indian - bulk drugs & formln,3.03,0.36,0.29,0.37,0.32,7.6,7.6,4.32,3.68,3.66,139.5,43.48,3.39,3.39,3.21,49.62,21600.65,10.58,8.84,3.64,13.57,9.0479744e7,179109870,2026-05-12,,,,,,,,,,,,,,,,,,,,,,,,,,,,,,,,
2026-05-12T17:51:32.416,AEROFLEX,401.95,361.3,365.25,-8.37,327.95,346.56,402.62,67.14,92.91,metals & mining,steel - medium / small,23.0,0.81,0.95,0.96,1.13,11.25,11.25,11.25,9.2,1.09,92.77,33.6,7.62,7.62,2.76,120.03,5274.7,11.52,10.31,3.7,11.76,4.5694105e7,132330768,2026-05-12,,,,,,,,,,,,,,,,,,,,,,,,,,,,,,,,
2026-04-09T06:44:43.844,PAYTM,1116.35,1056.3,1112.95,8.22,1041.16,975.38,1388.09,79.04,-412.2,i.t,miscellaneous,4.02,-0.17,0.02,-0.23,-0.05,10.93,10.93,5.68,4.75,13.91,15.81,52.91,4.18,,0.3,123.84,71177.52,-0.9,-0.99,0.3,107.06,6.39539256e8,639539256,2026-04-09,,,,,,,,,,,,,,,,,,,,,,,,,,,,,,,,
2026-04-09T06:44:43.844,HBLENGINE,723.0,696.6,718.35,5.55,669.1,632.39,890.26,22.59,25.0,auto,auto ancillaries,7.26,-0.24,0.17,-0.28,0.11,8.1,8.1,3.79,4.77,11.32,11.29,34.24,4.4,,0.33,129.41,19912.3,1.41,-0.5,0.34,63.52,1.13342637e8,277194946,2026-04-09,,,,,,,,,,,,,,,,,,,,,,,,,,,,,,,,
2026-04-09T06:44:43.844,GMRAIRPORT,96.5,93.85,95.82,5.38,90.19,84.73,117.99,199.63,-273.77,miscellaneous,miscellaneous,5.97,-0.0,0.01,-0.06,-0.04,8.37,8.37,2.82,4.28,9.63,1.37,4.1,3.83,,0.34,93.66,101176.11,1.77,0.95,0.34,48.08,3.564696146e9,10558975952,2026-04-09,,,,,,,,,,,,,,,,,,,,,,,,,,,,,,,,
2026-04-09T06:44:43.844,ADANIPORTS,1505.7,1449.0,1453.3,5.24,1375.77,1299.37,1761.17,25.88,25.18,transportation,miscellaneous,6.3,-0.04,-0.01,-0.1,-0.06,10.03,10.03,3.91,3.97,7.8,5.32,57.77,3.07,,0.09,252.0,334834.38,2.04,1.81,0.09,7.44,7.3676286e8,2303959098,2026-04-09,,,,,,,,,,,,,,,,,,,,,,,,,,,,,,,,
2026-04-09T06:44:43.844,HEG,573.0,555.5,564.75,3.69,525.33,510.74,672.77,13.17,28.58,industrials,electrodes - graphites,9.28,0.02,0.01,-0.04,-0.03,5.47,5.47,3.15,4.91,4.38,27.89,27.75,4.61,,1.0,55.93,10898.41,3.0,2.73,1.06,33.33,8.4657365e7,192977530,2026-04-09,,,,,,,,,,,,,,,,,,,,,,,,,,,,,,,,
2026-04-09T06:44:43.844,ZYDUSWELL,507.15,472.0,481.9,-2.96,444.57,449.81,546.08,-96.38,10.9,fmcg,food - processing - indian,13.3,-0.01,0.13,0.0,0.17,7.45,7.45,7.45,6.59,7.75,66.61,31.74,6.33,,2.1,90.07,15332.17,3.75,3.74,2.44,31.19,9.6609675e7,318160720,2026-04-09,,,,,,,,,,,,,,,,,,,,,,,,,,,,,,,,
2026-04-09T06:44:43.844,TVSMOTOR,3736.0,3573.9,3701.4,6.65,3520.04,3293.02,4518.16,52.25,60.75,auto,automobiles - motorcycles / mopeds,4.09,-0.03,0.28,-0.1,0.2,9.56,9.56,4.54,3.57,8.54,39.41,132.26,3.17,,0.3,167.42,175848.74,3.83,3.08,0.3,96.4,2.36274328e8,475087114,2026-04-09,,,,,,,,,,,,,,,,,,,,,,,,,,,,,,,,
2026-04-09T06:44:43.844,ADANIGREEN,1046.6,967.95,1029.65,11.27,965.74,826.66,1435.63,-677.4,120.01,power & utilities,power generation and supply,13.33,-0.11,-0.02,-0.2,-0.12,15.0,15.0,8.13,4.97,20.28,126.58,51.2,4.41,,2.47,369.66,169601.49,3.85,0.24,2.82,120.5,6.18779519e8,1647176155,2026-04-09,,,,,,,,,,,,,,,,,,,,,,,,,,,,,,,,
2026-04-09T06:44:43.844,NYKAA,256.29,250.7,254.07,2.47,241.23,232.43,297.36,288.72,518.51,i.t,trading,6.62,-0.11,0.12,-0.11,0.09,4.89,4.89,2.23,3.55,4.42,0.74,9.02,3.29,,0.08,61.81,72728.14,4.0,2.92,0.08,37.35,1.371131614e9,2862523756,2026-04-09,,,,,,,,,,,,,,,,,,,,,,,,,,,,,,,,
2026-04-09T06:44:43.844,CUPID,92.91,88.09,91.84,6.37,85.22,81.41,112.7,18.82,29.53,fmcg,personal care - indian,7.65,0.97,2.0,0.81,1.82,8.34,8.34,5.47,4.76,7.09,8.89,4.37,5.37,,2.03,77.1,12349.36,4.33,4.08,2.25,85.8,7.25671153e8,1344660700,2026-04-09,,,,,,,,,,,,,,,,,,,,,,,,,,,,,,,,
2026-04-09T06:44:43.844,NMDC,84.3,82.6,82.91,1.43,78.83,76.43,95.87,10.36,10.56,metals & mining,mining / minerals / metals,6.71,0.0,0.11,-0.02,0.1,4.56,4.56,2.06,3.25,6.27,2.55,2.69,3.15,,0.95,83.68,72892.96,4.41,4.09,0.98,11.51,3.446916837e9,8791817550,2026-04-09,,,,,,,,,,,,,,,,,,,,,,,,,,,,,,,,
2026-04-09T06:44:43.844,GMDCLTD,609.0,596.75,600.25,1.21,562.64,565.87,669.01,35.9,19.3,metals & mining,mining / minerals / metals,6.4,-0.05,0.27,-0.11,0.26,3.22,3.22,2.05,3.95,4.54,31.31,23.68,4.26,,1.32,49.72,19087.95,4.54,4.48,1.4,14.78,8.268e7,318000000,2026-04-09,,,,,,,,,,,,,,,,,,,,,,,,,,,,,,,,
2026-04-09T06:44:43.844,LAURUSLABS,1092.25,1072.1,1082.45,2.36,1025.98,985.78,1275.78,57.95,69.21,healthcare,pharmaceuticals - indian - bulk drugs & formln,8.05,0.16,0.27,0.12,0.24,4.52,4.52,1.88,3.56,6.72,72.07,38.54,3.63,,1.87,89.64,58436.78,4.83,3.47,2.0,26.86,3.91424864e8,539856582,2026-04-09,,,,,,,,,,,,,,,,,,,,,,,,,,,,,,,,
2026-04-09T06:44:43.844,ADANIENSOL,1084.85,1014.05,1073.3,8.83,1007.83,942.76,1334.37,58.33,57.06,power & utilities,power generation and supply,3.5,0.08,0.2,-0.03,0.1,11.27,11.27,6.98,4.64,14.66,92.84,49.8,4.28,,1.86,237.21,128933.67,5.04,4.05,2.04,118.99,3.46049255e8,1201282642,2026-04-09,,,,,,,,,,,,,,,,,,,,,,,,,,,,,,,,
2026-04-09T06:44:43.844,GUJALKALI,600.0,580.0,587.6,1.39,533.8,579.14,604.52,-54.01,-502.22,chemicals,chemicals,1.13,-0.03,-0.05,-0.06,-0.07,6.73,6.73,3.45,7.35,4.53,98.42,43.16,8.42,,2.28,38.24,4315.15,5.08,3.43,2.74,17.61,3.9450618e7,73436928,2026-04-09,,,,,,,,,,,,,,,,,,,,,,,,,,,,,,,,
2026-04-09T06:44:43.844,LT,4032.0,3931.0,4005.9,7.59,3795.6,3368.2,5281.3,42.85,33.89,realty,engineering - turnkey services,11.06,-0.01,0.12,-0.09,0.04,10.22,10.22,2.57,3.95,11.99,97.86,158.4,3.27,,0.62,206.7,551043.94,5.5,3.41,0.63,47.29,1.375580872e9,1375580872,2026-04-09,,,,,,,,,,,,,,,,,,,,,,,,,,,,,,,,
2026-04-09T06:44:43.844,WAAREEENER,3150.0,3088.2,3125.0,1.34,2947.65,3116.8,3141.41,21.14,27.46,industrials,electric equipment,-1.01,-0.15,-0.03,-0.18,-0.04,3.39,3.39,2.0,3.53,3.1,200.57,110.3,4.01,,1.82,85.27,89887.78,6.03,5.96,1.94,33.36,1.02908792e8,287640905,2026-04-09,,,,,,,,,,,,,,,,,,,,,,,,,,,,,,,,
2026-04-09T06:44:43.844,POLYCAB,7648.5,7442.0,7600.5,5.17,7191.31,6579.99,9641.53,46.01,43.55,industrials,cables - power,5.76,-0.08,0.06,-0.13,0.01,10.17,10.17,2.77,3.9,11.49,74.47,296.06,3.79,,0.25,154.29,114416.77,6.34,5.34,0.25,53.54,5.7955631e7,150538473,2026-04-09,,,,,,,,,,,,,,,,,,,,,,,,,,,,,,,,
2026-04-09T06:44:43.844,ADANIPOWER,174.35,166.21,169.31,3.64,159.98,156.27,195.4,32.81,9.37,power & utilities,power generation and supply,5.7,0.03,0.39,-0.02,0.34,7.89,7.89,4.9,4.1,5.13,23.05,6.95,4.27,,3.32,226.81,326509.17,6.37,5.73,3.84,44.63,4.82906787e9,19284694705,2026-04-09,,,,,,,,,,,,,,,,,,,,,,,,,,,,,,,,
2026-04-09T06:44:43.844,SYRMA,848.8,825.0,844.6,4.47,789.39,770.97,991.87,39.62,55.46,consumer discretionary,electronics - components,5.96,-0.09,0.15,-0.1,0.1,6.1,6.1,2.88,4.34,7.01,47.17,36.65,4.39,,1.29,62.54,16286.46,6.45,5.25,1.36,53.47,1.10451462e8,192830485,2026-04-09,,,,,,,,,,,,,,,,,,,,,,,,,,,,,,,,
2026-04-09T06:44:43.844,DMART,4538.5,4355.0,4368.8,-2.18,4167.31,4050.3,5005.79,83.06,99.22,consumer discretionary,trading,14.45,-0.07,0.05,-0.05,0.07,4.21,4.21,4.21,3.69,0.36,473.14,161.06,3.5,,2.94,193.08,284292.26,7.0,6.83,3.29,8.57,1.64943912e8,650733068,2026-04-09,,,,,,,,,,,,,,,,,,,,,,,,,,,,,,,,
2026-04-09T06:44:43.844,QPOWER,916.0,875.1,908.2,5.98,837.35,818.44,1087.72,45.14,65.06,industrials,electric equipment,6.09,-0.19,0.02,-0.25,-0.04,7.64,7.64,4.67,5.33,6.72,102.97,48.38,5.05,,2.13,101.99,7033.47,7.44,7.11,2.4,68.42,2.020464e7,77444100,2026-04-09,,,,,,,,,,,,,,,,,,,,,,,,,,,,,,,,
2026-04-09T06:44:43.844,CGPOWER,730.55,705.9,726.3,4.67,687.41,658.03,862.84,100.32,101.3,industrials,electric equipment,2.0,-0.11,0.03,-0.15,-0.02,8.83,8.83,3.49,3.75,8.2,47.17,27.21,3.57,,1.73,77.54,114382.63,7.62,6.97,1.85,74.97,6.87202648e8,1574867609,2026-04-09,,,,,,,,,,,,,,,,,,,,,,,,,,,,,,,,
2026-04-09T06:44:43.844,DATAPATTNS,3325.9,3256.7,3280.8,2.23,3031.86,3035.53,3771.34,78.71,74.33,aerospace & defence,electronics - components,0.73,0.07,0.13,0.03,0.11,7.69,7.69,2.12,5.01,9.43,286.49,164.44,5.18,,1.74,43.39,18367.22,8.83,8.54,1.91,14.66,3.2241586e7,55983969,2026-04-09,,,,,,,,,,,,,,,,,,,,,,,,,,,,,,,,
2026-04-09T06:44:43.844,KRN,954.75,931.0,951.8,5.87,879.5,845.74,1163.91,65.19,87.0,industrials,engineering,4.34,0.04,0.08,-0.01,0.02,8.49,8.49,2.55,5.1,12.61,130.49,48.58,4.76,,2.69,41.14,5916.07,10.81,8.82,3.11,42.82,1.815662e7,62156600,2026-04-09,,,,,,,,,,,,,,,,,,,,,,,,,,,,,,,,
2026-04-09T06:44:43.844,APARINDS,10569.0,10336.5,10489.0,3.32,9725.86,9491.6,12483.79,50.42,43.28,industrials,electric equipment,5.23,0.13,0.1,0.1,0.07,7.46,7.46,2.25,5.03,8.4,877.98,527.49,5.24,,1.66,55.05,42132.55,11.13,9.14,1.82,28.91,1.6964012e7,40168315,2026-04-09,,,,,,,,,,,,,,,,,,,,,,,,,,,,,,,,
2026-04-09T06:44:43.844,ABB,6584.5,6370.0,6565.0,4.72,6258.55,6084.66,7525.68,80.34,83.38,industrials,electric equipment,-0.1,0.16,0.1,0.1,0.05,8.27,8.27,3.37,3.32,7.95,638.67,217.98,3.12,,2.93,135.55,139117.85,11.21,10.23,3.25,89.46,5.2977094e7,211908375,2026-04-09,,,,,,,,,,,,,,,,,,,,,,,,,,,,,,,,
2026-04-09T06:44:43.844,MTARTECH,4198.9,3963.8,4140.4,5.45,3844.64,3456.28,5508.65,91.76,200.6,aerospace & defence,engineering,7.12,0.94,1.61,0.84,1.48,16.24,16.24,5.93,5.13,17.49,660.68,212.43,5.14,,3.11,171.7,12735.7,11.81,11.42,3.7,83.13,2.134861e7,30759591,2026-04-09,,,,,,,,,,,,,,,,,,,,,,,,,,,,,,,,
2026-04-08T23:25:08.75,PAYTM,1116.35,1056.3,1112.95,8.22,1041.16,975.38,1388.09,79.04,-380.91,i.t,miscellaneous,4.02,-0.17,0.02,-0.23,-0.05,10.93,10.93,5.68,4.75,13.91,15.81,52.91,4.18,,0.3,123.84,65773.41,-0.9,-0.99,0.3,107.06,6.39539256e8,639539256,2026-04-08,,,,,,,,,,,,,,,,,,,,,,,,,,,,,,,,
2026-04-08T23:25:08.75,HBLENGINE,723.0,696.6,718.35,5.55,669.1,632.39,890.26,22.59,23.69,auto,auto ancillaries,7.26,-0.24,0.17,-0.28,0.11,8.1,8.1,3.79,4.77,11.32,11.29,34.24,4.4,,0.33,129.41,18865.89,1.41,-0.5,0.34,63.52,1.13342637e8,277194946,2026-04-08,,,,,,,,,,,,,,,,,,,,,,,,,,,,,,,,
2026-04-08T23:25:08.75,GMRAIRPORT,96.5,93.85,95.82,5.38,90.19,84.73,117.99,199.63,-259.8,miscellaneous,miscellaneous,5.97,-0.0,0.01,-0.06,-0.04,8.37,8.37,2.82,4.28,9.63,1.37,4.1,3.83,,0.34,93.66,96012.77,1.77,0.95,0.34,48.08,3.564696146e9,10558975952,2026-04-08,,,,,,,,,,,,,,,,,,,,,,,,,,,,,,,,
2026-04-08T23:25:08.75,ADANIPORTS,1505.7,1449.0,1453.3,5.24,1375.77,1299.37,1761.17,25.88,23.93,transportation,miscellaneous,6.3,-0.04,-0.01,-0.1,-0.06,10.03,10.03,3.91,3.97,7.8,5.32,57.77,3.07,,0.09,252.0,318176.75,2.04,1.81,0.09,7.44,7.3676286e8,2303959098,2026-04-08,,,,,,,,,,,,,,,,,,,,,,,,,,,,,,,,
2026-04-08T23:25:08.75,HEG,573.0,555.5,564.75,3.69,525.33,510.74,672.77,13.17,27.56,industrials,electrodes - graphites,9.28,0.02,0.01,-0.04,-0.03,5.47,5.47,3.15,4.91,4.38,27.89,27.75,4.61,,1.0,55.93,10510.52,3.0,2.73,1.06,33.33,8.4657365e7,192977530,2026-04-08,,,,,,,,,,,,,,,,,,,,,,,,,,,,,,,,
2026-04-08T23:25:08.75,ZYDUSWELL,507.15,472.0,481.9,-2.96,444.57,449.81,546.08,-96.38,11.24,fmcg,food - processing - indian,13.3,-0.01,0.13,0.0,0.17,7.45,7.45,7.45,6.59,7.75,66.61,31.74,6.33,,2.1,90.07,15799.86,3.75,3.74,2.44,31.19,9.6609675e7,318160720,2026-04-08,,,,,,,,,,,,,,,,,,,,,,,,,,,,,,,,
2026-04-08T23:25:08.75,TVSMOTOR,3736.0,3573.9,3701.4,6.65,3520.04,3293.02,4518.16,52.25,56.96,auto,automobiles - motorcycles / mopeds,4.09,-0.03,0.28,-0.1,0.2,9.56,9.56,4.54,3.57,8.54,39.41,132.26,3.17,,0.3,167.42,164883.73,3.83,3.08,0.3,96.4,2.36274328e8,475087114,2026-04-08,,,,,,,,,,,,,,,,,,,,,,,,,,,,,,,,
2026-04-08T23:25:08.75,ADANIGREEN,1046.6,967.95,1029.65,11.27,965.74,826.66,1435.63,-677.4,107.85,power & utilities,power generation and supply,13.33,-0.11,-0.02,-0.2,-0.12,15.0,15.0,8.13,4.97,20.28,126.58,51.2,4.41,,2.47,369.66,152421.45,3.85,0.24,2.82,120.5,6.18779519e8,1647176155,2026-04-08,,,,,,,,,,,,,,,,,,,,,,,,,,,,,,,,
2026-04-08T23:25:08.75,NYKAA,256.29,250.7,254.07,2.47,241.23,232.43,297.36,288.72,506.0,i.t,trading,6.62,-0.11,0.12,-0.11,0.09,4.89,4.89,2.23,3.55,4.42,0.74,9.02,3.29,,0.08,61.81,70973.41,4.0,2.92,0.08,37.35,1.371131614e9,2862523756,2026-04-08,,,,,,,,,,,,,,,,,,,,,,,,,,,,,,,,
2026-04-08T23:25:08.75,CUPID,92.91,88.09,91.84,6.37,85.22,81.41,112.7,18.82,27.76,fmcg,personal care - indian,7.65,0.97,2.0,0.81,1.82,8.34,8.34,5.47,4.76,7.09,8.89,4.37,5.37,,2.03,77.1,11609.8,4.33,4.08,2.25,85.8,7.26812475e8,1344660700,2026-04-08,,,,,,,,,,,,,,,,,,,,,,,,,,,,,,,,
2026-04-08T23:25:08.75,NMDC,84.3,82.6,82.91,1.43,78.83,76.43,95.87,10.36,10.41,metals & mining,mining / minerals / metals,6.71,0.0,0.11,-0.02,0.1,4.56,4.56,2.06,3.25,6.27,2.55,2.69,3.15,,0.95,83.68,71864.32,4.41,4.09,0.98,11.51,3.446916837e9,8791817550,2026-04-08,,,,,,,,,,,,,,,,,,,,,,,,,,,,,,,,
2026-04-08T23:25:08.75,GMDCLTD,609.0,596.75,600.25,1.21,562.64,565.87,669.01,35.9,19.07,metals & mining,mining / minerals / metals,6.4,-0.05,0.27,-0.11,0.26,3.22,3.22,2.05,3.95,4.54,31.31,23.68,4.26,,1.32,49.72,18860.58,4.54,4.48,1.4,14.78,8.268e7,318000000,2026-04-08,,,,,,,,,,,,,,,,,,,,,,,,,,,,,,,,
2026-04-08T23:25:08.75,LAURUSLABS,1092.25,1072.1,1082.45,2.36,1025.98,985.78,1275.78,57.95,67.61,healthcare,pharmaceuticals - indian - bulk drugs & formln,8.05,0.16,0.27,0.12,0.24,4.52,4.52,1.88,3.56,6.72,72.07,38.54,3.63,,1.87,89.64,57087.13,4.83,3.47,2.0,26.86,3.91424864e8,539856582,2026-04-08,,,,,,,,,,,,,,,,,,,,,,,,,,,,,,,,
2026-04-08T23:25:08.75,ADANIENSOL,1084.85,1014.05,1073.3,8.83,1007.83,942.76,1334.37,58.33,52.43,power & utilities,power generation and supply,3.5,0.08,0.2,-0.03,0.1,11.27,11.27,6.98,4.64,14.66,92.84,49.8,4.28,,1.86,237.21,118476.5,5.04,4.05,2.04,118.99,3.46049255e8,1201282642,2026-04-08,,,,,,,,,,,,,,,,,,,,,,,,,,,,,,,,
2026-04-08T23:25:08.75,GUJALKALI,600.0,580.0,587.6,1.39,533.8,579.14,604.52,-54.01,-495.34,chemicals,chemicals,1.13,-0.03,-0.05,-0.06,-0.07,6.73,6.73,3.45,7.35,4.53,98.42,43.16,8.42,,2.28,38.24,4256.04,5.08,3.43,2.74,17.61,3.9450618e7,73436928,2026-04-08,,,,,,,,,,,,,,,,,,,,,,,,,,,,,,,,
2026-04-08T23:25:08.75,LT,4032.0,3931.0,4005.9,7.59,3795.6,3368.2,5281.3,42.85,31.5,realty,engineering - turnkey services,11.06,-0.01,0.12,-0.09,0.04,10.22,10.22,2.57,3.95,11.99,97.86,158.4,3.27,,0.62,206.7,512170.03,5.5,3.41,0.63,47.29,1.375580872e9,1375580872,2026-04-08,,,,,,,,,,,,,,,,,,,,,,,,,,,,,,,,
2026-04-08T23:25:08.75,WAAREEENER,3150.0,3088.2,3125.0,1.34,2947.65,3116.8,3141.41,21.14,27.1,industrials,electric equipment,-1.01,-0.15,-0.03,-0.18,-0.04,3.39,3.39,2.0,3.53,3.1,200.57,110.3,4.01,,1.82,85.27,88702.7,6.03,5.96,1.94,33.36,1.02908792e8,287640905,2026-04-08,,,,,,,,,,,,,,,,,,,,,,,,,,,,,,,,
2026-04-08T23:25:08.75,POLYCAB,7648.5,7442.0,7600.5,5.17,7191.31,6579.99,9641.53,46.01,41.41,industrials,cables - power,5.76,-0.08,0.06,-0.13,0.01,10.17,10.17,2.77,3.9,11.49,74.47,296.06,3.79,,0.25,154.29,108794.15,6.34,5.34,0.25,53.54,5.7955631e7,150538473,2026-04-08,,,,,,,,,,,,,,,,,,,,,,,,,,,,,,,,
2026-04-08T23:25:08.75,ADANIPOWER,174.35,166.21,169.31,3.64,159.98,156.27,195.4,32.81,9.05,power & utilities,power generation and supply,5.7,0.03,0.39,-0.02,0.34,7.89,7.89,4.9,4.1,5.13,23.05,6.95,4.27,,3.32,226.81,315034.77,6.37,5.73,3.84,44.63,4.82906787e9,19284694705,2026-04-08,,,,,,,,,,,,,,,,,,,,,,,,,,,,,,,,
2026-04-08T23:25:08.75,SYRMA,848.8,825.0,844.6,4.47,789.39,770.97,991.87,39.62,53.08,consumer discretionary,electronics - components,5.96,-0.09,0.15,-0.1,0.1,6.1,6.1,2.88,4.34,7.01,47.17,36.65,4.39,,1.29,62.54,15589.38,6.45,5.25,1.36,53.47,1.10451462e8,192830485,2026-04-08,,,,,,,,,,,,,,,,,,,,,,,,,,,,,,,,
2026-04-08T23:25:08.75,DMART,4538.5,4355.0,4368.8,-2.18,4167.31,4050.3,5005.79,83.06,101.43,consumer discretionary,trading,14.45,-0.07,0.05,-0.05,0.07,4.21,4.21,4.21,3.69,0.36,473.14,161.06,3.5,,2.94,193.08,290617.39,7.0,6.83,3.29,8.57,1.64943912e8,650733068,2026-04-08,,,,,,,,,,,,,,,,,,,,,,,,,,,,,,,,
2026-04-08T23:25:08.75,QPOWER,916.0,875.1,908.2,5.98,837.35,818.44,1087.72,45.14,61.39,industrials,electric equipment,6.09,-0.19,0.02,-0.25,-0.04,7.64,7.64,4.67,5.33,6.72,102.97,48.38,5.05,,2.13,101.99,6636.57,7.44,7.11,2.4,68.42,2.020464e7,77444100,2026-04-08,,,,,,,,,,,,,,,,,,,,,,,,,,,,,,,,
2026-04-08T23:25:08.75,CGPOWER,730.55,705.9,726.3,4.67,687.41,658.03,862.84,100.32,96.78,industrials,electric equipment,2.0,-0.11,0.03,-0.15,-0.02,8.83,8.83,3.49,3.75,8.2,47.17,27.21,3.57,,1.73,77.54,109280.06,7.62,6.97,1.85,74.97,6.87202648e8,1574867609,2026-04-08,,,,,,,,,,,,,,,,,,,,,,,,,,,,,,,,
2026-04-08T23:25:08.75,DATAPATTNS,3325.9,3256.7,3280.8,2.23,3031.86,3035.53,3771.34,78.71,72.7,aerospace & defence,electronics - components,0.73,0.07,0.13,0.03,0.11,7.69,7.69,2.12,5.01,9.43,286.49,164.44,5.18,,1.74,43.39,17965.82,8.83,8.54,1.91,14.66,3.2241586e7,55983969,2026-04-08,,,,,,,,,,,,,,,,,,,,,,,,,,,,,,,,
2026-04-08T23:25:08.75,KRN,954.75,931.0,951.8,5.87,879.5,845.74,1163.91,65.19,82.18,industrials,engineering,4.34,0.04,0.08,-0.01,0.02,8.49,8.49,2.55,5.1,12.61,130.49,48.58,4.76,,2.69,41.14,5588.19,10.81,8.82,3.11,42.82,1.815662e7,62156600,2026-04-08,,,,,,,,,,,,,,,,,,,,,,,,,,,,,,,,
2026-04-08T23:25:08.75,APARINDS,10569.0,10336.5,10489.0,3.32,9725.86,9491.6,12483.79,50.42,41.89,industrials,electric equipment,5.23,0.13,0.1,0.1,0.07,7.46,7.46,2.25,5.03,8.4,877.98,527.49,5.24,,1.66,55.05,40778.87,11.13,9.14,1.82,28.91,1.6964012e7,40168315,2026-04-08,,,,,,,,,,,,,,,,,,,,,,,,,,,,,,,,
2026-04-08T23:25:08.75,ABB,6584.5,6370.0,6565.0,4.72,6258.55,6084.66,7525.68,80.34,79.62,industrials,electric equipment,-0.1,0.16,0.1,0.1,0.05,8.27,8.27,3.37,3.32,7.95,638.67,217.98,3.12,,2.93,135.55,132845.36,11.21,10.23,3.25,89.46,5.2977094e7,211908375,2026-04-08,,,,,,,,,,,,,,,,,,,,,,,,,,,,,,,,
2026-04-08T23:25:08.75,MTARTECH,4198.9,3963.8,4140.4,5.45,3844.64,3456.28,5508.65,91.76,190.24,aerospace & defence,engineering,7.12,0.94,1.61,0.84,1.48,16.24,16.24,5.93,5.13,17.49,660.68,212.43,5.14,,3.11,171.7,12077.75,11.81,11.42,3.7,83.13,2.134861e7,30759591,2026-04-08,,,,,,,,,,,,,,,,,,,,,,,,,,,,,,,,
2026-04-06T11:19:59.163,NATIONALUM,,,406.5,1.17,,372.82,457.01,11.69,12.01,metals & mining,aluminium and aluminium products,,0.69,1.09,,,,,9.03,,,,,,,,,,,,,,,,2026-04-06,393.86,362.0,0.47,61.41,16.39,96.56,371.47,354.5,30.68,,,,,,,,,,,,,,,,,,,,,,,
2026-04-06T11:19:59.163,GMDCLTD,,,585.05,0.46,,553.82,631.89,34.99,18.73,metals & mining,mining / minerals / metals,,-0.12,0.3,,,,,5.64,,,,,,,,,,,,,,,,2026-04-06,562.72,548.05,0.33,56.82,10.67,27.41,535.84,511.13,26.53,,,,,,,,,,,,,,,,,,,,,,,
2026-04-06T11:19:59.163,CCL,,,1102.5,0.87,,1053.44,1176.09,36.6,38.76,fmcg,tea,,0.18,0.22,,,,,4.66,,,,,,,,,,,,,,,,2026-04-06,1055.36,1024.3,0.45,61.91,15.16,18.22,1018.5,960.89,21.33,,,,,,,,,,,,,,,,,,,,,,,
2026-04-06T11:19:59.163,SYRMA,,,803.25,0.87,,754.25,876.75,37.68,52.28,consumer discretionary,electronics - components,,-0.11,0.1,,,,,6.5,,,,,,,,,,,,,,,,2026-04-06,773.51,765.2,0.23,53.34,14.59,1.52,728.44,677.08,15.89,,,,,,,,,,,,,,,,,,,,,,,
2026-04-06T11:19:59.163,GESHIP,,,1479.5,2.77,,1411.33,1581.75,6.5,9.09,transportation,shipping,,0.29,0.44,,,,,4.83,,,,,,,,,,,,,,,,2026-04-06,1409.34,1389.1,0.76,61.81,20.57,54.34,1358.01,1289.6,14.88,,,,,,,,,,,,,,,,,,,,,,,
2026-04-06T11:19:59.163,ADANIPOWER,,,163.74,2.36,,152.84,180.09,31.73,8.86,power & utilities,power generation and supply,,0.02,0.33,,,,,7.13,,,,,,,,,,,,,,,,2026-04-06,157.83,149.2,3.79,68.37,13.86,34.47,150.09,141.2,14.62,,,,,,,,,,,,,,,,,,,,,,,
2026-04-06T11:19:59.163,ZYDUSWELL,,,503.0,13.53,,432.93,608.1,-100.6,10.02,fmcg,food - processing - indian,,-0.0,0.16,,,,,16.18,,,,,,,,,,,,,,,,2026-04-06,438.31,420.3,5.52,71.66,30.81,8.16,439.5,392.87,12.12,,,,,,,,,,,,,,,,,,,,,,,
2026-04-06T11:19:59.163,GALLANTT,,,561.15,0.94,,529.07,609.27,33.72,28.08,metals & mining,steel - medium / small,,-0.23,-0.07,,,,,6.06,,,,,,,,,,,,,,,,2026-04-06,539.0,519.8,0.43,54.44,9.56,-9.22,510.06,485.55,10.31,,,,,,,,,,,,,,,,,,,,,,,
2026-04-06T11:19:59.163,ACMESOLAR,,,277.75,1.13,,256.71,309.31,36.93,33.95,realty,engineering - turnkey services,,-0.11,-0.03,,,,,8.2,,,,,,,,,,,,,,,,2026-04-06,266.22,251.16,0.64,65.72,34.26,-6.7,250.62,232.67,9.68,,,,,,,,,,,,,,,,,,,,,,,
2026-04-06T11:19:59.163,SCHNEIDER,,,927.0,2.31,,859.08,1028.88,57.08,88.4,industrials,electric equipment,,-0.0,-0.01,,,,,7.91,,,,,,,,,,,,,,,,2026-04-06,868.38,832.95,0.22,60.2,18.47,7.79,832.8,780.14,8.63,,,,,,,,,,,,,,,,,,,,,,,
2026-04-06T11:19:59.163,GRANULES,,,619.15,0.9,,599.49,648.64,25.01,27.3,healthcare,pharmaceuticals - indian - bulk drugs & formln,,0.02,0.21,,,,,3.28,,,,,,,,,,,,,,,,2026-04-06,590.16,602.2,0.33,58.72,13.56,19.48,576.81,549.61,6.32,,,,,,,,,,,,,,,,,,,,,,,
2026-04-06T11:19:59.163,HONASA,,,305.05,0.35,,281.46,340.43,49.52,63.47,services,trading,,-0.04,0.03,,,,,8.38,,,,,,,,,,,,,,,,2026-04-06,294.49,287.05,0.14,59.62,28.33,1.33,282.63,268.11,5.96,,,,,,,,,,,,,,,,,,,,,,,
2026-04-06T11:19:59.163,SPLPETRO,,,771.1,5.31,,684.87,900.44,118.27,51.46,energy,petrochemicals,,-0.16,-0.09,,,,,12.59,,,,,,,,,,,,,,,,2026-04-06,717.56,664.0,9.74,66.4,36.63,-0.52,677.3,640.86,3.44,,,,,,,,,,,,,,,,,,,,,,,
2026-04-06T11:19:59.163,LLOYDSME,,,1401.1,0.92,,1255.52,1619.48,17.63,29.58,metals & mining,mining / minerals / metals,,-0.02,-0.08,,,,,11.6,,,,,,,,,,,,,,,,2026-04-06,1333.29,1234.4,0.56,66.13,18.96,4.86,1259.83,1171.77,1.77,,,,,,,,,,,,,,,,,,,,,,,
2026-04-06T11:19:59.163,KAJARIACER,,,963.4,-1.09,,908.22,1046.16,43.71,41.68,building materials,ceramics - tiles / sanitaryware,,-0.26,-0.24,,,,,6.08,,,,,,,,,,,,,,,,2026-04-06,938.01,911.5,0.18,52.99,12.76,-21.81,873.55,816.87,1.07,,,,,,,,,,,,,,,,,,,,,,,
2026-04-06T11:19:59.163,SAGILITY,,,42.37,1.53,,37.59,49.54,18.58,23.06,i.t,computers - software - medium / small,,-0.1,-0.07,,,,,12.73,,,,,,,,,,,,,,,,2026-04-06,40.33,39.09,0.24,54.39,22.96,-4.5,37.79,34.74,0.27,,,,,,,,,,,,,,,,,,,,,,,
2026-04-06T11:19:59.163,ANGELONE,,,241.51,0.27,,223.39,268.68,2.04,2.83,financials,finance & investments,,0.01,-0.13,,,,,8.11,,,,,,,,,,,,,,,,2026-04-06,231.97,226.0,0.37,54.29,15.1,6.6,218.87,205.73,0.2,,,,,,,,,,,,,,,,,,,,,,,
2026-04-06T11:19:59.163,TECHM,,,1452.2,0.74,,1364.79,1583.31,28.68,27.63,i.t,computers - software - large,,-0.05,-0.09,,,,,6.4,,,,,,,,,,,,,,,,2026-04-06,1405.03,1367.1,0.37,57.34,22.7,-3.71,1361.65,1306.45,-0.05,,,,,,,,,,,,,,,,,,,,,,,
2026-04-06T11:19:59.163,NTPCGREEN,,,97.56,0.35,,96.44,99.23,1219.5,147.3,power & utilities,power generation and supply,,-0.08,-0.15,,,,,1.16,,,,,,,,,,,,,,,,2026-04-06,93.88,90.8,0.16,57.0,21.58,-6.66,89.15,83.19,-0.74,,,,,,,,,,,,,,,,,,,,,,,
2026-04-06T11:19:59.163,PERSISTENT,,,5275.5,0.91,,4734.32,6087.28,46.85,46.87,i.t,computers - software - large,,-0.04,-0.08,,,,,11.43,,,,,,,,,,,,,,,,2026-04-06,5105.41,4825.0,0.3,62.36,29.07,-1.7,4905.7,4696.54,-1.37,,,,,,,,,,,,,,,,,,,,,,,
2026-04-06T11:19:59.163,KALYANKJIL,,,415.7,5.41,,367.86,487.47,25.79,36.08,consumer discretionary,diamond cutting / jewellery,,-0.22,-0.32,,,,,13.01,,,,,,,,,,,,,,,,2026-04-06,387.1,373.4,0.74,59.1,12.69,-19.06,378.83,355.43,-3.58,,,,,,,,,,,,,,,,,,,,,,,
2026-04-06T11:19:59.163,AFFLE,,,1427.8,0.44,,1322.44,1585.83,41.99,45.49,i.t,computers - software - medium / small,,-0.32,-0.28,,,,,7.97,,,,,,,,,,,,,,,,2026-04-06,1381.8,1374.7,0.26,52.61,27.66,-24.99,1323.44,1257.37,-3.6,,,,,,,,,,,,,,,,,,,,,,,
2026-04-06T11:19:59.163,PAGEIND,,,34195.0,0.74,,31392.17,38399.24,50.31,50.54,consumer discretionary,textiles - products,,-0.27,-0.29,,,,,8.93,,,,,,,,,,,,,,,,2026-04-06,33070.1,31260.0,0.34,63.27,22.92,-24.56,32060.65,30664.88,-5.2,,,,,,,,,,,,,,,,,,,,,,,
2026-04-06T11:19:59.163,OLAELEC,,,28.98,2.26,,23.15,37.72,-6.59,-5.68,auto,automobiles - motorcycles / mopeds,,-0.51,-0.32,,,,,25.16,,,,,,,,,,,,,,,,2026-04-06,28.15,22.52,2.79,62.1,24.75,-57.98,24.67,22.86,-10.55,,,,,,,,,,,,,,,,,,,,,,,
2026-04-06T11:19:59.163,ATHERENERG,,,783.45,2.79,,754.12,827.45,-88.23,-37.49,auto,automobiles - scooters and 3 - wheelers,,0.22,1.22,,,,,3.89,,,,,,,,,,,,,,,,2026-04-06,737.65,742.15,0.72,60.93,16.61,56.53,703.98,654.12,NaN,,,,,,,,,,,,,,,,,,,,,,,
2026-04-06T11:19:59.163,TRAVELFOOD,,,1282.1,0.15,,1146.86,1484.96,31.8,39.84,consumer discretionary,hotels,,-0.15,0.09,,,,,11.79,,,,,,,,,,,,,,,,2026-04-06,1240.97,1132.6,0.25,68.24,23.43,-0.08,1170.84,1100.9,NaN,,,,,,,,,,,,,,,,,,,,,,,
2026-04-06T11:19:59.163,URBANCO,,,124.04,1.84,,114.44,138.44,-221.5,-248.57,i.t,miscellaneous,,-0.35,NaN,,,,,8.39,,,,,,,,,,,,,,,,2026-04-06,118.7,111.5,0.23,60.32,30.98,NaN,112.19,104.7,NaN,,,,,,,,,,,,,,,,,,,,,,,
2026-04-06T11:19:59.163,GROWW,,,166.74,1.16,,155.4,183.75,46.84,31.82,financials,finance & investments,,NaN,NaN,,,,,7.3,,,,,,,,,,,,,,,,2026-04-06,158.9,149.05,0.34,55.76,10.05,NaN,151.29,141.34,NaN,,,,,,,,,,,,,,,,,,,,,,,
2026-03-27T08:55:52.208,PREMIERPOL,63.34,,60.71,3.37,54.48,58.67,64.79,17.05,23.08,plastic products,plastics products,-3.13,0.2,0.1,0.14,0.07,11.67,11.67,7.12,7.22,7.03,6.94,4.38,,,,,,,,,36.05,,,2026-03-27,,,3.38,59.13,24.48,,,,,,,,,59.13,,,,,,,,63.34,64.24,8.46,-0.37,33.1,31.13,,,,,
2026-03-27T08:55:52.208,TIRUPATIFL,46.0,,42.92,-2.52,38.39,43.49,41.77,67.06,85.84,industrials,castings & forgings,1.9,0.07,-0.05,0.09,-0.02,9.97,9.97,9.97,8.39,2.61,5.26,3.6,,,,,,,,,30.27,,,2026-03-27,,,10.02,55.12,26.15,,,,,,,,,41.83,,,,,,,,46.0,58.49,8.11,5.21,29.49,29.08,,,,,
2026-03-27T08:55:52.208,AEROFLEX,264.0,,251.38,-0.28,231.19,234.97,284.2,49.1,66.15,metals & mining,steel - medium / small,-1.94,0.25,0.23,0.24,0.23,15.12,15.12,6.61,6.22,14.16,45.71,15.63,,,,,,,,,24.0,,,2026-03-27,,,5.18,62.0,33.78,,,,,,,,,247.63,,,,,,,,264.0,67.48,5.6,10.09,22.61,20.84,,,,,
2026-03-27T08:55:52.208,KTKBANK,231.7,,226.48,3.83,211.63,222.83,233.79,7.36,7.41,bank,banks - private sector,-2.89,0.21,0.15,0.15,0.11,7.47,7.47,5.32,5.11,6.58,23.07,11.57,,,,,,,,,55.99,,,2026-03-27,,,6.97,57.99,19.59,,,,,,,,,220.0,,,,,,,,231.7,66.68,4.87,6.41,22.5,20.34,,,,,
2026-03-27T08:55:52.208,GOKULAGRO,197.0,,186.33,0.02,172.19,170.94,217.1,8.86,9.19,fmcg,solvent extraction,7.41,-0.15,0.16,-0.16,0.16,10.36,10.36,7.07,5.99,6.82,19.56,11.16,,,,,,,,,20.88,,,2026-03-27,,,42.1,62.05,26.94,,,,,,,,,184.0,,,,,,,,197.0,57.14,5.54,12.31,21.62,18.33,,,,,
2026-03-27T08:55:52.208,ACMESOLAR,257.75,,254.12,2.02,236.07,240.86,280.63,33.79,31.41,realty,engineering - turnkey services,-0.14,-0.17,-0.17,-0.2,-0.18,8.58,8.58,2.69,5.42,8.23,25.48,13.78,,,,,,,,,22.65,,,2026-03-27,,,12.19,58.47,25.52,,,,,,,,,251.0,,,,,,,,257.75,54.35,5.3,4.85,21.23,19.32,,,,,
2026-03-27T08:55:52.208,SCHNEIDER,912.0,,893.5,-0.21,833.57,873.61,933.27,55.02,87.17,industrials,electric equipment,-1.95,-0.04,0.01,-0.04,0.01,5.92,5.92,2.7,4.35,5.66,94.41,38.82,,,,,,,,,14.17,,,2026-03-27,,,0.65,55.75,21.82,,,,,,,,,888.0,,,,,,,,912.0,60.6,4.63,8.5,21.03,20.0,,,,,
2026-03-27T08:55:52.208,ADANIPOWER,158.2,,153.65,2.36,144.95,147.01,166.94,29.78,8.51,power & utilities,power generation and supply,1.62,-0.05,0.23,-0.05,0.2,7.36,7.36,3.94,4.24,6.22,10.03,6.51,,,,,,,,,22.28,,,2026-03-27,,,9.61,60.37,17.23,,,,,,,,,152.2,,,,,,,,158.2,59.15,3.98,11.15,21.03,19.05,,,,,
2026-03-27T08:55:52.208,GESHIP,1462.5,,1416.5,1.27,1330.59,1408.97,1431.56,6.22,8.94,transportation,shipping,-2.73,0.28,0.38,0.24,0.37,6.52,6.52,4.15,4.58,5.24,123.74,64.8,,,,,,,,,18.98,,,2026-03-27,,,6.44,55.89,22.56,,,,,,,,,1404.2,,,,,,,,1462.5,73.14,4.38,12.52,20.78,20.03,,,,,
2026-03-27T08:55:52.208,ATHERENERG,794.85,,776.65,2.6,725.92,718.43,893.09,-87.46,-38.2,auto,automobiles - scooters and 3 - wheelers,6.82,0.28,1.26,0.19,1.2,5.97,5.97,4.28,4.83,8.31,86.65,37.53,,,,,,,,,38.5,,,2026-03-27,,,10.02,65.4,16.88,,,,,,,,,762.2,,,,,,,,794.85,66.92,4.7,NaN,20.77,19.59,,,,,
2026-03-27T08:55:52.208,CHENNPETRO,1034.4,,1003.35,0.54,911.85,983.79,1042.48,3.73,6.95,energy,refineries,-3.01,0.23,0.35,0.21,0.34,9.59,9.59,4.17,7.21,6.3,89.54,72.33,,,,,,,,,14.31,,,2026-03-27,,,12.87,55.21,23.55,,,,,,,,,993.0,,,,,,,,1034.4,58.92,7.38,17.03,20.72,19.82,,,,,
2026-03-27T08:55:52.208,VENUSREM,909.55,,878.45,1.41,805.99,867.33,900.69,11.47,15.39,healthcare,pharmaceuticals - indian - formulations,-3.34,0.81,0.87,0.76,0.84,11.03,11.03,4.28,5.79,7.23,104.91,50.82,,,,,,,,,12.3,,,2026-03-27,,,6.33,59.53,21.26,,,,,,,,,872.2,,,,,,,,909.55,64.25,6.41,44.46,20.67,19.56,,,,,
2026-03-27T08:55:52.208,GODAVARIB,322.45,,312.35,1.49,285.56,298.46,340.12,48.5,70.99,fmcg,sugar,2.87,0.08,0.08,0.04,0.07,6.58,6.58,4.66,6.03,4.12,32.98,18.84,,,,,,,,,22.56,,,2026-03-27,,,8.99,57.53,38.36,,,,,,,,,308.1,,,,,,,,322.45,60.68,6.32,19.34,20.64,19.7,,,,,
2026-03-27T08:55:52.208,CCL,1108.8,,1077.6,-0.3,1020.36,1037.35,1158.1,35.78,38.21,fmcg,tea,2.64,0.11,0.17,0.08,0.18,5.17,5.17,3.53,3.64,3.4,70.91,39.27,,,,,,,,,16.8,,,2026-03-27,,,5.41,59.67,17.31,,,,,,,,,1071.0,,,,,,,,1108.8,65.13,3.56,20.36,20.52,19.71,,,,,
2026-03-27T08:55:52.208,COALINDIA,446.4,,443.7,0.36,423.96,455.55,420.0,9.55,9.16,metals & mining,mining / minerals / metals,-3.6,0.04,0.13,0.03,0.12,1.73,1.73,1.73,3.24,1.12,8.47,14.39,,,,,,,,,34.05,,,2026-03-27,,,6.11,49.61,23.01,,,,,,,,,438.8,,,,,,,,446.4,58.07,3.06,3.07,20.5,20.61,,,,,
2026-03-27T08:55:52.208,SAILIFE,1029.8,,1012.35,1.32,955.76,993.54,1049.96,53.06,63.59,healthcare,pharmaceuticals - indian - bulk drugs & formln,-1.22,0.06,0.25,0.02,0.24,4.38,4.38,4.0,3.72,5.12,86.06,37.66,,,,,,,,,58.94,,,2026-03-27,,,3.61,57.26,12.4,,,,,,,,,990.15,,,,,,,,1029.8,60.97,4.2,10.18,20.49,19.7,,,,,
2026-03-27T08:55:52.208,WAAREEENER,3197.1,,3177.9,2.95,2986.56,2867.12,3799.47,21.5,27.92,industrials,electric equipment,9.95,-0.15,-0.01,-0.19,-0.04,5.99,5.99,2.21,4.28,5.37,329.8,135.98,,,,,,,,,36.62,,,2026-03-27,,,8.92,65.15,23.42,,,,,,,,,3128.1,,,,,,,,3197.1,55.43,4.16,8.47,20.3,19.39,,,,,
2026-03-27T08:55:52.208,CENTUM,2889.0,,2830.0,-0.06,2582.77,2765.88,2958.24,-17.02,-159.53,consumer discretionary,electronics - components,-1.05,-0.05,0.18,-0.1,0.19,5.87,5.87,3.09,6.33,4.89,311.29,179.11,,,,,,,,,15.35,,,2026-03-27,,,5.5,55.81,29.34,,,,,,,,,2802.5,,,,,,,,2889.0,58.76,6.27,20.03,20.29,19.57,,,,,
2026-03-27T08:55:52.208,SHAILY,2426.5,,2267.4,-2.62,2076.35,2103.86,2594.49,69.72,65.82,plastic products,plastics products,10.87,-0.08,0.36,-0.08,0.4,8.99,8.99,7.79,6.76,3.9,231.26,153.32,,,,,,,,,10.63,,,2026-03-27,,,18.25,58.09,25.03,,,,,,,,,2251.1,,,,,,,,2426.5,54.97,5.79,6.24,20.15,19.28,,,,,
2026-03-27T08:55:52.208,SHRIPISTON,3145.0,,3102.1,3.95,2884.43,2872.7,3560.89,27.77,25.16,auto,auto ancillaries,0.78,0.1,0.25,0.05,0.2,8.82,8.82,4.53,5.17,7.33,145.06,160.25,,,,,,,,,58.22,,,2026-03-27,,,12.19,54.31,13.37,,,,,,,,,3008.8,,,,,,,,3145.0,57.37,4.69,15.04,20.13,19.39,,,,,
2026-03-27T08:55:52.208,ANURAS,1285.8,,1267.0,1.1,1204.14,1214.87,1371.26,73.49,82.27,chemicals,chemicals,1.71,0.06,0.07,0.03,0.07,4.29,4.29,2.62,3.06,4.97,-2.02,38.81,,,,,,,,,36.07,,,2026-03-27,,,3.07,51.74,13.63,,,,,,,,,1253.0,,,,,,,,1285.8,56.03,3.32,13.05,20.08,19.33,,,,,
2026-03-27T08:55:52.208,PNGJL,572.6,,565.1,0.81,532.73,542.5,610.3,11.22,20.1,consumer discretionary,diamond cutting / jewellery,0.38,-0.14,-0.07,-0.16,-0.08,6.23,6.23,2.31,3.85,4.84,6.97,21.76,,,,,,,,,25.04,,,2026-03-27,,,4.2,53.06,9.8,,,,,,,,,559.65,,,,,,,,572.6,44.48,3.71,1.24,19.83,18.98,,,,,
2026-03-27T08:55:52.208,BLACKBUCK,608.1,,591.15,0.22,550.29,560.43,652.58,84.94,18.83,transportation,miscellaneous,3.25,-0.11,0.31,-0.1,0.31,6.43,6.43,3.55,4.86,5.9,-1.53,28.75,,,,,,,,,13.57,,,2026-03-27,,,8.44,50.2,15.79,,,,,,,,,587.25,,,,,,,,608.1,49.11,4.42,9.64,19.81,18.94,,,,,
2026-03-27T08:55:52.208,KIOCL,345.45,,332.7,0.7,303.12,299.63,398.84,277.25,-274.96,metals & mining,mining / minerals / metals,8.97,-0.33,0.12,-0.32,0.11,7.9,7.9,5.32,6.7,3.92,-9.34,22.28,,,,,,,,,21.09,,,2026-03-27,,,28.8,51.18,16.31,,,,,,,,,328.0,,,,,,,,345.45,45.76,5.65,7.58,19.62,18.72,,,,,
2026-03-27T08:55:52.208,SIGMAADV,167.15,,163.45,-0.23,150.21,148.1,194.16,-291.88,8.96,aerospace & defence,electronics - components,12.43,-0.09,0.62,-0.1,0.63,4.47,4.47,4.47,5.32,2.16,-7.67,8.7,,,,,,,,,39.66,,,2026-03-27,,,8.79,49.45,17.95,,,,,,,,,160.0,,,,,,,,167.15,48.77,5.23,43.38,19.22,17.88,,,,,
2026-03-27T08:55:52.208,CGCL,172.0,,170.01,0.33,159.47,161.99,186.05,15.98,18.26,financials,finance & investments,-2.26,-0.17,-0.07,-0.2,-0.07,9.59,9.59,3.38,4.64,8.32,-0.42,7.89,,,,,,,,,46.16,,,2026-03-27,,,3.39,51.82,15.51,,,,,,,,,166.37,,,,,,,,172.0,44.35,4.29,0.81,18.55,17.52,,,,,
2026-03-27T08:55:52.208,FEDFINA,134.0,,132.17,2.85,122.59,123.14,150.23,14.06,15.68,financials,finance & investments,3.46,-0.18,0.11,-0.22,0.08,5.93,5.93,3.85,4.99,8.11,-7.35,6.6,,,,,,,,,47.57,,,2026-03-27,,,3.17,49.63,16.5,,,,,,,,,129.03,,,,,,,,134.0,45.52,4.67,10.02,17.78,18.16,,,,,
2026-03-27T08:55:52.208,PAISALO,34.8,,34.21,-0.26,31.51,32.52,37.59,11.72,14.68,financials,finance & investments,3.4,-0.19,0.08,-0.2,0.08,4.1,4.1,4.04,5.99,6.28,0.11,2.05,,,,,,,,,37.09,,,2026-03-27,,,7.97,50.45,18.12,,,,,,,,,33.45,,,,,,,,34.8,48.23,5.75,0.44,17.28,14.76,,,,,
2026-03-24T10:44:53.057,PFOCUS,,,,,,,,,,realty,miscellaneous,,,,,,,,,,,,,,,,,,,,,,8920.61,,2026-03-24,,,,,,,,,,,,,,,,,,,,,,,,,,,,,,2.14,15.6,17.83
2026-03-24T10:44:53.057,CCL,,,,,,,,,,fmcg,tea,,,,,,,,,,,,,,,,,,,,,,7592.3,,2026-03-24,,,,,,,,,,,,,,,,,,,,,,,,,,,,,,4.52,6.03,7.32
2026-03-24T10:44:53.057,VTL,,,,,,,,,,textiles,textiles - cotton/blended,,,,,,,,,,,,,,,,,,,,,,5468.09,,2026-03-24,,,,,,,,,,,,,,,,,,,,,,,,,,,,,,5.04,5.88,7.01
2026-03-24T10:44:53.057,EMCURE,,,,,,,,,,healthcare,pharmaceuticals - indian - bulk drugs & formln,,,,,,,,,,,,,,,,,,,,,,6300.04,,2026-03-24,,,,,,,,,,,,,,,,,,,,,,,,,,,,,,5.27,4.43,7.35
2026-03-24T10:44:53.057,SBC,,,,,,,,,,textiles,textiles - products,,,,,,,,,,,,,,,,,,,,,,734.11,,2026-03-24,,,,,,,,,,,,,,,,,,,,,,,,,,,,,,5.48,8.17,8.64
2026-03-24T10:44:53.057,WHEELS,,,,,,,,,,auto,auto ancillaries,,,,,,,,,,,,,,,,,,,,,,1014.27,,2026-03-24,,,,,,,,,,,,,,,,,,,,,,,,,,,,,,5.61,8.52,10.92
2026-03-24T10:44:53.057,AGIIL,,,,,,,,,,realty,construction,,,,,,,,,,,,,,,,,,,,,,1089.6,,2026-03-24,,,,,,,,,,,,,,,,,,,,,,,,,,,,,,5.82,12.2,12.2
2026-03-24T10:44:53.057,AETHER,,,,,,,,,,chemicals,chemicals,,,,,,,,,,,,,,,,,,,,,,3655.11,,2026-03-24,,,,,,,,,,,,,,,,,,,,,,,,,,,,,,6.57,9.62,17.4
2026-03-24T10:44:53.057,GRANULES,,,,,,,,,,healthcare,pharmaceuticals - indian - bulk drugs & formln,,,,,,,,,,,,,,,,,,,,,,8610.98,,2026-03-24,,,,,,,,,,,,,,,,,,,,,,,,,,,,,,7.5,5.01,5.01
2026-03-24T10:44:53.057,INDSWFTLAB,,,,,,,,,,healthcare,pharmaceuticals - indian - bulk drugs & formln,,,,,,,,,,,,,,,,,,,,,,684.17,,2026-03-24,,,,,,,,,,,,,,,,,,,,,,,,,,,,,,8.83,10.53,11.32
2026-03-24T10:44:53.057,TDPOWERSYS,,,,,,,,,,industrials,electric equipment,,,,,,,,,,,,,,,,,,,,,,9571.28,,2026-03-24,,,,,,,,,,,,,,,,,,,,,,,,,,,,,,10.2,8.96,9.0
2026-03-24T10:44:53.057,AEROFLEX,,,,,,,,,,metals & mining,steel - medium / small,,,,,,,,,,,,,,,,,,,,,,1000.51,,2026-03-24,,,,,,,,,,,,,,,,,,,,,,,,,,,,,,10.67,10.31,19.16
2026-03-24T10:44:53.057,NATCOPHARM,,,,,,,,,,healthcare,pharmaceuticals - indian - bulk drugs & formln,,,,,,,,,,,,,,,,,,,,,,8395.16,,2026-03-24,,,,,,,,,,,,,,,,,,,,,,,,,,,,,,12.38,5.2,5.73
2026-03-24T10:44:53.057,SMSPHARMA,,,,,,,,,,healthcare,pharmaceuticals - indian - bulk drugs,,,,,,,,,,,,,,,,,,,,,,1134.07,,2026-03-24,,,,,,,,,,,,,,,,,,,,,,,,,,,,,,12.61,7.95,8.73
2026-03-24T10:44:53.057,BAJAJCON,,,,,,,,,,fmcg,personal care - indian,,,,,,,,,,,,,,,,,,,,,,2659.41,,2026-03-24,,,,,,,,,,,,,,,,,,,,,,,,,,,,,,12.65,7.08,8.51
2026-03-24T10:44:53.057,GMDCLTD,,,,,,,,,,metals & mining,mining / minerals / metals,,,,,,,,,,,,,,,,,,,,,,4698.29,,2026-03-24,,,,,,,,,,,,,,,,,,,,,,,,,,,,,,12.71,11.13,12.67
2026-03-24T10:44:53.057,HAPPYFORGE,,,,,,,,,,industrials,castings & forgings,,,,,,,,,,,,,,,,,,,,,,2421.48,,2026-03-24,,,,,,,,,,,,,,,,,,,,,,,,,,,,,,12.85,7.91,11.97
2026-03-24T10:44:53.057,J&KBANK,,,,,,,,,,bank,banks - private sector,,,,,,,,,,,,,,,,,,,,,,4994.38,,2026-03-24,,,,,,,,,,,,,,,,,,,,,,,,,,,,,,13.05,14.54,15.27
2026-03-24T10:44:53.057,STLTECH,,,,,,,,,,industrials,cables - telephone,,,,,,,,,,,,,,,,,,,,,,4846.6,,2026-03-24,,,,,,,,,,,,,,,,,,,,,,,,,,,,,,13.12,13.52,15.23
2026-03-24T10:44:53.057,CHENNPETRO,,,,,,,,,,energy,refineries,,,,,,,,,,,,,,,,,,,,,,4660.16,,2026-03-24,,,,,,,,,,,,,,,,,,,,,,,,,,,,,,13.27,14.6,14.6
2026-03-24T10:44:53.057,SANSERA,,,,,,,,,,auto,auto ancillaries,,,,,,,,,,,,,,,,,,,,,,9014.7,,2026-03-24,,,,,,,,,,,,,,,,,,,,,,,,,,,,,,13.4,10.04,10.04
2026-03-24T10:44:53.057,PRECWIRE,,,,,,,,,,metals & mining,mining / minerals / metals,,,,,,,,,,,,,,,,,,,,,,2384.1,,2026-03-24,,,,,,,,,,,,,,,,,,,,,,,,,,,,,,15.59,7.76,9.57
2026-03-24T10:44:53.057,DIVGIITTS,,,,,,,,,,auto,auto ancillaries,,,,,,,,,,,,,,,,,,,,,,811.64,,2026-03-24,,,,,,,,,,,,,,,,,,,,,,,,,,,,,,16.2,10.3,10.3
2026-03-24T10:44:53.057,SUNTV,,,,,,,,,,media,entertainment / electronic media software,,,,,,,,,,,,,,,,,,,,,,5704.38,,2026-03-24,,,,,,,,,,,,,,,,,,,,,,,,,,,,,,16.26,5.3,8.88
2026-03-24T10:44:53.057,PRIVISCL,,,,,,,,,,chemicals,chemicals,,,,,,,,,,,,,,,,,,,,,,4397.13,,2026-03-24,,,,,,,,,,,,,,,,,,,,,,,,,,,,,,16.96,4.59,6.04
2026-03-24T10:44:53.057,BLISSGVS,,,,,,,,,,healthcare,pharmaceuticals - indian - formulations,,,,,,,,,,,,,,,,,,,,,,1350.6,,2026-03-24,,,,,,,,,,,,,,,,,,,,,,,,,,,,,,19.02,11.84,13.84
2026-03-24T10:44:53.057,GMBREW,,,,,,,,,,fmcg,breweries & distilleries,,,,,,,,,,,,,,,,,,,,,,586.51,,2026-03-24,,,,,,,,,,,,,,,,,,,,,,,,,,,,,,24.44,5.81,8.8
2026-03-24T10:44:53.057,APEX,,,,,,,,,,fmcg,aquaculture,,,,,,,,,,,,,,,,,,,,,,302.37,,2026-03-24,,,,,,,,,,,,,,,,,,,,,,,,,,,,,,27.57,12.56,12.56
2026-03-20T13:36:14.626,POWERINDIA,,,25475.0,3.35,,24912.94,26318.09,108.59,129.3,industrials,electric equipment,,0.23,0.29,,,,,2.26,,,,,,,,,,,,,,,,2026-03-20,24372.6,23400.0,0.67,63.01,31.54,26.8,23689.94,22556.14,24.2,,,,,,,,,,,,,,,,,,,,,,,
2026-03-20T13:36:14.626,CHENNPETRO,,,1073.05,5.17,,966.75,1232.51,3.99,7.06,energy,refineries,,0.31,0.41,,,,,11.0,,,,,,,,,,,,,,,,2026-03-20,988.77,870.8,1.88,64.5,24.3,61.78,922.49,827.52,20.89,,,,,,,,,,,,,,,,,,,,,,,
2026-03-20T13:36:14.626,DATAPATTNS,,,3277.0,0.63,,3319.35,3213.48,78.62,73.77,aerospace & defence,electronics - components,,0.07,0.06,,,,,-1.28,,,,,,,,,,,,,,,,2026-03-20,3167.36,3055.1,0.41,57.26,33.59,26.08,2941.66,2789.56,19.99,,,,,,,,,,,,,,,,,,,,,,,
2026-03-20T13:36:14.626,CCL,,,1075.1,3.94,,1023.28,1152.82,35.69,36.68,fmcg,tea,,0.1,0.16,,,,,5.06,,,,,,,,,,,,,,,,2026-03-20,1024.0,1024.4,2.11,61.37,15.15,19.04,997.2,968.67,19.26,,,,,,,,,,,,,,,,,,,,,,,
2026-03-20T13:36:14.626,ADANIPOWER,,,154.34,2.21,,144.1,169.69,29.91,8.36,power & utilities,power generation and supply,,-0.17,0.24,,,,,7.1,,,,,,,,,,,,,,,,2026-03-20,148.72,146.4,1.53,62.31,20.2,30.19,142.37,136.26,11.96,,,,,,,,,,,,,,,,,,,,,,,
2026-03-20T13:36:14.626,JBCHEPHARM,,,2134.0,2.35,,2109.49,2170.77,42.24,43.19,healthcare,pharmaceuticals - indian - bulk drugs & formln,,0.14,0.27,,,,,1.16,,,,,,,,,,,,,,,,2026-03-20,2038.4,2065.0,0.73,63.95,26.53,23.55,2026.43,1948.75,9.35,,,,,,,,,,,,,,,,,,,,,,,
2026-03-20T13:36:14.626,ADANIENSOL,,,1024.6,1.92,,975.02,1098.96,55.68,53.45,power & utilities,power generation and supply,,0.01,0.12,,,,,5.08,,,,,,,,,,,,,,,,2026-03-20,991.07,969.9,0.66,55.06,12.29,25.76,945.46,904.51,7.21,,,,,,,,,,,,,,,,,,,,,,,
2026-03-20T13:36:14.626,COALINDIA,,,471.75,3.86,,454.54,497.57,10.16,9.37,metals & mining,mining / minerals / metals,,0.1,0.19,,,,,3.79,,,,,,,,,,,,,,,,2026-03-20,447.08,449.2,1.13,65.16,25.35,24.86,444.14,424.08,5.99,,,,,,,,,,,,,,,,,,,,,,,
2026-03-20T13:36:14.626,GRANULES,,,589.7,1.24,,563.74,628.64,23.82,25.91,healthcare,pharmaceuticals - indian - bulk drugs & formln,,0.03,0.18,,,,,4.6,,,,,,,,,,,,,,,,2026-03-20,570.36,555.75,0.92,54.51,10.57,27.71,552.71,528.27,5.89,,,,,,,,,,,,,,,,,,,,,,,
2026-03-20T13:36:14.626,FACT,,,799.0,1.4,,761.42,855.37,-190.24,1832.44,chemicals,fertilizers,,-0.26,-0.17,,,,,4.94,,,,,,,,,,,,,,,,2026-03-20,779.1,784.3,0.23,51.98,32.53,-20.97,697.63,640.55,5.63,,,,,,,,,,,,,,,,,,,,,,,
2026-03-20T13:36:14.626,ABB,,,6345.0,2.11,,6214.37,6540.95,77.64,78.92,industrials,electric equipment,,0.09,0.05,,,,,2.1,,,,,,,,,,,,,,,,2026-03-20,6125.0,6162.5,0.37,61.36,34.35,23.42,5973.91,5730.6,5.21,,,,,,,,,,,,,,,,,,,,,,,
2026-03-20T13:36:14.626,NLCINDIA,,,271.3,4.89,,248.75,305.13,12.99,13.01,power & utilities,power generation and supply,,-0.05,0.17,,,,,9.07,,,,,,,,,,,,,,,,2026-03-20,255.83,255.0,1.44,59.73,15.49,14.78,246.75,230.84,4.87,,,,,,,,,,,,,,,,,,,,,,,
2026-03-20T13:36:14.626,AUROPHARMA,,,1290.4,3.44,,1276.38,1311.42,20.59,20.78,healthcare,pharmaceuticals - indian - bulk drugs & formln,,0.06,0.09,,,,,1.1,,,,,,,,,,,,,,,,2026-03-20,1233.13,1240.0,0.45,60.6,14.0,24.02,1220.44,1169.87,4.41,,,,,,,,,,,,,,,,,,,,,,,
2026-03-20T13:36:14.626,INOXINDIA,,,1190.5,0.67,,1148.96,1252.8,44.49,43.26,industrials,packaging,,-0.1,-0.06,,,,,3.62,,,,,,,,,,,,,,,,2026-03-20,1158.65,1117.0,3.31,57.22,17.09,3.93,1099.02,1069.91,4.34,,,,,,,,,,,,,,,,,,,,,,,
2026-03-20T13:36:14.626,TATAPOWER,,,407.9,2.36,,387.46,438.56,42.31,33.6,power & utilities,power generation and supply,,-0.05,-0.02,,,,,5.28,,,,,,,,,,,,,,,,2026-03-20,393.96,385.0,3.7,65.95,17.15,5.15,381.34,371.97,3.46,,,,,,,,,,,,,,,,,,,,,,,
2026-03-20T13:36:14.626,POWERGRID,,,303.1,2.16,,295.18,314.98,16.84,17.77,power & utilities,power generation and supply,,-0.03,-0.02,,,,,2.68,,,,,,,,,,,,,,,,2026-03-20,293.71,291.4,0.46,58.79,13.97,7.04,287.1,277.0,2.97,,,,,,,,,,,,,,,,,,,,,,,
2026-03-20T13:36:14.626,LLOYDSME,,,1265.3,6.74,,1159.22,1424.42,15.92,25.25,metals & mining,mining / minerals / metals,,-0.11,-0.18,,,,,9.15,,,,,,,,,,,,,,,,2026-03-20,1176.98,1119.9,1.51,56.92,11.58,-9.12,1136.3,1049.25,1.87,,,,,,,,,,,,,,,,,,,,,,,
2026-03-20T13:36:14.626,PFC,,,415.8,0.96,,402.05,436.42,5.45,5.39,financials,finance - term-lending institutions,,-0.06,-0.04,,,,,3.42,,,,,,,,,,,,,,,,2026-03-20,404.99,396.55,0.8,53.05,19.18,4.0,380.87,367.37,1.7,,,,,,,,,,,,,,,,,,,,,,,
2026-03-20T13:36:14.626,NTPCGREEN,,,101.47,2.62,,92.73,114.58,1268.38,149.82,power & utilities,power generation and supply,,-0.1,-0.08,,,,,9.43,,,,,,,,,,,,,,,,2026-03-20,97.12,94.21,1.2,72.08,30.93,-1.93,91.66,84.79,0.91,,,,,,,,,,,,,,,,,,,,,,,
2026-03-20T13:36:14.626,OLECTRA,,,1082.4,8.15,,880.13,1385.81,47.89,57.45,auto,automobiles - lcvs / hcvs,,-0.4,-0.14,,,,,22.98,,,,,,,,,,,,,,,,2026-03-20,985.93,866.6,4.63,60.98,20.53,-29.21,951.25,867.18,0.26,,,,,,,,,,,,,,,,,,,,,,,
2026-03-20T13:36:14.626,JSWENERGY,,,515.7,1.94,,494.36,547.71,53.5,38.77,power & utilities,power generation and supply,,-0.13,-0.03,,,,,4.32,,,,,,,,,,,,,,,,2026-03-20,499.85,496.05,0.89,60.93,15.86,-0.96,481.62,463.61,0.16,,,,,,,,,,,,,,,,,,,,,,,
2026-03-20T13:36:14.626,NHPC,,,78.26,2.65,,73.5,85.41,88.93,24.2,power & utilities,power generation and supply,,-0.18,-0.14,,,,,6.48,,,,,,,,,,,,,,,,2026-03-20,75.07,74.27,0.66,60.21,18.51,-3.67,74.33,71.56,-0.1,,,,,,,,,,,,,,,,,,,,,,,
2026-03-20T13:36:14.626,ONESOURCE,,,1524.9,4.05,,1480.12,1592.08,-49.25,827.97,healthcare,pharmaceuticals - indian - bulk drugs & formln,,-0.22,-0.26,,,,,3.03,,,,,,,,,,,,,,,,2026-03-20,1424.72,1421.5,0.78,63.9,19.57,-17.16,1374.38,1279.38,-1.14,,,,,,,,,,,,,,,,,,,,,,,
2026-03-20T13:36:14.626,VGUARD,,,325.2,0.36,,309.07,349.39,62.54,49.4,industrials,electric equipment,,-0.19,-0.2,,,,,5.22,,,,,,,,,,,,,,,,2026-03-20,317.37,312.15,0.2,53.46,16.88,-12.63,305.25,292.89,-1.24,,,,,,,,,,,,,,,,,,,,,,,
2026-03-20T13:36:14.626,HFCL,,,71.59,1.29,,69.21,75.16,26.71,196.33,telecom,cables - telephone,,-0.12,-0.17,,,,,3.44,,,,,,,,,,,,,,,,2026-03-20,69.6,69.3,0.36,53.42,16.51,-1.37,65.35,61.56,-2.06,,,,,,,,,,,,,,,,,,,,,,,
2026-03-20T13:36:14.626,MAHSEAMLES,,,564.4,1.84,,551.57,583.64,7.79,8.84,industrials,steel - large,,-0.15,-0.24,,,,,2.33,,,,,,,,,,,,,,,,2026-03-20,545.03,539.3,0.39,57.98,17.35,-16.3,530.4,508.95,-3.7,,,,,,,,,,,,,,,,,,,,,,,
2026-03-20T13:36:14.626,JINDALSAW,,,193.87,2.39,,182.32,211.19,11.97,10.72,industrials,steel - large,,-0.15,-0.18,,,,,6.33,,,,,,,,,,,,,,,,2026-03-20,186.69,187.0,0.13,55.78,24.01,-5.36,173.31,161.89,-5.84,,,,,,,,,,,,,,,,,,,,,,,
2026-03-20T13:36:14.626,PRAJIND,,,316.25,1.93,,297.13,344.93,-118.0,109.24,industrials,engineering,,-0.24,-0.38,,,,,6.43,,,,,,,,,,,,,,,,2026-03-20,307.08,292.25,0.38,54.17,21.78,-23.26,288.27,270.83,-9.53,,,,,,,,,,,,,,,,,,,,,,,
2026-03-16T10:59:31.275,CCL,,,,,,,,,,fmcg,tea,,,,,,,,,,,,,,,,,,,,,,7473.57,,2026-03-16,,,,,,,,,,,,,,,,,,,,,,,,,,,,,,3.33,4.91,4.91
2026-03-16T10:59:31.275,AEROFLEX,,,,,,,,,,metals & mining,steel - medium / small,,,,,,,,,,,,,,,,,,,,,,1015.74,,2026-03-16,,,,,,,,,,,,,,,,,,,,,,,,,,,,,,4.12,9.73,14.37
2026-03-16T10:59:31.275,VTL,,,,,,,,,,textiles,textiles - cotton/blended,,,,,,,,,,,,,,,,,,,,,,5393.02,,2026-03-16,,,,,,,,,,,,,,,,,,,,,,,,,,,,,,5.0,4.59,5.08
2026-03-16T10:59:31.275,SEAMECLTD,,,,,,,,,,miscellaneous,miscellaneous,,,,,,,,,,,,,,,,,,,,,,946.13,,2026-03-16,,,,,,,,,,,,,,,,,,,,,,,,,,,,,,5.72,5.99,6.54
2026-03-16T10:59:31.275,SWANDEF,,,,,,,,,,transportation,miscellaneous,,,,,,,,,,,,,,,,,,,,,,617.03,,2026-03-16,,,,,,,,,,,,,,,,,,,,,,,,,,,,,,7.57,18.52,29.65
2026-03-16T10:59:31.275,ABSLAMC,,,,,,,,,,financials,finance & investments,,,,,,,,,,,,,,,,,,,,,,7026.82,,2026-03-16,,,,,,,,,,,,,,,,,,,,,,,,,,,,,,7.65,9.12,18.97
2026-03-16T10:59:31.275,KTKBANK,,,,,,,,,,bank,banks - private sector,,,,,,,,,,,,,,,,,,,,,,8054.01,,2026-03-16,,,,,,,,,,,,,,,,,,,,,,,,,,,,,,8.59,8.34,12.28
2026-03-16T10:59:31.275,J&KBANK,,,,,,,,,,bank,banks - private sector,,,,,,,,,,,,,,,,,,,,,,5243.4,,2026-03-16,,,,,,,,,,,,,,,,,,,,,,,,,,,,,,8.72,9.71,13.81
2026-03-16T10:59:31.275,AGIIL,,,,,,,,,,realty,construction,,,,,,,,,,,,,,,,,,,,,,964.99,,2026-03-16,,,,,,,,,,,,,,,,,,,,,,,,,,,,,,9.05,8.71,10.23
2026-03-16T10:59:31.275,HAPPYFORGE,,,,,,,,,,industrials,castings & forgings,,,,,,,,,,,,,,,,,,,,,,2506.65,,2026-03-16,,,,,,,,,,,,,,,,,,,,,,,,,,,,,,9.78,7.95,12.03
2026-03-16T10:59:31.275,NATCOPHARM,,,,,,,,,,healthcare,pharmaceuticals - indian - bulk drugs & formln,,,,,,,,,,,,,,,,,,,,,,8539.48,,2026-03-16,,,,,,,,,,,,,,,,,,,,,,,,,,,,,,10.88,8.67,11.75
2026-03-16T10:59:31.275,SAKAR,,,,,,,,,,healthcare,pharmaceuticals - indian - bulk drugs & formln,,,,,,,,,,,,,,,,,,,,,,531.58,,2026-03-16,,,,,,,,,,,,,,,,,,,,,,,,,,,,,,11.08,11.83,12.08
2026-03-16T10:59:31.275,MRPL,,,,,,,,,,energy,refineries,,,,,,,,,,,,,,,,,,,,,,3749.31,,2026-03-16,,,,,,,,,,,,,,,,,,,,,,,,,,,,,,11.74,11.55,14.11
2026-03-16T10:59:31.275,STLTECH,,,,,,,,,,industrials,cables - telephone,,,,,,,,,,,,,,,,,,,,,,4863.68,,2026-03-16,,,,,,,,,,,,,,,,,,,,,,,,,,,,,,12.81,15.03,16.15
2026-03-16T10:59:31.275,STAR,,,,,,,,,,healthcare,pharmaceuticals - indian - bulk drugs & formln,,,,,,,,,,,,,,,,,,,,,,5902.11,,2026-03-16,,,,,,,,,,,,,,,,,,,,,,,,,,,,,,13.4,6.64,8.13
2026-03-16T10:59:31.275,DATAPATTNS,,,,,,,,,,aerospace & defence,electronics - components,,,,,,,,,,,,,,,,,,,,,,9925.57,,2026-03-16,,,,,,,,,,,,,,,,,,,,,,,,,,,,,,14.71,9.58,16.96
2026-03-16T10:59:31.275,MTARTECH,,,,,,,,,,aerospace & defence,engineering,,,,,,,,,,,,,,,,,,,,,,7081.76,,2026-03-16,,,,,,,,,,,,,,,,,,,,,,,,,,,,,,15.38,7.69,14.93
2026-03-16T10:59:31.275,SANSERA,,,,,,,,,,auto,auto ancillaries,,,,,,,,,,,,,,,,,,,,,,8736.21,,2026-03-16,,,,,,,,,,,,,,,,,,,,,,,,,,,,,,16.08,10.51,13.5
2026-03-16T10:59:31.275,AARTIIND,,,,,,,,,,chemicals,chemicals,,,,,,,,,,,,,,,,,,,,,,8689.77,,2026-03-16,,,,,,,,,,,,,,,,,,,,,,,,,,,,,,16.32,10.69,10.75
2026-03-16T10:59:31.275,SMSPHARMA,,,,,,,,,,healthcare,pharmaceuticals - indian - bulk drugs,,,,,,,,,,,,,,,,,,,,,,1072.62,,2026-03-16,,,,,,,,,,,,,,,,,,,,,,,,,,,,,,17.34,17.88,21.81
2026-03-16T10:59:31.275,GODAVARIB,,,,,,,,,,fmcg,sugar,,,,,,,,,,,,,,,,,,,,,,537.83,,2026-03-16,,,,,,,,,,,,,,,,,,,,,,,,,,,,,,17.85,5.93,12.57
2026-03-16T10:59:31.275,PREMIERPOL,,,,,,,,,,plastic products,plastics products,,,,,,,,,,,,,,,,,,,,,,195.76,,2026-03-16,,,,,,,,,,,,,,,,,,,,,,,,,,,,,,18.27,16.41,18.67
2026-03-16T10:59:31.275,BLISSGVS,,,,,,,,,,healthcare,pharmaceuticals - indian - formulations,,,,,,,,,,,,,,,,,,,,,,1354.91,,2026-03-16,,,,,,,,,,,,,,,,,,,,,,,,,,,,,,18.77,10.09,16.98
2026-03-16T10:59:31.275,JPOLYINVST,,,,,,,,,,financials,finance & investments,,,,,,,,,,,,,,,,,,,,,,318.1,,2026-03-16,,,,,,,,,,,,,,,,,,,,,,,,,,,,,,19.84,16.07,25.54
2026-03-16T10:59:31.275,PRECWIRE,,,,,,,,,,metals & mining,mining / minerals / metals,,,,,,,,,,,,,,,,,,,,,,2226.66,,2026-03-16,,,,,,,,,,,,,,,,,,,,,,,,,,,,,,21.16,24.07,28.21
2026-03-16T10:59:31.275,GRWRHITECH,,,,,,,,,,industrials,packaging,,,,,,,,,,,,,,,,,,,,,,3395.21,,2026-03-16,,,,,,,,,,,,,,,,,,,,,,,,,,,,,,22.22,13.46,13.46
2026-03-16T10:59:31.275,RACLGEAR,,,,,,,,,,auto,auto ancillaries,,,,,,,,,,,,,,,,,,,,,,837.95,,2026-03-16,,,,,,,,,,,,,,,,,,,,,,,,,,,,,,26.7,10.27,18.78
2026-03-16T10:59:31.275,ICEMAKE,,,,,,,,,,industrials,engineering,,,,,,,,,,,,,,,,,,,,,,320.13,,2026-03-16,,,,,,,,,,,,,,,,,,,,,,,,,,,,,,27.61,7.84,10.77
2026-03-12T09:59:10.407,STLTECH,,,,,,,,,,industrials,cables - telephone,,,,,,,,,,,,,,,,,,,,,,5395.41,,2026-03-12,,,,,,,,,,,,,,,,,,,,,,,,,,,,,,0.01,12.35,20.6
2026-03-12T09:59:10.407,AEROFLEX,,,,,,,,,,metals & mining,steel - medium / small,,,,,,,,,,,,,,,,,,,,,,1011.39,,2026-03-12,,,,,,,,,,,,,,,,,,,,,,,,,,,,,,1.23,9.67,14.99
2026-03-12T09:59:10.407,VTL,,,,,,,,,,textiles,textiles - cotton/blended,,,,,,,,,,,,,,,,,,,,,,5549.34,,2026-03-12,,,,,,,,,,,,,,,,,,,,,,,,,,,,,,2.25,2.72,6.34
2026-03-12T09:59:10.407,VENUSREM,,,,,,,,,,healthcare,pharmaceuticals - indian - formulations,,,,,,,,,,,,,,,,,,,,,,694.69,,2026-03-12,,,,,,,,,,,,,,,,,,,,,,,,,,,,,,2.27,20.0,35.27
2026-03-12T09:59:10.407,EMCURE,,,,,,,,,,healthcare,pharmaceuticals - indian - bulk drugs & formln,,,,,,,,,,,,,,,,,,,,,,6481.24,,2026-03-12,,,,,,,,,,,,,,,,,,,,,,,,,,,,,,2.55,4.97,13.67
2026-03-12T09:59:10.407,CCL,,,,,,,,,,fmcg,tea,,,,,,,,,,,,,,,,,,,,,,7518.9,,2026-03-12,,,,,,,,,,,,,,,,,,,,,,,,,,,,,,2.75,3.1,7.51
2026-03-12T09:59:10.407,KTKBANK,,,,,,,,,,bank,banks - private sector,,,,,,,,,,,,,,,,,,,,,,8525.55,,2026-03-12,,,,,,,,,,,,,,,,,,,,,,,,,,,,,,3.24,12.28,14.6
2026-03-12T09:59:10.407,PRECWIRE,,,,,,,,,,metals & mining,mining / minerals / metals,,,,,,,,,,,,,,,,,,,,,,2674.37,,2026-03-12,,,,,,,,,,,,,,,,,,,,,,,,,,,,,,5.31,6.46,12.23
2026-03-12T09:59:10.407,NATCOPHARM,,,,,,,,,,healthcare,pharmaceuticals - indian - bulk drugs & formln,,,,,,,,,,,,,,,,,,,,,,9013.14,,2026-03-12,,,,,,,,,,,,,,,,,,,,,,,,,,,,,,5.93,5.72,5.95
2026-03-12T09:59:10.407,ABSLAMC,,,,,,,,,,financials,finance & investments,,,,,,,,,,,,,,,,,,,,,,7107.88,,2026-03-12,,,,,,,,,,,,,,,,,,,,,,,,,,,,,,6.58,18.97,20.95
2026-03-12T09:59:10.407,GRANULES,,,,,,,,,,healthcare,pharmaceuticals - indian - bulk drugs & formln,,,,,,,,,,,,,,,,,,,,,,8657.75,,2026-03-12,,,,,,,,,,,,,,,,,,,,,,,,,,,,,,6.99,5.79,7.66
2026-03-12T09:59:10.407,INDSWFTLAB,,,,,,,,,,healthcare,pharmaceuticals - indian - bulk drugs & formln,,,,,,,,,,,,,,,,,,,,,,693.41,,2026-03-12,,,,,,,,,,,,,,,,,,,,,,,,,,,,,,7.6,6.79,16.71
2026-03-12T09:59:10.407,AETHER,,,,,,,,,,chemicals,chemicals,,,,,,,,,,,,,,,,,,,,,,3316.12,,2026-03-12,,,,,,,,,,,,,,,,,,,,,,,,,,,,,,7.69,9.2,9.26
2026-03-12T09:59:10.407,JPOLYINVST,,,,,,,,,,financials,finance & investments,,,,,,,,,,,,,,,,,,,,,,362.5,,2026-03-12,,,,,,,,,,,,,,,,,,,,,,,,,,,,,,8.64,13.97,45.21
2026-03-12T09:59:10.407,MTARTECH,,,,,,,,,,aerospace & defence,engineering,,,,,,,,,,,,,,,,,,,,,,7478.85,,2026-03-12,,,,,,,,,,,,,,,,,,,,,,,,,,,,,,10.63,11.9,13.49
2026-03-12T09:59:10.407,MAHLOG,,,,,,,,,,transportation,miscellaneous,,,,,,,,,,,,,,,,,,,,,,1545.82,,2026-03-12,,,,,,,,,,,,,,,,,,,,,,,,,,,,,,10.84,5.95,12.52
2026-03-12T09:59:10.407,DYNAMATECH,,,,,,,,,,industrials,engineering,,,,,,,,,,,,,,,,,,,,,,3819.09,,2026-03-12,,,,,,,,,,,,,,,,,,,,,,,,,,,,,,11.66,10.95,14.24
2026-03-12T09:59:10.407,SANSERA,,,,,,,,,,auto,auto ancillaries,,,,,,,,,,,,,,,,,,,,,,9068.58,,2026-03-12,,,,,,,,,,,,,,,,,,,,,,,,,,,,,,12.88,6.37,10.06
2026-03-12T09:59:10.407,CIEINDIA,,,,,,,,,,industrials,castings & forgings,,,,,,,,,,,,,,,,,,,,,,5930.37,,2026-03-12,,,,,,,,,,,,,,,,,,,,,,,,,,,,,,13.36,5.66,7.96
2026-03-12T09:59:10.407,MRPL,,,,,,,,,,energy,refineries,,,,,,,,,,,,,,,,,,,,,,3648.06,,2026-03-12,,,,,,,,,,,,,,,,,,,,,,,,,,,,,,14.13,11.88,19.7
2026-03-12T09:59:10.407,BAJAJCON,,,,,,,,,,fmcg,personal care - indian,,,,,,,,,,,,,,,,,,,,,,2611.36,,2026-03-12,,,,,,,,,,,,,,,,,,,,,,,,,,,,,,14.23,10.38,10.38
2026-03-12T09:59:10.407,BLISSGVS,,,,,,,,,,healthcare,pharmaceuticals - indian - formulations,,,,,,,,,,,,,,,,,,,,,,1430.27,,2026-03-12,,,,,,,,,,,,,,,,,,,,,,,,,,,,,,14.25,11.69,13.32
2026-03-12T09:59:10.407,TDPOWERSYS,,,,,,,,,,industrials,electric equipment,,,,,,,,,,,,,,,,,,,,,,9018.37,,2026-03-12,,,,,,,,,,,,,,,,,,,,,,,,,,,,,,15.39,10.91,16.64
2026-03-12T09:59:10.407,PRIVISCL,,,,,,,,,,chemicals,chemicals,,,,,,,,,,,,,,,,,,,,,,4404.52,,2026-03-12,,,,,,,,,,,,,,,,,,,,,,,,,,,,,,16.82,5.77,6.03
2026-03-12T09:59:10.407,GODAVARIB,,,,,,,,,,fmcg,sugar,,,,,,,,,,,,,,,,,,,,,,542.62,,2026-03-12,,,,,,,,,,,,,,,,,,,,,,,,,,,,,,17.12,12.29,13.86
2026-03-12T09:59:10.407,GRWRHITECH,,,,,,,,,,industrials,packaging,,,,,,,,,,,,,,,,,,,,,,3600.74,,2026-03-12,,,,,,,,,,,,,,,,,,,,,,,,,,,,,,17.51,7.96,9.46
2026-03-12T09:59:10.407,CHENNPETRO,,,,,,,,,,energy,refineries,,,,,,,,,,,,,,,,,,,,,,4378.11,,2026-03-12,,,,,,,,,,,,,,,,,,,,,,,,,,,,,,18.52,11.67,19.97
2026-03-12T09:59:10.407,SHARDACROP,,,,,,,,,,chemicals,pesticides / agrochemicals - indian,,,,,,,,,,,,,,,,,,,,,,2310.97,,2026-03-12,,,,,,,,,,,,,,,,,,,,,,,,,,,,,,21.57,5.93,11.27
2026-03-10T09:38:29.955,NATCOPHARM,,,,,,,,,,healthcare,pharmaceuticals - indian - bulk drugs & formln,,,,,,,,,,,,,,,,,,,,,,9480.47,,2026-03-10,,,,,,,,,,,,,,,,,,,,,,,,,,,,,,1.06,5.62,11.13
2026-03-10T09:38:29.955,EMCURE,,,,,,,,,,healthcare,pharmaceuticals - indian - bulk drugs & formln,,,,,,,,,,,,,,,,,,,,,,6572.68,,2026-03-10,,,,,,,,,,,,,,,,,,,,,,,,,,,,,,1.17,13.67,13.67
2026-03-10T09:38:29.955,AGIIL,,,,,,,,,,realty,construction,,,,,,,,,,,,,,,,,,,,,,1031.59,,2026-03-10,,,,,,,,,,,,,,,,,,,,,,,,,,,,,,1.61,10.43,10.43
2026-03-10T09:38:29.955,PRECWIRE,,,,,,,,,,metals & mining,mining / minerals / metals,,,,,,,,,,,,,,,,,,,,,,2712.44,,2026-03-10,,,,,,,,,,,,,,,,,,,,,,,,,,,,,,2.51,10.56,11.68
2026-03-10T09:38:29.955,CCL,,,,,,,,,,fmcg,tea,,,,,,,,,,,,,,,,,,,,,,7534.01,,2026-03-10,,,,,,,,,,,,,,,,,,,,,,,,,,,,,,2.55,7.51,7.51
2026-03-10T09:38:29.955,STLTECH,,,,,,,,,,industrials,cables - telephone,,,,,,,,,,,,,,,,,,,,,,4867.21,,2026-03-10,,,,,,,,,,,,,,,,,,,,,,,,,,,,,,2.97,12.12,16.9
2026-03-10T09:38:29.955,JPOLYINVST,,,,,,,,,,financials,finance & investments,,,,,,,,,,,,,,,,,,,,,,384.38,,2026-03-10,,,,,,,,,,,,,,,,,,,,,,,,,,,,,,3.13,45.21,45.21
2026-03-10T09:38:29.955,SAKAR,,,,,,,,,,healthcare,pharmaceuticals - indian - bulk drugs & formln,,,,,,,,,,,,,,,,,,,,,,577.94,,2026-03-10,,,,,,,,,,,,,,,,,,,,,,,,,,,,,,3.32,10.22,10.22
2026-03-10T09:38:29.955,DYNAMATECH,,,,,,,,,,industrials,engineering,,,,,,,,,,,,,,,,,,,,,,4142.05,,2026-03-10,,,,,,,,,,,,,,,,,,,,,,,,,,,,,,4.19,8.12,10.77
2026-03-10T09:38:29.955,PFOCUS,,,,,,,,,,realty,miscellaneous,,,,,,,,,,,,,,,,,,,,,,8565.92,,2026-03-10,,,,,,,,,,,,,,,,,,,,,,,,,,,,,,4.3,7.8,9.15
2026-03-10T09:38:29.955,MTARTECH,,,,,,,,,,aerospace & defence,engineering,,,,,,,,,,,,,,,,,,,,,,7958.12,,2026-03-10,,,,,,,,,,,,,,,,,,,,,,,,,,,,,,4.91,10.68,11.35
2026-03-10T09:38:29.955,RRKABEL,,,,,,,,,,industrials,cables - power,,,,,,,,,,,,,,,,,,,,,,6481.03,,2026-03-10,,,,,,,,,,,,,,,,,,,,,,,,,,,,,,5.3,5.71,8.59
2026-03-10T09:38:29.955,ABSLAMC,,,,,,,,,,financials,finance & investments,,,,,,,,,,,,,,,,,,,,,,6413.93,,2026-03-10,,,,,,,,,,,,,,,,,,,,,,,,,,,,,,5.61,7.08,9.64
2026-03-10T09:38:29.955,DIVGIITTS,,,,,,,,,,auto,auto ancillaries,,,,,,,,,,,,,,,,,,,,,,911.16,,2026-03-10,,,,,,,,,,,,,,,,,,,,,,,,,,,,,,5.92,11.06,20.09
2026-03-10T09:38:29.955,INDSWFTLAB,,,,,,,,,,healthcare,pharmaceuticals - indian - bulk drugs & formln,,,,,,,,,,,,,,,,,,,,,,705.85,,2026-03-10,,,,,,,,,,,,,,,,,,,,,,,,,,,,,,5.94,12.67,14.55
2026-03-10T09:38:29.955,KTKBANK,,,,,,,,,,bank,banks - private sector,,,,,,,,,,,,,,,,,,,,,,7942.84,,2026-03-10,,,,,,,,,,,,,,,,,,,,,,,,,,,,,,6.24,10.19,14.42
2026-03-10T09:38:29.955,AETHER,,,,,,,,,,chemicals,chemicals,,,,,,,,,,,,,,,,,,,,,,3327.73,,2026-03-10,,,,,,,,,,,,,,,,,,,,,,,,,,,,,,7.37,8.77,16.56
2026-03-10T09:38:29.955,J&KBANK,,,,,,,,,,bank,banks - private sector,,,,,,,,,,,,,,,,,,,,,,5093.18,,2026-03-10,,,,,,,,,,,,,,,,,,,,,,,,,,,,,,7.83,12.96,12.96
2026-03-10T09:38:29.955,AEROFLEX,,,,,,,,,,metals & mining,steel - medium / small,,,,,,,,,,,,,,,,,,,,,,943.35,,2026-03-10,,,,,,,,,,,,,,,,,,,,,,,,,,,,,,7.87,10.35,10.63
2026-03-10T09:38:29.955,DOLPHIN,,,,,,,,,,energy,oil drilling / allied services,,,,,,,,,,,,,,,,,,,,,,458.96,,2026-03-10,,,,,,,,,,,,,,,,,,,,,,,,,,,,,,8.61,19.4,29.61
2026-03-10T09:38:29.955,LGBBROSLTD,,,,,,,,,,auto,bearings,,,,,,,,,,,,,,,,,,,,,,3822.06,,2026-03-10,,,,,,,,,,,,,,,,,,,,,,,,,,,,,,10.22,9.68,9.94
2026-03-10T09:38:29.955,SANSERA,,,,,,,,,,auto,auto ancillaries,,,,,,,,,,,,,,,,,,,,,,9234.11,,2026-03-10,,,,,,,,,,,,,,,,,,,,,,,,,,,,,,11.29,10.06,10.29
2026-03-10T09:38:29.955,THANGAMAYL,,,,,,,,,,consumer discretionary,diamond cutting / jewellery,,,,,,,,,,,,,,,,,,,,,,4396.5,,2026-03-10,,,,,,,,,,,,,,,,,,,,,,,,,,,,,,11.31,8.33,10.03
2026-03-10T09:38:29.955,ROSSTECH,,,,,,,,,,aerospace & defence,engineering,,,,,,,,,,,,,,,,,,,,,,685.3,,2026-03-10,,,,,,,,,,,,,,,,,,,,,,,,,,,,,,14.11,9.62,9.62
2026-03-10T09:38:29.955,CHENNPETRO,,,,,,,,,,energy,refineries,,,,,,,,,,,,,,,,,,,,,,4494.05,,2026-03-10,,,,,,,,,,,,,,,,,,,,,,,,,,,,,,16.36,13.23,16.33
2026-03-10T09:38:29.955,ARVIND,,,,,,,,,,textiles,textiles - cotton/blended,,,,,,,,,,,,,,,,,,,,,,5300.8,,2026-03-10,,,,,,,,,,,,,,,,,,,,,,,,,,,,,,17.22,6.66,6.66
2026-03-10T09:38:29.955,SHARDACROP,,,,,,,,,,chemicals,pesticides / agrochemicals - indian,,,,,,,,,,,,,,,,,,,,,,2307.56,,2026-03-10,,,,,,,,,,,,,,,,,,,,,,,,,,,,,,21.68,11.27,13.67
2026-03-10T09:38:29.955,ICEMAKE,,,,,,,,,,industrials,engineering,,,,,,,,,,,,,,,,,,,,,,339.49,,2026-03-10,,,,,,,,,,,,,,,,,,,,,,,,,,,,,,23.24,12.21,12.21
