Timestamp,Symbol,High,Lod price,Cmp,%ch,Initial_atr1.5sl,Sl,Target,Forward pe,Pe,Sector,Industry,%ch y_low,Srs,Ars,Srs y,Ars y,%ch_high,%ch 2 low,%ch sl,Atr%,%ch_3low,E_s50,Avg_true_range,Adr%,Brackets12,Ma_x,Rvol,M_cap,Va,Va_ma,Atr% x,Lod dist,Free float,Grand_total_number2,Scan_Date,Low 2%,Low5,R_vol,Rsi,Adx,Rs,Is,Tps,Rs score,Rs_score,Rscore_1mago,Rscore_3mago,Rscore_6mago,Rs_1m,Rs_3m,Rs_6m,Lod dist%,Vars,Smavars,Market_cap,Max2,W rsi,Low,Adr p - adr%,Custom_indicator_69505
2026-09-12T08:29:07.952,TEJASNET,560.4,539.4,552.65,0.52,515.13,559.0,539.95,-12.15,-10.68,telecom,telecommunications - equipment,-0.68,0.2,0.17,0.14,0.17,3.89,3.89,3.89,5.15,2.46,17.45,28.47,4.26,4.26,0.61,74.03,9835.73,-1.57,-4.22,0.63,46.55,83068296,177973982,2026-09-12,,,,,,,,,,,,,,,,,,,,,,,,,
2026-09-12T08:29:07.952,ACUTAAS,3488.0,3350.0,3383.7,-1.96,3197.6,3151.06,3848.99,93.27,71.73,healthcare,pharmaceuticals - indian - bulk drugs,3.17,0.5,0.98,0.44,1.02,8.32,8.32,4.12,3.55,6.36,63.92,120.12,3.77,3.77,0.53,95.46,27702.73,-1.39,-1.71,0.54,28.06,55129706,81871122,2026-09-12,,,,,,,,,,,,,,,,,,,,,,,,,
2026-09-12T08:29:07.952,GVT&D,4548.1,4428.7,4548.1,0.07,4294.82,4362.63,4919.04,80.19,89.21,industrials,electric equipment,6.03,0.16,0.43,0.11,0.43,2.7,2.7,2.7,3.63,2.7,174.28,165.06,3.13,3.13,1.06,59.19,116452.52,1.15,-3.93,1.1,72.34,125462802,256046535,2026-09-12,,,,,,,,,,,,,,,,,,,,,,,,,
2026-09-12T08:29:07.952,PWL,137.12,125.37,136.1,7.39,127.29,119.95,168.4,-126.02,1134.17,services,miscellaneous,6.81,0.49,0.01,0.38,-0.06,9.37,9.37,9.37,4.4,10.14,7.83,5.99,4.83,4.83,1.31,267.51,39481.07,1.38,-0.46,1.39,179.27,833349036,2900886652,2026-09-12,,,,,,,,,,,,,,,,,,,,,,,,,
2026-09-12T08:29:07.952,SAIL,182.43,178.65,179.0,-2.58,169.5,191.96,153.08,11.24,17.31,metals & mining,steel - large,-5.32,0.1,0.29,0.09,0.33,2.12,2.12,2.12,3.47,0.2,4.05,6.2,3.49,3.49,0.65,45.81,73936.4,1.66,-0.38,0.67,5.64,1445810739,4130525289,2026-09-12,,,,,,,,,,,,,,,,,,,,,,,,,
2026-09-12T08:29:07.952,DATAPATTNS,4848.0,4655.5,4829.2,1.09,4558.81,4615.78,5256.03,306.42,100.9,aerospace & defence,electronics - components,3.18,0.38,0.76,0.31,0.74,4.13,4.13,4.13,3.67,3.73,322.58,177.01,3.77,3.77,1.82,61.38,27035.78,1.97,-0.87,1.95,98.13,32241586,55983969,2026-09-12,,,,,,,,,,,,,,,,,,,,,,,,,
2026-09-12T08:29:07.952,MTARTECH,7399.0,7005.0,7312.5,0.1,6831.56,7131.19,7675.13,111.95,168.53,aerospace & defence,engineering,1.38,0.99,1.96,0.9,1.96,5.62,5.62,5.62,4.62,4.39,626.69,338.08,3.89,3.89,1.85,33.37,22492.95,2.33,-1.76,2.03,90.96,21729927,30759591,2026-09-12,,,,,,,,,,,,,,,,,,,,,,,,,
2026-09-12T08:29:07.952,MOTILALOFS,1030.7,988.0,1026.5,1.13,983.11,1049.57,980.37,12.13,31.18,financials,finance & investments,-3.99,0.39,0.16,0.33,0.15,4.32,4.32,4.32,2.88,3.9,74.93,29.58,3.15,3.15,2.53,50.91,61810.36,2.68,2.16,2.73,130.14,197478952,602146704,2026-09-12,,,,,,,,,,,,,,,,,,,,,,,,,
2026-09-12T08:29:07.952,WABAG,2319.0,2164.6,2277.9,2.99,2149.61,2036.85,2759.99,39.68,33.03,realty,engineering - turnkey services,5.6,0.71,0.73,0.58,0.69,9.55,9.55,7.13,4.12,13.26,245.21,93.82,4.2,4.2,2.61,296.96,14203.79,2.75,1.42,2.93,120.76,50459608,62354776,2026-09-12,,,,,,,,,,,,,,,,,,,,,,,,,
2026-09-12T08:29:07.952,GRANULES,914.85,881.25,909.3,1.12,869.71,846.55,1034.81,31.31,33.6,healthcare,pharmaceuticals - indian - bulk drugs & formln,4.52,0.49,0.46,0.4,0.44,5.14,5.14,3.81,3.1,4.51,50.59,28.2,3.03,3.03,1.79,705.89,22532.17,3.15,1.39,1.9,99.45,153593396,247796921,2026-09-12,,,,,,,,,,,,,,,,,,,,,,,,,
2026-09-12T08:29:07.952,NETWEB,5055.0,4916.0,5027.0,0.27,4699.84,5074.04,4932.91,83.9,109.52,i.t,computers - hardware,-5.36,0.46,0.58,0.42,0.58,3.16,3.16,2.83,4.06,2.98,242.94,204.25,4.55,4.55,1.19,57.4,28624.08,3.17,1.28,1.25,54.35,18799145,56940687,2026-09-12,,,,,,,,,,,,,,,,,,,,,,,,,
2026-09-12T08:29:07.952,SYRMA,1608.2,1556.1,1589.3,-0.59,1506.68,1512.73,1742.44,76.56,82.56,consumer discretionary,electronics - components,8.0,1.02,1.15,0.95,1.17,3.35,3.35,3.35,3.61,2.13,149.3,57.44,3.5,3.5,2.6,42.84,30646.55,3.61,1.57,2.87,57.8,111298962,192830485,2026-09-12,,,,,,,,,,,,,,,,,,,,,,,,,
2026-09-12T08:29:07.952,MRPL,186.83,173.51,175.86,-3.01,164.31,170.87,185.84,8.14,9.81,energy,refineries,3.68,-0.09,0.18,-0.13,0.22,7.68,7.68,7.68,4.96,1.54,6.17,8.73,4.22,4.22,0.71,91.04,30821.2,3.65,0.67,0.73,26.92,200091162,1752598777,2026-09-12,,,,,,,,,,,,,,,,,,,,,,,,,
2026-09-12T08:29:07.952,IFCI,85.59,81.52,82.29,-3.36,74.71,93.24,60.4,171.44,128.58,financials,finance - term-lending institutions,-9.6,0.33,0.55,0.44,0.6,4.99,4.99,4.99,7.64,0.95,2.73,6.29,6.31,6.31,0.43,188.79,22171.51,3.68,1.4,0.45,12.25,739037235,2694314331,2026-09-12,,,,,,,,,,,,,,,,,,,,,,,,,
2026-09-12T08:29:07.952,PARAS,1446.6,1404.0,1435.6,-1.22,1338.18,1439.51,1427.78,136.46,122.49,aerospace & defence,engineering,-0.39,1.07,1.03,0.99,1.06,3.03,3.03,3.03,4.49,2.25,100.51,64.42,5.03,5.03,1.56,47.9,11569.12,3.75,3.34,1.68,49.06,37718746,80587330,2026-09-12,,,,,,,,,,,,,,,,,,,,,,,,,
2026-09-12T08:29:07.952,WOCKPHARMA,2237.0,2167.3,2179.4,-1.86,2060.81,2048.88,2440.44,83.18,86.48,healthcare,pharmaceuticals - indian - bulk drugs & formln,12.01,0.66,0.48,0.56,0.51,3.22,3.22,3.22,3.9,0.56,243.47,84.95,3.86,3.86,2.87,134.05,35413.54,3.81,-0.4,3.23,14.24,82733321,162492169,2026-09-12,,,,,,,,,,,,,,,,,,,,,,,,,
2026-09-12T08:29:07.952,CARTRADE,3105.2,2982.1,3087.9,1.75,2903.42,3050.13,3163.44,72.21,63.73,consumer discretionary,miscellaneous,-1.43,0.73,0.11,0.65,0.09,4.13,4.13,4.13,4.08,3.55,208.91,126.0,4.16,4.16,1.66,46.56,14829.03,3.88,2.85,1.78,83.97,48023035,48023035,2026-09-12,,,,,,,,,,,,,,,,,,,,,,,,,
2026-09-12T08:29:07.952,MCX,3389.0,3247.2,3276.0,-0.73,3124.5,3368.11,3091.78,50.52,21.22,financials,miscellaneous,-2.47,0.21,0.45,0.2,0.46,4.37,4.37,4.37,3.15,0.89,320.96,103.1,3.21,3.21,3.11,70.16,83535.33,4.38,2.13,3.45,27.93,254991845,254991845,2026-09-12,,,,,,,,,,,,,,,,,,,,,,,,,
2026-09-12T08:29:07.952,RAIN,217.4,208.64,215.97,-0.6,201.99,202.96,241.98,6.13,13.52,miscellaneous,miscellaneous,9.07,0.77,0.43,0.67,0.44,4.2,4.2,4.2,4.23,3.51,3.21,9.13,4.03,4.03,0.35,77.69,7264.06,4.47,1.5,0.36,80.32,197273326,336345679,2026-09-12,,,,,,,,,,,,,,,,,,,,,,,,,
2026-09-12T08:29:07.952,PPLPHARMA,214.45,208.68,211.35,-0.54,200.13,213.83,206.39,-101.61,-89.18,healthcare,pharmaceuticals - indian - bulk drugs & formln,-0.8,0.39,0.18,0.34,0.19,2.77,2.77,2.77,3.6,1.28,11.77,7.6,3.38,3.38,1.55,55.49,28138.04,4.99,4.91,1.64,35.12,868023458,1331348130,2026-09-12,,,,,,,,,,,,,,,,,,,,,,,,,
2026-09-12T08:29:07.952,APARINDS,17558.0,16686.0,17500.0,0.91,16474.89,17357.11,17785.79,37.6,59.5,industrials,electric equipment,-2.01,0.79,0.98,0.68,0.96,5.23,5.23,5.23,3.84,4.88,1766.72,671.32,3.8,3.8,2.63,114.2,73276.59,5.06,1.71,2.93,121.25,16969932,40174235,2026-09-12,,,,,,,,,,,,,,,,,,,,,,,,,
2026-09-12T08:29:07.952,BALRAMCHIN,709.0,687.0,691.4,-1.95,640.26,685.44,703.33,80.02,37.68,fmcg,sugar,1.59,0.31,0.55,0.27,0.58,3.2,3.2,3.2,4.93,0.64,52.11,34.07,6.15,6.15,1.53,36.24,14607.01,5.15,4.33,1.65,12.91,120725590,211267207,2026-09-12,,,,,,,,,,,,,,,,,,,,,,,,,
2026-09-12T08:29:07.952,MARKSANS,333.75,324.2,329.4,-0.3,310.09,331.14,325.92,23.73,28.87,healthcare,pharmaceuticals - indian - formulations,-2.63,0.82,0.79,0.75,0.8,3.07,3.07,2.95,3.83,1.73,36.47,12.62,3.93,3.93,2.89,45.14,14927.21,5.16,3.97,3.25,41.21,254341737,453163746,2026-09-12,,,,,,,,,,,,,,,,,,,,,,,,,
2026-09-12T08:29:07.952,RKFORGE,720.9,699.55,711.2,-2.18,674.57,707.06,719.47,68.91,120.75,industrials,castings & forgings,0.5,0.17,0.34,0.19,0.37,3.05,3.05,3.05,3.56,2.13,40.49,25.29,3.3,3.3,1.6,34.26,12955.93,5.62,4.94,1.7,46.06,103125411,182170017,2026-09-12,,,,,,,,,,,,,,,,,,,,,,,,,
2026-09-12T08:29:07.952,URBANCO,167.8,161.1,166.89,1.42,156.64,175.52,149.63,-69.54,-75.18,i.t,miscellaneous,-6.75,0.4,0.26,0.32,0.24,4.16,4.16,4.16,4.47,3.59,19.54,7.46,4.35,4.35,2.62,42.18,25737.45,5.76,4.32,2.97,77.62,1248818103,1542180603,2026-09-12,,,,,,,,,,,,,,,,,,,,,,,,,
2026-09-12T08:29:07.952,GRAPHITE,834.4,785.1,825.8,0.12,775.41,729.88,1017.63,23.41,75.62,industrials,electrodes - graphites,16.27,0.22,0.33,0.17,0.33,6.28,6.28,6.28,5.22,6.55,135.51,43.08,4.1,4.1,3.15,167.32,16134.12,5.99,1.37,3.76,94.47,67715949,195375594,2026-09-12,,,,,,,,,,,,,,,,,,,,,,,,,
2026-09-12T08:29:07.952,IOLCP,210.95,192.0,194.31,-8.1,178.66,203.38,176.18,22.18,33.97,healthcare,pharmaceuticals - indian - bulk drugs & formln,5.36,1.6,1.32,1.74,1.53,9.87,9.87,9.87,6.02,1.2,24.76,11.71,5.52,5.52,2.12,92.56,5703.53,6.64,5.21,2.42,19.73,110727510,293527510,2026-09-12,,,,,,,,,,,,,,,,,,,,,,,,,
2026-09-12T08:29:07.952,AZAD,2864.0,2677.8,2849.1,2.73,2689.31,2813.07,2921.16,128.8,132.58,aerospace & defence,engineering,-2.76,0.76,0.67,0.6,0.63,6.95,6.95,6.95,3.74,6.4,277.56,106.45,3.96,3.96,2.61,73.38,18399.98,6.74,5.53,2.89,160.92,28517503,64581743,2026-09-12,,,,,,,,,,,,,,,,,,,,,,,,,
2026-09-12T08:29:07.952,KALYANKJIL,610.0,589.05,601.15,-2.28,568.27,587.19,629.08,44.46,43.25,consumer discretionary,diamond cutting / jewellery,3.05,0.46,0.2,0.44,0.23,3.56,3.56,3.56,3.6,2.05,26.31,21.63,3.33,3.33,1.22,23.57,62083.18,7.34,6.4,1.27,55.95,383528762,1032740207,2026-09-12,,,,,,,,,,,,,,,,,,,,,,,,,
2026-09-12T08:29:07.952,SAILIFE,1616.1,1571.4,1585.0,-0.38,1506.04,1576.55,1601.91,114.52,92.31,healthcare,pharmaceuticals - indian - bulk drugs & formln,2.49,0.53,0.73,0.44,0.74,2.84,2.84,2.84,3.73,0.87,188.87,59.09,3.46,3.46,3.2,182.74,33647.33,7.51,5.42,3.63,23.02,138991341,212286016,2026-09-12,,,,,,,,,,,,,,,,,,,,,,,,,
2026-09-12T08:29:07.952,SHAREINDIA,204.87,192.3,198.93,1.33,187.17,171.23,254.33,8.77,11.99,financials,finance & investments,14.85,0.41,0.16,0.35,0.14,7.26,7.26,6.54,4.98,17.91,23.14,9.91,3.83,3.83,2.33,259.03,4353.1,7.79,3.69,2.64,66.87,112440286,218825530,2026-09-12,,,,,,,,,,,,,,,,,,,,,,,,,
2026-09-12T08:29:07.952,BLUESTONE,899.0,841.5,890.35,4.12,829.4,813.85,1043.36,483.89,267.37,consumer discretionary,diamond cutting / jewellery,5.55,0.57,0.79,0.51,0.72,6.83,6.83,6.83,4.5,7.13,120.12,40.05,4.25,4.25,3.0,26.07,13569.09,8.5,6.93,3.47,121.97,127639804,152401781,2026-09-12,,,,,,,,,,,,,,,,,,,,,,,,,
2026-09-11T22:37:54.318,TEJASNET,560.4,539.4,552.65,0.52,515.13,559.0,539.95,-12.15,-10.63,telecom,telecommunications - equipment,-0.68,0.2,0.17,0.14,0.17,3.89,3.89,3.89,5.15,2.46,17.45,28.47,4.26,4.26,0.61,74.03,9785.01,-1.57,-4.22,0.63,46.55,83068296,177973982,2026-09-11,,,,,,,,,,,,,,,,,,,,,,,,,
2026-09-11T22:37:54.318,ACUTAAS,3488.0,3350.0,3383.7,-1.96,3197.6,3151.06,3848.99,93.27,73.17,healthcare,pharmaceuticals - indian - bulk drugs,3.17,0.5,0.98,0.44,1.02,8.32,8.32,4.12,3.55,6.36,63.92,120.12,3.77,3.77,0.53,95.46,28257.0,-1.39,-1.71,0.54,28.06,55129706,81871122,2026-09-11,,,,,,,,,,,,,,,,,,,,,,,,,
2026-09-11T22:37:54.318,GVT&D,4548.1,4428.7,4548.1,0.07,4294.82,4362.63,4919.04,80.19,89.15,industrials,electric equipment,6.03,0.16,0.43,0.11,0.43,2.7,2.7,2.7,3.63,2.7,174.28,165.06,3.13,3.13,1.06,59.19,116373.15,1.15,-3.93,1.1,72.34,125462802,256046535,2026-09-11,,,,,,,,,,,,,,,,,,,,,,,,,
2026-09-11T22:37:54.318,PWL,137.12,125.37,136.1,7.39,127.29,119.95,168.4,-126.02,1056.08,services,miscellaneous,6.81,0.49,0.01,0.38,-0.06,9.37,9.37,9.37,4.4,10.14,7.83,5.99,4.83,4.83,1.31,267.51,36762.94,1.38,-0.46,1.39,179.27,833349036,2900886652,2026-09-11,,,,,,,,,,,,,,,,,,,,,,,,,
2026-09-11T22:37:54.318,SAIL,182.43,178.65,179.0,-2.58,169.5,191.96,153.08,11.24,17.77,metals & mining,steel - large,-5.32,0.1,0.29,0.09,0.33,2.12,2.12,2.12,3.47,0.2,4.05,6.2,3.49,3.49,0.65,45.81,75898.4,1.66,-0.38,0.67,5.64,1445810739,4130525289,2026-09-11,,,,,,,,,,,,,,,,,,,,,,,,,
2026-09-11T22:37:54.318,DATAPATTNS,4848.0,4655.5,4829.2,1.09,4558.81,4615.78,5256.03,306.42,99.82,aerospace & defence,electronics - components,3.18,0.38,0.76,0.31,0.74,4.13,4.13,4.13,3.67,3.73,322.58,177.01,3.77,3.77,1.82,61.38,26744.66,1.97,-0.87,1.95,98.13,32241586,55983969,2026-09-11,,,,,,,,,,,,,,,,,,,,,,,,,
2026-09-11T22:37:54.318,MTARTECH,7399.0,7005.0,7312.5,0.1,6831.56,7131.19,7675.13,111.95,168.36,aerospace & defence,engineering,1.38,0.99,1.96,0.9,1.96,5.62,5.62,5.62,4.62,4.39,626.69,338.08,3.89,3.89,1.85,33.37,22469.88,2.33,-1.76,2.03,90.96,21729927,30759591,2026-09-11,,,,,,,,,,,,,,,,,,,,,,,,,
2026-09-11T22:37:54.318,MOTILALOFS,1030.7,988.0,1026.5,1.13,983.11,1049.57,980.37,12.13,30.83,financials,finance & investments,-3.99,0.39,0.16,0.33,0.15,4.32,4.32,4.32,2.88,3.9,74.93,29.58,3.15,3.15,2.53,50.91,61117.89,2.68,2.16,2.73,130.14,197478952,602146704,2026-09-11,,,,,,,,,,,,,,,,,,,,,,,,,
2026-09-11T22:37:54.318,WABAG,2319.0,2164.6,2277.9,2.99,2149.61,2036.85,2759.99,39.68,32.07,realty,engineering - turnkey services,5.6,0.71,0.73,0.58,0.69,9.55,9.55,7.13,4.12,13.26,245.21,93.82,4.2,4.2,2.61,296.96,13791.63,2.75,1.42,2.93,120.76,50459608,62354776,2026-09-11,,,,,,,,,,,,,,,,,,,,,,,,,
2026-09-11T22:37:54.318,GRANULES,914.85,881.25,909.3,1.12,869.71,846.55,1034.81,31.31,33.23,healthcare,pharmaceuticals - indian - bulk drugs & formln,4.52,0.49,0.46,0.4,0.44,5.14,5.14,3.81,3.1,4.51,50.59,28.2,3.03,3.03,1.79,705.89,22283.14,3.15,1.39,1.9,99.45,153593396,247796921,2026-09-11,,,,,,,,,,,,,,,,,,,,,,,,,
2026-09-11T22:37:54.318,NETWEB,5055.0,4916.0,5027.0,0.27,4699.84,5074.04,4932.91,83.9,109.23,i.t,computers - hardware,-5.36,0.46,0.58,0.42,0.58,3.16,3.16,2.83,4.06,2.98,242.94,204.25,4.55,4.55,1.19,57.4,28547.21,3.17,1.28,1.25,54.35,18799145,56940687,2026-09-11,,,,,,,,,,,,,,,,,,,,,,,,,
2026-09-11T22:37:54.318,SYRMA,1608.2,1556.1,1589.3,-0.59,1506.68,1512.73,1742.44,76.56,83.05,consumer discretionary,electronics - components,8.0,1.02,1.15,0.95,1.17,3.35,3.35,3.35,3.61,2.13,149.3,57.44,3.5,3.5,2.6,42.84,30829.74,3.61,1.57,2.87,57.8,111298962,192830485,2026-09-11,,,,,,,,,,,,,,,,,,,,,,,,,
2026-09-11T22:37:54.318,MRPL,186.83,173.51,175.86,-3.01,164.31,170.87,185.84,8.14,10.11,energy,refineries,3.68,-0.09,0.18,-0.13,0.22,7.68,7.68,7.68,4.96,1.54,6.17,8.73,4.22,4.22,0.71,91.04,31778.12,3.65,0.67,0.73,26.92,200091162,1752598777,2026-09-11,,,,,,,,,,,,,,,,,,,,,,,,,
2026-09-11T22:37:54.318,IFCI,85.59,81.52,82.29,-3.36,74.71,93.24,60.4,171.44,133.05,financials,finance - term-lending institutions,-9.6,0.33,0.55,0.44,0.6,4.99,4.99,4.99,7.64,0.95,2.73,6.29,6.31,6.31,0.43,188.79,22942.09,3.68,1.4,0.45,12.25,739037235,2694314331,2026-09-11,,,,,,,,,,,,,,,,,,,,,,,,,
2026-09-11T22:37:54.318,PARAS,1446.6,1404.0,1435.6,-1.22,1338.18,1439.51,1427.78,136.46,124.0,aerospace & defence,engineering,-0.39,1.07,1.03,0.99,1.06,3.03,3.03,3.03,4.49,2.25,100.51,64.42,5.03,5.03,1.56,47.9,11711.76,3.75,3.34,1.68,49.06,37718746,80587330,2026-09-11,,,,,,,,,,,,,,,,,,,,,,,,,
2026-09-11T22:37:54.318,WOCKPHARMA,2237.0,2167.3,2179.4,-1.86,2060.81,2048.88,2440.44,83.18,88.12,healthcare,pharmaceuticals - indian - bulk drugs & formln,12.01,0.66,0.48,0.56,0.51,3.22,3.22,3.22,3.9,0.56,243.47,84.95,3.86,3.86,2.87,134.05,36083.01,3.81,-0.4,3.23,14.24,82733321,162492169,2026-09-11,,,,,,,,,,,,,,,,,,,,,,,,,
2026-09-11T22:37:54.318,CARTRADE,3105.2,2982.1,3087.9,1.75,2903.42,3050.13,3163.44,72.21,62.64,consumer discretionary,miscellaneous,-1.43,0.73,0.11,0.65,0.09,4.13,4.13,4.13,4.08,3.55,208.91,126.0,4.16,4.16,1.66,46.56,14573.55,3.88,2.85,1.78,83.97,48023035,48023035,2026-09-11,,,,,,,,,,,,,,,,,,,,,,,,,
2026-09-11T22:37:54.318,MCX,3389.0,3247.2,3276.0,-0.73,3124.5,3368.11,3091.78,50.52,21.38,financials,miscellaneous,-2.47,0.21,0.45,0.2,0.46,4.37,4.37,4.37,3.15,0.89,320.96,103.1,3.21,3.21,3.11,70.16,84147.31,4.38,2.13,3.45,27.93,254991845,254991845,2026-09-11,,,,,,,,,,,,,,,,,,,,,,,,,
2026-09-11T22:37:54.318,RAIN,217.4,208.64,215.97,-0.6,201.99,202.96,241.98,6.13,13.61,miscellaneous,miscellaneous,9.07,0.77,0.43,0.67,0.44,4.2,4.2,4.2,4.23,3.51,3.21,9.13,4.03,4.03,0.35,77.69,7308.12,4.47,1.5,0.36,80.32,197273326,336345679,2026-09-11,,,,,,,,,,,,,,,,,,,,,,,,,
2026-09-11T22:37:54.318,PPLPHARMA,214.45,208.68,211.35,-0.54,200.13,213.83,206.39,-101.61,-89.66,healthcare,pharmaceuticals - indian - bulk drugs & formln,-0.8,0.39,0.18,0.34,0.19,2.77,2.77,2.77,3.6,1.28,11.77,7.6,3.38,3.38,1.55,55.49,28289.82,4.99,4.91,1.64,35.12,868023458,1331348130,2026-09-11,,,,,,,,,,,,,,,,,,,,,,,,,
2026-09-11T22:37:54.318,APARINDS,17558.0,16686.0,17500.0,0.91,16474.89,17357.11,17785.79,37.6,58.96,industrials,electric equipment,-2.01,0.79,0.98,0.68,0.96,5.23,5.23,5.23,3.84,4.88,1766.72,671.32,3.8,3.8,2.63,114.2,72615.01,5.06,1.71,2.93,121.25,16969932,40174235,2026-09-11,,,,,,,,,,,,,,,,,,,,,,,,,
2026-09-11T22:37:54.318,BALRAMCHIN,709.0,687.0,691.4,-1.95,640.26,685.44,703.33,80.02,38.43,fmcg,sugar,1.59,0.31,0.55,0.27,0.58,3.2,3.2,3.2,4.93,0.64,52.11,34.07,6.15,6.15,1.53,36.24,14897.51,5.15,4.33,1.65,12.91,120725590,211267207,2026-09-11,,,,,,,,,,,,,,,,,,,,,,,,,
2026-09-11T22:37:54.318,MARKSANS,333.75,324.2,329.4,-0.3,310.09,331.14,325.92,23.73,28.96,healthcare,pharmaceuticals - indian - formulations,-2.63,0.82,0.79,0.75,0.8,3.07,3.07,2.95,3.83,1.73,36.47,12.62,3.93,3.93,2.89,45.14,14972.53,5.16,3.97,3.25,41.21,254341737,453163746,2026-09-11,,,,,,,,,,,,,,,,,,,,,,,,,
2026-09-11T22:37:54.318,RKFORGE,720.9,699.55,711.2,-2.18,674.57,707.06,719.47,68.91,123.44,industrials,castings & forgings,0.5,0.17,0.34,0.19,0.37,3.05,3.05,3.05,3.56,2.13,40.49,25.29,3.3,3.3,1.6,34.26,13244.67,5.62,4.94,1.7,46.06,103125411,182170017,2026-09-11,,,,,,,,,,,,,,,,,,,,,,,,,
2026-09-11T22:37:54.318,URBANCO,167.8,161.1,166.89,1.42,156.64,175.52,149.63,-69.54,-74.13,i.t,miscellaneous,-6.75,0.4,0.26,0.32,0.24,4.16,4.16,4.16,4.47,3.59,19.54,7.46,4.35,4.35,2.62,42.18,25378.12,5.76,4.32,2.97,77.62,1248818103,1542180603,2026-09-11,,,,,,,,,,,,,,,,,,,,,,,,,
2026-09-11T22:37:54.318,GRAPHITE,834.4,785.1,825.8,0.12,775.41,729.88,1017.63,23.41,75.53,industrials,electrodes - graphites,16.27,0.22,0.33,0.17,0.33,6.28,6.28,6.28,5.22,6.55,135.51,43.08,4.1,4.1,3.15,167.32,16114.58,5.99,1.37,3.76,94.47,67715949,195375594,2026-09-11,,,,,,,,,,,,,,,,,,,,,,,,,
2026-09-11T22:37:54.318,IOLCP,210.95,192.0,194.31,-8.1,178.66,203.38,176.18,22.18,36.96,healthcare,pharmaceuticals - indian - bulk drugs & formln,5.36,1.6,1.32,1.74,1.53,9.87,9.87,9.87,6.02,1.2,24.76,11.71,5.52,5.52,2.12,92.56,6206.05,6.64,5.21,2.42,19.73,110727510,293527510,2026-09-11,,,,,,,,,,,,,,,,,,,,,,,,,
2026-09-11T22:37:54.318,AZAD,2864.0,2677.8,2849.1,2.73,2689.31,2813.07,2921.16,128.8,129.06,aerospace & defence,engineering,-2.76,0.76,0.67,0.6,0.63,6.95,6.95,6.95,3.74,6.4,277.56,106.45,3.96,3.96,2.61,73.38,17911.75,6.74,5.53,2.89,160.92,28517503,64581743,2026-09-11,,,,,,,,,,,,,,,,,,,,,,,,,
2026-09-11T22:37:54.318,KALYANKJIL,610.0,589.05,601.15,-2.28,568.27,587.19,629.08,44.46,44.26,consumer discretionary,diamond cutting / jewellery,3.05,0.46,0.2,0.44,0.23,3.56,3.56,3.56,3.6,2.05,26.31,21.63,3.33,3.33,1.22,23.57,63534.18,7.34,6.4,1.27,55.95,383528762,1032740207,2026-09-11,,,,,,,,,,,,,,,,,,,,,,,,,
2026-09-11T22:37:54.318,SAILIFE,1616.1,1571.4,1585.0,-0.38,1506.04,1576.55,1601.91,114.52,92.67,healthcare,pharmaceuticals - indian - bulk drugs & formln,2.49,0.53,0.73,0.44,0.74,2.84,2.84,2.84,3.73,0.87,188.87,59.09,3.46,3.46,3.2,182.74,33776.83,7.51,5.42,3.63,23.02,138991341,212286016,2026-09-11,,,,,,,,,,,,,,,,,,,,,,,,,
2026-09-11T22:37:54.318,SHAREINDIA,204.87,192.3,198.93,1.33,187.17,171.23,254.33,8.77,11.83,financials,finance & investments,14.85,0.41,0.16,0.35,0.14,7.26,7.26,6.54,4.98,17.91,23.14,9.91,3.83,3.83,2.33,259.03,4295.98,7.79,3.69,2.64,66.87,112440286,218825530,2026-09-11,,,,,,,,,,,,,,,,,,,,,,,,,
2026-09-11T22:37:54.318,BLUESTONE,899.0,841.5,890.35,4.12,829.4,813.85,1043.36,483.89,256.8,consumer discretionary,diamond cutting / jewellery,5.55,0.57,0.79,0.51,0.72,6.83,6.83,6.83,4.5,7.13,120.12,40.05,4.25,4.25,3.0,26.07,13032.64,8.5,6.93,3.47,121.97,127639804,152401781,2026-09-11,,,,,,,,,,,,,,,,,,,,,,,,,
2026-09-09T06:10:22.061,TEJASNET,604.95,583.4,590.05,-0.6,554.2,542.64,684.87,-12.97,-11.4,telecom,telecommunications - equipment,12.54,0.17,0.26,0.27,0.27,3.69,3.69,3.69,4.63,3.52,52.35,27.32,3.9,3.9,1.92,88.52,10501.35,-2.08,-4.65,2.1,24.34,83068296,177973982,2026-09-09,,,,,,,,,,,,,,,,,,,,,,,,,
2026-09-09T06:10:22.061,KIRLOSENG,2285.0,2163.9,2272.8,4.51,2136.59,2083.84,2650.71,72.66,60.5,industrials,engines,5.4,0.46,0.69,0.37,0.62,5.96,5.96,5.6,3.98,5.39,67.06,90.45,3.7,3.7,0.74,97.42,33041.95,-0.97,-1.09,0.76,120.4,85674581,145379944,2026-09-09,,,,,,,,,,,,,,,,,,,,,,,,,
2026-09-09T06:10:22.061,GVT&D,4793.0,4610.0,4750.0,8.77,4491.22,4219.5,5810.99,83.74,93.17,industrials,electric equipment,3.28,0.14,0.47,0.06,0.35,10.92,10.92,3.97,3.67,10.35,369.11,174.18,3.12,3.12,2.12,405.96,121622.1,-0.74,-4.65,2.3,80.38,125462802,256046535,2026-09-09,,,,,,,,,,,,,,,,,,,,,,,,,
2026-09-09T06:10:22.061,IDEA,15.58,15.31,15.42,-1.15,14.7,14.82,16.63,-11.01,4.47,telecom-service,telecommunications - service provider,3.09,0.42,0.24,0.44,0.26,3.45,3.45,1.76,3.34,6.27,1.57,0.52,3.76,3.76,3.05,91.49,167064.96,0.28,-2.91,3.39,21.34,80561956458,108343035001,2026-09-09,,,,,,,,,,,,,,,,,,,,,,,,,
2026-09-09T06:10:22.061,HINDCOPPER,537.0,520.0,532.85,4.67,503.03,523.36,551.84,36.6,45.39,metals & mining,mining / minerals / metals,-5.22,-0.11,0.26,-0.14,0.21,6.0,6.0,3.27,3.59,5.18,17.92,19.12,3.93,3.93,0.94,250.46,51527.87,0.92,-0.66,0.97,67.2,327410647,967024020,2026-09-09,,,,,,,,,,,,,,,,,,,,,,,,,
2026-09-09T06:10:22.061,SAIL,190.8,186.05,186.1,-0.96,176.03,193.04,172.23,11.69,18.0,metals & mining,steel - large,-1.84,0.14,0.36,0.15,0.37,2.55,2.55,2.55,3.85,0.03,12.01,7.17,3.91,3.91,1.68,97.71,76869.08,1.12,-1.88,1.79,0.7,1445810739,4130525289,2026-09-09,,,,,,,,,,,,,,,,,,,,,,,,,
2026-09-09T06:10:22.061,DATAPATTNS,4950.0,4617.1,4932.3,7.44,4663.23,4558.22,5680.46,312.96,103.06,aerospace & defence,electronics - components,-0.33,0.32,0.79,0.2,0.67,8.69,8.69,7.21,3.49,8.49,441.53,172.22,3.67,3.67,2.56,313.41,27612.97,1.5,-1.29,2.82,183.02,32241586,55983969,2026-09-09,,,,,,,,,,,,,,,,,,,,,,,,,
2026-09-09T06:10:22.061,NETWEB,5228.5,5071.5,5087.5,-1.35,4748.62,5225.31,4811.89,84.9,110.84,i.t,computers - hardware,-2.85,0.41,0.52,0.47,0.54,3.1,3.1,3.1,4.32,0.32,334.81,219.88,4.79,4.79,1.52,54.49,28968.57,1.86,0.68,1.63,7.28,18799145,56940687,2026-09-09,,,,,,,,,,,,,,,,,,,,,,,,,
2026-09-09T06:10:22.061,APARINDS,17812.0,17372.0,17635.0,-0.53,16625.56,17386.01,18132.98,37.89,59.96,industrials,electric equipment,-0.44,0.63,0.92,0.6,0.93,2.92,2.92,2.53,3.59,1.9,2070.06,633.89,4.17,4.17,3.27,72.89,73841.87,2.28,1.55,3.7,41.49,16969932,40174235,2026-09-09,,,,,,,,,,,,,,,,,,,,,,,,,
2026-09-09T06:10:22.061,NIACL,232.0,199.52,205.22,-11.24,188.76,195.93,223.79,-34.9,43.85,financials,finance & investments,19.23,0.37,0.3,0.57,0.47,16.28,16.28,16.28,7.8,4.44,22.21,16.02,5.45,5.45,1.39,783.1,33820.26,2.43,1.38,1.56,35.59,240000000,1648000000,2026-09-09,,,,,,,,,,,,,,,,,,,,,,,,,
2026-09-09T06:10:22.061,EPL,252.6,245.95,248.1,-0.34,232.68,248.82,246.66,20.14,20.49,industrials,packaging,-2.03,0.16,0.11,0.18,0.12,2.7,2.7,2.7,4.44,1.45,7.32,11.0,4.56,4.56,0.67,65.33,7946.14,2.59,1.7,0.69,19.54,235799878,320279659,2026-09-09,,,,,,,,,,,,,,,,,,,,,,,,,
2026-09-09T06:10:22.061,SYRMA,1660.0,1592.2,1639.2,0.27,1554.39,1457.0,2003.59,78.96,85.15,consumer discretionary,electronics - components,1.37,0.98,1.16,1.05,1.16,13.83,13.83,4.26,3.82,13.02,211.49,62.64,3.57,3.57,3.38,186.69,31608.77,3.01,1.43,3.88,75.03,111298962,192830485,2026-09-09,,,,,,,,,,,,,,,,,,,,,,,,,
2026-09-09T06:10:22.061,TATATECH,803.6,781.75,798.5,1.71,756.13,791.6,812.3,44.86,58.2,i.t,computers - software - medium / small,-3.09,0.3,0.16,0.27,0.15,3.26,3.26,2.79,3.42,2.6,21.64,27.32,3.43,3.43,0.79,56.38,32423.24,3.03,-0.01,0.81,61.3,182027094,406051830,2026-09-09,,,,,,,,,,,,,,,,,,,,,,,,,
2026-09-09T06:10:22.061,HFCL,255.16,245.51,250.76,3.19,234.68,237.65,276.99,42.07,65.3,telecom,cables - telephone,-0.17,2.31,2.66,2.25,2.55,7.39,7.39,3.93,4.54,11.45,31.93,11.38,4.24,4.24,2.81,73.91,38381.39,3.11,2.44,3.22,46.13,1097557869,1530602463,2026-09-09,,,,,,,,,,,,,,,,,,,,,,,,,
2026-09-09T06:10:22.061,WOCKPHARMA,2240.0,2166.0,2224.0,0.73,2103.38,1916.0,2840.0,84.89,88.25,healthcare,pharmaceuticals - indian - bulk drugs & formln,12.2,0.54,0.49,0.59,0.48,7.89,7.89,3.42,4.13,12.54,304.03,91.94,3.92,3.92,3.31,166.4,36138.26,3.21,-1.46,3.83,63.08,82733321,162492169,2026-09-09,,,,,,,,,,,,,,,,,,,,,,,,,
2026-09-09T06:10:22.061,GRAPHITE,743.9,713.0,734.25,2.39,696.62,702.5,797.75,20.81,67.24,industrials,electrodes - graphites,1.77,0.06,0.24,0.04,0.22,4.33,4.33,4.33,3.52,2.98,56.51,25.86,3.36,3.36,2.19,88.67,14345.45,3.38,0.03,2.37,82.16,67715949,195375594,2026-09-09,,,,,,,,,,,,,,,,,,,,,,,,,
2026-09-09T06:10:22.061,CGCL,278.8,268.15,270.75,-1.8,253.57,256.22,299.8,18.44,23.1,financials,finance & investments,10.95,0.51,0.47,0.62,0.5,3.97,3.97,3.97,4.76,0.97,28.39,12.88,4.76,4.76,2.2,69.05,26050.32,3.46,2.54,2.46,20.19,385642654,962153962,2026-09-09,,,,,,,,,,,,,,,,,,,,,,,,,
2026-09-09T06:10:22.061,AVALON,2360.0,2280.8,2290.3,-2.64,2108.0,2279.12,2312.65,109.69,114.4,consumer discretionary,electronics - components,-0.7,1.22,1.54,1.38,1.61,4.88,4.88,3.47,5.99,5.3,360.48,137.16,5.86,5.86,2.63,73.84,15301.9,3.47,2.92,3.12,6.93,37153867,66811755,2026-09-09,,,,,,,,,,,,,,,,,,,,,,,,,
2026-09-09T06:10:22.061,ANANTRAJ,641.0,623.05,625.85,-1.94,595.37,598.63,680.3,37.61,37.93,realty,construction,3.24,0.19,0.08,0.23,0.11,4.19,4.19,2.88,3.54,1.73,24.58,22.13,3.08,3.08,1.11,34.59,22522.9,3.66,1.92,1.16,12.65,153219107,359876930,2026-09-09,,,,,,,,,,,,,,,,,,,,,,,,,
2026-09-09T06:10:22.061,PARAS,1563.9,1496.0,1504.0,0.98,1406.4,1449.4,1613.2,142.97,128.33,aerospace & defence,engineering,-2.88,0.97,1.15,0.9,1.13,10.57,10.57,4.54,4.33,6.67,177.77,65.07,5.07,5.07,2.73,164.11,12120.33,3.72,3.51,3.1,12.29,37718746,80587330,2026-09-09,,,,,,,,,,,,,,,,,,,,,,,,,
2026-09-09T06:10:22.061,CHENNPETRO,1475.0,1415.1,1457.8,1.93,1369.28,1393.75,1585.9,5.26,5.2,energy,refineries,2.44,0.44,0.64,0.4,0.61,4.23,4.23,4.23,3.69,3.02,172.24,53.79,4.15,4.15,3.2,54.8,21708.3,3.82,1.73,3.63,79.39,48713300,148911400,2026-09-09,,,,,,,,,,,,,,,,,,,,,,,,,
2026-09-09T06:10:22.061,MARKSANS,349.95,331.6,335.9,0.25,315.91,333.03,341.64,24.2,29.44,healthcare,pharmaceuticals - indian - formulations,-2.12,0.78,0.78,0.82,0.77,7.1,7.1,5.53,4.1,3.85,46.76,13.77,5.1,5.1,3.4,140.95,15221.77,3.83,3.73,3.94,31.23,254341737,453163746,2026-09-09,,,,,,,,,,,,,,,,,,,,,,,,,
2026-09-09T06:10:22.061,RAIN,222.35,212.42,217.81,3.04,203.98,195.8,261.84,6.18,13.64,miscellaneous,miscellaneous,9.33,0.66,0.68,0.67,0.63,5.81,5.81,4.67,4.04,3.67,6.98,8.79,3.95,3.95,0.79,127.91,7325.95,4.24,0.8,0.82,61.32,197273326,336345679,2026-09-09,,,,,,,,,,,,,,,,,,,,,,,,,
2026-09-09T06:10:22.061,IFCI,103.59,91.77,92.61,-9.66,85.07,92.63,92.56,192.94,144.7,financials,finance - term-lending institutions,14.1,0.59,0.69,0.8,0.87,12.88,12.88,12.88,7.45,0.92,13.59,6.9,6.01,6.01,1.97,408.48,24952.04,4.36,0.3,2.31,12.17,739037235,2694314331,2026-09-09,,,,,,,,,,,,,,,,,,,,,,,,,
2026-09-09T06:10:22.061,RKFORGE,709.8,695.1,701.3,-0.7,665.16,721.53,660.84,67.96,119.07,industrials,castings & forgings,-5.95,0.15,0.29,0.17,0.3,2.72,2.72,2.11,3.55,1.72,39.46,24.91,3.14,3.14,1.58,32.15,12775.58,4.92,4.67,1.68,24.89,103125411,182170017,2026-09-09,,,,,,,,,,,,,,,,,,,,,,,,,
2026-09-09T06:10:22.061,BALRAMCHIN,742.0,702.8,711.45,-0.01,656.73,678.76,776.84,82.34,38.77,fmcg,sugar,3.36,0.29,0.55,0.32,0.56,6.76,6.76,5.58,5.72,4.24,80.59,40.71,6.27,6.27,1.98,89.59,15030.61,4.97,3.72,2.23,21.25,120725590,211267207,2026-09-09,,,,,,,,,,,,,,,,,,,,,,,,,
2026-09-09T06:10:22.061,PAISALO,78.85,76.71,77.72,-2.13,73.61,68.32,96.51,29.0,28.06,financials,finance & investments,12.05,1.17,1.11,1.19,1.16,6.2,6.2,2.79,3.85,10.95,7.02,2.99,3.47,3.47,2.35,64.48,7068.8,5.51,2.04,2.58,33.78,484634574,909521874,2026-09-09,,,,,,,,,,,,,,,,,,,,,,,,,
2026-09-09T06:10:22.061,IIFL,675.8,616.4,628.0,-3.98,588.77,642.33,599.35,9.89,12.7,financials,finance & investments,-1.77,0.18,0.06,0.27,0.11,9.64,9.64,9.64,4.97,1.88,28.8,31.2,4.07,4.07,0.92,264.7,26710.41,5.89,4.8,0.97,37.18,319650320,425324987,2026-09-09,,,,,,,,,,,,,,,,,,,,,,,,,
2026-09-09T06:10:22.061,KALYANKJIL,618.9,587.1,612.6,3.65,578.99,585.19,667.41,45.31,44.07,consumer discretionary,diamond cutting / jewellery,0.21,0.44,0.21,0.39,0.17,5.42,5.42,5.42,3.69,4.66,51.21,22.62,3.43,3.43,2.26,40.04,63265.67,6.41,6.22,2.47,112.71,383528762,1032740207,2026-09-09,,,,,,,,,,,,,,,,,,,,,,,,,
2026-09-09T06:10:22.061,AZAD,2885.8,2800.0,2822.1,-1.6,2665.22,2846.74,2772.82,127.58,131.32,aerospace & defence,engineering,-3.06,0.59,0.64,0.63,0.67,4.06,4.06,3.06,3.53,2.5,293.68,99.67,4.0,4.0,2.95,40.54,18225.61,6.59,4.89,3.29,22.17,28517503,64581743,2026-09-09,,,,,,,,,,,,,,,,,,,,,,,,,
2026-09-09T06:10:22.061,BLUESTONE,884.8,850.1,868.7,-0.15,809.44,794.23,1017.64,472.12,260.87,consumer discretionary,diamond cutting / jewellery,6.82,0.59,0.67,0.67,0.67,4.95,4.95,4.08,4.2,8.58,116.7,36.48,4.61,4.61,3.2,12.57,13239.14,7.99,6.89,3.7,50.99,127639804,152401781,2026-09-09,,,,,,,,,,,,,,,,,,,,,,,,,
2026-09-09T06:10:22.061,SKYGOLD,833.25,789.05,820.0,4.04,766.0,790.76,878.47,30.73,37.81,consumer discretionary,diamond cutting / jewellery,-4.44,1.22,1.38,1.2,1.29,8.64,8.64,5.6,4.72,11.87,115.0,38.7,4.76,4.76,2.97,116.47,12699.66,8.28,7.3,3.46,79.98,74742590,154873884,2026-09-09,,,,,,,,,,,,,,,,,,,,,,,,,
2026-09-08T23:02:30.841,TEJASNET,604.95,583.4,590.05,-0.6,554.2,542.64,684.87,-12.97,-11.47,telecom,telecommunications - equipment,12.54,0.17,0.26,0.27,0.27,3.69,3.69,3.69,4.63,3.52,52.35,27.32,3.9,3.9,1.92,88.52,10564.54,-2.08,-4.65,2.1,24.34,83068296,177973982,2026-09-08,,,,,,,,,,,,,,,,,,,,,,,,,
2026-09-08T23:02:30.841,KIRLOSENG,2285.0,2163.9,2272.8,4.51,2136.59,2083.84,2650.71,72.66,57.89,industrials,engines,5.4,0.46,0.69,0.37,0.62,5.96,5.96,5.6,3.98,5.39,67.06,90.45,3.7,3.7,0.74,97.42,31617.23,-0.97,-1.09,0.76,120.4,85674581,145379944,2026-09-08,,,,,,,,,,,,,,,,,,,,,,,,,
2026-09-08T23:02:30.841,GVT&D,4793.0,4610.0,4750.0,8.77,4491.22,4219.5,5810.99,83.74,85.67,industrials,electric equipment,3.28,0.14,0.47,0.06,0.35,10.92,10.92,3.97,3.67,10.35,369.11,174.18,3.12,3.12,2.12,405.96,111820.64,-0.74,-4.65,2.3,80.38,125462802,256046535,2026-09-08,,,,,,,,,,,,,,,,,,,,,,,,,
2026-09-08T23:02:30.841,IDEA,15.58,15.31,15.42,-1.15,14.7,14.82,16.63,-11.01,4.52,telecom-service,telecommunications - service provider,3.09,0.42,0.24,0.44,0.26,3.45,3.45,1.76,3.34,6.27,1.57,0.52,3.76,3.76,3.05,91.49,169015.13,0.28,-2.91,3.39,21.34,80561956458,108343035001,2026-09-08,,,,,,,,,,,,,,,,,,,,,,,,,
2026-09-08T23:02:30.841,HINDCOPPER,537.0,520.0,532.85,4.67,503.03,523.36,551.84,36.6,43.36,metals & mining,mining / minerals / metals,-5.22,-0.11,0.26,-0.14,0.21,6.0,6.0,3.27,3.59,5.18,17.92,19.12,3.93,3.93,0.94,250.46,49231.19,0.92,-0.66,0.97,67.2,327410647,967024020,2026-09-08,,,,,,,,,,,,,,,,,,,,,,,,,
2026-09-08T23:02:30.841,SAIL,190.8,186.05,186.1,-0.96,176.03,193.04,172.23,11.69,18.17,metals & mining,steel - large,-1.84,0.14,0.36,0.15,0.37,2.55,2.55,2.55,3.85,0.03,12.01,7.17,3.91,3.91,1.68,97.71,77612.57,1.12,-1.88,1.79,0.7,1445810739,4130525289,2026-09-08,,,,,,,,,,,,,,,,,,,,,,,,,
2026-09-08T23:02:30.841,DATAPATTNS,4950.0,4617.1,4932.3,7.44,4663.23,4558.22,5680.46,312.96,95.92,aerospace & defence,electronics - components,-0.33,0.32,0.79,0.2,0.67,8.69,8.69,7.21,3.49,8.49,441.53,172.22,3.67,3.67,2.56,313.41,25701.12,1.5,-1.29,2.82,183.02,32241586,55983969,2026-09-08,,,,,,,,,,,,,,,,,,,,,,,,,
2026-09-08T23:02:30.841,NETWEB,5228.5,5071.5,5087.5,-1.35,4748.62,5225.31,4811.89,84.9,112.35,i.t,computers - hardware,-2.85,0.41,0.52,0.47,0.54,3.1,3.1,3.1,4.32,0.32,334.81,219.88,4.79,4.79,1.52,54.49,29364.31,1.86,0.68,1.63,7.28,18799145,56940687,2026-09-08,,,,,,,,,,,,,,,,,,,,,,,,,
2026-09-08T23:02:30.841,APARINDS,17812.0,17372.0,17635.0,-0.53,16625.56,17386.01,18132.98,37.89,60.27,industrials,electric equipment,-0.44,0.63,0.92,0.6,0.93,2.92,2.92,2.53,3.59,1.9,2070.06,633.89,4.17,4.17,3.27,72.89,74231.28,2.28,1.55,3.7,41.49,16969932,40174235,2026-09-08,,,,,,,,,,,,,,,,,,,,,,,,,
2026-09-08T23:02:30.841,NIACL,232.0,199.52,205.22,-11.24,188.76,195.93,223.79,-34.9,49.4,financials,finance & investments,19.23,0.37,0.3,0.57,0.47,16.28,16.28,16.28,7.8,4.44,22.21,16.02,5.45,5.45,1.39,783.1,38101.76,2.43,1.38,1.56,35.59,240000000,1648000000,2026-09-08,,,,,,,,,,,,,,,,,,,,,,,,,
2026-09-08T23:02:30.841,EPL,252.6,245.95,248.1,-0.34,232.68,248.82,246.66,20.14,20.56,industrials,packaging,-2.03,0.16,0.11,0.18,0.12,2.7,2.7,2.7,4.44,1.45,7.32,11.0,4.56,4.56,0.67,65.33,7973.36,2.59,1.7,0.69,19.54,235799878,320279659,2026-09-08,,,,,,,,,,,,,,,,,,,,,,,,,
2026-09-08T23:02:30.841,SYRMA,1660.0,1592.2,1639.2,0.27,1554.39,1457.0,2003.59,78.96,84.92,consumer discretionary,electronics - components,1.37,0.98,1.16,1.05,1.16,13.83,13.83,4.26,3.82,13.02,211.49,62.64,3.57,3.57,3.38,186.69,31523.93,3.01,1.43,3.88,75.03,111298962,192830485,2026-09-08,,,,,,,,,,,,,,,,,,,,,,,,,
2026-09-08T23:02:30.841,TATATECH,803.6,781.75,798.5,1.71,756.13,791.6,812.3,44.86,57.22,i.t,computers - software - medium / small,-3.09,0.3,0.16,0.27,0.15,3.26,3.26,2.79,3.42,2.6,21.64,27.32,3.43,3.43,0.79,56.38,31879.13,3.03,-0.01,0.81,61.3,182027094,406051830,2026-09-08,,,,,,,,,,,,,,,,,,,,,,,,,
2026-09-08T23:02:30.841,HFCL,255.16,245.51,250.76,3.19,234.68,237.65,276.99,42.07,63.28,telecom,cables - telephone,-0.17,2.31,2.66,2.25,2.55,7.39,7.39,3.93,4.54,11.45,31.93,11.38,4.24,4.24,2.81,73.91,37195.17,3.11,2.44,3.22,46.13,1097557869,1530602463,2026-09-08,,,,,,,,,,,,,,,,,,,,,,,,,
2026-09-08T23:02:30.841,WOCKPHARMA,2240.0,2166.0,2224.0,0.73,2103.38,1916.0,2840.0,84.89,87.62,healthcare,pharmaceuticals - indian - bulk drugs & formln,12.2,0.54,0.49,0.59,0.48,7.89,7.89,3.42,4.13,12.54,304.03,91.94,3.92,3.92,3.31,166.4,35878.27,3.21,-1.46,3.83,63.08,82733321,162492169,2026-09-08,,,,,,,,,,,,,,,,,,,,,,,,,
2026-09-08T23:02:30.841,GRAPHITE,743.9,713.0,734.25,2.39,696.62,702.5,797.75,20.81,65.67,industrials,electrodes - graphites,1.77,0.06,0.24,0.04,0.22,4.33,4.33,4.33,3.52,2.98,56.51,25.86,3.36,3.36,2.19,88.67,14010.38,3.38,0.03,2.37,82.16,67715949,195375594,2026-09-08,,,,,,,,,,,,,,,,,,,,,,,,,
2026-09-08T23:02:30.841,CGCL,278.8,268.15,270.75,-1.8,253.57,256.22,299.8,18.44,23.52,financials,finance & investments,10.95,0.51,0.47,0.62,0.5,3.97,3.97,3.97,4.76,0.97,28.39,12.88,4.76,4.76,2.2,69.05,26526.58,3.46,2.54,2.46,20.19,385642654,962153962,2026-09-08,,,,,,,,,,,,,,,,,,,,,,,,,
2026-09-08T23:02:30.841,AVALON,2360.0,2280.8,2290.3,-2.64,2108.0,2279.12,2312.65,109.69,117.51,consumer discretionary,electronics - components,-0.7,1.22,1.54,1.38,1.61,4.88,4.88,3.47,5.99,5.3,360.48,137.16,5.86,5.86,2.63,73.84,15717.47,3.47,2.92,3.12,6.93,37153867,66811755,2026-09-08,,,,,,,,,,,,,,,,,,,,,,,,,
2026-09-08T23:02:30.841,ANANTRAJ,641.0,623.05,625.85,-1.94,595.37,598.63,680.3,37.61,38.68,realty,construction,3.24,0.19,0.08,0.23,0.11,4.19,4.19,2.88,3.54,1.73,24.58,22.13,3.08,3.08,1.11,34.59,22969.15,3.66,1.92,1.16,12.65,153219107,359876930,2026-09-08,,,,,,,,,,,,,,,,,,,,,,,,,
2026-09-08T23:02:30.841,PARAS,1563.9,1496.0,1504.0,0.98,1406.4,1449.4,1613.2,142.97,127.08,aerospace & defence,engineering,-2.88,0.97,1.15,0.9,1.13,10.57,10.57,4.54,4.33,6.67,177.77,65.07,5.07,5.07,2.73,164.11,12002.68,3.72,3.51,3.1,12.29,37718746,80587330,2026-09-08,,,,,,,,,,,,,,,,,,,,,,,,,
2026-09-08T23:02:30.841,CHENNPETRO,1475.0,1415.1,1457.8,1.93,1369.28,1393.75,1585.9,5.26,5.1,energy,refineries,2.44,0.44,0.64,0.4,0.61,4.23,4.23,4.23,3.69,3.02,172.24,53.79,4.15,4.15,3.2,54.8,21297.31,3.82,1.73,3.63,79.39,48713300,148911400,2026-09-08,,,,,,,,,,,,,,,,,,,,,,,,,
2026-09-08T23:02:30.841,MARKSANS,349.95,331.6,335.9,0.25,315.91,333.03,341.64,24.2,29.36,healthcare,pharmaceuticals - indian - formulations,-2.12,0.78,0.78,0.82,0.77,7.1,7.1,5.53,4.1,3.85,46.76,13.77,5.1,5.1,3.4,140.95,15183.25,3.83,3.73,3.94,31.23,254341737,453163746,2026-09-08,,,,,,,,,,,,,,,,,,,,,,,,,
2026-09-08T23:02:30.841,RAIN,222.35,212.42,217.81,3.04,203.98,195.8,261.84,6.18,13.24,miscellaneous,miscellaneous,9.33,0.66,0.68,0.67,0.63,5.81,5.81,4.67,4.04,3.67,6.98,8.79,3.95,3.95,0.79,127.91,7109.68,4.24,0.8,0.82,61.32,197273326,336345679,2026-09-08,,,,,,,,,,,,,,,,,,,,,,,,,
2026-09-08T23:02:30.841,IFCI,103.59,91.77,92.61,-9.66,85.07,92.63,92.56,192.94,160.17,financials,finance - term-lending institutions,14.1,0.59,0.69,0.8,0.87,12.88,12.88,12.88,7.45,0.92,13.59,6.9,6.01,6.01,1.97,408.48,27619.42,4.36,0.3,2.31,12.17,739037235,2694314331,2026-09-08,,,,,,,,,,,,,,,,,,,,,,,,,
2026-09-08T23:02:30.841,RKFORGE,709.8,695.1,701.3,-0.7,665.16,721.53,660.84,67.96,119.91,industrials,castings & forgings,-5.95,0.15,0.29,0.17,0.3,2.72,2.72,2.11,3.55,1.72,39.46,24.91,3.14,3.14,1.58,32.15,12865.76,4.92,4.67,1.68,24.89,103125411,182170017,2026-09-08,,,,,,,,,,,,,,,,,,,,,,,,,
2026-09-08T23:02:30.841,BALRAMCHIN,742.0,702.8,711.45,-0.01,656.73,678.76,776.84,82.34,38.78,fmcg,sugar,3.36,0.29,0.55,0.32,0.56,6.76,6.76,5.58,5.72,4.24,80.59,40.71,6.27,6.27,1.98,89.59,15032.72,4.97,3.72,2.23,21.25,120725590,211267207,2026-09-08,,,,,,,,,,,,,,,,,,,,,,,,,
2026-09-08T23:02:30.841,PAISALO,78.85,76.71,77.72,-2.13,73.61,68.32,96.51,29.0,28.67,financials,finance & investments,12.05,1.17,1.11,1.19,1.16,6.2,6.2,2.79,3.85,10.95,7.02,2.99,3.47,3.47,2.35,64.48,7222.51,5.51,2.04,2.58,33.78,484634574,909521874,2026-09-08,,,,,,,,,,,,,,,,,,,,,,,,,
2026-09-08T23:02:30.841,IIFL,675.8,616.4,628.0,-3.98,588.77,642.33,599.35,9.89,13.23,financials,finance & investments,-1.77,0.18,0.06,0.27,0.11,9.64,9.64,9.64,4.97,1.88,28.8,31.2,4.07,4.07,0.92,264.7,27818.38,5.89,4.8,0.97,37.18,319650320,425324987,2026-09-08,,,,,,,,,,,,,,,,,,,,,,,,,
2026-09-08T23:02:30.841,KALYANKJIL,618.9,587.1,612.6,3.65,578.99,585.19,667.41,45.31,42.52,consumer discretionary,diamond cutting / jewellery,0.21,0.44,0.21,0.39,0.17,5.42,5.42,5.42,3.69,4.66,51.21,22.62,3.43,3.43,2.26,40.04,61034.95,6.41,6.22,2.47,112.71,383528762,1032740207,2026-09-08,,,,,,,,,,,,,,,,,,,,,,,,,
2026-09-08T23:02:30.841,AZAD,2885.8,2800.0,2822.1,-1.6,2665.22,2846.74,2772.82,127.58,133.46,aerospace & defence,engineering,-3.06,0.59,0.64,0.63,0.67,4.06,4.06,3.06,3.53,2.5,293.68,99.67,4.0,4.0,2.95,40.54,18522.04,6.59,4.89,3.29,22.17,28517503,64581743,2026-09-08,,,,,,,,,,,,,,,,,,,,,,,,,
2026-09-08T23:02:30.841,BLUESTONE,884.8,850.1,868.7,-0.15,809.44,794.23,1017.64,472.12,261.26,consumer discretionary,diamond cutting / jewellery,6.82,0.59,0.67,0.67,0.67,4.95,4.95,4.08,4.2,8.58,116.7,36.48,4.61,4.61,3.2,12.57,13258.95,7.99,6.89,3.7,50.99,127639804,152401781,2026-09-08,,,,,,,,,,,,,,,,,,,,,,,,,
2026-09-08T23:02:30.841,SKYGOLD,833.25,789.05,820.0,4.04,766.0,790.76,878.47,30.73,36.34,consumer discretionary,diamond cutting / jewellery,-4.44,1.22,1.38,1.2,1.29,8.64,8.64,5.6,4.72,11.87,115.0,38.7,4.76,4.76,2.97,116.47,12206.39,8.28,7.3,3.46,79.98,74742590,154873884,2026-09-08,,,,,,,,,,,,,,,,,,,,,,,,,
2026-06-11T05:53:39.3,ATHERENERG,,,1042.0,0.89,,963.86,1159.21,-99.43,-74.7,auto,automobiles - scooters and 3 - wheelers,,0.41,0.7,,,,,8.11,,,,,,,,,,,,,,,,2026-06-11,982.89,973.0,0.88,64.32,40.2,59.27,931.4,873.45,51.22,,,,,,,,,,,,,,,,
2026-06-11T05:53:39.3,ACUTAAS,,,3207.0,0.26,,3170.31,3262.03,49.83,73.71,healthcare,pharmaceuticals - indian - bulk drugs,,0.79,1.12,,,,,1.16,,,,,,,,,,,,,,,,2026-06-11,3087.88,3115.6,0.71,64.82,47.75,81.7,2911.66,2778.16,42.86,,,,,,,,,,,,,,,,
2026-06-11T05:53:39.3,APARINDS,,,14085.0,3.5,,13180.84,15441.23,55.81,57.91,industrials,electric equipment,,0.5,0.56,,,,,6.86,,,,,,,,,,,,,,,,2026-06-11,13280.96,13208.0,1.48,64.73,35.27,70.1,12839.85,12066.98,19.13,,,,,,,,,,,,,,,,
2026-06-11T05:53:39.3,CARTRADE,,,2451.4,12.06,,1867.2,3327.7,45.4,52.39,consumer discretionary,miscellaneous,,-0.18,-0.01,,,,,31.29,,,,,,,,,,,,,,,,2026-06-11,2117.58,1891.1,9.14,80.15,25.41,-15.3,2139.55,1949.17,12.33,,,,,,,,,,,,,,,,
2026-06-11T05:53:39.3,HSCL,,,693.0,1.99,,616.05,808.43,43.53,45.95,chemicals,chemicals,,0.38,0.47,,,,,12.49,,,,,,,,,,,,,,,,2026-06-11,649.74,602.0,1.97,72.15,28.37,53.24,610.6,563.25,11.91,,,,,,,,,,,,,,,,
2026-06-11T05:53:39.3,ABSLAMC,,,1110.3,4.51,,1008.88,1262.43,42.84,32.88,financials,finance & investments,,0.41,0.32,,,,,10.05,,,,,,,,,,,,,,,,2026-06-11,1041.25,1024.1,1.42,64.04,26.03,45.6,1033.77,984.47,11.4,,,,,,,,,,,,,,,,
2026-06-11T05:53:39.3,ASTERDM,,,812.9,2.85,,738.6,924.35,74.72,107.81,healthcare,healthcare,,0.21,0.21,,,,,10.06,,,,,,,,,,,,,,,,2026-06-11,776.65,726.05,2.43,73.34,24.48,17.32,754.38,722.49,10.86,,,,,,,,,,,,,,,,
2026-06-11T05:53:39.3,HONASA,,,414.6,1.63,,412.23,418.16,48.66,67.41,services,trading,,0.49,0.33,,,,,0.58,,,,,,,,,,,,,,,,2026-06-11,399.5,400.3,0.28,68.36,48.48,51.47,384.92,367.96,8.58,,,,,,,,,,,,,,,,
2026-06-11T05:53:39.3,CCL,,,1193.4,3.86,,1052.4,1404.9,34.69,40.94,fmcg,tea,,0.17,0.28,,,,,13.4,,,,,,,,,,,,,,,,2026-06-11,1128.86,1060.3,5.95,65.4,20.56,16.49,1075.95,1030.67,8.16,,,,,,,,,,,,,,,,
2026-06-11T05:53:39.3,EICHERMOT,,,7219.5,0.23,,7032.05,7500.67,32.57,35.9,auto,automobiles - motorcycles / mopeds,,-0.07,0.0,,,,,2.67,,,,,,,,,,,,,,,,2026-06-11,7012.39,6956.0,0.81,53.93,14.87,4.85,6889.76,6690.96,7.51,,,,,,,,,,,,,,,,
2026-06-11T05:53:39.3,MINDACORP,,,648.1,0.15,,636.2,665.95,30.63,42.33,auto,auto ancillaries,,0.03,0.18,,,,,1.87,,,,,,,,,,,,,,,,2026-06-11,628.13,625.15,0.55,74.0,34.58,11.91,603.74,576.57,6.52,,,,,,,,,,,,,,,,
2026-06-11T05:53:39.3,TATACOMM,,,1978.6,0.14,,1998.5,1948.76,53.53,56.29,telecom-service,telecommunications - service provider,,0.01,0.16,,,,,-1.0,,,,,,,,,,,,,,,,2026-06-11,1914.92,1857.7,0.97,65.29,39.35,7.03,1816.73,1709.73,5.06,,,,,,,,,,,,,,,,
2026-06-11T05:53:39.3,ASIANPAINT,,,2715.1,0.26,,2661.12,2796.07,55.5,60.16,building materials,paints / varnishes,,-0.15,0.06,,,,,2.03,,,,,,,,,,,,,,,,2026-06-11,2646.0,2630.1,1.01,66.64,31.75,3.9,2597.97,2539.03,4.34,,,,,,,,,,,,,,,,
2026-06-11T05:53:39.3,AXISBANK,,,1314.5,1.71,,1256.16,1402.01,13.43,15.46,bank,banks - private sector,,-0.05,0.11,,,,,4.64,,,,,,,,,,,,,,,,2026-06-11,1257.83,1244.1,1.59,59.51,14.86,7.52,1256.98,1225.83,3.25,,,,,,,,,,,,,,,,
2026-06-11T05:53:39.3,CAPLIPOINT,,,2309.4,2.4,,2068.51,2670.74,25.8,27.38,healthcare,pharmaceuticals - indian - formulations,,0.1,-0.04,,,,,11.65,,,,,,,,,,,,,,,,2026-06-11,2195.59,1950.0,4.58,80.2,42.98,19.51,2093.84,2031.77,1.94,,,,,,,,,,,,,,,,
2026-06-11T05:53:39.3,AEGISLOG,,,801.0,2.34,,752.39,873.92,17.13,31.3,services,trading,,0.01,0.0,,,,,6.46,,,,,,,,,,,,,,,,2026-06-11,771.36,747.55,4.6,67.86,31.36,5.25,736.07,719.28,1.08,,,,,,,,,,,,,,,,
2026-06-11T05:53:39.3,NIVABUPA,,,84.19,1.1,,82.54,86.66,11.26,118.58,financials,finance & investments,,0.03,-0.02,,,,,2.0,,,,,,,,,,,,,,,,2026-06-11,81.55,80.69,0.52,58.4,31.5,11.84,79.6,77.25,0.48,,,,,,,,,,,,,,,,
2026-06-11T05:53:39.3,TATATECH,,,758.2,1.76,,749.54,771.19,37.68,56.33,i.t,computers - software - medium / small,,0.07,0.04,,,,,1.16,,,,,,,,,,,,,,,,2026-06-11,720.99,720.0,0.68,68.57,52.26,12.78,700.88,661.69,0.42,,,,,,,,,,,,,,,,
2026-06-11T05:53:39.3,PIDILITIND,,,1506.5,1.67,,1463.95,1570.32,66.19,49.12,chemicals,chemicals,,-0.05,-0.04,,,,,2.91,,,,,,,,,,,,,,,,2026-06-11,1453.24,1447.5,1.75,64.09,18.26,3.57,1441.49,1422.03,-0.65,,,,,,,,,,,,,,,,
2026-06-11T05:53:39.3,KPRMILL,,,1045.55,1.53,,1019.51,1084.6,39.31,41.24,consumer discretionary,textiles - products,,-0.01,-0.11,,,,,2.55,,,,,,,,,,,,,,,,2026-06-11,1008.91,1019.3,1.61,61.86,32.43,-2.33,955.37,912.24,-1.03,,,,,,,,,,,,,,,,
2026-06-11T05:53:39.3,OLAELEC,,,47.32,-0.04,,42.13,55.1,-10.47,-11.4,auto,automobiles - motorcycles / mopeds,,0.28,-0.21,,,,,12.31,,,,,,,,,,,,,,,,2026-06-11,45.11,42.78,1.33,73.25,42.43,2.15,41.57,38.1,-1.26,,,,,,,,,,,,,,,,
2026-06-11T05:53:39.3,JSWDULUX,,,3175.6,1.89,,3047.5,3367.75,28.76,7.33,building materials,paints / varnishes,,-0.16,-0.09,,,,,4.2,,,,,,,,,,,,,,,,2026-06-11,3040.94,3056.3,0.47,63.19,31.97,-2.64,2958.62,2829.28,-1.28,,,,,,,,,,,,,,,,
2026-06-11T05:53:39.3,HONAUT,,,36130.0,2.86,,35465.77,37126.35,50.01,60.85,consumer discretionary,electronics - components,,-0.03,-0.05,,,,,1.87,,,,,,,,,,,,,,,,2026-06-11,34251.0,34240.0,1.11,67.5,32.83,0.17,33634.09,32332.15,-1.43,,,,,,,,,,,,,,,,
2026-06-11T05:53:39.3,BERGEPAINT,,,516.7,2.95,,495.06,549.16,45.01,53.43,building materials,paints / varnishes,,-0.12,-0.06,,,,,4.37,,,,,,,,,,,,,,,,2026-06-11,491.96,481.05,1.1,58.03,22.81,-2.64,482.24,462.6,-1.68,,,,,,,,,,,,,,,,
2026-06-11T05:53:39.3,SRF,,,2734.1,1.65,,2676.7,2820.2,34.82,44.16,chemicals,chemicals,,-0.11,-0.09,,,,,2.14,,,,,,,,,,,,,,,,2026-06-11,2645.02,2610.4,0.78,57.07,11.69,-5.59,2603.18,2525.7,-1.73,,,,,,,,,,,,,,,,
2026-06-11T05:53:39.3,ICICIBANK,,,1293.3,1.44,,1237.11,1377.58,15.68,17.04,bank,banks - private sector,,-0.14,-0.11,,,,,4.54,,,,,,,,,,,,,,,,2026-06-11,1245.87,1232.2,1.36,57.42,12.69,-3.65,1239.42,1211.71,-2.37,,,,,,,,,,,,,,,,
2026-06-11T05:53:39.3,GAIL,,,168.01,0.25,,163.64,174.56,18.59,14.57,energy,miscellaneous,,-0.07,-0.1,,,,,2.67,,,,,,,,,,,,,,,,2026-06-11,162.93,161.54,0.94,58.56,14.8,-6.65,159.48,154.87,-2.73,,,,,,,,,,,,,,,,
2026-06-11T05:53:39.3,INDHOTEL,,,665.85,-0.13,,649.26,690.73,39.54,45.48,services,hotels,,-0.15,-0.16,,,,,2.56,,,,,,,,,,,,,,,,2026-06-11,648.42,645.6,0.84,55.07,9.9,-3.62,632.46,621.32,-3.08,,,,,,,,,,,,,,,,
2026-06-11T05:53:39.3,CHAMBLFERT,,,477.65,5.04,,460.87,502.83,28.23,9.8,chemicals,fertilizers,,0.05,-0.15,,,,,3.64,,,,,,,,,,,,,,,,2026-06-11,450.8,445.15,4.83,59.41,11.69,-0.42,448.3,428.53,-3.47,,,,,,,,,,,,,,,,
2026-06-11T05:53:39.3,INDIGO,,,4524.9,-0.28,,4414.64,4690.28,-17.24,-73.12,transportation,transport - airlines,,-0.15,-0.24,,,,,2.5,,,,,,,,,,,,,,,,2026-06-11,4414.41,4350.0,0.38,54.65,13.27,-18.95,4276.47,4144.75,-4.15,,,,,,,,,,,,,,,,
2026-06-11T05:53:39.3,TEJASNET,,,550.8,1.9,,539.89,567.17,-11.57,-10.72,telecom,telecommunications - equipment,,0.08,-0.11,,,,,2.02,,,,,,,,,,,,,,,,2026-06-11,515.09,525.6,1.78,61.21,35.36,5.55,477.43,434.6,-4.49,,,,,,,,,,,,,,,,
2026-06-11T05:53:39.3,CONCORDBIO,,,1330.7,4.6,,1143.64,1611.29,39.32,53.7,healthcare,pharmaceuticals - indian - bulk drugs & formln,,-0.1,-0.21,,,,,16.36,,,,,,,,,,,,,,,,2026-06-11,1256.95,1190.0,2.82,68.94,19.89,-4.59,1190.42,1104.41,-6.35,,,,,,,,,,,,,,,,
2026-06-10T21:31:04.133,ATHERENERG,,,1042.0,0.89,,963.86,1159.21,-99.43,-74.04,auto,automobiles - scooters and 3 - wheelers,,0.41,0.7,,,,,8.11,,,,,,,,,,,,,,,,2026-06-10,982.89,973.0,0.88,64.32,40.2,59.27,931.4,873.45,51.22,,,,,,,,,,,,,,,,
2026-06-10T21:31:04.133,ACUTAAS,,,3207.0,0.26,,3170.31,3262.03,49.83,73.52,healthcare,pharmaceuticals - indian - bulk drugs,,0.79,1.12,,,,,1.16,,,,,,,,,,,,,,,,2026-06-10,3087.88,3115.6,0.71,64.82,47.75,81.7,2911.66,2778.16,42.86,,,,,,,,,,,,,,,,
2026-06-10T21:31:04.133,APARINDS,,,14085.0,3.5,,13180.84,15441.23,55.81,55.96,industrials,electric equipment,,0.5,0.56,,,,,6.86,,,,,,,,,,,,,,,,2026-06-10,13280.96,13208.0,1.48,64.73,35.27,70.1,12839.85,12066.98,19.13,,,,,,,,,,,,,,,,
2026-06-10T21:31:04.133,CARTRADE,,,2451.4,12.06,,1867.2,3327.7,45.4,46.75,consumer discretionary,miscellaneous,,-0.18,-0.01,,,,,31.29,,,,,,,,,,,,,,,,2026-06-10,2117.58,1891.1,9.14,80.15,25.41,-15.3,2139.55,1949.17,12.33,,,,,,,,,,,,,,,,
2026-06-10T21:31:04.133,HSCL,,,693.0,1.99,,616.05,808.43,43.53,45.06,chemicals,chemicals,,0.38,0.47,,,,,12.49,,,,,,,,,,,,,,,,2026-06-10,649.74,602.0,1.97,72.15,28.37,53.24,610.6,563.25,11.91,,,,,,,,,,,,,,,,
2026-06-10T21:31:04.133,ABSLAMC,,,1110.3,4.51,,1008.88,1262.43,42.84,31.46,financials,finance & investments,,0.41,0.32,,,,,10.05,,,,,,,,,,,,,,,,2026-06-10,1041.25,1024.1,1.42,64.04,26.03,45.6,1033.77,984.47,11.4,,,,,,,,,,,,,,,,
2026-06-10T21:31:04.133,ASTERDM,,,812.9,2.85,,738.6,924.35,74.72,104.82,healthcare,healthcare,,0.21,0.21,,,,,10.06,,,,,,,,,,,,,,,,2026-06-10,776.65,726.05,2.43,73.34,24.48,17.32,754.38,722.49,10.86,,,,,,,,,,,,,,,,
2026-06-10T21:31:04.133,HONASA,,,414.6,1.63,,412.23,418.16,48.66,66.33,services,trading,,0.49,0.33,,,,,0.58,,,,,,,,,,,,,,,,2026-06-10,399.5,400.3,0.28,68.36,48.48,51.47,384.92,367.96,8.58,,,,,,,,,,,,,,,,
2026-06-10T21:31:04.133,CCL,,,1193.4,3.86,,1052.4,1404.9,34.69,39.42,fmcg,tea,,0.17,0.28,,,,,13.4,,,,,,,,,,,,,,,,2026-06-10,1128.86,1060.3,5.95,65.4,20.56,16.49,1075.95,1030.67,8.16,,,,,,,,,,,,,,,,
2026-06-10T21:31:04.133,EICHERMOT,,,7219.5,0.23,,7032.05,7500.67,32.57,35.82,auto,automobiles - motorcycles / mopeds,,-0.07,0.0,,,,,2.67,,,,,,,,,,,,,,,,2026-06-10,7012.39,6956.0,0.81,53.93,14.87,4.85,6889.76,6690.96,7.51,,,,,,,,,,,,,,,,
2026-06-10T21:31:04.133,MINDACORP,,,648.1,0.15,,636.2,665.95,30.63,42.27,auto,auto ancillaries,,0.03,0.18,,,,,1.87,,,,,,,,,,,,,,,,2026-06-10,628.13,625.15,0.55,74.0,34.58,11.91,603.74,576.57,6.52,,,,,,,,,,,,,,,,
2026-06-10T21:31:04.133,TATACOMM,,,1978.6,0.14,,1998.5,1948.76,53.53,56.21,telecom-service,telecommunications - service provider,,0.01,0.16,,,,,-1.0,,,,,,,,,,,,,,,,2026-06-10,1914.92,1857.7,0.97,65.29,39.35,7.03,1816.73,1709.73,5.06,,,,,,,,,,,,,,,,
2026-06-10T21:31:04.133,ASIANPAINT,,,2715.1,0.26,,2661.12,2796.07,55.5,60.01,building materials,paints / varnishes,,-0.15,0.06,,,,,2.03,,,,,,,,,,,,,,,,2026-06-10,2646.0,2630.1,1.01,66.64,31.75,3.9,2597.97,2539.03,4.34,,,,,,,,,,,,,,,,
2026-06-10T21:31:04.133,AXISBANK,,,1314.5,1.71,,1256.16,1402.01,13.43,15.2,bank,banks - private sector,,-0.05,0.11,,,,,4.64,,,,,,,,,,,,,,,,2026-06-10,1257.83,1244.1,1.59,59.51,14.86,7.52,1256.98,1225.83,3.25,,,,,,,,,,,,,,,,
2026-06-10T21:31:04.133,CAPLIPOINT,,,2309.4,2.4,,2068.51,2670.74,25.8,26.73,healthcare,pharmaceuticals - indian - formulations,,0.1,-0.04,,,,,11.65,,,,,,,,,,,,,,,,2026-06-10,2195.59,1950.0,4.58,80.2,42.98,19.51,2093.84,2031.77,1.94,,,,,,,,,,,,,,,,
2026-06-10T21:31:04.133,AEGISLOG,,,801.0,2.34,,752.39,873.92,17.13,30.58,services,trading,,0.01,0.0,,,,,6.46,,,,,,,,,,,,,,,,2026-06-10,771.36,747.55,4.6,67.86,31.36,5.25,736.07,719.28,1.08,,,,,,,,,,,,,,,,
2026-06-10T21:31:04.133,NIVABUPA,,,84.19,1.1,,82.54,86.66,11.26,117.28,financials,finance & investments,,0.03,-0.02,,,,,2.0,,,,,,,,,,,,,,,,2026-06-10,81.55,80.69,0.52,58.4,31.5,11.84,79.6,77.25,0.48,,,,,,,,,,,,,,,,
2026-06-10T21:31:04.133,TATATECH,,,758.2,1.76,,749.54,771.19,37.68,55.36,i.t,computers - software - medium / small,,0.07,0.04,,,,,1.16,,,,,,,,,,,,,,,,2026-06-10,720.99,720.0,0.68,68.57,52.26,12.78,700.88,661.69,0.42,,,,,,,,,,,,,,,,
2026-06-10T21:31:04.133,PIDILITIND,,,1506.5,1.67,,1463.95,1570.32,66.19,48.31,chemicals,chemicals,,-0.05,-0.04,,,,,2.91,,,,,,,,,,,,,,,,2026-06-10,1453.24,1447.5,1.75,64.09,18.26,3.57,1441.49,1422.03,-0.65,,,,,,,,,,,,,,,,
2026-06-10T21:31:04.133,KPRMILL,,,1045.55,1.53,,1019.51,1084.6,39.31,40.62,consumer discretionary,textiles - products,,-0.01,-0.11,,,,,2.55,,,,,,,,,,,,,,,,2026-06-10,1008.91,1019.3,1.61,61.86,32.43,-2.33,955.37,912.24,-1.03,,,,,,,,,,,,,,,,
2026-06-10T21:31:04.133,OLAELEC,,,47.32,-0.04,,42.13,55.1,-10.47,-11.41,auto,automobiles - motorcycles / mopeds,,0.28,-0.21,,,,,12.31,,,,,,,,,,,,,,,,2026-06-10,45.11,42.78,1.33,73.25,42.43,2.15,41.57,38.1,-1.26,,,,,,,,,,,,,,,,
2026-06-10T21:31:04.133,JSWDULUX,,,3175.6,1.89,,3047.5,3367.75,28.76,7.19,building materials,paints / varnishes,,-0.16,-0.09,,,,,4.2,,,,,,,,,,,,,,,,2026-06-10,3040.94,3056.3,0.47,63.19,31.97,-2.64,2958.62,2829.28,-1.28,,,,,,,,,,,,,,,,
2026-06-10T21:31:04.133,HONAUT,,,36130.0,2.86,,35465.77,37126.35,50.01,59.16,consumer discretionary,electronics - components,,-0.03,-0.05,,,,,1.87,,,,,,,,,,,,,,,,2026-06-10,34251.0,34240.0,1.11,67.5,32.83,0.17,33634.09,32332.15,-1.43,,,,,,,,,,,,,,,,
2026-06-10T21:31:04.133,BERGEPAINT,,,516.7,2.95,,495.06,549.16,45.01,51.9,building materials,paints / varnishes,,-0.12,-0.06,,,,,4.37,,,,,,,,,,,,,,,,2026-06-10,491.96,481.05,1.1,58.03,22.81,-2.64,482.24,462.6,-1.68,,,,,,,,,,,,,,,,
2026-06-10T21:31:04.133,SRF,,,2734.1,1.65,,2676.7,2820.2,34.82,43.44,chemicals,chemicals,,-0.11,-0.09,,,,,2.14,,,,,,,,,,,,,,,,2026-06-10,2645.02,2610.4,0.78,57.07,11.69,-5.59,2603.18,2525.7,-1.73,,,,,,,,,,,,,,,,
2026-06-10T21:31:04.133,ICICIBANK,,,1293.3,1.44,,1237.11,1377.58,15.68,16.8,bank,banks - private sector,,-0.14,-0.11,,,,,4.54,,,,,,,,,,,,,,,,2026-06-10,1245.87,1232.2,1.36,57.42,12.69,-3.65,1239.42,1211.71,-2.37,,,,,,,,,,,,,,,,
2026-06-10T21:31:04.133,GAIL,,,168.01,0.25,,163.64,174.56,18.59,14.54,energy,miscellaneous,,-0.07,-0.1,,,,,2.67,,,,,,,,,,,,,,,,2026-06-10,162.93,161.54,0.94,58.56,14.8,-6.65,159.48,154.87,-2.73,,,,,,,,,,,,,,,,
2026-06-10T21:31:04.133,INDHOTEL,,,665.85,-0.13,,649.26,690.73,39.54,45.54,services,hotels,,-0.15,-0.16,,,,,2.56,,,,,,,,,,,,,,,,2026-06-10,648.42,645.6,0.84,55.07,9.9,-3.62,632.46,621.32,-3.08,,,,,,,,,,,,,,,,
2026-06-10T21:31:04.133,CHAMBLFERT,,,477.65,5.04,,460.87,502.83,28.23,9.33,chemicals,fertilizers,,0.05,-0.15,,,,,3.64,,,,,,,,,,,,,,,,2026-06-10,450.8,445.15,4.83,59.41,11.69,-0.42,448.3,428.53,-3.47,,,,,,,,,,,,,,,,
2026-06-10T21:31:04.133,INDIGO,,,4524.9,-0.28,,4414.64,4690.28,-17.24,-73.33,transportation,transport - airlines,,-0.15,-0.24,,,,,2.5,,,,,,,,,,,,,,,,2026-06-10,4414.41,4350.0,0.38,54.65,13.27,-18.95,4276.47,4144.75,-4.15,,,,,,,,,,,,,,,,
2026-06-10T21:31:04.133,TEJASNET,,,550.8,1.9,,539.89,567.17,-11.57,-10.52,telecom,telecommunications - equipment,,0.08,-0.11,,,,,2.02,,,,,,,,,,,,,,,,2026-06-10,515.09,525.6,1.78,61.21,35.36,5.55,477.43,434.6,-4.49,,,,,,,,,,,,,,,,
2026-06-10T21:31:04.133,CONCORDBIO,,,1330.7,4.6,,1143.64,1611.29,39.32,51.34,healthcare,pharmaceuticals - indian - bulk drugs & formln,,-0.1,-0.21,,,,,16.36,,,,,,,,,,,,,,,,2026-06-10,1256.95,1190.0,2.82,68.94,19.89,-4.59,1190.42,1104.41,-6.35,,,,,,,,,,,,,,,,
2026-06-09T07:41:54.639,ACUTAAS,,,3316.2,-0.36,,3107.92,3628.62,51.53,76.22,healthcare,pharmaceuticals - indian - bulk drugs,,0.79,1.18,,,,,6.7,,,,,,,,,,,,,,,,2026-06-09,3167.36,2902.0,1.3,73.23,47.2,80.79,3013.31,2914.24,42.68,,,,,,,,,,,,,,,,
2026-06-09T07:41:54.639,SYRMA,,,1201.2,-2.09,,1111.84,1335.24,56.77,71.29,consumer discretionary,electronics - components,,0.41,0.43,,,,,8.04,,,,,,,,,,,,,,,,2026-06-09,1156.79,1097.0,0.65,72.13,43.29,53.18,1112.88,1074.33,27.52,,,,,,,,,,,,,,,,
2026-06-09T07:41:54.639,KIRLOSENG,,,1854.0,-3.1,,1826.15,1895.77,42.48,46.91,industrials,engines,,0.47,0.9,,,,,1.52,,,,,,,,,,,,,,,,2026-06-09,1797.32,1834.0,0.59,58.73,27.67,82.64,1682.36,1607.23,25.87,,,,,,,,,,,,,,,,
2026-06-09T07:41:54.639,ADANIENSOL,,,1570.4,-0.55,,1471.4,1718.9,69.0,82.65,power & utilities,power generation and supply,,0.49,0.81,,,,,6.73,,,,,,,,,,,,,,,,2026-06-09,1504.4,1445.0,1.63,69.82,26.61,59.34,1433.58,1375.37,21.09,,,,,,,,,,,,,,,,
2026-06-09T07:41:54.639,CHENNPETRO,,,1191.3,0.84,,1076.85,1362.98,3.12,5.72,energy,refineries,,0.18,0.55,,,,,10.63,,,,,,,,,,,,,,,,2026-06-09,1138.07,1074.0,0.71,70.75,21.82,21.26,1083.37,1036.03,18.95,,,,,,,,,,,,,,,,
2026-06-09T07:41:54.639,SAILIFE,,,1194.6,0.69,,1139.9,1276.65,60.58,71.92,healthcare,pharmaceuticals - indian - bulk drugs & formln,,0.27,0.29,,,,,4.8,,,,,,,,,,,,,,,,2026-06-09,1138.86,1109.2,0.68,65.25,16.13,29.47,1110.11,1054.85,13.71,,,,,,,,,,,,,,,,
2026-06-09T07:41:54.639,CEMPRO,,,1094.4,-1.65,,1021.16,1204.26,19.4,31.44,realty,construction,,0.24,0.29,,,,,7.17,,,,,,,,,,,,,,,,2026-06-09,1050.56,1003.1,0.37,68.82,45.84,26.89,960.52,904.61,13.31,,,,,,,,,,,,,,,,
2026-06-09T07:41:54.639,FEDERALBNK,,,304.6,0.15,,288.69,328.47,14.0,17.24,bank,banks - private sector,,0.09,0.48,,,,,5.51,,,,,,,,,,,,,,,,2026-06-09,295.27,284.85,0.9,67.34,16.53,28.17,287.56,280.17,12.66,,,,,,,,,,,,,,,,
2026-06-09T07:41:54.639,DATAPATTNS,,,4141.3,-1.69,,3889.74,4518.64,41.9,85.44,aerospace & defence,electronics - components,,0.32,0.41,,,,,6.47,,,,,,,,,,,,,,,,2026-06-09,3994.77,3811.8,0.73,56.45,16.58,53.36,3743.87,3571.69,12.4,,,,,,,,,,,,,,,,
2026-06-09T07:41:54.639,J&KBANK,,,148.16,0.43,,141.94,157.49,5.11,6.92,bank,banks - private sector,,0.32,0.37,,,,,4.38,,,,,,,,,,,,,,,,2026-06-09,142.3,139.65,0.77,65.37,25.86,40.87,138.24,134.58,10.92,,,,,,,,,,,,,,,,
2026-06-09T07:41:54.639,ASTERDM,,,766.15,1.61,,731.75,817.75,70.42,101.61,healthcare,healthcare,,0.08,0.21,,,,,4.7,,,,,,,,,,,,,,,,2026-06-09,727.4,711.3,2.19,62.93,20.99,11.33,715.66,696.64,8.67,,,,,,,,,,,,,,,,
2026-06-09T07:41:54.639,FORTIS,,,989.1,2.11,,934.23,1071.41,70.25,71.67,healthcare,healthcare,,0.03,-0.01,,,,,5.87,,,,,,,,,,,,,,,,2026-06-09,935.07,899.1,2.89,64.98,20.32,-2.94,927.11,896.02,8.44,,,,,,,,,,,,,,,,
2026-06-09T07:41:54.639,HONASA,,,414.9,-0.29,,404.78,430.08,48.7,67.46,services,trading,,0.37,0.31,,,,,2.5,,,,,,,,,,,,,,,,2026-06-09,399.45,396.1,0.21,71.32,48.17,47.7,384.13,367.81,8.38,,,,,,,,,,,,,,,,
2026-06-09T07:41:54.639,CARTRADE,,,2069.8,5.69,,1779.54,2505.19,38.33,44.24,consumer discretionary,miscellaneous,,-0.37,-0.17,,,,,16.31,,,,,,,,,,,,,,,,2026-06-09,1880.62,1733.0,2.44,68.0,19.99,-29.11,1854.95,1704.01,5.9,,,,,,,,,,,,,,,,
2026-06-09T07:41:54.639,APOLLOHOSP,,,8358.5,0.65,,8225.88,8557.42,56.75,61.89,healthcare,healthcare,,0.07,0.03,,,,,1.61,,,,,,,,,,,,,,,,2026-06-09,8046.78,7816.0,1.19,63.61,16.44,7.02,7987.12,7840.08,4.83,,,,,,,,,,,,,,,,
2026-06-09T07:41:54.639,IPCALAB,,,1649.4,0.46,,1550.78,1797.33,30.98,35.47,healthcare,pharmaceuticals - indian - bulk drugs & formln,,0.04,0.19,,,,,6.36,,,,,,,,,,,,,,,,2026-06-09,1577.8,1470.0,3.08,62.56,25.21,27.42,1526.45,1452.84,4.08,,,,,,,,,,,,,,,,
2026-06-09T07:41:54.639,ZYDUSLIFE,,,1087.6,-0.13,,1094.26,1077.61,21.49,21.71,healthcare,pharmaceuticals - indian - bulk drugs & formln,,0.07,0.0,,,,,-0.61,,,,,,,,,,,,,,,,2026-06-09,1054.68,1048.9,0.56,70.4,50.62,11.94,1031.34,1001.55,4.02,,,,,,,,,,,,,,,,
2026-06-09T07:41:54.639,KIMS,,,801.2,1.55,,759.96,863.07,188.96,133.09,healthcare,healthcare,,0.04,0.05,,,,,5.43,,,,,,,,,,,,,,,,2026-06-09,763.42,725.4,3.29,64.19,30.0,11.86,740.46,704.71,4.01,,,,,,,,,,,,,,,,
2026-06-09T07:41:54.639,ASIANPAINT,,,2659.2,-1.02,,2650.58,2672.14,54.36,58.92,building materials,paints / varnishes,,-0.17,0.04,,,,,0.33,,,,,,,,,,,,,,,,2026-06-09,2577.5,2607.9,0.92,60.52,30.87,6.96,2534.73,2457.18,3.76,,,,,,,,,,,,,,,,
2026-06-09T07:41:54.639,YESBANK,,,23.0,-1.29,,22.72,23.42,16.91,20.72,bank,banks - private sector,,-0.07,0.06,,,,,1.25,,,,,,,,,,,,,,,,2026-06-09,22.46,22.2,0.92,62.33,25.98,0.0,21.73,21.33,2.3,,,,,,,,,,,,,,,,
2026-06-09T07:41:54.639,PREMIERENE,,,1090.5,0.96,,1035.98,1172.28,26.89,32.47,services,trading,,0.07,0.0,,,,,5.26,,,,,,,,,,,,,,,,2026-06-09,1044.19,1030.5,0.87,68.29,23.97,4.7,1021.4,982.87,1.2,,,,,,,,,,,,,,,,
2026-06-09T07:41:54.639,TATATECH,,,779.6,1.09,,732.39,850.42,38.75,57.92,i.t,computers - software - medium / small,,0.07,0.05,,,,,6.45,,,,,,,,,,,,,,,,2026-06-09,746.22,705.8,1.88,80.06,53.07,13.54,727.38,690.11,1.13,,,,,,,,,,,,,,,,
2026-06-09T07:41:54.639,DEEPAKFERT,,,1451.6,1.81,,1419.82,1499.28,32.87,24.86,chemicals,chemicals,,0.01,-0.03,,,,,2.24,,,,,,,,,,,,,,,,2026-06-09,1370.63,1376.3,0.97,66.49,28.93,-3.46,1342.07,1284.32,-0.04,,,,,,,,,,,,,,,,
2026-06-09T07:41:54.639,CAPLIPOINT,,,2111.0,3.83,,2040.11,2217.33,23.58,25.02,healthcare,pharmaceuticals - indian - formulations,,-0.02,-0.12,,,,,3.47,,,,,,,,,,,,,,,,2026-06-09,1961.47,1950.0,3.88,70.17,38.73,5.81,1958.36,1880.88,-0.2,,,,,,,,,,,,,,,,
2026-06-09T07:41:54.639,TITAGARH,,,838.15,0.03,,805.71,886.81,52.78,66.63,industrials,engineering,,-0.02,-0.14,,,,,4.03,,,,,,,,,,,,,,,,2026-06-09,804.04,790.0,0.72,58.22,20.26,-4.66,765.16,738.26,-1.04,,,,,,,,,,,,,,,,
2026-06-09T07:41:54.639,JSWDULUX,,,3168.1,1.84,,3006.27,3410.85,28.7,7.31,building materials,paints / varnishes,,-0.18,-0.1,,,,,5.38,,,,,,,,,,,,,,,,2026-06-09,3004.78,3056.3,0.76,64.98,28.39,-2.19,2954.52,2801.24,-1.35,,,,,,,,,,,,,,,,
2026-06-09T07:41:54.639,GAIL,,,168.6,0.72,,162.04,178.44,18.65,14.62,energy,miscellaneous,,-0.09,-0.1,,,,,4.05,,,,,,,,,,,,,,,,2026-06-09,161.8,161.18,0.72,60.11,15.0,-7.16,159.38,154.01,-2.36,,,,,,,,,,,,,,,,
2026-06-09T07:41:54.639,HONAUT,,,34540.0,-0.46,,34914.4,33978.41,47.81,58.17,consumer discretionary,electronics - components,,-0.09,-0.11,,,,,-1.07,,,,,,,,,,,,,,,,2026-06-09,33614.0,34240.0,0.83,60.6,31.75,-6.0,32077.37,31530.39,-2.48,,,,,,,,,,,,,,,,
2026-06-09T07:41:54.639,MPHASIS,,,2334.1,0.18,,2250.83,2459.01,21.83,23.86,i.t,computers - software - large,,-0.26,-0.25,,,,,3.7,,,,,,,,,,,,,,,,2026-06-09,2235.77,2245.0,0.64,57.63,13.87,-15.61,2176.73,2083.51,-2.54,,,,,,,,,,,,,,,,
2026-06-09T07:41:54.639,OLAELEC,,,44.43,-1.0,,39.99,51.1,-9.83,-10.71,auto,automobiles - motorcycles / mopeds,,0.13,-0.26,,,,,11.12,,,,,,,,,,,,,,,,2026-06-09,42.41,38.08,1.48,68.44,38.94,-9.99,39.06,36.97,-2.93,,,,,,,,,,,,,,,,
2026-06-09T07:41:54.639,CPPLUS,,,3423.6,-2.24,,3043.51,3993.73,59.56,107.73,consumer discretionary,trading,,1.08,1.29,,,,,12.49,,,,,,,,,,,,,,,,2026-06-09,3293.78,3114.1,0.73,81.7,47.53,158.99,2982.87,2769.62,NaN,,,,,,,,,,,,,,,,
2026-06-09T07:41:54.639,EMMVEE,,,330.05,-1.29,,307.3,364.18,14.55,19.47,industrials,electric equipment,,0.38,NaN,,,,,7.4,,,,,,,,,,,,,,,,2026-06-09,313.31,300.6,0.59,68.89,31.54,NaN,295.07,276.79,NaN,,,,,,,,,,,,,,,,
2026-06-08T21:45:48.705,ACUTAAS,,,3316.2,-0.36,,3107.92,3628.62,51.53,76.5,healthcare,pharmaceuticals - indian - bulk drugs,,0.79,1.18,,,,,6.7,,,,,,,,,,,,,,,,2026-06-08,3167.36,2902.0,1.3,73.23,47.2,80.79,3013.31,2914.24,42.68,,,,,,,,,,,,,,,,
2026-06-08T21:45:48.705,SYRMA,,,1201.2,-2.09,,1111.84,1335.24,56.77,72.81,consumer discretionary,electronics - components,,0.41,0.43,,,,,8.04,,,,,,,,,,,,,,,,2026-06-08,1156.79,1097.0,0.65,72.13,43.29,53.18,1112.88,1074.33,27.52,,,,,,,,,,,,,,,,
2026-06-08T21:45:48.705,KIRLOSENG,,,1854.0,-3.1,,1826.15,1895.77,42.48,48.41,industrials,engines,,0.47,0.9,,,,,1.52,,,,,,,,,,,,,,,,2026-06-08,1797.32,1834.0,0.59,58.73,27.67,82.64,1682.36,1607.23,25.87,,,,,,,,,,,,,,,,
2026-06-08T21:45:48.705,ADANIENSOL,,,1570.4,-0.55,,1471.4,1718.9,69.0,83.11,power & utilities,power generation and supply,,0.49,0.81,,,,,6.73,,,,,,,,,,,,,,,,2026-06-08,1504.4,1445.0,1.63,69.82,26.61,59.34,1433.58,1375.37,21.09,,,,,,,,,,,,,,,,
2026-06-08T21:45:48.705,CHENNPETRO,,,1191.3,0.84,,1076.85,1362.98,3.12,5.67,energy,refineries,,0.18,0.55,,,,,10.63,,,,,,,,,,,,,,,,2026-06-08,1138.07,1074.0,0.71,70.75,21.82,21.26,1083.37,1036.03,18.95,,,,,,,,,,,,,,,,
2026-06-08T21:45:48.705,SAILIFE,,,1194.6,0.69,,1139.9,1276.65,60.58,71.43,healthcare,pharmaceuticals - indian - bulk drugs & formln,,0.27,0.29,,,,,4.8,,,,,,,,,,,,,,,,2026-06-08,1138.86,1109.2,0.68,65.25,16.13,29.47,1110.11,1054.85,13.71,,,,,,,,,,,,,,,,
2026-06-08T21:45:48.705,CEMPRO,,,1094.4,-1.65,,1021.16,1204.26,19.4,31.97,realty,construction,,0.24,0.29,,,,,7.17,,,,,,,,,,,,,,,,2026-06-08,1050.56,1003.1,0.37,68.82,45.84,26.89,960.52,904.61,13.31,,,,,,,,,,,,,,,,
2026-06-08T21:45:48.705,FEDERALBNK,,,304.6,0.15,,288.69,328.47,14.0,17.21,bank,banks - private sector,,0.09,0.48,,,,,5.51,,,,,,,,,,,,,,,,2026-06-08,295.27,284.85,0.9,67.34,16.53,28.17,287.56,280.17,12.66,,,,,,,,,,,,,,,,
2026-06-08T21:45:48.705,DATAPATTNS,,,4141.3,-1.69,,3889.74,4518.64,41.9,86.91,aerospace & defence,electronics - components,,0.32,0.41,,,,,6.47,,,,,,,,,,,,,,,,2026-06-08,3994.77,3811.8,0.73,56.45,16.58,53.36,3743.87,3571.69,12.4,,,,,,,,,,,,,,,,
2026-06-08T21:45:48.705,J&KBANK,,,148.16,0.43,,141.94,157.49,5.11,6.89,bank,banks - private sector,,0.32,0.37,,,,,4.38,,,,,,,,,,,,,,,,2026-06-08,142.3,139.65,0.77,65.37,25.86,40.87,138.24,134.58,10.92,,,,,,,,,,,,,,,,
2026-06-08T21:45:48.705,ASTERDM,,,766.15,1.61,,731.75,817.75,70.42,100.0,healthcare,healthcare,,0.08,0.21,,,,,4.7,,,,,,,,,,,,,,,,2026-06-08,727.4,711.3,2.19,62.93,20.99,11.33,715.66,696.64,8.67,,,,,,,,,,,,,,,,
2026-06-08T21:45:48.705,FORTIS,,,989.1,2.11,,934.23,1071.41,70.25,70.19,healthcare,healthcare,,0.03,-0.01,,,,,5.87,,,,,,,,,,,,,,,,2026-06-08,935.07,899.1,2.89,64.98,20.32,-2.94,927.11,896.02,8.44,,,,,,,,,,,,,,,,
2026-06-08T21:45:48.705,HONASA,,,414.9,-0.29,,404.78,430.08,48.7,67.66,services,trading,,0.37,0.31,,,,,2.5,,,,,,,,,,,,,,,,2026-06-08,399.45,396.1,0.21,71.32,48.17,47.7,384.13,367.81,8.38,,,,,,,,,,,,,,,,
2026-06-08T21:45:48.705,CARTRADE,,,2069.8,5.69,,1779.54,2505.19,38.33,41.86,consumer discretionary,miscellaneous,,-0.37,-0.17,,,,,16.31,,,,,,,,,,,,,,,,2026-06-08,1880.62,1733.0,2.44,68.0,19.99,-29.11,1854.95,1704.01,5.9,,,,,,,,,,,,,,,,
2026-06-08T21:45:48.705,APOLLOHOSP,,,8358.5,0.65,,8225.88,8557.42,56.75,61.49,healthcare,healthcare,,0.07,0.03,,,,,1.61,,,,,,,,,,,,,,,,2026-06-08,8046.78,7816.0,1.19,63.61,16.44,7.02,7987.12,7840.08,4.83,,,,,,,,,,,,,,,,
2026-06-08T21:45:48.705,IPCALAB,,,1649.4,0.46,,1550.78,1797.33,30.98,35.31,healthcare,pharmaceuticals - indian - bulk drugs & formln,,0.04,0.19,,,,,6.36,,,,,,,,,,,,,,,,2026-06-08,1577.8,1470.0,3.08,62.56,25.21,27.42,1526.45,1452.84,4.08,,,,,,,,,,,,,,,,
2026-06-08T21:45:48.705,ZYDUSLIFE,,,1087.6,-0.13,,1094.26,1077.61,21.49,21.74,healthcare,pharmaceuticals - indian - bulk drugs & formln,,0.07,0.0,,,,,-0.61,,,,,,,,,,,,,,,,2026-06-08,1054.68,1048.9,0.56,70.4,50.62,11.94,1031.34,1001.55,4.02,,,,,,,,,,,,,,,,
2026-06-08T21:45:48.705,KIMS,,,801.2,1.55,,759.96,863.07,188.96,131.05,healthcare,healthcare,,0.04,0.05,,,,,5.43,,,,,,,,,,,,,,,,2026-06-08,763.42,725.4,3.29,64.19,30.0,11.86,740.46,704.71,4.01,,,,,,,,,,,,,,,,
2026-06-08T21:45:48.705,ASIANPAINT,,,2659.2,-1.02,,2650.58,2672.14,54.36,59.53,building materials,paints / varnishes,,-0.17,0.04,,,,,0.33,,,,,,,,,,,,,,,,2026-06-08,2577.5,2607.9,0.92,60.52,30.87,6.96,2534.73,2457.18,3.76,,,,,,,,,,,,,,,,
2026-06-08T21:45:48.705,YESBANK,,,23.0,-1.29,,22.72,23.42,16.91,20.99,bank,banks - private sector,,-0.07,0.06,,,,,1.25,,,,,,,,,,,,,,,,2026-06-08,22.46,22.2,0.92,62.33,25.98,0.0,21.73,21.33,2.3,,,,,,,,,,,,,,,,
2026-06-08T21:45:48.705,PREMIERENE,,,1090.5,0.96,,1035.98,1172.28,26.89,32.16,services,trading,,0.07,0.0,,,,,5.26,,,,,,,,,,,,,,,,2026-06-08,1044.19,1030.5,0.87,68.29,23.97,4.7,1021.4,982.87,1.2,,,,,,,,,,,,,,,,
2026-06-08T21:45:48.705,TATATECH,,,779.6,1.09,,732.39,850.42,38.75,57.3,i.t,computers - software - medium / small,,0.07,0.05,,,,,6.45,,,,,,,,,,,,,,,,2026-06-08,746.22,705.8,1.88,80.06,53.07,13.54,727.38,690.11,1.13,,,,,,,,,,,,,,,,
2026-06-08T21:45:48.705,DEEPAKFERT,,,1451.6,1.81,,1419.82,1499.28,32.87,24.41,chemicals,chemicals,,0.01,-0.03,,,,,2.24,,,,,,,,,,,,,,,,2026-06-08,1370.63,1376.3,0.97,66.49,28.93,-3.46,1342.07,1284.32,-0.04,,,,,,,,,,,,,,,,
2026-06-08T21:45:48.705,CAPLIPOINT,,,2111.0,3.83,,2040.11,2217.33,23.58,24.1,healthcare,pharmaceuticals - indian - formulations,,-0.02,-0.12,,,,,3.47,,,,,,,,,,,,,,,,2026-06-08,1961.47,1950.0,3.88,70.17,38.73,5.81,1958.36,1880.88,-0.2,,,,,,,,,,,,,,,,
2026-06-08T21:45:48.705,TITAGARH,,,838.15,0.03,,805.71,886.81,52.78,66.61,industrials,engineering,,-0.02,-0.14,,,,,4.03,,,,,,,,,,,,,,,,2026-06-08,804.04,790.0,0.72,58.22,20.26,-4.66,765.16,738.26,-1.04,,,,,,,,,,,,,,,,
2026-06-08T21:45:48.705,JSWDULUX,,,3168.1,1.84,,3006.27,3410.85,28.7,7.18,building materials,paints / varnishes,,-0.18,-0.1,,,,,5.38,,,,,,,,,,,,,,,,2026-06-08,3004.78,3056.3,0.76,64.98,28.39,-2.19,2954.52,2801.24,-1.35,,,,,,,,,,,,,,,,
2026-06-08T21:45:48.705,GAIL,,,168.6,0.72,,162.04,178.44,18.65,14.52,energy,miscellaneous,,-0.09,-0.1,,,,,4.05,,,,,,,,,,,,,,,,2026-06-08,161.8,161.18,0.72,60.11,15.0,-7.16,159.38,154.01,-2.36,,,,,,,,,,,,,,,,
2026-06-08T21:45:48.705,HONAUT,,,34540.0,-0.46,,34914.4,33978.41,47.81,58.44,consumer discretionary,electronics - components,,-0.09,-0.11,,,,,-1.07,,,,,,,,,,,,,,,,2026-06-08,33614.0,34240.0,0.83,60.6,31.75,-6.0,32077.37,31530.39,-2.48,,,,,,,,,,,,,,,,
2026-06-08T21:45:48.705,MPHASIS,,,2334.1,0.18,,2250.83,2459.01,21.83,23.82,i.t,computers - software - large,,-0.26,-0.25,,,,,3.7,,,,,,,,,,,,,,,,2026-06-08,2235.77,2245.0,0.64,57.63,13.87,-15.61,2176.73,2083.51,-2.54,,,,,,,,,,,,,,,,
2026-06-08T21:45:48.705,OLAELEC,,,44.43,-1.0,,39.99,51.1,-9.83,-10.81,auto,automobiles - motorcycles / mopeds,,0.13,-0.26,,,,,11.12,,,,,,,,,,,,,,,,2026-06-08,42.41,38.08,1.48,68.44,38.94,-9.99,39.06,36.97,-2.93,,,,,,,,,,,,,,,,
2026-06-08T21:45:48.705,CPPLUS,,,3423.6,-2.24,,3043.51,3993.73,59.56,110.19,consumer discretionary,trading,,1.08,1.29,,,,,12.49,,,,,,,,,,,,,,,,2026-06-08,3293.78,3114.1,0.73,81.7,47.53,158.99,2982.87,2769.62,NaN,,,,,,,,,,,,,,,,
2026-06-08T21:45:48.705,EMMVEE,,,330.05,-1.29,,307.3,364.18,14.55,19.73,industrials,electric equipment,,0.38,NaN,,,,,7.4,,,,,,,,,,,,,,,,2026-06-08,313.31,300.6,0.59,68.89,31.54,NaN,295.07,276.79,NaN,,,,,,,,,,,,,,,,
2026-05-08T09:21:31.882,CUPID,,,,,,,,,,,,,,,,,,,,,,,,,,,,,,,,,,,2026-05-08,,,,,,,,,,157.71,128.39,117.15,54.65,0.53,0.62,1.83,,,,,,,,,
2026-05-08T09:21:31.882,MTARTECH,,,,,,,,,,,,,,,,,,,,,,,,,,,,,,,,,,,2026-05-08,,,,,,,,,,89.92,47.23,24.97,17.31,0.71,1.21,1.63,,,,,,,,,
2026-05-08T09:21:31.882,MIRCELECTR,,,,,,,,,,,,,,,,,,,,,,,,,,,,,,,,,,,2026-05-08,,,,,,,,,,48.24,32.64,15.75,9.63,0.5,0.36,0.56,,,,,,,,,
2026-05-08T09:21:31.882,NETWEB,,,,,,,,,,,,,,,,,,,,,,,,,,,,,,,,,,,2026-05-08,,,,,,,,,,46.16,25.33,24.72,19.89,0.35,0.37,0.08,,,,,,,,,
2026-05-08T09:21:31.882,HINDCOPPER,,,,,,,,,,,,,,,,,,,,,,,,,,,,,,,,,,,2026-05-08,,,,,,,,,,38.44,28.67,41.62,7.51,0.12,-0.07,0.67,,,,,,,,,
2026-05-08T09:21:31.882,TATSILV,,,,,,,,,,,,,,,,,,,,,,,,,,,,,,,,,,,2026-05-08,,,,,,,,,,37.88,31.01,36.89,13.89,0.09,0.09,0.68,,,,,,,,,
2026-05-08T09:21:31.882,SILVERBEES,,,,,,,,,,,,,,,,,,,,,,,,,,,,,,,,,,,2026-05-08,,,,,,,,,,37.78,30.9,36.79,13.8,0.09,0.09,0.69,,,,,,,,,
2026-05-08T09:21:31.882,AEROFLEX,,,,,,,,,,,,,,,,,,,,,,,,,,,,,,,,,,,2026-05-08,,,,,,,,,,36.36,9.28,-4.73,0.16,0.69,1.4,1.22,,,,,,,,,
2026-05-08T09:21:31.882,MCX,,,,,,,,,,,,,,,,,,,,,,,,,,,,,,,,,,,2026-05-08,,,,,,,,,,32.96,30.62,25.46,11.56,0.2,0.31,0.65,,,,,,,,,
2026-05-08T09:21:31.882,ADANIPOWER,,,,,,,,,,,,,,,,,,,,,,,,,,,,,,,,,,,2026-05-08,,,,,,,,,,28.18,13.08,8.28,9.51,0.41,0.71,0.46,,,,,,,,,
2026-05-08T09:21:31.882,HFCL,,,,,,,,,,,,,,,,,,,,,,,,,,,,,,,,,,,2026-05-08,,,,,,,,,,21.89,-2.73,-6.63,-7.96,1.0,1.19,0.98,,,,,,,,,
2026-05-08T09:21:31.882,BSE,,,,,,,,,,,,,,,,,,,,,,,,,,,,,,,,,,,2026-05-08,,,,,,,,,,20.05,18.45,11.04,18.22,0.32,0.44,0.57,,,,,,,,,
2026-05-08T09:21:31.882,BHEL,,,,,,,,,,,,,,,,,,,,,,,,,,,,,,,,,,,2026-05-08,,,,,,,,,,19.5,3.54,7.2,6.12,0.6,0.57,0.53,,,,,,,,,
2026-05-08T09:21:31.882,CRAFTSMAN,,,,,,,,,,,,,,,,,,,,,,,,,,,,,,,,,,,2026-05-08,,,,,,,,,,19.33,8.82,15.27,7.72,0.31,0.18,0.32,,,,,,,,,
2026-05-08T09:21:31.882,BHARATFORG,,,,,,,,,,,,,,,,,,,,,,,,,,,,,,,,,,,2026-05-08,,,,,,,,,,19.29,10.39,5.53,-0.46,0.19,0.38,0.51,,,,,,,,,
2026-05-08T09:21:31.882,SCI,,,,,,,,,,,,,,,,,,,,,,,,,,,,,,,,,,,2026-05-08,,,,,,,,,,19.13,8.13,4.28,7.69,0.37,0.48,0.23,,,,,,,,,
2026-05-08T09:21:31.882,KARURVYSYA,,,,,,,,,,,,,,,,,,,,,,,,,,,,,,,,,,,2026-05-08,,,,,,,,,,16.54,10.85,14.78,8.76,0.18,0.05,0.28,,,,,,,,,
2026-05-08T09:21:31.882,RBLBANK,,,,,,,,,,,,,,,,,,,,,,,,,,,,,,,,,,,2026-05-08,,,,,,,,,,16.14,16.25,21.62,25.6,0.11,0.17,0.07,,,,,,,,,
2026-05-08T09:21:31.882,JAMNAAUTO,,,,,,,,,,,,,,,,,,,,,,,,,,,,,,,,,,,2026-05-08,,,,,,,,,,15.19,10.72,10.38,-1.85,0.16,0.09,0.41,,,,,,,,,
2026-05-08T09:21:31.882,POLYCAB,,,,,,,,,,,,,,,,,,,,,,,,,,,,,,,,,,,2026-05-08,,,,,,,,,,14.66,8.02,6.07,5.69,0.26,0.29,0.18,,,,,,,,,
2026-05-08T09:21:31.882,IDEA,,,,,,,,,,,,,,,,,,,,,,,,,,,,,,,,,,,2026-05-08,,,,,,,,,,14.45,5.54,6.96,2.99,0.3,0.04,0.28,,,,,,,,,
2026-05-08T09:21:31.882,TATAGOLD,,,,,,,,,,,,,,,,,,,,,,,,,,,,,,,,,,,2026-05-08,,,,,,,,,,13.96,15.26,18.35,12.72,0.02,0.03,0.25,,,,,,,,,
2026-05-08T09:21:31.882,GOLDBEES,,,,,,,,,,,,,,,,,,,,,,,,,,,,,,,,,,,2026-05-08,,,,,,,,,,13.83,15.26,17.49,12.76,0.02,0.05,0.25,,,,,,,,,
2026-05-08T09:21:31.882,AVALON,,,,,,,,,,,,,,,,,,,,,,,,,,,,,,,,,,,2026-05-08,,,,,,,,,,12.9,6.26,6.36,24.39,0.37,0.56,0.11,,,,,,,,,
2026-05-08T09:21:31.882,DELHIVERY,,,,,,,,,,,,,,,,,,,,,,,,,,,,,,,,,,,2026-05-08,,,,,,,,,,12.35,15.58,9.88,8.22,0.1,0.1,0.04,,,,,,,,,
2026-05-08T09:21:31.882,SANDUMA,,,,,,,,,,,,,,,,,,,,,,,,,,,,,,,,,,,2026-05-08,,,,,,,,,,11.69,6.26,15.96,15.22,0.27,0.08,0.08,,,,,,,,,
2026-05-08T09:21:31.882,IFCI,,,,,,,,,,,,,,,,,,,,,,,,,,,,,,,,,,,2026-05-08,,,,,,,,,,11.15,3.06,2.96,3.51,0.22,0.15,0.11,,,,,,,,,
2026-05-08T09:21:31.882,CGPOWER,,,,,,,,,,,,,,,,,,,,,,,,,,,,,,,,,,,2026-05-08,,,,,,,,,,9.07,1.82,0.23,0.95,0.24,0.41,0.17,,,,,,,,,
2026-05-08T09:21:31.882,ACMESOLAR,,,,,,,,,,,,,,,,,,,,,,,,,,,,,,,,,,,2026-05-08,,,,,,,,,,8.52,8.9,3.85,NaN,0.09,0.39,0.07,,,,,,,,,
2026-05-08T09:21:31.882,THERMAX,,,,,,,,,,,,,,,,,,,,,,,,,,,,,,,,,,,2026-05-08,,,,,,,,,,7.79,-3.12,-5.02,-8.62,0.35,0.54,0.35,,,,,,,,,
2026-05-08T09:21:31.882,PARAS,,,,,,,,,,,,,,,,,,,,,,,,,,,,,,,,,,,2026-05-08,,,,,,,,,,7.45,5.41,5.71,12.23,0.37,0.34,0.24,,,,,,,,,
2026-05-08T09:21:31.882,ARVIND,,,,,,,,,,,,,,,,,,,,,,,,,,,,,,,,,,,2026-05-08,,,,,,,,,,6.61,3.72,-2.17,-0.13,0.19,0.37,0.4,,,,,,,,,
2026-04-01T08:03:50.956,ATHERENERG,805.0,742.15,754.0,-5.32,699.97,734.65,792.7,-84.91,-37.09,auto,automobiles - scooters and 3 - wheelers,5.71,0.2,1.12,0.35,1.25,8.47,8.47,8.47,5.52,1.6,58.99,41.64,5.02,,1.42,179.5,,,,,,,,2026-04-01,,,,,,,,,,,,,,,,,28.46,9.08,5.99,28790.82,,,,,
2026-04-01T08:03:50.956,COALINDIA,459.9,443.1,450.45,1.21,430.86,453.27,444.81,9.7,9.3,metals & mining,mining / minerals / metals,-3.23,0.07,0.13,0.05,0.12,4.27,4.27,3.79,3.09,2.65,14.53,13.9,3.09,,1.05,175.51,,,,,,,,2026-04-01,,,,,,,,,,,,,,,,,52.86,7.4,9.01,277600.1,,,,,
2026-04-01T08:03:50.956,NLCINDIA,276.0,265.0,268.6,-0.67,252.13,254.09,297.63,12.86,13.51,power & utilities,power generation and supply,6.02,-0.13,0.13,-0.12,0.14,4.15,4.15,4.15,4.23,3.51,11.22,11.36,4.54,,0.99,167.11,,,,,,,,2026-04-01,,,,,,,,,,,,,,,,,31.69,5.82,4.87,37245.06,,,,,
2026-04-01T08:03:50.956,AETHER,1179.0,1075.6,1094.5,-6.48,1000.92,1092.94,1097.62,56.3,67.27,chemicals,chemicals,6.68,0.34,0.28,0.46,0.37,9.61,9.61,9.61,7.35,1.76,85.77,80.47,6.35,,1.07,151.35,,,,,,,,2026-04-01,,,,,,,,,,,,,,,,,23.49,7.62,8.31,14512.0,,,,,
2026-04-01T08:03:50.956,WHEELS,1077.75,990.0,997.25,-7.84,925.19,987.94,1015.86,16.89,17.99,auto,auto ancillaries,11.48,0.02,0.21,0.15,0.31,8.86,8.86,8.86,5.8,0.73,115.11,57.8,5.34,,1.99,141.78,,,,,,,,2026-04-01,,,,,,,,,,,,,,,,,12.54,9.89,6.23,2436.58,,,,,
2026-04-01T08:03:50.956,QPOWER,853.8,792.1,805.5,-6.49,735.87,782.0,852.51,40.03,57.7,industrials,electric equipment,7.24,-0.3,0.01,-0.22,0.08,7.79,7.79,7.79,5.94,1.69,20.29,47.82,5.36,,0.42,118.51,,,,,,,,2026-04-01,,,,,,,,,,,,,,,,,28.02,8.76,6.65,6238.12,,,,,
2026-04-01T08:03:50.956,UNIPARTS,460.05,433.05,442.95,-3.72,415.2,435.78,457.29,15.01,15.38,industrials,engineering,5.52,0.01,0.1,0.04,0.14,6.23,6.23,6.23,4.26,2.29,-17.5,18.88,4.05,,-0.93,115.55,,,,,,,,2026-04-01,,,,,,,,,,,,,,,,,52.43,5.41,3.2,1999.25,,,,,
2026-04-01T08:03:50.956,GMBREW,1037.3,975.0,982.45,-3.73,912.53,974.26,998.84,13.36,13.75,fmcg,breweries & distilleries,5.53,0.28,0.3,0.32,0.35,6.39,6.39,6.39,5.19,0.76,-18.21,51.02,4.3,,-0.36,114.38,,,,,,,,2026-04-01,,,,,,,,,,,,,,,,,14.6,4.58,3.45,2244.6,,,,,
2026-04-01T08:03:50.956,VENUSREM,856.95,819.65,820.05,-4.95,748.56,877.97,704.21,10.71,14.36,healthcare,pharmaceuticals - indian - formulations,-2.82,0.75,0.58,0.8,0.67,4.55,4.55,4.55,5.95,0.05,43.11,48.76,6.4,,0.88,111.43,,,,,,,,2026-04-01,,,,,,,,,,,,,,,,,0.82,6.59,5.99,1096.16,,,,,
2026-04-01T08:03:50.956,GPIL,275.0,267.5,268.8,-1.21,251.91,252.16,302.09,28.84,22.23,metals & mining,steel - medium / small,9.61,-0.01,0.38,-0.03,0.4,2.8,2.8,2.8,4.37,1.61,11.29,11.76,4.66,,0.96,105.53,,,,,,,,2026-04-01,,,,,,,,,,,,,,,,,11.06,5.61,4.9,18004.1,,,,,
2026-04-01T08:03:50.956,ADANIPOWER,156.45,149.2,150.43,-2.27,141.78,149.09,153.11,29.15,8.33,power & utilities,power generation and supply,3.05,-0.06,0.2,-0.04,0.23,4.86,4.86,4.86,4.18,0.82,6.45,6.29,4.08,,1.03,88.78,,,,,,,,2026-04-01,,,,,,,,,,,,,,,,,19.57,6.02,4.34,290099.66,,,,,
2026-04-01T08:03:50.956,CCL,1058.3,1024.3,1041.2,-1.65,984.83,1044.06,1035.48,34.57,36.92,fmcg,tea,1.2,0.12,0.13,0.09,0.15,3.32,3.32,3.32,3.62,1.65,31.04,37.71,3.58,,0.82,87.74,,,,,,,,2026-04-01,,,,,,,,,,,,,,,,,44.82,7.76,7.5,13902.93,,,,,
2026-04-01T08:03:50.956,GESHIP,1449.0,1389.1,1414.7,-0.02,1329.81,1406.01,1432.08,6.21,8.93,transportation,shipping,-0.59,0.34,0.38,0.3,0.39,4.31,4.31,4.31,4.35,1.84,109.92,61.51,4.46,,1.79,86.65,,,,,,,,2026-04-01,,,,,,,,,,,,,,,,,41.62,12.47,12.05,20197.27,,,,,
2026-04-01T08:03:50.956,SENORES,782.0,755.2,759.6,-3.6,713.25,717.02,844.75,26.05,34.15,healthcare,pharmaceuticals - indian - formulations,9.44,0.01,0.17,0.07,0.22,3.55,3.55,3.55,4.38,0.58,-21.69,33.24,3.85,,-0.65,73.91,,,,,,,,2026-04-01,,,,,,,,,,,,,,,,,13.24,3.55,2.15,3498.23,,,,,
2026-04-01T08:03:50.956,SYRMA,811.6,765.9,773.1,-5.51,715.6,731.08,857.15,36.26,50.76,consumer discretionary,electronics - components,12.72,-0.1,0.07,-0.07,0.14,5.97,5.97,5.97,5.37,0.94,-10.18,41.49,4.61,,-0.25,72.87,,,,,,,,2026-04-01,,,,,,,,,,,,,,,,,17.35,6.02,4.25,14907.72,,,,,
2026-04-01T08:03:50.956,KTKBANK,231.3,221.84,222.96,-2.92,208.04,223.68,221.51,7.25,7.3,bank,banks - private sector,-1.02,0.2,0.12,0.23,0.15,4.89,4.89,4.26,5.04,1.35,18.01,11.25,5.04,,1.6,70.73,,,,,,,,2026-04-01,,,,,,,,,,,,,,,,,9.96,9.47,6.94,8431.02,,,,,
2026-04-01T08:03:50.956,BLISSGVS,226.85,214.13,215.59,-1.1,196.77,200.01,246.74,24.5,20.87,healthcare,pharmaceuticals - indian - formulations,7.46,0.35,0.35,0.38,0.37,6.2,6.2,5.94,6.31,4.48,14.89,13.6,5.75,,1.09,65.95,,,,,,,,2026-04-01,,,,,,,,,,,,,,,,,10.73,9.95,8.68,2280.7,,,,,
2026-04-01T08:03:50.956,IMFA,1239.0,1184.0,1202.5,-2.36,1107.61,1159.65,1288.2,12.36,17.61,metals & mining,mining / minerals / metals,6.09,-0.01,0.55,0.0,0.59,4.65,4.65,4.65,5.18,1.56,-44.62,62.31,5.02,,-0.72,64.11,,,,,,,,2026-04-01,,,,,,,,,,,,,,,,,29.69,4.19,2.69,6487.98,,,,,
2026-04-01T08:03:50.956,TDPOWERSYS,868.85,836.0,851.35,0.3,789.76,800.31,953.43,58.96,60.51,industrials,electric equipment,6.19,0.36,0.66,0.35,0.65,3.93,3.93,3.93,4.87,1.84,45.58,41.43,4.93,,1.1,61.83,,,,,,,,2026-04-01,,,,,,,,,,,,,,,,,37.05,9.41,7.85,13299.35,,,,,
2026-04-01T08:03:50.956,LUMAXTECH,1590.0,1510.0,1522.2,-5.38,1388.77,1451.6,1663.4,31.45,41.64,auto,auto ancillaries,10.76,0.06,0.28,0.13,0.35,5.3,5.3,5.3,5.68,0.81,-16.62,86.51,5.34,,-0.19,61.62,,,,,,,,2026-04-01,,,,,,,,,,,,,,,,,14.1,5.08,4.51,10374.97,,,,,
2026-04-01T08:03:50.956,AVALON,965.2,911.2,928.0,-3.64,855.67,875.18,1033.65,47.44,64.22,consumer discretionary,electronics - components,8.69,-0.15,0.03,-0.11,0.07,5.93,5.93,5.93,5.43,1.84,-21.04,50.42,5.04,,-0.42,58.74,,,,,,,,2026-04-01,,,,,,,,,,,,,,,,,33.32,4.7,4.95,6195.23,,,,,
2026-04-01T08:03:50.956,CUPID,85.75,82.8,83.1,-1.83,76.64,77.71,93.87,17.03,26.72,fmcg,personal care - indian,3.78,0.74,2.01,0.8,2.07,6.99,6.99,3.56,4.78,3.68,0.67,3.98,5.42,,0.17,57.88,,,,,,,,2026-04-01,,,,,,,,,,,,,,,,,7.55,3.97,3.53,11174.13,,,,,
2026-04-01T08:03:50.956,PAISALO,34.38,33.48,33.71,-1.81,31.02,32.7,35.74,11.54,14.47,financials,finance & investments,2.33,-0.16,0.06,-0.17,0.08,3.4,3.4,2.69,5.83,1.38,-0.37,1.97,6.01,,-0.19,57.13,,,,,,,,2026-04-01,,,,,,,,,,,,,,,,,11.7,4.27,3.18,3066.0,,,,,
2026-04-01T08:03:50.956,SHRIPISTON,3050.0,2969.2,3016.5,-0.56,2808.33,2894.75,3260.0,27.0,24.46,auto,auto ancillaries,4.58,0.03,0.24,0.05,0.25,2.72,2.72,2.72,4.71,1.59,59.17,142.21,4.73,,0.42,56.07,,,,,,,,2026-04-01,,,,,,,,,,,,,,,,,33.26,4.99,2.86,13287.63,,,,,
2026-04-01T08:03:50.956,DELHIVERY,423.7,411.45,416.7,-2.81,395.65,403.78,442.54,196.56,204.26,transportation,miscellaneous,4.88,-0.13,-0.04,-0.12,-0.01,2.98,2.98,2.98,3.52,1.28,-4.27,14.66,3.37,,-0.29,55.5,,,,,,,,2026-04-01,,,,,,,,,,,,,,,,,35.81,6.06,5.47,31173.15,,,,,
2026-04-01T08:03:50.956,STLTECH,189.0,175.0,176.36,-5.25,157.18,182.95,163.19,-125.97,-193.8,industrials,cables - telephone,-0.3,0.39,0.49,0.45,0.58,8.0,8.0,8.0,7.85,0.78,25.9,13.85,7.9,,1.87,53.2,,,,,,,,2026-04-01,,,,,,,,,,,,,,,,,9.82,13.4,11.61,8607.77,,,,,
2026-04-01T08:03:50.956,AEROFLEX,245.9,234.39,238.76,-0.75,218.64,236.84,242.6,46.63,62.83,metals & mining,steel - medium / small,1.88,0.25,0.07,0.22,0.08,4.91,4.91,4.91,6.27,1.86,30.63,14.96,5.68,,2.05,52.95,,,,,,,,2026-04-01,,,,,,,,,,,,,,,,,29.2,10.43,7.69,3159.53,,,,,
2026-04-01T08:03:50.956,BELRISE,191.74,184.62,185.99,-2.03,173.86,180.99,195.99,32.07,29.66,auto,auto ancillaries,4.59,0.08,0.51,0.1,0.54,3.86,3.86,3.86,4.69,0.74,5.29,8.73,4.35,,0.61,51.45,,,,,,,,2026-04-01,,,,,,,,,,,,,,,,,15.69,7.22,6.24,16550.86,,,,,
2026-04-01T08:03:50.956,GOKULAGRO,188.74,175.8,180.32,-2.18,166.07,175.37,190.21,8.57,8.9,fmcg,solvent extraction,6.41,-0.15,0.1,-0.14,0.13,7.36,7.36,7.36,6.05,2.57,12.8,10.91,5.62,,1.17,30.1,,,,,,,,2026-04-01,,,,,,,,,,,,,,,,,41.41,6.81,3.19,5321.0,,,,,
2026-04-01T08:03:50.956,PRIVISCL,2937.2,2888.0,2897.8,-1.93,2759.72,2860.98,2971.44,36.28,37.69,chemicals,chemicals,2.37,0.08,0.14,0.14,0.17,1.7,1.7,1.7,3.13,0.34,48.5,90.73,3.21,,0.54,29.46,,,,,,,,2026-04-01,,,,,,,,,,,,,,,,,10.8,7.97,6.21,11319.59,,,,,
2026-04-01T08:03:50.956,APEX,388.25,360.2,362.85,-3.89,323.83,333.68,421.18,28.08,34.33,fmcg,aquaculture,15.58,0.49,0.45,0.53,0.51,7.79,7.79,7.79,7.16,0.74,3.87,25.99,6.79,,0.15,25.21,,,,,,,,2026-04-01,,,,,,,,,,,,,,,,,10.2,9.12,7.85,1133.91,,,,,
2026-04-01T08:03:50.956,ZYDUSWELL,442.15,423.0,426.35,-4.43,395.97,418.01,443.03,-85.27,9.65,fmcg,food - processing - indian,7.06,-0.19,0.02,-0.15,0.07,4.53,4.53,4.53,5.74,0.79,15.61,24.46,5.07,,0.64,19.26,,,,,,,,2026-04-01,,,,,,,,,,,,,,,,,13.69,4.26,2.54,13564.78,,,,,
2026-03-31T23:39:46.281,ATHERENERG,805.0,742.15,754.0,-5.32,699.97,734.65,792.7,-84.91,-37.09,auto,automobiles - scooters and 3 - wheelers,5.71,0.2,1.12,0.35,1.25,8.47,8.47,8.47,5.52,1.6,58.99,41.64,5.02,,1.42,179.5,,,,,,,,2026-03-31,,,,,,,,,,,,,,,,,28.46,9.08,5.99,28790.82,,,,,
2026-03-31T23:39:46.281,COALINDIA,459.9,443.1,450.45,1.21,430.86,453.27,444.81,9.7,9.3,metals & mining,mining / minerals / metals,-3.23,0.07,0.13,0.05,0.12,4.27,4.27,3.79,3.09,2.65,14.53,13.9,3.09,,1.05,175.51,,,,,,,,2026-03-31,,,,,,,,,,,,,,,,,52.86,7.4,9.01,277600.1,,,,,
2026-03-31T23:39:46.281,NLCINDIA,276.0,265.0,268.6,-0.67,252.13,254.09,297.63,12.86,13.51,power & utilities,power generation and supply,6.02,-0.13,0.13,-0.12,0.14,4.15,4.15,4.15,4.23,3.51,11.22,11.36,4.54,,0.99,167.11,,,,,,,,2026-03-31,,,,,,,,,,,,,,,,,31.69,5.82,4.87,37245.06,,,,,
2026-03-31T23:39:46.281,AETHER,1179.0,1075.6,1094.5,-6.48,1000.92,1092.94,1097.62,56.3,67.27,chemicals,chemicals,6.68,0.34,0.28,0.46,0.37,9.61,9.61,9.61,7.35,1.76,85.77,80.47,6.35,,1.07,151.35,,,,,,,,2026-03-31,,,,,,,,,,,,,,,,,23.49,7.62,8.31,14512.0,,,,,
2026-03-31T23:39:46.281,WHEELS,1077.75,990.0,997.25,-7.84,925.19,987.94,1015.86,16.89,17.99,auto,auto ancillaries,11.48,0.02,0.21,0.15,0.31,8.86,8.86,8.86,5.8,0.73,115.11,57.8,5.34,,1.99,141.78,,,,,,,,2026-03-31,,,,,,,,,,,,,,,,,12.54,9.89,6.23,2436.58,,,,,
2026-03-31T23:39:46.281,QPOWER,853.8,792.1,805.5,-6.49,735.87,782.0,852.51,40.03,57.7,industrials,electric equipment,7.24,-0.3,0.01,-0.22,0.08,7.79,7.79,7.79,5.94,1.69,20.29,47.82,5.36,,0.42,118.51,,,,,,,,2026-03-31,,,,,,,,,,,,,,,,,28.02,8.76,6.65,6238.12,,,,,
2026-03-31T23:39:46.281,UNIPARTS,460.05,433.05,442.95,-3.72,415.2,435.78,457.29,15.01,15.38,industrials,engineering,5.52,0.01,0.1,0.04,0.14,6.23,6.23,6.23,4.26,2.29,-17.5,18.88,4.05,,-0.93,115.55,,,,,,,,2026-03-31,,,,,,,,,,,,,,,,,52.43,5.41,3.2,1999.25,,,,,
2026-03-31T23:39:46.281,GMBREW,1037.3,975.0,982.45,-3.73,912.53,974.26,998.84,13.36,13.75,fmcg,breweries & distilleries,5.53,0.28,0.3,0.32,0.35,6.39,6.39,6.39,5.19,0.76,-18.21,51.02,4.3,,-0.36,114.38,,,,,,,,2026-03-31,,,,,,,,,,,,,,,,,14.6,4.58,3.45,2244.6,,,,,
2026-03-31T23:39:46.281,VENUSREM,856.95,819.65,820.05,-4.95,748.56,877.97,704.21,10.71,14.36,healthcare,pharmaceuticals - indian - formulations,-2.82,0.75,0.58,0.8,0.67,4.55,4.55,4.55,5.95,0.05,43.11,48.76,6.4,,0.88,111.43,,,,,,,,2026-03-31,,,,,,,,,,,,,,,,,0.82,6.59,5.99,1096.16,,,,,
2026-03-31T23:39:46.281,GPIL,275.0,267.5,268.8,-1.21,251.91,252.16,302.09,28.84,22.23,metals & mining,steel - medium / small,9.61,-0.01,0.38,-0.03,0.4,2.8,2.8,2.8,4.37,1.61,11.29,11.76,4.66,,0.96,105.53,,,,,,,,2026-03-31,,,,,,,,,,,,,,,,,11.06,5.61,4.9,18004.1,,,,,
2026-03-31T23:39:46.281,ADANIPOWER,156.45,149.2,150.43,-2.27,141.78,149.09,153.11,29.15,8.33,power & utilities,power generation and supply,3.05,-0.06,0.2,-0.04,0.23,4.86,4.86,4.86,4.18,0.82,6.45,6.29,4.08,,1.03,88.78,,,,,,,,2026-03-31,,,,,,,,,,,,,,,,,19.57,6.02,4.34,290099.66,,,,,
2026-03-31T23:39:46.281,CCL,1058.3,1024.3,1041.2,-1.65,984.83,1044.06,1035.48,34.57,36.92,fmcg,tea,1.2,0.12,0.13,0.09,0.15,3.32,3.32,3.32,3.62,1.65,31.04,37.71,3.58,,0.82,87.74,,,,,,,,2026-03-31,,,,,,,,,,,,,,,,,44.82,7.76,7.5,13902.93,,,,,
2026-03-31T23:39:46.281,GESHIP,1449.0,1389.1,1414.7,-0.02,1329.81,1406.01,1432.08,6.21,8.93,transportation,shipping,-0.59,0.34,0.38,0.3,0.39,4.31,4.31,4.31,4.35,1.84,109.92,61.51,4.46,,1.79,86.65,,,,,,,,2026-03-31,,,,,,,,,,,,,,,,,41.62,12.47,12.05,20197.27,,,,,
2026-03-31T23:39:46.281,SENORES,782.0,755.2,759.6,-3.6,713.25,717.02,844.75,26.05,34.15,healthcare,pharmaceuticals - indian - formulations,9.44,0.01,0.17,0.07,0.22,3.55,3.55,3.55,4.38,0.58,-21.69,33.24,3.85,,-0.65,73.91,,,,,,,,2026-03-31,,,,,,,,,,,,,,,,,13.24,3.55,2.15,3498.23,,,,,
2026-03-31T23:39:46.281,SYRMA,811.6,765.9,773.1,-5.51,715.6,731.08,857.15,36.26,50.76,consumer discretionary,electronics - components,12.72,-0.1,0.07,-0.07,0.14,5.97,5.97,5.97,5.37,0.94,-10.18,41.49,4.61,,-0.25,72.87,,,,,,,,2026-03-31,,,,,,,,,,,,,,,,,17.35,6.02,4.25,14907.72,,,,,
2026-03-31T23:39:46.281,KTKBANK,231.3,221.84,222.96,-2.92,208.04,223.68,221.51,7.25,7.3,bank,banks - private sector,-1.02,0.2,0.12,0.23,0.15,4.89,4.89,4.26,5.04,1.35,18.01,11.25,5.04,,1.6,70.73,,,,,,,,2026-03-31,,,,,,,,,,,,,,,,,9.96,9.47,6.94,8431.02,,,,,
2026-03-31T23:39:46.281,BLISSGVS,226.85,214.13,215.59,-1.1,196.77,200.01,246.74,24.5,20.87,healthcare,pharmaceuticals - indian - formulations,7.46,0.35,0.35,0.38,0.37,6.2,6.2,5.94,6.31,4.48,14.89,13.6,5.75,,1.09,65.95,,,,,,,,2026-03-31,,,,,,,,,,,,,,,,,10.73,9.95,8.68,2280.7,,,,,
2026-03-31T23:39:46.281,IMFA,1239.0,1184.0,1202.5,-2.36,1107.61,1159.65,1288.2,12.36,17.61,metals & mining,mining / minerals / metals,6.09,-0.01,0.55,0.0,0.59,4.65,4.65,4.65,5.18,1.56,-44.62,62.31,5.02,,-0.72,64.11,,,,,,,,2026-03-31,,,,,,,,,,,,,,,,,29.69,4.19,2.69,6487.98,,,,,
2026-03-31T23:39:46.281,TDPOWERSYS,868.85,836.0,851.35,0.3,789.76,800.31,953.43,58.96,60.51,industrials,electric equipment,6.19,0.36,0.66,0.35,0.65,3.93,3.93,3.93,4.87,1.84,45.58,41.43,4.93,,1.1,61.83,,,,,,,,2026-03-31,,,,,,,,,,,,,,,,,37.05,9.41,7.85,13299.35,,,,,
2026-03-31T23:39:46.281,LUMAXTECH,1590.0,1510.0,1522.2,-5.38,1388.77,1451.6,1663.4,31.45,41.64,auto,auto ancillaries,10.76,0.06,0.28,0.13,0.35,5.3,5.3,5.3,5.68,0.81,-16.62,86.51,5.34,,-0.19,61.62,,,,,,,,2026-03-31,,,,,,,,,,,,,,,,,14.1,5.08,4.51,10374.97,,,,,
2026-03-31T23:39:46.281,AVALON,965.2,911.2,928.0,-3.64,855.67,875.18,1033.65,47.44,64.22,consumer discretionary,electronics - components,8.69,-0.15,0.03,-0.11,0.07,5.93,5.93,5.93,5.43,1.84,-21.04,50.42,5.04,,-0.42,58.74,,,,,,,,2026-03-31,,,,,,,,,,,,,,,,,33.32,4.7,4.95,6195.23,,,,,
2026-03-31T23:39:46.281,CUPID,85.75,82.8,83.1,-1.83,76.64,77.71,93.87,17.03,26.72,fmcg,personal care - indian,3.78,0.74,2.01,0.8,2.07,6.99,6.99,3.56,4.78,3.68,0.67,3.98,5.42,,0.17,57.88,,,,,,,,2026-03-31,,,,,,,,,,,,,,,,,7.55,3.97,3.53,11174.13,,,,,
2026-03-31T23:39:46.281,PAISALO,34.38,33.48,33.71,-1.81,31.02,32.7,35.74,11.54,14.47,financials,finance & investments,2.33,-0.16,0.06,-0.17,0.08,3.4,3.4,2.69,5.83,1.38,-0.37,1.97,6.01,,-0.19,57.13,,,,,,,,2026-03-31,,,,,,,,,,,,,,,,,11.7,4.27,3.18,3066.0,,,,,
2026-03-31T23:39:46.281,SHRIPISTON,3050.0,2969.2,3016.5,-0.56,2808.33,2894.75,3260.0,27.0,24.46,auto,auto ancillaries,4.58,0.03,0.24,0.05,0.25,2.72,2.72,2.72,4.71,1.59,59.17,142.21,4.73,,0.42,56.07,,,,,,,,2026-03-31,,,,,,,,,,,,,,,,,33.26,4.99,2.86,13287.63,,,,,
2026-03-31T23:39:46.281,DELHIVERY,423.7,411.45,416.7,-2.81,395.65,403.78,442.54,196.56,204.26,transportation,miscellaneous,4.88,-0.13,-0.04,-0.12,-0.01,2.98,2.98,2.98,3.52,1.28,-4.27,14.66,3.37,,-0.29,55.5,,,,,,,,2026-03-31,,,,,,,,,,,,,,,,,35.81,6.06,5.47,31173.15,,,,,
2026-03-31T23:39:46.281,STLTECH,189.0,175.0,176.36,-5.25,157.18,182.95,163.19,-125.97,-193.8,industrials,cables - telephone,-0.3,0.39,0.49,0.45,0.58,8.0,8.0,8.0,7.85,0.78,25.9,13.85,7.9,,1.87,53.2,,,,,,,,2026-03-31,,,,,,,,,,,,,,,,,9.82,13.4,11.61,8607.77,,,,,
2026-03-31T23:39:46.281,AEROFLEX,245.9,234.39,238.76,-0.75,218.64,236.84,242.6,46.63,62.83,metals & mining,steel - medium / small,1.88,0.25,0.07,0.22,0.08,4.91,4.91,4.91,6.27,1.86,30.63,14.96,5.68,,2.05,52.95,,,,,,,,2026-03-31,,,,,,,,,,,,,,,,,29.2,10.43,7.69,3159.53,,,,,
2026-03-31T23:39:46.281,BELRISE,191.74,184.62,185.99,-2.03,173.86,180.99,195.99,32.07,29.66,auto,auto ancillaries,4.59,0.08,0.51,0.1,0.54,3.86,3.86,3.86,4.69,0.74,5.29,8.73,4.35,,0.61,51.45,,,,,,,,2026-03-31,,,,,,,,,,,,,,,,,15.69,7.22,6.24,16550.86,,,,,
2026-03-31T23:39:46.281,GOKULAGRO,188.74,175.8,180.32,-2.18,166.07,175.37,190.21,8.57,8.9,fmcg,solvent extraction,6.41,-0.15,0.1,-0.14,0.13,7.36,7.36,7.36,6.05,2.57,12.8,10.91,5.62,,1.17,30.1,,,,,,,,2026-03-31,,,,,,,,,,,,,,,,,41.41,6.81,3.19,5321.0,,,,,
2026-03-31T23:39:46.281,PRIVISCL,2937.2,2888.0,2897.8,-1.93,2759.72,2860.98,2971.44,36.28,37.69,chemicals,chemicals,2.37,0.08,0.14,0.14,0.17,1.7,1.7,1.7,3.13,0.34,48.5,90.73,3.21,,0.54,29.46,,,,,,,,2026-03-31,,,,,,,,,,,,,,,,,10.8,7.97,6.21,11319.59,,,,,
2026-03-31T23:39:46.281,APEX,388.25,360.2,362.85,-3.89,323.83,333.68,421.18,28.08,34.33,fmcg,aquaculture,15.58,0.49,0.45,0.53,0.51,7.79,7.79,7.79,7.16,0.74,3.87,25.99,6.79,,0.15,25.21,,,,,,,,2026-03-31,,,,,,,,,,,,,,,,,10.2,9.12,7.85,1133.91,,,,,
2026-03-31T23:39:46.281,ZYDUSWELL,442.15,423.0,426.35,-4.43,395.97,418.01,443.03,-85.27,9.65,fmcg,food - processing - indian,7.06,-0.19,0.02,-0.15,0.07,4.53,4.53,4.53,5.74,0.79,15.61,24.46,5.07,,0.64,19.26,,,,,,,,2026-03-31,,,,,,,,,,,,,,,,,13.69,4.26,2.54,13564.78,,,,,
2026-03-30T23:38:18.159,STLTECH,189.0,,176.36,-5.25,157.18,182.95,163.19,-125.97,-204.54,industrials,cables - telephone,-0.3,0.39,0.49,0.45,0.58,8.0,8.0,8.0,7.85,0.78,25.9,13.85,,,,,,,,,9.82,,,2026-03-30,,,2.52,51.55,41.32,,,,,,,,,,,,,13.4,11.61,,189.0,69.33,175.0,7.9,24.29
2026-03-30T23:38:18.159,GESHIP,1449.0,,1414.7,-0.02,1329.81,1406.01,1432.08,6.21,8.93,transportation,shipping,-0.59,0.34,0.38,0.3,0.39,4.31,4.31,4.31,4.35,1.84,109.92,61.51,,,,,,,,,41.62,,,2026-03-30,,,3.36,55.64,20.91,,,,,,,,,,,,,12.47,12.05,,1449.0,72.87,1389.1,4.46,12.16
2026-03-30T23:38:18.159,AEROFLEX,245.9,,238.76,-0.75,218.64,236.84,242.6,46.63,63.31,metals & mining,steel - medium / small,1.88,0.25,0.07,0.22,0.08,4.91,4.91,4.91,6.27,1.86,30.63,14.96,,,,,,,,,29.2,,,2026-03-30,,,4.46,55.05,32.08,,,,,,,,,,,,,10.43,7.69,,245.9,64.18,234.39,5.68,8.04
2026-03-30T23:38:18.159,BLISSGVS,226.85,,215.59,-1.1,196.77,200.01,246.74,24.5,21.1,healthcare,pharmaceuticals - indian - formulations,7.46,0.35,0.35,0.38,0.37,6.2,6.2,5.94,6.31,4.48,14.89,13.6,,,,,,,,,10.73,,,2026-03-30,,,4.98,53.24,15.85,,,,,,,,,,,,,9.95,8.68,,226.85,62.27,214.13,5.75,17.32
2026-03-30T23:38:18.159,WHEELS,1077.75,,997.25,-7.84,925.19,987.94,1015.86,16.89,19.52,auto,auto ancillaries,11.48,0.02,0.21,0.15,0.31,8.86,8.86,8.86,5.8,0.73,115.11,57.8,,,,,,,,,12.54,,,2026-03-30,,,8.41,56.13,28.43,,,,,,,,,,,,,9.89,6.23,,1077.75,61.24,990.0,5.34,13.97
2026-03-30T23:38:18.159,KTKBANK,231.3,,222.96,-2.92,208.04,223.68,221.51,7.25,7.52,bank,banks - private sector,-1.02,0.2,0.12,0.23,0.15,4.89,4.89,4.26,5.04,1.35,18.01,11.25,,,,,,,,,9.96,,,2026-03-30,,,3.86,54.39,19.78,,,,,,,,,,,,,9.47,6.94,,231.3,63.41,221.84,5.04,5.13
2026-03-30T23:38:18.159,TDPOWERSYS,868.85,,851.35,0.3,789.76,800.31,953.43,58.96,60.33,industrials,electric equipment,6.19,0.36,0.66,0.35,0.65,3.93,3.93,3.93,4.87,1.84,45.58,41.43,,,,,,,,,37.05,,,2026-03-30,,,3.04,52.6,17.65,,,,,,,,,,,,,9.41,7.85,,868.85,60.73,836.0,4.93,26.37
2026-03-30T23:38:18.159,APEX,388.25,,362.85,-3.89,323.83,333.68,421.18,28.08,35.72,fmcg,aquaculture,15.58,0.49,0.45,0.53,0.51,7.79,7.79,7.79,7.16,0.74,3.87,25.99,,,,,,,,,10.2,,,2026-03-30,,,1.5,48.91,22.25,,,,,,,,,,,,,9.12,7.85,,388.25,56.8,360.2,6.79,14.01
2026-03-30T23:38:18.159,ATHERENERG,805.0,,754.0,-5.32,699.97,734.65,792.7,-84.91,-39.17,auto,automobiles - scooters and 3 - wheelers,5.71,0.2,1.12,0.35,1.25,8.47,8.47,8.47,5.52,1.6,58.99,41.64,,,,,,,,,28.46,,,2026-03-30,,,7.17,55.96,17.27,,,,,,,,,,,,,9.08,5.99,,805.0,62.01,742.15,5.02,NaN
2026-03-30T23:38:18.159,QPOWER,853.8,,805.5,-6.49,735.87,782.0,852.51,40.03,61.71,industrials,electric equipment,7.24,-0.3,0.01,-0.22,0.08,7.79,7.79,7.79,5.94,1.69,20.29,47.82,,,,,,,,,28.02,,,2026-03-30,,,4.65,48.07,12.86,,,,,,,,,,,,,8.76,6.65,,853.8,51.11,792.1,5.36,26.4
2026-03-30T23:38:18.159,PRIVISCL,2937.2,,2897.8,-1.93,2759.72,2860.98,2971.44,36.28,38.43,chemicals,chemicals,2.37,0.08,0.14,0.14,0.17,1.7,1.7,1.7,3.13,0.34,48.5,90.73,,,,,,,,,10.8,,,2026-03-30,,,4.62,49.35,14.88,,,,,,,,,,,,,7.97,6.21,,2937.2,53.29,2888.0,3.21,18.54
2026-03-30T23:38:18.159,CCL,1058.3,,1041.2,-1.65,984.83,1044.06,1035.48,34.57,37.54,fmcg,tea,1.2,0.12,0.13,0.09,0.15,3.32,3.32,3.32,3.62,1.65,31.04,37.71,,,,,,,,,44.82,,,2026-03-30,,,2.86,50.64,16.17,,,,,,,,,,,,,7.76,7.5,,1058.3,59.46,1024.3,3.58,16.16
2026-03-30T23:38:18.159,AETHER,1179.0,,1094.5,-6.48,1000.92,1092.94,1097.62,56.3,71.93,chemicals,chemicals,6.68,0.34,0.28,0.46,0.37,9.61,9.61,9.61,7.35,1.76,85.77,80.47,,,,,,,,,23.49,,,2026-03-30,,,12.38,54.12,29.99,,,,,,,,,,,,,7.62,8.31,,1179.0,64.95,1075.6,6.35,7.15
2026-03-30T23:38:18.159,COALINDIA,459.9,,450.45,1.21,430.86,453.27,444.81,9.7,9.19,metals & mining,mining / minerals / metals,-3.23,0.07,0.13,0.05,0.12,4.27,4.27,3.79,3.09,2.65,14.53,13.9,,,,,,,,,52.86,,,2026-03-30,,,5.17,53.2,22.18,,,,,,,,,,,,,7.4,9.01,,459.9,59.93,443.1,3.09,2.98
2026-03-30T23:38:18.159,BELRISE,191.74,,185.99,-2.03,173.86,180.99,195.99,32.07,30.28,auto,auto ancillaries,4.59,0.08,0.51,0.1,0.54,3.86,3.86,3.86,4.69,0.74,5.29,8.73,,,,,,,,,15.69,,,2026-03-30,,,4.2,50.54,24.55,,,,,,,,,,,,,7.22,6.24,,191.74,59.42,184.62,4.35,NaN
2026-03-30T23:38:18.159,GOKULAGRO,188.74,,180.32,-2.18,166.07,175.37,190.21,8.57,9.09,fmcg,solvent extraction,6.41,-0.15,0.1,-0.14,0.13,7.36,7.36,7.36,6.05,2.57,12.8,10.91,,,,,,,,,41.41,,,2026-03-30,,,2.06,55.87,28.82,,,,,,,,,,,,,6.81,3.19,,188.74,54.1,175.8,5.62,9.32
2026-03-30T23:38:18.159,VENUSREM,856.95,,820.05,-4.95,748.56,877.97,704.21,10.71,15.11,healthcare,pharmaceuticals - indian - formulations,-2.82,0.75,0.58,0.8,0.67,4.55,4.55,4.55,5.95,0.05,43.11,48.76,,,,,,,,,0.82,,,2026-03-30,,,4.96,50.49,18.85,,,,,,,,,,,,,6.59,5.99,,856.95,59.21,819.65,6.4,38.98
2026-03-30T23:38:18.159,DELHIVERY,423.7,,416.7,-2.81,395.65,403.78,442.54,196.56,210.17,transportation,miscellaneous,4.88,-0.13,-0.04,-0.12,-0.01,2.98,2.98,2.98,3.52,1.28,-4.27,14.66,,,,,,,,,35.81,,,2026-03-30,,,4.12,48.19,13.19,,,,,,,,,,,,,6.06,5.47,,423.7,49.28,411.45,3.37,11.85
2026-03-30T23:38:18.159,ADANIPOWER,156.45,,150.43,-2.27,141.78,149.09,153.11,29.15,8.52,power & utilities,power generation and supply,3.05,-0.06,0.2,-0.04,0.23,4.86,4.86,4.86,4.18,0.82,6.45,6.29,,,,,,,,,19.57,,,2026-03-30,,,4.44,54.63,15.61,,,,,,,,,,,,,6.02,4.34,,156.45,56.27,149.2,4.08,10.27
2026-03-30T23:38:18.159,SYRMA,811.6,,773.1,-5.51,715.6,731.08,857.15,36.26,53.72,consumer discretionary,electronics - components,12.72,-0.1,0.07,-0.07,0.14,5.97,5.97,5.97,5.37,0.94,-10.18,41.49,,,,,,,,,17.35,,,2026-03-30,,,4.55,48.41,17.13,,,,,,,,,,,,,6.02,4.25,,811.6,50.74,765.9,4.61,14.65
2026-03-30T23:38:18.159,NLCINDIA,276.0,,268.6,-0.67,252.13,254.09,297.63,12.86,13.6,power & utilities,power generation and supply,6.02,-0.13,0.13,-0.12,0.14,4.15,4.15,4.15,4.23,3.51,11.22,11.36,,,,,,,,,31.69,,,2026-03-30,,,3.93,56.53,14.03,,,,,,,,,,,,,5.82,4.87,,276.0,57.01,265.0,4.54,1.56
2026-03-30T23:38:18.159,GPIL,275.0,,268.8,-1.21,251.91,252.16,302.09,28.84,22.51,metals & mining,steel - medium / small,9.61,-0.01,0.38,-0.03,0.4,2.8,2.8,2.8,4.37,1.61,11.29,11.76,,,,,,,,,11.06,,,2026-03-30,,,6.49,54.76,15.35,,,,,,,,,,,,,5.61,4.9,,275.0,57.83,267.5,4.66,10.89
2026-03-30T23:38:18.159,UNIPARTS,460.05,,442.95,-3.72,415.2,435.78,457.29,15.01,15.97,industrials,engineering,5.52,0.01,0.1,0.04,0.14,6.23,6.23,6.23,4.26,2.29,-17.5,18.88,,,,,,,,,52.43,,,2026-03-30,,,3.79,43.31,15.62,,,,,,,,,,,,,5.41,3.2,,460.05,48.0,433.05,4.05,7.96
2026-03-30T23:38:18.159,LUMAXTECH,1590.0,,1522.2,-5.38,1388.77,1451.6,1663.4,31.45,44.0,auto,auto ancillaries,10.76,0.06,0.28,0.13,0.35,5.3,5.3,5.3,5.68,0.81,-16.62,86.51,,,,,,,,,14.1,,,2026-03-30,,,2.69,47.48,15.04,,,,,,,,,,,,,5.08,4.51,,1590.0,53.65,1510.0,5.34,36.69
2026-03-30T23:38:18.159,SHRIPISTON,3050.0,,3016.5,-0.56,2808.33,2894.75,3260.0,27.0,24.6,auto,auto ancillaries,4.58,0.03,0.24,0.05,0.25,2.72,2.72,2.72,4.71,1.59,59.17,142.21,,,,,,,,,33.26,,,2026-03-30,,,3.89,50.5,14.01,,,,,,,,,,,,,4.99,2.86,,3050.0,54.62,2969.2,4.73,13.93
2026-03-30T23:38:18.159,AVALON,965.2,,928.0,-3.64,855.67,875.18,1033.65,47.44,66.65,consumer discretionary,electronics - components,8.69,-0.15,0.03,-0.11,0.07,5.93,5.93,5.93,5.43,1.84,-21.04,50.42,,,,,,,,,33.32,,,2026-03-30,,,3.4,47.31,11.32,,,,,,,,,,,,,4.7,4.95,,965.2,48.74,911.2,5.04,4.48
2026-03-30T23:38:18.159,GMBREW,1037.3,,982.45,-3.73,912.53,974.26,998.84,13.36,14.28,fmcg,breweries & distilleries,5.53,0.28,0.3,0.32,0.35,6.39,6.39,6.39,5.19,0.76,-18.21,51.02,,,,,,,,,14.6,,,2026-03-30,,,4.94,46.3,15.18,,,,,,,,,,,,,4.58,3.45,,1037.3,50.1,975.0,4.3,12.42
2026-03-30T23:38:18.159,PAISALO,34.38,,33.71,-1.81,31.02,32.7,35.74,11.54,14.73,financials,finance & investments,2.33,-0.16,0.06,-0.17,0.08,3.4,3.4,2.69,5.83,1.38,-0.37,1.97,,,,,,,,,11.7,,,2026-03-30,,,5.93,47.3,15.71,,,,,,,,,,,,,4.27,3.18,,34.38,47.03,33.48,6.01,-0.48
2026-03-30T23:38:18.159,ZYDUSWELL,442.15,,426.35,-4.43,395.97,418.01,443.03,-85.27,10.09,fmcg,food - processing - indian,7.06,-0.19,0.02,-0.15,0.07,4.53,4.53,4.53,5.74,0.79,15.61,24.46,,,,,,,,,13.69,,,2026-03-30,,,1.58,54.05,29.77,,,,,,,,,,,,,4.26,2.54,,442.15,50.72,423.0,5.07,5.66
2026-03-30T23:38:18.159,IMFA,1239.0,,1202.5,-2.36,1107.61,1159.65,1288.2,12.36,18.04,metals & mining,mining / minerals / metals,6.09,-0.01,0.55,0.0,0.59,4.65,4.65,4.65,5.18,1.56,-44.62,62.31,,,,,,,,,29.69,,,2026-03-30,,,3.15,45.64,14.98,,,,,,,,,,,,,4.19,2.69,,1239.0,50.25,1184.0,5.02,18.92
2026-03-30T23:38:18.159,CUPID,85.75,,83.1,-1.83,76.64,77.71,93.87,17.03,27.22,fmcg,personal care - indian,3.78,0.74,2.01,0.8,2.07,6.99,6.99,3.56,4.78,3.68,0.67,3.98,,,,,,,,,7.55,,,2026-03-30,,,1.85,52.1,11.43,,,,,,,,,,,,,3.97,3.53,,85.75,61.57,82.8,5.42,118.41
2026-03-30T23:38:18.159,SENORES,782.0,,759.6,-3.6,713.25,717.02,844.75,26.05,35.43,healthcare,pharmaceuticals - indian - formulations,9.44,0.01,0.17,0.07,0.22,3.55,3.55,3.55,4.38,0.58,-21.69,33.24,,,,,,,,,13.24,,,2026-03-30,,,4.77,49.45,24.15,,,,,,,,,,,,,3.55,2.15,,782.0,49.84,755.2,3.85,5.58
2026-03-27T08:55:52.673,POWERINDIA,,,25670.0,2.58,,24555.63,27341.55,109.42,134.65,industrials,electric equipment,,0.23,0.34,,,,,4.54,,,,,,,,,,,,,,,,2026-03-27,24740.1,23970.0,0.68,62.29,28.18,29.78,23794.55,22567.97,25.35,,,,,,,,,,,,,,,,
2026-03-27T08:55:52.673,CCL,,,1077.6,-0.3,,1037.35,1137.97,35.78,38.21,fmcg,tea,,0.11,0.17,,,,,3.88,,,,,,,,,,,,,,,,2026-03-27,1049.58,1029.6,0.79,59.67,17.31,24.19,997.94,969.39,20.36,,,,,,,,,,,,,,,,
2026-03-27T08:55:52.673,EMCURE,,,1593.4,3.49,,1473.01,1773.98,32.76,34.71,healthcare,pharmaceuticals - indian - bulk drugs & formln,,0.11,0.19,,,,,8.17,,,,,,,,,,,,,,,,2026-03-27,1513.22,1443.8,2.22,61.55,13.32,8.51,1463.37,1394.15,15.12,,,,,,,,,,,,,,,,
2026-03-27T08:55:52.673,AIIL,,,526.7,6.75,,452.73,637.66,13.85,2.46,financials,finance & investments,,-0.19,-0.03,,,,,16.34,,,,,,,,,,,,,,,,2026-03-27,486.18,466.0,0.92,59.99,23.76,-15.68,467.87,424.29,14.11,,,,,,,,,,,,,,,,
2026-03-27T08:55:52.673,GPIL,,,277.3,5.28,,247.19,322.46,29.75,22.94,metals & mining,steel - medium / small,,-0.02,0.44,,,,,12.18,,,,,,,,,,,,,,,,2026-03-27,259.26,248.0,2.88,59.89,14.25,16.36,250.62,234.81,12.98,,,,,,,,,,,,,,,,
2026-03-27T08:55:52.673,GESHIP,,,1416.5,1.27,,1408.97,1427.79,6.22,8.94,transportation,shipping,,0.28,0.38,,,,,0.53,,,,,,,,,,,,,,,,2026-03-27,1376.12,1346.0,1.19,55.89,22.56,49.61,1284.71,1231.87,12.52,,,,,,,,,,,,,,,,
2026-03-27T08:55:52.673,ADANIPOWER,,,153.65,2.36,,147.01,163.61,29.78,8.51,power & utilities,power generation and supply,,-0.05,0.23,,,,,4.52,,,,,,,,,,,,,,,,2026-03-27,149.16,144.65,1.46,60.37,17.23,30.4,140.11,134.5,11.15,,,,,,,,,,,,,,,,
2026-03-27T08:55:52.673,SAILIFE,,,1012.35,1.32,,993.54,1040.56,53.06,63.59,healthcare,pharmaceuticals - indian - bulk drugs & formln,,0.06,0.25,,,,,1.89,,,,,,,,,,,,,,,,2026-03-27,970.35,963.0,1.78,57.26,12.4,17.65,938.37,900.34,10.18,,,,,,,,,,,,,,,,
2026-03-27T08:55:52.673,WAAREEENER,,,3177.9,2.95,,2867.12,3644.08,21.5,27.92,industrials,electric equipment,,-0.15,-0.01,,,,,10.84,,,,,,,,,,,,,,,,2026-03-27,3065.54,3015.9,0.75,65.15,23.42,-2.66,2902.28,2714.77,8.47,,,,,,,,,,,,,,,,
2026-03-27T08:55:52.673,GRANULES,,,629.05,3.74,,569.82,717.89,25.41,27.98,healthcare,pharmaceuticals - indian - bulk drugs & formln,,0.09,0.3,,,,,10.39,,,,,,,,,,,,,,,,2026-03-27,596.28,566.75,3.61,64.68,11.34,34.08,579.69,553.62,6.58,,,,,,,,,,,,,,,,
2026-03-27T08:55:52.673,ACMESOLAR,,,254.12,2.02,,240.86,274.01,33.79,31.41,realty,engineering - turnkey services,,-0.17,-0.17,,,,,5.5,,,,,,,,,,,,,,,,2026-03-27,245.98,234.8,0.65,58.47,25.52,-10.85,226.04,208.6,4.85,,,,,,,,,,,,,,,,
2026-03-27T08:55:52.673,INOXINDIA,,,1238.8,3.01,,1157.71,1360.44,46.29,45.31,industrials,packaging,,-0.06,-0.03,,,,,7.0,,,,,,,,,,,,,,,,2026-03-27,1181.19,1151.1,3.15,64.38,18.65,9.84,1144.26,1096.55,4.83,,,,,,,,,,,,,,,,
2026-03-27T08:55:52.673,NATCOPHARM,,,973.7,2.52,,958.51,996.48,28.77,11.2,healthcare,pharmaceuticals - indian - bulk drugs & formln,,0.07,-0.02,,,,,1.58,,,,,,,,,,,,,,,,2026-03-27,940.07,924.4,0.44,55.22,23.41,13.91,897.33,854.2,4.19,,,,,,,,,,,,,,,,
2026-03-27T08:55:52.673,LUPIN,,,2347.6,0.68,,2299.15,2420.28,22.8,23.08,healthcare,pharmaceuticals - indian - bulk drugs & formln,,0.1,0.2,,,,,2.11,,,,,,,,,,,,,,,,2026-03-27,2284.58,2241.6,1.31,59.2,14.08,22.03,2246.19,2183.23,3.83,,,,,,,,,,,,,,,,
2026-03-27T08:55:52.673,LINDEINDIA,,,7356.5,-0.5,,6966.87,7940.95,81.13,106.35,chemicals,chemicals,,0.06,0.05,,,,,5.59,,,,,,,,,,,,,,,,2026-03-27,7136.36,6558.0,1.43,61.53,31.44,14.63,6645.15,6269.13,3.55,,,,,,,,,,,,,,,,
2026-03-27T08:55:52.673,AUROPHARMA,,,1307.8,2.04,,1283.18,1344.73,20.86,21.78,healthcare,pharmaceuticals - indian - bulk drugs & formln,,0.1,0.12,,,,,1.92,,,,,,,,,,,,,,,,2026-03-27,1256.46,1240.0,1.09,62.57,13.23,25.15,1227.08,1188.74,3.39,,,,,,,,,,,,,,,,
2026-03-27T08:55:52.673,ABB,,,6212.5,0.82,,6195.23,6238.41,76.02,78.9,industrials,electric equipment,,0.1,0.04,,,,,0.28,,,,,,,,,,,,,,,,2026-03-27,6061.79,5975.0,0.52,55.47,28.66,23.72,5823.82,5609.81,3.08,,,,,,,,,,,,,,,,
2026-03-27T08:55:52.673,KSB,,,812.0,1.6,,772.99,870.52,43.66,52.25,industrials,pumps,,-0.12,-0.11,,,,,5.05,,,,,,,,,,,,,,,,2026-03-27,782.48,757.05,0.74,64.58,21.87,-3.33,744.85,706.49,2.53,,,,,,,,,,,,,,,,
2026-03-27T08:55:52.673,NLCINDIA,,,267.45,3.12,,250.57,292.77,12.81,13.45,power & utilities,power generation and supply,,-0.12,0.14,,,,,6.74,,,,,,,,,,,,,,,,2026-03-27,254.31,250.4,1.0,56.27,13.32,13.56,243.17,227.31,2.25,,,,,,,,,,,,,,,,
2026-03-27T08:55:52.673,DCMSHRIRAM,,,1119.7,4.31,,999.09,1300.61,17.61,25.0,miscellaneous,diversified - mega,,-0.12,-0.2,,,,,12.07,,,,,,,,,,,,,,,,2026-03-27,1038.8,1000.0,1.0,60.06,26.19,-9.9,1018.94,948.58,1.57,,,,,,,,,,,,,,,,
2026-03-27T08:55:52.673,LLOYDSME,,,1307.7,3.88,,1176.53,1504.45,16.45,27.86,metals & mining,mining / minerals / metals,,-0.06,-0.15,,,,,11.15,,,,,,,,,,,,,,,,2026-03-27,1244.99,1177.2,1.51,60.09,13.29,0.0,1175.8,1109.67,0.39,,,,,,,,,,,,,,,,
2026-03-27T08:55:52.673,JPPOWER,,,15.27,2.41,,14.14,16.96,NaN,20.92,power & utilities,power generation and supply,,-0.21,-0.38,,,,,7.96,,,,,,,,,,,,,,,,2026-03-27,14.7,14.46,1.25,53.51,19.75,-11.08,12.96,11.69,0.13,,,,,,,,,,,,,,,,
2026-03-27T08:55:52.673,IGIL,,,332.55,1.87,,317.61,354.95,26.73,27.06,miscellaneous,miscellaneous,,-0.13,-0.17,,,,,4.7,,,,,,,,,,,,,,,,2026-03-27,321.29,316.0,0.52,53.34,10.5,-3.48,300.0,280.04,0.07,,,,,,,,,,,,,,,,
2026-03-27T08:55:52.673,PREMIERENE,,,916.9,3.1,,824.75,1055.12,26.29,30.98,services,trading,,-0.2,-0.2,,,,,11.17,,,,,,,,,,,,,,,,2026-03-27,873.62,843.9,1.12,77.13,27.55,-9.3,846.76,801.01,-0.77,,,,,,,,,,,,,,,,
2026-03-27T08:55:52.673,AKUMS,,,493.65,3.34,,467.7,532.58,28.5,23.76,healthcare,pharmaceuticals - indian - bulk drugs & formln,,-0.01,-0.15,,,,,5.55,,,,,,,,,,,,,,,,2026-03-27,469.22,463.0,0.6,56.37,16.91,3.56,455.79,430.75,-0.91,,,,,,,,,,,,,,,,
2026-03-27T08:55:52.673,THERMAX,,,3249.2,1.8,,3170.38,3367.43,44.83,53.67,industrials,electric equipment,,-0.07,-0.09,,,,,2.49,,,,,,,,,,,,,,,,2026-03-27,3139.43,3050.0,1.0,57.66,14.35,-0.28,2989.7,2847.67,-1.04,,,,,,,,,,,,,,,,
2026-03-27T08:55:52.673,NHPC,,,77.2,0.86,,74.39,81.42,87.73,24.51,power & utilities,power generation and supply,,-0.18,-0.15,,,,,3.78,,,,,,,,,,,,,,,,2026-03-27,75.18,74.7,0.78,55.94,15.67,-2.5,73.23,71.3,-1.22,,,,,,,,,,,,,,,,
2026-03-27T08:55:52.673,TIINDIA,,,2682.4,4.43,,2476.5,2991.24,78.25,86.78,industrials,steel - large,,-0.23,-0.1,,,,,8.31,,,,,,,,,,,,,,,,2026-03-27,2524.77,2436.0,0.34,57.85,19.26,-11.43,2459.2,2308.0,-1.65,,,,,,,,,,,,,,,,
2026-03-27T08:55:52.673,BALRAMCHIN,,,508.5,6.61,,479.98,551.27,22.62,22.92,fmcg,sugar,,-0.01,-0.2,,,,,5.94,,,,,,,,,,,,,,,,2026-03-27,473.05,443.0,2.71,61.24,27.34,-8.95,455.49,421.23,-1.66,,,,,,,,,,,,,,,,
2026-03-27T08:55:52.673,VGUARD,,,327.75,0.91,,314.4,347.78,63.03,49.96,industrials,electric equipment,,-0.18,-0.2,,,,,4.25,,,,,,,,,,,,,,,,2026-03-27,317.67,311.8,1.05,55.21,15.8,-9.14,305.32,292.1,-1.89,,,,,,,,,,,,,,,,
2026-03-27T08:55:52.673,PRAJIND,,,325.75,4.21,,299.43,365.23,-121.55,114.7,industrials,engineering,,-0.16,-0.37,,,,,8.79,,,,,,,,,,,,,,,,2026-03-27,308.01,300.4,0.98,58.95,22.26,-18.28,297.32,282.25,-9.91,,,,,,,,,,,,,,,,
2026-03-27T08:55:52.673,ATHERENERG,,,776.65,2.6,,718.43,863.98,-87.46,-38.2,auto,automobiles - scooters and 3 - wheelers,,0.28,1.26,,,,,8.1,,,,,,,,,,,,,,,,2026-03-27,746.96,717.05,1.55,65.4,16.88,80.19,698.44,657.99,NaN,,,,,,,,,,,,,,,,
2026-03-26T23:16:21.698,POWERINDIA,,,25670.0,2.58,,24555.63,27341.55,109.42,134.65,industrials,electric equipment,,0.23,0.34,,,,,4.54,,,,,,,,,,,,,,,,2026-03-26,24740.1,23970.0,0.68,62.29,28.18,29.78,23794.55,22567.97,25.35,,,,,,,,,,,,,,,,
2026-03-26T23:16:21.698,CCL,,,1077.6,-0.3,,1037.35,1137.97,35.78,38.21,fmcg,tea,,0.11,0.17,,,,,3.88,,,,,,,,,,,,,,,,2026-03-26,1049.58,1029.6,0.79,59.67,17.31,24.19,997.94,969.39,20.36,,,,,,,,,,,,,,,,
2026-03-26T23:16:21.698,EMCURE,,,1593.4,3.49,,1473.01,1773.98,32.76,34.71,healthcare,pharmaceuticals - indian - bulk drugs & formln,,0.11,0.19,,,,,8.17,,,,,,,,,,,,,,,,2026-03-26,1513.22,1443.8,2.22,61.55,13.32,8.51,1463.37,1394.15,15.12,,,,,,,,,,,,,,,,
2026-03-26T23:16:21.698,AIIL,,,526.7,6.75,,452.73,637.66,13.85,2.46,financials,finance & investments,,-0.19,-0.03,,,,,16.34,,,,,,,,,,,,,,,,2026-03-26,486.18,466.0,0.92,59.99,23.76,-15.68,467.87,424.29,14.11,,,,,,,,,,,,,,,,
2026-03-26T23:16:21.698,GPIL,,,277.3,5.28,,247.19,322.46,29.75,22.94,metals & mining,steel - medium / small,,-0.02,0.44,,,,,12.18,,,,,,,,,,,,,,,,2026-03-26,259.26,248.0,2.88,59.89,14.25,16.36,250.62,234.81,12.98,,,,,,,,,,,,,,,,
2026-03-26T23:16:21.698,GESHIP,,,1416.5,1.27,,1408.97,1427.79,6.22,8.94,transportation,shipping,,0.28,0.38,,,,,0.53,,,,,,,,,,,,,,,,2026-03-26,1376.12,1346.0,1.19,55.89,22.56,49.61,1284.71,1231.87,12.52,,,,,,,,,,,,,,,,
2026-03-26T23:16:21.698,ADANIPOWER,,,153.65,2.36,,147.01,163.61,29.78,8.51,power & utilities,power generation and supply,,-0.05,0.23,,,,,4.52,,,,,,,,,,,,,,,,2026-03-26,149.16,144.65,1.46,60.37,17.23,30.4,140.11,134.5,11.15,,,,,,,,,,,,,,,,
2026-03-26T23:16:21.698,SAILIFE,,,1012.35,1.32,,993.54,1040.56,53.06,63.59,healthcare,pharmaceuticals - indian - bulk drugs & formln,,0.06,0.25,,,,,1.89,,,,,,,,,,,,,,,,2026-03-26,970.35,963.0,1.78,57.26,12.4,17.65,938.37,900.34,10.18,,,,,,,,,,,,,,,,
2026-03-26T23:16:21.698,WAAREEENER,,,3177.9,2.95,,2867.12,3644.08,21.5,27.92,industrials,electric equipment,,-0.15,-0.01,,,,,10.84,,,,,,,,,,,,,,,,2026-03-26,3065.54,3015.9,0.75,65.15,23.42,-2.66,2902.28,2714.77,8.47,,,,,,,,,,,,,,,,
2026-03-26T23:16:21.698,GRANULES,,,629.05,3.74,,569.82,717.89,25.41,27.98,healthcare,pharmaceuticals - indian - bulk drugs & formln,,0.09,0.3,,,,,10.39,,,,,,,,,,,,,,,,2026-03-26,596.28,566.75,3.61,64.68,11.34,34.08,579.69,553.62,6.58,,,,,,,,,,,,,,,,
2026-03-26T23:16:21.698,ACMESOLAR,,,254.12,2.02,,240.86,274.01,33.79,31.41,realty,engineering - turnkey services,,-0.17,-0.17,,,,,5.5,,,,,,,,,,,,,,,,2026-03-26,245.98,234.8,0.65,58.47,25.52,-10.85,226.04,208.6,4.85,,,,,,,,,,,,,,,,
2026-03-26T23:16:21.698,INOXINDIA,,,1238.8,3.01,,1157.71,1360.44,46.29,45.31,industrials,packaging,,-0.06,-0.03,,,,,7.0,,,,,,,,,,,,,,,,2026-03-26,1181.19,1151.1,3.15,64.38,18.65,9.84,1144.26,1096.55,4.83,,,,,,,,,,,,,,,,
2026-03-26T23:16:21.698,NATCOPHARM,,,973.7,2.52,,958.51,996.48,28.77,11.2,healthcare,pharmaceuticals - indian - bulk drugs & formln,,0.07,-0.02,,,,,1.58,,,,,,,,,,,,,,,,2026-03-26,940.07,924.4,0.44,55.22,23.41,13.91,897.33,854.2,4.19,,,,,,,,,,,,,,,,
2026-03-26T23:16:21.698,LUPIN,,,2347.6,0.68,,2299.15,2420.28,22.8,23.08,healthcare,pharmaceuticals - indian - bulk drugs & formln,,0.1,0.2,,,,,2.11,,,,,,,,,,,,,,,,2026-03-26,2284.58,2241.6,1.31,59.2,14.08,22.03,2246.19,2183.23,3.83,,,,,,,,,,,,,,,,
2026-03-26T23:16:21.698,LINDEINDIA,,,7356.5,-0.5,,6966.87,7940.95,81.13,106.35,chemicals,chemicals,,0.06,0.05,,,,,5.59,,,,,,,,,,,,,,,,2026-03-26,7136.36,6558.0,1.43,61.53,31.44,14.63,6645.15,6269.13,3.55,,,,,,,,,,,,,,,,
2026-03-26T23:16:21.698,AUROPHARMA,,,1307.8,2.04,,1283.18,1344.73,20.86,21.78,healthcare,pharmaceuticals - indian - bulk drugs & formln,,0.1,0.12,,,,,1.92,,,,,,,,,,,,,,,,2026-03-26,1256.46,1240.0,1.09,62.57,13.23,25.15,1227.08,1188.74,3.39,,,,,,,,,,,,,,,,
2026-03-26T23:16:21.698,ABB,,,6212.5,0.82,,6195.23,6238.41,76.02,78.9,industrials,electric equipment,,0.1,0.04,,,,,0.28,,,,,,,,,,,,,,,,2026-03-26,6061.79,5975.0,0.52,55.47,28.66,23.72,5823.82,5609.81,3.08,,,,,,,,,,,,,,,,
2026-03-26T23:16:21.698,KSB,,,812.0,1.6,,772.99,870.52,43.66,52.25,industrials,pumps,,-0.12,-0.11,,,,,5.05,,,,,,,,,,,,,,,,2026-03-26,782.48,757.05,0.74,64.58,21.87,-3.33,744.85,706.49,2.53,,,,,,,,,,,,,,,,
2026-03-26T23:16:21.698,NLCINDIA,,,267.45,3.12,,250.57,292.77,12.81,13.45,power & utilities,power generation and supply,,-0.12,0.14,,,,,6.74,,,,,,,,,,,,,,,,2026-03-26,254.31,250.4,1.0,56.27,13.32,13.56,243.17,227.31,2.25,,,,,,,,,,,,,,,,
2026-03-26T23:16:21.698,DCMSHRIRAM,,,1119.7,4.31,,999.09,1300.61,17.61,25.0,miscellaneous,diversified - mega,,-0.12,-0.2,,,,,12.07,,,,,,,,,,,,,,,,2026-03-26,1038.8,1000.0,1.0,60.06,26.19,-9.9,1018.94,948.58,1.57,,,,,,,,,,,,,,,,
2026-03-26T23:16:21.698,LLOYDSME,,,1307.7,3.88,,1176.53,1504.45,16.45,27.86,metals & mining,mining / minerals / metals,,-0.06,-0.15,,,,,11.15,,,,,,,,,,,,,,,,2026-03-26,1244.99,1177.2,1.51,60.09,13.29,0.0,1175.8,1109.67,0.39,,,,,,,,,,,,,,,,
2026-03-26T23:16:21.698,JPPOWER,,,15.27,2.41,,14.14,16.96,NaN,20.92,power & utilities,power generation and supply,,-0.21,-0.38,,,,,7.96,,,,,,,,,,,,,,,,2026-03-26,14.7,14.46,1.25,53.51,19.75,-11.08,12.96,11.69,0.13,,,,,,,,,,,,,,,,
2026-03-26T23:16:21.698,IGIL,,,332.55,1.87,,317.61,354.95,26.73,27.06,miscellaneous,miscellaneous,,-0.13,-0.17,,,,,4.7,,,,,,,,,,,,,,,,2026-03-26,321.29,316.0,0.52,53.34,10.5,-3.48,300.0,280.04,0.07,,,,,,,,,,,,,,,,
2026-03-26T23:16:21.698,PREMIERENE,,,916.9,3.1,,824.75,1055.12,26.29,30.98,services,trading,,-0.2,-0.2,,,,,11.17,,,,,,,,,,,,,,,,2026-03-26,873.62,843.9,1.12,77.13,27.55,-9.3,846.76,801.01,-0.77,,,,,,,,,,,,,,,,
2026-03-26T23:16:21.698,AKUMS,,,493.65,3.34,,467.7,532.58,28.5,23.76,healthcare,pharmaceuticals - indian - bulk drugs & formln,,-0.01,-0.15,,,,,5.55,,,,,,,,,,,,,,,,2026-03-26,469.22,463.0,0.6,56.37,16.91,3.56,455.79,430.75,-0.91,,,,,,,,,,,,,,,,
2026-03-26T23:16:21.698,THERMAX,,,3249.2,1.8,,3170.38,3367.43,44.83,53.67,industrials,electric equipment,,-0.07,-0.09,,,,,2.49,,,,,,,,,,,,,,,,2026-03-26,3139.43,3050.0,1.0,57.66,14.35,-0.28,2989.7,2847.67,-1.04,,,,,,,,,,,,,,,,
2026-03-26T23:16:21.698,NHPC,,,77.2,0.86,,74.39,81.42,87.73,24.51,power & utilities,power generation and supply,,-0.18,-0.15,,,,,3.78,,,,,,,,,,,,,,,,2026-03-26,75.18,74.7,0.78,55.94,15.67,-2.5,73.23,71.3,-1.22,,,,,,,,,,,,,,,,
2026-03-26T23:16:21.698,TIINDIA,,,2682.4,4.43,,2476.5,2991.24,78.25,86.78,industrials,steel - large,,-0.23,-0.1,,,,,8.31,,,,,,,,,,,,,,,,2026-03-26,2524.77,2436.0,0.34,57.85,19.26,-11.43,2459.2,2308.0,-1.65,,,,,,,,,,,,,,,,
2026-03-26T23:16:21.698,BALRAMCHIN,,,508.5,6.61,,479.98,551.27,22.62,22.92,fmcg,sugar,,-0.01,-0.2,,,,,5.94,,,,,,,,,,,,,,,,2026-03-26,473.05,443.0,2.71,61.24,27.34,-8.95,455.49,421.23,-1.66,,,,,,,,,,,,,,,,
2026-03-26T23:16:21.698,VGUARD,,,327.75,0.91,,314.4,347.78,63.03,49.96,industrials,electric equipment,,-0.18,-0.2,,,,,4.25,,,,,,,,,,,,,,,,2026-03-26,317.67,311.8,1.05,55.21,15.8,-9.14,305.32,292.1,-1.89,,,,,,,,,,,,,,,,
2026-03-26T23:16:21.698,PRAJIND,,,325.75,4.21,,299.43,365.23,-121.55,114.7,industrials,engineering,,-0.16,-0.37,,,,,8.79,,,,,,,,,,,,,,,,2026-03-26,308.01,300.4,0.98,58.95,22.26,-18.28,297.32,282.25,-9.91,,,,,,,,,,,,,,,,
2026-03-26T23:16:21.698,ATHERENERG,,,776.65,2.6,,718.43,863.98,-87.46,-38.2,auto,automobiles - scooters and 3 - wheelers,,0.28,1.26,,,,,8.1,,,,,,,,,,,,,,,,2026-03-26,746.96,717.05,1.55,65.4,16.88,80.19,698.44,657.99,NaN,,,,,,,,,,,,,,,,
2026-03-25T23:30:20.635,POWERINDIA,,,25670.0,2.58,,24555.63,27341.55,109.42,131.27,industrials,electric equipment,,0.23,0.34,,,,,4.54,,,,,,,,,,,,,,,,2026-03-25,24740.1,23970.0,0.68,62.29,28.18,29.78,23794.55,22567.97,25.35,,,,,,,,,,,,,,,,
2026-03-25T23:30:20.635,CCL,,,1077.6,-0.3,,1037.35,1137.97,35.78,38.33,fmcg,tea,,0.11,0.17,,,,,3.88,,,,,,,,,,,,,,,,2026-03-25,1049.58,1029.6,0.79,59.67,17.31,24.19,997.94,969.39,20.36,,,,,,,,,,,,,,,,
2026-03-25T23:30:20.635,EMCURE,,,1593.4,3.49,,1473.01,1773.98,32.76,33.54,healthcare,pharmaceuticals - indian - bulk drugs & formln,,0.11,0.19,,,,,8.17,,,,,,,,,,,,,,,,2026-03-25,1513.22,1443.8,2.22,61.55,13.32,8.51,1463.37,1394.15,15.12,,,,,,,,,,,,,,,,
2026-03-25T23:30:20.635,AIIL,,,526.7,6.75,,452.73,637.66,13.85,2.31,financials,finance & investments,,-0.19,-0.03,,,,,16.34,,,,,,,,,,,,,,,,2026-03-25,486.18,466.0,0.92,59.99,23.76,-15.68,467.87,424.29,14.11,,,,,,,,,,,,,,,,
2026-03-25T23:30:20.635,GPIL,,,277.3,5.28,,247.19,322.46,29.75,21.79,metals & mining,steel - medium / small,,-0.02,0.44,,,,,12.18,,,,,,,,,,,,,,,,2026-03-25,259.26,248.0,2.88,59.89,14.25,16.36,250.62,234.81,12.98,,,,,,,,,,,,,,,,
2026-03-25T23:30:20.635,GESHIP,,,1416.5,1.27,,1408.97,1427.79,6.22,8.83,transportation,shipping,,0.28,0.38,,,,,0.53,,,,,,,,,,,,,,,,2026-03-25,1376.12,1346.0,1.19,55.89,22.56,49.61,1284.71,1231.87,12.52,,,,,,,,,,,,,,,,
2026-03-25T23:30:20.635,ADANIPOWER,,,153.65,2.36,,147.01,163.61,29.78,8.31,power & utilities,power generation and supply,,-0.05,0.23,,,,,4.52,,,,,,,,,,,,,,,,2026-03-25,149.16,144.65,1.46,60.37,17.23,30.4,140.11,134.5,11.15,,,,,,,,,,,,,,,,
2026-03-25T23:30:20.635,SAILIFE,,,1012.35,1.32,,993.54,1040.56,53.06,62.76,healthcare,pharmaceuticals - indian - bulk drugs & formln,,0.06,0.25,,,,,1.89,,,,,,,,,,,,,,,,2026-03-25,970.35,963.0,1.78,57.26,12.4,17.65,938.37,900.34,10.18,,,,,,,,,,,,,,,,
2026-03-25T23:30:20.635,WAAREEENER,,,3177.9,2.95,,2867.12,3644.08,21.5,27.12,industrials,electric equipment,,-0.15,-0.01,,,,,10.84,,,,,,,,,,,,,,,,2026-03-25,3065.54,3015.9,0.75,65.15,23.42,-2.66,2902.28,2714.77,8.47,,,,,,,,,,,,,,,,
2026-03-25T23:30:20.635,GRANULES,,,629.05,3.74,,569.82,717.89,25.41,26.97,healthcare,pharmaceuticals - indian - bulk drugs & formln,,0.09,0.3,,,,,10.39,,,,,,,,,,,,,,,,2026-03-25,596.28,566.75,3.61,64.68,11.34,34.08,579.69,553.62,6.58,,,,,,,,,,,,,,,,
2026-03-25T23:30:20.635,ACMESOLAR,,,254.12,2.02,,240.86,274.01,33.79,30.79,realty,engineering - turnkey services,,-0.17,-0.17,,,,,5.5,,,,,,,,,,,,,,,,2026-03-25,245.98,234.8,0.65,58.47,25.52,-10.85,226.04,208.6,4.85,,,,,,,,,,,,,,,,
2026-03-25T23:30:20.635,INOXINDIA,,,1238.8,3.01,,1157.71,1360.44,46.29,43.99,industrials,packaging,,-0.06,-0.03,,,,,7.0,,,,,,,,,,,,,,,,2026-03-25,1181.19,1151.1,3.15,64.38,18.65,9.84,1144.26,1096.55,4.83,,,,,,,,,,,,,,,,
2026-03-25T23:30:20.635,NATCOPHARM,,,973.7,2.52,,958.51,996.48,28.77,10.92,healthcare,pharmaceuticals - indian - bulk drugs & formln,,0.07,-0.02,,,,,1.58,,,,,,,,,,,,,,,,2026-03-25,940.07,924.4,0.44,55.22,23.41,13.91,897.33,854.2,4.19,,,,,,,,,,,,,,,,
2026-03-25T23:30:20.635,LUPIN,,,2347.6,0.68,,2299.15,2420.28,22.8,22.92,healthcare,pharmaceuticals - indian - bulk drugs & formln,,0.1,0.2,,,,,2.11,,,,,,,,,,,,,,,,2026-03-25,2284.58,2241.6,1.31,59.2,14.08,22.03,2246.19,2183.23,3.83,,,,,,,,,,,,,,,,
2026-03-25T23:30:20.635,LINDEINDIA,,,7356.5,-0.5,,6966.87,7940.95,81.13,106.89,chemicals,chemicals,,0.06,0.05,,,,,5.59,,,,,,,,,,,,,,,,2026-03-25,7136.36,6558.0,1.43,61.53,31.44,14.63,6645.15,6269.13,3.55,,,,,,,,,,,,,,,,
2026-03-25T23:30:20.635,AUROPHARMA,,,1307.8,2.04,,1283.18,1344.73,20.86,21.35,healthcare,pharmaceuticals - indian - bulk drugs & formln,,0.1,0.12,,,,,1.92,,,,,,,,,,,,,,,,2026-03-25,1256.46,1240.0,1.09,62.57,13.23,25.15,1227.08,1188.74,3.39,,,,,,,,,,,,,,,,
2026-03-25T23:30:20.635,ABB,,,6212.5,0.82,,6195.23,6238.41,76.02,78.26,industrials,electric equipment,,0.1,0.04,,,,,0.28,,,,,,,,,,,,,,,,2026-03-25,6061.79,5975.0,0.52,55.47,28.66,23.72,5823.82,5609.81,3.08,,,,,,,,,,,,,,,,
2026-03-25T23:30:20.635,KSB,,,812.0,1.6,,772.99,870.52,43.66,51.43,industrials,pumps,,-0.12,-0.11,,,,,5.05,,,,,,,,,,,,,,,,2026-03-25,782.48,757.05,0.74,64.58,21.87,-3.33,744.85,706.49,2.53,,,,,,,,,,,,,,,,
2026-03-25T23:30:20.635,NLCINDIA,,,267.45,3.12,,250.57,292.77,12.81,13.05,power & utilities,power generation and supply,,-0.12,0.14,,,,,6.74,,,,,,,,,,,,,,,,2026-03-25,254.31,250.4,1.0,56.27,13.32,13.56,243.17,227.31,2.25,,,,,,,,,,,,,,,,
2026-03-25T23:30:20.635,DCMSHRIRAM,,,1119.7,4.31,,999.09,1300.61,17.61,23.97,miscellaneous,diversified - mega,,-0.12,-0.2,,,,,12.07,,,,,,,,,,,,,,,,2026-03-25,1038.8,1000.0,1.0,60.06,26.19,-9.9,1018.94,948.58,1.57,,,,,,,,,,,,,,,,
2026-03-25T23:30:20.635,LLOYDSME,,,1307.7,3.88,,1176.53,1504.45,16.45,26.82,metals & mining,mining / minerals / metals,,-0.06,-0.15,,,,,11.15,,,,,,,,,,,,,,,,2026-03-25,1244.99,1177.2,1.51,60.09,13.29,0.0,1175.8,1109.67,0.39,,,,,,,,,,,,,,,,
2026-03-25T23:30:20.635,JPPOWER,,,15.27,2.41,,14.14,16.96,NaN,20.42,power & utilities,power generation and supply,,-0.21,-0.38,,,,,7.96,,,,,,,,,,,,,,,,2026-03-25,14.7,14.46,1.25,53.51,19.75,-11.08,12.96,11.69,0.13,,,,,,,,,,,,,,,,
2026-03-25T23:30:20.635,IGIL,,,332.55,1.87,,317.61,354.95,26.73,26.56,miscellaneous,miscellaneous,,-0.13,-0.17,,,,,4.7,,,,,,,,,,,,,,,,2026-03-25,321.29,316.0,0.52,53.34,10.5,-3.48,300.0,280.04,0.07,,,,,,,,,,,,,,,,
2026-03-25T23:30:20.635,PREMIERENE,,,916.9,3.1,,824.75,1055.12,26.29,30.05,services,trading,,-0.2,-0.2,,,,,11.17,,,,,,,,,,,,,,,,2026-03-25,873.62,843.9,1.12,77.13,27.55,-9.3,846.76,801.01,-0.77,,,,,,,,,,,,,,,,
2026-03-25T23:30:20.635,AKUMS,,,493.65,3.34,,467.7,532.58,28.5,22.99,healthcare,pharmaceuticals - indian - bulk drugs & formln,,-0.01,-0.15,,,,,5.55,,,,,,,,,,,,,,,,2026-03-25,469.22,463.0,0.6,56.37,16.91,3.56,455.79,430.75,-0.91,,,,,,,,,,,,,,,,
2026-03-25T23:30:20.635,THERMAX,,,3249.2,1.8,,3170.38,3367.43,44.83,52.72,industrials,electric equipment,,-0.07,-0.09,,,,,2.49,,,,,,,,,,,,,,,,2026-03-25,3139.43,3050.0,1.0,57.66,14.35,-0.28,2989.7,2847.67,-1.04,,,,,,,,,,,,,,,,
2026-03-25T23:30:20.635,NHPC,,,77.2,0.86,,74.39,81.42,87.73,24.3,power & utilities,power generation and supply,,-0.18,-0.15,,,,,3.78,,,,,,,,,,,,,,,,2026-03-25,75.18,74.7,0.78,55.94,15.67,-2.5,73.23,71.3,-1.22,,,,,,,,,,,,,,,,
2026-03-25T23:30:20.635,TIINDIA,,,2682.4,4.43,,2476.5,2991.24,78.25,83.1,industrials,steel - large,,-0.23,-0.1,,,,,8.31,,,,,,,,,,,,,,,,2026-03-25,2524.77,2436.0,0.34,57.85,19.26,-11.43,2459.2,2308.0,-1.65,,,,,,,,,,,,,,,,
2026-03-25T23:30:20.635,BALRAMCHIN,,,508.5,6.61,,479.98,551.27,22.62,21.49,fmcg,sugar,,-0.01,-0.2,,,,,5.94,,,,,,,,,,,,,,,,2026-03-25,473.05,443.0,2.71,61.24,27.34,-8.95,455.49,421.23,-1.66,,,,,,,,,,,,,,,,
2026-03-25T23:30:20.635,VGUARD,,,327.75,0.91,,314.4,347.78,63.03,49.51,industrials,electric equipment,,-0.18,-0.2,,,,,4.25,,,,,,,,,,,,,,,,2026-03-25,317.67,311.8,1.05,55.21,15.8,-9.14,305.32,292.1,-1.89,,,,,,,,,,,,,,,,
2026-03-25T23:30:20.635,PRAJIND,,,325.75,4.21,,299.43,365.23,-121.55,110.07,industrials,engineering,,-0.16,-0.37,,,,,8.79,,,,,,,,,,,,,,,,2026-03-25,308.01,300.4,0.98,58.95,22.26,-18.28,297.32,282.25,-9.91,,,,,,,,,,,,,,,,
2026-03-25T23:30:20.635,ATHERENERG,,,776.65,2.6,,718.43,863.98,-87.46,-37.24,auto,automobiles - scooters and 3 - wheelers,,0.28,1.26,,,,,8.1,,,,,,,,,,,,,,,,2026-03-25,746.96,717.05,1.55,65.4,16.88,80.19,698.44,657.99,NaN,,,,,,,,,,,,,,,,
2026-03-19T09:15:41.604,BSE,,,2995.6,0.74,,2725.78,3400.32,51.26,38.77,financials,miscellaneous,,0.26,0.1,,,,,9.9,,,,,,,,,,,,,,,,2026-03-19,2898.94,2777.0,0.87,61.59,12.48,20.27,2807.4,2679.65,27.94,,,,,,,,,,,,,,,,
2026-03-19T09:15:41.604,POWERINDIA,,,24975.0,1.07,,25152.08,24709.38,106.46,131.01,industrials,electric equipment,,0.19,0.21,,,,,-0.7,,,,,,,,,,,,,,,,2026-03-19,23995.3,23400.0,0.51,60.8,33.42,26.74,23152.26,22060.2,23.01,,,,,,,,,,,,,,,,
2026-03-19T09:15:41.604,CCL,,,1046.0,0.69,,1021.93,1082.11,34.73,37.09,fmcg,tea,,0.1,0.14,,,,,2.36,,,,,,,,,,,,,,,,2026-03-19,1019.2,1016.6,0.62,56.33,15.58,13.69,981.54,939.19,17.83,,,,,,,,,,,,,,,,
2026-03-19T09:15:41.604,GESHIP,,,1441.0,1.02,,1398.71,1504.43,6.33,9.1,transportation,shipping,,0.25,0.35,,,,,3.02,,,,,,,,,,,,,,,,2026-03-19,1380.23,1343.7,1.22,60.76,27.74,46.72,1300.84,1229.22,14.03,,,,,,,,,,,,,,,,
2026-03-19T09:15:41.604,ABSLAMC,,,969.45,1.17,,936.18,1019.36,25.98,27.54,financials,finance & investments,,0.09,0.17,,,,,3.55,,,,,,,,,,,,,,,,2026-03-19,939.23,922.3,1.0,59.83,27.96,8.26,859.05,797.66,13.97,,,,,,,,,,,,,,,,
2026-03-19T09:15:41.604,EMCURE,,,1531.5,1.73,,1454.49,1647.02,31.49,33.37,healthcare,pharmaceuticals - indian - bulk drugs & formln,,0.05,0.18,,,,,5.29,,,,,,,,,,,,,,,,2026-03-19,1458.34,1420.1,0.49,56.11,15.16,4.22,1401.1,1321.7,13.13,,,,,,,,,,,,,,,,
2026-03-19T09:15:41.604,GLENMARK,,,2186.3,1.88,,2175.38,2202.68,38.25,57.93,healthcare,pharmaceuticals - indian - bulk drugs & formln,,-0.05,0.15,,,,,0.5,,,,,,,,,,,,,,,,2026-03-19,2100.24,2136.0,1.65,58.31,14.45,12.39,2038.03,1978.13,12.49,,,,,,,,,,,,,,,,
2026-03-19T09:15:41.604,SCHNEIDER,,,898.6,1.07,,888.66,913.52,55.33,87.67,industrials,electric equipment,,-0.08,0.06,,,,,1.12,,,,,,,,,,,,,,,,2026-03-19,862.4,842.1,0.13,58.01,29.44,6.02,816.93,765.08,10.71,,,,,,,,,,,,,,,,
2026-03-19T09:15:41.604,WAAREEENER,,,3184.8,10.46,,2560.49,4121.26,21.55,27.98,industrials,electric equipment,,-0.16,0.03,,,,,24.38,,,,,,,,,,,,,,,,2026-03-19,2832.2,2615.0,3.49,69.33,22.89,4.87,2862.11,2659.1,10.48,,,,,,,,,,,,,,,,
2026-03-19T09:15:41.604,SAILIFE,,,1013.85,2.81,,1002.68,1030.6,53.14,63.68,healthcare,pharmaceuticals - indian - bulk drugs & formln,,0.04,0.24,,,,,1.11,,,,,,,,,,,,,,,,2026-03-19,961.53,938.0,0.91,58.22,15.65,11.31,929.53,878.19,10.33,,,,,,,,,,,,,,,,
2026-03-19T09:15:41.604,ADANIENSOL,,,1036.7,3.61,,971.71,1134.19,56.34,55.11,power & utilities,power generation and supply,,0.14,0.14,,,,,6.69,,,,,,,,,,,,,,,,2026-03-19,980.0,969.9,1.02,58.3,10.89,25.24,955.66,901.98,8.24,,,,,,,,,,,,,,,,
2026-03-19T09:15:41.604,JBCHEPHARM,,,2118.0,0.67,,2111.09,2128.37,41.92,43.88,healthcare,pharmaceuticals - indian - bulk drugs & formln,,0.15,0.25,,,,,0.33,,,,,,,,,,,,,,,,2026-03-19,2035.66,2065.0,1.43,64.77,25.76,22.57,2010.22,1943.38,8.16,,,,,,,,,,,,,,,,
2026-03-19T09:15:41.604,J&KBANK,,,123.51,1.99,,122.51,125.01,5.85,6.35,bank,banks - private sector,,0.09,0.05,,,,,0.82,,,,,,,,,,,,,,,,2026-03-19,118.39,116.49,1.18,59.7,21.31,18.08,110.81,102.27,7.64,,,,,,,,,,,,,,,,
2026-03-19T09:15:41.604,AJANTPHARM,,,3056.6,1.19,,2977.28,3175.58,34.88,37.65,healthcare,pharmaceuticals - indian - formulations,,0.11,0.1,,,,,2.66,,,,,,,,,,,,,,,,2026-03-19,2968.71,2930.0,1.07,58.16,20.74,13.1,2824.07,2707.18,5.3,,,,,,,,,,,,,,,,
2026-03-19T09:15:41.604,ABB,,,6337.5,0.43,,6177.41,6577.63,77.55,80.49,industrials,electric equipment,,0.07,0.05,,,,,2.59,,,,,,,,,,,,,,,,2026-03-19,6154.89,6146.0,0.63,63.05,35.36,25.06,5943.96,5726.8,5.14,,,,,,,,,,,,,,,,
2026-03-19T09:15:41.604,KSB,,,811.3,6.6,,752.07,900.14,43.62,52.21,industrials,pumps,,-0.13,-0.06,,,,,7.87,,,,,,,,,,,,,,,,2026-03-19,743.67,738.3,1.3,68.01,17.66,0.62,746.8,710.18,3.45,,,,,,,,,,,,,,,,
2026-03-19T09:15:41.604,ZENTEC,,,1447.3,1.59,,1394.82,1526.03,59.41,49.48,aerospace & defence,miscellaneous,,-0.18,-0.28,,,,,3.76,,,,,,,,,,,,,,,,2026-03-19,1391.89,1330.0,0.8,62.45,12.9,1.83,1337.68,1259.06,3.24,,,,,,,,,,,,,,,,
2026-03-19T09:15:41.604,PFC,,,432.25,3.4,,400.68,479.6,5.67,5.66,financials,finance - term-lending institutions,,-0.02,0.01,,,,,7.88,,,,,,,,,,,,,,,,2026-03-19,410.13,396.55,1.68,61.13,20.38,5.61,399.4,377.47,2.05,,,,,,,,,,,,,,,,
2026-03-19T09:15:41.604,LLOYDSME,,,1247.0,0.87,,1152.66,1388.51,15.69,26.57,metals & mining,mining / minerals / metals,,-0.14,-0.22,,,,,8.18,,,,,,,,,,,,,,,,2026-03-19,1197.56,1119.9,0.97,56.41,11.84,-10.74,1133.99,1063.43,1.04,,,,,,,,,,,,,,,,
2026-03-19T09:15:41.604,NTPCGREEN,,,97.85,1.8,,90.28,109.2,1223.13,148.26,power & utilities,power generation and supply,,-0.13,-0.11,,,,,8.38,,,,,,,,,,,,,,,,2026-03-19,93.88,85.23,1.07,66.56,26.9,-4.85,86.94,80.08,0.07,,,,,,,,,,,,,,,,
2026-03-19T09:15:41.604,JSWENERGY,,,509.1,0.65,,489.93,537.85,52.81,39.01,power & utilities,power generation and supply,,-0.13,-0.04,,,,,3.91,,,,,,,,,,,,,,,,2026-03-19,494.21,484.0,1.03,58.8,15.08,-4.5,473.79,452.67,-0.22,,,,,,,,,,,,,,,,
2026-03-19T09:15:41.604,THERMAX,,,3279.2,1.26,,3156.85,3462.73,45.24,54.17,industrials,electric equipment,,-0.09,-0.08,,,,,3.88,,,,,,,,,,,,,,,,2026-03-19,3122.28,3087.0,1.71,63.01,15.4,-0.79,3039.28,2897.74,-0.23,,,,,,,,,,,,,,,,
2026-03-19T09:15:41.604,NHPC,,,77.36,0.61,,72.59,84.52,87.91,24.56,power & utilities,power generation and supply,,-0.18,-0.12,,,,,6.57,,,,,,,,,,,,,,,,2026-03-19,75.01,72.76,1.71,58.41,19.07,-4.87,73.48,71.41,-0.3,,,,,,,,,,,,,,,,
2026-03-19T09:15:41.604,WELCORP,,,821.55,0.88,,795.36,860.84,11.96,11.13,industrials,steel - large,,-0.16,-0.15,,,,,3.29,,,,,,,,,,,,,,,,2026-03-19,792.92,784.0,0.63,53.55,11.7,-6.48,759.29,716.75,-0.36,,,,,,,,,,,,,,,,
2026-03-19T09:15:41.604,VGUARD,,,331.95,2.75,,304.09,373.74,63.84,50.6,industrials,electric equipment,,-0.17,-0.19,,,,,9.16,,,,,,,,,,,,,,,,2026-03-19,315.95,305.5,0.76,59.4,16.9,-10.98,308.9,292.66,-0.58,,,,,,,,,,,,,,,,
2026-03-19T09:15:41.604,PREMIERENE,,,869.6,7.2,,741.11,1062.34,24.93,29.38,services,trading,,-0.24,-0.21,,,,,17.34,,,,,,,,,,,,,,,,2026-03-19,797.03,767.25,2.45,72.01,24.43,-15.29,792.69,741.41,-1.7,,,,,,,,,,,,,,,,
2026-03-19T09:15:41.604,ONESOURCE,,,1471.6,-0.99,,1464.65,1482.02,-47.53,831.41,healthcare,pharmaceuticals - indian - bulk drugs & formln,,-0.27,-0.3,,,,,0.47,,,,,,,,,,,,,,,,2026-03-19,1394.54,1395.0,1.1,58.74,21.21,-19.73,1318.73,1222.47,-1.97,,,,,,,,,,,,,,,,
2026-03-19T09:15:41.604,HFCL,,,72.63,1.24,,68.72,78.49,27.1,201.75,telecom,cables - telephone,,-0.14,-0.17,,,,,5.69,,,,,,,,,,,,,,,,2026-03-19,70.08,69.3,1.25,56.73,16.91,-1.34,65.73,62.99,-2.45,,,,,,,,,,,,,,,,
2026-03-19T09:15:41.604,MAHSEAMLES,,,564.1,1.12,,549.91,585.39,7.78,8.99,industrials,steel - large,,-0.18,-0.27,,,,,2.58,,,,,,,,,,,,,,,,2026-03-19,545.81,539.3,1.79,59.27,17.08,-16.69,529.12,508.54,-3.51,,,,,,,,,,,,,,,,
2026-03-19T09:15:41.604,SAREGAMA,,,351.8,-0.35,,325.72,390.92,32.94,35.32,media,entertainment / electronic media software,,-0.34,-0.31,,,,,8.01,,,,,,,,,,,,,,,,2026-03-19,337.27,319.8,0.51,57.23,21.74,-26.93,320.79,299.59,-7.14,,,,,,,,,,,,,,,,
2026-03-19T09:15:41.604,TEJASNET,,,450.0,1.26,,460.93,433.61,-10.14,-10.34,telecom,telecommunications - equipment,,-0.33,-0.38,,,,,-2.37,,,,,,,,,,,,,,,,2026-03-19,431.2,422.2,0.35,58.15,28.07,-23.17,384.4,341.49,-8.5,,,,,,,,,,,,,,,,
2026-03-19T09:15:41.604,ATHERENERG,,,750.2,3.65,,682.83,851.25,-84.48,-36.9,auto,automobiles - scooters and 3 - wheelers,,0.23,1.21,,,,,9.87,,,,,,,,,,,,,,,,2026-03-19,709.32,684.45,2.94,65.48,13.95,72.26,685.59,662.72,NaN,,,,,,,,,,,,,,,,
2026-03-18T23:35:57.717,BSE,,,2995.6,0.74,,2725.78,3400.32,51.26,38.49,financials,miscellaneous,,0.26,0.1,,,,,9.9,,,,,,,,,,,,,,,,2026-03-18,2898.94,2777.0,0.87,61.59,12.48,20.27,2807.4,2679.65,27.94,,,,,,,,,,,,,,,,
2026-03-18T23:35:57.717,POWERINDIA,,,24975.0,1.07,,25152.08,24709.38,106.46,129.62,industrials,electric equipment,,0.19,0.21,,,,,-0.7,,,,,,,,,,,,,,,,2026-03-18,23995.3,23400.0,0.51,60.8,33.42,26.74,23152.26,22060.2,23.01,,,,,,,,,,,,,,,,
2026-03-18T23:35:57.717,CCL,,,1046.0,0.69,,1021.93,1082.11,34.73,36.84,fmcg,tea,,0.1,0.14,,,,,2.36,,,,,,,,,,,,,,,,2026-03-18,1019.2,1016.6,0.62,56.33,15.58,13.69,981.54,939.19,17.83,,,,,,,,,,,,,,,,
2026-03-18T23:35:57.717,GESHIP,,,1441.0,1.02,,1398.71,1504.43,6.33,9.01,transportation,shipping,,0.25,0.35,,,,,3.02,,,,,,,,,,,,,,,,2026-03-18,1380.23,1343.7,1.22,60.76,27.74,46.72,1300.84,1229.22,14.03,,,,,,,,,,,,,,,,
2026-03-18T23:35:57.717,ABSLAMC,,,969.45,1.17,,936.18,1019.36,25.98,27.22,financials,finance & investments,,0.09,0.17,,,,,3.55,,,,,,,,,,,,,,,,2026-03-18,939.23,922.3,1.0,59.83,27.96,8.26,859.05,797.66,13.97,,,,,,,,,,,,,,,,
2026-03-18T23:35:57.717,EMCURE,,,1531.5,1.73,,1454.49,1647.02,31.49,32.8,healthcare,pharmaceuticals - indian - bulk drugs & formln,,0.05,0.18,,,,,5.29,,,,,,,,,,,,,,,,2026-03-18,1458.34,1420.1,0.49,56.11,15.16,4.22,1401.1,1321.7,13.13,,,,,,,,,,,,,,,,
2026-03-18T23:35:57.717,GLENMARK,,,2186.3,1.88,,2175.38,2202.68,38.25,56.86,healthcare,pharmaceuticals - indian - bulk drugs & formln,,-0.05,0.15,,,,,0.5,,,,,,,,,,,,,,,,2026-03-18,2100.24,2136.0,1.65,58.31,14.45,12.39,2038.03,1978.13,12.49,,,,,,,,,,,,,,,,
2026-03-18T23:35:57.717,SCHNEIDER,,,898.6,1.07,,888.66,913.52,55.33,86.74,industrials,electric equipment,,-0.08,0.06,,,,,1.12,,,,,,,,,,,,,,,,2026-03-18,862.4,842.1,0.13,58.01,29.44,6.02,816.93,765.08,10.71,,,,,,,,,,,,,,,,
2026-03-18T23:35:57.717,WAAREEENER,,,3184.8,10.46,,2560.49,4121.26,21.55,25.33,industrials,electric equipment,,-0.16,0.03,,,,,24.38,,,,,,,,,,,,,,,,2026-03-18,2832.2,2615.0,3.49,69.33,22.89,4.87,2862.11,2659.1,10.48,,,,,,,,,,,,,,,,
2026-03-18T23:35:57.717,SAILIFE,,,1013.85,2.81,,1002.68,1030.6,53.14,61.94,healthcare,pharmaceuticals - indian - bulk drugs & formln,,0.04,0.24,,,,,1.11,,,,,,,,,,,,,,,,2026-03-18,961.53,938.0,0.91,58.22,15.65,11.31,929.53,878.19,10.33,,,,,,,,,,,,,,,,
2026-03-18T23:35:57.717,ADANIENSOL,,,1036.7,3.61,,971.71,1134.19,56.34,53.2,power & utilities,power generation and supply,,0.14,0.14,,,,,6.69,,,,,,,,,,,,,,,,2026-03-18,980.0,969.9,1.02,58.3,10.89,25.24,955.66,901.98,8.24,,,,,,,,,,,,,,,,
2026-03-18T23:35:57.717,JBCHEPHARM,,,2118.0,0.67,,2111.09,2128.37,41.92,43.59,healthcare,pharmaceuticals - indian - bulk drugs & formln,,0.15,0.25,,,,,0.33,,,,,,,,,,,,,,,,2026-03-18,2035.66,2065.0,1.43,64.77,25.76,22.57,2010.22,1943.38,8.16,,,,,,,,,,,,,,,,
2026-03-18T23:35:57.717,J&KBANK,,,123.51,1.99,,122.51,125.01,5.85,6.23,bank,banks - private sector,,0.09,0.05,,,,,0.82,,,,,,,,,,,,,,,,2026-03-18,118.39,116.49,1.18,59.7,21.31,18.08,110.81,102.27,7.64,,,,,,,,,,,,,,,,
2026-03-18T23:35:57.717,AJANTPHARM,,,3056.6,1.19,,2977.28,3175.58,34.88,37.21,healthcare,pharmaceuticals - indian - formulations,,0.11,0.1,,,,,2.66,,,,,,,,,,,,,,,,2026-03-18,2968.71,2930.0,1.07,58.16,20.74,13.1,2824.07,2707.18,5.3,,,,,,,,,,,,,,,,
2026-03-18T23:35:57.717,ABB,,,6337.5,0.43,,6177.41,6577.63,77.55,80.14,industrials,electric equipment,,0.07,0.05,,,,,2.59,,,,,,,,,,,,,,,,2026-03-18,6154.89,6146.0,0.63,63.05,35.36,25.06,5943.96,5726.8,5.14,,,,,,,,,,,,,,,,
2026-03-18T23:35:57.717,KSB,,,811.3,6.6,,752.07,900.14,43.62,48.98,industrials,pumps,,-0.13,-0.06,,,,,7.87,,,,,,,,,,,,,,,,2026-03-18,743.67,738.3,1.3,68.01,17.66,0.62,746.8,710.18,3.45,,,,,,,,,,,,,,,,
2026-03-18T23:35:57.717,ZENTEC,,,1447.3,1.59,,1394.82,1526.03,59.41,48.7,aerospace & defence,miscellaneous,,-0.18,-0.28,,,,,3.76,,,,,,,,,,,,,,,,2026-03-18,1391.89,1330.0,0.8,62.45,12.9,1.83,1337.68,1259.06,3.24,,,,,,,,,,,,,,,,
2026-03-18T23:35:57.717,PFC,,,432.25,3.4,,400.68,479.6,5.67,5.47,financials,finance - term-lending institutions,,-0.02,0.01,,,,,7.88,,,,,,,,,,,,,,,,2026-03-18,410.13,396.55,1.68,61.13,20.38,5.61,399.4,377.47,2.05,,,,,,,,,,,,,,,,
2026-03-18T23:35:57.717,LLOYDSME,,,1247.0,0.87,,1152.66,1388.51,15.69,26.34,metals & mining,mining / minerals / metals,,-0.14,-0.22,,,,,8.18,,,,,,,,,,,,,,,,2026-03-18,1197.56,1119.9,0.97,56.41,11.84,-10.74,1133.99,1063.43,1.04,,,,,,,,,,,,,,,,
2026-03-18T23:35:57.717,NTPCGREEN,,,97.85,1.8,,90.28,109.2,1223.13,145.64,power & utilities,power generation and supply,,-0.13,-0.11,,,,,8.38,,,,,,,,,,,,,,,,2026-03-18,93.88,85.23,1.07,66.56,26.9,-4.85,86.94,80.08,0.07,,,,,,,,,,,,,,,,
2026-03-18T23:35:57.717,JSWENERGY,,,509.1,0.65,,489.93,537.85,52.81,38.76,power & utilities,power generation and supply,,-0.13,-0.04,,,,,3.91,,,,,,,,,,,,,,,,2026-03-18,494.21,484.0,1.03,58.8,15.08,-4.5,473.79,452.67,-0.22,,,,,,,,,,,,,,,,
2026-03-18T23:35:57.717,THERMAX,,,3279.2,1.26,,3156.85,3462.73,45.24,53.49,industrials,electric equipment,,-0.09,-0.08,,,,,3.88,,,,,,,,,,,,,,,,2026-03-18,3122.28,3087.0,1.71,63.01,15.4,-0.79,3039.28,2897.74,-0.23,,,,,,,,,,,,,,,,
2026-03-18T23:35:57.717,NHPC,,,77.36,0.61,,72.59,84.52,87.91,24.41,power & utilities,power generation and supply,,-0.18,-0.12,,,,,6.57,,,,,,,,,,,,,,,,2026-03-18,75.01,72.76,1.71,58.41,19.07,-4.87,73.48,71.41,-0.3,,,,,,,,,,,,,,,,
2026-03-18T23:35:57.717,WELCORP,,,821.55,0.88,,795.36,860.84,11.96,11.03,industrials,steel - large,,-0.16,-0.15,,,,,3.29,,,,,,,,,,,,,,,,2026-03-18,792.92,784.0,0.63,53.55,11.7,-6.48,759.29,716.75,-0.36,,,,,,,,,,,,,,,,
2026-03-18T23:35:57.717,VGUARD,,,331.95,2.75,,304.09,373.74,63.84,49.25,industrials,electric equipment,,-0.17,-0.19,,,,,9.16,,,,,,,,,,,,,,,,2026-03-18,315.95,305.5,0.76,59.4,16.9,-10.98,308.9,292.66,-0.58,,,,,,,,,,,,,,,,
2026-03-18T23:35:57.717,PREMIERENE,,,869.6,7.2,,741.11,1062.34,24.93,27.41,services,trading,,-0.24,-0.21,,,,,17.34,,,,,,,,,,,,,,,,2026-03-18,797.03,767.25,2.45,72.01,24.43,-15.29,792.69,741.41,-1.7,,,,,,,,,,,,,,,,
2026-03-18T23:35:57.717,ONESOURCE,,,1471.6,-0.99,,1464.65,1482.02,-47.53,839.72,healthcare,pharmaceuticals - indian - bulk drugs & formln,,-0.27,-0.3,,,,,0.47,,,,,,,,,,,,,,,,2026-03-18,1394.54,1395.0,1.1,58.74,21.21,-19.73,1318.73,1222.47,-1.97,,,,,,,,,,,,,,,,
2026-03-18T23:35:57.717,HFCL,,,72.63,1.24,,68.72,78.49,27.1,199.28,telecom,cables - telephone,,-0.14,-0.17,,,,,5.69,,,,,,,,,,,,,,,,2026-03-18,70.08,69.3,1.25,56.73,16.91,-1.34,65.73,62.99,-2.45,,,,,,,,,,,,,,,,
2026-03-18T23:35:57.717,MAHSEAMLES,,,564.1,1.12,,549.91,585.39,7.78,8.89,industrials,steel - large,,-0.18,-0.27,,,,,2.58,,,,,,,,,,,,,,,,2026-03-18,545.81,539.3,1.79,59.27,17.08,-16.69,529.12,508.54,-3.51,,,,,,,,,,,,,,,,
2026-03-18T23:35:57.717,SAREGAMA,,,351.8,-0.35,,325.72,390.92,32.94,35.45,media,entertainment / electronic media software,,-0.34,-0.31,,,,,8.01,,,,,,,,,,,,,,,,2026-03-18,337.27,319.8,0.51,57.23,21.74,-26.93,320.79,299.59,-7.14,,,,,,,,,,,,,,,,
2026-03-18T23:35:57.717,TEJASNET,,,450.0,1.26,,460.93,433.61,-10.14,-10.21,telecom,telecommunications - equipment,,-0.33,-0.38,,,,,-2.37,,,,,,,,,,,,,,,,2026-03-18,431.2,422.2,0.35,58.15,28.07,-23.17,384.4,341.49,-8.5,,,,,,,,,,,,,,,,
2026-03-18T23:35:57.717,ATHERENERG,,,750.2,3.65,,682.83,851.25,-84.48,-35.6,auto,automobiles - scooters and 3 - wheelers,,0.23,1.21,,,,,9.87,,,,,,,,,,,,,,,,2026-03-18,709.32,684.45,2.94,65.48,13.95,72.26,685.59,662.72,NaN,,,,,,,,,,,,,,,,
