Timestamp,Symbol,High,Lod price,Cmp,%ch,Initial_atr1.5sl,Sl,Target,Forward pe,Pe,Sector,Industry,%ch y_low,Srs,Ars,Srs y,Ars y,%ch_high,%ch 2 low,%ch sl,Atr%,%ch_3low,E_s50,Avg_true_range,Adr%,Brackets12,Ma_x,Rvol,M_cap,Va,Va_ma,Atr% x,Lod dist,Free float,Grand_total_number2,Scan_Date,Low 2%,Low5,R_vol,Rsi,Adx,Rs,Is,Tps,Rs score,Low,Max2,W rsi,Adr p - adr%,Custom_indicator_69505,Vars,Smavars,From52wh,3d range,5d
2026-09-15T12:16:22.962,ACUTAAS,3447.6,3310.0,3324.2,-1.76,3136.94,3170.19,3632.21,91.63,71.73,healthcare,pharmaceuticals - indian - bulk drugs,6.95,0.41,0.94,0.49,0.98,4.16,4.16,4.16,3.68,3.24,8.23,122.45,3.82,3.82,0.07,40.64,27702.73,0.11,-1.51,0.07,11.6,5.5129706e7,81871122,2026-09-15,,,,,,,,,,,,,,,,,,,
2026-09-15T12:16:22.962,APOLLO,424.6,395.2,395.9,-6.24,375.32,394.5,398.71,131.97,122.04,aerospace & defence,electronics - components,5.74,0.87,0.47,0.92,0.57,7.44,7.44,7.44,3.83,0.18,1.49,15.15,3.1,3.1,0.1,82.34,15690.79,0.48,-2.14,0.1,4.62,1.85875312e8,371599512,2026-09-15,,,,,,,,,,,,,,,,,,,
2026-09-15T12:16:22.962,DATAPATTNS,4829.0,4521.3,4541.6,-5.96,4260.27,4615.72,4393.35,288.17,100.9,aerospace & defence,electronics - components,1.31,0.35,0.7,0.37,0.81,6.81,6.81,6.81,4.28,0.45,36.46,194.46,4.0,4.0,0.19,60.02,27035.78,0.73,-0.73,0.19,10.44,3.2241586e7,55983969,2026-09-15,,,,,,,,,,,,,,,,,,,
2026-09-15T12:16:22.962,PWL,137.7,133.15,133.25,-2.09,124.56,121.52,156.7,-123.38,1134.17,services,miscellaneous,5.76,0.47,-0.01,0.48,0.02,9.83,9.83,3.42,4.35,6.29,5.02,5.79,4.37,4.37,0.87,33.49,39481.07,0.87,-0.41,0.9,1.73,8.33349036e8,2900886652,2026-09-15,,,,,,,,,,,,,,,,,,,
2026-09-15T12:16:22.962,IDEA,15.07,14.65,14.75,-1.47,14.01,15.06,14.12,-10.54,4.34,telecom-service,telecommunications - service provider,-1.09,0.45,0.18,0.48,0.2,2.87,2.87,2.87,3.58,0.68,0.85,0.53,3.59,3.59,1.6,46.37,162189.52,1.82,-1.59,1.7,18.95,8.0561956458e10,108343035001,2026-09-15,,,,,,,,,,,,,,,,,,,
2026-09-15T12:16:22.962,SAIL,180.0,174.81,175.1,-2.18,165.7,190.29,144.72,11.0,17.31,metals & mining,steel - large,-7.45,0.12,0.2,0.09,0.23,2.97,2.97,2.97,3.47,0.17,0.03,6.07,3.45,3.45,0.01,25.63,73936.4,1.94,0.01,0.01,4.78,1.445810739e9,4130525289,2026-09-15,,,,,,,,,,,,,,,,,,,
2026-09-15T12:16:22.962,MTARTECH,7151.0,6947.0,6947.0,-5.0,6462.22,7133.35,6574.3,106.35,168.53,aerospace & defence,engineering,-1.27,0.86,1.84,0.97,1.99,2.94,2.94,2.94,4.92,0.0,263.19,341.74,3.82,3.82,0.77,60.37,22492.95,2.03,-1.47,0.8,0.0,2.1729927e7,30759591,2026-09-15,,,,,,,,,,,,,,,,,,,
2026-09-15T12:16:22.962,NIACL,200.3,189.0,189.33,-4.57,173.09,201.87,164.24,-32.2,42.39,financials,finance & investments,-3.57,0.32,0.2,0.35,0.26,5.98,5.98,5.98,7.15,0.18,5.36,13.54,5.81,5.81,0.4,35.44,32694.67,2.48,1.52,0.41,2.44,2.4e8,1648000000,2026-09-15,,,,,,,,,,,,,,,,,,,
2026-09-15T12:16:22.962,WABAG,2289.0,2139.1,2156.5,-5.33,2022.69,2055.36,2358.78,37.57,33.03,realty,engineering - turnkey services,7.43,0.62,0.64,0.7,0.73,7.01,7.01,7.01,4.7,1.88,121.79,101.3,4.4,4.4,1.2,67.71,14203.79,2.6,1.48,1.27,17.18,5.0459608e7,62354776,2026-09-15,,,,,,,,,,,,,,,,,,,
2026-09-15T12:16:22.962,CARTRADE,3170.2,3059.0,3099.7,0.38,2916.23,3052.0,3195.09,72.49,63.73,consumer discretionary,miscellaneous,-2.08,0.72,0.08,0.72,0.08,6.31,6.31,3.64,4.0,3.94,214.54,124.03,4.29,4.29,1.73,38.02,14829.03,4.07,2.88,1.86,32.81,4.8023035e7,48023035,2026-09-15,,,,,,,,,,,,,,,,,,,
2026-09-15T12:16:22.962,WOCKPHARMA,2193.8,2090.1,2116.7,-2.88,1996.0,2079.85,2190.39,80.79,86.48,healthcare,pharmaceuticals - indian - bulk drugs & formln,7.95,0.63,0.49,0.65,0.54,4.96,4.96,4.96,4.13,1.27,176.75,87.45,3.97,3.97,2.02,63.36,35413.54,4.19,-0.05,2.21,30.42,8.2733321e7,162492169,2026-09-15,,,,,,,,,,,,,,,,,,,
2026-09-15T12:16:22.962,SOLARINDS,22700.0,19485.0,19515.0,-12.45,18492.7,21559.3,15426.41,67.66,101.29,aerospace & defence,chemicals,3.59,0.28,0.57,0.43,0.79,16.5,16.5,16.5,4.44,0.15,44.62,867.09,3.17,3.17,0.05,537.94,201702.33,4.35,3.61,0.05,3.46,2.4298784e7,90490055,2026-09-15,,,,,,,,,,,,,,,,,,,
2026-09-15T12:16:22.962,TDPOWERSYS,817.55,736.5,746.0,-7.32,688.01,746.43,745.15,33.79,45.73,industrials,electric equipment,-0.87,0.73,1.05,0.89,1.22,11.0,11.0,11.0,5.87,1.29,86.06,43.78,4.96,4.96,1.97,128.78,12574.83,5.03,2.09,2.22,21.7,1.14249769e8,156228430,2026-09-15,,,,,,,,,,,,,,,,,,,
2026-09-15T12:16:22.962,APARINDS,17688.0,17075.0,17085.0,-2.37,16065.92,17319.11,16616.78,36.7,59.5,industrials,electric equipment,-3.94,0.73,0.97,0.78,1.02,6.0,6.0,3.59,3.88,2.39,1296.48,663.55,3.79,3.79,1.95,27.03,73276.59,5.05,1.89,2.11,1.51,1.6969932e7,40174235,2026-09-15,,,,,,,,,,,,,,,,,,,
2026-09-15T12:16:22.962,RBA,99.46,96.51,96.73,-1.35,90.36,96.87,96.45,-53.74,-33.35,consumer discretionary,hotels,-3.72,0.46,0.46,0.47,0.48,4.51,4.51,3.06,4.19,1.64,10.41,4.05,4.53,4.53,2.57,11.0,6978.4,5.17,4.39,2.88,5.43,6.46095771e8,711718862,2026-09-15,,,,,,,,,,,,,,,,,,,
2026-09-15T12:16:22.962,BALRAMCHIN,698.0,677.8,681.9,-1.37,631.95,684.74,676.22,78.92,37.68,fmcg,sugar,0.31,0.3,0.51,0.3,0.53,2.98,2.98,2.98,4.73,0.61,40.4,32.22,6.07,6.07,1.25,17.53,14607.01,5.17,4.46,1.33,12.72,1.2072559e8,211267207,2026-09-15,,,,,,,,,,,,,,,,,,,
2026-09-15T12:16:22.962,MCX,3267.6,3156.4,3197.3,-2.4,3044.21,3354.89,2882.12,49.31,21.22,financials,miscellaneous,-3.66,0.15,0.42,0.2,0.46,3.52,3.52,3.52,3.29,1.3,232.78,105.3,3.23,3.23,2.21,51.84,83535.33,5.27,2.49,2.38,38.84,2.54991845e8,254991845,2026-09-15,,,,,,,,,,,,,,,,,,,
2026-09-15T12:16:22.962,URBANCO,167.71,160.75,161.5,-3.23,151.24,174.53,135.43,-67.29,-75.18,i.t,miscellaneous,-8.36,0.31,0.19,0.39,0.23,4.33,4.33,4.33,4.58,0.47,13.59,7.39,4.46,4.46,1.84,17.95,25737.45,5.39,4.55,2.01,10.14,1.248818103e9,1542180603,2026-09-15,,,,,,,,,,,,,,,,,,,
2026-09-15T12:16:22.962,AVALON,2312.0,2201.9,2228.1,-1.61,2053.39,2270.23,2143.85,106.71,113.11,consumer discretionary,electronics - components,-4.15,1.32,1.55,1.36,1.59,5.65,5.65,5.0,5.41,1.81,260.42,120.46,5.92,5.92,2.16,33.53,15129.52,5.68,3.61,2.45,21.75,3.7153867e7,66811755,2026-09-15,,,,,,,,,,,,,,,,,,,
2026-09-15T12:16:22.962,RKFORGE,715.2,684.6,689.5,-3.05,652.34,702.34,663.81,66.81,120.75,industrials,castings & forgings,-1.59,0.15,0.31,0.16,0.36,4.47,4.47,4.47,3.77,0.72,16.49,26.0,3.36,3.36,0.63,18.71,12955.93,5.78,4.97,0.65,18.85,1.03125411e8,182170017,2026-09-15,,,,,,,,,,,,,,,,,,,
2026-09-15T12:16:22.962,AZAD,2904.2,2772.5,2792.0,-2.0,2630.05,2801.45,2773.09,126.22,132.58,aerospace & defence,engineering,-5.14,0.72,0.67,0.75,0.7,8.45,8.45,4.75,3.93,4.26,209.55,109.82,3.68,3.68,1.91,38.24,18399.98,5.9,5.64,2.06,17.76,2.8517503e7,64581743,2026-09-15,,,,,,,,,,,,,,,,,,,
2026-09-15T12:16:22.962,FINCABLES,1421.6,1353.3,1368.0,-3.93,1272.28,1289.97,1524.06,21.01,27.22,industrials,cables - power,5.78,0.49,0.81,0.52,0.88,6.08,6.08,5.05,5.65,2.34,215.72,77.23,4.83,4.83,2.79,61.24,21778.56,6.47,2.51,3.32,19.03,9.8098175e7,152939345,2026-09-15,,,,,,,,,,,,,,,,,,,
2026-09-15T12:16:22.962,GRAPHITE,830.0,797.05,798.0,-3.37,747.67,743.35,907.3,22.62,75.62,industrials,electrodes - graphites,9.64,0.2,0.31,0.22,0.36,5.72,5.72,4.13,5.23,1.64,104.16,41.73,4.18,4.18,2.5,45.63,16134.12,6.48,1.81,2.87,2.28,6.7715949e7,195375594,2026-09-15,,,,,,,,,,,,,,,,,,,
2026-09-15T12:16:22.962,HEG,229.35,225.35,225.35,-5.0,209.07,245.59,184.86,8.89,12.76,industrials,electrodes - graphites,-3.57,0.25,0.09,0.31,0.15,1.77,1.77,1.77,5.68,0.0,1.99,12.81,4.1,4.1,0.16,21.19,4577.43,6.6,6.44,0.16,0.0,8.436866e7,192977530,2026-09-15,,,,,,,,,,,,,,,,,,,
2026-09-15T12:16:22.962,ANTELOPUS,1173.15,1072.3,1093.0,-4.07,993.63,1004.38,1270.23,17.69,30.18,energy,oil drilling / allied services,19.99,0.89,1.62,0.92,1.74,9.4,9.4,9.4,7.86,1.93,228.04,85.89,7.07,7.07,2.66,46.56,4006.22,6.65,1.29,3.36,24.1,1.056943e7,35162358,2026-09-15,,,,,,,,,,,,,,,,,,,
2026-09-15T12:16:22.962,REDINGTON,398.85,377.15,378.35,-3.9,356.16,372.78,389.49,15.21,18.09,services,trading,4.83,0.5,0.36,0.54,0.42,5.75,5.75,5.75,4.09,0.32,50.83,15.47,4.14,4.14,3.29,28.23,30778.46,7.41,5.4,3.8,7.76,7.81774431e8,781774431,2026-09-15,,,,,,,,,,,,,,,,,,,
2026-09-15T12:16:22.962,CHENNPETRO,1583.2,1494.0,1508.8,-4.08,1403.18,1462.52,1601.36,5.45,5.61,energy,refineries,9.91,0.41,0.83,0.57,0.91,5.97,5.97,5.97,5.23,0.99,187.27,78.9,4.54,4.54,2.37,50.21,23422.27,7.54,3.23,2.71,18.76,4.87133e7,148911400,2026-09-15,,,,,,,,,,,,,,,,,,,
2026-09-15T12:16:22.962,BLUESTONE,904.0,854.3,860.6,-3.34,798.88,820.31,941.18,467.72,267.37,consumer discretionary,diamond cutting / jewellery,4.4,0.55,0.75,0.56,0.81,7.43,7.43,5.82,4.8,2.27,84.81,41.34,4.36,4.36,2.05,9.34,13569.09,8.03,7.1,2.28,15.24,1.27639804e8,152401781,2026-09-15,,,,,,,,,,,,,,,,,,,
2026-09-15T12:16:22.962,SHAREINDIA,207.36,193.06,193.44,-2.76,181.13,174.26,231.81,8.53,11.99,financials,finance & investments,14.31,0.41,0.14,0.4,0.17,7.83,7.83,7.41,5.43,1.27,16.53,10.5,4.04,4.04,1.57,46.69,4353.1,8.41,4.0,1.72,3.62,1.12440286e8,218825530,2026-09-15,,,,,,,,,,,,,,,,,,,
2026-09-15T12:16:22.962,KALYANKJIL,616.0,606.0,610.5,1.56,578.22,588.47,654.56,45.16,43.25,consumer discretionary,diamond cutting / jewellery,0.45,0.47,0.23,0.45,0.21,4.58,4.58,1.65,3.39,3.64,31.07,20.72,3.25,3.25,1.5,19.39,62083.18,8.65,6.59,1.58,21.72,3.83528762e8,1032740207,2026-09-15,,,,,,,,,,,,,,,,,,,
2026-09-15T12:16:22.962,SAILIFE,1601.0,1557.2,1566.3,-1.18,1488.1,1585.55,1527.8,113.17,92.31,healthcare,pharmaceuticals - indian - bulk drugs & formln,0.51,0.48,0.66,0.52,0.69,2.81,2.81,2.81,3.64,0.58,163.5,57.05,3.44,3.44,2.87,25.81,33647.33,8.69,5.72,3.2,15.95,1.38991341e8,212286016,2026-09-15,,,,,,,,,,,,,,,,,,,
2026-09-15T12:16:22.962,ATHERENERG,1662.0,1576.8,1582.1,-4.46,1486.3,1619.09,1508.13,-297.39,-161.09,auto,automobiles - scooters and 3 - wheelers,0.41,1.04,1.09,1.15,1.19,5.4,5.4,5.4,4.18,0.34,161.91,66.06,3.8,3.8,2.45,40.66,65267.15,8.74,7.71,2.73,8.02,2.27112254e8,383120970,2026-09-15,,,,,,,,,,,,,,,,,,,
2026-09-15T12:16:22.962,RATNAVEER,296.3,278.3,286.5,-0.62,262.22,306.27,246.96,6.91,15.44,metals & mining,steel - medium / small,-7.66,0.9,0.85,0.92,0.86,6.47,6.47,6.47,6.2,2.95,56.74,17.77,6.43,6.43,3.19,51.4,2059.23,9.19,7.18,3.98,46.14,3.8936665e7,71426681,2026-09-15,,,,,,,,,,,,,,,,,,,
2026-09-15T12:16:22.962,JINDWORLD,54.09,51.0,51.09,-3.38,46.06,51.23,50.81,39.91,62.95,textiles,textiles - products,9.24,1.28,0.75,1.3,0.81,6.06,6.06,6.06,8.14,0.18,12.42,4.16,7.41,7.41,2.99,18.4,5301.76,9.73,4.23,3.94,2.16,3.83384007e8,1002602000,2026-09-15,,,,,,,,,,,,,,,,,,,
2026-09-14T22:09:12.251,CPPLUS,,,3825.5,-0.09,,3650.23,4088.4,79.24,93.62,consumer discretionary,trading,,1.18,1.48,,,,,4.8,,,,,,,,,,,,,,,,2026-09-14,3699.5,3662.0,0.72,60.34,20.21,141.71,3508.35,3344.99,43.23,,,,,,,,,,
2026-09-14T22:09:12.251,LAURUSLABS,,,1969.0,1.23,,1890.16,2087.25,72.28,97.19,healthcare,pharmaceuticals - indian - bulk drugs & formln,,0.81,0.76,,,,,4.17,,,,,,,,,,,,,,,,2026-09-14,1879.74,1832.7,0.86,68.28,30.5,94.31,1868.18,1805.37,29.41,,,,,,,,,,
2026-09-14T22:09:12.251,PFOCUS,,,310.85,-0.86,,299.32,328.15,-146.63,201.85,realty,miscellaneous,,0.11,0.27,,,,,3.85,,,,,,,,,,,,,,,,2026-09-14,300.86,301.0,0.35,60.02,27.47,16.01,286.61,273.18,22.01,,,,,,,,,,
2026-09-14T22:09:12.251,GRANULES,,,909.3,1.12,,846.55,1003.43,31.31,33.6,healthcare,pharmaceuticals - indian - bulk drugs & formln,,0.49,0.46,,,,,7.41,,,,,,,,,,,,,,,,2026-09-14,863.63,842.2,7.06,66.8,19.47,57.18,850.59,812.11,18.77,,,,,,,,,,
2026-09-14T22:09:12.251,FINCABLES,,,1424.0,0.4,,1278.05,1642.92,21.87,27.22,industrials,cables - power,,0.53,0.85,,,,,11.42,,,,,,,,,,,,,,,,2026-09-14,1313.3,1211.1,2.68,68.75,37.16,74.03,1252.97,1198.69,18.13,,,,,,,,,,
2026-09-14T22:09:12.251,PTCIL,,,23630.0,5.56,,23401.2,23973.19,303.42,282.05,industrials,castings & forgings,,0.28,0.19,,,,,0.98,,,,,,,,,,,,,,,,2026-09-14,21613.9,22055.0,2.02,67.03,52.68,28.83,21524.29,20365.01,16.15,,,,,,,,,,
2026-09-14T22:09:12.251,GVT&D,,,4548.1,0.07,,4362.63,4826.31,80.19,89.21,industrials,electric equipment,,0.16,0.43,,,,,4.25,,,,,,,,,,,,,,,,2026-09-14,4340.13,4321.1,0.59,55.83,17.14,23.89,4214.83,3964.87,15.82,,,,,,,,,,
2026-09-14T22:09:12.251,GRAPHITE,,,825.8,0.12,,729.88,969.67,23.41,75.62,industrials,electrodes - graphites,,0.22,0.33,,,,,13.14,,,,,,,,,,,,,,,,2026-09-14,769.4,713.0,1.67,70.2,36.62,23.84,730.32,667.3,14.58,,,,,,,,,,
2026-09-14T22:09:12.251,AUROPHARMA,,,1679.8,0.68,,1651.9,1721.66,23.51,26.25,healthcare,pharmaceuticals - indian - bulk drugs & formln,,0.19,0.35,,,,,1.69,,,,,,,,,,,,,,,,2026-09-14,1622.39,1646.0,0.55,57.04,25.6,46.57,1605.98,1552.21,14.19,,,,,,,,,,
2026-09-14T22:09:12.251,RBLBANK,,,412.55,0.43,,401.55,429.05,33.06,29.59,bank,banks - private sector,,0.29,0.31,,,,,2.74,,,,,,,,,,,,,,,,2026-09-14,397.88,406.0,0.68,66.44,27.58,33.68,394.16,384.32,11.7,,,,,,,,,,
2026-09-14T22:09:12.251,PNBHOUSING,,,1178.9,-0.01,,1151.8,1219.55,13.78,13.27,financials,finance - housing,,0.42,0.22,,,,,2.35,,,,,,,,,,,,,,,,2026-09-14,1138.76,1132.8,1.21,57.77,24.71,37.9,1115.36,1078.4,11.62,,,,,,,,,,
2026-09-14T22:09:12.251,PAYTM,,,1807.5,3.94,,1689.76,1984.11,131.36,177.9,i.t,miscellaneous,,0.71,0.34,,,,,6.97,,,,,,,,,,,,,,,,2026-09-14,1692.26,1636.0,2.14,71.31,42.73,55.86,1677.8,1613.03,11.07,,,,,,,,,,
2026-09-14T22:09:12.251,EMCURE,,,1978.9,0.82,,1851.71,2169.68,31.92,37.09,healthcare,pharmaceuticals - indian - bulk drugs & formln,,0.27,0.36,,,,,6.87,,,,,,,,,,,,,,,,2026-09-14,1909.24,1889.9,0.86,64.81,19.26,32.09,1874.61,1816.49,10.81,,,,,,,,,,
2026-09-14T22:09:12.251,FLUOROCHEM,,,4773.2,-0.27,,4617.73,5006.41,59.16,85.71,chemicals,chemicals,,0.43,0.26,,,,,3.37,,,,,,,,,,,,,,,,2026-09-14,4635.4,4470.0,0.63,59.29,35.23,36.75,4476.54,4300.85,10.67,,,,,,,,,,
2026-09-14T22:09:12.251,GESHIP,,,1412.2,0.86,,1341.51,1518.24,3.85,5.38,transportation,shipping,,-0.11,0.24,,,,,5.27,,,,,,,,,,,,,,,,2026-09-14,1361.61,1352.0,1.03,61.74,17.77,4.74,1347.45,1302.88,10.37,,,,,,,,,,
2026-09-14T22:09:12.251,NYKAA,,,344.5,0.75,,335.92,357.37,307.59,387.08,i.t,trading,,0.33,0.29,,,,,2.55,,,,,,,,,,,,,,,,2026-09-14,332.27,330.1,0.68,59.79,27.25,24.14,330.43,319.88,10.21,,,,,,,,,,
2026-09-14T22:09:12.251,ABSLAMC,,,1109.9,1.97,,1036.74,1219.65,25.88,31.81,financials,finance & investments,,0.1,0.35,,,,,7.06,,,,,,,,,,,,,,,,2026-09-14,1045.76,1012.0,2.13,65.43,17.05,29.04,1029.9,976.9,9.02,,,,,,,,,,
2026-09-14T22:09:12.251,ADANIPORTS,,,1764.6,-0.19,,1686.21,1882.19,28.08,30.12,transportation,miscellaneous,,0.19,0.17,,,,,4.65,,,,,,,,,,,,,,,,2026-09-14,1715.78,1685.2,0.77,58.65,21.35,13.65,1687.91,1637.7,7.65,,,,,,,,,,
2026-09-14T22:09:12.251,ANTHEM,,,940.9,-0.15,,933.19,952.46,110.43,91.8,healthcare,pharmaceuticals - indian - bulk drugs & formln,,0.35,0.42,,,,,0.83,,,,,,,,,,,,,,,,2026-09-14,914.05,920.0,1.02,63.01,42.6,35.97,880.41,846.14,4.87,,,,,,,,,,
2026-09-14T22:09:12.251,ASAHIINDIA,,,985.8,0.98,,957.2,1028.7,42.13,57.41,building materials,glass & glass products,,0.09,-0.01,,,,,2.99,,,,,,,,,,,,,,,,2026-09-14,944.33,949.0,1.17,69.98,16.92,0.72,940.23,912.75,4.3,,,,,,,,,,
2026-09-14T22:09:12.251,KPIL,,,1435.7,0.26,,1403.76,1483.61,19.76,21.57,realty,transmisson line towers / equipment,,0.2,0.16,,,,,2.28,,,,,,,,,,,,,,,,2026-09-14,1373.08,1385.1,0.49,62.88,41.96,26.39,1361.3,1311.79,3.94,,,,,,,,,,
2026-09-14T22:09:12.251,TIMKEN,,,3302.4,0.16,,3074.2,3644.69,51.89,58.29,industrials,bearings,,-0.12,0.07,,,,,7.42,,,,,,,,,,,,,,,,2026-09-14,3145.9,3080.2,0.99,60.4,18.8,3.41,3104.85,2974.09,3.31,,,,,,,,,,
2026-09-14T22:09:12.251,TATACOMM,,,1761.6,-0.16,,1700.89,1852.67,93.5,53.08,telecom-service,telecommunications - service provider,,0.16,-0.05,,,,,3.57,,,,,,,,,,,,,,,,2026-09-14,1712.84,1718.2,0.59,54.34,23.03,3.46,1680.2,1642.54,2.75,,,,,,,,,,
2026-09-14T22:09:12.251,PVRINOX,,,1237.1,1.29,,1199.32,1293.77,53.79,27.32,media,entertainment / electronic media software,,0.17,0.18,,,,,3.15,,,,,,,,,,,,,,,,2026-09-14,1187.86,1125.7,1.58,56.28,39.16,11.63,1122.87,1056.09,2.38,,,,,,,,,,
2026-09-14T22:09:12.251,LICHSGFIN,,,562.9,1.92,,548.8,584.05,5.16,5.4,financials,finance - housing,,0.04,0.01,,,,,2.57,,,,,,,,,,,,,,,,2026-09-14,535.08,543.8,4.8,63.86,31.1,7.23,526.55,508.74,0.71,,,,,,,,,,
2026-09-14T22:09:12.251,JSL,,,756.1,-0.79,,724.43,803.61,20.24,19.17,metals & mining,steel - large,,-0.02,-0.08,,,,,4.37,,,,,,,,,,,,,,,,2026-09-14,726.18,727.0,2.58,59.17,21.47,-5.38,704.96,677.01,0.02,,,,,,,,,,
2026-09-14T22:09:12.251,JUBLPHARMA,,,1025.2,-0.04,,930.79,1166.81,71.79,46.12,healthcare,pharmaceuticals - indian - bulk drugs,,0.12,-0.06,,,,,10.14,,,,,,,,,,,,,,,,2026-09-14,986.17,918.0,0.83,74.09,23.39,9.38,960.94,921.7,-0.68,,,,,,,,,,
2026-09-14T22:09:12.251,TEGA,,,1729.1,0.44,,1572.8,1963.55,-37.69,456.23,industrials,engineering,,-0.1,-0.13,,,,,9.94,,,,,,,,,,,,,,,,2026-09-14,1643.46,1540.1,1.32,61.2,16.89,-3.68,1575.31,1472.87,-3.58,,,,,,,,,,
2026-09-14T22:09:12.251,HBLENGINE,,,722.2,0.18,,677.21,789.68,45.71,25.63,auto,auto ancillaries,,0.01,-0.25,,,,,6.64,,,,,,,,,,,,,,,,2026-09-14,691.14,690.15,0.8,57.48,26.31,-6.47,669.48,632.44,-3.64,,,,,,,,,,
2026-09-14T22:09:12.251,UTIAMC,,,910.0,-1.24,,876.83,959.76,9.95,25.33,financials,finance & investments,,-0.12,-0.21,,,,,3.78,,,,,,,,,,,,,,,,2026-09-14,881.36,879.0,0.5,55.05,15.69,-17.19,876.35,861.12,-7.06,,,,,,,,,,
2026-09-14T22:09:12.251,PINELABS,,,202.17,16.75,,164.32,258.95,297.31,178.91,i.t,miscellaneous,,0.17,-0.17,,,,,23.04,,,,,,,,,,,,,,,,2026-09-14,167.54,162.35,10.73,74.97,23.89,-2.87,176.96,162.27,NaN,,,,,,,,,,
2026-09-14T22:09:12.251,EMMVEE,,,346.0,0.98,,323.57,379.65,15.76,17.95,industrials,electric equipment,,0.59,0.83,,,,,6.93,,,,,,,,,,,,,,,,2026-09-14,326.24,320.25,1.49,65.41,19.46,67.92,322.66,307.36,NaN,,,,,,,,,,
2026-09-14T22:09:12.251,PWL,,,136.1,7.39,,119.95,160.32,-126.02,1134.17,services,miscellaneous,,0.49,0.01,,,,,13.46,,,,,,,,,,,,,,,,2026-09-14,122.86,123.57,2.68,64.65,17.06,27.01,123.71,115.44,NaN,,,,,,,,,,
2026-09-14T22:09:12.251,MEESHO,,,217.08,-0.38,,211.46,225.51,-193.82,-78.94,transportation,miscellaneous,,0.45,0.09,,,,,2.66,,,,,,,,,,,,,,,,2026-09-14,210.21,205.75,2.03,69.92,27.23,40.72,201.87,196.48,NaN,,,,,,,,,,
2026-09-13T23:38:57.23,CPPLUS,,,3825.5,-0.09,,3650.23,4088.4,79.24,93.62,consumer discretionary,trading,,1.18,1.48,,,,,4.8,,,,,,,,,,,,,,,,2026-09-13,3699.5,3662.0,0.72,60.34,20.21,141.71,3508.35,3344.99,43.23,,,,,,,,,,
2026-09-13T23:38:57.23,LAURUSLABS,,,1969.0,1.23,,1890.16,2087.25,72.28,97.19,healthcare,pharmaceuticals - indian - bulk drugs & formln,,0.81,0.76,,,,,4.17,,,,,,,,,,,,,,,,2026-09-13,1879.74,1832.7,0.86,68.28,30.5,94.31,1868.18,1805.37,29.41,,,,,,,,,,
2026-09-13T23:38:57.23,PFOCUS,,,310.85,-0.86,,299.32,328.15,-146.63,201.85,realty,miscellaneous,,0.11,0.27,,,,,3.85,,,,,,,,,,,,,,,,2026-09-13,300.86,301.0,0.35,60.02,27.47,16.01,286.61,273.18,22.01,,,,,,,,,,
2026-09-13T23:38:57.23,GRANULES,,,909.3,1.12,,846.55,1003.43,31.31,33.6,healthcare,pharmaceuticals - indian - bulk drugs & formln,,0.49,0.46,,,,,7.41,,,,,,,,,,,,,,,,2026-09-13,863.63,842.2,7.06,66.8,19.47,57.18,850.59,812.11,18.77,,,,,,,,,,
2026-09-13T23:38:57.23,FINCABLES,,,1424.0,0.4,,1278.05,1642.92,21.87,27.22,industrials,cables - power,,0.53,0.85,,,,,11.42,,,,,,,,,,,,,,,,2026-09-13,1313.3,1211.1,2.68,68.75,37.16,74.03,1252.97,1198.69,18.13,,,,,,,,,,
2026-09-13T23:38:57.23,PTCIL,,,23630.0,5.56,,23401.2,23973.19,303.42,282.05,industrials,castings & forgings,,0.28,0.19,,,,,0.98,,,,,,,,,,,,,,,,2026-09-13,21613.9,22055.0,2.02,67.03,52.68,28.83,21524.29,20365.01,16.15,,,,,,,,,,
2026-09-13T23:38:57.23,GVT&D,,,4548.1,0.07,,4362.63,4826.31,80.19,89.21,industrials,electric equipment,,0.16,0.43,,,,,4.25,,,,,,,,,,,,,,,,2026-09-13,4340.13,4321.1,0.59,55.83,17.14,23.89,4214.83,3964.87,15.82,,,,,,,,,,
2026-09-13T23:38:57.23,GRAPHITE,,,825.8,0.12,,729.88,969.67,23.41,75.62,industrials,electrodes - graphites,,0.22,0.33,,,,,13.14,,,,,,,,,,,,,,,,2026-09-13,769.4,713.0,1.67,70.2,36.62,23.84,730.32,667.3,14.58,,,,,,,,,,
2026-09-13T23:38:57.23,AUROPHARMA,,,1679.8,0.68,,1651.9,1721.66,23.51,26.25,healthcare,pharmaceuticals - indian - bulk drugs & formln,,0.19,0.35,,,,,1.69,,,,,,,,,,,,,,,,2026-09-13,1622.39,1646.0,0.55,57.04,25.6,46.57,1605.98,1552.21,14.19,,,,,,,,,,
2026-09-13T23:38:57.23,RBLBANK,,,412.55,0.43,,401.55,429.05,33.06,29.59,bank,banks - private sector,,0.29,0.31,,,,,2.74,,,,,,,,,,,,,,,,2026-09-13,397.88,406.0,0.68,66.44,27.58,33.68,394.16,384.32,11.7,,,,,,,,,,
2026-09-13T23:38:57.23,PNBHOUSING,,,1178.9,-0.01,,1151.8,1219.55,13.78,13.27,financials,finance - housing,,0.42,0.22,,,,,2.35,,,,,,,,,,,,,,,,2026-09-13,1138.76,1132.8,1.21,57.77,24.71,37.9,1115.36,1078.4,11.62,,,,,,,,,,
2026-09-13T23:38:57.23,PAYTM,,,1807.5,3.94,,1689.76,1984.11,131.36,177.9,i.t,miscellaneous,,0.71,0.34,,,,,6.97,,,,,,,,,,,,,,,,2026-09-13,1692.26,1636.0,2.14,71.31,42.73,55.86,1677.8,1613.03,11.07,,,,,,,,,,
2026-09-13T23:38:57.23,EMCURE,,,1978.9,0.82,,1851.71,2169.68,31.92,37.09,healthcare,pharmaceuticals - indian - bulk drugs & formln,,0.27,0.36,,,,,6.87,,,,,,,,,,,,,,,,2026-09-13,1909.24,1889.9,0.86,64.81,19.26,32.09,1874.61,1816.49,10.81,,,,,,,,,,
2026-09-13T23:38:57.23,FLUOROCHEM,,,4773.2,-0.27,,4617.73,5006.41,59.16,85.71,chemicals,chemicals,,0.43,0.26,,,,,3.37,,,,,,,,,,,,,,,,2026-09-13,4635.4,4470.0,0.63,59.29,35.23,36.75,4476.54,4300.85,10.67,,,,,,,,,,
2026-09-13T23:38:57.23,GESHIP,,,1412.2,0.86,,1341.51,1518.24,3.85,5.38,transportation,shipping,,-0.11,0.24,,,,,5.27,,,,,,,,,,,,,,,,2026-09-13,1361.61,1352.0,1.03,61.74,17.77,4.74,1347.45,1302.88,10.37,,,,,,,,,,
2026-09-13T23:38:57.23,NYKAA,,,344.5,0.75,,335.92,357.37,307.59,387.08,i.t,trading,,0.33,0.29,,,,,2.55,,,,,,,,,,,,,,,,2026-09-13,332.27,330.1,0.68,59.79,27.25,24.14,330.43,319.88,10.21,,,,,,,,,,
2026-09-13T23:38:57.23,ABSLAMC,,,1109.9,1.97,,1036.74,1219.65,25.88,31.81,financials,finance & investments,,0.1,0.35,,,,,7.06,,,,,,,,,,,,,,,,2026-09-13,1045.76,1012.0,2.13,65.43,17.05,29.04,1029.9,976.9,9.02,,,,,,,,,,
2026-09-13T23:38:57.23,ADANIPORTS,,,1764.6,-0.19,,1686.21,1882.19,28.08,30.12,transportation,miscellaneous,,0.19,0.17,,,,,4.65,,,,,,,,,,,,,,,,2026-09-13,1715.78,1685.2,0.77,58.65,21.35,13.65,1687.91,1637.7,7.65,,,,,,,,,,
2026-09-13T23:38:57.23,ANTHEM,,,940.9,-0.15,,933.19,952.46,110.43,91.8,healthcare,pharmaceuticals - indian - bulk drugs & formln,,0.35,0.42,,,,,0.83,,,,,,,,,,,,,,,,2026-09-13,914.05,920.0,1.02,63.01,42.6,35.97,880.41,846.14,4.87,,,,,,,,,,
2026-09-13T23:38:57.23,ASAHIINDIA,,,985.8,0.98,,957.2,1028.7,42.13,57.41,building materials,glass & glass products,,0.09,-0.01,,,,,2.99,,,,,,,,,,,,,,,,2026-09-13,944.33,949.0,1.17,69.98,16.92,0.72,940.23,912.75,4.3,,,,,,,,,,
2026-09-13T23:38:57.23,KPIL,,,1435.7,0.26,,1403.76,1483.61,19.76,21.57,realty,transmisson line towers / equipment,,0.2,0.16,,,,,2.28,,,,,,,,,,,,,,,,2026-09-13,1373.08,1385.1,0.49,62.88,41.96,26.39,1361.3,1311.79,3.94,,,,,,,,,,
2026-09-13T23:38:57.23,TIMKEN,,,3302.4,0.16,,3074.2,3644.69,51.89,58.29,industrials,bearings,,-0.12,0.07,,,,,7.42,,,,,,,,,,,,,,,,2026-09-13,3145.9,3080.2,0.99,60.4,18.8,3.41,3104.85,2974.09,3.31,,,,,,,,,,
2026-09-13T23:38:57.23,TATACOMM,,,1761.6,-0.16,,1700.89,1852.67,93.5,53.08,telecom-service,telecommunications - service provider,,0.16,-0.05,,,,,3.57,,,,,,,,,,,,,,,,2026-09-13,1712.84,1718.2,0.59,54.34,23.03,3.46,1680.2,1642.54,2.75,,,,,,,,,,
2026-09-13T23:38:57.23,PVRINOX,,,1237.1,1.29,,1199.32,1293.77,53.79,27.32,media,entertainment / electronic media software,,0.17,0.18,,,,,3.15,,,,,,,,,,,,,,,,2026-09-13,1187.86,1125.7,1.58,56.28,39.16,11.63,1122.87,1056.09,2.38,,,,,,,,,,
2026-09-13T23:38:57.23,LICHSGFIN,,,562.9,1.92,,548.8,584.05,5.16,5.4,financials,finance - housing,,0.04,0.01,,,,,2.57,,,,,,,,,,,,,,,,2026-09-13,535.08,543.8,4.8,63.86,31.1,7.23,526.55,508.74,0.71,,,,,,,,,,
2026-09-13T23:38:57.23,JSL,,,756.1,-0.79,,724.43,803.61,20.24,19.17,metals & mining,steel - large,,-0.02,-0.08,,,,,4.37,,,,,,,,,,,,,,,,2026-09-13,726.18,727.0,2.58,59.17,21.47,-5.38,704.96,677.01,0.02,,,,,,,,,,
2026-09-13T23:38:57.23,JUBLPHARMA,,,1025.2,-0.04,,930.79,1166.81,71.79,46.12,healthcare,pharmaceuticals - indian - bulk drugs,,0.12,-0.06,,,,,10.14,,,,,,,,,,,,,,,,2026-09-13,986.17,918.0,0.83,74.09,23.39,9.38,960.94,921.7,-0.68,,,,,,,,,,
2026-09-13T23:38:57.23,TEGA,,,1729.1,0.44,,1572.8,1963.55,-37.69,456.23,industrials,engineering,,-0.1,-0.13,,,,,9.94,,,,,,,,,,,,,,,,2026-09-13,1643.46,1540.1,1.32,61.2,16.89,-3.68,1575.31,1472.87,-3.58,,,,,,,,,,
2026-09-13T23:38:57.23,HBLENGINE,,,722.2,0.18,,677.21,789.68,45.71,25.63,auto,auto ancillaries,,0.01,-0.25,,,,,6.64,,,,,,,,,,,,,,,,2026-09-13,691.14,690.15,0.8,57.48,26.31,-6.47,669.48,632.44,-3.64,,,,,,,,,,
2026-09-13T23:38:57.23,UTIAMC,,,910.0,-1.24,,876.83,959.76,9.95,25.33,financials,finance & investments,,-0.12,-0.21,,,,,3.78,,,,,,,,,,,,,,,,2026-09-13,881.36,879.0,0.5,55.05,15.69,-17.19,876.35,861.12,-7.06,,,,,,,,,,
2026-09-13T23:38:57.23,PINELABS,,,202.17,16.75,,164.32,258.95,297.31,178.91,i.t,miscellaneous,,0.17,-0.17,,,,,23.04,,,,,,,,,,,,,,,,2026-09-13,167.54,162.35,10.73,74.97,23.89,-2.87,176.96,162.27,NaN,,,,,,,,,,
2026-09-13T23:38:57.23,EMMVEE,,,346.0,0.98,,323.57,379.65,15.76,17.95,industrials,electric equipment,,0.59,0.83,,,,,6.93,,,,,,,,,,,,,,,,2026-09-13,326.24,320.25,1.49,65.41,19.46,67.92,322.66,307.36,NaN,,,,,,,,,,
2026-09-13T23:38:57.23,PWL,,,136.1,7.39,,119.95,160.32,-126.02,1134.17,services,miscellaneous,,0.49,0.01,,,,,13.46,,,,,,,,,,,,,,,,2026-09-13,122.86,123.57,2.68,64.65,17.06,27.01,123.71,115.44,NaN,,,,,,,,,,
2026-09-13T23:38:57.23,MEESHO,,,217.08,-0.38,,211.46,225.51,-193.82,-78.94,transportation,miscellaneous,,0.45,0.09,,,,,2.66,,,,,,,,,,,,,,,,2026-09-13,210.21,205.75,2.03,69.92,27.23,40.72,201.87,196.48,NaN,,,,,,,,,,
2026-09-12T22:52:57.758,CPPLUS,,,3825.5,-0.09,,3650.23,4088.4,79.24,93.62,consumer discretionary,trading,,1.18,1.48,,,,,4.8,,,,,,,,,,,,,,,,2026-09-12,3699.5,3662.0,0.72,60.34,20.21,141.71,3508.35,3344.99,43.23,,,,,,,,,,
2026-09-12T22:52:57.758,LAURUSLABS,,,1969.0,1.23,,1890.16,2087.25,72.28,97.19,healthcare,pharmaceuticals - indian - bulk drugs & formln,,0.81,0.76,,,,,4.17,,,,,,,,,,,,,,,,2026-09-12,1879.74,1832.7,0.86,68.28,30.5,94.31,1868.18,1805.37,29.41,,,,,,,,,,
2026-09-12T22:52:57.758,PFOCUS,,,310.85,-0.86,,299.32,328.15,-146.63,201.85,realty,miscellaneous,,0.11,0.27,,,,,3.85,,,,,,,,,,,,,,,,2026-09-12,300.86,301.0,0.35,60.02,27.47,16.01,286.61,273.18,22.01,,,,,,,,,,
2026-09-12T22:52:57.758,GRANULES,,,909.3,1.12,,846.55,1003.43,31.31,33.6,healthcare,pharmaceuticals - indian - bulk drugs & formln,,0.49,0.46,,,,,7.41,,,,,,,,,,,,,,,,2026-09-12,863.63,842.2,7.06,66.8,19.47,57.18,850.59,812.11,18.77,,,,,,,,,,
2026-09-12T22:52:57.758,FINCABLES,,,1424.0,0.4,,1278.05,1642.92,21.87,27.22,industrials,cables - power,,0.53,0.85,,,,,11.42,,,,,,,,,,,,,,,,2026-09-12,1313.3,1211.1,2.68,68.75,37.16,74.03,1252.97,1198.69,18.13,,,,,,,,,,
2026-09-12T22:52:57.758,PTCIL,,,23630.0,5.56,,23401.2,23973.19,303.42,282.05,industrials,castings & forgings,,0.28,0.19,,,,,0.98,,,,,,,,,,,,,,,,2026-09-12,21613.9,22055.0,2.02,67.03,52.68,28.83,21524.29,20365.01,16.15,,,,,,,,,,
2026-09-12T22:52:57.758,GVT&D,,,4548.1,0.07,,4362.63,4826.31,80.19,89.21,industrials,electric equipment,,0.16,0.43,,,,,4.25,,,,,,,,,,,,,,,,2026-09-12,4340.13,4321.1,0.59,55.83,17.14,23.89,4214.83,3964.87,15.82,,,,,,,,,,
2026-09-12T22:52:57.758,GRAPHITE,,,825.8,0.12,,729.88,969.67,23.41,75.62,industrials,electrodes - graphites,,0.22,0.33,,,,,13.14,,,,,,,,,,,,,,,,2026-09-12,769.4,713.0,1.67,70.2,36.62,23.84,730.32,667.3,14.58,,,,,,,,,,
2026-09-12T22:52:57.758,AUROPHARMA,,,1679.8,0.68,,1651.9,1721.66,23.51,26.25,healthcare,pharmaceuticals - indian - bulk drugs & formln,,0.19,0.35,,,,,1.69,,,,,,,,,,,,,,,,2026-09-12,1622.39,1646.0,0.55,57.04,25.6,46.57,1605.98,1552.21,14.19,,,,,,,,,,
2026-09-12T22:52:57.758,RBLBANK,,,412.55,0.43,,401.55,429.05,33.06,29.59,bank,banks - private sector,,0.29,0.31,,,,,2.74,,,,,,,,,,,,,,,,2026-09-12,397.88,406.0,0.68,66.44,27.58,33.68,394.16,384.32,11.7,,,,,,,,,,
2026-09-12T22:52:57.758,PNBHOUSING,,,1178.9,-0.01,,1151.8,1219.55,13.78,13.27,financials,finance - housing,,0.42,0.22,,,,,2.35,,,,,,,,,,,,,,,,2026-09-12,1138.76,1132.8,1.21,57.77,24.71,37.9,1115.36,1078.4,11.62,,,,,,,,,,
2026-09-12T22:52:57.758,PAYTM,,,1807.5,3.94,,1689.76,1984.11,131.36,177.9,i.t,miscellaneous,,0.71,0.34,,,,,6.97,,,,,,,,,,,,,,,,2026-09-12,1692.26,1636.0,2.14,71.31,42.73,55.86,1677.8,1613.03,11.07,,,,,,,,,,
2026-09-12T22:52:57.758,EMCURE,,,1978.9,0.82,,1851.71,2169.68,31.92,37.09,healthcare,pharmaceuticals - indian - bulk drugs & formln,,0.27,0.36,,,,,6.87,,,,,,,,,,,,,,,,2026-09-12,1909.24,1889.9,0.86,64.81,19.26,32.09,1874.61,1816.49,10.81,,,,,,,,,,
2026-09-12T22:52:57.758,FLUOROCHEM,,,4773.2,-0.27,,4617.73,5006.41,59.16,85.71,chemicals,chemicals,,0.43,0.26,,,,,3.37,,,,,,,,,,,,,,,,2026-09-12,4635.4,4470.0,0.63,59.29,35.23,36.75,4476.54,4300.85,10.67,,,,,,,,,,
2026-09-12T22:52:57.758,GESHIP,,,1412.2,0.86,,1341.51,1518.24,3.85,5.38,transportation,shipping,,-0.11,0.24,,,,,5.27,,,,,,,,,,,,,,,,2026-09-12,1361.61,1352.0,1.03,61.74,17.77,4.74,1347.45,1302.88,10.37,,,,,,,,,,
2026-09-12T22:52:57.758,NYKAA,,,344.5,0.75,,335.92,357.37,307.59,387.08,i.t,trading,,0.33,0.29,,,,,2.55,,,,,,,,,,,,,,,,2026-09-12,332.27,330.1,0.68,59.79,27.25,24.14,330.43,319.88,10.21,,,,,,,,,,
2026-09-12T22:52:57.758,ABSLAMC,,,1109.9,1.97,,1036.74,1219.65,25.88,31.81,financials,finance & investments,,0.1,0.35,,,,,7.06,,,,,,,,,,,,,,,,2026-09-12,1045.76,1012.0,2.13,65.43,17.05,29.04,1029.9,976.9,9.02,,,,,,,,,,
2026-09-12T22:52:57.758,ADANIPORTS,,,1764.6,-0.19,,1686.21,1882.19,28.08,30.12,transportation,miscellaneous,,0.19,0.17,,,,,4.65,,,,,,,,,,,,,,,,2026-09-12,1715.78,1685.2,0.77,58.65,21.35,13.65,1687.91,1637.7,7.65,,,,,,,,,,
2026-09-12T22:52:57.758,ANTHEM,,,940.9,-0.15,,933.19,952.46,110.43,91.8,healthcare,pharmaceuticals - indian - bulk drugs & formln,,0.35,0.42,,,,,0.83,,,,,,,,,,,,,,,,2026-09-12,914.05,920.0,1.02,63.01,42.6,35.97,880.41,846.14,4.87,,,,,,,,,,
2026-09-12T22:52:57.758,ASAHIINDIA,,,985.8,0.98,,957.2,1028.7,42.13,57.41,building materials,glass & glass products,,0.09,-0.01,,,,,2.99,,,,,,,,,,,,,,,,2026-09-12,944.33,949.0,1.17,69.98,16.92,0.72,940.23,912.75,4.3,,,,,,,,,,
2026-09-12T22:52:57.758,KPIL,,,1435.7,0.26,,1403.76,1483.61,19.76,21.57,realty,transmisson line towers / equipment,,0.2,0.16,,,,,2.28,,,,,,,,,,,,,,,,2026-09-12,1373.08,1385.1,0.49,62.88,41.96,26.39,1361.3,1311.79,3.94,,,,,,,,,,
2026-09-12T22:52:57.758,TIMKEN,,,3302.4,0.16,,3074.2,3644.69,51.89,58.29,industrials,bearings,,-0.12,0.07,,,,,7.42,,,,,,,,,,,,,,,,2026-09-12,3145.9,3080.2,0.99,60.4,18.8,3.41,3104.85,2974.09,3.31,,,,,,,,,,
2026-09-12T22:52:57.758,TATACOMM,,,1761.6,-0.16,,1700.89,1852.67,93.5,53.08,telecom-service,telecommunications - service provider,,0.16,-0.05,,,,,3.57,,,,,,,,,,,,,,,,2026-09-12,1712.84,1718.2,0.59,54.34,23.03,3.46,1680.2,1642.54,2.75,,,,,,,,,,
2026-09-12T22:52:57.758,PVRINOX,,,1237.1,1.29,,1199.32,1293.77,53.79,27.32,media,entertainment / electronic media software,,0.17,0.18,,,,,3.15,,,,,,,,,,,,,,,,2026-09-12,1187.86,1125.7,1.58,56.28,39.16,11.63,1122.87,1056.09,2.38,,,,,,,,,,
2026-09-12T22:52:57.758,LICHSGFIN,,,562.9,1.92,,548.8,584.05,5.16,5.4,financials,finance - housing,,0.04,0.01,,,,,2.57,,,,,,,,,,,,,,,,2026-09-12,535.08,543.8,4.8,63.86,31.1,7.23,526.55,508.74,0.71,,,,,,,,,,
2026-09-12T22:52:57.758,JSL,,,756.1,-0.79,,724.43,803.61,20.24,19.17,metals & mining,steel - large,,-0.02,-0.08,,,,,4.37,,,,,,,,,,,,,,,,2026-09-12,726.18,727.0,2.58,59.17,21.47,-5.38,704.96,677.01,0.02,,,,,,,,,,
2026-09-12T22:52:57.758,JUBLPHARMA,,,1025.2,-0.04,,930.79,1166.81,71.79,46.12,healthcare,pharmaceuticals - indian - bulk drugs,,0.12,-0.06,,,,,10.14,,,,,,,,,,,,,,,,2026-09-12,986.17,918.0,0.83,74.09,23.39,9.38,960.94,921.7,-0.68,,,,,,,,,,
2026-09-12T22:52:57.758,TEGA,,,1729.1,0.44,,1572.8,1963.55,-37.69,456.23,industrials,engineering,,-0.1,-0.13,,,,,9.94,,,,,,,,,,,,,,,,2026-09-12,1643.46,1540.1,1.32,61.2,16.89,-3.68,1575.31,1472.87,-3.58,,,,,,,,,,
2026-09-12T22:52:57.758,HBLENGINE,,,722.2,0.18,,677.21,789.68,45.71,25.63,auto,auto ancillaries,,0.01,-0.25,,,,,6.64,,,,,,,,,,,,,,,,2026-09-12,691.14,690.15,0.8,57.48,26.31,-6.47,669.48,632.44,-3.64,,,,,,,,,,
2026-09-12T22:52:57.758,UTIAMC,,,910.0,-1.24,,876.83,959.76,9.95,25.33,financials,finance & investments,,-0.12,-0.21,,,,,3.78,,,,,,,,,,,,,,,,2026-09-12,881.36,879.0,0.5,55.05,15.69,-17.19,876.35,861.12,-7.06,,,,,,,,,,
2026-09-12T22:52:57.758,PINELABS,,,202.17,16.75,,164.32,258.95,297.31,178.91,i.t,miscellaneous,,0.17,-0.17,,,,,23.04,,,,,,,,,,,,,,,,2026-09-12,167.54,162.35,10.73,74.97,23.89,-2.87,176.96,162.27,NaN,,,,,,,,,,
2026-09-12T22:52:57.758,EMMVEE,,,346.0,0.98,,323.57,379.65,15.76,17.95,industrials,electric equipment,,0.59,0.83,,,,,6.93,,,,,,,,,,,,,,,,2026-09-12,326.24,320.25,1.49,65.41,19.46,67.92,322.66,307.36,NaN,,,,,,,,,,
2026-09-12T22:52:57.758,PWL,,,136.1,7.39,,119.95,160.32,-126.02,1134.17,services,miscellaneous,,0.49,0.01,,,,,13.46,,,,,,,,,,,,,,,,2026-09-12,122.86,123.57,2.68,64.65,17.06,27.01,123.71,115.44,NaN,,,,,,,,,,
2026-09-12T22:52:57.758,MEESHO,,,217.08,-0.38,,211.46,225.51,-193.82,-78.94,transportation,miscellaneous,,0.45,0.09,,,,,2.66,,,,,,,,,,,,,,,,2026-09-12,210.21,205.75,2.03,69.92,27.23,40.72,201.87,196.48,NaN,,,,,,,,,,
2026-09-11T22:37:54.325,CPPLUS,,,3825.5,-0.09,,3650.23,4088.4,79.24,93.71,consumer discretionary,trading,,1.18,1.48,,,,,4.8,,,,,,,,,,,,,,,,2026-09-11,3699.5,3662.0,0.72,60.34,20.21,141.71,3508.35,3344.99,43.23,,,,,,,,,,
2026-09-11T22:37:54.325,LAURUSLABS,,,1969.0,1.23,,1890.16,2087.25,72.28,96.0,healthcare,pharmaceuticals - indian - bulk drugs & formln,,0.81,0.76,,,,,4.17,,,,,,,,,,,,,,,,2026-09-11,1879.74,1832.7,0.86,68.28,30.5,94.31,1868.18,1805.37,29.41,,,,,,,,,,
2026-09-11T22:37:54.325,PFOCUS,,,310.85,-0.86,,299.32,328.15,-146.63,203.6,realty,miscellaneous,,0.11,0.27,,,,,3.85,,,,,,,,,,,,,,,,2026-09-11,300.86,301.0,0.35,60.02,27.47,16.01,286.61,273.18,22.01,,,,,,,,,,
2026-09-11T22:37:54.325,GRANULES,,,909.3,1.12,,846.55,1003.43,31.31,33.23,healthcare,pharmaceuticals - indian - bulk drugs & formln,,0.49,0.46,,,,,7.41,,,,,,,,,,,,,,,,2026-09-11,863.63,842.2,7.06,66.8,19.47,57.18,850.59,812.11,18.77,,,,,,,,,,
2026-09-11T22:37:54.325,FINCABLES,,,1424.0,0.4,,1278.05,1642.92,21.87,27.12,industrials,cables - power,,0.53,0.85,,,,,11.42,,,,,,,,,,,,,,,,2026-09-11,1313.3,1211.1,2.68,68.75,37.16,74.03,1252.97,1198.69,18.13,,,,,,,,,,
2026-09-11T22:37:54.325,PTCIL,,,23630.0,5.56,,23401.2,23973.19,303.42,267.19,industrials,castings & forgings,,0.28,0.19,,,,,0.98,,,,,,,,,,,,,,,,2026-09-11,21613.9,22055.0,2.02,67.03,52.68,28.83,21524.29,20365.01,16.15,,,,,,,,,,
2026-09-11T22:37:54.325,GVT&D,,,4548.1,0.07,,4362.63,4826.31,80.19,89.15,industrials,electric equipment,,0.16,0.43,,,,,4.25,,,,,,,,,,,,,,,,2026-09-11,4340.13,4321.1,0.59,55.83,17.14,23.89,4214.83,3964.87,15.82,,,,,,,,,,
2026-09-11T22:37:54.325,GRAPHITE,,,825.8,0.12,,729.88,969.67,23.41,75.53,industrials,electrodes - graphites,,0.22,0.33,,,,,13.14,,,,,,,,,,,,,,,,2026-09-11,769.4,713.0,1.67,70.2,36.62,23.84,730.32,667.3,14.58,,,,,,,,,,
2026-09-11T22:37:54.325,AUROPHARMA,,,1679.8,0.68,,1651.9,1721.66,23.51,26.07,healthcare,pharmaceuticals - indian - bulk drugs & formln,,0.19,0.35,,,,,1.69,,,,,,,,,,,,,,,,2026-09-11,1622.39,1646.0,0.55,57.04,25.6,46.57,1605.98,1552.21,14.19,,,,,,,,,,
2026-09-11T22:37:54.325,RBLBANK,,,412.55,0.43,,401.55,429.05,33.06,29.47,bank,banks - private sector,,0.29,0.31,,,,,2.74,,,,,,,,,,,,,,,,2026-09-11,397.88,406.0,0.68,66.44,27.58,33.68,394.16,384.32,11.7,,,,,,,,,,
2026-09-11T22:37:54.325,PNBHOUSING,,,1178.9,-0.01,,1151.8,1219.55,13.78,13.27,financials,finance - housing,,0.42,0.22,,,,,2.35,,,,,,,,,,,,,,,,2026-09-11,1138.76,1132.8,1.21,57.77,24.71,37.9,1115.36,1078.4,11.62,,,,,,,,,,
2026-09-11T22:37:54.325,PAYTM,,,1807.5,3.94,,1689.76,1984.11,131.36,171.16,i.t,miscellaneous,,0.71,0.34,,,,,6.97,,,,,,,,,,,,,,,,2026-09-11,1692.26,1636.0,2.14,71.31,42.73,55.86,1677.8,1613.03,11.07,,,,,,,,,,
2026-09-11T22:37:54.325,EMCURE,,,1978.9,0.82,,1851.71,2169.68,31.92,36.79,healthcare,pharmaceuticals - indian - bulk drugs & formln,,0.27,0.36,,,,,6.87,,,,,,,,,,,,,,,,2026-09-11,1909.24,1889.9,0.86,64.81,19.26,32.09,1874.61,1816.49,10.81,,,,,,,,,,
2026-09-11T22:37:54.325,FLUOROCHEM,,,4773.2,-0.27,,4617.73,5006.41,59.16,85.95,chemicals,chemicals,,0.43,0.26,,,,,3.37,,,,,,,,,,,,,,,,2026-09-11,4635.4,4470.0,0.63,59.29,35.23,36.75,4476.54,4300.85,10.67,,,,,,,,,,
2026-09-11T22:37:54.325,GESHIP,,,1412.2,0.86,,1341.51,1518.24,3.85,5.34,transportation,shipping,,-0.11,0.24,,,,,5.27,,,,,,,,,,,,,,,,2026-09-11,1361.61,1352.0,1.03,61.74,17.77,4.74,1347.45,1302.88,10.37,,,,,,,,,,
2026-09-11T22:37:54.325,NYKAA,,,344.5,0.75,,335.92,357.37,307.59,384.21,i.t,trading,,0.33,0.29,,,,,2.55,,,,,,,,,,,,,,,,2026-09-11,332.27,330.1,0.68,59.79,27.25,24.14,330.43,319.88,10.21,,,,,,,,,,
2026-09-11T22:37:54.325,ABSLAMC,,,1109.9,1.97,,1036.74,1219.65,25.88,31.2,financials,finance & investments,,0.1,0.35,,,,,7.06,,,,,,,,,,,,,,,,2026-09-11,1045.76,1012.0,2.13,65.43,17.05,29.04,1029.9,976.9,9.02,,,,,,,,,,
2026-09-11T22:37:54.325,ADANIPORTS,,,1764.6,-0.19,,1686.21,1882.19,28.08,30.18,transportation,miscellaneous,,0.19,0.17,,,,,4.65,,,,,,,,,,,,,,,,2026-09-11,1715.78,1685.2,0.77,58.65,21.35,13.65,1687.91,1637.7,7.65,,,,,,,,,,
2026-09-11T22:37:54.325,ANTHEM,,,940.9,-0.15,,933.19,952.46,110.43,91.93,healthcare,pharmaceuticals - indian - bulk drugs & formln,,0.35,0.42,,,,,0.83,,,,,,,,,,,,,,,,2026-09-11,914.05,920.0,1.02,63.01,42.6,35.97,880.41,846.14,4.87,,,,,,,,,,
2026-09-11T22:37:54.325,ASAHIINDIA,,,985.8,0.98,,957.2,1028.7,42.13,56.85,building materials,glass & glass products,,0.09,-0.01,,,,,2.99,,,,,,,,,,,,,,,,2026-09-11,944.33,949.0,1.17,69.98,16.92,0.72,940.23,912.75,4.3,,,,,,,,,,
2026-09-11T22:37:54.325,KPIL,,,1435.7,0.26,,1403.76,1483.61,19.76,21.52,realty,transmisson line towers / equipment,,0.2,0.16,,,,,2.28,,,,,,,,,,,,,,,,2026-09-11,1373.08,1385.1,0.49,62.88,41.96,26.39,1361.3,1311.79,3.94,,,,,,,,,,
2026-09-11T22:37:54.325,TIMKEN,,,3302.4,0.16,,3074.2,3644.69,51.89,58.2,industrials,bearings,,-0.12,0.07,,,,,7.42,,,,,,,,,,,,,,,,2026-09-11,3145.9,3080.2,0.99,60.4,18.8,3.41,3104.85,2974.09,3.31,,,,,,,,,,
2026-09-11T22:37:54.325,TATACOMM,,,1761.6,-0.16,,1700.89,1852.67,93.5,53.16,telecom-service,telecommunications - service provider,,0.16,-0.05,,,,,3.57,,,,,,,,,,,,,,,,2026-09-11,1712.84,1718.2,0.59,54.34,23.03,3.46,1680.2,1642.54,2.75,,,,,,,,,,
2026-09-11T22:37:54.325,PVRINOX,,,1237.1,1.29,,1199.32,1293.77,53.79,26.97,media,entertainment / electronic media software,,0.17,0.18,,,,,3.15,,,,,,,,,,,,,,,,2026-09-11,1187.86,1125.7,1.58,56.28,39.16,11.63,1122.87,1056.09,2.38,,,,,,,,,,
2026-09-11T22:37:54.325,LICHSGFIN,,,562.9,1.92,,548.8,584.05,5.16,5.29,financials,finance - housing,,0.04,0.01,,,,,2.57,,,,,,,,,,,,,,,,2026-09-11,535.08,543.8,4.8,63.86,31.1,7.23,526.55,508.74,0.71,,,,,,,,,,
2026-09-11T22:37:54.325,JSL,,,756.1,-0.79,,724.43,803.61,20.24,19.32,metals & mining,steel - large,,-0.02,-0.08,,,,,4.37,,,,,,,,,,,,,,,,2026-09-11,726.18,727.0,2.58,59.17,21.47,-5.38,704.96,677.01,0.02,,,,,,,,,,
2026-09-11T22:37:54.325,JUBLPHARMA,,,1025.2,-0.04,,930.79,1166.81,71.79,46.14,healthcare,pharmaceuticals - indian - bulk drugs,,0.12,-0.06,,,,,10.14,,,,,,,,,,,,,,,,2026-09-11,986.17,918.0,0.83,74.09,23.39,9.38,960.94,921.7,-0.68,,,,,,,,,,
2026-09-11T22:37:54.325,TEGA,,,1729.1,0.44,,1572.8,1963.55,-37.69,454.25,industrials,engineering,,-0.1,-0.13,,,,,9.94,,,,,,,,,,,,,,,,2026-09-11,1643.46,1540.1,1.32,61.2,16.89,-3.68,1575.31,1472.87,-3.58,,,,,,,,,,
2026-09-11T22:37:54.325,HBLENGINE,,,722.2,0.18,,677.21,789.68,45.71,25.58,auto,auto ancillaries,,0.01,-0.25,,,,,6.64,,,,,,,,,,,,,,,,2026-09-11,691.14,690.15,0.8,57.48,26.31,-6.47,669.48,632.44,-3.64,,,,,,,,,,
2026-09-11T22:37:54.325,UTIAMC,,,910.0,-1.24,,876.83,959.76,9.95,25.65,financials,finance & investments,,-0.12,-0.21,,,,,3.78,,,,,,,,,,,,,,,,2026-09-11,881.36,879.0,0.5,55.05,15.69,-17.19,876.35,861.12,-7.06,,,,,,,,,,
2026-09-11T22:37:54.325,PINELABS,,,202.17,16.75,,164.32,258.95,297.31,153.25,i.t,miscellaneous,,0.17,-0.17,,,,,23.04,,,,,,,,,,,,,,,,2026-09-11,167.54,162.35,10.73,74.97,23.89,-2.87,176.96,162.27,NaN,,,,,,,,,,
2026-09-11T22:37:54.325,EMMVEE,,,346.0,0.98,,323.57,379.65,15.76,17.77,industrials,electric equipment,,0.59,0.83,,,,,6.93,,,,,,,,,,,,,,,,2026-09-11,326.24,320.25,1.49,65.41,19.46,67.92,322.66,307.36,NaN,,,,,,,,,,
2026-09-11T22:37:54.325,PWL,,,136.1,7.39,,119.95,160.32,-126.02,1056.08,services,miscellaneous,,0.49,0.01,,,,,13.46,,,,,,,,,,,,,,,,2026-09-11,122.86,123.57,2.68,64.65,17.06,27.01,123.71,115.44,NaN,,,,,,,,,,
2026-09-11T22:37:54.325,MEESHO,,,217.08,-0.38,,211.46,225.51,-193.82,-79.24,transportation,miscellaneous,,0.45,0.09,,,,,2.66,,,,,,,,,,,,,,,,2026-09-11,210.21,205.75,2.03,69.92,27.23,40.72,201.87,196.48,NaN,,,,,,,,,,
2026-09-02T15:29:00.359,CHENNPETRO,,,1414.7,2.0,,1375.72,1473.17,5.11,4.95,energy,refineries,,0.3,0.5,,,,,2.83,,,,,,,,,,,,,,,,2026-09-02,1354.85,1325.1,0.82,59.75,26.58,63.74,1308.41,1237.49,26.2,,,,,,,,,,
2026-09-02T15:29:00.359,MCX,,,3291.9,-0.34,,3317.74,3253.14,50.77,21.4,financials,miscellaneous,,0.22,0.59,,,,,-0.78,,,,,,,,,,,,,,,,2026-09-02,3192.84,3245.0,0.9,64.02,37.0,41.82,3089.17,2978.23,25.43,,,,,,,,,,
2026-09-02T15:29:00.359,IFCI,,,98.38,12.74,,85.45,117.77,204.96,136.34,financials,finance - term-lending institutions,,0.68,1.02,,,,,15.13,,,,,,,,,,,,,,,,2026-09-02,85.27,83.36,11.55,77.53,31.54,76.59,86.98,79.55,22.09,,,,,,,,,,
2026-09-02T15:29:00.359,SAILIFE,,,1593.7,4.98,,1476.48,1769.52,115.15,88.42,healthcare,pharmaceuticals - indian - bulk drugs & formln,,0.46,0.75,,,,,7.94,,,,,,,,,,,,,,,,2026-09-02,1478.82,1453.2,4.92,73.57,32.26,89.77,1480.16,1396.01,20.93,,,,,,,,,,
2026-09-02T15:29:00.359,WELSPUNLIV,,,199.79,0.7,,192.08,211.36,29.55,65.05,textiles,textiles - products,,0.54,0.44,,,,,4.02,,,,,,,,,,,,,,,,2026-09-02,191.69,187.31,0.59,76.66,45.69,63.7,185.89,176.64,17.58,,,,,,,,,,
2026-09-02T15:29:00.359,JINDALSAW,,,309.85,0.03,,295.44,331.46,47.52,30.22,industrials,steel - large,,0.69,0.86,,,,,4.88,,,,,,,,,,,,,,,,2026-09-02,298.12,301.25,0.91,71.58,33.52,75.17,285.5,270.74,15.28,,,,,,,,,,
2026-09-02T15:29:00.359,SAIL,,,195.5,1.3,,186.44,209.09,12.28,18.67,metals & mining,steel - large,,0.16,0.45,,,,,4.86,,,,,,,,,,,,,,,,2026-09-02,186.46,187.5,0.95,66.3,22.25,31.61,179.53,170.44,14.48,,,,,,,,,,
2026-09-02T15:29:00.359,ANANDRATHI,,,2202.9,0.27,,2194.0,2216.25,56.08,47.37,financials,finance & investments,,0.29,0.42,,,,,0.41,,,,,,,,,,,,,,,,2026-09-02,2138.36,2169.2,0.52,64.22,36.92,53.5,2121.28,2069.17,13.98,,,,,,,,,,
2026-09-02T15:29:00.359,PTCIL,,,22785.0,0.13,,21434.55,24810.68,292.57,271.6,industrials,castings & forgings,,0.17,0.26,,,,,6.3,,,,,,,,,,,,,,,,2026-09-02,21888.3,20429.0,1.16,73.13,49.86,26.72,20879.54,19645.45,13.97,,,,,,,,,,
2026-09-02T15:29:00.359,KARURVYSYA,,,347.25,-0.1,,338.98,359.66,11.1,12.24,bank,banks - private sector,,0.03,0.34,,,,,2.44,,,,,,,,,,,,,,,,2026-09-02,338.1,344.45,0.3,61.15,26.96,17.58,332.08,323.31,13.76,,,,,,,,,,
2026-09-02T15:29:00.359,DIVISLAB,,,9279.0,1.24,,9035.25,9644.62,68.33,83.16,healthcare,pharmaceuticals - indian - bulk drugs,,0.35,0.43,,,,,2.7,,,,,,,,,,,,,,,,2026-09-02,8922.41,9035.0,0.8,71.83,66.16,55.89,8815.96,8488.69,12.17,,,,,,,,,,
2026-09-02T15:29:00.359,ACMESOLAR,,,399.55,-1.03,,390.61,412.96,26.92,41.24,realty,engineering - turnkey services,,0.64,0.64,,,,,2.29,,,,,,,,,,,,,,,,2026-09-02,383.28,376.3,1.16,58.95,18.13,84.15,364.14,349.17,11.46,,,,,,,,,,
2026-09-02T15:29:00.359,SOLARINDS,,,20520.0,2.29,,20198.51,21002.23,71.14,91.16,aerospace & defence,chemicals,,0.3,0.68,,,,,1.59,,,,,,,,,,,,,,,,2026-09-02,19413.8,19810.0,1.0,63.98,18.08,55.47,19472.78,18777.37,11.41,,,,,,,,,,
2026-09-02T15:29:00.359,CGCL,,,256.8,2.35,,237.61,285.59,17.49,21.41,financials,finance & investments,,0.56,0.39,,,,,8.08,,,,,,,,,,,,,,,,2026-09-02,244.02,242.3,0.61,61.5,30.97,52.03,231.47,214.66,8.81,,,,,,,,,,
2026-09-02T15:29:00.359,CAPLIPOINT,,,2720.7,0.35,,2480.42,3081.12,29.23,30.97,healthcare,pharmaceuticals - indian - formulations,,0.52,0.39,,,,,9.69,,,,,,,,,,,,,,,,2026-09-02,2597.0,2492.2,2.41,64.21,18.13,51.17,2515.57,2376.83,8.38,,,,,,,,,,
2026-09-02T15:29:00.359,GLENMARK,,,2468.0,-0.1,,2419.19,2541.21,36.06,38.78,healthcare,pharmaceuticals - indian - bulk drugs & formln,,0.12,0.22,,,,,2.02,,,,,,,,,,,,,,,,2026-09-02,2371.6,2420.0,0.93,65.68,23.0,28.54,2341.3,2255.17,6.55,,,,,,,,,,
2026-09-02T15:29:00.359,OIL,,,498.0,1.63,,477.5,528.74,5.58,9.54,energy,oil drilling / allied services,,-0.07,0.21,,,,,4.29,,,,,,,,,,,,,,,,2026-09-02,474.47,465.1,1.31,68.56,26.57,3.1,471.36,452.88,5.79,,,,,,,,,,
2026-09-02T15:29:00.359,ANTHEM,,,935.0,1.14,,905.69,978.97,109.74,90.2,healthcare,pharmaceuticals - indian - bulk drugs & formln,,0.29,0.36,,,,,3.24,,,,,,,,,,,,,,,,2026-09-02,897.34,888.0,1.92,68.19,39.93,57.89,870.9,840.62,4.67,,,,,,,,,,
2026-09-02T15:29:00.359,KPRMILL,,,1168.5,0.86,,1133.2,1221.46,38.64,43.41,consumer discretionary,textiles - products,,0.26,0.17,,,,,3.12,,,,,,,,,,,,,,,,2026-09-02,1110.63,1100.6,0.46,60.92,26.28,36.09,1085.48,1037.61,4.41,,,,,,,,,,
2026-09-02T15:29:00.359,NSLNISP,,,45.76,0.33,,42.05,51.32,60.21,147.13,metals & mining,steel - large,,0.1,0.11,,,,,8.82,,,,,,,,,,,,,,,,2026-09-02,44.21,41.19,1.47,57.61,25.05,9.47,41.22,39.3,4.29,,,,,,,,,,
2026-09-02T15:29:00.359,JINDALSTEL,,,1157.1,-0.25,,1152.61,1163.84,34.85,43.41,metals & mining,steel - large,,-0.09,0.12,,,,,0.39,,,,,,,,,,,,,,,,2026-09-02,1118.18,1141.0,0.65,58.03,29.81,2.84,1096.55,1059.33,4.05,,,,,,,,,,
2026-09-02T15:29:00.359,PPLPHARMA,,,213.99,0.37,,212.43,216.33,-102.88,-89.96,healthcare,pharmaceuticals - indian - bulk drugs & formln,,0.29,0.23,,,,,0.74,,,,,,,,,,,,,,,,2026-09-02,207.13,210.5,0.44,59.64,35.12,38.05,200.7,194.56,3.53,,,,,,,,,,
2026-09-02T15:29:00.359,MOTILALOFS,,,1025.0,0.89,,1020.29,1032.06,12.12,30.86,financials,finance & investments,,0.34,0.19,,,,,0.46,,,,,,,,,,,,,,,,2026-09-02,973.34,993.2,0.85,66.6,38.06,37.57,963.6,917.54,3.36,,,,,,,,,,
2026-09-02T15:29:00.359,BEML,,,2034.9,3.28,,1960.39,2146.67,-157.01,81.01,aerospace & defence,engineering,,0.17,0.17,,,,,3.8,,,,,,,,,,,,,,,,2026-09-02,1916.0,1909.0,2.57,66.33,28.32,17.22,1906.57,1823.23,1.68,,,,,,,,,,
2026-09-02T15:29:00.359,KOTAKBANK,,,423.3,-0.4,,410.44,442.59,19.21,7.3,bank,banks - private sector,,-0.03,-0.06,,,,,3.13,,,,,,,,,,,,,,,,2026-09-02,410.57,415.0,0.65,69.29,43.74,3.92,407.4,397.92,1.58,,,,,,,,,,
2026-09-02T15:29:00.359,POLICYBZR,,,1855.0,1.41,,1836.27,1883.1,131.37,112.7,i.t,miscellaneous,,0.15,0.02,,,,,1.02,,,,,,,,,,,,,,,,2026-09-02,1773.8,1796.4,0.32,66.23,48.34,18.68,1749.24,1674.93,0.56,,,,,,,,,,
2026-09-02T15:29:00.359,SAGILITY,,,46.75,0.65,,43.69,51.33,25.41,21.91,i.t,computers - software - medium / small,,0.04,-0.11,,,,,6.99,,,,,,,,,,,,,,,,2026-09-02,44.9,43.9,0.62,68.69,28.35,-4.1,43.89,41.98,0.34,,,,,,,,,,
2026-09-02T15:29:00.359,SPLPETRO,,,719.45,0.13,,690.17,763.36,14.25,27.86,energy,petrochemicals,,0.01,0.09,,,,,4.24,,,,,,,,,,,,,,,,2026-09-02,699.13,691.0,0.45,53.06,11.11,23.3,677.26,650.42,-0.83,,,,,,,,,,
2026-09-02T15:29:00.359,TEJASNET,,,551.2,1.72,,512.9,608.66,-12.12,-10.47,telecom,telecommunications - equipment,,0.02,0.18,,,,,7.47,,,,,,,,,,,,,,,,2026-09-02,521.36,504.9,0.71,58.33,18.45,67.94,501.83,465.61,-0.92,,,,,,,,,,
2026-09-02T15:29:00.359,LICHSGFIN,,,536.6,0.32,,507.86,579.71,4.92,5.13,financials,finance - housing,,-0.05,-0.01,,,,,5.66,,,,,,,,,,,,,,,,2026-09-02,514.75,523.4,1.38,59.51,24.88,8.26,508.63,493.21,-0.97,,,,,,,,,,
2026-09-02T15:29:00.359,ECLERX,,,2003.0,1.48,,1856.87,2222.19,28.04,16.71,i.t,computers - software - medium / small,,0.15,-0.13,,,,,7.87,,,,,,,,,,,,,,,,2026-09-02,1890.81,1892.3,0.62,66.07,24.83,-17.26,1834.53,1725.18,-2.14,,,,,,,,,,
2026-09-02T15:29:00.359,URBANCO,,,173.25,3.35,,165.0,185.63,-72.19,-75.51,i.t,miscellaneous,,0.5,0.37,,,,,5.0,,,,,,,,,,,,,,,,2026-09-02,163.07,164.06,0.68,78.2,57.63,42.64,158.51,148.05,NaN,,,,,,,,,,
2026-09-02T15:29:00.359,LENSKART,,,670.0,0.94,,657.39,688.91,130.86,173.3,fmcg,personal care - indian,,0.18,0.6,,,,,1.92,,,,,,,,,,,,,,,,2026-09-02,649.79,626.15,1.01,74.78,57.25,50.88,624.04,597.98,NaN,,,,,,,,,,
2026-09-02T15:29:00.359,MEESHO,,,211.75,3.22,,205.15,221.65,-189.06,-74.6,i.t,miscellaneous,,0.3,-0.05,,,,,3.22,,,,,,,,,,,,,,,,2026-09-02,200.51,201.51,1.56,67.85,22.5,34.99,196.09,186.55,NaN,,,,,,,,,,
2026-06-12T07:09:40.661,SYRMA,,,1235.6,0.8,,1176.2,1324.7,58.39,73.33,consumer discretionary,electronics - components,,0.5,0.46,,,,,5.05,,,,,,,,,,,,,,,,2026-06-12,1195.7,1180.4,1.04,70.72,45.51,52.97,1125.98,1099.06,29.05,,,,,,,,,,
2026-06-12T07:09:40.661,APARINDS,,,14551.0,3.31,,13317.23,16401.65,57.66,59.83,industrials,electric equipment,,0.53,0.62,,,,,9.26,,,,,,,,,,,,,,,,2026-06-12,13744.5,13208.0,3.09,68.35,36.42,75.74,13188.72,12586.0,20.67,,,,,,,,,,
2026-06-12T07:09:40.661,RBLBANK,,,359.1,0.6,,346.19,378.46,22.67,25.04,bank,banks - private sector,,0.09,0.29,,,,,3.73,,,,,,,,,,,,,,,,2026-06-12,345.74,343.3,1.11,62.15,21.86,11.11,336.1,326.16,15.34,,,,,,,,,,
2026-06-12T07:09:40.661,SAILIFE,,,1181.2,-0.58,,1160.44,1212.33,59.9,71.11,healthcare,pharmaceuticals - indian - bulk drugs & formln,,0.23,0.28,,,,,1.79,,,,,,,,,,,,,,,,2026-06-12,1154.15,1157.0,0.32,58.66,17.9,30.32,1090.68,1046.59,14.29,,,,,,,,,,
2026-06-12T07:09:40.661,WELCORP,,,1389.4,1.39,,1367.25,1422.63,24.74,22.69,industrials,steel - large,,0.59,0.52,,,,,1.62,,,,,,,,,,,,,,,,2026-06-12,1334.96,1320.0,0.46,60.51,38.3,52.27,1279.9,1206.28,13.78,,,,,,,,,,
2026-06-12T07:09:40.661,FEDERALBNK,,,309.75,-0.43,,297.85,327.6,14.23,17.53,bank,banks - private sector,,0.09,0.53,,,,,4.0,,,,,,,,,,,,,,,,2026-06-12,300.91,295.75,0.57,66.37,22.3,30.19,293.94,284.02,11.96,,,,,,,,,,
2026-06-12T07:09:40.661,TORNTPHARM,,,4572.2,2.43,,4370.3,4875.04,99.31,71.43,healthcare,pharmaceuticals - indian - formulations,,0.12,0.21,,,,,4.62,,,,,,,,,,,,,,,,2026-06-12,4342.48,4323.0,1.84,61.6,20.27,19.78,4305.37,4144.55,10.4,,,,,,,,,,
2026-06-12T07:09:40.661,GLAND,,,2306.5,1.71,,2328.46,2273.56,25.9,36.99,healthcare,pharmaceuticals - indian - formulations,,0.24,0.11,,,,,-0.94,,,,,,,,,,,,,,,,2026-06-12,2171.09,2196.0,5.0,65.23,35.94,22.65,2099.07,2032.0,9.68,,,,,,,,,,
2026-06-12T07:09:40.661,JBCHEPHARM,,,2252.7,2.33,,2151.32,2404.77,88.69,49.77,healthcare,pharmaceuticals - indian - bulk drugs & formln,,0.15,0.26,,,,,4.71,,,,,,,,,,,,,,,,2026-06-12,2137.48,2124.9,1.24,65.64,28.08,24.27,2117.21,2036.79,7.96,,,,,,,,,,
2026-06-12T07:09:40.661,AUROPHARMA,,,1464.1,0.72,,1424.06,1524.16,23.08,24.26,healthcare,pharmaceuticals - indian - bulk drugs & formln,,0.16,0.28,,,,,2.81,,,,,,,,,,,,,,,,2026-06-12,1427.96,1437.1,0.43,54.32,15.91,26.84,1397.72,1357.54,7.59,,,,,,,,,,
2026-06-12T07:09:40.661,WOCKPHARMA,,,1923.8,4.95,,1949.33,1885.51,47.01,146.63,healthcare,pharmaceuticals - indian - bulk drugs & formln,,0.34,0.26,,,,,-1.31,,,,,,,,,,,,,,,,2026-06-12,1798.4,1820.0,1.24,59.35,42.05,41.36,1652.73,1484.62,7.46,,,,,,,,,,
2026-06-12T07:09:40.661,FORTIS,,,989.0,0.0,,945.77,1053.84,70.24,71.67,healthcare,healthcare,,0.06,-0.01,,,,,4.57,,,,,,,,,,,,,,,,2026-06-12,958.24,941.55,0.53,64.77,21.17,-0.3,936.28,906.24,7.03,,,,,,,,,,
2026-06-12T07:09:40.661,AJANTPHARM,,,3143.4,2.23,,2921.19,3476.72,36.81,37.19,healthcare,pharmaceuticals - indian - formulations,,0.11,0.19,,,,,7.61,,,,,,,,,,,,,,,,2026-06-12,3000.56,2900.0,1.54,61.73,18.88,24.32,2931.38,2787.36,5.4,,,,,,,,,,
2026-06-12T07:09:40.661,APOLLOHOSP,,,8493.0,0.05,,8306.04,8773.44,57.67,62.89,healthcare,healthcare,,0.1,0.07,,,,,2.25,,,,,,,,,,,,,,,,2026-06-12,8256.5,8211.0,0.69,66.79,16.64,12.8,8161.56,7950.98,5.35,,,,,,,,,,
2026-06-12T07:09:40.661,AEGISLOG,,,925.9,15.59,,763.18,1169.98,19.8,36.18,services,trading,,0.13,0.14,,,,,21.32,,,,,,,,,,,,,,,,2026-06-12,784.15,750.2,21.55,80.54,34.29,20.4,814.67,765.34,4.74,,,,,,,,,,
2026-06-12T07:09:40.661,ZYDUSLIFE,,,1105.9,0.69,,1106.24,1105.39,21.86,22.07,healthcare,pharmaceuticals - indian - bulk drugs & formln,,0.11,0.02,,,,,-0.03,,,,,,,,,,,,,,,,2026-06-12,1069.38,1076.2,0.49,71.68,51.67,16.66,1054.54,1020.52,4.35,,,,,,,,,,
2026-06-12T07:09:40.661,AXISBANK,,,1317.3,0.21,,1262.31,1399.79,13.46,15.49,bank,banks - private sector,,-0.05,0.09,,,,,4.36,,,,,,,,,,,,,,,,2026-06-12,1281.15,1252.1,1.06,60.11,15.36,8.3,1258.52,1236.63,3.52,,,,,,,,,,
2026-06-12T07:09:40.661,CAPLIPOINT,,,2331.0,0.94,,2098.87,2679.19,26.04,27.63,healthcare,pharmaceuticals - indian - formulations,,0.13,0.0,,,,,11.06,,,,,,,,,,,,,,,,2026-06-12,2245.28,2001.5,1.49,80.99,45.12,19.97,2124.12,2012.97,2.18,,,,,,,,,,
2026-06-12T07:09:40.661,IDFCFIRSTB,,,72.95,-0.06,,71.42,75.25,47.99,38.6,bank,banks - private sector,,-0.17,0.0,,,,,2.15,,,,,,,,,,,,,,,,2026-06-12,70.78,71.1,0.83,63.12,20.04,-9.85,69.46,67.44,1.7,,,,,,,,,,
2026-06-12T07:09:40.661,DEEPAKFERT,,,1501.6,0.45,,1450.37,1578.44,34.0,25.71,chemicals,chemicals,,0.11,-0.04,,,,,3.53,,,,,,,,,,,,,,,,2026-06-12,1438.64,1398.6,0.69,68.46,30.7,7.98,1373.43,1315.6,-0.51,,,,,,,,,,
2026-06-12T07:09:40.661,KOTAKBANK,,,393.35,1.35,,377.44,417.21,18.04,5.23,bank,banks - private sector,,-0.15,-0.07,,,,,4.21,,,,,,,,,,,,,,,,2026-06-12,376.86,372.7,0.83,60.67,13.9,-5.97,374.32,366.59,-0.83,,,,,,,,,,
2026-06-12T07:09:40.661,JSWDULUX,,,3187.8,0.38,,3068.94,3366.08,28.88,7.36,building materials,paints / varnishes,,-0.18,-0.09,,,,,3.87,,,,,,,,,,,,,,,,2026-06-12,3087.0,3066.1,1.06,64.01,34.07,-3.36,2960.42,2889.09,-0.98,,,,,,,,,,
2026-06-12T07:09:40.661,KPRMILL,,,1054.7,0.88,,1028.73,1093.65,39.65,41.61,consumer discretionary,textiles - products,,-0.01,-0.09,,,,,2.52,,,,,,,,,,,,,,,,2026-06-12,1015.82,1019.3,0.66,63.17,32.57,1.15,968.95,919.44,-1.02,,,,,,,,,,
2026-06-12T07:09:40.661,BALRAMCHIN,,,548.55,2.24,,524.14,585.17,17.36,29.27,fmcg,sugar,,0.21,0.07,,,,,4.66,,,,,,,,,,,,,,,,2026-06-12,527.24,523.5,1.17,58.54,23.22,19.08,511.65,487.18,-1.42,,,,,,,,,,
2026-06-12T07:09:40.661,ICICIBANK,,,1317.0,1.83,,1243.23,1427.66,15.97,17.35,bank,banks - private sector,,-0.12,-0.09,,,,,5.93,,,,,,,,,,,,,,,,2026-06-12,1260.77,1243.1,1.84,62.21,14.11,-2.3,1255.99,1226.24,-1.86,,,,,,,,,,
2026-06-12T07:09:40.661,ZEEL,,,111.45,8.28,,99.16,129.89,-25.8,39.38,media,entertainment / electronic media software,,0.11,-0.09,,,,,12.4,,,,,,,,,,,,,,,,2026-06-12,100.89,102.25,4.35,67.18,33.15,14.35,96.29,86.36,-2.52,,,,,,,,,,
2026-06-12T07:09:40.661,BIKAJI,,,671.65,0.22,,638.76,720.99,74.63,65.21,fmcg,food - processing - indian,,-0.12,-0.16,,,,,5.15,,,,,,,,,,,,,,,,2026-06-12,648.32,640.1,1.01,56.49,12.05,-4.95,635.03,615.61,-2.93,,,,,,,,,,
2026-06-12T07:09:40.661,TEJASNET,,,573.5,4.12,,545.94,614.84,-12.05,-11.17,telecom,telecommunications - equipment,,0.12,-0.07,,,,,5.05,,,,,,,,,,,,,,,,2026-06-12,530.28,525.6,1.93,64.99,36.13,13.44,497.61,451.89,-3.84,,,,,,,,,,
2026-06-12T07:09:40.661,SAREGAMA,,,452.3,3.25,,456.0,446.75,29.29,42.23,media,entertainment / electronic media software,,0.15,-0.09,,,,,-0.81,,,,,,,,,,,,,,,,2026-06-12,424.58,433.25,0.28,62.17,55.35,8.12,405.82,375.87,-4.09,,,,,,,,,,
2026-06-12T07:09:40.661,INDIGO,,,4502.4,-0.5,,4429.3,4612.04,-17.15,-72.76,transportation,transport - airlines,,-0.17,-0.24,,,,,1.65,,,,,,,,,,,,,,,,2026-06-12,4380.6,4350.0,0.43,53.34,13.34,-19.43,4270.05,4143.39,-4.37,,,,,,,,,,
2026-06-12T07:09:40.661,CONCORDBIO,,,1343.3,0.95,,1167.47,1607.04,39.7,54.21,healthcare,pharmaceuticals - indian - bulk drugs & formln,,-0.11,-0.2,,,,,15.06,,,,,,,,,,,,,,,,2026-06-12,1271.75,1190.0,0.69,69.81,21.67,-6.6,1209.87,1115.51,-6.51,,,,,,,,,,
2026-06-12T07:09:40.661,BLUEJET,,,498.45,6.11,,449.14,572.42,33.59,34.86,healthcare,pharmaceuticals - indian - bulk drugs & formln,,-0.16,-0.29,,,,,10.98,,,,,,,,,,,,,,,,2026-06-12,456.44,447.35,8.07,62.35,24.11,-15.43,440.97,416.1,-10.18,,,,,,,,,,
2026-06-12T07:09:40.661,TATACAP,,,321.35,0.02,,304.65,346.4,22.69,27.42,financials,finance & investments,,-0.09,NaN,,,,,5.48,,,,,,,,,,,,,,,,2026-06-12,311.74,308.5,0.54,56.82,15.69,-0.92,304.96,294.77,NaN,,,,,,,,,,
2026-06-12T07:09:40.661,HEALTHCARE,,,20.07,0.5,,19.76,20.53,NaN,0.0,indices,indices,,NaN,NaN,,,,,1.56,,,,,,,,,,,,,,,,2026-06-12,19.56,19.0,0.26,59.67,43.57,NaN,19.23,18.67,NaN,,,,,,,,,,
2026-06-11T22:26:00.521,SYRMA,,,1235.6,0.8,,1176.2,1324.7,58.39,72.75,consumer discretionary,electronics - components,,0.5,0.46,,,,,5.05,,,,,,,,,,,,,,,,2026-06-11,1195.7,1180.4,1.04,70.72,45.51,52.97,1125.98,1099.06,29.05,,,,,,,,,,
2026-06-11T22:26:00.521,APARINDS,,,14551.0,3.31,,13317.23,16401.65,57.66,57.91,industrials,electric equipment,,0.53,0.62,,,,,9.26,,,,,,,,,,,,,,,,2026-06-11,13744.5,13208.0,3.09,68.35,36.42,75.74,13188.72,12586.0,20.67,,,,,,,,,,
2026-06-11T22:26:00.521,RBLBANK,,,359.1,0.6,,346.19,378.46,22.67,24.89,bank,banks - private sector,,0.09,0.29,,,,,3.73,,,,,,,,,,,,,,,,2026-06-11,345.74,343.3,1.11,62.15,21.86,11.11,336.1,326.16,15.34,,,,,,,,,,
2026-06-11T22:26:00.521,SAILIFE,,,1181.2,-0.58,,1160.44,1212.33,59.9,71.53,healthcare,pharmaceuticals - indian - bulk drugs & formln,,0.23,0.28,,,,,1.79,,,,,,,,,,,,,,,,2026-06-11,1154.15,1157.0,0.32,58.66,17.9,30.32,1090.68,1046.59,14.29,,,,,,,,,,
2026-06-11T22:26:00.521,WELCORP,,,1389.4,1.39,,1367.25,1422.63,24.74,22.38,industrials,steel - large,,0.59,0.52,,,,,1.62,,,,,,,,,,,,,,,,2026-06-11,1334.96,1320.0,0.46,60.51,38.3,52.27,1279.9,1206.28,13.78,,,,,,,,,,
2026-06-11T22:26:00.521,FEDERALBNK,,,309.75,-0.43,,297.85,327.6,14.23,17.61,bank,banks - private sector,,0.09,0.53,,,,,4.0,,,,,,,,,,,,,,,,2026-06-11,300.91,295.75,0.57,66.37,22.3,30.19,293.94,284.02,11.96,,,,,,,,,,
2026-06-11T22:26:00.521,TORNTPHARM,,,4572.2,2.43,,4370.3,4875.04,99.31,69.73,healthcare,pharmaceuticals - indian - formulations,,0.12,0.21,,,,,4.62,,,,,,,,,,,,,,,,2026-06-11,4342.48,4323.0,1.84,61.6,20.27,19.78,4305.37,4144.55,10.4,,,,,,,,,,
2026-06-11T22:26:00.521,GLAND,,,2306.5,1.71,,2328.46,2273.56,25.9,36.37,healthcare,pharmaceuticals - indian - formulations,,0.24,0.11,,,,,-0.94,,,,,,,,,,,,,,,,2026-06-11,2171.09,2196.0,5.0,65.23,35.94,22.65,2099.07,2032.0,9.68,,,,,,,,,,
2026-06-11T22:26:00.521,JBCHEPHARM,,,2252.7,2.33,,2151.32,2404.77,88.69,48.64,healthcare,pharmaceuticals - indian - bulk drugs & formln,,0.15,0.26,,,,,4.71,,,,,,,,,,,,,,,,2026-06-11,2137.48,2124.9,1.24,65.64,28.08,24.27,2117.21,2036.79,7.96,,,,,,,,,,
2026-06-11T22:26:00.521,AUROPHARMA,,,1464.1,0.72,,1424.06,1524.16,23.08,24.09,healthcare,pharmaceuticals - indian - bulk drugs & formln,,0.16,0.28,,,,,2.81,,,,,,,,,,,,,,,,2026-06-11,1427.96,1437.1,0.43,54.32,15.91,26.84,1397.72,1357.54,7.59,,,,,,,,,,
2026-06-11T22:26:00.521,WOCKPHARMA,,,1923.8,4.95,,1949.33,1885.51,47.01,139.71,healthcare,pharmaceuticals - indian - bulk drugs & formln,,0.34,0.26,,,,,-1.31,,,,,,,,,,,,,,,,2026-06-11,1798.4,1820.0,1.24,59.35,42.05,41.36,1652.73,1484.62,7.46,,,,,,,,,,
2026-06-11T22:26:00.521,FORTIS,,,989.0,0.0,,945.77,1053.84,70.24,71.67,healthcare,healthcare,,0.06,-0.01,,,,,4.57,,,,,,,,,,,,,,,,2026-06-11,958.24,941.55,0.53,64.77,21.17,-0.3,936.28,906.24,7.03,,,,,,,,,,
2026-06-11T22:26:00.521,AJANTPHARM,,,3143.4,2.23,,2921.19,3476.72,36.81,36.38,healthcare,pharmaceuticals - indian - formulations,,0.11,0.19,,,,,7.61,,,,,,,,,,,,,,,,2026-06-11,3000.56,2900.0,1.54,61.73,18.88,24.32,2931.38,2787.36,5.4,,,,,,,,,,
2026-06-11T22:26:00.521,APOLLOHOSP,,,8493.0,0.05,,8306.04,8773.44,57.67,62.85,healthcare,healthcare,,0.1,0.07,,,,,2.25,,,,,,,,,,,,,,,,2026-06-11,8256.5,8211.0,0.69,66.79,16.64,12.8,8161.56,7950.98,5.35,,,,,,,,,,
2026-06-11T22:26:00.521,AEGISLOG,,,925.9,15.59,,763.18,1169.98,19.8,31.3,services,trading,,0.13,0.14,,,,,21.32,,,,,,,,,,,,,,,,2026-06-11,784.15,750.2,21.55,80.54,34.29,20.4,814.67,765.34,4.74,,,,,,,,,,
2026-06-11T22:26:00.521,ZYDUSLIFE,,,1105.9,0.69,,1106.24,1105.39,21.86,21.92,healthcare,pharmaceuticals - indian - bulk drugs & formln,,0.11,0.02,,,,,-0.03,,,,,,,,,,,,,,,,2026-06-11,1069.38,1076.2,0.49,71.68,51.67,16.66,1054.54,1020.52,4.35,,,,,,,,,,
2026-06-11T22:26:00.521,AXISBANK,,,1317.3,0.21,,1262.31,1399.79,13.46,15.46,bank,banks - private sector,,-0.05,0.09,,,,,4.36,,,,,,,,,,,,,,,,2026-06-11,1281.15,1252.1,1.06,60.11,15.36,8.3,1258.52,1236.63,3.52,,,,,,,,,,
2026-06-11T22:26:00.521,CAPLIPOINT,,,2331.0,0.94,,2098.87,2679.19,26.04,27.38,healthcare,pharmaceuticals - indian - formulations,,0.13,0.0,,,,,11.06,,,,,,,,,,,,,,,,2026-06-11,2245.28,2001.5,1.49,80.99,45.12,19.97,2124.12,2012.97,2.18,,,,,,,,,,
2026-06-11T22:26:00.521,IDFCFIRSTB,,,72.95,-0.06,,71.42,75.25,47.99,38.62,bank,banks - private sector,,-0.17,0.0,,,,,2.15,,,,,,,,,,,,,,,,2026-06-11,70.78,71.1,0.83,63.12,20.04,-9.85,69.46,67.44,1.7,,,,,,,,,,
2026-06-11T22:26:00.521,DEEPAKFERT,,,1501.6,0.45,,1450.37,1578.44,34.0,25.6,chemicals,chemicals,,0.11,-0.04,,,,,3.53,,,,,,,,,,,,,,,,2026-06-11,1438.64,1398.6,0.69,68.46,30.7,7.98,1373.43,1315.6,-0.51,,,,,,,,,,
2026-06-11T22:26:00.521,KOTAKBANK,,,393.35,1.35,,377.44,417.21,18.04,5.16,bank,banks - private sector,,-0.15,-0.07,,,,,4.21,,,,,,,,,,,,,,,,2026-06-11,376.86,372.7,0.83,60.67,13.9,-5.97,374.32,366.59,-0.83,,,,,,,,,,
2026-06-11T22:26:00.521,JSWDULUX,,,3187.8,0.38,,3068.94,3366.08,28.88,7.33,building materials,paints / varnishes,,-0.18,-0.09,,,,,3.87,,,,,,,,,,,,,,,,2026-06-11,3087.0,3066.1,1.06,64.01,34.07,-3.36,2960.42,2889.09,-0.98,,,,,,,,,,
2026-06-11T22:26:00.521,KPRMILL,,,1054.7,0.88,,1028.73,1093.65,39.65,41.24,consumer discretionary,textiles - products,,-0.01,-0.09,,,,,2.52,,,,,,,,,,,,,,,,2026-06-11,1015.82,1019.3,0.66,63.17,32.57,1.15,968.95,919.44,-1.02,,,,,,,,,,
2026-06-11T22:26:00.521,BALRAMCHIN,,,548.55,2.24,,524.14,585.17,17.36,28.63,fmcg,sugar,,0.21,0.07,,,,,4.66,,,,,,,,,,,,,,,,2026-06-11,527.24,523.5,1.17,58.54,23.22,19.08,511.65,487.18,-1.42,,,,,,,,,,
2026-06-11T22:26:00.521,ICICIBANK,,,1317.0,1.83,,1243.23,1427.66,15.97,17.04,bank,banks - private sector,,-0.12,-0.09,,,,,5.93,,,,,,,,,,,,,,,,2026-06-11,1260.77,1243.1,1.84,62.21,14.11,-2.3,1255.99,1226.24,-1.86,,,,,,,,,,
2026-06-11T22:26:00.521,ZEEL,,,111.45,8.28,,99.16,129.89,-25.8,36.37,media,entertainment / electronic media software,,0.11,-0.09,,,,,12.4,,,,,,,,,,,,,,,,2026-06-11,100.89,102.25,4.35,67.18,33.15,14.35,96.29,86.36,-2.52,,,,,,,,,,
2026-06-11T22:26:00.521,BIKAJI,,,671.65,0.22,,638.76,720.99,74.63,65.06,fmcg,food - processing - indian,,-0.12,-0.16,,,,,5.15,,,,,,,,,,,,,,,,2026-06-11,648.32,640.1,1.01,56.49,12.05,-4.95,635.03,615.61,-2.93,,,,,,,,,,
2026-06-11T22:26:00.521,TEJASNET,,,573.5,4.12,,545.94,614.84,-12.05,-10.72,telecom,telecommunications - equipment,,0.12,-0.07,,,,,5.05,,,,,,,,,,,,,,,,2026-06-11,530.28,525.6,1.93,64.99,36.13,13.44,497.61,451.89,-3.84,,,,,,,,,,
2026-06-11T22:26:00.521,SAREGAMA,,,452.3,3.25,,456.0,446.75,29.29,40.9,media,entertainment / electronic media software,,0.15,-0.09,,,,,-0.81,,,,,,,,,,,,,,,,2026-06-11,424.58,433.25,0.28,62.17,55.35,8.12,405.82,375.87,-4.09,,,,,,,,,,
2026-06-11T22:26:00.521,INDIGO,,,4502.4,-0.5,,4429.3,4612.04,-17.15,-73.12,transportation,transport - airlines,,-0.17,-0.24,,,,,1.65,,,,,,,,,,,,,,,,2026-06-11,4380.6,4350.0,0.43,53.34,13.34,-19.43,4270.05,4143.39,-4.37,,,,,,,,,,
2026-06-11T22:26:00.521,CONCORDBIO,,,1343.3,0.95,,1167.47,1607.04,39.7,53.7,healthcare,pharmaceuticals - indian - bulk drugs & formln,,-0.11,-0.2,,,,,15.06,,,,,,,,,,,,,,,,2026-06-11,1271.75,1190.0,0.69,69.81,21.67,-6.6,1209.87,1115.51,-6.51,,,,,,,,,,
2026-06-11T22:26:00.521,BLUEJET,,,498.45,6.11,,449.14,572.42,33.59,32.85,healthcare,pharmaceuticals - indian - bulk drugs & formln,,-0.16,-0.29,,,,,10.98,,,,,,,,,,,,,,,,2026-06-11,456.44,447.35,8.07,62.35,24.11,-15.43,440.97,416.1,-10.18,,,,,,,,,,
2026-06-11T22:26:00.521,TATACAP,,,321.35,0.02,,304.65,346.4,22.69,27.41,financials,finance & investments,,-0.09,NaN,,,,,5.48,,,,,,,,,,,,,,,,2026-06-11,311.74,308.5,0.54,56.82,15.69,-0.92,304.96,294.77,NaN,,,,,,,,,,
2026-06-11T22:26:00.521,HEALTHCARE,,,20.07,0.5,,19.76,20.53,NaN,0.0,indices,indices,,NaN,NaN,,,,,1.56,,,,,,,,,,,,,,,,2026-06-11,19.56,19.0,0.26,59.67,43.57,NaN,19.23,18.67,NaN,,,,,,,,,,
2026-04-10T15:26:29.963,PAYTM,1126.0,1092.65,1125.2,2.48,1055.0,1000.92,1373.76,79.91,-406.65,i.t,miscellaneous,11.73,-0.17,-0.02,-0.18,-0.04,3.3,3.3,3.05,4.38,6.52,29.27,49.23,4.11,,0.6,77.06,70218.21,0.55,-0.77,0.61,66.12,6.39539256e8,639539256,2026-04-10,,,,,,,,,,,,,,,,,,,
2026-04-10T15:26:29.963,HBLENGINE,745.9,725.0,730.9,1.16,682.62,650.54,891.61,22.98,25.15,auto,auto ancillaries,11.78,-0.23,0.2,-0.26,0.19,5.5,5.5,2.88,4.43,4.92,23.0,32.38,4.36,,0.71,100.05,20028.72,1.55,-0.22,0.73,18.22,1.13342637e8,277194946,2026-04-10,,,,,,,,,,,,,,,,,,,
2026-04-10T15:26:29.963,GMRAIRPORT,96.0,94.39,95.22,0.73,89.92,86.64,112.39,198.38,-270.09,miscellaneous,miscellaneous,10.76,-0.03,0.0,-0.01,-0.0,2.21,2.21,1.71,3.69,1.46,0.66,3.51,3.67,,0.19,122.05,99814.0,1.68,1.06,0.19,23.63,3.564696146e9,10558975952,2026-04-10,,,,,,,,,,,,,,,,,,,
2026-04-10T15:26:29.963,BOSCHLTD,37670.0,36850.0,37245.0,1.29,35381.69,31184.2,49366.61,51.56,39.34,auto,auto ancillaries,21.85,-0.11,-0.05,-0.12,-0.06,5.15,5.15,2.23,3.92,8.74,3284.8,1459.21,3.55,,2.25,243.32,108448.11,2.11,-0.26,2.47,27.07,8.688416e6,29493640,2026-04-10,,,,,,,,,,,,,,,,,,,
2026-04-10T15:26:29.963,HDFCAMC,2626.2,2530.1,2613.8,3.93,2474.5,2276.03,3289.35,36.36,21.61,financials,finance & investments,12.23,-0.12,-0.09,-0.16,-0.13,5.39,5.39,3.8,3.97,7.51,50.02,103.69,3.6,,0.48,73.51,107719.59,2.13,1.35,0.49,80.72,2.03948832e8,428308492,2026-04-10,,,,,,,,,,,,,,,,,,,
2026-04-10T15:26:29.963,APOLLO,244.0,235.0,238.0,2.36,219.53,188.32,337.35,86.23,88.08,aerospace & defence,electronics - components,14.77,-0.34,0.34,-0.36,0.31,17.81,17.81,3.83,5.68,16.09,15.28,13.52,5.2,,1.13,365.63,8307.76,2.53,1.08,1.21,22.19,1.7156824e8,357292440,2026-04-10,,,,,,,,,,,,,,,,,,,
2026-04-10T15:26:29.963,ADANIPORTS,1478.1,1438.3,1474.6,1.88,1398.95,1329.22,1765.36,26.26,25.08,transportation,miscellaneous,8.88,-0.03,0.01,-0.05,-0.01,4.44,4.44,2.77,3.62,4.2,21.63,53.43,3.05,,0.41,131.44,333475.04,2.83,2.1,0.41,67.94,7.3676286e8,2303959098,2026-04-10,,,,,,,,,,,,,,,,,,,
2026-04-10T15:26:29.963,OLECTRA,1230.0,1134.4,1185.15,4.76,1098.7,1040.62,1474.22,52.44,64.94,auto,automobiles - lcvs / hcvs,5.95,-0.29,-0.25,-0.32,-0.29,14.95,14.95,8.43,5.54,12.16,169.41,65.71,5.98,,2.58,309.69,9285.79,3.75,0.46,3.01,77.23,4.1027737e7,82080737,2026-04-10,,,,,,,,,,,,,,,,,,,
2026-04-10T15:26:29.963,RPSGVENT,987.0,935.05,965.0,-0.18,863.68,924.89,1045.22,-7.16,-34.18,i.t,computers - software - medium / small,12.38,0.1,-0.05,0.08,-0.05,5.56,5.56,5.56,9.59,3.2,236.26,92.5,8.8,,2.55,42.22,3198.46,3.87,2.51,3.38,32.38,1.2073284e7,33086409,2026-04-10,,,,,,,,,,,,,,,,,,,
2026-04-10T15:26:29.963,JPPOWER,17.52,16.85,17.24,2.56,15.89,15.18,21.36,NaN,23.03,power & utilities,power generation and supply,10.21,-0.12,-0.21,-0.15,-0.23,8.08,8.08,3.98,5.71,11.01,2.32,0.99,6.75,,2.36,114.16,11520.66,4.04,1.33,2.73,39.6,5.208628709e9,6853458827,2026-04-10,,,,,,,,,,,,,,,,,,,
2026-04-10T15:26:29.963,TVSMOTOR,3850.5,3755.0,3839.1,3.0,3658.82,3377.75,4761.8,54.19,61.17,auto,automobiles - motorcycles / mopeds,11.24,0.01,0.33,-0.02,0.29,5.1,5.1,2.54,3.33,7.42,168.14,127.91,3.08,,1.31,138.08,177069.72,4.16,3.0,1.37,65.75,2.36274328e8,475087114,2026-04-10,,,,,,,,,,,,,,,,,,,
2026-04-10T15:26:29.963,NYKAA,260.44,255.61,259.25,1.69,246.82,237.56,302.62,294.6,520.27,i.t,trading,8.5,-0.1,0.16,-0.09,0.14,3.25,3.25,1.89,3.2,3.41,5.06,8.29,3.21,,0.61,47.02,72974.32,4.23,3.02,0.62,43.9,1.371131614e9,2862523756,2026-04-10,,,,,,,,,,,,,,,,,,,
2026-04-10T15:26:29.963,MOTHERSON,122.45,117.0,122.35,4.66,114.87,103.94,159.16,31.53,29.45,auto,auto ancillaries,13.35,0.09,0.15,0.05,0.1,6.02,6.02,4.66,4.38,7.32,1.97,5.36,3.82,,0.37,110.05,123381.43,4.26,3.58,0.37,99.76,5.425228487e9,10554442601,2026-04-10,,,,,,,,,,,,,,,,,,,
2026-04-10T15:26:29.963,CUPID,94.49,92.74,93.74,1.32,87.45,84.34,112.55,19.21,29.75,fmcg,personal care - indian,11.73,0.8,2.08,0.97,2.04,3.82,3.82,1.89,4.15,6.41,10.24,3.89,4.68,,2.63,51.1,12440.8,4.37,4.03,2.95,25.69,7.25671153e8,1344660700,2026-04-10,,,,,,,,,,,,,,,,,,,
2026-04-10T15:26:29.963,LT,3965.0,3915.6,3959.1,1.61,3756.53,3501.49,4874.32,42.35,32.97,realty,engineering - turnkey services,15.34,-0.03,0.1,-0.05,0.09,2.04,2.04,1.26,3.59,1.89,44.59,142.01,3.17,,0.31,74.72,535953.82,4.53,3.44,0.32,30.63,1.375580872e9,1375580872,2026-04-10,,,,,,,,,,,,,,,,,,,
2026-04-10T15:26:29.963,LAURUSLABS,1109.0,1079.6,1099.15,1.43,1045.06,1011.69,1274.07,58.84,69.29,healthcare,pharmaceuticals - indian - bulk drugs & formln,8.87,0.17,0.27,0.16,0.25,3.25,3.25,2.72,3.17,2.52,85.45,34.81,3.48,,2.45,97.97,58504.26,4.66,3.59,2.66,56.16,3.91424864e8,539856582,2026-04-10,,,,,,,,,,,,,,,,,,,
2026-04-10T15:26:29.963,BHEL,286.18,278.99,284.61,2.67,268.56,249.68,354.46,63.53,118.46,industrials,electric equipment,7.45,0.1,0.1,0.06,0.07,8.5,8.5,2.58,4.06,9.01,24.35,11.56,3.93,,2.11,103.48,96522.8,4.84,3.86,2.3,48.63,1.282412953e9,3482063355,2026-04-10,,,,,,,,,,,,,,,,,,,
2026-04-10T15:26:29.963,TITAN,4523.9,4425.1,4496.8,1.28,4312.66,4067.7,5355.0,59.23,82.63,consumer discretionary,diamond cutting / jewellery,11.65,0.17,0.25,0.14,0.23,2.49,2.49,2.23,2.99,4.36,333.65,134.24,3.01,,2.49,137.19,394159.3,5.17,4.42,2.68,53.41,4.1818424e8,887786160,2026-04-10,,,,,,,,,,,,,,,,,,,
2026-04-10T15:26:29.963,GUJALKALI,631.2,613.35,615.5,-0.42,562.27,599.53,647.44,-56.57,-528.29,chemicals,chemicals,0.24,0.01,-0.01,0.02,-0.01,8.81,8.81,2.91,6.55,6.12,119.62,40.33,8.47,,2.97,22.91,4539.14,5.97,4.1,3.68,5.33,3.9450618e7,73436928,2026-04-10,,,,,,,,,,,,,,,,,,,
2026-04-10T15:26:29.963,SYRMA,879.0,850.85,867.6,2.38,814.03,793.17,1016.45,40.69,55.64,consumer discretionary,electronics - components,9.14,-0.03,0.19,-0.09,0.16,4.39,4.39,3.31,3.95,5.16,62.32,34.29,4.23,,1.82,63.31,16340.46,6.77,5.61,1.96,48.85,1.10451462e8,192830485,2026-04-10,,,,,,,,,,,,,,,,,,,
2026-04-10T15:26:29.963,SIEMENS,3402.4,3232.0,3394.1,5.33,3213.54,2963.47,4255.37,108.79,64.87,industrials,electric equipment,8.71,-0.02,0.05,-0.08,-0.0,6.96,6.96,5.27,3.72,7.85,220.58,126.21,3.6,,1.75,144.44,114759.83,6.87,6.67,1.87,128.44,8.9030592e7,356120505,2026-04-10,,,,,,,,,,,,,,,,,,,
2026-04-10T15:26:29.963,KEI,4565.0,4419.4,4453.6,0.83,4178.05,3945.56,5469.67,45.32,49.04,industrials,cables - power,13.84,-0.04,0.1,-0.05,0.1,4.1,4.1,3.29,4.25,1.56,15.39,189.15,3.91,,0.08,69.77,42225.83,6.88,5.24,0.08,18.08,6.2139603e7,95600595,2026-04-10,,,,,,,,,,,,,,,,,,,
2026-04-10T15:26:29.963,POLYCAB,7804.0,7632.5,7733.0,1.66,7340.41,6750.96,9697.08,46.81,43.59,industrials,cables - power,14.14,-0.07,0.09,-0.08,0.08,3.84,3.84,2.25,3.44,3.91,169.93,265.74,3.39,,0.64,93.63,114514.62,7.01,5.34,0.65,37.82,5.7955631e7,150538473,2026-04-10,,,,,,,,,,,,,,,,,,,
2026-04-10T15:26:29.963,TATAPOWER,401.35,394.9,399.75,1.28,383.01,383.77,431.71,41.47,33.28,power & utilities,power generation and supply,2.21,-0.05,-0.04,-0.06,-0.05,2.39,2.39,1.63,2.7,1.98,19.91,10.79,3.17,,1.85,86.93,126120.05,7.38,6.89,1.94,44.96,1.698081982e9,3195339547,2026-04-10,,,,,,,,,,,,,,,,,,,
2026-04-10T15:26:29.963,ADANIENSOL,1160.4,1079.3,1158.35,7.38,1090.54,967.81,1539.43,62.95,57.35,power & utilities,power generation and supply,11.62,0.15,0.32,0.08,0.23,10.22,10.22,7.51,4.49,14.23,166.38,52.0,4.44,,3.2,415.04,129588.37,7.69,4.52,3.74,152.01,3.46049255e8,1201282642,2026-04-10,,,,,,,,,,,,,,,,,,,
2026-04-10T15:26:29.963,BELRISE,209.04,203.17,206.0,1.86,194.43,187.64,242.72,35.52,32.25,auto,auto ancillaries,5.11,0.21,0.51,0.16,0.48,8.09,8.09,2.89,3.72,7.29,20.94,7.67,4.0,,2.73,124.52,17996.03,8.08,6.55,3.04,36.92,2.98495928e8,889879192,2026-04-10,,,,,,,,,,,,,,,,,,,
2026-04-10T15:26:29.963,ENRIN,2855.4,2780.0,2821.7,1.95,2668.88,2549.22,3366.65,80.25,83.41,power & utilities,power generation and supply,4.43,-0.2,-0.09,-0.24,-0.11,7.48,7.48,2.71,3.45,6.21,82.92,97.44,3.42,,0.85,66.4,98563.47,8.13,7.36,0.88,42.8,8.9030592e7,356120505,2026-04-10,,,,,,,,,,,,,,,,,,,
2026-04-10T15:26:29.963,AMBER,7290.5,6972.5,7254.5,5.31,6785.77,6149.24,9465.02,-234.02,143.9,consumer discretionary,air-conditioners,11.81,-0.19,-0.05,-0.24,-0.1,8.17,8.17,4.56,4.65,8.94,246.12,337.19,4.46,,0.73,116.37,24228.26,8.31,6.1,0.76,83.63,2.1738805e7,35172042,2026-04-10,,,,,,,,,,,,,,,,,,,
2026-04-10T15:26:29.963,ATHERENERG,875.45,830.35,862.6,5.16,804.32,773.34,1041.13,-97.14,-40.35,auto,automobiles - scooters and 3 - wheelers,1.56,0.27,1.52,0.17,1.4,13.4,13.4,5.43,5.14,12.73,143.67,44.35,5.38,,3.24,348.76,31320.52,8.6,7.72,3.89,72.72,2.25832435e8,381841151,2026-04-10,,,,,,,,,,,,,,,,,,,
2026-04-10T15:26:29.963,CGPOWER,735.6,720.0,731.1,1.46,693.66,667.22,858.85,100.98,100.5,industrials,electric equipment,8.78,-0.12,0.04,-0.11,0.03,2.73,2.73,2.17,3.38,3.57,44.53,24.71,3.46,,1.8,55.25,113484.96,8.95,7.37,1.92,44.93,6.87202648e8,1574867609,2026-04-10,,,,,,,,,,,,,,,,,,,
2026-04-10T15:26:29.963,TDPOWERSYS,954.0,882.75,926.3,5.56,862.03,845.12,1088.67,64.15,62.37,industrials,electric equipment,5.1,0.4,0.87,0.3,0.77,9.4,9.4,8.07,4.92,6.22,86.77,45.57,4.88,,1.9,318.09,13707.85,9.11,8.87,2.1,95.57,1.14236169e8,156214830,2026-04-10,,,,,,,,,,,,,,,,,,,
2026-04-10T15:26:29.963,CUMMINSIND,5150.4,4908.6,5150.1,4.95,4896.68,4561.91,6326.49,73.45,60.68,industrials,engines,6.17,0.2,0.4,0.15,0.33,8.09,8.09,4.93,3.44,9.33,566.24,177.33,3.6,,3.19,152.79,136033.13,9.84,8.41,3.59,136.19,1.35828e8,277200000,2026-04-10,,,,,,,,,,,,,,,,,,,
2026-04-10T15:26:29.963,KRN,986.2,965.0,969.25,0.52,900.68,866.0,1175.74,66.39,88.14,industrials,engineering,11.19,0.08,0.11,0.06,0.1,4.79,4.79,2.2,4.42,4.11,133.22,42.88,4.43,,3.11,28.13,5993.14,10.87,9.08,3.6,9.91,1.815662e7,62156600,2026-04-10,,,,,,,,,,,,,,,,,,,
2026-04-10T15:26:29.963,APARINDS,11439.5,10826.0,11334.5,5.27,10544.51,9784.23,14435.05,54.48,44.43,industrials,electric equipment,10.13,0.23,0.2,0.15,0.14,9.51,9.51,5.67,4.97,9.66,1566.28,563.09,5.46,,2.78,113.55,43249.22,11.92,9.76,3.23,90.3,1.6964012e7,40168315,2026-04-10,,,,,,,,,,,,,,,,,,,
2026-04-09T23:35:12.719,PAYTM,1133.6,1090.0,1097.95,-1.35,1026.52,986.4,1321.05,77.98,-412.2,i.t,miscellaneous,9.16,-0.17,-0.01,-0.18,0.01,7.32,7.32,4.0,4.71,9.1,1.63,51.67,4.12,,0.03,142.94,71177.52,0.36,-0.89,0.03,15.38,6.39539256e8,639539256,2026-04-09,,,,,,,,,,,,,,,,,,,
2026-04-09T23:35:12.719,HBLENGINE,737.7,707.0,722.55,0.59,673.46,640.51,886.63,22.72,25.0,auto,auto ancillaries,11.23,-0.25,0.19,-0.25,0.19,5.9,5.9,4.34,4.67,8.03,15.17,33.77,4.47,,0.45,124.38,19912.3,1.51,-0.36,0.46,46.04,1.13342637e8,277194946,2026-04-09,,,,,,,,,,,,,,,,,,,
2026-04-09T23:35:12.719,BOSCHLTD,37570.0,35825.0,36770.0,2.32,34875.58,30228.96,49852.09,50.91,38.45,auto,auto ancillaries,19.08,-0.12,-0.06,-0.15,-0.08,9.69,9.69,4.87,4.2,12.95,2848.5,1545.24,3.54,,1.84,826.42,105985.4,2.09,-0.31,2.0,61.16,8.688416e6,29493640,2026-04-09,,,,,,,,,,,,,,,,,,,
2026-04-09T23:35:12.719,GMRAIRPORT,95.82,93.92,94.53,-1.35,89.06,85.6,112.39,196.94,-273.77,miscellaneous,miscellaneous,11.55,-0.01,0.0,-0.01,0.02,2.1,2.1,2.02,4.02,6.15,0.02,3.8,3.78,,0.0,75.79,101176.11,2.2,1.03,0.0,16.03,3.564696146e9,10558975952,2026-04-09,,,,,,,,,,,,,,,,,,,
2026-04-09T23:35:12.719,HEG,579.0,557.0,559.3,-0.97,520.25,517.83,642.23,13.04,28.58,industrials,electrodes - graphites,10.29,-0.0,-0.0,0.01,0.01,4.23,4.23,3.95,4.82,2.94,21.83,26.98,4.59,,0.81,49.61,10898.41,3.02,2.68,0.84,8.52,8.4657365e7,192977530,2026-04-09,,,,,,,,,,,,,,,,,,,
2026-04-09T23:35:12.719,APOLLO,238.9,207.11,232.52,11.76,213.97,183.54,330.48,84.25,78.81,aerospace & defence,electronics - components,13.89,-0.36,0.24,-0.43,0.11,16.53,16.53,15.35,5.95,18.36,9.97,13.84,5.25,,0.72,929.81,7433.47,3.03,0.97,0.75,183.65,1.7156824e8,357292440,2026-04-09,,,,,,,,,,,,,,,,,,,
2026-04-09T23:35:12.719,TVSMOTOR,3768.5,3663.7,3727.1,0.69,3547.11,3328.25,4524.8,52.61,60.75,auto,automobiles - motorcycles / mopeds,9.21,-0.01,0.29,-0.04,0.28,5.45,5.45,2.86,3.45,9.3,61.57,128.61,3.14,,0.48,86.69,175848.74,3.74,3.06,0.49,49.3,2.36274328e8,475087114,2026-04-09,,,,,,,,,,,,,,,,,,,
2026-04-09T23:35:12.719,RPSGVENT,1058.0,939.15,966.7,-5.78,863.96,884.59,1130.93,-7.17,-36.28,i.t,computers - software - medium / small,29.71,0.08,-0.02,0.13,0.04,12.66,12.66,12.66,10.21,2.93,243.09,98.74,8.77,,2.46,71.69,3394.83,4.07,2.18,3.29,27.9,1.2073284e7,33086409,2026-04-09,,,,,,,,,,,,,,,,,,,
2026-04-09T23:35:12.719,LAURUSLABS,1090.9,1074.05,1083.7,0.12,1029.0,998.2,1254.7,58.01,69.21,healthcare,pharmaceuticals - indian - bulk drugs & formln,9.92,0.17,0.27,0.15,0.27,1.75,1.75,1.57,3.29,3.7,71.98,35.64,3.45,,2.02,55.02,58436.78,4.07,3.51,2.16,27.07,3.91424864e8,539856582,2026-04-09,,,,,,,,,,,,,,,,,,,
2026-04-09T23:35:12.719,NYKAA,259.0,252.25,254.93,0.34,242.24,234.78,295.22,289.69,518.51,i.t,trading,8.76,-0.09,0.13,-0.12,0.12,3.31,3.31,2.68,3.42,4.33,1.19,8.72,3.27,,0.14,62.86,72728.14,4.21,2.97,0.14,30.74,1.371131614e9,2862523756,2026-04-09,,,,,,,,,,,,,,,,,,,
2026-04-09T23:35:12.719,CUPID,94.0,91.01,92.52,0.74,86.02,82.75,112.05,18.96,29.53,fmcg,personal care - indian,9.64,0.98,2.03,0.95,2.02,6.71,6.71,3.29,4.53,7.88,9.31,4.19,4.85,,2.22,59.16,12349.36,4.29,4.04,2.47,36.06,7.25671153e8,1344660700,2026-04-09,,,,,,,,,,,,,,,,,,,
2026-04-09T23:35:12.719,ZYDUSWELL,493.8,478.3,489.5,1.58,452.97,458.62,551.25,-97.9,10.9,fmcg,food - processing - indian,7.03,-0.02,0.13,-0.02,0.12,4.62,4.62,3.24,6.04,3.71,72.79,29.58,6.38,,2.46,28.06,15332.17,4.33,3.89,2.89,37.87,9.6609675e7,318160720,2026-04-09,,,,,,,,,,,,,,,,,,,
2026-04-09T23:35:12.719,BHEL,281.0,263.76,277.2,4.33,261.0,246.83,337.94,61.88,113.55,industrials,electric equipment,6.26,0.07,0.07,-0.01,0.02,7.63,7.63,6.54,4.31,14.42,17.67,11.95,3.98,,1.48,234.32,92518.42,4.94,3.8,1.58,112.43,1.282412953e9,3482063355,2026-04-09,,,,,,,,,,,,,,,,,,,
2026-04-09T23:35:12.719,GMDCLTD,614.0,596.0,604.35,0.68,567.34,571.83,669.39,36.15,19.3,metals & mining,mining / minerals / metals,6.52,-0.05,0.28,-0.06,0.27,3.02,3.02,3.02,3.79,2.43,33.7,22.92,4.26,,1.47,61.27,19087.95,5.0,4.54,1.56,36.43,8.268e7,318000000,2026-04-09,,,,,,,,,,,,,,,,,,,
2026-04-09T23:35:12.719,NMDC,85.0,82.51,84.44,1.85,80.38,77.16,99.0,10.55,10.56,metals & mining,mining / minerals / metals,8.83,0.02,0.12,-0.0,0.1,3.02,3.02,3.02,3.16,4.74,3.91,2.67,3.11,,1.47,89.65,72892.96,5.21,4.13,1.54,72.38,3.446916837e9,8791817550,2026-04-09,,,,,,,,,,,,,,,,,,,
2026-04-09T23:35:12.719,GUJALKALI,628.0,580.1,618.1,5.19,563.27,589.14,676.02,-56.81,-502.22,chemicals,chemicals,2.01,0.03,-0.0,-0.03,-0.05,8.28,8.28,8.26,7.08,9.95,125.63,43.79,8.54,,2.87,91.51,4315.15,5.58,3.78,3.6,86.77,3.9450618e7,73436928,2026-04-09,,,,,,,,,,,,,,,,,,,
2026-04-09T23:35:12.719,SYRMA,864.0,842.0,847.4,0.33,793.46,781.52,979.16,39.75,55.46,consumer discretionary,electronics - components,8.27,-0.08,0.17,-0.09,0.17,4.73,4.73,2.61,4.09,5.92,46.33,34.7,4.23,,1.34,50.25,16286.46,6.1,5.41,1.41,15.56,1.10451462e8,192830485,2026-04-09,,,,,,,,,,,,,,,,,,,
2026-04-09T23:35:12.719,ADANIGREEN,1048.0,1021.3,1044.55,1.45,982.0,850.37,1432.91,-687.2,120.01,power & utilities,power generation and supply,19.6,-0.08,-0.02,-0.11,-0.04,8.27,8.27,2.61,4.59,14.78,136.05,47.93,4.34,,2.84,148.07,169601.49,6.67,0.68,3.26,48.51,6.18779519e8,1647176155,2026-04-09,,,,,,,,,,,,,,,,,,,
2026-04-09T23:35:12.719,WAAREEENER,3244.9,3115.0,3232.3,3.43,3053.9,3134.75,3427.41,21.87,27.46,industrials,electric equipment,-0.39,-0.1,-0.02,-0.16,-0.05,5.07,5.07,4.17,3.49,6.1,295.21,112.92,4.09,,2.61,120.93,89887.78,6.8,6.39,2.88,103.88,1.02908792e8,287640905,2026-04-09,,,,,,,,,,,,,,,,,,,
2026-04-09T23:35:12.719,POLYCAB,7663.5,7515.5,7607.0,0.09,7208.52,6652.23,9516.53,46.05,43.55,industrials,cables - power,13.69,-0.08,0.07,-0.09,0.07,2.98,2.98,1.97,3.63,9.57,63.27,276.31,3.72,,0.23,90.51,114416.77,6.98,5.29,0.23,33.11,5.7955631e7,150538473,2026-04-09,,,,,,,,,,,,,,,,,,,
2026-04-09T23:35:12.719,DELHIVERY,474.95,457.05,469.85,2.17,446.62,422.59,564.38,221.63,225.42,transportation,miscellaneous,8.96,-0.07,0.02,-0.1,0.0,5.74,5.74,3.92,3.64,9.22,42.44,17.09,3.3,,2.48,158.29,34401.18,7.05,6.15,2.73,74.88,7.48095781e8,748095781,2026-04-09,,,,,,,,,,,,,,,,,,,
2026-04-09T23:35:12.719,ADANIENSOL,1085.0,1052.8,1078.75,0.51,1014.26,952.44,1331.38,58.63,57.06,power & utilities,power generation and supply,8.08,0.09,0.21,0.07,0.2,7.0,7.0,3.06,4.4,10.64,92.97,47.44,4.28,,1.96,119.9,128933.67,7.25,4.27,2.14,54.7,3.46049255e8,1201282642,2026-04-09,,,,,,,,,,,,,,,,,,,
2026-04-09T23:35:12.719,DMART,4430.0,4322.3,4415.6,1.07,4216.39,4125.34,4996.11,83.95,99.22,consumer discretionary,trading,9.66,-0.05,0.06,-0.07,0.05,2.49,2.49,2.49,3.49,2.16,504.94,153.94,3.4,,3.28,95.82,284292.26,7.4,6.91,3.7,60.61,1.64943912e8,650733068,2026-04-09,,,,,,,,,,,,,,,,,,,
2026-04-09T23:35:12.719,TATAPOWER,398.85,392.0,394.7,-0.06,377.55,383.29,417.52,40.94,33.3,power & utilities,power generation and supply,2.1,-0.06,-0.05,-0.08,-0.05,1.75,1.75,1.75,2.89,4.29,15.9,11.42,3.2,,1.39,130.95,126199.94,7.49,6.71,1.45,23.64,1.698081982e9,3195339547,2026-04-09,,,,,,,,,,,,,,,,,,,
2026-04-09T23:35:12.719,BELRISE,204.4,193.39,202.23,4.13,190.58,185.48,235.74,34.87,30.97,auto,auto ancillaries,4.79,0.17,0.5,0.1,0.44,6.45,6.45,5.69,3.86,7.01,18.13,7.8,4.14,,2.33,187.61,17282.34,7.59,6.44,2.55,113.37,2.98495928e8,889879192,2026-04-09,,,,,,,,,,,,,,,,,,,
2026-04-09T23:35:12.719,ATHERENERG,833.35,772.0,820.25,6.43,763.46,765.3,930.16,-92.37,-37.91,auto,automobiles - scooters and 3 - wheelers,0.97,0.18,1.36,0.12,1.22,8.91,8.91,7.95,5.2,10.79,106.19,42.68,5.27,,2.49,403.18,29428.5,7.84,7.48,2.86,113.05,2.25832435e8,381841151,2026-04-09,,,,,,,,,,,,,,,,,,,
2026-04-09T23:35:12.719,CGPOWER,735.0,716.05,720.6,-0.79,682.3,661.64,838.53,99.53,101.3,industrials,electric equipment,7.54,-0.11,0.02,-0.11,0.03,4.12,4.12,2.65,3.62,7.35,38.04,26.11,3.56,,1.46,72.26,114382.63,8.0,7.17,1.54,17.43,6.87202648e8,1574867609,2026-04-09,,,,,,,,,,,,,,,,,,,
2026-04-09T23:35:12.719,CUMMINSIND,4915.9,4765.0,4907.4,2.32,4660.71,4515.3,5691.59,69.99,59.31,industrials,engines,5.29,0.16,0.31,0.11,0.28,4.36,4.36,3.17,3.41,7.56,347.98,167.22,3.63,,2.08,129.04,132953.44,8.71,8.24,2.24,85.16,1.35828e8,277200000,2026-04-09,,,,,,,,,,,,,,,,,,,
2026-04-09T23:35:12.719,QPOWER,985.0,903.0,969.85,6.79,896.03,831.26,1247.03,48.2,65.06,industrials,electric equipment,8.19,-0.12,0.08,-0.2,0.01,12.56,12.56,9.08,5.45,13.97,157.18,52.86,5.26,,2.97,186.58,7033.47,9.62,7.28,3.55,126.47,2.020464e7,77444100,2026-04-09,,,,,,,,,,,,,,,,,,,
2026-04-09T23:35:12.719,DATAPATTNS,3411.5,3248.0,3369.4,2.7,3120.71,3042.01,4024.19,80.84,74.33,aerospace & defence,electronics - components,6.97,0.12,0.17,0.06,0.14,5.03,5.03,5.03,4.88,9.1,351.35,164.31,5.13,,2.14,91.15,18367.22,9.84,8.59,2.39,73.88,3.2241586e7,55983969,2026-04-09,,,,,,,,,,,,,,,,,,,
2026-04-09T23:35:12.719,KRN,971.0,941.1,964.2,1.3,893.47,854.18,1184.23,66.04,87.0,industrials,engineering,10.57,0.07,0.07,0.03,0.06,4.3,4.3,3.18,4.78,9.57,135.56,46.09,4.59,,2.94,38.86,5916.07,11.07,8.95,3.42,50.12,1.815662e7,62156600,2026-04-09,,,,,,,,,,,,,,,,,,,
2026-04-09T23:35:12.719,ABB,6642.0,6483.5,6614.0,0.75,6311.48,6117.41,7607.17,80.93,83.38,industrials,electric equipment,4.9,0.19,0.12,0.15,0.11,4.27,4.27,2.44,3.18,8.76,649.28,210.03,3.12,,3.09,125.36,139117.85,11.43,10.42,3.43,62.14,5.2977094e7,211908375,2026-04-09,,,,,,,,,,,,,,,,,,,
2026-04-09T23:35:12.719,APARINDS,11115.0,10446.5,10767.0,2.65,9990.27,9611.64,13077.72,51.75,43.28,industrials,electric equipment,9.92,0.16,0.14,0.12,0.11,7.53,7.53,6.4,5.07,9.47,1081.3,546.26,5.4,,1.98,140.16,42132.55,11.81,9.44,2.2,58.67,1.6964012e7,40168315,2026-04-09,,,,,,,,,,,,,,,,,,,
2026-04-09T23:35:12.719,MTARTECH,4444.0,4080.0,4158.5,0.44,3848.46,3526.32,5422.85,92.17,200.6,aerospace & defence,engineering,16.61,0.96,1.64,0.93,1.63,12.11,12.11,8.92,5.59,15.12,643.61,232.62,5.21,,2.77,273.96,12735.7,11.83,11.42,3.27,33.75,2.134861e7,30759591,2026-04-09,,,,,,,,,,,,,,,,,,,
2026-03-30T17:32:41.241,STLTECH,189.0,,176.36,-5.25,157.18,182.95,163.19,-125.97,-204.54,industrials,cables - telephone,-0.3,0.39,0.49,0.45,0.58,8.0,8.0,8.0,7.85,0.78,25.9,13.85,,,,,,,,,9.82,,,2026-03-30,,,2.52,51.55,41.32,,,,,175.0,189.0,69.33,7.9,24.29,13.4,11.61,,,
2026-03-30T17:32:41.241,GESHIP,1449.0,,1414.7,-0.02,1329.8,1406.0,1432.09,6.21,8.93,transportation,shipping,-0.59,0.34,0.38,0.3,0.39,4.31,4.31,4.31,4.35,1.84,109.92,61.51,,,,,,,,,41.62,,,2026-03-30,,,3.36,55.64,20.91,,,,,1389.1,1449.0,72.87,4.46,12.16,12.47,12.05,,,
2026-03-30T17:32:41.241,AEROFLEX,245.9,,238.76,-0.75,218.64,236.84,242.6,46.63,63.31,metals & mining,steel - medium / small,1.88,0.25,0.07,0.22,0.08,4.91,4.91,4.91,6.27,1.86,30.63,14.96,,,,,,,,,29.2,,,2026-03-30,,,4.46,55.05,32.08,,,,,234.39,245.9,64.18,5.68,8.04,10.43,7.69,,,
2026-03-30T17:32:41.241,BLISSGVS,226.85,,215.59,-1.1,196.78,200.01,246.74,24.5,21.1,healthcare,pharmaceuticals - indian - formulations,7.46,0.35,0.35,0.38,0.37,6.2,6.2,5.94,6.3,4.48,14.89,13.59,,,,,,,,,10.74,,,2026-03-30,,,4.98,53.24,15.85,,,,,214.13,226.85,62.27,5.75,17.32,9.95,8.68,,,
2026-03-30T17:32:41.241,WHEELS,1077.75,,997.25,-7.84,925.18,987.94,1015.87,16.89,19.52,auto,auto ancillaries,11.48,0.02,0.21,0.15,0.31,8.86,8.86,8.86,5.8,0.73,115.11,57.81,,,,,,,,,12.54,,,2026-03-30,,,8.41,56.14,28.43,,,,,990.0,1077.75,61.24,5.34,13.97,9.89,6.23,,,
2026-03-30T17:32:41.241,KTKBANK,231.3,,222.96,-2.92,208.05,223.68,221.51,7.25,7.52,bank,banks - private sector,-1.02,0.2,0.12,0.23,0.15,4.89,4.89,4.26,5.04,1.35,18.01,11.25,,,,,,,,,9.96,,,2026-03-30,,,3.86,54.39,19.78,,,,,221.84,231.3,63.4,5.04,5.13,9.47,6.94,,,
2026-03-30T17:32:41.241,TDPOWERSYS,868.85,,851.35,0.3,789.76,800.31,953.43,58.96,60.33,industrials,electric equipment,6.19,0.36,0.66,0.35,0.65,3.93,3.93,3.93,4.87,1.84,45.58,41.43,,,,,,,,,37.05,,,2026-03-30,,,3.04,52.6,17.65,,,,,836.0,868.85,60.73,4.93,26.37,9.41,7.85,,,
2026-03-30T17:32:41.241,APEX,388.25,,362.85,-3.89,323.84,333.69,421.18,28.08,35.72,fmcg,aquaculture,15.58,0.49,0.45,0.53,0.51,7.79,7.79,7.79,7.16,0.74,3.87,25.99,,,,,,,,,10.19,,,2026-03-30,,,1.5,48.91,22.25,,,,,360.2,388.25,56.8,6.79,14.01,9.12,7.85,,,
2026-03-30T17:32:41.241,ATHERENERG,805.0,,754.0,-5.32,699.96,734.65,792.71,-84.91,-39.17,auto,automobiles - scooters and 3 - wheelers,5.71,0.2,1.12,0.35,1.25,8.47,8.47,8.47,5.52,1.6,58.99,41.65,,,,,,,,,28.45,,,2026-03-30,,,7.17,55.97,17.27,,,,,742.15,805.0,62.01,5.02,NaN,9.08,5.99,,,
2026-03-30T17:32:41.241,QPOWER,853.8,,805.5,-6.49,735.88,782.0,852.5,40.03,61.71,industrials,electric equipment,7.24,-0.3,0.01,-0.22,0.08,7.79,7.79,7.79,5.94,1.69,20.29,47.82,,,,,,,,,28.02,,,2026-03-30,,,4.65,48.07,12.86,,,,,792.1,853.8,51.11,5.36,26.4,8.76,6.65,,,
2026-03-30T17:32:41.241,PRIVISCL,2937.2,,2897.8,-1.93,2759.73,2860.99,2971.43,36.28,38.43,chemicals,chemicals,2.37,0.08,0.14,0.14,0.17,1.7,1.7,1.7,3.13,0.34,48.5,90.7,,,,,,,,,10.8,,,2026-03-30,,,4.62,49.35,14.88,,,,,2888.0,2937.2,53.29,3.21,18.54,7.97,6.21,,,
2026-03-30T17:32:41.241,CCL,1058.3,,1041.2,-1.65,984.84,1044.06,1035.48,34.57,37.54,fmcg,tea,1.2,0.12,0.13,0.09,0.15,3.32,3.32,3.32,3.62,1.65,31.04,37.71,,,,,,,,,44.82,,,2026-03-30,,,2.86,50.64,16.17,,,,,1024.3,1058.3,59.47,3.58,16.16,7.76,7.5,,,
2026-03-30T17:32:41.241,AETHER,1179.0,,1094.5,-6.48,1000.92,1092.94,1097.62,56.3,71.93,chemicals,chemicals,6.68,0.34,0.28,0.46,0.37,9.61,9.61,9.61,7.35,1.76,85.77,80.46,,,,,,,,,23.49,,,2026-03-30,,,12.38,54.12,29.99,,,,,1075.6,1179.0,64.95,6.35,7.15,7.62,8.31,,,
2026-03-30T17:32:41.241,COALINDIA,459.9,,450.45,1.21,430.86,453.27,444.81,9.7,9.19,metals & mining,mining / minerals / metals,-3.23,0.07,0.13,0.05,0.12,4.27,4.27,3.79,3.09,2.65,14.53,13.91,,,,,,,,,52.86,,,2026-03-30,,,5.17,53.2,22.18,,,,,443.1,459.9,59.94,3.09,2.98,7.4,9.01,,,
2026-03-30T17:32:41.241,BELRISE,191.74,,185.99,-2.03,173.87,180.99,195.99,32.07,30.28,auto,auto ancillaries,4.59,0.08,0.51,0.1,0.54,3.86,3.86,3.86,4.69,0.74,5.29,8.73,,,,,,,,,15.69,,,2026-03-30,,,4.2,50.54,24.55,,,,,184.62,191.74,59.42,4.35,NaN,7.22,6.24,,,
2026-03-30T17:32:41.241,GOKULAGRO,188.74,,180.32,-2.18,166.07,175.37,190.21,8.57,9.09,fmcg,solvent extraction,6.41,-0.15,0.1,-0.14,0.13,7.36,7.36,7.36,6.05,2.57,12.8,10.91,,,,,,,,,41.41,,,2026-03-30,,,2.06,55.87,28.82,,,,,175.8,188.74,54.1,5.62,9.32,6.81,3.19,,,
2026-03-30T17:32:41.241,VENUSREM,856.95,,820.05,-4.95,748.56,877.97,704.21,10.71,15.11,healthcare,pharmaceuticals - indian - formulations,-2.82,0.75,0.58,0.8,0.67,4.55,4.55,4.55,5.95,0.05,43.11,48.76,,,,,,,,,0.82,,,2026-03-30,,,4.96,50.49,18.85,,,,,819.65,856.95,59.21,6.4,38.98,6.59,5.99,,,
2026-03-30T17:32:41.241,GODAVARIB,308.95,,296.0,-2.2,269.29,300.22,287.56,45.96,68.78,fmcg,sugar,0.49,0.06,-0.01,0.04,0.01,6.44,6.44,6.44,6.25,1.98,15.85,18.5,,,,,,,,,31.07,,,2026-03-30,,,2.79,50.37,37.08,,,,,290.25,308.95,55.23,6.54,17.4,6.13,5.38,,,
2026-03-30T17:32:41.241,DELHIVERY,423.7,,416.7,-2.81,395.64,403.78,442.54,196.56,210.17,transportation,miscellaneous,4.88,-0.13,-0.04,-0.12,-0.01,2.98,2.98,2.98,3.52,1.28,-4.27,14.66,,,,,,,,,35.8,,,2026-03-30,,,4.12,48.19,13.19,,,,,411.45,423.7,49.27,3.37,11.85,6.06,5.47,,,
2026-03-30T17:32:41.241,ADANIPOWER,156.45,,150.43,-2.27,141.78,149.09,153.11,29.15,8.52,power & utilities,power generation and supply,3.05,-0.06,0.2,-0.04,0.23,4.86,4.86,4.86,4.18,0.82,6.45,6.29,,,,,,,,,19.57,,,2026-03-30,,,4.44,54.64,15.61,,,,,149.2,156.45,56.27,4.08,10.27,6.02,4.34,,,
2026-03-30T17:32:41.241,SYRMA,811.6,,773.1,-5.51,715.61,731.08,857.15,36.26,53.72,consumer discretionary,electronics - components,12.72,-0.1,0.07,-0.07,0.14,5.97,5.97,5.97,5.37,0.94,-10.18,41.5,,,,,,,,,17.35,,,2026-03-30,,,4.55,48.41,17.13,,,,,765.9,811.6,50.74,4.61,14.65,6.02,4.25,,,
2026-03-30T17:32:41.241,NLCINDIA,276.0,,268.6,-0.67,252.13,254.09,297.63,12.86,13.6,power & utilities,power generation and supply,6.02,-0.13,0.13,-0.12,0.14,4.15,4.15,4.15,4.23,3.51,11.22,11.36,,,,,,,,,31.69,,,2026-03-30,,,3.93,56.53,14.03,,,,,265.0,276.0,57.0,4.54,1.56,5.82,4.87,,,
2026-03-30T17:32:41.241,GPIL,275.0,,268.8,-1.21,251.91,252.16,302.09,28.84,22.51,metals & mining,steel - medium / small,9.61,-0.01,0.38,-0.03,0.4,2.8,2.8,2.8,4.38,1.61,11.29,11.76,,,,,,,,,11.05,,,2026-03-30,,,6.49,54.76,15.35,,,,,267.5,275.0,57.84,4.66,10.89,5.61,4.9,,,
2026-03-30T17:32:41.241,UNIPARTS,460.05,,441.8,-3.97,414.06,435.72,453.96,14.97,15.97,industrials,engineering,5.52,0.01,0.09,0.04,0.14,6.23,6.23,6.23,4.27,2.02,-18.62,18.88,,,,,,,,,46.34,,,2026-03-30,,,3.79,42.93,15.62,,,,,433.05,460.05,47.8,4.05,7.87,5.34,3.2,,,
2026-03-30T17:32:41.241,LUMAXTECH,1590.0,,1522.2,-5.38,1388.78,1451.61,1663.39,31.45,44.0,auto,auto ancillaries,10.77,0.06,0.28,0.13,0.35,5.3,5.3,5.3,5.68,0.81,-16.62,86.52,,,,,,,,,14.1,,,2026-03-30,,,2.69,47.48,15.04,,,,,1510.0,1590.0,53.65,5.34,36.69,5.08,4.51,,,
2026-03-30T17:32:41.241,SHRIPISTON,3050.0,,3016.5,-0.56,2808.33,2894.75,3259.99,27.0,24.6,auto,auto ancillaries,4.58,0.03,0.24,0.05,0.25,2.72,2.72,2.72,4.71,1.59,59.17,142.21,,,,,,,,,33.26,,,2026-03-30,,,3.89,50.5,14.01,,,,,2969.2,3050.0,54.62,4.73,13.93,4.99,2.86,,,
2026-03-30T17:32:41.241,AVL,491.85,,470.0,-3.92,442.23,441.56,526.89,55.42,56.62,consumer discretionary,trading,8.12,-0.21,0.24,-0.22,0.3,4.65,4.65,4.65,4.01,0.96,-11.69,18.86,,,,,,,,,0.0,,,2026-03-30,,,5.21,49.4,19.76,,,,,470.0,491.85,46.3,4.17,2.14,4.66,3.4,,,
2026-03-30T17:32:41.241,AVALON,965.2,,922.0,-4.27,849.66,874.84,1016.32,47.14,66.65,consumer discretionary,electronics - components,8.69,-0.16,0.02,-0.11,0.07,5.93,5.93,5.93,5.47,1.19,-26.92,50.42,,,,,,,,,21.42,,,2026-03-30,,,3.4,46.54,11.32,,,,,911.2,965.2,48.3,5.04,4.28,4.59,4.95,,,
2026-03-30T17:32:41.241,GMBREW,1037.3,,982.45,-3.73,912.52,974.26,998.84,13.36,14.28,fmcg,breweries & distilleries,5.53,0.28,0.3,0.32,0.35,6.39,6.39,6.39,5.19,0.76,-18.21,50.99,,,,,,,,,14.61,,,2026-03-30,,,4.94,46.31,15.18,,,,,975.0,1037.3,50.09,4.3,12.42,4.58,3.45,,,
2026-03-30T17:32:41.241,PAISALO,34.38,,33.71,-1.81,31.02,32.7,35.74,11.54,14.73,financials,finance & investments,2.33,-0.16,0.06,-0.17,0.08,3.4,3.4,2.69,5.83,1.38,-0.37,1.97,,,,,,,,,11.7,,,2026-03-30,,,5.93,47.31,15.71,,,,,33.48,34.38,47.03,6.01,-0.48,4.27,3.18,,,
2026-03-30T17:32:41.241,ZYDUSWELL,442.15,,426.35,-4.43,395.97,418.01,443.03,-85.27,10.09,fmcg,food - processing - indian,7.06,-0.19,0.02,-0.15,0.07,4.53,4.53,4.53,5.74,0.79,15.61,24.47,,,,,,,,,13.69,,,2026-03-30,,,1.58,54.06,29.77,,,,,423.0,442.15,50.72,5.07,5.66,4.26,2.54,,,
2026-03-30T17:32:41.241,IMFA,1239.0,,1202.5,-2.36,1107.6,1159.65,1288.2,12.36,18.04,metals & mining,mining / minerals / metals,6.09,-0.01,0.55,0.0,0.59,4.65,4.65,4.65,5.18,1.56,-44.62,62.25,,,,,,,,,29.72,,,2026-03-30,,,3.15,45.64,14.98,,,,,1184.0,1239.0,50.25,5.02,18.92,4.19,2.69,,,
2026-03-30T17:32:41.241,CUPID,85.75,,83.1,-1.83,76.64,77.71,93.87,17.03,27.22,fmcg,personal care - indian,3.78,0.74,2.01,0.8,2.07,6.99,6.99,3.56,4.79,3.68,0.67,3.98,,,,,,,,,7.54,,,2026-03-30,,,1.85,52.1,11.43,,,,,82.8,85.75,61.57,5.42,118.41,3.97,3.53,,,
2026-03-30T17:32:41.241,SENORES,782.0,,759.6,-3.6,713.25,717.03,844.75,26.05,35.43,healthcare,pharmaceuticals - indian - formulations,9.44,0.01,0.17,0.07,0.22,3.55,3.55,3.55,4.38,0.58,-21.69,33.24,,,,,,,,,13.24,,,2026-03-30,,,4.77,49.45,24.15,,,,,755.2,782.0,49.84,3.85,5.58,3.55,2.15,,,
2026-03-16T12:26:22.699,AEROFLEX,,,,,,,,,,metals & mining,steel - medium / small,,,,,,,,,,,,,,,,,,,,,,1041.82,,2026-03-16,,,,,,,,,,,,,,,,,1.66,9.73,14.37
2026-03-16T12:26:22.699,CCL,,,,,,,,,,fmcg,tea,,,,,,,,,,,,,,,,,,,,,,7519.62,,2026-03-16,,,,,,,,,,,,,,,,,2.74,4.91,4.91
2026-03-16T12:26:22.699,VENUSREM,,,,,,,,,,healthcare,pharmaceuticals - indian - formulations,,,,,,,,,,,,,,,,,,,,,,708.4,,2026-03-16,,,,,,,,,,,,,,,,,3.68,8.88,24.16
2026-03-16T12:26:22.699,SEAMECLTD,,,,,,,,,,miscellaneous,miscellaneous,,,,,,,,,,,,,,,,,,,,,,963.2,,2026-03-16,,,,,,,,,,,,,,,,,4.02,8.67,9.23
2026-03-16T12:26:22.699,VTL,,,,,,,,,,textiles,textiles - cotton/blended,,,,,,,,,,,,,,,,,,,,,,5445.47,,2026-03-16,,,,,,,,,,,,,,,,,4.08,4.59,5.08
2026-03-16T12:26:22.699,WHEELS,,,,,,,,,,auto,auto ancillaries,,,,,,,,,,,,,,,,,,,,,,940.62,,2026-03-16,,,,,,,,,,,,,,,,,5.63,7.47,7.47
2026-03-16T12:26:22.699,AGIIL,,,,,,,,,,realty,construction,,,,,,,,,,,,,,,,,,,,,,997.54,,2026-03-16,,,,,,,,,,,,,,,,,5.98,8.76,10.29
2026-03-16T12:26:22.699,MRPL,,,,,,,,,,energy,refineries,,,,,,,,,,,,,,,,,,,,,,3939.79,,2026-03-16,,,,,,,,,,,,,,,,,7.26,13.22,14.11
2026-03-16T12:26:22.699,J&KBANK,,,,,,,,,,bank,banks - private sector,,,,,,,,,,,,,,,,,,,,,,5263.97,,2026-03-16,,,,,,,,,,,,,,,,,8.36,10.05,13.81
2026-03-16T12:26:22.699,ABSLAMC,,,,,,,,,,financials,finance & investments,,,,,,,,,,,,,,,,,,,,,,6963.57,,2026-03-16,,,,,,,,,,,,,,,,,8.48,9.12,18.97
2026-03-16T12:26:22.699,KTKBANK,,,,,,,,,,bank,banks - private sector,,,,,,,,,,,,,,,,,,,,,,8050.99,,2026-03-16,,,,,,,,,,,,,,,,,8.62,8.47,12.28
2026-03-16T12:26:22.699,HAPPYFORGE,,,,,,,,,,industrials,castings & forgings,,,,,,,,,,,,,,,,,,,,,,2517.0,,2026-03-16,,,,,,,,,,,,,,,,,9.41,7.95,12.03
2026-03-16T12:26:22.699,INDSWFTLAB,,,,,,,,,,healthcare,pharmaceuticals - indian - bulk drugs & formln,,,,,,,,,,,,,,,,,,,,,,671.28,,2026-03-16,,,,,,,,,,,,,,,,,10.55,7.73,10.32
2026-03-16T12:26:22.699,PFOCUS,,,,,,,,,,realty,miscellaneous,,,,,,,,,,,,,,,,,,,,,,7979.83,,2026-03-16,,,,,,,,,,,,,,,,,10.85,12.29,12.5
2026-03-16T12:26:22.699,NATCOPHARM,,,,,,,,,,healthcare,pharmaceuticals - indian - bulk drugs & formln,,,,,,,,,,,,,,,,,,,,,,8527.72,,2026-03-16,,,,,,,,,,,,,,,,,11.0,8.88,11.96
2026-03-16T12:26:22.699,SAKAR,,,,,,,,,,healthcare,pharmaceuticals - indian - bulk drugs & formln,,,,,,,,,,,,,,,,,,,,,,530.26,,2026-03-16,,,,,,,,,,,,,,,,,11.3,11.83,12.08
2026-03-16T12:26:22.699,STLTECH,,,,,,,,,,industrials,cables - telephone,,,,,,,,,,,,,,,,,,,,,,4905.17,,2026-03-16,,,,,,,,,,,,,,,,,12.07,16.15,16.15
2026-03-16T12:26:22.699,STAR,,,,,,,,,,healthcare,pharmaceuticals - indian - bulk drugs & formln,,,,,,,,,,,,,,,,,,,,,,5937.02,,2026-03-16,,,,,,,,,,,,,,,,,12.89,6.64,8.13
2026-03-16T12:26:22.699,CHENNPETRO,,,,,,,,,,energy,refineries,,,,,,,,,,,,,,,,,,,,,,4637.51,,2026-03-16,,,,,,,,,,,,,,,,,13.69,10.43,11.67
2026-03-16T12:26:22.699,MAHASTEEL,,,,,,,,,,metals & mining,steel - medium / small,,,,,,,,,,,,,,,,,,,,,,404.1,,2026-03-16,,,,,,,,,,,,,,,,,13.89,16.93,20.14
2026-03-16T12:26:22.699,DATAPATTNS,,,,,,,,,,aerospace & defence,electronics - components,,,,,,,,,,,,,,,,,,,,,,9978.13,,2026-03-16,,,,,,,,,,,,,,,,,14.26,9.97,17.37
2026-03-16T12:26:22.699,NGLFINE,,,,,,,,,,healthcare,pharmaceuticals - indian - bulk drugs,,,,,,,,,,,,,,,,,,,,,,369.81,,2026-03-16,,,,,,,,,,,,,,,,,14.74,21.73,21.73
2026-03-16T12:26:22.699,SANSERA,,,,,,,,,,auto,auto ancillaries,,,,,,,,,,,,,,,,,,,,,,8756.63,,2026-03-16,,,,,,,,,,,,,,,,,15.88,10.51,13.5
2026-03-16T12:26:22.699,SMSPHARMA,,,,,,,,,,healthcare,pharmaceuticals - indian - bulk drugs,,,,,,,,,,,,,,,,,,,,,,1085.03,,2026-03-16,,,,,,,,,,,,,,,,,16.39,17.88,21.81
2026-03-16T12:26:22.699,GODAVARIB,,,,,,,,,,fmcg,sugar,,,,,,,,,,,,,,,,,,,,,,542.9,,2026-03-16,,,,,,,,,,,,,,,,,17.08,5.93,12.57
2026-03-16T12:26:22.699,PREMIERPOL,,,,,,,,,,plastic products,plastics products,,,,,,,,,,,,,,,,,,,,,,197.89,,2026-03-16,,,,,,,,,,,,,,,,,17.38,16.41,18.67
2026-03-16T12:26:22.699,PRIVISCL,,,,,,,,,,chemicals,chemicals,,,,,,,,,,,,,,,,,,,,,,4354.04,,2026-03-16,,,,,,,,,,,,,,,,,17.77,5.61,8.63
2026-03-16T12:26:22.699,BLISSGVS,,,,,,,,,,healthcare,pharmaceuticals - indian - formulations,,,,,,,,,,,,,,,,,,,,,,1361.47,,2026-03-16,,,,,,,,,,,,,,,,,18.37,10.09,16.98
2026-03-16T12:26:22.699,PRECWIRE,,,,,,,,,,metals & mining,mining / minerals / metals,,,,,,,,,,,,,,,,,,,,,,2273.85,,2026-03-16,,,,,,,,,,,,,,,,,19.49,24.07,28.21
2026-03-16T12:26:22.699,SOUTHWEST,,,,,,,,,,metals & mining,mining / minerals / metals,,,,,,,,,,,,,,,,,,,,,,178.34,,2026-03-16,,,,,,,,,,,,,,,,,20.69,13.67,18.61
2026-03-16T12:26:22.699,GRWRHITECH,,,,,,,,,,industrials,packaging,,,,,,,,,,,,,,,,,,,,,,3445.68,,2026-03-16,,,,,,,,,,,,,,,,,21.06,13.92,13.92
2026-03-16T12:26:22.699,RACLGEAR,,,,,,,,,,auto,auto ancillaries,,,,,,,,,,,,,,,,,,,,,,854.5,,2026-03-16,,,,,,,,,,,,,,,,,25.25,10.27,18.78
2026-03-16T12:26:22.699,ICEMAKE,,,,,,,,,,industrials,engineering,,,,,,,,,,,,,,,,,,,,,,323.87,,2026-03-16,,,,,,,,,,,,,,,,,26.77,7.84,10.77
2026-03-16T12:26:22.699,SUMEETINDS,,,,,,,,,,textiles,textiles - manmade,,,,,,,,,,,,,,,,,,,,,,158.65,,2026-03-16,,,,,,,,,,,,,,,,,26.81,11.31,11.56
2026-03-11T09:50:48.52,J&KBANK,,,,,,,,,,bank,banks - private sector,,,,,,,,,,,,,,,,,,,,,,5488.41,,2026-03-11,,,,,,,,,,,,,,,,,0.68,13.52,13.52
2026-03-11T09:50:48.52,STLTECH,,,,,,,,,,industrials,cables - telephone,,,,,,,,,,,,,,,,,,,,,,5056.74,,2026-03-11,,,,,,,,,,,,,,,,,0.83,13.97,13.97
2026-03-11T09:50:48.52,KTKBANK,,,,,,,,,,bank,banks - private sector,,,,,,,,,,,,,,,,,,,,,,8496.81,,2026-03-11,,,,,,,,,,,,,,,,,0.89,11.51,13.22
2026-03-11T09:50:48.52,EMCURE,,,,,,,,,,healthcare,pharmaceuticals - indian - bulk drugs & formln,,,,,,,,,,,,,,,,,,,,,,6571.0,,2026-03-11,,,,,,,,,,,,,,,,,1.2,13.67,13.67
2026-03-11T09:50:48.52,SMSPHARMA,,,,,,,,,,healthcare,pharmaceuticals - indian - bulk drugs,,,,,,,,,,,,,,,,,,,,,,1276.28,,2026-03-11,,,,,,,,,,,,,,,,,1.65,19.94,19.94
2026-03-11T09:50:48.52,AGIIL,,,,,,,,,,realty,construction,,,,,,,,,,,,,,,,,,,,,,1039.85,,2026-03-11,,,,,,,,,,,,,,,,,1.99,11.25,12.2
2026-03-11T09:50:48.52,CCL,,,,,,,,,,fmcg,tea,,,,,,,,,,,,,,,,,,,,,,7555.6,,2026-03-11,,,,,,,,,,,,,,,,,2.27,7.51,7.51
2026-03-11T09:50:48.52,NATCOPHARM,,,,,,,,,,healthcare,pharmaceuticals - indian - bulk drugs & formln,,,,,,,,,,,,,,,,,,,,,,9275.98,,2026-03-11,,,,,,,,,,,,,,,,,3.19,5.95,9.82
2026-03-11T09:50:48.52,INDSWFTLAB,,,,,,,,,,healthcare,pharmaceuticals - indian - bulk drugs & formln,,,,,,,,,,,,,,,,,,,,,,722.14,,2026-03-11,,,,,,,,,,,,,,,,,3.77,14.95,14.95
2026-03-11T09:50:48.52,ABSLAMC,,,,,,,,,,financials,finance & investments,,,,,,,,,,,,,,,,,,,,,,7321.27,,2026-03-11,,,,,,,,,,,,,,,,,3.78,20.95,20.95
2026-03-11T09:50:48.52,AEROFLEX,,,,,,,,,,metals & mining,steel - medium / small,,,,,,,,,,,,,,,,,,,,,,984.07,,2026-03-11,,,,,,,,,,,,,,,,,3.89,13.49,13.49
2026-03-11T09:50:48.52,GRANULES,,,,,,,,,,healthcare,pharmaceuticals - indian - bulk drugs & formln,,,,,,,,,,,,,,,,,,,,,,8787.66,,2026-03-11,,,,,,,,,,,,,,,,,5.6,7.47,7.47
2026-03-11T09:50:48.52,AETHER,,,,,,,,,,chemicals,chemicals,,,,,,,,,,,,,,,,,,,,,,3377.79,,2026-03-11,,,,,,,,,,,,,,,,,5.98,8.21,14.25
2026-03-11T09:50:48.52,ANURAS,,,,,,,,,,chemicals,chemicals,,,,,,,,,,,,,,,,,,,,,,6161.76,,2026-03-11,,,,,,,,,,,,,,,,,6.01,10.06,10.06
2026-03-11T09:50:48.52,MAHLOG,,,,,,,,,,transportation,miscellaneous,,,,,,,,,,,,,,,,,,,,,,1624.75,,2026-03-11,,,,,,,,,,,,,,,,,6.29,12.52,12.52
2026-03-11T09:50:48.52,MTARTECH,,,,,,,,,,aerospace & defence,engineering,,,,,,,,,,,,,,,,,,,,,,7824.48,,2026-03-11,,,,,,,,,,,,,,,,,6.5,9.14,10.68
2026-03-11T09:50:48.52,SHRIPISTON,,,,,,,,,,auto,auto ancillaries,,,,,,,,,,,,,,,,,,,,,,7697.63,,2026-03-11,,,,,,,,,,,,,,,,,8.82,12.17,12.17
2026-03-11T09:50:48.52,SCI,,,,,,,,,,transportation,shipping,,,,,,,,,,,,,,,,,,,,,,4278.81,,2026-03-11,,,,,,,,,,,,,,,,,9.66,11.62,11.62
2026-03-11T09:50:48.52,GPIL,,,,,,,,,,metals & mining,steel - medium / small,,,,,,,,,,,,,,,,,,,,,,6333.58,,2026-03-11,,,,,,,,,,,,,,,,,10.69,9.26,9.26
2026-03-11T09:50:48.52,TDPOWERSYS,,,,,,,,,,industrials,electric equipment,,,,,,,,,,,,,,,,,,,,,,9515.87,,2026-03-11,,,,,,,,,,,,,,,,,10.72,6.57,12.08
2026-03-11T09:50:48.52,CIEINDIA,,,,,,,,,,industrials,castings & forgings,,,,,,,,,,,,,,,,,,,,,,6085.87,,2026-03-11,,,,,,,,,,,,,,,,,11.08,6.8,7.78
2026-03-11T09:50:48.52,GRAPHITE,,,,,,,,,,industrials,electrodes - graphites,,,,,,,,,,,,,,,,,,,,,,4489.57,,2026-03-11,,,,,,,,,,,,,,,,,11.24,6.38,11.79
2026-03-11T09:50:48.52,DOLPHIN,,,,,,,,,,energy,oil drilling / allied services,,,,,,,,,,,,,,,,,,,,,,438.6,,2026-03-11,,,,,,,,,,,,,,,,,12.66,14.25,26.68
2026-03-11T09:50:48.52,GODAVARIB,,,,,,,,,,fmcg,sugar,,,,,,,,,,,,,,,,,,,,,,567.03,,2026-03-11,,,,,,,,,,,,,,,,,13.39,13.86,13.86
2026-03-11T09:50:48.52,STAR,,,,,,,,,,healthcare,pharmaceuticals - indian - bulk drugs & formln,,,,,,,,,,,,,,,,,,,,,,5887.15,,2026-03-11,,,,,,,,,,,,,,,,,13.62,7.96,7.96
2026-03-11T09:50:48.52,GRWRHITECH,,,,,,,,,,industrials,packaging,,,,,,,,,,,,,,,,,,,,,,3769.21,,2026-03-11,,,,,,,,,,,,,,,,,13.65,9.46,9.46
2026-03-11T09:50:48.52,AVANTIFEED,,,,,,,,,,fmcg,food - processing - indian,,,,,,,,,,,,,,,,,,,,,,9768.59,,2026-03-11,,,,,,,,,,,,,,,,,15.18,13.66,13.84
2026-03-11T09:50:48.52,RACLGEAR,,,,,,,,,,auto,auto ancillaries,,,,,,,,,,,,,,,,,,,,,,959.5,,2026-03-11,,,,,,,,,,,,,,,,,16.06,11.12,14.65
2026-03-11T09:50:48.52,ARVIND,,,,,,,,,,textiles,textiles - cotton/blended,,,,,,,,,,,,,,,,,,,,,,5305.56,,2026-03-11,,,,,,,,,,,,,,,,,17.14,3.61,6.66
2026-03-11T09:50:48.52,TRIVENI,,,,,,,,,,fmcg,sugar,,,,,,,,,,,,,,,,,,,,,,3228.38,,2026-03-11,,,,,,,,,,,,,,,,,19.25,7.18,12.24
2026-03-11T09:50:48.52,SHARDACROP,,,,,,,,,,chemicals,pesticides / agrochemicals - indian,,,,,,,,,,,,,,,,,,,,,,2370.71,,2026-03-11,,,,,,,,,,,,,,,,,19.54,7.36,13.36
2026-03-11T09:50:48.52,NETWEB,,,,,,,,,,i.t,computers - hardware,,,,,,,,,,,,,,,,,,,,,,5508.96,,2026-03-11,,,,,,,,,,,,,,,,,25.15,12.53,18.02
2026-03-11T09:50:48.52,AVALON,,,,,,,,,,consumer discretionary,electronics - components,,,,,,,,,,,,,,,,,,,,,,3599.92,,2026-03-11,,,,,,,,,,,,,,,,,26.38,10.31,10.31
2026-03-11T09:50:48.52,APEX,,,,,,,,,,fmcg,aquaculture,,,,,,,,,,,,,,,,,,,,,,306.94,,2026-03-11,,,,,,,,,,,,,,,,,26.48,8.17,10.67
2026-03-10T13:57:52.599,CCL,,,1037.2,0.56,,1009.71,1078.44,34.44,36.57,fmcg,tea,,0.04,0.2,,,,,2.72,,,,,,,,,,,,,,,,2026-03-10,1012.83,985.0,1.92,57.52,21.07,20.02,960.36,924.54,16.75,,,,,,,,,,
2026-03-10T13:57:52.599,GESHIP,,,1391.9,3.99,,1344.68,1462.72,6.11,8.45,transportation,shipping,,0.3,0.36,,,,,3.51,,,,,,,,,,,,,,,,2026-03-10,1319.08,1290.1,0.85,63.69,30.85,49.63,1278.44,1199.14,15.96,,,,,,,,,,
2026-03-10T13:57:52.599,GLENMARK,,,2209.6,4.34,,2092.65,2385.02,38.66,56.11,healthcare,pharmaceuticals - indian - bulk drugs & formln,,-0.05,0.23,,,,,5.59,,,,,,,,,,,,,,,,2026-03-10,2087.79,2031.1,2.37,67.58,12.6,9.46,2071.76,1983.58,15.32,,,,,,,,,,
2026-03-10T13:57:52.599,ASTERDM,,,668.35,1.53,,658.91,682.5,163.81,102.7,healthcare,healthcare,,-0.04,0.08,,,,,1.43,,,,,,,,,,,,,,,,2026-03-10,643.96,626.7,0.3,66.18,30.23,15.16,611.92,571.19,14.61,,,,,,,,,,
2026-03-10T13:57:52.599,EMCURE,,,1565.4,2.91,,1408.15,1801.28,32.18,33.14,healthcare,pharmaceuticals - indian - bulk drugs & formln,,0.06,0.15,,,,,11.17,,,,,,,,,,,,,,,,2026-03-10,1480.29,1394.9,3.03,63.49,18.26,12.99,1415.55,1323.36,13.6,,,,,,,,,,
2026-03-10T13:57:52.599,TORNTPHARM,,,4455.0,1.86,,4379.41,4568.38,59.34,65.08,healthcare,pharmaceuticals - indian - formulations,,0.14,0.34,,,,,1.73,,,,,,,,,,,,,,,,2026-03-10,4301.22,4259.2,0.69,69.11,17.93,24.68,4245.17,4102.8,12.01,,,,,,,,,,
2026-03-10T13:57:52.599,SCHNEIDER,,,923.9,2.64,,905.85,950.97,56.89,87.81,industrials,electric equipment,,-0.04,0.12,,,,,1.99,,,,,,,,,,,,,,,,2026-03-10,882.98,829.55,0.34,64.39,41.38,-1.07,839.4,776.93,11.56,,,,,,,,,,
2026-03-10T13:57:52.599,JBCHEPHARM,,,2117.6,2.22,,2076.98,2178.53,41.92,42.92,healthcare,pharmaceuticals - indian - bulk drugs & formln,,0.14,0.17,,,,,1.96,,,,,,,,,,,,,,,,2026-03-10,2035.66,2010.0,1.81,69.44,26.26,25.25,2009.57,1935.75,7.71,,,,,,,,,,
2026-03-10T13:57:52.599,MARICO,,,785.95,1.02,,789.93,779.98,56.95,58.76,fmcg,solvent extraction,,-0.01,0.05,,,,,-0.5,,,,,,,,,,,,,,,,2026-03-10,764.35,768.9,0.49,55.07,17.54,11.65,755.86,739.4,7.04,,,,,,,,,,
2026-03-10T13:57:52.599,NATCOPHARM,,,1034.15,3.14,,980.1,1115.22,30.56,11.53,healthcare,pharmaceuticals - indian - bulk drugs & formln,,0.13,0.15,,,,,5.51,,,,,,,,,,,,,,,,2026-03-10,992.45,944.6,1.02,71.12,35.42,13.99,953.62,910.03,7.03,,,,,,,,,,
2026-03-10T13:57:52.599,TIMKEN,,,3347.5,1.88,,3284.96,3441.31,115.43,55.31,industrials,bearings,,0.02,-0.03,,,,,1.9,,,,,,,,,,,,,,,,2026-03-10,3223.42,3172.1,0.57,56.83,17.51,16.7,3087.17,2945.22,6.98,,,,,,,,,,
2026-03-10T13:57:52.599,BIOCON,,,395.75,1.55,,387.2,408.58,91.61,79.86,healthcare,pharmaceuticals - indian - bulk drugs & formln,,0.0,0.09,,,,,2.21,,,,,,,,,,,,,,,,2026-03-10,384.55,375.35,0.67,61.8,25.37,15.44,376.58,364.91,6.82,,,,,,,,,,
2026-03-10T13:57:52.599,BDL,,,1369.9,2.58,,1238.14,1567.54,172.1,84.42,aerospace & defence,engineering,,-0.16,-0.28,,,,,10.64,,,,,,,,,,,,,,,,2026-03-10,1295.56,1258.4,0.79,57.42,21.92,-8.61,1260.79,1183.06,6.75,,,,,,,,,,
2026-03-10T13:57:52.599,J&KBANK,,,119.36,6.63,,115.45,125.22,5.65,5.76,bank,banks - private sector,,0.09,0.07,,,,,3.39,,,,,,,,,,,,,,,,2026-03-10,110.63,108.7,1.44,61.13,20.43,17.61,106.39,97.3,6.59,,,,,,,,,,
2026-03-10T13:57:52.599,BANDHANBNK,,,181.83,4.43,,181.7,182.03,35.51,27.86,bank,banks - private sector,,0.0,-0.05,,,,,0.07,,,,,,,,,,,,,,,,2026-03-10,171.25,172.16,0.63,60.94,41.97,10.29,167.51,156.92,6.32,,,,,,,,,,
2026-03-10T13:57:52.599,AJANTPHARM,,,2996.9,2.06,,2959.95,3052.33,34.2,36.17,healthcare,pharmaceuticals - indian - formulations,,0.06,0.13,,,,,1.25,,,,,,,,,,,,,,,,2026-03-10,2908.44,2852.4,0.69,58.77,21.63,15.05,2812.05,2699.91,5.34,,,,,,,,,,
2026-03-10T13:57:52.599,CGPOWER,,,726.7,4.18,,714.46,745.06,100.37,97.29,industrials,electric equipment,,-0.13,0.04,,,,,1.71,,,,,,,,,,,,,,,,2026-03-10,689.23,676.4,0.61,60.54,27.0,9.15,674.72,637.83,5.07,,,,,,,,,,
2026-03-10T13:57:52.599,ASTRAL,,,1652.2,2.88,,1674.78,1618.33,103.0,85.79,plastic products,plastics products,,0.06,0.05,,,,,-1.35,,,,,,,,,,,,,,,,2026-03-10,1592.89,1595.2,1.13,57.72,23.37,20.13,1542.22,1475.54,4.99,,,,,,,,,,
2026-03-10T13:57:52.599,LUPIN,,,2333.6,1.32,,2300.11,2383.83,22.67,22.64,healthcare,pharmaceuticals - indian - bulk drugs & formln,,0.09,0.17,,,,,1.46,,,,,,,,,,,,,,,,2026-03-10,2268.31,2268.4,0.78,64.9,20.54,21.69,2233.21,2182.31,4.77,,,,,,,,,,
2026-03-10T13:57:52.599,AUROPHARMA,,,1280.3,2.65,,1194.06,1409.66,20.43,20.77,healthcare,pharmaceuticals - indian - bulk drugs & formln,,0.12,0.1,,,,,7.22,,,,,,,,,,,,,,,,2026-03-10,1224.02,1179.8,0.95,66.58,13.21,22.93,1199.18,1141.54,4.72,,,,,,,,,,
2026-03-10T13:57:52.599,ABB,,,6170.0,3.13,,5993.23,6435.16,75.5,75.98,industrials,electric equipment,,0.1,-0.01,,,,,2.95,,,,,,,,,,,,,,,,2026-03-10,5911.36,5793.5,0.84,62.93,32.21,22.86,5760.16,5500.28,4.57,,,,,,,,,,
2026-03-10T13:57:52.599,KSB,,,760.7,0.94,,735.79,798.07,40.9,48.49,industrials,pumps,,-0.14,-0.09,,,,,3.39,,,,,,,,,,,,,,,,2026-03-10,735.98,719.0,0.1,57.78,14.05,-6.85,704.52,664.29,4.2,,,,,,,,,,
2026-03-10T13:57:52.599,DRREDDY,,,1314.5,2.14,,1296.62,1341.32,22.62,19.25,healthcare,pharmaceuticals - indian - bulk drugs & formln,,-0.07,-0.04,,,,,1.38,,,,,,,,,,,,,,,,2026-03-10,1262.24,1272.1,0.88,59.65,20.56,8.59,1244.64,1207.35,3.5,,,,,,,,,,
2026-03-10T13:57:52.599,SUNPHARMA,,,1812.5,0.28,,1766.66,1881.26,32.37,39.72,healthcare,pharmaceuticals - indian - bulk drugs & formln,,0.05,0.05,,,,,2.59,,,,,,,,,,,,,,,,2026-03-10,1768.9,1721.0,0.64,68.49,27.64,14.24,1743.19,1703.82,3.3,,,,,,,,,,
2026-03-10T13:57:52.599,DIVISLAB,,,6415.5,1.35,,6317.7,6562.19,72.97,67.79,healthcare,pharmaceuticals - indian - bulk drugs,,-0.02,-0.06,,,,,1.55,,,,,,,,,,,,,,,,2026-03-10,6237.21,6173.5,0.47,57.14,28.57,8.47,6126.3,5972.9,3.14,,,,,,,,,,
2026-03-10T13:57:52.599,TATAPOWER,,,380.4,2.01,,372.47,392.29,39.46,31.44,power & utilities,power generation and supply,,-0.09,-0.09,,,,,2.13,,,,,,,,,,,,,,,,2026-03-10,368.38,362.1,1.46,55.42,13.63,0.53,359.11,346.89,1.99,,,,,,,,,,
2026-03-10T13:57:52.599,AKUMS,,,498.9,4.02,,478.05,530.18,28.8,23.08,healthcare,pharmaceuticals - indian - bulk drugs & formln,,-0.02,-0.17,,,,,4.36,,,,,,,,,,,,,,,,2026-03-10,470.01,457.1,0.86,62.89,23.27,3.96,461.69,437.39,1.87,,,,,,,,,,
2026-03-10T13:57:52.599,BALRAMCHIN,,,501.75,1.86,,473.84,543.62,22.32,22.2,fmcg,sugar,,-0.12,-0.18,,,,,5.89,,,,,,,,,,,,,,,,2026-03-10,468.64,446.05,1.73,66.77,40.59,-7.89,457.38,424.9,1.8,,,,,,,,,,
2026-03-10T13:57:52.599,MAZDOCK,,,2464.1,3.23,,2206.51,2850.48,28.25,40.01,aerospace & defence,miscellaneous,,-0.18,-0.24,,,,,11.67,,,,,,,,,,,,,,,,2026-03-10,2313.78,2158.0,1.89,57.38,18.08,-6.52,2212.34,2046.72,1.72,,,,,,,,,,
2026-03-10T13:57:52.599,THERMAX,,,3158.4,3.06,,3101.13,3244.3,43.58,50.62,industrials,electric equipment,,-0.14,-0.12,,,,,1.85,,,,,,,,,,,,,,,,2026-03-10,3023.2,2966.8,0.62,57.35,13.55,-3.48,2907.02,2770.09,-0.69,,,,,,,,,,
2026-03-10T13:57:52.599,MANKIND,,,2229.6,3.06,,2162.52,2330.22,56.3,50.19,healthcare,pharmaceuticals - indian - bulk drugs & formln,,-0.21,-0.07,,,,,3.1,,,,,,,,,,,,,,,,2026-03-10,2125.82,2108.3,1.63,58.5,21.06,-9.61,2095.41,2009.66,-1.15,,,,,,,,,,
2026-03-10T13:57:52.599,RKFORGE,,,555.8,0.51,,543.31,574.54,185.27,46.43,industrials,castings & forgings,,-0.13,-0.21,,,,,2.3,,,,,,,,,,,,,,,,2026-03-10,541.5,540.55,0.31,53.09,14.18,-4.96,521.05,500.68,-3.23,,,,,,,,,,
2026-03-10T13:57:52.599,TEJASNET,,,450.6,5.75,,418.79,498.31,-10.16,-9.79,telecom,telecommunications - equipment,,-0.3,-0.39,,,,,7.59,,,,,,,,,,,,,,,,2026-03-10,429.19,418.55,1.63,61.65,30.58,-19.04,362.74,313.15,-9.2,,,,,,,,,,
2026-03-10T13:57:52.599,ENRIN,,,2946.2,2.19,,2930.35,2969.97,83.79,86.9,power & utilities,power generation and supply,,-0.2,0.01,,,,,0.54,,,,,,,,,,,,,,,,2026-03-10,2856.8,2819.0,0.28,61.73,27.69,-4.44,2722.25,2588.09,NaN,,,,,,,,,,
