Timestamp,Symbol,High,Lod price,Cmp,%ch,Initial_atr1.5sl,Sl,Target,Forward pe,Pe,Sector,Industry,%ch y_low,Srs,Ars,Srs y,Ars y,%ch_high,%ch 2 low,%ch sl,Atr%,%ch_3low,E_s50,Avg_true_range,Adr%,Brackets12,Ma_x,Rvol,M_cap,Va,Va_ma,Atr% x,Lod dist,Free float,Grand_total_number2,Scan_Date,Low 2%,Low5,R_vol,Rsi,Adx,Rs,Is,Tps,Rs score,Lod dist%,Vars,Smavars,Market_cap,From52wh,3d range,5d
2026-09-23T15:34:29.132,BANDHANBNK,193.0,185.7,190.82,3.31,182.41,171.16,230.15,15.34,21.99,bank,banks - private sector,7.56,0.17,0.25,0.14,0.21,7.28,7.28,3.93,3.13,8.65,14.57,5.98,3.02,3.02,2.44,292.13,29756.61,0.03,-3.91,2.64,85.66,1.006355349e9,1611078000,2026-09-23,,,,,,,,,,,,,,,,
2026-09-23T15:34:29.132,GVT&D,4433.0,4335.2,4401.0,1.22,4156.98,4348.04,4506.91,77.59,85.29,industrials,electric equipment,-0.38,0.15,0.35,0.15,0.34,2.26,2.26,2.26,3.42,1.52,56.22,150.67,3.29,3.29,0.37,57.85,111329.03,0.17,-2.03,0.38,43.67,1.25462802e8,256046535,2026-09-23,,,,,,,,,,,,,,,,
2026-09-23T15:34:29.132,APOLLO,412.4,402.45,403.35,-0.84,378.79,385.16,439.73,134.45,117.56,aerospace & defence,electronics - components,1.15,0.86,0.49,0.97,0.5,5.74,5.74,2.47,4.72,8.31,11.04,19.05,4.04,4.04,0.58,75.55,15114.81,0.68,-1.01,0.6,4.72,1.85875312e8,371599512,2026-09-23,,,,,,,,,,,,,,,,
2026-09-23T15:34:29.132,IDEA,14.55,14.17,14.53,1.82,13.81,14.35,14.89,-10.38,4.14,telecom-service,telecommunications - service provider,-6.08,0.51,0.23,0.5,0.21,6.13,6.13,2.68,3.28,5.98,0.61,0.48,3.45,3.45,1.28,65.06,154605.51,1.35,-0.38,1.33,75.64,8.0561956458e10,108343035001,2026-09-23,,,,,,,,,,,,,,,,
2026-09-23T15:34:29.132,LICHSGFIN,576.7,564.05,572.5,1.33,549.16,557.39,602.72,5.25,5.42,financials,finance - housing,1.52,0.1,0.03,0.12,0.02,2.4,2.4,2.24,2.97,5.31,39.9,17.0,3.29,3.29,2.35,110.77,31078.56,1.39,-0.59,2.52,49.72,3.01220505e8,550063000,2026-09-23,,,,,,,,,,,,,,,,
2026-09-23T15:34:29.132,JSWINFRA,370.2,362.2,363.4,-1.14,346.35,333.45,423.29,55.06,51.63,transportation,miscellaneous,7.21,0.33,0.28,0.39,0.29,5.38,5.38,2.21,3.59,5.04,27.72,13.06,3.3,3.3,2.12,94.01,85650.86,1.44,1.21,2.3,9.19,6.07333491e8,2330001567,2026-09-23,,,,,,,,,,,,,,,,
2026-09-23T15:34:29.132,MAHABANK,84.7,82.32,84.11,2.08,80.57,81.74,88.86,8.0,8.41,bank,banks - public sector,0.12,0.21,0.28,0.21,0.26,2.93,2.93,2.89,2.84,3.01,2.72,2.39,3.07,3.07,1.14,89.92,63378.41,2.28,-1.06,1.18,74.87,2.03049532e9,7691554950,2026-09-23,,,,,,,,,,,,,,,,
2026-09-23T15:34:29.132,ANANTRAJ,633.85,607.75,631.25,3.47,601.71,588.84,716.08,37.94,36.98,realty,construction,1.11,0.29,0.03,0.26,-0.0,6.62,6.62,4.29,3.18,6.27,20.61,20.08,3.27,3.27,1.03,125.65,21956.09,2.48,2.27,1.06,117.02,1.53219107e8,359876930,2026-09-23,,,,,,,,,,,,,,,,
2026-09-23T15:34:29.132,GABRIEL,1494.9,1417.3,1427.0,-3.02,1330.03,1280.18,1720.63,58.87,68.92,auto,auto ancillaries,1.77,0.53,0.34,0.62,0.38,15.77,15.77,5.48,5.17,11.35,20.02,73.79,4.89,4.89,0.27,215.35,28197.06,2.63,1.69,0.28,13.15,6.4601523e7,191634227,2026-09-23,,,,,,,,,,,,,,,,
2026-09-23T15:34:29.132,TMCV,452.0,438.5,451.0,2.48,430.8,424.51,503.98,16.22,38.67,auto,automobiles - lcvs / hcvs,2.41,-0.0,0.0,0.02,-0.02,3.39,3.39,3.08,2.98,3.16,5.07,13.44,3.05,3.05,0.38,148.93,162066.34,2.9,2.19,0.38,92.99,2.115119961e9,3682488958,2026-09-23,,,,,,,,,,,,,,,,
2026-09-23T15:34:29.132,AEGISLOG,1423.8,1388.1,1404.5,-1.4,1300.16,1326.25,1560.99,25.44,39.96,services,trading,7.52,1.16,0.81,1.22,0.84,3.02,3.02,2.57,5.19,1.62,76.82,72.92,4.86,4.86,1.05,36.25,49999.95,2.98,2.28,1.11,22.49,1.47075325e8,351000000,2026-09-23,,,,,,,,,,,,,,,,
2026-09-23T15:34:29.132,NIACL,193.2,187.5,191.49,2.18,176.09,192.2,190.08,-32.57,40.04,financials,finance & investments,-4.66,0.41,0.2,0.38,0.18,3.56,3.56,3.04,5.51,3.81,6.73,10.56,6.48,6.48,0.64,40.54,30885.17,3.0,1.56,0.66,37.79,2.4e8,1648000000,2026-09-23,,,,,,,,,,,,,,,,
2026-09-23T15:34:29.132,RAIN,224.7,218.15,221.37,0.83,207.19,205.93,252.25,6.28,13.75,miscellaneous,miscellaneous,4.54,0.94,0.43,0.95,0.42,5.69,5.69,3.0,4.15,6.78,7.97,9.19,4.44,4.44,0.87,58.1,7384.13,3.23,2.46,0.9,35.04,1.97273326e8,336345679,2026-09-23,,,,,,,,,,,,,,,,
2026-09-23T15:34:29.132,SAIL,185.7,174.5,185.1,6.37,175.83,176.43,202.45,11.63,16.83,metals & mining,steel - large,-3.64,0.17,0.19,0.11,0.12,6.72,6.72,6.42,3.32,6.38,8.73,6.15,3.58,3.58,1.42,211.84,71875.27,3.34,1.89,1.49,172.35,1.445810739e9,4130525289,2026-09-23,,,,,,,,,,,,,,,,
2026-09-23T15:34:29.132,MTARTECH,7350.0,7146.0,7294.5,1.65,6824.94,7018.61,7846.27,111.67,165.38,aerospace & defence,engineering,-1.46,0.89,1.76,0.95,1.72,6.14,6.14,2.85,4.21,5.34,580.44,306.94,3.97,3.97,1.89,48.22,22073.08,3.87,0.01,2.05,48.38,2.1729927e7,30759591,2026-09-23,,,,,,,,,,,,,,,,
2026-09-23T15:34:29.132,IFCI,80.07,75.6,79.94,5.27,72.74,79.17,81.48,166.54,118.66,financials,finance - term-lending institutions,-11.29,0.42,0.49,0.37,0.42,8.33,8.33,5.91,6.17,8.45,0.23,4.94,7.04,7.04,0.05,114.83,20460.62,3.97,2.95,0.05,87.92,7.39037235e8,2694314331,2026-09-23,,,,,,,,,,,,,,,,
2026-09-23T15:34:29.132,PARAS,1411.0,1362.1,1380.0,0.33,1277.14,1346.82,1446.35,131.18,117.36,aerospace & defence,engineering,0.14,1.05,0.93,1.15,0.92,3.59,3.59,3.59,5.04,2.76,30.16,69.48,4.85,4.85,0.43,42.7,11084.79,4.16,3.01,0.44,25.76,3.7718746e7,80587330,2026-09-23,,,,,,,,,,,,,,,,
2026-09-23T15:34:29.132,SYRMA,1750.3,1702.1,1720.0,-1.25,1614.01,1613.44,1933.13,82.85,90.48,consumer discretionary,electronics - components,9.82,1.0,1.22,1.14,1.25,2.83,2.83,2.83,4.8,3.74,246.38,82.58,4.72,4.72,2.98,72.87,33587.21,4.16,2.39,3.48,21.68,1.11298962e8,192830485,2026-09-23,,,,,,,,,,,,,,,,
2026-09-23T15:34:29.132,ACMESOLAR,476.4,445.6,455.0,-0.8,426.19,420.61,523.78,30.66,46.85,realty,engineering - turnkey services,7.8,0.68,0.91,0.77,0.93,7.89,7.89,6.91,5.07,4.0,63.59,23.08,4.84,4.84,2.75,112.8,32420.79,4.49,2.98,3.2,40.72,2.02140474e8,706874336,2026-09-23,,,,,,,,,,,,,,,,
2026-09-23T15:34:29.132,MCX,3372.0,3237.5,3369.0,3.26,3209.61,3240.95,3625.1,51.96,21.14,financials,miscellaneous,-1.71,0.28,0.41,0.29,0.37,4.96,4.96,4.15,3.29,6.77,345.71,110.8,3.32,3.32,3.12,103.82,83193.64,4.53,3.83,3.48,118.69,2.54991845e8,254991845,2026-09-23,,,,,,,,,,,,,,,,
2026-09-23T15:34:29.132,MOTISONS,19.15,17.4,18.9,4.77,17.36,16.57,23.55,42.95,26.93,consumer discretionary,diamond cutting / jewellery,11.2,0.42,0.27,0.36,0.22,10.06,10.06,10.06,6.23,8.62,3.39,1.18,6.5,6.5,2.87,266.29,2052.06,4.7,2.07,3.5,127.34,4.877566e8,1137506600,2026-09-23,,,,,,,,,,,,,,,,
2026-09-23T15:34:29.132,CHENNPETRO,1423.0,1380.8,1384.9,-0.51,1280.5,1440.48,1273.74,5.0,4.97,energy,refineries,-6.8,0.28,0.64,0.27,0.65,4.48,4.48,3.06,5.07,1.68,30.68,70.22,4.81,4.81,0.44,44.94,20728.47,5.24,4.67,0.45,5.84,4.87133e7,148911400,2026-09-23,,,,,,,,,,,,,,,,
2026-09-23T15:34:29.132,RBA,95.86,93.12,94.58,1.0,88.68,92.33,99.08,-52.54,-31.85,consumer discretionary,hotels,-1.41,0.46,0.35,0.44,0.34,4.04,4.04,2.94,3.72,2.65,5.61,3.52,3.85,3.85,1.59,16.88,6664.54,5.29,3.86,1.69,41.45,6.46095771e8,711718862,2026-09-23,,,,,,,,,,,,,,,,
2026-09-23T15:34:29.132,TDPOWERSYS,783.35,752.15,763.5,0.94,706.63,724.69,841.12,34.58,42.98,industrials,electric equipment,2.4,0.64,1.11,0.69,1.09,5.38,5.38,4.15,5.04,3.73,82.17,38.5,5.07,5.07,2.13,67.1,11817.12,5.39,3.16,2.39,29.48,1.14249769e8,156228430,2026-09-23,,,,,,,,,,,,,,,,
2026-09-23T15:34:29.132,ANTELOPUS,1189.2,1110.4,1168.0,5.19,1056.06,1138.75,1226.49,18.9,29.41,energy,oil drilling / allied services,-2.44,1.03,1.93,0.98,1.79,10.11,10.11,7.1,7.5,8.14,266.81,87.65,8.53,8.53,3.04,68.11,3904.43,5.5,3.94,3.95,65.72,1.056943e7,35162358,2026-09-23,,,,,,,,,,,,,,,,
2026-09-23T15:34:29.132,PPLPHARMA,214.47,209.0,211.0,0.42,200.04,206.15,220.7,-101.44,-88.66,healthcare,pharmaceuticals - indian - bulk drugs & formln,1.07,0.43,0.13,0.44,0.13,2.62,2.62,2.62,3.37,1.6,6.65,7.12,3.42,3.42,0.93,49.94,27974.29,5.62,5.56,0.96,28.09,8.68023458e8,1331348130,2026-09-23,,,,,,,,,,,,,,,,
2026-09-23T15:34:29.132,MARKSANS,348.95,331.0,347.5,4.37,326.69,321.06,400.39,25.04,29.18,healthcare,pharmaceuticals - indian - formulations,2.45,0.95,0.84,0.9,0.76,6.18,6.18,5.42,4.16,8.19,46.3,14.47,4.31,4.31,3.2,91.12,15088.09,5.93,4.55,3.69,114.04,2.54341737e8,453163746,2026-09-23,,,,,,,,,,,,,,,,
2026-09-23T15:34:29.132,AVALON,2488.8,2435.0,2438.0,-1.24,2235.36,2290.48,2733.05,116.76,123.3,consumer discretionary,electronics - components,7.35,1.37,1.53,1.55,1.57,3.27,3.27,2.21,6.05,1.16,388.88,147.39,6.44,6.44,2.64,28.38,16492.48,5.97,4.66,3.14,2.04,3.7153867e7,66811755,2026-09-23,,,,,,,,,,,,,,,,
2026-09-23T15:34:29.132,IIFL,638.25,613.6,636.0,2.99,600.4,583.77,740.47,10.02,12.49,financials,finance & investments,2.76,0.29,-0.06,0.25,-0.09,5.67,5.67,4.02,3.62,6.71,22.03,23.05,4.12,4.12,0.96,132.64,26265.94,6.11,5.35,0.99,97.19,3.1965032e8,425324987,2026-09-23,,,,,,,,,,,,,,,,
2026-09-23T15:34:29.132,URBANCO,177.77,171.9,172.83,-0.79,162.02,168.06,182.37,-72.01,-78.47,i.t,miscellaneous,1.83,0.39,0.22,0.45,0.23,3.55,3.55,3.41,4.36,3.78,20.77,7.54,4.62,4.62,2.76,48.48,26866.33,6.14,5.3,3.13,12.34,1.248818103e9,1542180603,2026-09-23,,,,,,,,,,,,,,,,
2026-09-23T15:34:29.132,EMIL,195.89,186.32,191.48,-0.59,177.87,181.79,210.86,15.25,35.93,consumer discretionary,trading,6.21,0.98,0.86,1.06,0.87,5.14,5.14,5.14,5.04,2.77,24.53,9.65,5.24,5.24,2.54,51.34,7410.65,6.27,5.97,2.92,53.5,1.33996485e8,384748762,2026-09-23,,,,,,,,,,,,,,,,
2026-09-23T15:34:29.132,GRAPHITE,853.2,815.0,816.4,-1.37,765.81,804.14,840.92,23.14,75.8,industrials,electrodes - graphites,3.17,0.32,0.19,0.34,0.21,5.2,5.2,4.69,4.5,0.67,97.22,36.75,4.65,4.65,2.65,92.88,16172.21,6.27,4.13,3.0,3.81,6.7715949e7,195375594,2026-09-23,,,,,,,,,,,,,,,,
2026-09-23T15:34:29.132,APARINDS,18740.0,17799.0,17929.0,-1.67,16702.06,17456.79,18873.41,38.52,61.99,industrials,electric equipment,3.95,0.68,1.12,0.7,1.16,5.29,5.29,5.29,5.16,0.73,1637.7,924.86,4.65,4.65,1.77,82.86,76345.83,6.3,3.34,1.95,14.06,1.6969932e7,40174235,2026-09-23,,,,,,,,,,,,,,,,
2026-09-23T15:34:29.132,POLICYBZR,1904.9,1793.0,1893.0,4.88,1801.47,1764.93,2149.15,134.07,111.21,i.t,miscellaneous,-0.13,0.19,0.06,0.15,0.02,7.4,7.4,6.24,3.71,8.48,176.01,70.16,3.46,3.46,2.51,185.49,83516.42,6.33,4.06,2.77,142.53,4.6269487e8,462694870,2026-09-23,,,,,,,,,,,,,,,,
2026-09-23T15:34:29.132,RKFORGE,723.05,705.5,711.95,-0.6,674.94,687.96,759.93,68.99,121.6,industrials,castings & forgings,3.44,0.36,0.33,0.42,0.34,2.49,2.49,2.49,3.47,0.91,21.24,24.69,3.69,3.69,0.86,22.12,13047.93,7.1,5.61,0.89,26.12,1.03125411e8,182170017,2026-09-23,,,,,,,,,,,,,,,,
2026-09-23T15:34:29.132,REDINGTON,419.5,397.1,398.5,-2.89,374.51,390.74,414.02,16.02,18.86,services,trading,2.14,0.75,0.36,0.82,0.4,6.85,6.85,5.64,4.38,2.0,56.48,17.47,4.12,4.12,3.23,57.32,32080.11,7.3,6.14,3.77,8.02,7.81774431e8,781774431,2026-09-23,,,,,,,,,,,,,,,,
2026-09-23T15:34:29.132,SAILIFE,1633.4,1600.2,1610.0,0.59,1535.15,1593.31,1643.38,116.33,93.21,healthcare,pharmaceuticals - indian - bulk drugs & formln,0.3,0.48,0.61,0.48,0.6,2.57,2.57,2.07,3.01,1.1,166.76,48.48,3.51,3.51,3.44,40.45,33976.38,7.86,7.19,3.84,20.22,1.38991341e8,212286016,2026-09-23,,,,,,,,,,,,,,,,
2026-09-23T15:34:29.132,LENSKART,692.4,681.25,686.35,-0.74,654.9,689.21,680.62,134.05,180.54,fmcg,personal care - indian,-2.72,0.26,0.46,0.26,0.48,3.45,3.45,1.64,3.24,2.55,65.35,22.24,3.15,3.15,2.94,48.41,120223.84,8.28,8.21,3.25,22.94,1.43392488e9,1738720607,2026-09-23,,,,,,,,,,,,,,,,
2026-09-23T15:34:29.132,FCL,58.09,56.2,56.82,-0.99,52.18,56.21,58.04,34.65,17.29,chemicals,chemicals,0.27,1.46,1.27,1.52,1.3,3.94,3.94,3.36,5.77,2.51,10.35,3.28,6.26,6.26,3.16,65.69,6683.07,8.8,5.45,3.86,18.91,4.3901063e8,1164500900,2026-09-23,,,,,,,,,,,,,,,,
2026-09-23T15:34:29.132,DIACABS,379.7,365.05,376.9,1.63,349.77,356.8,417.1,84.89,99.42,industrials,cables - power,4.62,1.87,1.53,1.88,1.49,4.03,4.03,4.01,4.91,4.4,42.55,18.52,5.12,5.12,2.3,31.35,22179.47,9.11,8.17,2.59,63.99,8.419711e7,526971060,2026-09-23,,,,,,,,,,,,,,,,
2026-09-23T15:34:29.132,JINDWORLD,54.34,51.51,52.07,-0.29,47.05,53.73,48.74,40.68,62.17,textiles,textiles - products,-6.91,1.39,0.73,1.43,0.74,9.34,9.34,5.49,6.95,6.37,10.91,3.62,8.68,8.68,3.01,30.7,5235.59,9.2,6.97,3.81,15.47,3.83384007e8,1002602000,2026-09-23,,,,,,,,,,,,,,,,
2026-09-02T06:38:47.681,ATHERENERG,,,1725.6,0.46,,1531.36,2016.96,-324.36,-167.86,auto,automobiles - scooters and 3 - wheelers,,1.25,1.47,,,,,12.68,,,,,,,,,,,,,,,,2026-09-02,1638.17,1442.9,1.83,78.67,54.0,175.72,1583.05,1494.54,69.97,,,,,,,
2026-09-02T06:38:47.681,WELCORP,,,2553.6,6.8,,2329.03,2890.45,16.09,29.15,industrials,steel - large,,1.88,2.07,,,,,9.64,,,,,,,,,,,,,,,,2026-09-02,2337.3,2203.7,1.98,82.99,56.44,246.81,2298.12,2127.91,47.24,,,,,,,
2026-09-02T06:38:47.681,CHENNPETRO,,,1387.0,1.43,,1375.81,1403.78,5.01,4.95,energy,refineries,,0.36,0.46,,,,,0.81,,,,,,,,,,,,,,,,2026-09-02,1336.92,1325.1,1.08,56.9,26.67,66.65,1275.31,1228.95,24.62,,,,,,,
2026-09-02T06:38:47.681,SAILIFE,,,1518.1,4.0,,1469.16,1591.51,109.69,88.42,healthcare,pharmaceuticals - indian - bulk drugs & formln,,0.4,0.63,,,,,3.33,,,,,,,,,,,,,,,,2026-09-02,1430.9,1453.2,5.09,67.0,31.19,80.9,1417.42,1383.81,17.0,,,,,,,
2026-09-02T06:38:47.681,WELSPUNLIV,,,198.41,1.12,,189.28,212.1,29.35,65.05,textiles,textiles - products,,0.47,0.41,,,,,4.82,,,,,,,,,,,,,,,,2026-09-02,191.21,187.31,0.88,75.85,43.75,61.65,183.81,175.95,16.53,,,,,,,
2026-09-02T06:38:47.681,CRAFTSMAN,,,11253.0,0.49,,10753.58,12002.13,45.29,55.99,auto,auto ancillaries,,0.35,0.55,,,,,4.64,,,,,,,,,,,,,,,,2026-09-02,10780.0,10368.0,2.37,69.78,46.57,52.13,10475.36,10137.12,15.69,,,,,,,
2026-09-02T06:38:47.681,PTCIL,,,22755.0,2.9,,21113.53,25217.2,292.18,271.6,industrials,castings & forgings,,0.16,0.25,,,,,7.77,,,,,,,,,,,,,,,,2026-09-02,21398.3,20429.0,2.0,73.0,48.6,26.1,20712.77,19371.1,13.27,,,,,,,
2026-09-02T06:38:47.681,MAHABANK,,,82.7,0.77,,81.5,84.5,7.86,8.44,bank,banks - public sector,,0.06,0.41,,,,,1.48,,,,,,,,,,,,,,,,2026-09-02,80.36,82.0,0.92,53.88,17.88,38.06,78.38,76.27,12.07,,,,,,,
2026-09-02T06:38:47.681,CUB,,,234.99,2.53,,218.42,259.85,15.22,13.34,bank,banks - private sector,,0.04,0.12,,,,,7.59,,,,,,,,,,,,,,,,2026-09-02,220.83,220.0,0.88,62.17,19.81,10.81,217.87,206.02,11.24,,,,,,,
2026-09-02T06:38:47.681,ENGINERSIN,,,280.05,6.94,,248.93,326.72,24.92,20.08,realty,engineering - turnkey services,,0.21,0.39,,,,,12.5,,,,,,,,,,,,,,,,2026-09-02,255.24,243.5,16.28,73.74,33.33,66.39,254.82,245.49,10.83,,,,,,,
2026-09-02T06:38:47.681,IPCALAB,,,1987.6,0.64,,1924.28,2082.58,31.37,37.4,healthcare,pharmaceuticals - indian - bulk drugs & formln,,0.21,0.34,,,,,3.29,,,,,,,,,,,,,,,,2026-09-02,1910.31,1929.8,0.49,70.36,32.6,41.6,1885.72,1815.91,10.37,,,,,,,
2026-09-02T06:38:47.681,ACMESOLAR,,,403.7,0.44,,388.51,426.48,27.2,41.24,realty,engineering - turnkey services,,0.6,0.69,,,,,3.91,,,,,,,,,,,,,,,,2026-09-02,386.37,376.3,0.71,61.89,17.91,82.57,369.33,346.65,10.18,,,,,,,
2026-09-02T06:38:47.681,BAJAJ-AUTO,,,12361.0,1.9,,11793.98,13211.53,26.76,29.35,auto,automobiles - scooters and 3 - wheelers,,0.17,0.33,,,,,4.81,,,,,,,,,,,,,,,,2026-09-02,11848.2,11618.0,1.34,73.13,53.92,30.13,11884.68,11636.44,9.89,,,,,,,
2026-09-02T06:38:47.681,FLUOROCHEM,,,4740.1,0.99,,4642.51,4886.48,58.75,85.12,chemicals,chemicals,,0.32,0.3,,,,,2.1,,,,,,,,,,,,,,,,2026-09-02,4590.61,4575.0,0.44,60.47,39.76,59.63,4467.12,4342.28,9.39,,,,,,,
2026-09-02T06:38:47.681,GRAPHITE,,,732.9,4.32,,703.09,777.62,20.77,67.12,industrials,electrodes - graphites,,-0.05,0.32,,,,,4.24,,,,,,,,,,,,,,,,2026-09-02,692.66,678.5,4.76,60.82,30.01,23.18,678.05,659.51,9.05,,,,,,,
2026-09-02T06:38:47.681,RKFORGE,,,753.6,1.34,,747.61,762.58,73.02,127.95,industrials,castings & forgings,,0.25,0.41,,,,,0.8,,,,,,,,,,,,,,,,2026-09-02,722.75,713.35,0.76,64.89,50.33,47.83,702.07,668.82,8.6,,,,,,,
2026-09-02T06:38:47.681,APLAPOLLO,,,2234.0,0.48,,2201.76,2282.35,58.91,50.46,industrials,steel - large,,-0.07,0.25,,,,,1.46,,,,,,,,,,,,,,,,2026-09-02,2169.72,2119.7,1.0,75.24,52.06,9.08,2125.46,2068.86,8.39,,,,,,,
2026-09-02T06:38:47.681,SIEMENS,,,4030.0,0.0,,4017.26,4049.1,16.74,43.8,industrials,electric equipment,,0.11,0.23,,,,,0.32,,,,,,,,,,,,,,,,2026-09-02,3895.6,3975.1,0.81,58.63,30.0,35.18,3839.65,3760.09,6.52,,,,,,,
2026-09-02T06:38:47.681,ELGIEQUIP,,,628.9,0.25,,617.99,645.27,47.93,44.29,industrials,compressors / drilling equipment,,0.11,0.27,,,,,1.77,,,,,,,,,,,,,,,,2026-09-02,609.71,596.0,0.65,58.52,22.61,43.53,592.57,567.53,6.51,,,,,,,
2026-09-02T06:38:47.681,OIL,,,490.0,1.42,,475.39,511.92,5.49,9.54,energy,oil drilling / allied services,,-0.08,0.18,,,,,3.07,,,,,,,,,,,,,,,,2026-09-02,474.52,458.7,0.54,65.22,25.82,-2.19,464.26,447.96,4.61,,,,,,,
2026-09-02T06:38:47.681,ANTHEM,,,924.5,3.52,,903.0,956.75,108.51,90.2,healthcare,pharmaceuticals - indian - bulk drugs & formln,,0.24,0.33,,,,,2.38,,,,,,,,,,,,,,,,2026-09-02,875.34,878.0,1.74,66.34,39.4,57.33,862.67,830.79,4.09,,,,,,,
2026-09-02T06:38:47.681,ZYDUSLIFE,,,1167.8,0.56,,1131.19,1222.71,31.22,26.03,healthcare,pharmaceuticals - indian - bulk drugs & formln,,0.19,0.23,,,,,3.24,,,,,,,,,,,,,,,,2026-09-02,1128.96,1117.8,0.73,56.5,19.17,33.03,1102.91,1069.44,4.04,,,,,,,
2026-09-02T06:38:47.681,COFORGE,,,1988.9,0.18,,1920.08,2092.13,40.29,40.4,i.t,computers - software - large,,0.58,0.03,,,,,3.58,,,,,,,,,,,,,,,,2026-09-02,1921.98,1878.6,0.67,72.78,41.89,20.18,1888.88,1819.16,3.44,,,,,,,
2026-09-02T06:38:47.681,TECHM,,,1638.0,0.61,,1573.65,1734.52,24.77,28.27,i.t,computers - software - large,,0.12,0.0,,,,,4.09,,,,,,,,,,,,,,,,2026-09-02,1581.43,1565.8,0.89,59.52,17.66,-4.6,1565.21,1521.62,1.96,,,,,,,
2026-09-02T06:38:47.681,KOTAKBANK,,,425.0,1.34,,407.0,452.0,19.28,7.3,bank,banks - private sector,,-0.05,-0.06,,,,,4.42,,,,,,,,,,,,,,,,2026-09-02,412.33,401.0,0.51,71.48,42.31,4.42,408.59,400.38,1.51,,,,,,,
2026-09-02T06:38:47.681,ASAHIINDIA,,,951.2,-0.09,,952.83,948.76,40.65,55.4,building materials,glass & glass products,,0.03,-0.07,,,,,-0.17,,,,,,,,,,,,,,,,2026-09-02,930.51,934.1,0.4,59.54,21.56,-4.32,911.74,887.85,1.24,,,,,,,
2026-09-02T06:38:47.681,ETERNAL,,,327.75,-0.11,,326.69,329.35,819.38,697.34,i.t,miscellaneous,,0.24,0.11,,,,,0.33,,,,,,,,,,,,,,,,2026-09-02,316.54,315.8,0.58,65.17,37.51,21.89,311.59,301.11,1.16,,,,,,,
2026-09-02T06:38:47.681,PERSISTENT,,,5800.0,3.67,,5607.07,6089.39,46.96,47.09,i.t,computers - software - large,,0.14,-0.11,,,,,3.44,,,,,,,,,,,,,,,,2026-09-02,5490.94,5590.5,0.76,60.72,21.05,-4.42,5428.7,5202.73,1.13,,,,,,,
2026-09-02T06:38:47.681,NH,,,1938.7,1.65,,1807.66,2135.26,47.52,48.25,healthcare,healthcare,,-0.0,-0.01,,,,,7.25,,,,,,,,,,,,,,,,2026-09-02,1871.8,1880.0,0.79,57.13,23.76,7.6,1861.11,1813.82,0.97,,,,,,,
2026-09-02T06:38:47.681,BEML,,,1970.2,1.76,,1954.18,1994.23,-152.02,81.01,aerospace & defence,engineering,,0.1,0.12,,,,,0.82,,,,,,,,,,,,,,,,2026-09-02,1891.4,1909.0,0.85,60.7,26.63,16.77,1854.56,1776.62,0.09,,,,,,,
2026-09-02T06:38:47.681,NAUKRI,,,1356.0,3.27,,1354.76,1357.86,49.27,54.9,i.t,miscellaneous,,0.25,-0.03,,,,,0.09,,,,,,,,,,,,,,,,2026-09-02,1300.66,1313.0,0.63,60.56,38.42,8.13,1278.77,1236.55,-0.32,,,,,,,
2026-09-02T06:38:47.681,IDBI,,,92.06,1.3,,86.66,100.17,11.62,10.62,bank,banks - private sector,,-0.26,-0.11,,,,,6.24,,,,,,,,,,,,,,,,2026-09-02,87.47,87.35,0.95,65.26,36.22,-6.1,84.66,81.2,-0.98,,,,,,,
2026-09-02T06:38:47.681,CRISIL,,,4829.5,0.16,,4545.2,5255.95,40.79,39.94,financials,miscellaneous,,0.03,0.05,,,,,6.25,,,,,,,,,,,,,,,,2026-09-02,4664.9,4452.1,0.91,72.39,33.82,3.47,4601.68,4460.31,-1.03,,,,,,,
2026-09-02T06:38:47.681,ECLERX,,,1973.8,-0.16,,1836.2,2180.2,27.63,16.71,i.t,computers - software - medium / small,,0.18,-0.15,,,,,7.49,,,,,,,,,,,,,,,,2026-09-02,1854.45,1891.4,0.71,63.76,24.21,-14.99,1808.16,1707.83,-1.53,,,,,,,
2026-09-02T06:38:47.681,SBFC,,,99.95,1.14,,95.35,106.84,21.18,22.82,financials,finance & investments,,-0.02,-0.08,,,,,4.82,,,,,,,,,,,,,,,,2026-09-02,95.95,92.6,6.25,66.02,22.97,17.65,93.07,89.85,-2.45,,,,,,,
2026-09-02T06:38:47.681,BBTC,,,1539.0,2.4,,1448.14,1675.3,9.31,8.32,auto,auto ancillaries,,-0.14,-0.2,,,,,6.27,,,,,,,,,,,,,,,,2026-09-02,1466.08,1421.6,0.59,56.43,26.41,-8.23,1422.79,1342.43,-3.67,,,,,,,
2026-09-02T06:38:47.681,SUPREMEIND,,,3605.0,1.29,,3573.32,3652.53,40.78,44.36,plastic products,plastics products,,-0.16,0.02,,,,,0.89,,,,,,,,,,,,,,,,2026-09-02,3492.03,3540.0,0.76,56.04,23.52,3.41,3419.99,3337.64,-4.35,,,,,,,
2026-09-02T06:38:47.681,CLEAN,,,827.1,0.52,,835.18,814.98,29.97,37.73,chemicals,chemicals,,0.03,-0.11,,,,,-0.97,,,,,,,,,,,,,,,,2026-09-02,801.2,816.2,0.63,57.62,33.85,2.48,788.33,764.05,-6.12,,,,,,,
2026-09-02T06:38:47.681,AFCONS,,,285.25,-0.14,,276.34,298.62,86.97,73.33,realty,construction,,-0.08,-0.3,,,,,3.23,,,,,,,,,,,,,,,,2026-09-02,277.58,282.25,0.26,53.5,16.43,-14.11,271.75,263.88,-8.05,,,,,,,
2026-09-02T06:38:47.681,COHANCE,,,460.0,0.89,,449.75,475.37,-182.54,165.47,healthcare,pharmaceuticals - indian - bulk drugs & formln,,0.4,-0.17,,,,,2.28,,,,,,,,,,,,,,,,2026-09-02,445.9,444.0,1.41,55.37,41.18,24.6,426.0,417.01,-10.11,,,,,,,
2026-09-02T06:38:47.681,URBANCO,,,167.63,0.31,,162.72,174.99,-69.85,-75.51,i.t,miscellaneous,,0.5,0.33,,,,,3.02,,,,,,,,,,,,,,,,2026-09-02,160.78,164.06,1.02,74.46,56.58,38.93,152.93,146.27,NaN,,,,,,,
2026-09-01T23:56:56.93,ATHERENERG,,,1725.6,0.46,,1531.36,2016.96,-324.36,-167.09,auto,automobiles - scooters and 3 - wheelers,,1.25,1.47,,,,,12.68,,,,,,,,,,,,,,,,2026-09-01,1638.17,1442.9,1.83,78.67,54.0,175.72,1583.05,1494.54,69.97,,,,,,,
2026-09-01T23:56:56.93,WELCORP,,,2553.6,6.8,,2329.03,2890.45,16.09,27.3,industrials,steel - large,,1.88,2.07,,,,,9.64,,,,,,,,,,,,,,,,2026-09-01,2337.3,2203.7,1.98,82.99,56.44,246.81,2298.12,2127.91,47.24,,,,,,,
2026-09-01T23:56:56.93,CHENNPETRO,,,1387.0,1.43,,1375.81,1403.78,5.01,4.88,energy,refineries,,0.36,0.46,,,,,0.81,,,,,,,,,,,,,,,,2026-09-01,1336.92,1325.1,1.08,56.9,26.67,66.65,1275.31,1228.95,24.62,,,,,,,
2026-09-01T23:56:56.93,SAILIFE,,,1518.1,4.0,,1469.16,1591.51,109.69,85.01,healthcare,pharmaceuticals - indian - bulk drugs & formln,,0.4,0.63,,,,,3.33,,,,,,,,,,,,,,,,2026-09-01,1430.9,1453.2,5.09,67.0,31.19,80.9,1417.42,1383.81,17.0,,,,,,,
2026-09-01T23:56:56.93,WELSPUNLIV,,,198.41,1.12,,189.28,212.1,29.35,64.33,textiles,textiles - products,,0.47,0.41,,,,,4.82,,,,,,,,,,,,,,,,2026-09-01,191.21,187.31,0.88,75.85,43.75,61.65,183.81,175.95,16.53,,,,,,,
2026-09-01T23:56:56.93,CRAFTSMAN,,,11253.0,0.49,,10753.58,12002.13,45.29,55.72,auto,auto ancillaries,,0.35,0.55,,,,,4.64,,,,,,,,,,,,,,,,2026-09-01,10780.0,10368.0,2.37,69.78,46.57,52.13,10475.36,10137.12,15.69,,,,,,,
2026-09-01T23:56:56.93,PTCIL,,,22755.0,2.9,,21113.53,25217.2,292.18,263.95,industrials,castings & forgings,,0.16,0.25,,,,,7.77,,,,,,,,,,,,,,,,2026-09-01,21398.3,20429.0,2.0,73.0,48.6,26.1,20712.77,19371.1,13.27,,,,,,,
2026-09-01T23:56:56.93,MAHABANK,,,82.7,0.77,,81.5,84.5,7.86,8.37,bank,banks - public sector,,0.06,0.41,,,,,1.48,,,,,,,,,,,,,,,,2026-09-01,80.36,82.0,0.92,53.88,17.88,38.06,78.38,76.27,12.07,,,,,,,
2026-09-01T23:56:56.93,CUB,,,234.99,2.53,,218.42,259.85,15.22,13.01,bank,banks - private sector,,0.04,0.12,,,,,7.59,,,,,,,,,,,,,,,,2026-09-01,220.83,220.0,0.88,62.17,19.81,10.81,217.87,206.02,11.24,,,,,,,
2026-09-01T23:56:56.93,ENGINERSIN,,,280.05,6.94,,248.93,326.72,24.92,18.77,realty,engineering - turnkey services,,0.21,0.39,,,,,12.5,,,,,,,,,,,,,,,,2026-09-01,255.24,243.5,16.28,73.74,33.33,66.39,254.82,245.49,10.83,,,,,,,
2026-09-01T23:56:56.93,IPCALAB,,,1987.6,0.64,,1924.28,2082.58,31.37,37.16,healthcare,pharmaceuticals - indian - bulk drugs & formln,,0.21,0.34,,,,,3.29,,,,,,,,,,,,,,,,2026-09-01,1910.31,1929.8,0.49,70.36,32.6,41.6,1885.72,1815.91,10.37,,,,,,,
2026-09-01T23:56:56.93,ACMESOLAR,,,403.7,0.44,,388.51,426.48,27.2,41.06,realty,engineering - turnkey services,,0.6,0.69,,,,,3.91,,,,,,,,,,,,,,,,2026-09-01,386.37,376.3,0.71,61.89,17.91,82.57,369.33,346.65,10.18,,,,,,,
2026-09-01T23:56:56.93,BAJAJ-AUTO,,,12361.0,1.9,,11793.98,13211.53,26.76,28.81,auto,automobiles - scooters and 3 - wheelers,,0.17,0.33,,,,,4.81,,,,,,,,,,,,,,,,2026-09-01,11848.2,11618.0,1.34,73.13,53.92,30.13,11884.68,11636.44,9.89,,,,,,,
2026-09-01T23:56:56.93,FLUOROCHEM,,,4740.1,0.99,,4642.51,4886.48,58.75,84.28,chemicals,chemicals,,0.32,0.3,,,,,2.1,,,,,,,,,,,,,,,,2026-09-01,4590.61,4575.0,0.44,60.47,39.76,59.63,4467.12,4342.28,9.39,,,,,,,
2026-09-01T23:56:56.93,GRAPHITE,,,732.9,4.32,,703.09,777.62,20.77,64.34,industrials,electrodes - graphites,,-0.05,0.32,,,,,4.24,,,,,,,,,,,,,,,,2026-09-01,692.66,678.5,4.76,60.82,30.01,23.18,678.05,659.51,9.05,,,,,,,
2026-09-01T23:56:56.93,RKFORGE,,,753.6,1.34,,747.61,762.58,73.02,126.25,industrials,castings & forgings,,0.25,0.41,,,,,0.8,,,,,,,,,,,,,,,,2026-09-01,722.75,713.35,0.76,64.89,50.33,47.83,702.07,668.82,8.6,,,,,,,
2026-09-01T23:56:56.93,APLAPOLLO,,,2234.0,0.48,,2201.76,2282.35,58.91,50.22,industrials,steel - large,,-0.07,0.25,,,,,1.46,,,,,,,,,,,,,,,,2026-09-01,2169.72,2119.7,1.0,75.24,52.06,9.08,2125.46,2068.86,8.39,,,,,,,
2026-09-01T23:56:56.93,SIEMENS,,,4030.0,0.0,,4017.26,4049.1,16.74,43.8,industrials,electric equipment,,0.11,0.23,,,,,0.32,,,,,,,,,,,,,,,,2026-09-01,3895.6,3975.1,0.81,58.63,30.0,35.18,3839.65,3760.09,6.52,,,,,,,
2026-09-01T23:56:56.93,ELGIEQUIP,,,628.9,0.25,,617.99,645.27,47.93,44.18,industrials,compressors / drilling equipment,,0.11,0.27,,,,,1.77,,,,,,,,,,,,,,,,2026-09-01,609.71,596.0,0.65,58.52,22.61,43.53,592.57,567.53,6.51,,,,,,,
2026-09-01T23:56:56.93,OIL,,,490.0,1.42,,475.39,511.92,5.49,9.41,energy,oil drilling / allied services,,-0.08,0.18,,,,,3.07,,,,,,,,,,,,,,,,2026-09-01,474.52,458.7,0.54,65.22,25.82,-2.19,464.26,447.96,4.61,,,,,,,
2026-09-01T23:56:56.93,ANTHEM,,,924.5,3.52,,903.0,956.75,108.51,87.13,healthcare,pharmaceuticals - indian - bulk drugs & formln,,0.24,0.33,,,,,2.38,,,,,,,,,,,,,,,,2026-09-01,875.34,878.0,1.74,66.34,39.4,57.33,862.67,830.79,4.09,,,,,,,
2026-09-01T23:56:56.93,ZYDUSLIFE,,,1167.8,0.56,,1131.19,1222.71,31.22,25.88,healthcare,pharmaceuticals - indian - bulk drugs & formln,,0.19,0.23,,,,,3.24,,,,,,,,,,,,,,,,2026-09-01,1128.96,1117.8,0.73,56.5,19.17,33.03,1102.91,1069.44,4.04,,,,,,,
2026-09-01T23:56:56.93,COFORGE,,,1988.9,0.18,,1920.08,2092.13,40.29,40.33,i.t,computers - software - large,,0.58,0.03,,,,,3.58,,,,,,,,,,,,,,,,2026-09-01,1921.98,1878.6,0.67,72.78,41.89,20.18,1888.88,1819.16,3.44,,,,,,,
2026-09-01T23:56:56.93,TECHM,,,1638.0,0.61,,1573.65,1734.52,24.77,28.1,i.t,computers - software - large,,0.12,0.0,,,,,4.09,,,,,,,,,,,,,,,,2026-09-01,1581.43,1565.8,0.89,59.52,17.66,-4.6,1565.21,1521.62,1.96,,,,,,,
2026-09-01T23:56:56.93,KOTAKBANK,,,425.0,1.34,,407.0,452.0,19.28,7.21,bank,banks - private sector,,-0.05,-0.06,,,,,4.42,,,,,,,,,,,,,,,,2026-09-01,412.33,401.0,0.51,71.48,42.31,4.42,408.59,400.38,1.51,,,,,,,
2026-09-01T23:56:56.93,ASAHIINDIA,,,951.2,-0.09,,952.83,948.76,40.65,55.45,building materials,glass & glass products,,0.03,-0.07,,,,,-0.17,,,,,,,,,,,,,,,,2026-09-01,930.51,934.1,0.4,59.54,21.56,-4.32,911.74,887.85,1.24,,,,,,,
2026-09-01T23:56:56.93,ETERNAL,,,327.75,-0.11,,326.69,329.35,819.38,698.09,i.t,miscellaneous,,0.24,0.11,,,,,0.33,,,,,,,,,,,,,,,,2026-09-01,316.54,315.8,0.58,65.17,37.51,21.89,311.59,301.11,1.16,,,,,,,
2026-09-01T23:56:56.93,PERSISTENT,,,5800.0,3.67,,5607.07,6089.39,46.96,45.42,i.t,computers - software - large,,0.14,-0.11,,,,,3.44,,,,,,,,,,,,,,,,2026-09-01,5490.94,5590.5,0.76,60.72,21.05,-4.42,5428.7,5202.73,1.13,,,,,,,
2026-09-01T23:56:56.93,NH,,,1938.7,1.65,,1807.66,2135.26,47.52,47.47,healthcare,healthcare,,-0.0,-0.01,,,,,7.25,,,,,,,,,,,,,,,,2026-09-01,1871.8,1880.0,0.79,57.13,23.76,7.6,1861.11,1813.82,0.97,,,,,,,
2026-09-01T23:56:56.93,BEML,,,1970.2,1.76,,1954.18,1994.23,-152.02,79.61,aerospace & defence,engineering,,0.1,0.12,,,,,0.82,,,,,,,,,,,,,,,,2026-09-01,1891.4,1909.0,0.85,60.7,26.63,16.77,1854.56,1776.62,0.09,,,,,,,
2026-09-01T23:56:56.93,NAUKRI,,,1356.0,3.27,,1354.76,1357.86,49.27,53.16,i.t,miscellaneous,,0.25,-0.03,,,,,0.09,,,,,,,,,,,,,,,,2026-09-01,1300.66,1313.0,0.63,60.56,38.42,8.13,1278.77,1236.55,-0.32,,,,,,,
2026-09-01T23:56:56.93,IDBI,,,92.06,1.3,,86.66,100.17,11.62,10.48,bank,banks - private sector,,-0.26,-0.11,,,,,6.24,,,,,,,,,,,,,,,,2026-09-01,87.47,87.35,0.95,65.26,36.22,-6.1,84.66,81.2,-0.98,,,,,,,
2026-09-01T23:56:56.93,CRISIL,,,4829.5,0.16,,4545.2,5255.95,40.79,39.87,financials,miscellaneous,,0.03,0.05,,,,,6.25,,,,,,,,,,,,,,,,2026-09-01,4664.9,4452.1,0.91,72.39,33.82,3.47,4601.68,4460.31,-1.03,,,,,,,
2026-09-01T23:56:56.93,ECLERX,,,1973.8,-0.16,,1836.2,2180.2,27.63,16.73,i.t,computers - software - medium / small,,0.18,-0.15,,,,,7.49,,,,,,,,,,,,,,,,2026-09-01,1854.45,1891.4,0.71,63.76,24.21,-14.99,1808.16,1707.83,-1.53,,,,,,,
2026-09-01T23:56:56.93,SBFC,,,99.95,1.14,,95.35,106.84,21.18,22.56,financials,finance & investments,,-0.02,-0.08,,,,,4.82,,,,,,,,,,,,,,,,2026-09-01,95.95,92.6,6.25,66.02,22.97,17.65,93.07,89.85,-2.45,,,,,,,
2026-09-01T23:56:56.93,BBTC,,,1539.0,2.4,,1448.14,1675.3,9.31,8.13,auto,auto ancillaries,,-0.14,-0.2,,,,,6.27,,,,,,,,,,,,,,,,2026-09-01,1466.08,1421.6,0.59,56.43,26.41,-8.23,1422.79,1342.43,-3.67,,,,,,,
2026-09-01T23:56:56.93,SUPREMEIND,,,3605.0,1.29,,3573.32,3652.53,40.78,43.79,plastic products,plastics products,,-0.16,0.02,,,,,0.89,,,,,,,,,,,,,,,,2026-09-01,3492.03,3540.0,0.76,56.04,23.52,3.41,3419.99,3337.64,-4.35,,,,,,,
2026-09-01T23:56:56.93,CLEAN,,,827.1,0.52,,835.18,814.98,29.97,37.54,chemicals,chemicals,,0.03,-0.11,,,,,-0.97,,,,,,,,,,,,,,,,2026-09-01,801.2,816.2,0.63,57.62,33.85,2.48,788.33,764.05,-6.12,,,,,,,
2026-09-01T23:56:56.93,AFCONS,,,285.25,-0.14,,276.34,298.62,86.97,73.43,realty,construction,,-0.08,-0.3,,,,,3.23,,,,,,,,,,,,,,,,2026-09-01,277.58,282.25,0.26,53.5,16.43,-14.11,271.75,263.88,-8.05,,,,,,,
2026-09-01T23:56:56.93,COHANCE,,,460.0,0.89,,449.75,475.37,-182.54,164.01,healthcare,pharmaceuticals - indian - bulk drugs & formln,,0.4,-0.17,,,,,2.28,,,,,,,,,,,,,,,,2026-09-01,445.9,444.0,1.41,55.37,41.18,24.6,426.0,417.01,-10.11,,,,,,,
2026-09-01T23:56:56.93,URBANCO,,,167.63,0.31,,162.72,174.99,-69.85,-75.27,i.t,miscellaneous,,0.5,0.33,,,,,3.02,,,,,,,,,,,,,,,,2026-09-01,160.78,164.06,1.02,74.46,56.58,38.93,152.93,146.27,NaN,,,,,,,
2026-07-24T12:41:45.073,ADANIENSOL,,,1696.6,0.76,,1708.41,1678.88,44.32,69.29,power & utilities,power generation and supply,,0.69,0.71,,,,,-0.69,,,,,,,,,,,,,,,,2026-07-24,1635.42,1665.1,0.47,62.29,40.84,68.36,1587.73,1517.18,22.64,,,,,,,
2026-07-24T12:41:45.073,LAURUSLABS,,,1570.9,0.17,,1560.87,1585.95,75.96,95.22,healthcare,pharmaceuticals - indian - bulk drugs & formln,,0.44,0.55,,,,,0.64,,,,,,,,,,,,,,,,2026-07-24,1523.8,1527.2,0.32,62.47,35.14,47.64,1503.79,1464.16,21.9,,,,,,,
2026-07-24T12:41:45.073,SONACOMS,,,732.9,1.83,,708.18,769.98,59.3,69.81,auto,auto ancillaries,,0.44,0.44,,,,,3.49,,,,,,,,,,,,,,,,2026-07-24,690.9,701.15,2.97,77.23,54.21,48.64,685.39,658.51,15.07,,,,,,,
2026-07-24T12:41:45.073,HSCL,,,783.35,0.73,,720.9,877.03,43.04,48.76,chemicals,chemicals,,0.57,0.67,,,,,8.66,,,,,,,,,,,,,,,,2026-07-24,753.42,741.1,0.25,68.49,29.07,62.29,712.37,664.59,13.87,,,,,,,
2026-07-24T12:41:45.073,RADICO,,,4089.6,0.6,,4133.77,4023.34,76.24,90.02,fmcg,breweries & distilleries,,0.26,0.19,,,,,-1.07,,,,,,,,,,,,,,,,2026-07-24,3958.12,4038.9,0.59,62.21,42.23,25.04,3910.29,3804.21,11.75,,,,,,,
2026-07-24T12:41:45.073,ABB,,,7507.0,-0.28,,7239.16,7908.76,22.29,53.57,industrials,electric equipment,,0.45,0.45,,,,,3.7,,,,,,,,,,,,,,,,2026-07-24,7297.08,7416.5,0.29,62.36,24.07,44.89,7095.93,6863.63,9.24,,,,,,,
2026-07-24T12:41:45.073,EMCURE,,,1867.2,-0.12,,1814.78,1945.83,36.36,38.33,healthcare,pharmaceuticals - indian - bulk drugs & formln,,0.1,0.33,,,,,2.89,,,,,,,,,,,,,,,,2026-07-24,1818.29,1776.5,0.19,57.44,27.25,35.46,1753.21,1692.53,9.16,,,,,,,
2026-07-24T12:41:45.073,TITAN,,,4677.6,-0.42,,4667.77,4692.35,88.06,82.14,consumer discretionary,diamond cutting / jewellery,,0.07,0.2,,,,,0.21,,,,,,,,,,,,,,,,2026-07-24,4512.02,4604.1,0.33,67.04,34.91,18.91,4546.29,4456.4,8.63,,,,,,,
2026-07-24T12:41:45.073,NUVAMA,,,1971.0,1.22,,1907.99,2065.51,33.32,11.27,financials,finance & investments,,0.31,0.31,,,,,3.3,,,,,,,,,,,,,,,,2026-07-24,1882.68,1831.7,5.17,65.92,41.41,38.02,1804.32,1774.31,8.14,,,,,,,
2026-07-24T12:41:45.073,FLUOROCHEM,,,4554.3,-0.5,,4260.16,4995.52,114.78,87.57,chemicals,chemicals,,0.29,0.22,,,,,6.9,,,,,,,,,,,,,,,,2026-07-24,4380.6,4120.4,0.31,78.29,38.42,26.67,4270.5,4068.64,7.88,,,,,,,
2026-07-24T12:41:45.073,MANAPPURAM,,,348.65,-1.08,,337.07,366.01,18.27,30.05,financials,finance & investments,,0.07,0.25,,,,,3.43,,,,,,,,,,,,,,,,2026-07-24,336.68,324.15,0.44,61.71,16.89,18.7,328.37,316.31,6.8,,,,,,,
2026-07-24T12:41:45.073,HEG,,,639.55,2.52,,585.24,721.02,25.22,33.56,industrials,electrodes - graphites,,0.08,0.13,,,,,9.28,,,,,,,,,,,,,,,,2026-07-24,595.84,582.7,3.6,70.34,32.27,20.75,571.12,534.25,4.96,,,,,,,
2026-07-24T12:41:45.073,SIEMENS,,,3693.5,0.2,,3533.75,3933.12,88.79,84.32,industrials,electric equipment,,0.16,0.18,,,,,4.52,,,,,,,,,,,,,,,,2026-07-24,3550.15,3617.0,0.29,58.11,23.99,17.64,3506.45,3377.57,4.83,,,,,,,
2026-07-24T12:41:45.073,GRAPHITE,,,675.5,2.68,,615.86,764.96,-31.8,73.34,industrials,electrodes - graphites,,-0.02,0.13,,,,,9.68,,,,,,,,,,,,,,,,2026-07-24,640.82,618.6,2.86,60.76,21.58,19.85,617.3,585.65,3.89,,,,,,,
2026-07-24T12:41:45.073,EXIDEIND,,,442.3,0.58,,435.61,452.34,43.71,43.76,auto,auto ancillaries,,0.22,0.13,,,,,1.54,,,,,,,,,,,,,,,,2026-07-24,426.35,433.7,1.16,68.9,41.27,21.02,416.95,403.13,3.69,,,,,,,
2026-07-24T12:41:45.073,SHYAMMETL,,,1030.0,-0.94,,1021.48,1042.78,20.44,25.83,metals & mining,steel - large,,0.18,0.16,,,,,0.83,,,,,,,,,,,,,,,,2026-07-24,990.14,1010.35,0.15,58.43,29.84,26.37,956.95,905.92,3.61,,,,,,,
2026-07-24T12:41:45.073,INDIACEM,,,404.2,-0.98,,390.33,425.0,116.15,136.98,building materials,cement - south india,,-0.19,0.03,,,,,3.55,,,,,,,,,,,,,,,,2026-07-24,389.75,383.15,0.29,58.04,18.91,-8.18,375.13,354.12,3.43,,,,,,,
2026-07-24T12:41:45.073,DIVISLAB,,,7234.0,-0.97,,7232.27,7236.59,63.88,75.5,healthcare,pharmaceuticals - indian - bulk drugs,,0.1,0.05,,,,,0.02,,,,,,,,,,,,,,,,2026-07-24,7033.46,7177.0,0.43,62.69,39.49,11.1,6948.93,6781.13,1.75,,,,,,,
2026-07-24T12:41:45.073,UNITDSPR,,,1467.7,3.5,,1392.1,1581.11,56.28,53.47,fmcg,breweries & distilleries,,0.01,-0.01,,,,,5.43,,,,,,,,,,,,,,,,2026-07-24,1382.29,1363.5,2.87,69.86,18.37,2.87,1389.86,1343.78,1.74,,,,,,,
2026-07-24T12:41:45.073,AEGISVOPAK,,,291.75,-1.04,,289.17,295.62,117.64,138.41,transportation,miscellaneous,,0.31,0.08,,,,,0.89,,,,,,,,,,,,,,,,2026-07-24,276.61,270.52,0.47,63.4,49.06,14.06,260.74,239.93,1.4,,,,,,,
2026-07-24T12:41:45.073,PVRINOX,,,1050.8,4.31,,999.9,1127.14,45.69,22.25,media,entertainment / electronic media software,,0.01,-0.12,,,,,5.09,,,,,,,,,,,,,,,,2026-07-24,988.04,981.1,4.21,64.52,20.26,0.48,984.6,937.15,1.35,,,,,,,
2026-07-24T12:41:45.073,ICICIBANK,,,1434.4,-0.01,,1433.84,1435.24,16.65,18.3,bank,banks - private sector,,-0.02,0.03,,,,,0.04,,,,,,,,,,,,,,,,2026-07-24,1387.09,1415.4,0.47,62.24,32.55,4.82,1384.21,1351.07,0.21,,,,,,,
2026-07-24T12:41:45.073,SBILIFE,,,1852.2,-0.07,,1825.92,1891.62,57.74,75.25,financials,finance & investments,,-0.16,-0.1,,,,,1.44,,,,,,,,,,,,,,,,2026-07-24,1793.5,1797.0,0.17,56.46,18.52,-8.41,1776.18,1721.77,0.21,,,,,,,
2026-07-24T12:41:45.073,PNB,,,110.01,-0.13,,106.09,115.89,5.44,5.74,bank,banks - public sector,,-0.19,-0.13,,,,,3.69,,,,,,,,,,,,,,,,2026-07-24,106.54,107.4,0.25,57.86,15.78,-9.07,105.46,102.4,-1.19,,,,,,,
2026-07-24T12:41:45.073,HAL,,,4574.1,-0.4,,4472.22,4726.92,18.23,33.69,aerospace & defence,engineering,,-0.03,-0.04,,,,,2.28,,,,,,,,,,,,,,,,2026-07-24,4428.62,4461.0,0.33,61.7,14.01,4.29,4411.92,4303.09,-1.43,,,,,,,
2026-07-24T12:41:45.073,NUVOCO,,,357.9,-1.09,,347.1,374.1,20.02,33.47,building materials,cement - north india,,-0.06,-0.09,,,,,3.11,,,,,,,,,,,,,,,,2026-07-24,343.98,343.95,0.16,60.67,37.47,-1.38,323.1,300.86,-1.43,,,,,,,
2026-07-24T12:41:45.073,SPLPETRO,,,741.0,0.76,,703.5,797.25,20.65,41.98,energy,petrochemicals,,0.31,0.09,,,,,5.33,,,,,,,,,,,,,,,,2026-07-24,720.3,685.0,0.96,57.4,14.76,14.86,683.76,656.59,-1.79,,,,,,,
2026-07-24T12:41:45.073,BAJAJFINSV,,,1884.1,-0.28,,1881.45,1888.07,29.62,30.72,financials,finance & investments,,-0.13,-0.13,,,,,0.14,,,,,,,,,,,,,,,,2026-07-24,1829.17,1838.8,0.54,57.52,19.03,-8.05,1809.01,1756.5,-1.92,,,,,,,
2026-07-24T12:41:45.073,COLPAL,,,2090.5,0.23,,2042.62,2162.32,40.23,42.8,fmcg,personal care - multinational,,-0.12,-0.07,,,,,2.34,,,,,,,,,,,,,,,,2026-07-24,2023.7,2024.5,0.25,55.74,14.41,-0.81,1995.65,1937.81,-2.82,,,,,,,
2026-07-24T12:41:45.073,SHREECEM,,,26845.0,0.08,,26806.04,26903.45,46.06,55.51,building materials,cement - north india,,-0.1,-0.05,,,,,0.15,,,,,,,,,,,,,,,,2026-07-24,25896.5,26400.0,0.3,57.66,24.23,4.41,25747.42,24924.24,-3.08,,,,,,,
2026-07-24T12:41:45.073,JKCEMENT,,,5648.0,-0.35,,5427.69,5978.46,39.32,46.32,building materials,cement - north india,,-0.07,-0.03,,,,,4.06,,,,,,,,,,,,,,,,2026-07-24,5466.44,5249.0,0.19,60.08,9.59,4.3,5314.85,5079.49,-3.18,,,,,,,
2026-07-24T12:41:45.073,PPLPHARMA,,,181.42,0.33,,175.79,189.86,-647.93,-73.21,healthcare,pharmaceuticals - indian - bulk drugs & formln,,0.07,-0.12,,,,,3.2,,,,,,,,,,,,,,,,2026-07-24,174.68,174.45,0.33,58.64,27.11,2.25,166.46,156.14,-3.26,,,,,,,
2026-07-24T12:41:45.073,HAVELLS,,,1228.7,1.55,,1183.97,1295.79,66.34,46.46,consumer discretionary,electric equipment,,-0.14,-0.18,,,,,3.78,,,,,,,,,,,,,,,,2026-07-24,1171.88,1165.6,0.46,60.62,10.93,-14.11,1167.36,1124.55,-4.68,,,,,,,
2026-07-24T12:41:45.073,HCLTECH,,,1257.8,1.05,,1204.68,1337.49,18.4,19.34,i.t,computers - software - large,,-0.32,-0.2,,,,,4.41,,,,,,,,,,,,,,,,2026-07-24,1211.87,1200.1,0.52,65.37,23.28,-24.67,1193.42,1163.33,-4.8,,,,,,,
2026-07-24T12:41:45.073,LTTS,,,3412.1,1.09,,3284.28,3603.83,25.37,27.1,i.t,computers - software - large,,-0.19,-0.19,,,,,3.89,,,,,,,,,,,,,,,,2026-07-24,3270.75,3293.0,0.25,55.29,18.17,-26.31,3183.93,3019.4,-5.15,,,,,,,
2026-07-24T12:41:45.073,JYOTICNC,,,794.75,0.83,,789.05,803.29,49.92,53.36,industrials,engineering,,-0.12,-0.13,,,,,0.72,,,,,,,,,,,,,,,,2026-07-24,761.46,770.65,0.12,58.55,35.72,-17.26,740.94,702.82,-5.24,,,,,,,
2026-07-24T12:41:45.073,UBL,,,1403.7,0.43,,1352.53,1480.45,91.15,89.48,fmcg,breweries & distilleries,,-0.1,-0.24,,,,,3.78,,,,,,,,,,,,,,,,2026-07-24,1360.24,1339.3,0.66,60.25,19.8,-13.28,1327.72,1290.04,-6.94,,,,,,,
2026-07-24T12:41:45.073,TCS,,,2248.5,0.25,,2177.68,2354.74,15.23,16.3,i.t,computers - software - large,,-0.34,-0.27,,,,,3.25,,,,,,,,,,,,,,,,2026-07-24,2161.0,2193.6,0.36,58.13,17.23,-32.36,2140.28,2074.92,-7.33,,,,,,,
2026-07-24T12:41:45.073,PIIND,,,2767.5,0.91,,2577.92,3051.88,52.41,31.5,chemicals,pesticides / agrochemicals - indian,,-0.2,-0.29,,,,,7.35,,,,,,,,,,,,,,,,2026-07-24,2649.23,2628.0,0.38,58.82,19.9,-15.27,2639.85,2549.91,-7.54,,,,,,,
2026-07-24T12:41:45.073,MAPMYINDIA,,,1097.6,1.46,,1136.18,1039.73,29.57,44.14,i.t,computers - software - medium / small,,-0.25,-0.42,,,,,-3.4,,,,,,,,,,,,,,,,2026-07-24,1051.54,1026.15,0.33,60.3,33.68,-36.01,966.69,885.91,-9.65,,,,,,,
2026-07-24T12:41:45.073,LENSKART,,,557.5,0.02,,544.05,577.68,119.12,168.91,fmcg,personal care - indian,,0.17,NaN,,,,,2.47,,,,,,,,,,,,,,,,2026-07-24,534.39,536.0,0.2,67.94,27.49,19.48,527.52,507.29,NaN,,,,,,,
2026-07-23T18:38:24.636,AEGISLOG,,,1368.9,1.3,,1348.18,1399.98,29.27,52.81,services,trading,,0.91,0.73,,,,,1.54,,,,,,,,,,,,,,,,2026-07-23,1315.16,1290.1,0.42,64.36,51.79,85.98,1201.73,1117.45,20.23,,,,,,,
2026-07-23T18:38:24.636,FEDERALBNK,,,354.4,0.33,,338.96,377.56,17.41,18.57,bank,banks - private sector,,0.18,0.45,,,,,4.56,,,,,,,,,,,,,,,,2026-07-23,344.52,323.4,0.31,74.17,39.91,32.48,338.54,327.69,16.35,,,,,,,
2026-07-23T18:38:24.636,HSCL,,,777.65,1.22,,706.05,885.05,42.73,48.17,chemicals,chemicals,,0.59,0.65,,,,,10.14,,,,,,,,,,,,,,,,2026-07-23,732.16,706.55,0.73,67.71,27.71,62.72,699.79,645.75,13.58,,,,,,,
2026-07-23T18:38:24.636,TORNTPHARM,,,5065.2,0.63,,4984.21,5186.69,110.02,78.63,healthcare,pharmaceuticals - indian - formulations,,0.17,0.38,,,,,1.63,,,,,,,,,,,,,,,,2026-07-23,4836.59,4695.1,0.64,67.43,32.08,33.29,4752.72,4531.65,11.47,,,,,,,
2026-07-23T18:38:24.636,ABB,,,7528.0,0.29,,7170.22,8064.68,22.36,53.42,industrials,electric equipment,,0.47,0.39,,,,,4.99,,,,,,,,,,,,,,,,2026-07-23,7336.28,7416.5,0.8,63.32,22.91,45.41,7086.47,6911.82,9.1,,,,,,,
2026-07-23T18:38:24.636,BAJAJ-AUTO,,,11283.5,2.59,,10357.69,12672.21,24.42,26.12,auto,automobiles - scooters and 3 - wheelers,,0.13,0.25,,,,,8.94,,,,,,,,,,,,,,,,2026-07-23,10747.66,10342.5,2.38,74.68,25.95,25.35,10700.47,10310.69,8.38,,,,,,,
2026-07-23T18:38:24.636,LLOYDSME,,,1930.6,3.15,,1834.87,2074.2,18.03,26.82,metals & mining,mining / minerals / metals,,0.56,0.42,,,,,5.22,,,,,,,,,,,,,,,,2026-07-23,1818.0,1799.1,1.17,63.93,23.86,48.43,1794.64,1710.07,8.37,,,,,,,
2026-07-23T18:38:24.636,EICHERMOT,,,7718.0,1.13,,7381.66,8222.51,34.82,37.95,auto,automobiles - motorcycles / mopeds,,-0.0,0.1,,,,,4.56,,,,,,,,,,,,,,,,2026-07-23,7455.84,7450.0,0.71,63.01,11.76,6.94,7418.52,7264.92,8.15,,,,,,,
2026-07-23T18:38:24.636,FLUOROCHEM,,,4588.2,-0.05,,4185.51,5192.24,115.63,87.82,chemicals,chemicals,,0.3,0.22,,,,,9.62,,,,,,,,,,,,,,,,2026-07-23,4425.48,4043.2,1.21,81.37,37.32,27.05,4289.0,4101.39,8.05,,,,,,,
2026-07-23T18:38:24.636,NUVAMA,,,1947.2,3.44,,1909.02,2004.47,32.91,10.9,financials,finance & investments,,0.31,0.29,,,,,2.0,,,,,,,,,,,,,,,,2026-07-23,1817.8,1821.4,1.75,64.12,40.66,35.85,1807.88,1721.09,7.64,,,,,,,
2026-07-23T18:38:24.636,TVSMOTOR,,,3919.8,0.31,,3672.1,4291.34,45.66,54.16,auto,automobiles - motorcycles / mopeds,,0.0,0.1,,,,,6.75,,,,,,,,,,,,,,,,2026-07-23,3819.06,3550.1,1.41,70.68,23.07,6.93,3694.13,3579.78,7.64,,,,,,,
2026-07-23T18:38:24.636,MANAPPURAM,,,352.45,0.64,,334.77,378.97,18.47,29.86,financials,finance & investments,,0.09,0.24,,,,,5.28,,,,,,,,,,,,,,,,2026-07-23,341.43,318.75,1.09,64.86,16.48,20.5,331.62,320.24,7.21,,,,,,,
2026-07-23T18:38:24.636,MRPL,,,175.95,0.74,,163.06,195.29,8.15,9.74,energy,refineries,,0.07,0.0,,,,,7.91,,,,,,,,,,,,,,,,2026-07-23,170.33,165.37,2.58,64.28,23.67,18.89,158.66,152.73,5.2,,,,,,,
2026-07-23T18:38:24.636,SHYAMMETL,,,1039.75,0.93,,1014.42,1077.75,20.63,25.59,metals & mining,steel - large,,0.2,0.2,,,,,2.5,,,,,,,,,,,,,,,,2026-07-23,995.19,1006.7,0.29,61.34,30.69,27.14,963.53,911.96,4.7,,,,,,,
2026-07-23T18:38:24.636,HEG,,,623.85,4.17,,576.18,695.35,-26.43,33.87,industrials,electrodes - graphites,,0.05,0.08,,,,,8.27,,,,,,,,,,,,,,,,2026-07-23,587.31,582.7,11.75,67.51,29.32,17.73,560.66,565.31,4.38,,,,,,,
2026-07-23T18:38:24.636,SIEMENS,,,3686.3,1.01,,3512.07,3947.65,88.61,83.47,industrials,electric equipment,,0.18,0.16,,,,,4.96,,,,,,,,,,,,,,,,2026-07-23,3545.05,3614.8,0.67,57.52,23.74,18.48,3494.19,3372.81,4.35,,,,,,,
2026-07-23T18:38:24.636,SUNPHARMA,,,1954.0,0.57,,1947.03,1964.45,43.23,40.65,healthcare,pharmaceuticals - indian - bulk drugs & formln,,0.12,0.12,,,,,0.36,,,,,,,,,,,,,,,,2026-07-23,1888.26,1922.5,0.88,63.7,31.63,12.04,1892.88,1851.54,3.54,,,,,,,
2026-07-23T18:38:24.636,INDIACEM,,,408.2,-0.35,,387.1,439.85,117.3,137.47,building materials,cement - south india,,-0.17,0.01,,,,,5.45,,,,,,,,,,,,,,,,2026-07-23,393.08,383.15,0.77,60.83,18.5,-6.62,377.33,356.78,3.49,,,,,,,
2026-07-23T18:38:24.636,HEROMOTOCO,,,5173.8,3.74,,4882.11,5611.33,17.72,17.38,auto,automobiles - motorcycles / mopeds,,-0.14,-0.06,,,,,5.97,,,,,,,,,,,,,,,,2026-07-23,4880.5,4870.9,2.42,66.03,12.15,-10.5,4940.18,4789.47,2.9,,,,,,,
2026-07-23T18:38:24.636,BOSCHLTD,,,42250.0,1.66,,41355.58,43591.64,54.66,44.2,auto,auto ancillaries,,0.11,0.1,,,,,2.16,,,,,,,,,,,,,,,,2026-07-23,40302.5,40400.0,0.95,66.57,34.92,17.56,40354.99,39668.72,2.61,,,,,,,
2026-07-23T18:38:24.636,MEDANTA,,,1378.2,1.83,,1330.37,1449.94,64.28,65.35,healthcare,healthcare,,0.21,0.04,,,,,3.6,,,,,,,,,,,,,,,,2026-07-23,1323.69,1305.0,3.25,66.83,26.16,17.87,1304.77,1273.5,1.1,,,,,,,
2026-07-23T18:38:24.636,JSL,,,735.85,-0.35,,720.65,758.65,17.97,19.05,metals & mining,steel - large,,-0.1,-0.03,,,,,2.11,,,,,,,,,,,,,,,,2026-07-23,709.18,723.65,0.33,59.59,19.78,-8.23,702.97,680.47,1.05,,,,,,,
2026-07-23T18:38:24.636,UNITDSPR,,,1418.0,0.98,,1389.52,1460.71,46.71,54.28,fmcg,breweries & distilleries,,-0.01,-0.03,,,,,2.05,,,,,,,,,,,,,,,,2026-07-23,1367.1,1351.0,1.73,62.27,16.41,0.85,1353.75,1322.96,1.0,,,,,,,
2026-07-23T18:38:24.636,OIL,,,458.8,1.7,,434.94,494.58,8.88,11.08,energy,oil drilling / allied services,,-0.03,0.02,,,,,5.48,,,,,,,,,,,,,,,,2026-07-23,441.88,427.25,0.99,61.42,22.98,13.33,437.49,423.71,0.93,,,,,,,
2026-07-23T18:38:24.636,M&M,,,3229.7,1.71,,3121.51,3391.98,19.33,20.74,auto,automobiles - passenger cars,,-0.16,-0.14,,,,,3.47,,,,,,,,,,,,,,,,2026-07-23,3092.88,3119.0,0.94,58.78,14.19,-10.35,3094.02,3012.56,0.26,,,,,,,
2026-07-23T18:38:24.636,ICICIBANK,,,1434.6,-0.42,,1431.57,1439.15,16.65,18.37,bank,banks - private sector,,-0.02,0.05,,,,,0.21,,,,,,,,,,,,,,,,2026-07-23,1398.07,1419.7,0.81,62.32,33.7,5.98,1383.7,1356.93,0.19,,,,,,,
2026-07-23T18:38:24.636,TECHM,,,1555.8,-0.31,,1506.04,1630.44,23.53,26.93,i.t,computers - software - large,,-0.15,0.06,,,,,3.3,,,,,,,,,,,,,,,,2026-07-23,1508.22,1527.3,0.87,62.21,17.04,-3.47,1473.15,1422.97,-0.06,,,,,,,
2026-07-23T18:38:24.636,POWERGRID,,,289.8,0.17,,280.71,303.43,14.82,16.89,power & utilities,power generation and supply,,0.04,0.04,,,,,3.24,,,,,,,,,,,,,,,,2026-07-23,281.26,279.65,0.64,54.73,13.13,10.25,279.7,273.27,-0.5,,,,,,,
2026-07-23T18:38:24.636,NUVOCO,,,361.85,0.6,,342.76,390.48,20.24,33.27,building materials,cement - north india,,-0.04,-0.08,,,,,5.57,,,,,,,,,,,,,,,,2026-07-23,347.46,342.2,0.42,62.85,36.29,0.28,324.14,298.86,-0.52,,,,,,,
2026-07-23T18:38:24.636,PNB,,,110.15,-0.52,,105.3,117.43,5.44,5.77,bank,banks - public sector,,-0.18,-0.12,,,,,4.61,,,,,,,,,,,,,,,,2026-07-23,107.36,104.59,0.47,58.32,15.57,-7.51,105.32,102.55,-0.73,,,,,,,
2026-07-23T18:38:24.636,SUMICHEM,,,530.1,-0.21,,534.25,523.88,59.43,48.82,chemicals,pesticides / agrochemicals - indian,,0.17,0.07,,,,,-0.78,,,,,,,,,,,,,,,,2026-07-23,514.5,522.65,0.28,63.02,29.24,19.88,494.48,478.26,-0.93,,,,,,,
2026-07-23T18:38:24.636,ULTRACEMCO,,,11908.0,0.13,,11730.59,12174.12,33.69,40.97,building materials,cement - north india,,-0.1,-0.03,,,,,1.51,,,,,,,,,,,,,,,,2026-07-23,11524.8,11652.0,1.26,58.18,12.35,3.58,11427.86,11127.75,-1.12,,,,,,,
2026-07-23T18:38:24.636,HAL,,,4592.5,0.39,,4454.69,4799.22,18.3,33.56,aerospace & defence,engineering,,-0.01,-0.03,,,,,3.09,,,,,,,,,,,,,,,,2026-07-23,4454.1,4426.8,0.66,63.86,13.59,6.69,4426.95,4310.29,-1.41,,,,,,,
2026-07-23T18:38:24.636,BAJAJFINSV,,,1889.4,0.69,,1880.84,1902.24,29.71,30.51,financials,finance & investments,,-0.11,-0.12,,,,,0.46,,,,,,,,,,,,,,,,2026-07-23,1825.05,1822.0,1.09,58.58,19.3,-7.54,1807.8,1757.0,-1.86,,,,,,,
2026-07-23T18:38:24.636,SPLPETRO,,,735.45,0.16,,701.59,786.23,20.5,41.91,energy,petrochemicals,,0.28,0.07,,,,,4.83,,,,,,,,,,,,,,,,2026-07-23,712.71,678.35,2.27,55.6,14.4,17.39,675.16,646.7,-1.98,,,,,,,
2026-07-23T18:38:24.636,RKFORGE,,,584.0,1.44,,557.4,623.9,47.25,145.38,industrials,castings & forgings,,0.09,0.06,,,,,4.77,,,,,,,,,,,,,,,,2026-07-23,560.07,553.25,1.98,55.95,12.02,22.39,549.04,528.72,-2.03,,,,,,,
2026-07-23T18:38:24.636,SHREECEM,,,26710.0,-0.04,,26777.77,26608.34,45.83,55.29,building materials,cement - north india,,-0.1,-0.06,,,,,-0.25,,,,,,,,,,,,,,,,2026-07-23,26072.9,26400.0,1.27,56.39,24.93,4.34,25555.15,25114.02,-3.26,,,,,,,
2026-07-23T18:38:24.636,PPLPHARMA,,,180.83,2.11,,174.85,189.79,-645.82,-71.7,healthcare,pharmaceuticals - indian - bulk drugs & formln,,0.07,-0.12,,,,,3.42,,,,,,,,,,,,,,,,2026-07-23,171.7,172.1,1.3,58.1,26.11,5.84,164.36,156.16,-3.41,,,,,,,
2026-07-23T18:38:24.636,HCLTECH,,,1244.7,0.6,,1191.21,1324.93,18.21,19.22,i.t,computers - software - large,,-0.32,-0.21,,,,,4.49,,,,,,,,,,,,,,,,2026-07-23,1204.22,1195.8,0.45,63.58,21.96,-24.17,1183.52,1141.74,-5.0,,,,,,,
2026-07-23T18:38:24.636,HAVELLS,,,1209.9,0.23,,1180.5,1254.0,65.33,46.36,consumer discretionary,electric equipment,,-0.15,-0.19,,,,,2.49,,,,,,,,,,,,,,,,2026-07-23,1174.24,1141.2,0.89,55.95,11.49,-14.61,1150.97,1116.77,-5.12,,,,,,,
2026-07-23T18:38:24.636,TCS,,,2242.9,1.57,,2159.56,2367.91,15.2,16.04,i.t,computers - software - large,,-0.34,-0.28,,,,,3.86,,,,,,,,,,,,,,,,2026-07-23,2149.73,2193.6,0.47,57.6,17.37,-31.66,2136.95,2064.59,-7.46,,,,,,,
2026-06-02T07:10:58.006,NATIONALUM,,,434.2,2.3,,398.25,488.12,11.57,13.75,metals & mining,aluminium and aluminium products,,0.53,0.96,,,,,9.03,,,,,,,,,,,,,,,,2026-06-02,412.97,400.25,0.72,60.63,17.32,83.63,403.08,382.29,32.98,,,,,,,
2026-06-02T07:10:58.006,HFCL,,,182.28,1.3,,162.57,211.84,37.66,85.58,telecom,cables - telephone,,1.35,1.51,,,,,12.12,,,,,,,,,,,,,,,,2026-06-02,174.45,155.0,1.06,82.76,59.09,141.42,159.16,147.54,29.64,,,,,,,
2026-06-02T07:10:58.006,LAURUSLABS,,,1388.4,1.94,,1388.11,1388.83,67.14,84.3,healthcare,pharmaceuticals - indian - bulk drugs & formln,,0.28,0.5,,,,,0.02,,,,,,,,,,,,,,,,2026-06-02,1330.84,1340.0,1.42,76.63,48.07,44.7,1325.54,1288.79,29.49,,,,,,,
2026-06-02T07:10:58.006,SYRMA,,,1107.3,1.72,,1027.93,1226.35,52.33,65.72,consumer discretionary,electronics - components,,0.2,0.28,,,,,7.72,,,,,,,,,,,,,,,,2026-06-02,1064.18,1036.15,0.82,67.92,36.48,38.14,1027.08,974.61,23.63,,,,,,,
2026-06-02T07:10:58.006,HINDALCO,,,1141.3,1.3,,1091.45,1216.07,24.39,18.92,metals & mining,aluminium and aluminium products,,0.3,0.49,,,,,4.57,,,,,,,,,,,,,,,,2026-06-02,1104.66,1081.2,1.11,65.05,31.98,34.51,1071.97,1028.68,18.02,,,,,,,
2026-06-02T07:10:58.006,CHENNPETRO,,,1096.9,3.66,,988.55,1259.43,2.87,5.26,energy,refineries,,0.1,0.43,,,,,10.96,,,,,,,,,,,,,,,,2026-06-02,1039.0,1014.0,0.83,61.67,13.13,30.12,1023.91,986.47,15.01,,,,,,,
2026-06-02T07:10:58.006,CEMPRO,,,1073.8,0.25,,939.28,1275.58,19.04,30.85,realty,construction,,0.22,0.32,,,,,14.32,,,,,,,,,,,,,,,,2026-06-02,1004.6,869.65,0.62,75.57,41.41,28.3,952.29,872.35,14.58,,,,,,,
2026-06-02T07:10:58.006,NEULANDLAB,,,17198.0,0.64,,16819.48,17765.77,25.94,60.62,healthcare,pharmaceuticals - indian - bulk drugs,,-0.05,0.07,,,,,2.25,,,,,,,,,,,,,,,,2026-06-02,16553.18,16650.0,1.35,63.73,31.28,9.26,15884.93,15386.12,11.95,,,,,,,
2026-06-02T07:10:58.006,THERMAX,,,4992.8,0.2,,4551.58,5654.62,57.57,78.07,industrials,electric equipment,,0.56,0.44,,,,,9.69,,,,,,,,,,,,,,,,2026-06-02,4704.0,4383.1,0.94,73.36,54.75,53.4,4536.0,4216.69,11.09,,,,,,,
2026-06-02T07:10:58.006,GLAND,,,2292.4,1.88,,2280.89,2309.67,25.75,36.76,healthcare,pharmaceuticals - indian - formulations,,0.19,0.13,,,,,0.51,,,,,,,,,,,,,,,,2026-06-02,2210.68,2230.0,1.49,69.96,41.54,20.5,2096.25,2013.24,11.02,,,,,,,
2026-06-02T07:10:58.006,J&KBANK,,,141.77,1.0,,136.25,150.05,4.89,6.62,bank,banks - private sector,,0.21,0.35,,,,,4.05,,,,,,,,,,,,,,,,2026-06-02,136.13,138.91,0.9,59.84,18.22,31.31,132.05,127.94,9.83,,,,,,,
2026-06-02T07:10:58.006,LLOYDSME,,,1817.6,0.86,,1740.51,1933.24,16.97,26.04,metals & mining,mining / minerals / metals,,0.36,0.35,,,,,4.43,,,,,,,,,,,,,,,,2026-06-02,1765.08,1747.6,0.95,63.17,36.01,37.83,1709.37,1650.6,8.98,,,,,,,
2026-06-02T07:10:58.006,NSLNISP,,,50.5,13.18,,44.02,60.22,9.42,240.48,metals & mining,steel - large,,0.09,0.07,,,,,14.71,,,,,,,,,,,,,,,,2026-06-02,46.47,44.0,13.76,72.53,29.17,6.29,44.78,42.61,6.87,,,,,,,
2026-06-02T07:10:58.006,PTCIL,,,18489.0,14.19,,16080.16,22102.26,115.67,272.9,industrials,castings & forgings,,-0.06,0.26,,,,,14.98,,,,,,,,,,,,,,,,2026-06-02,16781.52,15930.0,13.29,68.65,15.78,7.86,16571.0,15812.5,5.55,,,,,,,
2026-06-02T07:10:58.006,OFSS,,,10191.0,2.28,,9636.28,11023.08,26.34,33.58,i.t,computers - software - large,,0.15,0.08,,,,,5.76,,,,,,,,,,,,,,,,2026-06-02,9861.74,9500.0,1.11,68.53,41.51,18.49,9394.43,8897.0,5.42,,,,,,,
2026-06-02T07:10:58.006,ELGIEQUIP,,,580.25,1.19,,545.57,632.27,35.73,42.57,industrials,compressors / drilling equipment,,0.07,0.2,,,,,6.36,,,,,,,,,,,,,,,,2026-06-02,557.13,559.8,1.71,63.8,24.21,16.9,525.5,498.19,5.11,,,,,,,
2026-06-02T07:10:58.006,ZYDUSLIFE,,,1091.2,1.25,,1054.56,1146.16,21.57,21.78,healthcare,pharmaceuticals - indian - bulk drugs & formln,,0.07,0.01,,,,,3.47,,,,,,,,,,,,,,,,2026-06-02,1050.36,1041.5,1.45,74.27,47.65,8.99,1027.41,997.26,4.65,,,,,,,
2026-06-02T07:10:58.006,TEGA,,,1811.4,2.57,,1551.57,2201.15,79.73,88.06,industrials,engineering,,-0.13,-0.14,,,,,16.75,,,,,,,,,,,,,,,,2026-06-02,1682.86,1522.2,7.83,69.09,20.37,-5.38,1611.84,1518.17,4.6,,,,,,,
2026-06-02T07:10:58.006,STARHEALTH,,,532.95,0.95,,511.82,564.65,70.5,56.28,financials,finance & investments,,0.0,0.16,,,,,4.13,,,,,,,,,,,,,,,,2026-06-02,509.7,518.75,1.38,66.15,36.01,7.88,502.26,485.74,3.97,,,,,,,
2026-06-02T07:10:58.006,ANANTRAJ,,,538.65,4.77,,489.27,612.72,32.22,33.64,realty,construction,,-0.16,-0.02,,,,,10.09,,,,,,,,,,,,,,,,2026-06-02,506.66,500.0,3.19,61.05,15.54,-13.76,497.24,476.49,0.87,,,,,,,
2026-06-02T07:10:58.006,EXIDEIND,,,392.25,1.49,,350.98,454.15,38.76,39.03,auto,auto ancillaries,,-0.02,-0.1,,,,,11.76,,,,,,,,,,,,,,,,2026-06-02,376.86,340.7,1.01,70.32,24.07,3.15,364.69,346.47,0.56,,,,,,,
2026-06-02T07:10:58.006,WELSPUNLIV,,,145.13,5.19,,139.14,154.12,33.59,63.65,textiles,textiles - products,,0.01,0.14,,,,,4.31,,,,,,,,,,,,,,,,2026-06-02,138.94,137.3,3.17,65.43,18.29,13.24,135.22,128.66,0.04,,,,,,,
2026-06-02T07:10:58.006,TECHM,,,1543.2,4.0,,1407.3,1747.04,25.27,28.43,i.t,computers - software - large,,-0.06,-0.02,,,,,9.66,,,,,,,,,,,,,,,,2026-06-02,1465.3,1421.2,2.0,64.76,14.82,6.63,1453.13,1404.87,-0.36,,,,,,,
2026-06-02T07:10:58.006,PERSISTENT,,,5402.0,4.0,,4928.56,6112.16,39.92,45.12,i.t,computers - software - large,,-0.23,-0.04,,,,,9.61,,,,,,,,,,,,,,,,2026-06-02,5121.97,4971.5,1.39,65.02,15.95,-7.28,5053.83,4888.69,-0.97,,,,,,,
2026-06-02T07:10:58.006,TATATECH,,,714.8,1.35,,683.76,761.36,35.53,53.11,i.t,computers - software - medium / small,,-0.03,-0.02,,,,,4.54,,,,,,,,,,,,,,,,2026-06-02,691.93,664.1,0.84,73.07,46.58,2.88,669.91,644.99,-1.04,,,,,,,
2026-06-02T07:10:58.006,AEGISLOG,,,774.25,3.45,,694.97,893.17,16.56,30.26,services,trading,,-0.06,0.05,,,,,11.41,,,,,,,,,,,,,,,,2026-06-02,735.74,705.0,2.6,67.48,24.87,-3.49,710.35,680.47,-1.16,,,,,,,
2026-06-02T07:10:58.006,NBCC,,,104.4,4.13,,94.22,119.66,29.33,39.25,miscellaneous,miscellaneous,,-0.18,-0.06,,,,,10.8,,,,,,,,,,,,,,,,2026-06-02,97.08,94.3,3.3,69.0,17.65,-4.53,96.0,91.05,-1.49,,,,,,,
2026-06-02T07:10:58.006,BERGEPAINT,,,512.9,2.46,,511.12,515.56,44.68,53.04,building materials,paints / varnishes,,-0.17,-0.1,,,,,0.35,,,,,,,,,,,,,,,,2026-06-02,491.91,495.0,0.97,56.36,30.83,-5.87,471.97,447.21,-1.7,,,,,,,
2026-06-02T07:10:58.006,MPHASIS,,,2310.5,1.72,,2149.54,2551.95,21.61,23.62,i.t,computers - software - large,,-0.24,-0.24,,,,,7.49,,,,,,,,,,,,,,,,2026-06-02,2237.14,2224.1,1.18,58.98,13.98,-18.37,2164.05,2116.72,-2.71,,,,,,,
2026-06-02T07:10:58.006,KPRMILL,,,992.05,2.64,,928.43,1087.48,37.3,39.13,consumer discretionary,textiles - products,,-0.16,-0.04,,,,,6.85,,,,,,,,,,,,,,,,2026-06-02,960.69,930.55,3.41,64.63,25.51,-7.2,923.71,892.41,-2.81,,,,,,,
2026-06-02T07:10:58.006,SAREGAMA,,,459.75,8.39,,402.51,545.61,29.78,42.93,media,entertainment / electronic media software,,0.06,-0.11,,,,,14.22,,,,,,,,,,,,,,,,2026-06-02,429.83,394.1,4.4,75.65,43.72,1.1,405.39,382.36,-2.95,,,,,,,
2026-06-02T07:10:58.006,REDINGTON,,,233.22,3.96,,217.21,257.24,11.64,12.24,services,trading,,-0.24,-0.07,,,,,7.37,,,,,,,,,,,,,,,,2026-06-02,220.5,221.01,7.37,61.86,12.16,-10.71,215.75,213.29,-3.16,,,,,,,
2026-06-02T07:10:58.006,COFORGE,,,1461.2,2.77,,1392.82,1563.77,20.04,31.52,i.t,computers - software - large,,-0.3,-0.2,,,,,4.91,,,,,,,,,,,,,,,,2026-06-02,1409.34,1376.6,1.47,65.88,20.59,-19.23,1349.17,1302.16,-3.17,,,,,,,
2026-06-02T07:10:58.006,WIPRO,,,206.41,1.06,,195.52,222.74,15.45,16.38,i.t,computers - software - large,,-0.24,-0.21,,,,,5.57,,,,,,,,,,,,,,,,2026-06-02,201.0,200.2,1.03,60.33,20.07,-14.44,195.55,188.74,-4.14,,,,,,,
2026-06-02T07:10:58.006,ZEEL,,,95.79,2.88,,83.19,114.7,-22.17,33.85,media,entertainment / electronic media software,,-0.1,-0.21,,,,,15.15,,,,,,,,,,,,,,,,2026-06-02,90.69,82.38,4.27,62.84,24.24,-6.81,85.63,82.01,-5.78,,,,,,,
2026-06-02T07:10:58.006,AFCONS,,,331.35,-2.27,,304.09,372.24,-34.37,48.66,realty,construction,,-0.26,-0.3,,,,,8.96,,,,,,,,,,,,,,,,2026-06-02,320.75,301.25,0.41,54.64,20.28,-26.08,299.37,281.94,-6.14,,,,,,,
2026-06-02T07:10:58.006,TEJASNET,,,526.1,1.1,,474.91,602.88,-11.05,-10.24,telecom,telecommunications - equipment,,-0.04,-0.14,,,,,10.78,,,,,,,,,,,,,,,,2026-06-02,510.92,469.55,2.04,67.31,25.23,-3.13,467.72,451.53,-6.15,,,,,,,
2026-06-02T07:10:58.006,FSL,,,267.25,1.72,,260.56,277.28,22.5,27.38,i.t,computers - software - medium / small,,-0.3,-0.29,,,,,2.57,,,,,,,,,,,,,,,,2026-06-02,254.8,260.0,0.36,59.45,30.51,-22.11,241.46,226.87,-7.45,,,,,,,
2026-06-02T07:10:58.006,HEXT,,,514.2,1.22,,503.88,529.69,NaN,0.0,n/a,indices,,-0.37,-0.34,,,,,2.05,,,,,,,,,,,,,,,,2026-06-02,494.95,498.8,1.15,62.3,22.38,-28.1,479.41,468.12,-8.75,,,,,,,
2026-06-02T07:10:58.006,KPITTECH,,,786.1,1.83,,734.48,863.53,32.81,33.55,i.t,computers - software - medium / small,,-0.41,-0.4,,,,,7.03,,,,,,,,,,,,,,,,2026-06-02,760.53,753.95,0.95,64.13,18.32,-33.94,728.11,704.37,-9.87,,,,,,,
2026-06-02T07:10:58.006,CPPLUS,,,3126.0,7.66,,2546.41,3995.39,54.38,98.36,consumer discretionary,trading,,0.83,1.16,,,,,22.76,,,,,,,,,,,,,,,,2026-06-02,2986.55,2442.2,4.1,86.09,35.62,127.63,2780.62,2589.39,NaN,,,,,,,
2026-06-01T23:50:05.285,NATIONALUM,,,434.2,2.3,,398.25,488.12,11.57,13.44,metals & mining,aluminium and aluminium products,,0.53,0.96,,,,,9.03,,,,,,,,,,,,,,,,2026-06-01,412.97,400.25,0.72,60.63,17.32,83.63,403.08,382.29,32.98,,,,,,,
2026-06-01T23:50:05.285,HFCL,,,182.28,1.3,,162.57,211.84,37.66,84.48,telecom,cables - telephone,,1.35,1.51,,,,,12.12,,,,,,,,,,,,,,,,2026-06-01,174.45,155.0,1.06,82.76,59.09,141.42,159.16,147.54,29.64,,,,,,,
2026-06-01T23:50:05.285,LAURUSLABS,,,1388.4,1.94,,1388.11,1388.83,67.14,82.7,healthcare,pharmaceuticals - indian - bulk drugs & formln,,0.28,0.5,,,,,0.02,,,,,,,,,,,,,,,,2026-06-01,1330.84,1340.0,1.42,76.63,48.07,44.7,1325.54,1288.79,29.49,,,,,,,
2026-06-01T23:50:05.285,SYRMA,,,1107.3,1.72,,1027.93,1226.35,52.33,64.6,consumer discretionary,electronics - components,,0.2,0.28,,,,,7.72,,,,,,,,,,,,,,,,2026-06-01,1064.18,1036.15,0.82,67.92,36.48,38.14,1027.08,974.61,23.63,,,,,,,
2026-06-01T23:50:05.285,HINDALCO,,,1141.3,1.3,,1091.45,1216.07,24.39,18.68,metals & mining,aluminium and aluminium products,,0.3,0.49,,,,,4.57,,,,,,,,,,,,,,,,2026-06-01,1104.66,1081.2,1.11,65.05,31.98,34.51,1071.97,1028.68,18.02,,,,,,,
2026-06-01T23:50:05.285,CHENNPETRO,,,1096.9,3.66,,988.55,1259.43,2.87,5.08,energy,refineries,,0.1,0.43,,,,,10.96,,,,,,,,,,,,,,,,2026-06-01,1039.0,1014.0,0.83,61.67,13.13,30.12,1023.91,986.47,15.01,,,,,,,
2026-06-01T23:50:05.285,CEMPRO,,,1073.8,0.25,,939.28,1275.58,19.04,30.77,realty,construction,,0.22,0.32,,,,,14.32,,,,,,,,,,,,,,,,2026-06-01,1004.6,869.65,0.62,75.57,41.41,28.3,952.29,872.35,14.58,,,,,,,
2026-06-01T23:50:05.285,NEULANDLAB,,,17198.0,0.64,,16819.48,17765.77,25.94,60.23,healthcare,pharmaceuticals - indian - bulk drugs,,-0.05,0.07,,,,,2.25,,,,,,,,,,,,,,,,2026-06-01,16553.18,16650.0,1.35,63.73,31.28,9.26,15884.93,15386.12,11.95,,,,,,,
2026-06-01T23:50:05.285,THERMAX,,,4992.8,0.2,,4551.58,5654.62,57.57,77.92,industrials,electric equipment,,0.56,0.44,,,,,9.69,,,,,,,,,,,,,,,,2026-06-01,4704.0,4383.1,0.94,73.36,54.75,53.4,4536.0,4216.69,11.09,,,,,,,
2026-06-01T23:50:05.285,GLAND,,,2292.4,1.88,,2280.89,2309.67,25.75,36.08,healthcare,pharmaceuticals - indian - formulations,,0.19,0.13,,,,,0.51,,,,,,,,,,,,,,,,2026-06-01,2210.68,2230.0,1.49,69.96,41.54,20.5,2096.25,2013.24,11.02,,,,,,,
2026-06-01T23:50:05.285,J&KBANK,,,141.77,1.0,,136.25,150.05,4.89,6.55,bank,banks - private sector,,0.21,0.35,,,,,4.05,,,,,,,,,,,,,,,,2026-06-01,136.13,138.91,0.9,59.84,18.22,31.31,132.05,127.94,9.83,,,,,,,
2026-06-01T23:50:05.285,LLOYDSME,,,1817.6,0.86,,1740.51,1933.24,16.97,25.82,metals & mining,mining / minerals / metals,,0.36,0.35,,,,,4.43,,,,,,,,,,,,,,,,2026-06-01,1765.08,1747.6,0.95,63.17,36.01,37.83,1709.37,1650.6,8.98,,,,,,,
2026-06-01T23:50:05.285,NSLNISP,,,50.5,13.18,,44.02,60.22,-15.21,-16.23,metals & mining,steel - large,,0.09,0.07,,,,,14.71,,,,,,,,,,,,,,,,2026-06-01,46.47,44.0,13.76,72.53,29.17,6.29,44.78,42.61,6.87,,,,,,,
2026-06-01T23:50:05.285,PTCIL,,,18489.0,14.19,,16080.16,22102.26,377.33,366.4,industrials,castings & forgings,,-0.06,0.26,,,,,14.98,,,,,,,,,,,,,,,,2026-06-01,16781.52,15930.0,13.29,68.65,15.78,7.86,16571.0,15812.5,5.55,,,,,,,
2026-06-01T23:50:05.285,OFSS,,,10191.0,2.28,,9636.28,11023.08,26.34,32.83,i.t,computers - software - large,,0.15,0.08,,,,,5.76,,,,,,,,,,,,,,,,2026-06-01,9861.74,9500.0,1.11,68.53,41.51,18.49,9394.43,8897.0,5.42,,,,,,,
2026-06-01T23:50:05.285,ELGIEQUIP,,,580.25,1.19,,545.57,632.27,35.73,42.07,industrials,compressors / drilling equipment,,0.07,0.2,,,,,6.36,,,,,,,,,,,,,,,,2026-06-01,557.13,559.8,1.71,63.8,24.21,16.9,525.5,498.19,5.11,,,,,,,
2026-06-01T23:50:05.285,ZYDUSLIFE,,,1091.2,1.25,,1054.56,1146.16,21.57,21.51,healthcare,pharmaceuticals - indian - bulk drugs & formln,,0.07,0.01,,,,,3.47,,,,,,,,,,,,,,,,2026-06-01,1050.36,1041.5,1.45,74.27,47.65,8.99,1027.41,997.26,4.65,,,,,,,
2026-06-01T23:50:05.285,TEGA,,,1811.4,2.57,,1551.57,2201.15,79.73,85.85,industrials,engineering,,-0.13,-0.14,,,,,16.75,,,,,,,,,,,,,,,,2026-06-01,1682.86,1522.2,7.83,69.09,20.37,-5.38,1611.84,1518.17,4.6,,,,,,,
2026-06-01T23:50:05.285,STARHEALTH,,,532.95,0.95,,511.82,564.65,70.5,55.75,financials,finance & investments,,0.0,0.16,,,,,4.13,,,,,,,,,,,,,,,,2026-06-01,509.7,518.75,1.38,66.15,36.01,7.88,502.26,485.74,3.97,,,,,,,
2026-06-01T23:50:05.285,ANANTRAJ,,,538.65,4.77,,489.27,612.72,32.22,32.11,realty,construction,,-0.16,-0.02,,,,,10.09,,,,,,,,,,,,,,,,2026-06-01,506.66,500.0,3.19,61.05,15.54,-13.76,497.24,476.49,0.87,,,,,,,
2026-06-01T23:50:05.285,EXIDEIND,,,392.25,1.49,,350.98,454.15,38.76,38.46,auto,auto ancillaries,,-0.02,-0.1,,,,,11.76,,,,,,,,,,,,,,,,2026-06-01,376.86,340.7,1.01,70.32,24.07,3.15,364.69,346.47,0.56,,,,,,,
2026-06-01T23:50:05.285,WELSPUNLIV,,,145.13,5.19,,139.14,154.12,33.59,60.51,textiles,textiles - products,,0.01,0.14,,,,,4.31,,,,,,,,,,,,,,,,2026-06-01,138.94,137.3,3.17,65.43,18.29,13.24,135.22,128.66,0.04,,,,,,,
2026-06-01T23:50:05.285,TECHM,,,1543.2,4.0,,1407.3,1747.04,25.27,27.34,i.t,computers - software - large,,-0.06,-0.02,,,,,9.66,,,,,,,,,,,,,,,,2026-06-01,1465.3,1421.2,2.0,64.76,14.82,6.63,1453.13,1404.87,-0.36,,,,,,,
2026-06-01T23:50:05.285,PERSISTENT,,,5402.0,4.0,,4928.56,6112.16,39.92,43.39,i.t,computers - software - large,,-0.23,-0.04,,,,,9.61,,,,,,,,,,,,,,,,2026-06-01,5121.97,4971.5,1.39,65.02,15.95,-7.28,5053.83,4888.69,-0.97,,,,,,,
2026-06-01T23:50:05.285,TATATECH,,,714.8,1.35,,683.76,761.36,35.53,52.4,i.t,computers - software - medium / small,,-0.03,-0.02,,,,,4.54,,,,,,,,,,,,,,,,2026-06-01,691.93,664.1,0.84,73.07,46.58,2.88,669.91,644.99,-1.04,,,,,,,
2026-06-01T23:50:05.285,AEGISLOG,,,774.25,3.45,,694.97,893.17,16.56,29.25,services,trading,,-0.06,0.05,,,,,11.41,,,,,,,,,,,,,,,,2026-06-01,735.74,705.0,2.6,67.48,24.87,-3.49,710.35,680.47,-1.16,,,,,,,
2026-06-01T23:50:05.285,NBCC,,,104.4,4.13,,94.22,119.66,29.33,37.69,miscellaneous,miscellaneous,,-0.18,-0.06,,,,,10.8,,,,,,,,,,,,,,,,2026-06-01,97.08,94.3,3.3,69.0,17.65,-4.53,96.0,91.05,-1.49,,,,,,,
2026-06-01T23:50:05.285,BERGEPAINT,,,512.9,2.46,,511.12,515.56,44.68,51.77,building materials,paints / varnishes,,-0.17,-0.1,,,,,0.35,,,,,,,,,,,,,,,,2026-06-01,491.91,495.0,0.97,56.36,30.83,-5.87,471.97,447.21,-1.7,,,,,,,
2026-06-01T23:50:05.285,MPHASIS,,,2310.5,1.72,,2149.54,2551.95,21.61,23.22,i.t,computers - software - large,,-0.24,-0.24,,,,,7.49,,,,,,,,,,,,,,,,2026-06-01,2237.14,2224.1,1.18,58.98,13.98,-18.37,2164.05,2116.72,-2.71,,,,,,,
2026-06-01T23:50:05.285,KPRMILL,,,992.05,2.64,,928.43,1087.48,37.3,38.13,consumer discretionary,textiles - products,,-0.16,-0.04,,,,,6.85,,,,,,,,,,,,,,,,2026-06-01,960.69,930.55,3.41,64.63,25.51,-7.2,923.71,892.41,-2.81,,,,,,,
2026-06-01T23:50:05.285,SAREGAMA,,,459.75,8.39,,402.51,545.61,29.78,39.6,media,entertainment / electronic media software,,0.06,-0.11,,,,,14.22,,,,,,,,,,,,,,,,2026-06-01,429.83,394.1,4.4,75.65,43.72,1.1,405.39,382.36,-2.95,,,,,,,
2026-06-01T23:50:05.285,REDINGTON,,,233.22,3.96,,217.21,257.24,11.64,11.77,services,trading,,-0.24,-0.07,,,,,7.37,,,,,,,,,,,,,,,,2026-06-01,220.5,221.01,7.37,61.86,12.16,-10.71,215.75,213.29,-3.16,,,,,,,
2026-06-01T23:50:05.285,COFORGE,,,1461.2,2.77,,1392.82,1563.77,20.04,30.67,i.t,computers - software - large,,-0.3,-0.2,,,,,4.91,,,,,,,,,,,,,,,,2026-06-01,1409.34,1376.6,1.47,65.88,20.59,-19.23,1349.17,1302.16,-3.17,,,,,,,
2026-06-01T23:50:05.285,WIPRO,,,206.41,1.06,,195.52,222.74,15.45,16.21,i.t,computers - software - large,,-0.24,-0.21,,,,,5.57,,,,,,,,,,,,,,,,2026-06-01,201.0,200.2,1.03,60.33,20.07,-14.44,195.55,188.74,-4.14,,,,,,,
2026-06-01T23:50:05.285,ZEEL,,,95.79,2.88,,83.19,114.7,-22.17,32.9,media,entertainment / electronic media software,,-0.1,-0.21,,,,,15.15,,,,,,,,,,,,,,,,2026-06-01,90.69,82.38,4.27,62.84,24.24,-6.81,85.63,82.01,-5.78,,,,,,,
2026-06-01T23:50:05.285,AFCONS,,,331.35,-2.27,,304.09,372.24,-34.37,49.79,realty,construction,,-0.26,-0.3,,,,,8.96,,,,,,,,,,,,,,,,2026-06-01,320.75,301.25,0.41,54.64,20.28,-26.08,299.37,281.94,-6.14,,,,,,,
2026-06-01T23:50:05.285,TEJASNET,,,526.1,1.1,,474.91,602.88,-11.05,-10.13,telecom,telecommunications - equipment,,-0.04,-0.14,,,,,10.78,,,,,,,,,,,,,,,,2026-06-01,510.92,469.55,2.04,67.31,25.23,-3.13,467.72,451.53,-6.15,,,,,,,
2026-06-01T23:50:05.285,FSL,,,267.25,1.72,,260.56,277.28,22.5,26.92,i.t,computers - software - medium / small,,-0.3,-0.29,,,,,2.57,,,,,,,,,,,,,,,,2026-06-01,254.8,260.0,0.36,59.45,30.51,-22.11,241.46,226.87,-7.45,,,,,,,
2026-06-01T23:50:05.285,HEXT,,,514.2,1.22,,503.88,529.69,NaN,0.0,n/a,indices,,-0.37,-0.34,,,,,2.05,,,,,,,,,,,,,,,,2026-06-01,494.95,498.8,1.15,62.3,22.38,-28.1,479.41,468.12,-8.75,,,,,,,
2026-06-01T23:50:05.285,KPITTECH,,,786.1,1.83,,734.48,863.53,32.81,32.95,i.t,computers - software - medium / small,,-0.41,-0.4,,,,,7.03,,,,,,,,,,,,,,,,2026-06-01,760.53,753.95,0.95,64.13,18.32,-33.94,728.11,704.37,-9.87,,,,,,,
2026-06-01T23:50:05.285,CPPLUS,,,3126.0,7.66,,2546.41,3995.39,54.38,91.36,consumer discretionary,trading,,0.83,1.16,,,,,22.76,,,,,,,,,,,,,,,,2026-06-01,2986.55,2442.2,4.1,86.09,35.62,127.63,2780.62,2589.39,NaN,,,,,,,
2026-05-18T11:21:47.125,HINDCOPPER,,,586.15,2.79,,563.13,620.69,31.93,60.09,metals & mining,mining / minerals / metals,,0.61,1.46,,,,,4.09,,,,,,,,,,,,,,,,2026-05-18,562.96,560.35,1.09,58.23,19.64,77.84,535.37,503.04,38.3,,,,,,,
2026-05-18T11:21:47.125,ACUTAAS,,,2783.7,1.93,,2746.66,2839.27,43.25,62.77,healthcare,pharmaceuticals - indian - bulk drugs,,0.5,0.91,,,,,1.35,,,,,,,,,,,,,,,,2026-05-18,2660.21,2702.8,0.26,64.11,32.56,85.98,2587.78,2440.84,32.2,,,,,,,
2026-05-18T11:21:47.125,LAURUSLABS,,,1328.8,0.39,,1250.18,1446.73,64.26,80.36,healthcare,pharmaceuticals - indian - bulk drugs & formln,,0.23,0.5,,,,,6.29,,,,,,,,,,,,,,,,2026-05-18,1281.45,1246.6,0.48,80.66,35.68,51.37,1261.62,1212.24,27.52,,,,,,,
2026-05-18T11:21:47.125,VEDL,,,325.7,-1.62,,310.72,348.18,4.75,7.43,metals & mining,mining / minerals / metals,,0.58,1.07,,,,,4.82,,,,,,,,,,,,,,,,2026-05-18,314.24,298.1,0.22,65.35,34.0,88.1,297.84,280.59,26.19,,,,,,,
2026-05-18T11:21:47.125,SCI,,,348.6,5.19,,331.43,374.36,10.03,11.41,transportation,shipping,,0.21,0.59,,,,,5.18,,,,,,,,,,,,,,,,2026-05-18,318.75,318.15,1.52,70.98,38.75,50.97,304.67,274.82,23.33,,,,,,,
2026-05-18T11:21:47.125,GESHIP,,,1701.5,10.93,,1533.61,1953.33,5.82,7.44,transportation,shipping,,0.38,0.77,,,,,10.95,,,,,,,,,,,,,,,,2026-05-18,1503.22,1462.1,9.47,69.07,33.66,65.39,1505.17,1376.42,21.03,,,,,,,
2026-05-18T11:21:47.125,BSE,,,4039.0,0.96,,3960.99,4156.02,52.18,66.01,financials,miscellaneous,,0.32,0.86,,,,,1.97,,,,,,,,,,,,,,,,2026-05-18,3861.2,3840.3,0.42,74.66,44.0,64.98,3804.62,3641.24,17.97,,,,,,,
2026-05-18T11:21:47.125,GRAPHITE,,,783.95,1.23,,735.93,855.99,56.0,45.96,industrials,electrodes - graphites,,0.26,0.48,,,,,6.53,,,,,,,,,,,,,,,,2026-05-18,724.37,712.05,0.87,67.73,23.91,42.27,705.61,648.46,15.9,,,,,,,
2026-05-18T11:21:47.125,ABCAPITAL,,,352.65,-1.26,,351.47,354.42,20.46,24.8,financials,finance & investments,,-0.02,0.23,,,,,0.34,,,,,,,,,,,,,,,,2026-05-18,343.05,339.45,0.21,54.08,16.23,18.46,330.09,314.93,15.44,,,,,,,
2026-05-18T11:21:47.125,SAIL,,,192.73,0.17,,189.58,197.45,10.85,23.58,metals & mining,steel - large,,0.25,0.57,,,,,1.66,,,,,,,,,,,,,,,,2026-05-18,184.45,175.16,0.72,61.85,34.38,49.7,175.7,164.18,15.18,,,,,,,
2026-05-18T11:21:47.125,NAM-INDIA,,,1095.0,-0.51,,1077.47,1121.29,45.32,45.78,financials,finance & investments,,0.17,0.35,,,,,1.63,,,,,,,,,,,,,,,,2026-05-18,1052.72,1029.0,0.33,61.77,27.16,24.55,1026.37,975.79,14.25,,,,,,,
2026-05-18T11:21:47.125,RRKABEL,,,1927.7,-1.34,,1953.18,1889.47,32.45,44.88,industrials,cables - power,,0.29,0.6,,,,,-1.3,,,,,,,,,,,,,,,,2026-05-18,1860.14,1898.1,0.48,68.72,38.4,53.39,1739.57,1647.78,12.6,,,,,,,
2026-05-18T11:21:47.125,GLAND,,,2144.7,14.79,,1846.37,2592.19,24.09,29.96,healthcare,pharmaceuticals - indian - formulations,,0.08,0.11,,,,,16.16,,,,,,,,,,,,,,,,2026-05-18,1993.32,1813.0,20.91,73.94,27.3,11.66,1919.58,1770.43,10.55,,,,,,,
2026-05-18T11:21:47.125,ASTERDM,,,748.65,-0.66,,738.38,764.06,68.81,99.95,healthcare,healthcare,,0.02,0.2,,,,,1.39,,,,,,,,,,,,,,,,2026-05-18,718.98,727.3,0.16,63.94,26.5,9.03,703.47,670.54,8.5,,,,,,,
2026-05-18T11:21:47.125,TORNTPHARM,,,4362.3,-0.99,,4341.69,4393.22,58.1,65.55,healthcare,pharmaceuticals - indian - formulations,,0.05,0.18,,,,,0.48,,,,,,,,,,,,,,,,2026-05-18,4219.88,4264.0,0.37,55.32,21.68,23.88,4140.86,3992.49,7.93,,,,,,,
2026-05-18T11:21:47.125,SOLARINDS,,,17714.0,2.31,,16206.93,19974.6,73.17,93.4,aerospace & defence,chemicals,,0.18,0.24,,,,,9.3,,,,,,,,,,,,,,,,2026-05-18,16882.46,15533.0,1.76,75.76,40.02,26.75,16375.64,15607.87,7.75,,,,,,,
2026-05-18T11:21:47.125,AJANTPHARM,,,3204.9,0.87,,3066.61,3412.33,37.53,37.59,healthcare,pharmaceuticals - indian - formulations,,0.17,0.25,,,,,4.51,,,,,,,,,,,,,,,,2026-05-18,3087.0,3042.5,0.42,67.55,24.93,33.99,3006.14,2868.17,6.95,,,,,,,
2026-05-18T11:21:47.125,IPCALAB,,,1646.4,2.58,,1538.67,1807.99,32.01,44.76,healthcare,pharmaceuticals - indian - bulk drugs & formln,,0.03,0.15,,,,,7.0,,,,,,,,,,,,,,,,2026-05-18,1553.3,1494.0,1.0,70.77,30.47,26.11,1530.82,1444.24,4.99,,,,,,,
2026-05-18T11:21:47.125,CARBORUNIV,,,1140.0,3.41,,1031.34,1302.99,-306.45,106.93,industrials,abrasives and grinding wheels,,0.19,0.21,,,,,10.54,,,,,,,,,,,,,,,,2026-05-18,1068.2,990.1,3.38,79.62,50.98,24.72,1021.91,959.73,4.52,,,,,,,
2026-05-18T11:21:47.125,ENDURANCE,,,2551.2,0.11,,2479.51,2658.73,32.46,37.67,auto,auto ancillaries,,-0.13,-0.14,,,,,2.89,,,,,,,,,,,,,,,,2026-05-18,2463.72,2427.5,0.47,58.28,24.76,-8.1,2327.94,2164.09,4.32,,,,,,,
2026-05-18T11:21:47.125,APOLLOHOSP,,,8063.5,-0.24,,7961.93,8215.86,57.7,64.49,healthcare,healthcare,,0.0,0.02,,,,,1.28,,,,,,,,,,,,,,,,2026-05-18,7852.25,7981.0,0.18,63.26,22.4,3.93,7798.08,7627.52,3.88,,,,,,,
2026-05-18T11:21:47.125,ONESOURCE,,,1855.0,1.1,,1832.82,1888.27,1159.38,-284.91,healthcare,pharmaceuticals - indian - bulk drugs & formln,,-0.01,-0.05,,,,,1.21,,,,,,,,,,,,,,,,2026-05-18,1764.98,1731.0,0.33,67.78,34.08,0.87,1678.19,1608.37,3.5,,,,,,,
2026-05-18T11:21:47.125,SUNPHARMA,,,1888.0,0.52,,1852.55,1941.17,33.71,41.28,healthcare,pharmaceuticals - indian - bulk drugs & formln,,-0.01,0.14,,,,,1.91,,,,,,,,,,,,,,,,2026-05-18,1827.7,1820.0,0.18,65.98,25.57,14.14,1812.65,1759.13,3.23,,,,,,,
2026-05-18T11:21:47.125,LALPATHLAB,,,1620.0,1.07,,1583.19,1675.22,51.53,33.95,healthcare,healthcare,,-0.05,-0.05,,,,,2.33,,,,,,,,,,,,,,,,2026-05-18,1549.77,1568.0,0.31,64.25,38.22,2.02,1493.37,1408.9,3.2,,,,,,,
2026-05-18T11:21:47.125,INDUSTOWER,,,430.7,0.13,,399.76,477.11,15.83,15.88,telecom,transmisson line towers / equipment,,-0.04,0.23,,,,,7.74,,,,,,,,,,,,,,,,2026-05-18,413.46,399.65,1.34,58.97,18.98,27.47,404.35,388.44,2.86,,,,,,,
2026-05-18T11:21:47.125,JUBLPHARMA,,,1000.15,1.01,,984.68,1023.36,71.03,36.26,healthcare,pharmaceuticals - indian - bulk drugs,,-0.19,-0.06,,,,,1.57,,,,,,,,,,,,,,,,2026-05-18,959.91,971.55,0.21,67.12,27.62,-7.23,940.44,899.45,2.32,,,,,,,
2026-05-18T11:21:47.125,ASIANPAINT,,,2583.6,-0.84,,2549.0,2635.5,58.4,64.95,building materials,paints / varnishes,,-0.18,-0.01,,,,,1.36,,,,,,,,,,,,,,,,2026-05-18,2504.88,2500.0,0.14,60.28,28.4,11.47,2453.2,2368.0,2.05,,,,,,,
2026-05-18T11:21:47.125,OFSS,,,9293.5,3.09,,9620.02,8803.72,24.02,29.7,i.t,computers - software - large,,0.04,0.08,,,,,-3.39,,,,,,,,,,,,,,,,2026-05-18,8770.51,8646.5,0.51,65.06,41.57,3.84,8729.16,8328.4,1.85,,,,,,,
2026-05-18T11:21:47.125,GRASIM,,,2938.7,0.17,,2931.1,2950.1,48.08,44.07,textiles,textiles - manmade,,-0.03,0.02,,,,,0.26,,,,,,,,,,,,,,,,2026-05-18,2827.5,2885.2,0.18,62.96,23.9,5.87,2818.16,2729.05,1.76,,,,,,,
2026-05-18T11:21:47.125,BHARTIARTL,,,1938.8,1.75,,1798.66,2149.01,38.68,41.47,telecom-service,telecommunications - service provider,,-0.15,-0.01,,,,,7.79,,,,,,,,,,,,,,,,2026-05-18,1852.59,1740.5,0.47,63.08,24.39,-0.36,1835.8,1758.66,0.71,,,,,,,
2026-05-18T11:21:47.125,GODREJIND,,,1147.95,1.14,,1114.99,1197.4,21.76,30.82,chemicals,chemicals,,-0.01,-0.1,,,,,2.96,,,,,,,,,,,,,,,,2026-05-18,1102.74,1066.6,1.39,63.66,42.65,8.09,988.29,935.39,0.68,,,,,,,
2026-05-18T11:21:47.125,POLICYBZR,,,1694.8,0.39,,1665.4,1738.9,74.99,116.03,i.t,computers - software - medium / small,,-0.1,-0.08,,,,,1.77,,,,,,,,,,,,,,,,2026-05-18,1640.52,1593.7,0.31,61.78,21.53,-0.76,1586.9,1510.78,-0.22,,,,,,,
2026-05-18T11:21:47.125,FLUOROCHEM,,,3733.2,0.53,,3726.68,3742.98,100.46,62.16,chemicals,chemicals,,-0.03,0.06,,,,,0.18,,,,,,,,,,,,,,,,2026-05-18,3555.93,3555.2,0.76,65.15,24.42,2.61,3486.46,3343.2,-0.37,,,,,,,
2026-05-18T11:21:47.125,RAINBOW,,,1346.0,0.73,,1279.1,1446.36,47.13,52.67,healthcare,healthcare,,-0.08,-0.13,,,,,5.23,,,,,,,,,,,,,,,,2026-05-18,1294.87,1258.9,0.33,66.63,26.46,1.28,1270.42,1214.73,-0.43,,,,,,,
2026-05-18T11:21:47.125,BALRAMCHIN,,,533.15,-1.2,,528.91,539.51,16.87,28.79,fmcg,sugar,,0.06,-0.04,,,,,0.8,,,,,,,,,,,,,,,,2026-05-18,514.6,517.75,0.22,57.59,19.11,15.11,494.51,467.38,-0.84,,,,,,,
2026-05-18T11:21:47.125,CIPLA,,,1427.8,-0.3,,1362.81,1525.28,51.96,29.81,healthcare,pharmaceuticals - indian - bulk drugs & formln,,-0.14,-0.13,,,,,4.77,,,,,,,,,,,,,,,,2026-05-18,1383.56,1274.7,0.35,68.77,35.11,-7.99,1344.24,1283.78,-1.3,,,,,,,
2026-05-18T11:21:47.125,KOTAKBANK,,,382.85,-1.09,,374.68,395.1,17.56,5.15,bank,banks - private sector,,-0.15,-0.06,,,,,2.18,,,,,,,,,,,,,,,,2026-05-18,372.69,374.55,0.12,53.55,13.79,-10.92,364.08,352.5,-2.41,,,,,,,
2026-05-18T11:21:47.125,BHARTIHEXA,,,1565.1,0.18,,1468.14,1710.53,43.82,45.09,telecom-service,telecommunications - service provider,,-0.19,-0.15,,,,,6.6,,,,,,,,,,,,,,,,2026-05-18,1501.56,1451.5,0.34,58.55,12.61,-10.82,1480.68,1420.06,-2.73,,,,,,,
2026-05-18T11:21:47.125,MAXHEALTH,,,1040.5,-0.91,,1019.02,1072.73,83.91,71.92,healthcare,healthcare,,-0.13,-0.13,,,,,2.11,,,,,,,,,,,,,,,,2026-05-18,1003.81,1003.55,0.18,59.47,13.6,-10.42,987.75,952.24,-2.81,,,,,,,
2026-05-18T11:21:47.125,COFORGE,,,1307.6,1.99,,1256.19,1384.71,17.93,27.66,i.t,computers - software - large,,-0.33,-0.27,,,,,4.09,,,,,,,,,,,,,,,,2026-05-18,1249.11,1249.8,0.31,56.08,16.74,-23.05,1208.82,1144.43,-5.47,,,,,,,
2026-05-18T11:21:47.125,HEALTHCARE,,,20.1,-0.15,,19.84,20.48,NaN,0.0,indices,indices,,NaN,NaN,,,,,1.29,,,,,,,,,,,,,,,,2026-05-18,19.5,19.6,0.92,73.14,47.68,NaN,19.19,19.15,NaN,,,,,,,
2026-04-01T13:48:01.065,ACUTAAS,2634.8,2232.7,2316.6,-9.46,2127.19,2336.48,2276.84,43.91,72.65,healthcare,pharmaceuticals - indian - bulk drugs,9.52,0.62,0.83,0.74,1.02,18.01,18.01,18.01,7.02,3.76,227.52,162.74,6.02,,1.4,269.77,,,,,,,,2026-04-01,,,,,,,,,,51.56,12.86,12.12,20947.55,,,
2026-04-01T13:48:01.065,IPCALAB,1620.0,1520.0,1528.6,-4.53,1442.78,1534.23,1517.33,29.72,44.65,healthcare,pharmaceuticals - indian - bulk drugs & formln,1.77,0.05,0.01,0.11,0.06,6.58,6.58,6.58,4.19,0.57,33.53,64.06,3.71,,0.52,173.01,,,,,,,,2026-04-01,,,,,,,,,,13.42,5.71,6.64,40623.12,,,
2026-04-01T13:48:01.065,ADANIPOWER,158.15,153.44,155.45,3.34,146.63,150.02,166.31,30.13,8.33,power & utilities,power generation and supply,0.7,-0.01,0.24,-0.06,0.2,6.0,6.0,3.07,4.17,4.19,11.21,6.48,4.17,,1.73,166.51,,,,,,,,2026-04-01,,,,,,,,,,31.04,6.6,4.66,290099.66,,,
2026-04-01T13:48:01.065,WHEELS,1044.0,994.55,1002.05,0.48,929.87,999.02,1008.11,16.97,17.99,auto,auto ancillaries,1.72,0.02,0.2,0.01,0.19,5.45,5.45,4.97,5.66,1.22,115.48,56.69,5.49,,2.04,150.31,,,,,,,,2026-04-01,,,,,,,,,,13.23,10.34,6.66,2436.58,,,
2026-04-01T13:48:01.065,COALINDIA,464.85,447.7,449.35,-0.24,429.41,451.79,444.47,9.68,9.3,metals & mining,mining / minerals / metals,-2.52,0.06,0.12,0.06,0.13,4.91,4.91,3.83,3.19,1.88,13.06,14.34,3.18,,0.91,108.26,,,,,,,,2026-04-01,,,,,,,,,,11.51,7.2,8.97,277600.1,,,
2026-04-01T13:48:01.065,APARINDS,10350.0,9810.0,9838.0,-0.44,9070.35,9275.02,10963.97,47.29,40.77,industrials,electric equipment,6.16,0.11,0.06,0.08,0.06,6.15,6.15,5.5,5.68,0.9,464.41,559.22,5.32,,0.83,99.12,,,,,,,,2026-04-01,,,,,,,,,,5.01,12.02,7.75,39690.31,,,
2026-04-01T13:48:01.065,GESHIP,1491.9,1435.5,1462.8,3.4,1376.15,1406.35,1575.69,6.43,8.93,transportation,shipping,-1.32,0.36,0.43,0.33,0.38,7.4,7.4,3.93,4.35,5.31,151.19,63.61,4.57,,2.38,98.67,,,,,,,,2026-04-01,,,,,,,,,,42.92,13.01,12.33,20197.27,,,
2026-04-01T13:48:01.065,CHENNPETRO,1024.25,975.6,1006.35,4.03,911.66,977.77,1063.5,3.74,6.7,energy,refineries,-4.08,0.22,0.3,0.16,0.25,8.73,8.73,4.99,7.22,7.26,85.01,72.62,7.95,,1.17,92.04,,,,,,,,2026-04-01,,,,,,,,,,42.34,8.67,8.67,14404.94,,,
2026-04-01T13:48:01.065,DELHIVERY,441.0,427.0,434.1,4.18,412.17,405.45,491.4,204.76,204.26,transportation,miscellaneous,2.22,-0.11,-0.0,-0.13,-0.04,7.18,7.18,3.28,3.67,5.5,12.47,15.95,3.36,,0.78,87.1,,,,,,,,2026-04-01,,,,,,,,,,44.52,7.1,5.61,31173.15,,,
2026-04-01T13:48:01.065,ATHERENERG,783.85,753.0,771.4,2.31,717.82,742.28,829.64,-86.87,-37.09,auto,automobiles - scooters and 3 - wheelers,2.12,0.26,1.19,0.19,1.15,5.62,5.62,4.1,5.21,3.94,73.34,40.2,5.04,,1.82,81.76,,,,,,,,2026-04-01,,,,,,,,,,45.77,10.11,6.33,28790.82,,,
2026-04-01T13:48:01.065,AVL,487.5,458.0,462.95,-3.17,434.24,444.89,499.08,54.59,55.34,consumer discretionary,trading,7.29,-0.24,0.21,-0.21,0.25,6.44,6.44,6.44,4.38,1.08,-18.46,20.28,4.33,,-0.91,81.58,,,,,,,,2026-04-01,,,,,,,,,,24.41,4.39,3.59,6174.09,,,
2026-04-01T13:48:01.065,KTKBANK,233.41,226.0,230.02,3.17,215.06,224.17,241.72,7.48,7.3,bank,banks - private sector,-0.68,0.23,0.15,0.19,0.12,5.22,5.22,3.28,4.84,4.31,24.3,11.14,5.1,,2.18,80.92,,,,,,,,2026-04-01,,,,,,,,,,36.08,9.51,7.32,8431.02,,,
2026-04-01T13:48:01.065,WAAREEENER,3220.0,3041.1,3087.0,-0.73,2892.88,3011.66,3237.68,20.89,27.32,industrials,electric equipment,3.13,-0.15,-0.09,-0.13,-0.09,6.83,6.83,5.88,4.46,2.42,207.35,137.68,4.09,,1.51,78.98,,,,,,,,2026-04-01,,,,,,,,,,33.34,8.92,4.1,89450.57,,,
2026-04-01T13:48:01.065,TDPOWERSYS,886.8,858.7,861.25,1.16,800.14,804.49,974.78,59.64,60.51,industrials,electric equipment,4.86,0.34,0.68,0.35,0.66,6.08,6.08,3.27,4.72,3.02,51.61,40.63,4.83,,1.27,77.41,,,,,,,,2026-04-01,,,,,,,,,,6.28,9.79,8.07,13299.35,,,
2026-04-01T13:48:01.065,ENTERO,1276.5,1228.8,1241.8,-0.48,1164.86,1136.35,1452.7,48.89,48.16,healthcare,trading,9.24,0.03,0.01,0.06,0.01,8.04,8.04,3.88,4.31,5.1,130.51,53.46,4.41,,2.44,76.84,,,,,,,,2026-04-01,,,,,,,,,,24.32,6.52,5.8,5429.29,,,
2026-04-01T13:48:01.065,IMFA,1286.9,1221.0,1231.5,2.41,1134.79,1163.53,1367.45,12.65,17.61,metals & mining,mining / minerals / metals,2.41,0.02,0.53,-0.02,0.5,8.69,8.69,5.4,5.3,4.01,-16.77,65.26,5.19,,-0.26,75.38,,,,,,,,2026-04-01,,,,,,,,,,16.09,5.61,2.96,6487.98,,,
2026-04-01T13:48:01.065,SMSPHARMA,404.9,382.05,390.6,4.2,358.24,374.35,423.1,37.7,36.97,healthcare,pharmaceuticals - indian - bulk drugs,-1.26,0.47,0.54,0.4,0.48,9.14,9.14,5.98,6.1,5.28,36.18,23.84,5.87,,1.52,69.31,,,,,,,,2026-04-01,,,,,,,,,,35.86,8.33,8.61,3510.55,,,
2026-04-01T13:48:01.065,SYRMA,818.9,791.4,791.8,2.42,733.66,738.54,898.33,37.14,50.76,consumer discretionary,electronics - components,5.89,-0.05,0.1,-0.11,0.07,6.92,6.92,3.47,5.31,3.38,6.84,42.07,4.62,,0.16,66.43,,,,,,,,2026-04-01,,,,,,,,,,0.95,6.12,4.41,14907.72,,,
2026-04-01T13:48:01.065,KIOCL,344.3,322.55,333.95,5.38,303.94,306.88,388.08,278.29,-261.9,metals & mining,mining / minerals / metals,3.56,-0.28,0.1,-0.33,0.05,9.84,9.84,6.74,6.61,6.54,-5.34,22.09,6.04,,-0.24,66.18,,,,,,,,2026-04-01,,,,,,,,,,51.62,2.69,1.78,19259.63,,,
2026-04-01T13:48:01.065,AVALON,974.5,927.35,928.35,0.04,856.11,880.16,1024.72,47.46,64.22,consumer discretionary,electronics - components,4.73,-0.15,0.02,-0.16,0.02,6.95,6.95,5.08,5.38,1.88,-21.14,49.98,5.14,,-0.42,63.32,,,,,,,,2026-04-01,,,,,,,,,,2.0,4.44,4.93,6195.23,,,
2026-04-01T13:48:01.065,BELRISE,195.12,188.5,189.52,1.9,177.3,181.4,205.75,32.68,29.66,auto,auto ancillaries,2.28,0.11,0.49,0.07,0.47,5.69,5.69,3.51,4.63,2.65,8.44,8.78,4.38,,0.96,56.37,,,,,,,,2026-04-01,,,,,,,,,,11.61,7.75,6.36,16550.86,,,
2026-04-01T13:48:01.065,CCL,1087.9,1046.8,1070.0,2.77,1012.85,1045.58,1118.83,35.52,36.92,fmcg,tea,-1.7,0.17,0.17,0.11,0.14,6.21,6.21,3.93,3.64,4.46,57.86,38.91,3.62,,1.49,54.19,,,,,,,,2026-04-01,,,,,,,,,,59.63,7.86,7.78,13902.93,,,
2026-04-01T13:48:01.065,PAISALO,34.71,33.95,33.95,0.71,31.33,32.79,36.27,11.63,14.47,financials,finance & investments,2.62,-0.18,0.06,-0.16,0.05,3.67,3.67,2.24,5.41,2.11,-0.13,1.84,5.95,,-0.07,53.27,,,,,,,,2026-04-01,,,,,,,,,,0.0,4.57,3.36,3066.0,,,
2026-04-01T13:48:01.065,CUPID,89.75,84.8,86.65,4.27,79.98,78.1,103.74,17.76,26.72,fmcg,personal care - indian,6.9,0.86,2.19,0.73,2.06,8.39,8.39,5.84,5.0,8.11,4.33,4.33,5.61,,1.0,52.47,,,,,,,,2026-04-01,,,,,,,,,,42.7,4.72,3.62,11174.13,,,
2026-04-01T13:48:01.065,BLACKBUCK,586.15,563.45,572.45,-0.77,531.19,565.42,586.52,82.25,18.38,transportation,miscellaneous,-1.54,-0.15,0.22,-0.17,0.23,5.77,5.77,4.03,5.03,3.3,-16.47,28.78,4.62,,-0.57,46.73,,,,,,,,2026-04-01,,,,,,,,,,31.27,2.96,1.59,10425.77,,,
2026-04-01T13:48:01.065,UNIPARTS,466.9,450.0,460.0,3.85,431.79,437.28,505.44,15.58,15.38,industrials,engineering,-0.28,0.04,0.15,0.0,0.1,7.82,7.82,3.76,4.25,6.22,-0.89,19.56,4.06,,-0.05,44.56,,,,,,,,2026-04-01,,,,,,,,,,51.13,5.72,3.5,1999.25,,,
2026-04-01T13:48:01.065,AETHER,1158.9,1102.5,1111.8,1.58,1018.05,1104.68,1126.03,57.19,67.27,chemicals,chemicals,-0.11,0.36,0.31,0.33,0.3,7.74,7.74,5.12,7.05,3.37,100.53,78.33,6.4,,1.28,40.69,,,,,,,,2026-04-01,,,,,,,,,,11.87,7.92,8.47,14512.0,,,
2026-04-01T13:48:01.065,GMDCLTD,590.95,575.6,580.95,2.61,541.6,544.6,653.65,34.75,18.2,metals & mining,mining / minerals / metals,2.22,-0.11,0.48,-0.14,0.45,7.83,7.83,2.67,4.49,6.0,16.34,26.1,4.33,,0.63,38.21,,,,,,,,2026-04-01,,,,,,,,,,20.49,5.97,4.29,18003.57,,,
2026-04-01T13:48:01.065,FEDFINA,133.2,128.4,130.55,5.25,120.85,124.17,143.32,13.89,14.71,financials,finance & investments,-0.28,-0.22,0.04,-0.26,-0.01,7.98,7.98,3.74,5.17,5.83,-6.71,6.75,4.68,,-0.99,38.04,,,,,,,,2026-04-01,,,,,,,,,,31.86,1.32,2.2,4640.05,,,
2026-04-01T13:48:01.065,LUMAXTECH,1623.9,1566.0,1587.8,4.31,1453.28,1463.05,1837.29,32.81,41.64,auto,auto ancillaries,4.69,0.17,0.35,0.05,0.29,7.54,7.54,3.7,5.58,5.15,48.04,88.54,5.27,,0.54,36.48,,,,,,,,2026-04-01,,,,,,,,,,24.62,5.44,4.52,10374.97,,,
2026-04-01T13:48:01.065,CENTUM,2935.3,2811.0,2862.6,3.56,2612.89,2757.88,3072.04,-17.22,-155.82,consumer discretionary,electronics - components,-1.51,-0.01,0.17,-0.05,0.13,7.78,7.78,4.42,6.21,5.11,314.57,177.75,6.27,,1.77,36.37,,,,,,,,2026-04-01,,,,,,,,,,29.03,9.11,8.02,4073.37,,,
2026-04-01T13:48:01.065,PRIVISCL,2991.5,2920.0,2934.8,1.28,2796.58,2862.96,3078.48,36.74,37.69,chemicals,chemicals,0.98,0.13,0.19,0.07,0.17,3.58,3.58,2.45,3.1,1.62,80.2,91.12,3.2,,0.88,36.34,,,,,,,,2026-04-01,,,,,,,,,,16.24,8.38,6.4,11319.59,,,
2026-04-01T13:48:01.065,STLTECH,188.0,179.85,184.66,4.71,165.58,182.41,189.16,-131.9,-193.8,industrials,cables - telephone,-4.67,0.5,0.56,0.38,0.49,7.43,7.43,4.53,7.34,5.52,32.39,13.55,7.76,,2.39,35.63,,,,,,,,2026-04-01,,,,,,,,,,35.49,13.78,11.94,8607.77,,,
2026-04-01T13:48:01.065,GALLANTT,569.0,555.15,559.35,1.96,521.57,522.97,632.1,33.61,27.71,metals & mining,steel - medium / small,0.11,-0.21,-0.08,-0.25,-0.1,9.21,9.21,2.49,4.8,7.61,7.48,26.83,4.78,,0.28,32.59,,,,,,,,2026-04-01,,,,,,,,,,15.66,5.26,5.1,13236.67,,,
2026-04-01T13:48:01.065,GODAVARIB,318.65,303.0,313.75,6.27,286.56,300.72,339.81,48.72,67.1,fmcg,sugar,-3.19,0.13,-0.0,0.05,-0.06,9.78,9.78,5.17,6.11,8.1,32.8,19.16,6.27,,1.71,32.2,,,,,,,,2026-04-01,,,,,,,,,,56.12,7.35,5.61,1510.97,,,
2026-04-01T13:48:01.065,SHRIPISTON,3125.0,3027.0,3029.3,0.42,2823.72,2906.31,3275.28,27.12,24.46,auto,auto ancillaries,2.9,0.04,0.23,0.02,0.22,5.25,5.25,3.24,4.55,2.02,69.1,137.71,4.73,,0.5,30.37,,,,,,,,2026-04-01,,,,,,,,,,1.67,5.66,3.04,13287.63,,,
2026-04-01T13:48:01.065,VINCOFE,138.94,134.25,134.83,1.94,125.98,122.88,158.74,25.73,27.16,consumer discretionary,trading,7.56,-0.16,-0.1,-0.17,-0.12,6.35,6.35,3.49,4.46,3.52,-6.06,6.01,4.47,,-1.01,30.21,,,,,,,,2026-04-01,,,,,,,,,,9.65,2.05,1.04,1926.87,,,
2026-04-01T13:48:01.065,GLAND,1735.0,1690.2,1707.2,0.65,1619.71,1583.22,1955.16,26.89,32.99,healthcare,pharmaceuticals - indian - formulations,6.71,-0.21,-0.16,-0.22,-0.17,4.09,4.09,2.65,3.52,2.42,-45.85,60.14,3.49,,-0.76,27.08,,,,,,,,2026-04-01,,,,,,,,,,28.27,5.43,4.89,27944.34,,,
2026-04-01T13:48:01.065,GOKULAGRO,192.99,184.35,189.76,5.24,175.24,177.45,214.38,9.02,8.9,fmcg,solvent extraction,1.43,-0.11,0.12,-0.16,0.06,9.78,9.78,4.69,5.88,7.94,21.79,11.15,5.77,,1.95,21.07,,,,,,,,2026-04-01,,,,,,,,,,48.53,6.78,3.63,5321.0,,,
2026-04-01T13:48:01.065,APEX,389.1,376.85,382.05,5.29,343.01,338.43,469.28,29.57,34.33,fmcg,aquaculture,9.34,0.55,0.5,0.48,0.42,8.02,8.02,3.25,6.81,6.07,21.04,26.03,6.43,,0.81,14.18,,,,,,,,2026-04-01,,,,,,,,,,19.98,9.18,8.08,1133.91,,,
2026-04-01T13:48:01.065,ZYDUSWELL,445.0,431.45,434.1,1.82,403.85,423.01,456.27,-86.82,9.65,fmcg,food - processing - indian,2.62,-0.13,0.05,-0.2,0.03,5.2,5.2,3.14,5.46,2.62,23.48,23.69,5.08,,0.99,7.29,,,,,,,,2026-04-01,,,,,,,,,,11.19,4.6,2.8,13564.78,,,
2026-03-27T10:52:30.36,EMCURE,,,,,,,,,,healthcare,pharmaceuticals - indian - bulk drugs & formln,,,,,,,,,,,,,,,,,,,,,,6945.98,,2026-03-27,,,,,,,,,,,,,,0.54,13.53,15.32
2026-03-27T10:52:30.36,GRANULES,,,,,,,,,,healthcare,pharmaceuticals - indian - bulk drugs & formln,,,,,,,,,,,,,,,,,,,,,,9266.46,,2026-03-27,,,,,,,,,,,,,,2.48,11.39,12.92
2026-03-27T10:52:30.36,WHEELS,,,,,,,,,,auto,auto ancillaries,,,,,,,,,,,,,,,,,,,,,,1087.92,,2026-03-27,,,,,,,,,,,,,,3.69,12.81,14.09
2026-03-27T10:52:30.36,MBAPL,,,,,,,,,,chemicals,fertilizers,,,,,,,,,,,,,,,,,,,,,,1035.97,,2026-03-27,,,,,,,,,,,,,,4.31,9.51,9.51
2026-03-27T10:52:30.36,SEAMECLTD,,,,,,,,,,miscellaneous,miscellaneous,,,,,,,,,,,,,,,,,,,,,,970.2,,2026-03-27,,,,,,,,,,,,,,4.45,10.61,12.43
2026-03-27T10:52:30.36,CCL,,,,,,,,,,fmcg,tea,,,,,,,,,,,,,,,,,,,,,,7621.08,,2026-03-27,,,,,,,,,,,,,,4.48,5.17,6.39
2026-03-27T10:52:30.36,DBOL,,,,,,,,,,fmcg,sugar,,,,,,,,,,,,,,,,,,,,,,359.0,,2026-03-27,,,,,,,,,,,,,,4.92,16.59,17.32
2026-03-27T10:52:30.36,GPIL,,,,,,,,,,metals & mining,steel - medium / small,,,,,,,,,,,,,,,,,,,,,,6723.62,,2026-03-27,,,,,,,,,,,,,,5.19,11.95,12.46
2026-03-27T10:52:30.36,CENTUM,,,,,,,,,,consumer discretionary,electronics - components,,,,,,,,,,,,,,,,,,,,,,2244.79,,2026-03-27,,,,,,,,,,,,,,6.46,8.13,13.66
2026-03-27T10:52:30.36,TDPOWERSYS,,,,,,,,,,industrials,electric equipment,,,,,,,,,,,,,,,,,,,,,,9890.57,,2026-03-27,,,,,,,,,,,,,,7.2,7.49,11.6
2026-03-27T10:52:30.36,AGIIL,,,,,,,,,,realty,construction,,,,,,,,,,,,,,,,,,,,,,1070.76,,2026-03-27,,,,,,,,,,,,,,7.44,7.98,12.2
2026-03-27T10:52:30.36,VTL,,,,,,,,,,textiles,textiles - cotton/blended,,,,,,,,,,,,,,,,,,,,,,5310.74,,2026-03-27,,,,,,,,,,,,,,7.77,6.95,8.9
2026-03-27T10:52:30.36,AEROFLEX,,,,,,,,,,metals & mining,steel - medium / small,,,,,,,,,,,,,,,,,,,,,,1037.85,,2026-03-27,,,,,,,,,,,,,,7.9,15.12,19.89
2026-03-27T10:52:30.36,PFOCUS,,,,,,,,,,realty,miscellaneous,,,,,,,,,,,,,,,,,,,,,,9120.03,,2026-03-27,,,,,,,,,,,,,,8.07,14.35,25.81
2026-03-27T10:52:30.36,SMSPHARMA,,,,,,,,,,healthcare,pharmaceuticals - indian - bulk drugs,,,,,,,,,,,,,,,,,,,,,,1178.64,,2026-03-27,,,,,,,,,,,,,,9.17,11.06,13.31
2026-03-27T10:52:30.36,STLTECH,,,,,,,,,,industrials,cables - telephone,,,,,,,,,,,,,,,,,,,,,,5017.42,,2026-03-27,,,,,,,,,,,,,,10.06,12.7,16.34
2026-03-27T10:52:30.36,BLISSGVS,,,,,,,,,,healthcare,pharmaceuticals - indian - formulations,,,,,,,,,,,,,,,,,,,,,,1495.78,,2026-03-27,,,,,,,,,,,,,,10.32,18.01,20.16
2026-03-27T10:52:30.36,SENORES,,,,,,,,,,healthcare,pharmaceuticals - indian - formulations,,,,,,,,,,,,,,,,,,,,,,1958.3,,2026-03-27,,,,,,,,,,,,,,10.48,11.55,12.83
2026-03-27T10:52:30.36,SHRIPISTON,,,,,,,,,,auto,auto ancillaries,,,,,,,,,,,,,,,,,,,,,,7525.43,,2026-03-27,,,,,,,,,,,,,,10.86,8.82,12.44
2026-03-27T10:52:30.36,SANSERA,,,,,,,,,,auto,auto ancillaries,,,,,,,,,,,,,,,,,,,,,,9273.65,,2026-03-27,,,,,,,,,,,,,,10.91,7.82,10.04
2026-03-27T10:52:30.36,J&KBANK,,,,,,,,,,bank,banks - private sector,,,,,,,,,,,,,,,,,,,,,,5101.23,,2026-03-27,,,,,,,,,,,,,,11.19,7.68,14.54
2026-03-27T10:52:30.36,ARVIND,,,,,,,,,,textiles,textiles - cotton/blended,,,,,,,,,,,,,,,,,,,,,,5678.02,,2026-03-27,,,,,,,,,,,,,,11.32,6.79,7.95
2026-03-27T10:52:30.36,LUMAXTECH,,,,,,,,,,auto,auto ancillaries,,,,,,,,,,,,,,,,,,,,,,4813.73,,2026-03-27,,,,,,,,,,,,,,12.03,7.63,11.66
2026-03-27T10:52:30.36,GODAVARIB,,,,,,,,,,fmcg,sugar,,,,,,,,,,,,,,,,,,,,,,571.91,,2026-03-27,,,,,,,,,,,,,,12.65,6.59,12.6
2026-03-27T10:52:30.36,GRAPHITE,,,,,,,,,,industrials,electrodes - graphites,,,,,,,,,,,,,,,,,,,,,,4416.77,,2026-03-27,,,,,,,,,,,,,,12.68,18.05,18.24
2026-03-27T10:52:30.36,BAJAJCON,,,,,,,,,,fmcg,personal care - indian,,,,,,,,,,,,,,,,,,,,,,2654.2,,2026-03-27,,,,,,,,,,,,,,12.82,5.09,7.86
2026-03-27T10:52:30.36,GMDCLTD,,,,,,,,,,metals & mining,mining / minerals / metals,,,,,,,,,,,,,,,,,,,,,,4683.82,,2026-03-27,,,,,,,,,,,,,,12.98,4.46,11.13
2026-03-27T10:52:30.36,ABSLAMC,,,,,,,,,,financials,finance & investments,,,,,,,,,,,,,,,,,,,,,,6617.5,,2026-03-27,,,,,,,,,,,,,,13.03,6.48,8.93
2026-03-27T10:52:30.36,PRIVISCL,,,,,,,,,,chemicals,chemicals,,,,,,,,,,,,,,,,,,,,,,4545.65,,2026-03-27,,,,,,,,,,,,,,14.15,6.61,7.39
2026-03-27T10:52:30.36,TRIVENI,,,,,,,,,,fmcg,sugar,,,,,,,,,,,,,,,,,,,,,,3430.36,,2026-03-27,,,,,,,,,,,,,,14.2,22.12,24.47
2026-03-27T10:52:30.36,CHENNPETRO,,,,,,,,,,energy,refineries,,,,,,,,,,,,,,,,,,,,,,4602.68,,2026-03-27,,,,,,,,,,,,,,14.34,9.7,15.99
2026-03-27T10:52:30.36,CIEINDIA,,,,,,,,,,industrials,castings & forgings,,,,,,,,,,,,,,,,,,,,,,5861.41,,2026-03-27,,,,,,,,,,,,,,14.36,6.51,12.54
2026-03-27T10:52:30.36,PRECWIRE,,,,,,,,,,metals & mining,mining / minerals / metals,,,,,,,,,,,,,,,,,,,,,,2417.8,,2026-03-27,,,,,,,,,,,,,,14.39,8.04,10.33
2026-03-27T10:52:30.36,SUNTV,,,,,,,,,,media,entertainment / electronic media software,,,,,,,,,,,,,,,,,,,,,,5783.19,,2026-03-27,,,,,,,,,,,,,,15.1,12.34,12.34
2026-03-27T10:52:30.36,HEG,,,,,,,,,,industrials,electrodes - graphites,,,,,,,,,,,,,,,,,,,,,,4805.15,,2026-03-27,,,,,,,,,,,,,,15.54,18.95,21.92
2026-03-27T10:52:30.36,AARTIIND,,,,,,,,,,chemicals,chemicals,,,,,,,,,,,,,,,,,,,,,,8769.49,,2026-03-27,,,,,,,,,,,,,,15.56,7.85,8.43
2026-03-27T10:52:30.36,IMFA,,,,,,,,,,metals & mining,mining / minerals / metals,,,,,,,,,,,,,,,,,,,,,,2804.13,,2026-03-27,,,,,,,,,,,,,,16.72,12.98,12.98
2026-03-27T10:52:30.36,AVANTIFEED,,,,,,,,,,fmcg,food - processing - indian,,,,,,,,,,,,,,,,,,,,,,9465.38,,2026-03-27,,,,,,,,,,,,,,17.82,14.21,15.4
2026-03-27T10:52:30.36,AVL,,,,,,,,,,consumer discretionary,trading,,,,,,,,,,,,,,,,,,,,,,3306.11,,2026-03-27,,,,,,,,,,,,,,19.1,7.94,11.59
2026-03-27T10:52:30.36,GMBREW,,,,,,,,,,fmcg,breweries & distilleries,,,,,,,,,,,,,,,,,,,,,,613.53,,2026-03-27,,,,,,,,,,,,,,20.96,8.23,11.19
2026-03-27T10:52:30.36,APEX,,,,,,,,,,fmcg,aquaculture,,,,,,,,,,,,,,,,,,,,,,326.45,,2026-03-27,,,,,,,,,,,,,,21.81,14.91,16.3
2026-03-25T09:52:17.186,GMDCLTD,,,587.5,2.35,,532.06,670.67,35.14,18.46,metals & mining,mining / minerals / metals,,-0.1,0.5,,,,,10.42,,,,,,,,,,,,,,,,2026-03-25,567.52,531.65,0.14,57.29,13.17,43.45,535.5,497.95,26.62,,,,,,,
2026-03-25T09:52:17.186,POWERINDIA,,,25495.0,1.88,,24554.07,26906.39,108.67,131.27,industrials,electric equipment,,0.22,0.33,,,,,3.83,,,,,,,,,,,,,,,,2026-03-25,24740.1,23970.0,0.13,61.28,27.98,28.89,23703.49,22484.86,25.01,,,,,,,
2026-03-25T09:52:17.186,CCL,,,1087.4,0.61,,1038.06,1161.41,36.1,38.33,fmcg,tea,,0.12,0.18,,,,,4.75,,,,,,,,,,,,,,,,2026-03-25,1054.28,1029.6,0.2,61.64,17.31,25.34,1009.47,972.42,20.77,,,,,,,
2026-03-25T09:52:17.186,DATAPATTNS,,,3310.0,2.23,,3243.3,3410.05,79.41,73.36,aerospace & defence,electronics - components,,0.11,0.12,,,,,2.06,,,,,,,,,,,,,,,,2026-03-25,3177.36,3012.6,0.21,57.22,27.7,32.13,2972.45,2751.28,19.22,,,,,,,
2026-03-25T09:52:17.186,CHENNPETRO,,,1005.6,0.77,,984.48,1037.29,3.74,6.91,energy,refineries,,0.23,0.35,,,,,2.15,,,,,,,,,,,,,,,,2026-03-25,973.14,943.9,0.24,55.45,23.55,54.78,863.33,769.42,17.12,,,,,,,
2026-03-25T09:52:17.186,EMCURE,,,1572.0,2.1,,1473.53,1719.71,32.32,33.54,healthcare,pharmaceuticals - indian - bulk drugs & formln,,0.09,0.17,,,,,6.68,,,,,,,,,,,,,,,,2026-03-25,1514.3,1443.8,0.12,59.7,12.67,7.08,1459.32,1376.8,14.58,,,,,,,
2026-03-25T09:52:17.186,GESHIP,,,1438.0,2.81,,1410.97,1478.54,6.32,8.83,transportation,shipping,,0.3,0.4,,,,,1.92,,,,,,,,,,,,,,,,2026-03-25,1376.12,1346.0,0.14,57.99,22.18,51.83,1314.63,1223.5,13.09,,,,,,,
2026-03-25T09:52:17.186,AIIL,,,506.05,2.56,,452.27,586.72,13.3,2.31,financials,finance & investments,,-0.22,-0.07,,,,,11.89,,,,,,,,,,,,,,,,2026-03-25,486.18,466.0,0.08,55.87,23.16,-19.04,454.22,417.29,12.57,,,,,,,
2026-03-25T09:52:17.186,GPIL,,,270.4,2.66,,247.13,305.3,29.01,21.79,metals & mining,steel - medium / small,,-0.04,0.4,,,,,9.41,,,,,,,,,,,,,,,,2026-03-25,259.26,248.0,0.42,56.93,13.61,13.42,247.03,231.5,12.04,,,,,,,
2026-03-25T09:52:17.186,ADANIPOWER,,,153.75,2.42,,147.13,163.67,29.8,8.31,power & utilities,power generation and supply,,-0.05,0.23,,,,,4.5,,,,,,,,,,,,,,,,2026-03-25,149.16,144.65,0.18,60.48,16.57,30.4,141.46,133.25,11.17,,,,,,,
2026-03-25T09:52:17.186,SAILIFE,,,1022.05,2.29,,994.42,1063.49,53.57,62.76,healthcare,pharmaceuticals - indian - bulk drugs & formln,,0.07,0.26,,,,,2.78,,,,,,,,,,,,,,,,2026-03-25,985.88,963.0,0.17,58.83,12.37,18.7,951.65,905.8,10.51,,,,,,,
2026-03-25T09:52:17.186,SCHNEIDER,,,908.0,1.41,,874.41,958.38,55.91,87.35,industrials,electric equipment,,-0.03,0.03,,,,,3.84,,,,,,,,,,,,,,,,2026-03-25,870.24,845.6,0.02,58.39,21.82,5.58,832.86,780.5,9.05,,,,,,,
2026-03-25T09:52:17.186,WAAREEENER,,,3144.0,1.86,,2866.46,3560.31,21.27,27.12,industrials,electric equipment,,-0.16,-0.02,,,,,9.68,,,,,,,,,,,,,,,,2026-03-25,3065.54,3015.9,0.13,63.83,23.22,-3.71,2880.74,2702.29,8.11,,,,,,,
2026-03-25T09:52:17.186,GRANULES,,,613.95,1.25,,569.72,680.3,24.8,26.97,healthcare,pharmaceuticals - indian - bulk drugs & formln,,0.07,0.27,,,,,7.76,,,,,,,,,,,,,,,,2026-03-25,596.28,566.75,0.4,61.12,10.53,30.88,572.06,546.15,5.82,,,,,,,
2026-03-25T09:52:17.186,INOXINDIA,,,1253.0,4.19,,1158.5,1394.76,46.82,43.99,industrials,packaging,,-0.05,-0.02,,,,,8.16,,,,,,,,,,,,,,,,2026-03-25,1181.19,1151.1,1.47,66.2,18.65,11.08,1158.46,1096.55,5.17,,,,,,,
2026-03-25T09:52:17.186,ACMESOLAR,,,255.75,2.67,,240.97,277.93,34.01,30.79,realty,engineering - turnkey services,,-0.16,-0.16,,,,,6.14,,,,,,,,,,,,,,,,2026-03-25,245.98,234.8,0.2,59.15,25.5,-10.15,227.79,208.47,5.04,,,,,,,
2026-03-25T09:52:17.186,NATCOPHARM,,,978.0,2.97,,958.75,1006.87,28.9,10.92,healthcare,pharmaceuticals - indian - bulk drugs & formln,,0.07,-0.02,,,,,2.01,,,,,,,,,,,,,,,,2026-03-25,940.07,924.4,0.14,55.88,23.41,14.38,901.62,854.18,4.32,,,,,,,
2026-03-25T09:52:17.186,FACT,,,808.4,1.79,,775.08,858.38,-192.48,1846.98,chemicals,fertilizers,,-0.23,-0.15,,,,,4.3,,,,,,,,,,,,,,,,2026-03-25,779.64,748.0,0.09,53.49,28.7,-16.26,723.18,662.86,4.12,,,,,,,
2026-03-25T09:52:17.186,LINDEINDIA,,,7448.0,0.74,,6974.3,8158.56,82.14,106.89,chemicals,chemicals,,0.08,0.06,,,,,6.79,,,,,,,,,,,,,,,,2026-03-25,7203.0,6558.0,0.35,63.43,31.44,16.05,6761.35,6312.36,3.91,,,,,,,
2026-03-25T09:52:17.186,LUPIN,,,2342.4,0.46,,2299.06,2407.41,22.75,22.92,healthcare,pharmaceuticals - indian - bulk drugs & formln,,0.1,0.2,,,,,1.89,,,,,,,,,,,,,,,,2026-03-25,2284.58,2241.6,0.1,58.58,13.97,21.72,2243.06,2181.16,3.76,,,,,,,
2026-03-25T09:52:17.186,ABB,,,6274.5,1.83,,6198.63,6388.3,76.78,78.26,industrials,electric equipment,,0.11,0.05,,,,,1.22,,,,,,,,,,,,,,,,2026-03-25,6076.0,5975.0,0.07,57.26,28.66,24.95,5885.92,5609.98,3.36,,,,,,,
2026-03-25T09:52:17.186,AUROPHARMA,,,1295.8,1.11,,1283.4,1314.4,20.67,21.35,healthcare,pharmaceuticals - indian - bulk drugs & formln,,0.09,0.11,,,,,0.97,,,,,,,,,,,,,,,,2026-03-25,1256.46,1240.0,0.09,60.74,12.66,24.01,1224.17,1179.64,3.13,,,,,,,
2026-03-25T09:52:17.186,RELIANCE,,,1421.2,0.67,,1375.6,1489.59,25.78,22.96,energy,refineries,,-0.05,-0.08,,,,,3.31,,,,,,,,,,,,,,,,2026-03-25,1385.82,1376.1,0.1,53.18,23.82,2.67,1369.75,1331.86,2.68,,,,,,,
2026-03-25T09:52:17.186,KSB,,,812.05,1.61,,773.32,870.14,43.66,51.43,industrials,pumps,,-0.12,-0.11,,,,,5.01,,,,,,,,,,,,,,,,2026-03-25,782.48,757.05,0.05,64.59,21.66,-3.33,748.32,703.08,2.53,,,,,,,
2026-03-25T09:52:17.186,NLCINDIA,,,265.9,2.53,,250.62,288.82,12.73,13.05,power & utilities,power generation and supply,,-0.12,0.13,,,,,6.1,,,,,,,,,,,,,,,,2026-03-25,254.31,250.4,0.26,55.39,12.94,12.71,243.04,225.9,2.09,,,,,,,
2026-03-25T09:52:17.186,POWERGRID,,,301.05,0.69,,294.13,311.43,16.73,17.9,power & utilities,power generation and supply,,-0.03,-0.03,,,,,2.35,,,,,,,,,,,,,,,,2026-03-25,292.29,292.4,0.08,56.26,12.08,7.86,283.14,270.9,1.95,,,,,,,
2026-03-25T09:52:17.186,DCMSHRIRAM,,,1095.0,2.01,,998.65,1239.53,17.22,23.97,miscellaneous,diversified - mega,,-0.14,-0.22,,,,,9.65,,,,,,,,,,,,,,,,2026-03-25,1038.8,1000.0,0.11,56.5,25.58,-11.83,1003.66,939.15,0.98,,,,,,,
2026-03-25T09:52:17.186,JBMA,,,580.55,1.46,,505.89,692.53,62.29,64.08,auto,auto ancillaries,,-0.25,-0.13,,,,,14.76,,,,,,,,,,,,,,,,2026-03-25,558.6,533.0,0.5,56.96,24.32,-5.99,503.12,456.5,0.88,,,,,,,
2026-03-25T09:52:17.186,LLOYDSME,,,1305.1,3.68,,1177.4,1496.64,16.42,26.82,metals & mining,mining / minerals / metals,,-0.06,-0.15,,,,,10.85,,,,,,,,,,,,,,,,2026-03-25,1244.99,1177.2,0.26,59.89,12.97,-0.23,1183.61,1099.28,0.34,,,,,,,
2026-03-25T09:52:17.186,JPPOWER,,,15.3,2.62,,14.16,17.02,NaN,20.42,power & utilities,power generation and supply,,-0.21,-0.37,,,,,8.08,,,,,,,,,,,,,,,,2026-03-25,14.7,14.46,0.29,53.7,19.52,-11.08,13.09,11.58,0.18,,,,,,,
2026-03-25T09:52:17.186,WELCORP,,,827.1,3.1,,788.25,885.37,12.04,10.87,industrials,steel - large,,-0.13,-0.12,,,,,4.93,,,,,,,,,,,,,,,,2026-03-25,789.88,759.0,0.18,54.51,11.6,-5.38,765.34,719.03,0.11,,,,,,,
2026-03-25T09:52:17.186,THERMAX,,,3270.7,2.48,,3171.97,3418.8,45.13,52.72,industrials,electric equipment,,-0.07,-0.09,,,,,3.11,,,,,,,,,,,,,,,,2026-03-25,3139.43,3050.0,0.09,58.82,14.24,0.37,3015.39,2843.4,-0.88,,,,,,,
2026-03-25T09:52:17.186,NHPC,,,77.76,1.59,,74.43,82.76,88.36,24.3,power & utilities,power generation and supply,,-0.17,-0.15,,,,,4.48,,,,,,,,,,,,,,,,2026-03-25,75.18,74.7,0.1,57.86,15.52,-2.5,73.89,71.2,-1.05,,,,,,,
2026-03-25T09:52:17.186,PREMIERENE,,,901.65,1.38,,824.62,1017.2,25.85,30.05,services,trading,,-0.21,-0.21,,,,,9.34,,,,,,,,,,,,,,,,2026-03-25,873.62,843.9,0.12,75.44,27.19,-10.78,838.74,793.75,-1.18,,,,,,,
2026-03-25T09:52:17.186,OLECTRA,,,1088.2,1.67,,935.17,1317.74,48.15,61.44,auto,automobiles - lcvs / hcvs,,-0.38,-0.14,,,,,16.36,,,,,,,,,,,,,,,,2026-03-25,1044.68,995.9,0.38,59.03,26.09,-31.64,945.89,853.01,-1.23,,,,,,,
2026-03-25T09:52:17.186,AKUMS,,,485.15,1.56,,467.56,511.54,28.01,22.99,healthcare,pharmaceuticals - indian - bulk drugs & formln,,-0.03,-0.16,,,,,3.76,,,,,,,,,,,,,,,,2026-03-25,469.22,463.0,0.08,53.8,16.42,1.89,450.63,427.4,-1.33,,,,,,,
2026-03-25T09:52:17.186,VGUARD,,,326.4,0.49,,314.4,344.4,62.77,49.51,industrials,electric equipment,,-0.19,-0.2,,,,,3.82,,,,,,,,,,,,,,,,2026-03-25,317.67,311.8,0.06,54.23,15.8,-9.42,304.75,291.32,-1.99,,,,,,,
2026-03-25T09:52:17.186,BALRAMCHIN,,,489.7,2.67,,479.69,504.71,21.78,21.49,fmcg,sugar,,-0.05,-0.23,,,,,2.09,,,,,,,,,,,,,,,,2026-03-25,473.05,443.0,0.17,55.68,27.72,-12.35,444.32,413.58,-2.53,,,,,,,
2026-03-25T09:52:17.186,MAHSEAMLES,,,563.65,2.37,,548.57,586.27,7.78,8.78,industrials,steel - large,,-0.15,-0.22,,,,,2.75,,,,,,,,,,,,,,,,2026-03-25,542.43,535.05,0.22,55.74,14.99,-14.16,524.14,500.86,-4.67,,,,,,,
2026-03-25T09:52:17.186,PRAJIND,,,325.35,4.08,,299.53,364.09,-121.4,110.07,industrials,engineering,,-0.17,-0.37,,,,,8.62,,,,,,,,,,,,,,,,2026-03-25,308.01,300.4,0.24,58.77,22.09,-18.53,298.1,281.07,-9.93,,,,,,,
2026-03-25T09:52:17.186,ATHERENERG,,,775.15,2.4,,718.65,859.9,-87.29,-37.24,auto,automobiles - scooters and 3 - wheelers,,0.28,1.25,,,,,7.86,,,,,,,,,,,,,,,,2026-03-25,746.96,717.05,0.34,65.13,16.62,79.72,699.98,654.95,NaN,,,,,,,
2026-03-16T15:46:13.885,AEROFLEX,,,,,,,,,,metals & mining,steel - medium / small,,,,,,,,,,,,,,,,,,,,,,1056.46,,2026-03-16,,,,,,,,,,,,,,1.39,10.96,15.66
2026-03-16T15:46:13.885,VENUSREM,,,,,,,,,,healthcare,pharmaceuticals - indian - formulations,,,,,,,,,,,,,,,,,,,,,,716.22,,2026-03-16,,,,,,,,,,,,,,2.62,8.88,24.16
2026-03-16T15:46:13.885,CCL,,,,,,,,,,fmcg,tea,,,,,,,,,,,,,,,,,,,,,,7516.74,,2026-03-16,,,,,,,,,,,,,,2.77,4.91,4.91
2026-03-16T15:46:13.885,MRPL,,,,,,,,,,energy,refineries,,,,,,,,,,,,,,,,,,,,,,4124.08,,2026-03-16,,,,,,,,,,,,,,2.92,20.73,20.73
2026-03-16T15:46:13.885,SEAMECLTD,,,,,,,,,,miscellaneous,miscellaneous,,,,,,,,,,,,,,,,,,,,,,963.48,,2026-03-16,,,,,,,,,,,,,,3.99,8.67,9.23
2026-03-16T15:46:13.885,J&KBANK,,,,,,,,,,bank,banks - private sector,,,,,,,,,,,,,,,,,,,,,,5474.99,,2026-03-16,,,,,,,,,,,,,,4.69,10.29,13.81
2026-03-16T15:46:13.885,SWANDEF,,,,,,,,,,transportation,miscellaneous,,,,,,,,,,,,,,,,,,,,,,634.33,,2026-03-16,,,,,,,,,,,,,,4.98,18.52,29.65
2026-03-16T15:46:13.885,AETHER,,,,,,,,,,chemicals,chemicals,,,,,,,,,,,,,,,,,,,,,,3397.35,,2026-03-16,,,,,,,,,,,,,,5.43,10.66,10.66
2026-03-16T15:46:13.885,ORICONENT,,,,,,,,,,industrials,packaging,,,,,,,,,,,,,,,,,,,,,,355.49,,2026-03-16,,,,,,,,,,,,,,5.71,4.32,5.23
2026-03-16T15:46:13.885,WHEELS,,,,,,,,,,auto,auto ancillaries,,,,,,,,,,,,,,,,,,,,,,939.19,,2026-03-16,,,,,,,,,,,,,,5.77,7.47,7.47
2026-03-16T15:46:13.885,KTKBANK,,,,,,,,,,bank,banks - private sector,,,,,,,,,,,,,,,,,,,,,,8206.02,,2026-03-16,,,,,,,,,,,,,,6.86,9.17,12.28
2026-03-16T15:46:13.885,HAPPYFORGE,,,,,,,,,,industrials,castings & forgings,,,,,,,,,,,,,,,,,,,,,,2575.61,,2026-03-16,,,,,,,,,,,,,,7.3,7.95,12.03
2026-03-16T15:46:13.885,MBAPL,,,,,,,,,,chemicals,fertilizers,,,,,,,,,,,,,,,,,,,,,,995.38,,2026-03-16,,,,,,,,,,,,,,8.06,7.45,7.45
2026-03-16T15:46:13.885,STYLAMIND,,,,,,,,,,building materials,miscellaneous,,,,,,,,,,,,,,,,,,,,,,1793.89,,2026-03-16,,,,,,,,,,,,,,8.89,0.96,0.96
2026-03-16T15:46:13.885,ABSLAMC,,,,,,,,,,financials,finance & investments,,,,,,,,,,,,,,,,,,,,,,6905.4,,2026-03-16,,,,,,,,,,,,,,9.24,9.12,18.97
2026-03-16T15:46:13.885,STLTECH,,,,,,,,,,industrials,cables - telephone,,,,,,,,,,,,,,,,,,,,,,4983.8,,2026-03-16,,,,,,,,,,,,,,10.66,16.15,16.15
2026-03-16T15:46:13.885,NATCOPHARM,,,,,,,,,,healthcare,pharmaceuticals - indian - bulk drugs & formln,,,,,,,,,,,,,,,,,,,,,,8540.84,,2026-03-16,,,,,,,,,,,,,,10.86,9.69,12.8
2026-03-16T15:46:13.885,MTARTECH,,,,,,,,,,aerospace & defence,engineering,,,,,,,,,,,,,,,,,,,,,,7395.16,,2026-03-16,,,,,,,,,,,,,,11.63,7.89,15.14
2026-03-16T15:46:13.885,CHENNPETRO,,,,,,,,,,energy,refineries,,,,,,,,,,,,,,,,,,,,,,4740.78,,2026-03-16,,,,,,,,,,,,,,11.77,15.57,15.57
2026-03-16T15:46:13.885,PREMIERPOL,,,,,,,,,,plastic products,plastics products,,,,,,,,,,,,,,,,,,,,,,209.67,,2026-03-16,,,,,,,,,,,,,,12.47,16.41,18.67
2026-03-16T15:46:13.885,MAHASTEEL,,,,,,,,,,metals & mining,steel - medium / small,,,,,,,,,,,,,,,,,,,,,,407.72,,2026-03-16,,,,,,,,,,,,,,13.12,16.93,20.14
2026-03-16T15:46:13.885,ARVIND,,,,,,,,,,textiles,textiles - cotton/blended,,,,,,,,,,,,,,,,,,,,,,5557.56,,2026-03-16,,,,,,,,,,,,,,13.21,10.22,10.22
2026-03-16T15:46:13.885,GLOBAL,,,,,,,,,,services,miscellaneous,,,,,,,,,,,,,,,,,,,,,,136.06,,2026-03-16,,,,,,,,,,,,,,13.48,12.63,16.84
2026-03-16T15:46:13.885,STAR,,,,,,,,,,healthcare,pharmaceuticals - indian - bulk drugs & formln,,,,,,,,,,,,,,,,,,,,,,5877.84,,2026-03-16,,,,,,,,,,,,,,13.76,6.64,8.13
2026-03-16T15:46:13.885,NGLFINE,,,,,,,,,,healthcare,pharmaceuticals - indian - bulk drugs,,,,,,,,,,,,,,,,,,,,,,373.76,,2026-03-16,,,,,,,,,,,,,,13.83,21.73,21.73
2026-03-16T15:46:13.885,LINCOLN,,,,,,,,,,healthcare,pharmaceuticals - indian - formulations,,,,,,,,,,,,,,,,,,,,,,586.49,,2026-03-16,,,,,,,,,,,,,,13.88,9.44,14.09
2026-03-16T15:46:13.885,AARTIIND,,,,,,,,,,chemicals,chemicals,,,,,,,,,,,,,,,,,,,,,,8916.35,,2026-03-16,,,,,,,,,,,,,,14.14,10.69,10.75
2026-03-16T15:46:13.885,DATAPATTNS,,,,,,,,,,aerospace & defence,electronics - components,,,,,,,,,,,,,,,,,,,,,,9962.65,,2026-03-16,,,,,,,,,,,,,,14.39,10.41,17.84
2026-03-16T15:46:13.885,CIEINDIA,,,,,,,,,,industrials,castings & forgings,,,,,,,,,,,,,,,,,,,,,,5858.15,,2026-03-16,,,,,,,,,,,,,,14.41,10.26,11.47
2026-03-16T15:46:13.885,DYNAMATECH,,,,,,,,,,industrials,engineering,,,,,,,,,,,,,,,,,,,,,,3681.69,,2026-03-16,,,,,,,,,,,,,,14.84,10.85,18.78
2026-03-16T15:46:13.885,TDPOWERSYS,,,,,,,,,,industrials,electric equipment,,,,,,,,,,,,,,,,,,,,,,9062.93,,2026-03-16,,,,,,,,,,,,,,14.97,7.5,12.91
2026-03-16T15:46:13.885,SANSERA,,,,,,,,,,auto,auto ancillaries,,,,,,,,,,,,,,,,,,,,,,8819.63,,2026-03-16,,,,,,,,,,,,,,15.28,10.51,13.5
2026-03-16T15:46:13.885,DBOL,,,,,,,,,,fmcg,sugar,,,,,,,,,,,,,,,,,,,,,,318.77,,2026-03-16,,,,,,,,,,,,,,15.57,9.32,11.3
2026-03-16T15:46:13.885,GODAVARIB,,,,,,,,,,fmcg,sugar,,,,,,,,,,,,,,,,,,,,,,550.13,,2026-03-16,,,,,,,,,,,,,,15.97,6.39,12.57
2026-03-16T15:46:13.885,DIVGIITTS,,,,,,,,,,auto,auto ancillaries,,,,,,,,,,,,,,,,,,,,,,796.14,,2026-03-16,,,,,,,,,,,,,,17.8,14.21,19.84
2026-03-16T15:46:13.885,AVANTIFEED,,,,,,,,,,fmcg,food - processing - indian,,,,,,,,,,,,,,,,,,,,,,9405.82,,2026-03-16,,,,,,,,,,,,,,18.33,7.39,10.83
2026-03-16T15:46:13.885,PRECWIRE,,,,,,,,,,metals & mining,mining / minerals / metals,,,,,,,,,,,,,,,,,,,,,,2268.3,,2026-03-16,,,,,,,,,,,,,,19.69,24.07,28.21
2026-03-16T15:46:13.885,RAMANEWS,,,,,,,,,,miscellaneous,miscellaneous,,,,,,,,,,,,,,,,,,,,,,131.24,,2026-03-16,,,,,,,,,,,,,,21.28,16.37,22.81
2026-03-16T15:46:13.885,SUMEETINDS,,,,,,,,,,textiles,textiles - manmade,,,,,,,,,,,,,,,,,,,,,,161.64,,2026-03-16,,,,,,,,,,,,,,25.43,11.31,11.56
2026-03-16T15:46:13.885,RACLGEAR,,,,,,,,,,auto,auto ancillaries,,,,,,,,,,,,,,,,,,,,,,851.33,,2026-03-16,,,,,,,,,,,,,,25.53,10.27,18.78
2026-03-16T15:46:13.885,ICEMAKE,,,,,,,,,,industrials,engineering,,,,,,,,,,,,,,,,,,,,,,323.63,,2026-03-16,,,,,,,,,,,,,,26.82,7.84,10.77
2026-03-12T12:03:02.911,SWANDEF,,,,,,,,,,transportation,miscellaneous,,,,,,,,,,,,,,,,,,,,,,611.74,,2026-03-12,,,,,,,,,,,,,,0.0,18.8,18.8
2026-03-12T12:03:02.911,J&KBANK,,,,,,,,,,bank,banks - private sector,,,,,,,,,,,,,,,,,,,,,,5700.77,,2026-03-12,,,,,,,,,,,,,,0.54,13.56,17.94
2026-03-12T12:03:02.911,AEROFLEX,,,,,,,,,,metals & mining,steel - medium / small,,,,,,,,,,,,,,,,,,,,,,1011.6,,2026-03-12,,,,,,,,,,,,,,1.66,11.05,16.44
2026-03-12T12:03:02.911,CCL,,,,,,,,,,fmcg,tea,,,,,,,,,,,,,,,,,,,,,,7559.92,,2026-03-12,,,,,,,,,,,,,,2.22,3.1,7.51
2026-03-12T12:03:02.911,STLTECH,,,,,,,,,,industrials,cables - telephone,,,,,,,,,,,,,,,,,,,,,,5444.76,,2026-03-12,,,,,,,,,,,,,,2.4,16.15,24.68
2026-03-12T12:03:02.911,VENUSREM,,,,,,,,,,healthcare,pharmaceuticals - indian - formulations,,,,,,,,,,,,,,,,,,,,,,711.2,,2026-03-12,,,,,,,,,,,,,,2.81,23.54,39.26
2026-03-12T12:03:02.911,EMCURE,,,,,,,,,,healthcare,pharmaceuticals - indian - bulk drugs & formln,,,,,,,,,,,,,,,,,,,,,,6386.03,,2026-03-12,,,,,,,,,,,,,,3.98,4.97,13.67
2026-03-12T12:03:02.911,PFOCUS,,,,,,,,,,realty,miscellaneous,,,,,,,,,,,,,,,,,,,,,,8556.78,,2026-03-12,,,,,,,,,,,,,,4.4,5.49,7.8
2026-03-12T12:03:02.911,AETHER,,,,,,,,,,chemicals,chemicals,,,,,,,,,,,,,,,,,,,,,,3428.68,,2026-03-12,,,,,,,,,,,,,,4.56,9.2,9.26
2026-03-12T12:03:02.911,ABSLAMC,,,,,,,,,,financials,finance & investments,,,,,,,,,,,,,,,,,,,,,,7161.32,,2026-03-12,,,,,,,,,,,,,,5.88,18.97,20.95
2026-03-12T12:03:02.911,SMSPHARMA,,,,,,,,,,healthcare,pharmaceuticals - indian - bulk drugs,,,,,,,,,,,,,,,,,,,,,,1221.1,,2026-03-12,,,,,,,,,,,,,,5.9,12.51,19.94
2026-03-12T12:03:02.911,GRANULES,,,,,,,,,,healthcare,pharmaceuticals - indian - bulk drugs & formln,,,,,,,,,,,,,,,,,,,,,,8755.73,,2026-03-12,,,,,,,,,,,,,,5.94,5.79,7.66
2026-03-12T12:03:02.911,LGBBROSLTD,,,,,,,,,,auto,bearings,,,,,,,,,,,,,,,,,,,,,,3927.66,,2026-03-12,,,,,,,,,,,,,,7.74,10.41,15.34
2026-03-12T12:03:02.911,PRECWIRE,,,,,,,,,,metals & mining,mining / minerals / metals,,,,,,,,,,,,,,,,,,,,,,2600.22,,2026-03-12,,,,,,,,,,,,,,7.93,10.88,12.23
2026-03-12T12:03:02.911,AARTIIND,,,,,,,,,,chemicals,chemicals,,,,,,,,,,,,,,,,,,,,,,9498.54,,2026-03-12,,,,,,,,,,,,,,8.54,10.28,13.87
2026-03-12T12:03:02.911,MRPL,,,,,,,,,,energy,refineries,,,,,,,,,,,,,,,,,,,,,,3829.74,,2026-03-12,,,,,,,,,,,,,,9.85,11.88,19.7
2026-03-12T12:03:02.911,MAHLOG,,,,,,,,,,transportation,miscellaneous,,,,,,,,,,,,,,,,,,,,,,1550.63,,2026-03-12,,,,,,,,,,,,,,10.56,6.63,12.52
2026-03-12T12:03:02.911,DIVGIITTS,,,,,,,,,,auto,auto ancillaries,,,,,,,,,,,,,,,,,,,,,,861.7,,2026-03-12,,,,,,,,,,,,,,11.03,9.63,12.43
2026-03-12T12:03:02.911,SCI,,,,,,,,,,transportation,shipping,,,,,,,,,,,,,,,,,,,,,,4205.36,,2026-03-12,,,,,,,,,,,,,,11.21,9.84,12.63
2026-03-12T12:03:02.911,GNA,,,,,,,,,,auto,auto ancillaries,,,,,,,,,,,,,,,,,,,,,,560.94,,2026-03-12,,,,,,,,,,,,,,11.51,8.98,12.13
2026-03-12T12:03:02.911,DYNAMATECH,,,,,,,,,,industrials,engineering,,,,,,,,,,,,,,,,,,,,,,3804.48,,2026-03-12,,,,,,,,,,,,,,12.0,11.89,15.21
2026-03-12T12:03:02.911,GRAPHITE,,,,,,,,,,industrials,electrodes - graphites,,,,,,,,,,,,,,,,,,,,,,4450.97,,2026-03-12,,,,,,,,,,,,,,12.01,8.03,11.22
2026-03-12T12:03:02.911,CIEINDIA,,,,,,,,,,industrials,castings & forgings,,,,,,,,,,,,,,,,,,,,,,5996.08,,2026-03-12,,,,,,,,,,,,,,12.4,5.66,7.96
2026-03-12T12:03:02.911,MANGLMCEM,,,,,,,,,,building materials,cement - north india,,,,,,,,,,,,,,,,,,,,,,1358.34,,2026-03-12,,,,,,,,,,,,,,12.44,5.17,7.37
2026-03-12T12:03:02.911,SANSERA,,,,,,,,,,auto,auto ancillaries,,,,,,,,,,,,,,,,,,,,,,9102.03,,2026-03-12,,,,,,,,,,,,,,12.56,6.6,10.06
2026-03-12T12:03:02.911,BBOX,,,,,,,,,,i.t,computers - software - medium / small,,,,,,,,,,,,,,,,,,,,,,2709.77,,2026-03-12,,,,,,,,,,,,,,13.29,7.31,9.22
2026-03-12T12:03:02.911,BLISSGVS,,,,,,,,,,healthcare,pharmaceuticals - indian - formulations,,,,,,,,,,,,,,,,,,,,,,1442.92,,2026-03-12,,,,,,,,,,,,,,13.49,11.69,13.32
2026-03-12T12:03:02.911,SKYGOLD,,,,,,,,,,consumer discretionary,diamond cutting / jewellery,,,,,,,,,,,,,,,,,,,,,,2580.89,,2026-03-12,,,,,,,,,,,,,,13.87,5.72,9.06
2026-03-12T12:03:02.911,PREMIERPOL,,,,,,,,,,plastic products,plastics products,,,,,,,,,,,,,,,,,,,,,,206.89,,2026-03-12,,,,,,,,,,,,,,14.13,18.67,20.06
2026-03-12T12:03:02.911,CHENNPETRO,,,,,,,,,,energy,refineries,,,,,,,,,,,,,,,,,,,,,,4603.41,,2026-03-12,,,,,,,,,,,,,,14.32,11.67,19.97
2026-03-12T12:03:02.911,USHAMART,,,,,,,,,,metals & mining,steel - medium / small,,,,,,,,,,,,,,,,,,,,,,7769.14,,2026-03-12,,,,,,,,,,,,,,14.67,4.98,8.07
2026-03-12T12:03:02.911,GVPIL,,,,,,,,,,realty,engineering - turnkey services,,,,,,,,,,,,,,,,,,,,,,992.47,,2026-03-12,,,,,,,,,,,,,,14.9,7.88,11.02
2026-03-12T12:03:02.911,GRWRHITECH,,,,,,,,,,industrials,packaging,,,,,,,,,,,,,,,,,,,,,,3710.8,,2026-03-12,,,,,,,,,,,,,,14.99,7.96,9.46
2026-03-12T12:03:02.911,ARVIND,,,,,,,,,,textiles,textiles - cotton/blended,,,,,,,,,,,,,,,,,,,,,,5434.73,,2026-03-12,,,,,,,,,,,,,,15.12,5.76,7.61
2026-03-12T12:03:02.911,AVANTIFEED,,,,,,,,,,fmcg,food - processing - indian,,,,,,,,,,,,,,,,,,,,,,9660.3,,2026-03-12,,,,,,,,,,,,,,16.12,10.83,14.05
2026-03-12T12:03:02.911,PRIVISCL,,,,,,,,,,chemicals,chemicals,,,,,,,,,,,,,,,,,,,,,,4440.53,,2026-03-12,,,,,,,,,,,,,,16.14,5.77,6.03
2026-03-12T12:03:02.911,SOUTHWEST,,,,,,,,,,metals & mining,mining / minerals / metals,,,,,,,,,,,,,,,,,,,,,,188.12,,2026-03-12,,,,,,,,,,,,,,16.33,13.0,21.86
2026-03-12T12:03:02.911,SHARDACROP,,,,,,,,,,chemicals,pesticides / agrochemicals - indian,,,,,,,,,,,,,,,,,,,,,,2334.36,,2026-03-12,,,,,,,,,,,,,,20.77,5.93,11.27
2026-03-12T12:03:02.911,RACLGEAR,,,,,,,,,,auto,auto ancillaries,,,,,,,,,,,,,,,,,,,,,,880.85,,2026-03-12,,,,,,,,,,,,,,22.94,12.21,13.82
2026-03-12T12:03:02.911,ICEMAKE,,,,,,,,,,industrials,engineering,,,,,,,,,,,,,,,,,,,,,,335.12,,2026-03-12,,,,,,,,,,,,,,24.23,6.46,12.21
2026-03-12T12:03:02.911,APEX,,,,,,,,,,fmcg,aquaculture,,,,,,,,,,,,,,,,,,,,,,296.93,,2026-03-12,,,,,,,,,,,,,,28.88,10.33,11.86
