Timestamp,Symbol,High,Lod price,Cmp,%ch,Initial_atr1.5sl,Sl,Target,Forward pe,Pe,Sector,Industry,%ch y_low,Srs,Ars,Srs y,Ars y,%ch_high,%ch 2 low,%ch sl,Atr%,%ch_3low,E_s50,Avg_true_range,Adr%,Brackets12,Ma_x,Rvol,M_cap,Va,Va_ma,Atr% x,Lod dist,Free float,Grand_total_number2,Scan_Date,Low 2%,Low5,R_vol,Rsi,Adx,Rs,Is,Tps,Rs score,From52wh,3d range,5d,Low,Max2,W rsi,Adr p - adr%
2026-09-23T20:28:56.884,BANDHANBNK,193.0,185.7,191.38,3.62,182.97,171.19,231.77,15.38,21.99,bank,banks - private sector,7.56,0.18,0.25,0.14,0.21,7.28,7.28,3.93,3.12,8.97,15.12,5.98,3.02,3.02,2.53,292.51,29756.61,0.17,-3.9,2.75,95.03,1.006355349e9,1611078000,2026-09-23,,,,,,,,,,,,,,,,
2026-09-23T20:28:56.884,GVT&D,4433.0,4335.2,4417.0,1.59,4172.98,4348.93,4553.15,77.87,85.29,industrials,electric equipment,-0.38,0.16,0.36,0.15,0.34,2.26,2.26,2.26,3.41,1.89,71.9,150.67,3.29,3.29,0.48,58.85,111329.03,0.33,-2.02,0.49,54.29,1.25462802e8,256046535,2026-09-23,,,,,,,,,,,,,,,,
2026-09-23T20:28:56.884,APOLLO,412.4,402.25,404.6,-0.53,380.02,385.22,443.35,134.87,117.56,aerospace & defence,electronics - components,1.15,0.87,0.49,0.97,0.5,5.74,5.74,2.52,4.72,8.65,12.27,19.08,4.04,4.04,0.64,76.05,15114.81,0.8,-1.0,0.66,12.32,1.85875312e8,371599512,2026-09-23,,,,,,,,,,,,,,,,
2026-09-23T20:28:56.884,OLAELEC,42.49,38.25,41.87,10.83,39.17,36.53,52.55,-13.96,-9.61,auto,automobiles - motorcycles / mopeds,1.24,0.66,-0.04,0.48,-0.14,14.4,14.4,11.09,4.71,15.03,3.31,1.97,4.87,4.87,1.68,662.62,17486.13,1.33,-2.63,1.82,183.44,3.102536416e9,4628408313,2026-09-23,,,,,,,,,,,,,,,,
2026-09-23T20:28:56.884,IDEA,14.55,14.17,14.52,1.75,13.8,14.35,14.86,-10.37,4.14,telecom-service,telecommunications - service provider,-6.08,0.51,0.23,0.5,0.21,6.13,6.13,2.68,3.28,5.91,0.6,0.48,3.45,3.45,1.26,65.93,154605.51,1.38,-0.38,1.31,73.53,8.0561956458e10,108343035001,2026-09-23,,,,,,,,,,,,,,,,
2026-09-23T20:28:56.884,LICHSGFIN,576.7,564.05,572.5,1.33,549.16,557.39,602.72,5.25,5.42,financials,finance - housing,1.52,0.1,0.03,0.12,0.02,2.4,2.4,2.24,2.97,5.31,39.9,17.0,3.29,3.29,2.35,110.98,31078.56,1.44,-0.59,2.52,49.71,3.01220505e8,550063000,2026-09-23,,,,,,,,,,,,,,,,
2026-09-23T20:28:56.884,JSWINFRA,370.2,362.2,363.6,-1.09,346.55,333.46,423.88,55.09,51.63,transportation,miscellaneous,7.21,0.33,0.28,0.39,0.29,5.38,5.38,2.21,3.59,5.1,27.91,13.06,3.3,3.3,2.14,94.17,85650.86,1.5,1.21,2.32,10.72,6.07333491e8,2330001567,2026-09-23,,,,,,,,,,,,,,,,
2026-09-23T20:28:56.884,MAHABANK,84.7,82.32,84.11,2.08,80.57,81.74,88.86,8.0,8.41,bank,banks - public sector,0.12,0.21,0.28,0.21,0.26,2.93,2.93,2.89,2.84,3.01,2.72,2.39,3.07,3.07,1.14,90.18,63378.41,2.33,-1.06,1.18,74.86,2.03049532e9,7691554950,2026-09-23,,,,,,,,,,,,,,,,
2026-09-23T20:28:56.884,ANANTRAJ,633.85,607.75,631.8,3.56,602.26,588.87,717.67,37.97,36.98,realty,construction,1.11,0.3,0.03,0.26,-0.0,6.62,6.62,4.29,3.18,6.36,21.14,20.08,3.27,3.27,1.05,125.98,21956.09,2.56,2.27,1.09,119.77,1.53219107e8,359876930,2026-09-23,,,,,,,,,,,,,,,,
2026-09-23T20:28:56.884,GABRIEL,1494.9,1417.3,1428.1,-2.94,1331.13,1280.24,1723.81,58.91,68.92,auto,auto ancillaries,1.77,0.53,0.34,0.62,0.38,15.77,15.77,5.48,5.17,11.43,21.1,73.8,4.89,4.89,0.29,215.89,28197.06,2.69,1.69,0.29,14.63,6.4601523e7,191634227,2026-09-23,,,,,,,,,,,,,,,,
2026-09-23T20:28:56.884,TMCV,452.0,438.5,450.2,2.29,430.0,424.47,501.66,16.19,38.67,auto,automobiles - lcvs / hcvs,2.41,-0.0,-0.0,0.02,-0.02,3.39,3.39,3.08,2.99,2.97,4.29,13.44,3.05,3.05,0.32,149.27,162066.34,2.89,2.19,0.32,87.04,2.115119961e9,3682488958,2026-09-23,,,,,,,,,,,,,,,,
2026-09-23T20:28:56.884,NIACL,193.2,187.5,191.16,2.0,175.76,192.18,189.12,-32.51,40.04,financials,finance & investments,-4.66,0.41,0.2,0.38,0.18,3.56,3.56,3.04,5.52,3.63,6.41,10.56,6.48,6.48,0.61,40.89,30885.17,3.01,1.56,0.63,34.66,2.4e8,1648000000,2026-09-23,,,,,,,,,,,,,,,,
2026-09-23T20:28:56.884,AEGISLOG,1423.8,1388.1,1404.5,-1.4,1300.17,1326.26,1560.99,25.44,39.96,services,trading,7.52,1.16,0.81,1.22,0.84,3.02,3.02,2.57,5.19,1.62,76.82,72.93,4.86,4.86,1.05,36.94,49999.95,3.03,2.28,1.11,22.49,1.47075325e8,351000000,2026-09-23,,,,,,,,,,,,,,,,
2026-09-23T20:28:56.884,RAIN,224.7,218.15,221.86,1.06,207.68,205.96,253.66,6.3,13.75,miscellaneous,miscellaneous,4.54,0.95,0.44,0.95,0.42,5.69,5.69,3.0,4.14,7.01,8.45,9.19,4.44,4.44,0.92,58.19,7384.13,3.33,2.46,0.96,40.37,1.97273326e8,336345679,2026-09-23,,,,,,,,,,,,,,,,
2026-09-23T20:28:56.884,SAIL,185.7,174.5,185.44,6.57,176.17,176.45,203.43,11.65,16.83,metals & mining,steel - large,-3.64,0.17,0.19,0.11,0.12,6.72,6.72,6.42,3.32,6.57,9.06,6.15,3.58,3.58,1.47,212.83,71875.27,3.45,1.9,1.55,177.89,1.445810739e9,4130525289,2026-09-23,,,,,,,,,,,,,,,,
2026-09-23T20:28:56.884,MTARTECH,7350.0,7146.0,7286.5,1.54,6817.01,7018.2,7823.09,111.55,165.38,aerospace & defence,engineering,-1.46,0.89,1.76,0.95,1.72,6.14,6.14,2.85,4.21,5.22,572.6,307.0,3.97,3.97,1.87,48.31,22073.08,3.89,0.01,2.02,45.76,2.1729927e7,30759591,2026-09-23,,,,,,,,,,,,,,,,
2026-09-23T20:28:56.884,SYRMA,1750.3,1702.1,1719.4,-1.29,1613.41,1613.4,1931.39,82.82,90.48,consumer discretionary,electronics - components,9.82,1.0,1.22,1.14,1.25,2.83,2.83,2.83,4.8,3.7,245.79,82.58,4.72,4.72,2.98,73.02,33587.21,4.2,2.4,3.47,20.95,1.11298962e8,192830485,2026-09-23,,,,,,,,,,,,,,,,
2026-09-23T20:28:56.884,PARAS,1411.0,1362.1,1381.2,0.41,1278.34,1346.89,1449.82,131.29,117.36,aerospace & defence,engineering,0.13,1.05,0.93,1.15,0.92,3.59,3.59,3.59,5.03,2.85,31.33,69.5,4.85,4.85,0.45,42.92,11084.79,4.23,3.02,0.46,27.48,3.7718746e7,80587330,2026-09-23,,,,,,,,,,,,,,,,
2026-09-23T20:28:56.884,ACMESOLAR,476.4,445.6,452.3,-1.38,423.49,420.46,515.98,30.48,46.85,realty,engineering - turnkey services,7.8,0.67,0.9,0.77,0.93,7.89,7.89,6.91,5.1,3.38,60.94,23.08,4.84,4.84,2.64,112.95,32420.79,4.43,2.98,3.05,29.03,2.02140474e8,706874336,2026-09-23,,,,,,,,,,,,,,,,
2026-09-23T20:28:56.884,MCX,3374.0,3237.5,3374.0,3.41,3214.43,3241.15,3639.7,52.04,21.14,financials,miscellaneous,-1.71,0.29,0.42,0.29,0.37,5.02,5.02,4.22,3.29,6.92,350.61,111.05,3.32,3.32,3.16,104.43,83193.64,4.62,3.83,3.52,122.92,2.54991845e8,254991845,2026-09-23,,,,,,,,,,,,,,,,
2026-09-23T20:28:56.884,SOLARINDS,20370.0,19625.0,19730.0,-0.8,18649.8,19929.56,19330.88,68.4,90.38,aerospace & defence,chemicals,-5.54,0.45,0.43,0.46,0.45,5.46,5.46,3.8,4.2,5.34,127.78,828.94,3.73,3.73,0.15,173.92,179984.72,4.64,4.58,0.16,12.67,2.4298784e7,90490055,2026-09-23,,,,,,,,,,,,,,,,
2026-09-23T20:28:56.884,MOTISONS,19.15,17.4,18.89,4.71,17.35,16.57,23.52,42.93,26.93,consumer discretionary,diamond cutting / jewellery,11.2,0.42,0.27,0.36,0.22,10.06,10.06,10.06,6.24,8.56,3.38,1.18,6.5,6.5,2.87,266.75,2052.06,4.74,2.07,3.49,126.46,4.877566e8,1137506600,2026-09-23,,,,,,,,,,,,,,,,
2026-09-23T20:28:56.884,CHENNPETRO,1423.0,1380.8,1388.6,-0.24,1284.21,1440.69,1284.42,5.01,4.97,energy,refineries,-6.8,0.28,0.64,0.27,0.65,4.48,4.48,3.06,5.06,1.95,34.3,70.22,4.81,4.81,0.49,45.22,20728.47,5.34,4.67,0.5,11.11,4.87133e7,148911400,2026-09-23,,,,,,,,,,,,,,,,
2026-09-23T20:28:56.884,RBA,95.86,93.12,94.86,1.3,88.96,92.35,99.89,-52.7,-31.85,consumer discretionary,hotels,-1.41,0.47,0.35,0.44,0.34,4.04,4.04,2.94,3.71,2.95,5.88,3.52,3.85,3.85,1.67,16.91,6664.54,5.42,3.87,1.78,49.4,6.46095771e8,711718862,2026-09-23,,,,,,,,,,,,,,,,
2026-09-23T20:28:56.884,ANTELOPUS,1189.2,1110.4,1161.2,4.57,1049.26,1138.38,1206.85,18.79,29.41,energy,oil drilling / allied services,-2.44,1.02,1.91,0.98,1.79,10.11,10.11,7.1,7.55,7.51,260.15,87.65,8.53,8.53,2.97,68.22,3904.43,5.47,3.94,3.83,57.96,1.056943e7,35162358,2026-09-23,,,,,,,,,,,,,,,,
2026-09-23T20:28:56.884,TDPOWERSYS,783.35,752.15,765.5,1.2,708.62,724.8,846.9,34.67,42.98,industrials,electric equipment,2.4,0.64,1.11,0.69,1.09,5.38,5.38,4.15,5.03,4.0,84.13,38.49,5.07,5.07,2.19,67.23,11817.12,5.5,3.16,2.46,34.68,1.14249769e8,156228430,2026-09-23,,,,,,,,,,,,,,,,
2026-09-23T20:28:56.884,PPLPHARMA,214.47,209.0,210.74,0.3,199.79,206.14,219.95,-101.32,-88.66,healthcare,pharmaceuticals - indian - bulk drugs & formln,1.07,0.43,0.13,0.44,0.13,2.62,2.62,2.62,3.38,1.47,6.39,7.12,3.42,3.42,0.9,50.29,27974.29,5.63,5.57,0.93,24.44,8.68023458e8,1331348130,2026-09-23,,,,,,,,,,,,,,,,
2026-09-23T20:28:56.884,MARKSANS,348.95,331.0,347.6,4.4,326.8,321.06,400.67,25.04,29.18,healthcare,pharmaceuticals - indian - formulations,2.45,0.95,0.84,0.9,0.76,6.18,6.18,5.42,4.16,8.22,46.4,14.47,4.31,4.31,3.21,92.44,15088.09,5.99,4.55,3.7,114.72,2.54341737e8,453163746,2026-09-23,,,,,,,,,,,,,,,,
2026-09-23T20:28:56.884,IIFL,638.25,613.6,633.3,2.55,597.7,583.62,732.66,9.98,12.49,financials,finance & investments,2.76,0.28,-0.07,0.25,-0.09,5.67,5.67,4.02,3.64,6.26,19.38,23.05,4.12,4.12,0.84,132.95,26265.94,6.04,5.34,0.87,85.48,3.1965032e8,425324987,2026-09-23,,,,,,,,,,,,,,,,
2026-09-23T20:28:56.884,AVALON,2488.8,2426.5,2445.6,-0.93,2242.23,2290.6,2755.61,117.13,123.3,consumer discretionary,electronics - components,7.35,1.37,1.54,1.55,1.57,3.27,3.27,2.57,6.07,1.48,396.33,148.54,6.46,6.46,2.67,28.75,16492.48,6.07,4.67,3.18,12.86,3.7153867e7,66811755,2026-09-23,,,,,,,,,,,,,,,,
2026-09-23T20:28:56.884,URBANCO,177.77,171.9,172.73,-0.85,161.93,168.05,182.08,-71.97,-78.47,i.t,miscellaneous,1.83,0.39,0.22,0.45,0.23,3.55,3.55,3.41,4.36,3.72,20.67,7.54,4.62,4.62,2.74,48.96,26866.33,6.18,5.31,3.12,11.01,1.248818103e9,1542180603,2026-09-23,,,,,,,,,,,,,,,,
2026-09-23T20:28:56.884,POLICYBZR,1904.9,1793.0,1886.3,4.5,1794.76,1764.55,2129.79,133.59,111.21,i.t,miscellaneous,-0.13,0.19,0.06,0.15,0.02,7.4,7.4,6.24,3.72,8.1,169.44,70.15,3.46,3.46,2.42,187.54,83516.42,6.29,4.06,2.65,133.0,4.6269487e8,462694870,2026-09-23,,,,,,,,,,,,,,,,
2026-09-23T20:28:56.884,APARINDS,18740.0,17799.0,17876.0,-1.96,16649.2,17453.93,18720.14,38.4,61.99,industrials,electric equipment,3.95,0.67,1.11,0.7,1.16,5.29,5.29,5.29,5.17,0.43,1585.76,924.66,4.65,4.65,1.72,82.99,76345.83,6.29,3.34,1.88,8.33,1.6969932e7,40174235,2026-09-23,,,,,,,,,,,,,,,,
2026-09-23T20:28:56.884,EMIL,195.89,186.32,191.32,-0.67,177.71,181.78,210.4,15.23,35.93,consumer discretionary,trading,6.21,0.98,0.86,1.06,0.87,5.14,5.14,5.14,5.04,2.68,24.37,9.65,5.24,5.24,2.53,51.8,7410.65,6.3,5.97,2.9,51.84,1.33996485e8,384748762,2026-09-23,,,,,,,,,,,,,,,,
2026-09-23T20:28:56.884,GRAPHITE,853.2,815.0,821.0,-0.82,770.41,804.4,854.21,23.27,75.8,industrials,electrodes - graphites,3.17,0.33,0.2,0.34,0.21,5.2,5.2,4.69,4.48,1.23,101.73,36.76,4.65,4.65,2.77,93.59,16172.21,6.45,4.14,3.16,16.32,6.7715949e7,195375594,2026-09-23,,,,,,,,,,,,,,,,
2026-09-23T20:28:56.884,RKFORGE,723.05,705.5,710.2,-0.85,673.19,687.86,754.87,68.82,121.6,industrials,castings & forgings,3.43,0.36,0.33,0.42,0.34,2.49,2.49,2.49,3.48,0.67,19.52,24.69,3.69,3.69,0.79,22.21,13047.93,7.08,5.61,0.81,19.04,1.03125411e8,182170017,2026-09-23,,,,,,,,,,,,,,,,
2026-09-23T20:28:56.884,REDINGTON,419.5,397.1,400.75,-2.34,376.76,390.87,420.51,16.11,18.86,services,trading,2.14,0.76,0.36,0.82,0.4,6.85,6.85,5.64,4.36,2.57,58.68,17.47,4.12,4.12,3.36,58.02,32080.11,7.48,6.15,3.94,20.9,7.81774431e8,781774431,2026-09-23,,,,,,,,,,,,,,,,
2026-09-23T20:28:56.884,SAILIFE,1633.4,1600.2,1609.6,0.57,1534.74,1593.28,1642.23,116.3,93.21,healthcare,pharmaceuticals - indian - bulk drugs & formln,0.3,0.48,0.61,0.48,0.6,2.57,2.57,2.07,3.01,1.07,166.37,48.48,3.51,3.51,3.43,40.76,33976.38,7.9,7.2,3.83,19.39,1.38991341e8,212286016,2026-09-23,,,,,,,,,,,,,,,,
2026-09-23T20:28:56.884,HEG,248.9,240.9,248.5,4.83,232.08,234.98,275.54,9.8,13.37,industrials,electrodes - graphites,-5.49,0.38,0.16,0.33,0.11,10.01,10.01,3.32,4.89,15.26,20.73,12.16,4.02,4.02,1.7,87.63,8195.5,8.06,7.21,1.86,62.5,1.29530901e8,329798912,2026-09-23,,,,,,,,,,,,,,,,
2026-09-23T20:28:56.884,LENSKART,692.4,681.25,686.7,-0.69,655.25,689.23,681.63,134.12,180.54,fmcg,personal care - indian,-2.72,0.26,0.46,0.26,0.48,3.45,3.45,1.64,3.24,2.6,65.7,22.23,3.15,3.15,2.95,48.51,120223.84,8.34,8.21,3.27,24.51,1.43392488e9,1738720607,2026-09-23,,,,,,,,,,,,,,,,
2026-09-23T20:28:56.884,FCL,58.09,56.2,56.81,-1.01,52.17,56.21,58.01,34.64,17.29,chemicals,chemicals,0.27,1.46,1.27,1.52,1.3,3.94,3.94,3.36,5.77,2.49,10.34,3.28,6.26,6.26,3.15,66.15,6683.07,8.85,5.45,3.86,18.6,4.3901063e8,1164500900,2026-09-23,,,,,,,,,,,,,,,,
2026-09-23T20:28:56.884,DIACABS,379.7,365.05,377.85,1.89,350.72,356.85,419.84,85.1,99.42,industrials,cables - power,4.62,1.88,1.53,1.88,1.49,4.03,4.03,4.01,4.9,4.67,43.48,18.51,5.12,5.12,2.35,31.46,22179.47,9.21,8.17,2.65,69.13,8.419711e7,526971060,2026-09-23,,,,,,,,,,,,,,,,
2026-09-23T20:28:56.884,JINDWORLD,54.34,51.51,52.2,-0.04,47.18,53.74,49.12,40.78,62.17,textiles,textiles - products,-6.91,1.39,0.73,1.43,0.74,9.34,9.34,5.49,6.94,6.64,11.04,3.62,8.68,8.68,3.05,30.81,5235.59,9.28,6.98,3.87,19.06,3.83384007e8,1002602000,2026-09-23,,,,,,,,,,,,,,,,
2026-09-10T15:11:28.741,WELCORP,,,2778.0,6.5,,2659.14,2956.29,17.5,29.78,industrials,steel - large,,2.03,2.33,,,,,4.47,,,,,,,,,,,,,,,,2026-09-10,2554.37,2536.8,3.72,82.73,60.89,233.05,2542.34,2372.39,57.4,,,,,,,
2026-09-10T15:11:28.741,ATHERENERG,,,1658.6,4.97,,1608.81,1733.29,-311.77,-153.7,auto,automobiles - scooters and 3 - wheelers,,1.15,1.26,,,,,3.1,,,,,,,,,,,,,,,,2026-09-10,1575.25,1560.9,2.92,64.39,47.85,128.1,1531.87,1440.12,55.28,,,,,,,
2026-09-10T15:11:28.741,CPPLUS,,,3824.4,2.09,,3612.16,4142.75,79.21,91.68,consumer discretionary,trading,,1.19,1.46,,,,,5.88,,,,,,,,,,,,,,,,2026-09-10,3588.76,3645.0,1.72,60.39,19.86,141.02,3492.4,3298.9,42.39,,,,,,,
2026-09-10T15:11:28.741,KIRLOSENG,,,2217.4,-0.11,,2120.19,2363.22,70.89,59.09,industrials,engines,,0.39,0.69,,,,,4.58,,,,,,,,,,,,,,,,2026-09-10,2140.81,2156.5,1.1,54.52,19.46,75.35,2033.13,1928.12,34.7,,,,,,,
2026-09-10T15:11:28.741,CHENNPETRO,,,1629.8,1.58,,1424.03,1938.46,5.88,5.72,energy,refineries,,0.59,0.9,,,,,14.45,,,,,,,,,,,,,,,,2026-09-10,1537.52,1415.1,2.95,74.75,32.25,77.49,1478.01,1397.66,30.8,,,,,,,
2026-09-10T15:11:28.741,LAURUSLABS,,,1944.6,0.39,,1879.5,2042.26,71.39,95.61,healthcare,pharmaceuticals - indian - bulk drugs & formln,,0.71,0.73,,,,,3.46,,,,,,,,,,,,,,,,2026-09-10,1882.48,1832.7,0.7,65.84,30.18,101.31,1849.7,1784.42,28.92,,,,,,,
2026-09-10T15:11:28.741,GRANULES,,,900.1,1.73,,839.01,991.74,31.0,32.7,healthcare,pharmaceuticals - indian - bulk drugs & formln,,0.41,0.41,,,,,7.28,,,,,,,,,,,,,,,,2026-09-10,852.7,838.6,2.52,64.78,18.89,55.08,843.29,806.44,18.06,,,,,,,
2026-09-10T15:11:28.741,CRAFTSMAN,,,11832.0,0.22,,11210.64,12764.04,47.62,58.75,auto,auto ancillaries,,0.48,0.55,,,,,5.54,,,,,,,,,,,,,,,,2026-09-10,11006.38,11097.0,2.29,72.56,53.11,50.71,10878.7,10330.73,17.89,,,,,,,
2026-09-10T15:11:28.741,FINCABLES,,,1416.0,4.63,,1270.52,1634.22,21.74,25.87,industrials,cables - power,,0.46,0.78,,,,,11.45,,,,,,,,,,,,,,,,2026-09-10,1309.97,1211.0,3.4,68.25,35.38,71.35,1280.06,1183.11,17.77,,,,,,,
2026-09-10T15:11:28.741,JINDALSAW,,,317.0,1.7,,311.46,325.31,48.62,30.41,industrials,steel - large,,0.47,0.84,,,,,1.78,,,,,,,,,,,,,,,,2026-09-10,302.43,297.35,2.33,70.69,35.25,63.22,295.41,282.21,15.57,,,,,,,
2026-09-10T15:11:28.741,NEULANDLAB,,,23800.0,2.61,,23067.45,24898.82,51.69,59.79,healthcare,pharmaceuticals - indian - bulk drugs,,0.74,0.54,,,,,3.18,,,,,,,,,,,,,,,,2026-09-10,22770.3,22415.0,1.48,62.11,40.85,76.27,22193.53,21338.68,15.05,,,,,,,
2026-09-10T15:11:28.741,REDINGTON,,,392.45,3.81,,366.47,431.42,15.77,17.37,services,trading,,0.47,0.4,,,,,7.09,,,,,,,,,,,,,,,,2026-09-10,372.69,367.2,5.52,70.57,45.75,45.51,362.63,351.06,14.97,,,,,,,
2026-09-10T15:11:28.741,IPCALAB,,,1969.9,0.32,,1980.65,1953.78,31.09,36.94,healthcare,pharmaceuticals - indian - bulk drugs & formln,,0.16,0.32,,,,,-0.54,,,,,,,,,,,,,,,,2026-09-10,1914.04,1943.7,0.81,64.69,32.17,38.14,1889.32,1838.88,11.15,,,,,,,
2026-09-10T15:11:28.741,EMCURE,,,1962.3,2.5,,1837.88,2148.93,31.65,35.88,healthcare,pharmaceuticals - indian - bulk drugs & formln,,0.19,0.33,,,,,6.77,,,,,,,,,,,,,,,,2026-09-10,1876.21,1874.7,3.22,62.54,18.33,29.93,1857.43,1804.48,10.53,,,,,,,
2026-09-10T15:11:28.741,NYKAA,,,344.15,0.34,,334.91,358.01,307.28,385.39,i.t,trading,,0.29,0.28,,,,,2.76,,,,,,,,,,,,,,,,2026-09-10,332.32,330.1,0.91,59.76,26.52,22.8,329.38,319.55,10.52,,,,,,,
2026-09-10T15:11:28.741,FLUOROCHEM,,,4794.1,0.83,,4608.49,5072.51,59.42,85.38,chemicals,chemicals,,0.39,0.28,,,,,4.03,,,,,,,,,,,,,,,,2026-09-10,4643.04,4461.1,1.46,60.56,35.11,38.22,4471.47,4323.3,10.44,,,,,,,
2026-09-10T15:11:28.741,GESHIP,,,1399.6,0.45,,1329.43,1504.86,3.82,5.31,transportation,shipping,,-0.13,0.23,,,,,5.28,,,,,,,,,,,,,,,,2026-09-10,1365.14,1340.0,2.26,59.74,16.56,4.25,1332.37,1309.26,10.0,,,,,,,
2026-09-10T15:11:28.741,VIJAYA,,,1495.8,-0.21,,1482.04,1516.44,72.47,82.22,healthcare,healthcare,,0.44,0.4,,,,,0.93,,,,,,,,,,,,,,,,2026-09-10,1464.81,1476.7,0.73,56.91,33.5,46.49,1404.21,1356.51,9.86,,,,,,,
2026-09-10T15:11:28.741,CAPLIPOINT,,,2796.8,2.71,,2676.48,2977.28,30.05,31.11,healthcare,pharmaceuticals - indian - formulations,,0.53,0.41,,,,,4.5,,,,,,,,,,,,,,,,2026-09-10,2659.72,2707.7,2.59,62.63,24.93,61.56,2583.33,2465.93,8.71,,,,,,,
2026-09-10T15:11:28.741,ABSLAMC,,,1090.1,2.21,,1029.36,1181.21,25.42,30.57,financials,finance & investments,,0.0,0.37,,,,,5.9,,,,,,,,,,,,,,,,2026-09-10,1021.45,1012.0,2.48,62.02,15.29,30.05,1014.46,966.53,8.55,,,,,,,
2026-09-10T15:11:28.741,BALRAMCHIN,,,710.0,1.42,,684.81,747.78,82.18,38.15,fmcg,sugar,,0.28,0.57,,,,,3.68,,,,,,,,,,,,,,,,2026-09-10,683.55,682.5,0.73,58.2,37.15,52.03,643.29,597.26,8.48,,,,,,,
2026-09-10T15:11:28.741,RKFORGE,,,728.8,1.12,,711.1,755.35,70.62,122.36,industrials,castings & forgings,,0.2,0.38,,,,,2.49,,,,,,,,,,,,,,,,2026-09-10,704.67,689.45,0.8,55.63,35.67,28.36,679.13,650.88,7.34,,,,,,,
2026-09-10T15:11:28.741,ANGELONE,,,297.55,-0.5,,287.03,313.33,29.29,5.07,financials,finance & investments,,0.29,0.15,,,,,3.66,,,,,,,,,,,,,,,,2026-09-10,291.06,291.6,0.71,50.76,23.15,7.19,278.71,268.39,7.12,,,,,,,
2026-09-10T15:11:28.741,KALYANKJIL,,,617.0,1.55,,586.68,662.48,45.64,43.71,consumer discretionary,diamond cutting / jewellery,,0.46,0.21,,,,,5.17,,,,,,,,,,,,,,,,2026-09-10,591.43,585.3,0.41,57.97,18.8,42.41,575.68,548.04,6.32,,,,,,,
2026-09-10T15:11:28.741,ZYDUSWELL,,,566.05,2.14,,531.15,618.39,37.84,93.61,fmcg,food - processing - indian,,0.34,0.29,,,,,6.57,,,,,,,,,,,,,,,,2026-09-10,543.85,527.15,1.08,62.95,22.61,36.0,531.82,511.75,5.33,,,,,,,
2026-09-10T15:11:28.741,SHYAMMETL,,,1084.8,1.03,,1069.53,1107.71,21.52,26.67,metals & mining,steel - large,,0.28,0.28,,,,,1.43,,,,,,,,,,,,,,,,2026-09-10,1052.72,1053.2,0.38,63.13,27.15,20.27,1032.01,996.31,5.28,,,,,,,
2026-09-10T15:11:28.741,IDFCFIRSTB,,,86.52,0.61,,84.94,88.88,16.26,33.08,bank,banks - private sector,,0.23,-0.02,,,,,1.86,,,,,,,,,,,,,,,,2026-09-10,84.1,85.82,1.38,56.59,30.95,3.58,83.51,82.14,4.51,,,,,,,
2026-09-10T15:11:28.741,JSWINFRA,,,343.25,0.54,,331.42,361.0,52.01,47.95,transportation,miscellaneous,,0.22,0.17,,,,,3.57,,,,,,,,,,,,,,,,2026-09-10,332.51,328.8,1.6,58.01,13.71,29.4,326.53,315.73,4.04,,,,,,,
2026-09-10T15:11:28.741,ASAHIINDIA,,,977.2,0.87,,956.14,1008.8,41.76,56.42,building materials,glass & glass products,,0.05,-0.05,,,,,2.2,,,,,,,,,,,,,,,,2026-09-10,948.59,949.0,2.32,67.36,16.57,0.0,934.34,918.4,3.94,,,,,,,
2026-09-10T15:11:28.741,KPIL,,,1427.3,1.33,,1402.11,1465.09,19.65,21.16,realty,transmisson line towers / equipment,,0.15,0.15,,,,,1.8,,,,,,,,,,,,,,,,2026-09-10,1373.96,1385.1,1.09,61.3,41.11,25.48,1355.72,1310.53,3.81,,,,,,,
2026-09-10T15:11:28.741,SPLPETRO,,,829.0,1.9,,747.17,951.74,16.42,31.55,energy,petrochemicals,,0.11,0.25,,,,,10.95,,,,,,,,,,,,,,,,2026-09-10,793.95,724.95,2.85,72.48,26.43,28.31,766.67,734.73,2.88,,,,,,,
2026-09-10T15:11:28.741,COALINDIA,,,433.4,0.56,,409.21,469.69,7.55,8.51,metals & mining,mining / minerals / metals,,-0.15,0.04,,,,,5.91,,,,,,,,,,,,,,,,2026-09-10,421.4,412.55,1.95,69.1,29.41,0.7,414.96,404.04,2.69,,,,,,,
2026-09-10T15:11:28.741,TATACOMM,,,1765.4,-0.42,,1689.81,1878.78,93.7,53.41,telecom-service,telecommunications - service provider,,0.12,-0.04,,,,,4.47,,,,,,,,,,,,,,,,2026-09-10,1718.63,1696.4,1.11,55.04,24.7,5.31,1682.45,1636.83,2.68,,,,,,,
2026-09-10T15:11:28.741,CRISIL,,,4724.2,0.72,,4719.44,4731.35,39.9,38.79,financials,miscellaneous,,0.03,0.07,,,,,0.1,,,,,,,,,,,,,,,,2026-09-10,4586.4,4603.1,0.58,58.44,30.67,1.0,4485.23,4361.4,-0.71,,,,,,,
2026-09-10T15:11:28.741,JUBLPHARMA,,,1025.15,0.6,,911.51,1195.61,71.79,45.84,healthcare,pharmaceuticals - indian - bulk drugs,,0.14,-0.08,,,,,12.47,,,,,,,,,,,,,,,,2026-09-10,987.74,901.2,1.11,74.2,21.02,9.5,958.97,911.33,-0.72,,,,,,,
2026-09-10T15:11:28.741,JSWDULUX,,,3184.4,0.16,,3136.27,3256.6,45.47,7.38,building materials,paints / varnishes,,0.01,-0.02,,,,,1.53,,,,,,,,,,,,,,,,2026-09-10,3098.37,3140.1,0.61,60.24,30.57,5.39,3067.95,2995.92,-1.6,,,,,,,
2026-09-10T15:11:28.741,TEGA,,,1729.8,3.07,,1567.4,1973.39,-37.7,442.82,industrials,engineering,,-0.12,-0.14,,,,,10.36,,,,,,,,,,,,,,,,2026-09-10,1658.16,1536.0,9.35,61.21,16.23,-4.37,1570.72,1502.21,-2.81,,,,,,,
2026-09-10T15:11:28.741,SBICARD,,,665.1,-0.49,,644.96,695.32,23.82,27.97,financials,finance & investments,,-0.14,-0.26,,,,,3.12,,,,,,,,,,,,,,,,2026-09-10,647.34,648.75,1.02,56.75,20.84,-13.06,628.43,606.83,-4.24,,,,,,,
2026-09-10T15:11:28.741,IGL,,,153.68,0.5,,149.02,160.67,22.34,15.73,energy,miscellaneous,,-0.13,-0.23,,,,,3.13,,,,,,,,,,,,,,,,2026-09-10,148.96,150.5,0.52,53.76,14.3,-12.97,146.98,142.72,-6.67,,,,,,,
2026-09-10T15:11:28.741,PIRAMALFIN,,,2297.3,-0.57,,2253.4,2363.14,NaN,0.0,n/a,indices,,0.18,0.36,,,,,1.95,,,,,,,,,,,,,,,,2026-09-10,2212.84,2201.6,1.74,64.12,26.12,30.95,2167.24,2088.4,NaN,,,,,,,
2026-09-10T15:11:28.741,EMMVEE,,,342.0,3.98,,321.68,372.49,15.57,17.06,industrials,electric equipment,,0.52,0.8,,,,,6.32,,,,,,,,,,,,,,,,2026-09-10,322.03,320.25,3.5,63.07,17.76,67.35,320.28,306.89,NaN,,,,,,,
2026-09-10T15:11:28.741,PWL,,,126.75,1.1,,118.77,138.72,-117.36,1044.75,services,miscellaneous,,0.39,-0.07,,,,,6.72,,,,,,,,,,,,,,,,2026-09-10,123.27,123.03,1.7,54.59,15.5,17.58,116.83,113.27,NaN,,,,,,,
2026-09-10T15:11:28.741,MEESHO,,,217.68,0.45,,210.5,228.45,-194.36,-78.8,transportation,miscellaneous,,0.42,0.06,,,,,3.41,,,,,,,,,,,,,,,,2026-09-10,208.26,205.75,2.12,71.52,25.86,38.86,202.91,194.87,NaN,,,,,,,
2026-08-18T09:24:33.944,AVALON,,,,,,,,,,consumer discretionary,electronics - components,,,,,,,,,,,,,,,,,,,,,,7817.92,,2026-08-18,,,,,,,,,,0.18,9.69,10.25,,,,
2026-08-18T09:24:33.944,YASHO,,,,,,,,,,chemicals,chemicals,,,,,,,,,,,,,,,,,,,,,,1766.15,,2026-08-18,,,,,,,,,,0.32,10.15,10.15,,,,
2026-08-18T09:24:33.944,HAPPYFORGE,,,,,,,,,,industrials,castings & forgings,,,,,,,,,,,,,,,,,,,,,,4600.13,,2026-08-18,,,,,,,,,,0.33,12.58,18.99,,,,
2026-08-18T09:24:33.944,APOLLOPIPE,,,,,,,,,,plastic products,plastics products,,,,,,,,,,,,,,,,,,,,,,1184.53,,2026-08-18,,,,,,,,,,0.37,10.49,10.89,,,,
2026-08-18T09:24:33.944,MOREPENLAB,,,,,,,,,,healthcare,pharmaceuticals - indian - bulk drugs & formln,,,,,,,,,,,,,,,,,,,,,,3217.31,,2026-08-18,,,,,,,,,,0.47,16.79,26.35,,,,
2026-08-18T09:24:33.944,CYIENTDLM,,,,,,,,,,aerospace & defence,electronics - components,,,,,,,,,,,,,,,,,,,,,,2843.09,,2026-08-18,,,,,,,,,,0.57,9.01,10.28,,,,
2026-08-18T09:24:33.944,AVTNPL,,,,,,,,,,fmcg,solvent extraction,,,,,,,,,,,,,,,,,,,,,,345.08,,2026-08-18,,,,,,,,,,0.83,30.76,30.91,,,,
2026-08-18T09:24:33.944,GNFC,,,,,,,,,,chemicals,chemicals,,,,,,,,,,,,,,,,,,,,,,5267.11,,2026-08-18,,,,,,,,,,0.86,11.3,11.39,,,,
2026-08-18T09:24:33.944,TI,,,,,,,,,,fmcg,breweries & distilleries,,,,,,,,,,,,,,,,,,,,,,9938.0,,2026-08-18,,,,,,,,,,0.89,7.82,15.06,,,,
2026-08-18T09:24:33.944,DHAMPURSUG,,,,,,,,,,fmcg,sugar,,,,,,,,,,,,,,,,,,,,,,564.17,,2026-08-18,,,,,,,,,,1.39,10.84,13.74,,,,
2026-08-18T09:24:33.944,INDSWFTLAB,,,,,,,,,,healthcare,pharmaceuticals - indian - bulk drugs & formln,,,,,,,,,,,,,,,,,,,,,,1626.24,,2026-08-18,,,,,,,,,,1.42,13.23,16.7,,,,
2026-08-18T09:24:33.944,PARAS,,,,,,,,,,aerospace & defence,engineering,,,,,,,,,,,,,,,,,,,,,,5357.19,,2026-08-18,,,,,,,,,,1.57,6.26,12.66,,,,
2026-08-18T09:24:33.944,MMFL,,,,,,,,,,industrials,castings & forgings,,,,,,,,,,,,,,,,,,,,,,1376.75,,2026-08-18,,,,,,,,,,1.65,16.33,16.54,,,,
2026-08-18T09:24:33.944,KRN,,,,,,,,,,industrials,engineering,,,,,,,,,,,,,,,,,,,,,,3404.26,,2026-08-18,,,,,,,,,,1.68,5.0,19.14,,,,
2026-08-18T09:24:33.944,RBA,,,,,,,,,,consumer discretionary,hotels,,,,,,,,,,,,,,,,,,,,,,6516.52,,2026-08-18,,,,,,,,,,2.27,5.49,11.79,,,,
2026-08-18T09:24:33.944,AKUMS,,,,,,,,,,healthcare,pharmaceuticals - indian - bulk drugs & formln,,,,,,,,,,,,,,,,,,,,,,2945.71,,2026-08-18,,,,,,,,,,2.39,7.24,8.38,,,,
2026-08-18T09:24:33.944,CHENNPETRO,,,,,,,,,,energy,refineries,,,,,,,,,,,,,,,,,,,,,,6886.6,,2026-08-18,,,,,,,,,,2.44,8.3,10.4,,,,
2026-08-18T09:24:33.944,PVRINOX,,,,,,,,,,media,entertainment / electronic media software,,,,,,,,,,,,,,,,,,,,,,8661.6,,2026-08-18,,,,,,,,,,2.61,4.59,5.5,,,,
2026-08-18T09:24:33.944,WELSPUNLIV,,,,,,,,,,textiles,textiles - products,,,,,,,,,,,,,,,,,,,,,,5501.34,,2026-08-18,,,,,,,,,,2.75,9.31,11.94,,,,
2026-08-18T09:24:33.944,PREMIERPOL,,,,,,,,,,plastic products,plastics products,,,,,,,,,,,,,,,,,,,,,,258.87,,2026-08-18,,,,,,,,,,2.88,23.4,29.41,,,,
2026-08-18T09:24:33.944,TFCILTD,,,,,,,,,,financials,finance - term-lending institutions,,,,,,,,,,,,,,,,,,,,,,5488.09,,2026-08-18,,,,,,,,,,2.93,10.43,11.35,,,,
2026-08-18T09:24:33.944,MARINE,,,,,,,,,,industrials,electric equipment,,,,,,,,,,,,,,,,,,,,,,1671.26,,2026-08-18,,,,,,,,,,3.22,7.11,13.78,,,,
2026-08-18T09:24:33.944,ACE,,,,,,,,,,industrials,engineering,,,,,,,,,,,,,,,,,,,,,,4661.03,,2026-08-18,,,,,,,,,,3.25,5.43,6.84,,,,
2026-08-18T09:24:33.944,RAYMOND,,,,,,,,,,transportation,transport - airlines,,,,,,,,,,,,,,,,,,,,,,2234.19,,2026-08-18,,,,,,,,,,3.34,4.71,7.44,,,,
2026-08-18T09:24:33.944,MINDACORP,,,,,,,,,,auto,auto ancillaries,,,,,,,,,,,,,,,,,,,,,,6224.75,,2026-08-18,,,,,,,,,,3.7,7.3,8.84,,,,
2026-08-18T09:24:33.944,JGCHEM,,,,,,,,,,chemicals,chemicals,,,,,,,,,,,,,,,,,,,,,,713.16,,2026-08-18,,,,,,,,,,4.06,6.77,6.77,,,,
2026-08-18T09:24:33.944,SHANTIGOLD,,,,,,,,,,consumer discretionary,diamond cutting / jewellery,,,,,,,,,,,,,,,,,,,,,,475.45,,2026-08-18,,,,,,,,,,4.2,18.88,23.77,,,,
2026-08-18T09:24:33.944,AZAD,,,,,,,,,,aerospace & defence,engineering,,,,,,,,,,,,,,,,,,,,,,8112.94,,2026-08-18,,,,,,,,,,4.74,12.61,21.88,,,,
2026-08-18T09:24:33.944,MIDHANI,,,,,,,,,,aerospace & defence,steel - medium / small,,,,,,,,,,,,,,,,,,,,,,2118.33,,2026-08-18,,,,,,,,,,4.75,8.39,14.49,,,,
2026-08-18T09:24:33.944,MANORAMA,,,,,,,,,,fmcg,food - processing - indian,,,,,,,,,,,,,,,,,,,,,,5241.89,,2026-08-18,,,,,,,,,,5.92,21.38,28.12,,,,
2026-08-18T09:24:33.944,SJS,,,,,,,,,,auto,plastics products,,,,,,,,,,,,,,,,,,,,,,6217.85,,2026-08-18,,,,,,,,,,6.07,7.87,8.38,,,,
2026-08-18T09:24:33.944,MUNJALAU,,,,,,,,,,auto,auto ancillaries,,,,,,,,,,,,,,,,,,,,,,308.67,,2026-08-18,,,,,,,,,,6.19,11.93,31.85,,,,
2026-08-18T09:24:33.944,ZENTEC,,,,,,,,,,aerospace & defence,miscellaneous,,,,,,,,,,,,,,,,,,,,,,8804.55,,2026-08-18,,,,,,,,,,6.42,3.55,4.8,,,,
2026-08-18T09:24:33.944,NELCO,,,,,,,,,,telecom,telecommunications - service provider,,,,,,,,,,,,,,,,,,,,,,1190.2,,2026-08-18,,,,,,,,,,6.7,10.44,15.29,,,,
2026-08-18T09:24:33.944,LLOYDSENGG,,,,,,,,,,industrials,engineering,,,,,,,,,,,,,,,,,,,,,,7945.35,,2026-08-18,,,,,,,,,,7.37,3.83,3.85,,,,
2026-08-18T09:24:33.944,TARSONS,,,,,,,,,,healthcare,miscellaneous,,,,,,,,,,,,,,,,,,,,,,974.61,,2026-08-18,,,,,,,,,,8.51,20.23,28.87,,,,
2026-08-18T09:24:33.944,SIGMAADV,,,,,,,,,,aerospace & defence,electronics - components,,,,,,,,,,,,,,,,,,,,,,3317.27,,2026-08-18,,,,,,,,,,9.36,8.04,14.15,,,,
2026-08-18T09:24:33.944,SUVEN,,,,,,,,,,healthcare,miscellaneous,,,,,,,,,,,,,,,,,,,,,,2560.94,,2026-08-18,,,,,,,,,,12.61,11.47,11.47,,,,
2026-08-18T09:24:33.944,GANDHAR,,,,,,,,,,energy,refineries,,,,,,,,,,,,,,,,,,,,,,829.6,,2026-08-18,,,,,,,,,,16.3,5.54,8.23,,,,
2026-08-18T09:24:33.944,GENUSPOWER,,,,,,,,,,consumer discretionary,electronics - components,,,,,,,,,,,,,,,,,,,,,,5842.19,,2026-08-18,,,,,,,,,,18.83,7.79,7.94,,,,
2026-08-18T09:24:33.944,MOTISONS,,,,,,,,,,consumer discretionary,diamond cutting / jewellery,,,,,,,,,,,,,,,,,,,,,,795.53,,2026-08-18,,,,,,,,,,21.62,20.86,29.53,,,,
2026-08-18T09:24:33.944,PCBL,,,,,,,,,,chemicals,chemicals,,,,,,,,,,,,,,,,,,,,,,5853.14,,2026-08-18,,,,,,,,,,25.09,5.74,5.74,,,,
2026-08-18T09:24:33.944,TANLA,,,,,,,,,,i.t,computers - software - medium / small,,,,,,,,,,,,,,,,,,,,,,4068.93,,2026-08-18,,,,,,,,,,25.59,4.9,9.73,,,,
2026-07-23T15:11:41.688,WELCORP,,,1614.0,0.14,,1638.91,1576.63,28.74,26.32,industrials,steel - large,,0.98,0.74,,,,,-1.52,,,,,,,,,,,,,,,,2026-07-23,1568.0,1576.0,0.19,59.77,34.45,107.65,1511.16,1442.82,20.54,,,,,,,
2026-07-23T15:11:41.688,AEGISLOG,,,1369.0,1.31,,1348.19,1400.22,29.28,52.81,services,trading,,0.91,0.73,,,,,1.54,,,,,,,,,,,,,,,,2026-07-23,1315.16,1290.1,0.37,64.37,51.79,85.98,1201.83,1117.45,20.23,,,,,,,
2026-07-23T15:11:41.688,FEDERALBNK,,,354.4,0.33,,338.96,377.56,17.41,18.57,bank,banks - private sector,,0.18,0.45,,,,,4.56,,,,,,,,,,,,,,,,2026-07-23,344.52,323.4,0.24,74.17,39.91,32.48,338.54,327.69,16.35,,,,,,,
2026-07-23T15:11:41.688,HSCL,,,777.2,1.17,,706.02,883.96,42.7,48.17,chemicals,chemicals,,0.59,0.65,,,,,10.08,,,,,,,,,,,,,,,,2026-07-23,732.16,706.55,0.69,67.65,27.71,62.51,699.34,645.75,13.55,,,,,,,
2026-07-23T15:11:41.688,TORNTPHARM,,,5068.6,0.7,,4984.7,5194.46,110.09,78.63,healthcare,pharmaceuticals - indian - formulations,,0.17,0.38,,,,,1.68,,,,,,,,,,,,,,,,2026-07-23,4836.59,4695.1,0.48,67.57,32.08,33.39,4759.21,4528.56,11.5,,,,,,,
2026-07-23T15:11:41.688,ABB,,,7535.5,0.39,,7170.63,8082.81,22.38,53.42,industrials,electric equipment,,0.47,0.39,,,,,5.09,,,,,,,,,,,,,,,,2026-07-23,7336.28,7416.5,0.7,63.51,22.91,45.57,7093.97,6911.82,9.14,,,,,,,
2026-07-23T15:11:41.688,BAJAJ-AUTO,,,11275.0,2.51,,10357.22,12651.67,24.4,26.12,auto,automobiles - scooters and 3 - wheelers,,0.13,0.25,,,,,8.86,,,,,,,,,,,,,,,,2026-07-23,10747.66,10342.5,2.15,74.57,25.95,25.25,10691.97,10310.69,8.35,,,,,,,
2026-07-23T15:11:41.688,LLOYDSME,,,1918.3,2.49,,1835.18,2042.98,17.91,26.82,metals & mining,mining / minerals / metals,,0.55,0.41,,,,,4.53,,,,,,,,,,,,,,,,2026-07-23,1818.0,1799.1,0.8,62.88,23.86,47.51,1792.52,1699.88,8.16,,,,,,,
2026-07-23T15:11:41.688,EICHERMOT,,,7718.5,1.13,,7381.69,8223.72,34.82,37.95,auto,automobiles - motorcycles / mopeds,,-0.0,0.1,,,,,4.56,,,,,,,,,,,,,,,,2026-07-23,7455.84,7450.0,0.65,63.02,11.76,6.96,7419.02,7264.92,8.15,,,,,,,
2026-07-23T15:11:41.688,FLUOROCHEM,,,4571.6,-0.41,,4184.59,5152.11,115.21,87.82,chemicals,chemicals,,0.3,0.21,,,,,9.25,,,,,,,,,,,,,,,,2026-07-23,4425.48,4043.2,0.97,79.91,37.32,26.58,4272.4,4101.39,7.93,,,,,,,
2026-07-23T15:11:41.688,NUVAMA,,,1954.2,3.81,,1909.41,2021.39,33.03,10.9,financials,finance & investments,,0.32,0.29,,,,,2.35,,,,,,,,,,,,,,,,2026-07-23,1817.8,1821.4,1.45,64.63,40.66,36.34,1814.88,1721.09,7.76,,,,,,,
2026-07-23T15:11:41.688,TVSMOTOR,,,3920.6,0.33,,3672.15,4293.28,45.67,54.16,auto,automobiles - motorcycles / mopeds,,0.0,0.1,,,,,6.77,,,,,,,,,,,,,,,,2026-07-23,3819.06,3550.1,1.24,70.71,23.07,6.96,3694.93,3579.78,7.64,,,,,,,
2026-07-23T15:11:41.688,MANAPPURAM,,,352.6,0.69,,334.78,379.33,18.48,29.86,financials,finance & investments,,0.09,0.24,,,,,5.32,,,,,,,,,,,,,,,,2026-07-23,341.43,318.75,0.88,64.93,16.48,20.5,331.77,320.24,7.22,,,,,,,
2026-07-23T15:11:41.688,MRPL,,,176.16,0.86,,163.07,195.8,8.16,9.74,energy,refineries,,0.07,0.0,,,,,8.03,,,,,,,,,,,,,,,,2026-07-23,170.33,165.37,2.45,64.43,23.67,18.89,158.87,152.73,5.24,,,,,,,
2026-07-23T15:11:41.688,SHYAMMETL,,,1037.1,0.68,,1014.27,1071.34,20.58,25.59,metals & mining,steel - large,,0.2,0.19,,,,,2.25,,,,,,,,,,,,,,,,2026-07-23,995.19,1006.7,0.26,60.85,30.69,26.89,960.88,911.96,4.63,,,,,,,
2026-07-23T15:11:41.688,HEG,,,627.6,4.8,,576.39,704.41,-26.59,33.87,industrials,electrodes - graphites,,0.06,0.09,,,,,8.88,,,,,,,,,,,,,,,,2026-07-23,587.31,582.7,11.37,68.19,29.32,18.48,564.41,565.31,4.56,,,,,,,
2026-07-23T15:11:41.688,SIEMENS,,,3693.4,1.21,,3512.46,3964.81,88.78,83.47,industrials,electric equipment,,0.18,0.16,,,,,5.15,,,,,,,,,,,,,,,,2026-07-23,3545.05,3614.8,0.56,58.06,23.74,18.7,3501.29,3372.81,4.41,,,,,,,
2026-07-23T15:11:41.688,SUNPHARMA,,,1951.6,0.44,,1946.99,1958.52,43.18,40.65,healthcare,pharmaceuticals - indian - bulk drugs & formln,,0.12,0.12,,,,,0.24,,,,,,,,,,,,,,,,2026-07-23,1888.26,1922.5,0.66,63.24,31.55,11.86,1891.39,1850.63,3.5,,,,,,,
2026-07-23T15:11:41.688,AEGISVOPAK,,,298.84,1.08,,287.49,315.87,120.5,138.81,transportation,miscellaneous,,0.38,0.12,,,,,3.95,,,,,,,,,,,,,,,,2026-07-23,285.18,262.4,0.82,66.73,49.37,14.55,266.56,245.22,3.14,,,,,,,
2026-07-23T15:11:41.688,HEROMOTOCO,,,5174.6,3.76,,4882.16,5613.27,17.73,17.38,auto,automobiles - motorcycles / mopeds,,-0.14,-0.06,,,,,5.99,,,,,,,,,,,,,,,,2026-07-23,4880.5,4870.9,2.23,66.07,12.15,-10.48,4940.98,4789.47,2.91,,,,,,,
2026-07-23T15:11:41.688,BOSCHLTD,,,42250.0,1.66,,41355.58,43591.64,54.66,44.2,auto,auto ancillaries,,0.11,0.1,,,,,2.16,,,,,,,,,,,,,,,,2026-07-23,40302.5,40400.0,0.83,66.57,34.92,17.56,40354.99,39668.72,2.61,,,,,,,
2026-07-23T15:11:41.688,MEDANTA,,,1378.7,1.87,,1330.4,1451.15,64.31,65.35,healthcare,healthcare,,0.21,0.04,,,,,3.63,,,,,,,,,,,,,,,,2026-07-23,1323.69,1305.0,2.89,66.91,26.16,17.95,1305.27,1273.5,1.11,,,,,,,
2026-07-23T15:11:41.688,UNITDSPR,,,1418.9,1.05,,1389.57,1462.89,46.74,54.28,fmcg,breweries & distilleries,,-0.01,-0.03,,,,,2.11,,,,,,,,,,,,,,,,2026-07-23,1367.1,1351.0,1.6,62.43,16.41,0.92,1354.65,1322.96,1.02,,,,,,,
2026-07-23T15:11:41.688,JSL,,,734.8,-0.49,,720.59,756.12,17.94,19.05,metals & mining,steel - large,,-0.1,-0.03,,,,,1.97,,,,,,,,,,,,,,,,2026-07-23,709.18,723.65,0.23,59.02,19.78,-8.35,701.92,680.32,1.01,,,,,,,
2026-07-23T15:11:41.688,OIL,,,458.8,1.7,,434.94,494.58,8.88,11.08,energy,oil drilling / allied services,,-0.03,0.02,,,,,5.48,,,,,,,,,,,,,,,,2026-07-23,441.88,427.25,0.91,61.42,22.98,13.33,437.49,423.71,0.93,,,,,,,
2026-07-23T15:11:41.688,M&M,,,3228.3,1.67,,3121.43,3388.6,19.32,20.74,auto,automobiles - passenger cars,,-0.16,-0.14,,,,,3.42,,,,,,,,,,,,,,,,2026-07-23,3092.88,3119.0,0.8,58.68,14.19,-10.41,3092.62,3012.56,0.24,,,,,,,
2026-07-23T15:11:41.688,ICICIBANK,,,1434.2,-0.45,,1431.55,1438.18,16.65,18.37,bank,banks - private sector,,-0.02,0.05,,,,,0.19,,,,,,,,,,,,,,,,2026-07-23,1398.07,1419.7,0.7,62.18,33.7,5.98,1383.3,1356.93,0.18,,,,,,,
2026-07-23T15:11:41.688,TECHM,,,1552.9,-0.49,,1505.88,1623.43,23.49,26.93,i.t,computers - software - large,,-0.15,0.06,,,,,3.12,,,,,,,,,,,,,,,,2026-07-23,1508.22,1527.3,0.74,61.61,17.04,-3.66,1470.25,1422.97,-0.11,,,,,,,
2026-07-23T15:11:41.688,NUVOCO,,,362.0,0.64,,342.77,390.84,20.25,33.27,building materials,cement - north india,,-0.04,-0.08,,,,,5.61,,,,,,,,,,,,,,,,2026-07-23,347.46,342.2,0.36,62.89,36.29,0.28,324.29,298.86,-0.51,,,,,,,
2026-07-23T15:11:41.688,POWERGRID,,,289.25,-0.02,,280.7,302.07,14.79,16.89,power & utilities,power generation and supply,,0.04,0.04,,,,,3.05,,,,,,,,,,,,,,,,2026-07-23,281.26,279.65,0.48,53.93,12.98,9.87,279.33,273.09,-0.55,,,,,,,
2026-07-23T15:11:41.688,PNB,,,110.17,-0.51,,105.3,117.47,5.44,5.77,bank,banks - public sector,,-0.18,-0.12,,,,,4.62,,,,,,,,,,,,,,,,2026-07-23,107.36,104.59,0.36,58.38,15.57,-7.51,105.34,102.55,-0.73,,,,,,,
2026-07-23T15:11:41.688,SUMICHEM,,,532.0,0.15,,534.35,528.47,59.64,48.82,chemicals,pesticides / agrochemicals - indian,,0.18,0.07,,,,,-0.44,,,,,,,,,,,,,,,,2026-07-23,514.5,522.65,0.25,63.79,29.24,20.33,496.38,478.26,-0.84,,,,,,,
2026-07-23T15:11:41.688,ULTRACEMCO,,,11905.0,0.1,,11730.42,12166.86,33.68,40.97,building materials,cement - north india,,-0.1,-0.03,,,,,1.49,,,,,,,,,,,,,,,,2026-07-23,11524.8,11652.0,1.13,58.12,12.35,3.56,11424.86,11127.75,-1.13,,,,,,,
2026-07-23T15:11:41.688,HAL,,,4588.0,0.29,,4454.61,4788.08,18.28,33.56,aerospace & defence,engineering,,-0.01,-0.04,,,,,2.99,,,,,,,,,,,,,,,,2026-07-23,4454.1,4426.8,0.52,63.57,13.59,6.57,4424.24,4308.51,-1.43,,,,,,,
2026-07-23T15:11:41.688,BAJAJFINSV,,,1887.7,0.6,,1880.75,1898.13,29.68,30.51,financials,finance & investments,,-0.11,-0.12,,,,,0.37,,,,,,,,,,,,,,,,2026-07-23,1825.05,1822.0,0.91,58.35,19.3,-7.63,1806.1,1757.0,-1.88,,,,,,,
2026-07-23T15:11:41.688,RKFORGE,,,585.0,1.62,,557.45,626.32,47.33,145.38,industrials,castings & forgings,,0.09,0.06,,,,,4.94,,,,,,,,,,,,,,,,2026-07-23,560.07,553.25,1.81,56.32,12.02,22.6,550.04,528.72,-1.99,,,,,,,
2026-07-23T15:11:41.688,SPLPETRO,,,734.35,0.01,,701.53,783.57,20.47,41.91,energy,petrochemicals,,0.28,0.06,,,,,4.68,,,,,,,,,,,,,,,,2026-07-23,712.71,678.35,1.98,55.25,14.4,17.23,674.06,646.7,-2.02,,,,,,,
2026-07-23T15:11:41.688,SHREECEM,,,26830.0,0.41,,26784.38,26898.44,46.04,55.29,building materials,cement - north india,,-0.1,-0.06,,,,,0.17,,,,,,,,,,,,,,,,2026-07-23,26072.9,26400.0,1.06,57.51,24.93,4.8,25675.15,25114.02,-3.17,,,,,,,
2026-07-23T15:11:41.688,PPLPHARMA,,,181.53,2.5,,174.89,191.49,-648.32,-71.7,healthcare,pharmaceuticals - indian - bulk drugs & formln,,0.08,-0.12,,,,,3.79,,,,,,,,,,,,,,,,2026-07-23,171.7,172.1,1.18,58.69,26.11,6.42,165.06,156.16,-3.33,,,,,,,
2026-07-23T15:11:41.688,HCLTECH,,,1244.0,0.54,,1191.17,1323.24,18.2,19.22,i.t,computers - software - large,,-0.32,-0.21,,,,,4.43,,,,,,,,,,,,,,,,2026-07-23,1204.22,1195.8,0.37,63.48,21.96,-24.23,1182.82,1141.74,-5.01,,,,,,,
2026-07-23T15:11:41.688,HAVELLS,,,1209.7,0.22,,1180.49,1253.51,65.32,46.36,consumer discretionary,electric equipment,,-0.15,-0.19,,,,,2.47,,,,,,,,,,,,,,,,2026-07-23,1174.24,1141.2,0.76,55.9,11.49,-14.61,1150.77,1116.77,-5.12,,,,,,,
2026-07-23T15:11:41.688,TCS,,,2241.1,1.49,,2159.46,2363.56,15.18,16.04,i.t,computers - software - large,,-0.34,-0.28,,,,,3.78,,,,,,,,,,,,,,,,2026-07-23,2149.73,2193.6,0.36,57.44,17.37,-31.69,2135.15,2064.59,-7.48,,,,,,,
2026-07-23T15:11:41.688,CANHLIFE,,,152.03,0.4,,148.18,157.8,126.69,108.94,financials,finance & investments,,0.03,0.21,,,,,2.6,,,,,,,,,,,,,,,,2026-07-23,144.09,147.03,0.59,62.14,35.1,19.66,138.5,129.21,NaN,,,,,,,
2026-04-09T09:35:18.321,STLTECH,,,,,,,,,,industrials,cables - telephone,,,,,,,,,,,,,,,,,,,,,,5746.56,,2026-04-09,,,,,,,,,,0.32,14.3,24.47,,,,
2026-04-09T09:35:18.321,VTL,,,,,,,,,,textiles,textiles - cotton/blended,,,,,,,,,,,,,,,,,,,,,,5731.37,,2026-04-09,,,,,,,,,,0.46,5.89,7.57,,,,
2026-04-09T09:35:18.321,GAEL,,,,,,,,,,fmcg,miscellaneous,,,,,,,,,,,,,,,,,,,,,,2460.46,,2026-04-09,,,,,,,,,,0.5,4.52,11.01,,,,
2026-04-09T09:35:18.321,AEROFLEX,,,,,,,,,,metals & mining,steel - medium / small,,,,,,,,,,,,,,,,,,,,,,1132.23,,2026-04-09,,,,,,,,,,0.58,8.9,10.68,,,,
2026-04-09T09:35:18.321,MTARTECH,,,,,,,,,,aerospace & defence,engineering,,,,,,,,,,,,,,,,,,,,,,8983.28,,2026-04-09,,,,,,,,,,0.64,17.24,22.71,,,,
2026-04-09T09:35:18.321,GRANULES,,,,,,,,,,healthcare,pharmaceuticals - indian - bulk drugs & formln,,,,,,,,,,,,,,,,,,,,,,9857.62,,2026-04-09,,,,,,,,,,1.26,3.38,7.94,,,,
2026-04-09T09:35:18.321,BLISSGVS,,,,,,,,,,healthcare,pharmaceuticals - indian - formulations,,,,,,,,,,,,,,,,,,,,,,1753.25,,2026-04-09,,,,,,,,,,1.79,11.86,18.5,,,,
2026-04-09T09:35:18.321,GPIL,,,,,,,,,,metals & mining,steel - medium / small,,,,,,,,,,,,,,,,,,,,,,7107.54,,2026-04-09,,,,,,,,,,1.81,8.19,10.45,,,,
2026-04-09T09:35:18.321,INDSWFTLAB,,,,,,,,,,healthcare,pharmaceuticals - indian - bulk drugs & formln,,,,,,,,,,,,,,,,,,,,,,755.52,,2026-04-09,,,,,,,,,,2.42,14.45,17.67,,,,
2026-04-09T09:35:18.321,J&KBANK,,,,,,,,,,bank,banks - private sector,,,,,,,,,,,,,,,,,,,,,,5590.79,,2026-04-09,,,,,,,,,,2.67,10.36,14.64,,,,
2026-04-09T09:35:18.321,BAJAJCON,,,,,,,,,,fmcg,personal care - indian,,,,,,,,,,,,,,,,,,,,,,2961.85,,2026-04-09,,,,,,,,,,2.72,7.71,15.83,,,,
2026-04-09T09:35:18.321,SKYGOLD,,,,,,,,,,consumer discretionary,diamond cutting / jewellery,,,,,,,,,,,,,,,,,,,,,,2884.68,,2026-04-09,,,,,,,,,,3.73,9.46,20.32,,,,
2026-04-09T09:35:18.321,CEIGALL,,,,,,,,,,realty,construction,,,,,,,,,,,,,,,,,,,,,,925.71,,2026-04-09,,,,,,,,,,3.82,7.65,10.12,,,,
2026-04-09T09:35:18.321,HONASA,,,,,,,,,,services,trading,,,,,,,,,,,,,,,,,,,,,,6987.92,,2026-04-09,,,,,,,,,,4.43,16.16,18.19,,,,
2026-04-09T09:35:18.321,ARVIND,,,,,,,,,,textiles,textiles - cotton/blended,,,,,,,,,,,,,,,,,,,,,,6115.46,,2026-04-09,,,,,,,,,,4.49,6.47,15.42,,,,
2026-04-09T09:35:18.321,LUMAXTECH,,,,,,,,,,auto,auto ancillaries,,,,,,,,,,,,,,,,,,,,,,5218.17,,2026-04-09,,,,,,,,,,4.64,7.32,14.66,,,,
2026-04-09T09:35:18.321,SHRIPISTON,,,,,,,,,,auto,auto ancillaries,,,,,,,,,,,,,,,,,,,,,,7968.44,,2026-04-09,,,,,,,,,,5.61,10.43,12.32,,,,
2026-04-09T09:35:18.321,SYRMA,,,,,,,,,,consumer discretionary,electronics - components,,,,,,,,,,,,,,,,,,,,,,9478.94,,2026-04-09,,,,,,,,,,5.68,8.0,12.91,,,,
2026-04-09T09:35:18.321,SMSPHARMA,,,,,,,,,,healthcare,pharmaceuticals - indian - bulk drugs,,,,,,,,,,,,,,,,,,,,,,1223.2,,2026-04-09,,,,,,,,,,5.74,6.96,10.65,,,,
2026-04-09T09:35:18.321,ABSLAMC,,,,,,,,,,financials,finance & investments,,,,,,,,,,,,,,,,,,,,,,7160.96,,2026-04-09,,,,,,,,,,5.89,7.0,13.71,,,,
2026-04-09T09:35:18.321,GMDCLTD,,,,,,,,,,metals & mining,mining / minerals / metals,,,,,,,,,,,,,,,,,,,,,,5026.94,,2026-04-09,,,,,,,,,,6.61,3.73,8.29,,,,
2026-04-09T09:35:18.321,CCL,,,,,,,,,,fmcg,tea,,,,,,,,,,,,,,,,,,,,,,7793.06,,2026-04-09,,,,,,,,,,8.46,9.78,14.63,,,,
2026-04-09T09:35:18.321,IMFA,,,,,,,,,,metals & mining,mining / minerals / metals,,,,,,,,,,,,,,,,,,,,,,3080.98,,2026-04-09,,,,,,,,,,8.5,8.51,16.53,,,,
2026-04-09T09:35:18.321,SENORES,,,,,,,,,,healthcare,pharmaceuticals - indian - formulations,,,,,,,,,,,,,,,,,,,,,,1994.24,,2026-04-09,,,,,,,,,,8.84,5.49,8.64,,,,
2026-04-09T09:35:18.321,CHENNPETRO,,,,,,,,,,energy,refineries,,,,,,,,,,,,,,,,,,,,,,4895.69,,2026-04-09,,,,,,,,,,8.88,5.02,7.47,,,,
2026-04-09T09:35:18.321,SJS,,,,,,,,,,auto,plastics products,,,,,,,,,,,,,,,,,,,,,,4409.3,,2026-04-09,,,,,,,,,,9.27,11.33,13.43,,,,
2026-04-09T09:35:18.321,CENTUM,,,,,,,,,,consumer discretionary,electronics - components,,,,,,,,,,,,,,,,,,,,,,2175.3,,2026-04-09,,,,,,,,,,9.36,7.52,7.63,,,,
2026-04-09T09:35:18.321,CIEINDIA,,,,,,,,,,industrials,castings & forgings,,,,,,,,,,,,,,,,,,,,,,6196.47,,2026-04-09,,,,,,,,,,9.47,4.99,8.8,,,,
2026-04-09T09:35:18.321,KMEW,,,,,,,,,,transportation,miscellaneous,,,,,,,,,,,,,,,,,,,,,,2006.51,,2026-04-09,,,,,,,,,,9.64,11.16,17.55,,,,
2026-04-09T09:35:18.321,PRECWIRE,,,,,,,,,,metals & mining,mining / minerals / metals,,,,,,,,,,,,,,,,,,,,,,2537.96,,2026-04-09,,,,,,,,,,10.14,9.83,10.38,,,,
2026-04-09T09:35:18.321,CUPID,,,,,,,,,,fmcg,personal care - indian,,,,,,,,,,,,,,,,,,,,,,6792.28,,2026-04-09,,,,,,,,,,11.19,9.15,10.39,,,,
2026-04-09T09:35:18.321,EDELWEISS,,,,,,,,,,financials,finance & investments,,,,,,,,,,,,,,,,,,,,,,7364.56,,2026-04-09,,,,,,,,,,11.55,9.85,14.04,,,,
2026-04-09T09:35:18.321,GRAPHITE,,,,,,,,,,industrials,electrodes - graphites,,,,,,,,,,,,,,,,,,,,,,4429.64,,2026-04-09,,,,,,,,,,12.43,5.13,6.41,,,,
2026-04-09T09:35:18.321,SARDAEN,,,,,,,,,,metals & mining,steel - medium / small,,,,,,,,,,,,,,,,,,,,,,5244.69,,2026-04-09,,,,,,,,,,13.33,6.83,10.54,,,,
2026-04-09T09:35:18.321,SCI,,,,,,,,,,transportation,shipping,,,,,,,,,,,,,,,,,,,,,,4102.02,,2026-04-09,,,,,,,,,,13.39,5.78,11.38,,,,
2026-04-09T09:35:18.321,TFCILTD,,,,,,,,,,financials,finance - term-lending institutions,,,,,,,,,,,,,,,,,,,,,,3060.56,,2026-04-09,,,,,,,,,,14.54,7.25,7.76,,,,
2026-04-09T09:35:18.321,HEG,,,,,,,,,,industrials,electrodes - graphites,,,,,,,,,,,,,,,,,,,,,,4853.41,,2026-04-09,,,,,,,,,,14.69,6.08,6.63,,,,
2026-04-09T09:35:18.321,PRICOLLTD,,,,,,,,,,auto,auto ancillaries,,,,,,,,,,,,,,,,,,,,,,4358.9,,2026-04-09,,,,,,,,,,16.22,10.64,12.56,,,,
2026-04-09T09:35:18.321,VIYASH,,,,,,,,,,healthcare,pharmaceuticals - indian - bulk drugs & formln,,,,,,,,,,,,,,,,,,,,,,3561.27,,2026-04-09,,,,,,,,,,17.93,10.23,14.23,,,,
2026-04-09T09:35:18.321,SMLMAH,,,,,,,,,,auto,automobiles - lcvs / hcvs,,,,,,,,,,,,,,,,,,,,,,2580.56,,2026-04-09,,,,,,,,,,18.74,11.01,15.2,,,,
2026-04-09T09:35:18.321,GMBREW,,,,,,,,,,fmcg,breweries & distilleries,,,,,,,,,,,,,,,,,,,,,,618.5,,2026-04-09,,,,,,,,,,20.32,5.59,7.34,,,,
2026-04-09T09:35:18.321,NETWEB,,,,,,,,,,i.t,computers - hardware,,,,,,,,,,,,,,,,,,,,,,5515.53,,2026-04-09,,,,,,,,,,25.06,8.53,13.3,,,,
2026-04-09T09:35:18.321,SANDUMA,,,,,,,,,,metals & mining,mining / minerals / metals,,,,,,,,,,,,,,,,,,,,,,2544.17,,2026-04-09,,,,,,,,,,25.64,11.16,16.32,,,,
2026-04-01T08:03:51.553,GAYAPROJ,,,,,,,,,,realty,construction,,,,,,,,,,,,,,,,,,,,,,258.93,,2026-04-01,,,,,,,,,,1.91,15.77,15.77,,,,
2026-04-01T08:03:51.553,GRANULES,,,,,,,,,,healthcare,pharmaceuticals - indian - bulk drugs & formln,,,,,,,,,,,,,,,,,,,,,,9210.78,,2026-04-01,,,,,,,,,,3.06,5.19,12.92,,,,
2026-04-01T08:03:51.553,DBOL,,,,,,,,,,fmcg,sugar,,,,,,,,,,,,,,,,,,,,,,380.36,,2026-04-01,,,,,,,,,,3.13,22.3,26.16,,,,
2026-04-01T08:03:51.553,SEAMECLTD,,,,,,,,,,miscellaneous,miscellaneous,,,,,,,,,,,,,,,,,,,,,,977.21,,2026-04-01,,,,,,,,,,3.76,8.28,12.43,,,,
2026-04-01T08:03:51.553,EMCURE,,,,,,,,,,healthcare,pharmaceuticals - indian - bulk drugs & formln,,,,,,,,,,,,,,,,,,,,,,6692.22,,2026-04-01,,,,,,,,,,4.56,8.27,15.79,,,,
2026-04-01T08:03:51.553,MBAPL,,,,,,,,,,chemicals,fertilizers,,,,,,,,,,,,,,,,,,,,,,1018.5,,2026-04-01,,,,,,,,,,5.92,5.48,9.51,,,,
2026-04-01T08:03:51.553,CCL,,,,,,,,,,fmcg,tea,,,,,,,,,,,,,,,,,,,,,,7492.28,,2026-04-01,,,,,,,,,,6.1,8.25,8.25,,,,
2026-04-01T08:03:51.553,KTKBANK,,,,,,,,,,bank,banks - private sector,,,,,,,,,,,,,,,,,,,,,,8431.02,,2026-04-01,,,,,,,,,,6.69,5.33,9.04,,,,
2026-04-01T08:03:51.553,GPIL,,,,,,,,,,metals & mining,steel - medium / small,,,,,,,,,,,,,,,,,,,,,,6573.22,,2026-04-01,,,,,,,,,,7.31,6.41,12.46,,,,
2026-04-01T08:03:51.553,MANOMAY,,,,,,,,,,textiles,textiles - products,,,,,,,,,,,,,,,,,,,,,,181.51,,2026-04-01,,,,,,,,,,9.36,12.67,21.14,,,,
2026-04-01T08:03:51.553,CENTUM,,,,,,,,,,consumer discretionary,electronics - components,,,,,,,,,,,,,,,,,,,,,,2163.17,,2026-04-01,,,,,,,,,,9.86,8.35,9.97,,,,
2026-04-01T08:03:51.553,WHEELS,,,,,,,,,,auto,auto ancillaries,,,,,,,,,,,,,,,,,,,,,,1015.85,,2026-04-01,,,,,,,,,,10.07,12.02,14.09,,,,
2026-04-01T08:03:51.553,HONASA,,,,,,,,,,services,trading,,,,,,,,,,,,,,,,,,,,,,6254.94,,2026-04-01,,,,,,,,,,10.76,5.42,8.17,,,,
2026-04-01T08:03:51.553,PREMIERPOL,,,,,,,,,,plastic products,plastics products,,,,,,,,,,,,,,,,,,,,,,212.99,,2026-04-01,,,,,,,,,,11.08,11.69,16.36,,,,
2026-04-01T08:03:51.553,MTARTECH,,,,,,,,,,aerospace & defence,engineering,,,,,,,,,,,,,,,,,,,,,,7403.06,,2026-04-01,,,,,,,,,,11.54,10.4,11.55,,,,
2026-04-01T08:03:51.553,BLISSGVS,,,,,,,,,,healthcare,pharmaceuticals - indian - formulations,,,,,,,,,,,,,,,,,,,,,,1474.31,,2026-04-01,,,,,,,,,,11.61,12.43,20.16,,,,
2026-04-01T08:03:51.553,SOUTHWEST,,,,,,,,,,metals & mining,mining / minerals / metals,,,,,,,,,,,,,,,,,,,,,,197.78,,2026-04-01,,,,,,,,,,12.04,13.13,17.84,,,,
2026-04-01T08:03:51.553,AETHER,,,,,,,,,,chemicals,chemicals,,,,,,,,,,,,,,,,,,,,,,3628.59,,2026-04-01,,,,,,,,,,12.44,12.06,16.21,,,,
2026-04-01T08:03:51.553,AGIIL,,,,,,,,,,realty,construction,,,,,,,,,,,,,,,,,,,,,,1006.89,,2026-04-01,,,,,,,,,,12.97,16.35,16.35,,,,
2026-04-01T08:03:51.553,GMDCLTD,,,,,,,,,,metals & mining,mining / minerals / metals,,,,,,,,,,,,,,,,,,,,,,4680.93,,2026-04-01,,,,,,,,,,13.03,7.75,7.75,,,,
2026-04-01T08:03:51.553,VENUSREM,,,,,,,,,,healthcare,pharmaceuticals - indian - formulations,,,,,,,,,,,,,,,,,,,,,,638.41,,2026-04-01,,,,,,,,,,13.2,10.97,11.03,,,,
2026-04-01T08:03:51.553,KINGFA,,,,,,,,,,plastic products,plastics products,,,,,,,,,,,,,,,,,,,,,,1890.28,,2026-04-01,,,,,,,,,,13.33,8.19,9.01,,,,
2026-04-01T08:03:51.553,SANSERA,,,,,,,,,,auto,auto ancillaries,,,,,,,,,,,,,,,,,,,,,,9012.97,,2026-04-01,,,,,,,,,,13.42,7.66,9.79,,,,
2026-04-01T08:03:51.553,INDSWFTLAB,,,,,,,,,,healthcare,pharmaceuticals - indian - bulk drugs & formln,,,,,,,,,,,,,,,,,,,,,,648.97,,2026-04-01,,,,,,,,,,13.52,16.1,16.1,,,,
2026-04-01T08:03:51.553,SMSPHARMA,,,,,,,,,,healthcare,pharmaceuticals - indian - bulk drugs,,,,,,,,,,,,,,,,,,,,,,1121.06,,2026-04-01,,,,,,,,,,13.61,11.54,13.31,,,,
2026-04-01T08:03:51.553,SAKAR,,,,,,,,,,healthcare,pharmaceuticals - indian - bulk drugs & formln,,,,,,,,,,,,,,,,,,,,,,522.82,,2026-04-01,,,,,,,,,,13.76,12.56,12.56,,,,
2026-04-01T08:03:51.553,VOLTAMP,,,,,,,,,,industrials,electric equipment,,,,,,,,,,,,,,,,,,,,,,6151.02,,2026-04-01,,,,,,,,,,13.9,6.42,6.42,,,,
2026-04-01T08:03:51.553,STLTECH,,,,,,,,,,industrials,cables - telephone,,,,,,,,,,,,,,,,,,,,,,4782.06,,2026-04-01,,,,,,,,,,14.28,13.03,16.34,,,,
2026-04-01T08:03:51.553,GODAVARIB,,,,,,,,,,fmcg,sugar,,,,,,,,,,,,,,,,,,,,,,554.36,,2026-04-01,,,,,,,,,,15.33,11.09,11.09,,,,
2026-04-01T08:03:51.553,PRIVISCL,,,,,,,,,,chemicals,chemicals,,,,,,,,,,,,,,,,,,,,,,4459.93,,2026-04-01,,,,,,,,,,15.77,5.23,7.39,,,,
2026-04-01T08:03:51.553,DATAPATTNS,,,,,,,,,,aerospace & defence,electronics - components,,,,,,,,,,,,,,,,,,,,,,9786.29,,2026-04-01,,,,,,,,,,15.91,10.84,10.93,,,,
2026-04-01T08:03:51.553,ABSLAMC,,,,,,,,,,financials,finance & investments,,,,,,,,,,,,,,,,,,,,,,6385.57,,2026-04-01,,,,,,,,,,16.08,9.21,9.21,,,,
2026-04-01T08:03:51.553,LINCOLN,,,,,,,,,,healthcare,pharmaceuticals - indian - formulations,,,,,,,,,,,,,,,,,,,,,,568.33,,2026-04-01,,,,,,,,,,16.55,10.19,10.19,,,,
2026-04-01T08:03:51.553,PRECWIRE,,,,,,,,,,metals & mining,mining / minerals / metals,,,,,,,,,,,,,,,,,,,,,,2316.68,,2026-04-01,,,,,,,,,,17.97,10.25,10.33,,,,
2026-04-01T08:03:51.553,TRIVENI,,,,,,,,,,fmcg,sugar,,,,,,,,,,,,,,,,,,,,,,3240.33,,2026-04-01,,,,,,,,,,18.95,12.78,24.47,,,,
2026-04-01T08:03:51.553,HEG,,,,,,,,,,industrials,electrodes - graphites,,,,,,,,,,,,,,,,,,,,,,4591.82,,2026-04-01,,,,,,,,,,19.29,19.76,25.32,,,,
2026-04-01T08:03:51.553,MEDPLUS,,,,,,,,,,consumer discretionary,trading,,,,,,,,,,,,,,,,,,,,,,6008.81,,2026-04-01,,,,,,,,,,19.65,4.94,7.13,,,,
2026-04-01T08:03:51.553,SPORTKING,,,,,,,,,,textiles,textiles - spinning - synthetic / blended,,,,,,,,,,,,,,,,,,,,,,365.85,,2026-04-01,,,,,,,,,,19.79,9.1,12.5,,,,
2026-04-01T08:03:51.553,AVANTIFEED,,,,,,,,,,fmcg,food - processing - indian,,,,,,,,,,,,,,,,,,,,,,9096.42,,2026-04-01,,,,,,,,,,21.02,9.47,15.4,,,,
2026-04-01T08:03:51.553,CUPID,,,,,,,,,,fmcg,personal care - indian,,,,,,,,,,,,,,,,,,,,,,6039.81,,2026-04-01,,,,,,,,,,21.15,8.23,12.66,,,,
2026-04-01T08:03:51.553,APEX,,,,,,,,,,fmcg,aquaculture,,,,,,,,,,,,,,,,,,,,,,310.45,,2026-04-01,,,,,,,,,,25.64,12.44,16.3,,,,
2026-04-01T08:03:51.553,ANTELOPUS,,,,,,,,,,energy,oil drilling / allied services,,,,,,,,,,,,,,,,,,,,,,602.14,,2026-04-01,,,,,,,,,,25.82,14.67,15.69,,,,
2026-04-01T08:03:51.553,SUMEETINDS,,,,,,,,,,textiles,textiles - manmade,,,,,,,,,,,,,,,,,,,,,,158.7,,2026-04-01,,,,,,,,,,26.79,12.16,12.16,,,,
2026-03-31T23:39:46.851,GAYAPROJ,,,,,,,,,,realty,construction,,,,,,,,,,,,,,,,,,,,,,258.93,,2026-03-31,,,,,,,,,,1.91,15.77,15.77,,,,
2026-03-31T23:39:46.851,GRANULES,,,,,,,,,,healthcare,pharmaceuticals - indian - bulk drugs & formln,,,,,,,,,,,,,,,,,,,,,,9210.78,,2026-03-31,,,,,,,,,,3.06,5.19,12.92,,,,
2026-03-31T23:39:46.851,DBOL,,,,,,,,,,fmcg,sugar,,,,,,,,,,,,,,,,,,,,,,380.36,,2026-03-31,,,,,,,,,,3.13,22.3,26.16,,,,
2026-03-31T23:39:46.851,SEAMECLTD,,,,,,,,,,miscellaneous,miscellaneous,,,,,,,,,,,,,,,,,,,,,,977.21,,2026-03-31,,,,,,,,,,3.76,8.28,12.43,,,,
2026-03-31T23:39:46.851,EMCURE,,,,,,,,,,healthcare,pharmaceuticals - indian - bulk drugs & formln,,,,,,,,,,,,,,,,,,,,,,6692.22,,2026-03-31,,,,,,,,,,4.56,8.27,15.79,,,,
2026-03-31T23:39:46.851,MBAPL,,,,,,,,,,chemicals,fertilizers,,,,,,,,,,,,,,,,,,,,,,1018.5,,2026-03-31,,,,,,,,,,5.92,5.48,9.51,,,,
2026-03-31T23:39:46.851,CCL,,,,,,,,,,fmcg,tea,,,,,,,,,,,,,,,,,,,,,,7492.28,,2026-03-31,,,,,,,,,,6.1,8.25,8.25,,,,
2026-03-31T23:39:46.851,KTKBANK,,,,,,,,,,bank,banks - private sector,,,,,,,,,,,,,,,,,,,,,,8431.02,,2026-03-31,,,,,,,,,,6.69,5.33,9.04,,,,
2026-03-31T23:39:46.851,GPIL,,,,,,,,,,metals & mining,steel - medium / small,,,,,,,,,,,,,,,,,,,,,,6573.22,,2026-03-31,,,,,,,,,,7.31,6.41,12.46,,,,
2026-03-31T23:39:46.851,MANOMAY,,,,,,,,,,textiles,textiles - products,,,,,,,,,,,,,,,,,,,,,,181.51,,2026-03-31,,,,,,,,,,9.36,12.67,21.14,,,,
2026-03-31T23:39:46.851,CENTUM,,,,,,,,,,consumer discretionary,electronics - components,,,,,,,,,,,,,,,,,,,,,,2163.17,,2026-03-31,,,,,,,,,,9.86,8.35,9.97,,,,
2026-03-31T23:39:46.851,WHEELS,,,,,,,,,,auto,auto ancillaries,,,,,,,,,,,,,,,,,,,,,,1015.85,,2026-03-31,,,,,,,,,,10.07,12.02,14.09,,,,
2026-03-31T23:39:46.851,HONASA,,,,,,,,,,services,trading,,,,,,,,,,,,,,,,,,,,,,6254.94,,2026-03-31,,,,,,,,,,10.76,5.42,8.17,,,,
2026-03-31T23:39:46.851,PREMIERPOL,,,,,,,,,,plastic products,plastics products,,,,,,,,,,,,,,,,,,,,,,212.99,,2026-03-31,,,,,,,,,,11.08,11.69,16.36,,,,
2026-03-31T23:39:46.851,MTARTECH,,,,,,,,,,aerospace & defence,engineering,,,,,,,,,,,,,,,,,,,,,,7403.06,,2026-03-31,,,,,,,,,,11.54,10.4,11.55,,,,
2026-03-31T23:39:46.851,BLISSGVS,,,,,,,,,,healthcare,pharmaceuticals - indian - formulations,,,,,,,,,,,,,,,,,,,,,,1474.31,,2026-03-31,,,,,,,,,,11.61,12.43,20.16,,,,
2026-03-31T23:39:46.851,SOUTHWEST,,,,,,,,,,metals & mining,mining / minerals / metals,,,,,,,,,,,,,,,,,,,,,,197.78,,2026-03-31,,,,,,,,,,12.04,13.13,17.84,,,,
2026-03-31T23:39:46.851,AETHER,,,,,,,,,,chemicals,chemicals,,,,,,,,,,,,,,,,,,,,,,3628.59,,2026-03-31,,,,,,,,,,12.44,12.06,16.21,,,,
2026-03-31T23:39:46.851,AGIIL,,,,,,,,,,realty,construction,,,,,,,,,,,,,,,,,,,,,,1006.89,,2026-03-31,,,,,,,,,,12.97,16.35,16.35,,,,
2026-03-31T23:39:46.851,GMDCLTD,,,,,,,,,,metals & mining,mining / minerals / metals,,,,,,,,,,,,,,,,,,,,,,4680.93,,2026-03-31,,,,,,,,,,13.03,7.75,7.75,,,,
2026-03-31T23:39:46.851,VENUSREM,,,,,,,,,,healthcare,pharmaceuticals - indian - formulations,,,,,,,,,,,,,,,,,,,,,,638.41,,2026-03-31,,,,,,,,,,13.2,10.97,11.03,,,,
2026-03-31T23:39:46.851,KINGFA,,,,,,,,,,plastic products,plastics products,,,,,,,,,,,,,,,,,,,,,,1890.28,,2026-03-31,,,,,,,,,,13.33,8.19,9.01,,,,
2026-03-31T23:39:46.851,SANSERA,,,,,,,,,,auto,auto ancillaries,,,,,,,,,,,,,,,,,,,,,,9012.97,,2026-03-31,,,,,,,,,,13.42,7.66,9.79,,,,
2026-03-31T23:39:46.851,INDSWFTLAB,,,,,,,,,,healthcare,pharmaceuticals - indian - bulk drugs & formln,,,,,,,,,,,,,,,,,,,,,,648.97,,2026-03-31,,,,,,,,,,13.52,16.1,16.1,,,,
2026-03-31T23:39:46.851,SMSPHARMA,,,,,,,,,,healthcare,pharmaceuticals - indian - bulk drugs,,,,,,,,,,,,,,,,,,,,,,1121.06,,2026-03-31,,,,,,,,,,13.61,11.54,13.31,,,,
2026-03-31T23:39:46.851,SAKAR,,,,,,,,,,healthcare,pharmaceuticals - indian - bulk drugs & formln,,,,,,,,,,,,,,,,,,,,,,522.82,,2026-03-31,,,,,,,,,,13.76,12.56,12.56,,,,
2026-03-31T23:39:46.851,VOLTAMP,,,,,,,,,,industrials,electric equipment,,,,,,,,,,,,,,,,,,,,,,6151.02,,2026-03-31,,,,,,,,,,13.9,6.42,6.42,,,,
2026-03-31T23:39:46.851,STLTECH,,,,,,,,,,industrials,cables - telephone,,,,,,,,,,,,,,,,,,,,,,4782.06,,2026-03-31,,,,,,,,,,14.28,13.03,16.34,,,,
2026-03-31T23:39:46.851,GODAVARIB,,,,,,,,,,fmcg,sugar,,,,,,,,,,,,,,,,,,,,,,554.36,,2026-03-31,,,,,,,,,,15.33,11.09,11.09,,,,
2026-03-31T23:39:46.851,PRIVISCL,,,,,,,,,,chemicals,chemicals,,,,,,,,,,,,,,,,,,,,,,4459.93,,2026-03-31,,,,,,,,,,15.77,5.23,7.39,,,,
2026-03-31T23:39:46.851,DATAPATTNS,,,,,,,,,,aerospace & defence,electronics - components,,,,,,,,,,,,,,,,,,,,,,9786.29,,2026-03-31,,,,,,,,,,15.91,10.84,10.93,,,,
2026-03-31T23:39:46.851,ABSLAMC,,,,,,,,,,financials,finance & investments,,,,,,,,,,,,,,,,,,,,,,6385.57,,2026-03-31,,,,,,,,,,16.08,9.21,9.21,,,,
2026-03-31T23:39:46.851,LINCOLN,,,,,,,,,,healthcare,pharmaceuticals - indian - formulations,,,,,,,,,,,,,,,,,,,,,,568.33,,2026-03-31,,,,,,,,,,16.55,10.19,10.19,,,,
2026-03-31T23:39:46.851,PRECWIRE,,,,,,,,,,metals & mining,mining / minerals / metals,,,,,,,,,,,,,,,,,,,,,,2316.68,,2026-03-31,,,,,,,,,,17.97,10.25,10.33,,,,
2026-03-31T23:39:46.851,TRIVENI,,,,,,,,,,fmcg,sugar,,,,,,,,,,,,,,,,,,,,,,3240.33,,2026-03-31,,,,,,,,,,18.95,12.78,24.47,,,,
2026-03-31T23:39:46.851,HEG,,,,,,,,,,industrials,electrodes - graphites,,,,,,,,,,,,,,,,,,,,,,4591.82,,2026-03-31,,,,,,,,,,19.29,19.76,25.32,,,,
2026-03-31T23:39:46.851,MEDPLUS,,,,,,,,,,consumer discretionary,trading,,,,,,,,,,,,,,,,,,,,,,6008.81,,2026-03-31,,,,,,,,,,19.65,4.94,7.13,,,,
2026-03-31T23:39:46.851,SPORTKING,,,,,,,,,,textiles,textiles - spinning - synthetic / blended,,,,,,,,,,,,,,,,,,,,,,365.85,,2026-03-31,,,,,,,,,,19.79,9.1,12.5,,,,
2026-03-31T23:39:46.851,AVANTIFEED,,,,,,,,,,fmcg,food - processing - indian,,,,,,,,,,,,,,,,,,,,,,9096.42,,2026-03-31,,,,,,,,,,21.02,9.47,15.4,,,,
2026-03-31T23:39:46.851,CUPID,,,,,,,,,,fmcg,personal care - indian,,,,,,,,,,,,,,,,,,,,,,6039.81,,2026-03-31,,,,,,,,,,21.15,8.23,12.66,,,,
2026-03-31T23:39:46.851,APEX,,,,,,,,,,fmcg,aquaculture,,,,,,,,,,,,,,,,,,,,,,310.45,,2026-03-31,,,,,,,,,,25.64,12.44,16.3,,,,
2026-03-31T23:39:46.851,ANTELOPUS,,,,,,,,,,energy,oil drilling / allied services,,,,,,,,,,,,,,,,,,,,,,602.14,,2026-03-31,,,,,,,,,,25.82,14.67,15.69,,,,
2026-03-31T23:39:46.851,SUMEETINDS,,,,,,,,,,textiles,textiles - manmade,,,,,,,,,,,,,,,,,,,,,,158.7,,2026-03-31,,,,,,,,,,26.79,12.16,12.16,,,,
2026-03-30T23:38:18.763,GAYAPROJ,,,,,,,,,,realty,construction,,,,,,,,,,,,,,,,,,,,,,258.93,,2026-03-30,,,,,,,,,,1.91,15.77,15.77,,,,
2026-03-30T23:38:18.763,GRANULES,,,,,,,,,,healthcare,pharmaceuticals - indian - bulk drugs & formln,,,,,,,,,,,,,,,,,,,,,,9210.78,,2026-03-30,,,,,,,,,,3.06,5.19,12.92,,,,
2026-03-30T23:38:18.763,DBOL,,,,,,,,,,fmcg,sugar,,,,,,,,,,,,,,,,,,,,,,380.36,,2026-03-30,,,,,,,,,,3.13,22.3,26.16,,,,
2026-03-30T23:38:18.763,SEAMECLTD,,,,,,,,,,miscellaneous,miscellaneous,,,,,,,,,,,,,,,,,,,,,,977.21,,2026-03-30,,,,,,,,,,3.76,8.28,12.43,,,,
2026-03-30T23:38:18.763,EMCURE,,,,,,,,,,healthcare,pharmaceuticals - indian - bulk drugs & formln,,,,,,,,,,,,,,,,,,,,,,6692.22,,2026-03-30,,,,,,,,,,4.56,8.27,15.79,,,,
2026-03-30T23:38:18.763,MBAPL,,,,,,,,,,chemicals,fertilizers,,,,,,,,,,,,,,,,,,,,,,1018.5,,2026-03-30,,,,,,,,,,5.92,5.48,9.51,,,,
2026-03-30T23:38:18.763,CCL,,,,,,,,,,fmcg,tea,,,,,,,,,,,,,,,,,,,,,,7492.28,,2026-03-30,,,,,,,,,,6.1,8.25,8.25,,,,
2026-03-30T23:38:18.763,KTKBANK,,,,,,,,,,bank,banks - private sector,,,,,,,,,,,,,,,,,,,,,,8431.02,,2026-03-30,,,,,,,,,,6.69,5.33,9.04,,,,
2026-03-30T23:38:18.763,GPIL,,,,,,,,,,metals & mining,steel - medium / small,,,,,,,,,,,,,,,,,,,,,,6573.22,,2026-03-30,,,,,,,,,,7.31,6.41,12.46,,,,
2026-03-30T23:38:18.763,MANOMAY,,,,,,,,,,textiles,textiles - products,,,,,,,,,,,,,,,,,,,,,,181.51,,2026-03-30,,,,,,,,,,9.36,12.67,21.14,,,,
2026-03-30T23:38:18.763,CENTUM,,,,,,,,,,consumer discretionary,electronics - components,,,,,,,,,,,,,,,,,,,,,,2163.17,,2026-03-30,,,,,,,,,,9.86,8.35,9.97,,,,
2026-03-30T23:38:18.763,WHEELS,,,,,,,,,,auto,auto ancillaries,,,,,,,,,,,,,,,,,,,,,,1015.85,,2026-03-30,,,,,,,,,,10.07,12.02,14.09,,,,
2026-03-30T23:38:18.763,HONASA,,,,,,,,,,services,trading,,,,,,,,,,,,,,,,,,,,,,6254.94,,2026-03-30,,,,,,,,,,10.76,5.42,8.17,,,,
2026-03-30T23:38:18.763,PREMIERPOL,,,,,,,,,,plastic products,plastics products,,,,,,,,,,,,,,,,,,,,,,212.99,,2026-03-30,,,,,,,,,,11.08,11.69,16.36,,,,
2026-03-30T23:38:18.763,MTARTECH,,,,,,,,,,aerospace & defence,engineering,,,,,,,,,,,,,,,,,,,,,,7403.06,,2026-03-30,,,,,,,,,,11.54,10.4,11.55,,,,
2026-03-30T23:38:18.763,BLISSGVS,,,,,,,,,,healthcare,pharmaceuticals - indian - formulations,,,,,,,,,,,,,,,,,,,,,,1474.31,,2026-03-30,,,,,,,,,,11.61,12.43,20.16,,,,
2026-03-30T23:38:18.763,SOUTHWEST,,,,,,,,,,metals & mining,mining / minerals / metals,,,,,,,,,,,,,,,,,,,,,,197.78,,2026-03-30,,,,,,,,,,12.04,13.13,17.84,,,,
2026-03-30T23:38:18.763,AETHER,,,,,,,,,,chemicals,chemicals,,,,,,,,,,,,,,,,,,,,,,3628.59,,2026-03-30,,,,,,,,,,12.44,12.06,16.21,,,,
2026-03-30T23:38:18.763,AGIIL,,,,,,,,,,realty,construction,,,,,,,,,,,,,,,,,,,,,,1006.89,,2026-03-30,,,,,,,,,,12.97,16.35,16.35,,,,
2026-03-30T23:38:18.763,GMDCLTD,,,,,,,,,,metals & mining,mining / minerals / metals,,,,,,,,,,,,,,,,,,,,,,4680.93,,2026-03-30,,,,,,,,,,13.03,7.75,7.75,,,,
2026-03-30T23:38:18.763,VENUSREM,,,,,,,,,,healthcare,pharmaceuticals - indian - formulations,,,,,,,,,,,,,,,,,,,,,,638.41,,2026-03-30,,,,,,,,,,13.2,10.97,11.03,,,,
2026-03-30T23:38:18.763,KINGFA,,,,,,,,,,plastic products,plastics products,,,,,,,,,,,,,,,,,,,,,,1890.28,,2026-03-30,,,,,,,,,,13.33,8.19,9.01,,,,
2026-03-30T23:38:18.763,SANSERA,,,,,,,,,,auto,auto ancillaries,,,,,,,,,,,,,,,,,,,,,,9012.97,,2026-03-30,,,,,,,,,,13.42,7.66,9.79,,,,
2026-03-30T23:38:18.763,INDSWFTLAB,,,,,,,,,,healthcare,pharmaceuticals - indian - bulk drugs & formln,,,,,,,,,,,,,,,,,,,,,,648.97,,2026-03-30,,,,,,,,,,13.52,16.1,16.1,,,,
2026-03-30T23:38:18.763,SMSPHARMA,,,,,,,,,,healthcare,pharmaceuticals - indian - bulk drugs,,,,,,,,,,,,,,,,,,,,,,1121.06,,2026-03-30,,,,,,,,,,13.61,11.54,13.31,,,,
2026-03-30T23:38:18.763,SAKAR,,,,,,,,,,healthcare,pharmaceuticals - indian - bulk drugs & formln,,,,,,,,,,,,,,,,,,,,,,522.82,,2026-03-30,,,,,,,,,,13.76,12.56,12.56,,,,
2026-03-30T23:38:18.763,VOLTAMP,,,,,,,,,,industrials,electric equipment,,,,,,,,,,,,,,,,,,,,,,6151.02,,2026-03-30,,,,,,,,,,13.9,6.42,6.42,,,,
2026-03-30T23:38:18.763,STLTECH,,,,,,,,,,industrials,cables - telephone,,,,,,,,,,,,,,,,,,,,,,4782.06,,2026-03-30,,,,,,,,,,14.28,13.03,16.34,,,,
2026-03-30T23:38:18.763,GODAVARIB,,,,,,,,,,fmcg,sugar,,,,,,,,,,,,,,,,,,,,,,554.36,,2026-03-30,,,,,,,,,,15.33,11.09,11.09,,,,
2026-03-30T23:38:18.763,PRIVISCL,,,,,,,,,,chemicals,chemicals,,,,,,,,,,,,,,,,,,,,,,4459.93,,2026-03-30,,,,,,,,,,15.77,5.23,7.39,,,,
2026-03-30T23:38:18.763,DATAPATTNS,,,,,,,,,,aerospace & defence,electronics - components,,,,,,,,,,,,,,,,,,,,,,9786.29,,2026-03-30,,,,,,,,,,15.91,10.84,10.93,,,,
2026-03-30T23:38:18.763,ABSLAMC,,,,,,,,,,financials,finance & investments,,,,,,,,,,,,,,,,,,,,,,6385.57,,2026-03-30,,,,,,,,,,16.08,9.21,9.21,,,,
2026-03-30T23:38:18.763,LINCOLN,,,,,,,,,,healthcare,pharmaceuticals - indian - formulations,,,,,,,,,,,,,,,,,,,,,,568.33,,2026-03-30,,,,,,,,,,16.55,10.19,10.19,,,,
2026-03-30T23:38:18.763,PRECWIRE,,,,,,,,,,metals & mining,mining / minerals / metals,,,,,,,,,,,,,,,,,,,,,,2316.68,,2026-03-30,,,,,,,,,,17.97,10.25,10.33,,,,
2026-03-30T23:38:18.763,TRIVENI,,,,,,,,,,fmcg,sugar,,,,,,,,,,,,,,,,,,,,,,3240.33,,2026-03-30,,,,,,,,,,18.95,12.78,24.47,,,,
2026-03-30T23:38:18.763,HEG,,,,,,,,,,industrials,electrodes - graphites,,,,,,,,,,,,,,,,,,,,,,4591.82,,2026-03-30,,,,,,,,,,19.29,19.76,25.32,,,,
2026-03-30T23:38:18.763,MEDPLUS,,,,,,,,,,consumer discretionary,trading,,,,,,,,,,,,,,,,,,,,,,6008.81,,2026-03-30,,,,,,,,,,19.65,4.94,7.13,,,,
2026-03-30T23:38:18.763,SPORTKING,,,,,,,,,,textiles,textiles - spinning - synthetic / blended,,,,,,,,,,,,,,,,,,,,,,365.85,,2026-03-30,,,,,,,,,,19.79,9.1,12.5,,,,
2026-03-30T23:38:18.763,AVANTIFEED,,,,,,,,,,fmcg,food - processing - indian,,,,,,,,,,,,,,,,,,,,,,9096.42,,2026-03-30,,,,,,,,,,21.02,9.47,15.4,,,,
2026-03-30T23:38:18.763,CUPID,,,,,,,,,,fmcg,personal care - indian,,,,,,,,,,,,,,,,,,,,,,6039.81,,2026-03-30,,,,,,,,,,21.15,8.23,12.66,,,,
2026-03-30T23:38:18.763,APEX,,,,,,,,,,fmcg,aquaculture,,,,,,,,,,,,,,,,,,,,,,310.45,,2026-03-30,,,,,,,,,,25.64,12.44,16.3,,,,
2026-03-30T23:38:18.763,ANTELOPUS,,,,,,,,,,energy,oil drilling / allied services,,,,,,,,,,,,,,,,,,,,,,602.14,,2026-03-30,,,,,,,,,,25.82,14.67,15.69,,,,
2026-03-30T23:38:18.763,SUMEETINDS,,,,,,,,,,textiles,textiles - manmade,,,,,,,,,,,,,,,,,,,,,,158.7,,2026-03-30,,,,,,,,,,26.79,12.16,12.16,,,,
2026-03-26T23:16:22.778,CALSOFT,14.2,,13.21,1.46,11.61,11.7,16.22,20.64,47.18,i.t,computers - software - medium / small,1.58,-0.15,-0.32,-0.18,-0.33,20.14,20.14,11.72,9.16,11.76,-0.43,1.21,,,,,,,,,41.31,,,2026-03-26,,,0.57,51.19,22.92,,,,,,,,12.71,14.2,42.39,9.44
2026-03-26T23:16:22.778,SIGMA,44.39,,40.41,4.72,35.28,37.3,46.63,1.55,1.64,i.t,computers - software - medium / small,0.61,-0.22,0.04,-0.27,-0.01,18.37,18.37,13.53,8.77,10.38,-4.96,3.54,,,,,,,,,36.98,,,2026-03-26,,,1.84,46.7,19.35,,,,,,,,39.1,44.39,40.49,8.15
2026-03-26T23:16:22.778,KESORAMIND,9.44,,9.1,5.94,8.21,7.4,12.49,11.97,0.05,miscellaneous,miscellaneous,2.13,0.4,0.49,0.31,0.41,25.53,25.53,7.76,7.24,22.81,-0.04,0.66,,,,,,,,,51.6,,,2026-03-26,,,2.22,56.59,24.96,,,,,,,,8.76,9.44,54.65,6.8
2026-03-26T23:16:22.778,ORIENTBELL,283.3,,279.1,7.59,254.67,252.88,331.54,30.21,45.75,building materials,ceramics - tiles / sanitaryware,-0.75,-0.16,-0.09,-0.23,-0.15,11.14,11.14,8.46,6.03,10.32,-1.61,16.83,,,,,,,,,106.35,,,2026-03-26,,,1.36,50.58,21.71,,,,,,,,261.2,283.3,48.68,6.59
2026-03-26T23:16:22.778,STYLEBAAZA,292.45,,282.25,0.71,255.24,224.21,398.34,27.78,31.86,consumer discretionary,trading,10.23,-0.27,-0.05,-0.29,-0.06,18.4,18.4,6.35,6.69,22.74,-22.33,18.87,,,,,,,,,38.41,,,2026-03-26,,,0.26,51.16,30.88,,,,,,,,275.0,292.45,47.39,6.27
2026-03-26T23:16:22.778,SHREERAMA,55.45,,52.99,4.76,47.94,41.97,75.03,33.12,12.74,industrials,packaging,0.92,-0.16,0.19,-0.2,0.14,30.69,30.69,12.0,7.36,25.24,-2.17,3.9,,,,,,,,,89.26,,,2026-03-26,,,4.48,54.69,22.83,,,,,,,,49.51,55.45,49.06,6.18
2026-03-26T23:16:22.778,PROZONER,48.0,,46.24,8.09,42.2,40.54,57.63,96.33,-24.6,miscellaneous,miscellaneous,2.89,-0.15,0.14,-0.21,0.06,14.29,14.29,10.42,5.99,10.1,-3.74,2.77,,,,,,,,,99.98,,,2026-03-26,,,2.28,47.94,17.32,,,,,,,,43.47,48.0,45.44,6.03
2026-03-26T23:16:22.778,RAMAPHO,125.77,,118.62,0.86,107.3,102.57,150.71,7.49,7.99,chemicals,fertilizers,4.77,-0.32,-0.13,-0.3,-0.13,17.74,17.74,7.04,6.64,12.82,-20.58,7.88,,,,,,,,,14.22,,,2026-03-26,,,1.17,45.47,33.44,,,,,,,,117.5,125.77,38.47,6.02
2026-03-26T23:16:22.778,UNIVCABLES,710.0,,676.35,1.84,617.3,596.61,835.84,21.57,14.9,industrials,cables - power,7.44,-0.17,-0.17,-0.19,-0.18,11.79,11.79,6.77,6.75,9.98,-13.13,45.67,,,,,,,,,24.96,,,2026-03-26,,,1.26,52.0,27.21,,,,,,,,664.95,710.0,45.12,5.79
2026-03-26T23:16:22.778,KIOCL,345.45,,332.7,0.7,303.12,299.63,398.84,277.25,-274.96,metals & mining,mining / minerals / metals,8.97,-0.33,0.12,-0.32,0.11,7.9,7.9,5.32,6.7,3.92,-9.34,22.28,,,,,,,,,21.09,,,2026-03-26,,,0.86,51.18,16.31,,,,,,,,328.0,345.45,45.76,5.65
2026-03-26T23:16:22.778,KMEW,1614.9,,1594.6,3.28,1461.3,1460.76,1862.29,29.86,36.04,transportation,miscellaneous,-0.16,0.17,0.88,0.15,0.82,10.12,10.12,4.13,5.21,13.17,-73.53,83.09,,,,,,,,,52.71,,,2026-03-26,,,0.6,50.3,19.52,,,,,,,,1550.8,1614.9,54.92,5.31
2026-03-26T23:16:22.778,SAGILITY,40.74,,39.89,6.89,36.84,35.33,49.0,17.5,22.04,i.t,computers - software - medium / small,2.46,-0.16,-0.14,-0.21,-0.19,12.39,12.39,5.52,5.48,11.33,-5.1,2.19,,,,,,,,,58.55,,,2026-03-26,,,2.23,47.24,28.18,,,,,,,,38.61,40.74,38.42,5.27
2026-03-26T23:16:22.778,SIGMAADV,167.15,,163.45,-0.23,150.21,148.1,194.16,-291.88,8.96,aerospace & defence,electronics - components,12.43,-0.09,0.62,-0.1,0.63,4.47,4.47,4.47,5.32,2.16,-7.67,8.7,,,,,,,,,39.66,,,2026-03-26,,,0.81,49.45,17.95,,,,,,,,160.0,167.15,48.77,5.23
2026-03-26T23:16:22.778,SKMEGGPROD,169.95,,165.63,3.52,152.01,145.5,205.9,3.63,5.63,fmcg,food - processing - indian,5.6,-0.06,0.1,-0.08,0.07,11.68,11.68,6.15,5.22,12.48,-7.9,8.65,,,,,,,,,63.92,,,2026-03-26,,,0.44,51.28,24.0,,,,,,,,160.1,169.95,46.52,4.91
2026-03-26T23:16:22.778,IMFA,1296.0,,1244.6,3.8,1148.64,1151.74,1430.31,12.79,18.23,metals & mining,mining / minerals / metals,-0.26,-0.01,0.6,-0.07,0.55,12.98,12.98,7.64,5.13,8.5,-3.62,63.8,,,,,,,,,63.64,,,2026-03-26,,,0.86,50.35,16.65,,,,,,,,1204.0,1296.0,52.64,4.86
2026-03-26T23:16:22.778,JAYNECOIND,75.1,,73.71,2.3,67.99,68.23,84.66,24.25,19.15,metals & mining,steel - large,1.01,-0.05,0.87,-0.08,0.83,8.37,8.37,3.16,5.45,7.76,-2.1,4.02,,,,,,,,,22.65,,,2026-03-26,,,0.96,49.21,14.72,,,,,,,,72.8,75.1,51.89,4.86
2026-03-26T23:16:22.778,CARTRADE,1796.0,,1750.1,1.95,1603.03,1561.32,2127.65,37.4,41.56,consumer discretionary,miscellaneous,9.85,-0.34,-0.11,-0.37,-0.13,5.67,5.67,4.58,4.45,4.8,-342.5,77.84,,,,,,,,,42.14,,,2026-03-26,,,0.58,42.03,45.13,,,,,,,,1717.3,1796.0,36.65,4.7
2026-03-26T23:16:22.778,DATAMATICS,728.0,,714.45,4.14,660.81,649.5,844.35,29.0,21.66,i.t,computers - software - medium / small,1.63,-0.25,-0.06,-0.3,-0.09,9.37,9.37,6.11,4.71,8.56,-10.29,33.67,,,,,,,,,84.35,,,2026-03-26,,,0.45,49.65,12.31,,,,,,,,686.05,728.0,44.29,4.69
2026-03-26T23:16:22.778,FEDFINA,134.0,,132.17,2.85,122.59,123.14,150.23,14.06,15.68,financials,finance & investments,3.46,-0.18,0.11,-0.22,0.08,5.93,5.93,3.85,4.99,8.11,-7.35,6.6,,,,,,,,,47.57,,,2026-03-26,,,0.7,49.63,16.5,,,,,,,,129.03,134.0,45.52,4.67
2026-03-26T23:16:22.778,TATVA,1208.0,,1161.5,0.1,1076.42,1096.91,1290.68,44.74,82.91,chemicals,chemicals,2.28,0.01,0.18,-0.02,0.18,7.47,7.47,4.95,4.65,5.3,-36.06,54.0,,,,,,,,,19.44,,,2026-03-26,,,0.51,48.68,13.7,,,,,,,,1151.0,1208.0,47.08,4.6
2026-03-26T23:16:22.778,RATEGAIN,499.9,,495.7,3.09,458.35,457.38,572.34,55.32,32.63,i.t,computers - software - medium / small,0.72,-0.31,0.02,-0.33,-0.01,8.67,8.67,4.41,4.7,7.76,-62.13,23.29,,,,,,,,,72.56,,,2026-03-26,,,0.69,45.29,28.98,,,,,,,,478.8,499.9,36.15,4.55
2026-03-26T23:16:22.778,POCL,1131.9,,1100.9,3.62,1019.03,990.24,1322.22,23.79,29.2,metals & mining,mining / minerals / metals,1.64,-0.16,0.1,-0.2,0.06,12.29,12.29,5.47,5.08,12.28,-84.02,55.9,,,,,,,,,49.56,,,2026-03-26,,,1.06,48.99,29.1,,,,,,,,1073.2,1131.9,43.3,4.5
2026-03-26T23:16:22.778,MUTHOOTMF,170.37,,165.51,6.75,153.62,138.34,219.86,11.09,-9.39,financials,finance & investments,8.03,-0.08,-0.04,-0.14,-0.1,14.23,14.23,9.85,5.07,17.22,-6.68,8.39,,,,,,,,,124.13,,,2026-03-26,,,1.79,53.78,26.33,,,,,,,,155.1,170.37,48.28,4.45
2026-03-26T23:16:22.778,BLACKBUCK,608.1,,591.15,0.22,550.29,560.43,652.58,84.94,18.83,transportation,miscellaneous,3.25,-0.11,0.31,-0.1,0.31,6.43,6.43,3.55,4.86,5.9,-1.53,28.75,,,,,,,,,13.57,,,2026-03-26,,,0.54,50.2,15.79,,,,,,,,587.25,608.1,49.11,4.42
2026-03-26T23:16:22.778,CGCL,172.0,,170.01,0.33,159.47,161.99,186.05,15.98,18.26,financials,finance & investments,-2.26,-0.17,-0.07,-0.2,-0.07,9.59,9.59,3.38,4.64,8.32,-0.42,7.89,,,,,,,,,46.16,,,2026-03-26,,,1.25,51.82,15.51,,,,,,,,166.37,172.0,44.35,4.29
2026-03-26T23:16:22.778,IXIGO,182.74,,181.29,4.63,167.37,156.25,231.37,78.14,127.67,i.t,travel agencies,9.85,-0.4,0.0,-0.43,-0.04,8.77,8.77,5.74,4.94,11.46,-11.63,8.96,,,,,,,,,94.52,,,2026-03-26,,,0.45,53.17,29.57,,,,,,,,172.82,182.74,39.48,4.21
2026-03-26T23:16:22.778,BBTCL,175.15,,173.89,4.21,162.45,160.17,201.33,4.51,8.04,industrials,packaging,4.03,-0.19,0.03,-0.25,-0.02,5.38,5.38,2.99,4.25,5.39,-7.06,7.39,,,,,,,,,51.69,,,2026-03-26,,,0.5,50.61,16.63,,,,,,,,170.07,175.15,38.84,4.19
2026-03-26T23:16:22.778,SHAH,4.82,,4.79,3.01,4.48,4.55,5.27,119.75,36.85,metals & mining,steel - medium / small,-1.09,0.2,0.17,0.17,0.14,5.93,5.93,3.21,4.86,13.51,-0.05,0.23,,,,,,,,,51.54,,,2026-03-26,,,0.92,51.65,17.83,,,,,,,,4.67,4.82,54.66,4.15
2026-03-26T23:16:22.778,RADICO,2761.0,,2747.0,4.16,2584.19,2641.89,2957.21,59.36,71.11,fmcg,breweries & distilleries,-3.72,-0.15,-0.02,-0.19,-0.06,7.81,7.81,4.69,4.13,7.62,-18.07,113.49,,,,,,,,,96.66,,,2026-03-26,,,1.11,50.97,14.95,,,,,,,,2637.3,2761.0,44.52,4.1
2026-03-26T23:16:22.778,AVL,483.0,,480.35,2.52,453.31,434.87,571.31,56.65,55.6,consumer discretionary,trading,5.31,-0.21,0.3,-0.26,0.27,6.06,6.06,3.75,3.68,7.94,-1.68,17.69,,,,,,,,,83.66,,,2026-03-26,,,0.67,57.38,19.56,,,,,,,,465.55,483.0,48.59,4.09
2026-03-26T23:16:22.778,SJS,1666.0,,1653.8,4.14,1543.65,1495.06,1971.27,29.43,33.42,auto,plastics products,1.15,0.04,0.32,-0.04,0.27,9.09,9.09,4.91,4.43,10.03,-47.22,73.31,,,,,,,,,89.75,,,2026-03-26,,,1.01,49.35,18.32,,,,,,,,1588.0,1666.0,52.68,4.02
2026-03-26T23:16:22.778,CEIGALL,280.2,,275.4,3.85,258.91,260.68,304.85,16.55,19.01,realty,construction,0.19,-0.07,-0.07,-0.11,-0.1,6.58,6.58,5.5,4.31,5.92,-3.96,11.86,,,,,,,,,82.61,,,2026-03-26,,,2.69,50.03,15.86,,,,,,,,265.6,280.2,53.46,4.01
2026-03-26T23:16:22.778,SENORES,795.0,,780.8,6.61,734.22,708.0,926.4,26.78,35.11,healthcare,pharmaceuticals - indian - formulations,0.72,0.03,0.23,-0.05,0.16,11.32,11.32,5.27,4.4,10.59,-1.86,34.38,,,,,,,,,74.47,,,2026-03-26,,,2.17,54.88,26.96,,,,,,,,755.2,795.0,52.77,3.83
2026-03-26T23:16:22.778,USHAMART,419.1,,414.0,5.25,390.23,392.09,457.81,29.32,30.07,metals & mining,steel - medium / small,-1.8,-0.15,0.08,-0.19,0.03,7.46,7.46,5.95,4.03,8.95,-0.22,16.68,,,,,,,,,110.64,,,2026-03-26,,,0.76,51.71,16.49,,,,,,,,395.55,419.1,49.49,3.79
2026-03-26T23:16:22.778,PAYTM,1071.0,,1065.9,2.98,1002.55,972.72,1252.27,75.7,-394.78,i.t,miscellaneous,3.57,-0.14,0.08,-0.19,0.05,6.63,6.63,2.95,3.97,7.98,-69.65,42.27,,,,,,,,,60.56,,,2026-03-26,,,0.73,48.85,33.74,,,,,,,,1040.3,1071.0,43.34,3.71
2026-03-26T23:16:22.778,NAM-INDIA,878.9,,869.6,2.58,817.41,798.66,1011.49,34.29,38.29,financials,finance & investments,2.24,-0.07,0.04,-0.09,0.02,7.05,7.05,3.5,3.92,8.01,-18.4,34.12,,,,,,,,,59.79,,,2026-03-26,,,1.41,49.45,16.01,,,,,,,,849.2,878.9,51.04,3.59
2026-03-26T23:16:22.778,MUTHOOTFIN,3334.0,,3320.2,5.23,3118.1,3138.37,3683.86,11.88,15.29,financials,finance & investments,-3.49,0.0,0.22,-0.07,0.16,9.42,9.42,4.18,4.22,9.14,-250.43,139.98,,,,,,,,,85.73,,,2026-03-26,,,1.08,47.06,24.04,,,,,,,,3200.2,3334.0,46.59,3.58
2026-03-26T23:16:22.778,ANURAS,1285.8,,1267.0,1.1,1204.14,1214.87,1371.26,73.49,82.27,chemicals,chemicals,1.71,0.06,0.07,0.03,0.07,4.29,4.29,2.62,3.06,4.97,-2.02,38.81,,,,,,,,,36.07,,,2026-03-26,,,0.57,51.74,13.63,,,,,,,,1253.0,1285.8,56.03,3.32
2026-03-26T23:16:22.778,GLAND,1727.0,,1710.5,2.41,1626.23,1557.42,2016.67,26.95,33.27,healthcare,pharmaceuticals - indian - formulations,3.36,-0.2,-0.11,-0.23,-0.13,6.85,6.85,3.4,3.28,7.47,-43.54,56.14,,,,,,,,,71.78,,,2026-03-26,,,0.36,51.09,21.66,,,,,,,,1670.2,1727.0,46.22,3.32
2026-03-26T23:16:22.778,MASPTOP50,69.62,,69.45,1.82,66.81,66.71,74.94,NaN,0.0,indices,indices,0.98,-0.07,0.18,-0.09,0.16,3.06,3.06,1.86,2.7,4.42,-0.59,1.87,,,,,,,,,58.75,,,2026-03-26,,,1.35,51.99,33.22,,,,,,,,68.35,69.62,52.6,2.76
2026-03-26T23:16:22.778,ASIANPAINT,2289.7,,2270.2,2.39,2176.12,2125.65,2559.29,51.32,56.59,building materials,paints / varnishes,0.61,-0.13,-0.1,-0.18,-0.12,6.33,6.33,3.05,2.93,7.34,-140.41,66.41,,,,,,,,,72.58,,,2026-03-26,,,0.97,47.44,36.03,,,,,,,,2222.0,2289.7,38.17,2.4
2026-03-26T23:16:22.778,INDOBORAX,247.39,,245.1,0.22,237.63,241.69,251.92,21.2,17.1,chemicals,chemicals,1.05,-0.06,0.01,-0.05,0.01,1.72,1.72,1.72,1.52,0.88,-0.25,3.73,,,,,,,,,50.9,,,2026-03-26,,,0.53,49.61,16.07,,,,,,,,243.2,247.39,49.74,1.69
2026-03-26T23:16:22.778,MAFANG,159.61,,159.61,2.22,156.28,160.28,158.26,NaN,0.0,indices,indices,-2.8,-0.14,0.01,-0.17,-0.01,2.22,2.22,0.71,1.5,2.22,-0.47,2.4,,,,,,,,,46.65,,,2026-03-26,,,1.01,51.24,16.08,,,,,,,,158.49,159.61,48.03,0.77
2026-03-25T23:30:21.677,CALSOFT,14.2,,13.21,1.46,11.61,11.7,16.22,20.64,46.5,i.t,computers - software - medium / small,1.58,-0.15,-0.32,-0.18,-0.33,20.14,20.14,11.72,9.16,11.76,-0.43,1.21,,,,,,,,,41.31,,,2026-03-25,,,0.57,51.19,22.92,,,,,,,,12.71,14.2,42.39,9.44
2026-03-25T23:30:21.677,SIGMA,44.39,,40.41,4.72,35.28,37.3,46.63,1.55,1.56,i.t,computers - software - medium / small,0.61,-0.22,0.04,-0.27,-0.01,18.37,18.37,13.53,8.77,10.38,-4.96,3.54,,,,,,,,,36.98,,,2026-03-25,,,1.84,46.7,19.35,,,,,,,,39.1,44.39,40.49,8.15
2026-03-25T23:30:21.677,KESORAMIND,9.44,,9.1,5.94,8.21,7.4,12.49,11.97,0.05,miscellaneous,miscellaneous,2.13,0.4,0.49,0.31,0.41,25.53,25.53,7.76,7.24,22.81,-0.04,0.66,,,,,,,,,51.6,,,2026-03-25,,,2.22,56.59,24.96,,,,,,,,8.76,9.44,54.65,6.8
2026-03-25T23:30:21.677,ORIENTBELL,283.3,,279.1,7.59,254.67,252.88,331.54,30.21,42.52,building materials,ceramics - tiles / sanitaryware,-0.75,-0.16,-0.09,-0.23,-0.15,11.14,11.14,8.46,6.03,10.32,-1.61,16.83,,,,,,,,,106.35,,,2026-03-25,,,1.36,50.58,21.71,,,,,,,,261.2,283.3,48.68,6.59
2026-03-25T23:30:21.677,STYLEBAAZA,292.45,,282.25,0.71,255.24,224.21,398.34,27.78,31.63,consumer discretionary,trading,10.23,-0.27,-0.05,-0.29,-0.06,18.4,18.4,6.35,6.69,22.74,-22.33,18.87,,,,,,,,,38.41,,,2026-03-25,,,0.26,51.16,30.88,,,,,,,,275.0,292.45,47.39,6.27
2026-03-25T23:30:21.677,SHREERAMA,55.45,,52.99,4.76,47.94,41.97,75.03,33.12,12.16,industrials,packaging,0.92,-0.16,0.19,-0.2,0.14,30.69,30.69,12.0,7.36,25.24,-2.17,3.9,,,,,,,,,89.26,,,2026-03-25,,,4.48,54.69,22.83,,,,,,,,49.51,55.45,49.06,6.18
2026-03-25T23:30:21.677,PROZONER,48.0,,46.24,8.09,42.2,40.54,57.63,96.33,-22.76,miscellaneous,miscellaneous,2.89,-0.15,0.14,-0.21,0.06,14.29,14.29,10.42,5.99,10.1,-3.74,2.77,,,,,,,,,99.98,,,2026-03-25,,,2.28,47.94,17.32,,,,,,,,43.47,48.0,45.44,6.03
2026-03-25T23:30:21.677,RAMAPHO,125.77,,118.62,0.86,107.3,102.57,150.71,7.49,7.92,chemicals,fertilizers,4.77,-0.32,-0.13,-0.3,-0.13,17.74,17.74,7.04,6.64,12.82,-20.58,7.88,,,,,,,,,14.22,,,2026-03-25,,,1.17,45.47,33.44,,,,,,,,117.5,125.77,38.47,6.02
2026-03-25T23:30:21.677,UNIVCABLES,710.0,,676.35,1.84,617.3,596.61,835.84,21.57,14.63,industrials,cables - power,7.44,-0.17,-0.17,-0.19,-0.18,11.79,11.79,6.77,6.75,9.98,-13.13,45.67,,,,,,,,,24.96,,,2026-03-25,,,1.26,52.0,27.21,,,,,,,,664.95,710.0,45.12,5.79
2026-03-25T23:30:21.677,KIOCL,345.45,,332.7,0.7,303.12,299.63,398.84,277.25,-273.06,metals & mining,mining / minerals / metals,8.97,-0.33,0.12,-0.32,0.11,7.9,7.9,5.32,6.7,3.92,-9.34,22.28,,,,,,,,,21.09,,,2026-03-25,,,0.86,51.18,16.31,,,,,,,,328.0,345.45,45.76,5.65
2026-03-25T23:30:21.677,KMEW,1614.9,,1594.6,3.28,1461.3,1460.76,1862.29,29.86,34.9,transportation,miscellaneous,-0.16,0.17,0.88,0.15,0.82,10.12,10.12,4.13,5.21,13.17,-73.53,83.09,,,,,,,,,52.71,,,2026-03-25,,,0.6,50.3,19.52,,,,,,,,1550.8,1614.9,54.92,5.31
2026-03-25T23:30:21.677,SAGILITY,40.74,,39.89,6.89,36.84,35.33,49.0,17.5,20.62,i.t,computers - software - medium / small,2.46,-0.16,-0.14,-0.21,-0.19,12.39,12.39,5.52,5.48,11.33,-5.1,2.19,,,,,,,,,58.55,,,2026-03-25,,,2.23,47.24,28.18,,,,,,,,38.61,40.74,38.42,5.27
2026-03-25T23:30:21.677,SIGMAADV,167.15,,163.45,-0.23,150.21,148.1,194.16,-291.88,8.98,aerospace & defence,electronics - components,12.43,-0.09,0.62,-0.1,0.63,4.47,4.47,4.47,5.32,2.16,-7.67,8.7,,,,,,,,,39.66,,,2026-03-25,,,0.81,49.45,17.95,,,,,,,,160.0,167.15,48.77,5.23
2026-03-25T23:30:21.677,SKMEGGPROD,169.95,,165.63,3.52,152.01,145.5,205.9,3.63,5.44,fmcg,food - processing - indian,5.6,-0.06,0.1,-0.08,0.07,11.68,11.68,6.15,5.22,12.48,-7.9,8.65,,,,,,,,,63.92,,,2026-03-25,,,0.44,51.28,24.0,,,,,,,,160.1,169.95,46.52,4.91
2026-03-25T23:30:21.677,IMFA,1296.0,,1244.6,3.8,1148.64,1151.74,1430.31,12.79,17.56,metals & mining,mining / minerals / metals,-0.26,-0.01,0.6,-0.07,0.55,12.98,12.98,7.64,5.13,8.5,-3.62,63.8,,,,,,,,,63.64,,,2026-03-25,,,0.86,50.35,16.65,,,,,,,,1204.0,1296.0,52.64,4.86
2026-03-25T23:30:21.677,JAYNECOIND,75.1,,73.71,2.3,67.99,68.23,84.66,24.25,18.71,metals & mining,steel - large,1.01,-0.05,0.87,-0.08,0.83,8.37,8.37,3.16,5.45,7.76,-2.1,4.02,,,,,,,,,22.65,,,2026-03-25,,,0.96,49.21,14.72,,,,,,,,72.8,75.1,51.89,4.86
2026-03-25T23:30:21.677,CARTRADE,1796.0,,1750.1,1.95,1603.03,1561.32,2127.65,37.4,40.76,consumer discretionary,miscellaneous,9.85,-0.34,-0.11,-0.37,-0.13,5.67,5.67,4.58,4.45,4.8,-342.5,77.84,,,,,,,,,42.14,,,2026-03-25,,,0.58,42.03,45.13,,,,,,,,1717.3,1796.0,36.65,4.7
2026-03-25T23:30:21.677,DATAMATICS,728.0,,714.45,4.14,660.81,649.5,844.35,29.0,20.8,i.t,computers - software - medium / small,1.63,-0.25,-0.06,-0.3,-0.09,9.37,9.37,6.11,4.71,8.56,-10.29,33.67,,,,,,,,,84.35,,,2026-03-25,,,0.45,49.65,12.31,,,,,,,,686.05,728.0,44.29,4.69
2026-03-25T23:30:21.677,FEDFINA,134.0,,132.17,2.85,122.59,123.14,150.23,14.06,15.24,financials,finance & investments,3.46,-0.18,0.11,-0.22,0.08,5.93,5.93,3.85,4.99,8.11,-7.35,6.6,,,,,,,,,47.57,,,2026-03-25,,,0.7,49.63,16.5,,,,,,,,129.03,134.0,45.52,4.67
2026-03-25T23:30:21.677,TATVA,1208.0,,1161.5,0.1,1076.42,1096.91,1290.68,44.74,82.83,chemicals,chemicals,2.28,0.01,0.18,-0.02,0.18,7.47,7.47,4.95,4.65,5.3,-36.06,54.0,,,,,,,,,19.44,,,2026-03-25,,,0.51,48.68,13.7,,,,,,,,1151.0,1208.0,47.08,4.6
2026-03-25T23:30:21.677,RATEGAIN,499.9,,495.7,3.09,458.35,457.38,572.34,55.32,31.66,i.t,computers - software - medium / small,0.72,-0.31,0.02,-0.33,-0.01,8.67,8.67,4.41,4.7,7.76,-62.13,23.29,,,,,,,,,72.56,,,2026-03-25,,,0.69,45.29,28.98,,,,,,,,478.8,499.9,36.15,4.55
2026-03-25T23:30:21.677,POCL,1131.9,,1100.9,3.62,1019.03,990.24,1322.22,23.79,28.18,metals & mining,mining / minerals / metals,1.64,-0.16,0.1,-0.2,0.06,12.29,12.29,5.47,5.08,12.28,-84.02,55.9,,,,,,,,,49.56,,,2026-03-25,,,1.06,48.99,29.1,,,,,,,,1073.2,1131.9,43.3,4.5
2026-03-25T23:30:21.677,MUTHOOTMF,170.37,,165.51,6.75,153.62,138.34,219.86,11.09,-8.8,financials,finance & investments,8.03,-0.08,-0.04,-0.14,-0.1,14.23,14.23,9.85,5.07,17.22,-6.68,8.39,,,,,,,,,124.13,,,2026-03-25,,,1.79,53.78,26.33,,,,,,,,155.1,170.37,48.28,4.45
2026-03-25T23:30:21.677,BLACKBUCK,608.1,,591.15,0.22,550.29,560.43,652.58,84.94,18.79,transportation,miscellaneous,3.25,-0.11,0.31,-0.1,0.31,6.43,6.43,3.55,4.86,5.9,-1.53,28.75,,,,,,,,,13.57,,,2026-03-25,,,0.54,50.2,15.79,,,,,,,,587.25,608.1,49.11,4.42
2026-03-25T23:30:21.677,CGCL,172.0,,170.01,0.33,159.47,161.99,186.05,15.98,18.2,financials,finance & investments,-2.26,-0.17,-0.07,-0.2,-0.07,9.59,9.59,3.38,4.64,8.32,-0.42,7.89,,,,,,,,,46.16,,,2026-03-25,,,1.25,51.82,15.51,,,,,,,,166.37,172.0,44.35,4.29
2026-03-25T23:30:21.677,IXIGO,182.74,,181.29,4.63,167.37,156.25,231.37,78.14,122.01,i.t,travel agencies,9.85,-0.4,0.0,-0.43,-0.04,8.77,8.77,5.74,4.94,11.46,-11.63,8.96,,,,,,,,,94.52,,,2026-03-25,,,0.45,53.17,29.57,,,,,,,,172.82,182.74,39.48,4.21
2026-03-25T23:30:21.677,BBTCL,175.15,,173.89,4.21,162.45,160.17,201.33,4.51,7.71,industrials,packaging,4.03,-0.19,0.03,-0.25,-0.02,5.38,5.38,2.99,4.25,5.39,-7.06,7.39,,,,,,,,,51.69,,,2026-03-25,,,0.5,50.61,16.63,,,,,,,,170.07,175.15,38.84,4.19
2026-03-25T23:30:21.677,SHAH,4.82,,4.79,3.01,4.48,4.55,5.27,119.75,35.77,metals & mining,steel - medium / small,-1.09,0.2,0.17,0.17,0.14,5.93,5.93,3.21,4.86,13.51,-0.05,0.23,,,,,,,,,51.54,,,2026-03-25,,,0.92,51.65,17.83,,,,,,,,4.67,4.82,54.66,4.15
2026-03-25T23:30:21.677,RADICO,2761.0,,2747.0,4.16,2584.19,2641.89,2957.21,59.36,68.27,fmcg,breweries & distilleries,-3.72,-0.15,-0.02,-0.19,-0.06,7.81,7.81,4.69,4.13,7.62,-18.07,113.49,,,,,,,,,96.66,,,2026-03-25,,,1.11,50.97,14.95,,,,,,,,2637.3,2761.0,44.52,4.1
2026-03-25T23:30:21.677,AVL,483.0,,480.35,2.52,453.31,434.87,571.31,56.65,54.23,consumer discretionary,trading,5.31,-0.21,0.3,-0.26,0.27,6.06,6.06,3.75,3.68,7.94,-1.68,17.69,,,,,,,,,83.66,,,2026-03-25,,,0.67,57.38,19.56,,,,,,,,465.55,483.0,48.59,4.09
2026-03-25T23:30:21.677,SJS,1666.0,,1653.8,4.14,1543.65,1495.06,1971.27,29.43,32.09,auto,plastics products,1.15,0.04,0.32,-0.04,0.27,9.09,9.09,4.91,4.43,10.03,-47.22,73.31,,,,,,,,,89.75,,,2026-03-25,,,1.01,49.35,18.32,,,,,,,,1588.0,1666.0,52.68,4.02
2026-03-25T23:30:21.677,CEIGALL,280.2,,275.4,3.85,258.91,260.68,304.85,16.55,18.3,realty,construction,0.19,-0.07,-0.07,-0.11,-0.1,6.58,6.58,5.5,4.31,5.92,-3.96,11.86,,,,,,,,,82.61,,,2026-03-25,,,2.69,50.03,15.86,,,,,,,,265.6,280.2,53.46,4.01
2026-03-25T23:30:21.677,SENORES,795.0,,780.8,6.61,734.22,708.0,926.4,26.78,32.93,healthcare,pharmaceuticals - indian - formulations,0.72,0.03,0.23,-0.05,0.16,11.32,11.32,5.27,4.4,10.59,-1.86,34.38,,,,,,,,,74.47,,,2026-03-25,,,2.17,54.88,26.96,,,,,,,,755.2,795.0,52.77,3.83
2026-03-25T23:30:21.677,USHAMART,419.1,,414.0,5.25,390.23,392.09,457.81,29.32,28.57,metals & mining,steel - medium / small,-1.8,-0.15,0.08,-0.19,0.03,7.46,7.46,5.95,4.03,8.95,-0.22,16.68,,,,,,,,,110.64,,,2026-03-25,,,0.76,51.71,16.49,,,,,,,,395.55,419.1,49.49,3.79
2026-03-25T23:30:21.677,PAYTM,1071.0,,1065.9,2.98,1002.55,972.72,1252.27,75.7,-383.37,i.t,miscellaneous,3.57,-0.14,0.08,-0.19,0.05,6.63,6.63,2.95,3.97,7.98,-69.65,42.27,,,,,,,,,60.56,,,2026-03-25,,,0.73,48.85,33.74,,,,,,,,1040.3,1071.0,43.34,3.71
2026-03-25T23:30:21.677,NAM-INDIA,878.9,,869.6,2.58,817.41,798.66,1011.49,34.29,37.33,financials,finance & investments,2.24,-0.07,0.04,-0.09,0.02,7.05,7.05,3.5,3.92,8.01,-18.4,34.12,,,,,,,,,59.79,,,2026-03-25,,,1.41,49.45,16.01,,,,,,,,849.2,878.9,51.04,3.59
2026-03-25T23:30:21.677,MUTHOOTFIN,3334.0,,3320.2,5.23,3118.1,3138.37,3683.86,11.88,14.53,financials,finance & investments,-3.49,0.0,0.22,-0.07,0.16,9.42,9.42,4.18,4.22,9.14,-250.43,139.98,,,,,,,,,85.73,,,2026-03-25,,,1.08,47.06,24.04,,,,,,,,3200.2,3334.0,46.59,3.58
2026-03-25T23:30:21.677,ANURAS,1285.8,,1267.0,1.1,1204.14,1214.87,1371.26,73.49,81.38,chemicals,chemicals,1.71,0.06,0.07,0.03,0.07,4.29,4.29,2.62,3.06,4.97,-2.02,38.81,,,,,,,,,36.07,,,2026-03-25,,,0.57,51.74,13.63,,,,,,,,1253.0,1285.8,56.03,3.32
2026-03-25T23:30:21.677,GLAND,1727.0,,1710.5,2.41,1626.23,1557.42,2016.67,26.95,32.48,healthcare,pharmaceuticals - indian - formulations,3.36,-0.2,-0.11,-0.23,-0.13,6.85,6.85,3.4,3.28,7.47,-43.54,56.14,,,,,,,,,71.78,,,2026-03-25,,,0.36,51.09,21.66,,,,,,,,1670.2,1727.0,46.22,3.32
2026-03-25T23:30:21.677,MASPTOP50,69.62,,69.45,1.82,66.81,66.71,74.94,NaN,0.0,indices,indices,0.98,-0.07,0.18,-0.09,0.16,3.06,3.06,1.86,2.7,4.42,-0.59,1.87,,,,,,,,,58.75,,,2026-03-25,,,1.35,51.99,33.22,,,,,,,,68.35,69.62,52.6,2.76
2026-03-25T23:30:21.677,ASIANPAINT,2289.7,,2270.2,2.39,2176.12,2125.65,2559.29,51.32,55.27,building materials,paints / varnishes,0.61,-0.13,-0.1,-0.18,-0.12,6.33,6.33,3.05,2.93,7.34,-140.41,66.41,,,,,,,,,72.58,,,2026-03-25,,,0.97,47.44,36.03,,,,,,,,2222.0,2289.7,38.17,2.4
2026-03-25T23:30:21.677,INDOBORAX,247.39,,245.1,0.22,237.63,241.69,251.92,21.2,17.07,chemicals,chemicals,1.05,-0.06,0.01,-0.05,0.01,1.72,1.72,1.72,1.52,0.88,-0.25,3.73,,,,,,,,,50.9,,,2026-03-25,,,0.53,49.61,16.07,,,,,,,,243.2,247.39,49.74,1.69
2026-03-25T23:30:21.677,MAFANG,159.61,,159.61,2.22,156.28,160.28,158.26,NaN,0.0,indices,indices,-2.8,-0.14,0.01,-0.17,-0.01,2.22,2.22,0.71,1.5,2.22,-0.47,2.4,,,,,,,,,46.65,,,2026-03-25,,,1.01,51.24,16.08,,,,,,,,158.49,159.61,48.03,0.77
2026-03-23T10:48:26.547,CCL,,,,,,,,,,fmcg,tea,,,,,,,,,,,,,,,,,,,,,,7679.37,,2026-03-23,,,,,,,,,,3.42,7.32,7.73,,,,
2026-03-23T10:48:26.547,AETHER,,,,,,,,,,chemicals,chemicals,,,,,,,,,,,,,,,,,,,,,,3736.01,,2026-03-23,,,,,,,,,,4.5,13.29,17.82,,,,
2026-03-23T10:48:26.547,PFOCUS,,,,,,,,,,realty,miscellaneous,,,,,,,,,,,,,,,,,,,,,,8547.65,,2026-03-23,,,,,,,,,,4.51,11.92,11.92,,,,
2026-03-23T10:48:26.547,SBC,,,,,,,,,,textiles,textiles - products,,,,,,,,,,,,,,,,,,,,,,736.94,,2026-03-23,,,,,,,,,,5.11,3.86,4.67,,,,
2026-03-23T10:48:26.547,WHEELS,,,,,,,,,,auto,auto ancillaries,,,,,,,,,,,,,,,,,,,,,,1005.0,,2026-03-23,,,,,,,,,,6.47,10.92,14.8,,,,
2026-03-23T10:48:26.547,CHENNPETRO,,,,,,,,,,energy,refineries,,,,,,,,,,,,,,,,,,,,,,5007.97,,2026-03-23,,,,,,,,,,6.8,9.88,13.06,,,,
2026-03-23T10:48:26.547,AGIIL,,,,,,,,,,realty,construction,,,,,,,,,,,,,,,,,,,,,,1071.3,,2026-03-23,,,,,,,,,,7.4,8.66,8.66,,,,
2026-03-23T10:48:26.547,GRANULES,,,,,,,,,,healthcare,pharmaceuticals - indian - bulk drugs & formln,,,,,,,,,,,,,,,,,,,,,,8573.86,,2026-03-23,,,,,,,,,,7.89,4.84,5.52,,,,
2026-03-23T10:48:26.547,SEAMECLTD,,,,,,,,,,miscellaneous,miscellaneous,,,,,,,,,,,,,,,,,,,,,,916.65,,2026-03-23,,,,,,,,,,8.65,8.98,8.98,,,,
2026-03-23T10:48:26.547,KTKBANK,,,,,,,,,,bank,banks - private sector,,,,,,,,,,,,,,,,,,,,,,8220.77,,2026-03-23,,,,,,,,,,9.02,10.73,10.88,,,,
2026-03-23T10:48:26.547,CENTUM,,,,,,,,,,consumer discretionary,electronics - components,,,,,,,,,,,,,,,,,,,,,,2173.97,,2026-03-23,,,,,,,,,,9.41,13.04,14.17,,,,
2026-03-23T10:48:26.547,MBAPL,,,,,,,,,,chemicals,fertilizers,,,,,,,,,,,,,,,,,,,,,,976.58,,2026-03-23,,,,,,,,,,9.8,6.13,7.08,,,,
2026-03-23T10:48:26.547,NATCOPHARM,,,,,,,,,,healthcare,pharmaceuticals - indian - bulk drugs & formln,,,,,,,,,,,,,,,,,,,,,,8522.29,,2026-03-23,,,,,,,,,,11.06,4.33,5.5,,,,
2026-03-23T10:48:26.547,GMDCLTD,,,,,,,,,,metals & mining,mining / minerals / metals,,,,,,,,,,,,,,,,,,,,,,4776.84,,2026-03-23,,,,,,,,,,11.25,12.67,12.67,,,,
2026-03-23T10:48:26.547,SAKAR,,,,,,,,,,healthcare,pharmaceuticals - indian - bulk drugs & formln,,,,,,,,,,,,,,,,,,,,,,536.56,,2026-03-23,,,,,,,,,,11.49,7.72,14.11,,,,
2026-03-23T10:48:26.547,HAPPYFORGE,,,,,,,,,,industrials,castings & forgings,,,,,,,,,,,,,,,,,,,,,,2454.94,,2026-03-23,,,,,,,,,,11.64,7.16,10.06,,,,
2026-03-23T10:48:26.547,TDPOWERSYS,,,,,,,,,,industrials,electric equipment,,,,,,,,,,,,,,,,,,,,,,9406.21,,2026-03-23,,,,,,,,,,11.75,9.0,11.55,,,,
2026-03-23T10:48:26.547,MRPL,,,,,,,,,,energy,refineries,,,,,,,,,,,,,,,,,,,,,,3733.9,,2026-03-23,,,,,,,,,,12.1,9.01,15.22,,,,
2026-03-23T10:48:26.547,GODAVARIB,,,,,,,,,,fmcg,sugar,,,,,,,,,,,,,,,,,,,,,,574.82,,2026-03-23,,,,,,,,,,12.2,11.05,18.51,,,,
2026-03-23T10:48:26.547,SHRIPISTON,,,,,,,,,,auto,auto ancillaries,,,,,,,,,,,,,,,,,,,,,,7404.52,,2026-03-23,,,,,,,,,,12.29,11.72,13.02,,,,
2026-03-23T10:48:26.547,SUNTV,,,,,,,,,,media,entertainment / electronic media software,,,,,,,,,,,,,,,,,,,,,,5960.53,,2026-03-23,,,,,,,,,,12.5,5.55,11.71,,,,
2026-03-23T10:48:26.547,ABSLAMC,,,,,,,,,,financials,finance & investments,,,,,,,,,,,,,,,,,,,,,,6649.85,,2026-03-23,,,,,,,,,,12.6,6.05,8.9,,,,
2026-03-23T10:48:26.547,MANGLMCEM,,,,,,,,,,building materials,cement - north india,,,,,,,,,,,,,,,,,,,,,,1355.45,,2026-03-23,,,,,,,,,,12.63,6.75,8.74,,,,
2026-03-23T10:48:26.547,J&KBANK,,,,,,,,,,bank,banks - private sector,,,,,,,,,,,,,,,,,,,,,,4961.74,,2026-03-23,,,,,,,,,,13.62,11.93,12.64,,,,
2026-03-23T10:48:26.547,SANSERA,,,,,,,,,,auto,auto ancillaries,,,,,,,,,,,,,,,,,,,,,,8987.77,,2026-03-23,,,,,,,,,,13.66,7.91,10.51,,,,
2026-03-23T10:48:26.547,SMSPHARMA,,,,,,,,,,healthcare,pharmaceuticals - indian - bulk drugs,,,,,,,,,,,,,,,,,,,,,,1118.07,,2026-03-23,,,,,,,,,,13.84,8.73,8.73,,,,
2026-03-23T10:48:26.547,STLTECH,,,,,,,,,,industrials,cables - telephone,,,,,,,,,,,,,,,,,,,,,,4794.81,,2026-03-23,,,,,,,,,,14.05,11.57,13.79,,,,
2026-03-23T10:48:26.547,MTARTECH,,,,,,,,,,aerospace & defence,engineering,,,,,,,,,,,,,,,,,,,,,,7155.84,,2026-03-23,,,,,,,,,,14.49,8.77,11.94,,,,
2026-03-23T10:48:26.547,AEROFLEX,,,,,,,,,,metals & mining,steel - medium / small,,,,,,,,,,,,,,,,,,,,,,956.5,,2026-03-23,,,,,,,,,,14.6,9.93,17.93,,,,
2026-03-23T10:48:26.547,ARVIND,,,,,,,,,,textiles,textiles - cotton/blended,,,,,,,,,,,,,,,,,,,,,,5467.22,,2026-03-23,,,,,,,,,,14.62,7.45,8.56,,,,
2026-03-23T10:48:26.547,DYNAMATECH,,,,,,,,,,industrials,engineering,,,,,,,,,,,,,,,,,,,,,,3690.38,,2026-03-23,,,,,,,,,,14.64,5.48,9.97,,,,
2026-03-23T10:48:26.547,DATAPATTNS,,,,,,,,,,aerospace & defence,electronics - components,,,,,,,,,,,,,,,,,,,,,,9913.32,,2026-03-23,,,,,,,,,,14.82,10.25,10.25,,,,
2026-03-23T10:48:26.547,CIEINDIA,,,,,,,,,,industrials,castings & forgings,,,,,,,,,,,,,,,,,,,,,,5757.31,,2026-03-23,,,,,,,,,,15.88,9.91,9.91,,,,
2026-03-23T10:48:26.547,DIVGIITTS,,,,,,,,,,auto,auto ancillaries,,,,,,,,,,,,,,,,,,,,,,810.56,,2026-03-23,,,,,,,,,,16.31,7.28,8.37,,,,
2026-03-23T10:48:26.547,PREMIERPOL,,,,,,,,,,plastic products,plastics products,,,,,,,,,,,,,,,,,,,,,,199.93,,2026-03-23,,,,,,,,,,16.53,11.98,11.98,,,,
2026-03-23T10:48:26.547,NITINSPIN,,,,,,,,,,textiles,textiles - cotton/blended,,,,,,,,,,,,,,,,,,,,,,866.43,,2026-03-23,,,,,,,,,,16.59,6.25,8.73,,,,
2026-03-23T10:48:26.547,PRECWIRE,,,,,,,,,,metals & mining,mining / minerals / metals,,,,,,,,,,,,,,,,,,,,,,2348.8,,2026-03-23,,,,,,,,,,16.84,6.75,12.18,,,,
2026-03-23T10:48:26.547,PRIVISCL,,,,,,,,,,chemicals,chemicals,,,,,,,,,,,,,,,,,,,,,,4393.28,,2026-03-23,,,,,,,,,,17.03,4.78,7.14,,,,
2026-03-23T10:48:26.547,BLISSGVS,,,,,,,,,,healthcare,pharmaceuticals - indian - formulations,,,,,,,,,,,,,,,,,,,,,,1372.75,,2026-03-23,,,,,,,,,,17.7,8.33,10.28,,,,
2026-03-23T10:48:26.547,AVANTIFEED,,,,,,,,,,fmcg,food - processing - indian,,,,,,,,,,,,,,,,,,,,,,8817.95,,2026-03-23,,,,,,,,,,23.44,8.38,11.56,,,,
2026-03-23T10:48:26.547,JPOLYINVST,,,,,,,,,,financials,finance & investments,,,,,,,,,,,,,,,,,,,,,,295.13,,2026-03-23,,,,,,,,,,25.62,12.08,14.77,,,,
2026-03-23T10:48:26.547,GVPIL,,,,,,,,,,realty,engineering - turnkey services,,,,,,,,,,,,,,,,,,,,,,859.8,,2026-03-23,,,,,,,,,,26.27,12.08,13.12,,,,
2026-03-23T10:48:26.547,APEX,,,,,,,,,,fmcg,aquaculture,,,,,,,,,,,,,,,,,,,,,,304.29,,2026-03-23,,,,,,,,,,27.11,11.05,21.34,,,,
2026-03-19T15:15:04.592,CCL,,,,,,,,,,fmcg,tea,,,,,,,,,,,,,,,,,,,,,,7426.8,,2026-03-19,,,,,,,,,,3.94,3.34,4.87,,,,
2026-03-19T15:15:04.592,VTL,,,,,,,,,,textiles,textiles - cotton/blended,,,,,,,,,,,,,,,,,,,,,,5454.72,,2026-03-19,,,,,,,,,,5.27,6.02,7.26,,,,
2026-03-19T15:15:04.592,INDSWFTLAB,,,,,,,,,,healthcare,pharmaceuticals - indian - bulk drugs & formln,,,,,,,,,,,,,,,,,,,,,,702.44,,2026-03-19,,,,,,,,,,6.4,8.69,10.21,,,,
2026-03-19T15:15:04.592,CHENNPETRO,,,,,,,,,,energy,refineries,,,,,,,,,,,,,,,,,,,,,,5010.41,,2026-03-19,,,,,,,,,,6.75,11.33,23.76,,,,
2026-03-19T15:15:04.592,GRANULES,,,,,,,,,,healthcare,pharmaceuticals - indian - bulk drugs & formln,,,,,,,,,,,,,,,,,,,,,,8640.67,,2026-03-19,,,,,,,,,,7.18,4.43,6.14,,,,
2026-03-19T15:15:04.592,J&KBANK,,,,,,,,,,bank,banks - private sector,,,,,,,,,,,,,,,,,,,,,,5285.88,,2026-03-19,,,,,,,,,,7.98,5.95,9.66,,,,
2026-03-19T15:15:04.592,STYLAMIND,,,,,,,,,,building materials,miscellaneous,,,,,,,,,,,,,,,,,,,,,,1797.21,,2026-03-19,,,,,,,,,,8.72,1.54,1.54,,,,
2026-03-19T15:15:04.592,SAKAR,,,,,,,,,,healthcare,pharmaceuticals - indian - bulk drugs & formln,,,,,,,,,,,,,,,,,,,,,,549.62,,2026-03-19,,,,,,,,,,9.33,12.56,14.65,,,,
2026-03-19T15:15:04.592,HAPPYFORGE,,,,,,,,,,industrials,castings & forgings,,,,,,,,,,,,,,,,,,,,,,2510.91,,2026-03-19,,,,,,,,,,9.63,7.53,10.61,,,,
2026-03-19T15:15:04.592,VENUSREM,,,,,,,,,,healthcare,pharmaceuticals - indian - formulations,,,,,,,,,,,,,,,,,,,,,,662.97,,2026-03-19,,,,,,,,,,9.86,10.22,11.13,,,,
2026-03-19T15:15:04.592,STLTECH,,,,,,,,,,industrials,cables - telephone,,,,,,,,,,,,,,,,,,,,,,5013.9,,2026-03-19,,,,,,,,,,10.12,13.79,18.82,,,,
2026-03-19T15:15:04.592,GODAVARIB,,,,,,,,,,fmcg,sugar,,,,,,,,,,,,,,,,,,,,,,586.75,,2026-03-19,,,,,,,,,,10.38,18.51,22.71,,,,
2026-03-19T15:15:04.592,CENTUM,,,,,,,,,,consumer discretionary,electronics - components,,,,,,,,,,,,,,,,,,,,,,2128.43,,2026-03-19,,,,,,,,,,10.65,10.38,13.3,,,,
2026-03-19T15:15:04.592,MTARTECH,,,,,,,,,,aerospace & defence,engineering,,,,,,,,,,,,,,,,,,,,,,7454.29,,2026-03-19,,,,,,,,,,10.93,8.2,12.87,,,,
2026-03-19T15:15:04.592,ABSLAMC,,,,,,,,,,financials,finance & investments,,,,,,,,,,,,,,,,,,,,,,6775.26,,2026-03-19,,,,,,,,,,10.96,6.87,7.99,,,,
2026-03-19T15:15:04.592,CIEINDIA,,,,,,,,,,industrials,castings & forgings,,,,,,,,,,,,,,,,,,,,,,6078.06,,2026-03-19,,,,,,,,,,11.2,8.72,13.32,,,,
2026-03-19T15:15:04.592,NLCINDIA,,,,,,,,,,power & utilities,power generation and supply,,,,,,,,,,,,,,,,,,,,,,9997.43,,2026-03-19,,,,,,,,,,11.24,5.57,7.78,,,,
2026-03-19T15:15:04.592,SANSERA,,,,,,,,,,auto,auto ancillaries,,,,,,,,,,,,,,,,,,,,,,9238.45,,2026-03-19,,,,,,,,,,11.25,9.53,13.49,,,,
2026-03-19T15:15:04.592,NATCOPHARM,,,,,,,,,,healthcare,pharmaceuticals - indian - bulk drugs & formln,,,,,,,,,,,,,,,,,,,,,,8492.43,,2026-03-19,,,,,,,,,,11.37,5.5,10.09,,,,
2026-03-19T15:15:04.592,AEROFLEX,,,,,,,,,,metals & mining,steel - medium / small,,,,,,,,,,,,,,,,,,,,,,986.89,,2026-03-19,,,,,,,,,,11.89,13.84,15.42,,,,
2026-03-19T15:15:04.592,ARVIND,,,,,,,,,,textiles,textiles - cotton/blended,,,,,,,,,,,,,,,,,,,,,,5639.98,,2026-03-19,,,,,,,,,,11.92,7.42,11.58,,,,
2026-03-19T15:15:04.592,PFOCUS,,,,,,,,,,realty,miscellaneous,,,,,,,,,,,,,,,,,,,,,,7832.17,,2026-03-19,,,,,,,,,,12.5,5.73,8.78,,,,
2026-03-19T15:15:04.592,MRPL,,,,,,,,,,energy,refineries,,,,,,,,,,,,,,,,,,,,,,3704.09,,2026-03-19,,,,,,,,,,12.81,15.15,21.9,,,,
2026-03-19T15:15:04.592,DYNAMATECH,,,,,,,,,,industrials,engineering,,,,,,,,,,,,,,,,,,,,,,3748.42,,2026-03-19,,,,,,,,,,13.3,9.97,13.36,,,,
2026-03-19T15:15:04.592,LUMAXTECH,,,,,,,,,,auto,auto ancillaries,,,,,,,,,,,,,,,,,,,,,,4736.62,,2026-03-19,,,,,,,,,,13.44,14.61,25.24,,,,
2026-03-19T15:15:04.592,MANGLMCEM,,,,,,,,,,building materials,cement - north india,,,,,,,,,,,,,,,,,,,,,,1331.78,,2026-03-19,,,,,,,,,,14.15,6.44,6.6,,,,
2026-03-19T15:15:04.592,SKYGOLD,,,,,,,,,,consumer discretionary,diamond cutting / jewellery,,,,,,,,,,,,,,,,,,,,,,2554.36,,2026-03-19,,,,,,,,,,14.75,8.63,9.46,,,,
2026-03-19T15:15:04.592,DIVGIITTS,,,,,,,,,,auto,auto ancillaries,,,,,,,,,,,,,,,,,,,,,,821.11,,2026-03-19,,,,,,,,,,15.22,7.28,10.4,,,,
2026-03-19T15:15:04.592,BLISSGVS,,,,,,,,,,healthcare,pharmaceuticals - indian - formulations,,,,,,,,,,,,,,,,,,,,,,1412.01,,2026-03-19,,,,,,,,,,15.34,8.7,12.78,,,,
2026-03-19T15:15:04.592,PRIVISCL,,,,,,,,,,chemicals,chemicals,,,,,,,,,,,,,,,,,,,,,,4463.31,,2026-03-19,,,,,,,,,,15.71,7.14,9.03,,,,
2026-03-19T15:15:04.592,PRECWIRE,,,,,,,,,,metals & mining,mining / minerals / metals,,,,,,,,,,,,,,,,,,,,,,2374.58,,2026-03-19,,,,,,,,,,15.92,12.18,16.67,,,,
2026-03-19T15:15:04.592,SMSPHARMA,,,,,,,,,,healthcare,pharmaceuticals - indian - bulk drugs,,,,,,,,,,,,,,,,,,,,,,1090.41,,2026-03-19,,,,,,,,,,15.97,6.78,13.14,,,,
2026-03-19T15:15:04.592,DBOL,,,,,,,,,,fmcg,sugar,,,,,,,,,,,,,,,,,,,,,,316.51,,2026-03-19,,,,,,,,,,16.17,4.1,9.34,,,,
2026-03-19T15:15:04.592,AARTIIND,,,,,,,,,,chemicals,chemicals,,,,,,,,,,,,,,,,,,,,,,8663.55,,2026-03-19,,,,,,,,,,16.58,6.28,8.78,,,,
2026-03-19T15:15:04.592,ROSSTECH,,,,,,,,,,aerospace & defence,engineering,,,,,,,,,,,,,,,,,,,,,,650.63,,2026-03-19,,,,,,,,,,18.45,7.48,10.98,,,,
2026-03-19T15:15:04.592,PREMIERPOL,,,,,,,,,,plastic products,plastics products,,,,,,,,,,,,,,,,,,,,,,195.11,,2026-03-19,,,,,,,,,,18.54,9.87,11.52,,,,
2026-03-19T15:15:04.592,SOUTHWEST,,,,,,,,,,metals & mining,mining / minerals / metals,,,,,,,,,,,,,,,,,,,,,,179.2,,2026-03-19,,,,,,,,,,20.3,11.24,15.56,,,,
2026-03-19T15:15:04.592,JPOLYINVST,,,,,,,,,,financials,finance & investments,,,,,,,,,,,,,,,,,,,,,,314.15,,2026-03-19,,,,,,,,,,20.83,7.4,12.62,,,,
2026-03-19T15:15:04.592,AVANTIFEED,,,,,,,,,,fmcg,food - processing - indian,,,,,,,,,,,,,,,,,,,,,,9093.32,,2026-03-19,,,,,,,,,,21.05,8.28,8.28,,,,
2026-03-19T15:15:04.592,GVPIL,,,,,,,,,,realty,engineering - turnkey services,,,,,,,,,,,,,,,,,,,,,,916.84,,2026-03-19,,,,,,,,,,21.38,6.03,10.19,,,,
2026-03-19T15:15:04.592,SUMEETINDS,,,,,,,,,,textiles,textiles - manmade,,,,,,,,,,,,,,,,,,,,,,159.29,,2026-03-19,,,,,,,,,,26.52,7.78,10.98,,,,
2026-03-19T15:15:04.592,APEX,,,,,,,,,,fmcg,aquaculture,,,,,,,,,,,,,,,,,,,,,,305.23,,2026-03-19,,,,,,,,,,26.89,18.67,21.31,,,,
2026-03-19T15:15:04.592,ICEMAKE,,,,,,,,,,industrials,engineering,,,,,,,,,,,,,,,,,,,,,,314.47,,2026-03-19,,,,,,,,,,28.9,9.86,9.86,,,,
2026-03-17T14:05:03.134,VTL,,,,,,,,,,textiles,textiles - cotton/blended,,,,,,,,,,,,,,,,,,,,,,5683.54,,2026-03-17,,,,,,,,,,1.29,7.26,7.26,,,,
2026-03-17T14:05:03.134,SBC,,,,,,,,,,textiles,textiles - products,,,,,,,,,,,,,,,,,,,,,,754.68,,2026-03-17,,,,,,,,,,2.83,10.41,11.5,,,,
2026-03-17T14:05:03.134,WHEELS,,,,,,,,,,auto,auto ancillaries,,,,,,,,,,,,,,,,,,,,,,967.72,,2026-03-17,,,,,,,,,,2.91,10.29,10.29,,,,
2026-03-17T14:05:03.134,KTKBANK,,,,,,,,,,bank,banks - private sector,,,,,,,,,,,,,,,,,,,,,,8534.25,,2026-03-17,,,,,,,,,,3.14,8.86,10.4,,,,
2026-03-17T14:05:03.134,INDSWFTLAB,,,,,,,,,,healthcare,pharmaceuticals - indian - bulk drugs & formln,,,,,,,,,,,,,,,,,,,,,,726.83,,2026-03-17,,,,,,,,,,3.15,9.16,10.65,,,,
2026-03-17T14:05:03.134,ORICONENT,,,,,,,,,,industrials,packaging,,,,,,,,,,,,,,,,,,,,,,366.16,,2026-03-17,,,,,,,,,,3.44,8.81,9.67,,,,
2026-03-17T14:05:03.134,CCL,,,,,,,,,,fmcg,tea,,,,,,,,,,,,,,,,,,,,,,7400.89,,2026-03-17,,,,,,,,,,4.27,4.87,4.91,,,,
2026-03-17T14:05:03.134,EMCURE,,,,,,,,,,healthcare,pharmaceuticals - indian - bulk drugs & formln,,,,,,,,,,,,,,,,,,,,,,6281.17,,2026-03-17,,,,,,,,,,5.56,7.32,11.4,,,,
2026-03-17T14:05:03.134,SAKAR,,,,,,,,,,healthcare,pharmaceuticals - indian - bulk drugs & formln,,,,,,,,,,,,,,,,,,,,,,570.33,,2026-03-17,,,,,,,,,,5.92,14.65,14.65,,,,
2026-03-17T14:05:03.134,SEAMECLTD,,,,,,,,,,miscellaneous,miscellaneous,,,,,,,,,,,,,,,,,,,,,,943.43,,2026-03-17,,,,,,,,,,5.99,7.82,8.67,,,,
2026-03-17T14:05:03.134,CHENNPETRO,,,,,,,,,,energy,refineries,,,,,,,,,,,,,,,,,,,,,,5045.72,,2026-03-17,,,,,,,,,,6.09,21.04,21.24,,,,
2026-03-17T14:05:03.134,J&KBANK,,,,,,,,,,bank,banks - private sector,,,,,,,,,,,,,,,,,,,,,,5361.88,,2026-03-17,,,,,,,,,,6.65,9.66,10.29,,,,
2026-03-17T14:05:03.134,MBAPL,,,,,,,,,,chemicals,fertilizers,,,,,,,,,,,,,,,,,,,,,,1010.32,,2026-03-17,,,,,,,,,,6.68,7.45,7.45,,,,
2026-03-17T14:05:03.134,MRPL,,,,,,,,,,energy,refineries,,,,,,,,,,,,,,,,,,,,,,3955.4,,2026-03-17,,,,,,,,,,6.89,21.9,21.9,,,,
2026-03-17T14:05:03.134,AETHER,,,,,,,,,,chemicals,chemicals,,,,,,,,,,,,,,,,,,,,,,3323.91,,2026-03-17,,,,,,,,,,7.48,7.93,10.66,,,,
2026-03-17T14:05:03.134,SWANDEF,,,,,,,,,,transportation,miscellaneous,,,,,,,,,,,,,,,,,,,,,,616.63,,2026-03-17,,,,,,,,,,7.63,9.75,24.44,,,,
2026-03-17T14:05:03.134,STYLAMIND,,,,,,,,,,building materials,miscellaneous,,,,,,,,,,,,,,,,,,,,,,1805.24,,2026-03-17,,,,,,,,,,8.31,1.17,1.17,,,,
2026-03-17T14:05:03.134,MTARTECH,,,,,,,,,,aerospace & defence,engineering,,,,,,,,,,,,,,,,,,,,,,7646.65,,2026-03-17,,,,,,,,,,8.63,9.85,13.63,,,,
2026-03-17T14:05:03.134,GPIL,,,,,,,,,,metals & mining,steel - medium / small,,,,,,,,,,,,,,,,,,,,,,6315.24,,2026-03-17,,,,,,,,,,10.95,7.79,9.25,,,,
2026-03-17T14:05:03.134,LINCOLN,,,,,,,,,,healthcare,pharmaceuticals - indian - formulations,,,,,,,,,,,,,,,,,,,,,,601.98,,2026-03-17,,,,,,,,,,11.61,9.4,13.26,,,,
2026-03-17T14:05:03.134,CIEINDIA,,,,,,,,,,industrials,castings & forgings,,,,,,,,,,,,,,,,,,,,,,6003.89,,2026-03-17,,,,,,,,,,12.28,8.87,11.47,,,,
2026-03-17T14:05:03.134,TDPOWERSYS,,,,,,,,,,industrials,electric equipment,,,,,,,,,,,,,,,,,,,,,,9341.66,,2026-03-17,,,,,,,,,,12.35,7.83,10.13,,,,
2026-03-17T14:05:03.134,MANGLMCEM,,,,,,,,,,building materials,cement - north india,,,,,,,,,,,,,,,,,,,,,,1351.16,,2026-03-17,,,,,,,,,,12.9,4.34,8.35,,,,
2026-03-17T14:05:03.134,COASTCORP,,,,,,,,,,fmcg,aquaculture,,,,,,,,,,,,,,,,,,,,,,181.26,,2026-03-17,,,,,,,,,,13.24,29.18,29.18,,,,
2026-03-17T14:05:03.134,SMSPHARMA,,,,,,,,,,healthcare,pharmaceuticals - indian - bulk drugs,,,,,,,,,,,,,,,,,,,,,,1120.32,,2026-03-17,,,,,,,,,,13.67,13.14,21.81,,,,
2026-03-17T14:05:03.134,LUMAXTECH,,,,,,,,,,auto,auto ancillaries,,,,,,,,,,,,,,,,,,,,,,4721.92,,2026-03-17,,,,,,,,,,13.71,18.8,18.8,,,,
2026-03-17T14:05:03.134,DYNAMATECH,,,,,,,,,,industrials,engineering,,,,,,,,,,,,,,,,,,,,,,3727.1,,2026-03-17,,,,,,,,,,13.79,8.17,18.78,,,,
2026-03-17T14:05:03.134,SANSERA,,,,,,,,,,auto,auto ancillaries,,,,,,,,,,,,,,,,,,,,,,8971.69,,2026-03-17,,,,,,,,,,13.81,7.31,13.5,,,,
2026-03-17T14:05:03.134,STAR,,,,,,,,,,healthcare,pharmaceuticals - indian - bulk drugs & formln,,,,,,,,,,,,,,,,,,,,,,5832.63,,2026-03-17,,,,,,,,,,14.42,7.48,7.48,,,,
2026-03-17T14:05:03.134,BAJAJCON,,,,,,,,,,fmcg,personal care - indian,,,,,,,,,,,,,,,,,,,,,,2585.29,,2026-03-17,,,,,,,,,,15.08,10.95,19.17,,,,
2026-03-17T14:05:03.134,PREMIERPOL,,,,,,,,,,plastic products,plastics products,,,,,,,,,,,,,,,,,,,,,,203.12,,2026-03-17,,,,,,,,,,15.2,11.16,16.41,,,,
2026-03-17T14:05:03.134,BLISSGVS,,,,,,,,,,healthcare,pharmaceuticals - indian - formulations,,,,,,,,,,,,,,,,,,,,,,1412.42,,2026-03-17,,,,,,,,,,15.32,8.29,16.98,,,,
2026-03-17T14:05:03.134,PRIVISCL,,,,,,,,,,chemicals,chemicals,,,,,,,,,,,,,,,,,,,,,,4480.7,,2026-03-17,,,,,,,,,,15.38,6.01,6.99,,,,
2026-03-17T14:05:03.134,STLTECH,,,,,,,,,,industrials,cables - telephone,,,,,,,,,,,,,,,,,,,,,,4695.29,,2026-03-17,,,,,,,,,,15.83,18.82,19.49,,,,
2026-03-17T14:05:03.134,DIVGIITTS,,,,,,,,,,auto,auto ancillaries,,,,,,,,,,,,,,,,,,,,,,809.41,,2026-03-17,,,,,,,,,,16.43,10.4,18.69,,,,
2026-03-17T14:05:03.134,AVANTIFEED,,,,,,,,,,fmcg,food - processing - indian,,,,,,,,,,,,,,,,,,,,,,9537.31,,2026-03-17,,,,,,,,,,17.19,7.14,8.37,,,,
2026-03-17T14:05:03.134,JPOLYINVST,,,,,,,,,,financials,finance & investments,,,,,,,,,,,,,,,,,,,,,,323.56,,2026-03-17,,,,,,,,,,18.46,11.7,23.21,,,,
2026-03-17T14:05:03.134,ROSSTECH,,,,,,,,,,aerospace & defence,engineering,,,,,,,,,,,,,,,,,,,,,,649.68,,2026-03-17,,,,,,,,,,18.57,10.98,13.68,,,,
2026-03-17T14:05:03.134,GVPIL,,,,,,,,,,realty,engineering - turnkey services,,,,,,,,,,,,,,,,,,,,,,925.29,,2026-03-17,,,,,,,,,,20.66,10.19,12.65,,,,
2026-03-17T14:05:03.134,RACLGEAR,,,,,,,,,,auto,auto ancillaries,,,,,,,,,,,,,,,,,,,,,,852.81,,2026-03-17,,,,,,,,,,25.4,8.88,18.78,,,,
2026-03-17T14:05:03.134,ICEMAKE,,,,,,,,,,industrials,engineering,,,,,,,,,,,,,,,,,,,,,,327.71,,2026-03-17,,,,,,,,,,25.9,7.0,9.14,,,,
2026-03-17T14:05:03.134,NETWEB,,,,,,,,,,i.t,computers - hardware,,,,,,,,,,,,,,,,,,,,,,5427.29,,2026-03-17,,,,,,,,,,26.26,5.63,8.77,,,,
2026-03-17T14:05:03.134,APEX,,,,,,,,,,fmcg,aquaculture,,,,,,,,,,,,,,,,,,,,,,303.31,,2026-03-17,,,,,,,,,,27.35,13.29,14.26,,,,
2026-03-10T10:45:05.385,EMCURE,,,,,,,,,,healthcare,pharmaceuticals - indian - bulk drugs & formln,,,,,,,,,,,,,,,,,,,,,,6571.84,,2026-03-10,,,,,,,,,,1.19,13.67,13.67,,,,
2026-03-10T10:45:05.385,SBC,,,,,,,,,,textiles,textiles - products,,,,,,,,,,,,,,,,,,,,,,765.08,,2026-03-10,,,,,,,,,,1.49,3.84,5.29,,,,
2026-03-10T10:45:05.385,CCL,,,,,,,,,,fmcg,tea,,,,,,,,,,,,,,,,,,,,,,7584.38,,2026-03-10,,,,,,,,,,1.9,7.51,7.51,,,,
2026-03-10T10:45:05.385,NATCOPHARM,,,,,,,,,,healthcare,pharmaceuticals - indian - bulk drugs & formln,,,,,,,,,,,,,,,,,,,,,,9365.56,,2026-03-10,,,,,,,,,,2.26,5.75,11.26,,,,
2026-03-10T10:45:05.385,PRECWIRE,,,,,,,,,,metals & mining,mining / minerals / metals,,,,,,,,,,,,,,,,,,,,,,2714.03,,2026-03-10,,,,,,,,,,2.45,10.56,11.68,,,,
2026-03-10T10:45:05.385,SMSPHARMA,,,,,,,,,,healthcare,pharmaceuticals - indian - bulk drugs,,,,,,,,,,,,,,,,,,,,,,1162.78,,2026-03-10,,,,,,,,,,3.52,9.01,9.37,,,,
2026-03-10T10:45:05.385,KTKBANK,,,,,,,,,,bank,banks - private sector,,,,,,,,,,,,,,,,,,,,,,8167.83,,2026-03-10,,,,,,,,,,3.58,10.19,14.42,,,,
2026-03-10T10:45:05.385,STLTECH,,,,,,,,,,industrials,cables - telephone,,,,,,,,,,,,,,,,,,,,,,4816.77,,2026-03-10,,,,,,,,,,3.98,12.12,16.9,,,,
2026-03-10T10:45:05.385,ABSLAMC,,,,,,,,,,financials,finance & investments,,,,,,,,,,,,,,,,,,,,,,6516.44,,2026-03-10,,,,,,,,,,4.1,7.08,9.64,,,,
2026-03-10T10:45:05.385,DYNAMATECH,,,,,,,,,,industrials,engineering,,,,,,,,,,,,,,,,,,,,,,4125.08,,2026-03-10,,,,,,,,,,4.58,8.12,10.77,,,,
2026-03-10T10:45:05.385,INDSWFTLAB,,,,,,,,,,healthcare,pharmaceuticals - indian - bulk drugs & formln,,,,,,,,,,,,,,,,,,,,,,716.02,,2026-03-10,,,,,,,,,,4.59,13.74,15.63,,,,
2026-03-10T10:45:05.385,JPOLYINVST,,,,,,,,,,financials,finance & investments,,,,,,,,,,,,,,,,,,,,,,378.51,,2026-03-10,,,,,,,,,,4.61,45.21,45.21,,,,
2026-03-10T10:45:05.385,MTARTECH,,,,,,,,,,aerospace & defence,engineering,,,,,,,,,,,,,,,,,,,,,,7961.11,,2026-03-10,,,,,,,,,,4.87,10.68,11.35,,,,
2026-03-10T10:45:05.385,WHEELS,,,,,,,,,,auto,auto ancillaries,,,,,,,,,,,,,,,,,,,,,,947.14,,2026-03-10,,,,,,,,,,4.98,10.99,10.99,,,,
2026-03-10T10:45:05.385,J&KBANK,,,,,,,,,,bank,banks - private sector,,,,,,,,,,,,,,,,,,,,,,5215.24,,2026-03-10,,,,,,,,,,5.62,12.96,12.96,,,,
2026-03-10T10:45:05.385,DIVGIITTS,,,,,,,,,,auto,auto ancillaries,,,,,,,,,,,,,,,,,,,,,,911.1,,2026-03-10,,,,,,,,,,5.93,12.43,21.57,,,,
2026-03-10T10:45:05.385,SAKAR,,,,,,,,,,healthcare,pharmaceuticals - indian - bulk drugs & formln,,,,,,,,,,,,,,,,,,,,,,560.26,,2026-03-10,,,,,,,,,,6.28,10.22,10.22,,,,
2026-03-10T10:45:05.385,RRKABEL,,,,,,,,,,industrials,cables - power,,,,,,,,,,,,,,,,,,,,,,6404.28,,2026-03-10,,,,,,,,,,6.42,5.71,8.59,,,,
2026-03-10T10:45:05.385,VENUSREM,,,,,,,,,,healthcare,pharmaceuticals - indian - formulations,,,,,,,,,,,,,,,,,,,,,,608.79,,2026-03-10,,,,,,,,,,6.9,18.52,28.6,,,,
2026-03-10T10:45:05.385,AETHER,,,,,,,,,,chemicals,chemicals,,,,,,,,,,,,,,,,,,,,,,3336.51,,2026-03-10,,,,,,,,,,7.12,8.77,16.56,,,,
2026-03-10T10:45:05.385,DOLPHIN,,,,,,,,,,energy,oil drilling / allied services,,,,,,,,,,,,,,,,,,,,,,463.51,,2026-03-10,,,,,,,,,,7.7,19.4,29.61,,,,
2026-03-10T10:45:05.385,MAHLOG,,,,,,,,,,transportation,miscellaneous,,,,,,,,,,,,,,,,,,,,,,1593.5,,2026-03-10,,,,,,,,,,8.09,10.81,10.81,,,,
2026-03-10T10:45:05.385,AEROFLEX,,,,,,,,,,metals & mining,steel - medium / small,,,,,,,,,,,,,,,,,,,,,,932.68,,2026-03-10,,,,,,,,,,8.91,10.35,10.63,,,,
2026-03-10T10:45:05.385,MRPL,,,,,,,,,,energy,refineries,,,,,,,,,,,,,,,,,,,,,,3862.76,,2026-03-10,,,,,,,,,,9.07,13.83,16.01,,,,
2026-03-10T10:45:05.385,LGBBROSLTD,,,,,,,,,,auto,bearings,,,,,,,,,,,,,,,,,,,,,,3865.5,,2026-03-10,,,,,,,,,,9.2,9.68,9.94,,,,
2026-03-10T10:45:05.385,SANSERA,,,,,,,,,,auto,auto ancillaries,,,,,,,,,,,,,,,,,,,,,,9263.22,,2026-03-10,,,,,,,,,,11.01,10.06,10.29,,,,
2026-03-10T10:45:05.385,THANGAMAYL,,,,,,,,,,consumer discretionary,diamond cutting / jewellery,,,,,,,,,,,,,,,,,,,,,,4409.17,,2026-03-10,,,,,,,,,,11.06,8.33,10.03,,,,
2026-03-10T10:45:05.385,BHAGYANGR,,,,,,,,,,power & utilities,power generation and supply,,,,,,,,,,,,,,,,,,,,,,186.9,,2026-03-10,,,,,,,,,,13.21,10.91,11.71,,,,
2026-03-10T10:45:05.385,CIEINDIA,,,,,,,,,,industrials,castings & forgings,,,,,,,,,,,,,,,,,,,,,,5891.99,,2026-03-10,,,,,,,,,,13.92,7.78,7.78,,,,
2026-03-10T10:45:05.385,ROSSTECH,,,,,,,,,,aerospace & defence,engineering,,,,,,,,,,,,,,,,,,,,,,685.77,,2026-03-10,,,,,,,,,,14.05,9.62,9.62,,,,
2026-03-10T10:45:05.385,TMB,,,,,,,,,,bank,banks - private sector,,,,,,,,,,,,,,,,,,,,,,9733.86,,2026-03-10,,,,,,,,,,14.74,11.7,14.81,,,,
2026-03-10T10:45:05.385,PRIVISCL,,,,,,,,,,chemicals,chemicals,,,,,,,,,,,,,,,,,,,,,,4512.56,,2026-03-10,,,,,,,,,,14.78,6.03,6.22,,,,
2026-03-10T10:45:05.385,BLISSGVS,,,,,,,,,,healthcare,pharmaceuticals - indian - formulations,,,,,,,,,,,,,,,,,,,,,,1414.74,,2026-03-10,,,,,,,,,,15.18,8.43,12.32,,,,
2026-03-10T10:45:05.385,SCI,,,,,,,,,,transportation,shipping,,,,,,,,,,,,,,,,,,,,,,3985.85,,2026-03-10,,,,,,,,,,15.85,8.28,12.88,,,,
2026-03-10T10:45:05.385,GRWRHITECH,,,,,,,,,,industrials,packaging,,,,,,,,,,,,,,,,,,,,,,3634.51,,2026-03-10,,,,,,,,,,16.74,7.83,7.83,,,,
2026-03-10T10:45:05.385,ARVIND,,,,,,,,,,textiles,textiles - cotton/blended,,,,,,,,,,,,,,,,,,,,,,5296.05,,2026-03-10,,,,,,,,,,17.29,6.66,6.66,,,,
2026-03-10T10:45:05.385,RACLGEAR,,,,,,,,,,auto,auto ancillaries,,,,,,,,,,,,,,,,,,,,,,934.9,,2026-03-10,,,,,,,,,,18.22,12.71,14.65,,,,
2026-03-10T10:45:05.385,GODAVARIB,,,,,,,,,,fmcg,sugar,,,,,,,,,,,,,,,,,,,,,,531.54,,2026-03-10,,,,,,,,,,18.81,8.59,9.78,,,,
2026-03-10T10:45:05.385,STEL,,,,,,,,,,financials,finance & investments,,,,,,,,,,,,,,,,,,,,,,265.66,,2026-03-10,,,,,,,,,,20.72,10.49,10.49,,,,
2026-03-10T10:45:05.385,SHARDACROP,,,,,,,,,,chemicals,pesticides / agrochemicals - indian,,,,,,,,,,,,,,,,,,,,,,2311.87,,2026-03-10,,,,,,,,,,21.53,11.27,13.67,,,,
2026-03-10T10:45:05.385,ICEMAKE,,,,,,,,,,industrials,engineering,,,,,,,,,,,,,,,,,,,,,,338.94,,2026-03-10,,,,,,,,,,23.36,12.21,12.21,,,,
2026-03-10T10:45:05.385,NETWEB,,,,,,,,,,i.t,computers - hardware,,,,,,,,,,,,,,,,,,,,,,5403.13,,2026-03-10,,,,,,,,,,26.59,10.22,22.73,,,,
2026-03-10T10:45:05.385,APEX,,,,,,,,,,fmcg,aquaculture,,,,,,,,,,,,,,,,,,,,,,305.45,,2026-03-10,,,,,,,,,,26.84,9.67,11.51,,,,
