Timestamp,Symbol,Cmp,%ch5,Lch5,Sl,Target,5d_high,R_vol,Forward pe,Pe,Rsi,Sector,Industry,Adx,%ch y_low,Srs,Ars,Srs y,Ars y,Lc,Low,%ch sl,%ch sl atr,Atr%,%ch_3low,Column26,Scan_Date,%ch,Low 2%,Low5,Rs,Is,Tps,Rs score,From52wh,3d range,5d,Free float
2026-09-25T15:24:06.206,SALSTEEL,93.64,13.93,-3.37,77.06,87.46,93.72,0.54,111.48,70.85,51.54,metals & mining,steel - sponge iron,27.32,-13.45,1.03,0.81,1.03,0.72,2.81,80.01,6.75,-10.17,5.61,21.69,22.32,2026-09-25,,,,,,,,,,,
2026-09-25T15:24:06.206,IOLCP,204.03,4.84,-4.77,201.46,204.84,212.99,1.1,23.29,35.53,55.57,healthcare,pharmaceuticals - indian - bulk drugs & formln,31.25,-14.32,1.58,1.34,1.58,1.27,3.81,195.7,0.84,-10.85,6.62,17.06,20.88,2026-09-25,,,,,,,,,,,
2026-09-25T15:24:06.206,TATVA,1794.0,2.93,-3.53,1591.39,1949.01,1822.0,0.5,65.67,78.68,51.53,chemicals,chemicals,19.79,-3.47,0.41,0.23,0.41,0.19,3.98,1702.5,11.24,-8.69,4.68,16.46,7.52,2026-09-25,,,,,,,,,,,
2026-09-25T15:24:06.206,BEML,2040.0,0.94,-5.14,2023.63,2246.38,2155.0,3.27,-157.41,84.06,52.77,aerospace & defence,engineering,30.92,-8.32,0.31,0.11,0.31,0.05,5.15,2030.4,5.5,-8.39,4.38,14.69,11.72,2026-09-25,,,,,,,,,,,
2026-09-25T15:24:06.206,PRECWIRE,502.65,6.23,-2.58,459.49,497.31,508.2,2.24,49.47,50.87,46.88,metals & mining,mining / minerals / metals,23.93,-9.81,0.47,0.87,0.47,0.76,6.65,448.55,4.12,-10.26,5.34,13.82,14.28,2026-09-25,,,,,,,,,,,
2026-09-25T15:24:06.206,TI,582.35,6.88,-1.21,517.35,620.05,607.8,1.82,113.74,-459.02,47.58,fmcg,breweries & distilleries,20.79,-4.45,0.2,0.2,0.2,0.15,3.3,550.55,9.93,-7.24,4.19,13.59,11.37,2026-09-25,,,,,,,,,,,
2026-09-25T15:24:06.206,COMSYN,282.35,2.89,-7.93,294.83,318.27,315.4,0.91,31.94,39.47,61.21,industrials,packaging,32.74,-8.82,0.84,0.92,0.84,0.84,4.43,293.55,3.98,-9.31,5.52,13.12,20.94,2026-09-25,,,,,,,,,,,
2026-09-25T15:24:06.206,EMIL,199.28,3.12,-5.07,177.9,214.66,202.86,2.17,15.87,35.29,54.28,consumer discretionary,trading,31.19,-2.08,0.98,0.8,0.98,0.7,6.04,185.1,10.33,-9.16,5.41,12.99,17.57,2026-09-25,,,,,,,,,,,
2026-09-25T15:24:06.206,SANSERA,4661.0,11.35,-2.04,3928.41,4591.39,4743.5,1.2,83.89,82.23,55.52,auto,auto ancillaries,31.78,-2.64,0.84,1.2,0.84,1.08,6.03,4017.5,8.44,-8.68,4.21,12.1,8.2,2026-09-25,,,,,,,,,,,
2026-09-25T15:24:06.206,NELCO,977.0,4.64,-3.9,910.72,1112.98,1058.8,1.52,239.46,587.6,49.16,telecom,telecommunications - service provider,17.67,0.29,0.59,0.34,0.59,0.28,4.82,965.3,11.1,-9.17,4.53,11.86,8.53,2026-09-25,,,,,,,,,,,
2026-09-25T15:24:06.206,APLAPOLLO,2202.0,-1.81,-4.93,2169.54,2370.66,2270.1,1.74,58.07,49.35,49.63,industrials,steel - large,34.79,-6.83,0.08,0.14,0.08,0.08,5.77,2146.3,4.63,-7.38,3.13,11.21,9.18,2026-09-25,,,,,,,,,,,
2026-09-25T15:24:06.206,UGARSUGAR,64.19,17.38,-3.98,51.88,61.7,66.66,1.49,123.44,21.79,53.63,fmcg,sugar,36.79,-2.16,0.41,0.32,0.41,0.24,7.46,52.85,9.46,-12.99,7.36,10.9,17.52,2026-09-25,,,,,,,,,,,
2026-09-25T15:24:06.206,GNA,615.9,16.01,-1.42,523.92,593.18,648.0,3.35,17.28,20.14,45.71,auto,auto ancillaries,18.9,-4.24,0.36,0.7,0.36,0.64,3.44,539.95,6.61,-6.5,4.85,10.78,5.2,2026-09-25,,,,,,,,,,,
2026-09-25T15:24:06.206,CAPLIPOINT,2832.0,8.78,0.02,2688.26,2808.94,2990.0,1.79,30.43,32.76,46.11,healthcare,pharmaceuticals - indian - formulations,21.33,-7.79,0.56,0.44,0.56,0.36,5.88,2596.0,2.24,-8.63,4.25,10.36,8.52,2026-09-25,,,,,,,,,,,
2026-09-25T15:24:06.206,SHRIPISTON,4706.1,3.36,-2.59,4336.51,4816.69,4730.2,2.25,35.89,35.38,40.8,auto,auto ancillaries,22.58,-5.52,0.43,0.34,0.43,0.29,4.16,4394.0,5.54,-7.12,3.34,10.28,4.47,2026-09-25,,,,,,,,,,,
2026-09-25T15:24:06.206,ASKAUTOLTD,645.25,3.43,-2.83,602.75,709.75,678.75,0.57,37.34,40.05,51.91,auto,auto ancillaries,39.61,-1.1,0.44,0.32,0.44,0.24,5.85,620.0,8.88,-8.73,4.06,10.02,7.83,2026-09-25,,,,,,,,,,,
2026-09-25T15:24:06.206,EDELWEISS,137.22,7.16,-0.34,130.71,141.79,146.0,1.59,24.16,18.44,48.43,financials,finance & investments,22.76,-5.75,0.19,0.16,0.19,0.09,6.1,128.42,4.24,-9.98,4.89,9.99,9.68,2026-09-25,,,,,,,,,,,
2026-09-25T15:24:06.206,PRUDENT,3096.4,1.24,-12.17,3241.21,3761.99,3545.0,1.36,42.89,54.4,50.76,financials,finance & investments,35.51,-1.77,0.42,0.31,0.42,0.24,5.8,3309.7,8.03,-9.15,4.56,9.76,4.66,2026-09-25,,,,,,,,,,,
2026-09-25T15:24:06.206,ICIL,448.0,8.63,-3.16,433.25,461.45,485.95,0.27,35.11,59.18,49.94,textiles,textiles - cotton/blended,27.42,-6.22,0.78,0.54,0.78,0.51,2.84,435.0,3.25,-9.03,4.84,9.63,8.72,2026-09-25,,,,,,,,,,,
2026-09-25T15:24:06.206,JSWINFRA,361.1,7.82,-0.66,327.53,368.97,375.5,7.29,54.71,50.66,42.24,transportation,miscellaneous,15.81,-3.68,0.27,0.18,0.27,0.11,6.79,326.1,6.33,-7.54,3.75,9.55,3.81,2026-09-25,,,,,,,,,,,
2026-09-25T15:24:06.206,RATNAMANI,2780.9,0.07,-3.61,2764.38,2953.82,2897.4,0.68,59.32,45.73,55.26,industrials,steel - medium / small,27.28,-5.43,0.12,0.17,0.12,0.11,5.83,2701.6,3.43,-9.22,4.7,9.31,16.3,2026-09-25,,,,,,,,,,,
2026-09-25T15:24:06.206,CGCL,253.7,2.2,-6.71,268.68,272.62,276.6,1.18,17.28,22.13,52.31,financials,finance & investments,31.56,-7.58,0.48,0.41,0.48,0.37,3.3,262.0,0.74,-7.69,4.31,8.85,14.63,2026-09-25,,,,,,,,,,,
2026-09-25T15:24:06.206,SMARTWORKS,531.7,1.93,-3.35,530.03,564.67,560.95,1.92,115.59,220.88,49.28,co-working,miscellaneous,42.31,-6.23,0.28,0.04,0.28,-0.01,5.29,519.85,3.27,-7.09,3.74,8.75,9.74,2026-09-25,,,,,,,,,,,
2026-09-25T15:24:06.206,MEDANTA,1495.2,1.84,-2.12,1419.47,1579.33,1527.0,2.59,63.25,72.76,45.77,healthcare,healthcare,23.4,-3.2,0.36,0.19,0.36,0.13,4.85,1430.0,5.63,-6.95,3.5,8.64,4.05,2026-09-25,,,,,,,,,,,
2026-09-25T15:24:06.206,ALIVUS,1365.5,1.06,-5.47,1361.66,1499.94,1446.0,1.79,26.18,27.89,52.92,healthcare,pharmaceuticals - indian - bulk drugs & formln,33.73,-3.42,0.42,0.52,0.42,0.47,3.16,1387.0,5.08,-6.86,3.67,8.59,5.71,2026-09-25,,,,,,,,,,,
2026-09-25T15:24:06.206,PITTIENG,1163.0,3.32,-2.85,1134.53,1157.67,1184.2,1.1,36.39,34.58,52.21,industrials,engineering,31.21,-7.01,0.37,0.34,0.37,0.32,0.65,1138.7,1.02,-5.52,4.36,8.12,13.98,2026-09-25,,,,,,,,,,,
2026-09-25T15:24:06.206,GUFICBIO,423.8,2.98,-4.51,422.06,449.94,449.0,0.53,47.73,57.65,49.2,healthcare,pharmaceuticals - indian - bulk drugs & formln,25.42,-4.38,0.37,0.25,0.37,0.22,3.24,422.3,3.3,-7.33,3.85,7.89,6.39,2026-09-25,,,,,,,,,,,
2026-09-25T15:24:06.206,ATHERENERG,1497.1,-0.72,-9.7,1608.75,1671.25,1640.0,1.0,-281.41,-145.82,53.3,auto,automobiles - scooters and 3 - wheelers,40.19,-5.94,1.0,1.14,1.0,1.02,5.94,1548.1,1.94,-9.24,4.14,7.82,12.38,2026-09-25,,,,,,,,,,,
2026-09-25T15:24:06.206,RML,1323.7,5.32,-2.3,1314.25,1334.75,1395.0,0.78,30.39,31.64,55.1,auto,auto ancillaries,33.76,-5.04,0.69,0.52,0.69,0.47,6.11,1248.2,0.78,-10.65,5.66,7.7,18.81,2026-09-25,,,,,,,,,,,
2026-09-25T15:24:06.206,GARFIBRES,773.1,0.42,-6.71,791.72,846.28,840.0,0.88,29.46,36.87,52.3,textiles,textiles - products,22.76,-4.16,0.23,0.15,0.23,0.12,3.5,791.3,3.45,-6.54,3.89,7.46,5.9,2026-09-25,,,,,,,,,,,
2026-09-25T15:24:06.206,KPIL,1387.7,1.04,-4.45,1396.45,1494.55,1460.6,1.01,19.1,21.03,50.61,realty,transmisson line towers / equipment,37.34,-3.85,0.25,0.17,0.25,0.13,3.1,1402.0,3.51,-5.76,2.94,7.42,6.42,2026-09-25,,,,,,,,,,,
2026-09-25T15:24:06.206,METROPOLIS,584.2,1.74,-4.24,582.82,612.08,607.85,0.84,53.5,24.97,51.86,healthcare,healthcare,12.94,-4.16,0.21,0.2,0.21,0.17,2.65,582.0,2.51,-5.73,2.94,7.11,5.53,2026-09-25,,,,,,,,,,,
2026-09-25T15:24:06.206,SAILIFE,1591.8,3.08,-1.22,1584.24,1616.76,1649.8,1.29,115.01,92.89,54.67,healthcare,pharmaceuticals - indian - bulk drugs & formln,33.39,-5.73,0.46,0.68,0.46,0.62,3.24,1550.3,1.03,-6.74,3.69,7.1,11.11,2026-09-25,,,,,,,,,,,
2026-09-25T15:24:06.206,GANESHBE,130.0,4.69,-2.15,124.15,129.57,132.81,0.22,13.32,12.52,47.13,miscellaneous,miscellaneous,19.67,-3.97,0.55,0.5,0.55,0.48,1.32,125.21,2.18,-7.39,5.3,6.52,8.8,2026-09-25,,,,,,,,,,,
2026-09-25T15:24:06.206,WABAG,2006.6,1.08,-6.64,2070.1,2195.1,2155.7,0.75,34.96,29.42,50.41,realty,engineering - turnkey services,19.9,-2.48,0.64,0.6,0.64,0.56,3.25,2065.4,3.02,-8.39,4.73,6.09,8.63,2026-09-25,,,,,,,,,,,
2026-09-25T15:24:06.206,GLAND,2913.8,1.56,-2.93,2894.47,3029.33,3008.0,0.7,37.88,42.29,48.36,healthcare,pharmaceuticals - indian - formulations,32.15,-3.88,0.71,0.67,0.71,0.64,1.99,2904.0,2.33,-5.77,3.22,6.07,8.89,2026-09-25,,,,,,,,,,,
2026-09-25T15:24:06.206,EMCURE,1954.2,2.06,-3.61,1897.16,2110.44,2100.7,9.77,31.52,36.59,53.55,healthcare,pharmaceuticals - indian - bulk drugs & formln,19.41,1.22,0.26,0.35,0.26,0.29,4.63,1915.1,5.62,-5.33,3.72,5.93,5.7,2026-09-25,,,,,,,,,,,
2026-09-25T15:24:06.206,GRANULES,865.25,1.69,-3.02,857.54,893.46,890.4,1.08,29.8,31.52,44.21,healthcare,pharmaceuticals - indian - bulk drugs & formln,17.3,-2.94,0.39,0.38,0.39,0.37,1.11,865.9,2.09,-5.32,3.7,5.61,4.82,2026-09-25,,,,,,,,,,,
2026-09-25T15:24:06.206,PETRONET,286.4,-1.01,-4.2,284.08,301.12,292.6,1.79,9.45,10.21,43.8,energy,miscellaneous,23.12,-2.75,-0.01,-0.03,-0.01,-0.06,2.99,284.1,3.0,-4.92,2.13,5.16,3.84,2026-09-25,,,,,,,,,,,
2026-09-25T15:24:06.206,RBLBANK,415.45,3.29,-3.56,407.12,424.68,429.6,0.84,33.29,29.61,57.32,bank,banks - private sector,24.59,-2.22,0.31,0.25,0.31,0.22,2.69,405.0,2.16,-5.09,2.39,5.04,6.42,2026-09-25,,,,,,,,,,,
2026-09-25T15:24:06.206,JSWDULUX,3203.0,2.48,-2.6,3114.58,3263.02,3268.0,1.1,45.73,7.27,42.92,building materials,paints / varnishes,26.26,-2.88,0.05,-0.04,0.05,-0.07,4.31,3057.1,2.38,-5.59,2.65,4.86,3.39,2026-09-25,,,,,,,,,,,
2026-09-25T15:24:06.206,KOVAI,6095.0,1.74,-3.04,6050.4,6401.6,6334.5,0.64,24.13,26.04,51.95,healthcare,healthcare,31.26,-1.14,1.21,1.28,1.21,1.24,2.54,6071.5,2.9,-5.25,2.87,4.22,3.8,2026-09-25,,,,,,,,,,,
2026-09-25T15:24:06.206,RELIGARE,242.5,1.18,-6.43,252.46,253.58,256.0,0.34,-77.72,161.29,50.73,financials,finance & investments,21.07,-2.93,0.05,-0.02,0.05,-0.03,2.06,247.91,0.22,-5.63,3.03,3.95,9.59,2026-09-25,,,,,,,,,,,
2026-09-25T15:24:06.206,MANOMAY,227.22,3.97,-4.09,228.22,231.14,238.8,1.36,20.73,20.9,51.55,textiles,textiles - products,15.59,-3.16,0.05,0.08,0.05,0.05,2.4,224.29,0.64,-3.49,3.77,3.8,6.49,2026-09-25,,,,,,,,,,,
2026-09-25T15:24:06.206,AJANTPHARM,3550.0,0.85,-2.74,3440.88,3686.32,3630.0,2.16,33.18,38.96,47.96,healthcare,pharmaceuticals - indian - formulations,15.12,0.37,0.12,0.17,0.12,0.15,0.91,3531.5,3.57,-3.78,2.56,2.99,3.98,2026-09-25,,,,,,,,,,,
2026-09-11T05:29:24.205,WELCORP,2776.9,,,2659.08,2953.62,,2.13,17.5,31.7,82.71,industrials,steel - large,60.89,,2.03,2.33,,,,,4.43,,,,,2026-09-11,6.46,2554.37,2536.8,232.93,2541.24,2372.39,57.37,,,,
2026-09-11T05:29:24.205,ATHERENERG,1658.3,,,1608.79,1732.57,,1.59,-311.71,-161.31,64.37,auto,automobiles - scooters and 3 - wheelers,47.85,,1.15,1.26,,,,,3.08,,,,,2026-09-11,4.96,1575.25,1560.9,127.96,1531.57,1440.12,55.26,,,,
2026-09-11T05:29:24.205,CPPLUS,3829.1,,,3612.42,4154.12,,0.96,79.31,93.71,60.57,consumer discretionary,trading,19.86,,1.19,1.46,,,,,6.0,,,,,2026-09-11,2.22,3588.76,3645.0,141.34,3497.08,3298.87,42.47,,,,
2026-09-11T05:29:24.205,KIRLOSENG,2209.0,,,2119.73,2342.91,,0.6,70.62,58.8,53.78,industrials,engines,19.46,,0.39,0.68,,,,,4.21,,,,,2026-09-11,-0.49,2140.81,2156.5,74.72,2024.72,1928.1,34.48,,,,
2026-09-11T05:29:24.205,CHENNPETRO,1626.4,,,1423.84,1930.24,,1.63,5.87,5.8,74.58,energy,refineries,32.25,,0.59,0.9,,,,,14.23,,,,,2026-09-11,1.37,1537.52,1415.1,77.06,1474.59,1397.63,30.68,,,,
2026-09-11T05:29:24.205,LAURUSLABS,1945.0,,,1879.52,2043.22,,0.4,71.4,96.0,65.88,healthcare,pharmaceuticals - indian - bulk drugs & formln,30.18,,0.71,0.73,,,,,3.48,,,,,2026-09-11,0.41,1882.48,1832.7,101.31,1850.11,1784.44,28.94,,,,
2026-09-11T05:29:24.205,WELSPUNLIV,210.5,,,207.71,214.69,,0.33,31.14,69.02,76.72,textiles,textiles - products,54.23,,0.67,0.54,,,,,1.34,,,,,2026-09-11,0.11,204.32,199.9,54.08,196.52,188.74,20.67,,,,
2026-09-11T05:29:24.205,GRANULES,899.25,,,838.96,989.69,,1.63,30.97,33.23,64.59,healthcare,pharmaceuticals - indian - bulk drugs & formln,18.89,,0.41,0.41,,,,,7.19,,,,,2026-09-11,1.63,852.7,838.6,54.91,842.44,806.44,18.02,,,,
2026-09-11T05:29:24.205,CRAFTSMAN,11851.0,,,11211.69,12809.96,,1.25,47.69,58.97,72.78,auto,auto ancillaries,53.11,,0.48,0.55,,,,,5.7,,,,,2026-09-11,0.38,11006.38,11097.0,50.95,10897.69,10330.71,17.96,,,,
2026-09-11T05:29:24.205,FINCABLES,1418.4,,,1270.37,1640.44,,1.97,21.78,27.12,68.4,industrials,cables - power,35.45,,0.46,0.79,,,,,11.65,,,,,2026-09-11,4.8,1309.97,1211.0,71.59,1279.54,1186.0,17.84,,,,
2026-09-11T05:29:24.205,JINDALSAW,317.5,,,311.49,326.52,,1.44,48.7,30.98,70.92,industrials,steel - large,35.25,,0.47,0.85,,,,,1.93,,,,,2026-09-11,1.86,302.43,297.35,63.22,295.9,282.2,15.63,,,,
2026-09-11T05:29:24.205,SOLARINDS,22370.0,,,21357.56,23888.66,,0.42,77.56,101.65,75.64,aerospace & defence,chemicals,30.36,,0.42,0.74,,,,,4.74,,,,,2026-09-11,0.07,21736.4,21345.0,66.65,21338.4,20689.7,15.3,,,,
2026-09-11T05:29:24.205,NEULANDLAB,23800.0,,,23067.51,24898.74,,0.81,51.69,61.34,62.12,healthcare,pharmaceuticals - indian - bulk drugs,40.85,,0.74,0.54,,,,,3.18,,,,,2026-09-11,2.61,22770.3,22415.0,76.27,22193.41,21338.47,15.05,,,,
2026-09-11T05:29:24.205,REDINGTON,392.0,,,366.45,430.33,,3.12,15.76,18.01,70.44,services,trading,45.75,,0.47,0.4,,,,,6.97,,,,,2026-09-11,3.69,372.69,367.2,45.13,362.18,351.06,14.93,,,,
2026-09-11T05:29:24.205,IPCALAB,1970.9,,,1980.71,1956.19,,0.49,31.11,37.08,64.83,healthcare,pharmaceuticals - indian - bulk drugs & formln,32.17,,0.16,0.32,,,,,-0.5,,,,,2026-09-11,0.37,1914.04,1943.7,38.21,1890.33,1838.9,11.16,,,,
2026-09-11T05:29:24.205,EMCURE,1962.8,,,1837.91,2150.13,,1.77,31.66,36.79,62.62,healthcare,pharmaceuticals - indian - bulk drugs & formln,18.33,,0.19,0.33,,,,,6.79,,,,,2026-09-11,2.53,1876.21,1874.7,29.99,1857.93,1804.47,10.54,,,,
2026-09-11T05:29:24.205,FLUOROCHEM,4786.3,,,4608.06,5053.65,,0.83,59.32,85.95,60.23,chemicals,chemicals,35.11,,0.38,0.28,,,,,3.87,,,,,2026-09-11,0.66,4643.04,4461.1,37.99,4463.76,4323.45,10.38,,,,
2026-09-11T05:29:24.205,GESHIP,1400.2,,,1329.45,1506.32,,1.28,3.82,5.34,59.83,transportation,shipping,16.56,,-0.13,0.23,,,,,5.32,,,,,2026-09-11,0.49,1365.14,1340.0,4.32,1332.98,1309.26,10.01,,,,
2026-09-11T05:29:24.205,VIJAYA,1498.8,,,1482.21,1523.69,,0.44,72.62,82.22,57.67,healthcare,healthcare,33.5,,0.45,0.4,,,,,1.12,,,,,2026-09-11,-0.01,1464.81,1476.7,46.78,1407.18,1356.46,9.93,,,,
2026-09-11T05:29:24.205,CAPLIPOINT,2795.4,,,2676.4,2973.9,,1.47,30.03,31.94,62.56,healthcare,pharmaceuticals - indian - formulations,24.93,,0.53,0.41,,,,,4.45,,,,,2026-09-11,2.66,2659.72,2707.7,61.44,2581.92,2465.92,8.69,,,,
2026-09-11T05:29:24.205,ABSLAMC,1088.5,,,1029.27,1177.35,,1.4,25.38,31.2,61.74,financials,finance & investments,15.29,,0.0,0.37,,,,,5.75,,,,,2026-09-11,2.06,1021.45,1012.0,29.81,1012.85,966.52,8.5,,,,
2026-09-11T05:29:24.205,BALRAMCHIN,705.15,,,684.4,736.27,,0.43,81.61,38.43,57.39,fmcg,sugar,37.15,,0.28,0.55,,,,,3.03,,,,,2026-09-11,0.73,679.43,682.5,51.18,636.92,594.59,8.25,,,,
2026-09-11T05:29:24.205,APLAPOLLO,2194.8,,,2224.57,2150.14,,0.44,57.88,49.58,59.4,industrials,steel - large,45.63,,0.01,0.13,,,,,-1.34,,,,,2026-09-11,1.24,2115.23,2150.4,-1.92,2083.49,2000.01,7.3,,,,
2026-09-11T05:29:24.205,RKFORGE,727.05,,,711.0,751.12,,0.43,70.45,123.44,55.18,industrials,castings & forgings,35.67,,0.2,0.37,,,,,2.26,,,,,2026-09-11,0.88,704.67,689.45,28.18,677.37,650.87,7.26,,,,
2026-09-11T05:29:24.205,ANGELONE,297.3,,,286.99,312.77,,0.39,29.26,5.04,50.57,financials,finance & investments,23.15,,0.29,0.15,,,,,3.59,,,,,2026-09-11,-0.59,290.23,291.6,6.83,278.15,267.83,7.09,,,,
2026-09-11T05:29:24.205,KALYANKJIL,615.2,,,586.58,658.13,,0.23,45.5,44.26,57.5,consumer discretionary,diamond cutting / jewellery,18.8,,0.45,0.21,,,,,4.88,,,,,2026-09-11,1.25,591.43,585.3,41.95,573.88,548.05,6.23,,,,
2026-09-11T05:29:24.205,ZYDUSWELL,566.3,,,531.17,619.0,,0.72,37.85,95.66,63.04,fmcg,food - processing - indian,22.61,,0.34,0.29,,,,,6.61,,,,,2026-09-11,2.18,543.85,527.15,36.0,532.06,511.73,5.34,,,,
2026-09-11T05:29:24.205,SHYAMMETL,1086.1,,,1069.61,1110.84,,0.23,21.55,26.98,63.42,metals & mining,steel - large,27.15,,0.28,0.28,,,,,1.54,,,,,2026-09-11,1.15,1052.72,1053.2,20.38,1033.3,996.31,5.31,,,,
2026-09-11T05:29:24.205,IDFCFIRSTB,86.84,,,84.96,89.66,,0.78,16.32,33.4,57.81,bank,banks - private sector,30.95,,0.24,-0.01,,,,,2.21,,,,,2026-09-11,0.98,84.1,85.82,4.78,83.84,82.14,4.62,,,,
2026-09-11T05:29:24.205,JSWINFRA,342.45,,,331.37,359.06,,0.94,51.89,48.1,57.4,transportation,miscellaneous,13.71,,0.22,0.16,,,,,3.34,,,,,2026-09-11,0.31,332.51,328.8,29.4,325.73,315.73,3.97,,,,
2026-09-11T05:29:24.205,ASAHIINDIA,976.2,,,956.08,1006.38,,1.28,41.72,56.85,67.06,building materials,glass & glass products,16.57,,0.05,-0.05,,,,,2.1,,,,,2026-09-11,0.77,948.59,949.0,-0.1,933.34,918.39,3.91,,,,
2026-09-11T05:29:24.205,KPIL,1432.0,,,1402.25,1476.63,,0.63,19.71,21.52,62.18,realty,transmisson line towers / equipment,41.17,,0.15,0.16,,,,,2.12,,,,,2026-09-11,1.67,1373.96,1385.1,25.83,1359.25,1311.68,3.9,,,,
2026-09-11T05:29:24.205,JYOTICNC,1003.9,,,1030.96,963.31,,0.31,99.99,71.0,59.28,industrials,engineering,37.06,,0.22,-0.01,,,,,-2.62,,,,,2026-09-11,-0.51,976.67,996.6,21.68,922.99,876.42,3.33,,,,
2026-09-11T05:29:24.205,SPLPETRO,828.15,,,747.12,949.69,,1.65,16.41,32.11,72.37,energy,petrochemicals,26.43,,0.11,0.25,,,,,10.85,,,,,2026-09-11,1.79,793.95,724.95,28.15,765.82,734.73,2.85,,,,
2026-09-11T05:29:24.205,TATACOMM,1764.4,,,1689.75,1876.37,,0.65,93.65,53.16,54.87,telecom-service,telecommunications - service provider,24.7,,0.12,-0.04,,,,,4.42,,,,,2026-09-11,-0.47,1718.63,1696.4,5.25,1681.45,1636.84,2.66,,,,
2026-09-11T05:29:24.205,JUBLPHARMA,1025.65,,,911.54,1196.81,,0.63,71.82,46.14,74.27,healthcare,pharmaceuticals - indian - bulk drugs,21.02,,0.14,-0.08,,,,,12.52,,,,,2026-09-11,0.65,987.74,901.2,9.61,959.48,911.36,-0.71,,,,
2026-09-11T05:29:24.205,CRISIL,4721.7,,,4719.29,4725.32,,0.33,39.88,39.04,58.31,financials,miscellaneous,30.67,,0.03,0.07,,,,,0.05,,,,,2026-09-11,0.66,4586.4,4603.1,0.94,4482.76,4361.46,-0.72,,,,
2026-09-11T05:29:24.205,JSWDULUX,3179.7,,,3136.02,3245.22,,0.34,45.4,7.38,59.62,building materials,paints / varnishes,30.57,,0.0,-0.02,,,,,1.39,,,,,2026-09-11,0.02,3098.37,3140.1,5.23,3063.2,2995.82,-1.63,,,,
2026-09-11T05:29:24.205,TEGA,1721.6,,,1566.96,1953.56,,5.48,-37.52,454.25,60.48,industrials,engineering,16.23,,-0.12,-0.14,,,,,9.87,,,,,2026-09-11,2.58,1658.16,1536.0,-4.81,1562.53,1502.23,-2.91,,,,
2026-09-11T05:29:24.205,SBICARD,666.3,,,645.02,698.22,,0.56,23.86,27.88,57.37,financials,finance & investments,20.84,,-0.14,-0.26,,,,,3.3,,,,,2026-09-11,-0.31,647.34,648.75,-12.93,629.63,606.83,-4.21,,,,
2026-09-11T05:29:24.205,IGL,153.46,,,149.01,160.13,,0.31,22.31,15.79,53.36,energy,miscellaneous,14.3,,-0.13,-0.23,,,,,2.99,,,,,2026-09-11,0.35,148.96,150.5,-12.97,146.75,142.72,-6.7,,,,
2026-09-11T05:29:24.205,EMMVEE,342.65,,,321.71,374.06,,2.01,15.6,17.77,63.45,industrials,electric equipment,17.76,,0.52,0.8,,,,,6.51,,,,,2026-09-11,4.18,322.03,320.25,67.35,320.93,306.88,NaN,,,,
2026-09-11T05:29:24.205,PIRAMALFIN,2295.6,,,2253.31,2359.03,,0.97,NaN,0.0,63.83,n/a,indices,26.12,,0.18,0.36,,,,,1.88,,,,,2026-09-11,-0.65,2212.84,2201.6,30.89,2165.54,2088.4,NaN,,,,
2026-09-11T05:29:24.205,PWL,126.73,,,118.77,138.67,,0.9,-117.34,1056.08,54.57,services,miscellaneous,15.5,,0.39,-0.07,,,,,6.7,,,,,2026-09-11,1.08,123.27,123.03,17.58,116.81,113.27,NaN,,,,
2026-09-11T05:29:24.205,MEESHO,217.91,,,210.51,229.0,,1.18,-194.56,-79.24,71.71,transportation,miscellaneous,25.86,,0.42,0.07,,,,,3.51,,,,,2026-09-11,0.56,208.26,205.75,38.86,203.14,194.87,NaN,,,,
2026-09-10T22:49:38.235,WELCORP,2776.9,,,2659.08,2953.62,,2.13,17.5,29.78,82.71,industrials,steel - large,60.89,,2.03,2.33,,,,,4.43,,,,,2026-09-10,6.46,2554.37,2536.8,232.93,2541.24,2372.39,57.37,,,,
2026-09-10T22:49:38.235,ATHERENERG,1658.3,,,1608.79,1732.57,,1.59,-311.71,-153.7,64.37,auto,automobiles - scooters and 3 - wheelers,47.85,,1.15,1.26,,,,,3.08,,,,,2026-09-10,4.96,1575.25,1560.9,127.96,1531.57,1440.12,55.26,,,,
2026-09-10T22:49:38.235,CPPLUS,3829.1,,,3612.42,4154.12,,0.96,79.31,91.68,60.57,consumer discretionary,trading,19.86,,1.19,1.46,,,,,6.0,,,,,2026-09-10,2.22,3588.76,3645.0,141.34,3497.08,3298.87,42.47,,,,
2026-09-10T22:49:38.235,KIRLOSENG,2209.0,,,2119.73,2342.91,,0.6,70.62,59.09,53.78,industrials,engines,19.46,,0.39,0.68,,,,,4.21,,,,,2026-09-10,-0.49,2140.81,2156.5,74.72,2024.72,1928.1,34.48,,,,
2026-09-10T22:49:38.235,CHENNPETRO,1626.4,,,1423.84,1930.24,,1.63,5.87,5.72,74.58,energy,refineries,32.25,,0.59,0.9,,,,,14.23,,,,,2026-09-10,1.37,1537.52,1415.1,77.06,1474.59,1397.63,30.68,,,,
2026-09-10T22:49:38.235,LAURUSLABS,1945.0,,,1879.52,2043.22,,0.4,71.4,95.61,65.88,healthcare,pharmaceuticals - indian - bulk drugs & formln,30.18,,0.71,0.73,,,,,3.48,,,,,2026-09-10,0.41,1882.48,1832.7,101.31,1850.11,1784.44,28.94,,,,
2026-09-10T22:49:38.235,WELSPUNLIV,210.5,,,207.71,214.69,,0.33,31.14,68.94,76.72,textiles,textiles - products,54.23,,0.67,0.54,,,,,1.34,,,,,2026-09-10,0.11,204.32,199.9,54.08,196.52,188.74,20.67,,,,
2026-09-10T22:49:38.235,GRANULES,899.25,,,838.96,989.69,,1.63,30.97,32.7,64.59,healthcare,pharmaceuticals - indian - bulk drugs & formln,18.89,,0.41,0.41,,,,,7.19,,,,,2026-09-10,1.63,852.7,838.6,54.91,842.44,806.44,18.02,,,,
2026-09-10T22:49:38.235,CRAFTSMAN,11851.0,,,11211.69,12809.96,,1.25,47.69,58.75,72.78,auto,auto ancillaries,53.11,,0.48,0.55,,,,,5.7,,,,,2026-09-10,0.38,11006.38,11097.0,50.95,10897.69,10330.71,17.96,,,,
2026-09-10T22:49:38.235,FINCABLES,1418.4,,,1270.37,1640.44,,1.97,21.78,25.87,68.4,industrials,cables - power,35.45,,0.46,0.79,,,,,11.65,,,,,2026-09-10,4.8,1309.97,1211.0,71.59,1279.54,1186.0,17.84,,,,
2026-09-10T22:49:38.235,JINDALSAW,317.5,,,311.49,326.52,,1.44,48.7,30.41,70.92,industrials,steel - large,35.25,,0.47,0.85,,,,,1.93,,,,,2026-09-10,1.86,302.43,297.35,63.22,295.9,282.2,15.63,,,,
2026-09-10T22:49:38.235,SOLARINDS,22370.0,,,21357.56,23888.66,,0.42,77.56,101.59,75.64,aerospace & defence,chemicals,30.36,,0.42,0.74,,,,,4.74,,,,,2026-09-10,0.07,21736.4,21345.0,66.65,21338.4,20689.7,15.3,,,,
2026-09-10T22:49:38.235,NEULANDLAB,23800.0,,,23067.51,24898.74,,0.81,51.69,59.79,62.12,healthcare,pharmaceuticals - indian - bulk drugs,40.85,,0.74,0.54,,,,,3.18,,,,,2026-09-10,2.61,22770.3,22415.0,76.27,22193.41,21338.47,15.05,,,,
2026-09-10T22:49:38.235,REDINGTON,392.0,,,366.45,430.33,,3.12,15.76,17.37,70.44,services,trading,45.75,,0.47,0.4,,,,,6.97,,,,,2026-09-10,3.69,372.69,367.2,45.13,362.18,351.06,14.93,,,,
2026-09-10T22:49:38.235,IPCALAB,1970.9,,,1980.71,1956.19,,0.49,31.11,36.94,64.83,healthcare,pharmaceuticals - indian - bulk drugs & formln,32.17,,0.16,0.32,,,,,-0.5,,,,,2026-09-10,0.37,1914.04,1943.7,38.21,1890.33,1838.9,11.16,,,,
2026-09-10T22:49:38.235,EMCURE,1962.8,,,1837.91,2150.13,,1.77,31.66,35.88,62.62,healthcare,pharmaceuticals - indian - bulk drugs & formln,18.33,,0.19,0.33,,,,,6.79,,,,,2026-09-10,2.53,1876.21,1874.7,29.99,1857.93,1804.47,10.54,,,,
2026-09-10T22:49:38.235,FLUOROCHEM,4786.3,,,4608.06,5053.65,,0.83,59.32,85.38,60.23,chemicals,chemicals,35.11,,0.38,0.28,,,,,3.87,,,,,2026-09-10,0.66,4643.04,4461.1,37.99,4463.76,4323.45,10.38,,,,
2026-09-10T22:49:38.235,GESHIP,1400.2,,,1329.45,1506.32,,1.28,3.82,5.31,59.83,transportation,shipping,16.56,,-0.13,0.23,,,,,5.32,,,,,2026-09-10,0.49,1365.14,1340.0,4.32,1332.98,1309.26,10.01,,,,
2026-09-10T22:49:38.235,VIJAYA,1498.8,,,1482.21,1523.69,,0.44,72.62,82.22,57.67,healthcare,healthcare,33.5,,0.45,0.4,,,,,1.12,,,,,2026-09-10,-0.01,1464.81,1476.7,46.78,1407.18,1356.46,9.93,,,,
2026-09-10T22:49:38.235,CAPLIPOINT,2795.4,,,2676.4,2973.9,,1.47,30.03,31.11,62.56,healthcare,pharmaceuticals - indian - formulations,24.93,,0.53,0.41,,,,,4.45,,,,,2026-09-10,2.66,2659.72,2707.7,61.44,2581.92,2465.92,8.69,,,,
2026-09-10T22:49:38.235,ABSLAMC,1088.5,,,1029.27,1177.35,,1.4,25.38,30.57,61.74,financials,finance & investments,15.29,,0.0,0.37,,,,,5.75,,,,,2026-09-10,2.06,1021.45,1012.0,29.81,1012.85,966.52,8.5,,,,
2026-09-10T22:49:38.235,BALRAMCHIN,705.15,,,684.4,736.27,,0.43,81.61,38.15,57.39,fmcg,sugar,37.15,,0.28,0.55,,,,,3.03,,,,,2026-09-10,0.73,679.43,682.5,51.18,636.92,594.59,8.25,,,,
2026-09-10T22:49:38.235,APLAPOLLO,2194.8,,,2224.57,2150.14,,0.44,57.88,48.97,59.4,industrials,steel - large,45.63,,0.01,0.13,,,,,-1.34,,,,,2026-09-10,1.24,2115.23,2150.4,-1.92,2083.49,2000.01,7.3,,,,
2026-09-10T22:49:38.235,RKFORGE,727.05,,,711.0,751.12,,0.43,70.45,122.36,55.18,industrials,castings & forgings,35.67,,0.2,0.37,,,,,2.26,,,,,2026-09-10,0.88,704.67,689.45,28.18,677.37,650.87,7.26,,,,
2026-09-10T22:49:38.235,ANGELONE,297.3,,,286.99,312.77,,0.39,29.26,5.07,50.57,financials,finance & investments,23.15,,0.29,0.15,,,,,3.59,,,,,2026-09-10,-0.59,290.23,291.6,6.83,278.15,267.83,7.09,,,,
2026-09-10T22:49:38.235,KALYANKJIL,615.2,,,586.58,658.13,,0.23,45.5,43.71,57.5,consumer discretionary,diamond cutting / jewellery,18.8,,0.45,0.21,,,,,4.88,,,,,2026-09-10,1.25,591.43,585.3,41.95,573.88,548.05,6.23,,,,
2026-09-10T22:49:38.235,ZYDUSWELL,566.3,,,531.17,619.0,,0.72,37.85,93.61,63.04,fmcg,food - processing - indian,22.61,,0.34,0.29,,,,,6.61,,,,,2026-09-10,2.18,543.85,527.15,36.0,532.06,511.73,5.34,,,,
2026-09-10T22:49:38.235,SHYAMMETL,1086.1,,,1069.61,1110.84,,0.23,21.55,26.67,63.42,metals & mining,steel - large,27.15,,0.28,0.28,,,,,1.54,,,,,2026-09-10,1.15,1052.72,1053.2,20.38,1033.3,996.31,5.31,,,,
2026-09-10T22:49:38.235,IDFCFIRSTB,86.84,,,84.96,89.66,,0.78,16.32,33.08,57.81,bank,banks - private sector,30.95,,0.24,-0.01,,,,,2.21,,,,,2026-09-10,0.98,84.1,85.82,4.78,83.84,82.14,4.62,,,,
2026-09-10T22:49:38.235,JSWINFRA,342.45,,,331.37,359.06,,0.94,51.89,47.95,57.4,transportation,miscellaneous,13.71,,0.22,0.16,,,,,3.34,,,,,2026-09-10,0.31,332.51,328.8,29.4,325.73,315.73,3.97,,,,
2026-09-10T22:49:38.235,ASAHIINDIA,976.2,,,956.08,1006.38,,1.28,41.72,56.42,67.06,building materials,glass & glass products,16.57,,0.05,-0.05,,,,,2.1,,,,,2026-09-10,0.77,948.59,949.0,-0.1,933.34,918.39,3.91,,,,
2026-09-10T22:49:38.235,KPIL,1432.0,,,1402.25,1476.63,,0.63,19.71,21.16,62.18,realty,transmisson line towers / equipment,41.17,,0.15,0.16,,,,,2.12,,,,,2026-09-10,1.67,1373.96,1385.1,25.83,1359.25,1311.68,3.9,,,,
2026-09-10T22:49:38.235,JYOTICNC,1003.9,,,1030.96,963.31,,0.31,99.99,71.36,59.28,industrials,engineering,37.06,,0.22,-0.01,,,,,-2.62,,,,,2026-09-10,-0.51,976.67,996.6,21.68,922.99,876.42,3.33,,,,
2026-09-10T22:49:38.235,SPLPETRO,828.15,,,747.12,949.69,,1.65,16.41,31.55,72.37,energy,petrochemicals,26.43,,0.11,0.25,,,,,10.85,,,,,2026-09-10,1.79,793.95,724.95,28.15,765.82,734.73,2.85,,,,
2026-09-10T22:49:38.235,TATACOMM,1764.4,,,1689.75,1876.37,,0.65,93.65,53.41,54.87,telecom-service,telecommunications - service provider,24.7,,0.12,-0.04,,,,,4.42,,,,,2026-09-10,-0.47,1718.63,1696.4,5.25,1681.45,1636.84,2.66,,,,
2026-09-10T22:49:38.235,JUBLPHARMA,1025.65,,,911.54,1196.81,,0.63,71.82,45.84,74.27,healthcare,pharmaceuticals - indian - bulk drugs,21.02,,0.14,-0.08,,,,,12.52,,,,,2026-09-10,0.65,987.74,901.2,9.61,959.48,911.36,-0.71,,,,
2026-09-10T22:49:38.235,CRISIL,4721.7,,,4719.29,4725.32,,0.33,39.88,38.79,58.31,financials,miscellaneous,30.67,,0.03,0.07,,,,,0.05,,,,,2026-09-10,0.66,4586.4,4603.1,0.94,4482.76,4361.46,-0.72,,,,
2026-09-10T22:49:38.235,JSWDULUX,3179.7,,,3136.02,3245.22,,0.34,45.4,7.38,59.62,building materials,paints / varnishes,30.57,,0.0,-0.02,,,,,1.39,,,,,2026-09-10,0.02,3098.37,3140.1,5.23,3063.2,2995.82,-1.63,,,,
2026-09-10T22:49:38.235,TEGA,1721.6,,,1566.96,1953.56,,5.48,-37.52,442.82,60.48,industrials,engineering,16.23,,-0.12,-0.14,,,,,9.87,,,,,2026-09-10,2.58,1658.16,1536.0,-4.81,1562.53,1502.23,-2.91,,,,
2026-09-10T22:49:38.235,SBICARD,666.3,,,645.02,698.22,,0.56,23.86,27.97,57.37,financials,finance & investments,20.84,,-0.14,-0.26,,,,,3.3,,,,,2026-09-10,-0.31,647.34,648.75,-12.93,629.63,606.83,-4.21,,,,
2026-09-10T22:49:38.235,IGL,153.46,,,149.01,160.13,,0.31,22.31,15.73,53.36,energy,miscellaneous,14.3,,-0.13,-0.23,,,,,2.99,,,,,2026-09-10,0.35,148.96,150.5,-12.97,146.75,142.72,-6.7,,,,
2026-09-10T22:49:38.235,PIRAMALFIN,2295.6,,,2253.31,2359.03,,0.97,NaN,0.0,63.83,n/a,indices,26.12,,0.18,0.36,,,,,1.88,,,,,2026-09-10,-0.65,2212.84,2201.6,30.89,2165.54,2088.4,NaN,,,,
2026-09-10T22:49:38.235,EMMVEE,342.65,,,321.71,374.06,,2.01,15.6,17.06,63.45,industrials,electric equipment,17.76,,0.52,0.8,,,,,6.51,,,,,2026-09-10,4.18,322.03,320.25,67.35,320.93,306.88,NaN,,,,
2026-09-10T22:49:38.235,PWL,126.73,,,118.77,138.67,,0.9,-117.34,1044.75,54.57,services,miscellaneous,15.5,,0.39,-0.07,,,,,6.7,,,,,2026-09-10,1.08,123.27,123.03,17.58,116.81,113.27,NaN,,,,
2026-09-10T22:49:38.235,MEESHO,217.91,,,210.51,229.0,,1.18,-194.56,-78.8,71.71,transportation,miscellaneous,25.86,,0.42,0.07,,,,,3.51,,,,,2026-09-10,0.56,208.26,205.75,38.86,203.14,194.87,NaN,,,,
2026-07-24T18:21:06.208,LAURUSLABS,1601.2,,,1561.53,1660.7,,1.24,77.43,95.22,66.27,healthcare,pharmaceuticals - indian - bulk drugs & formln,35.93,,0.47,0.58,,,,,2.54,,,,,2026-07-24,2.1,1523.8,1527.2,50.46,1523.76,1474.49,22.81,,,,
2026-07-24T18:21:06.208,ADANIENSOL,1702.2,,,1708.5,1692.74,,0.85,44.47,69.29,62.93,power & utilities,power generation and supply,40.84,,0.7,0.71,,,,,-0.37,,,,,2026-07-24,1.09,1635.42,1665.1,68.96,1591.07,1519.43,22.8,,,,
2026-07-24T18:21:06.208,FEDERALBNK,354.3,,,341.86,372.96,,0.28,17.4,18.63,74.02,bank,banks - private sector,40.94,,0.16,0.44,,,,,3.64,,,,,2026-07-24,-0.03,342.9,341.5,31.95,339.5,329.01,15.89,,,,
2026-07-24T18:21:06.208,DATAPATTNS,4584.5,,,4085.45,5333.08,,1.1,46.38,94.85,56.3,aerospace & defence,electronics - components,18.86,,0.84,0.69,,,,,12.22,,,,,2026-07-24,-0.28,4332.78,3899.0,75.32,4068.1,3764.59,15.11,,,,
2026-07-24T18:21:06.208,SONACOMS,717.95,,,707.36,733.84,,4.1,58.09,69.81,73.34,auto,auto ancillaries,54.21,,0.41,0.41,,,,,1.5,,,,,2026-07-24,-0.25,690.9,701.15,45.6,670.44,658.51,14.25,,,,
2026-07-24T18:21:06.208,HSCL,789.55,,,721.1,892.22,,0.35,43.38,48.76,69.3,chemicals,chemicals,29.13,,0.59,0.69,,,,,9.49,,,,,2026-07-24,1.53,753.42,741.1,63.53,717.19,665.97,14.18,,,,
2026-07-24T18:21:06.208,RADICO,4114.0,,,4135.11,4082.33,,1.0,76.7,90.02,63.74,fmcg,breweries & distilleries,42.23,,0.27,0.2,,,,,-0.51,,,,,2026-07-24,1.2,3958.12,4038.9,25.8,3934.69,3804.21,11.97,,,,
2026-07-24T18:21:06.208,KARURVYSYA,338.9,,,313.7,376.7,,0.78,10.83,11.86,67.9,bank,banks - private sector,17.62,,0.18,0.32,,,,,8.03,,,,,2026-07-24,0.59,324.67,296.15,34.44,312.69,294.13,11.93,,,,
2026-07-24T18:21:06.208,EMCURE,1883.0,,,1815.65,1984.03,,0.33,36.66,38.33,59.42,healthcare,pharmaceuticals - indian - bulk drugs & formln,27.25,,0.11,0.34,,,,,3.71,,,,,2026-07-24,0.72,1818.29,1776.5,36.55,1769.01,1692.53,9.45,,,,
2026-07-24T18:21:06.208,TITAN,4677.0,,,4667.73,4690.9,,0.58,88.05,82.14,66.96,consumer discretionary,diamond cutting / jewellery,34.91,,0.07,0.2,,,,,0.2,,,,,2026-07-24,-0.43,4512.02,4604.1,18.91,4545.69,4467.2,8.63,,,,
2026-07-24T18:21:06.208,LLOYDSME,1940.5,,,1849.71,2076.69,,1.1,18.12,27.66,64.79,metals & mining,mining / minerals / metals,23.79,,0.55,0.43,,,,,4.91,,,,,2026-07-24,0.51,1837.6,1855.1,43.48,1802.02,1707.67,8.48,,,,
2026-07-24T18:21:06.208,NUVAMA,1980.1,,,1908.49,2087.51,,6.36,33.47,11.27,66.56,financials,finance & investments,41.41,,0.32,0.31,,,,,3.75,,,,,2026-07-24,1.69,1882.68,1831.7,38.65,1813.42,1774.31,8.3,,,,
2026-07-24T18:21:06.208,FLUOROCHEM,4573.7,,,4260.41,5043.63,,0.67,115.26,87.57,80.06,chemicals,chemicals,38.42,,0.3,0.22,,,,,7.35,,,,,2026-07-24,-0.08,4380.6,4120.4,27.23,4281.57,4088.87,8.02,,,,
2026-07-24T18:21:06.208,MANAPPURAM,352.95,,,337.25,376.5,,0.92,18.5,30.05,65.1,financials,finance & investments,16.89,,0.08,0.26,,,,,4.66,,,,,2026-07-24,0.14,336.68,324.15,20.06,332.03,317.59,7.2,,,,
2026-07-24T18:21:06.208,HEG,643.15,,,585.44,729.72,,4.5,25.36,33.56,70.93,industrials,electrodes - graphites,32.27,,0.08,0.13,,,,,9.86,,,,,2026-07-24,3.09,595.84,582.7,21.51,574.72,534.25,5.13,,,,
2026-07-24T18:21:06.208,SIEMENS,3689.8,,,3533.31,3924.53,,0.52,88.7,84.32,57.81,industrials,electric equipment,24.02,,0.16,0.18,,,,,4.43,,,,,2026-07-24,0.1,3550.15,3617.0,17.52,3500.32,3380.01,4.8,,,,
2026-07-24T18:21:06.208,GRAPHITE,672.75,,,615.71,758.32,,3.59,-31.67,73.34,60.14,industrials,electrodes - graphites,21.58,,-0.03,0.13,,,,,9.26,,,,,2026-07-24,2.26,640.82,618.6,19.32,614.55,585.65,3.77,,,,
2026-07-24T18:21:06.208,EXIDEIND,443.0,,,435.63,454.06,,1.76,43.77,43.76,69.19,auto,auto ancillaries,41.27,,0.22,0.14,,,,,1.69,,,,,2026-07-24,0.74,426.35,433.7,21.02,417.41,403.37,3.73,,,,
2026-07-24T18:21:06.208,SHYAMMETL,1031.05,,,1021.53,1045.32,,0.2,20.46,25.83,58.73,metals & mining,steel - large,29.84,,0.18,0.16,,,,,0.93,,,,,2026-07-24,-0.84,990.14,1010.35,26.5,958.0,905.92,3.64,,,,
2026-07-24T18:21:06.208,INDIACEM,405.8,,,390.38,428.93,,0.58,116.61,136.98,59.13,building materials,cement - south india,18.91,,-0.19,0.04,,,,,3.95,,,,,2026-07-24,-0.59,389.75,383.15,-7.72,376.27,357.77,3.55,,,,
2026-07-24T18:21:06.208,DIVISLAB,7248.5,,,7233.07,7271.65,,0.83,64.01,75.5,63.62,healthcare,pharmaceuticals - indian - bulk drugs,39.49,,0.1,0.05,,,,,0.21,,,,,2026-07-24,-0.77,7033.46,7177.0,11.32,6963.43,6781.13,1.8,,,,
2026-07-24T18:21:06.208,UNITDSPR,1467.2,,,1392.07,1579.9,,3.95,56.26,53.47,69.79,fmcg,breweries & distilleries,18.37,,0.01,-0.01,,,,,5.4,,,,,2026-07-24,3.47,1382.29,1363.5,2.87,1389.36,1343.78,1.73,,,,
2026-07-24T18:21:06.208,PVRINOX,1063.95,,,1000.03,1159.83,,7.41,46.26,22.25,66.76,media,entertainment / electronic media software,20.69,,0.02,-0.11,,,,,6.39,,,,,2026-07-24,5.61,988.04,981.1,1.72,991.57,943.33,1.68,,,,
2026-07-24T18:21:06.208,AEGISVOPAK,292.64,,,289.18,297.83,,0.68,118.0,138.41,63.93,transportation,miscellaneous,49.06,,0.31,0.09,,,,,1.2,,,,,2026-07-24,-0.74,276.61,270.52,14.45,261.2,240.99,1.49,,,,
2026-07-24T18:21:06.208,SBILIFE,1858.6,,,1825.04,1908.93,,1.07,57.94,75.25,57.52,financials,finance & investments,19.25,,-0.15,-0.1,,,,,1.84,,,,,2026-07-24,0.28,1793.5,1797.0,-8.06,1769.97,1734.39,0.3,,,,
2026-07-24T18:21:06.208,ICICIBANK,1432.9,,,1433.72,1431.67,,0.72,16.63,18.3,61.67,bank,banks - private sector,32.55,,-0.02,0.03,,,,,-0.06,,,,,2026-07-24,-0.12,1387.09,1415.4,4.75,1382.31,1351.47,0.19,,,,
2026-07-24T18:21:06.208,TECHM,1559.5,,,1520.43,1618.1,,0.45,23.59,26.85,62.7,i.t,computers - software - large,17.51,,-0.15,0.09,,,,,2.57,,,,,2026-07-24,0.24,1500.48,1531.1,-5.28,1474.17,1430.46,-0.38,,,,
2026-07-24T18:21:06.208,PNB,110.38,,,106.1,116.8,,0.56,5.45,5.74,58.86,bank,banks - public sector,15.78,,-0.19,-0.13,,,,,4.03,,,,,2026-07-24,0.21,106.54,107.4,-8.24,105.73,102.5,-1.11,,,,
2026-07-24T18:21:06.208,HAL,4573.4,,,4471.96,4725.56,,0.48,18.22,33.69,61.62,aerospace & defence,engineering,14.01,,-0.03,-0.05,,,,,2.27,,,,,2026-07-24,-0.42,4428.62,4461.0,4.29,4408.97,4310.95,-1.43,,,,
2026-07-24T18:21:06.208,NUVOCO,356.05,,,347.0,369.63,,0.24,19.91,33.47,59.7,building materials,cement - north india,37.47,,-0.06,-0.1,,,,,2.61,,,,,2026-07-24,-1.6,343.98,343.95,-1.65,321.25,300.86,-1.55,,,,
2026-07-24T18:21:06.208,SPLPETRO,741.6,,,703.54,798.7,,1.93,20.67,41.98,57.58,energy,petrochemicals,14.76,,0.31,0.09,,,,,5.41,,,,,2026-07-24,0.84,720.3,685.0,14.86,684.36,656.59,-1.78,,,,
2026-07-24T18:21:06.208,COLPAL,2086.1,,,2042.38,2151.68,,0.49,40.15,42.8,55.14,fmcg,personal care - multinational,14.41,,-0.12,-0.07,,,,,2.14,,,,,2026-07-24,0.01,2023.7,2024.5,-1.04,1991.25,1937.81,-2.87,,,,
2026-07-24T18:21:06.208,SHREECEM,26740.0,,,26794.78,26657.82,,0.55,45.88,55.51,56.38,building materials,cement - north india,24.23,,-0.1,-0.06,,,,,-0.2,,,,,2026-07-24,-0.32,25896.5,26400.0,4.01,25586.06,24980.6,-3.17,,,,
2026-07-24T18:21:06.208,JKCEMENT,5649.0,,,5427.64,5981.04,,0.35,39.33,46.32,60.13,building materials,cement - north india,9.59,,-0.07,-0.03,,,,,4.08,,,,,2026-07-24,-0.34,5466.44,5249.0,4.32,5314.76,5086.08,-3.17,,,,
2026-07-24T18:21:06.208,DIXON,13846.0,,,14103.2,13460.21,,0.45,70.33,50.78,60.26,consumer discretionary,electronics - consumer,34.61,,0.21,-0.1,,,,,-1.82,,,,,2026-07-24,0.12,13314.28,13586.0,7.79,12955.68,12339.94,-3.22,,,,
2026-07-24T18:21:06.208,PPLPHARMA,181.27,,,175.79,189.5,,0.57,-647.39,-73.21,58.5,healthcare,pharmaceuticals - indian - bulk drugs & formln,27.11,,0.07,-0.12,,,,,3.12,,,,,2026-07-24,0.24,174.68,174.45,2.25,166.31,156.14,-3.28,,,,
2026-07-24T18:21:06.208,GLAXO,2514.3,,,2485.96,2556.81,,0.56,38.33,41.51,61.45,healthcare,pharmaceuticals - multinational,32.83,,-0.03,-0.06,,,,,1.14,,,,,2026-07-24,0.77,2405.9,2445.4,-0.36,2378.64,2288.4,-4.37,,,,
2026-07-24T18:21:06.208,HCLTECH,1271.0,,,1205.4,1369.4,,0.88,18.59,19.34,67.0,i.t,computers - software - large,23.28,,-0.31,-0.19,,,,,5.44,,,,,2026-07-24,2.11,1211.87,1200.1,-23.89,1206.62,1163.33,-4.59,,,,
2026-07-24T18:21:06.208,HAVELLS,1226.9,,,1183.61,1291.84,,0.98,66.25,46.46,60.22,consumer discretionary,electric equipment,11.24,,-0.14,-0.18,,,,,3.66,,,,,2026-07-24,1.41,1171.88,1165.6,-14.25,1162.79,1127.31,-4.71,,,,
2026-07-24T18:21:06.208,LTTS,3418.1,,,3283.58,3619.89,,0.5,25.42,27.1,55.62,i.t,computers - software - large,18.4,,-0.19,-0.19,,,,,4.1,,,,,2026-07-24,1.27,3270.75,3293.0,-26.18,3179.28,3030.06,-5.11,,,,
2026-07-24T18:21:06.208,UBL,1398.6,,,1352.25,1468.12,,1.06,90.82,89.48,59.29,fmcg,breweries & distilleries,19.8,,-0.11,-0.24,,,,,3.43,,,,,2026-07-24,0.06,1360.24,1339.3,-13.59,1322.62,1290.04,-7.0,,,,
2026-07-24T18:21:06.208,TCS,2254.3,,,2178.0,2368.76,,0.61,15.27,16.3,58.66,i.t,computers - software - large,17.23,,-0.34,-0.27,,,,,3.5,,,,,2026-07-24,0.51,2161.0,2193.6,-32.18,2146.08,2074.92,-7.28,,,,
2026-07-24T18:21:06.208,PIIND,2731.2,,,2575.92,2964.12,,0.61,51.73,31.5,55.22,chemicals,pesticides / agrochemicals - indian,19.9,,-0.21,-0.3,,,,,6.03,,,,,2026-07-24,-0.42,2649.23,2628.0,-16.38,2603.55,2549.91,-7.77,,,,
2026-07-24T18:21:06.208,MAPMYINDIA,1117.1,,,1136.54,1087.93,,0.56,30.09,44.14,62.16,i.t,computers - software - medium / small,33.76,,-0.24,-0.41,,,,,-1.71,,,,,2026-07-24,3.26,1051.54,1026.15,-34.9,978.92,893.18,-9.37,,,,
2026-07-24T18:21:06.208,LENSKART,555.9,,,543.96,573.81,,0.35,118.78,168.91,66.43,fmcg,personal care - indian,27.49,,0.16,NaN,,,,,2.2,,,,,2026-07-24,-0.27,534.39,536.0,19.06,525.92,507.29,NaN,,,,
2026-07-22T18:35:19.222,AEGISLOG,1351.3,,,1347.26,1357.35,,0.51,28.9,51.33,63.27,services,trading,52.9,,0.85,0.71,,,,,0.3,,,,,2026-07-22,2.88,1294.87,1265.8,85.24,1177.2,1063.33,20.29,,,,
2026-07-22T18:35:19.222,RRKABEL,2432.4,,,2256.53,2696.2,,2.05,40.95,53.88,60.57,industrials,cables - power,23.38,,0.59,0.65,,,,,7.79,,,,,2026-07-22,3.71,2328.48,2246.3,70.13,2225.83,2100.49,19.98,,,,
2026-07-22T18:35:19.222,CHENNPETRO,1307.8,,,1153.08,1539.88,,2.45,3.42,6.04,66.93,energy,refineries,24.07,,0.5,0.29,,,,,13.42,,,,,2026-07-22,3.95,1243.62,1168.1,46.8,1185.49,1100.95,19.52,,,,
2026-07-22T18:35:19.222,BHEL,416.45,,,401.6,438.73,,0.78,96.4,59.13,56.14,industrials,electric equipment,24.03,,0.53,0.51,,,,,3.7,,,,,2026-07-22,0.76,404.1,407.05,51.63,386.26,368.16,16.06,,,,
2026-07-22T18:35:19.222,SHRIRAMFIN,1058.8,,,1036.35,1092.47,,0.6,16.48,19.92,59.84,financials,finance & investments,16.39,,-0.01,0.29,,,,,2.17,,,,,2026-07-22,-0.25,1025.86,1018.0,21.85,1005.63,971.95,13.96,,,,
2026-07-22T18:35:19.222,RADICO,4147.5,,,4139.7,4159.2,,0.72,77.32,90.53,70.21,fmcg,breweries & distilleries,44.04,,0.39,0.25,,,,,0.19,,,,,2026-07-22,1.45,3990.56,4063.5,31.14,3977.01,3858.74,12.31,,,,
2026-07-22T18:35:19.222,M&MFIN,378.15,,,332.67,446.36,,12.26,14.19,14.95,76.27,financials,finance & investments,28.48,,-0.01,0.15,,,,,13.67,,,,,2026-07-22,8.09,353.88,317.6,3.56,339.82,317.42,9.59,,,,
2026-07-22T18:35:19.222,CCL,1205.0,,,1200.91,1211.14,,0.2,35.03,41.34,57.89,fmcg,tea,42.87,,0.17,0.31,,,,,0.34,,,,,2026-07-22,-0.02,1172.18,1177.8,21.71,1148.41,1114.67,9.5,,,,
2026-07-22T18:35:19.222,TITAN,4711.6,,,4636.18,4824.74,,1.04,88.7,81.98,71.9,consumer discretionary,diamond cutting / jewellery,33.61,,0.07,0.19,,,,,1.63,,,,,2026-07-22,0.49,4581.5,4580.0,20.23,4583.85,4509.43,9.11,,,,
2026-07-22T18:35:19.222,CARTRADE,2809.7,,,2783.36,2849.21,,0.29,52.03,58.26,61.16,consumer discretionary,miscellaneous,59.84,,0.03,-0.07,,,,,0.95,,,,,2026-07-22,3.07,2675.4,2653.3,4.54,2566.56,2399.51,9.05,,,,
2026-07-22T18:35:19.222,TVSMOTOR,3907.6,,,3642.39,4305.42,,2.61,45.52,52.56,70.21,auto,automobiles - motorcycles / mopeds,21.01,,-0.0,0.09,,,,,7.28,,,,,2026-07-22,3.05,3751.44,3549.9,8.8,3666.33,3542.77,8.41,,,,
2026-07-22T18:35:19.222,BAJAJ-AUTO,10998.5,,,10238.51,12138.48,,3.47,23.81,24.71,70.75,auto,automobiles - scooters and 3 - wheelers,23.24,,0.1,0.22,,,,,7.42,,,,,2026-07-22,5.72,10363.5,10278.0,24.55,10447.75,10067.18,8.19,,,,
2026-07-22T18:35:19.222,INDUSINDBK,1069.3,,,1028.85,1129.98,,2.27,35.04,93.2,73.36,bank,banks - private sector,37.64,,0.09,0.31,,,,,3.93,,,,,2026-07-22,0.55,1034.54,1005.55,28.15,1020.2,991.92,6.53,,,,
2026-07-22T18:35:19.222,NESTLEIND,1493.6,,,1436.61,1579.08,,3.2,64.71,67.5,66.18,fmcg,food - processing - mnc,16.38,,0.06,0.14,,,,,3.97,,,,,2026-07-22,2.87,1424.92,1405.1,21.16,1429.6,1398.01,6.19,,,,
2026-07-22T18:35:19.222,APOLLOHOSP,8938.0,,,8883.37,9019.95,,0.41,60.69,66.1,65.25,healthcare,healthcare,29.18,,0.19,0.11,,,,,0.62,,,,,2026-07-22,0.13,8689.66,8771.5,29.2,8690.18,8511.81,5.6,,,,
2026-07-22T18:35:19.222,3MINDIA,35800.0,,,35568.02,36147.96,,1.14,46.82,75.85,61.2,miscellaneous,diversified - large,16.33,,-0.01,-0.04,,,,,0.65,,,,,2026-07-22,1.79,34329.4,34710.0,2.24,33997.51,32820.64,5.09,,,,
2026-07-22T18:35:19.222,JSWSTEEL,1266.9,,,1216.55,1342.43,,2.27,16.63,12.48,55.95,metals & mining,steel - large,14.19,,0.01,0.04,,,,,4.14,,,,,2026-07-22,-0.04,1236.47,1218.0,17.09,1220.51,1198.12,4.86,,,,
2026-07-22T18:35:19.222,BIOCON,437.95,,,422.72,460.79,,1.13,138.59,157.81,59.72,healthcare,pharmaceuticals - indian - bulk drugs & formln,20.85,,0.1,0.11,,,,,3.6,,,,,2026-07-22,-0.53,417.82,426.35,11.73,412.17,396.38,4.28,,,,
2026-07-22T18:35:19.222,EXIDEIND,447.85,,,429.51,475.35,,1.12,44.25,44.12,75.93,auto,auto ancillaries,39.12,,0.25,0.14,,,,,4.27,,,,,2026-07-22,0.99,426.79,418.25,24.79,423.0,409.3,4.27,,,,
2026-07-22T18:35:19.222,SUNPHARMA,1944.0,,,1943.72,1944.42,,0.72,43.01,41.04,61.84,healthcare,pharmaceuticals - indian - bulk drugs & formln,32.19,,0.11,0.11,,,,,0.01,,,,,2026-07-22,-0.91,1886.7,1922.5,11.4,1883.36,1845.68,3.98,,,,
2026-07-22T18:35:19.222,INDIACEM,409.65,,,383.47,448.92,,2.67,117.72,135.97,61.84,building materials,cement - south india,17.58,,-0.18,-0.01,,,,,6.83,,,,,2026-07-22,1.1,388.18,383.15,-4.87,376.23,357.91,3.83,,,,
2026-07-22T18:35:19.222,AEGISVOPAK,295.66,,,285.0,311.65,,2.3,119.22,135.42,65.78,transportation,miscellaneous,48.58,,0.34,0.04,,,,,3.74,,,,,2026-07-22,2.5,276.68,262.4,13.81,260.97,241.19,3.57,,,,
2026-07-22T18:35:19.222,GRASIM,3166.3,,,3107.88,3253.93,,0.49,27.42,43.43,54.73,textiles,textiles - manmade,13.28,,0.08,0.06,,,,,1.88,,,,,2026-07-22,-0.43,3083.67,3060.0,12.79,3053.53,2979.75,3.46,,,,
2026-07-22T18:35:19.222,THELEELA,496.0,,,488.34,507.48,,0.97,12.68,28.74,60.25,services,hotels,29.43,,0.09,0.09,,,,,1.57,,,,,2026-07-22,1.71,475.2,474.95,20.09,465.81,445.17,3.39,,,,
2026-07-22T18:35:19.222,DIVISLAB,7386.5,,,7122.11,7783.09,,0.93,65.23,75.76,73.6,healthcare,pharmaceuticals - indian - bulk drugs,39.13,,0.13,0.05,,,,,3.71,,,,,2026-07-22,0.77,7075.11,7200.0,15.78,7082.83,6866.57,2.48,,,,
2026-07-22T18:35:19.222,BALRAMCHIN,624.75,,,591.27,674.97,,0.62,19.77,32.97,71.82,fmcg,sugar,40.54,,0.4,0.34,,,,,5.66,,,,,2026-07-22,1.12,598.78,588.1,38.6,583.04,557.4,2.31,,,,
2026-07-22T18:35:19.222,KALYANKJIL,596.1,,,532.58,691.38,,1.43,37.54,44.11,84.13,consumer discretionary,diamond cutting / jewellery,36.46,,0.22,0.1,,,,,11.93,,,,,2026-07-22,3.31,564.48,532.5,26.76,539.55,502.54,1.76,,,,
2026-07-22T18:35:19.222,ECLERX,1946.9,,,1757.07,2231.65,,0.89,23.78,14.75,73.73,i.t,computers - software - medium / small,37.15,,-0.17,-0.21,,,,,10.8,,,,,2026-07-22,1.19,1827.9,1698.1,-12.85,1713.33,1565.65,1.5,,,,
2026-07-22T18:35:19.222,UNITDSPR,1404.2,,,1389.46,1426.32,,0.73,46.25,53.76,59.65,fmcg,breweries & distilleries,15.48,,-0.02,-0.07,,,,,1.06,,,,,2026-07-22,0.96,1348.19,1351.0,0.93,1343.62,1301.79,0.95,,,,
2026-07-22T18:35:19.222,ONGC,251.9,,,244.1,263.6,,0.65,7.32,7.59,55.33,energy,oil drilling / allied services,25.93,,-0.04,-0.04,,,,,3.2,,,,,2026-07-22,0.8,245.13,245.6,8.62,244.5,239.82,0.72,,,,
2026-07-22T18:35:19.222,MEDANTA,1353.4,,,1329.45,1389.32,,1.95,63.13,64.83,62.28,healthcare,healthcare,25.58,,0.16,0.05,,,,,1.8,,,,,2026-07-22,0.8,1296.25,1305.0,17.44,1286.46,1259.86,0.61,,,,
2026-07-22T18:35:19.222,OIL,451.15,,,430.71,481.81,,0.52,8.74,10.94,58.03,energy,oil drilling / allied services,21.94,,-0.03,0.01,,,,,4.74,,,,,2026-07-22,1.35,437.13,427.25,13.0,429.6,415.39,0.57,,,,
2026-07-22T18:35:19.222,BHARTIARTL,1949.0,,,1918.36,1994.96,,0.78,38.89,42.4,60.59,telecom-service,telecommunications - service provider,23.49,,-0.1,-0.11,,,,,1.6,,,,,2026-07-22,0.03,1900.71,1901.2,-6.84,1891.91,1856.09,0.29,,,,
2026-07-22T18:35:19.222,BRITANNIA,5485.5,,,5368.51,5660.98,,0.5,48.7,52.12,62.53,fmcg,food - processing - mnc,14.67,,-0.14,-0.1,,,,,2.18,,,,,2026-07-22,0.06,5334.63,5294.0,-9.19,5307.84,5218.1,-1.31,,,,
2026-07-22T18:35:19.222,RECLTD,360.65,,,350.16,376.39,,0.41,7.11,5.86,54.93,financials,finance - term-lending institutions,14.99,,-0.07,-0.06,,,,,3.0,,,,,2026-07-22,-0.39,350.25,347.4,7.12,345.65,335.74,-2.06,,,,
2026-07-22T18:35:19.222,NHPC,80.28,,,79.21,81.88,,0.34,13.84,21.42,56.59,power & utilities,power generation and supply,21.75,,-0.05,-0.08,,,,,1.34,,,,,2026-07-22,-0.04,78.11,78.4,8.0,76.89,74.73,-2.17,,,,
2026-07-22T18:35:19.222,COLPAL,2107.1,,,2027.72,2226.17,,0.6,40.55,42.95,58.63,fmcg,personal care - multinational,14.17,,-0.08,-0.07,,,,,3.91,,,,,2026-07-22,0.68,2023.99,1986.3,0.86,2006.22,1938.26,-2.45,,,,
2026-07-22T18:35:19.222,ESCORTS,2948.4,,,2927.04,2980.44,,0.36,25.3,13.58,52.51,auto,automobiles - tractors,20.89,,-0.23,-0.26,,,,,0.73,,,,,2026-07-22,-0.26,2876.4,2910.0,-18.96,2818.19,2752.03,-2.87,,,,
2026-07-22T18:35:19.222,JKCEMENT,5762.0,,,5368.74,6351.89,,1.7,40.11,46.24,67.07,building materials,cement - north india,9.93,,-0.1,-0.04,,,,,7.33,,,,,2026-07-22,1.84,5468.4,5249.0,5.76,5378.37,5118.64,-2.87,,,,
2026-07-22T18:35:19.222,CASTROLIND,185.78,,,182.83,190.2,,1.37,18.96,18.95,60.65,chemicals,chemicals,27.06,,-0.06,-0.07,,,,,1.61,,,,,2026-07-22,0.54,180.91,183.52,1.64,182.87,181.26,-3.58,,,,
2026-07-22T18:35:19.222,GLAXO,2552.8,,,2476.62,2667.07,,0.88,38.91,41.7,68.96,healthcare,pharmaceuticals - multinational,32.34,,0.04,-0.07,,,,,3.08,,,,,2026-07-22,1.84,2412.96,2430.0,-0.04,2424.16,2337.68,-4.22,,,,
2026-07-22T18:35:19.222,CRISIL,4495.2,,,4100.84,5086.75,,7.63,35.23,37.48,73.5,financials,miscellaneous,26.46,,-0.13,-0.09,,,,,9.62,,,,,2026-07-22,4.48,4170.88,4175.7,3.83,4221.44,4060.93,-5.12,,,,
2026-07-22T18:35:19.222,GILLETTE,7919.5,,,7736.46,8194.06,,0.69,37.41,41.52,58.15,fmcg,personal care - multinational,13.78,,-0.08,-0.13,,,,,2.37,,,,,2026-07-22,0.17,7653.8,7710.5,-0.94,7664.62,7478.95,-5.84,,,,
2026-07-22T18:35:19.222,UBL,1431.0,,,1337.49,1571.26,,2.04,92.92,89.91,69.24,fmcg,breweries & distilleries,17.03,,-0.09,-0.24,,,,,6.99,,,,,2026-07-22,1.89,1372.98,1334.0,-9.89,1360.88,1318.28,-6.18,,,,
2026-07-22T18:35:19.222,LENSKART,559.35,,,539.51,589.11,,0.76,119.52,166.38,69.75,fmcg,personal care - indian,24.94,,0.2,NaN,,,,,3.68,,,,,2026-07-22,1.88,535.47,530.0,36.58,528.3,507.42,NaN,,,,
2026-04-07T12:37:58.777,SEAMECLTD,,,,,,,,,,,miscellaneous,miscellaneous,,,,,,,,,,,,,,2026-04-07,,,,,,,,0.7,9.82,14.64,1067.52
2026-04-07T12:37:58.777,NATCOPHARM,,,,,,,,,,,healthcare,pharmaceuticals - indian - bulk drugs & formln,,,,,,,,,,,,,,2026-04-07,,,,,,,,0.84,10.07,12.15,9663.24
2026-04-07T12:37:58.777,DCI,,,,,,,,,,,services,trading,,,,,,,,,,,,,,2026-04-07,,,,,,,,0.93,25.01,35.83,240.41
2026-04-07T12:37:58.777,BLISSGVS,,,,,,,,,,,healthcare,pharmaceuticals - indian - formulations,,,,,,,,,,,,,,2026-04-07,,,,,,,,1.63,11.21,14.42,1648.07
2026-04-07T12:37:58.777,CCL,,,,,,,,,,,fmcg,tea,,,,,,,,,,,,,,2026-04-07,,,,,,,,1.73,12.36,13.22,8200.35
2026-04-07T12:37:58.777,GRANULES,,,,,,,,,,,healthcare,pharmaceuticals - indian - bulk drugs & formln,,,,,,,,,,,,,,2026-04-07,,,,,,,,2.3,7.77,7.77,9413.44
2026-04-07T12:37:58.777,SBC,,,,,,,,,,,textiles,textiles - products,,,,,,,,,,,,,,2026-04-07,,,,,,,,2.37,9.2,11.24,758.22
2026-04-07T12:37:58.777,GPIL,,,,,,,,,,,metals & mining,steel - medium / small,,,,,,,,,,,,,,2026-04-07,,,,,,,,2.76,6.49,6.69,6896.02
2026-04-07T12:37:58.777,GAEL,,,,,,,,,,,fmcg,miscellaneous,,,,,,,,,,,,,,2026-04-07,,,,,,,,2.84,10.42,14.0,2402.42
2026-04-07T12:37:58.777,MTARTECH,,,,,,,,,,,aerospace & defence,engineering,,,,,,,,,,,,,,2026-04-07,,,,,,,,3.76,9.82,12.93,8053.98
2026-04-07T12:37:58.777,AEROFLEX,,,,,,,,,,,metals & mining,steel - medium / small,,,,,,,,,,,,,,2026-04-07,,,,,,,,6.27,7.36,10.41,1056.17
2026-04-07T12:37:58.777,SKYGOLD,,,,,,,,,,,consumer discretionary,diamond cutting / jewellery,,,,,,,,,,,,,,2026-04-07,,,,,,,,6.67,17.25,22.21,2796.49
2026-04-07T12:37:58.777,EMCURE,,,,,,,,,,,healthcare,pharmaceuticals - indian - bulk drugs & formln,,,,,,,,,,,,,,2026-04-07,,,,,,,,6.82,8.82,14.21,6534.09
2026-04-07T12:37:58.777,THANGAMAYL,,,,,,,,,,,consumer discretionary,diamond cutting / jewellery,,,,,,,,,,,,,,2026-04-07,,,,,,,,7.35,14.35,16.36,4592.93
2026-04-07T12:37:58.777,GMDCLTD,,,,,,,,,,,metals & mining,mining / minerals / metals,,,,,,,,,,,,,,2026-04-07,,,,,,,,8.06,8.29,11.67,4948.4
2026-04-07T12:37:58.777,HONASA,,,,,,,,,,,services,trading,,,,,,,,,,,,,,2026-04-07,,,,,,,,8.57,4.98,7.46,6408.04
2026-04-07T12:37:58.777,CEIGALL,,,,,,,,,,,realty,construction,,,,,,,,,,,,,,2026-04-07,,,,,,,,8.57,4.68,7.79,879.91
2026-04-07T12:37:58.777,ROSSTECH,,,,,,,,,,,aerospace & defence,engineering,,,,,,,,,,,,,,2026-04-07,,,,,,,,8.8,12.12,16.08,727.61
2026-04-07T12:37:58.777,STYLAMIND,,,,,,,,,,,building materials,miscellaneous,,,,,,,,,,,,,,2026-04-07,,,,,,,,8.81,3.1,3.37,1795.51
2026-04-07T12:37:58.777,SMSPHARMA,,,,,,,,,,,healthcare,pharmaceuticals - indian - bulk drugs,,,,,,,,,,,,,,2026-04-07,,,,,,,,8.85,7.14,9.36,1182.82
2026-04-07T12:37:58.777,ANTELOPUS,,,,,,,,,,,energy,oil drilling / allied services,,,,,,,,,,,,,,2026-04-07,,,,,,,,9.56,24.44,32.83,734.1
2026-04-07T12:37:58.777,GRMOVER,,,,,,,,,,,fmcg,food - processing - indian,,,,,,,,,,,,,,2026-04-07,,,,,,,,9.99,9.97,11.0,974.94
2026-04-07T12:37:58.777,UNIPARTS,,,,,,,,,,,industrials,engineering,,,,,,,,,,,,,,2026-04-07,,,,,,,,10.05,10.1,13.15,753.29
2026-04-07T12:37:58.777,SCHNEIDER,,,,,,,,,,,industrials,electric equipment,,,,,,,,,,,,,,2026-04-07,,,,,,,,10.93,12.3,13.45,5601.31
2026-04-07T12:37:58.777,ABSLAMC,,,,,,,,,,,financials,finance & investments,,,,,,,,,,,,,,2026-04-07,,,,,,,,10.96,9.85,10.52,6774.9
2026-04-07T12:37:58.777,SHRIPISTON,,,,,,,,,,,auto,auto ancillaries,,,,,,,,,,,,,,2026-04-07,,,,,,,,11.82,5.39,7.2,7443.92
2026-04-07T12:37:58.777,GODAVARIB,,,,,,,,,,,fmcg,sugar,,,,,,,,,,,,,,2026-04-07,,,,,,,,12.52,3.92,9.78,572.76
2026-04-07T12:37:58.777,WHEELS,,,,,,,,,,,auto,auto ancillaries,,,,,,,,,,,,,,2026-04-07,,,,,,,,12.71,8.45,16.14,986.0
2026-04-07T12:37:58.777,DYNAMATECH,,,,,,,,,,,industrials,engineering,,,,,,,,,,,,,,2026-04-07,,,,,,,,12.72,6.66,10.57,3773.29
2026-04-07T12:37:58.777,PRIVISCL,,,,,,,,,,,chemicals,chemicals,,,,,,,,,,,,,,2026-04-07,,,,,,,,12.73,5.17,5.17,4621.07
2026-04-07T12:37:58.777,IMFA,,,,,,,,,,,metals & mining,mining / minerals / metals,,,,,,,,,,,,,,2026-04-07,,,,,,,,12.74,11.64,12.24,2938.32
2026-04-07T12:37:58.777,KMEW,,,,,,,,,,,transportation,miscellaneous,,,,,,,,,,,,,,2026-04-07,,,,,,,,13.2,14.3,18.68,1927.51
2026-04-07T12:37:58.777,SILGO,,,,,,,,,,,consumer discretionary,diamond cutting / jewellery,,,,,,,,,,,,,,2026-04-07,,,,,,,,14.57,8.07,11.78,87.23
2026-04-07T12:37:58.777,JAYNECOIND,,,,,,,,,,,metals & mining,steel - large,,,,,,,,,,,,,,2026-04-07,,,,,,,,15.38,11.72,13.92,3475.12
2026-04-07T12:37:58.777,RISHABH,,,,,,,,,,,industrials,electric equipment,,,,,,,,,,,,,,2026-04-07,,,,,,,,16.29,18.74,20.69,478.62
2026-04-07T12:37:58.777,DOLPHIN,,,,,,,,,,,energy,oil drilling / allied services,,,,,,,,,,,,,,2026-04-07,,,,,,,,16.61,7.96,9.86,418.79
2026-04-07T12:37:58.777,JINDALPOLY,,,,,,,,,,,textiles,textiles - products,,,,,,,,,,,,,,2026-04-07,,,,,,,,17.05,16.55,20.97,948.97
2026-04-07T12:37:58.777,PRECWIRE,,,,,,,,,,,metals & mining,mining / minerals / metals,,,,,,,,,,,,,,2026-04-07,,,,,,,,17.24,5.32,7.51,2337.3
2026-04-07T12:37:58.777,CUPID,,,,,,,,,,,fmcg,personal care - indian,,,,,,,,,,,,,,2026-04-07,,,,,,,,17.44,6.0,8.56,6324.0
2026-04-07T12:37:58.777,MEDPLUS,,,,,,,,,,,consumer discretionary,trading,,,,,,,,,,,,,,2026-04-07,,,,,,,,19.8,4.64,5.77,5997.36
2026-04-07T12:37:58.777,APEX,,,,,,,,,,,fmcg,aquaculture,,,,,,,,,,,,,,2026-04-07,,,,,,,,21.08,10.36,12.13,329.49
2026-04-07T12:37:58.777,GMBREW,,,,,,,,,,,fmcg,breweries & distilleries,,,,,,,,,,,,,,2026-04-07,,,,,,,,21.67,7.34,10.21,608.04
2026-04-07T12:37:58.777,AVALON,,,,,,,,,,,consumer discretionary,electronics - components,,,,,,,,,,,,,,2026-04-07,,,,,,,,25.04,8.88,8.88,3665.4
2026-04-07T12:37:58.777,KESORAMIND,,,,,,,,,,,miscellaneous,miscellaneous,,,,,,,,,,,,,,2026-04-07,,,,,,,,25.68,29.99,33.16,182.35
2026-04-07T12:37:58.777,SWANDEF,,,,,,,,,,,transportation,miscellaneous,,,,,,,,,,,,,,2026-04-07,,,,,,,,28.89,19.0,19.0,941.8
2026-03-30T12:32:35.649,GRANULES,,,,,,,,,,,healthcare,pharmaceuticals - indian - bulk drugs & formln,,,,,,,,,,,,,,2026-03-30,,,,,,,,2.52,5.19,12.92,9262.0
2026-03-30T12:32:35.649,SEAMECLTD,,,,,,,,,,,miscellaneous,miscellaneous,,,,,,,,,,,,,,2026-03-30,,,,,,,,3.5,8.28,12.43,979.85
2026-03-30T12:32:35.649,DBOL,,,,,,,,,,,fmcg,sugar,,,,,,,,,,,,,,2026-03-30,,,,,,,,3.78,21.14,24.97,374.23
2026-03-30T12:32:35.649,EMCURE,,,,,,,,,,,healthcare,pharmaceuticals - indian - bulk drugs & formln,,,,,,,,,,,,,,2026-03-30,,,,,,,,4.4,8.27,15.79,6703.97
2026-03-30T12:32:35.649,MBAPL,,,,,,,,,,,chemicals,fertilizers,,,,,,,,,,,,,,2026-03-30,,,,,,,,4.66,5.48,9.51,1032.21
2026-03-30T12:32:35.649,NATCOPHARM,,,,,,,,,,,healthcare,pharmaceuticals - indian - bulk drugs & formln,,,,,,,,,,,,,,2026-03-30,,,,,,,,5.64,5.53,9.02,9041.19
2026-03-30T12:32:35.649,GPIL,,,,,,,,,,,metals & mining,steel - medium / small,,,,,,,,,,,,,,2026-03-30,,,,,,,,5.81,6.41,12.46,6679.6
2026-03-30T12:32:35.649,KTKBANK,,,,,,,,,,,bank,banks - private sector,,,,,,,,,,,,,,2026-03-30,,,,,,,,6.05,5.33,9.04,8488.87
2026-03-30T12:32:35.649,CCL,,,,,,,,,,,fmcg,tea,,,,,,,,,,,,,,2026-03-30,,,,,,,,6.4,8.25,8.25,7467.81
2026-03-30T12:32:35.649,WHEELS,,,,,,,,,,,auto,auto ancillaries,,,,,,,,,,,,,,2026-03-30,,,,,,,,7.12,8.72,14.09,1049.21
2026-03-30T12:32:35.649,VTL,,,,,,,,,,,textiles,textiles - cotton/blended,,,,,,,,,,,,,,2026-03-30,,,,,,,,7.72,6.3,8.9,5313.83
2026-03-30T12:32:35.649,STEELCAS,,,,,,,,,,,industrials,castings & forgings,,,,,,,,,,,,,,2026-03-30,,,,,,,,9.06,12.34,12.42,1294.76
2026-03-30T12:32:35.649,SOUTHWEST,,,,,,,,,,,metals & mining,mining / minerals / metals,,,,,,,,,,,,,,2026-03-30,,,,,,,,9.83,13.13,17.84,202.73
2026-03-30T12:32:35.649,PREMIERPOL,,,,,,,,,,,plastic products,plastics products,,,,,,,,,,,,,,2026-03-30,,,,,,,,9.97,11.69,16.36,215.64
2026-03-30T12:32:35.649,AETHER,,,,,,,,,,,chemicals,chemicals,,,,,,,,,,,,,,2026-03-30,,,,,,,,10.55,8.47,16.03,3707.0
2026-03-30T12:32:35.649,CHENNPETRO,,,,,,,,,,,energy,refineries,,,,,,,,,,,,,,2026-03-30,,,,,,,,10.71,10.25,16.65,4797.77
2026-03-30T12:32:35.649,SANSERA,,,,,,,,,,,auto,auto ancillaries,,,,,,,,,,,,,,2026-03-30,,,,,,,,11.47,6.6,9.79,9215.86
2026-03-30T12:32:35.649,GMDCLTD,,,,,,,,,,,metals & mining,mining / minerals / metals,,,,,,,,,,,,,,2026-03-30,,,,,,,,11.67,7.75,7.75,4754.1
2026-03-30T12:32:35.649,SHRIPISTON,,,,,,,,,,,auto,auto ancillaries,,,,,,,,,,,,,,2026-03-30,,,,,,,,11.92,5.92,8.82,7435.74
2026-03-30T12:32:35.649,HONASA,,,,,,,,,,,services,trading,,,,,,,,,,,,,,2026-03-30,,,,,,,,12.03,5.42,8.17,6165.81
2026-03-30T12:32:35.649,INDSWFTLAB,,,,,,,,,,,healthcare,pharmaceuticals - indian - bulk drugs & formln,,,,,,,,,,,,,,2026-03-30,,,,,,,,12.06,15.77,15.77,659.93
2026-03-30T12:32:35.649,SAKAR,,,,,,,,,,,healthcare,pharmaceuticals - indian - bulk drugs & formln,,,,,,,,,,,,,,2026-03-30,,,,,,,,12.37,10.91,10.91,531.21
2026-03-30T12:32:35.649,SMSPHARMA,,,,,,,,,,,healthcare,pharmaceuticals - indian - bulk drugs,,,,,,,,,,,,,,2026-03-30,,,,,,,,12.48,11.54,13.31,1135.72
2026-03-30T12:32:35.649,MANOMAY,,,,,,,,,,,textiles,textiles - products,,,,,,,,,,,,,,2026-03-30,,,,,,,,12.65,12.67,21.14,174.92
2026-03-30T12:32:35.649,AGIIL,,,,,,,,,,,realty,construction,,,,,,,,,,,,,,2026-03-30,,,,,,,,12.78,16.35,16.35,1009.04
2026-03-30T12:32:35.649,STLTECH,,,,,,,,,,,industrials,cables - telephone,,,,,,,,,,,,,,2026-03-30,,,,,,,,12.8,10.37,16.34,4864.49
2026-03-30T12:32:35.649,BAJAJCON,,,,,,,,,,,fmcg,personal care - indian,,,,,,,,,,,,,,2026-03-30,,,,,,,,12.91,8.26,8.26,2651.59
2026-03-30T12:32:35.649,MTARTECH,,,,,,,,,,,aerospace & defence,engineering,,,,,,,,,,,,,,2026-03-30,,,,,,,,13.08,10.4,11.55,7273.9
2026-03-30T12:32:35.649,SYRMA,,,,,,,,,,,consumer discretionary,electronics - components,,,,,,,,,,,,,,2026-03-30,,,,,,,,13.66,7.26,14.37,8677.62
2026-03-30T12:32:35.649,J&KBANK,,,,,,,,,,,bank,banks - private sector,,,,,,,,,,,,,,2026-03-30,,,,,,,,13.72,8.12,10.83,4955.93
2026-03-30T12:32:35.649,VOLTAMP,,,,,,,,,,,industrials,electric equipment,,,,,,,,,,,,,,2026-03-30,,,,,,,,14.43,6.42,6.42,6113.49
2026-03-30T12:32:35.649,GODAVARIB,,,,,,,,,,,fmcg,sugar,,,,,,,,,,,,,,2026-03-30,,,,,,,,14.44,9.68,9.68,560.18
2026-03-30T12:32:35.649,CIEINDIA,,,,,,,,,,,industrials,castings & forgings,,,,,,,,,,,,,,2026-03-30,,,,,,,,14.49,5.75,6.92,5852.95
2026-03-30T12:32:35.649,PRIVISCL,,,,,,,,,,,chemicals,chemicals,,,,,,,,,,,,,,2026-03-30,,,,,,,,14.9,5.05,7.39,4505.94
2026-03-30T12:32:35.649,DATAPATTNS,,,,,,,,,,,aerospace & defence,electronics - components,,,,,,,,,,,,,,2026-03-30,,,,,,,,15.52,10.29,10.93,9831.43
2026-03-30T12:32:35.649,LINCOLN,,,,,,,,,,,healthcare,pharmaceuticals - indian - formulations,,,,,,,,,,,,,,2026-03-30,,,,,,,,15.7,9.72,9.72,574.11
2026-03-30T12:32:35.649,ABSLAMC,,,,,,,,,,,financials,finance & investments,,,,,,,,,,,,,,2026-03-30,,,,,,,,16.69,9.21,9.21,6338.68
2026-03-30T12:32:35.649,NITINSPIN,,,,,,,,,,,textiles,textiles - cotton/blended,,,,,,,,,,,,,,2026-03-30,,,,,,,,17.06,10.09,10.09,861.57
2026-03-30T12:32:35.649,PRECWIRE,,,,,,,,,,,metals & mining,mining / minerals / metals,,,,,,,,,,,,,,2026-03-30,,,,,,,,17.21,9.1,10.33,2338.09
2026-03-30T12:32:35.649,TRIVENI,,,,,,,,,,,fmcg,sugar,,,,,,,,,,,,,,2026-03-30,,,,,,,,18.65,12.78,24.47,3252.29
2026-03-30T12:32:35.649,HEG,,,,,,,,,,,industrials,electrodes - graphites,,,,,,,,,,,,,,2026-03-30,,,,,,,,19.38,19.76,25.32,4586.74
2026-03-30T12:32:35.649,AVANTIFEED,,,,,,,,,,,fmcg,food - processing - indian,,,,,,,,,,,,,,2026-03-30,,,,,,,,20.49,8.5,15.4,9157.52
2026-03-30T12:32:35.649,CUPID,,,,,,,,,,,fmcg,personal care - indian,,,,,,,,,,,,,,2026-03-30,,,,,,,,20.53,8.23,12.66,6087.05
2026-03-30T12:32:35.649,APEX,,,,,,,,,,,fmcg,aquaculture,,,,,,,,,,,,,,2026-03-30,,,,,,,,24.61,11.46,16.3,314.73
2026-03-30T12:32:35.649,ANTELOPUS,,,,,,,,,,,energy,oil drilling / allied services,,,,,,,,,,,,,,2026-03-30,,,,,,,,25.82,13.08,14.09,602.14
2026-03-25T11:13:49.427,GMDCLTD,584.65,,,531.86,663.83,,0.27,34.97,18.46,56.68,metals & mining,mining / minerals / metals,13.2,,-0.11,0.49,,,,,9.92,,,,,2026-03-25,1.86,567.52,531.65,42.96,532.29,498.31,26.37,,,,
2026-03-25T11:13:49.427,POWERINDIA,25565.0,,,24551.92,27084.62,,0.32,108.97,131.27,61.69,industrials,electric equipment,28.13,,0.23,0.33,,,,,4.13,,,,,2026-03-25,2.16,24740.1,23970.0,29.25,23711.67,22546.68,25.15,,,,
2026-03-25T11:13:49.427,CCL,1083.3,,,1037.83,1151.5,,0.37,35.97,38.33,60.95,fmcg,tea,17.31,,0.11,0.18,,,,,4.38,,,,,2026-03-25,0.23,1054.28,1029.6,24.88,1005.37,972.42,20.6,,,,
2026-03-25T11:13:49.427,DATAPATTNS,3281.6,,,3241.74,3341.39,,0.41,78.73,73.36,56.17,aerospace & defence,electronics - components,27.7,,0.1,0.11,,,,,1.23,,,,,2026-03-25,1.35,3177.36,3012.6,30.97,2944.05,2751.28,18.84,,,,
2026-03-25T11:13:49.427,CHENNPETRO,1024.2,,,984.93,1083.1,,0.51,3.81,6.91,57.38,energy,refineries,23.55,,0.25,0.38,,,,,3.99,,,,,2026-03-25,2.63,973.14,943.9,57.7,876.11,775.24,17.9,,,,
2026-03-25T11:13:49.427,APARINDS,10154.0,,,9181.31,11613.03,,0.27,48.81,40.68,57.37,industrials,electric equipment,24.89,,0.07,0.13,,,,,10.59,,,,,2026-03-25,2.99,9661.82,9315.0,28.84,9326.11,8728.2,16.35,,,,
2026-03-25T11:13:49.427,EMCURE,1593.6,,,1473.03,1774.46,,1.63,32.76,33.54,61.57,healthcare,pharmaceuticals - indian - bulk drugs & formln,13.32,,0.11,0.19,,,,,8.19,,,,,2026-03-25,3.5,1513.22,1443.8,8.51,1463.57,1394.15,15.12,,,,
2026-03-25T11:13:49.427,AIIL,522.55,,,452.54,627.56,,0.4,13.74,2.31,59.22,financials,finance & investments,23.72,,-0.2,-0.04,,,,,15.47,,,,,2026-03-25,5.91,486.18,466.0,-16.32,464.17,423.84,13.8,,,,
2026-03-25T11:13:49.427,GESHIP,1457.7,,,1411.24,1527.39,,0.38,6.4,8.83,59.74,transportation,shipping,22.56,,0.32,0.42,,,,,3.29,,,,,2026-03-25,4.22,1376.12,1346.0,53.94,1325.93,1231.9,13.62,,,,
2026-03-25T11:13:49.427,GPIL,277.15,,,247.18,322.1,,1.56,29.74,21.79,59.83,metals & mining,steel - medium / small,14.25,,-0.02,0.43,,,,,12.12,,,,,2026-03-25,5.22,259.26,248.0,16.36,250.47,234.81,12.96,,,,
2026-03-25T11:13:49.427,ADANIPOWER,154.83,,,147.18,166.31,,0.46,30.01,8.31,61.62,power & utilities,power generation and supply,16.68,,-0.04,0.24,,,,,5.2,,,,,2026-03-25,3.14,149.16,144.65,31.24,142.34,133.45,11.42,,,,
2026-03-25T11:13:49.427,SCHNEIDER,906.6,,,874.34,955.0,,0.04,55.83,87.35,58.16,industrials,electric equipment,21.82,,-0.03,0.03,,,,,3.69,,,,,2026-03-25,1.26,870.24,845.6,5.47,831.46,780.5,8.99,,,,
2026-03-25T11:13:49.427,VTL,538.0,,,531.64,547.54,,0.09,22.99,19.06,55.41,textiles,textiles - cotton/blended,17.04,,0.2,0.05,,,,,1.2,,,,,2026-03-25,0.64,523.32,523.05,35.15,502.82,479.04,8.71,,,,
2026-03-25T11:13:49.427,WAAREEENER,3175.9,,,2867.68,3638.23,,0.28,21.49,27.12,65.08,industrials,electric equipment,23.31,,-0.15,-0.01,,,,,10.75,,,,,2026-03-25,2.89,3065.54,3015.9,-2.73,2907.18,2707.74,8.45,,,,
2026-03-25T11:13:49.427,GRANULES,617.85,,,569.93,689.73,,0.72,24.95,26.97,62.11,healthcare,pharmaceuticals - indian - bulk drugs & formln,10.53,,0.07,0.27,,,,,8.41,,,,,2026-03-25,1.9,596.28,566.75,31.74,575.96,546.15,6.01,,,,
2026-03-25T11:13:49.427,ACMESOLAR,256.56,,,241.0,279.9,,0.32,34.12,30.79,59.48,realty,engineering - turnkey services,25.52,,-0.16,-0.16,,,,,6.46,,,,,2026-03-25,2.99,245.98,234.8,-10.15,228.48,208.6,5.14,,,,
2026-03-25T11:13:49.427,INOXINDIA,1251.0,,,1158.39,1389.92,,2.14,46.75,43.99,65.95,industrials,packaging,18.65,,-0.05,-0.02,,,,,8.0,,,,,2026-03-25,4.02,1181.19,1151.1,10.9,1156.46,1096.55,5.12,,,,
2026-03-25T11:13:49.427,NATCOPHARM,977.95,,,958.75,1006.75,,0.28,28.9,10.92,55.87,healthcare,pharmaceuticals - indian - bulk drugs & formln,23.41,,0.07,-0.02,,,,,2.0,,,,,2026-03-25,2.97,940.07,924.4,14.38,901.57,854.18,4.32,,,,
2026-03-25T11:13:49.427,FACT,808.2,,,774.96,858.06,,0.18,-192.43,1846.98,53.47,chemicals,fertilizers,28.75,,-0.23,-0.15,,,,,4.29,,,,,2026-03-25,1.76,779.64,748.0,-16.26,721.89,663.95,4.12,,,,
2026-03-25T11:13:49.427,LUPIN,2350.9,,,2299.53,2427.96,,0.35,22.83,22.92,59.58,healthcare,pharmaceuticals - indian - bulk drugs & formln,13.97,,0.1,0.2,,,,,2.23,,,,,2026-03-25,0.82,2284.58,2241.6,22.19,2251.56,2181.16,3.87,,,,
2026-03-25T11:13:49.427,LINDEINDIA,7394.5,,,6971.35,8029.22,,0.53,81.55,106.89,62.56,chemicals,chemicals,31.44,,0.07,0.05,,,,,6.07,,,,,2026-03-25,0.01,7203.0,6558.0,15.22,6707.85,6312.36,3.7,,,,
2026-03-25T11:13:49.427,AUROPHARMA,1320.9,,,1284.17,1375.99,,0.32,21.07,21.35,64.39,healthcare,pharmaceuticals - indian - bulk drugs & formln,13.03,,0.11,0.14,,,,,2.86,,,,,2026-03-25,3.07,1256.46,1240.0,26.4,1242.94,1185.97,3.68,,,,
2026-03-25T11:13:49.427,ABB,6250.0,,,6197.28,6329.07,,0.16,76.48,78.26,56.57,industrials,electric equipment,28.66,,0.11,0.05,,,,,0.85,,,,,2026-03-25,1.43,6076.0,5975.0,24.45,5861.42,5609.98,3.25,,,,
2026-03-25T11:13:49.427,KSB,822.3,,,773.56,895.42,,0.26,44.21,51.43,66.48,industrials,pumps,21.87,,-0.11,-0.1,,,,,6.3,,,,,2026-03-25,2.89,782.48,757.05,-2.14,755.15,706.5,2.88,,,,
2026-03-25T11:13:49.427,RELIANCE,1428.9,,,1375.78,1508.58,,0.34,25.92,22.96,54.84,energy,refineries,23.51,,-0.04,-0.08,,,,,3.86,,,,,2026-03-25,1.21,1385.82,1376.1,3.18,1374.86,1334.44,2.83,,,,
2026-03-25T11:13:49.427,NLCINDIA,267.55,,,250.6,292.97,,0.5,12.81,13.05,56.33,power & utilities,power generation and supply,13.24,,-0.12,0.14,,,,,6.76,,,,,2026-03-25,3.16,254.31,250.4,13.56,243.58,227.01,2.26,,,,
2026-03-25T11:13:49.427,POWERGRID,300.75,,,294.12,310.7,,0.19,16.71,17.9,55.94,power & utilities,power generation and supply,12.08,,-0.03,-0.03,,,,,2.26,,,,,2026-03-25,0.59,292.29,292.4,7.5,282.84,270.9,1.92,,,,
2026-03-25T11:13:49.427,DCMSHRIRAM,1116.1,,,999.13,1291.55,,0.33,17.55,23.97,59.58,miscellaneous,diversified - mega,26.04,,-0.12,-0.2,,,,,11.71,,,,,2026-03-25,3.98,1038.8,1000.0,-10.14,1017.78,946.13,1.48,,,,
2026-03-25T11:13:49.427,LLOYDSME,1331.4,,,1177.84,1561.74,,1.03,16.75,26.82,61.85,metals & mining,mining / minerals / metals,13.29,,-0.04,-0.14,,,,,13.04,,,,,2026-03-25,5.77,1244.99,1177.2,1.76,1199.51,1109.68,0.86,,,,
2026-03-25T11:13:49.427,JBMA,578.1,,,505.76,686.61,,0.65,62.03,64.08,56.54,auto,auto ancillaries,24.32,,-0.25,-0.13,,,,,14.3,,,,,2026-03-25,1.03,558.6,533.0,-6.47,500.67,456.5,0.77,,,,
2026-03-25T11:13:49.427,JPPOWER,15.58,,,14.16,17.71,,0.64,NaN,20.42,55.44,power & utilities,power generation and supply,19.75,,-0.19,-0.36,,,,,10.02,,,,,2026-03-25,4.49,14.7,14.46,-11.08,13.27,11.69,0.64,,,,
2026-03-25T11:13:49.427,IGIL,334.15,,,317.7,358.82,,0.21,26.86,26.56,54.15,miscellaneous,miscellaneous,10.5,,-0.13,-0.16,,,,,5.18,,,,,2026-03-25,2.36,321.29,316.0,-2.9,301.6,280.04,0.19,,,,
2026-03-25T11:13:49.427,PREMIERENE,917.35,,,824.97,1055.92,,0.42,26.3,30.05,77.17,services,trading,27.45,,-0.2,-0.2,,,,,11.2,,,,,2026-03-25,3.15,873.62,843.9,-9.2,849.2,798.99,-0.76,,,,
2026-03-25T11:13:49.427,THERMAX,3273.2,,,3171.7,3425.46,,0.44,45.16,52.72,58.95,industrials,electric equipment,14.35,,-0.07,-0.09,,,,,3.2,,,,,2026-03-25,2.56,3139.43,3050.0,0.46,3013.67,2847.62,-0.86,,,,
2026-03-25T11:13:49.427,AKUMS,494.05,,,467.79,533.44,,0.25,28.52,22.99,56.48,healthcare,pharmaceuticals - indian - bulk drugs & formln,16.81,,-0.01,-0.14,,,,,5.61,,,,,2026-03-25,3.42,469.22,463.0,3.56,456.92,430.01,-0.89,,,,
2026-03-25T11:13:49.427,NHPC,78.22,,,74.44,83.89,,0.21,88.89,24.3,59.31,power & utilities,power generation and supply,15.67,,-0.17,-0.14,,,,,5.07,,,,,2026-03-25,2.19,75.18,74.7,-1.25,74.25,71.3,-0.91,,,,
2026-03-25T11:13:49.427,NTPCGREEN,97.07,,,95.28,99.75,,0.26,1213.38,145.0,58.55,power & utilities,power generation and supply,28.93,,-0.12,-0.16,,,,,1.88,,,,,2026-03-25,1.43,94.37,93.3,-4.87,87.95,81.72,-0.96,,,,
2026-03-25T11:13:49.427,OLECTRA,1084.1,,,934.94,1307.83,,0.55,47.97,61.44,58.71,auto,automobiles - lcvs / hcvs,26.09,,-0.38,-0.15,,,,,15.95,,,,,2026-03-25,1.28,1044.68,995.9,-31.9,941.79,853.01,-1.32,,,,
2026-03-25T11:13:49.427,VGUARD,330.55,,,314.55,354.54,,0.27,63.57,49.51,57.12,industrials,electric equipment,15.8,,-0.18,-0.19,,,,,5.09,,,,,2026-03-25,1.77,317.67,311.8,-8.31,308.12,292.1,-1.69,,,,
2026-03-25T11:13:49.427,BALRAMCHIN,500.4,,,479.97,531.04,,0.7,22.26,21.49,59.03,fmcg,sugar,27.19,,-0.03,-0.22,,,,,4.26,,,,,2026-03-25,4.92,473.05,443.0,-10.38,451.82,416.78,-2.04,,,,
2026-03-25T11:13:49.427,DOMS,2348.3,,,2081.04,2749.18,,0.17,61.54,62.78,56.9,miscellaneous,printing & stationery,25.35,,-0.15,-0.04,,,,,12.84,,,,,2026-03-25,2.3,2244.98,2155.0,-4.59,2145.37,2004.97,-4.25,,,,
2026-03-25T11:13:49.427,MAHSEAMLES,567.15,,,548.76,594.73,,0.46,7.82,8.78,56.91,industrials,steel - large,14.99,,-0.14,-0.21,,,,,3.35,,,,,2026-03-25,3.01,542.43,535.05,-13.55,527.64,500.86,-4.54,,,,
2026-03-25T11:13:49.427,HAPPSTMNDS,405.2,,,378.51,445.23,,0.17,37.8,32.42,56.3,i.t,computers - software - medium / small,21.24,,-0.33,-0.38,,,,,7.05,,,,,2026-03-25,1.45,390.77,370.05,-30.26,360.24,328.18,-9.04,,,,
2026-03-25T11:13:49.427,PRAJIND,329.1,,,299.62,373.32,,0.58,-122.8,110.07,60.39,industrials,engineering,22.26,,-0.16,-0.36,,,,,9.84,,,,,2026-03-25,5.28,308.01,300.4,-17.52,300.67,282.25,-9.76,,,,
2026-03-25T11:13:49.427,ATHERENERG,777.95,,,718.8,866.67,,0.54,-87.61,-37.24,65.64,auto,automobiles - scooters and 3 - wheelers,16.62,,0.29,1.26,,,,,8.23,,,,,2026-03-25,2.77,746.96,717.05,80.42,702.78,654.95,NaN,,,,
2026-03-24T09:01:01.47,CCL,,,,,,,,,,,fmcg,tea,,,,,,,,,,,,,,2026-03-24,,,,,,,,3.36,7.32,7.73,7684.41
2026-03-24T09:01:01.47,PFOCUS,,,,,,,,,,,realty,miscellaneous,,,,,,,,,,,,,,2026-03-24,,,,,,,,3.67,12.12,12.12,8622.24
2026-03-24T09:01:01.47,VTL,,,,,,,,,,,textiles,textiles - cotton/blended,,,,,,,,,,,,,,2026-03-24,,,,,,,,3.77,5.88,7.05,5541.11
2026-03-24T09:01:01.47,HARDWYN,,,,,,,,,,,services,trading,,,,,,,,,,,,,,2026-03-24,,,,,,,,6.21,13.74,13.87,526.52
2026-03-24T09:01:01.47,WHEELS,,,,,,,,,,,auto,auto ancillaries,,,,,,,,,,,,,,2026-03-24,,,,,,,,6.8,10.92,14.8,1001.43
2026-03-24T09:01:01.47,GRANULES,,,,,,,,,,,healthcare,pharmaceuticals - indian - bulk drugs & formln,,,,,,,,,,,,,,2026-03-24,,,,,,,,7.47,5.01,5.52,8613.21
2026-03-24T09:01:01.47,AETHER,,,,,,,,,,,chemicals,chemicals,,,,,,,,,,,,,,2026-03-24,,,,,,,,8.05,13.29,17.82,3597.26
2026-03-24T09:01:01.47,SEAMECLTD,,,,,,,,,,,miscellaneous,miscellaneous,,,,,,,,,,,,,,2026-03-24,,,,,,,,8.72,9.83,9.83,915.96
2026-03-24T09:01:01.47,CHENNPETRO,,,,,,,,,,,energy,refineries,,,,,,,,,,,,,,2026-03-24,,,,,,,,8.93,9.88,13.06,4893.49
2026-03-24T09:01:01.47,AGIIL,,,,,,,,,,,realty,construction,,,,,,,,,,,,,,2026-03-24,,,,,,,,8.98,12.2,12.2,1053.0
2026-03-24T09:01:01.47,MBAPL,,,,,,,,,,,chemicals,fertilizers,,,,,,,,,,,,,,2026-03-24,,,,,,,,9.8,6.13,7.08,976.58
2026-03-24T09:01:01.47,KTKBANK,,,,,,,,,,,bank,banks - private sector,,,,,,,,,,,,,,2026-03-24,,,,,,,,10.23,12.45,12.45,8111.11
2026-03-24T09:01:01.47,CENTUM,,,,,,,,,,,consumer discretionary,electronics - components,,,,,,,,,,,,,,2026-03-24,,,,,,,,10.51,13.66,14.17,2147.68
2026-03-24T09:01:01.47,HAPPYFORGE,,,,,,,,,,,industrials,castings & forgings,,,,,,,,,,,,,,2026-03-24,,,,,,,,11.79,9.02,11.97,2450.88
2026-03-24T09:01:01.47,INDSWFTLAB,,,,,,,,,,,healthcare,pharmaceuticals - indian - bulk drugs & formln,,,,,,,,,,,,,,2026-03-24,,,,,,,,11.81,10.53,11.95,661.8
2026-03-24T09:01:01.47,TDPOWERSYS,,,,,,,,,,,industrials,electric equipment,,,,,,,,,,,,,,2026-03-24,,,,,,,,12.14,9.0,11.55,9363.94
2026-03-24T09:01:01.47,NATCOPHARM,,,,,,,,,,,healthcare,pharmaceuticals - indian - bulk drugs & formln,,,,,,,,,,,,,,2026-03-24,,,,,,,,12.41,5.2,5.73,8392.45
2026-03-24T09:01:01.47,SAKAR,,,,,,,,,,,healthcare,pharmaceuticals - indian - bulk drugs & formln,,,,,,,,,,,,,,2026-03-24,,,,,,,,12.53,8.45,14.88,530.26
2026-03-24T09:01:01.47,GMDCLTD,,,,,,,,,,,metals & mining,mining / minerals / metals,,,,,,,,,,,,,,2026-03-24,,,,,,,,12.59,12.67,12.67,4704.91
2026-03-24T09:01:01.47,VENUSREM,,,,,,,,,,,healthcare,pharmaceuticals - indian - formulations,,,,,,,,,,,,,,2026-03-24,,,,,,,,12.68,11.24,13.6,642.26
2026-03-24T09:01:01.47,GODAVARIB,,,,,,,,,,,fmcg,sugar,,,,,,,,,,,,,,2026-03-24,,,,,,,,13.29,12.6,18.51,567.69
2026-03-24T09:01:01.47,LINCOLN,,,,,,,,,,,healthcare,pharmaceuticals - indian - formulations,,,,,,,,,,,,,,2026-03-24,,,,,,,,13.32,5.67,7.49,590.36
2026-03-24T09:01:01.47,SUNTV,,,,,,,,,,,media,entertainment / electronic media software,,,,,,,,,,,,,,2026-03-24,,,,,,,,13.35,5.97,11.71,5902.4
2026-03-24T09:01:01.47,MRPL,,,,,,,,,,,energy,refineries,,,,,,,,,,,,,,2026-03-24,,,,,,,,13.73,10.73,17.03,3664.67
2026-03-24T09:01:01.47,DYNAMATECH,,,,,,,,,,,industrials,engineering,,,,,,,,,,,,,,2026-03-24,,,,,,,,13.97,6.68,10.03,3719.2
2026-03-24T09:01:01.47,MTARTECH,,,,,,,,,,,aerospace & defence,engineering,,,,,,,,,,,,,,2026-03-24,,,,,,,,13.97,9.26,12.46,7199.18
2026-03-24T09:01:01.47,BAJAJCON,,,,,,,,,,,fmcg,personal care - indian,,,,,,,,,,,,,,2026-03-24,,,,,,,,14.2,8.5,11.3,2612.11
2026-03-24T09:01:01.47,ARVIND,,,,,,,,,,,textiles,textiles - cotton/blended,,,,,,,,,,,,,,2026-03-24,,,,,,,,14.33,7.95,9.06,5485.45
2026-03-24T09:01:01.47,SANSERA,,,,,,,,,,,auto,auto ancillaries,,,,,,,,,,,,,,2026-03-24,,,,,,,,14.67,10.04,10.51,8882.19
2026-03-24T09:01:01.47,DATAPATTNS,,,,,,,,,,,aerospace & defence,electronics - components,,,,,,,,,,,,,,2026-03-24,,,,,,,,14.87,12.08,12.08,9906.55
2026-03-24T09:01:01.47,AEROFLEX,,,,,,,,,,,metals & mining,steel - medium / small,,,,,,,,,,,,,,2026-03-24,,,,,,,,14.9,11.08,19.16,953.08
2026-03-24T09:01:01.47,SMSPHARMA,,,,,,,,,,,healthcare,pharmaceuticals - indian - bulk drugs,,,,,,,,,,,,,,2026-03-24,,,,,,,,15.02,8.73,8.73,1102.82
2026-03-24T09:01:01.47,ABSLAMC,,,,,,,,,,,financials,finance & investments,,,,,,,,,,,,,,2026-03-24,,,,,,,,15.03,9.85,12.8,6465.18
2026-03-24T09:01:01.47,CIEINDIA,,,,,,,,,,,industrials,castings & forgings,,,,,,,,,,,,,,2026-03-24,,,,,,,,15.28,10.26,10.26,5798.95
2026-03-24T09:01:01.47,STLTECH,,,,,,,,,,,industrials,cables - telephone,,,,,,,,,,,,,,2026-03-24,,,,,,,,15.81,15.23,15.23,4696.38
2026-03-24T09:01:01.47,PRIVISCL,,,,,,,,,,,chemicals,chemicals,,,,,,,,,,,,,,2026-03-24,,,,,,,,17.15,5.43,7.14,4387.28
2026-03-24T09:01:01.47,NITINSPIN,,,,,,,,,,,textiles,textiles - cotton/blended,,,,,,,,,,,,,,2026-03-24,,,,,,,,17.16,7.14,8.91,860.47
2026-03-24T09:01:01.47,PREMIERPOL,,,,,,,,,,,plastic products,plastics products,,,,,,,,,,,,,,2026-03-24,,,,,,,,17.93,11.98,11.98,196.57
2026-03-24T09:01:01.47,PRECWIRE,,,,,,,,,,,metals & mining,mining / minerals / metals,,,,,,,,,,,,,,2026-03-24,,,,,,,,18.06,7.76,12.18,2314.3
2026-03-24T09:01:01.47,SOUTHWEST,,,,,,,,,,,metals & mining,mining / minerals / metals,,,,,,,,,,,,,,2026-03-24,,,,,,,,19.28,10.15,11.34,181.49
2026-03-24T09:01:01.47,NGLFINE,,,,,,,,,,,healthcare,pharmaceuticals - indian - bulk drugs,,,,,,,,,,,,,,2026-03-24,,,,,,,,20.59,12.0,14.1,344.4
2026-03-24T09:01:01.47,GVPIL,,,,,,,,,,,realty,engineering - turnkey services,,,,,,,,,,,,,,2026-03-24,,,,,,,,24.96,12.11,13.15,875.12
2026-03-24T09:01:01.47,AVANTIFEED,,,,,,,,,,,fmcg,food - processing - indian,,,,,,,,,,,,,,2026-03-24,,,,,,,,25.12,11.31,14.58,8624.58
2026-03-24T09:01:01.47,APEX,,,,,,,,,,,fmcg,aquaculture,,,,,,,,,,,,,,2026-03-24,,,,,,,,27.48,12.56,21.34,302.75
2026-03-24T09:01:01.47,SUMEETINDS,,,,,,,,,,,textiles,textiles - manmade,,,,,,,,,,,,,,2026-03-24,,,,,,,,28.99,12.75,13.64,153.94
2026-03-23T23:59:07.435,CCL,,,,,,,,,,,fmcg,tea,,,,,,,,,,,,,,2026-03-23,,,,,,,,3.36,7.32,7.73,7684.41
2026-03-23T23:59:07.435,PFOCUS,,,,,,,,,,,realty,miscellaneous,,,,,,,,,,,,,,2026-03-23,,,,,,,,3.67,12.12,12.12,8622.24
2026-03-23T23:59:07.435,VTL,,,,,,,,,,,textiles,textiles - cotton/blended,,,,,,,,,,,,,,2026-03-23,,,,,,,,3.77,5.88,7.05,5541.11
2026-03-23T23:59:07.435,HARDWYN,,,,,,,,,,,services,trading,,,,,,,,,,,,,,2026-03-23,,,,,,,,6.21,13.74,13.87,526.52
2026-03-23T23:59:07.435,WHEELS,,,,,,,,,,,auto,auto ancillaries,,,,,,,,,,,,,,2026-03-23,,,,,,,,6.8,10.92,14.8,1001.43
2026-03-23T23:59:07.435,GRANULES,,,,,,,,,,,healthcare,pharmaceuticals - indian - bulk drugs & formln,,,,,,,,,,,,,,2026-03-23,,,,,,,,7.47,5.01,5.52,8613.21
2026-03-23T23:59:07.435,AETHER,,,,,,,,,,,chemicals,chemicals,,,,,,,,,,,,,,2026-03-23,,,,,,,,8.05,13.29,17.82,3597.26
2026-03-23T23:59:07.435,SEAMECLTD,,,,,,,,,,,miscellaneous,miscellaneous,,,,,,,,,,,,,,2026-03-23,,,,,,,,8.72,9.83,9.83,915.96
2026-03-23T23:59:07.435,CHENNPETRO,,,,,,,,,,,energy,refineries,,,,,,,,,,,,,,2026-03-23,,,,,,,,8.93,9.88,13.06,4893.49
2026-03-23T23:59:07.435,AGIIL,,,,,,,,,,,realty,construction,,,,,,,,,,,,,,2026-03-23,,,,,,,,8.98,12.2,12.2,1053.0
2026-03-23T23:59:07.435,MBAPL,,,,,,,,,,,chemicals,fertilizers,,,,,,,,,,,,,,2026-03-23,,,,,,,,9.8,6.13,7.08,976.58
2026-03-23T23:59:07.435,KTKBANK,,,,,,,,,,,bank,banks - private sector,,,,,,,,,,,,,,2026-03-23,,,,,,,,10.23,12.45,12.45,8111.11
2026-03-23T23:59:07.435,CENTUM,,,,,,,,,,,consumer discretionary,electronics - components,,,,,,,,,,,,,,2026-03-23,,,,,,,,10.51,13.66,14.17,2147.68
2026-03-23T23:59:07.435,HAPPYFORGE,,,,,,,,,,,industrials,castings & forgings,,,,,,,,,,,,,,2026-03-23,,,,,,,,11.79,9.02,11.97,2450.88
2026-03-23T23:59:07.435,INDSWFTLAB,,,,,,,,,,,healthcare,pharmaceuticals - indian - bulk drugs & formln,,,,,,,,,,,,,,2026-03-23,,,,,,,,11.81,10.53,11.95,661.8
2026-03-23T23:59:07.435,TDPOWERSYS,,,,,,,,,,,industrials,electric equipment,,,,,,,,,,,,,,2026-03-23,,,,,,,,12.14,9.0,11.55,9363.94
2026-03-23T23:59:07.435,NATCOPHARM,,,,,,,,,,,healthcare,pharmaceuticals - indian - bulk drugs & formln,,,,,,,,,,,,,,2026-03-23,,,,,,,,12.41,5.2,5.73,8392.45
2026-03-23T23:59:07.435,SAKAR,,,,,,,,,,,healthcare,pharmaceuticals - indian - bulk drugs & formln,,,,,,,,,,,,,,2026-03-23,,,,,,,,12.53,8.45,14.88,530.26
2026-03-23T23:59:07.435,GMDCLTD,,,,,,,,,,,metals & mining,mining / minerals / metals,,,,,,,,,,,,,,2026-03-23,,,,,,,,12.59,12.67,12.67,4704.91
2026-03-23T23:59:07.435,VENUSREM,,,,,,,,,,,healthcare,pharmaceuticals - indian - formulations,,,,,,,,,,,,,,2026-03-23,,,,,,,,12.68,11.24,13.6,642.26
2026-03-23T23:59:07.435,GODAVARIB,,,,,,,,,,,fmcg,sugar,,,,,,,,,,,,,,2026-03-23,,,,,,,,13.29,12.6,18.51,567.69
2026-03-23T23:59:07.435,LINCOLN,,,,,,,,,,,healthcare,pharmaceuticals - indian - formulations,,,,,,,,,,,,,,2026-03-23,,,,,,,,13.32,5.67,7.49,590.36
2026-03-23T23:59:07.435,SUNTV,,,,,,,,,,,media,entertainment / electronic media software,,,,,,,,,,,,,,2026-03-23,,,,,,,,13.35,5.97,11.71,5902.4
2026-03-23T23:59:07.435,MRPL,,,,,,,,,,,energy,refineries,,,,,,,,,,,,,,2026-03-23,,,,,,,,13.73,10.73,17.03,3664.67
2026-03-23T23:59:07.435,DYNAMATECH,,,,,,,,,,,industrials,engineering,,,,,,,,,,,,,,2026-03-23,,,,,,,,13.97,6.68,10.03,3719.2
2026-03-23T23:59:07.435,MTARTECH,,,,,,,,,,,aerospace & defence,engineering,,,,,,,,,,,,,,2026-03-23,,,,,,,,13.97,9.26,12.46,7199.18
2026-03-23T23:59:07.435,BAJAJCON,,,,,,,,,,,fmcg,personal care - indian,,,,,,,,,,,,,,2026-03-23,,,,,,,,14.2,8.5,11.3,2612.11
2026-03-23T23:59:07.435,ARVIND,,,,,,,,,,,textiles,textiles - cotton/blended,,,,,,,,,,,,,,2026-03-23,,,,,,,,14.33,7.95,9.06,5485.45
2026-03-23T23:59:07.435,SANSERA,,,,,,,,,,,auto,auto ancillaries,,,,,,,,,,,,,,2026-03-23,,,,,,,,14.67,10.04,10.51,8882.19
2026-03-23T23:59:07.435,DATAPATTNS,,,,,,,,,,,aerospace & defence,electronics - components,,,,,,,,,,,,,,2026-03-23,,,,,,,,14.87,12.08,12.08,9906.55
2026-03-23T23:59:07.435,AEROFLEX,,,,,,,,,,,metals & mining,steel - medium / small,,,,,,,,,,,,,,2026-03-23,,,,,,,,14.9,11.08,19.16,953.08
2026-03-23T23:59:07.435,SMSPHARMA,,,,,,,,,,,healthcare,pharmaceuticals - indian - bulk drugs,,,,,,,,,,,,,,2026-03-23,,,,,,,,15.02,8.73,8.73,1102.82
2026-03-23T23:59:07.435,ABSLAMC,,,,,,,,,,,financials,finance & investments,,,,,,,,,,,,,,2026-03-23,,,,,,,,15.03,9.85,12.8,6465.18
2026-03-23T23:59:07.435,CIEINDIA,,,,,,,,,,,industrials,castings & forgings,,,,,,,,,,,,,,2026-03-23,,,,,,,,15.28,10.26,10.26,5798.95
2026-03-23T23:59:07.435,STLTECH,,,,,,,,,,,industrials,cables - telephone,,,,,,,,,,,,,,2026-03-23,,,,,,,,15.81,15.23,15.23,4696.38
2026-03-23T23:59:07.435,PRIVISCL,,,,,,,,,,,chemicals,chemicals,,,,,,,,,,,,,,2026-03-23,,,,,,,,17.15,5.43,7.14,4387.28
2026-03-23T23:59:07.435,NITINSPIN,,,,,,,,,,,textiles,textiles - cotton/blended,,,,,,,,,,,,,,2026-03-23,,,,,,,,17.16,7.14,8.91,860.47
2026-03-23T23:59:07.435,PREMIERPOL,,,,,,,,,,,plastic products,plastics products,,,,,,,,,,,,,,2026-03-23,,,,,,,,17.93,11.98,11.98,196.57
2026-03-23T23:59:07.435,PRECWIRE,,,,,,,,,,,metals & mining,mining / minerals / metals,,,,,,,,,,,,,,2026-03-23,,,,,,,,18.06,7.76,12.18,2314.3
2026-03-23T23:59:07.435,SOUTHWEST,,,,,,,,,,,metals & mining,mining / minerals / metals,,,,,,,,,,,,,,2026-03-23,,,,,,,,19.28,10.15,11.34,181.49
2026-03-23T23:59:07.435,NGLFINE,,,,,,,,,,,healthcare,pharmaceuticals - indian - bulk drugs,,,,,,,,,,,,,,2026-03-23,,,,,,,,20.59,12.0,14.1,344.4
2026-03-23T23:59:07.435,GVPIL,,,,,,,,,,,realty,engineering - turnkey services,,,,,,,,,,,,,,2026-03-23,,,,,,,,24.96,12.11,13.15,875.12
2026-03-23T23:59:07.435,AVANTIFEED,,,,,,,,,,,fmcg,food - processing - indian,,,,,,,,,,,,,,2026-03-23,,,,,,,,25.12,11.31,14.58,8624.58
2026-03-23T23:59:07.435,APEX,,,,,,,,,,,fmcg,aquaculture,,,,,,,,,,,,,,2026-03-23,,,,,,,,27.48,12.56,21.34,302.75
2026-03-23T23:59:07.435,SUMEETINDS,,,,,,,,,,,textiles,textiles - manmade,,,,,,,,,,,,,,2026-03-23,,,,,,,,28.99,12.75,13.64,153.94
2026-03-20T08:15:46.848,WHEELS,,,,,,,,,,,auto,auto ancillaries,,,,,,,,,,,,,,2026-03-20,,,,,,,,1.15,9.05,13.47,1008.97
2026-03-20T08:15:46.848,CCL,,,,,,,,,,,fmcg,tea,,,,,,,,,,,,,,2026-03-20,,,,,,,,3.73,3.34,4.87,7442.63
2026-03-20T08:15:46.848,AGIIL,,,,,,,,,,,realty,construction,,,,,,,,,,,,,,2026-03-20,,,,,,,,4.58,5.21,8.57,1012.42
2026-03-20T08:15:46.848,VTL,,,,,,,,,,,textiles,textiles - cotton/blended,,,,,,,,,,,,,,2026-03-20,,,,,,,,5.47,6.6,7.26,5442.9
2026-03-20T08:15:46.848,SEAMECLTD,,,,,,,,,,,miscellaneous,miscellaneous,,,,,,,,,,,,,,2026-03-20,,,,,,,,5.75,8.01,8.58,945.79
2026-03-20T08:15:46.848,INDSWFTLAB,,,,,,,,,,,healthcare,pharmaceuticals - indian - bulk drugs & formln,,,,,,,,,,,,,,2026-03-20,,,,,,,,6.51,8.69,10.21,701.6
2026-03-20T08:15:46.848,GRANULES,,,,,,,,,,,healthcare,pharmaceuticals - indian - bulk drugs & formln,,,,,,,,,,,,,,2026-03-20,,,,,,,,7.1,4.43,6.14,8648.1
2026-03-20T08:15:46.848,J&KBANK,,,,,,,,,,,bank,banks - private sector,,,,,,,,,,,,,,2026-03-20,,,,,,,,7.71,5.95,9.66,5301.52
2026-03-20T08:15:46.848,STYLAMIND,,,,,,,,,,,building materials,miscellaneous,,,,,,,,,,,,,,2026-03-20,,,,,,,,8.83,1.54,1.54,1795.03
2026-03-20T08:15:46.848,HAPPYFORGE,,,,,,,,,,,industrials,castings & forgings,,,,,,,,,,,,,,2026-03-20,,,,,,,,9.05,7.53,10.61,2526.93
2026-03-20T08:15:46.848,SAKAR,,,,,,,,,,,healthcare,pharmaceuticals - indian - bulk drugs & formln,,,,,,,,,,,,,,2026-03-20,,,,,,,,9.29,12.56,14.65,549.88
2026-03-20T08:15:46.848,VENUSREM,,,,,,,,,,,healthcare,pharmaceuticals - indian - formulations,,,,,,,,,,,,,,2026-03-20,,,,,,,,9.46,10.22,11.13,665.93
2026-03-20T08:15:46.848,STLTECH,,,,,,,,,,,industrials,cables - telephone,,,,,,,,,,,,,,2026-03-20,,,,,,,,10.14,13.79,18.82,5012.54
2026-03-20T08:15:46.848,CENTUM,,,,,,,,,,,consumer discretionary,electronics - components,,,,,,,,,,,,,,2026-03-20,,,,,,,,10.45,10.38,13.3,2133.12
2026-03-20T08:15:46.848,GODAVARIB,,,,,,,,,,,fmcg,sugar,,,,,,,,,,,,,,2026-03-20,,,,,,,,10.5,18.51,22.71,585.99
2026-03-20T08:15:46.848,ABSLAMC,,,,,,,,,,,financials,finance & investments,,,,,,,,,,,,,,2026-03-20,,,,,,,,10.81,6.87,7.99,6786.53
2026-03-20T08:15:46.848,SANSERA,,,,,,,,,,,auto,auto ancillaries,,,,,,,,,,,,,,2026-03-20,,,,,,,,10.9,9.53,13.49,9275.38
2026-03-20T08:15:46.848,MTARTECH,,,,,,,,,,,aerospace & defence,engineering,,,,,,,,,,,,,,2026-03-20,,,,,,,,10.91,8.2,12.87,7456.0
2026-03-20T08:15:46.848,CIEINDIA,,,,,,,,,,,industrials,castings & forgings,,,,,,,,,,,,,,2026-03-20,,,,,,,,11.2,8.72,13.32,6078.06
2026-03-20T08:15:46.848,NATCOPHARM,,,,,,,,,,,healthcare,pharmaceuticals - indian - bulk drugs & formln,,,,,,,,,,,,,,2026-03-20,,,,,,,,11.42,5.5,10.09,8487.45
2026-03-20T08:15:46.848,NLCINDIA,,,,,,,,,,,power & utilities,power generation and supply,,,,,,,,,,,,,,2026-03-20,,,,,,,,11.48,5.57,7.78,9970.44
2026-03-20T08:15:46.848,ARVIND,,,,,,,,,,,textiles,textiles - cotton/blended,,,,,,,,,,,,,,2026-03-20,,,,,,,,11.67,7.42,11.58,5655.83
2026-03-20T08:15:46.848,AEROFLEX,,,,,,,,,,,metals & mining,steel - medium / small,,,,,,,,,,,,,,2026-03-20,,,,,,,,12.1,14.58,15.42,984.54
2026-03-20T08:15:46.848,PFOCUS,,,,,,,,,,,realty,miscellaneous,,,,,,,,,,,,,,2026-03-20,,,,,,,,12.87,6.1,8.78,7798.68
2026-03-20T08:15:46.848,MRPL,,,,,,,,,,,energy,refineries,,,,,,,,,,,,,,2026-03-20,,,,,,,,12.97,15.22,21.9,3697.28
2026-03-20T08:15:46.848,DYNAMATECH,,,,,,,,,,,industrials,engineering,,,,,,,,,,,,,,2026-03-20,,,,,,,,13.27,9.97,13.36,3749.6
2026-03-20T08:15:46.848,LUMAXTECH,,,,,,,,,,,auto,auto ancillaries,,,,,,,,,,,,,,2026-03-20,,,,,,,,13.63,14.61,25.24,4726.42
2026-03-20T08:15:46.848,MANGLMCEM,,,,,,,,,,,building materials,cement - north india,,,,,,,,,,,,,,2026-03-20,,,,,,,,14.11,6.44,6.6,1332.52
2026-03-20T08:15:46.848,PRIVISCL,,,,,,,,,,,chemicals,chemicals,,,,,,,,,,,,,,2026-03-20,,,,,,,,14.96,7.14,9.03,4503.02
2026-03-20T08:15:46.848,BLISSGVS,,,,,,,,,,,healthcare,pharmaceuticals - indian - formulations,,,,,,,,,,,,,,2026-03-20,,,,,,,,15.05,8.7,12.78,1416.86
2026-03-20T08:15:46.848,DIVGIITTS,,,,,,,,,,,auto,auto ancillaries,,,,,,,,,,,,,,2026-03-20,,,,,,,,15.14,7.28,10.4,821.89
2026-03-20T08:15:46.848,SKYGOLD,,,,,,,,,,,consumer discretionary,diamond cutting / jewellery,,,,,,,,,,,,,,2026-03-20,,,,,,,,15.15,8.63,9.46,2542.4
2026-03-20T08:15:46.848,SMSPHARMA,,,,,,,,,,,healthcare,pharmaceuticals - indian - bulk drugs,,,,,,,,,,,,,,2026-03-20,,,,,,,,15.63,6.78,13.14,1094.9
2026-03-20T08:15:46.848,BAJAJCON,,,,,,,,,,,fmcg,personal care - indian,,,,,,,,,,,,,,2026-03-20,,,,,,,,15.83,8.14,12.03,2562.57
2026-03-20T08:15:46.848,PRECWIRE,,,,,,,,,,,metals & mining,mining / minerals / metals,,,,,,,,,,,,,,2026-03-20,,,,,,,,15.88,12.18,16.67,2375.77
2026-03-20T08:15:46.848,DBOL,,,,,,,,,,,fmcg,sugar,,,,,,,,,,,,,,2026-03-20,,,,,,,,16.3,4.65,9.92,316.05
2026-03-20T08:15:46.848,AARTIIND,,,,,,,,,,,chemicals,chemicals,,,,,,,,,,,,,,2026-03-20,,,,,,,,16.8,6.65,9.16,8640.47
2026-03-20T08:15:46.848,PREMIERPOL,,,,,,,,,,,plastic products,plastics products,,,,,,,,,,,,,,2026-03-20,,,,,,,,18.35,9.87,11.52,195.59
2026-03-20T08:15:46.848,ROSSTECH,,,,,,,,,,,aerospace & defence,engineering,,,,,,,,,,,,,,2026-03-20,,,,,,,,18.41,7.48,10.98,650.96
2026-03-20T08:15:46.848,JPOLYINVST,,,,,,,,,,,financials,finance & investments,,,,,,,,,,,,,,2026-03-20,,,,,,,,20.9,7.81,13.05,313.85
2026-03-20T08:15:46.848,AVANTIFEED,,,,,,,,,,,fmcg,food - processing - indian,,,,,,,,,,,,,,2026-03-20,,,,,,,,21.13,8.28,8.28,9084.04
2026-03-20T08:15:46.848,GVPIL,,,,,,,,,,,realty,engineering - turnkey services,,,,,,,,,,,,,,2026-03-20,,,,,,,,21.23,6.03,10.19,918.64
2026-03-20T08:15:46.848,SUMEETINDS,,,,,,,,,,,textiles,textiles - manmade,,,,,,,,,,,,,,2026-03-20,,,,,,,,26.35,7.78,10.98,159.66
2026-03-20T08:15:46.848,APEX,,,,,,,,,,,fmcg,aquaculture,,,,,,,,,,,,,,2026-03-20,,,,,,,,26.66,18.67,21.31,306.17
2026-03-20T08:15:46.848,ICEMAKE,,,,,,,,,,,industrials,engineering,,,,,,,,,,,,,,2026-03-20,,,,,,,,28.87,9.86,9.86,314.57
2026-03-19T23:11:28.775,WHEELS,,,,,,,,,,,auto,auto ancillaries,,,,,,,,,,,,,,2026-03-19,,,,,,,,1.15,9.05,13.47,1008.97
2026-03-19T23:11:28.775,CCL,,,,,,,,,,,fmcg,tea,,,,,,,,,,,,,,2026-03-19,,,,,,,,3.73,3.34,4.87,7442.63
2026-03-19T23:11:28.775,AGIIL,,,,,,,,,,,realty,construction,,,,,,,,,,,,,,2026-03-19,,,,,,,,4.58,5.21,8.57,1012.42
2026-03-19T23:11:28.775,VTL,,,,,,,,,,,textiles,textiles - cotton/blended,,,,,,,,,,,,,,2026-03-19,,,,,,,,5.47,6.6,7.26,5442.9
2026-03-19T23:11:28.775,SEAMECLTD,,,,,,,,,,,miscellaneous,miscellaneous,,,,,,,,,,,,,,2026-03-19,,,,,,,,5.75,8.01,8.58,945.79
2026-03-19T23:11:28.775,INDSWFTLAB,,,,,,,,,,,healthcare,pharmaceuticals - indian - bulk drugs & formln,,,,,,,,,,,,,,2026-03-19,,,,,,,,6.51,8.69,10.21,701.6
2026-03-19T23:11:28.775,GRANULES,,,,,,,,,,,healthcare,pharmaceuticals - indian - bulk drugs & formln,,,,,,,,,,,,,,2026-03-19,,,,,,,,7.1,4.43,6.14,8648.1
2026-03-19T23:11:28.775,J&KBANK,,,,,,,,,,,bank,banks - private sector,,,,,,,,,,,,,,2026-03-19,,,,,,,,7.71,5.95,9.66,5301.52
2026-03-19T23:11:28.775,STYLAMIND,,,,,,,,,,,building materials,miscellaneous,,,,,,,,,,,,,,2026-03-19,,,,,,,,8.83,1.54,1.54,1795.03
2026-03-19T23:11:28.775,HAPPYFORGE,,,,,,,,,,,industrials,castings & forgings,,,,,,,,,,,,,,2026-03-19,,,,,,,,9.05,7.53,10.61,2526.93
2026-03-19T23:11:28.775,SAKAR,,,,,,,,,,,healthcare,pharmaceuticals - indian - bulk drugs & formln,,,,,,,,,,,,,,2026-03-19,,,,,,,,9.29,12.56,14.65,549.88
2026-03-19T23:11:28.775,VENUSREM,,,,,,,,,,,healthcare,pharmaceuticals - indian - formulations,,,,,,,,,,,,,,2026-03-19,,,,,,,,9.46,10.22,11.13,665.93
2026-03-19T23:11:28.775,STLTECH,,,,,,,,,,,industrials,cables - telephone,,,,,,,,,,,,,,2026-03-19,,,,,,,,10.14,13.79,18.82,5012.54
2026-03-19T23:11:28.775,CENTUM,,,,,,,,,,,consumer discretionary,electronics - components,,,,,,,,,,,,,,2026-03-19,,,,,,,,10.45,10.38,13.3,2133.12
2026-03-19T23:11:28.775,GODAVARIB,,,,,,,,,,,fmcg,sugar,,,,,,,,,,,,,,2026-03-19,,,,,,,,10.5,18.51,22.71,585.99
2026-03-19T23:11:28.775,ABSLAMC,,,,,,,,,,,financials,finance & investments,,,,,,,,,,,,,,2026-03-19,,,,,,,,10.81,6.87,7.99,6786.53
2026-03-19T23:11:28.775,SANSERA,,,,,,,,,,,auto,auto ancillaries,,,,,,,,,,,,,,2026-03-19,,,,,,,,10.9,9.53,13.49,9275.38
2026-03-19T23:11:28.775,MTARTECH,,,,,,,,,,,aerospace & defence,engineering,,,,,,,,,,,,,,2026-03-19,,,,,,,,10.91,8.2,12.87,7456.0
2026-03-19T23:11:28.775,CIEINDIA,,,,,,,,,,,industrials,castings & forgings,,,,,,,,,,,,,,2026-03-19,,,,,,,,11.2,8.72,13.32,6078.06
2026-03-19T23:11:28.775,NATCOPHARM,,,,,,,,,,,healthcare,pharmaceuticals - indian - bulk drugs & formln,,,,,,,,,,,,,,2026-03-19,,,,,,,,11.42,5.5,10.09,8487.45
2026-03-19T23:11:28.775,NLCINDIA,,,,,,,,,,,power & utilities,power generation and supply,,,,,,,,,,,,,,2026-03-19,,,,,,,,11.48,5.57,7.78,9970.44
2026-03-19T23:11:28.775,ARVIND,,,,,,,,,,,textiles,textiles - cotton/blended,,,,,,,,,,,,,,2026-03-19,,,,,,,,11.67,7.42,11.58,5655.83
2026-03-19T23:11:28.775,AEROFLEX,,,,,,,,,,,metals & mining,steel - medium / small,,,,,,,,,,,,,,2026-03-19,,,,,,,,12.1,14.58,15.42,984.54
2026-03-19T23:11:28.775,PFOCUS,,,,,,,,,,,realty,miscellaneous,,,,,,,,,,,,,,2026-03-19,,,,,,,,12.87,6.1,8.78,7798.68
2026-03-19T23:11:28.775,MRPL,,,,,,,,,,,energy,refineries,,,,,,,,,,,,,,2026-03-19,,,,,,,,12.97,15.22,21.9,3697.28
2026-03-19T23:11:28.775,DYNAMATECH,,,,,,,,,,,industrials,engineering,,,,,,,,,,,,,,2026-03-19,,,,,,,,13.27,9.97,13.36,3749.6
2026-03-19T23:11:28.775,LUMAXTECH,,,,,,,,,,,auto,auto ancillaries,,,,,,,,,,,,,,2026-03-19,,,,,,,,13.63,14.61,25.24,4726.42
2026-03-19T23:11:28.775,MANGLMCEM,,,,,,,,,,,building materials,cement - north india,,,,,,,,,,,,,,2026-03-19,,,,,,,,14.11,6.44,6.6,1332.52
2026-03-19T23:11:28.775,PRIVISCL,,,,,,,,,,,chemicals,chemicals,,,,,,,,,,,,,,2026-03-19,,,,,,,,14.96,7.14,9.03,4503.02
2026-03-19T23:11:28.775,BLISSGVS,,,,,,,,,,,healthcare,pharmaceuticals - indian - formulations,,,,,,,,,,,,,,2026-03-19,,,,,,,,15.05,8.7,12.78,1416.86
2026-03-19T23:11:28.775,DIVGIITTS,,,,,,,,,,,auto,auto ancillaries,,,,,,,,,,,,,,2026-03-19,,,,,,,,15.14,7.28,10.4,821.89
2026-03-19T23:11:28.775,SKYGOLD,,,,,,,,,,,consumer discretionary,diamond cutting / jewellery,,,,,,,,,,,,,,2026-03-19,,,,,,,,15.15,8.63,9.46,2542.4
2026-03-19T23:11:28.775,SMSPHARMA,,,,,,,,,,,healthcare,pharmaceuticals - indian - bulk drugs,,,,,,,,,,,,,,2026-03-19,,,,,,,,15.63,6.78,13.14,1094.9
2026-03-19T23:11:28.775,BAJAJCON,,,,,,,,,,,fmcg,personal care - indian,,,,,,,,,,,,,,2026-03-19,,,,,,,,15.83,8.14,12.03,2562.57
2026-03-19T23:11:28.775,PRECWIRE,,,,,,,,,,,metals & mining,mining / minerals / metals,,,,,,,,,,,,,,2026-03-19,,,,,,,,15.88,12.18,16.67,2375.77
2026-03-19T23:11:28.775,DBOL,,,,,,,,,,,fmcg,sugar,,,,,,,,,,,,,,2026-03-19,,,,,,,,16.3,4.65,9.92,316.05
2026-03-19T23:11:28.775,AARTIIND,,,,,,,,,,,chemicals,chemicals,,,,,,,,,,,,,,2026-03-19,,,,,,,,16.8,6.65,9.16,8640.47
2026-03-19T23:11:28.775,PREMIERPOL,,,,,,,,,,,plastic products,plastics products,,,,,,,,,,,,,,2026-03-19,,,,,,,,18.35,9.87,11.52,195.59
2026-03-19T23:11:28.775,ROSSTECH,,,,,,,,,,,aerospace & defence,engineering,,,,,,,,,,,,,,2026-03-19,,,,,,,,18.41,7.48,10.98,650.96
2026-03-19T23:11:28.775,JPOLYINVST,,,,,,,,,,,financials,finance & investments,,,,,,,,,,,,,,2026-03-19,,,,,,,,20.9,7.81,13.05,313.85
2026-03-19T23:11:28.775,AVANTIFEED,,,,,,,,,,,fmcg,food - processing - indian,,,,,,,,,,,,,,2026-03-19,,,,,,,,21.13,8.28,8.28,9084.04
2026-03-19T23:11:28.775,GVPIL,,,,,,,,,,,realty,engineering - turnkey services,,,,,,,,,,,,,,2026-03-19,,,,,,,,21.23,6.03,10.19,918.64
2026-03-19T23:11:28.775,SUMEETINDS,,,,,,,,,,,textiles,textiles - manmade,,,,,,,,,,,,,,2026-03-19,,,,,,,,26.35,7.78,10.98,159.66
2026-03-19T23:11:28.775,APEX,,,,,,,,,,,fmcg,aquaculture,,,,,,,,,,,,,,2026-03-19,,,,,,,,26.66,18.67,21.31,306.17
2026-03-19T23:11:28.775,ICEMAKE,,,,,,,,,,,industrials,engineering,,,,,,,,,,,,,,2026-03-19,,,,,,,,28.87,9.86,9.86,314.57
2026-03-17T08:19:14.71,AEROFLEX,,,,,,,,,,,metals & mining,steel - medium / small,,,,,,,,,,,,,,2026-03-17,,,,,,,,1.63,10.96,15.66,1053.9
2026-03-17T08:19:14.71,MRPL,,,,,,,,,,,energy,refineries,,,,,,,,,,,,,,2026-03-17,,,,,,,,2.61,20.73,20.73,4137.28
2026-03-17T08:19:14.71,CCL,,,,,,,,,,,fmcg,tea,,,,,,,,,,,,,,2026-03-17,,,,,,,,2.89,4.91,4.91,7507.39
2026-03-17T08:19:14.71,VENUSREM,,,,,,,,,,,healthcare,pharmaceuticals - indian - formulations,,,,,,,,,,,,,,2026-03-17,,,,,,,,3.49,8.88,24.16,709.8
2026-03-17T08:19:14.71,VTL,,,,,,,,,,,textiles,textiles - cotton/blended,,,,,,,,,,,,,,2026-03-17,,,,,,,,3.75,4.59,5.08,5463.98
2026-03-17T08:19:14.71,J&KBANK,,,,,,,,,,,bank,banks - private sector,,,,,,,,,,,,,,2026-03-17,,,,,,,,3.75,10.29,13.81,5528.64
2026-03-17T08:19:14.71,SBC,,,,,,,,,,,textiles,textiles - products,,,,,,,,,,,,,,2026-03-17,,,,,,,,4.6,10.75,11.5,740.96
2026-03-17T08:19:14.71,SEAMECLTD,,,,,,,,,,,miscellaneous,miscellaneous,,,,,,,,,,,,,,2026-03-17,,,,,,,,4.96,8.67,9.23,953.76
2026-03-17T08:19:14.71,AETHER,,,,,,,,,,,chemicals,chemicals,,,,,,,,,,,,,,2026-03-17,,,,,,,,5.4,10.66,10.66,3398.34
2026-03-17T08:19:14.71,ORICONENT,,,,,,,,,,,industrials,packaging,,,,,,,,,,,,,,2026-03-17,,,,,,,,5.46,4.32,5.23,356.46
2026-03-17T08:19:14.71,WHEELS,,,,,,,,,,,auto,auto ancillaries,,,,,,,,,,,,,,2026-03-17,,,,,,,,5.96,7.47,7.47,937.31
2026-03-17T08:19:14.71,KTKBANK,,,,,,,,,,,bank,banks - private sector,,,,,,,,,,,,,,2026-03-17,,,,,,,,6.57,9.17,12.28,8232.12
2026-03-17T08:19:14.71,HAPPYFORGE,,,,,,,,,,,industrials,castings & forgings,,,,,,,,,,,,,,2026-03-17,,,,,,,,7.74,7.95,12.03,2563.44
2026-03-17T08:19:14.71,MBAPL,,,,,,,,,,,chemicals,fertilizers,,,,,,,,,,,,,,2026-03-17,,,,,,,,8.2,7.45,7.45,993.84
2026-03-17T08:19:14.71,STYLAMIND,,,,,,,,,,,building materials,miscellaneous,,,,,,,,,,,,,,2026-03-17,,,,,,,,8.87,0.96,0.96,1794.3
2026-03-17T08:19:14.71,ABSLAMC,,,,,,,,,,,financials,finance & investments,,,,,,,,,,,,,,2026-03-17,,,,,,,,8.99,9.12,18.97,6925.03
2026-03-17T08:19:14.71,MAHASTEEL,,,,,,,,,,,metals & mining,steel - medium / small,,,,,,,,,,,,,,2026-03-17,,,,,,,,10.26,16.93,20.14,421.15
2026-03-17T08:19:14.71,CHENNPETRO,,,,,,,,,,,energy,refineries,,,,,,,,,,,,,,2026-03-17,,,,,,,,10.38,15.57,15.57,4815.55
2026-03-17T08:19:14.71,NATCOPHARM,,,,,,,,,,,healthcare,pharmaceuticals - indian - bulk drugs & formln,,,,,,,,,,,,,,2026-03-17,,,,,,,,10.66,9.69,12.8,8560.74
2026-03-17T08:19:14.71,STLTECH,,,,,,,,,,,industrials,cables - telephone,,,,,,,,,,,,,,2026-03-17,,,,,,,,10.8,16.15,16.15,4976.21
2026-03-17T08:19:14.71,PFOCUS,,,,,,,,,,,realty,miscellaneous,,,,,,,,,,,,,,2026-03-17,,,,,,,,11.34,12.29,12.5,7935.69
2026-03-17T08:19:14.71,MTARTECH,,,,,,,,,,,aerospace & defence,engineering,,,,,,,,,,,,,,2026-03-17,,,,,,,,12.29,7.89,15.14,7340.08
2026-03-17T08:19:14.71,PREMIERPOL,,,,,,,,,,,plastic products,plastics products,,,,,,,,,,,,,,2026-03-17,,,,,,,,12.85,16.41,18.67,208.75
2026-03-17T08:19:14.71,STAR,,,,,,,,,,,healthcare,pharmaceuticals - indian - bulk drugs & formln,,,,,,,,,,,,,,2026-03-17,,,,,,,,12.98,6.64,8.13,5930.7
2026-03-17T08:19:14.71,MAHLOG,,,,,,,,,,,transportation,miscellaneous,,,,,,,,,,,,,,2026-03-17,,,,,,,,13.18,10.19,12.34,1505.15
2026-03-17T08:19:14.71,ARVIND,,,,,,,,,,,textiles,textiles - cotton/blended,,,,,,,,,,,,,,2026-03-17,,,,,,,,13.21,10.22,10.22,5557.56
2026-03-17T08:19:14.71,LINCOLN,,,,,,,,,,,healthcare,pharmaceuticals - indian - formulations,,,,,,,,,,,,,,2026-03-17,,,,,,,,13.69,9.44,14.09,587.79
2026-03-17T08:19:14.71,AARTIIND,,,,,,,,,,,chemicals,chemicals,,,,,,,,,,,,,,2026-03-17,,,,,,,,14.11,10.69,10.75,8919.5
2026-03-17T08:19:14.71,DATAPATTNS,,,,,,,,,,,aerospace & defence,electronics - components,,,,,,,,,,,,,,2026-03-17,,,,,,,,14.23,10.41,17.84,9981.67
2026-03-17T08:19:14.71,CIEINDIA,,,,,,,,,,,industrials,castings & forgings,,,,,,,,,,,,,,2026-03-17,,,,,,,,14.65,10.26,11.47,5841.89
2026-03-17T08:19:14.71,DYNAMATECH,,,,,,,,,,,industrials,engineering,,,,,,,,,,,,,,2026-03-17,,,,,,,,14.78,10.85,18.78,3684.46
2026-03-17T08:19:14.71,TDPOWERSYS,,,,,,,,,,,industrials,electric equipment,,,,,,,,,,,,,,2026-03-17,,,,,,,,14.81,7.5,12.91,9080.06
2026-03-17T08:19:14.71,NGLFINE,,,,,,,,,,,healthcare,pharmaceuticals - indian - bulk drugs,,,,,,,,,,,,,,2026-03-17,,,,,,,,15.34,21.73,21.73,367.18
2026-03-17T08:19:14.71,SANSERA,,,,,,,,,,,auto,auto ancillaries,,,,,,,,,,,,,,2026-03-17,,,,,,,,15.41,10.51,13.5,8805.73
2026-03-17T08:19:14.71,DBOL,,,,,,,,,,,fmcg,sugar,,,,,,,,,,,,,,2026-03-17,,,,,,,,15.47,9.32,11.3,319.16
2026-03-17T08:19:14.71,MANOMAY,,,,,,,,,,,textiles,textiles - products,,,,,,,,,,,,,,2026-03-17,,,,,,,,15.87,16.74,16.74,168.48
2026-03-17T08:19:14.71,GODAVARIB,,,,,,,,,,,fmcg,sugar,,,,,,,,,,,,,,2026-03-17,,,,,,,,16.12,6.39,12.57,549.19
2026-03-17T08:19:14.71,PRIVISCL,,,,,,,,,,,chemicals,chemicals,,,,,,,,,,,,,,2026-03-17,,,,,,,,17.93,5.61,8.63,4345.88
2026-03-17T08:19:14.71,RISHABH,,,,,,,,,,,industrials,electric equipment,,,,,,,,,,,,,,2026-03-17,,,,,,,,18.07,10.81,11.08,468.41
2026-03-17T08:19:14.71,AVANTIFEED,,,,,,,,,,,fmcg,food - processing - indian,,,,,,,,,,,,,,2026-03-17,,,,,,,,18.34,7.39,10.83,9405.04
2026-03-17T08:19:14.71,PRECWIRE,,,,,,,,,,,metals & mining,mining / minerals / metals,,,,,,,,,,,,,,2026-03-17,,,,,,,,19.64,24.07,28.21,2269.49
2026-03-17T08:19:14.71,RAMANEWS,,,,,,,,,,,miscellaneous,miscellaneous,,,,,,,,,,,,,,2026-03-17,,,,,,,,21.33,16.37,22.81,131.17
2026-03-17T08:19:14.71,RACLGEAR,,,,,,,,,,,auto,auto ancillaries,,,,,,,,,,,,,,2026-03-17,,,,,,,,24.43,10.27,18.78,863.89
2026-03-17T08:19:14.71,SUMEETINDS,,,,,,,,,,,textiles,textiles - manmade,,,,,,,,,,,,,,2026-03-17,,,,,,,,25.21,11.31,11.56,162.13
2026-03-17T08:19:14.71,ICEMAKE,,,,,,,,,,,industrials,engineering,,,,,,,,,,,,,,2026-03-17,,,,,,,,27.02,7.84,10.77,322.75
2026-03-16T23:24:40.842,AEROFLEX,,,,,,,,,,,metals & mining,steel - medium / small,,,,,,,,,,,,,,2026-03-16,,,,,,,,1.63,10.96,15.66,1053.9
2026-03-16T23:24:40.842,MRPL,,,,,,,,,,,energy,refineries,,,,,,,,,,,,,,2026-03-16,,,,,,,,2.61,20.73,20.73,4137.28
2026-03-16T23:24:40.842,CCL,,,,,,,,,,,fmcg,tea,,,,,,,,,,,,,,2026-03-16,,,,,,,,2.89,4.91,4.91,7507.39
2026-03-16T23:24:40.842,VENUSREM,,,,,,,,,,,healthcare,pharmaceuticals - indian - formulations,,,,,,,,,,,,,,2026-03-16,,,,,,,,3.49,8.88,24.16,709.8
2026-03-16T23:24:40.842,VTL,,,,,,,,,,,textiles,textiles - cotton/blended,,,,,,,,,,,,,,2026-03-16,,,,,,,,3.75,4.59,5.08,5463.98
2026-03-16T23:24:40.842,J&KBANK,,,,,,,,,,,bank,banks - private sector,,,,,,,,,,,,,,2026-03-16,,,,,,,,3.75,10.29,13.81,5528.64
2026-03-16T23:24:40.842,SBC,,,,,,,,,,,textiles,textiles - products,,,,,,,,,,,,,,2026-03-16,,,,,,,,4.6,10.75,11.5,740.96
2026-03-16T23:24:40.842,SEAMECLTD,,,,,,,,,,,miscellaneous,miscellaneous,,,,,,,,,,,,,,2026-03-16,,,,,,,,4.96,8.67,9.23,953.76
2026-03-16T23:24:40.842,AETHER,,,,,,,,,,,chemicals,chemicals,,,,,,,,,,,,,,2026-03-16,,,,,,,,5.4,10.66,10.66,3398.34
2026-03-16T23:24:40.842,ORICONENT,,,,,,,,,,,industrials,packaging,,,,,,,,,,,,,,2026-03-16,,,,,,,,5.46,4.32,5.23,356.46
2026-03-16T23:24:40.842,WHEELS,,,,,,,,,,,auto,auto ancillaries,,,,,,,,,,,,,,2026-03-16,,,,,,,,5.96,7.47,7.47,937.31
2026-03-16T23:24:40.842,KTKBANK,,,,,,,,,,,bank,banks - private sector,,,,,,,,,,,,,,2026-03-16,,,,,,,,6.57,9.17,12.28,8232.12
2026-03-16T23:24:40.842,HAPPYFORGE,,,,,,,,,,,industrials,castings & forgings,,,,,,,,,,,,,,2026-03-16,,,,,,,,7.74,7.95,12.03,2563.44
2026-03-16T23:24:40.842,MBAPL,,,,,,,,,,,chemicals,fertilizers,,,,,,,,,,,,,,2026-03-16,,,,,,,,8.2,7.45,7.45,993.84
2026-03-16T23:24:40.842,STYLAMIND,,,,,,,,,,,building materials,miscellaneous,,,,,,,,,,,,,,2026-03-16,,,,,,,,8.87,0.96,0.96,1794.3
2026-03-16T23:24:40.842,ABSLAMC,,,,,,,,,,,financials,finance & investments,,,,,,,,,,,,,,2026-03-16,,,,,,,,8.99,9.12,18.97,6925.03
2026-03-16T23:24:40.842,MAHASTEEL,,,,,,,,,,,metals & mining,steel - medium / small,,,,,,,,,,,,,,2026-03-16,,,,,,,,10.26,16.93,20.14,421.15
2026-03-16T23:24:40.842,CHENNPETRO,,,,,,,,,,,energy,refineries,,,,,,,,,,,,,,2026-03-16,,,,,,,,10.38,15.57,15.57,4815.55
2026-03-16T23:24:40.842,NATCOPHARM,,,,,,,,,,,healthcare,pharmaceuticals - indian - bulk drugs & formln,,,,,,,,,,,,,,2026-03-16,,,,,,,,10.66,9.69,12.8,8560.74
2026-03-16T23:24:40.842,STLTECH,,,,,,,,,,,industrials,cables - telephone,,,,,,,,,,,,,,2026-03-16,,,,,,,,10.8,16.15,16.15,4976.21
2026-03-16T23:24:40.842,PFOCUS,,,,,,,,,,,realty,miscellaneous,,,,,,,,,,,,,,2026-03-16,,,,,,,,11.34,12.29,12.5,7935.69
2026-03-16T23:24:40.842,MTARTECH,,,,,,,,,,,aerospace & defence,engineering,,,,,,,,,,,,,,2026-03-16,,,,,,,,12.29,7.89,15.14,7340.08
2026-03-16T23:24:40.842,PREMIERPOL,,,,,,,,,,,plastic products,plastics products,,,,,,,,,,,,,,2026-03-16,,,,,,,,12.85,16.41,18.67,208.75
2026-03-16T23:24:40.842,STAR,,,,,,,,,,,healthcare,pharmaceuticals - indian - bulk drugs & formln,,,,,,,,,,,,,,2026-03-16,,,,,,,,12.98,6.64,8.13,5930.7
2026-03-16T23:24:40.842,MAHLOG,,,,,,,,,,,transportation,miscellaneous,,,,,,,,,,,,,,2026-03-16,,,,,,,,13.18,10.19,12.34,1505.15
2026-03-16T23:24:40.842,ARVIND,,,,,,,,,,,textiles,textiles - cotton/blended,,,,,,,,,,,,,,2026-03-16,,,,,,,,13.21,10.22,10.22,5557.56
2026-03-16T23:24:40.842,LINCOLN,,,,,,,,,,,healthcare,pharmaceuticals - indian - formulations,,,,,,,,,,,,,,2026-03-16,,,,,,,,13.69,9.44,14.09,587.79
2026-03-16T23:24:40.842,AARTIIND,,,,,,,,,,,chemicals,chemicals,,,,,,,,,,,,,,2026-03-16,,,,,,,,14.11,10.69,10.75,8919.5
2026-03-16T23:24:40.842,DATAPATTNS,,,,,,,,,,,aerospace & defence,electronics - components,,,,,,,,,,,,,,2026-03-16,,,,,,,,14.23,10.41,17.84,9981.67
2026-03-16T23:24:40.842,CIEINDIA,,,,,,,,,,,industrials,castings & forgings,,,,,,,,,,,,,,2026-03-16,,,,,,,,14.65,10.26,11.47,5841.89
2026-03-16T23:24:40.842,DYNAMATECH,,,,,,,,,,,industrials,engineering,,,,,,,,,,,,,,2026-03-16,,,,,,,,14.78,10.85,18.78,3684.46
2026-03-16T23:24:40.842,TDPOWERSYS,,,,,,,,,,,industrials,electric equipment,,,,,,,,,,,,,,2026-03-16,,,,,,,,14.81,7.5,12.91,9080.06
2026-03-16T23:24:40.842,NGLFINE,,,,,,,,,,,healthcare,pharmaceuticals - indian - bulk drugs,,,,,,,,,,,,,,2026-03-16,,,,,,,,15.34,21.73,21.73,367.18
2026-03-16T23:24:40.842,SANSERA,,,,,,,,,,,auto,auto ancillaries,,,,,,,,,,,,,,2026-03-16,,,,,,,,15.41,10.51,13.5,8805.73
2026-03-16T23:24:40.842,DBOL,,,,,,,,,,,fmcg,sugar,,,,,,,,,,,,,,2026-03-16,,,,,,,,15.47,9.32,11.3,319.16
2026-03-16T23:24:40.842,MANOMAY,,,,,,,,,,,textiles,textiles - products,,,,,,,,,,,,,,2026-03-16,,,,,,,,15.87,16.74,16.74,168.48
2026-03-16T23:24:40.842,GODAVARIB,,,,,,,,,,,fmcg,sugar,,,,,,,,,,,,,,2026-03-16,,,,,,,,16.12,6.39,12.57,549.19
2026-03-16T23:24:40.842,PRIVISCL,,,,,,,,,,,chemicals,chemicals,,,,,,,,,,,,,,2026-03-16,,,,,,,,17.93,5.61,8.63,4345.88
2026-03-16T23:24:40.842,RISHABH,,,,,,,,,,,industrials,electric equipment,,,,,,,,,,,,,,2026-03-16,,,,,,,,18.07,10.81,11.08,468.41
2026-03-16T23:24:40.842,AVANTIFEED,,,,,,,,,,,fmcg,food - processing - indian,,,,,,,,,,,,,,2026-03-16,,,,,,,,18.34,7.39,10.83,9405.04
2026-03-16T23:24:40.842,PRECWIRE,,,,,,,,,,,metals & mining,mining / minerals / metals,,,,,,,,,,,,,,2026-03-16,,,,,,,,19.64,24.07,28.21,2269.49
2026-03-16T23:24:40.842,RAMANEWS,,,,,,,,,,,miscellaneous,miscellaneous,,,,,,,,,,,,,,2026-03-16,,,,,,,,21.33,16.37,22.81,131.17
2026-03-16T23:24:40.842,RACLGEAR,,,,,,,,,,,auto,auto ancillaries,,,,,,,,,,,,,,2026-03-16,,,,,,,,24.43,10.27,18.78,863.89
2026-03-16T23:24:40.842,SUMEETINDS,,,,,,,,,,,textiles,textiles - manmade,,,,,,,,,,,,,,2026-03-16,,,,,,,,25.21,11.31,11.56,162.13
2026-03-16T23:24:40.842,ICEMAKE,,,,,,,,,,,industrials,engineering,,,,,,,,,,,,,,2026-03-16,,,,,,,,27.02,7.84,10.77,322.75
2026-03-13T14:15:32.143,SWANDEF,,,,,,,,,,,transportation,miscellaneous,,,,,,,,,,,,,,2026-03-13,,,,,,,,0.0,19.72,24.73,642.27
2026-03-13T14:15:32.143,VENUSREM,,,,,,,,,,,healthcare,pharmaceuticals - indian - formulations,,,,,,,,,,,,,,2026-03-13,,,,,,,,4.32,21.27,39.96,703.72
2026-03-13T14:15:32.143,AEROFLEX,,,,,,,,,,,metals & mining,steel - medium / small,,,,,,,,,,,,,,2026-03-13,,,,,,,,4.5,8.61,16.44,982.37
2026-03-13T14:15:32.143,MAHASTEEL,,,,,,,,,,,metals & mining,steel - medium / small,,,,,,,,,,,,,,2026-03-13,,,,,,,,4.7,10.92,33.76,447.21
2026-03-13T14:15:32.143,AGIIL,,,,,,,,,,,realty,construction,,,,,,,,,,,,,,2026-03-13,,,,,,,,4.98,6.15,11.25,1008.12
2026-03-13T14:15:32.143,J&KBANK,,,,,,,,,,,bank,banks - private sector,,,,,,,,,,,,,,2026-03-13,,,,,,,,5.01,7.41,18.2,5456.22
2026-03-13T14:15:32.143,KTKBANK,,,,,,,,,,,bank,banks - private sector,,,,,,,,,,,,,,2026-03-13,,,,,,,,5.04,5.81,14.6,8366.36
2026-03-13T14:15:32.143,CCL,,,,,,,,,,,fmcg,tea,,,,,,,,,,,,,,2026-03-13,,,,,,,,5.06,4.91,8.27,7339.73
2026-03-13T14:15:32.143,WHEELS,,,,,,,,,,,auto,auto ancillaries,,,,,,,,,,,,,,2026-03-13,,,,,,,,7.53,6.34,12.31,921.72
2026-03-13T14:15:32.143,AETHER,,,,,,,,,,,chemicals,chemicals,,,,,,,,,,,,,,2026-03-13,,,,,,,,7.95,10.66,10.66,3307.01
2026-03-13T14:15:32.143,MBAPL,,,,,,,,,,,chemicals,fertilizers,,,,,,,,,,,,,,2026-03-13,,,,,,,,8.49,6.9,6.9,990.74
2026-03-13T14:15:32.143,STYLAMIND,,,,,,,,,,,building materials,miscellaneous,,,,,,,,,,,,,,2026-03-13,,,,,,,,8.9,0.96,3.01,1793.65
2026-03-13T14:15:32.143,NATCOPHARM,,,,,,,,,,,healthcare,pharmaceuticals - indian - bulk drugs & formln,,,,,,,,,,,,,,2026-03-13,,,,,,,,8.98,9.56,9.56,8720.89
2026-03-13T14:15:32.143,SAKAR,,,,,,,,,,,healthcare,pharmaceuticals - indian - bulk drugs & formln,,,,,,,,,,,,,,2026-03-13,,,,,,,,9.04,9.71,11.8,543.8
2026-03-13T14:15:32.143,STLTECH,,,,,,,,,,,industrials,cables - telephone,,,,,,,,,,,,,,2026-03-13,,,,,,,,9.24,13.91,24.68,5062.98
2026-03-13T14:15:32.143,INDSWFTLAB,,,,,,,,,,,healthcare,pharmaceuticals - indian - bulk drugs & formln,,,,,,,,,,,,,,2026-03-13,,,,,,,,9.53,9.28,16.71,678.94
2026-03-13T14:15:32.143,ABSLAMC,,,,,,,,,,,financials,finance & investments,,,,,,,,,,,,,,2026-03-13,,,,,,,,9.7,8.36,20.95,6870.51
2026-03-13T14:15:32.143,HAPPYFORGE,,,,,,,,,,,industrials,castings & forgings,,,,,,,,,,,,,,2026-03-13,,,,,,,,10.29,10.6,13.03,2492.46
2026-03-13T14:15:32.143,PFOCUS,,,,,,,,,,,realty,miscellaneous,,,,,,,,,,,,,,2026-03-13,,,,,,,,11.62,10.89,11.1,7911.33
2026-03-13T14:15:32.143,STAR,,,,,,,,,,,healthcare,pharmaceuticals - indian - bulk drugs & formln,,,,,,,,,,,,,,2026-03-13,,,,,,,,12.44,5.73,11.71,5967.61
2026-03-13T14:15:32.143,MTARTECH,,,,,,,,,,,aerospace & defence,engineering,,,,,,,,,,,,,,2026-03-13,,,,,,,,12.7,10.44,11.9,7305.49
2026-03-13T14:15:32.143,DBOL,,,,,,,,,,,fmcg,sugar,,,,,,,,,,,,,,2026-03-13,,,,,,,,13.24,8.65,14.45,327.58
2026-03-13T14:15:32.143,SCI,,,,,,,,,,,transportation,shipping,,,,,,,,,,,,,,2026-03-13,,,,,,,,13.65,8.81,13.38,4089.69
2026-03-13T14:15:32.143,AARTIIND,,,,,,,,,,,chemicals,chemicals,,,,,,,,,,,,,,2026-03-13,,,,,,,,13.7,8.67,14.36,8962.51
2026-03-13T14:15:32.143,MAHLOG,,,,,,,,,,,transportation,miscellaneous,,,,,,,,,,,,,,2026-03-13,,,,,,,,14.03,10.68,12.52,1490.52
2026-03-13T14:15:32.143,SMSPHARMA,,,,,,,,,,,healthcare,pharmaceuticals - indian - bulk drugs,,,,,,,,,,,,,,2026-03-13,,,,,,,,14.13,18.47,19.94,1114.34
2026-03-13T14:15:32.143,TDPOWERSYS,,,,,,,,,,,industrials,electric equipment,,,,,,,,,,,,,,2026-03-13,,,,,,,,15.14,8.18,10.91,9044.65
2026-03-13T14:15:32.143,PREMIERPOL,,,,,,,,,,,plastic products,plastics products,,,,,,,,,,,,,,2026-03-13,,,,,,,,15.43,13.31,20.06,202.58
2026-03-13T14:15:32.143,MRPL,,,,,,,,,,,energy,refineries,,,,,,,,,,,,,,2026-03-13,,,,,,,,15.84,10.22,18.86,3575.03
2026-03-13T14:15:32.143,CIEINDIA,,,,,,,,,,,industrials,castings & forgings,,,,,,,,,,,,,,2026-03-13,,,,,,,,16.13,9.06,9.06,5740.39
2026-03-13T14:15:32.143,DIVGIITTS,,,,,,,,,,,auto,auto ancillaries,,,,,,,,,,,,,,2026-03-13,,,,,,,,16.15,15.34,16.45,812.06
2026-03-13T14:15:32.143,BLISSGVS,,,,,,,,,,,healthcare,pharmaceuticals - indian - formulations,,,,,,,,,,,,,,2026-03-13,,,,,,,,16.26,12.32,13.32,1396.62
2026-03-13T14:15:32.143,JPOLYINVST,,,,,,,,,,,financials,finance & investments,,,,,,,,,,,,,,2026-03-13,,,,,,,,16.32,18.11,45.21,332.05
2026-03-13T14:15:32.143,CHENNPETRO,,,,,,,,,,,energy,refineries,,,,,,,,,,,,,,2026-03-13,,,,,,,,16.46,10.43,17.33,4488.93
2026-03-13T14:15:32.143,NGLFINE,,,,,,,,,,,healthcare,pharmaceuticals - indian - bulk drugs,,,,,,,,,,,,,,2026-03-13,,,,,,,,16.52,21.73,21.73,362.06
2026-03-13T14:15:32.143,PRIVISCL,,,,,,,,,,,chemicals,chemicals,,,,,,,,,,,,,,2026-03-13,,,,,,,,18.06,4.59,6.19,4339.11
2026-03-13T14:15:32.143,ROSSTECH,,,,,,,,,,,aerospace & defence,engineering,,,,,,,,,,,,,,2026-03-13,,,,,,,,18.33,9.26,9.47,651.58
2026-03-13T14:15:32.143,PRECWIRE,,,,,,,,,,,metals & mining,mining / minerals / metals,,,,,,,,,,,,,,2026-03-13,,,,,,,,18.77,24.06,24.79,2294.08
2026-03-13T14:15:32.143,GODAVARIB,,,,,,,,,,,fmcg,sugar,,,,,,,,,,,,,,2026-03-13,,,,,,,,19.16,12.57,13.86,529.29
2026-03-13T14:15:32.143,AVANTIFEED,,,,,,,,,,,fmcg,food - processing - indian,,,,,,,,,,,,,,2026-03-13,,,,,,,,19.46,7.88,14.05,9275.87
2026-03-13T14:15:32.143,GVPIL,,,,,,,,,,,realty,engineering - turnkey services,,,,,,,,,,,,,,2026-03-13,,,,,,,,19.87,7.61,11.02,934.48
2026-03-13T14:15:32.143,GRWRHITECH,,,,,,,,,,,industrials,packaging,,,,,,,,,,,,,,2026-03-13,,,,,,,,20.29,11.21,11.21,3479.27
2026-03-13T14:15:32.143,ICEMAKE,,,,,,,,,,,industrials,engineering,,,,,,,,,,,,,,2026-03-13,,,,,,,,26.11,5.71,12.21,326.77
2026-03-13T14:15:32.143,RACLGEAR,,,,,,,,,,,auto,auto ancillaries,,,,,,,,,,,,,,2026-03-13,,,,,,,,26.9,18.54,18.54,835.58
2026-03-13T14:15:32.143,SUMEETINDS,,,,,,,,,,,textiles,textiles - manmade,,,,,,,,,,,,,,2026-03-13,,,,,,,,28.4,11.56,11.67,155.22
