Timestamp,Symbol,Cmp,%ch,Low 2%,Low5,Sl,Target,R_vol,Forward pe,Pe,Rsi,Sector,Industry,Adx,%ch sl,Rs,Srs,Ars,Is,Tps,Rs score,Scan_Date,From52wh,3d range,5d,Free float
2026-08-24T23:57:00.234,HFCL,238.42,4.57,223.57,218.01,220.33,265.56,1.2,40.0,59.38,65.2,telecom,cables - telephone,22.51,8.21,283.79,2.08,2.47,219.88,206.97,57.9,2026-08-24,,,,
2026-08-24T23:57:00.234,WELCORP,2409.2,4.21,2221.37,1882.0,1987.21,3042.19,4.05,15.18,26.39,91.53,industrials,steel - large,51.28,21.24,217.49,1.83,1.92,2184.6,2028.95,43.15,2026-08-24,,,,
2026-08-24T23:57:00.234,IDEA,14.07,0.93,13.69,13.5,13.47,14.97,0.61,-10.05,4.04,60.08,telecom-service,telecommunications - service provider,30.79,4.48,39.29,0.16,0.32,13.32,12.85,27.19,2026-08-24,,,,
2026-08-24T23:57:00.234,CHENNPETRO,1412.1,1.33,1360.34,1379.6,1370.02,1475.22,0.77,5.1,4.97,60.69,energy,refineries,28.02,3.07,70.7,0.47,0.47,1272.56,1207.81,26.34,2026-08-24,,,,
2026-08-24T23:57:00.234,SYRMA,1459.9,1.43,1412.18,1415.7,1463.01,1455.24,0.54,70.32,74.77,55.63,consumer discretionary,electronics - components,26.14,-0.21,118.79,0.62,0.94,1356.98,1291.89,25.5,2026-08-24,,,,
2026-08-24T23:57:00.234,NATIONALUM,403.3,2.24,389.55,379.0,393.75,417.63,0.74,9.24,10.73,62.37,metals & mining,aluminium and aluminium products,28.2,2.43,10.7,0.09,0.45,378.17,361.02,25.42,2026-08-24,,,,
2026-08-24T23:57:00.234,MCX,3268.0,2.61,3116.5,2916.0,2944.31,3753.54,1.21,50.4,20.63,72.24,financials,miscellaneous,27.37,10.99,41.23,0.26,0.55,3049.59,2907.49,23.21,2026-08-24,,,,
2026-08-24T23:57:00.234,HONASA,490.8,1.85,469.32,470.05,474.82,514.76,0.38,44.3,62.99,62.18,services,trading,21.89,3.36,78.33,0.5,0.85,458.77,436.95,18.52,2026-08-24,,,,
2026-08-24T23:57:00.234,WELSPUNLIV,190.43,0.64,184.85,167.8,169.93,221.18,0.81,28.17,62.04,72.9,textiles,textiles - products,31.04,12.06,51.77,0.28,0.39,173.53,165.42,15.24,2026-08-24,,,,
2026-08-24T23:57:00.234,FINCABLES,1291.6,2.47,1238.67,1250.0,1268.52,1326.23,0.74,19.83,24.1,67.46,industrials,cables - power,40.54,1.82,77.48,0.5,0.74,1171.86,1097.95,14.91,2026-08-24,,,,
2026-08-24T23:57:00.234,IFCI,82.48,1.94,79.09,78.36,78.43,88.56,0.57,171.83,126.42,65.39,financials,finance - term-lending institutions,17.73,5.17,40.82,0.27,0.68,77.16,74.07,13.71,2026-08-24,,,,
2026-08-24T23:57:00.234,KARURVYSYA,338.15,0.79,327.56,329.0,331.84,347.62,0.27,10.81,11.81,58.68,bank,banks - private sector,17.13,1.9,28.45,-0.04,0.35,324.94,315.88,12.98,2026-08-24,,,,
2026-08-24T23:57:00.234,ACMESOLAR,409.15,1.88,386.81,361.8,371.93,464.98,1.09,27.57,41.02,69.86,realty,engineering - turnkey services,19.42,10.01,98.19,0.63,0.88,378.14,357.24,12.94,2026-08-24,,,,
2026-08-24T23:57:00.234,IIFL,696.4,2.44,667.87,617.4,639.02,782.48,1.69,10.97,13.75,80.33,financials,finance & investments,52.68,8.98,29.33,0.29,0.21,649.73,623.33,12.88,2026-08-24,,,,
2026-08-24T23:57:00.234,PTCIL,21672.0,5.06,20090.0,19134.0,19611.09,24763.36,3.08,278.27,246.23,74.06,industrials,castings & forgings,41.04,10.51,21.69,0.12,0.11,19924.56,18741.99,12.85,2026-08-24,,,,
2026-08-24T23:57:00.234,REDINGTON,365.1,4.15,345.2,322.7,351.93,384.85,1.25,14.67,16.11,71.06,services,trading,42.68,3.74,40.86,0.34,0.32,331.95,312.78,12.35,2026-08-24,,,,
2026-08-24T23:57:00.234,HINDALCO,1058.5,2.37,1022.43,1013.0,1053.11,1066.58,0.73,8.38,14.0,60.61,metals & mining,aluminium and aluminium products,27.35,0.51,12.18,0.04,0.25,1009.79,973.27,11.9,2026-08-24,,,,
2026-08-24T23:57:00.234,ABCAPITAL,412.9,-0.02,399.89,393.8,402.4,428.65,0.51,23.14,27.15,56.02,financials,finance & investments,11.8,2.61,16.64,0.1,0.12,395.08,384.56,11.4,2026-08-24,,,,
2026-08-24T23:57:00.234,SAIL,179.65,3.57,171.22,169.32,171.69,191.59,2.85,11.28,16.78,61.06,metals & mining,steel - large,15.05,4.64,18.46,0.04,0.34,168.03,160.62,11.11,2026-08-24,,,,
2026-08-24T23:57:00.234,AUBANK,1114.0,0.52,1078.69,1063.7,1083.18,1160.23,0.86,26.2,29.0,65.09,bank,banks - private sector,25.39,2.85,11.39,-0.0,0.13,1074.51,1045.1,10.65,2026-08-24,,,,
2026-08-24T23:57:00.234,AARTIIND,543.15,3.03,514.89,516.2,521.69,575.34,1.2,31.8,36.01,67.34,chemicals,chemicals,26.59,4.11,56.86,0.11,0.5,507.53,483.66,10.65,2026-08-24,,,,
2026-08-24T23:57:00.234,HEG,722.75,1.69,694.72,696.0,708.0,744.87,0.45,28.5,38.23,67.45,industrials,electrodes - graphites,61.57,2.08,31.94,0.2,0.34,672.43,639.94,10.64,2026-08-24,,,,
2026-08-24T23:57:00.234,BAJAJ-AUTO,11800.0,0.86,11476.78,11534.0,11789.27,11816.1,0.57,25.54,27.78,65.33,auto,automobiles - scooters and 3 - wheelers,54.34,0.09,25.93,0.11,0.26,11466.53,11254.43,10.22,2026-08-24,,,,
2026-08-24T23:57:00.234,HINDZINC,604.0,1.53,580.99,548.8,579.02,641.47,2.85,11.67,14.73,65.27,metals & mining,mining / minerals / metals,21.15,4.31,-9.58,-0.06,0.19,566.82,549.13,9.41,2026-08-24,,,,
2026-08-24T23:57:00.234,MANAPPURAM,365.05,2.11,351.13,336.4,347.51,391.36,1.95,14.65,21.81,59.97,financials,finance & investments,15.73,5.05,21.65,0.1,0.3,343.63,332.41,8.85,2026-08-24,,,,
2026-08-24T23:57:00.234,EICHERMOT,8047.0,0.46,7810.6,7947.5,8049.98,8042.53,0.36,37.74,38.06,60.65,auto,automobiles - motorcycles / mopeds,33.94,-0.04,14.16,-0.07,0.09,7812.78,7665.12,8.67,2026-08-24,,,,
2026-08-24T23:57:00.234,ENGINERSIN,254.83,4.05,238.95,235.34,240.34,276.56,2.0,22.67,17.56,63.89,realty,engineering - turnkey services,26.48,6.03,44.8,0.09,0.3,236.1,223.72,8.03,2026-08-24,,,,
2026-08-24T23:57:00.234,GRAPHITE,718.75,1.13,694.72,706.1,729.0,703.38,0.42,20.37,65.09,57.92,industrials,electrodes - graphites,39.46,-1.41,13.05,-0.04,0.32,675.98,651.16,7.76,2026-08-24,,,,
2026-08-24T23:57:00.234,CARTRADE,3138.6,2.14,2993.02,2770.0,2764.77,3699.34,0.54,73.4,63.42,71.1,consumer discretionary,miscellaneous,37.53,13.52,23.83,0.46,0.1,2906.5,2742.83,7.67,2026-08-24,,,,
2026-08-24T23:57:00.234,SIEMENS,4114.0,4.95,3825.23,3875.3,3970.93,4328.6,3.38,17.09,42.6,69.46,industrials,electric equipment,28.33,3.6,40.5,0.18,0.24,3894.34,3733.8,7.3,2026-08-24,,,,
2026-08-24T23:57:00.234,JSWSTEEL,1327.0,2.57,1269.39,1262.1,1281.03,1395.95,2.24,17.41,12.74,63.74,metals & mining,steel - large,25.88,3.59,12.07,-0.01,0.15,1274.67,1235.42,6.01,2026-08-24,,,,
2026-08-24T23:57:00.234,GLENMARK,2390.7,3.14,2249.39,2222.5,2282.85,2552.48,1.31,34.93,36.38,63.93,healthcare,pharmaceuticals - indian - bulk drugs & formln,12.96,4.72,19.73,0.08,0.2,2262.8,2171.18,4.72,2026-08-24,,,,
2026-08-24T23:57:00.234,OIL,477.0,0.42,462.56,465.0,470.09,487.36,0.26,5.34,9.25,60.21,energy,oil drilling / allied services,31.12,1.47,9.39,-0.08,0.14,453.75,438.56,4.23,2026-08-24,,,,
2026-08-24T23:57:00.234,ASTRAL,1532.8,0.28,1490.58,1516.2,1513.55,1561.68,0.37,85.73,71.33,59.18,plastic products,plastics products,24.83,1.27,8.49,-0.14,0.03,1462.18,1424.02,4.14,2026-08-24,,,,
2026-08-24T23:57:00.234,TBOTEK,1703.5,0.41,1637.97,1647.2,1671.19,1751.97,0.47,54.81,68.57,64.55,i.t,travel agencies,38.66,1.93,16.71,0.16,0.03,1588.97,1513.57,4.08,2026-08-24,,,,
2026-08-24T23:57:00.234,JINDALSTEL,1149.0,1.88,1107.5,1095.2,1113.15,1202.78,0.74,34.61,42.21,63.42,metals & mining,steel - large,22.97,3.22,6.78,-0.13,0.11,1102.48,1067.6,3.81,2026-08-24,,,,
2026-08-24T23:57:00.234,JSWINFRA,340.2,1.34,327.47,326.4,331.17,353.75,0.43,51.55,47.15,57.22,transportation,miscellaneous,20.59,2.73,28.26,0.24,0.25,323.47,313.58,3.71,2026-08-24,,,,
2026-08-24T23:57:00.234,PVRINOX,1231.8,1.23,1191.88,1185.0,1203.93,1273.6,2.38,53.56,26.87,74.16,media,entertainment / electronic media software,53.58,2.31,28.72,0.1,0.09,1159.15,1121.06,3.48,2026-08-24,,,,
2026-08-24T23:57:00.234,ANTHEM,883.35,1.37,855.74,868.9,887.75,876.75,1.0,103.68,85.02,65.48,healthcare,pharmaceuticals - indian - bulk drugs & formln,37.22,-0.5,45.68,0.19,0.32,836.15,818.01,3.04,2026-08-24,,,,
2026-08-24T23:57:00.234,MUTHOOTFIN,3209.0,6.19,2988.8,2845.0,2828.49,3779.76,2.76,11.51,10.67,67.53,financials,finance & investments,17.16,13.45,-16.88,-0.15,-0.18,3010.74,2862.04,2.67,2026-08-24,,,,
2026-08-24T23:57:00.234,ANURAS,1255.5,0.95,1217.16,1196.0,1195.93,1344.86,1.8,92.59,80.86,62.42,chemicals,chemicals,32.02,4.98,1.29,-0.1,-0.02,1208.49,1191.64,2.18,2026-08-24,,,,
2026-08-24T23:57:00.234,PETRONET,295.95,1.01,285.57,281.8,283.04,315.31,0.77,9.76,10.44,68.78,energy,miscellaneous,19.28,4.56,7.63,-0.11,0.06,284.25,276.32,2.09,2026-08-24,,,,
2026-08-24T23:57:00.234,GLAXO,2931.7,1.02,2808.09,2691.1,2791.66,3141.76,0.61,52.35,46.8,70.26,healthcare,pharmaceuticals - multinational,39.49,5.02,23.19,0.04,0.11,2726.36,2596.56,2.07,2026-08-24,,,,
2026-08-24T23:57:00.234,PERSISTENT,5694.0,0.47,5533.08,5442.5,5544.26,5918.61,0.47,46.1,46.01,65.42,i.t,computers - software - large,19.85,2.7,-9.9,0.03,-0.13,5432.59,5267.52,1.33,2026-08-24,,,,
2026-08-24T23:57:00.234,LTFOODS,459.0,7.34,419.05,416.2,428.82,504.26,27.24,21.73,23.19,76.26,fmcg,food - processing - indian,38.33,7.04,31.45,0.02,0.13,418.03,419.01,1.2,2026-08-24,,,,
2026-08-24T23:57:00.234,ETERNAL,327.15,-0.26,316.54,315.55,321.03,336.33,0.69,817.88,697.87,68.35,i.t,miscellaneous,39.0,1.91,18.85,0.12,0.11,312.63,304.09,1.06,2026-08-24,,,,
2026-08-24T23:57:00.234,LODHA,1258.4,1.32,1200.89,1195.2,1211.92,1328.13,0.44,22.91,30.07,60.92,realty,construction,30.2,3.84,33.1,0.08,0.14,1187.53,1139.97,0.9,2026-08-24,,,,
2026-08-24T23:57:00.234,NIACL,184.08,-0.03,179.63,182.11,180.67,189.2,0.07,-31.31,39.34,57.36,financials,finance & investments,26.72,1.89,25.94,0.13,0.14,174.6,169.39,0.22,2026-08-24,,,,
2026-08-24T23:57:00.234,NAUKRI,1349.0,-0.08,1309.97,1331.1,1352.04,1344.44,0.45,49.02,54.66,65.09,i.t,miscellaneous,42.64,-0.23,2.27,0.16,-0.05,1283.28,1244.99,0.13,2026-08-24,,,,
2026-08-24T23:57:00.234,DEVYANI,149.12,3.27,142.22,140.42,145.12,155.12,1.02,310.67,-656.36,72.27,consumer discretionary,hotels,55.18,2.76,24.1,0.03,0.08,138.58,131.06,-0.56,2026-08-24,,,,
2026-08-24T23:57:00.234,CHALET,869.55,0.88,834.47,821.15,826.92,933.49,1.83,55.31,35.72,61.68,services,hotels,13.81,5.15,3.57,-0.07,-0.06,821.5,795.86,-1.36,2026-08-24,,,,
2026-08-24T23:57:00.234,BRIGADE,654.1,2.31,616.47,582.15,600.53,734.45,1.44,26.63,24.24,74.24,realty,construction,27.96,8.92,11.97,0.09,-0.02,604.9,577.6,-1.39,2026-08-24,,,,
2026-08-24T23:57:00.234,DLF,689.0,1.61,664.54,658.25,656.69,737.47,1.15,53.66,37.76,63.12,realty,construction,12.26,4.92,12.39,0.01,-0.03,660.91,639.84,-1.88,2026-08-24,,,,
2026-08-24T23:57:00.234,AFFLE,1740.0,1.24,1670.9,1676.3,1695.95,1806.08,0.47,47.65,50.52,63.33,i.t,computers - software - medium / small,20.73,2.6,8.14,0.08,0.04,1645.2,1582.31,-2.03,2026-08-24,,,,
2026-08-24T23:57:00.234,ESCORTS,3097.3,0.35,3013.5,3042.2,3093.37,3103.19,0.25,22.07,24.56,57.17,auto,automobiles - tractors,32.03,0.13,-12.83,-0.17,-0.19,2993.03,2925.93,-2.44,2026-08-24,,,,
2026-08-24T23:57:00.234,COCHINSHIP,1514.0,2.26,1450.89,1457.0,1490.05,1549.93,0.61,65.71,57.25,60.23,aerospace & defence,miscellaneous,14.09,1.61,1.07,-0.08,-0.1,1443.39,1392.43,-2.56,2026-08-24,,,,
2026-08-24T23:57:00.234,BDL,1368.0,0.66,1320.75,1308.2,1344.97,1402.55,0.61,105.56,95.64,58.03,aerospace & defence,engineering,16.83,1.71,-5.72,-0.04,-0.07,1280.83,1221.26,-3.07,2026-08-24,,,,
2026-08-24T23:57:00.234,SAPPHIRE,249.3,2.87,238.38,229.05,238.75,265.12,0.57,141.65,-484.68,77.65,consumer discretionary,hotels,48.05,4.42,28.9,0.06,0.01,230.7,218.14,-3.69,2026-08-24,,,,
2026-08-24T23:57:00.234,JUBLFOOD,507.9,0.23,496.08,494.75,507.89,507.91,0.41,86.38,77.48,66.9,consumer discretionary,hotels,45.06,0.0,1.4,-0.12,-0.16,480.16,466.7,-4.52,2026-08-24,,,,
2026-08-24T23:57:00.234,ABREL,1429.8,1.67,1382.98,1377.6,1369.14,1520.79,4.42,-102.72,-133.68,55.54,realty,construction,23.38,4.43,6.24,0.01,-0.17,1315.42,1285.84,-4.56,2026-08-24,,,,
2026-08-24T23:57:00.234,CYIENT,909.05,1.84,876.22,850.1,864.57,975.78,2.77,24.13,26.06,62.17,i.t,computers - software - medium / small,24.16,5.15,-19.83,-0.15,-0.23,850.3,832.03,-5.36,2026-08-24,,,,
2026-08-24T23:57:00.234,CLEAN,828.25,0.33,805.56,815.0,824.35,834.1,0.66,30.01,37.66,60.51,chemicals,chemicals,31.38,0.47,-5.58,0.07,-0.1,779.82,764.15,-6.29,2026-08-24,,,,
2026-08-24T23:57:00.234,JMFINANCIL,129.5,0.98,125.45,124.72,126.11,134.59,1.09,10.61,11.8,56.48,financials,finance & investments,9.4,2.69,-0.76,-0.12,-0.1,121.91,119.17,-6.59,2026-08-24,,,,
2026-08-24T23:57:00.234,EIDPARRY,823.95,3.34,773.32,772.2,782.72,885.8,10.26,25.88,30.5,61.85,fmcg,sugar,19.06,5.27,-9.85,-0.14,-0.21,755.97,746.43,-6.69,2026-08-24,,,,
2026-08-24T23:57:00.234,SWIGGY,284.25,0.62,275.63,269.75,275.86,296.83,0.44,-24.01,-18.52,56.98,i.t,miscellaneous,18.79,3.04,-11.24,-0.19,-0.29,268.15,256.63,-6.91,2026-08-24,,,,
2026-08-24T23:57:00.234,URBANCO,168.84,6.46,154.4,143.01,145.69,203.57,7.38,-70.35,-71.44,79.41,i.t,miscellaneous,46.03,15.89,30.85,0.32,0.29,152.29,143.37,NaN,2026-08-24,,,,
2026-08-24T23:57:00.234,LGEINDIA,1664.2,2.52,1589.95,1614.6,1620.77,1729.34,0.94,43.25,60.37,60.36,consumer discretionary,electronics - consumer,22.48,2.68,20.83,-0.01,0.03,1560.78,1502.01,NaN,2026-08-24,,,,
2026-08-24T23:57:00.234,PIRAMALFIN,2184.1,0.15,2078.09,2038.0,2051.8,2382.55,1.79,NaN,0.0,63.41,n/a,indices,17.59,6.45,19.92,0.15,0.43,2060.85,1977.31,NaN,2026-08-24,,,,
2026-08-24T23:57:00.234,TMCV,475.05,0.53,458.74,463.5,474.42,476.0,0.63,17.09,41.52,67.43,auto,automobiles - lcvs / hcvs,40.16,0.13,6.97,-0.08,0.27,449.78,433.88,NaN,2026-08-24,,,,
2026-08-19T10:35:50.551,WELCORP,1964.6,2.48,1890.62,1846.0,1875.78,2097.83,0.2,12.38,21.89,79.95,industrials,steel - large,44.67,4.73,149.41,1.24,1.28,1866.28,1811.94,31.22,2026-08-19,,,,
2026-08-19T10:35:50.551,RRKABEL,2826.5,1.49,2722.15,2708.3,2817.16,2840.51,0.07,38.95,51.83,67.98,industrials,cables - power,46.38,0.33,95.66,0.83,0.96,2653.18,2533.69,31.21,2026-08-19,,,,
2026-08-19T10:35:50.551,HINDCOPPER,560.45,-1.04,546.94,515.0,538.56,593.29,0.24,38.49,48.24,63.19,metals & mining,mining / minerals / metals,26.0,4.07,2.37,-0.06,0.6,510.84,482.18,29.72,2026-08-19,,,,
2026-08-19T10:35:50.551,CHENNPETRO,1474.4,5.01,1400.42,1308.0,1336.12,1681.82,0.57,5.32,5.01,66.77,energy,refineries,27.01,10.35,73.96,0.53,0.51,1318.13,1209.54,27.1,2026-08-19,,,,
2026-08-19T10:35:50.551,DATAPATTNS,4759.0,0.46,4596.2,4440.0,4415.24,5274.64,0.13,301.97,98.98,61.66,aerospace & defence,electronics - components,9.77,7.79,91.43,0.56,0.59,4457.19,4251.83,20.84,2026-08-19,,,,
2026-08-19T10:35:50.551,MOTHERSON,172.6,1.29,166.03,166.71,167.95,179.57,0.05,44.03,41.06,75.87,auto,auto ancillaries,34.88,2.77,54.3,0.2,0.43,165.04,159.44,20.69,2026-08-19,,,,
2026-08-19T10:35:50.551,FEDERALBNK,358.55,0.21,348.44,349.65,355.72,362.8,0.03,17.61,18.81,58.85,bank,banks - private sector,40.67,0.8,28.24,0.14,0.34,347.29,339.8,18.82,2026-08-19,,,,
2026-08-19T10:35:50.551,RADICO,4723.0,-0.21,4598.26,4525.2,4650.15,4832.27,0.08,68.85,90.05,76.32,fmcg,breweries & distilleries,58.96,1.57,66.47,0.54,0.4,4535.78,4416.36,15.64,2026-08-19,,,,
2026-08-19T10:35:50.551,IFCI,82.47,1.36,79.74,73.36,75.76,92.53,0.26,171.81,127.13,66.37,financials,finance - term-lending institutions,14.39,8.85,33.78,0.2,0.59,76.78,73.66,13.43,2026-08-19,,,,
2026-08-19T10:35:50.551,WELSPUNLIV,178.56,0.43,169.11,159.01,159.44,207.23,0.4,26.41,58.29,65.81,textiles,textiles - products,22.63,11.99,50.42,0.18,0.23,160.64,148.09,12.96,2026-08-19,,,,
2026-08-19T10:35:50.551,GLAND,2855.5,-0.11,2778.5,2825.5,2826.23,2899.4,0.02,37.12,41.73,65.72,healthcare,pharmaceuticals - indian - formulations,46.26,1.04,69.9,0.43,0.56,2659.95,2533.79,12.29,2026-08-19,,,,
2026-08-19T10:35:50.551,M&MFIN,392.55,1.64,378.48,382.25,401.84,378.61,0.03,14.74,16.5,58.36,financials,finance & investments,40.15,-2.31,8.87,-0.06,0.07,368.03,351.38,11.98,2026-08-19,,,,
2026-08-19T10:35:50.551,PNBHOUSING,1148.8,0.26,1115.24,1128.9,1133.76,1171.37,0.06,13.43,12.89,61.06,financials,finance - housing,24.0,1.33,19.56,0.23,0.27,1097.29,1061.56,11.04,2026-08-19,,,,
2026-08-19T10:35:50.551,IPCALAB,1917.6,1.89,1844.46,1720.0,1722.53,2210.21,0.24,30.27,35.41,65.05,healthcare,pharmaceuticals - indian - bulk drugs & formln,22.14,11.32,28.98,0.18,0.28,1748.42,1641.84,10.88,2026-08-19,,,,
2026-08-19T10:35:50.551,TITAN,5069.4,0.41,4937.24,5010.0,5089.05,5039.93,0.02,63.27,77.77,67.72,consumer discretionary,diamond cutting / jewellery,51.65,-0.39,22.34,0.1,0.28,4914.36,4799.69,10.74,2026-08-19,,,,
2026-08-19T10:35:50.551,VIJAYA,1495.2,-0.14,1452.75,1465.0,1432.26,1589.62,0.02,72.44,82.13,64.92,healthcare,healthcare,37.39,4.39,52.98,0.35,0.44,1392.31,1322.53,10.68,2026-08-19,,,,
2026-08-19T10:35:50.551,AJANTPHARM,3730.0,0.64,3632.27,3540.0,3556.59,3990.12,0.1,34.86,40.8,71.83,healthcare,pharmaceuticals - indian - formulations,35.94,4.88,38.91,0.16,0.38,3553.9,3461.82,10.3,2026-08-19,,,,
2026-08-19T10:35:50.551,OFSS,11730.0,0.92,11452.28,11318.0,11565.7,11976.44,0.13,18.04,29.63,56.72,i.t,computers - software - large,12.88,1.42,46.81,0.58,0.4,11126.91,10798.58,10.22,2026-08-19,,,,
2026-08-19T10:35:50.551,ASHOKLEY,175.67,-0.39,170.76,169.75,177.21,173.35,0.05,41.83,29.79,61.44,auto,automobiles - lcvs / hcvs,24.54,-0.87,-6.38,-0.22,0.04,166.12,159.08,9.86,2026-08-19,,,,
2026-08-19T10:35:50.551,PAYTM,1599.1,3.41,1515.37,1546.3,1572.2,1639.46,0.25,116.21,152.19,69.75,i.t,miscellaneous,45.88,1.71,20.13,0.26,0.15,1489.49,1413.07,9.83,2026-08-19,,,,
2026-08-19T10:35:50.551,BAJAJ-AUTO,11677.0,0.6,11303.32,11534.0,11838.27,11435.09,0.03,25.27,27.56,64.15,auto,automobiles - scooters and 3 - wheelers,55.64,-1.36,23.84,0.1,0.25,11321.35,11065.62,9.68,2026-08-19,,,,
2026-08-19T10:35:50.551,JINDALSAW,273.15,1.68,261.76,263.15,264.61,285.96,0.15,41.89,26.21,57.91,industrials,steel - large,14.66,3.23,52.43,0.34,0.6,257.74,250.63,9.66,2026-08-19,,,,
2026-08-19T10:35:50.551,CUB,224.81,1.18,217.75,204.81,205.02,254.49,0.1,14.56,12.62,58.17,bank,banks - private sector,19.69,9.65,11.37,0.0,0.06,210.87,201.09,9.42,2026-08-19,,,,
2026-08-19T10:35:50.551,FLUOROCHEM,4729.0,1.16,4557.1,4565.0,4584.51,4945.74,0.11,58.61,83.94,64.94,chemicals,chemicals,41.58,3.15,41.2,0.29,0.36,4394.73,4157.33,9.24,2026-08-19,,,,
2026-08-19T10:35:50.551,EICHERMOT,8028.5,0.13,7833.14,7993.0,8064.75,7974.13,0.04,37.66,38.11,61.05,auto,automobiles - motorcycles / mopeds,34.16,-0.45,9.63,-0.08,0.1,7814.27,7673.59,9.06,2026-08-19,,,,
2026-08-19T10:35:50.551,TORNTPHARM,4988.0,0.34,4846.59,4814.0,4849.16,5196.26,0.05,83.86,79.29,55.96,healthcare,pharmaceuticals - indian - formulations,20.61,2.86,22.07,0.08,0.3,4790.67,4646.18,9.03,2026-08-19,,,,
2026-08-19T10:35:50.551,IIFL,627.5,0.83,605.84,618.2,629.6,624.35,0.08,9.88,12.59,65.38,financials,finance & investments,48.31,-0.33,-3.68,0.11,0.06,597.99,577.35,8.82,2026-08-19,,,,
2026-08-19T10:35:50.551,UNIONBANK,186.96,0.79,181.2,184.27,184.18,191.14,0.04,6.32,6.86,64.52,bank,banks - public sector,29.98,1.51,5.64,-0.09,0.19,178.18,172.23,8.75,2026-08-19,,,,
2026-08-19T10:35:50.551,RKFORGE,767.0,1.68,737.3,728.35,756.83,782.26,0.2,74.32,128.07,78.04,industrials,castings & forgings,53.46,1.34,55.17,0.24,0.39,722.86,695.55,8.29,2026-08-19,,,,
2026-08-19T10:35:50.551,APLAPOLLO,2119.9,0.23,2055.84,1989.4,2044.58,2232.88,0.04,55.9,47.77,75.61,industrials,steel - large,33.32,3.68,10.47,-0.12,0.17,2027.11,1957.52,7.5,2026-08-19,,,,
2026-08-19T10:35:50.551,BOSCHLTD,48930.0,0.41,47755.4,46480.0,45519.23,54046.15,0.13,51.09,60.82,81.79,auto,auto ancillaries,43.51,7.49,34.02,0.27,0.29,46696.18,45090.82,6.89,2026-08-19,,,,
2026-08-19T10:35:50.551,BALRAMCHIN,665.0,1.8,637.98,604.7,629.28,718.58,0.39,76.97,35.6,62.86,fmcg,sugar,34.51,5.68,60.2,0.3,0.45,617.45,582.64,6.35,2026-08-19,,,,
2026-08-19T10:35:50.551,THELEELA,534.75,3.0,509.31,498.1,502.84,582.61,0.17,91.57,28.63,67.25,services,hotels,28.19,6.35,21.85,0.12,0.28,499.53,473.12,6.18,2026-08-19,,,,
2026-08-19T10:35:50.551,ELGIEQUIP,625.85,1.9,595.94,572.25,583.93,688.73,0.17,47.7,43.25,64.68,industrials,compressors / drilling equipment,20.62,7.18,45.86,0.12,0.19,588.46,561.01,5.81,2026-08-19,,,,
2026-08-19T10:35:50.551,HEROMOTOCO,5764.5,0.33,5585.51,5694.5,5873.5,5601.0,0.05,20.42,21.1,66.96,auto,automobiles - motorcycles / mopeds,50.18,-1.86,0.04,-0.05,-0.1,5549.66,5391.03,5.51,2026-08-19,,,,
2026-08-19T10:35:50.551,IDFCFIRSTB,85.32,0.66,83.3,84.51,85.64,84.84,0.05,16.04,32.6,58.38,bank,banks - private sector,36.72,-0.37,3.61,-0.06,0.02,82.93,81.38,4.87,2026-08-19,,,,
2026-08-19T10:35:50.551,KPIL,1420.4,1.2,1373.86,1342.8,1329.59,1556.61,0.1,19.55,21.09,65.73,realty,transmisson line towers / equipment,30.18,6.83,27.1,0.17,0.16,1333.96,1276.63,3.81,2026-08-19,,,,
2026-08-19T10:35:50.551,ANANTRAJ,632.4,0.85,608.87,606.05,618.9,652.65,0.12,38.0,38.0,63.51,realty,construction,23.14,2.18,16.78,0.07,0.1,600.55,578.21,3.8,2026-08-19,,,,
2026-08-19T10:35:50.551,UNOMINDA,1287.0,1.1,1235.88,1230.1,1265.59,1319.11,0.06,62.84,61.06,69.55,auto,auto ancillaries,22.47,1.69,11.52,-0.03,-0.02,1230.67,1189.43,3.79,2026-08-19,,,,
2026-08-19T10:35:50.551,OBEROIRLTY,1867.2,0.5,1822.8,1776.3,1784.06,1991.91,0.2,31.22,25.52,55.12,realty,construction,20.4,4.66,12.87,0.11,0.1,1752.55,1689.07,3.67,2026-08-19,,,,
2026-08-19T10:35:50.551,GLAXO,3021.2,5.0,2793.98,2606.4,2672.74,3543.89,2.13,53.95,46.4,84.87,healthcare,pharmaceuticals - multinational,36.58,13.04,29.7,0.07,0.16,2810.6,2660.25,3.53,2026-08-19,,,,
2026-08-19T10:35:50.551,PVRINOX,1213.7,1.3,1166.98,1161.5,1191.59,1246.87,0.21,52.77,26.46,72.14,media,entertainment / electronic media software,51.12,1.86,21.89,0.07,0.04,1137.12,1087.89,3.22,2026-08-19,,,,
2026-08-19T10:35:50.551,COFORGE,1803.8,1.74,1749.69,1762.2,1844.25,1743.13,0.17,36.54,36.01,65.52,i.t,computers - software - large,31.17,-2.19,4.4,0.21,-0.09,1723.07,1672.92,2.65,2026-08-19,,,,
2026-08-19T10:35:50.551,PNB,116.73,0.2,113.98,115.32,116.62,116.89,0.03,5.77,6.07,62.81,bank,banks - public sector,29.13,0.09,-8.59,-0.14,-0.06,112.84,110.3,1.79,2026-08-19,,,,
2026-08-19T10:35:50.551,PETRONET,289.85,1.26,280.52,273.0,278.91,306.27,0.24,9.56,10.2,63.0,energy,miscellaneous,13.14,3.92,3.57,-0.1,0.04,277.7,269.7,1.39,2026-08-19,,,,
2026-08-19T10:35:50.551,M&M,3423.9,0.07,3305.54,3373.0,3461.42,3367.62,0.07,17.54,20.7,58.4,auto,automobiles - passenger cars,32.58,-1.08,-6.37,-0.1,-0.09,3305.09,3217.08,1.19,2026-08-19,,,,
2026-08-19T10:35:50.551,ETERNAL,318.9,0.95,309.83,313.3,317.71,320.69,0.09,797.25,672.13,64.07,i.t,miscellaneous,37.0,0.38,13.51,0.04,0.04,305.82,296.67,1.05,2026-08-19,,,,
2026-08-19T10:35:50.551,NAUKRI,1358.5,0.27,1324.57,1331.1,1324.18,1409.98,0.05,49.36,54.85,70.36,i.t,miscellaneous,41.21,2.59,3.19,0.11,-0.05,1284.5,1241.31,0.89,2026-08-19,,,,
2026-08-19T10:35:50.551,HYUNDAI,2191.3,0.24,2117.78,2161.0,2236.54,2123.43,0.11,50.08,35.88,62.15,auto,automobiles - passenger cars,39.12,-2.02,-6.61,-0.08,-0.11,2099.92,2031.38,0.08,2026-08-19,,,,
2026-08-19T10:35:50.551,DEEPAKNTR,1799.9,1.63,1733.82,1694.0,1734.12,1898.57,0.36,17.79,30.83,61.69,chemicals,chemicals,28.45,3.79,17.26,0.0,0.14,1700.95,1629.84,-0.25,2026-08-19,,,,
2026-08-19T10:35:50.551,PFIZER,4958.3,3.31,4741.24,4751.2,4900.0,5045.75,0.14,27.74,29.86,60.97,healthcare,pharmaceuticals - multinational,29.47,1.19,5.62,-0.1,-0.04,4706.21,4528.13,-0.48,2026-08-19,,,,
2026-08-19T10:35:50.551,POLICYBZR,1765.1,1.04,1706.77,1715.5,1694.27,1871.35,0.19,125.01,107.64,67.93,i.t,miscellaneous,31.57,4.18,5.0,0.09,-0.07,1669.77,1622.17,-0.86,2026-08-19,,,,
2026-08-19T10:35:50.551,DEVYANI,143.11,0.72,138.28,137.35,138.96,149.34,0.03,298.15,-645.86,71.75,consumer discretionary,hotels,49.92,2.99,10.8,0.0,0.01,132.59,125.22,-1.09,2026-08-19,,,,
2026-08-19T10:35:50.551,LTFOODS,429.05,0.65,413.27,416.0,424.27,436.22,0.09,20.31,23.12,66.57,fmcg,food - processing - indian,32.66,1.13,20.82,-0.07,0.03,407.69,394.18,-1.45,2026-08-19,,,,
2026-08-19T10:35:50.551,POLYMED,1807.6,1.28,1744.89,1721.9,1761.35,1876.98,0.11,53.23,57.4,58.86,healthcare,healthcare,24.93,2.63,9.64,0.26,-0.09,1680.83,1593.06,-1.62,2026-08-19,,,,
2026-08-19T10:35:50.551,PCBL,330.2,1.12,319.82,308.15,313.23,355.66,0.17,20.95,49.18,55.04,chemicals,chemicals,24.18,5.42,21.3,-0.04,-0.01,310.19,297.89,-2.2,2026-08-19,,,,
2026-08-19T10:35:50.551,DIXON,14176.0,0.18,13769.0,13645.0,13916.49,14565.27,0.05,30.03,41.15,57.79,consumer discretionary,electronics - consumer,22.1,1.86,28.59,0.12,-0.02,13570.5,13149.38,-2.41,2026-08-19,,,,
2026-08-19T10:35:50.551,DLF,666.9,0.17,646.11,656.65,647.6,695.86,0.1,51.94,37.07,55.13,realty,construction,9.35,2.98,4.05,-0.04,-0.09,635.17,615.33,-3.01,2026-08-19,,,,
2026-08-19T10:35:50.551,MGL,1150.9,3.55,1119.16,1100.0,1113.45,1207.07,1.15,14.72,15.35,57.81,energy,miscellaneous,27.44,3.36,4.83,-0.04,-0.05,1082.6,1044.38,-3.03,2026-08-19,,,,
2026-08-19T10:35:50.551,DALBHARAT,1844.1,0.38,1800.36,1812.2,1817.01,1884.73,0.09,46.01,36.89,56.27,building materials,cement - south india,13.34,1.49,-14.51,-0.2,-0.1,1786.07,1748.15,-3.91,2026-08-19,,,,
2026-08-19T10:35:50.551,JUBLFOOD,502.9,0.47,490.64,471.6,497.28,511.33,0.03,85.53,76.54,66.07,consumer discretionary,hotels,42.05,1.13,-2.71,-0.13,-0.18,472.29,450.59,-4.57,2026-08-19,,,,
2026-08-19T10:35:50.551,DCMSHRIRAM,1052.5,2.54,1005.38,969.1,995.93,1137.35,0.14,6.61,11.63,59.21,miscellaneous,diversified - mega,25.56,5.68,-6.98,-0.12,-0.17,994.75,958.83,-5.27,2026-08-19,,,,
2026-08-19T10:35:50.551,SAPPHIRE,233.81,0.78,227.32,229.05,227.95,242.6,0.07,132.85,-463.98,71.27,consumer discretionary,hotels,42.64,2.57,8.81,-0.01,-0.12,215.5,205.45,-5.65,2026-08-19,,,,
2026-08-19T10:35:50.551,CYIENT,880.15,2.52,842.8,843.2,850.32,924.9,0.11,23.36,25.07,56.64,i.t,computers - software - medium / small,19.07,3.51,-25.53,-0.2,-0.28,833.95,801.1,-5.93,2026-08-19,,,,
2026-08-19T10:35:50.551,PARADEEP,147.93,0.07,144.06,145.07,147.45,148.65,0.02,9.78,14.31,55.6,chemicals,fertilizers,24.29,0.33,8.0,0.09,-0.09,140.37,135.65,-7.16,2026-08-19,,,,
2026-08-19T10:35:50.551,KAYNES,3730.7,2.38,3572.49,3630.1,3792.49,3638.02,0.11,110.77,70.57,57.36,consumer discretionary,electronics - components,18.38,-1.63,3.58,-0.13,-0.32,3467.46,3312.13,-8.9,2026-08-19,,,,
2026-08-19T10:35:50.551,URBANCO,145.31,0.23,140.82,138.53,141.27,151.37,0.12,-60.55,-65.3,63.66,i.t,miscellaneous,39.99,2.86,12.37,0.12,0.08,135.91,130.68,NaN,2026-08-19,,,,
2026-08-19T10:35:50.551,LENSKART,631.7,0.53,610.69,592.4,593.42,689.11,0.14,123.38,164.07,78.77,fmcg,personal care - indian,48.68,6.45,42.63,0.21,0.49,593.34,566.72,NaN,2026-08-19,,,,
2026-08-19T10:35:50.551,MEESHO,192.7,-0.13,188.16,190.1,188.28,199.33,0.02,-172.05,-70.16,55.99,i.t,miscellaneous,12.93,2.35,16.92,0.16,NaN,184.5,179.37,NaN,2026-08-19,,,,
2026-05-25T05:42:00.272,GVT&D,4849.5,1.15,4668.72,4251.8,4441.37,5461.7,1.07,88.24,100.67,68.31,industrials,electric equipment,38.45,9.19,63.9,0.46,0.73,4391.49,4110.88,35.34,2026-05-25,,,,
2026-05-25T05:42:00.272,IDEA,13.73,0.81,13.26,12.45,13.24,14.46,1.15,0.72,4.33,83.61,telecom-service,telecommunications - service provider,50.62,3.68,55.93,0.24,1.01,12.63,12.07,22.16,2026-05-25,,,,
2026-05-25T05:42:00.272,SYRMA,1038.85,1.39,998.13,957.4,1026.76,1056.99,0.63,49.09,61.65,58.74,consumer discretionary,electronics - components,34.52,1.18,33.21,0.1,0.2,946.38,888.68,21.39,2026-05-25,,,,
2026-05-25T05:42:00.272,HFCL,148.21,4.56,138.3,134.93,152.92,141.15,0.84,30.62,69.58,71.48,telecom,cables - telephone,56.19,-3.08,94.23,0.86,1.05,131.47,119.68,18.92,2026-05-25,,,,
2026-05-25T05:42:00.272,GABRIEL,1120.0,1.23,1069.47,1050.0,1103.15,1145.28,0.43,73.49,64.33,65.09,auto,auto ancillaries,29.31,1.53,-13.44,-0.02,-0.11,1049.11,1003.45,16.73,2026-05-25,,,,
2026-05-25T05:42:00.272,BHEL,408.55,0.1,398.96,386.1,415.51,398.1,0.44,27.53,88.82,71.09,industrials,electric equipment,50.54,-1.68,74.86,0.32,0.87,383.24,369.27,16.46,2026-05-25,,,,
2026-05-25T05:42:00.272,HINDALCO,1109.2,0.9,1070.94,1037.1,1059.74,1183.39,0.68,23.7,18.39,64.11,metals & mining,aluminium and aluminium products,28.53,4.67,41.08,0.28,0.45,1050.25,1011.84,16.44,2026-05-25,,,,
2026-05-25T05:42:00.272,SAIL,201.21,2.38,191.69,188.21,193.82,212.29,0.93,11.33,24.66,66.17,metals & mining,steel - large,34.08,3.81,55.45,0.34,0.52,185.97,175.49,15.77,2026-05-25,,,,
2026-05-25T05:42:00.272,CRAFTSMAN,8702.0,1.86,8256.5,8242.5,8595.93,8861.1,0.35,41.96,49.52,67.06,auto,auto ancillaries,42.47,1.23,30.01,0.18,0.23,8086.36,7696.63,14.38,2026-05-25,,,,
2026-05-25T05:42:00.272,MAHABANK,80.04,0.35,77.43,76.2,79.41,80.98,0.57,7.52,8.77,56.95,bank,banks - public sector,18.28,0.79,35.23,0.23,0.49,76.0,73.38,13.51,2026-05-25,,,,
2026-05-25T05:42:00.272,ADANIENSOL,1367.9,1.91,1335.84,1248.2,1317.64,1443.29,1.03,60.1,71.99,61.15,power & utilities,power generation and supply,18.35,3.81,46.0,0.27,0.74,1241.41,1170.44,13.24,2026-05-25,,,,
2026-05-25T05:42:00.272,POLYCAB,9263.5,0.76,9010.12,8943.5,9230.6,9312.85,0.34,44.38,51.93,72.46,industrials,cables - power,36.27,0.36,20.72,0.12,0.23,8865.0,8619.12,11.95,2026-05-25,,,,
2026-05-25T05:42:00.272,DATAPATTNS,3969.7,0.9,3865.12,3600.1,3916.58,4049.38,0.82,40.16,81.9,54.5,aerospace & defence,electronics - components,25.23,1.36,42.7,0.18,0.57,3535.67,3324.96,10.38,2026-05-25,,,,
2026-05-25T05:42:00.272,MANAPPURAM,324.1,0.53,313.75,295.75,313.89,339.41,1.02,16.99,27.63,67.57,financials,finance & investments,23.5,3.25,12.85,0.06,0.1,303.54,290.98,9.45,2026-05-25,,,,
2026-05-25T05:42:00.272,TORNTPHARM,4486.2,0.38,4351.89,4306.0,4409.26,4601.61,0.58,97.44,70.09,61.9,healthcare,pharmaceuticals - indian - formulations,22.48,1.75,25.66,0.11,0.21,4264.7,4147.37,8.58,2026-05-25,,,,
2026-05-25T05:42:00.272,LLOYDSME,1737.3,1.35,1673.84,1636.1,1713.55,1772.92,0.56,16.22,24.89,60.49,metals & mining,mining / minerals / metals,36.35,1.39,31.57,0.27,0.29,1626.75,1549.35,7.96,2026-05-25,,,,
2026-05-25T05:42:00.272,JBCHEPHARM,2192.6,0.63,2127.58,2087.1,2154.51,2249.74,0.58,86.32,48.44,63.57,healthcare,pharmaceuticals - indian - bulk drugs & formln,31.4,1.77,29.68,0.16,0.23,2083.84,2026.67,7.93,2026-05-25,,,,
2026-05-25T05:42:00.272,SAMMAANCAP,161.46,4.67,149.24,134.75,139.21,194.84,2.25,-0.41,-1.85,66.42,financials,finance - housing,14.37,15.98,-5.81,-0.05,0.14,145.17,134.14,7.09,2026-05-25,,,,
2026-05-25T05:42:00.272,JSWSTEEL,1285.5,0.33,1252.54,1258.3,1272.13,1305.55,0.28,4.79,14.06,57.39,metals & mining,steel - large,15.78,1.05,12.31,0.01,0.16,1236.33,1203.86,6.13,2026-05-25,,,,
2026-05-25T05:42:00.272,SIEMENS,3811.7,2.45,3639.72,3454.5,3588.71,4146.18,1.12,122.17,76.72,60.05,industrials,electric equipment,22.35,6.21,23.09,0.09,0.17,3547.43,3371.53,5.88,2026-05-25,,,,
2026-05-25T05:42:00.272,TIMKEN,3750.2,1.02,3598.76,3411.0,3498.91,4127.14,0.97,44.54,68.0,64.59,industrials,bearings,22.25,7.18,28.11,0.12,0.26,3497.58,3322.91,5.72,2026-05-25,,,,
2026-05-25T05:42:00.272,AIAENG,3994.0,-0.04,3881.78,3788.6,3828.64,4242.03,0.68,31.66,32.08,57.13,industrials,castings & forgings,13.44,4.32,20.66,-0.04,0.26,3773.68,3664.33,5.3,2026-05-25,,,,
2026-05-25T05:42:00.272,TATACOMM,1964.0,3.57,1846.81,1630.2,1664.56,2413.16,4.41,53.14,55.87,80.1,telecom-service,telecommunications - service provider,24.15,17.99,3.1,-0.06,0.22,1781.46,1659.55,4.95,2026-05-25,,,,
2026-05-25T05:42:00.272,ENDURANCE,2721.8,3.77,2567.6,2490.2,2544.29,2988.06,3.07,34.63,40.23,68.16,auto,auto ancillaries,27.24,6.98,-8.19,-0.09,-0.1,2519.38,2402.36,4.92,2026-05-25,,,,
2026-05-25T05:42:00.272,APOLLOHOSP,8362.5,0.65,8089.9,7814.5,8059.84,8816.49,1.26,56.78,61.92,72.11,healthcare,healthcare,23.42,3.76,4.41,0.04,0.02,7972.51,7758.01,4.25,2026-05-25,,,,
2026-05-25T05:42:00.272,INDUSINDBK,910.15,1.13,884.65,870.2,905.06,917.79,0.35,29.82,79.77,55.89,bank,banks - private sector,19.43,0.56,19.88,0.01,0.17,867.1,839.17,4.08,2026-05-25,,,,
2026-05-25T05:42:00.272,MINDACORP,574.65,7.04,521.41,507.4,510.12,671.44,8.24,27.16,37.53,67.74,auto,auto ancillaries,11.8,12.65,-0.35,-0.12,0.11,520.74,495.66,3.49,2026-05-25,,,,
2026-05-25T05:42:00.272,SONACOMS,593.75,1.62,572.61,555.55,573.62,623.95,0.97,48.04,57.59,57.61,auto,auto ancillaries,21.58,3.51,28.84,0.08,0.31,557.44,536.41,3.39,2026-05-25,,,,
2026-05-25T05:42:00.272,3MINDIA,33315.0,3.46,31703.0,30280.0,31022.21,36754.18,8.84,43.57,71.85,60.08,miscellaneous,diversified - large,17.79,7.39,12.27,-0.14,0.06,30794.15,30133.5,2.73,2026-05-25,,,,
2026-05-25T05:42:00.272,ASIANPAINT,2639.8,1.58,2548.2,2556.0,2582.94,2725.09,1.22,59.67,65.8,65.32,building materials,paints / varnishes,27.08,2.2,4.93,-0.15,-0.01,2515.25,2446.74,2.62,2026-05-25,,,,
2026-05-25T05:42:00.272,360ONE,1112.4,0.05,1080.94,1066.8,1092.06,1142.9,0.43,39.06,36.88,59.89,financials,finance & investments,11.44,1.86,-5.92,-0.1,0.04,1051.09,1014.51,2.59,2026-05-25,,,,
2026-05-25T05:42:00.272,DIVISLAB,6887.0,0.42,6654.2,6658.0,6864.45,6920.82,1.15,60.82,71.18,66.48,healthcare,pharmaceuticals - indian - bulk drugs,38.38,0.33,4.29,-0.02,0.09,6586.17,6434.04,2.53,2026-05-25,,,,
2026-05-25T05:42:00.272,ADANIENT,2717.3,0.73,2651.98,2647.5,2682.52,2769.48,0.41,-397.27,34.63,71.97,services,trading,47.13,1.3,6.67,0.02,0.15,2551.39,2454.66,2.2,2026-05-25,,,,
2026-05-25T05:42:00.272,DEEPAKFERT,1473.9,6.52,1359.16,1252.8,1308.15,1722.53,3.17,32.87,21.26,71.72,chemicals,chemicals,32.13,12.67,3.58,-0.06,-0.01,1339.88,1250.46,2.18,2026-05-25,,,,
2026-05-25T05:42:00.272,JSWENERGY,551.25,0.51,534.54,508.1,525.37,590.07,0.41,65.01,42.97,56.21,power & utilities,power generation and supply,15.15,4.93,5.14,0.01,0.06,520.92,500.72,2.08,2026-05-25,,,,
2026-05-25T05:42:00.272,VBL,539.45,3.77,516.07,494.3,509.89,583.79,2.47,52.27,57.39,72.02,fmcg,food - processing - indian,26.16,5.8,18.41,0.1,0.07,510.45,490.66,1.92,2026-05-25,,,,
2026-05-25T05:42:00.272,MOTILALOFS,849.45,0.74,820.26,821.1,851.63,846.18,0.47,-57.55,27.26,58.07,financials,finance & investments,23.26,-0.26,-16.66,-0.18,-0.06,803.19,770.79,1.11,2026-05-25,,,,
2026-05-25T05:42:00.272,YESBANK,21.87,1.39,20.99,20.93,22.25,21.29,0.74,16.08,19.7,59.29,bank,banks - private sector,29.13,-1.72,0.0,-0.11,0.04,20.43,19.45,0.91,2026-05-25,,,,
2026-05-25T05:42:00.272,TECHNOE,1334.5,3.11,1270.57,1143.8,1204.2,1529.95,2.79,32.55,31.42,66.72,realty,engineering - turnkey services,18.62,10.82,0.3,0.02,-0.15,1221.32,1151.74,0.71,2026-05-25,,,,
2026-05-25T05:42:00.272,JKCEMENT,5557.5,0.2,5382.16,5327.5,5305.92,5934.87,0.45,61.48,42.1,53.47,building materials,cement - north india,10.8,4.74,-13.55,-0.09,-0.2,5254.12,5090.09,0.36,2026-05-25,,,,
2026-05-25T05:42:00.272,SHYAMMETL,947.8,1.4,907.14,860.05,887.55,1038.18,2.04,21.16,24.87,67.06,metals & mining,steel - large,21.41,6.79,2.6,0.05,-0.01,890.05,851.44,0.26,2026-05-25,,,,
2026-05-25T05:42:00.272,CAPLIPOINT,2028.0,0.1,1972.74,1948.6,1962.05,2126.93,0.63,22.65,24.04,70.79,healthcare,pharmaceuticals - indian - formulations,33.89,3.36,0.9,-0.03,-0.07,1883.48,1805.99,0.03,2026-05-25,,,,
2026-05-25T05:42:00.272,GODREJIND,1126.5,1.35,1085.15,1105.5,1142.65,1102.28,0.24,21.35,30.59,59.57,chemicals,chemicals,44.22,-1.41,2.36,-0.01,-0.09,1008.23,949.02,-0.37,2026-05-25,,,,
2026-05-25T05:42:00.272,ATGL,652.8,2.3,622.45,596.15,608.09,719.87,0.82,106.67,109.53,61.33,energy,miscellaneous,30.39,7.35,5.32,-0.01,0.06,595.69,560.06,-0.45,2026-05-25,,,,
2026-05-25T05:42:00.272,NIVABUPA,85.99,2.83,82.04,78.06,80.94,93.57,2.0,11.5,121.11,69.33,financials,finance & investments,33.42,6.24,16.12,0.03,0.02,79.75,75.54,-0.63,2026-05-25,,,,
2026-05-25T05:42:00.272,PIDILITIND,1478.4,0.38,1429.82,1428.2,1453.8,1515.29,0.55,64.96,48.2,61.54,chemicals,chemicals,20.43,1.69,-3.08,-0.09,-0.08,1413.78,1370.92,-1.01,2026-05-25,,,,
2026-05-25T05:42:00.272,HINDPETRO,389.65,0.22,377.64,355.8,371.58,416.75,0.37,3.42,4.59,55.81,energy,refineries,14.9,4.86,-13.91,-0.25,-0.02,364.41,346.83,-1.41,2026-05-25,,,,
2026-05-25T05:42:00.272,HONAUT,35405.0,1.26,33912.9,28150.0,28907.7,45150.96,5.69,49.01,59.63,72.98,consumer discretionary,electronics - components,27.69,22.48,-2.59,-0.06,-0.05,31699.9,30066.07,-1.87,2026-05-25,,,,
2026-05-25T05:42:00.272,KOTAKBANK,384.15,0.87,373.38,376.3,377.94,393.47,0.49,17.62,5.11,53.47,bank,banks - private sector,14.4,1.64,-13.1,-0.16,-0.05,366.06,354.64,-2.01,2026-05-25,,,,
2026-05-25T05:42:00.272,TATATECH,671.35,1.09,643.22,609.0,643.66,712.89,0.5,33.37,49.88,69.8,i.t,computers - software - medium / small,40.1,4.3,-1.32,-0.09,-0.04,627.29,595.9,-2.06,2026-05-25,,,,
2026-05-25T05:42:00.272,ABBOTINDIA,27830.0,0.42,26641.3,27185.0,27489.38,28340.93,0.71,37.44,38.1,63.43,healthcare,pharmaceuticals - multinational,35.06,1.24,-7.02,-0.13,-0.16,26556.45,25756.29,-2.44,2026-05-25,,,,
2026-05-25T05:42:00.272,SUZLON,53.75,1.66,51.94,52.0,52.98,54.91,0.63,41.99,22.78,56.9,industrials,electric equipment,19.91,1.46,1.88,-0.13,-0.1,50.85,48.88,-2.84,2026-05-25,,,,
2026-05-25T05:42:00.272,CROMPTON,294.75,0.99,285.18,287.15,294.6,294.98,0.51,-8.89,-78.6,63.01,consumer discretionary,electric equipment,37.23,0.05,2.79,0.01,-0.13,275.53,266.26,-3.43,2026-05-25,,,,
2026-05-25T05:42:00.272,PAGEIND,39455.0,2.8,37553.6,36210.0,36579.22,43768.68,5.02,61.56,57.61,68.17,consumer discretionary,textiles - products,27.47,7.86,-5.43,-0.06,-0.15,36684.04,35640.82,-3.82,2026-05-25,,,,
2026-05-25T05:42:00.272,ELECON,533.25,5.77,497.84,469.65,506.43,573.48,3.64,493.75,35.06,63.16,industrials,engineering,25.4,5.3,-1.84,-0.08,-0.07,484.77,454.67,-4.11,2026-05-25,,,,
2026-05-25T05:42:00.272,COFORGE,1387.1,0.73,1342.31,1274.6,1324.61,1480.84,0.62,19.02,29.92,61.2,i.t,computers - software - large,18.66,4.72,-20.6,-0.31,-0.21,1276.36,1208.1,-4.3,2026-05-25,,,,
2026-05-25T05:42:00.272,BAJAJHLDNG,10483.0,0.78,10162.6,10100.0,10229.25,10863.63,0.56,11.33,12.11,56.22,financials,finance & investments,13.15,2.48,-16.83,-0.18,-0.22,9841.46,9452.31,-5.12,2026-05-25,,,,
2026-05-25T05:42:00.272,TRENT,4296.5,3.02,4074.15,3980.6,4051.99,4663.27,0.92,95.39,88.83,60.88,consumer discretionary,trading,16.89,6.03,-10.52,-0.1,-0.25,4058.92,3899.13,-5.44,2026-05-25,,,,
2026-05-25T05:42:00.272,LATENTVIEW,326.5,1.63,311.05,292.1,302.13,363.05,0.43,32.01,34.05,60.98,i.t,computers - software - medium / small,18.52,8.06,-23.96,-0.39,-0.27,292.77,272.82,-5.59,2026-05-25,,,,
2026-05-25T05:42:00.272,ABFRL,67.35,0.88,64.39,60.52,62.75,74.26,0.72,-13.47,-12.68,60.23,consumer discretionary,textiles - products,13.17,7.34,-18.07,-0.21,-0.22,62.45,59.68,-6.03,2026-05-25,,,,
2026-05-25T05:42:00.272,FSL,268.6,5.84,245.98,225.1,242.05,308.42,1.13,22.61,27.52,64.02,i.t,computers - software - medium / small,26.74,10.97,-15.39,-0.31,-0.28,236.99,216.69,-6.69,2026-05-25,,,,
2026-05-25T05:42:00.272,DIXON,11722.0,4.12,11035.78,10570.0,10723.36,13219.97,1.77,59.54,43.04,60.93,consumer discretionary,electronics - consumer,11.08,9.31,-27.08,-0.3,-0.37,10806.69,10258.21,-7.19,2026-05-25,,,,
2026-05-25T05:42:00.272,POLYMED,1598.2,3.07,1522.63,1426.1,1534.06,1694.41,0.79,57.08,46.77,58.75,healthcare,healthcare,24.07,4.18,-14.95,-0.22,-0.24,1462.15,1368.12,-7.39,2026-05-25,,,,
2026-05-25T05:42:00.272,HEXT,514.05,2.22,486.23,471.1,485.21,557.31,0.69,NaN,0.0,63.24,n/a,indices,20.53,5.94,-28.71,-0.35,-0.32,473.59,446.44,-8.08,2026-05-25,,,,
2026-05-25T05:42:00.272,JSWCEMENT,137.99,8.26,127.5,120.01,120.62,164.04,24.35,12.45,-14.98,72.3,building materials,cement - north india,17.37,14.4,0.73,0.01,-0.12,125.71,121.01,NaN,2026-05-25,,,,
2026-05-25T05:42:00.272,PIRAMALFIN,1959.5,1.84,1879.64,1862.1,1923.22,2013.92,0.26,NaN,0.0,58.14,n/a,indices,20.18,1.89,NaN,0.08,NaN,1843.61,1768.19,NaN,2026-05-25,,,,
2026-05-25T05:42:00.272,BELRISE,216.36,1.96,208.75,202.51,207.62,229.47,0.87,37.3,34.51,56.02,auto,auto ancillaries,18.11,4.21,44.63,0.22,0.52,201.53,194.54,NaN,2026-05-25,,,,
2026-05-25T05:42:00.272,MEESHO,199.01,3.39,188.17,184.8,193.32,207.54,0.48,-138.2,-63.18,60.96,i.t,miscellaneous,28.93,2.94,NaN,NaN,NaN,179.7,166.12,NaN,2026-05-25,,,,
2026-05-25T05:42:00.272,AEGISVOPAK,207.37,1.13,198.86,191.0,198.65,220.45,0.43,92.58,107.45,58.01,transportation,miscellaneous,12.54,4.39,-26.8,-0.26,-0.17,191.21,180.82,NaN,2026-05-25,,,,
2026-05-24T23:12:13.793,GVT&D,4849.5,1.15,4668.72,4251.8,4441.37,5461.7,1.07,88.24,100.67,68.31,industrials,electric equipment,38.45,9.19,63.9,0.46,0.73,4391.49,4110.88,35.34,2026-05-24,,,,
2026-05-24T23:12:13.793,IDEA,13.73,0.81,13.26,12.45,13.24,14.46,1.15,0.72,4.33,83.61,telecom-service,telecommunications - service provider,50.62,3.68,55.93,0.24,1.01,12.63,12.07,22.16,2026-05-24,,,,
2026-05-24T23:12:13.793,SYRMA,1038.85,1.39,998.13,957.4,1026.76,1056.99,0.63,49.09,61.65,58.74,consumer discretionary,electronics - components,34.52,1.18,33.21,0.1,0.2,946.38,888.68,21.39,2026-05-24,,,,
2026-05-24T23:12:13.793,HFCL,148.21,4.56,138.3,134.93,152.92,141.15,0.84,30.62,69.58,71.48,telecom,cables - telephone,56.19,-3.08,94.23,0.86,1.05,131.47,119.68,18.92,2026-05-24,,,,
2026-05-24T23:12:13.793,GABRIEL,1120.0,1.23,1069.47,1050.0,1103.15,1145.28,0.43,73.49,64.33,65.09,auto,auto ancillaries,29.31,1.53,-13.44,-0.02,-0.11,1049.11,1003.45,16.73,2026-05-24,,,,
2026-05-24T23:12:13.793,BHEL,408.55,0.1,398.96,386.1,415.51,398.1,0.44,27.53,88.82,71.09,industrials,electric equipment,50.54,-1.68,74.86,0.32,0.87,383.24,369.27,16.46,2026-05-24,,,,
2026-05-24T23:12:13.793,HINDALCO,1109.2,0.9,1070.94,1037.1,1059.74,1183.39,0.68,23.7,18.39,64.11,metals & mining,aluminium and aluminium products,28.53,4.67,41.08,0.28,0.45,1050.25,1011.84,16.44,2026-05-24,,,,
2026-05-24T23:12:13.793,SAIL,201.21,2.38,191.69,188.21,193.82,212.29,0.93,11.33,24.66,66.17,metals & mining,steel - large,34.08,3.81,55.45,0.34,0.52,185.97,175.49,15.77,2026-05-24,,,,
2026-05-24T23:12:13.793,CRAFTSMAN,8702.0,1.86,8256.5,8242.5,8595.93,8861.1,0.35,41.96,49.52,67.06,auto,auto ancillaries,42.47,1.23,30.01,0.18,0.23,8086.36,7696.63,14.38,2026-05-24,,,,
2026-05-24T23:12:13.793,MAHABANK,80.04,0.35,77.43,76.2,79.41,80.98,0.57,7.52,8.77,56.95,bank,banks - public sector,18.28,0.79,35.23,0.23,0.49,76.0,73.38,13.51,2026-05-24,,,,
2026-05-24T23:12:13.793,ADANIENSOL,1367.9,1.91,1335.84,1248.2,1317.64,1443.29,1.03,60.1,71.99,61.15,power & utilities,power generation and supply,18.35,3.81,46.0,0.27,0.74,1241.41,1170.44,13.24,2026-05-24,,,,
2026-05-24T23:12:13.793,POLYCAB,9263.5,0.76,9010.12,8943.5,9230.6,9312.85,0.34,44.38,51.93,72.46,industrials,cables - power,36.27,0.36,20.72,0.12,0.23,8865.0,8619.12,11.95,2026-05-24,,,,
2026-05-24T23:12:13.793,DATAPATTNS,3969.7,0.9,3865.12,3600.1,3916.58,4049.38,0.82,40.16,81.9,54.5,aerospace & defence,electronics - components,25.23,1.36,42.7,0.18,0.57,3535.67,3324.96,10.38,2026-05-24,,,,
2026-05-24T23:12:13.793,MANAPPURAM,324.1,0.53,313.75,295.75,313.89,339.41,1.02,16.99,27.63,67.57,financials,finance & investments,23.5,3.25,12.85,0.06,0.1,303.54,290.98,9.45,2026-05-24,,,,
2026-05-24T23:12:13.793,TORNTPHARM,4486.2,0.38,4351.89,4306.0,4409.26,4601.61,0.58,97.44,70.09,61.9,healthcare,pharmaceuticals - indian - formulations,22.48,1.75,25.66,0.11,0.21,4264.7,4147.37,8.58,2026-05-24,,,,
2026-05-24T23:12:13.793,LLOYDSME,1737.3,1.35,1673.84,1636.1,1713.55,1772.92,0.56,16.22,24.89,60.49,metals & mining,mining / minerals / metals,36.35,1.39,31.57,0.27,0.29,1626.75,1549.35,7.96,2026-05-24,,,,
2026-05-24T23:12:13.793,JBCHEPHARM,2192.6,0.63,2127.58,2087.1,2154.51,2249.74,0.58,86.32,48.44,63.57,healthcare,pharmaceuticals - indian - bulk drugs & formln,31.4,1.77,29.68,0.16,0.23,2083.84,2026.67,7.93,2026-05-24,,,,
2026-05-24T23:12:13.793,SAMMAANCAP,161.46,4.67,149.24,134.75,139.21,194.84,2.25,-0.41,-1.85,66.42,financials,finance - housing,14.37,15.98,-5.81,-0.05,0.14,145.17,134.14,7.09,2026-05-24,,,,
2026-05-24T23:12:13.793,JSWSTEEL,1285.5,0.33,1252.54,1258.3,1272.13,1305.55,0.28,4.79,14.06,57.39,metals & mining,steel - large,15.78,1.05,12.31,0.01,0.16,1236.33,1203.86,6.13,2026-05-24,,,,
2026-05-24T23:12:13.793,SIEMENS,3811.7,2.45,3639.72,3454.5,3588.71,4146.18,1.12,122.17,76.72,60.05,industrials,electric equipment,22.35,6.21,23.09,0.09,0.17,3547.43,3371.53,5.88,2026-05-24,,,,
2026-05-24T23:12:13.793,TIMKEN,3750.2,1.02,3598.76,3411.0,3498.91,4127.14,0.97,44.54,68.0,64.59,industrials,bearings,22.25,7.18,28.11,0.12,0.26,3497.58,3322.91,5.72,2026-05-24,,,,
2026-05-24T23:12:13.793,AIAENG,3994.0,-0.04,3881.78,3788.6,3828.64,4242.03,0.68,31.66,32.08,57.13,industrials,castings & forgings,13.44,4.32,20.66,-0.04,0.26,3773.68,3664.33,5.3,2026-05-24,,,,
2026-05-24T23:12:13.793,TATACOMM,1964.0,3.57,1846.81,1630.2,1664.56,2413.16,4.41,53.14,55.87,80.1,telecom-service,telecommunications - service provider,24.15,17.99,3.1,-0.06,0.22,1781.46,1659.55,4.95,2026-05-24,,,,
2026-05-24T23:12:13.793,ENDURANCE,2721.8,3.77,2567.6,2490.2,2544.29,2988.06,3.07,34.63,40.23,68.16,auto,auto ancillaries,27.24,6.98,-8.19,-0.09,-0.1,2519.38,2402.36,4.92,2026-05-24,,,,
2026-05-24T23:12:13.793,APOLLOHOSP,8362.5,0.65,8089.9,7814.5,8059.84,8816.49,1.26,56.78,61.92,72.11,healthcare,healthcare,23.42,3.76,4.41,0.04,0.02,7972.51,7758.01,4.25,2026-05-24,,,,
2026-05-24T23:12:13.793,INDUSINDBK,910.15,1.13,884.65,870.2,905.06,917.79,0.35,29.82,79.77,55.89,bank,banks - private sector,19.43,0.56,19.88,0.01,0.17,867.1,839.17,4.08,2026-05-24,,,,
2026-05-24T23:12:13.793,MINDACORP,574.65,7.04,521.41,507.4,510.12,671.44,8.24,27.16,37.53,67.74,auto,auto ancillaries,11.8,12.65,-0.35,-0.12,0.11,520.74,495.66,3.49,2026-05-24,,,,
2026-05-24T23:12:13.793,SONACOMS,593.75,1.62,572.61,555.55,573.62,623.95,0.97,48.04,57.59,57.61,auto,auto ancillaries,21.58,3.51,28.84,0.08,0.31,557.44,536.41,3.39,2026-05-24,,,,
2026-05-24T23:12:13.793,3MINDIA,33315.0,3.46,31703.0,30280.0,31022.21,36754.18,8.84,43.57,71.85,60.08,miscellaneous,diversified - large,17.79,7.39,12.27,-0.14,0.06,30794.15,30133.5,2.73,2026-05-24,,,,
2026-05-24T23:12:13.793,ASIANPAINT,2639.8,1.58,2548.2,2556.0,2582.94,2725.09,1.22,59.67,65.8,65.32,building materials,paints / varnishes,27.08,2.2,4.93,-0.15,-0.01,2515.25,2446.74,2.62,2026-05-24,,,,
2026-05-24T23:12:13.793,360ONE,1112.4,0.05,1080.94,1066.8,1092.06,1142.9,0.43,39.06,36.88,59.89,financials,finance & investments,11.44,1.86,-5.92,-0.1,0.04,1051.09,1014.51,2.59,2026-05-24,,,,
2026-05-24T23:12:13.793,DIVISLAB,6887.0,0.42,6654.2,6658.0,6864.45,6920.82,1.15,60.82,71.18,66.48,healthcare,pharmaceuticals - indian - bulk drugs,38.38,0.33,4.29,-0.02,0.09,6586.17,6434.04,2.53,2026-05-24,,,,
2026-05-24T23:12:13.793,ADANIENT,2717.3,0.73,2651.98,2647.5,2682.52,2769.48,0.41,-397.27,34.63,71.97,services,trading,47.13,1.3,6.67,0.02,0.15,2551.39,2454.66,2.2,2026-05-24,,,,
2026-05-24T23:12:13.793,DEEPAKFERT,1473.9,6.52,1359.16,1252.8,1308.15,1722.53,3.17,32.87,21.26,71.72,chemicals,chemicals,32.13,12.67,3.58,-0.06,-0.01,1339.88,1250.46,2.18,2026-05-24,,,,
2026-05-24T23:12:13.793,JSWENERGY,551.25,0.51,534.54,508.1,525.37,590.07,0.41,65.01,42.97,56.21,power & utilities,power generation and supply,15.15,4.93,5.14,0.01,0.06,520.92,500.72,2.08,2026-05-24,,,,
2026-05-24T23:12:13.793,VBL,539.45,3.77,516.07,494.3,509.89,583.79,2.47,52.27,57.39,72.02,fmcg,food - processing - indian,26.16,5.8,18.41,0.1,0.07,510.45,490.66,1.92,2026-05-24,,,,
2026-05-24T23:12:13.793,MOTILALOFS,849.45,0.74,820.26,821.1,851.63,846.18,0.47,-57.55,27.26,58.07,financials,finance & investments,23.26,-0.26,-16.66,-0.18,-0.06,803.19,770.79,1.11,2026-05-24,,,,
2026-05-24T23:12:13.793,YESBANK,21.87,1.39,20.99,20.93,22.25,21.29,0.74,16.08,19.7,59.29,bank,banks - private sector,29.13,-1.72,0.0,-0.11,0.04,20.43,19.45,0.91,2026-05-24,,,,
2026-05-24T23:12:13.793,TECHNOE,1334.5,3.11,1270.57,1143.8,1204.2,1529.95,2.79,32.55,31.42,66.72,realty,engineering - turnkey services,18.62,10.82,0.3,0.02,-0.15,1221.32,1151.74,0.71,2026-05-24,,,,
2026-05-24T23:12:13.793,JKCEMENT,5557.5,0.2,5382.16,5327.5,5305.92,5934.87,0.45,61.48,42.1,53.47,building materials,cement - north india,10.8,4.74,-13.55,-0.09,-0.2,5254.12,5090.09,0.36,2026-05-24,,,,
2026-05-24T23:12:13.793,SHYAMMETL,947.8,1.4,907.14,860.05,887.55,1038.18,2.04,21.16,24.87,67.06,metals & mining,steel - large,21.41,6.79,2.6,0.05,-0.01,890.05,851.44,0.26,2026-05-24,,,,
2026-05-24T23:12:13.793,CAPLIPOINT,2028.0,0.1,1972.74,1948.6,1962.05,2126.93,0.63,22.65,24.04,70.79,healthcare,pharmaceuticals - indian - formulations,33.89,3.36,0.9,-0.03,-0.07,1883.48,1805.99,0.03,2026-05-24,,,,
2026-05-24T23:12:13.793,GODREJIND,1126.5,1.35,1085.15,1105.5,1142.65,1102.28,0.24,21.35,30.59,59.57,chemicals,chemicals,44.22,-1.41,2.36,-0.01,-0.09,1008.23,949.02,-0.37,2026-05-24,,,,
2026-05-24T23:12:13.793,ATGL,652.8,2.3,622.45,596.15,608.09,719.87,0.82,106.67,109.53,61.33,energy,miscellaneous,30.39,7.35,5.32,-0.01,0.06,595.69,560.06,-0.45,2026-05-24,,,,
2026-05-24T23:12:13.793,NIVABUPA,85.99,2.83,82.04,78.06,80.94,93.57,2.0,11.5,121.11,69.33,financials,finance & investments,33.42,6.24,16.12,0.03,0.02,79.75,75.54,-0.63,2026-05-24,,,,
2026-05-24T23:12:13.793,PIDILITIND,1478.4,0.38,1429.82,1428.2,1453.8,1515.29,0.55,64.96,48.2,61.54,chemicals,chemicals,20.43,1.69,-3.08,-0.09,-0.08,1413.78,1370.92,-1.01,2026-05-24,,,,
2026-05-24T23:12:13.793,HINDPETRO,389.65,0.22,377.64,355.8,371.58,416.75,0.37,3.42,4.59,55.81,energy,refineries,14.9,4.86,-13.91,-0.25,-0.02,364.41,346.83,-1.41,2026-05-24,,,,
2026-05-24T23:12:13.793,HONAUT,35405.0,1.26,33912.9,28150.0,28907.7,45150.96,5.69,49.01,59.63,72.98,consumer discretionary,electronics - components,27.69,22.48,-2.59,-0.06,-0.05,31699.9,30066.07,-1.87,2026-05-24,,,,
2026-05-24T23:12:13.793,KOTAKBANK,384.15,0.87,373.38,376.3,377.94,393.47,0.49,17.62,5.11,53.47,bank,banks - private sector,14.4,1.64,-13.1,-0.16,-0.05,366.06,354.64,-2.01,2026-05-24,,,,
2026-05-24T23:12:13.793,TATATECH,671.35,1.09,643.22,609.0,643.66,712.89,0.5,33.37,49.88,69.8,i.t,computers - software - medium / small,40.1,4.3,-1.32,-0.09,-0.04,627.29,595.9,-2.06,2026-05-24,,,,
2026-05-24T23:12:13.793,ABBOTINDIA,27830.0,0.42,26641.3,27185.0,27489.38,28340.93,0.71,37.44,38.1,63.43,healthcare,pharmaceuticals - multinational,35.06,1.24,-7.02,-0.13,-0.16,26556.45,25756.29,-2.44,2026-05-24,,,,
2026-05-24T23:12:13.793,SUZLON,53.75,1.66,51.94,52.0,52.98,54.91,0.63,41.99,22.78,56.9,industrials,electric equipment,19.91,1.46,1.88,-0.13,-0.1,50.85,48.88,-2.84,2026-05-24,,,,
2026-05-24T23:12:13.793,CROMPTON,294.75,0.99,285.18,287.15,294.6,294.98,0.51,-8.89,-78.6,63.01,consumer discretionary,electric equipment,37.23,0.05,2.79,0.01,-0.13,275.53,266.26,-3.43,2026-05-24,,,,
2026-05-24T23:12:13.793,PAGEIND,39455.0,2.8,37553.6,36210.0,36579.22,43768.68,5.02,61.56,57.61,68.17,consumer discretionary,textiles - products,27.47,7.86,-5.43,-0.06,-0.15,36684.04,35640.82,-3.82,2026-05-24,,,,
2026-05-24T23:12:13.793,ELECON,533.25,5.77,497.84,469.65,506.43,573.48,3.64,493.75,35.06,63.16,industrials,engineering,25.4,5.3,-1.84,-0.08,-0.07,484.77,454.67,-4.11,2026-05-24,,,,
2026-05-24T23:12:13.793,COFORGE,1387.1,0.73,1342.31,1274.6,1324.61,1480.84,0.62,19.02,29.92,61.2,i.t,computers - software - large,18.66,4.72,-20.6,-0.31,-0.21,1276.36,1208.1,-4.3,2026-05-24,,,,
2026-05-24T23:12:13.793,BAJAJHLDNG,10483.0,0.78,10162.6,10100.0,10229.25,10863.63,0.56,11.33,12.11,56.22,financials,finance & investments,13.15,2.48,-16.83,-0.18,-0.22,9841.46,9452.31,-5.12,2026-05-24,,,,
2026-05-24T23:12:13.793,TRENT,4296.5,3.02,4074.15,3980.6,4051.99,4663.27,0.92,95.39,88.83,60.88,consumer discretionary,trading,16.89,6.03,-10.52,-0.1,-0.25,4058.92,3899.13,-5.44,2026-05-24,,,,
2026-05-24T23:12:13.793,LATENTVIEW,326.5,1.63,311.05,292.1,302.13,363.05,0.43,32.01,34.05,60.98,i.t,computers - software - medium / small,18.52,8.06,-23.96,-0.39,-0.27,292.77,272.82,-5.59,2026-05-24,,,,
2026-05-24T23:12:13.793,ABFRL,67.35,0.88,64.39,60.52,62.75,74.26,0.72,-13.47,-12.68,60.23,consumer discretionary,textiles - products,13.17,7.34,-18.07,-0.21,-0.22,62.45,59.68,-6.03,2026-05-24,,,,
2026-05-24T23:12:13.793,FSL,268.6,5.84,245.98,225.1,242.05,308.42,1.13,22.61,27.52,64.02,i.t,computers - software - medium / small,26.74,10.97,-15.39,-0.31,-0.28,236.99,216.69,-6.69,2026-05-24,,,,
2026-05-24T23:12:13.793,DIXON,11722.0,4.12,11035.78,10570.0,10723.36,13219.97,1.77,59.54,43.04,60.93,consumer discretionary,electronics - consumer,11.08,9.31,-27.08,-0.3,-0.37,10806.69,10258.21,-7.19,2026-05-24,,,,
2026-05-24T23:12:13.793,POLYMED,1598.2,3.07,1522.63,1426.1,1534.06,1694.41,0.79,57.08,46.77,58.75,healthcare,healthcare,24.07,4.18,-14.95,-0.22,-0.24,1462.15,1368.12,-7.39,2026-05-24,,,,
2026-05-24T23:12:13.793,HEXT,514.05,2.22,486.23,471.1,485.21,557.31,0.69,NaN,0.0,63.24,n/a,indices,20.53,5.94,-28.71,-0.35,-0.32,473.59,446.44,-8.08,2026-05-24,,,,
2026-05-24T23:12:13.793,AEGISVOPAK,207.37,1.13,198.86,191.0,198.65,220.45,0.43,92.58,107.45,58.01,transportation,miscellaneous,12.54,4.39,-26.8,-0.26,-0.17,191.21,180.82,NaN,2026-05-24,,,,
2026-05-24T23:12:13.793,PIRAMALFIN,1959.5,1.84,1879.64,1862.1,1923.22,2013.92,0.26,NaN,0.0,58.14,n/a,indices,20.18,1.89,NaN,0.08,NaN,1843.61,1768.19,NaN,2026-05-24,,,,
2026-05-24T23:12:13.793,JSWCEMENT,137.99,8.26,127.5,120.01,120.62,164.04,24.35,12.45,-14.98,72.3,building materials,cement - north india,17.37,14.4,0.73,0.01,-0.12,125.71,121.01,NaN,2026-05-24,,,,
2026-05-24T23:12:13.793,BELRISE,216.36,1.96,208.75,202.51,207.62,229.47,0.87,37.3,34.51,56.02,auto,auto ancillaries,18.11,4.21,44.63,0.22,0.52,201.53,194.54,NaN,2026-05-24,,,,
2026-05-24T23:12:13.793,MEESHO,199.01,3.39,188.17,184.8,193.32,207.54,0.48,-138.2,-63.18,60.96,i.t,miscellaneous,28.93,2.94,NaN,NaN,NaN,179.7,166.12,NaN,2026-05-24,,,,
2026-05-23T23:16:40.629,GVT&D,4849.5,1.15,4668.72,4251.8,4441.37,5461.7,1.07,88.24,100.67,68.31,industrials,electric equipment,38.45,9.19,63.9,0.46,0.73,4391.49,4110.88,35.34,2026-05-23,,,,
2026-05-23T23:16:40.629,IDEA,13.73,0.81,13.26,12.45,13.24,14.46,1.15,0.72,4.33,83.61,telecom-service,telecommunications - service provider,50.62,3.68,55.93,0.24,1.01,12.63,12.07,22.16,2026-05-23,,,,
2026-05-23T23:16:40.629,SYRMA,1038.85,1.39,998.13,957.4,1026.76,1056.99,0.63,49.09,61.65,58.74,consumer discretionary,electronics - components,34.52,1.18,33.21,0.1,0.2,946.38,888.68,21.39,2026-05-23,,,,
2026-05-23T23:16:40.629,HFCL,148.21,4.56,138.3,134.93,152.92,141.15,0.84,30.62,69.58,71.48,telecom,cables - telephone,56.19,-3.08,94.23,0.86,1.05,131.47,119.68,18.92,2026-05-23,,,,
2026-05-23T23:16:40.629,GABRIEL,1120.0,1.23,1069.47,1050.0,1103.15,1145.28,0.43,73.49,64.33,65.09,auto,auto ancillaries,29.31,1.53,-13.44,-0.02,-0.11,1049.11,1003.45,16.73,2026-05-23,,,,
2026-05-23T23:16:40.629,BHEL,408.55,0.1,398.96,386.1,415.51,398.1,0.44,27.53,88.82,71.09,industrials,electric equipment,50.54,-1.68,74.86,0.32,0.87,383.24,369.27,16.46,2026-05-23,,,,
2026-05-23T23:16:40.629,HINDALCO,1109.2,0.9,1070.94,1037.1,1059.74,1183.39,0.68,30.04,15.32,64.11,metals & mining,aluminium and aluminium products,28.53,4.67,41.08,0.28,0.45,1050.25,1011.84,16.44,2026-05-23,,,,
2026-05-23T23:16:40.629,SAIL,201.21,2.38,191.69,188.21,193.82,212.29,0.93,11.33,24.66,66.17,metals & mining,steel - large,34.08,3.81,55.45,0.34,0.52,185.97,175.49,15.77,2026-05-23,,,,
2026-05-23T23:16:40.629,CRAFTSMAN,8702.0,1.86,8256.5,8242.5,8595.93,8861.1,0.35,41.96,49.52,67.06,auto,auto ancillaries,42.47,1.23,30.01,0.18,0.23,8086.36,7696.63,14.38,2026-05-23,,,,
2026-05-23T23:16:40.629,MAHABANK,80.04,0.35,77.43,76.2,79.41,80.98,0.57,7.52,8.77,56.95,bank,banks - public sector,18.28,0.79,35.23,0.23,0.49,76.0,73.38,13.51,2026-05-23,,,,
2026-05-23T23:16:40.629,ADANIENSOL,1367.9,1.91,1335.84,1248.2,1317.64,1443.29,1.03,60.1,71.99,61.15,power & utilities,power generation and supply,18.35,3.81,46.0,0.27,0.74,1241.41,1170.44,13.24,2026-05-23,,,,
2026-05-23T23:16:40.629,POLYCAB,9263.5,0.76,9010.12,8943.5,9230.6,9312.85,0.34,44.38,51.93,72.46,industrials,cables - power,36.27,0.36,20.72,0.12,0.23,8865.0,8619.12,11.95,2026-05-23,,,,
2026-05-23T23:16:40.629,DATAPATTNS,3969.7,0.9,3865.12,3600.1,3916.58,4049.38,0.82,40.16,81.9,54.5,aerospace & defence,electronics - components,25.23,1.36,42.7,0.18,0.57,3535.67,3324.96,10.38,2026-05-23,,,,
2026-05-23T23:16:40.629,MANAPPURAM,324.1,0.53,313.75,295.75,313.89,339.41,1.02,16.99,27.63,67.57,financials,finance & investments,23.5,3.25,12.85,0.06,0.1,303.54,290.98,9.45,2026-05-23,,,,
2026-05-23T23:16:40.629,TORNTPHARM,4486.2,0.38,4351.89,4306.0,4409.26,4601.61,0.58,59.75,66.75,61.9,healthcare,pharmaceuticals - indian - formulations,22.48,1.75,25.66,0.11,0.21,4264.7,4147.37,8.58,2026-05-23,,,,
2026-05-23T23:16:40.629,LLOYDSME,1737.3,1.35,1673.84,1636.1,1713.55,1772.92,0.56,16.22,24.89,60.49,metals & mining,mining / minerals / metals,36.35,1.39,31.57,0.27,0.29,1626.75,1549.35,7.96,2026-05-23,,,,
2026-05-23T23:16:40.629,JBCHEPHARM,2192.6,0.63,2127.58,2087.1,2154.51,2249.74,0.58,86.32,48.44,63.57,healthcare,pharmaceuticals - indian - bulk drugs & formln,31.4,1.77,29.68,0.16,0.23,2083.84,2026.67,7.93,2026-05-23,,,,
2026-05-23T23:16:40.629,SAMMAANCAP,161.46,4.67,149.24,134.75,139.21,194.84,2.25,-0.41,-1.85,66.42,financials,finance - housing,14.37,15.98,-5.81,-0.05,0.14,145.17,134.14,7.09,2026-05-23,,,,
2026-05-23T23:16:40.629,JSWSTEEL,1285.5,0.33,1252.54,1258.3,1272.13,1305.55,0.28,4.79,14.06,57.39,metals & mining,steel - large,15.78,1.05,12.31,0.01,0.16,1236.33,1203.86,6.13,2026-05-23,,,,
2026-05-23T23:16:40.629,SIEMENS,3811.7,2.45,3639.72,3454.5,3588.71,4146.18,1.12,122.17,76.72,60.05,industrials,electric equipment,22.35,6.21,23.09,0.09,0.17,3547.43,3371.53,5.88,2026-05-23,,,,
2026-05-23T23:16:40.629,TIMKEN,3750.2,1.02,3598.76,3411.0,3498.91,4127.14,0.97,44.54,68.0,64.59,industrials,bearings,22.25,7.18,28.11,0.12,0.26,3497.58,3322.91,5.72,2026-05-23,,,,
2026-05-23T23:16:40.629,AIAENG,3994.0,-0.04,3881.78,3788.6,3828.64,4242.03,0.68,31.66,32.08,57.13,industrials,castings & forgings,13.44,4.32,20.66,-0.04,0.26,3773.68,3664.33,5.3,2026-05-23,,,,
2026-05-23T23:16:40.629,TATACOMM,1964.0,3.57,1846.81,1630.2,1664.56,2413.16,4.41,53.14,55.87,80.1,telecom-service,telecommunications - service provider,24.15,17.99,3.1,-0.06,0.22,1781.46,1659.55,4.95,2026-05-23,,,,
2026-05-23T23:16:40.629,ENDURANCE,2721.8,3.77,2567.6,2490.2,2544.29,2988.06,3.07,34.63,40.23,68.16,auto,auto ancillaries,27.24,6.98,-8.19,-0.09,-0.1,2519.38,2402.36,4.92,2026-05-23,,,,
2026-05-23T23:16:40.629,APOLLOHOSP,8362.5,0.65,8089.9,7814.5,8059.84,8816.49,1.26,56.78,61.92,72.11,healthcare,healthcare,23.42,3.76,4.41,0.04,0.02,7972.51,7758.01,4.25,2026-05-23,,,,
2026-05-23T23:16:40.629,INDUSINDBK,910.15,1.13,884.65,870.2,905.06,917.79,0.35,29.82,79.77,55.89,bank,banks - private sector,19.43,0.56,19.88,0.01,0.17,867.1,839.17,4.08,2026-05-23,,,,
2026-05-23T23:16:40.629,MINDACORP,574.65,7.04,521.41,507.4,510.12,671.44,8.24,39.47,46.99,67.74,auto,auto ancillaries,11.8,12.65,-0.35,-0.12,0.11,520.74,495.66,3.49,2026-05-23,,,,
2026-05-23T23:16:40.629,SONACOMS,593.75,1.62,572.61,555.55,573.62,623.95,0.97,48.04,57.59,57.61,auto,auto ancillaries,21.58,3.51,28.84,0.08,0.31,557.44,536.41,3.39,2026-05-23,,,,
2026-05-23T23:16:40.629,3MINDIA,33315.0,3.46,31703.0,30280.0,31022.21,36754.18,8.84,43.57,71.85,60.08,miscellaneous,diversified - large,17.79,7.39,12.27,-0.14,0.06,30794.15,30133.5,2.73,2026-05-23,,,,
2026-05-23T23:16:40.629,ASIANPAINT,2639.8,1.58,2548.2,2556.0,2582.94,2725.09,1.22,59.67,65.8,65.32,building materials,paints / varnishes,27.08,2.2,4.93,-0.15,-0.01,2515.25,2446.74,2.62,2026-05-23,,,,
2026-05-23T23:16:40.629,360ONE,1112.4,0.05,1080.94,1066.8,1092.06,1142.9,0.43,39.06,36.88,59.89,financials,finance & investments,11.44,1.86,-5.92,-0.1,0.04,1051.09,1014.51,2.59,2026-05-23,,,,
2026-05-23T23:16:40.629,DIVISLAB,6887.0,0.42,6654.2,6658.0,6864.45,6920.82,1.15,78.33,73.76,66.48,healthcare,pharmaceuticals - indian - bulk drugs,38.38,0.33,4.29,-0.02,0.09,6586.17,6434.04,2.53,2026-05-23,,,,
2026-05-23T23:16:40.629,ADANIENT,2717.3,0.73,2651.98,2647.5,2682.52,2769.48,0.41,-397.27,34.63,71.97,services,trading,47.13,1.3,6.67,0.02,0.15,2551.39,2454.66,2.2,2026-05-23,,,,
2026-05-23T23:16:40.629,DEEPAKFERT,1473.9,6.52,1359.16,1252.8,1308.15,1722.53,3.17,32.87,21.26,71.72,chemicals,chemicals,32.13,12.67,3.58,-0.06,-0.01,1339.88,1250.46,2.18,2026-05-23,,,,
2026-05-23T23:16:40.629,JSWENERGY,551.25,0.51,534.54,508.1,525.37,590.07,0.41,65.01,42.97,56.21,power & utilities,power generation and supply,15.15,4.93,5.14,0.01,0.06,520.92,500.72,2.08,2026-05-23,,,,
2026-05-23T23:16:40.629,VBL,539.45,3.77,516.07,494.3,509.89,583.79,2.47,52.27,57.39,72.02,fmcg,food - processing - indian,26.16,5.8,18.41,0.1,0.07,510.45,490.66,1.92,2026-05-23,,,,
2026-05-23T23:16:40.629,MOTILALOFS,849.45,0.74,820.26,821.1,851.63,846.18,0.47,-57.55,27.26,58.07,financials,finance & investments,23.26,-0.26,-16.66,-0.18,-0.06,803.19,770.79,1.11,2026-05-23,,,,
2026-05-23T23:16:40.629,YESBANK,21.87,1.39,20.99,20.93,22.25,21.29,0.74,16.08,19.7,59.29,bank,banks - private sector,29.13,-1.72,0.0,-0.11,0.04,20.43,19.45,0.91,2026-05-23,,,,
2026-05-23T23:16:40.629,TECHNOE,1334.5,3.11,1270.57,1143.8,1204.2,1529.95,2.79,32.55,31.42,66.72,realty,engineering - turnkey services,18.62,10.82,0.3,0.02,-0.15,1221.32,1151.74,0.71,2026-05-23,,,,
2026-05-23T23:16:40.629,JKCEMENT,5557.5,0.2,5382.16,5327.5,5305.92,5934.87,0.45,61.48,42.1,53.47,building materials,cement - north india,10.8,4.74,-13.55,-0.09,-0.2,5254.12,5090.09,0.36,2026-05-23,,,,
2026-05-23T23:16:40.629,SHYAMMETL,947.8,1.4,907.14,860.05,887.55,1038.18,2.04,21.16,24.87,67.06,metals & mining,steel - large,21.41,6.79,2.6,0.05,-0.01,890.05,851.44,0.26,2026-05-23,,,,
2026-05-23T23:16:40.629,CAPLIPOINT,2028.0,0.1,1972.74,1948.6,1962.05,2126.93,0.63,22.65,24.04,70.79,healthcare,pharmaceuticals - indian - formulations,33.89,3.36,0.9,-0.03,-0.07,1883.48,1805.99,0.03,2026-05-23,,,,
2026-05-23T23:16:40.629,GODREJIND,1126.5,1.35,1085.15,1105.5,1142.65,1102.28,0.24,21.35,30.59,59.57,chemicals,chemicals,44.22,-1.41,2.36,-0.01,-0.09,1008.23,949.02,-0.37,2026-05-23,,,,
2026-05-23T23:16:40.629,ATGL,652.8,2.3,622.45,596.15,608.09,719.87,0.82,106.67,109.53,61.33,energy,miscellaneous,30.39,7.35,5.32,-0.01,0.06,595.69,560.06,-0.45,2026-05-23,,,,
2026-05-23T23:16:40.629,NIVABUPA,85.99,2.83,82.04,78.06,80.94,93.57,2.0,11.5,121.11,69.33,financials,finance & investments,33.42,6.24,16.12,0.03,0.02,79.75,75.54,-0.63,2026-05-23,,,,
2026-05-23T23:16:40.629,PIDILITIND,1478.4,0.38,1429.82,1428.2,1453.8,1515.29,0.55,64.96,48.2,61.54,chemicals,chemicals,20.43,1.69,-3.08,-0.09,-0.08,1413.78,1370.92,-1.01,2026-05-23,,,,
2026-05-23T23:16:40.629,HINDPETRO,389.65,0.22,377.64,355.8,371.58,416.75,0.37,3.42,4.59,55.81,energy,refineries,14.9,4.86,-13.91,-0.25,-0.02,364.41,346.83,-1.41,2026-05-23,,,,
2026-05-23T23:16:40.629,HONAUT,35405.0,1.26,33912.9,28150.0,28907.7,45150.96,5.69,49.01,59.63,72.98,consumer discretionary,electronics - components,27.69,22.48,-2.59,-0.06,-0.05,31699.9,30066.07,-1.87,2026-05-23,,,,
2026-05-23T23:16:40.629,KOTAKBANK,384.15,0.87,373.38,376.3,377.94,393.47,0.49,17.62,5.11,53.47,bank,banks - private sector,14.4,1.64,-13.1,-0.16,-0.05,366.06,354.64,-2.01,2026-05-23,,,,
2026-05-23T23:16:40.629,TATATECH,671.35,1.09,643.22,609.0,643.66,712.89,0.5,33.37,49.88,69.8,i.t,computers - software - medium / small,40.1,4.3,-1.32,-0.09,-0.04,627.29,595.9,-2.06,2026-05-23,,,,
2026-05-23T23:16:40.629,ABBOTINDIA,27830.0,0.42,26641.3,27185.0,27489.38,28340.93,0.71,37.44,38.1,63.43,healthcare,pharmaceuticals - multinational,35.06,1.24,-7.02,-0.13,-0.16,26556.45,25756.29,-2.44,2026-05-23,,,,
2026-05-23T23:16:40.629,SUZLON,53.75,1.66,51.94,52.0,52.98,54.91,0.63,41.99,22.78,56.9,industrials,electric equipment,19.91,1.46,1.88,-0.13,-0.1,50.85,48.88,-2.84,2026-05-23,,,,
2026-05-23T23:16:40.629,CROMPTON,294.75,0.99,285.18,287.15,294.6,294.98,0.51,-8.89,-78.6,63.01,consumer discretionary,electric equipment,37.23,0.05,2.79,0.01,-0.13,275.53,266.26,-3.43,2026-05-23,,,,
2026-05-23T23:16:40.629,PAGEIND,39455.0,2.8,37553.6,36210.0,36579.22,43768.68,5.02,61.56,57.61,68.17,consumer discretionary,textiles - products,27.47,7.86,-5.43,-0.06,-0.15,36684.04,35640.82,-3.82,2026-05-23,,,,
2026-05-23T23:16:40.629,ELECON,533.25,5.77,497.84,469.65,506.43,573.48,3.64,493.75,35.06,63.16,industrials,engineering,25.4,5.3,-1.84,-0.08,-0.07,484.77,454.67,-4.11,2026-05-23,,,,
2026-05-23T23:16:40.629,COFORGE,1387.1,0.73,1342.31,1274.6,1324.61,1480.84,0.62,19.02,29.92,61.2,i.t,computers - software - large,18.66,4.72,-20.6,-0.31,-0.21,1276.36,1208.1,-4.3,2026-05-23,,,,
2026-05-23T23:16:40.629,BAJAJHLDNG,10483.0,0.78,10162.6,10100.0,10229.25,10863.63,0.56,11.33,12.11,56.22,financials,finance & investments,13.15,2.48,-16.83,-0.18,-0.22,9841.46,9452.31,-5.12,2026-05-23,,,,
2026-05-23T23:16:40.629,TRENT,4296.5,3.02,4074.15,3980.6,4051.99,4663.27,0.92,95.39,88.83,60.88,consumer discretionary,trading,16.89,6.03,-10.52,-0.1,-0.25,4058.92,3899.13,-5.44,2026-05-23,,,,
2026-05-23T23:16:40.629,LATENTVIEW,326.5,1.63,311.05,292.1,302.13,363.05,0.43,32.01,34.05,60.98,i.t,computers - software - medium / small,18.52,8.06,-23.96,-0.39,-0.27,292.77,272.82,-5.59,2026-05-23,,,,
2026-05-23T23:16:40.629,ABFRL,67.35,0.88,64.39,60.52,62.75,74.26,0.72,-13.47,-12.68,60.23,consumer discretionary,textiles - products,13.17,7.34,-18.07,-0.21,-0.22,62.45,59.68,-6.03,2026-05-23,,,,
2026-05-23T23:16:40.629,FSL,268.6,5.84,245.98,225.1,242.05,308.42,1.13,22.61,27.52,64.02,i.t,computers - software - medium / small,26.74,10.97,-15.39,-0.31,-0.28,236.99,216.69,-6.69,2026-05-23,,,,
2026-05-23T23:16:40.629,DIXON,11722.0,4.12,11035.78,10570.0,10723.36,13219.97,1.77,59.54,43.04,60.93,consumer discretionary,electronics - consumer,11.08,9.31,-27.08,-0.3,-0.37,10806.69,10258.21,-7.19,2026-05-23,,,,
2026-05-23T23:16:40.629,POLYMED,1598.2,3.07,1522.63,1426.1,1534.06,1694.41,0.79,57.08,46.77,58.75,healthcare,healthcare,24.07,4.18,-14.95,-0.22,-0.24,1462.15,1368.12,-7.39,2026-05-23,,,,
2026-05-23T23:16:40.629,HEXT,514.05,2.22,486.23,471.1,485.21,557.31,0.69,NaN,0.0,63.24,n/a,indices,20.53,5.94,-28.71,-0.35,-0.32,473.59,446.44,-8.08,2026-05-23,,,,
2026-05-23T23:16:40.629,BELRISE,216.36,1.96,208.75,202.51,207.62,229.47,0.87,37.3,34.51,56.02,auto,auto ancillaries,18.11,4.21,44.63,0.22,0.52,201.53,194.54,NaN,2026-05-23,,,,
2026-05-23T23:16:40.629,MEESHO,199.01,3.39,188.17,184.8,193.32,207.54,0.48,-138.2,-63.18,60.96,i.t,miscellaneous,28.93,2.94,NaN,NaN,NaN,179.7,166.12,NaN,2026-05-23,,,,
2026-05-23T23:16:40.629,PIRAMALFIN,1959.5,1.84,1879.64,1862.1,1923.22,2013.92,0.26,NaN,0.0,58.14,n/a,indices,20.18,1.89,NaN,0.08,NaN,1843.61,1768.19,NaN,2026-05-23,,,,
2026-05-23T23:16:40.629,JSWCEMENT,137.99,8.26,127.5,120.01,120.62,164.04,24.35,12.45,-14.98,72.3,building materials,cement - north india,17.37,14.4,0.73,0.01,-0.12,125.71,121.01,NaN,2026-05-23,,,,
2026-05-23T23:16:40.629,AEGISVOPAK,207.37,1.13,198.86,191.0,198.65,220.45,0.43,92.58,107.45,58.01,transportation,miscellaneous,12.54,4.39,-26.8,-0.26,-0.17,191.21,180.82,NaN,2026-05-23,,,,
2026-05-22T23:47:32.101,GVT&D,4849.5,1.15,4668.72,4251.8,4441.37,5461.7,1.07,88.24,99.53,68.31,industrials,electric equipment,38.45,9.19,63.9,0.46,0.73,4391.49,4110.88,35.34,2026-05-22,,,,
2026-05-22T23:47:32.101,IDEA,13.73,0.81,13.26,12.45,13.24,14.46,1.15,0.72,4.3,83.61,telecom-service,telecommunications - service provider,50.62,3.68,55.93,0.24,1.01,12.63,12.07,22.16,2026-05-22,,,,
2026-05-22T23:47:32.101,SYRMA,1038.85,1.39,998.13,957.4,1026.76,1056.99,0.63,49.09,60.81,58.74,consumer discretionary,electronics - components,34.52,1.18,33.21,0.1,0.2,946.38,888.68,21.39,2026-05-22,,,,
2026-05-22T23:47:32.101,HFCL,148.21,4.56,138.3,134.93,152.92,141.15,0.84,30.62,66.55,71.48,telecom,cables - telephone,56.19,-3.08,94.23,0.86,1.05,131.47,119.68,18.92,2026-05-22,,,,
2026-05-22T23:47:32.101,GABRIEL,1120.0,1.23,1069.47,1050.0,1103.15,1145.28,0.43,73.49,63.55,65.09,auto,auto ancillaries,29.31,1.53,-13.44,-0.02,-0.11,1049.11,1003.45,16.73,2026-05-22,,,,
2026-05-22T23:47:32.101,BHEL,408.55,0.1,398.96,386.1,415.51,398.1,0.44,27.53,88.73,71.09,industrials,electric equipment,50.54,-1.68,74.86,0.32,0.87,383.24,369.27,16.46,2026-05-22,,,,
2026-05-22T23:47:32.101,HINDALCO,1109.2,0.9,1070.94,1037.1,1059.74,1183.39,0.68,30.04,15.18,64.11,metals & mining,aluminium and aluminium products,28.53,4.67,41.08,0.28,0.45,1050.25,1011.84,16.44,2026-05-22,,,,
2026-05-22T23:47:32.101,SAIL,201.21,2.38,191.69,188.21,193.82,212.29,0.93,11.33,24.08,66.17,metals & mining,steel - large,34.08,3.81,55.45,0.34,0.52,185.97,175.49,15.77,2026-05-22,,,,
2026-05-22T23:47:32.101,CRAFTSMAN,8702.0,1.86,8256.5,8242.5,8595.93,8861.1,0.35,41.96,48.61,67.06,auto,auto ancillaries,42.47,1.23,30.01,0.18,0.23,8086.36,7696.63,14.38,2026-05-22,,,,
2026-05-22T23:47:32.101,MAHABANK,80.04,0.35,77.43,76.2,79.41,80.98,0.57,7.52,8.74,56.95,bank,banks - public sector,18.28,0.79,35.23,0.23,0.49,76.0,73.38,13.51,2026-05-22,,,,
2026-05-22T23:47:32.101,ADANIENSOL,1367.9,1.91,1335.84,1248.2,1317.64,1443.29,1.03,60.1,70.64,61.15,power & utilities,power generation and supply,18.35,3.81,46.0,0.27,0.74,1241.41,1170.44,13.24,2026-05-22,,,,
2026-05-22T23:47:32.101,POLYCAB,9263.5,0.76,9010.12,8943.5,9230.6,9312.85,0.34,44.38,51.54,72.46,industrials,cables - power,36.27,0.36,20.72,0.12,0.23,8865.0,8619.12,11.95,2026-05-22,,,,
2026-05-22T23:47:32.101,DATAPATTNS,3969.7,0.9,3865.12,3600.1,3916.58,4049.38,0.82,40.16,81.17,54.5,aerospace & defence,electronics - components,25.23,1.36,42.7,0.18,0.57,3535.67,3324.96,10.38,2026-05-22,,,,
2026-05-22T23:47:32.101,MANAPPURAM,324.1,0.53,313.75,295.75,313.89,339.41,1.02,16.99,27.49,67.57,financials,finance & investments,23.5,3.25,12.85,0.06,0.1,303.54,290.98,9.45,2026-05-22,,,,
2026-05-22T23:47:32.101,TORNTPHARM,4486.2,0.38,4351.89,4306.0,4409.26,4601.61,0.58,59.75,66.5,61.9,healthcare,pharmaceuticals - indian - formulations,22.48,1.75,25.66,0.11,0.21,4264.7,4147.37,8.58,2026-05-22,,,,
2026-05-22T23:47:32.101,LLOYDSME,1737.3,1.35,1673.84,1636.1,1713.55,1772.92,0.56,16.22,24.56,60.49,metals & mining,mining / minerals / metals,36.35,1.39,31.57,0.27,0.29,1626.75,1549.35,7.96,2026-05-22,,,,
2026-05-22T23:47:32.101,JBCHEPHARM,2192.6,0.63,2127.58,2087.1,2154.51,2249.74,0.58,86.32,48.14,63.57,healthcare,pharmaceuticals - indian - bulk drugs & formln,31.4,1.77,29.68,0.16,0.23,2083.84,2026.67,7.93,2026-05-22,,,,
2026-05-22T23:47:32.101,SAMMAANCAP,161.46,4.67,149.24,134.75,139.21,194.84,2.25,-0.41,-1.77,66.42,financials,finance - housing,14.37,15.98,-5.81,-0.05,0.14,145.17,134.14,7.09,2026-05-22,,,,
2026-05-22T23:47:32.101,JSWSTEEL,1285.5,0.33,1252.54,1258.3,1272.13,1305.55,0.28,4.79,14.01,57.39,metals & mining,steel - large,15.78,1.05,12.31,0.01,0.16,1236.33,1203.86,6.13,2026-05-22,,,,
2026-05-22T23:47:32.101,SIEMENS,3811.7,2.45,3639.72,3454.5,3588.71,4146.18,1.12,122.17,74.89,60.05,industrials,electric equipment,22.35,6.21,23.09,0.09,0.17,3547.43,3371.53,5.88,2026-05-22,,,,
2026-05-22T23:47:32.101,TIMKEN,3750.2,1.02,3598.76,3411.0,3498.91,4127.14,0.97,44.54,67.31,64.59,industrials,bearings,22.25,7.18,28.11,0.12,0.26,3497.58,3322.91,5.72,2026-05-22,,,,
2026-05-22T23:47:32.101,AIAENG,3994.0,-0.04,3881.78,3788.6,3828.64,4242.03,0.68,31.66,32.09,57.13,industrials,castings & forgings,13.44,4.32,20.66,-0.04,0.26,3773.68,3664.33,5.3,2026-05-22,,,,
2026-05-22T23:47:32.101,TATACOMM,1964.0,3.57,1846.81,1630.2,1664.56,2413.16,4.41,53.14,53.95,80.1,telecom-service,telecommunications - service provider,24.15,17.99,3.1,-0.06,0.22,1781.46,1659.55,4.95,2026-05-22,,,,
2026-05-22T23:47:32.101,ENDURANCE,2721.8,3.77,2567.6,2490.2,2544.29,2988.06,3.07,34.63,38.77,68.16,auto,auto ancillaries,27.24,6.98,-8.19,-0.09,-0.1,2519.38,2402.36,4.92,2026-05-22,,,,
2026-05-22T23:47:32.101,APOLLOHOSP,8362.5,0.65,8089.9,7814.5,8059.84,8816.49,1.26,56.78,61.52,72.11,healthcare,healthcare,23.42,3.76,4.41,0.04,0.02,7972.51,7758.01,4.25,2026-05-22,,,,
2026-05-22T23:47:32.101,INDUSINDBK,910.15,1.13,884.65,870.2,905.06,917.79,0.35,29.82,78.87,55.89,bank,banks - private sector,19.43,0.56,19.88,0.01,0.17,867.1,839.17,4.08,2026-05-22,,,,
2026-05-22T23:47:32.101,MINDACORP,574.65,7.04,521.41,507.4,510.12,671.44,8.24,39.47,43.9,67.74,auto,auto ancillaries,11.8,12.65,-0.35,-0.12,0.11,520.74,495.66,3.49,2026-05-22,,,,
2026-05-22T23:47:32.101,SONACOMS,593.75,1.62,572.61,555.55,573.62,623.95,0.97,48.04,56.67,57.61,auto,auto ancillaries,21.58,3.51,28.84,0.08,0.31,557.44,536.41,3.39,2026-05-22,,,,
2026-05-22T23:47:32.101,3MINDIA,33315.0,3.46,31703.0,30280.0,31022.21,36754.18,8.84,-151.18,95.88,60.08,miscellaneous,diversified - large,17.79,7.39,12.27,-0.14,0.06,30794.15,30133.5,2.73,2026-05-22,,,,
2026-05-22T23:47:32.101,ASIANPAINT,2639.8,1.58,2548.2,2556.0,2582.94,2725.09,1.22,59.67,64.78,65.32,building materials,paints / varnishes,27.08,2.2,4.93,-0.15,-0.01,2515.25,2446.74,2.62,2026-05-22,,,,
2026-05-22T23:47:32.101,360ONE,1112.4,0.05,1080.94,1066.8,1092.06,1142.9,0.43,39.06,36.86,59.89,financials,finance & investments,11.44,1.86,-5.92,-0.1,0.04,1051.09,1014.51,2.59,2026-05-22,,,,
2026-05-22T23:47:32.101,DIVISLAB,6887.0,0.42,6654.2,6658.0,6864.45,6920.82,1.15,78.33,73.45,66.48,healthcare,pharmaceuticals - indian - bulk drugs,38.38,0.33,4.29,-0.02,0.09,6586.17,6434.04,2.53,2026-05-22,,,,
2026-05-22T23:47:32.101,ADANIENT,2717.3,0.73,2651.98,2647.5,2682.52,2769.48,0.41,-397.27,34.38,71.97,services,trading,47.13,1.3,6.67,0.02,0.15,2551.39,2454.66,2.2,2026-05-22,,,,
2026-05-22T23:47:32.101,DEEPAKFERT,1473.9,6.52,1359.16,1252.8,1308.15,1722.53,3.17,32.87,19.96,71.72,chemicals,chemicals,32.13,12.67,3.58,-0.06,-0.01,1339.88,1250.46,2.18,2026-05-22,,,,
2026-05-22T23:47:32.101,JSWENERGY,551.25,0.51,534.54,508.1,525.37,590.07,0.41,65.01,42.75,56.21,power & utilities,power generation and supply,15.15,4.93,5.14,0.01,0.06,520.92,500.72,2.08,2026-05-22,,,,
2026-05-22T23:47:32.101,VBL,539.45,3.77,516.07,494.3,509.89,583.79,2.47,52.27,55.3,72.02,fmcg,food - processing - indian,26.16,5.8,18.41,0.1,0.07,510.45,490.66,1.92,2026-05-22,,,,
2026-05-22T23:47:32.101,MOTILALOFS,849.45,0.74,820.26,821.1,851.63,846.18,0.47,-57.55,27.06,58.07,financials,finance & investments,23.26,-0.26,-16.66,-0.18,-0.06,803.19,770.79,1.11,2026-05-22,,,,
2026-05-22T23:47:32.101,YESBANK,21.87,1.39,20.99,20.93,22.25,21.29,0.74,16.08,19.43,59.29,bank,banks - private sector,29.13,-1.72,0.0,-0.11,0.04,20.43,19.45,0.91,2026-05-22,,,,
2026-05-22T23:47:32.101,TECHNOE,1334.5,3.11,1270.57,1143.8,1204.2,1529.95,2.79,32.55,30.48,66.72,realty,engineering - turnkey services,18.62,10.82,0.3,0.02,-0.15,1221.32,1151.74,0.71,2026-05-22,,,,
2026-05-22T23:47:32.101,JKCEMENT,5557.5,0.2,5382.16,5327.5,5305.92,5934.87,0.45,61.48,42.02,53.47,building materials,cement - north india,10.8,4.74,-13.55,-0.09,-0.2,5254.12,5090.09,0.36,2026-05-22,,,,
2026-05-22T23:47:32.101,SHYAMMETL,947.8,1.4,907.14,860.05,887.55,1038.18,2.04,21.16,24.53,67.06,metals & mining,steel - large,21.41,6.79,2.6,0.05,-0.01,890.05,851.44,0.26,2026-05-22,,,,
2026-05-22T23:47:32.101,CAPLIPOINT,2028.0,0.1,1972.74,1948.6,1962.05,2126.93,0.63,22.65,24.01,70.79,healthcare,pharmaceuticals - indian - formulations,33.89,3.36,0.9,-0.03,-0.07,1883.48,1805.99,0.03,2026-05-22,,,,
2026-05-22T23:47:32.101,GODREJIND,1126.5,1.35,1085.15,1105.5,1142.65,1102.28,0.24,21.35,30.18,59.57,chemicals,chemicals,44.22,-1.41,2.36,-0.01,-0.09,1008.23,949.02,-0.37,2026-05-22,,,,
2026-05-22T23:47:32.101,ATGL,652.8,2.3,622.45,596.15,608.09,719.87,0.82,106.67,107.06,61.33,energy,miscellaneous,30.39,7.35,5.32,-0.01,0.06,595.69,560.06,-0.45,2026-05-22,,,,
2026-05-22T23:47:32.101,NIVABUPA,85.99,2.83,82.04,78.06,80.94,93.57,2.0,11.5,117.77,69.33,financials,finance & investments,33.42,6.24,16.12,0.03,0.02,79.75,75.54,-0.63,2026-05-22,,,,
2026-05-22T23:47:32.101,PIDILITIND,1478.4,0.38,1429.82,1428.2,1453.8,1515.29,0.55,64.96,48.02,61.54,chemicals,chemicals,20.43,1.69,-3.08,-0.09,-0.08,1413.78,1370.92,-1.01,2026-05-22,,,,
2026-05-22T23:47:32.101,HINDPETRO,389.65,0.22,377.64,355.8,371.58,416.75,0.37,3.42,4.58,55.81,energy,refineries,14.9,4.86,-13.91,-0.25,-0.02,364.41,346.83,-1.41,2026-05-22,,,,
2026-05-22T23:47:32.101,HONAUT,35405.0,1.26,33912.9,28150.0,28907.7,45150.96,5.69,49.01,58.89,72.98,consumer discretionary,electronics - components,27.69,22.48,-2.59,-0.06,-0.05,31699.9,30066.07,-1.87,2026-05-22,,,,
2026-05-22T23:47:32.101,KOTAKBANK,384.15,0.87,373.38,376.3,377.94,393.47,0.49,17.62,5.07,53.47,bank,banks - private sector,14.4,1.64,-13.1,-0.16,-0.05,366.06,354.64,-2.01,2026-05-22,,,,
2026-05-22T23:47:32.101,TATATECH,671.35,1.09,643.22,609.0,643.66,712.89,0.5,33.37,49.34,69.8,i.t,computers - software - medium / small,40.1,4.3,-1.32,-0.09,-0.04,627.29,595.9,-2.06,2026-05-22,,,,
2026-05-22T23:47:32.101,ABBOTINDIA,27830.0,0.42,26641.3,27185.0,27489.38,28340.93,0.71,37.44,37.95,63.43,healthcare,pharmaceuticals - multinational,35.06,1.24,-7.02,-0.13,-0.16,26556.45,25756.29,-2.44,2026-05-22,,,,
2026-05-22T23:47:32.101,SUZLON,53.75,1.66,51.94,52.0,52.98,54.91,0.63,41.99,22.4,56.9,industrials,electric equipment,19.91,1.46,1.88,-0.13,-0.1,50.85,48.88,-2.84,2026-05-22,,,,
2026-05-22T23:47:32.101,CROMPTON,294.75,0.99,285.18,287.15,294.6,294.98,0.51,-8.89,-77.83,63.01,consumer discretionary,electric equipment,37.23,0.05,2.79,0.01,-0.13,275.53,266.26,-3.43,2026-05-22,,,,
2026-05-22T23:47:32.101,PAGEIND,39455.0,2.8,37553.6,36210.0,36579.22,43768.68,5.02,61.56,56.04,68.17,consumer discretionary,textiles - products,27.47,7.86,-5.43,-0.06,-0.15,36684.04,35640.82,-3.82,2026-05-22,,,,
2026-05-22T23:47:32.101,ELECON,533.25,5.77,497.84,469.65,506.43,573.48,3.64,493.75,33.15,63.16,industrials,engineering,25.4,5.3,-1.84,-0.08,-0.07,484.77,454.67,-4.11,2026-05-22,,,,
2026-05-22T23:47:32.101,COFORGE,1387.1,0.73,1342.31,1274.6,1324.61,1480.84,0.62,19.02,29.7,61.2,i.t,computers - software - large,18.66,4.72,-20.6,-0.31,-0.21,1276.36,1208.1,-4.3,2026-05-22,,,,
2026-05-22T23:47:32.101,BAJAJHLDNG,10483.0,0.78,10162.6,10100.0,10229.25,10863.63,0.56,11.33,12.01,56.22,financials,finance & investments,13.15,2.48,-16.83,-0.18,-0.22,9841.46,9452.31,-5.12,2026-05-22,,,,
2026-05-22T23:47:32.101,TRENT,4296.5,3.02,4074.15,3980.6,4051.99,4663.27,0.92,95.39,86.22,60.88,consumer discretionary,trading,16.89,6.03,-10.52,-0.1,-0.25,4058.92,3899.13,-5.44,2026-05-22,,,,
2026-05-22T23:47:32.101,LATENTVIEW,326.5,1.63,311.05,292.1,302.13,363.05,0.43,32.01,33.5,60.98,i.t,computers - software - medium / small,18.52,8.06,-23.96,-0.39,-0.27,292.77,272.82,-5.59,2026-05-22,,,,
2026-05-22T23:47:32.101,ABFRL,67.35,0.88,64.39,60.52,62.75,74.26,0.72,-13.47,-12.57,60.23,consumer discretionary,textiles - products,13.17,7.34,-18.07,-0.21,-0.22,62.45,59.68,-6.03,2026-05-22,,,,
2026-05-22T23:47:32.101,FSL,268.6,5.84,245.98,225.1,242.05,308.42,1.13,22.61,26.0,64.02,i.t,computers - software - medium / small,26.74,10.97,-15.39,-0.31,-0.28,236.99,216.69,-6.69,2026-05-22,,,,
2026-05-22T23:47:32.101,DIXON,11722.0,4.12,11035.78,10570.0,10723.36,13219.97,1.77,59.54,41.34,60.93,consumer discretionary,electronics - consumer,11.08,9.31,-27.08,-0.3,-0.37,10806.69,10258.21,-7.19,2026-05-22,,,,
2026-05-22T23:47:32.101,POLYMED,1598.2,3.07,1522.63,1426.1,1534.06,1694.41,0.79,57.08,45.38,58.75,healthcare,healthcare,24.07,4.18,-14.95,-0.22,-0.24,1462.15,1368.12,-7.39,2026-05-22,,,,
2026-05-22T23:47:32.101,HEXT,514.05,2.22,486.23,471.1,485.21,557.31,0.69,NaN,0.0,63.24,n/a,indices,20.53,5.94,-28.71,-0.35,-0.32,473.59,446.44,-8.08,2026-05-22,,,,
2026-05-22T23:47:32.101,AEGISVOPAK,207.37,1.13,198.86,191.0,198.65,220.45,0.43,92.58,106.24,58.01,transportation,miscellaneous,12.54,4.39,-26.8,-0.26,-0.17,191.21,180.82,NaN,2026-05-22,,,,
2026-05-22T23:47:32.101,PIRAMALFIN,1959.5,1.84,1879.64,1862.1,1923.22,2013.92,0.26,NaN,0.0,58.14,n/a,indices,20.18,1.89,NaN,0.08,NaN,1843.61,1768.19,NaN,2026-05-22,,,,
2026-05-22T23:47:32.101,JSWCEMENT,137.99,8.26,127.5,120.01,120.62,164.04,24.35,12.45,-13.84,72.3,building materials,cement - north india,17.37,14.4,0.73,0.01,-0.12,125.71,121.01,NaN,2026-05-22,,,,
2026-05-22T23:47:32.101,BELRISE,216.36,1.96,208.75,202.51,207.62,229.47,0.87,37.3,33.85,56.02,auto,auto ancillaries,18.11,4.21,44.63,0.22,0.52,201.53,194.54,NaN,2026-05-22,,,,
2026-05-22T23:47:32.101,MEESHO,199.01,3.39,188.17,184.8,193.32,207.54,0.48,-138.2,-61.11,60.96,i.t,miscellaneous,28.93,2.94,NaN,NaN,NaN,179.7,166.12,NaN,2026-05-22,,,,
2026-05-15T13:54:41.42,MCX,3396.3,1.71,3283.0,3042.5,3124.12,3804.57,0.72,40.86,18.76,81.01,financials,miscellaneous,38.86,8.71,90.01,0.63,1.22,3165.21,3018.59,45.42,2026-05-15,,,,
2026-05-15T13:54:41.42,LAURUSLABS,1325.2,0.74,1283.7,1221.4,1229.35,1468.97,0.69,64.08,79.87,80.38,healthcare,pharmaceuticals - indian - bulk drugs & formln,34.14,7.8,51.58,0.22,0.49,1252.97,1201.51,27.72,2026-05-15,,,,
2026-05-15T13:54:41.42,SCI,340.3,4.1,311.79,318.15,330.33,355.26,0.89,9.79,11.26,68.49,transportation,shipping,38.31,3.02,48.23,0.19,0.54,298.36,269.7,24.88,2026-05-15,,,,
2026-05-15T13:54:41.42,GABRIEL,1096.8,-0.06,1061.93,1079.6,1100.05,1091.92,0.24,71.97,63.04,65.18,auto,auto ancillaries,32.05,-0.3,-12.17,-0.18,-0.07,1019.79,970.32,18.72,2026-05-15,,,,
2026-05-15T13:54:41.42,GRAPHITE,790.0,4.0,721.43,712.05,733.68,874.48,2.6,56.43,45.08,68.5,industrials,electrodes - graphites,22.55,7.68,42.58,0.27,0.48,714.88,670.94,18.51,2026-05-15,,,,
2026-05-15T13:54:41.42,NAM-INDIA,1100.1,0.71,1059.48,1029.0,1074.52,1138.46,0.45,45.53,45.44,62.8,financials,finance & investments,27.7,2.38,24.42,0.15,0.33,1027.95,979.44,16.91,2026-05-15,,,,
2026-05-15T13:54:41.42,GRANULES,742.4,0.97,716.58,724.35,738.65,748.03,0.38,22.55,30.09,70.52,healthcare,pharmaceuticals - indian - bulk drugs & formln,44.67,0.51,31.74,0.23,0.54,698.38,671.76,16.81,2026-05-15,,,,
2026-05-15T13:54:41.42,EMCURE,1712.0,2.17,1626.7,1636.1,1650.55,1804.18,0.37,33.33,34.36,57.93,healthcare,pharmaceuticals - indian - bulk drugs & formln,16.11,3.72,24.95,0.14,0.16,1592.64,1509.22,14.99,2026-05-15,,,,
2026-05-15T13:54:41.42,NAVA,712.55,1.27,677.96,690.0,704.86,724.09,0.44,22.72,22.41,63.56,miscellaneous,diversified - large,36.83,1.09,14.62,0.21,0.05,660.21,632.41,14.12,2026-05-15,,,,
2026-05-15T13:54:41.42,NAVINFLUOR,6995.5,1.49,6723.78,6818.5,7011.55,6971.43,0.16,42.15,52.87,64.85,chemicals,chemicals,30.81,-0.23,45.45,0.07,0.44,6636.41,6391.6,12.14,2026-05-15,,,,
2026-05-15T13:54:41.42,DELHIVERY,476.9,1.4,460.94,460.95,465.87,493.45,1.71,224.95,230.54,59.68,transportation,miscellaneous,14.97,2.37,0.84,0.01,-0.02,450.74,437.73,12.09,2026-05-15,,,,
2026-05-15T13:54:41.42,ANURAS,1380.5,0.38,1337.8,1341.3,1357.08,1415.64,0.47,80.08,89.31,66.15,chemicals,chemicals,26.18,1.73,26.0,0.18,0.18,1311.73,1269.16,12.0,2026-05-15,,,,
2026-05-15T13:54:41.42,HONASA,355.25,0.67,343.39,344.5,347.59,366.74,1.03,57.67,73.67,64.39,services,trading,35.5,2.2,25.39,0.13,0.17,333.02,325.8,10.52,2026-05-15,,,,
2026-05-15T13:54:41.42,ASTERDM,760.0,1.79,725.4,721.05,735.54,796.68,0.59,69.85,99.02,67.89,healthcare,healthcare,26.3,3.32,8.56,0.04,0.24,713.67,685.87,9.99,2026-05-15,,,,
2026-05-15T13:54:41.42,AMBER,8461.0,2.08,7999.25,8005.0,8507.48,8391.29,0.87,-272.94,173.15,60.97,consumer discretionary,air-conditioners,27.65,-0.55,1.61,0.09,0.13,7776.37,7342.89,9.87,2026-05-15,,,,
2026-05-15T13:54:41.42,MOTHERSON,129.52,2.7,123.07,123.55,125.98,134.82,0.73,33.38,31.77,57.31,auto,auto ancillaries,20.79,2.81,24.98,0.09,0.36,120.58,115.97,9.85,2026-05-15,,,,
2026-05-15T13:54:41.42,RADICO,3497.0,1.04,3415.3,3400.8,3500.02,3492.47,0.58,65.19,76.64,68.21,fmcg,breweries & distilleries,44.75,-0.09,16.72,0.01,0.19,3295.5,3176.38,9.62,2026-05-15,,,,
2026-05-15T13:54:41.42,ADANIPORTS,1800.7,1.54,1730.88,1683.2,1762.19,1858.47,1.1,31.15,30.46,70.02,transportation,miscellaneous,28.49,2.19,25.25,0.11,0.32,1686.33,1623.76,9.08,2026-05-15,,,,
2026-05-15T13:54:41.42,AIIL,507.15,0.31,493.92,470.0,481.5,545.62,0.28,13.33,2.36,58.99,financials,finance & investments,25.29,5.33,-20.28,-0.18,-0.23,465.68,441.83,8.5,2026-05-15,,,,
2026-05-15T13:54:41.42,VIJAYA,1288.5,1.46,1233.13,1258.3,1270.68,1315.23,0.99,69.13,75.45,73.38,healthcare,healthcare,52.76,1.4,32.62,0.14,0.25,1183.34,1113.77,7.15,2026-05-15,,,,
2026-05-15T13:54:41.42,BIOCON,430.1,2.65,408.95,371.75,388.42,492.62,1.43,136.11,150.18,80.02,healthcare,pharmaceuticals - indian - bulk drugs & formln,28.54,10.73,23.18,-0.05,0.18,401.62,384.77,7.0,2026-05-15,,,,
2026-05-15T13:54:41.42,WOCKPHARMA,1561.3,0.91,1479.9,1505.0,1570.16,1548.0,0.55,38.15,117.93,59.38,healthcare,pharmaceuticals - indian - bulk drugs & formln,41.08,-0.57,12.46,0.07,0.06,1399.9,1291.55,5.88,2026-05-15,,,,
2026-05-15T13:54:41.42,BOSCHLTD,37690.0,2.02,36044.4,36065.0,36632.65,39276.03,0.41,52.18,39.53,59.08,auto,auto ancillaries,19.11,2.89,-2.19,-0.07,-0.07,35580.73,34288.77,5.09,2026-05-15,,,,
2026-05-15T13:54:41.42,TRITURBINE,608.75,5.22,562.57,557.2,584.83,644.63,0.93,52.66,53.67,67.93,industrials,electric equipment,35.27,4.09,15.99,0.05,0.12,555.42,519.58,4.4,2026-05-15,,,,
2026-05-15T13:54:41.42,IPCALAB,1603.4,1.23,1553.1,1494.0,1529.94,1713.59,3.29,31.17,44.17,65.48,healthcare,pharmaceuticals - indian - bulk drugs & formln,29.13,4.8,21.16,0.13,0.09,1489.47,1455.32,4.36,2026-05-15,,,,
2026-05-15T13:54:41.42,CARBORUNIV,1110.0,7.0,970.3,990.1,1019.68,1245.49,5.89,69.03,79.98,77.31,industrials,abrasives and grinding wheels,48.84,8.86,19.61,0.14,0.19,999.62,930.74,4.32,2026-05-15,,,,
2026-05-15T13:54:41.42,MARICO,842.6,0.91,817.42,824.8,824.96,869.06,0.48,69.29,61.26,71.72,fmcg,solvent extraction,34.03,2.14,18.22,0.08,0.14,808.01,787.22,4.19,2026-05-15,,,,
2026-05-15T13:54:41.42,ZYDUSLIFE,1013.0,2.15,973.14,925.1,930.67,1136.5,2.0,24.45,20.2,69.65,healthcare,pharmaceuticals - indian - bulk drugs & formln,25.09,8.85,1.81,-0.01,0.0,953.58,914.82,3.49,2026-05-15,,,,
2026-05-15T13:54:41.42,ONESOURCE,1850.1,1.66,1741.46,1731.0,1832.06,1877.15,0.26,1156.31,-282.59,67.34,healthcare,pharmaceuticals - indian - bulk drugs & formln,33.38,0.98,0.05,-0.01,-0.04,1685.92,1572.69,3.44,2026-05-15,,,,
2026-05-15T13:54:41.42,DRREDDY,1320.4,1.29,1277.53,1230.0,1291.86,1363.21,0.83,124.57,25.87,57.43,healthcare,pharmaceuticals - indian - bulk drugs & formln,19.54,2.21,4.59,-0.02,0.01,1240.78,1194.46,3.35,2026-05-15,,,,
2026-05-15T13:54:41.42,INDUSTOWER,429.55,1.7,412.53,396.5,396.46,479.19,0.89,15.79,15.59,58.42,telecom,transmisson line towers / equipment,19.12,8.35,22.86,-0.03,0.24,402.97,387.69,3.21,2026-05-15,,,,
2026-05-15T13:54:41.42,TATACONSUM,1235.0,0.55,1201.28,1200.0,1206.87,1277.2,0.76,72.82,78.79,65.39,fmcg,tea,32.28,2.33,10.56,-0.02,0.12,1160.86,1125.35,2.95,2026-05-15,,,,
2026-05-15T13:54:41.42,CAMS,790.7,0.62,766.36,776.8,800.9,775.4,0.44,38.76,14.17,59.01,financials,miscellaneous,23.24,-1.27,2.33,-0.08,0.05,741.82,714.45,2.92,2026-05-15,,,,
2026-05-15T13:54:41.42,GRASIM,2945.1,0.22,2871.4,2893.7,2922.85,2978.47,0.98,48.19,44.14,63.79,textiles,textiles - manmade,24.54,0.76,5.29,-0.02,0.02,2824.22,2756.85,2.67,2026-05-15,,,,
2026-05-15T13:54:41.42,PNBHOUSING,1070.0,0.03,1036.74,1044.6,1095.21,1032.19,0.18,10.63,12.16,68.42,financials,finance - housing,43.06,-2.3,25.43,0.08,0.35,1014.01,979.61,2.51,2026-05-15,,,,
2026-05-15T13:54:41.42,SUNPHARMA,1877.1,0.75,1825.94,1820.0,1838.7,1934.7,0.35,33.52,40.95,64.76,healthcare,pharmaceuticals - indian - bulk drugs & formln,25.05,2.09,12.53,-0.01,0.14,1796.56,1746.96,2.34,2026-05-15,,,,
2026-05-15T13:54:41.42,TATACOMM,1678.0,1.32,1634.44,1530.4,1578.7,1826.95,0.88,45.4,47.12,66.21,telecom-service,telecommunications - service provider,15.94,6.29,-6.67,-0.18,0.04,1563.04,1514.83,2.07,2026-05-15,,,,
2026-05-15T13:54:41.42,JUBLINGREA,741.55,0.92,716.77,702.1,740.74,742.77,0.31,62.42,43.71,62.96,chemicals,chemicals,29.58,0.11,5.1,0.0,-0.02,686.51,656.18,1.67,2026-05-15,,,,
2026-05-15T13:54:41.42,ATUL,7132.0,2.32,6836.48,6804.0,6970.03,7374.95,0.37,24.98,30.27,64.75,chemicals,chemicals,37.01,2.32,18.98,0.12,0.09,6771.2,6508.61,1.58,2026-05-15,,,,
2026-05-15T13:54:41.42,MEDANTA,1259.8,3.95,1196.48,1165.3,1201.27,1347.6,2.83,88.97,63.38,69.2,healthcare,healthcare,38.68,4.87,-7.56,-0.03,-0.13,1162.59,1107.89,1.37,2026-05-15,,,,
2026-05-15T13:54:41.42,POLICYBZR,1703.5,1.31,1627.19,1593.7,1667.49,1757.52,0.82,75.38,115.56,62.68,i.t,computers - software - medium / small,21.62,2.16,-0.87,-0.1,-0.09,1583.0,1496.62,0.95,2026-05-15,,,,
2026-05-15T13:54:41.42,MANKIND,2506.7,1.81,2400.31,2352.1,2409.87,2651.94,1.45,63.3,57.13,73.57,healthcare,pharmaceuticals - indian - bulk drugs & formln,36.52,4.02,2.66,0.02,-0.02,2342.1,2246.85,0.9,2026-05-15,,,,
2026-05-15T13:54:41.42,NH,1838.4,1.04,1775.76,1801.7,1810.41,1880.39,0.53,73.65,47.44,56.08,healthcare,healthcare,15.05,1.55,4.55,-0.05,0.01,1727.64,1660.17,0.85,2026-05-15,,,,
2026-05-15T13:54:41.42,BALRAMCHIN,543.15,0.45,522.0,511.95,527.82,566.15,0.34,24.16,24.37,62.94,fmcg,sugar,19.36,2.9,15.03,0.09,-0.05,502.37,478.44,0.84,2026-05-15,,,,
2026-05-15T13:54:41.42,DEEPAKFERT,1322.8,1.8,1261.65,1211.0,1298.97,1358.54,0.39,29.5,18.75,63.11,chemicals,chemicals,33.2,1.83,-10.85,-0.14,-0.11,1215.11,1145.54,0.58,2026-05-15,,,,
2026-05-15T13:54:41.42,BHARTIARTL,1905.9,1.19,1842.79,1740.5,1789.46,2080.56,1.05,38.03,40.99,59.64,telecom-service,telecommunications - service provider,24.41,6.51,-2.51,-0.16,-0.02,1801.58,1740.34,0.51,2026-05-15,,,,
2026-05-15T13:54:41.42,NIACL,166.95,1.28,159.78,154.0,163.52,172.1,0.26,11.89,19.21,61.16,financials,finance & investments,35.41,2.1,-12.56,-0.17,-0.16,152.84,144.46,0.29,2026-05-15,,,,
2026-05-15T13:54:41.42,DABUR,468.8,0.87,451.29,457.85,467.12,471.32,0.27,56.35,43.48,55.99,fmcg,personal care - indian,27.15,0.36,-3.69,-0.17,-0.12,442.54,425.54,-0.19,2026-05-15,,,,
2026-05-15T13:54:41.42,SUZLON,53.79,0.6,51.92,51.31,55.3,51.52,0.55,42.02,22.66,57.48,industrials,electric equipment,26.93,-2.74,0.0,-0.14,-0.08,50.05,47.97,-0.29,2026-05-15,,,,
2026-05-15T13:54:41.42,RAINBOW,1330.1,1.06,1279.68,1258.9,1271.43,1418.1,0.57,46.57,51.88,64.37,healthcare,healthcare,25.75,4.61,0.0,-0.1,-0.14,1249.14,1200.03,-0.58,2026-05-15,,,,
2026-05-15T13:54:41.42,CIPLA,1437.0,0.02,1397.97,1274.7,1350.22,1567.17,0.45,52.29,29.91,70.84,healthcare,pharmaceuticals - indian - bulk drugs & formln,34.7,6.43,-8.06,-0.13,-0.12,1344.37,1282.4,-0.73,2026-05-15,,,,
2026-05-15T13:54:41.42,WELSPUNLIV,135.47,0.92,131.32,128.8,132.88,139.35,0.71,225.78,51.63,63.1,textiles,textiles - products,11.99,1.95,9.7,-0.09,0.16,125.98,121.2,-0.88,2026-05-15,,,,
2026-05-15T13:54:41.42,CROMPTON,298.85,3.43,278.32,280.0,287.32,316.14,1.94,-9.01,-77.05,69.27,consumer discretionary,electric equipment,31.54,4.01,5.27,-0.01,-0.11,276.26,262.26,-1.59,2026-05-15,,,,
2026-05-15T13:54:41.42,KOTAKBANK,390.3,1.85,372.89,374.4,374.13,414.56,0.56,17.9,5.1,60.02,bank,banks - private sector,13.17,4.32,-9.29,-0.13,-0.03,370.36,358.41,-1.63,2026-05-15,,,,
2026-05-15T13:54:41.42,MAXHEALTH,1051.9,0.22,1021.55,1003.55,1015.77,1106.1,0.27,84.83,71.89,63.81,healthcare,healthcare,14.64,3.56,-7.96,-0.12,-0.12,998.91,967.16,-2.05,2026-05-15,,,,
2026-05-15T13:54:41.42,ABBOTINDIA,27800.0,1.02,26954.9,26335.0,26369.75,29945.37,0.56,37.4,37.68,66.44,healthcare,pharmaceuticals - multinational,29.78,5.42,-7.32,-0.13,-0.15,26403.43,25656.0,-2.2,2026-05-15,,,,
2026-05-15T13:54:41.42,BAJAJHLDNG,10371.0,0.14,10094.0,9940.0,10329.84,10432.75,0.26,11.2,11.96,53.79,financials,finance & investments,16.81,0.4,-16.05,-0.2,-0.23,9716.9,9337.33,-2.66,2026-05-15,,,,
2026-05-15T13:54:41.42,COLPAL,2149.3,0.13,2092.5,2111.6,2173.45,2113.08,0.19,45.12,44.0,57.06,fmcg,personal care - multinational,22.02,-1.11,-3.2,-0.09,-0.08,2060.92,2011.34,-3.32,2026-05-15,,,,
2026-05-15T13:54:41.42,PPLPHARMA,175.15,0.34,168.09,171.52,175.57,174.52,0.43,-625.54,-70.67,61.3,healthcare,pharmaceuticals - indian - bulk drugs & formln,33.12,-0.24,-11.13,-0.17,-0.09,157.94,149.25,-3.44,2026-05-15,,,,
2026-05-15T13:54:41.42,SHREECEM,25100.0,0.3,24504.9,24705.0,24811.98,25532.02,0.13,43.07,51.79,52.89,building materials,cement - north india,11.51,1.16,-15.25,-0.14,-0.18,24047.53,23543.18,-3.62,2026-05-15,,,,
2026-05-15T13:54:41.42,TMPV,358.0,5.68,344.96,333.65,343.17,380.24,3.97,5.7,-564.58,57.49,auto,automobiles - passenger cars,18.22,4.32,-10.03,-0.17,-0.15,333.33,323.77,-3.75,2026-05-15,,,,
2026-05-15T13:54:41.42,SAREGAMA,431.85,12.3,381.22,328.1,347.92,557.74,27.25,27.97,35.91,75.66,media,entertainment / electronic media software,23.98,24.12,-5.88,0.0,-0.13,373.67,341.18,-4.21,2026-05-15,,,,
2026-05-15T13:54:41.42,COFORGE,1286.9,0.97,1253.52,1249.8,1249.84,1342.49,0.7,17.65,27.49,53.75,i.t,computers - software - large,17.98,2.96,-25.0,-0.35,-0.28,1185.13,1135.31,-4.37,2026-05-15,,,,
2026-05-15T13:54:41.42,AFCONS,336.7,1.78,323.5,324.1,331.49,344.52,0.41,32.01,27.03,55.84,realty,construction,28.24,1.57,-27.18,-0.25,-0.23,306.4,288.97,-4.81,2026-05-15,,,,
2026-05-15T13:54:41.42,JAINREC,573.75,1.55,542.92,537.8,521.55,652.05,0.76,39.19,55.5,75.38,metals & mining,mining / minerals / metals,36.74,10.01,66.78,0.2,NaN,508.49,467.79,NaN,2026-05-15,,,,
2026-05-15T13:54:41.42,LGEINDIA,1583.3,1.1,1519.0,1478.3,1528.05,1666.17,0.53,299.87,60.84,56.17,consumer discretionary,electronics - consumer,16.65,3.62,NaN,-0.13,NaN,1480.44,1429.89,NaN,2026-05-15,,,,
2026-05-15T13:54:41.42,HEALTHCARE,20.14,0.15,19.65,19.6,19.77,20.69,1.0,NaN,0.0,74.37,indices,indices,45.34,1.85,NaN,NaN,NaN,19.4,18.98,NaN,2026-05-15,,,,
2026-05-15T13:54:41.42,PWL,117.72,4.55,110.36,106.35,109.18,130.52,0.66,79.54,592.63,68.44,services,miscellaneous,42.83,7.82,NaN,NaN,NaN,108.16,101.14,NaN,2026-05-15,,,,
2026-05-15T13:54:41.42,MEESHO,192.03,0.62,183.85,179.21,195.83,186.33,0.28,-133.35,-60.58,56.94,i.t,miscellaneous,31.78,-1.94,NaN,NaN,NaN,168.24,151.3,NaN,2026-05-15,,,,
2026-03-10T15:32:23.886,SMSPHARMA,,,,,,,,,,,healthcare,pharmaceuticals - indian - bulk drugs,,,,,,,,,2026-03-10,0.81,17.18,17.57,1257.44
2026-03-10T15:32:23.886,PRECWIRE,,,,,,,,,,,metals & mining,mining / minerals / metals,,,,,,,,,2026-03-10,0.86,12.23,13.37,2800.08
2026-03-10T15:32:23.886,SWANDEF,,,,,,,,,,,transportation,miscellaneous,,,,,,,,,2026-03-10,1.07,10.52,25.18,562.98
2026-03-10T15:32:23.886,EMCURE,,,,,,,,,,,healthcare,pharmaceuticals - indian - bulk drugs & formln,,,,,,,,,2026-03-10,1.11,13.67,13.67,6576.87
2026-03-10T15:32:23.886,SBC,,,,,,,,,,,textiles,textiles - products,,,,,,,,,2026-03-10,1.49,3.84,5.29,765.08
2026-03-10T15:32:23.886,KTKBANK,,,,,,,,,,,bank,banks - private sector,,,,,,,,,2026-03-10,1.66,10.19,14.42,8330.81
2026-03-10T15:32:23.886,NATCOPHARM,,,,,,,,,,,healthcare,pharmaceuticals - indian - bulk drugs & formln,,,,,,,,,2026-03-10,1.89,5.75,11.26,9400.85
2026-03-10T15:32:23.886,J&KBANK,,,,,,,,,,,bank,banks - private sector,,,,,,,,,2026-03-10,2.03,12.96,12.96,5413.74
2026-03-10T15:32:23.886,CCL,,,,,,,,,,,fmcg,tea,,,,,,,,,2026-03-10,2.63,7.51,7.51,7527.54
2026-03-10T15:32:23.886,STLTECH,,,,,,,,,,,industrials,cables - telephone,,,,,,,,,2026-03-10,2.71,12.12,16.9,4880.22
2026-03-10T15:32:23.886,DYNAMATECH,,,,,,,,,,,industrials,engineering,,,,,,,,,2026-03-10,3.6,8.12,10.77,4167.72
2026-03-10T15:32:23.886,GLOBAL,,,,,,,,,,,services,miscellaneous,,,,,,,,,2026-03-10,4.05,17.01,18.27,150.9
2026-03-10T15:32:23.886,SAKAR,,,,,,,,,,,healthcare,pharmaceuticals - indian - bulk drugs & formln,,,,,,,,,2026-03-10,4.38,10.22,10.22,571.64
2026-03-10T15:32:23.886,HAPPYFORGE,,,,,,,,,,,industrials,castings & forgings,,,,,,,,,2026-03-10,4.38,11.76,11.76,2656.73
2026-03-10T15:32:23.886,ORICONENT,,,,,,,,,,,industrials,packaging,,,,,,,,,2026-03-10,4.5,10.74,11.11,360.07
2026-03-10T15:32:23.886,PFOCUS,,,,,,,,,,,realty,miscellaneous,,,,,,,,,2026-03-10,4.57,7.8,9.15,8541.56
2026-03-10T15:32:23.886,MBAPL,,,,,,,,,,,chemicals,fertilizers,,,,,,,,,2026-03-10,5.23,5.96,5.96,1026.02
2026-03-10T15:32:23.886,LGBBROSLTD,,,,,,,,,,,auto,bearings,,,,,,,,,2026-03-10,5.52,13.97,13.97,4022.24
2026-03-10T15:32:23.886,MTARTECH,,,,,,,,,,,aerospace & defence,engineering,,,,,,,,,2026-03-10,5.53,10.68,11.35,7906.03
2026-03-10T15:32:23.886,JPOLYINVST,,,,,,,,,,,financials,finance & investments,,,,,,,,,2026-03-10,6.11,45.21,45.21,372.56
2026-03-10T15:32:23.886,ABSLAMC,,,,,,,,,,,financials,finance & investments,,,,,,,,,2026-03-10,6.36,20.95,23.85,7124.97
2026-03-10T15:32:23.886,INDSWFTLAB,,,,,,,,,,,healthcare,pharmaceuticals - indian - bulk drugs & formln,,,,,,,,,2026-03-10,6.53,13.74,15.63,701.45
2026-03-10T15:32:23.886,DIVGIITTS,,,,,,,,,,,auto,auto ancillaries,,,,,,,,,2026-03-10,6.71,12.43,21.57,903.5
2026-03-10T15:32:23.886,GRANULES,,,,,,,,,,,healthcare,pharmaceuticals - indian - bulk drugs & formln,,,,,,,,,2026-03-10,6.9,6.31,7.33,8666.66
2026-03-10T15:32:23.886,VENUSREM,,,,,,,,,,,healthcare,pharmaceuticals - indian - formulations,,,,,,,,,2026-03-10,7.01,18.52,28.6,608.05
2026-03-10T15:32:23.886,RRKABEL,,,,,,,,,,,industrials,cables - power,,,,,,,,,2026-03-10,7.37,7.4,8.59,6339.24
2026-03-10T15:32:23.886,AETHER,,,,,,,,,,,chemicals,chemicals,,,,,,,,,2026-03-10,7.71,8.77,16.56,3315.29
2026-03-10T15:32:23.886,AEROFLEX,,,,,,,,,,,metals & mining,steel - medium / small,,,,,,,,,2026-03-10,8.06,10.35,10.63,941.39
2026-03-10T15:32:23.886,ANURAS,,,,,,,,,,,chemicals,chemicals,,,,,,,,,2026-03-10,8.07,7.72,11.49,6027.1
2026-03-10T15:32:23.886,BAJAJCON,,,,,,,,,,,fmcg,personal care - indian,,,,,,,,,2026-03-10,8.26,6.48,8.23,2793.13
2026-03-10T15:32:23.886,BLISSGVS,,,,,,,,,,,healthcare,pharmaceuticals - indian - formulations,,,,,,,,,2026-03-10,8.28,11.43,12.32,1529.77
2026-03-10T15:32:23.886,MAHLOG,,,,,,,,,,,transportation,miscellaneous,,,,,,,,,2026-03-10,8.33,10.84,10.84,1589.29
2026-03-10T15:32:23.886,MRPL,,,,,,,,,,,energy,refineries,,,,,,,,,2026-03-10,8.53,13.83,16.01,3885.97
2026-03-10T15:32:23.886,MAHASTEEL,,,,,,,,,,,metals & mining,steel - medium / small,,,,,,,,,2026-03-10,8.72,28.33,31.98,421.04
2026-03-10T15:32:23.886,SANSERA,,,,,,,,,,,auto,auto ancillaries,,,,,,,,,2026-03-10,8.81,10.06,10.29,9493.05
2026-03-10T15:32:23.886,STYLAMIND,,,,,,,,,,,building materials,miscellaneous,,,,,,,,,2026-03-10,8.86,3.5,3.5,1794.54
2026-03-10T15:32:23.886,MANGLMCEM,,,,,,,,,,,building materials,cement - north india,,,,,,,,,2026-03-10,10.06,7.37,8.32,1395.29
2026-03-10T15:32:23.886,THANGAMAYL,,,,,,,,,,,consumer discretionary,diamond cutting / jewellery,,,,,,,,,2026-03-10,10.29,9.45,10.03,4447.28
2026-03-10T15:32:23.886,MMFL,,,,,,,,,,,industrials,castings & forgings,,,,,,,,,2026-03-10,10.75,9.99,9.99,942.78
2026-03-10T15:32:23.886,SHRIPISTON,,,,,,,,,,,auto,auto ancillaries,,,,,,,,,2026-03-10,10.79,9.53,11.23,7531.38
2026-03-10T15:32:23.886,RPTECH,,,,,,,,,,,services,trading,,,,,,,,,2026-03-10,10.86,12.61,12.61,864.81
2026-03-10T15:32:23.886,DOLPHIN,,,,,,,,,,,energy,oil drilling / allied services,,,,,,,,,2026-03-10,11.12,19.4,29.61,446.35
2026-03-10T15:32:23.886,DBOL,,,,,,,,,,,fmcg,sugar,,,,,,,,,2026-03-10,11.71,9.17,14.41,333.38
2026-03-10T15:32:23.886,CIEINDIA,,,,,,,,,,,industrials,castings & forgings,,,,,,,,,2026-03-10,11.97,7.78,7.78,6025.36
2026-03-10T15:32:23.886,SCI,,,,,,,,,,,transportation,shipping,,,,,,,,,2026-03-10,12.41,8.44,12.88,4148.79
2026-03-10T15:32:23.886,GODAVARIB,,,,,,,,,,,fmcg,sugar,,,,,,,,,2026-03-10,12.43,11.7,12.93,573.32
2026-03-10T15:32:23.886,AARVI,,,,,,,,,,,miscellaneous,miscellaneous,,,,,,,,,2026-03-10,12.5,12.87,18.6,52.15
2026-03-10T15:32:23.886,TDPOWERSYS,,,,,,,,,,,industrials,electric equipment,,,,,,,,,2026-03-10,12.5,12.08,12.08,9325.67
2026-03-10T15:32:23.886,ROSSTECH,,,,,,,,,,,aerospace & defence,engineering,,,,,,,,,2026-03-10,13.36,9.62,9.62,691.28
2026-03-10T15:32:23.886,BHAGYANGR,,,,,,,,,,,power & utilities,power generation and supply,,,,,,,,,2026-03-10,13.88,12.24,12.24,185.47
2026-03-10T15:32:23.886,PRIVISCL,,,,,,,,,,,chemicals,chemicals,,,,,,,,,2026-03-10,14.45,6.03,6.22,4529.8
2026-03-10T15:32:23.886,PREMIERPOL,,,,,,,,,,,plastic products,plastics products,,,,,,,,,2026-03-10,14.76,17.2,26.66,210.28
2026-03-10T15:32:23.886,GRWRHITECH,,,,,,,,,,,industrials,packaging,,,,,,,,,2026-03-10,14.8,7.83,7.83,3719.02
2026-03-10T15:32:23.886,SOUTHWEST,,,,,,,,,,,metals & mining,mining / minerals / metals,,,,,,,,,2026-03-10,14.88,16.94,22.81,191.39
2026-03-10T15:32:23.886,MACPOWER,,,,,,,,,,,industrials,engineering,,,,,,,,,2026-03-10,15.1,9.37,11.51,248.37
2026-03-10T15:32:23.886,SKYGOLD,,,,,,,,,,,consumer discretionary,diamond cutting / jewellery,,,,,,,,,2026-03-10,15.2,7.75,7.75,2540.91
2026-03-10T15:32:23.886,GVPIL,,,,,,,,,,,realty,engineering - turnkey services,,,,,,,,,2026-03-10,16.67,8.22,8.22,971.87
2026-03-10T15:32:23.886,ARVIND,,,,,,,,,,,textiles,textiles - cotton/blended,,,,,,,,,2026-03-10,16.81,6.66,6.66,5326.95
2026-03-10T15:32:23.886,RACLGEAR,,,,,,,,,,,auto,auto ancillaries,,,,,,,,,2026-03-10,17.39,12.71,14.65,944.36
2026-03-10T15:32:23.886,RISHABH,,,,,,,,,,,industrials,electric equipment,,,,,,,,,2026-03-10,17.82,12.6,12.6,469.87
2026-03-10T15:32:23.886,AVANTIFEED,,,,,,,,,,,fmcg,food - processing - indian,,,,,,,,,2026-03-10,18.93,9.64,15.1,9337.75
2026-03-10T15:32:23.886,SHARDACROP,,,,,,,,,,,chemicals,pesticides / agrochemicals - indian,,,,,,,,,2026-03-10,20.46,11.27,13.67,2343.45
2026-03-10T15:32:23.886,STEL,,,,,,,,,,,financials,finance & investments,,,,,,,,,2026-03-10,21.06,10.49,10.49,264.5
2026-03-10T15:32:23.886,ICEMAKE,,,,,,,,,,,industrials,engineering,,,,,,,,,2026-03-10,23.55,12.21,12.21,338.13
2026-03-10T15:32:23.886,NETWEB,,,,,,,,,,,i.t,computers - hardware,,,,,,,,,2026-03-10,25.39,10.82,22.73,5491.71
2026-03-10T15:32:23.886,SUMEETINDS,,,,,,,,,,,textiles,textiles - manmade,,,,,,,,,2026-03-10,25.93,10.71,21.09,160.57
2026-03-10T15:32:23.886,UEL,,,,,,,,,,,power & utilities,power generation and supply,,,,,,,,,2026-03-10,26.59,10.8,10.8,539.37
2026-03-10T15:32:23.886,APEX,,,,,,,,,,,fmcg,aquaculture,,,,,,,,,2026-03-10,26.83,9.67,11.51,305.49
2026-03-10T15:32:23.886,AVALON,,,,,,,,,,,consumer discretionary,electronics - components,,,,,,,,,2026-03-10,27.41,8.64,11.52,3549.46
