Timestamp,Symbol,Cmp,%ch,Low 2%,Low5,Sl,Target,R_vol,Forward pe,Pe,Rsi,Sector,Industry,Adx,%ch sl,Rs,Srs,Ars,Is,Tps,Rs score,Scan_Date
2026-08-26T05:24:34.758,IDEA,15.19,7.96,13.8,13.88,13.63,17.53,3.87,-10.85,4.4,72.72,telecom-service,telecommunications - service provider,32.88,11.47,60.42,0.27,0.37,14.13,13.45,28.99,2026-08-26
2026-08-26T05:24:34.758,LAURUSLABS,1866.2,3.62,1760.57,1789.9,1845.03,1897.96,1.53,68.51,92.11,68.09,healthcare,pharmaceuticals - indian - bulk drugs & formln,42.95,1.15,83.63,0.69,0.77,1782.64,1723.18,27.43,2026-08-26
2026-08-26T05:24:34.758,APARINDS,17001.0,1.77,16370.9,16461.0,17199.26,16703.6,0.87,36.52,57.8,60.48,industrials,electric equipment,44.39,-1.15,141.73,0.47,0.87,15705.14,14902.25,24.05,2026-08-26
2026-08-26T05:24:34.758,SHRIRAMFIN,1138.5,1.74,1089.76,1098.2,1129.28,1152.33,0.49,19.15,20.09,61.55,financials,finance & investments,19.98,0.82,13.45,-0.02,0.3,1091.8,1056.78,18.0,2026-08-26
2026-08-26T05:24:34.758,NEULANDLAB,22948.0,0.19,22184.26,22637.0,23734.77,21767.84,0.53,49.84,59.15,63.6,healthcare,pharmaceuticals - indian - bulk drugs,49.36,-3.31,73.18,0.55,0.33,21701.89,20863.3,15.95,2026-08-26
2026-08-26T05:24:34.758,SAILIFE,1455.5,1.36,1391.89,1415.0,1455.58,1455.38,0.39,105.17,84.77,62.29,healthcare,pharmaceuticals - indian - bulk drugs & formln,31.08,-0.01,83.14,0.39,0.6,1369.62,1308.71,15.59,2026-08-26
2026-08-26T05:24:34.758,RADICO,4630.0,0.65,4480.17,4562.0,4700.39,4524.42,0.56,67.49,88.09,64.6,fmcg,breweries & distilleries,56.38,-1.5,56.31,0.57,0.39,4445.86,4328.86,14.83,2026-08-26
2026-08-26T05:24:34.758,IFCI,83.25,0.93,80.76,80.37,79.21,89.31,1.17,173.44,130.08,66.84,financials,finance - term-lending institutions,19.31,5.1,47.91,0.28,0.66,77.87,75.82,13.74,2026-08-26
2026-08-26T05:24:34.758,KARURVYSYA,346.0,2.32,330.26,329.0,331.57,367.64,0.7,11.06,12.18,64.82,bank,banks - private sector,18.14,4.35,30.51,-0.02,0.38,331.23,322.05,13.02,2026-08-26
2026-08-26T05:24:34.758,PNBHOUSING,1182.0,1.46,1134.25,1138.0,1162.58,1211.13,0.71,13.81,13.3,65.94,financials,finance - housing,27.89,1.67,45.54,0.3,0.29,1127.1,1086.92,11.59,2026-08-26
2026-08-26T05:24:34.758,SAIL,184.59,2.75,176.69,169.32,172.53,202.68,3.83,11.59,17.85,65.89,metals & mining,steel - large,15.27,6.99,24.16,0.09,0.38,172.45,165.64,11.52,2026-08-26
2026-08-26T05:24:34.758,GLAND,2824.6,0.82,2720.58,2776.1,2886.26,2732.12,0.18,36.72,41.23,61.96,healthcare,pharmaceuticals - indian - formulations,42.5,-2.14,67.93,0.44,0.59,2653.95,2537.26,11.51,2026-08-26
2026-08-26T05:24:34.758,MAHABANK,81.7,1.24,78.9,79.6,79.07,85.64,1.29,7.77,8.34,54.38,bank,banks - public sector,11.03,3.32,25.9,0.08,0.39,78.08,76.59,11.27,2026-08-26
2026-08-26T05:24:34.758,PAYTM,1718.0,5.82,1579.76,1546.3,1633.65,1844.52,2.5,124.85,169.09,76.83,i.t,miscellaneous,48.3,5.16,50.93,0.35,0.26,1604.28,1518.99,11.14,2026-08-26
2026-08-26T05:24:34.758,LTF,319.5,1.16,308.85,312.75,311.89,330.92,0.61,22.19,25.14,55.36,financials,finance & investments,11.54,2.44,11.11,-0.02,0.01,302.51,291.07,10.75,2026-08-26
2026-08-26T05:24:34.758,AUBANK,1128.6,1.31,1083.0,1063.7,1088.03,1189.46,2.92,26.54,29.53,68.06,bank,banks - private sector,26.98,3.73,16.87,0.07,0.12,1082.11,1062.75,10.64,2026-08-26
2026-08-26T05:24:34.758,VIJAYA,1483.4,0.07,1419.24,1448.2,1478.55,1490.67,0.68,71.87,81.37,60.77,healthcare,healthcare,39.02,0.33,48.98,0.35,0.39,1394.14,1343.59,10.35,2026-08-26
2026-08-26T05:24:34.758,TITAN,5124.8,0.9,4951.65,5011.0,5108.24,5149.64,0.4,63.96,78.94,70.78,consumer discretionary,diamond cutting / jewellery,49.95,0.32,27.43,0.11,0.29,4986.27,4882.37,10.29,2026-08-26
2026-08-26T05:24:34.758,DIVISLAB,8744.5,2.92,8327.06,8457.5,8722.95,8776.82,1.25,64.39,79.34,73.16,healthcare,pharmaceuticals - indian - bulk drugs,61.28,0.25,45.46,0.28,0.34,8438.4,8208.82,10.2,2026-08-26
2026-08-26T05:24:34.758,IPCALAB,1928.5,0.42,1873.37,1863.0,1813.92,2100.38,1.0,30.44,36.28,65.99,healthcare,pharmaceuticals - indian - bulk drugs & formln,26.94,6.32,31.86,0.21,0.28,1802.98,1738.94,9.51,2026-08-26
2026-08-26T05:24:34.758,BAJAJ-AUTO,11927.0,1.08,11487.56,11534.0,11783.65,12142.02,0.41,25.82,28.32,68.35,auto,automobiles - scooters and 3 - wheelers,54.44,1.22,26.71,0.11,0.29,11579.64,11319.12,9.34,2026-08-26
2026-08-26T05:24:34.758,MANAPPURAM,367.45,0.66,356.03,336.4,347.65,397.16,0.88,14.75,22.42,61.32,financials,finance & investments,16.09,5.7,24.77,0.11,0.29,347.59,334.95,8.95,2026-08-26
2026-08-26T05:24:34.758,TVSMOTOR,4420.0,1.29,4257.81,4326.4,4462.82,4355.76,0.46,51.49,61.26,66.78,auto,automobiles - motorcycles / mopeds,46.94,-0.96,24.54,0.06,0.18,4280.86,4176.51,8.74,2026-08-26
2026-08-26T05:24:34.758,EICHERMOT,8055.0,0.1,7824.32,7947.5,8045.96,8068.56,0.43,37.78,38.28,61.07,auto,automobiles - motorcycles / mopeds,33.99,0.11,15.52,-0.08,0.09,7831.98,7679.72,7.96,2026-08-26
2026-08-26T05:24:34.758,ASHOKLEY,174.69,0.81,168.15,171.58,177.13,171.03,0.43,41.59,29.51,59.0,auto,automobiles - lcvs / hcvs,20.66,-1.38,-9.33,-0.24,0.06,167.54,162.18,7.22,2026-08-26
2026-08-26T05:24:34.758,THELEELA,554.9,0.95,529.69,519.65,524.7,600.21,0.75,95.02,30.61,68.67,services,hotels,36.14,5.76,36.02,0.17,0.37,511.19,483.41,6.59,2026-08-26
2026-08-26T05:24:34.758,BOSCHLTD,48680.0,1.21,46834.2,47785.0,48021.72,49667.42,0.68,50.83,60.76,75.33,auto,auto ancillaries,47.87,1.37,38.04,0.27,0.28,46688.21,45194.37,6.44,2026-08-26
2026-08-26T05:24:34.758,CARTRADE,3144.8,0.2,2959.6,2770.0,2806.29,3652.56,0.5,73.55,64.91,71.33,consumer discretionary,miscellaneous,38.31,12.06,28.53,0.45,0.12,2898.52,2744.01,6.1,2026-08-26
2026-08-26T05:24:34.758,INDIANB,878.0,0.87,851.62,862.0,880.55,874.18,0.59,8.81,9.25,56.41,bank,banks - public sector,21.1,-0.29,0.23,-0.18,0.07,845.05,824.1,5.9,2026-08-26
2026-08-26T05:24:34.758,GLENMARK,2400.0,0.39,2328.48,2222.5,2296.68,2554.99,1.2,35.07,37.67,64.74,healthcare,pharmaceuticals - indian - bulk drugs & formln,13.6,4.5,22.01,0.08,0.2,2279.01,2209.26,5.68,2026-08-26
2026-08-26T05:24:34.758,NMDC,85.94,0.05,83.58,82.86,83.88,89.02,0.83,9.55,10.12,54.9,metals & mining,mining / minerals / metals,13.48,2.45,13.1,0.0,0.11,82.3,79.91,5.31,2026-08-26
2026-08-26T05:24:34.758,KALYANKJIL,612.6,0.77,592.16,588.0,596.2,637.2,0.46,45.31,44.07,62.86,consumer discretionary,diamond cutting / jewellery,27.34,2.75,66.99,0.4,0.25,577.94,564.64,5.06,2026-08-26
2026-08-26T05:24:34.758,TBOTEK,1725.1,1.27,1651.01,1647.2,1680.33,1792.26,0.51,55.51,69.73,66.55,i.t,travel agencies,39.12,2.66,19.61,0.19,0.01,1612.04,1540.05,4.17,2026-08-26
2026-08-26T05:24:34.758,ASTRAL,1540.0,0.47,1488.62,1516.2,1519.57,1570.65,0.68,86.13,71.86,60.24,plastic products,plastics products,25.25,1.34,11.34,-0.13,0.04,1472.89,1427.26,3.64,2026-08-26
2026-08-26T05:24:34.758,JSWINFRA,343.95,1.1,331.09,326.4,332.19,361.59,0.52,52.11,48.31,59.7,transportation,miscellaneous,21.2,3.54,34.33,0.22,0.25,327.48,316.68,3.55,2026-08-26
2026-08-26T05:24:34.758,JINDALSTEL,1154.1,0.44,1117.3,1095.2,1116.9,1209.9,0.56,34.76,43.19,64.43,metals & mining,steel - large,24.1,3.33,8.56,-0.13,0.11,1109.9,1079.65,3.5,2026-08-26
2026-08-26T05:24:34.758,OBEROIRLTY,1880.0,0.54,1821.62,1830.4,1828.26,1957.61,0.27,31.44,25.82,55.34,realty,construction,20.39,2.83,29.37,0.14,0.12,1784.51,1715.29,3.45,2026-08-26
2026-08-26T05:24:34.758,COFORGE,1892.8,1.06,1832.6,1785.4,1869.65,1927.52,0.39,38.35,38.45,70.7,i.t,computers - software - large,34.37,1.24,15.71,0.35,-0.02,1810.92,1756.6,3.35,2026-08-26
2026-08-26T05:24:34.758,360ONE,1210.0,1.7,1162.67,1157.5,1180.15,1254.77,0.47,37.21,38.87,62.8,financials,finance & investments,14.89,2.53,8.81,-0.01,0.05,1152.77,1109.85,3.19,2026-08-26
2026-08-26T05:24:34.758,LT,4119.0,0.71,3985.27,4024.8,4091.76,4159.87,0.72,34.36,34.16,62.8,realty,engineering - turnkey services,19.87,0.67,10.04,-0.14,-0.0,4024.5,3959.93,2.73,2026-08-26
2026-08-26T05:24:34.758,GLAXO,2963.4,1.08,2859.25,2851.0,2826.8,3168.31,1.31,52.92,47.79,71.74,healthcare,pharmaceuticals - multinational,39.91,4.83,28.1,0.04,0.12,2761.76,2657.14,2.13,2026-08-26
2026-08-26T05:24:34.758,MOTILALOFS,1011.5,2.17,972.16,930.05,927.27,1137.84,1.5,11.96,30.73,71.62,financials,finance & investments,32.19,9.08,34.75,0.22,0.15,950.2,912.62,2.04,2026-08-26
2026-08-26T05:24:34.758,JYOTICNC,989.95,0.99,957.41,912.95,901.79,1122.2,0.7,98.6,70.01,75.06,industrials,engineering,34.63,9.78,23.6,0.06,0.03,915.33,876.51,1.73,2026-08-26
2026-08-26T05:24:34.758,ETERNAL,331.0,1.18,318.99,315.85,322.54,343.69,0.92,827.5,704.26,70.66,i.t,miscellaneous,39.58,2.62,28.22,0.14,0.1,317.12,306.7,1.6,2026-08-26
2026-08-26T05:24:34.758,LODHA,1281.1,1.8,1228.04,1195.2,1214.48,1381.03,0.78,23.33,31.01,64.25,realty,construction,30.05,5.49,42.32,0.1,0.15,1212.24,1162.49,1.07,2026-08-26
2026-08-26T05:24:34.758,NAUKRI,1350.0,0.07,1301.54,1328.1,1357.62,1338.57,0.39,49.06,54.66,65.23,i.t,miscellaneous,42.23,-0.56,3.84,0.16,-0.05,1288.26,1241.95,0.2,2026-08-26
2026-08-26T05:24:34.758,M&M,3443.0,0.85,3328.86,3371.1,3445.52,3439.22,0.43,17.64,20.83,59.74,auto,automobiles - passenger cars,30.46,-0.07,-2.82,-0.08,-0.09,3338.07,3259.38,0.07,2026-08-26
2026-08-26T05:24:34.758,KOTAKBANK,401.6,0.04,390.19,386.75,392.68,414.98,0.72,18.22,6.9,60.5,bank,banks - private sector,30.37,2.27,-4.97,-0.14,-0.09,388.69,379.46,-0.16,2026-08-26
2026-08-26T05:24:34.758,NIACL,187.29,1.74,179.49,182.11,181.57,195.87,0.29,-31.85,40.02,61.11,financials,finance & investments,28.0,3.15,30.68,0.14,0.14,176.62,172.49,-0.37,2026-08-26
2026-08-26T05:24:34.758,DEVYANI,149.9,0.52,143.48,140.96,147.0,154.25,0.47,312.29,-681.36,72.81,consumer discretionary,hotels,56.77,1.97,31.42,0.04,0.07,139.88,132.72,-0.4,2026-08-26
2026-08-26T05:24:34.758,DEEPAKNTR,1751.0,1.2,1702.26,1707.2,1740.6,1766.6,1.54,17.3,30.48,54.7,chemicals,chemicals,27.54,0.6,12.02,-0.0,0.11,1650.06,1605.36,-0.51,2026-08-26
2026-08-26T05:24:34.758,MFSL,1592.5,1.45,1538.6,1546.1,1531.62,1683.82,1.17,143.21,497.66,57.99,financials,finance & investments,18.84,3.98,-0.38,-0.22,-0.09,1521.62,1476.36,-0.89,2026-08-26
2026-08-26T05:24:34.758,MAZDOCK,2610.0,2.76,2469.6,2520.0,2583.69,2649.47,1.91,47.91,36.84,65.8,aerospace & defence,miscellaneous,28.94,1.02,13.42,0.05,0.01,2480.94,2395.84,-1.1,2026-08-26
2026-08-26T05:24:34.758,HDFCAMC,2698.0,3.06,2554.66,2501.0,2513.28,2975.08,1.37,34.54,31.51,63.63,financials,finance & investments,15.31,7.35,11.07,-0.09,0.02,2593.59,2515.29,-1.16,2026-08-26
2026-08-26T05:24:34.758,LICI,424.0,0.51,411.8,410.0,402.37,456.45,1.16,9.87,5.03,56.6,financials,finance & investments,14.44,5.38,5.73,-0.12,-0.05,407.17,398.7,-1.27,2026-08-26
2026-08-26T05:24:34.758,CHALET,894.05,2.82,843.34,821.15,832.35,986.6,7.18,56.87,37.05,67.52,services,hotels,15.49,7.41,9.02,-0.05,-0.02,838.57,807.92,-1.28,2026-08-26
2026-08-26T05:24:34.758,BRIGADE,660.9,1.04,630.43,582.15,608.12,740.07,0.92,26.91,25.06,75.43,realty,construction,29.72,8.68,15.96,0.09,-0.01,610.58,582.95,-1.63,2026-08-26
2026-08-26T05:24:34.758,HYUNDAI,2232.5,1.16,2146.2,2160.1,2235.33,2228.25,0.92,51.02,36.64,64.52,auto,automobiles - passenger cars,38.19,-0.13,-1.33,-0.1,-0.05,2136.97,2076.62,-1.83,2026-08-26
2026-08-26T05:24:34.758,DIXON,14990.0,2.88,14112.0,14026.0,14187.58,16193.64,0.94,31.76,43.59,66.37,consumer discretionary,electronics - consumer,24.18,5.66,44.69,0.3,0.07,14119.3,13466.28,-1.92,2026-08-26
2026-08-26T05:24:34.758,CDSL,1394.8,0.7,1347.7,1325.0,1330.87,1490.7,0.57,62.05,61.85,61.81,financials,miscellaneous,14.79,4.8,5.2,-0.04,-0.11,1335.07,1295.67,-2.78,2026-08-26
2026-08-26T05:24:34.758,COCHINSHIP,1518.5,0.3,1472.94,1461.7,1494.02,1555.22,0.7,65.91,58.72,61.0,aerospace & defence,miscellaneous,13.5,1.64,2.08,-0.07,-0.09,1452.92,1409.64,-2.79,2026-08-26
2026-08-26T05:24:34.758,PARADEEP,159.63,6.85,147.78,146.11,147.77,177.41,5.79,10.56,15.45,68.9,chemicals,fertilizers,25.29,8.02,24.02,0.25,-0.01,148.28,140.73,-3.7,2026-08-26
2026-08-26T05:24:34.758,CYIENT,979.05,7.7,880.68,860.0,872.06,1139.53,7.52,25.98,28.59,73.45,i.t,computers - software - medium / small,26.84,12.27,-9.76,-0.08,-0.16,898.13,847.4,-4.05,2026-08-26
2026-08-26T05:24:34.758,SUPREMEIND,3593.0,-0.22,3492.03,3563.3,3552.14,3654.29,1.07,40.64,44.21,58.02,plastic products,plastics products,20.75,1.15,3.01,-0.16,0.04,3452.05,3367.63,-4.08,2026-08-26
2026-08-26T05:24:34.758,SAPPHIRE,249.81,0.21,239.72,231.96,242.37,260.97,0.42,141.94,-499.62,77.84,consumer discretionary,hotels,49.75,3.07,35.15,0.05,0.02,231.67,220.9,-4.08,2026-08-26
2026-08-26T05:24:34.758,JUBLFOOD,515.0,1.4,494.85,494.75,510.68,521.48,0.72,87.58,78.75,69.21,consumer discretionary,hotels,45.89,0.85,4.67,-0.12,-0.15,488.65,468.89,-4.27,2026-08-26
2026-08-26T05:24:34.758,SBICARD,651.0,0.11,632.84,610.0,632.7,678.44,0.74,23.32,27.24,54.13,financials,finance & investments,17.58,2.89,-15.44,-0.24,-0.27,619.47,599.41,-5.08,2026-08-26
2026-08-26T05:24:34.758,AWL,200.64,3.49,189.12,186.96,189.71,217.04,4.07,18.51,22.44,64.95,fmcg,solvent extraction,26.6,5.76,-3.83,-0.06,-0.21,188.06,182.81,-5.11,2026-08-26
2026-08-26T05:24:34.758,SWIGGY,287.4,1.11,276.36,269.75,275.7,304.95,1.04,-24.27,-18.85,59.27,i.t,miscellaneous,19.32,4.24,-7.7,-0.18,-0.3,270.95,262.22,-6.8,2026-08-26
2026-08-26T05:24:34.758,NCC,148.31,0.65,142.91,138.5,141.61,158.35,0.75,10.75,13.31,58.28,realty,construction,18.33,4.73,4.94,-0.09,-0.12,138.83,132.43,-7.18,2026-08-26
2026-08-26T05:24:34.758,KAYNES,3936.0,2.49,3727.92,3639.1,3806.7,4129.96,1.36,116.86,76.22,64.21,consumer discretionary,electronics - components,19.08,3.4,16.48,-0.05,-0.12,3654.17,3503.29,-8.79,2026-08-26
2026-08-26T05:24:34.758,URBANCO,169.28,0.26,163.76,143.3,148.79,200.02,1.72,-70.53,-76.25,79.6,i.t,miscellaneous,48.37,13.77,36.04,0.39,0.26,154.12,145.03,NaN,2026-08-26
2026-08-26T05:24:34.758,LGEINDIA,1690.4,1.57,1620.92,1614.6,1630.85,1779.72,0.77,43.93,62.86,63.28,consumer discretionary,electronics - consumer,24.08,3.65,20.79,0.0,0.02,1590.87,1520.82,NaN,2026-08-26
2026-08-26T05:24:34.758,MEESHO,206.32,0.61,197.96,192.0,196.09,221.67,0.9,-184.21,-75.03,66.06,i.t,miscellaneous,20.52,5.22,21.73,0.2,NaN,190.92,183.0,NaN,2026-08-26
2026-08-26T05:24:34.758,ICICIAMC,3291.8,1.91,3142.96,3083.9,3121.74,3546.89,0.41,53.27,26.2,61.02,financials,finance & investments,25.18,5.45,18.55,-0.03,NaN,3114.95,2995.51,NaN,2026-08-26
2026-08-25T23:34:49.793,IDEA,15.19,7.96,13.8,13.88,13.63,17.53,3.87,-10.85,4.08,72.72,telecom-service,telecommunications - service provider,32.88,11.47,60.42,0.27,0.37,14.13,13.45,28.99,2026-08-25
2026-08-25T23:34:49.793,LAURUSLABS,1866.2,3.62,1760.57,1789.9,1845.03,1897.96,1.53,68.51,88.89,68.09,healthcare,pharmaceuticals - indian - bulk drugs & formln,42.95,1.15,83.63,0.69,0.77,1782.64,1723.18,27.43,2026-08-25
2026-08-25T23:34:49.793,APARINDS,17001.0,1.77,16370.9,16461.0,17199.26,16703.6,0.87,36.52,56.79,60.48,industrials,electric equipment,44.39,-1.15,141.73,0.47,0.87,15705.14,14902.25,24.05,2026-08-25
2026-08-25T23:34:49.793,SHRIRAMFIN,1138.5,1.74,1089.76,1098.2,1129.28,1152.33,0.49,19.15,19.75,61.55,financials,finance & investments,19.98,0.82,13.45,-0.02,0.3,1091.8,1056.78,18.0,2026-08-25
2026-08-25T23:34:49.793,NEULANDLAB,22948.0,0.19,22184.26,22637.0,23734.77,21767.84,0.53,49.84,59.04,63.6,healthcare,pharmaceuticals - indian - bulk drugs,49.36,-3.31,73.18,0.55,0.33,21701.89,20863.3,15.95,2026-08-25
2026-08-25T23:34:49.793,SAILIFE,1455.5,1.36,1391.89,1415.0,1455.58,1455.38,0.39,105.17,83.63,62.29,healthcare,pharmaceuticals - indian - bulk drugs & formln,31.08,-0.01,83.14,0.39,0.6,1369.62,1308.71,15.59,2026-08-25
2026-08-25T23:34:49.793,RADICO,4630.0,0.65,4480.17,4562.0,4700.39,4524.42,0.56,67.49,87.52,64.6,fmcg,breweries & distilleries,56.38,-1.5,56.31,0.57,0.39,4445.86,4328.86,14.83,2026-08-25
2026-08-25T23:34:49.793,IFCI,83.25,0.93,80.76,80.37,79.21,89.31,1.17,173.44,128.88,66.84,financials,finance - term-lending institutions,19.31,5.1,47.91,0.28,0.66,77.87,75.82,13.74,2026-08-25
2026-08-25T23:34:49.793,KARURVYSYA,346.0,2.32,330.26,329.0,331.57,367.64,0.7,11.06,11.91,64.82,bank,banks - private sector,18.14,4.35,30.51,-0.02,0.38,331.23,322.05,13.02,2026-08-25
2026-08-25T23:34:49.793,PNBHOUSING,1182.0,1.46,1134.25,1138.0,1162.58,1211.13,0.71,13.81,13.11,65.94,financials,finance - housing,27.89,1.67,45.54,0.3,0.29,1127.1,1086.92,11.59,2026-08-25
2026-08-25T23:34:49.793,SAIL,184.59,2.75,176.69,169.32,172.53,202.68,3.83,11.59,17.37,65.89,metals & mining,steel - large,15.27,6.99,24.16,0.09,0.38,172.45,165.64,11.52,2026-08-25
2026-08-25T23:34:49.793,GLAND,2824.6,0.82,2720.58,2776.1,2886.26,2732.12,0.18,36.72,40.89,61.96,healthcare,pharmaceuticals - indian - formulations,42.5,-2.14,67.93,0.44,0.59,2653.95,2537.26,11.51,2026-08-25
2026-08-25T23:34:49.793,MAHABANK,81.7,1.24,78.9,79.6,79.07,85.64,1.29,7.77,8.23,54.38,bank,banks - public sector,11.03,3.32,25.9,0.08,0.39,78.08,76.59,11.27,2026-08-25
2026-08-25T23:34:49.793,PAYTM,1718.0,5.82,1579.76,1546.3,1633.65,1844.52,2.5,124.85,159.79,76.83,i.t,miscellaneous,48.3,5.16,50.93,0.35,0.26,1604.28,1518.99,11.14,2026-08-25
2026-08-25T23:34:49.793,LTF,319.5,1.16,308.85,312.75,311.89,330.92,0.61,22.19,24.85,55.36,financials,finance & investments,11.54,2.44,11.11,-0.02,0.01,302.51,291.07,10.75,2026-08-25
2026-08-25T23:34:49.793,AUBANK,1128.6,1.31,1083.0,1063.7,1088.03,1189.46,2.92,26.54,29.15,68.06,bank,banks - private sector,26.98,3.73,16.87,0.07,0.12,1082.11,1062.75,10.64,2026-08-25
2026-08-25T23:34:49.793,VIJAYA,1483.4,0.07,1419.24,1448.2,1478.55,1490.67,0.68,71.87,81.32,60.77,healthcare,healthcare,39.02,0.33,48.98,0.35,0.39,1394.14,1343.59,10.35,2026-08-25
2026-08-25T23:34:49.793,TITAN,5124.8,0.9,4951.65,5011.0,5108.24,5149.64,0.4,63.96,78.23,70.78,consumer discretionary,diamond cutting / jewellery,49.95,0.32,27.43,0.11,0.29,4986.27,4882.37,10.29,2026-08-25
2026-08-25T23:34:49.793,DIVISLAB,8744.5,2.92,8327.06,8457.5,8722.95,8776.82,1.25,64.39,77.09,73.16,healthcare,pharmaceuticals - indian - bulk drugs,61.28,0.25,45.46,0.28,0.34,8438.4,8208.82,10.2,2026-08-25
2026-08-25T23:34:49.793,IPCALAB,1928.5,0.42,1873.37,1863.0,1813.92,2100.38,1.0,30.44,36.13,65.99,healthcare,pharmaceuticals - indian - bulk drugs & formln,26.94,6.32,31.86,0.21,0.28,1802.98,1738.94,9.51,2026-08-25
2026-08-25T23:34:49.793,BAJAJ-AUTO,11927.0,1.08,11487.56,11534.0,11783.65,12142.02,0.41,25.82,28.02,68.35,auto,automobiles - scooters and 3 - wheelers,54.44,1.22,26.71,0.11,0.29,11579.64,11319.12,9.34,2026-08-25
2026-08-25T23:34:49.793,MANAPPURAM,367.45,0.66,356.03,336.4,347.65,397.16,0.88,14.75,22.27,61.32,financials,finance & investments,16.09,5.7,24.77,0.11,0.29,347.59,334.95,8.95,2026-08-25
2026-08-25T23:34:49.793,TVSMOTOR,4420.0,1.29,4257.81,4326.4,4462.82,4355.76,0.46,51.49,60.48,66.78,auto,automobiles - motorcycles / mopeds,46.94,-0.96,24.54,0.06,0.18,4280.86,4176.51,8.74,2026-08-25
2026-08-25T23:34:49.793,EICHERMOT,8055.0,0.1,7824.32,7947.5,8045.96,8068.56,0.43,37.78,38.24,61.07,auto,automobiles - motorcycles / mopeds,33.99,0.11,15.52,-0.08,0.09,7831.98,7679.72,7.96,2026-08-25
2026-08-25T23:34:49.793,ASHOKLEY,174.69,0.81,168.15,171.58,177.13,171.03,0.43,41.59,29.27,59.0,auto,automobiles - lcvs / hcvs,20.66,-1.38,-9.33,-0.24,0.06,167.54,162.18,7.22,2026-08-25
2026-08-25T23:34:49.793,THELEELA,554.9,0.95,529.69,519.65,524.7,600.21,0.75,95.02,30.32,68.67,services,hotels,36.14,5.76,36.02,0.17,0.37,511.19,483.41,6.59,2026-08-25
2026-08-25T23:34:49.793,BOSCHLTD,48680.0,1.21,46834.2,47785.0,48021.72,49667.42,0.68,50.83,60.03,75.33,auto,auto ancillaries,47.87,1.37,38.04,0.27,0.28,46688.21,45194.37,6.44,2026-08-25
2026-08-25T23:34:49.793,CARTRADE,3144.8,0.2,2959.6,2770.0,2806.29,3652.56,0.5,73.55,64.78,71.33,consumer discretionary,miscellaneous,38.31,12.06,28.53,0.45,0.12,2898.52,2744.01,6.1,2026-08-25
2026-08-25T23:34:49.793,INDIANB,878.0,0.87,851.62,862.0,880.55,874.18,0.59,8.81,9.17,56.41,bank,banks - public sector,21.1,-0.29,0.23,-0.18,0.07,845.05,824.1,5.9,2026-08-25
2026-08-25T23:34:49.793,GLENMARK,2400.0,0.39,2328.48,2222.5,2296.68,2554.99,1.2,35.07,37.52,64.74,healthcare,pharmaceuticals - indian - bulk drugs & formln,13.6,4.5,22.01,0.08,0.2,2279.01,2209.26,5.68,2026-08-25
2026-08-25T23:34:49.793,NMDC,85.94,0.05,83.58,82.86,83.88,89.02,0.83,9.55,10.12,54.9,metals & mining,mining / minerals / metals,13.48,2.45,13.1,0.0,0.11,82.3,79.91,5.31,2026-08-25
2026-08-25T23:34:49.793,KALYANKJIL,612.6,0.77,592.16,588.0,596.2,637.2,0.46,45.31,43.74,62.86,consumer discretionary,diamond cutting / jewellery,27.34,2.75,66.99,0.4,0.25,577.94,564.64,5.06,2026-08-25
2026-08-25T23:34:49.793,TBOTEK,1725.1,1.27,1651.01,1647.2,1680.33,1792.26,0.51,55.51,68.86,66.55,i.t,travel agencies,39.12,2.66,19.61,0.19,0.01,1612.04,1540.05,4.17,2026-08-25
2026-08-25T23:34:49.793,ASTRAL,1540.0,0.47,1488.62,1516.2,1519.57,1570.65,0.68,86.13,71.53,60.24,plastic products,plastics products,25.25,1.34,11.34,-0.13,0.04,1472.89,1427.26,3.64,2026-08-25
2026-08-25T23:34:49.793,JSWINFRA,343.95,1.1,331.09,326.4,332.19,361.59,0.52,52.11,47.78,59.7,transportation,miscellaneous,21.2,3.54,34.33,0.22,0.25,327.48,316.68,3.55,2026-08-25
2026-08-25T23:34:49.793,JINDALSTEL,1154.1,0.44,1117.3,1095.2,1116.9,1209.9,0.56,34.76,43.0,64.43,metals & mining,steel - large,24.1,3.33,8.56,-0.13,0.11,1109.9,1079.65,3.5,2026-08-25
2026-08-25T23:34:49.793,OBEROIRLTY,1880.0,0.54,1821.62,1830.4,1828.26,1957.61,0.27,31.44,25.69,55.34,realty,construction,20.39,2.83,29.37,0.14,0.12,1784.51,1715.29,3.45,2026-08-25
2026-08-25T23:34:49.793,COFORGE,1892.8,1.06,1832.6,1785.4,1869.65,1927.52,0.39,38.35,38.05,70.7,i.t,computers - software - large,34.37,1.24,15.71,0.35,-0.02,1810.92,1756.6,3.35,2026-08-25
2026-08-25T23:34:49.793,360ONE,1210.0,1.7,1162.67,1157.5,1180.15,1254.77,0.47,37.21,38.22,62.8,financials,finance & investments,14.89,2.53,8.81,-0.01,0.05,1152.77,1109.85,3.19,2026-08-25
2026-08-25T23:34:49.793,LT,4119.0,0.71,3985.27,4024.8,4091.76,4159.87,0.72,34.36,33.92,62.8,realty,engineering - turnkey services,19.87,0.67,10.04,-0.14,-0.0,4024.5,3959.93,2.73,2026-08-25
2026-08-25T23:34:49.793,GLAXO,2963.4,1.08,2859.25,2851.0,2826.8,3168.31,1.31,52.92,47.28,71.74,healthcare,pharmaceuticals - multinational,39.91,4.83,28.1,0.04,0.12,2761.76,2657.14,2.13,2026-08-25
2026-08-25T23:34:49.793,MOTILALOFS,1011.5,2.17,972.16,930.05,927.27,1137.84,1.5,11.96,30.07,71.62,financials,finance & investments,32.19,9.08,34.75,0.22,0.15,950.2,912.62,2.04,2026-08-25
2026-08-25T23:34:49.793,JYOTICNC,989.95,0.99,957.41,912.95,901.79,1122.2,0.7,98.6,69.32,75.06,industrials,engineering,34.63,9.78,23.6,0.06,0.03,915.33,876.51,1.73,2026-08-25
2026-08-25T23:34:49.793,ETERNAL,331.0,1.18,318.99,315.85,322.54,343.69,0.92,827.5,696.06,70.66,i.t,miscellaneous,39.58,2.62,28.22,0.14,0.1,317.12,306.7,1.6,2026-08-25
2026-08-25T23:34:49.793,LODHA,1281.1,1.8,1228.04,1195.2,1214.48,1381.03,0.78,23.33,30.46,64.25,realty,construction,30.05,5.49,42.32,0.1,0.15,1212.24,1162.49,1.07,2026-08-25
2026-08-25T23:34:49.793,NAUKRI,1350.0,0.07,1301.54,1328.1,1357.62,1338.57,0.39,49.06,54.62,65.23,i.t,miscellaneous,42.23,-0.56,3.84,0.16,-0.05,1288.26,1241.95,0.2,2026-08-25
2026-08-25T23:34:49.793,M&M,3443.0,0.85,3328.86,3371.1,3445.52,3439.22,0.43,17.64,20.65,59.74,auto,automobiles - passenger cars,30.46,-0.07,-2.82,-0.08,-0.09,3338.07,3259.38,0.07,2026-08-25
2026-08-25T23:34:49.793,KOTAKBANK,401.6,0.04,390.19,386.75,392.68,414.98,0.72,18.22,6.9,60.5,bank,banks - private sector,30.37,2.27,-4.97,-0.14,-0.09,388.69,379.46,-0.16,2026-08-25
2026-08-25T23:34:49.793,NIACL,187.29,1.74,179.49,182.11,181.57,195.87,0.29,-31.85,39.33,61.11,financials,finance & investments,28.0,3.15,30.68,0.14,0.14,176.62,172.49,-0.37,2026-08-25
2026-08-25T23:34:49.793,DEVYANI,149.9,0.52,143.48,140.96,147.0,154.25,0.47,312.29,-677.82,72.81,consumer discretionary,hotels,56.77,1.97,31.42,0.04,0.07,139.88,132.72,-0.4,2026-08-25
2026-08-25T23:34:49.793,DEEPAKNTR,1751.0,1.2,1702.26,1707.2,1740.6,1766.6,1.54,17.3,30.12,54.7,chemicals,chemicals,27.54,0.6,12.02,-0.0,0.11,1650.06,1605.36,-0.51,2026-08-25
2026-08-25T23:34:49.793,MFSL,1592.5,1.45,1538.6,1546.1,1531.62,1683.82,1.17,143.21,490.56,57.99,financials,finance & investments,18.84,3.98,-0.38,-0.22,-0.09,1521.62,1476.36,-0.89,2026-08-25
2026-08-25T23:34:49.793,MAZDOCK,2610.0,2.76,2469.6,2520.0,2583.69,2649.47,1.91,47.91,35.85,65.8,aerospace & defence,miscellaneous,28.94,1.02,13.42,0.05,0.01,2480.94,2395.84,-1.1,2026-08-25
2026-08-25T23:34:49.793,HDFCAMC,2698.0,3.06,2554.66,2501.0,2513.28,2975.08,1.37,34.54,30.58,63.63,financials,finance & investments,15.31,7.35,11.07,-0.09,0.02,2593.59,2515.29,-1.16,2026-08-25
2026-08-25T23:34:49.793,LICI,424.0,0.51,411.8,410.0,402.37,456.45,1.16,9.87,5.01,56.6,financials,finance & investments,14.44,5.38,5.73,-0.12,-0.05,407.17,398.7,-1.27,2026-08-25
2026-08-25T23:34:49.793,CHALET,894.05,2.82,843.34,821.15,832.35,986.6,7.18,56.87,36.04,67.52,services,hotels,15.49,7.41,9.02,-0.05,-0.02,838.57,807.92,-1.28,2026-08-25
2026-08-25T23:34:49.793,BRIGADE,660.9,1.04,630.43,582.15,608.12,740.07,0.92,26.91,24.8,75.43,realty,construction,29.72,8.68,15.96,0.09,-0.01,610.58,582.95,-1.63,2026-08-25
2026-08-25T23:34:49.793,HYUNDAI,2232.5,1.16,2146.2,2160.1,2235.33,2228.25,0.92,51.02,36.22,64.52,auto,automobiles - passenger cars,38.19,-0.13,-1.33,-0.1,-0.05,2136.97,2076.62,-1.83,2026-08-25
2026-08-25T23:34:49.793,DIXON,14990.0,2.88,14112.0,14026.0,14187.58,16193.64,0.94,31.76,42.37,66.37,consumer discretionary,electronics - consumer,24.18,5.66,44.69,0.3,0.07,14119.3,13466.28,-1.92,2026-08-25
2026-08-25T23:34:49.793,CDSL,1394.8,0.7,1347.7,1325.0,1330.87,1490.7,0.57,62.05,61.42,61.81,financials,miscellaneous,14.79,4.8,5.2,-0.04,-0.11,1335.07,1295.67,-2.78,2026-08-25
2026-08-25T23:34:49.793,COCHINSHIP,1518.5,0.3,1472.94,1461.7,1494.02,1555.22,0.7,65.91,58.55,61.0,aerospace & defence,miscellaneous,13.5,1.64,2.08,-0.07,-0.09,1452.92,1409.64,-2.79,2026-08-25
2026-08-25T23:34:49.793,PARADEEP,159.63,6.85,147.78,146.11,147.77,177.41,5.79,10.56,14.46,68.9,chemicals,fertilizers,25.29,8.02,24.02,0.25,-0.01,148.28,140.73,-3.7,2026-08-25
2026-08-25T23:34:49.793,CYIENT,979.05,7.7,880.68,860.0,872.06,1139.53,7.52,25.98,26.54,73.45,i.t,computers - software - medium / small,26.84,12.27,-9.76,-0.08,-0.16,898.13,847.4,-4.05,2026-08-25
2026-08-25T23:34:49.793,SUPREMEIND,3593.0,-0.22,3492.03,3563.3,3552.14,3654.29,1.07,40.64,44.31,58.02,plastic products,plastics products,20.75,1.15,3.01,-0.16,0.04,3452.05,3367.63,-4.08,2026-08-25
2026-08-25T23:34:49.793,SAPPHIRE,249.81,0.21,239.72,231.96,242.37,260.97,0.42,141.94,-498.6,77.84,consumer discretionary,hotels,49.75,3.07,35.15,0.05,0.02,231.67,220.9,-4.08,2026-08-25
2026-08-25T23:34:49.793,JUBLFOOD,515.0,1.4,494.85,494.75,510.68,521.48,0.72,87.58,77.66,69.21,consumer discretionary,hotels,45.89,0.85,4.67,-0.12,-0.15,488.65,468.89,-4.27,2026-08-25
2026-08-25T23:34:49.793,SBICARD,651.0,0.11,632.84,610.0,632.7,678.44,0.74,23.32,27.21,54.13,financials,finance & investments,17.58,2.89,-15.44,-0.24,-0.27,619.47,599.41,-5.08,2026-08-25
2026-08-25T23:34:49.793,AWL,200.64,3.49,189.12,186.96,189.71,217.04,4.07,18.51,21.69,64.95,fmcg,solvent extraction,26.6,5.76,-3.83,-0.06,-0.21,188.06,182.81,-5.11,2026-08-25
2026-08-25T23:34:49.793,SWIGGY,287.4,1.11,276.36,269.75,275.7,304.95,1.04,-24.27,-18.64,59.27,i.t,miscellaneous,19.32,4.24,-7.7,-0.18,-0.3,270.95,262.22,-6.8,2026-08-25
2026-08-25T23:34:49.793,NCC,148.31,0.65,142.91,138.5,141.61,158.35,0.75,10.75,13.23,58.28,realty,construction,18.33,4.73,4.94,-0.09,-0.12,138.83,132.43,-7.18,2026-08-25
2026-08-25T23:34:49.793,KAYNES,3936.0,2.49,3727.92,3639.1,3806.7,4129.96,1.36,116.86,74.36,64.21,consumer discretionary,electronics - components,19.08,3.4,16.48,-0.05,-0.12,3654.17,3503.29,-8.79,2026-08-25
2026-08-25T23:34:49.793,URBANCO,169.28,0.26,163.76,143.3,148.79,200.02,1.72,-70.53,-76.05,79.6,i.t,miscellaneous,48.37,13.77,36.04,0.39,0.26,154.12,145.03,NaN,2026-08-25
2026-08-25T23:34:49.793,LGEINDIA,1690.4,1.57,1620.92,1614.6,1630.85,1779.72,0.77,43.93,61.89,63.28,consumer discretionary,electronics - consumer,24.08,3.65,20.79,0.0,0.02,1590.87,1520.82,NaN,2026-08-25
2026-08-25T23:34:49.793,MEESHO,206.32,0.61,197.96,192.0,196.09,221.67,0.9,-184.21,-74.57,66.06,i.t,miscellaneous,20.52,5.22,21.73,0.2,NaN,190.92,183.0,NaN,2026-08-25
2026-08-25T23:34:49.793,ICICIAMC,3291.8,1.91,3142.96,3083.9,3121.74,3546.89,0.41,53.27,25.71,61.02,financials,finance & investments,25.18,5.45,18.55,-0.03,NaN,3114.95,2995.51,NaN,2026-08-25
2026-08-17T15:39:55.697,NETWEB,5219.0,4.23,4908.13,4753.0,4861.15,5755.77,0.93,87.1,109.09,66.44,i.t,computers - hardware,26.21,7.36,63.75,0.55,0.57,4764.38,4429.41,31.23,2026-08-17
2026-08-17T15:39:55.697,HINDCOPPER,569.8,7.7,523.42,515.0,524.02,638.47,4.94,39.13,45.06,67.95,metals & mining,mining / minerals / metals,24.6,8.74,-0.52,-0.11,0.62,511.01,472.01,29.53,2026-08-17
2026-08-17T15:39:55.697,WELCORP,1883.5,0.54,1809.08,1816.5,1834.57,1956.9,0.2,11.87,21.39,74.72,industrials,steel - large,42.51,2.67,155.01,1.16,1.11,1796.49,1734.83,28.49,2026-08-17
2026-08-17T15:39:55.697,CHENNPETRO,1382.0,4.55,1282.92,1237.0,1308.6,1492.1,1.14,4.99,4.72,60.64,energy,refineries,25.15,5.61,57.92,0.45,0.47,1223.51,1119.94,24.99,2026-08-17
2026-08-17T15:39:55.697,NATIONALUM,387.55,3.07,368.97,375.0,383.29,393.93,1.85,8.88,10.23,56.55,metals & mining,aluminium and aluminium products,28.72,1.11,3.75,0.02,0.42,354.14,333.04,22.71,2026-08-17
2026-08-17T15:39:55.697,BHEL,435.95,3.38,413.36,401.65,405.85,481.09,2.24,100.91,60.33,65.68,industrials,electric equipment,20.4,7.42,63.19,0.57,0.45,411.75,393.6,20.84,2026-08-17
2026-08-17T15:39:55.697,MCX,2933.1,0.74,2834.26,2742.6,2723.87,3246.95,0.88,45.24,18.86,60.14,financials,miscellaneous,21.47,7.68,21.39,0.15,0.39,2743.58,2649.35,19.49,2026-08-17
2026-08-17T15:39:55.697,NEULANDLAB,23650.0,1.42,22511.58,22281.0,21982.58,26151.14,1.32,51.37,60.11,73.88,healthcare,pharmaceuticals - indian - bulk drugs,43.71,7.59,65.83,0.67,0.38,21842.14,20679.24,19.11,2026-08-17
2026-08-17T15:39:55.697,SONACOMS,805.1,1.65,779.84,790.0,810.65,796.77,1.83,69.41,70.71,68.1,auto,auto ancillaries,62.91,-0.69,74.52,0.41,0.53,762.62,739.95,19.0,2026-08-17
2026-08-17T15:39:55.697,DATAPATTNS,4535.0,1.78,4371.39,4372.0,4368.83,4784.26,0.35,287.75,93.1,54.39,aerospace & defence,electronics - components,8.6,3.8,75.9,0.51,0.5,4232.99,4031.49,18.42,2026-08-17
2026-08-17T15:39:55.697,SHRIRAMFIN,1122.0,0.0,1089.96,1112.2,1113.53,1134.71,0.71,18.88,19.8,60.3,financials,finance & investments,21.17,0.76,14.37,-0.03,0.27,1073.09,1044.1,17.28,2026-08-17
2026-08-17T15:39:55.697,RADICO,4693.4,0.93,4520.25,4485.0,4579.94,4863.6,0.93,68.42,88.47,76.13,fmcg,breweries & distilleries,57.15,2.48,61.43,0.55,0.41,4489.59,4336.73,15.49,2026-08-17
2026-08-17T15:39:55.697,CRAFTSMAN,10483.0,2.26,10045.98,10205.0,10391.66,10620.0,0.72,42.19,51.01,63.72,auto,auto ancillaries,41.26,0.88,33.54,0.25,0.44,9794.3,9419.78,14.95,2026-08-17
2026-08-17T15:39:55.697,FINCABLES,1319.0,5.79,1227.06,1052.65,1105.21,1639.68,2.32,20.25,23.84,76.66,industrials,cables - power,33.79,19.34,69.89,0.5,0.7,1179.29,1083.25,14.03,2026-08-17
2026-08-17T15:39:55.697,KEI,5873.0,3.04,5566.4,5572.2,5572.37,6323.94,1.63,51.19,54.66,73.28,industrials,cables - power,31.75,5.39,33.96,0.19,0.38,5569.87,5349.53,12.62,2026-08-17
2026-08-17T15:39:55.697,MINDACORP,725.0,0.69,705.6,706.55,715.13,739.81,1.12,20.71,33.84,57.73,auto,auto ancillaries,28.19,1.38,27.41,0.12,0.22,663.9,625.63,12.58,2026-08-17
2026-08-17T15:39:55.697,ABB,7660.0,0.14,7474.46,7561.5,7600.68,7748.98,0.53,112.05,54.24,59.72,industrials,electric equipment,34.6,0.78,55.22,0.22,0.43,7320.17,7165.3,12.39,2026-08-17
2026-08-17T15:39:55.697,HINDALCO,1049.9,1.98,1012.05,1021.35,1039.08,1066.13,1.0,8.31,13.94,59.7,metals & mining,aluminium and aluminium products,29.88,1.04,9.94,0.06,0.25,991.77,958.28,11.93,2026-08-17
2026-08-17T15:39:55.697,PNBHOUSING,1150.8,0.03,1112.5,1135.2,1118.93,1198.61,0.56,13.45,12.95,62.04,financials,finance - housing,24.06,2.85,18.05,0.27,0.22,1092.42,1051.83,11.77,2026-08-17
2026-08-17T15:39:55.697,TITAN,5068.5,0.24,4936.46,4992.0,5063.53,5075.95,1.18,63.26,77.88,68.81,consumer discretionary,diamond cutting / jewellery,51.46,0.1,20.06,0.12,0.26,4878.11,4777.81,11.21,2026-08-17
2026-08-17T15:39:55.697,IFCI,78.97,2.64,74.23,72.71,73.98,86.45,0.61,164.52,120.22,60.17,financials,finance - term-lending institutions,12.16,6.74,41.0,0.16,0.49,73.22,69.66,11.06,2026-08-17
2026-08-17T15:39:55.697,VIJAYA,1510.0,2.44,1437.46,1382.9,1396.78,1679.83,0.46,73.16,80.86,67.52,healthcare,healthcare,34.0,8.11,51.87,0.41,0.46,1380.74,1288.8,10.91,2026-08-17
2026-08-17T15:39:55.697,AJANTPHARM,3723.5,1.38,3577.0,3485.0,3492.15,4070.53,0.87,34.8,40.43,72.3,healthcare,pharmaceuticals - indian - formulations,33.23,6.62,37.61,0.18,0.4,3540.37,3417.52,10.49,2026-08-17
2026-08-17T15:39:55.697,TVSMOTOR,4385.9,1.83,4219.39,4297.1,4494.77,4222.59,0.9,51.09,59.7,67.21,auto,automobiles - motorcycles / mopeds,46.56,-2.42,18.86,0.05,0.16,4227.24,4108.35,10.4,2026-08-17
2026-08-17T15:39:55.697,ASHOKLEY,177.1,3.18,168.54,169.75,175.09,180.12,3.13,42.17,28.99,64.01,auto,automobiles - lcvs / hcvs,25.49,1.15,-4.82,-0.2,0.07,165.35,158.54,10.34,2026-08-17
2026-08-17T15:39:55.697,WELSPUNLIV,168.28,2.57,161.6,159.01,156.3,186.25,2.43,24.89,53.79,57.48,textiles,textiles - products,17.5,7.66,34.2,0.1,0.15,151.96,141.39,9.58,2026-08-17
2026-08-17T15:39:55.697,UNIONBANK,188.9,0.81,180.58,179.88,181.34,200.24,1.81,6.39,6.93,70.18,bank,banks - public sector,28.62,4.17,5.58,-0.03,0.18,179.5,173.71,9.58,2026-08-17
2026-08-17T15:39:55.697,SOLARINDS,20000.0,0.16,19487.3,18420.0,18703.53,21944.7,2.11,69.34,90.74,67.11,aerospace & defence,chemicals,17.12,6.93,55.34,0.41,0.46,18707.54,18127.19,9.08,2026-08-17
2026-08-17T15:39:55.697,IPCALAB,1875.2,8.13,1769.78,1683.1,1687.4,2156.89,17.12,29.6,32.63,62.03,healthcare,pharmaceuticals - indian - bulk drugs & formln,19.7,11.13,23.67,0.16,0.28,1677.99,1599.98,8.92,2026-08-17
2026-08-17T15:39:55.697,GRAPHITE,731.0,1.3,703.39,717.75,718.42,749.87,0.43,20.72,66.08,64.46,industrials,electrodes - graphites,39.23,1.75,15.64,0.04,0.29,682.46,651.0,8.73,2026-08-17
2026-08-17T15:39:55.697,MRPL,177.0,3.79,166.84,161.2,168.41,189.89,0.71,8.19,9.51,57.39,energy,refineries,23.26,5.1,12.0,-0.12,0.06,161.99,151.51,8.59,2026-08-17
2026-08-17T15:39:55.697,POLYCAB,9370.0,1.41,9046.38,9025.0,9094.01,9783.99,1.37,44.97,48.35,55.13,industrials,cables - power,9.41,3.03,27.95,0.14,0.22,9051.67,8837.92,8.3,2026-08-17
2026-08-17T15:39:55.697,PTCIL,20400.0,7.09,18685.66,18720.0,18659.94,23010.09,13.03,127.63,281.18,75.64,industrials,castings & forgings,32.43,9.33,12.93,0.02,0.08,18998.79,18297.88,8.1,2026-08-17
2026-08-17T15:39:55.697,RKFORGE,753.55,2.86,719.27,728.35,739.75,774.25,0.69,73.02,124.38,76.34,industrials,castings & forgings,50.73,1.87,49.56,0.22,0.36,704.92,673.89,8.0,2026-08-17
2026-08-17T15:39:55.697,SIEMENS,3943.0,0.08,3832.09,3854.6,3960.7,3916.45,1.02,16.38,42.82,61.72,industrials,electric equipment,30.25,-0.45,32.75,0.17,0.15,3739.25,3609.63,6.77,2026-08-17
2026-08-17T15:39:55.697,BALRAMCHIN,656.0,4.99,618.09,592.55,623.6,704.6,1.96,75.93,34.05,61.27,fmcg,sugar,34.76,5.2,54.32,0.3,0.42,601.43,563.2,6.02,2026-08-17
2026-08-17T15:39:55.697,KPIL,1406.0,3.98,1323.1,1303.3,1300.15,1564.77,1.15,19.36,20.32,63.83,realty,transmisson line towers / equipment,26.42,8.14,23.75,0.18,0.15,1300.47,1225.32,5.99,2026-08-17
2026-08-17T15:39:55.697,TBOTEK,1700.1,4.09,1581.43,1589.0,1609.87,1835.45,0.95,54.7,66.02,68.14,i.t,travel agencies,34.73,5.6,9.46,0.03,-0.02,1571.36,1481.7,5.43,2026-08-17
2026-08-17T15:39:55.697,ELGIEQUIP,625.0,2.54,591.14,569.45,573.79,701.81,3.06,47.64,42.92,66.68,industrials,compressors / drilling equipment,17.39,8.92,42.34,0.13,0.21,586.22,558.68,4.87,2026-08-17
2026-08-17T15:39:55.697,OBEROIRLTY,1931.0,4.6,1796.24,1764.5,1764.42,2180.86,6.07,32.29,25.36,65.9,realty,construction,18.37,9.44,17.17,0.15,0.15,1822.6,1756.29,4.61,2026-08-17
2026-08-17T15:39:55.697,UNITDSPR,1545.0,0.59,1493.03,1510.1,1544.89,1545.17,0.77,59.24,57.92,66.14,fmcg,breweries & distilleries,41.79,0.01,15.64,0.02,0.03,1490.24,1450.48,4.46,2026-08-17
2026-08-17T15:39:55.697,ENDURANCE,2969.0,2.41,2839.55,2878.0,2910.66,3056.51,2.01,42.71,42.05,62.64,auto,auto ancillaries,22.43,2.0,17.81,0.1,0.07,2779.39,2708.17,4.02,2026-08-17
2026-08-17T15:39:55.697,ENRIN,3611.8,2.13,3455.68,3488.0,3376.13,3965.3,0.48,72.94,84.62,60.61,power & utilities,power generation and supply,23.11,6.98,52.85,0.21,0.11,3355.01,3164.62,3.53,2026-08-17
2026-08-17T15:39:55.697,TIMKEN,3302.3,0.81,3181.77,3164.7,3218.77,3427.59,0.21,51.89,57.83,55.03,industrials,bearings,19.8,2.6,8.26,-0.01,0.01,3141.49,3035.58,3.13,2026-08-17
2026-08-17T15:39:55.697,UNOMINDA,1269.9,2.41,1211.18,1230.1,1253.46,1294.57,3.12,62.01,59.47,66.68,auto,auto ancillaries,21.38,1.31,6.54,-0.06,-0.06,1208.46,1164.48,2.9,2026-08-17
2026-08-17T15:39:55.697,PVRINOX,1195.1,1.8,1142.39,1130.1,1182.35,1214.22,0.78,51.96,25.93,69.53,media,entertainment / electronic media software,48.84,1.08,17.25,0.05,0.05,1115.53,1069.64,2.78,2026-08-17
2026-08-17T15:39:55.697,KPRMILL,1132.0,1.98,1076.04,1077.1,1048.9,1256.65,0.39,37.43,41.59,60.23,consumer discretionary,textiles - products,19.82,7.92,31.9,0.12,0.05,1066.56,1025.49,2.64,2026-08-17
2026-08-17T15:39:55.697,HAL,5059.0,0.58,4944.1,4803.4,4889.01,5313.99,3.66,53.21,36.09,75.6,aerospace & defence,engineering,30.26,3.48,13.4,0.11,0.08,4800.51,4697.55,2.62,2026-08-17
2026-08-17T15:39:55.697,LT,4086.7,0.73,3945.48,3990.0,4036.34,4162.23,1.05,34.09,33.64,61.31,realty,engineering - turnkey services,20.4,1.25,5.72,-0.1,-0.03,3972.57,3886.96,2.58,2026-08-17
2026-08-17T15:39:55.697,PNB,117.32,-0.58,113.01,112.3,115.81,119.59,1.33,5.8,6.15,65.66,bank,banks - public sector,29.38,1.31,-8.55,-0.09,-0.1,112.6,109.8,2.28,2026-08-17
2026-08-17T15:39:55.697,OIL,474.65,1.31,459.62,460.45,457.36,500.59,1.29,5.32,9.12,62.45,energy,oil drilling / allied services,31.42,3.78,3.71,-0.04,0.11,447.64,432.24,2.28,2026-08-17
2026-08-17T15:39:55.697,KALYANKJIL,610.0,0.29,591.18,585.05,611.85,607.22,0.76,45.12,43.76,63.51,consumer discretionary,diamond cutting / jewellery,32.72,-0.3,27.06,0.34,0.16,564.32,541.86,2.0,2026-08-17
2026-08-17T15:39:55.697,ETERNAL,318.0,-0.16,309.88,306.2,315.83,321.26,1.15,795.0,677.66,64.42,i.t,miscellaneous,37.27,0.69,6.35,0.03,0.02,302.96,295.58,1.38,2026-08-17
2026-08-17T15:39:55.697,BEL,412.45,0.4,400.92,399.3,393.92,440.24,1.18,71.61,48.9,59.65,aerospace & defence,electronics - components,15.99,4.7,-1.2,-0.13,-0.05,399.86,391.92,1.08,2026-08-17
2026-08-17T15:39:55.697,ACE,1117.0,2.89,1060.07,1062.3,1097.9,1145.64,0.51,27.81,29.57,60.02,industrials,engineering,34.59,1.74,27.79,0.15,0.1,1043.9,989.17,0.95,2026-08-17
2026-08-17T15:39:55.697,LODHA,1254.0,0.81,1196.19,1185.0,1226.52,1295.22,0.59,22.83,30.11,62.38,realty,construction,34.75,2.24,18.51,0.08,0.07,1182.6,1129.04,0.89,2026-08-17
2026-08-17T15:39:55.697,GLAXO,2700.0,0.42,2606.8,2577.0,2629.63,2805.55,0.82,48.21,43.36,69.68,healthcare,pharmaceuticals - multinational,31.85,2.68,12.78,-0.04,0.05,2583.24,2505.68,0.6,2026-08-17
2026-08-17T15:39:55.697,CESC,170.0,1.29,164.93,160.0,161.85,182.22,1.63,14.03,14.32,60.66,power & utilities,power generation and supply,14.43,5.03,8.28,0.04,-0.05,161.93,156.48,0.54,2026-08-17
2026-08-17T15:39:55.697,JSL,742.9,0.68,719.52,712.5,727.83,765.5,0.69,19.88,18.71,58.13,metals & mining,steel - large,13.23,2.07,-6.42,-0.1,-0.05,713.92,696.28,0.47,2026-08-17
2026-08-17T15:39:55.697,ARE&M,946.8,0.09,919.39,899.15,929.39,972.92,0.38,22.69,18.78,58.7,auto,auto ancillaries,26.62,1.87,8.35,0.04,-0.04,886.02,843.04,0.24,2026-08-17
2026-08-17T15:39:55.697,NAUKRI,1355.8,0.95,1313.89,1291.1,1300.09,1439.37,2.37,49.27,54.37,70.18,i.t,miscellaneous,39.75,4.29,3.83,0.09,-0.04,1272.44,1228.11,0.21,2026-08-17
2026-08-17T15:39:55.697,GRAVITA,1819.9,1.43,1728.52,1755.5,1690.38,2014.19,1.04,31.16,33.35,60.29,metals & mining,mining / minerals / metals,17.23,7.66,12.83,0.01,-0.02,1708.41,1636.08,0.08,2026-08-17
2026-08-17T15:39:55.697,DEEPAKNTR,1781.1,3.36,1688.83,1694.0,1720.62,1871.82,1.58,17.6,30.0,60.07,chemicals,chemicals,26.97,3.52,13.94,-0.0,0.11,1666.54,1587.02,-0.3,2026-08-17
2026-08-17T15:39:55.697,BEML,1909.3,1.86,1842.79,1865.1,1784.52,2096.46,1.16,-147.32,77.07,62.03,aerospace & defence,engineering,19.89,6.99,5.35,0.01,0.02,1779.15,1701.24,-0.5,2026-08-17
2026-08-17T15:39:55.697,CONCORDBIO,1524.0,5.01,1408.46,1418.0,1408.04,1697.94,2.95,69.02,55.63,74.21,healthcare,pharmaceuticals - indian - bulk drugs & formln,26.99,8.24,12.8,0.19,0.03,1410.35,1337.02,-0.86,2026-08-17
2026-08-17T15:39:55.697,TEGA,1744.0,2.36,1654.83,1524.4,1573.2,2000.2,1.73,-38.01,449.55,67.19,industrials,engineering,15.09,10.86,-6.99,-0.02,-0.13,1606.83,1509.95,-1.35,2026-08-17
2026-08-17T15:39:55.697,AFFLE,1714.0,2.71,1617.98,1595.2,1659.38,1795.93,0.42,46.93,49.05,62.35,i.t,computers - software - medium / small,21.54,3.29,-1.15,0.01,-0.02,1587.47,1493.27,-2.39,2026-08-17
2026-08-17T15:39:55.697,JSWDULUX,3160.0,-0.23,3064.85,3066.0,3023.14,3365.29,0.73,45.12,7.35,58.53,building materials,paints / varnishes,24.26,4.53,1.58,-0.01,-0.07,2988.82,2914.44,-2.68,2026-08-17
2026-08-17T15:39:55.697,JYOTICNC,853.5,3.22,813.2,789.55,815.3,910.81,0.79,85.01,58.48,60.55,industrials,engineering,28.12,4.69,-8.28,-0.05,-0.16,785.59,741.16,-2.69,2026-08-17
2026-08-17T15:39:55.697,DLF,671.0,0.9,646.31,644.55,643.72,711.92,1.37,52.26,37.03,57.06,realty,construction,8.53,4.24,3.07,-0.01,-0.09,640.65,621.78,-2.77,2026-08-17
2026-08-17T15:39:55.697,COROMANDEL,2097.9,0.12,2041.14,2052.0,2066.5,2145.0,0.44,40.56,33.69,58.02,chemicals,fertilizers,13.91,1.52,-9.57,-0.15,-0.15,2020.6,1977.23,-3.01,2026-08-17
2026-08-17T15:39:55.697,JUBLFOOD,511.5,1.47,491.76,471.6,485.83,550.0,1.28,86.99,77.08,71.77,consumer discretionary,hotels,39.76,5.28,-3.21,-0.12,-0.19,474.45,447.77,-4.4,2026-08-17
2026-08-17T15:39:55.697,CLEAN,837.9,2.0,805.12,798.0,784.95,917.32,0.99,30.36,37.48,66.99,chemicals,chemicals,25.41,6.75,-2.56,0.02,-0.12,787.16,755.6,-6.3,2026-08-17
2026-08-17T15:39:55.697,URBANCO,144.65,0.18,139.8,137.39,139.17,152.88,0.63,-60.27,-65.04,62.79,i.t,miscellaneous,38.24,3.94,6.6,0.1,0.04,134.12,127.17,NaN,2026-08-17
2026-08-17T15:39:55.697,MEESHO,193.9,1.43,187.18,190.01,186.3,205.31,0.22,-173.13,-69.51,57.97,i.t,miscellaneous,13.46,4.08,18.26,0.17,NaN,184.01,177.25,NaN,2026-08-17
2026-07-20T05:44:51.574,ATHERENERG,1282.2,1.19,1221.18,1158.0,1217.81,1378.79,0.87,-122.35,-91.91,71.42,auto,automobiles - scooters and 3 - wheelers,56.32,5.29,87.12,0.83,0.75,1151.29,1055.91,63.24,2026-07-20
2026-07-20T05:44:51.574,ACUTAAS,3619.4,0.99,3474.1,3363.6,3520.17,3768.24,0.44,56.24,83.19,63.79,healthcare,pharmaceuticals - indian - bulk drugs,34.96,2.82,121.97,0.95,1.05,3362.85,3185.04,51.53,2026-07-20
2026-07-20T05:44:51.574,ADANIENSOL,1722.6,1.96,1656.69,1634.0,1635.65,1853.02,0.91,75.69,90.66,71.57,power & utilities,power generation and supply,35.9,5.32,69.56,0.72,0.72,1600.98,1544.87,22.86,2026-07-20
2026-07-20T05:44:51.574,CEMPRO,1615.0,0.74,1530.47,1532.0,1586.45,1657.83,0.93,28.63,46.39,81.14,realty,construction,64.23,1.8,96.13,1.12,0.84,1480.67,1386.92,21.33,2026-07-20
2026-07-20T05:44:51.574,AEGISLOG,1349.1,3.98,1267.14,1164.4,1339.7,1363.2,0.84,28.85,52.72,66.67,services,trading,57.22,0.7,79.75,0.72,0.69,1163.45,1033.11,19.98,2026-07-20
2026-07-20T05:44:51.574,J&KBANK,182.69,2.79,173.46,176.73,173.66,196.24,1.3,6.3,8.53,64.16,bank,banks - private sector,43.29,5.2,82.45,0.64,0.67,164.29,153.0,16.38,2026-07-20
2026-07-20T05:44:51.574,SONACOMS,704.85,3.14,666.74,658.7,672.66,753.13,2.36,57.03,68.37,78.59,auto,auto ancillaries,47.05,4.78,44.77,0.41,0.41,665.26,639.18,14.0,2026-07-20
2026-07-20T05:44:51.574,HSCL,741.55,2.66,692.42,653.0,653.31,873.92,1.44,40.74,46.49,68.67,chemicals,chemicals,19.34,13.51,55.57,0.45,0.48,684.7,645.01,12.26,2026-07-20
2026-07-20T05:44:51.574,ABCAPITAL,401.55,0.46,387.69,392.1,403.62,398.44,1.17,23.29,27.89,57.45,financials,finance & investments,21.67,-0.51,14.21,0.03,0.19,381.19,367.22,10.94,2026-07-20
2026-07-20T05:44:51.574,CUB,224.63,1.7,213.87,217.63,225.05,223.99,0.62,11.6,12.56,62.45,bank,banks - private sector,34.42,-0.19,9.74,-0.0,0.23,210.18,200.21,9.25,2026-07-20
2026-07-20T05:44:51.574,KARURVYSYA,309.8,1.86,295.57,299.0,298.93,326.1,0.63,10.33,11.45,59.08,bank,banks - private sector,10.74,3.64,26.52,0.07,0.22,290.81,277.76,9.11,2026-07-20
2026-07-20T05:44:51.574,TITAN,4638.1,0.27,4517.9,4524.4,4578.69,4727.21,0.57,87.31,81.1,67.63,consumer discretionary,diamond cutting / jewellery,29.21,1.3,19.97,0.01,0.2,4492.73,4393.09,8.35,2026-07-20
2026-07-20T05:44:51.574,IPCALAB,1900.6,0.55,1809.86,1760.0,1827.26,2010.61,0.51,35.7,40.87,80.53,healthcare,pharmaceuticals - indian - bulk drugs & formln,41.36,4.01,32.01,0.15,0.43,1778.79,1731.73,8.05,2026-07-20
2026-07-20T05:44:51.574,OFSS,11771.0,0.77,11110.26,11337.0,11639.45,11968.33,1.02,30.43,38.78,73.79,i.t,computers - software - large,39.32,1.13,47.74,0.44,0.32,11057.3,10601.02,8.0,2026-07-20
2026-07-20T05:44:51.574,ASTERDM,819.9,0.96,795.81,805.05,793.73,859.15,0.76,75.36,108.74,61.37,healthcare,healthcare,22.48,3.3,32.69,0.24,0.14,779.07,754.14,7.92,2026-07-20
2026-07-20T05:44:51.574,LLOYDSME,1865.4,1.19,1763.12,1776.1,1777.03,1997.96,1.32,17.42,26.72,62.41,metals & mining,mining / minerals / metals,21.23,4.97,44.88,0.39,0.37,1740.91,1658.74,7.17,2026-07-20
2026-07-20T05:44:51.574,EICHERMOT,7563.5,1.95,7301.0,7140.0,7255.46,8025.56,0.81,34.13,37.61,58.68,auto,automobiles - motorcycles / mopeds,11.02,4.25,6.21,-0.05,0.06,7270.49,7062.23,6.97,2026-07-20
2026-07-20T05:44:51.574,INDUSINDBK,1027.2,1.35,989.8,992.0,1005.42,1059.87,1.07,33.66,90.03,66.46,bank,banks - private sector,33.71,2.17,20.68,0.0,0.24,980.35,949.21,6.12,2026-07-20
2026-07-20T05:44:51.574,ADANIENT,3160.7,0.3,3077.2,3115.2,3136.5,3197.01,0.43,-462.09,40.28,59.67,services,trading,29.77,0.77,38.7,0.35,0.21,3016.6,2932.63,5.96,2026-07-20
2026-07-20T05:44:51.574,BAJAJ-AUTO,10443.0,1.08,10143.0,10030.5,10019.79,11077.81,1.05,19.91,27.14,61.13,auto,automobiles - scooters and 3 - wheelers,19.23,4.22,16.81,0.0,0.13,10031.4,9778.7,5.82,2026-07-20
2026-07-20T05:44:51.574,JINDALSAW,269.45,0.52,256.32,248.5,261.62,281.19,0.74,41.33,26.29,58.64,industrials,steel - large,19.11,2.99,64.84,0.55,0.48,243.83,225.17,5.27,2026-07-20
2026-07-20T05:44:51.574,FLUOROCHEM,4144.9,0.5,3962.34,3839.0,3961.93,4419.36,1.18,104.46,79.3,69.8,chemicals,chemicals,28.9,4.62,17.52,0.12,0.1,3903.96,3748.26,4.79,2026-07-20
2026-07-20T05:44:51.574,IKS,1897.1,1.82,1805.16,1837.8,1884.51,1915.99,0.63,38.53,43.97,64.42,i.t,computers - software - medium / small,41.43,0.67,13.86,0.03,0.17,1786.47,1707.4,4.72,2026-07-20
2026-07-20T05:44:51.574,SOLARINDS,18467.0,0.36,17885.98,17940.0,17994.09,19176.37,0.54,76.28,99.62,56.23,aerospace & defence,chemicals,17.7,2.63,51.42,0.32,0.28,17395.62,16715.08,3.96,2026-07-20
2026-07-20T05:44:51.574,INDIACEM,410.3,3.13,387.15,374.1,375.19,462.97,4.88,117.9,137.68,67.09,building materials,cement - south india,16.07,9.36,-1.68,-0.2,-0.01,385.42,369.56,3.64,2026-07-20
2026-07-20T05:44:51.574,CHOLAFIN,1804.9,0.88,1751.75,1742.7,1824.82,1775.02,0.5,23.34,29.14,59.52,financials,finance & investments,28.27,-1.09,4.15,-0.02,0.02,1718.01,1659.94,3.64,2026-07-20
2026-07-20T05:44:51.574,ECLERX,1979.8,12.51,1709.32,1602.1,1595.04,2556.95,8.5,24.18,15.18,82.18,i.t,computers - software - medium / small,28.49,24.12,-14.84,-0.21,-0.19,1747.69,1618.8,3.45,2026-07-20
2026-07-20T05:44:51.574,CHOICEIN,808.8,0.27,787.43,800.1,820.29,791.57,0.74,66.3,71.77,63.7,financials,finance & investments,33.58,-1.4,4.79,-0.1,-0.04,766.74,744.45,3.16,2026-07-20
2026-07-20T05:44:51.574,EXIDEIND,435.2,3.3,410.18,416.0,419.52,458.73,3.08,43.0,43.3,71.17,auto,auto ancillaries,35.08,3.74,16.91,0.16,0.1,413.26,398.16,3.15,2026-07-20
2026-07-20T05:44:51.574,BAJFINANCE,1056.3,1.8,1016.85,995.2,1030.94,1094.33,1.38,30.04,34.51,68.27,financials,finance & investments,34.43,2.46,4.34,0.03,-0.03,1007.37,972.87,2.72,2026-07-20
2026-07-20T05:44:51.574,JSWINFRA,342.15,0.84,326.34,331.6,336.52,350.6,0.67,42.56,46.74,63.66,transportation,miscellaneous,35.79,1.67,25.65,0.2,0.12,317.18,302.35,2.67,2026-07-20
2026-07-20T05:44:51.574,OBEROIRLTY,1894.8,1.81,1818.98,1855.7,1920.92,1855.62,1.34,31.69,26.03,61.79,realty,construction,27.1,-1.36,14.43,0.06,0.05,1785.12,1707.07,1.59,2026-07-20
2026-07-20T05:44:51.574,BALRAMCHIN,604.45,1.08,583.2,566.2,574.17,649.87,1.66,19.13,32.25,67.88,fmcg,sugar,34.78,5.27,35.34,0.31,0.24,569.55,551.93,1.54,2026-07-20
2026-07-20T05:44:51.574,ANANTRAJ,592.1,3.16,549.78,561.0,558.52,642.48,1.52,35.41,36.98,64.96,realty,construction,19.62,6.01,7.63,-0.01,-0.11,547.11,516.27,1.12,2026-07-20
2026-07-20T05:44:51.574,MOTILALOFS,967.1,1.28,931.59,950.6,956.21,983.44,0.53,-65.52,31.04,58.18,financials,finance & investments,25.99,1.14,14.7,0.03,-0.09,913.81,881.54,1.09,2026-07-20
2026-07-20T05:44:51.574,PRESTIGE,1693.0,3.12,1600.63,1630.3,1708.17,1670.25,1.28,72.85,60.99,62.14,realty,construction,35.17,-0.89,2.3,0.04,-0.07,1581.21,1502.27,0.95,2026-07-20
2026-07-20T05:44:51.574,KALYANKJIL,574.4,5.09,530.42,469.0,470.35,730.48,2.4,36.17,43.91,83.65,consumer discretionary,diamond cutting / jewellery,30.17,22.12,19.79,0.1,0.08,508.09,461.46,0.81,2026-07-20
2026-07-20T05:44:51.574,SAREGAMA,494.85,1.08,473.29,470.15,477.21,521.32,0.08,32.05,46.2,59.26,media,entertainment / electronic media software,41.18,3.7,31.63,0.31,0.04,458.63,434.21,0.51,2026-07-20
2026-07-20T05:44:51.574,UNOMINDA,1154.8,0.37,1123.37,1119.0,1132.69,1187.96,0.53,51.1,55.55,57.47,auto,auto ancillaries,8.44,1.95,-6.78,-0.11,-0.09,1096.08,1055.25,0.47,2026-07-20
2026-07-20T05:44:51.574,ICICIBANK,1444.3,1.84,1391.31,1386.3,1413.52,1490.46,0.71,16.76,18.42,70.68,bank,banks - private sector,31.52,2.18,5.86,-0.06,0.03,1392.46,1364.38,0.42,2026-07-20
2026-07-20T05:44:51.574,RAINBOW,1493.4,0.17,1440.6,1449.3,1456.0,1549.5,0.42,49.19,54.48,66.62,healthcare,healthcare,28.94,2.57,9.69,0.1,0.05,1416.42,1370.29,0.3,2026-07-20
2026-07-20T05:44:51.574,POONAWALLA,477.3,1.09,457.51,466.05,477.83,476.5,0.86,33.61,50.19,64.05,financials,finance & investments,33.83,-0.11,7.9,-0.07,-0.05,447.53,429.91,0.04,2026-07-20
2026-07-20T05:44:51.574,TECHM,1572.9,4.14,1496.75,1444.2,1431.45,1785.07,3.92,23.79,27.15,66.2,i.t,computers - software - large,13.45,9.88,-0.13,-0.09,0.06,1467.03,1399.73,-0.22,2026-07-20
2026-07-20T05:44:51.574,HONAUT,38955.0,-0.15,37793.7,37580.0,38667.86,39385.71,0.41,53.92,65.61,60.77,consumer discretionary,electronics - components,34.57,0.74,14.35,0.07,0.02,37283.43,36229.76,-0.27,2026-07-20
2026-07-20T05:44:51.574,GODREJPROP,2102.1,0.57,2044.87,2078.0,2108.74,2092.14,1.24,24.35,34.22,67.04,realty,construction,38.74,-0.32,1.69,0.04,-0.12,1983.29,1935.07,-1.11,2026-07-20
2026-07-20T05:44:51.574,HOMEFIRST,1241.8,1.38,1193.25,1211.2,1222.26,1271.11,0.28,21.63,23.73,60.54,financials,finance - housing,35.53,1.6,4.55,0.06,-0.01,1161.53,1109.63,-1.46,2026-07-20
2026-07-20T05:44:51.574,ARE&M,907.4,0.66,877.59,873.45,869.56,964.16,1.09,13.21,18.54,63.37,auto,auto ancillaries,22.35,4.35,-2.99,-0.04,-0.14,857.29,827.8,-1.75,2026-07-20
2026-07-20T05:44:51.574,APTUS,306.85,2.3,291.01,280.15,288.18,334.86,1.06,14.7,16.26,74.62,financials,finance - housing,28.76,6.48,5.86,0.05,-0.05,288.4,276.71,-1.84,2026-07-20
2026-07-20T05:44:51.574,PERSISTENT,5183.9,2.46,4988.2,4975.0,4788.9,5776.4,0.66,38.31,43.3,59.81,i.t,computers - software - large,15.68,8.25,-17.67,-0.24,-0.16,4843.21,4599.5,-2.18,2026-07-20
2026-07-20T05:44:51.574,HAL,4500.7,1.51,4338.26,4392.0,4405.6,4643.36,0.62,17.93,33.02,58.19,aerospace & defence,engineering,10.89,2.16,4.17,-0.07,-0.07,4324.35,4200.78,-2.29,2026-07-20
2026-07-20T05:44:51.574,BPCL,315.55,1.14,304.19,302.05,304.94,331.47,0.62,5.99,5.22,57.93,energy,refineries,13.99,3.48,-13.9,-0.19,-0.15,301.13,290.77,-2.3,2026-07-20
2026-07-20T05:44:51.574,PPLPHARMA,179.42,2.65,168.66,170.61,171.5,191.31,0.86,-640.79,-72.64,60.27,healthcare,pharmaceuticals - indian - bulk drugs & formln,22.23,4.62,4.66,-0.02,-0.14,165.93,157.99,-2.44,2026-07-20
2026-07-20T05:44:51.574,JUBLPHARMA,1022.6,0.19,984.95,958.5,968.89,1103.16,0.81,33.86,40.66,64.82,healthcare,pharmaceuticals - indian - bulk drugs,18.74,5.54,-5.8,-0.12,-0.12,964.56,925.43,-2.46,2026-07-20
2026-07-20T05:44:51.574,LODHA,1188.75,0.9,1141.94,1144.2,1170.74,1215.77,0.41,29.45,34.62,72.02,realty,construction,45.67,1.54,8.98,0.03,-0.02,1095.09,1031.1,-2.47,2026-07-20
2026-07-20T05:44:51.574,EIHOTEL,338.75,0.83,327.56,326.0,333.14,347.17,0.6,22.29,33.71,62.06,services,hotels,31.64,1.68,-8.87,-0.1,-0.17,319.34,305.83,-2.52,2026-07-20
2026-07-20T05:44:51.574,IDBI,87.02,1.73,83.11,81.73,83.51,92.28,0.67,10.99,10.04,60.73,bank,banks - private sector,35.1,4.2,-11.13,-0.24,-0.14,81.15,77.32,-2.84,2026-07-20
2026-07-20T05:44:51.574,RHIM,409.0,0.76,395.92,401.5,395.4,429.4,0.18,-4.08,-22.06,57.56,building materials,refractories / intermediates,25.88,3.44,-8.08,-0.18,-0.16,379.37,361.75,-3.4,2026-07-20
2026-07-20T05:44:51.574,ABBOTINDIA,28055.0,0.66,26896.1,27170.0,26825.08,29899.88,0.93,37.74,38.41,69.99,healthcare,pharmaceuticals - multinational,24.05,4.58,0.61,-0.07,-0.08,27016.37,26352.4,-3.88,2026-07-20
2026-07-20T05:44:51.574,SBFC,94.09,0.16,91.2,90.4,90.64,99.27,0.35,21.0,22.78,57.67,financials,finance & investments,17.53,3.81,-10.46,-0.15,-0.2,90.31,87.64,-4.0,2026-07-20
2026-07-20T05:44:51.574,MPHASIS,2394.2,1.79,2305.74,2300.2,2270.46,2579.81,1.24,22.39,24.48,58.64,i.t,computers - software - large,13.48,5.45,-17.36,-0.21,-0.2,2249.9,2155.37,-4.0,2026-07-20
2026-07-20T05:44:51.574,CDSL,1418.2,0.55,1348.48,1376.0,1395.64,1452.05,0.85,92.33,64.97,62.48,financials,miscellaneous,26.74,1.62,-6.52,-0.08,-0.15,1338.62,1283.74,-4.24,2026-07-20
2026-07-20T05:44:51.574,HDFCBANK,819.6,1.4,792.33,806.5,816.64,824.04,0.47,16.39,15.95,58.75,bank,banks - private sector,20.28,0.36,-17.67,-0.18,-0.21,791.78,775.01,-4.44,2026-07-20
2026-07-20T05:44:51.574,FIVESTAR,557.75,0.96,536.7,538.45,552.77,565.22,0.32,15.26,14.95,68.16,financials,finance & investments,36.44,0.9,-2.96,0.0,-0.16,525.16,501.78,-4.65,2026-07-20
2026-07-20T05:44:51.574,CRISIL,4245.7,0.35,4092.19,4030.0,4015.53,4590.95,0.95,33.27,36.99,62.82,financials,miscellaneous,21.56,5.73,-4.82,-0.18,-0.17,4016.89,3883.58,-5.95,2026-07-20
2026-07-20T05:44:51.574,AMBUJACEM,438.5,1.13,422.53,427.2,428.11,454.08,0.59,14.79,23.18,54.94,building materials,cement - north india,9.58,2.43,-20.6,-0.27,-0.25,419.56,406.56,-6.21,2026-07-20
2026-07-20T05:44:51.574,FSL,266.38,0.35,255.78,253.6,246.93,295.55,0.21,22.42,27.29,62.51,i.t,computers - software - medium / small,18.64,7.87,-22.15,-0.23,-0.27,245.53,233.41,-6.33,2026-07-20
2026-07-20T05:44:51.574,SONATSOFTW,307.45,-0.26,293.36,281.5,284.06,342.54,0.28,16.32,18.37,61.03,i.t,computers - software - medium / small,31.61,8.23,-11.73,-0.18,-0.2,278.01,258.38,-6.61,2026-07-20
2026-07-20T05:44:51.574,HCLTECH,1203.9,1.39,1171.88,1144.5,1136.17,1305.49,1.21,17.61,18.7,58.36,i.t,computers - software - large,18.96,5.96,-28.5,-0.34,-0.25,1118.0,1073.17,-6.65,2026-07-20
2026-07-20T05:44:51.574,BRIGADE,566.65,2.13,533.12,544.0,533.67,616.13,0.55,23.81,21.5,59.41,realty,construction,28.67,6.18,-14.47,-0.17,-0.3,521.9,489.69,-6.78,2026-07-20
2026-07-20T05:44:51.574,SWIGGY,276.87,1.43,261.86,257.24,260.19,301.89,1.25,-20.72,-15.98,60.55,i.t,miscellaneous,21.73,6.41,-32.9,-0.27,-0.36,252.57,238.47,-7.07,2026-07-20
2026-07-20T05:44:51.574,SBICARD,654.7,1.57,624.26,602.55,607.79,725.06,2.6,25.57,28.77,65.9,financials,finance & investments,16.52,7.72,-24.71,-0.29,-0.29,616.8,591.42,-7.36,2026-07-20
2026-07-20T05:44:51.574,TCS,2269.0,3.09,2170.8,2065.1,2066.45,2572.83,1.03,15.37,16.48,61.52,i.t,computers - software - large,19.08,9.8,-29.75,-0.35,-0.28,2134.99,2040.49,-7.9,2026-07-20
2026-07-20T05:44:51.574,HEXT,570.2,1.5,544.93,545.05,547.36,604.46,0.41,NaN,0.0,64.56,n/a,indices,20.5,4.17,-25.87,-0.26,-0.22,525.2,496.96,-8.15,2026-07-20
2026-07-20T05:44:51.574,NEWGEN,547.55,1.03,514.01,507.05,507.79,607.19,1.68,30.83,24.58,62.32,i.t,computers - software - medium / small,26.22,7.83,-36.41,-0.35,-0.45,462.91,412.98,-11.97,2026-07-20
2026-07-20T05:44:51.574,GROWW,208.3,1.29,200.74,201.0,200.43,220.11,1.03,43.76,52.34,55.69,financials,finance & investments,18.37,3.93,43.19,0.17,NaN,187.6,177.41,NaN,2026-07-20
2026-07-19T23:40:58.747,ATHERENERG,1282.2,1.19,1221.18,1158.0,1217.81,1378.79,0.87,-122.35,-91.91,71.42,auto,automobiles - scooters and 3 - wheelers,56.32,5.29,87.12,0.83,0.75,1151.29,1055.91,63.24,2026-07-19
2026-07-19T23:40:58.747,ACUTAAS,3619.4,0.99,3474.1,3363.6,3520.17,3768.24,0.44,56.24,83.19,63.79,healthcare,pharmaceuticals - indian - bulk drugs,34.96,2.82,121.97,0.95,1.05,3362.85,3185.04,51.53,2026-07-19
2026-07-19T23:40:58.747,ADANIENSOL,1722.6,1.96,1656.69,1634.0,1635.65,1853.02,0.91,75.69,90.66,71.57,power & utilities,power generation and supply,35.9,5.32,69.56,0.72,0.72,1600.98,1544.87,22.86,2026-07-19
2026-07-19T23:40:58.747,CEMPRO,1615.0,0.74,1530.47,1532.0,1586.45,1657.83,0.93,28.63,46.39,81.14,realty,construction,64.23,1.8,96.13,1.12,0.84,1480.67,1386.92,21.33,2026-07-19
2026-07-19T23:40:58.747,AEGISLOG,1349.1,3.98,1267.14,1164.4,1339.7,1363.2,0.84,28.85,52.72,66.67,services,trading,57.22,0.7,79.75,0.72,0.69,1163.45,1033.11,19.98,2026-07-19
2026-07-19T23:40:58.747,J&KBANK,182.69,2.79,173.46,176.73,173.66,196.24,1.3,6.3,8.53,64.16,bank,banks - private sector,43.29,5.2,82.45,0.64,0.67,164.29,153.0,16.38,2026-07-19
2026-07-19T23:40:58.747,SONACOMS,704.85,3.14,666.74,658.7,672.66,753.13,2.36,57.03,68.37,78.59,auto,auto ancillaries,47.05,4.78,44.77,0.41,0.41,665.26,639.18,14.0,2026-07-19
2026-07-19T23:40:58.747,HSCL,741.55,2.66,692.42,653.0,653.31,873.92,1.44,40.74,46.49,68.67,chemicals,chemicals,19.34,13.51,55.57,0.45,0.48,684.7,645.01,12.26,2026-07-19
2026-07-19T23:40:58.747,ABCAPITAL,401.55,0.46,387.69,392.1,403.62,398.44,1.17,23.29,27.89,57.45,financials,finance & investments,21.67,-0.51,14.21,0.03,0.19,381.19,367.22,10.94,2026-07-19
2026-07-19T23:40:58.747,CUB,224.63,1.7,213.87,217.63,225.05,223.99,0.62,11.6,12.56,62.45,bank,banks - private sector,34.42,-0.19,9.74,-0.0,0.23,210.18,200.21,9.25,2026-07-19
2026-07-19T23:40:58.747,KARURVYSYA,309.8,1.86,295.57,299.0,298.93,326.1,0.63,10.33,11.45,59.08,bank,banks - private sector,10.74,3.64,26.52,0.07,0.22,290.81,277.76,9.11,2026-07-19
2026-07-19T23:40:58.747,TITAN,4638.1,0.27,4517.9,4524.4,4578.69,4727.21,0.57,87.31,81.1,67.63,consumer discretionary,diamond cutting / jewellery,29.21,1.3,19.97,0.01,0.2,4492.73,4393.09,8.35,2026-07-19
2026-07-19T23:40:58.747,IPCALAB,1900.6,0.55,1809.86,1760.0,1827.26,2010.61,0.51,35.7,40.87,80.53,healthcare,pharmaceuticals - indian - bulk drugs & formln,41.36,4.01,32.01,0.15,0.43,1778.79,1731.73,8.05,2026-07-19
2026-07-19T23:40:58.747,OFSS,11771.0,0.77,11110.26,11337.0,11639.45,11968.33,1.02,30.43,38.78,73.79,i.t,computers - software - large,39.32,1.13,47.74,0.44,0.32,11057.3,10601.02,8.0,2026-07-19
2026-07-19T23:40:58.747,ASTERDM,819.9,0.96,795.81,805.05,793.73,859.15,0.76,75.36,108.74,61.37,healthcare,healthcare,22.48,3.3,32.69,0.24,0.14,779.07,754.14,7.92,2026-07-19
2026-07-19T23:40:58.747,LLOYDSME,1865.4,1.19,1763.12,1776.1,1777.03,1997.96,1.32,17.42,26.72,62.41,metals & mining,mining / minerals / metals,21.23,4.97,44.88,0.39,0.37,1740.91,1658.74,7.17,2026-07-19
2026-07-19T23:40:58.747,EICHERMOT,7563.5,1.95,7301.0,7140.0,7255.46,8025.56,0.81,34.13,37.61,58.68,auto,automobiles - motorcycles / mopeds,11.02,4.25,6.21,-0.05,0.06,7270.49,7062.23,6.97,2026-07-19
2026-07-19T23:40:58.747,INDUSINDBK,1027.2,1.35,989.8,992.0,1005.42,1059.87,1.07,33.66,90.03,66.46,bank,banks - private sector,33.71,2.17,20.68,0.0,0.24,980.35,949.21,6.12,2026-07-19
2026-07-19T23:40:58.747,ADANIENT,3160.7,0.3,3077.2,3115.2,3136.5,3197.01,0.43,-462.09,40.28,59.67,services,trading,29.77,0.77,38.7,0.35,0.21,3016.6,2932.63,5.96,2026-07-19
2026-07-19T23:40:58.747,BAJAJ-AUTO,10443.0,1.08,10143.0,10030.5,10019.79,11077.81,1.05,19.91,27.14,61.13,auto,automobiles - scooters and 3 - wheelers,19.23,4.22,16.81,0.0,0.13,10031.4,9778.7,5.82,2026-07-19
2026-07-19T23:40:58.747,JINDALSAW,269.45,0.52,256.32,248.5,261.62,281.19,0.74,41.33,26.29,58.64,industrials,steel - large,19.11,2.99,64.84,0.55,0.48,243.83,225.17,5.27,2026-07-19
2026-07-19T23:40:58.747,FLUOROCHEM,4144.9,0.5,3962.34,3839.0,3961.93,4419.36,1.18,104.46,79.3,69.8,chemicals,chemicals,28.9,4.62,17.52,0.12,0.1,3903.96,3748.26,4.79,2026-07-19
2026-07-19T23:40:58.747,IKS,1897.1,1.82,1805.16,1837.8,1884.51,1915.99,0.63,38.53,43.97,64.42,i.t,computers - software - medium / small,41.43,0.67,13.86,0.03,0.17,1786.47,1707.4,4.72,2026-07-19
2026-07-19T23:40:58.747,SOLARINDS,18467.0,0.36,17885.98,17940.0,17994.09,19176.37,0.54,76.28,99.62,56.23,aerospace & defence,chemicals,17.7,2.63,51.42,0.32,0.28,17395.62,16715.08,3.96,2026-07-19
2026-07-19T23:40:58.747,INDIACEM,410.3,3.13,387.15,374.1,375.19,462.97,4.88,117.9,137.68,67.09,building materials,cement - south india,16.07,9.36,-1.68,-0.2,-0.01,385.42,369.56,3.64,2026-07-19
2026-07-19T23:40:58.747,CHOLAFIN,1804.9,0.88,1751.75,1742.7,1824.82,1775.02,0.5,23.34,29.14,59.52,financials,finance & investments,28.27,-1.09,4.15,-0.02,0.02,1718.01,1659.94,3.64,2026-07-19
2026-07-19T23:40:58.747,ECLERX,1979.8,12.51,1709.32,1602.1,1595.04,2556.95,8.5,24.18,15.18,82.18,i.t,computers - software - medium / small,28.49,24.12,-14.84,-0.21,-0.19,1747.69,1618.8,3.45,2026-07-19
2026-07-19T23:40:58.747,CHOICEIN,808.8,0.27,787.43,800.1,820.29,791.57,0.74,66.3,71.77,63.7,financials,finance & investments,33.58,-1.4,4.79,-0.1,-0.04,766.74,744.45,3.16,2026-07-19
2026-07-19T23:40:58.747,EXIDEIND,435.2,3.3,410.18,416.0,419.52,458.73,3.08,43.0,43.3,71.17,auto,auto ancillaries,35.08,3.74,16.91,0.16,0.1,413.26,398.16,3.15,2026-07-19
2026-07-19T23:40:58.747,BAJFINANCE,1056.3,1.8,1016.85,995.2,1030.94,1094.33,1.38,30.04,34.51,68.27,financials,finance & investments,34.43,2.46,4.34,0.03,-0.03,1007.37,972.87,2.72,2026-07-19
2026-07-19T23:40:58.747,JSWINFRA,342.15,0.84,326.34,331.6,336.52,350.6,0.67,42.56,46.74,63.66,transportation,miscellaneous,35.79,1.67,25.65,0.2,0.12,317.18,302.35,2.67,2026-07-19
2026-07-19T23:40:58.747,OBEROIRLTY,1894.8,1.81,1818.98,1855.7,1920.92,1855.62,1.34,31.69,26.03,61.79,realty,construction,27.1,-1.36,14.43,0.06,0.05,1785.12,1707.07,1.59,2026-07-19
2026-07-19T23:40:58.747,BALRAMCHIN,604.45,1.08,583.2,566.2,574.17,649.87,1.66,19.13,32.25,67.88,fmcg,sugar,34.78,5.27,35.34,0.31,0.24,569.55,551.93,1.54,2026-07-19
2026-07-19T23:40:58.747,ANANTRAJ,592.1,3.16,549.78,561.0,558.52,642.48,1.52,35.41,36.98,64.96,realty,construction,19.62,6.01,7.63,-0.01,-0.11,547.11,516.27,1.12,2026-07-19
2026-07-19T23:40:58.747,MOTILALOFS,967.1,1.28,931.59,950.6,956.21,983.44,0.53,-65.52,31.04,58.18,financials,finance & investments,25.99,1.14,14.7,0.03,-0.09,913.81,881.54,1.09,2026-07-19
2026-07-19T23:40:58.747,PRESTIGE,1693.0,3.12,1600.63,1630.3,1708.17,1670.25,1.28,72.85,60.99,62.14,realty,construction,35.17,-0.89,2.3,0.04,-0.07,1581.21,1502.27,0.95,2026-07-19
2026-07-19T23:40:58.747,KALYANKJIL,574.4,5.09,530.42,469.0,470.35,730.48,2.4,36.17,43.91,83.65,consumer discretionary,diamond cutting / jewellery,30.17,22.12,19.79,0.1,0.08,508.09,461.46,0.81,2026-07-19
2026-07-19T23:40:58.747,SAREGAMA,494.85,1.08,473.29,470.15,477.21,521.32,0.08,32.05,46.2,59.26,media,entertainment / electronic media software,41.18,3.7,31.63,0.31,0.04,458.63,434.21,0.51,2026-07-19
2026-07-19T23:40:58.747,UNOMINDA,1154.8,0.37,1123.37,1119.0,1132.69,1187.96,0.53,51.1,55.55,57.47,auto,auto ancillaries,8.44,1.95,-6.78,-0.11,-0.09,1096.08,1055.25,0.47,2026-07-19
2026-07-19T23:40:58.747,ICICIBANK,1444.3,1.84,1391.31,1386.3,1413.52,1490.46,0.71,16.76,18.42,70.68,bank,banks - private sector,31.52,2.18,5.86,-0.06,0.03,1392.46,1364.38,0.42,2026-07-19
2026-07-19T23:40:58.747,RAINBOW,1493.4,0.17,1440.6,1449.3,1456.0,1549.5,0.42,49.19,54.48,66.62,healthcare,healthcare,28.94,2.57,9.69,0.1,0.05,1416.42,1370.29,0.3,2026-07-19
2026-07-19T23:40:58.747,POONAWALLA,477.3,1.09,457.51,466.05,477.83,476.5,0.86,33.61,50.19,64.05,financials,finance & investments,33.83,-0.11,7.9,-0.07,-0.05,447.53,429.91,0.04,2026-07-19
2026-07-19T23:40:58.747,TECHM,1572.9,4.14,1496.75,1444.2,1431.45,1785.07,3.92,23.79,27.15,66.2,i.t,computers - software - large,13.45,9.88,-0.13,-0.09,0.06,1467.03,1399.73,-0.22,2026-07-19
2026-07-19T23:40:58.747,HONAUT,38955.0,-0.15,37793.7,37580.0,38667.86,39385.71,0.41,53.92,65.61,60.77,consumer discretionary,electronics - components,34.57,0.74,14.35,0.07,0.02,37283.43,36229.76,-0.27,2026-07-19
2026-07-19T23:40:58.747,GODREJPROP,2102.1,0.57,2044.87,2078.0,2108.74,2092.14,1.24,24.35,34.22,67.04,realty,construction,38.74,-0.32,1.69,0.04,-0.12,1983.29,1935.07,-1.11,2026-07-19
2026-07-19T23:40:58.747,HOMEFIRST,1241.8,1.38,1193.25,1211.2,1222.26,1271.11,0.28,21.63,23.73,60.54,financials,finance - housing,35.53,1.6,4.55,0.06,-0.01,1161.53,1109.63,-1.46,2026-07-19
2026-07-19T23:40:58.747,ARE&M,907.4,0.66,877.59,873.45,869.56,964.16,1.09,13.21,18.54,63.37,auto,auto ancillaries,22.35,4.35,-2.99,-0.04,-0.14,857.29,827.8,-1.75,2026-07-19
2026-07-19T23:40:58.747,APTUS,306.85,2.3,291.01,280.15,288.18,334.86,1.06,14.7,16.26,74.62,financials,finance - housing,28.76,6.48,5.86,0.05,-0.05,288.4,276.71,-1.84,2026-07-19
2026-07-19T23:40:58.747,PERSISTENT,5183.9,2.46,4988.2,4975.0,4788.9,5776.4,0.66,38.31,43.3,59.81,i.t,computers - software - large,15.68,8.25,-17.67,-0.24,-0.16,4843.21,4599.5,-2.18,2026-07-19
2026-07-19T23:40:58.747,HAL,4500.7,1.51,4338.26,4392.0,4405.6,4643.36,0.62,17.93,33.02,58.19,aerospace & defence,engineering,10.89,2.16,4.17,-0.07,-0.07,4324.35,4200.78,-2.29,2026-07-19
2026-07-19T23:40:58.747,BPCL,315.55,1.14,304.19,302.05,304.94,331.47,0.62,5.99,5.22,57.93,energy,refineries,13.99,3.48,-13.9,-0.19,-0.15,301.13,290.77,-2.3,2026-07-19
2026-07-19T23:40:58.747,PPLPHARMA,179.42,2.65,168.66,170.61,171.5,191.31,0.86,-640.79,-72.64,60.27,healthcare,pharmaceuticals - indian - bulk drugs & formln,22.23,4.62,4.66,-0.02,-0.14,165.93,157.99,-2.44,2026-07-19
2026-07-19T23:40:58.747,JUBLPHARMA,1022.6,0.19,984.95,958.5,968.89,1103.16,0.81,33.86,40.66,64.82,healthcare,pharmaceuticals - indian - bulk drugs,18.74,5.54,-5.8,-0.12,-0.12,964.56,925.43,-2.46,2026-07-19
2026-07-19T23:40:58.747,LODHA,1188.75,0.9,1141.94,1144.2,1170.74,1215.77,0.41,29.45,34.62,72.02,realty,construction,45.67,1.54,8.98,0.03,-0.02,1095.09,1031.1,-2.47,2026-07-19
2026-07-19T23:40:58.747,EIHOTEL,338.75,0.83,327.56,326.0,333.14,347.17,0.6,22.29,33.71,62.06,services,hotels,31.64,1.68,-8.87,-0.1,-0.17,319.34,305.83,-2.52,2026-07-19
2026-07-19T23:40:58.747,IDBI,87.02,1.73,83.11,81.73,83.51,92.28,0.67,10.99,10.04,60.73,bank,banks - private sector,35.1,4.2,-11.13,-0.24,-0.14,81.15,77.32,-2.84,2026-07-19
2026-07-19T23:40:58.747,RHIM,409.0,0.76,395.92,401.5,395.4,429.4,0.18,-4.08,-22.06,57.56,building materials,refractories / intermediates,25.88,3.44,-8.08,-0.18,-0.16,379.37,361.75,-3.4,2026-07-19
2026-07-19T23:40:58.747,ABBOTINDIA,28055.0,0.66,26896.1,27170.0,26825.08,29899.88,0.93,37.74,38.41,69.99,healthcare,pharmaceuticals - multinational,24.05,4.58,0.61,-0.07,-0.08,27016.37,26352.4,-3.88,2026-07-19
2026-07-19T23:40:58.747,SBFC,94.09,0.16,91.2,90.4,90.64,99.27,0.35,21.0,22.78,57.67,financials,finance & investments,17.53,3.81,-10.46,-0.15,-0.2,90.31,87.64,-4.0,2026-07-19
2026-07-19T23:40:58.747,MPHASIS,2394.2,1.79,2305.74,2300.2,2270.46,2579.81,1.24,22.39,24.48,58.64,i.t,computers - software - large,13.48,5.45,-17.36,-0.21,-0.2,2249.9,2155.37,-4.0,2026-07-19
2026-07-19T23:40:58.747,CDSL,1418.2,0.55,1348.48,1376.0,1395.64,1452.05,0.85,92.33,64.97,62.48,financials,miscellaneous,26.74,1.62,-6.52,-0.08,-0.15,1338.62,1283.74,-4.24,2026-07-19
2026-07-19T23:40:58.747,HDFCBANK,819.6,1.4,792.33,806.5,816.64,824.04,0.47,16.39,15.95,58.75,bank,banks - private sector,20.28,0.36,-17.67,-0.18,-0.21,791.78,775.01,-4.44,2026-07-19
2026-07-19T23:40:58.747,FIVESTAR,557.75,0.96,536.7,538.45,552.77,565.22,0.32,15.26,14.95,68.16,financials,finance & investments,36.44,0.9,-2.96,0.0,-0.16,525.16,501.78,-4.65,2026-07-19
2026-07-19T23:40:58.747,CRISIL,4245.7,0.35,4092.19,4030.0,4015.53,4590.95,0.95,33.27,36.99,62.82,financials,miscellaneous,21.56,5.73,-4.82,-0.18,-0.17,4016.89,3883.58,-5.95,2026-07-19
2026-07-19T23:40:58.747,AMBUJACEM,438.5,1.13,422.53,427.2,428.11,454.08,0.59,14.79,23.18,54.94,building materials,cement - north india,9.58,2.43,-20.6,-0.27,-0.25,419.56,406.56,-6.21,2026-07-19
2026-07-19T23:40:58.747,FSL,266.38,0.35,255.78,253.6,246.93,295.55,0.21,22.42,27.29,62.51,i.t,computers - software - medium / small,18.64,7.87,-22.15,-0.23,-0.27,245.53,233.41,-6.33,2026-07-19
2026-07-19T23:40:58.747,SONATSOFTW,307.45,-0.26,293.36,281.5,284.06,342.54,0.28,16.32,18.37,61.03,i.t,computers - software - medium / small,31.61,8.23,-11.73,-0.18,-0.2,278.01,258.38,-6.61,2026-07-19
2026-07-19T23:40:58.747,HCLTECH,1203.9,1.39,1171.88,1144.5,1136.17,1305.49,1.21,17.61,18.7,58.36,i.t,computers - software - large,18.96,5.96,-28.5,-0.34,-0.25,1118.0,1073.17,-6.65,2026-07-19
2026-07-19T23:40:58.747,BRIGADE,566.65,2.13,533.12,544.0,533.67,616.13,0.55,23.81,21.5,59.41,realty,construction,28.67,6.18,-14.47,-0.17,-0.3,521.9,489.69,-6.78,2026-07-19
2026-07-19T23:40:58.747,SWIGGY,276.87,1.43,261.86,257.24,260.19,301.89,1.25,-20.72,-15.98,60.55,i.t,miscellaneous,21.73,6.41,-32.9,-0.27,-0.36,252.57,238.47,-7.07,2026-07-19
2026-07-19T23:40:58.747,SBICARD,654.7,1.57,624.26,602.55,607.79,725.06,2.6,25.57,28.77,65.9,financials,finance & investments,16.52,7.72,-24.71,-0.29,-0.29,616.8,591.42,-7.36,2026-07-19
2026-07-19T23:40:58.747,TCS,2269.0,3.09,2170.8,2065.1,2066.45,2572.83,1.03,15.37,16.48,61.52,i.t,computers - software - large,19.08,9.8,-29.75,-0.35,-0.28,2134.99,2040.49,-7.9,2026-07-19
2026-07-19T23:40:58.747,HEXT,570.2,1.5,544.93,545.05,547.36,604.46,0.41,NaN,0.0,64.56,n/a,indices,20.5,4.17,-25.87,-0.26,-0.22,525.2,496.96,-8.15,2026-07-19
2026-07-19T23:40:58.747,NEWGEN,547.55,1.03,514.01,507.05,507.79,607.19,1.68,30.83,24.58,62.32,i.t,computers - software - medium / small,26.22,7.83,-36.41,-0.35,-0.45,462.91,412.98,-11.97,2026-07-19
2026-07-19T23:40:58.747,GROWW,208.3,1.29,200.74,201.0,200.43,220.11,1.03,43.76,52.34,55.69,financials,finance & investments,18.37,3.93,43.19,0.17,NaN,187.6,177.41,NaN,2026-07-19
2026-07-18T23:38:16.806,ATHERENERG,1282.2,1.19,1221.18,1158.0,1217.81,1378.79,0.87,-122.35,-91.91,71.42,auto,automobiles - scooters and 3 - wheelers,56.32,5.29,87.12,0.83,0.75,1151.29,1055.91,63.24,2026-07-18
2026-07-18T23:38:16.806,ACUTAAS,3619.4,0.99,3474.1,3363.6,3520.17,3768.24,0.44,56.24,83.19,63.79,healthcare,pharmaceuticals - indian - bulk drugs,34.96,2.82,121.97,0.95,1.05,3362.85,3185.04,51.53,2026-07-18
2026-07-18T23:38:16.806,ADANIENSOL,1722.6,1.96,1656.69,1634.0,1635.65,1853.02,0.91,75.69,90.66,71.57,power & utilities,power generation and supply,35.9,5.32,69.56,0.72,0.72,1600.98,1544.87,22.86,2026-07-18
2026-07-18T23:38:16.806,CEMPRO,1615.0,0.74,1530.47,1532.0,1586.45,1657.83,0.93,28.63,46.39,81.14,realty,construction,64.23,1.8,96.13,1.12,0.84,1480.67,1386.92,21.33,2026-07-18
2026-07-18T23:38:16.806,AEGISLOG,1349.1,3.98,1267.14,1164.4,1339.7,1363.2,0.84,28.85,52.72,66.67,services,trading,57.22,0.7,79.75,0.72,0.69,1163.45,1033.11,19.98,2026-07-18
2026-07-18T23:38:16.806,J&KBANK,182.69,2.79,173.46,176.73,173.66,196.24,1.3,6.3,8.53,64.16,bank,banks - private sector,43.29,5.2,82.45,0.64,0.67,164.29,153.0,16.38,2026-07-18
2026-07-18T23:38:16.806,SONACOMS,704.85,3.14,666.74,658.7,672.66,753.13,2.36,57.03,68.37,78.59,auto,auto ancillaries,47.05,4.78,44.77,0.41,0.41,665.26,639.18,14.0,2026-07-18
2026-07-18T23:38:16.806,HSCL,741.55,2.66,692.42,653.0,653.31,873.92,1.44,40.74,46.49,68.67,chemicals,chemicals,19.34,13.51,55.57,0.45,0.48,684.7,645.01,12.26,2026-07-18
2026-07-18T23:38:16.806,ABCAPITAL,401.55,0.46,387.69,392.1,403.62,398.44,1.17,23.29,27.89,57.45,financials,finance & investments,21.67,-0.51,14.21,0.03,0.19,381.19,367.22,10.94,2026-07-18
2026-07-18T23:38:16.806,CUB,224.63,1.7,213.87,217.63,225.05,223.99,0.62,11.6,12.56,62.45,bank,banks - private sector,34.42,-0.19,9.74,-0.0,0.23,210.18,200.21,9.25,2026-07-18
2026-07-18T23:38:16.806,KARURVYSYA,309.8,1.86,295.57,299.0,298.93,326.1,0.63,10.33,11.45,59.08,bank,banks - private sector,10.74,3.64,26.52,0.07,0.22,290.81,277.76,9.11,2026-07-18
2026-07-18T23:38:16.806,TITAN,4638.1,0.27,4517.9,4524.4,4578.69,4727.21,0.57,87.31,81.1,67.63,consumer discretionary,diamond cutting / jewellery,29.21,1.3,19.97,0.01,0.2,4492.73,4393.09,8.35,2026-07-18
2026-07-18T23:38:16.806,IPCALAB,1900.6,0.55,1809.86,1760.0,1827.26,2010.61,0.51,35.7,40.87,80.53,healthcare,pharmaceuticals - indian - bulk drugs & formln,41.36,4.01,32.01,0.15,0.43,1778.79,1731.73,8.05,2026-07-18
2026-07-18T23:38:16.806,OFSS,11771.0,0.77,11110.26,11337.0,11639.45,11968.33,1.02,30.43,38.78,73.79,i.t,computers - software - large,39.32,1.13,47.74,0.44,0.32,11057.3,10601.02,8.0,2026-07-18
2026-07-18T23:38:16.806,ASTERDM,819.9,0.96,795.81,805.05,793.73,859.15,0.76,75.36,108.74,61.37,healthcare,healthcare,22.48,3.3,32.69,0.24,0.14,779.07,754.14,7.92,2026-07-18
2026-07-18T23:38:16.806,LLOYDSME,1865.4,1.19,1763.12,1776.1,1777.03,1997.96,1.32,17.42,26.72,62.41,metals & mining,mining / minerals / metals,21.23,4.97,44.88,0.39,0.37,1740.91,1658.74,7.17,2026-07-18
2026-07-18T23:38:16.806,EICHERMOT,7563.5,1.95,7301.0,7140.0,7255.46,8025.56,0.81,34.13,37.61,58.68,auto,automobiles - motorcycles / mopeds,11.02,4.25,6.21,-0.05,0.06,7270.49,7062.23,6.97,2026-07-18
2026-07-18T23:38:16.806,INDUSINDBK,1027.2,1.35,989.8,992.0,1005.42,1059.87,1.07,33.66,90.03,66.46,bank,banks - private sector,33.71,2.17,20.68,0.0,0.24,980.35,949.21,6.12,2026-07-18
2026-07-18T23:38:16.806,ADANIENT,3160.7,0.3,3077.2,3115.2,3136.5,3197.01,0.43,-462.09,40.28,59.67,services,trading,29.77,0.77,38.7,0.35,0.21,3016.6,2932.63,5.96,2026-07-18
2026-07-18T23:38:16.806,BAJAJ-AUTO,10443.0,1.08,10143.0,10030.5,10019.79,11077.81,1.05,19.91,27.14,61.13,auto,automobiles - scooters and 3 - wheelers,19.23,4.22,16.81,0.0,0.13,10031.4,9778.7,5.82,2026-07-18
2026-07-18T23:38:16.806,JINDALSAW,269.45,0.52,256.32,248.5,261.62,281.19,0.74,41.33,26.29,58.64,industrials,steel - large,19.11,2.99,64.84,0.55,0.48,243.83,225.17,5.27,2026-07-18
2026-07-18T23:38:16.806,FLUOROCHEM,4144.9,0.5,3962.34,3839.0,3961.93,4419.36,1.18,104.46,79.3,69.8,chemicals,chemicals,28.9,4.62,17.52,0.12,0.1,3903.96,3748.26,4.79,2026-07-18
2026-07-18T23:38:16.806,IKS,1897.1,1.82,1805.16,1837.8,1884.51,1915.99,0.63,38.53,43.97,64.42,i.t,computers - software - medium / small,41.43,0.67,13.86,0.03,0.17,1786.47,1707.4,4.72,2026-07-18
2026-07-18T23:38:16.806,SOLARINDS,18467.0,0.36,17885.98,17940.0,17994.09,19176.37,0.54,76.28,99.62,56.23,aerospace & defence,chemicals,17.7,2.63,51.42,0.32,0.28,17395.62,16715.08,3.96,2026-07-18
2026-07-18T23:38:16.806,INDIACEM,410.3,3.13,387.15,374.1,375.19,462.97,4.88,53.42,-188.21,67.09,building materials,cement - south india,16.07,9.36,-1.68,-0.2,-0.01,385.42,369.56,3.64,2026-07-18
2026-07-18T23:38:16.806,CHOLAFIN,1804.9,0.88,1751.75,1742.7,1824.82,1775.02,0.5,23.34,29.14,59.52,financials,finance & investments,28.27,-1.09,4.15,-0.02,0.02,1718.01,1659.94,3.64,2026-07-18
2026-07-18T23:38:16.806,ECLERX,1979.8,12.51,1709.32,1602.1,1595.04,2556.95,8.5,24.18,15.18,82.18,i.t,computers - software - medium / small,28.49,24.12,-14.84,-0.21,-0.19,1747.69,1618.8,3.45,2026-07-18
2026-07-18T23:38:16.806,CHOICEIN,808.8,0.27,787.43,800.1,820.29,791.57,0.74,66.3,71.77,63.7,financials,finance & investments,33.58,-1.4,4.79,-0.1,-0.04,766.74,744.45,3.16,2026-07-18
2026-07-18T23:38:16.806,EXIDEIND,435.2,3.3,410.18,416.0,419.52,458.73,3.08,43.0,43.3,71.17,auto,auto ancillaries,35.08,3.74,16.91,0.16,0.1,413.26,398.16,3.15,2026-07-18
2026-07-18T23:38:16.806,BAJFINANCE,1056.3,1.8,1016.85,995.2,1030.94,1094.33,1.38,30.04,34.51,68.27,financials,finance & investments,34.43,2.46,4.34,0.03,-0.03,1007.37,972.87,2.72,2026-07-18
2026-07-18T23:38:16.806,JSWINFRA,342.15,0.84,326.34,331.6,336.52,350.6,0.67,42.56,46.74,63.66,transportation,miscellaneous,35.79,1.67,25.65,0.2,0.12,317.18,302.35,2.67,2026-07-18
2026-07-18T23:38:16.806,OBEROIRLTY,1894.8,1.81,1818.98,1855.7,1920.92,1855.62,1.34,31.69,26.03,61.79,realty,construction,27.1,-1.36,14.43,0.06,0.05,1785.12,1707.07,1.59,2026-07-18
2026-07-18T23:38:16.806,BALRAMCHIN,604.45,1.08,583.2,566.2,574.17,649.87,1.66,19.13,32.25,67.88,fmcg,sugar,34.78,5.27,35.34,0.31,0.24,569.55,551.93,1.54,2026-07-18
2026-07-18T23:38:16.806,ANANTRAJ,592.1,3.16,549.78,561.0,558.52,642.48,1.52,35.41,36.98,64.96,realty,construction,19.62,6.01,7.63,-0.01,-0.11,547.11,516.27,1.12,2026-07-18
2026-07-18T23:38:16.806,MOTILALOFS,967.1,1.28,931.59,950.6,956.21,983.44,0.53,-65.52,31.04,58.18,financials,finance & investments,25.99,1.14,14.7,0.03,-0.09,913.81,881.54,1.09,2026-07-18
2026-07-18T23:38:16.806,PRESTIGE,1693.0,3.12,1600.63,1630.3,1708.17,1670.25,1.28,72.85,60.99,62.14,realty,construction,35.17,-0.89,2.3,0.04,-0.07,1581.21,1502.27,0.95,2026-07-18
2026-07-18T23:38:16.806,KALYANKJIL,574.4,5.09,530.42,469.0,470.35,730.48,2.4,36.17,43.91,83.65,consumer discretionary,diamond cutting / jewellery,30.17,22.12,19.79,0.1,0.08,508.09,461.46,0.81,2026-07-18
2026-07-18T23:38:16.806,SAREGAMA,494.85,1.08,473.29,470.15,477.21,521.32,0.08,32.05,46.2,59.26,media,entertainment / electronic media software,41.18,3.7,31.63,0.31,0.04,458.63,434.21,0.51,2026-07-18
2026-07-18T23:38:16.806,UNOMINDA,1154.8,0.37,1123.37,1119.0,1132.69,1187.96,0.53,51.1,55.55,57.47,auto,auto ancillaries,8.44,1.95,-6.78,-0.11,-0.09,1096.08,1055.25,0.47,2026-07-18
2026-07-18T23:38:16.806,ICICIBANK,1444.3,1.84,1391.31,1386.3,1413.52,1490.46,0.71,17.51,19.03,70.68,bank,banks - private sector,31.52,2.18,5.86,-0.06,0.03,1392.46,1364.38,0.42,2026-07-18
2026-07-18T23:38:16.806,RAINBOW,1493.4,0.17,1440.6,1449.3,1456.0,1549.5,0.42,49.19,54.48,66.62,healthcare,healthcare,28.94,2.57,9.69,0.1,0.05,1416.42,1370.29,0.3,2026-07-18
2026-07-18T23:38:16.806,POONAWALLA,477.3,1.09,457.51,466.05,477.83,476.5,0.86,33.61,50.19,64.05,financials,finance & investments,33.83,-0.11,7.9,-0.07,-0.05,447.53,429.91,0.04,2026-07-18
2026-07-18T23:38:16.806,TECHM,1572.9,4.14,1496.75,1444.2,1431.45,1785.07,3.92,23.79,27.15,66.2,i.t,computers - software - large,13.45,9.88,-0.13,-0.09,0.06,1467.03,1399.73,-0.22,2026-07-18
2026-07-18T23:38:16.806,HONAUT,38955.0,-0.15,37793.7,37580.0,38667.86,39385.71,0.41,53.92,65.61,60.77,consumer discretionary,electronics - components,34.57,0.74,14.35,0.07,0.02,37283.43,36229.76,-0.27,2026-07-18
2026-07-18T23:38:16.806,GODREJPROP,2102.1,0.57,2044.87,2078.0,2108.74,2092.14,1.24,24.35,34.22,67.04,realty,construction,38.74,-0.32,1.69,0.04,-0.12,1983.29,1935.07,-1.11,2026-07-18
2026-07-18T23:38:16.806,HOMEFIRST,1241.8,1.38,1193.25,1211.2,1222.26,1271.11,0.28,21.63,23.73,60.54,financials,finance - housing,35.53,1.6,4.55,0.06,-0.01,1161.53,1109.63,-1.46,2026-07-18
2026-07-18T23:38:16.806,ARE&M,907.4,0.66,877.59,873.45,869.56,964.16,1.09,13.21,18.54,63.37,auto,auto ancillaries,22.35,4.35,-2.99,-0.04,-0.14,857.29,827.8,-1.75,2026-07-18
2026-07-18T23:38:16.806,APTUS,306.85,2.3,291.01,280.15,288.18,334.86,1.06,14.7,16.26,74.62,financials,finance - housing,28.76,6.48,5.86,0.05,-0.05,288.4,276.71,-1.84,2026-07-18
2026-07-18T23:38:16.806,PERSISTENT,5183.9,2.46,4988.2,4975.0,4788.9,5776.4,0.66,38.31,43.3,59.81,i.t,computers - software - large,15.68,8.25,-17.67,-0.24,-0.16,4843.21,4599.5,-2.18,2026-07-18
2026-07-18T23:38:16.806,HAL,4500.7,1.51,4338.26,4392.0,4405.6,4643.36,0.62,17.93,33.02,58.19,aerospace & defence,engineering,10.89,2.16,4.17,-0.07,-0.07,4324.35,4200.78,-2.29,2026-07-18
2026-07-18T23:38:16.806,BPCL,315.55,1.14,304.19,302.05,304.94,331.47,0.62,5.99,5.22,57.93,energy,refineries,13.99,3.48,-13.9,-0.19,-0.15,301.13,290.77,-2.3,2026-07-18
2026-07-18T23:38:16.806,PPLPHARMA,179.42,2.65,168.66,170.61,171.5,191.31,0.86,-640.79,-72.64,60.27,healthcare,pharmaceuticals - indian - bulk drugs & formln,22.23,4.62,4.66,-0.02,-0.14,165.93,157.99,-2.44,2026-07-18
2026-07-18T23:38:16.806,JUBLPHARMA,1022.6,0.19,984.95,958.5,968.89,1103.16,0.81,33.86,40.66,64.82,healthcare,pharmaceuticals - indian - bulk drugs,18.74,5.54,-5.8,-0.12,-0.12,964.56,925.43,-2.46,2026-07-18
2026-07-18T23:38:16.806,LODHA,1188.75,0.9,1141.94,1144.2,1170.74,1215.77,0.41,29.45,34.62,72.02,realty,construction,45.67,1.54,8.98,0.03,-0.02,1095.09,1031.1,-2.47,2026-07-18
2026-07-18T23:38:16.806,EIHOTEL,338.75,0.83,327.56,326.0,333.14,347.17,0.6,22.29,33.71,62.06,services,hotels,31.64,1.68,-8.87,-0.1,-0.17,319.34,305.83,-2.52,2026-07-18
2026-07-18T23:38:16.806,IDBI,87.02,1.73,83.11,81.73,83.51,92.28,0.67,11.63,10.15,60.73,bank,banks - private sector,35.1,4.2,-11.13,-0.24,-0.14,81.15,77.32,-2.84,2026-07-18
2026-07-18T23:38:16.806,RHIM,409.0,0.76,395.92,401.5,395.4,429.4,0.18,-4.08,-22.06,57.56,building materials,refractories / intermediates,25.88,3.44,-8.08,-0.18,-0.16,379.37,361.75,-3.4,2026-07-18
2026-07-18T23:38:16.806,ABBOTINDIA,28055.0,0.66,26896.1,27170.0,26825.08,29899.88,0.93,37.74,38.41,69.99,healthcare,pharmaceuticals - multinational,24.05,4.58,0.61,-0.07,-0.08,27016.37,26352.4,-3.88,2026-07-18
2026-07-18T23:38:16.806,SBFC,94.09,0.16,91.2,90.4,90.64,99.27,0.35,21.0,22.78,57.67,financials,finance & investments,17.53,3.81,-10.46,-0.15,-0.2,90.31,87.64,-4.0,2026-07-18
2026-07-18T23:38:16.806,MPHASIS,2394.2,1.79,2305.74,2300.2,2270.46,2579.81,1.24,22.39,24.48,58.64,i.t,computers - software - large,13.48,5.45,-17.36,-0.21,-0.2,2249.9,2155.37,-4.0,2026-07-18
2026-07-18T23:38:16.806,CDSL,1418.2,0.55,1348.48,1376.0,1395.64,1452.05,0.85,92.33,64.97,62.48,financials,miscellaneous,26.74,1.62,-6.52,-0.08,-0.15,1338.62,1283.74,-4.24,2026-07-18
2026-07-18T23:38:16.806,HDFCBANK,819.6,1.4,792.33,806.5,816.64,824.04,0.47,15.5,13.63,58.75,bank,banks - private sector,20.28,0.36,-17.67,-0.18,-0.21,791.78,775.01,-4.44,2026-07-18
2026-07-18T23:38:16.806,FIVESTAR,557.75,0.96,536.7,538.45,552.77,565.22,0.32,15.26,14.95,68.16,financials,finance & investments,36.44,0.9,-2.96,0.0,-0.16,525.16,501.78,-4.65,2026-07-18
2026-07-18T23:38:16.806,CRISIL,4245.7,0.35,4092.19,4030.0,4015.53,4590.95,0.95,33.27,36.99,62.82,financials,miscellaneous,21.56,5.73,-4.82,-0.18,-0.17,4016.89,3883.58,-5.95,2026-07-18
2026-07-18T23:38:16.806,AMBUJACEM,438.5,1.13,422.53,427.2,428.11,454.08,0.59,14.79,23.18,54.94,building materials,cement - north india,9.58,2.43,-20.6,-0.27,-0.25,419.56,406.56,-6.21,2026-07-18
2026-07-18T23:38:16.806,FSL,266.38,0.35,255.78,253.6,246.93,295.55,0.21,22.42,27.29,62.51,i.t,computers - software - medium / small,18.64,7.87,-22.15,-0.23,-0.27,245.53,233.41,-6.33,2026-07-18
2026-07-18T23:38:16.806,SONATSOFTW,307.45,-0.26,293.36,281.5,284.06,342.54,0.28,16.32,18.37,61.03,i.t,computers - software - medium / small,31.61,8.23,-11.73,-0.18,-0.2,278.01,258.38,-6.61,2026-07-18
2026-07-18T23:38:16.806,HCLTECH,1203.9,1.39,1171.88,1144.5,1136.17,1305.49,1.21,17.61,18.7,58.36,i.t,computers - software - large,18.96,5.96,-28.5,-0.34,-0.25,1118.0,1073.17,-6.65,2026-07-18
2026-07-18T23:38:16.806,BRIGADE,566.65,2.13,533.12,544.0,533.67,616.13,0.55,23.81,21.5,59.41,realty,construction,28.67,6.18,-14.47,-0.17,-0.3,521.9,489.69,-6.78,2026-07-18
2026-07-18T23:38:16.806,SWIGGY,276.87,1.43,261.86,257.24,260.19,301.89,1.25,-20.72,-15.98,60.55,i.t,miscellaneous,21.73,6.41,-32.9,-0.27,-0.36,252.57,238.47,-7.07,2026-07-18
2026-07-18T23:38:16.806,SBICARD,654.7,1.57,624.26,602.55,607.79,725.06,2.6,25.57,28.77,65.9,financials,finance & investments,16.52,7.72,-24.71,-0.29,-0.29,616.8,591.42,-7.36,2026-07-18
2026-07-18T23:38:16.806,TCS,2269.0,3.09,2170.8,2065.1,2066.45,2572.83,1.03,15.37,16.48,61.52,i.t,computers - software - large,19.08,9.8,-29.75,-0.35,-0.28,2134.99,2040.49,-7.9,2026-07-18
2026-07-18T23:38:16.806,HEXT,570.2,1.5,544.93,545.05,547.36,604.46,0.41,NaN,0.0,64.56,n/a,indices,20.5,4.17,-25.87,-0.26,-0.22,525.2,496.96,-8.15,2026-07-18
2026-07-18T23:38:16.806,NEWGEN,547.55,1.03,514.01,507.05,507.79,607.19,1.68,30.83,24.58,62.32,i.t,computers - software - medium / small,26.22,7.83,-36.41,-0.35,-0.45,462.91,412.98,-11.97,2026-07-18
2026-07-18T23:38:16.806,GROWW,208.3,1.29,200.74,201.0,200.43,220.11,1.03,43.76,52.34,55.69,financials,finance & investments,18.37,3.93,43.19,0.17,NaN,187.6,177.41,NaN,2026-07-18
2026-07-17T22:52:38.074,ATHERENERG,1282.2,1.19,1221.18,1158.0,1217.81,1378.79,0.87,-122.35,-90.83,71.42,auto,automobiles - scooters and 3 - wheelers,56.32,5.29,87.12,0.83,0.75,1151.29,1055.91,63.24,2026-07-17
2026-07-17T22:52:38.074,ACUTAAS,3619.4,0.99,3474.1,3363.6,3520.17,3768.24,0.44,56.24,82.37,63.79,healthcare,pharmaceuticals - indian - bulk drugs,34.96,2.82,121.97,0.95,1.05,3362.85,3185.04,51.53,2026-07-17
2026-07-17T22:52:38.074,ADANIENSOL,1722.6,1.96,1656.69,1634.0,1635.65,1853.02,0.91,75.69,88.92,71.57,power & utilities,power generation and supply,35.9,5.32,69.56,0.72,0.72,1600.98,1544.87,22.86,2026-07-17
2026-07-17T22:52:38.074,CEMPRO,1615.0,0.74,1530.47,1532.0,1586.45,1657.83,0.93,28.63,46.06,81.14,realty,construction,64.23,1.8,96.13,1.12,0.84,1480.67,1386.92,21.33,2026-07-17
2026-07-17T22:52:38.074,AEGISLOG,1349.1,3.98,1267.14,1164.4,1339.7,1363.2,0.84,28.85,50.7,66.67,services,trading,57.22,0.7,79.75,0.72,0.69,1163.45,1033.11,19.98,2026-07-17
2026-07-17T22:52:38.074,J&KBANK,182.69,2.79,173.46,176.73,173.66,196.24,1.3,6.3,8.3,64.16,bank,banks - private sector,43.29,5.2,82.45,0.64,0.67,164.29,153.0,16.38,2026-07-17
2026-07-17T22:52:38.074,SONACOMS,704.85,3.14,666.74,658.7,672.66,753.13,2.36,57.03,66.29,78.59,auto,auto ancillaries,47.05,4.78,44.77,0.41,0.41,665.26,639.18,14.0,2026-07-17
2026-07-17T22:52:38.074,HSCL,741.55,2.66,692.42,653.0,653.31,873.92,1.44,40.74,45.29,68.67,chemicals,chemicals,19.34,13.51,55.57,0.45,0.48,684.7,645.01,12.26,2026-07-17
2026-07-17T22:52:38.074,ABCAPITAL,401.55,0.46,387.69,392.1,403.62,398.44,1.17,23.29,27.76,57.45,financials,finance & investments,21.67,-0.51,14.21,0.03,0.19,381.19,367.22,10.94,2026-07-17
2026-07-17T22:52:38.074,CUB,224.63,1.7,213.87,217.63,225.05,223.99,0.62,11.6,12.35,62.45,bank,banks - private sector,34.42,-0.19,9.74,-0.0,0.23,210.18,200.21,9.25,2026-07-17
2026-07-17T22:52:38.074,KARURVYSYA,309.8,1.86,295.57,299.0,298.93,326.1,0.63,10.33,11.24,59.08,bank,banks - private sector,10.74,3.64,26.52,0.07,0.22,290.81,277.76,9.11,2026-07-17
2026-07-17T22:52:38.074,TITAN,4638.1,0.27,4517.9,4524.4,4578.69,4727.21,0.57,87.31,80.88,67.63,consumer discretionary,diamond cutting / jewellery,29.21,1.3,19.97,0.01,0.2,4492.73,4393.09,8.35,2026-07-17
2026-07-17T22:52:38.074,IPCALAB,1900.6,0.55,1809.86,1760.0,1827.26,2010.61,0.51,35.7,40.65,80.53,healthcare,pharmaceuticals - indian - bulk drugs & formln,41.36,4.01,32.01,0.15,0.43,1778.79,1731.73,8.05,2026-07-17
2026-07-17T22:52:38.074,OFSS,11771.0,0.77,11110.26,11337.0,11639.45,11968.33,1.02,30.43,38.49,73.79,i.t,computers - software - large,39.32,1.13,47.74,0.44,0.32,11057.3,10601.02,8.0,2026-07-17
2026-07-17T22:52:38.074,ASTERDM,819.9,0.96,795.81,805.05,793.73,859.15,0.76,75.36,107.71,61.37,healthcare,healthcare,22.48,3.3,32.69,0.24,0.14,779.07,754.14,7.92,2026-07-17
2026-07-17T22:52:38.074,LLOYDSME,1865.4,1.19,1763.12,1776.1,1777.03,1997.96,1.32,17.42,26.41,62.41,metals & mining,mining / minerals / metals,21.23,4.97,44.88,0.39,0.37,1740.91,1658.74,7.17,2026-07-17
2026-07-17T22:52:38.074,EICHERMOT,7563.5,1.95,7301.0,7140.0,7255.46,8025.56,0.81,34.13,36.89,58.68,auto,automobiles - motorcycles / mopeds,11.02,4.25,6.21,-0.05,0.06,7270.49,7062.23,6.97,2026-07-17
2026-07-17T22:52:38.074,INDUSINDBK,1027.2,1.35,989.8,992.0,1005.42,1059.87,1.07,33.66,88.83,66.46,bank,banks - private sector,33.71,2.17,20.68,0.0,0.24,980.35,949.21,6.12,2026-07-17
2026-07-17T22:52:38.074,ADANIENT,3160.7,0.3,3077.2,3115.2,3136.5,3197.01,0.43,-462.09,40.16,59.67,services,trading,29.77,0.77,38.7,0.35,0.21,3016.6,2932.63,5.96,2026-07-17
2026-07-17T22:52:38.074,BAJAJ-AUTO,10443.0,1.08,10143.0,10030.5,10019.79,11077.81,1.05,19.91,26.85,61.13,auto,automobiles - scooters and 3 - wheelers,19.23,4.22,16.81,0.0,0.13,10031.4,9778.7,5.82,2026-07-17
2026-07-17T22:52:38.074,JINDALSAW,269.45,0.52,256.32,248.5,261.62,281.19,0.74,41.33,26.15,58.64,industrials,steel - large,19.11,2.99,64.84,0.55,0.48,243.83,225.17,5.27,2026-07-17
2026-07-17T22:52:38.074,FLUOROCHEM,4144.9,0.5,3962.34,3839.0,3961.93,4419.36,1.18,104.46,78.9,69.8,chemicals,chemicals,28.9,4.62,17.52,0.12,0.1,3903.96,3748.26,4.79,2026-07-17
2026-07-17T22:52:38.074,IKS,1897.1,1.82,1805.16,1837.8,1884.51,1915.99,0.63,38.53,43.18,64.42,i.t,computers - software - medium / small,41.43,0.67,13.86,0.03,0.17,1786.47,1707.4,4.72,2026-07-17
2026-07-17T22:52:38.074,SOLARINDS,18467.0,0.36,17885.98,17940.0,17994.09,19176.37,0.54,76.28,99.26,56.23,aerospace & defence,chemicals,17.7,2.63,51.42,0.32,0.28,17395.62,16715.08,3.96,2026-07-17
2026-07-17T22:52:38.074,INDIACEM,410.3,3.13,387.15,374.1,375.19,462.97,4.88,53.42,-182.5,67.09,building materials,cement - south india,16.07,9.36,-1.68,-0.2,-0.01,385.42,369.56,3.64,2026-07-17
2026-07-17T22:52:38.074,CHOLAFIN,1804.9,0.88,1751.75,1742.7,1824.82,1775.02,0.5,23.34,28.89,59.52,financials,finance & investments,28.27,-1.09,4.15,-0.02,0.02,1718.01,1659.94,3.64,2026-07-17
2026-07-17T22:52:38.074,ECLERX,1979.8,12.51,1709.32,1602.1,1595.04,2556.95,8.5,24.18,13.49,82.18,i.t,computers - software - medium / small,28.49,24.12,-14.84,-0.21,-0.19,1747.69,1618.8,3.45,2026-07-17
2026-07-17T22:52:38.074,CHOICEIN,808.8,0.27,787.43,800.1,820.29,791.57,0.74,66.3,71.57,63.7,financials,finance & investments,33.58,-1.4,4.79,-0.1,-0.04,766.74,744.45,3.16,2026-07-17
2026-07-17T22:52:38.074,EXIDEIND,435.2,3.3,410.18,416.0,419.52,458.73,3.08,43.0,41.92,71.17,auto,auto ancillaries,35.08,3.74,16.91,0.16,0.1,413.26,398.16,3.15,2026-07-17
2026-07-17T22:52:38.074,BAJFINANCE,1056.3,1.8,1016.85,995.2,1030.94,1094.33,1.38,30.04,33.9,68.27,financials,finance & investments,34.43,2.46,4.34,0.03,-0.03,1007.37,972.87,2.72,2026-07-17
2026-07-17T22:52:38.074,JSWINFRA,342.15,0.84,326.34,331.6,336.52,350.6,0.67,42.56,46.35,63.66,transportation,miscellaneous,35.79,1.67,25.65,0.2,0.12,317.18,302.35,2.67,2026-07-17
2026-07-17T22:52:38.074,OBEROIRLTY,1894.8,1.81,1818.98,1855.7,1920.92,1855.62,1.34,24.49,26.8,61.79,realty,construction,27.1,-1.36,14.43,0.06,0.05,1785.12,1707.07,1.59,2026-07-17
2026-07-17T22:52:38.074,BALRAMCHIN,604.45,1.08,583.2,566.2,574.17,649.87,1.66,19.13,31.91,67.88,fmcg,sugar,34.78,5.27,35.34,0.31,0.24,569.55,551.93,1.54,2026-07-17
2026-07-17T22:52:38.074,ANANTRAJ,592.1,3.16,549.78,561.0,558.52,642.48,1.52,35.41,35.85,64.96,realty,construction,19.62,6.01,7.63,-0.01,-0.11,547.11,516.27,1.12,2026-07-17
2026-07-17T22:52:38.074,MOTILALOFS,967.1,1.28,931.59,950.6,956.21,983.44,0.53,-65.52,30.65,58.18,financials,finance & investments,25.99,1.14,14.7,0.03,-0.09,913.81,881.54,1.09,2026-07-17
2026-07-17T22:52:38.074,PRESTIGE,1693.0,3.12,1600.63,1630.3,1708.17,1670.25,1.28,72.85,59.14,62.14,realty,construction,35.17,-0.89,2.3,0.04,-0.07,1581.21,1502.27,0.95,2026-07-17
2026-07-17T22:52:38.074,KALYANKJIL,574.4,5.09,530.42,469.0,470.35,730.48,2.4,36.17,41.79,83.65,consumer discretionary,diamond cutting / jewellery,30.17,22.12,19.79,0.1,0.08,508.09,461.46,0.81,2026-07-17
2026-07-17T22:52:38.074,SAREGAMA,494.85,1.08,473.29,470.15,477.21,521.32,0.08,32.05,45.71,59.26,media,entertainment / electronic media software,41.18,3.7,31.63,0.31,0.04,458.63,434.21,0.51,2026-07-17
2026-07-17T22:52:38.074,UNOMINDA,1154.8,0.37,1123.37,1119.0,1132.69,1187.96,0.53,51.1,55.34,57.47,auto,auto ancillaries,8.44,1.95,-6.78,-0.11,-0.09,1096.08,1055.25,0.47,2026-07-17
2026-07-17T22:52:38.074,ICICIBANK,1444.3,1.84,1391.31,1386.3,1413.52,1490.46,0.71,17.51,18.69,70.68,bank,banks - private sector,31.52,2.18,5.86,-0.06,0.03,1392.46,1364.38,0.42,2026-07-17
2026-07-17T22:52:38.074,RAINBOW,1493.4,0.17,1440.6,1449.3,1456.0,1549.5,0.42,49.19,54.39,66.62,healthcare,healthcare,28.94,2.57,9.69,0.1,0.05,1416.42,1370.29,0.3,2026-07-17
2026-07-17T22:52:38.074,POONAWALLA,477.3,1.09,457.51,466.05,477.83,476.5,0.86,37.88,69.74,64.05,financials,finance & investments,33.83,-0.11,7.9,-0.07,-0.05,447.53,429.91,0.04,2026-07-17
2026-07-17T22:52:38.074,TECHM,1572.9,4.14,1496.75,1444.2,1431.45,1785.07,3.92,23.79,26.07,66.2,i.t,computers - software - large,13.45,9.88,-0.13,-0.09,0.06,1467.03,1399.73,-0.22,2026-07-17
2026-07-17T22:52:38.074,HONAUT,38955.0,-0.15,37793.7,37580.0,38667.86,39385.71,0.41,53.92,65.71,60.77,consumer discretionary,electronics - components,34.57,0.74,14.35,0.07,0.02,37283.43,36229.76,-0.27,2026-07-17
2026-07-17T22:52:38.074,GODREJPROP,2102.1,0.57,2044.87,2078.0,2108.74,2092.14,1.24,24.35,34.03,67.04,realty,construction,38.74,-0.32,1.69,0.04,-0.12,1983.29,1935.07,-1.11,2026-07-17
2026-07-17T22:52:38.074,HOMEFIRST,1241.8,1.38,1193.25,1211.2,1222.26,1271.11,0.28,21.63,23.41,60.54,financials,finance - housing,35.53,1.6,4.55,0.06,-0.01,1161.53,1109.63,-1.46,2026-07-17
2026-07-17T22:52:38.074,ARE&M,907.4,0.66,877.59,873.45,869.56,964.16,1.09,13.21,18.42,63.37,auto,auto ancillaries,22.35,4.35,-2.99,-0.04,-0.14,857.29,827.8,-1.75,2026-07-17
2026-07-17T22:52:38.074,APTUS,306.85,2.3,291.01,280.15,288.18,334.86,1.06,14.7,15.9,74.62,financials,finance - housing,28.76,6.48,5.86,0.05,-0.05,288.4,276.71,-1.84,2026-07-17
2026-07-17T22:52:38.074,PERSISTENT,5183.9,2.46,4988.2,4975.0,4788.9,5776.4,0.66,38.31,42.26,59.81,i.t,computers - software - large,15.68,8.25,-17.67,-0.24,-0.16,4843.21,4599.5,-2.18,2026-07-17
2026-07-17T22:52:38.074,HAL,4500.7,1.51,4338.26,4392.0,4405.6,4643.36,0.62,17.93,32.53,58.19,aerospace & defence,engineering,10.89,2.16,4.17,-0.07,-0.07,4324.35,4200.78,-2.29,2026-07-17
2026-07-17T22:52:38.074,BPCL,315.55,1.14,304.19,302.05,304.94,331.47,0.62,5.99,5.16,57.93,energy,refineries,13.99,3.48,-13.9,-0.19,-0.15,301.13,290.77,-2.3,2026-07-17
2026-07-17T22:52:38.074,PPLPHARMA,179.42,2.65,168.66,170.61,171.5,191.31,0.86,-640.79,-70.77,60.27,healthcare,pharmaceuticals - indian - bulk drugs & formln,22.23,4.62,4.66,-0.02,-0.14,165.93,157.99,-2.44,2026-07-17
2026-07-17T22:52:38.074,JUBLPHARMA,1022.6,0.19,984.95,958.5,968.89,1103.16,0.81,33.86,40.58,64.82,healthcare,pharmaceuticals - indian - bulk drugs,18.74,5.54,-5.8,-0.12,-0.12,964.56,925.43,-2.46,2026-07-17
2026-07-17T22:52:38.074,LODHA,1188.75,0.9,1141.94,1144.2,1170.74,1215.77,0.41,29.45,34.31,72.02,realty,construction,45.67,1.54,8.98,0.03,-0.02,1095.09,1031.1,-2.47,2026-07-17
2026-07-17T22:52:38.074,EIHOTEL,338.75,0.83,327.56,326.0,333.14,347.17,0.6,22.29,33.43,62.06,services,hotels,31.64,1.68,-8.87,-0.1,-0.17,319.34,305.83,-2.52,2026-07-17
2026-07-17T22:52:38.074,IDBI,87.02,1.73,83.11,81.73,83.51,92.28,0.67,11.63,9.98,60.73,bank,banks - private sector,35.1,4.2,-11.13,-0.24,-0.14,81.15,77.32,-2.84,2026-07-17
2026-07-17T22:52:38.074,RHIM,409.0,0.76,395.92,401.5,395.4,429.4,0.18,-4.08,-21.89,57.56,building materials,refractories / intermediates,25.88,3.44,-8.08,-0.18,-0.16,379.37,361.75,-3.4,2026-07-17
2026-07-17T22:52:38.074,ABBOTINDIA,28055.0,0.66,26896.1,27170.0,26825.08,29899.88,0.93,37.74,38.16,69.99,healthcare,pharmaceuticals - multinational,24.05,4.58,0.61,-0.07,-0.08,27016.37,26352.4,-3.88,2026-07-17
2026-07-17T22:52:38.074,SBFC,94.09,0.16,91.2,90.4,90.64,99.27,0.35,21.0,22.75,57.67,financials,finance & investments,17.53,3.81,-10.46,-0.15,-0.2,90.31,87.64,-4.0,2026-07-17
2026-07-17T22:52:38.074,MPHASIS,2394.2,1.79,2305.74,2300.2,2270.46,2579.81,1.24,22.39,24.04,58.64,i.t,computers - software - large,13.48,5.45,-17.36,-0.21,-0.2,2249.9,2155.37,-4.0,2026-07-17
2026-07-17T22:52:38.074,CDSL,1418.2,0.55,1348.48,1376.0,1395.64,1452.05,0.85,92.33,64.61,62.48,financials,miscellaneous,26.74,1.62,-6.52,-0.08,-0.15,1338.62,1283.74,-4.24,2026-07-17
2026-07-17T22:52:38.074,HDFCBANK,819.6,1.4,792.33,806.5,816.64,824.04,0.47,15.5,13.45,58.75,bank,banks - private sector,20.28,0.36,-17.67,-0.18,-0.21,791.78,775.01,-4.44,2026-07-17
2026-07-17T22:52:38.074,FIVESTAR,557.75,0.96,536.7,538.45,552.77,565.22,0.32,15.26,14.81,68.16,financials,finance & investments,36.44,0.9,-2.96,0.0,-0.16,525.16,501.78,-4.65,2026-07-17
2026-07-17T22:52:38.074,CRISIL,4245.7,0.35,4092.19,4030.0,4015.53,4590.95,0.95,33.27,36.86,62.82,financials,miscellaneous,21.56,5.73,-4.82,-0.18,-0.17,4016.89,3883.58,-5.95,2026-07-17
2026-07-17T22:52:38.074,AMBUJACEM,438.5,1.13,422.53,427.2,428.11,454.08,0.59,14.79,22.92,54.94,building materials,cement - north india,9.58,2.43,-20.6,-0.27,-0.25,419.56,406.56,-6.21,2026-07-17
2026-07-17T22:52:38.074,FSL,266.38,0.35,255.78,253.6,246.93,295.55,0.21,22.42,27.2,62.51,i.t,computers - software - medium / small,18.64,7.87,-22.15,-0.23,-0.27,245.53,233.41,-6.33,2026-07-17
2026-07-17T22:52:38.074,SONATSOFTW,307.45,-0.26,293.36,281.5,284.06,342.54,0.28,16.32,18.41,61.03,i.t,computers - software - medium / small,31.61,8.23,-11.73,-0.18,-0.2,278.01,258.38,-6.61,2026-07-17
2026-07-17T22:52:38.074,HCLTECH,1203.9,1.39,1171.88,1144.5,1136.17,1305.49,1.21,17.61,18.45,58.36,i.t,computers - software - large,18.96,5.96,-28.5,-0.34,-0.25,1118.0,1073.17,-6.65,2026-07-17
2026-07-17T22:52:38.074,BRIGADE,566.65,2.13,533.12,544.0,533.67,616.13,0.55,23.81,21.05,59.41,realty,construction,28.67,6.18,-14.47,-0.17,-0.3,521.9,489.69,-6.78,2026-07-17
2026-07-17T22:52:38.074,SWIGGY,276.87,1.43,261.86,257.24,260.19,301.89,1.25,-20.72,-15.75,60.55,i.t,miscellaneous,21.73,6.41,-32.9,-0.27,-0.36,252.57,238.47,-7.07,2026-07-17
2026-07-17T22:52:38.074,SBICARD,654.7,1.57,624.26,602.55,607.79,725.06,2.6,25.57,28.32,65.9,financials,finance & investments,16.52,7.72,-24.71,-0.29,-0.29,616.8,591.42,-7.36,2026-07-17
2026-07-17T22:52:38.074,TCS,2269.0,3.09,2170.8,2065.1,2066.45,2572.83,1.03,15.37,15.99,61.52,i.t,computers - software - large,19.08,9.8,-29.75,-0.35,-0.28,2134.99,2040.49,-7.9,2026-07-17
2026-07-17T22:52:38.074,HEXT,570.2,1.5,544.93,545.05,547.36,604.46,0.41,NaN,0.0,64.56,n/a,indices,20.5,4.17,-25.87,-0.26,-0.22,525.2,496.96,-8.15,2026-07-17
2026-07-17T22:52:38.074,NEWGEN,547.55,1.03,514.01,507.05,507.79,607.19,1.68,30.83,24.32,62.32,i.t,computers - software - medium / small,26.22,7.83,-36.41,-0.35,-0.45,462.91,412.98,-11.97,2026-07-17
2026-07-17T22:52:38.074,GROWW,208.3,1.29,200.74,201.0,200.43,220.11,1.03,43.76,51.67,55.69,financials,finance & investments,18.37,3.93,43.19,0.17,NaN,187.6,177.41,NaN,2026-07-17
2026-06-12T16:16:09.048,SYRMA,1266.7,2.52,1225.0,1180.4,1196.57,1371.89,0.54,59.86,73.33,73.4,consumer discretionary,electronics - components,46.33,5.86,52.46,0.59,0.43,1160.9,1094.75,29.73,2026-06-12
2026-06-12T16:16:09.048,BELRISE,228.23,3.56,218.75,210.51,216.82,245.35,0.63,37.29,36.07,59.01,auto,auto ancillaries,11.88,5.26,51.65,0.34,0.37,209.33,196.68,29.43,2026-06-12
2026-06-12T16:16:09.048,NETWEB,4587.4,9.45,4228.7,4050.0,4417.35,4842.47,2.26,92.26,115.47,58.01,i.t,computers - hardware,24.96,3.85,31.31,0.38,0.3,3977.47,3542.63,29.41,2026-06-12
2026-06-12T16:16:09.048,IDEA,14.9,5.15,13.93,13.73,14.7,15.21,1.27,0.78,4.47,70.6,telecom-service,telecommunications - service provider,50.26,1.39,48.83,0.28,0.68,13.59,12.79,29.18,2026-06-12
2026-06-12T16:16:09.048,KIRLOSENG,1901.4,5.76,1772.82,1791.1,1862.79,1959.31,0.54,43.57,45.49,61.0,industrials,engines,26.27,2.07,101.12,0.57,0.89,1744.14,1629.79,28.74,2026-06-12
2026-06-12T16:16:09.048,APARINDS,15221.0,4.6,14438.34,13208.0,13517.08,17776.88,1.99,60.31,59.83,72.69,industrials,electric equipment,37.8,12.61,78.42,0.59,0.68,13819.5,12887.37,22.25,2026-06-12
2026-06-12T16:16:09.048,RBLBANK,365.85,1.88,346.48,343.3,348.67,391.62,1.44,23.1,25.04,65.38,bank,banks - private sector,22.81,4.93,14.36,0.12,0.31,341.62,326.04,17.1,2026-06-12
2026-06-12T16:16:09.048,SAILIFE,1218.1,3.12,1169.14,1162.1,1166.05,1296.18,0.48,61.77,71.11,63.63,healthcare,pharmaceuticals - indian - bulk drugs & formln,19.02,4.46,35.78,0.27,0.32,1121.13,1074.5,15.42,2026-06-12
2026-06-12T16:16:09.048,NAVINFLUOR,7303.0,2.04,7022.68,6786.0,6958.16,7820.27,0.6,44.0,54.9,61.76,chemicals,chemicals,26.89,4.96,21.23,0.13,0.52,6855.78,6547.37,15.0,2026-06-12
2026-06-12T16:16:09.048,MAHABANK,87.3,5.08,82.0,77.8,79.68,98.73,1.67,8.2,9.1,69.45,bank,banks - public sector,13.83,9.57,54.3,0.42,0.5,81.83,78.04,14.47,2026-06-12
2026-06-12T16:16:09.048,RRKABEL,2168.2,1.88,2099.26,2063.9,2137.81,2213.79,0.68,36.5,48.89,66.33,industrials,cables - power,41.62,1.42,59.86,0.41,0.66,1978.85,1885.33,14.17,2026-06-12
2026-06-12T16:16:09.048,POLYCAB,9554.0,1.94,9195.34,9352.5,9609.77,9470.35,0.39,45.77,52.54,61.12,industrials,cables - power,31.97,-0.58,24.74,0.23,0.23,9126.33,8827.57,13.52,2026-06-12
2026-06-12T16:16:09.048,FEDERALBNK,315.7,1.92,304.93,301.3,300.79,338.06,0.69,14.51,17.53,70.43,bank,banks - private sector,24.17,4.96,33.91,0.12,0.58,299.63,290.23,13.37,2026-06-12
2026-06-12T16:16:09.048,J&KBANK,157.4,2.83,151.38,145.2,149.05,169.93,0.77,5.43,7.15,69.58,bank,banks - private sector,33.47,5.6,46.55,0.45,0.46,146.25,139.32,13.06,2026-06-12
2026-06-12T16:16:09.048,DATAPATTNS,4545.7,8.1,4168.43,4076.3,4081.75,5241.63,1.98,45.99,86.75,62.15,aerospace & defence,electronics - components,18.78,11.37,64.93,0.65,0.61,3966.52,3555.44,12.72,2026-06-12
2026-06-12T16:16:09.048,ADANIGREEN,1485.7,2.15,1426.1,1450.4,1472.55,1505.43,0.38,159.41,150.73,60.19,power & utilities,power generation and supply,39.96,0.89,42.33,0.38,0.31,1380.03,1308.08,12.61,2026-06-12
2026-06-12T16:16:09.048,WELCORP,1402.3,0.93,1356.03,1320.0,1371.87,1447.94,0.3,24.97,22.69,61.95,industrials,steel - large,37.04,2.22,52.36,0.61,0.54,1301.88,1237.76,12.58,2026-06-12
2026-06-12T16:16:09.048,ABDL,644.45,5.92,596.67,560.0,560.99,769.63,4.35,110.35,75.21,72.75,fmcg,breweries & distilleries,27.54,14.88,4.37,-0.04,0.16,587.94,548.06,11.79,2026-06-12
2026-06-12T16:16:09.048,ABSLAMC,1101.2,3.05,1054.19,1025.1,1024.83,1215.75,1.77,42.48,31.64,59.85,financials,finance & investments,29.39,7.45,49.52,0.39,0.31,1013.74,966.34,10.97,2026-06-12
2026-06-12T16:16:09.048,KEI,5369.5,3.63,5107.27,5107.0,5200.66,5622.76,0.55,45.14,53.92,59.13,industrials,cables - power,12.43,3.25,32.17,0.25,0.27,5027.69,4784.83,10.97,2026-06-12
2026-06-12T16:16:09.048,NEULANDLAB,17198.0,1.33,16641.38,16401.0,16737.35,17888.97,0.59,25.94,59.83,60.57,healthcare,pharmaceuticals - indian - bulk drugs,27.56,2.75,0.03,-0.03,0.11,16200.96,15655.18,10.13,2026-06-12
2026-06-12T16:16:09.048,MOTHERSON,143.4,1.89,138.43,138.03,143.54,143.19,0.51,25.25,36.09,59.66,auto,auto ancillaries,38.14,-0.1,36.03,0.14,0.28,134.15,129.26,9.97,2026-06-12
2026-06-12T16:16:09.048,SAMMAANCAP,174.42,3.84,166.03,167.27,181.31,164.08,0.66,-0.44,-1.92,58.39,financials,finance - housing,32.81,-3.8,-0.57,0.13,0.25,159.42,148.73,9.79,2026-06-12
2026-06-12T16:16:09.048,VTL,627.85,2.18,603.92,602.5,603.25,664.75,0.38,24.19,23.46,58.81,textiles,textiles - cotton/blended,12.75,4.08,40.73,0.3,0.46,582.72,551.83,8.25,2026-06-12
2026-06-12T16:16:09.048,IFCI,84.57,19.99,70.85,70.01,74.5,99.68,5.68,422.85,105.19,67.42,financials,finance - term-lending institutions,37.35,13.52,57.34,0.63,0.45,71.8,62.23,8.22,2026-06-12
2026-06-12T16:16:09.048,EICHERMOT,7312.0,1.85,7067.76,6956.0,7067.93,7678.11,0.51,32.99,35.7,57.49,auto,automobiles - motorcycles / mopeds,13.6,3.45,6.39,-0.07,0.01,6983.32,6779.3,8.11,2026-06-12
2026-06-12T16:16:09.048,CGCL,208.48,4.61,195.07,198.0,198.51,223.44,1.54,17.73,19.73,66.96,financials,finance & investments,32.7,5.02,6.08,0.07,0.05,195.92,187.12,7.76,2026-06-12
2026-06-12T16:16:09.048,PTCIL,18602.0,2.32,17934.0,18128.0,18218.47,19177.3,0.42,116.38,268.34,60.73,industrials,castings & forgings,24.22,2.11,6.22,-0.08,0.18,17229.82,16271.68,6.52,2026-06-12
2026-06-12T16:16:09.048,GMRAIRPORT,103.65,3.55,99.08,99.1,98.98,110.66,1.0,89.35,588.82,60.97,miscellaneous,miscellaneous,12.77,4.72,9.43,-0.03,0.13,97.11,92.46,5.25,2026-06-12
2026-06-12T16:16:09.048,IIFL,518.9,5.66,490.0,485.2,493.56,556.91,0.64,9.4,12.57,60.84,financials,finance & investments,21.91,5.13,-3.88,-0.15,0.14,474.64,444.19,4.94,2026-06-12
2026-06-12T16:16:09.048,BOSCHLTD,39060.0,3.98,37543.8,36335.0,36527.88,42858.17,1.6,50.53,39.95,63.64,auto,auto ancillaries,14.57,6.93,6.49,-0.01,-0.03,36611.63,35165.36,4.79,2026-06-12
2026-06-12T16:16:09.048,ASIANPAINT,2747.4,2.1,2655.21,2630.1,2673.54,2858.19,0.78,56.16,59.63,67.69,building materials,paints / varnishes,31.96,2.76,3.42,-0.1,0.08,2633.29,2553.32,4.79,2026-06-12
2026-06-12T16:16:09.048,AXISBANK,1356.3,2.96,1292.13,1262.0,1270.8,1484.55,1.11,13.86,15.49,67.38,bank,banks - private sector,16.37,6.73,10.96,-0.02,0.13,1293.22,1248.11,4.63,2026-06-12
2026-06-12T16:16:09.048,KIMS,785.1,2.57,755.97,760.1,764.17,816.5,0.79,185.17,127.14,58.38,healthcare,healthcare,30.27,2.74,17.16,0.09,0.04,730.07,691.7,4.39,2026-06-12
2026-06-12T16:16:09.048,ELGIEQUIP,603.85,1.75,583.2,590.9,598.32,612.14,0.58,37.18,43.54,61.62,industrials,compressors / drilling equipment,35.37,0.92,24.25,0.15,0.17,564.39,539.6,3.82,2026-06-12
2026-06-12T16:16:09.048,CAPLIPOINT,2407.8,3.29,2297.12,2001.5,2136.89,2814.16,1.17,26.9,27.63,83.51,healthcare,pharmaceuticals - indian - formulations,47.28,12.68,23.62,0.15,0.03,2204.36,2068.97,3.56,2026-06-12
2026-06-12T16:16:09.048,IDFCFIRSTB,76.5,4.87,71.88,71.1,71.88,83.44,1.76,50.33,38.6,73.47,bank,banks - private sector,22.0,6.43,-4.96,-0.12,0.06,72.03,69.56,3.14,2026-06-12
2026-06-12T16:16:09.048,ATGL,728.5,1.72,704.08,714.0,744.09,705.12,0.44,119.04,120.16,56.53,energy,miscellaneous,36.75,-2.1,18.94,0.14,0.06,654.05,605.7,2.6,2026-06-12
2026-06-12T16:16:09.048,BANKBARODA,274.75,2.67,263.28,258.0,264.07,290.78,2.09,6.12,6.97,55.82,bank,banks - public sector,14.65,4.05,-3.85,-0.12,0.04,258.5,247.65,2.56,2026-06-12
2026-06-12T16:16:09.048,MOTILALOFS,888.45,6.84,837.36,812.25,839.6,961.72,2.56,-60.19,26.69,58.48,financials,finance & investments,19.94,5.82,-10.11,-0.02,-0.09,819.45,769.84,1.31,2026-06-12
2026-06-12T16:16:09.048,DEEPAKFERT,1554.6,3.53,1480.88,1398.6,1462.63,1692.56,1.29,35.2,25.71,72.84,chemicals,chemicals,31.69,6.29,13.92,0.17,-0.05,1419.77,1348.04,0.89,2026-06-12
2026-06-12T16:16:09.048,OLECTRA,1296.0,3.48,1243.62,1235.0,1234.65,1388.02,0.72,47.93,57.93,55.8,auto,automobiles - lcvs / hcvs,18.38,4.97,-7.89,0.01,-0.24,1183.02,1102.29,0.81,2026-06-12
2026-06-12T16:16:09.048,HYUNDAI,1990.1,2.58,1916.1,1863.0,1885.05,2147.68,0.72,32.2,29.03,65.51,auto,automobiles - passenger cars,21.24,5.57,-15.49,-0.21,-0.3,1873.18,1793.2,0.77,2026-06-12
2026-06-12T16:16:09.048,NIVABUPA,83.96,1.19,81.07,80.69,82.45,86.22,0.33,11.22,116.86,56.71,financials,finance & investments,30.12,1.83,10.52,0.05,-0.0,79.14,76.43,0.65,2026-06-12
2026-06-12T16:16:09.048,TATATECH,761.0,4.04,722.26,725.85,758.27,765.1,0.77,37.82,54.34,65.16,i.t,computers - software - medium / small,50.21,0.36,11.24,0.09,0.07,701.24,659.22,0.63,2026-06-12
2026-06-12T16:16:09.048,PIDILITIND,1535.5,2.45,1484.8,1447.5,1470.1,1633.59,1.19,67.46,48.87,68.16,chemicals,chemicals,20.6,4.45,4.28,-0.03,-0.02,1466.38,1432.94,0.12,2026-06-12
2026-06-12T16:16:09.048,EXIDEIND,391.95,1.63,380.24,380.35,393.05,390.31,0.4,38.73,38.37,60.3,auto,auto ancillaries,28.23,-0.28,3.98,-0.03,-0.05,370.34,356.08,0.02,2026-06-12
2026-06-12T16:16:09.048,KOTAKBANK,403.3,2.53,387.05,372.7,378.78,440.08,0.9,18.5,5.23,67.12,bank,banks - private sector,15.41,6.47,-3.35,-0.13,-0.04,383.67,370.15,-0.13,2026-06-12
2026-06-12T16:16:09.048,TBOTEK,1352.8,7.74,1229.02,1181.5,1195.0,1589.5,1.83,60.18,54.9,70.3,i.t,travel agencies,18.41,13.2,-14.9,-0.25,-0.18,1228.69,1151.81,-0.18,2026-06-12
2026-06-12T16:16:09.048,KPRMILL,1065.8,1.05,1035.47,1019.3,1037.37,1108.45,1.28,40.07,41.61,64.74,consumer discretionary,textiles - products,32.95,2.74,-2.56,0.0,-0.07,985.28,942.28,-0.89,2026-06-12
2026-06-12T16:16:09.048,JSWINFRA,291.0,5.65,273.22,267.05,270.84,321.24,2.16,36.19,37.63,61.24,transportation,miscellaneous,11.76,7.44,2.82,0.01,-0.18,268.03,254.41,-1.11,2026-06-12
2026-06-12T16:16:09.048,RAINBOW,1365.0,1.87,1313.2,1313.5,1340.24,1402.14,0.33,44.96,48.88,60.89,healthcare,healthcare,18.1,1.85,0.74,-0.08,-0.05,1297.21,1249.37,-1.24,2026-06-12
2026-06-12T16:16:09.048,TITAGARH,858.65,4.37,814.48,814.15,828.91,903.27,0.49,54.07,65.4,60.38,industrials,engineering,16.83,3.59,-0.58,0.05,-0.08,795.13,749.94,-1.34,2026-06-12
2026-06-12T16:16:09.048,HONAUT,36250.0,2.9,34745.9,34300.0,35861.47,36832.79,0.45,50.18,59.33,65.05,consumer discretionary,electronics - components,34.51,1.08,2.1,-0.02,-0.04,33738.35,32004.62,-1.34,2026-06-12
2026-06-12T16:16:09.048,ICICIBANK,1340.8,1.81,1292.33,1243.1,1252.73,1472.91,0.95,16.26,17.35,66.31,bank,banks - private sector,15.7,7.03,-1.25,-0.09,-0.06,1280.96,1239.58,-1.77,2026-06-12
2026-06-12T16:16:09.048,GAIL,170.5,2.66,163.34,165.01,165.0,178.75,0.62,18.86,14.4,61.33,energy,miscellaneous,14.8,3.34,-6.03,-0.07,-0.06,162.04,156.39,-2.16,2026-06-12
2026-06-12T16:16:09.048,FACT,902.35,1.48,868.97,852.0,858.12,968.7,0.53,4511.75,-1457.7,57.42,chemicals,fertilizers,14.85,5.15,2.96,0.02,-0.1,844.52,813.74,-2.45,2026-06-12
2026-06-12T16:16:09.048,ZENTEC,1793.8,4.59,1702.55,1706.7,1716.57,1909.64,0.94,127.76,79.7,61.78,aerospace & defence,miscellaneous,15.69,4.5,29.61,0.21,0.13,1624.22,1520.23,-2.47,2026-06-12
2026-06-12T16:16:09.048,BIKAJI,678.0,0.95,654.25,640.1,641.66,732.51,2.39,75.33,65.21,58.98,fmcg,food - processing - indian,12.87,5.66,-6.09,-0.14,-0.14,643.53,619.67,-2.83,2026-06-12
2026-06-12T16:16:09.048,INDHOTEL,679.45,3.62,645.87,645.6,650.98,722.15,1.07,40.35,44.79,59.21,services,hotels,9.61,4.37,-2.58,-0.13,-0.12,644.04,619.98,-2.9,2026-06-12
2026-06-12T16:16:09.048,TEJASNET,598.85,4.42,563.5,525.6,553.67,666.62,1.6,-12.58,-11.17,68.67,telecom,telecommunications - equipment,37.14,8.16,18.36,0.2,-0.02,526.07,475.53,-2.95,2026-06-12
2026-06-12T16:16:09.048,REDINGTON,236.13,2.2,227.37,227.1,233.15,240.6,0.44,11.78,12.12,55.33,services,trading,22.34,1.28,-18.04,-0.21,-0.17,216.67,202.93,-3.14,2026-06-12
2026-06-12T16:16:09.048,NBCC,105.16,4.62,100.31,99.54,102.76,108.76,1.01,29.54,37.79,60.11,miscellaneous,miscellaneous,24.56,2.33,-7.04,-0.09,-0.08,96.53,90.36,-3.28,2026-06-12
2026-06-12T16:16:09.048,CHAMBLFERT,470.2,1.05,456.68,445.15,461.9,482.65,0.54,27.79,9.54,55.21,chemicals,fertilizers,11.82,1.8,1.51,0.02,-0.15,443.3,424.53,-3.49,2026-06-12
2026-06-12T16:16:09.048,INDIGO,4709.7,4.6,4470.47,4350.0,4448.3,5101.81,1.8,-17.94,-72.76,62.27,transportation,transport - airlines,14.47,5.88,-18.54,-0.1,-0.2,4438.65,4250.67,-3.57,2026-06-12
2026-06-12T16:16:09.048,AEGISVOPAK,217.85,9.4,198.46,182.5,188.1,262.47,4.63,87.84,93.49,65.47,transportation,miscellaneous,14.63,15.81,-19.86,-0.17,-0.12,193.76,176.9,-3.73,2026-06-12
2026-06-12T16:16:09.048,ELECON,536.85,1.66,518.13,512.0,509.19,578.34,1.24,497.08,34.72,58.81,industrials,engineering,22.57,5.43,4.67,0.04,-0.13,491.15,471.52,-4.4,2026-06-12
2026-06-12T16:16:09.048,ACE,931.05,4.38,878.52,862.0,863.47,1032.42,1.66,24.97,25.57,60.45,industrials,engineering,20.88,7.83,-6.81,-0.08,-0.21,860.73,811.79,-5.65,2026-06-12
2026-06-12T16:16:09.048,CONCORDBIO,1353.8,0.78,1308.89,1190.0,1194.79,1592.32,0.82,40.01,54.21,70.55,healthcare,pharmaceuticals - indian - bulk drugs & formln,23.52,13.31,-6.81,-0.1,-0.2,1233.07,1156.12,-6.11,2026-06-12
2026-06-12T16:16:09.048,INTELLECT,743.05,1.83,721.48,716.4,716.92,782.24,0.26,21.4,29.2,54.73,i.t,computers - software - medium / small,17.86,3.64,-32.3,-0.33,-0.3,687.32,650.18,-8.43,2026-06-12
2026-06-12T16:16:09.048,BLUEJET,512.5,2.82,483.78,447.35,454.51,599.48,1.86,34.53,34.86,65.16,healthcare,pharmaceuticals - indian - bulk drugs & formln,25.13,12.76,-11.39,-0.12,-0.26,455.6,421.22,-9.94,2026-06-12
2026-06-12T16:16:09.048,PIRAMALFIN,2017.2,3.44,1914.63,1912.0,1928.67,2150.0,0.7,NaN,0.0,60.22,n/a,indices,19.32,4.59,38.6,0.2,NaN,1885.31,1796.2,NaN,2026-06-12
2026-06-12T16:16:09.048,TATACAP,326.05,1.46,316.0,308.5,307.56,353.79,0.71,23.03,27.42,60.34,financials,finance & investments,16.27,6.01,0.31,-0.08,NaN,310.33,300.2,NaN,2026-06-12
2026-06-12T16:16:09.048,EMMVEE,343.55,6.83,320.61,319.7,329.22,365.05,1.03,15.15,18.97,68.59,industrials,electric equipment,32.94,4.35,NaN,0.58,NaN,309.84,287.0,NaN,2026-06-12
2026-06-12T16:16:09.048,ANTHEM,788.7,1.11,762.68,750.0,744.63,854.81,1.28,58.34,73.94,59.42,healthcare,pharmaceuticals - indian - bulk drugs & formln,16.75,5.92,16.02,0.13,-0.07,744.78,718.13,NaN,2026-06-12
2026-06-09T15:36:18.7,ATHERENERG,1033.0,3.07,981.13,960.6,952.12,1154.32,0.63,-98.57,-71.85,63.33,auto,automobiles - scooters and 3 - wheelers,38.66,8.5,63.11,0.41,0.71,926.3,849.92,49.99,2026-06-09
2026-06-09T15:36:18.7,BELRISE,235.6,9.22,216.85,210.51,212.01,270.98,7.29,38.5,35.31,69.0,auto,auto ancillaries,11.71,11.12,58.5,0.35,0.45,216.87,203.73,34.1,2026-06-09
2026-06-09T15:36:18.7,SYRMA,1258.5,4.77,1171.1,1156.7,1134.93,1443.86,0.76,59.48,71.29,76.78,consumer discretionary,electronics - components,43.94,10.89,59.6,0.56,0.47,1162.45,1092.32,30.25,2026-06-09
2026-06-09T15:36:18.7,LAURUSLABS,1419.0,1.02,1371.8,1371.0,1422.51,1413.73,0.81,68.62,85.29,69.93,healthcare,pharmaceuticals - indian - bulk drugs & formln,51.0,-0.25,44.91,0.27,0.47,1344.18,1309.06,29.47,2026-06-09
2026-06-09T15:36:18.7,GVT&D,4939.0,4.11,4685.87,4660.0,4878.95,5029.07,0.84,89.87,98.48,57.08,industrials,electric equipment,35.78,1.23,64.62,0.64,0.56,4422.18,4061.57,26.72,2026-06-09
2026-06-09T15:36:18.7,CHENNPETRO,1234.9,3.66,1161.4,1131.6,1100.77,1436.1,0.5,3.23,5.72,74.82,energy,refineries,23.0,12.19,26.64,0.23,0.61,1127.36,1049.8,20.56,2026-06-09
2026-06-09T15:36:18.7,APARINDS,13620.0,2.59,13020.28,13208.0,13071.41,14442.89,0.63,53.97,54.59,60.55,industrials,electric equipment,34.84,4.2,62.07,0.41,0.49,12406.78,11675.86,17.32,2026-06-09
2026-06-09T15:36:18.7,SAILIFE,1232.0,3.13,1161.4,1109.2,1147.72,1358.42,0.92,62.47,71.92,69.78,healthcare,pharmaceuticals - indian - bulk drugs & formln,17.3,7.34,33.61,0.3,0.3,1144.95,1082.06,16.26,2026-06-09
2026-06-09T15:36:18.7,CEMPRO,1203.8,10.0,1082.41,1003.1,1043.51,1444.23,1.02,21.34,31.44,75.24,realty,construction,47.16,15.36,41.8,0.35,0.51,1054.48,942.49,16.25,2026-06-09
2026-06-09T15:36:18.7,RBLBANK,361.5,4.8,339.03,337.05,341.78,391.08,0.82,22.82,24.06,64.48,bank,banks - private sector,20.44,5.77,11.06,0.09,0.29,338.13,321.11,15.48,2026-06-09
2026-06-09T15:36:18.7,RRKABEL,2179.0,1.13,2087.3,2020.1,2102.09,2294.37,0.55,36.68,49.5,69.85,industrials,cables - power,44.68,3.66,55.85,0.47,0.68,1987.33,1872.58,15.22,2026-06-09
2026-06-09T15:36:18.7,DATAPATTNS,4589.5,10.82,4073.17,3953.6,3931.75,5576.12,3.24,46.43,85.44,67.55,aerospace & defence,electronics - components,17.33,16.73,75.6,0.53,0.55,4090.26,3746.32,15.07,2026-06-09
2026-06-09T15:36:18.7,POLYCAB,9644.5,1.57,9235.03,9423.5,9637.57,9654.89,0.53,46.21,53.23,67.09,industrials,cables - power,36.09,0.07,27.04,0.22,0.24,9184.31,8892.67,14.25,2026-06-09
2026-06-09T15:36:18.7,CRAFTSMAN,9154.0,1.98,8722.0,8613.5,8873.41,9574.88,0.5,44.14,51.08,64.94,auto,auto ancillaries,45.59,3.16,35.17,0.19,0.31,8461.56,7988.73,14.21,2026-06-09
2026-06-09T15:36:18.7,WELCORP,1410.0,4.71,1321.04,1335.0,1362.47,1481.3,0.68,25.11,21.99,65.42,industrials,steel - large,41.84,3.49,57.69,0.57,0.51,1309.42,1238.78,13.62,2026-06-09
2026-06-09T15:36:18.7,ADANIGREEN,1532.0,2.78,1460.49,1396.0,1453.27,1650.1,0.87,164.38,154.46,68.84,power & utilities,power generation and supply,41.51,5.42,44.51,0.39,0.44,1415.31,1340.59,13.58,2026-06-09
2026-06-09T15:36:18.7,FEDERALBNK,315.7,3.64,300.22,290.3,291.66,351.76,1.07,14.51,17.24,74.75,bank,banks - private sector,18.82,8.24,33.92,0.12,0.54,297.65,284.3,13.35,2026-06-09
2026-06-09T15:36:18.7,J&KBANK,157.2,6.1,145.33,141.92,143.61,177.59,2.04,5.42,6.92,73.09,bank,banks - private sector,28.18,9.46,53.53,0.4,0.44,145.54,137.49,12.52,2026-06-09
2026-06-09T15:36:18.7,HSCL,679.0,1.77,634.45,580.9,604.8,790.3,1.41,42.65,44.24,70.04,chemicals,chemicals,26.92,12.27,48.87,0.31,0.41,598.04,541.52,11.87,2026-06-09
2026-06-09T15:36:18.7,SAMMAANCAP,181.1,2.47,172.29,172.2,178.01,185.73,0.75,-0.46,-2.02,68.68,financials,finance - housing,35.67,1.74,-2.16,0.13,0.22,165.77,154.58,11.28,2026-06-09
2026-06-09T15:36:18.7,NEULANDLAB,17200.0,1.39,16567.88,16401.0,16716.19,17925.72,0.5,25.94,59.8,61.79,healthcare,pharmaceuticals - indian - bulk drugs,29.62,2.89,-1.99,-0.06,0.08,16150.61,15511.57,10.75,2026-06-09
2026-06-09T15:36:18.7,MOTHERSON,143.6,3.3,137.69,138.03,142.54,145.19,0.74,25.28,35.64,61.48,auto,auto ancillaries,38.97,0.75,38.49,0.13,0.27,133.12,126.07,10.7,2026-06-09
2026-06-09T15:36:18.7,ASTERDM,792.5,3.44,754.55,723.85,733.69,880.71,2.59,72.84,101.61,69.42,healthcare,healthcare,22.55,8.02,15.42,0.15,0.18,736.33,708.71,10.12,2026-06-09
2026-06-09T15:36:18.7,ABSLAMC,1063.1,1.81,1020.18,1005.6,1001.86,1154.96,2.3,41.01,30.92,56.7,financials,finance & investments,24.01,6.11,38.03,0.35,0.25,994.46,946.58,9.88,2026-06-09
2026-06-09T15:36:18.7,ABDL,583.0,2.7,553.99,542.2,543.11,642.83,0.56,99.83,70.17,62.21,fmcg,breweries & distilleries,23.72,7.34,-9.19,-0.15,0.03,542.69,514.3,9.87,2026-06-09
2026-06-09T15:36:18.7,TORNTPHARM,4466.1,1.26,4324.74,4284.1,4367.6,4613.85,0.51,97.0,68.9,55.95,healthcare,pharmaceuticals - indian - formulations,18.72,2.26,25.69,0.09,0.19,4213.46,4055.18,9.71,2026-06-09
2026-06-09T15:36:18.7,GLAND,2288.0,1.79,2211.76,2196.0,2340.55,2209.17,1.21,25.7,36.05,65.02,healthcare,pharmaceuticals - indian - formulations,36.07,-2.25,20.54,0.2,0.09,2116.37,2014.55,9.63,2026-06-09
2026-06-09T15:36:18.7,INDIANB,877.0,4.03,830.3,815.6,811.44,975.35,1.16,9.31,9.7,58.99,bank,banks - public sector,18.68,8.08,1.39,-0.0,0.21,824.65,786.39,8.38,2026-06-09
2026-06-09T15:36:18.7,CGPOWER,911.0,0.84,887.19,890.45,904.54,920.69,0.86,98.17,117.17,59.79,industrials,electric equipment,29.4,0.72,24.43,0.27,0.13,849.96,814.18,8.32,2026-06-09
2026-06-09T15:36:18.7,CARTRADE,2178.0,5.23,2016.45,1823.3,1814.96,2722.56,2.79,40.33,44.24,72.53,consumer discretionary,miscellaneous,22.25,20.0,-24.08,-0.32,-0.17,1945.34,1806.84,8.17,2026-06-09
2026-06-09T15:36:18.7,JBCHEPHARM,2211.5,1.78,2122.29,2104.0,2145.6,2310.35,0.6,87.07,48.01,61.42,healthcare,pharmaceuticals - indian - bulk drugs & formln,26.44,3.07,30.74,0.12,0.25,2086.27,1996.94,7.63,2026-06-09
2026-06-09T15:36:18.7,CGCL,203.2,2.31,194.04,197.03,194.47,216.29,0.81,17.28,19.67,64.73,financials,finance & investments,30.9,4.49,3.04,-0.01,0.03,190.81,182.02,7.2,2026-06-09
2026-06-09T15:36:18.7,NSLNISP,49.36,2.17,47.28,48.1,48.65,50.43,0.7,9.21,230.05,60.61,metals & mining,steel - large,33.78,1.46,13.82,0.11,0.02,44.74,41.71,7.03,2026-06-09
2026-06-09T15:36:18.7,MINDACORP,647.95,2.26,620.88,622.05,627.14,679.16,0.86,30.62,41.38,73.96,auto,auto ancillaries,33.53,3.32,13.08,0.02,0.14,599.61,572.26,6.46,2026-06-09
2026-06-09T15:36:18.7,PTCIL,18630.0,1.96,17943.8,18166.0,17634.78,20122.83,1.02,116.55,269.7,62.96,industrials,castings & forgings,22.89,5.64,6.88,-0.09,0.21,16903.53,16156.68,5.79,2026-06-09
2026-06-09T15:36:18.7,BANDHANBNK,208.24,2.63,199.64,201.0,201.56,218.26,0.77,15.68,26.7,63.52,bank,banks - private sector,24.99,3.32,36.62,0.37,0.21,196.86,189.02,5.64,2026-06-09
2026-06-09T15:36:18.7,APOLLOHOSP,8530.0,2.05,8198.19,8109.5,8247.64,8953.54,1.78,57.92,61.89,69.04,healthcare,healthcare,16.33,3.42,9.61,0.09,0.06,8160.69,7892.2,5.3,2026-06-09
2026-06-09T15:36:18.7,IFCI,77.0,4.34,72.22,71.78,72.15,84.27,1.29,385.0,110.15,64.76,financials,finance - term-lending institutions,38.42,6.72,42.47,0.44,0.25,67.47,60.72,5.13,2026-06-09
2026-06-09T15:36:18.7,GRASIM,3096.0,1.5,3006.44,3034.9,3126.59,3050.11,0.91,26.81,41.66,61.3,textiles,textiles - manmade,20.3,-0.98,14.67,0.04,0.04,2973.15,2894.51,5.1,2026-06-09
2026-06-09T15:36:18.7,TATACOMM,1972.0,3.47,1867.68,1857.7,1988.77,1946.85,1.05,53.35,54.22,64.88,telecom-service,telecommunications - service provider,39.94,-0.84,7.06,-0.01,0.13,1791.49,1679.01,4.74,2026-06-09
2026-06-09T15:36:18.7,GMRAIRPORT,102.6,2.27,98.76,97.23,97.21,110.69,1.02,88.45,590.12,60.77,miscellaneous,miscellaneous,13.05,5.55,9.53,-0.09,0.07,95.53,90.85,4.7,2026-06-09
2026-06-09T15:36:18.7,ZYDUSLIFE,1103.4,1.45,1063.79,1048.9,1098.9,1110.15,0.87,21.81,21.71,73.18,healthcare,pharmaceuticals - indian - bulk drugs & formln,50.98,0.41,17.83,0.09,0.03,1048.1,1014.22,4.44,2026-06-09
2026-06-09T15:36:18.7,IIFL,506.6,3.0,481.72,482.85,484.61,539.59,0.52,9.18,12.59,59.18,financials,finance & investments,20.59,4.54,-2.69,-0.18,0.08,460.57,431.25,4.11,2026-06-09
2026-06-09T15:36:18.7,ASIANPAINT,2707.0,1.8,2608.27,2624.7,2654.85,2785.23,1.02,55.34,58.92,65.83,building materials,paints / varnishes,31.18,1.96,4.03,-0.16,0.05,2583.42,2502.73,4.09,2026-06-09
2026-06-09T15:36:18.7,ELGIEQUIP,604.0,1.16,582.22,580.35,585.92,631.12,0.44,37.19,43.8,63.57,industrials,compressors / drilling equipment,34.29,3.09,25.03,0.11,0.17,557.7,527.13,3.92,2026-06-09
2026-06-09T15:36:18.7,ATGL,752.25,2.46,723.24,700.0,730.03,785.57,0.87,122.92,123.19,61.63,energy,miscellaneous,39.37,3.04,21.86,0.17,0.12,668.31,611.35,3.24,2026-06-09
2026-06-09T15:36:18.7,VBL,528.8,1.27,513.37,511.5,526.69,531.96,0.63,51.24,55.55,59.22,fmcg,food - processing - indian,21.3,0.4,12.08,0.02,0.08,502.57,485.34,2.38,2026-06-09
2026-06-09T15:36:18.7,NUVAMA,1560.0,1.31,1496.95,1506.1,1537.99,1593.02,0.54,26.37,8.92,60.9,financials,finance & investments,25.73,1.43,6.77,0.0,0.18,1465.9,1407.32,2.27,2026-06-09
2026-06-09T15:36:18.7,TEGA,1794.8,1.28,1736.76,1754.6,1735.43,1883.85,0.94,79.0,86.15,59.81,industrials,engineering,29.48,3.42,-6.02,-0.13,-0.14,1633.98,1543.57,2.17,2026-06-09
2026-06-09T15:36:18.7,IDFCFIRSTB,73.7,3.18,70.61,69.76,70.56,78.41,1.56,48.49,37.79,67.93,bank,banks - private sector,18.71,4.45,-7.47,-0.16,-0.01,69.84,67.74,1.67,2026-06-09
2026-06-09T15:36:18.7,CAPLIPOINT,2260.0,7.06,2078.87,1950.0,2049.14,2576.29,3.57,25.25,25.02,78.27,healthcare,pharmaceuticals - indian - formulations,40.68,10.29,12.77,0.06,-0.07,2071.48,1956.09,1.47,2026-06-09
2026-06-09T15:36:18.7,DEEPAKFERT,1524.7,5.04,1423.16,1376.3,1429.82,1667.02,0.83,34.53,24.86,72.88,chemicals,chemicals,29.38,6.64,6.72,0.09,0.01,1408.39,1321.46,1.26,2026-06-09
2026-06-09T15:36:18.7,YESBANK,23.38,1.65,22.6,22.2,22.79,24.26,0.79,17.19,20.72,65.79,bank,banks - private sector,25.99,2.59,4.42,-0.05,0.07,22.15,21.38,0.95,2026-06-09
2026-06-09T15:36:18.7,TIINDIA,3118.0,2.03,2998.9,3026.0,3047.35,3223.98,2.06,176.36,92.83,57.82,industrials,steel - large,19.92,2.32,4.74,0.08,-0.1,2898.61,2786.16,0.51,2026-06-09
2026-06-09T15:36:18.7,PNB,109.9,3.96,103.88,102.9,102.85,120.47,1.73,5.69,6.62,58.95,bank,banks - public sector,19.29,6.85,-8.3,-0.17,-0.06,104.19,100.0,0.43,2026-06-09
2026-06-09T15:36:18.7,AEGISLOG,781.0,3.37,738.97,747.55,744.67,835.5,0.51,16.7,29.53,64.44,services,trading,29.6,4.88,1.96,-0.03,-0.05,723.99,685.74,0.34,2026-06-09
2026-06-09T15:36:18.7,EXIDEIND,392.4,1.68,380.04,384.1,385.24,403.14,0.32,38.77,38.4,61.65,auto,auto ancillaries,30.25,1.86,3.42,-0.05,-0.09,366.32,348.36,0.18,2026-06-09
2026-06-09T15:36:18.7,MEDANTA,1242.0,2.61,1188.64,1188.6,1202.96,1300.57,1.36,57.93,58.45,59.04,healthcare,healthcare,32.64,3.25,-2.97,-0.02,-0.11,1165.52,1111.96,0.08,2026-06-09
2026-06-09T15:36:18.7,JBMA,678.95,4.05,641.12,636.9,640.2,737.07,0.35,54.06,70.47,58.91,auto,auto ancillaries,20.68,6.05,6.25,0.06,-0.1,615.95,571.65,-0.45,2026-06-09
2026-06-09T15:36:18.7,PIDILITIND,1485.0,1.73,1435.7,1444.5,1463.94,1516.59,0.52,65.25,47.6,59.57,chemicals,chemicals,17.47,1.44,2.98,-0.07,-0.06,1429.53,1391.73,-0.9,2026-06-09
2026-06-09T15:36:18.7,ANANTRAJ,541.45,0.77,524.3,531.5,526.52,563.84,0.77,32.38,33.56,54.81,realty,construction,17.7,2.84,-13.0,-0.05,-0.18,486.75,457.18,-1.16,2026-06-09
2026-06-09T15:36:18.7,ZENTEC,1794.9,2.38,1711.57,1669.9,1664.63,1990.31,0.86,127.84,81.46,64.58,aerospace & defence,miscellaneous,16.11,7.83,30.35,0.19,0.08,1622.52,1514.34,-1.96,2026-06-09
2026-06-09T15:36:18.7,REDINGTON,240.95,4.97,225.97,228.61,231.1,255.73,1.68,12.02,12.04,59.75,services,trading,21.69,4.26,-16.9,-0.17,-0.22,219.15,207.76,-2.31,2026-06-09
2026-06-09T15:36:18.7,HONAUT,35120.0,1.68,34084.4,34240.0,35207.17,34989.25,0.26,48.62,58.17,63.31,consumer discretionary,electronics - components,31.89,-0.25,-3.09,-0.07,-0.09,32846.94,31272.14,-2.31,2026-06-09
2026-06-09T15:36:18.7,NBCC,106.01,2.46,101.04,100.03,100.81,113.8,0.76,29.78,38.89,64.97,miscellaneous,miscellaneous,24.21,5.15,-4.49,-0.13,-0.08,98.1,92.47,-2.77,2026-06-09
2026-06-09T15:36:18.7,OLAELEC,47.0,5.78,43.73,39.14,40.98,56.03,2.74,-10.4,-10.71,72.85,auto,automobiles - motorcycles / mopeds,40.75,14.69,0.0,0.22,-0.21,40.93,38.42,-3.05,2026-06-09
2026-06-09T15:36:18.7,PAGEIND,38940.0,1.01,37558.5,37140.0,37905.57,40491.64,0.6,60.75,56.29,60.13,consumer discretionary,textiles - products,24.71,2.73,-2.06,-0.04,-0.14,36881.92,35398.36,-3.45,2026-06-09
2026-06-09T15:36:18.7,INDHOTEL,666.05,2.12,643.13,645.6,648.34,692.61,0.61,39.55,44.55,55.25,services,hotels,10.13,2.73,-4.3,-0.16,-0.17,633.28,610.66,-3.56,2026-06-09
2026-06-09T15:36:18.7,SUZLON,55.12,1.27,53.38,53.25,53.83,57.06,0.6,17.01,23.67,55.41,industrials,electric equipment,17.47,2.4,-6.71,-0.02,-0.12,51.49,49.04,-4.56,2026-06-09
2026-06-09T15:36:18.7,ELECON,532.0,2.09,511.56,495.5,501.75,577.37,0.74,492.59,34.26,58.19,industrials,engineering,21.04,6.03,-2.56,0.03,-0.17,489.91,467.35,-4.78,2026-06-09
2026-06-09T15:36:18.7,DIXON,11616.0,1.97,11174.94,11153.0,11381.06,11968.41,0.44,59.0,41.83,56.16,consumer discretionary,electronics - consumer,11.34,2.06,-22.97,-0.22,-0.38,10946.44,10488.27,-5.57,2026-06-09
2026-06-09T15:36:18.7,CONCORDBIO,1280.3,6.99,1171.2,1189.0,1125.09,1513.12,1.23,37.83,48.29,65.16,healthcare,pharmaceuticals - indian - bulk drugs & formln,17.98,13.8,-9.28,-0.16,-0.27,1143.38,1041.89,-6.95,2026-06-09
2026-06-09T15:36:18.7,NEWGEN,491.0,2.66,467.36,475.65,454.23,546.15,0.27,16.24,22.36,55.68,i.t,computers - software - medium / small,18.83,8.1,-48.58,-0.49,-0.48,441.11,404.69,-14.16,2026-06-09
2026-06-09T15:36:18.7,PIRAMALFIN,1995.0,1.56,1920.8,1886.0,1913.58,2117.14,0.35,NaN,0.0,59.47,n/a,indices,20.19,4.26,NaN,0.24,NaN,1872.44,1787.72,NaN,2026-06-09
2026-06-09T15:36:18.7,CPPLUS,3499.1,2.21,3356.5,3114.1,3153.88,4016.94,0.6,60.88,107.73,82.93,consumer discretionary,trading,49.59,10.95,149.3,1.13,1.41,3092.54,2838.52,NaN,2026-06-09
