Timestamp,Symbol,Cmp,%ch,Low 2%,Low5,Sl,Target,R_vol,Forward pe,Pe,Rsi,Sector,Industry,Adx,%ch sl,Rs,Srs,Ars,Is,Tps,Rs score,Scan_Date,From52wh,3d range,5d,Free float
2026-08-21T16:21:52.619,ATHERENERG,1462.0,0.86,1404.63,1421.7,1510.83,1388.75,0.46,-274.81,-141.01,61.27,auto,automobiles - scooters and 3 - wheelers,55.09,-3.23,138.44,0.84,1.09,1357.04,1287.62,57.0,2026-08-21,,,,
2026-08-21T16:21:52.619,HFCL,228.01,1.84,218.57,217.85,217.12,244.35,0.71,38.26,58.31,60.11,telecom,cables - telephone,21.28,5.02,267.66,1.94,2.19,210.42,198.01,53.67,2026-08-21,,,,
2026-08-21T16:21:52.619,WELCORP,2311.9,15.3,2090.34,1846.0,1931.89,2881.92,15.07,14.57,22.89,90.21,industrials,steel - large,48.73,19.67,208.17,1.72,1.7,2106.44,1989.34,40.1,2026-08-21,,,,
2026-08-21T16:21:52.619,NETWEB,5601.0,3.34,5252.8,5008.3,5149.39,6278.41,2.86,93.47,118.08,68.4,i.t,computers - hardware,32.38,8.77,79.91,0.46,0.76,5027.66,4671.45,36.81,2026-08-21,,,,
2026-08-21T16:21:52.619,RRKABEL,2919.3,0.87,2793.0,2708.3,2850.43,3022.61,0.5,40.23,53.87,72.11,industrials,cables - power,47.63,2.42,106.54,0.89,1.06,2735.33,2609.46,33.21,2026-08-21,,,,
2026-08-21T16:21:52.619,HINDCOPPER,572.7,2.25,549.98,534.1,550.18,606.48,2.52,39.33,47.71,65.4,metals & mining,mining / minerals / metals,27.34,4.09,2.87,-0.06,0.49,524.18,496.59,30.07,2026-08-21,,,,
2026-08-21T16:21:52.619,NATIONALUM,394.45,2.3,376.91,376.5,391.91,398.25,0.64,9.04,10.49,59.09,metals & mining,aluminium and aluminium products,27.8,0.65,9.13,0.07,0.4,368.42,351.95,23.68,2026-08-21,,,,
2026-08-21T16:21:52.619,AEGISLOG,1417.9,6.11,1303.4,1261.0,1282.17,1621.5,0.59,25.69,37.48,61.5,services,trading,29.69,10.59,115.14,0.92,0.85,1272.36,1194.3,23.35,2026-08-21,,,,
2026-08-21T16:21:52.619,APARINDS,16856.0,0.43,16288.58,16199.0,17061.34,16547.98,0.6,36.21,57.06,59.82,industrials,electric equipment,42.51,-1.2,141.98,0.54,0.83,15366.88,14443.04,22.56,2026-08-21,,,,
2026-08-21T16:21:52.619,DATAPATTNS,4829.9,2.76,4635.5,4460.6,4483.76,5349.11,2.46,306.47,98.21,62.57,aerospace & defence,electronics - components,12.69,7.72,118.12,0.53,0.69,4435.29,4309.44,21.44,2026-08-21,,,,
2026-08-21T16:21:52.619,MCX,3185.0,1.89,3069.36,2892.1,2887.5,3631.25,1.24,49.12,20.25,69.37,financials,miscellaneous,25.46,10.3,37.28,0.24,0.49,2966.81,2829.57,21.04,2026-08-21,,,,
2026-08-21T16:21:52.619,FEDERALBNK,361.0,1.6,348.05,349.65,354.57,370.65,0.64,17.73,18.68,59.87,bank,banks - private sector,41.42,1.81,30.79,0.15,0.35,348.47,339.07,19.12,2026-08-21,,,,
2026-08-21T16:21:52.619,WELSPUNLIV,189.22,0.28,181.97,164.9,166.07,223.95,0.98,27.99,61.87,72.22,textiles,textiles - products,28.26,13.94,61.4,0.27,0.36,171.4,159.16,14.97,2026-08-21,,,,
2026-08-21T16:21:52.619,ANANDRATHI,2188.0,0.78,2123.66,2145.1,2153.79,2239.31,0.34,55.7,46.81,66.35,financials,finance & investments,35.19,1.59,43.36,0.33,0.46,2102.78,2048.87,13.83,2026-08-21,,,,
2026-08-21T16:21:52.619,NAM-INDIA,1251.0,1.5,1201.58,1155.1,1178.24,1360.15,1.62,39.64,47.98,63.08,financials,finance & investments,17.49,6.18,50.16,0.23,0.49,1176.96,1132.72,13.45,2026-08-21,,,,
2026-08-21T16:21:52.619,JINDALSAW,291.65,8.12,265.78,264.2,266.35,329.6,9.4,44.73,26.32,69.77,industrials,steel - large,18.08,9.5,51.13,0.51,0.74,268.88,258.55,12.18,2026-08-21,,,,
2026-08-21T16:21:52.619,RBLBANK,392.5,0.05,379.95,376.4,387.47,400.05,0.35,31.45,28.14,62.72,bank,banks - private sector,19.58,1.3,31.93,0.09,0.24,378.29,367.89,12.14,2026-08-21,,,,
2026-08-21T16:21:52.619,LTF,317.15,0.76,307.87,304.5,310.99,326.38,0.52,22.02,24.76,53.64,financials,finance & investments,10.63,1.98,12.8,-0.01,-0.01,298.67,287.6,11.86,2026-08-21,,,,
2026-08-21T16:21:52.619,ABCAPITAL,413.0,0.98,399.55,393.8,402.31,429.04,0.86,23.15,26.89,56.1,financials,finance & investments,11.62,2.66,19.35,0.11,0.11,394.64,380.87,11.77,2026-08-21,,,,
2026-08-21T16:21:52.619,IIFL,679.8,6.77,632.2,617.4,633.21,749.68,5.56,10.71,12.88,77.86,financials,finance & investments,50.81,7.36,9.15,0.26,0.15,633.96,606.88,11.76,2026-08-21,,,,
2026-08-21T16:21:52.619,ACMESOLAR,401.6,1.06,385.04,361.8,367.64,452.54,2.43,27.06,40.59,67.05,realty,engineering - turnkey services,18.05,9.24,96.97,0.62,0.83,371.18,358.06,11.59,2026-08-21,,,,
2026-08-21T16:21:52.619,AUBANK,1108.2,1.86,1062.22,1063.7,1078.67,1152.49,1.09,26.06,28.47,63.84,bank,banks - private sector,24.51,2.74,11.46,0.0,0.12,1065.92,1034.21,11.01,2026-08-21,,,,
2026-08-21T16:21:52.619,TITAN,5086.1,0.36,4910.78,5011.0,5100.81,5064.04,0.38,63.48,78.07,68.79,consumer discretionary,diamond cutting / jewellery,51.1,-0.29,24.69,0.12,0.29,4937.67,4830.65,10.85,2026-08-21,,,,
2026-08-21T16:21:52.619,REDINGTON,350.55,0.7,333.69,322.7,351.46,349.19,0.75,14.09,16.0,66.33,services,trading,42.39,-0.26,32.45,0.27,0.26,319.03,302.6,10.41,2026-08-21,,,,
2026-08-21T16:21:52.619,TVSMOTOR,4390.0,0.0,4250.85,4305.5,4487.34,4243.99,0.75,51.14,60.85,66.36,auto,automobiles - motorcycles / mopeds,46.9,-2.17,21.88,0.06,0.16,4258.4,4159.71,10.35,2026-08-21,,,,
2026-08-21T16:21:52.619,PTCIL,20629.0,5.13,19110.98,19067.0,19375.79,22508.82,2.47,264.88,234.22,68.54,industrials,castings & forgings,38.85,6.47,15.27,0.08,0.06,19071.31,18063.03,10.06,2026-08-21,,,,
2026-08-21T16:21:52.619,PAYTM,1632.0,1.77,1566.04,1546.3,1603.34,1674.99,1.32,118.6,157.83,72.27,i.t,miscellaneous,46.69,1.79,32.12,0.31,0.17,1532.24,1463.82,9.67,2026-08-21,,,,
2026-08-21T16:21:52.619,IPCALAB,1911.2,0.58,1851.32,1805.9,1767.05,2127.43,0.6,30.16,35.75,64.48,healthcare,pharmaceuticals - indian - bulk drugs & formln,24.42,8.16,29.1,0.2,0.27,1767.05,1669.74,9.51,2026-08-21,,,,
2026-08-21T16:21:52.619,CARBORUNIV,1167.0,2.58,1104.07,1081.4,1116.67,1242.5,3.07,72.22,102.76,58.76,industrials,abrasives and grinding wheels,24.14,4.51,45.49,0.27,0.3,1059.36,1018.63,9.32,2026-08-21,,,,
2026-08-21T16:21:52.619,AARTIIND,527.2,1.37,506.07,516.2,518.34,540.49,0.66,30.87,35.52,61.6,chemicals,chemicals,25.94,1.71,55.29,0.07,0.4,492.82,473.53,9.04,2026-08-21,,,,
2026-08-21T16:21:52.619,ZENTEC,1926.3,0.9,1847.89,1852.4,1817.17,2090.0,0.89,125.74,95.26,63.31,aerospace & defence,miscellaneous,25.09,6.01,46.99,0.34,0.34,1772.15,1690.84,8.84,2026-08-21,,,,
2026-08-21T16:21:52.619,SOLARINDS,19900.0,0.71,19257.98,19190.0,19411.45,20632.82,0.62,68.99,89.79,61.98,aerospace & defence,chemicals,16.78,2.52,58.7,0.37,0.5,18697.45,17988.54,8.63,2026-08-21,,,,
2026-08-21T16:21:52.619,HINDZINC,594.9,3.66,568.01,548.8,577.41,621.13,3.3,11.49,14.21,62.67,metals & mining,mining / minerals / metals,20.3,3.03,-14.62,-0.06,0.15,558.94,535.57,8.56,2026-08-21,,,,
2026-08-21T16:21:52.619,MRPL,176.81,1.63,170.28,169.34,171.0,185.53,0.5,8.19,9.7,56.52,energy,refineries,25.22,3.4,16.43,-0.16,0.11,161.8,150.91,8.22,2026-08-21,,,,
2026-08-21T16:21:52.619,THELEELA,564.0,4.5,521.8,498.1,512.67,640.99,2.27,96.58,29.77,74.75,services,hotels,32.3,10.01,37.85,0.2,0.37,522.42,491.23,7.29,2026-08-21,,,,
2026-08-21T16:21:52.619,CARTRADE,3072.9,6.14,2832.2,2770.0,2730.93,3585.85,2.68,71.86,59.76,68.63,consumer discretionary,miscellaneous,36.14,12.52,20.98,0.43,0.0,2831.39,2742.36,6.56,2026-08-21,,,,
2026-08-21T16:21:52.619,ELGIEQUIP,634.35,0.3,609.61,603.2,597.99,688.89,1.68,48.35,44.54,65.54,industrials,compressors / drilling equipment,25.08,6.08,49.4,0.11,0.22,594.46,571.2,6.54,2026-08-21,,,,
2026-08-21T16:21:52.619,ACE,1182.2,1.53,1122.2,1081.7,1128.32,1263.03,0.96,29.44,31.72,65.53,industrials,engineering,38.35,4.78,48.98,0.24,0.19,1100.28,1045.63,6.3,2026-08-21,,,,
2026-08-21T16:21:52.619,INDIANB,876.9,0.68,853.09,865.0,881.05,870.67,0.23,8.8,9.18,56.5,bank,banks - public sector,23.05,-0.47,3.17,-0.13,0.05,844.32,823.88,6.1,2026-08-21,,,,
2026-08-21T16:21:52.619,IDFCFIRSTB,86.75,1.06,83.88,84.51,85.57,88.52,0.55,16.31,33.02,63.71,bank,banks - private sector,37.05,1.38,7.36,-0.04,0.04,84.43,82.69,5.22,2026-08-21,,,,
2026-08-21T16:21:52.619,GRASIM,3308.0,0.24,3192.84,3223.0,3272.21,3361.69,1.92,26.14,39.31,59.3,textiles,textiles - manmade,25.51,1.09,20.95,0.06,0.16,3160.32,3084.67,4.96,2026-08-21,,,,
2026-08-21T16:21:52.619,KALYANKJIL,603.55,1.27,579.67,588.0,600.04,608.82,0.26,44.64,42.88,60.37,consumer discretionary,diamond cutting / jewellery,28.32,0.59,52.2,0.37,0.18,567.3,544.46,4.84,2026-08-21,,,,
2026-08-21T16:21:52.619,ENDURANCE,3029.5,0.93,2911.58,2897.5,2978.49,3106.01,2.04,43.58,43.53,65.13,auto,auto ancillaries,22.84,1.71,24.33,0.14,0.1,2866.36,2786.5,4.65,2026-08-21,,,,
2026-08-21T16:21:52.619,UNITDSPR,1556.0,0.78,1496.46,1512.0,1541.88,1577.18,0.92,59.66,58.22,65.43,fmcg,breweries & distilleries,43.7,0.92,17.88,0.03,0.03,1498.01,1461.91,4.32,2026-08-21,,,,
2026-08-21T16:21:52.619,HEROMOTOCO,5735.0,-0.1,5529.16,5642.0,5886.06,5508.41,0.61,20.31,21.08,64.49,auto,automobiles - motorcycles / mopeds,47.88,-2.57,3.56,-0.02,-0.13,5525.72,5368.76,4.09,2026-08-21,,,,
2026-08-21T16:21:52.619,COFORGE,1891.7,0.52,1813.98,1762.2,1855.34,1946.24,0.57,38.32,38.23,72.58,i.t,computers - software - large,32.78,1.96,13.36,0.28,-0.08,1799.5,1730.35,3.93,2026-08-21,,,,
2026-08-21T16:21:52.619,KPIL,1407.0,1.4,1359.16,1350.1,1350.37,1491.94,1.1,19.37,20.85,62.03,realty,transmisson line towers / equipment,30.56,4.19,30.99,0.17,0.17,1324.6,1267.79,3.57,2026-08-21,,,,
2026-08-21T16:21:52.619,ASAHIINDIA,965.75,1.49,917.72,927.0,920.65,1033.41,1.63,41.27,55.42,65.45,building materials,glass & glass products,23.63,4.9,2.87,-0.05,-0.09,911.42,872.92,3.44,2026-08-21,,,,
2026-08-21T16:21:52.619,JINDALSTEL,1127.8,0.8,1096.52,1090.0,1110.73,1153.4,0.81,33.97,41.88,58.87,metals & mining,steel - large,22.06,1.54,8.35,-0.14,0.08,1080.36,1051.99,2.74,2026-08-21,,,,
2026-08-21T16:21:52.619,UNOMINDA,1265.0,0.36,1226.96,1235.9,1272.33,1254.01,0.53,61.77,60.46,63.59,auto,auto ancillaries,23.12,-0.58,12.14,-0.02,-0.04,1214.75,1179.05,2.68,2026-08-21,,,,
2026-08-21T16:21:52.619,HAL,5000.0,0.04,4872.56,4972.0,5019.52,4970.72,0.79,52.59,35.86,66.43,aerospace & defence,engineering,33.96,-0.39,17.4,0.12,0.09,4778.49,4704.35,2.47,2026-08-21,,,,
2026-08-21T16:21:52.619,LT,4093.0,0.29,3980.17,4024.8,4081.27,4110.59,0.65,34.14,33.84,60.32,realty,engineering - turnkey services,19.3,0.29,8.68,-0.12,-0.02,3996.79,3931.63,2.22,2026-08-21,,,,
2026-08-21T16:21:52.619,JYOTICNC,988.8,4.11,928.99,829.8,864.15,1175.77,2.9,98.49,67.17,76.48,industrials,engineering,32.03,14.42,19.59,0.08,0.01,905.69,846.56,1.71,2026-08-21,,,,
2026-08-21T16:21:52.619,MOTILALOFS,990.0,1.71,949.18,897.1,895.3,1132.04,1.45,11.7,29.57,68.31,financials,finance & investments,29.54,10.58,27.73,0.19,0.08,926.53,892.93,1.6,2026-08-21,,,,
2026-08-21T16:21:52.619,PETRONET,293.0,0.55,283.95,281.65,281.36,310.46,0.73,9.66,10.38,66.12,energy,miscellaneous,17.1,4.14,6.53,-0.11,0.03,281.1,272.67,1.58,2026-08-21,,,,
2026-08-21T16:21:52.619,BAJAJFINSV,2032.5,0.82,1964.9,1985.0,2038.96,2022.81,0.6,25.92,31.7,61.12,financials,finance & investments,25.58,-0.32,3.72,-0.08,-0.06,1971.45,1925.66,1.18,2026-08-21,,,,
2026-08-21T16:21:52.619,BEL,414.0,1.12,400.48,406.3,403.18,430.23,1.08,71.88,48.74,60.3,aerospace & defence,electronics - components,14.36,2.68,2.98,-0.12,-0.02,401.33,393.77,1.15,2026-08-21,,,,
2026-08-21T16:21:52.619,GRAVITA,1821.7,1.61,1753.32,1763.8,1754.4,1922.64,1.34,31.19,33.32,59.49,metals & mining,mining / minerals / metals,14.59,3.84,17.25,0.03,-0.02,1724.46,1672.22,0.62,2026-08-21,,,,
2026-08-21T16:21:52.619,INDGN,567.8,0.19,546.11,553.5,567.26,568.61,0.9,29.33,33.91,64.15,healthcare,miscellaneous,28.84,0.1,18.09,0.07,0.03,537.01,516.67,0.51,2026-08-21,,,,
2026-08-21T16:21:52.619,NIACL,184.3,0.67,178.47,177.0,179.5,191.51,0.09,-31.34,39.12,57.63,financials,finance & investments,26.02,2.68,29.44,0.13,0.12,173.9,168.1,0.1,2026-08-21,,,,
2026-08-21T16:21:52.619,KOTAKBANK,402.8,1.37,390.33,386.75,391.07,420.4,1.08,18.28,6.83,62.13,bank,banks - private sector,27.63,3.0,-4.27,-0.11,-0.1,388.93,381.72,0.07,2026-08-21,,,,
2026-08-21T16:21:52.619,ZFCVINDIA,2662.0,1.54,2543.98,2595.9,2644.9,2687.65,1.44,72.49,12.06,60.86,auto,auto ancillaries,32.72,0.65,-3.34,-0.2,-0.13,2537.08,2455.38,-0.4,2026-08-21,,,,
2026-08-21T16:21:52.619,MFSL,1585.0,0.64,1530.07,1522.2,1513.45,1692.33,0.56,142.54,492.19,57.41,financials,finance & investments,17.86,4.73,-2.1,-0.2,-0.09,1507.37,1454.14,-0.44,2026-08-21,,,,
2026-08-21T16:21:52.619,POLICYBZR,1795.2,0.88,1721.86,1721.1,1729.72,1893.41,0.27,127.14,109.65,70.54,i.t,miscellaneous,35.65,3.79,7.93,0.13,-0.08,1702.01,1635.92,-0.5,2026-08-21,,,,
2026-08-21T16:21:52.619,CHALET,863.5,1.24,829.13,817.4,822.92,924.37,1.03,54.93,35.35,60.0,services,hotels,12.97,4.93,2.86,-0.08,-0.07,817.41,786.55,-0.73,2026-08-21,,,,
2026-08-21T16:21:52.619,DLF,678.1,0.29,661.75,658.25,653.08,715.63,0.56,52.81,37.65,59.27,realty,construction,11.13,3.83,9.88,0.01,-0.09,648.61,632.85,-2.48,2026-08-21,,,,
2026-08-21T16:21:52.619,BRIGADE,639.3,2.17,606.77,576.0,594.75,706.12,1.49,26.03,23.73,71.45,realty,construction,26.24,7.49,10.73,0.06,-0.07,594.57,564.21,-2.55,2026-08-21,,,,
2026-08-21T16:21:52.619,CRISIL,4530.0,1.15,4380.21,4401.2,4480.99,4603.51,0.39,38.26,37.03,58.39,financials,miscellaneous,28.63,1.09,-0.53,-0.08,-0.02,4344.85,4210.29,-2.73,2026-08-21,,,,
2026-08-21T16:21:52.619,KFINTECH,980.0,1.98,933.99,925.7,941.19,1038.22,2.08,56.19,48.49,62.63,financials,miscellaneous,22.36,4.12,-2.0,-0.11,-0.11,917.48,882.99,-2.77,2026-08-21,,,,
2026-08-21T16:21:52.619,LTTS,3604.6,0.71,3502.81,3466.4,3536.16,3707.26,0.46,26.8,28.74,57.59,i.t,computers - software - large,23.38,1.94,-7.54,-0.04,-0.23,3414.57,3297.15,-3.03,2026-08-21,,,,
2026-08-21T16:21:52.619,PARADEEP,148.48,-0.11,144.76,145.07,147.59,149.82,0.35,9.82,14.39,55.2,chemicals,fertilizers,24.85,0.61,14.59,0.15,-0.07,140.13,136.19,-5.93,2026-08-21,,,,
2026-08-21T16:21:52.619,KAYNES,3890.0,1.97,3722.04,3630.1,3800.63,4024.05,0.76,115.5,73.88,63.66,consumer discretionary,electronics - components,18.75,2.35,11.46,-0.08,-0.14,3628.31,3455.35,-8.63,2026-08-21,,,,
2026-08-21T16:21:52.619,URBANCO,158.6,9.01,147.98,142.65,143.55,181.17,9.59,-66.08,-65.54,73.86,i.t,miscellaneous,43.51,10.48,24.28,0.24,0.18,144.94,136.1,NaN,2026-08-21,,,,
2026-08-21T16:21:52.619,PIRAMALFIN,2180.8,2.48,2100.63,2035.0,2038.93,2393.6,1.36,NaN,0.0,63.05,n/a,indices,17.32,6.96,20.23,0.14,0.42,2062.39,2010.79,NaN,2026-08-21,,,,
2026-08-21T16:21:52.619,LENSKART,661.4,1.01,622.3,600.95,610.87,737.19,1.48,129.18,170.97,83.77,fmcg,personal care - indian,53.24,8.27,51.5,0.27,0.53,616.87,585.87,NaN,2026-08-21,,,,
2026-08-21T16:21:52.619,TENNIND,576.15,1.33,551.94,536.85,540.73,629.28,0.67,35.22,38.19,58.88,auto,auto ancillaries,15.48,6.55,16.83,-0.02,0.14,543.76,522.22,NaN,2026-08-21,,,,
2026-08-21T16:21:52.619,CANHLIFE,155.24,2.34,147.27,146.02,147.37,167.05,0.46,129.37,109.13,63.01,financials,finance & investments,33.46,5.34,13.92,-0.04,0.22,146.13,139.76,NaN,2026-08-21,,,,
2026-08-21T16:21:52.619,ICICIAMC,3269.7,1.26,3147.96,3080.0,3073.73,3563.66,0.5,52.91,25.7,60.71,financials,finance & investments,21.87,6.38,15.02,-0.01,NaN,3093.38,2976.45,NaN,2026-08-21,,,,
2026-08-17T17:29:40.767,NETWEB,5212.4,4.1,4908.13,4753.0,4860.79,5739.82,0.93,86.99,109.09,66.31,i.t,computers - hardware,26.21,7.23,63.53,0.55,0.57,4757.78,4429.41,31.16,2026-08-17,,,,
2026-08-17T17:29:40.767,HINDCOPPER,572.65,8.24,523.42,515.0,524.18,645.36,4.94,39.33,45.06,68.51,metals & mining,mining / minerals / metals,24.6,9.25,0.0,-0.11,0.63,513.86,472.01,29.8,2026-08-17,,,,
2026-08-17T17:29:40.767,WELCORP,1882.0,0.46,1809.08,1816.5,1834.49,1953.27,0.2,11.86,21.39,74.61,industrials,steel - large,42.51,2.59,154.88,1.16,1.11,1794.99,1734.83,28.45,2026-08-17,,,,
2026-08-17T17:29:40.767,CHENNPETRO,1382.4,4.58,1282.92,1237.0,1308.62,1493.07,1.14,4.99,4.72,60.67,energy,refineries,25.15,5.64,58.04,0.45,0.47,1223.91,1119.94,25.01,2026-08-17,,,,
2026-08-17T17:29:40.767,NATIONALUM,387.55,3.07,368.97,375.0,383.29,393.93,1.85,8.88,10.23,56.55,metals & mining,aluminium and aluminium products,28.72,1.11,3.75,0.02,0.42,354.14,333.04,22.71,2026-08-17,,,,
2026-08-17T17:29:40.767,BHEL,435.95,3.38,413.36,401.65,405.85,481.09,2.24,100.91,60.33,65.68,industrials,electric equipment,20.4,7.42,63.19,0.57,0.45,411.75,393.6,20.84,2026-08-17,,,,
2026-08-17T17:29:40.767,MCX,2933.1,0.74,2834.26,2742.6,2723.87,3246.95,0.88,45.24,18.86,60.14,financials,miscellaneous,21.47,7.68,21.39,0.15,0.39,2743.58,2649.35,19.49,2026-08-17,,,,
2026-08-17T17:29:40.767,NEULANDLAB,23661.0,1.46,22511.58,22281.0,21983.18,26177.73,1.32,51.39,60.11,73.92,healthcare,pharmaceuticals - indian - bulk drugs,43.71,7.63,65.9,0.67,0.38,21853.14,20679.24,19.13,2026-08-17,,,,
2026-08-17T17:29:40.767,SONACOMS,805.1,1.65,779.84,790.0,810.65,796.77,1.83,69.41,70.71,68.1,auto,auto ancillaries,62.91,-0.69,74.52,0.41,0.53,762.62,739.95,19.0,2026-08-17,,,,
2026-08-17T17:29:40.767,HSCL,787.4,0.81,760.92,751.05,760.42,827.87,0.29,43.26,48.97,62.69,chemicals,chemicals,27.93,3.55,67.61,0.61,0.74,746.19,717.78,18.48,2026-08-17,,,,
2026-08-17T17:29:40.767,DATAPATTNS,4528.7,1.64,4371.39,4372.0,4368.48,4769.03,0.35,287.35,93.1,54.16,aerospace & defence,electronics - components,8.6,3.67,75.66,0.51,0.49,4226.69,4031.49,18.36,2026-08-17,,,,
2026-08-17T17:29:40.767,SHRIRAMFIN,1122.0,0.0,1089.96,1112.2,1113.53,1134.71,0.71,18.88,19.8,60.3,financials,finance & investments,21.17,0.76,14.37,-0.03,0.27,1073.09,1044.1,17.28,2026-08-17,,,,
2026-08-17T17:29:40.767,RADICO,4693.4,0.93,4520.25,4485.0,4579.94,4863.6,0.93,68.42,88.47,76.13,fmcg,breweries & distilleries,57.15,2.48,61.43,0.55,0.41,4489.59,4336.73,15.49,2026-08-17,,,,
2026-08-17T17:29:40.767,CRAFTSMAN,10483.0,2.26,10045.98,10205.0,10391.66,10620.0,0.72,42.19,51.01,63.72,auto,auto ancillaries,41.26,0.88,33.54,0.25,0.44,9794.3,9419.78,14.95,2026-08-17,,,,
2026-08-17T17:29:40.767,FINCABLES,1320.85,5.93,1227.06,1052.65,1105.32,1644.15,2.32,20.28,23.84,76.76,industrials,cables - power,33.79,19.5,70.02,0.5,0.7,1181.14,1083.25,14.09,2026-08-17,,,,
2026-08-17T17:29:40.767,KEI,5873.0,3.04,5566.4,5572.2,5572.37,6323.94,1.63,51.19,54.66,73.28,industrials,cables - power,31.75,5.39,33.96,0.19,0.38,5569.87,5349.53,12.62,2026-08-17,,,,
2026-08-17T17:29:40.767,MINDACORP,725.0,0.69,705.6,706.55,715.13,739.81,1.12,20.71,33.84,57.73,auto,auto ancillaries,28.19,1.38,27.41,0.12,0.22,663.9,625.63,12.58,2026-08-17,,,,
2026-08-17T17:29:40.767,ABB,7660.0,0.14,7474.46,7561.5,7600.68,7748.98,0.53,112.05,54.24,59.72,industrials,electric equipment,34.6,0.78,55.22,0.22,0.43,7320.17,7165.3,12.39,2026-08-17,,,,
2026-08-17T17:29:40.767,HINDALCO,1049.9,1.98,1012.05,1021.35,1039.08,1066.13,1.0,8.31,13.94,59.7,metals & mining,aluminium and aluminium products,29.88,1.04,9.94,0.06,0.25,991.77,958.28,11.93,2026-08-17,,,,
2026-08-17T17:29:40.767,PNBHOUSING,1150.8,0.03,1112.5,1135.2,1118.93,1198.61,0.56,13.45,12.95,62.04,financials,finance - housing,24.06,2.85,18.05,0.27,0.22,1092.42,1051.83,11.77,2026-08-17,,,,
2026-08-17T17:29:40.767,TITAN,5068.5,0.24,4936.46,4992.0,5063.53,5075.95,1.18,63.26,77.88,68.81,consumer discretionary,diamond cutting / jewellery,51.46,0.1,20.06,0.12,0.26,4878.11,4777.81,11.21,2026-08-17,,,,
2026-08-17T17:29:40.767,IFCI,78.93,2.59,74.23,72.71,73.98,86.35,0.62,164.44,120.22,60.09,financials,finance - term-lending institutions,12.16,6.69,41.0,0.16,0.49,73.18,69.66,11.05,2026-08-17,,,,
2026-08-17T17:29:40.767,VIJAYA,1510.0,2.44,1437.46,1382.9,1396.78,1679.83,0.46,73.16,80.86,67.52,healthcare,healthcare,34.0,8.11,51.87,0.41,0.46,1380.74,1288.8,10.91,2026-08-17,,,,
2026-08-17T17:29:40.767,AJANTPHARM,3718.2,1.24,3577.0,3485.0,3491.86,4057.71,0.87,34.75,40.43,72.06,healthcare,pharmaceuticals - indian - formulations,33.23,6.48,37.39,0.17,0.4,3535.07,3417.52,10.44,2026-08-17,,,,
2026-08-17T17:29:40.767,TVSMOTOR,4385.9,1.83,4219.39,4297.1,4494.77,4222.59,0.9,51.09,59.7,67.21,auto,automobiles - motorcycles / mopeds,46.56,-2.42,18.86,0.05,0.16,4227.24,4108.35,10.4,2026-08-17,,,,
2026-08-17T17:29:40.767,ASHOKLEY,177.1,3.18,168.54,169.75,175.09,180.12,3.13,42.17,28.99,64.01,auto,automobiles - lcvs / hcvs,25.49,1.15,-4.82,-0.2,0.07,165.35,158.54,10.34,2026-08-17,,,,
2026-08-17T17:29:40.767,UNIONBANK,188.9,0.81,180.58,179.88,181.34,200.24,1.81,6.39,6.93,70.18,bank,banks - public sector,28.62,4.17,5.58,-0.03,0.18,179.5,173.71,9.58,2026-08-17,,,,
2026-08-17T17:29:40.767,WELSPUNLIV,168.15,2.49,161.6,159.01,156.29,185.93,2.43,24.87,53.79,57.36,textiles,textiles - products,17.5,7.59,34.2,0.1,0.14,151.83,141.39,9.55,2026-08-17,,,,
2026-08-17T17:29:40.767,IPCALAB,1884.6,8.67,1769.78,1683.1,1687.92,2179.62,17.12,29.74,32.63,62.69,healthcare,pharmaceuticals - indian - bulk drugs & formln,19.7,11.65,24.26,0.17,0.28,1687.39,1599.98,9.09,2026-08-17,,,,
2026-08-17T17:29:40.767,SOLARINDS,20000.0,0.16,19487.3,18420.0,18703.53,21944.7,2.11,69.34,90.74,67.11,aerospace & defence,chemicals,17.12,6.93,55.34,0.41,0.46,18707.54,18127.19,9.08,2026-08-17,,,,
2026-08-17T17:29:40.767,GRAPHITE,731.0,1.3,703.39,717.75,718.42,749.87,0.43,20.72,66.08,64.46,industrials,electrodes - graphites,39.23,1.75,15.64,0.04,0.29,682.46,651.0,8.73,2026-08-17,,,,
2026-08-17T17:29:40.767,MRPL,177.15,3.88,166.84,161.2,168.42,190.25,0.71,8.2,9.51,57.49,energy,refineries,23.26,5.19,12.0,-0.12,0.06,162.14,151.51,8.61,2026-08-17,,,,
2026-08-17T17:29:40.767,PTCIL,20584.0,8.05,18685.66,18720.0,18670.07,23454.9,13.03,128.78,281.18,76.67,industrials,castings & forgings,32.43,10.25,13.94,0.03,0.09,19182.79,18297.88,8.4,2026-08-17,,,,
2026-08-17T17:29:40.767,POLYCAB,9370.0,1.41,9046.38,9025.0,9094.01,9783.99,1.38,44.97,48.35,55.13,industrials,cables - power,9.41,3.03,27.95,0.14,0.22,9051.67,8837.92,8.3,2026-08-17,,,,
2026-08-17T17:29:40.767,RKFORGE,755.0,3.06,719.27,728.35,739.83,777.75,0.69,73.16,124.38,76.54,industrials,castings & forgings,50.73,2.05,49.76,0.22,0.36,706.37,673.89,8.06,2026-08-17,,,,
2026-08-17T17:29:40.767,SIEMENS,3943.0,0.08,3832.09,3854.6,3960.7,3916.45,1.02,16.38,42.82,61.72,industrials,electric equipment,30.25,-0.45,32.75,0.17,0.15,3739.25,3609.63,6.77,2026-08-17,,,,
2026-08-17T17:29:40.767,EXIDEIND,475.7,-0.08,461.58,471.0,477.17,473.5,0.62,28.87,43.44,62.56,auto,auto ancillaries,42.52,-0.31,37.93,0.3,0.21,447.85,432.21,6.54,2026-08-17,,,,
2026-08-17T17:29:40.767,BALRAMCHIN,655.75,4.95,618.09,592.55,623.58,704.0,1.96,75.9,34.05,61.22,fmcg,sugar,34.76,5.16,54.32,0.3,0.42,601.18,563.2,6.01,2026-08-17,,,,
2026-08-17T17:29:40.767,KPIL,1404.2,3.85,1323.1,1303.3,1300.05,1560.42,1.15,19.33,20.32,63.61,realty,transmisson line towers / equipment,26.42,8.01,23.57,0.18,0.15,1298.67,1225.32,5.95,2026-08-17,,,,
2026-08-17T17:29:40.767,ANTHEM,898.0,0.89,868.28,852.5,858.26,957.61,0.97,105.4,86.84,74.62,healthcare,pharmaceuticals - indian - bulk drugs & formln,34.09,4.63,44.32,0.2,0.32,847.73,816.02,5.54,2026-08-17,,,,
2026-08-17T17:29:40.767,TBOTEK,1700.0,4.08,1581.43,1589.0,1609.86,1835.2,0.95,54.7,66.02,68.13,i.t,travel agencies,34.73,5.6,9.46,0.03,-0.02,1571.26,1481.7,5.42,2026-08-17,,,,
2026-08-17T17:29:40.767,ELGIEQUIP,624.2,2.41,591.14,569.45,573.75,699.88,3.06,47.58,42.92,66.46,industrials,compressors / drilling equipment,17.39,8.79,42.12,0.13,0.21,585.42,558.68,4.83,2026-08-17,,,,
2026-08-17T17:29:40.767,OBEROIRLTY,1931.0,4.6,1796.24,1764.5,1764.42,2180.86,6.07,32.29,25.36,65.9,realty,construction,18.37,9.44,17.17,0.15,0.15,1822.6,1756.29,4.61,2026-08-17,,,,
2026-08-17T17:29:40.767,UNITDSPR,1545.0,0.59,1493.03,1510.1,1544.89,1545.17,0.77,59.24,57.92,66.14,fmcg,breweries & distilleries,41.79,0.01,15.64,0.02,0.03,1490.24,1450.48,4.46,2026-08-17,,,,
2026-08-17T17:29:40.767,ENDURANCE,2978.2,2.73,2839.55,2878.0,2911.17,3078.75,2.01,42.84,42.05,63.22,auto,auto ancillaries,22.43,2.3,18.17,0.1,0.07,2788.59,2708.17,4.12,2026-08-17,,,,
2026-08-17T17:29:40.767,ENRIN,3605.7,1.96,3455.68,3488.0,3375.8,3950.56,0.48,72.81,84.62,60.34,power & utilities,power generation and supply,23.11,6.81,52.59,0.21,0.11,3348.91,3164.62,3.48,2026-08-17,,,,
2026-08-17T17:29:40.767,UNOMINDA,1269.9,2.41,1211.18,1230.1,1253.46,1294.57,3.12,62.01,59.47,66.68,auto,auto ancillaries,21.38,1.31,6.54,-0.06,-0.06,1208.46,1164.48,2.9,2026-08-17,,,,
2026-08-17T17:29:40.767,KPRMILL,1135.6,2.31,1076.04,1077.1,1049.1,1265.35,0.39,37.55,41.59,60.85,consumer discretionary,textiles - products,19.82,8.25,32.25,0.12,0.05,1070.16,1025.49,2.73,2026-08-17,,,,
2026-08-17T17:29:40.767,PVRINOX,1192.0,1.53,1142.39,1130.1,1182.18,1206.73,0.78,51.83,25.93,69.11,media,entertainment / electronic media software,48.84,0.83,16.86,0.04,0.05,1112.43,1069.64,2.71,2026-08-17,,,,
2026-08-17T17:29:40.767,HAL,5059.0,0.58,4944.1,4803.4,4889.01,5313.99,3.66,53.21,36.09,75.6,aerospace & defence,engineering,30.26,3.48,13.4,0.11,0.08,4800.51,4697.55,2.62,2026-08-17,,,,
2026-08-17T17:29:40.767,LT,4086.7,0.73,3945.48,3990.0,4036.34,4162.23,1.05,34.09,33.64,61.31,realty,engineering - turnkey services,20.4,1.25,5.72,-0.1,-0.03,3972.57,3886.96,2.58,2026-08-17,,,,
2026-08-17T17:29:40.767,PNB,117.32,-0.58,113.01,112.3,115.81,119.59,1.33,5.8,6.15,65.66,bank,banks - public sector,29.38,1.31,-8.55,-0.09,-0.1,112.6,109.8,2.28,2026-08-17,,,,
2026-08-17T17:29:40.767,OIL,474.65,1.31,459.62,460.45,457.36,500.59,1.29,5.32,9.12,62.45,energy,oil drilling / allied services,31.42,3.78,3.71,-0.04,0.11,447.64,432.24,2.28,2026-08-17,,,,
2026-08-17T17:29:40.767,KALYANKJIL,610.0,0.29,591.18,585.05,611.85,607.22,0.76,45.12,43.76,63.51,consumer discretionary,diamond cutting / jewellery,32.72,-0.3,27.06,0.34,0.16,564.32,541.86,2.0,2026-08-17,,,,
2026-08-17T17:29:40.767,ETERNAL,318.0,-0.16,309.88,306.2,315.83,321.26,1.15,795.0,677.66,64.42,i.t,miscellaneous,37.27,0.69,6.35,0.03,0.02,302.96,295.58,1.38,2026-08-17,,,,
2026-08-17T17:29:40.767,BEL,412.45,0.4,400.92,399.3,393.92,440.24,1.18,71.61,48.9,59.65,aerospace & defence,electronics - components,15.99,4.7,-1.2,-0.13,-0.05,399.86,391.92,1.08,2026-08-17,,,,
2026-08-17T17:29:40.767,LODHA,1254.0,0.81,1196.19,1185.0,1226.52,1295.22,0.59,22.83,30.11,62.38,realty,construction,34.75,2.24,18.51,0.08,0.07,1182.6,1129.04,0.89,2026-08-17,,,,
2026-08-17T17:29:40.767,ACE,1113.7,2.59,1060.07,1062.3,1097.72,1137.67,0.51,27.73,29.57,59.58,industrials,engineering,34.59,1.46,27.44,0.14,0.1,1040.6,989.17,0.87,2026-08-17,,,,
2026-08-17T17:29:40.767,GLAXO,2702.9,0.52,2606.8,2577.0,2629.79,2812.56,0.82,48.27,43.36,69.92,healthcare,pharmaceuticals - multinational,31.85,2.78,12.9,-0.04,0.05,2586.14,2505.68,0.62,2026-08-17,,,,
2026-08-17T17:29:40.767,CESC,170.22,1.42,164.93,160.0,161.86,182.75,1.63,14.04,14.32,61.03,power & utilities,power generation and supply,14.43,5.16,8.91,0.04,-0.05,162.15,156.48,0.58,2026-08-17,,,,
2026-08-17T17:29:40.767,JSL,744.0,0.83,719.52,712.5,727.89,768.16,0.69,19.91,18.71,58.63,metals & mining,steel - large,13.23,2.21,-6.3,-0.1,-0.05,715.02,696.28,0.51,2026-08-17,,,,
2026-08-17T17:29:40.767,BERGEPAINT,549.35,0.78,532.83,533.65,539.0,564.87,0.76,39.58,52.21,60.78,building materials,paints / varnishes,32.99,1.92,4.76,0.1,-0.05,514.42,492.42,0.32,2026-08-17,,,,
2026-08-17T17:29:40.767,NAUKRI,1355.8,0.95,1313.89,1291.1,1300.09,1439.37,2.37,49.27,54.37,70.18,i.t,miscellaneous,39.75,4.29,3.83,0.09,-0.04,1272.44,1228.11,0.21,2026-08-17,,,,
2026-08-17T17:29:40.767,GRAVITA,1821.7,1.53,1728.52,1755.5,1690.48,2018.54,1.04,31.19,33.35,60.47,metals & mining,mining / minerals / metals,17.23,7.76,12.95,0.02,-0.02,1710.21,1636.08,0.1,2026-08-17,,,,
2026-08-17T17:29:40.767,DEEPAKNTR,1780.5,3.33,1688.83,1694.0,1720.59,1870.37,1.58,17.59,30.0,60.01,chemicals,chemicals,26.97,3.48,13.87,-0.0,0.11,1665.94,1587.02,-0.31,2026-08-17,,,,
2026-08-17T17:29:40.767,BEML,1908.5,1.82,1842.79,1865.1,1784.48,2094.53,1.16,-147.26,77.07,61.96,aerospace & defence,engineering,19.89,6.95,5.35,0.01,0.02,1778.35,1701.24,-0.51,2026-08-17,,,,
2026-08-17T17:29:40.767,CONCORDBIO,1515.0,4.39,1408.46,1418.0,1407.55,1676.18,2.95,68.61,55.63,73.49,healthcare,pharmaceuticals - indian - bulk drugs & formln,26.99,7.63,12.14,0.18,0.02,1401.35,1337.02,-1.0,2026-08-17,,,,
2026-08-17T17:29:40.767,TEGA,1744.0,2.36,1654.83,1524.4,1573.2,2000.2,1.73,-38.01,449.55,67.19,industrials,engineering,15.09,10.86,-6.99,-0.02,-0.13,1606.83,1509.95,-1.35,2026-08-17,,,,
2026-08-17T17:29:40.767,ESCORTS,3133.6,0.64,3049.17,3071.4,3095.79,3190.31,0.44,22.33,24.77,65.06,auto,automobiles - tractors,36.31,1.22,-15.07,-0.2,-0.21,3032.72,2981.97,-1.97,2026-08-17,,,,
2026-08-17T17:29:40.767,AFFLE,1703.9,2.1,1617.98,1595.2,1658.83,1771.51,0.42,46.66,49.05,61.57,i.t,computers - software - medium / small,21.54,2.72,-1.73,0.01,-0.03,1577.37,1493.27,-2.52,2026-08-17,,,,
2026-08-17T17:29:40.767,JYOTICNC,857.95,3.75,813.2,789.55,815.54,921.56,0.79,85.45,58.48,61.3,industrials,engineering,28.12,5.2,-7.74,-0.05,-0.16,790.04,741.16,-2.57,2026-08-17,,,,
2026-08-17T17:29:40.767,JSWDULUX,3160.0,-0.23,3064.85,3066.0,3023.14,3365.29,0.73,45.12,7.35,58.53,building materials,paints / varnishes,24.26,4.53,1.58,-0.01,-0.07,2988.82,2914.44,-2.68,2026-08-17,,,,
2026-08-17T17:29:40.767,DLF,671.0,0.9,646.31,644.55,643.72,711.92,1.37,52.26,37.03,57.06,realty,construction,8.53,4.24,3.07,-0.01,-0.09,640.65,621.78,-2.77,2026-08-17,,,,
2026-08-17T17:29:40.767,COROMANDEL,2097.9,0.12,2041.14,2052.0,2066.5,2145.0,0.44,40.56,33.69,58.02,chemicals,fertilizers,13.91,1.52,-9.57,-0.15,-0.15,2020.6,1977.23,-3.01,2026-08-17,,,,
2026-08-17T17:29:40.767,JUBLFOOD,511.5,1.47,491.76,471.6,485.83,550.0,1.28,86.99,77.08,71.77,consumer discretionary,hotels,39.76,5.28,-3.21,-0.12,-0.19,474.45,447.77,-4.4,2026-08-17,,,,
2026-08-17T17:29:40.767,CLEAN,840.0,2.25,805.12,798.0,785.07,922.4,0.99,30.43,37.48,67.38,chemicals,chemicals,25.41,7.0,-2.32,0.02,-0.11,789.26,755.6,-6.26,2026-08-17,,,,
2026-08-17T17:29:40.767,URBANCO,144.6,0.15,139.8,137.39,139.16,152.76,0.63,-60.25,-65.04,62.73,i.t,miscellaneous,38.24,3.91,6.6,0.1,0.04,134.07,127.17,NaN,2026-08-17,,,,
2026-08-17T17:29:40.767,MEESHO,193.82,1.39,187.18,190.01,186.29,205.11,0.22,-173.05,-69.51,57.88,i.t,miscellaneous,13.46,4.04,18.26,0.17,NaN,183.93,177.25,NaN,2026-08-17,,,,
2026-08-14T13:28:23.386,WELCORP,1890.0,0.32,1836.72,1815.2,1815.45,2001.82,0.28,11.91,21.51,76.57,industrials,steel - large,42.83,4.11,155.26,1.09,1.13,1809.88,1753.79,28.75,2026-08-14,,,,
2026-08-14T13:28:23.386,GRANULES,855.6,-0.23,837.46,850.0,827.62,897.57,0.17,29.46,31.69,53.02,healthcare,pharmaceuticals - indian - bulk drugs & formln,21.23,3.38,44.85,0.38,0.49,809.64,784.17,21.62,2026-08-14,,,,
2026-08-14T13:28:23.386,BELRISE,258.27,1.51,246.15,249.46,245.96,276.73,0.66,42.2,41.64,66.34,auto,auto ancillaries,26.74,5.0,47.23,0.26,0.49,239.85,228.77,21.28,2026-08-14,,,,
2026-08-14T13:28:23.386,NEULANDLAB,23392.0,0.8,22569.4,22123.0,21529.82,26185.26,0.89,50.81,59.82,72.82,healthcare,pharmaceuticals - indian - bulk drugs,41.48,8.65,63.28,0.66,0.31,21569.93,20461.39,18.38,2026-08-14,,,,
2026-08-14T13:28:23.386,POWERINDIA,35830.0,1.33,34574.4,34225.0,33015.59,40051.61,0.58,135.74,137.01,62.48,industrials,electric equipment,24.72,8.52,109.46,0.45,0.57,33289.61,31784.31,18.33,2026-08-14,,,,
2026-08-14T13:28:23.386,BHEL,425.7,1.36,408.22,400.2,404.03,458.2,0.68,98.54,60.09,60.78,industrials,electric equipment,18.76,5.36,60.63,0.51,0.42,402.46,389.32,18.19,2026-08-14,,,,
2026-08-14T13:28:23.386,MOTHERSON,168.02,0.37,163.38,166.71,162.15,176.83,0.23,42.86,40.34,72.13,auto,auto ancillaries,31.04,3.62,46.99,0.17,0.4,158.92,152.75,18.17,2026-08-14,,,,
2026-08-14T13:28:23.386,HSCL,787.0,1.14,763.42,751.05,760.45,826.83,0.24,43.24,48.79,62.52,chemicals,chemicals,27.01,3.49,66.25,0.6,0.74,743.7,718.72,18.11,2026-08-14,,,,
2026-08-14T13:28:23.386,GLAND,2970.9,0.11,2887.67,2610.1,2686.57,3397.39,0.71,38.62,43.32,77.5,healthcare,pharmaceuticals - indian - formulations,46.68,10.58,72.82,0.51,0.63,2741.07,2637.6,13.32,2026-08-14,,,,
2026-08-14T13:28:23.386,NYKAA,330.2,-0.29,321.98,320.75,328.79,332.31,0.16,294.82,372.08,55.43,i.t,trading,33.5,0.43,29.85,0.09,0.19,314.87,306.07,12.94,2026-08-14,,,,
2026-08-14T13:28:23.386,FINCABLES,1262.0,1.02,1207.02,1010.45,1067.66,1553.51,0.97,19.38,23.88,73.43,industrials,cables - power,30.96,18.2,65.76,0.42,0.63,1127.18,1048.02,12.17,2026-08-14,,,,
2026-08-14T13:28:23.386,MINDACORP,729.75,2.49,702.37,706.55,712.79,755.19,8.14,20.85,33.46,58.85,auto,auto ancillaries,27.14,2.38,26.96,0.14,0.21,660.65,648.08,11.99,2026-08-14,,,,
2026-08-14T13:28:23.386,TITAN,5072.3,0.17,4945.47,4886.2,5045.22,5112.92,0.37,63.31,78.0,69.38,consumer discretionary,diamond cutting / jewellery,51.3,0.54,19.67,0.09,0.26,4872.4,4740.68,11.24,2026-08-14,,,,
2026-08-14T13:28:23.386,AJANTPHARM,3653.3,1.07,3531.04,3468.1,3463.04,3938.69,0.48,34.14,39.79,68.76,healthcare,pharmaceuticals - indian - formulations,32.1,5.49,33.8,0.16,0.38,3468.57,3377.32,10.8,2026-08-14,,,,
2026-08-14T13:28:23.386,ACMESOLAR,375.9,0.37,366.03,362.75,360.59,398.87,0.12,25.33,38.25,55.05,realty,engineering - turnkey services,17.2,4.25,67.68,0.55,0.58,356.35,344.79,10.68,2026-08-14,,,,
2026-08-14T13:28:23.386,TVSMOTOR,4332.0,-0.24,4211.16,4297.1,4487.59,4098.61,0.31,50.47,60.18,65.8,auto,automobiles - motorcycles / mopeds,46.53,-3.47,15.36,0.03,0.19,4173.84,4063.22,10.51,2026-08-14,,,,
2026-08-14T13:28:23.386,VIJAYA,1479.3,-0.48,1435.7,1352.4,1377.77,1631.59,0.34,71.67,81.54,64.86,healthcare,healthcare,31.96,7.37,48.14,0.37,0.43,1342.74,1269.01,10.36,2026-08-14,,,,
2026-08-14T13:28:23.386,BAJAJ-AUTO,11727.0,0.57,11431.7,11607.0,11871.79,11509.81,0.45,25.38,27.69,66.95,auto,automobiles - scooters and 3 - wheelers,56.31,-1.22,22.74,0.1,0.25,11345.95,11118.17,10.24,2026-08-14,,,,
2026-08-14T13:28:23.386,EICHERMOT,8100.5,0.01,7869.4,7938.0,8033.72,8200.67,0.27,37.99,38.49,66.07,auto,automobiles - motorcycles / mopeds,31.06,0.83,9.41,-0.06,0.11,7853.18,7691.69,9.45,2026-08-14,,,,
2026-08-14T13:28:23.386,DIVISLAB,8504.0,0.05,8296.19,8258.5,8542.15,8446.78,0.51,62.62,77.13,73.04,healthcare,pharmaceuticals - indian - bulk drugs,58.67,-0.45,32.13,0.27,0.27,8131.08,7921.89,9.21,2026-08-14,,,,
2026-08-14T13:28:23.386,HEG,705.9,2.75,671.59,668.0,692.31,726.28,1.71,27.84,36.96,72.61,industrials,electrodes - graphites,55.69,1.96,28.33,0.22,0.29,664.36,638.51,8.71,2026-08-14,,,,
2026-08-14T13:28:23.386,FLUOROCHEM,4797.4,1.75,4643.53,4401.8,4545.19,5175.71,1.98,59.46,84.66,68.73,chemicals,chemicals,39.98,5.55,38.88,0.31,0.35,4387.62,4180.88,8.16,2026-08-14,,,,
2026-08-14T13:28:23.386,RKFORGE,735.65,0.32,714.32,728.45,730.29,743.7,0.14,71.28,124.5,73.83,industrials,castings & forgings,49.38,0.74,48.11,0.17,0.29,688.14,658.66,8.08,2026-08-14,,,,
2026-08-14T13:28:23.386,NESTLEIND,1510.4,0.23,1468.14,1491.3,1514.65,1504.02,0.42,75.98,76.22,56.53,fmcg,food - processing - mnc,16.83,-0.28,14.56,0.07,0.16,1449.21,1408.72,7.99,2026-08-14,,,,
2026-08-14T13:28:23.386,ZENTEC,1854.6,1.24,1795.16,1701.0,1673.03,2126.96,0.3,121.06,91.41,62.42,aerospace & defence,miscellaneous,17.03,10.85,50.06,0.27,0.27,1748.77,1683.6,7.8,2026-08-14,,,,
2026-08-14T13:28:23.386,APLAPOLLO,2092.4,1.36,1996.26,1951.7,1976.94,2265.6,0.51,55.18,46.63,73.76,industrials,steel - large,26.25,5.84,9.87,-0.15,0.18,1982.27,1900.68,7.31,2026-08-14,,,,
2026-08-14T13:28:23.386,CHOLAFIN,1905.6,-1.16,1859.06,1862.0,1878.88,1945.68,0.23,24.52,28.42,59.23,financials,finance & investments,20.8,1.42,12.05,0.01,0.06,1814.1,1753.57,6.68,2026-08-14,,,,
2026-08-14T13:28:23.386,BOSCHLTD,47025.0,0.59,45550.4,42620.0,43336.2,52558.19,0.46,49.11,58.35,77.96,auto,auto ancillaries,36.53,8.51,24.06,0.19,0.26,44745.88,43156.53,5.97,2026-08-14,,,,
2026-08-14T13:28:23.386,ANTHEM,882.1,0.82,848.34,843.05,847.79,933.56,0.31,103.53,85.36,71.93,healthcare,pharmaceuticals - indian - bulk drugs & formln,32.47,4.05,40.18,0.16,0.34,831.94,795.91,5.64,2026-08-14,,,,
2026-08-14T13:28:23.386,KPIL,1365.5,0.03,1315.94,1299.8,1289.32,1479.76,0.22,18.8,20.51,58.81,realty,transmisson line towers / equipment,24.5,5.91,21.1,0.14,0.1,1269.69,1202.22,4.96,2026-08-14,,,,
2026-08-14T13:28:23.386,TBOTEK,1649.7,2.79,1568.0,1589.0,1599.23,1725.4,0.57,53.08,64.87,63.79,i.t,travel agencies,33.02,3.16,7.42,0.03,-0.04,1533.81,1460.0,4.32,2026-08-14,,,,
2026-08-14T13:28:23.386,GLENMARK,2320.2,0.01,2266.54,2245.0,2229.96,2455.56,0.76,33.9,36.41,61.53,healthcare,pharmaceuticals - indian - bulk drugs & formln,13.19,4.05,15.54,0.05,0.15,2231.76,2186.82,4.12,2026-08-14,,,,
2026-08-14T13:28:23.386,UNITDSPR,1536.5,1.42,1479.9,1503.0,1542.32,1527.77,0.4,58.91,57.13,64.75,fmcg,breweries & distilleries,41.11,-0.38,16.52,-0.0,0.02,1479.72,1446.13,3.97,2026-08-14,,,,
2026-08-14T13:28:23.386,ELGIEQUIP,613.05,6.33,573.3,569.45,570.7,676.58,11.68,37.75,42.3,63.02,industrials,compressors / drilling equipment,15.41,7.42,39.3,0.1,0.16,576.03,554.21,3.88,2026-08-14,,,,
2026-08-14T13:28:23.386,PIDILITIND,1702.5,0.38,1650.71,1652.8,1668.02,1754.22,0.44,49.66,65.18,65.76,chemicals,chemicals,22.77,2.07,13.61,0.05,0.12,1644.74,1605.31,3.23,2026-08-14,,,,
2026-08-14T13:28:23.386,PVRINOX,1181.0,0.42,1144.64,1130.1,1177.25,1186.63,0.17,51.35,25.97,67.78,media,entertainment / electronic media software,47.87,0.32,13.33,0.01,0.07,1104.11,1055.14,3.15,2026-08-14,,,,
2026-08-14T13:28:23.386,TIMKEN,3286.9,0.82,3179.32,3164.7,3202.67,3413.24,0.2,51.65,57.55,53.52,industrials,bearings,20.59,2.63,8.13,-0.03,0.01,3121.6,3027.22,2.84,2026-08-14,,,,
2026-08-14T13:28:23.386,360ONE,1179.9,-0.26,1149.54,1140.0,1162.28,1206.33,0.2,36.28,38.0,59.13,financials,finance & investments,12.41,1.52,3.87,-0.05,-0.04,1121.35,1089.04,2.78,2026-08-14,,,,
2026-08-14T13:28:23.386,UNOMINDA,1241.5,0.12,1205.5,1230.1,1248.21,1231.44,0.16,60.62,59.47,61.4,auto,auto ancillaries,21.15,-0.54,3.41,-0.08,-0.08,1182.44,1143.55,2.68,2026-08-14,,,,
2026-08-14T13:28:23.386,PNB,118.08,0.42,115.3,112.3,115.29,122.26,0.38,5.83,6.13,68.74,bank,banks - public sector,29.45,2.42,-4.82,-0.1,-0.08,113.6,111.06,2.62,2026-08-14,,,,
2026-08-14T13:28:23.386,HAL,5011.0,1.33,4825.72,4803.4,4848.86,5254.21,0.96,52.7,35.48,73.83,aerospace & defence,engineering,28.28,3.34,12.55,0.11,0.07,4752.7,4582.98,2.48,2026-08-14,,,,
2026-08-14T13:28:23.386,PERSISTENT,5601.5,1.42,5338.06,5390.0,5532.15,5705.53,0.58,45.35,44.84,65.18,i.t,computers - software - large,19.41,1.25,-11.89,-0.05,-0.15,5305.94,5097.77,2.04,2026-08-14,,,,
2026-08-14T13:28:23.386,ETERNAL,319.4,0.44,310.46,306.2,314.46,326.82,0.73,798.5,676.6,65.48,i.t,miscellaneous,37.27,1.57,8.49,-0.01,0.03,303.55,297.26,1.8,2026-08-14,,,,
2026-08-14T13:28:23.386,BEL,411.6,0.27,400.08,399.25,391.55,441.67,0.38,71.46,48.87,58.81,aerospace & defence,electronics - components,16.31,5.12,-0.48,-0.15,-0.03,398.36,389.33,1.02,2026-08-14,,,,
2026-08-14T13:28:23.386,LODHA,1243.8,0.93,1202.46,1185.0,1227.41,1268.39,0.3,22.65,29.83,60.9,realty,construction,35.58,1.34,15.82,0.06,0.05,1171.37,1127.85,0.65,2026-08-14,,,,
2026-08-14T13:28:23.386,JSL,741.0,0.76,718.98,712.5,727.58,761.13,0.17,19.83,18.65,57.12,metals & mining,steel - large,13.52,1.84,-5.48,-0.15,-0.07,711.39,689.19,0.24,2026-08-14,,,,
2026-08-14T13:28:23.386,POLICYBZR,1744.0,0.0,1697.46,1590.2,1638.72,1901.92,0.14,123.51,107.46,67.12,i.t,miscellaneous,24.8,6.42,6.47,0.03,-0.07,1647.25,1579.69,0.1,2026-08-14,,,,
2026-08-14T13:28:23.386,GLAXO,2680.0,0.46,2595.04,2576.1,2620.73,2768.9,0.27,47.86,43.02,67.93,healthcare,pharmaceuticals - multinational,31.17,2.26,13.13,-0.08,0.01,2563.91,2481.84,-0.1,2026-08-14,,,,
2026-08-14T13:28:23.386,APOLLOTYRE,445.3,0.51,432.08,438.95,435.85,459.48,0.17,20.17,16.42,60.21,auto,tyres,16.1,2.17,-14.41,-0.18,-0.16,428.11,416.57,-0.17,2026-08-14,,,,
2026-08-14T13:28:23.386,BERGEPAINT,551.75,0.99,532.14,530.8,535.53,576.09,1.2,39.75,52.33,61.67,building materials,paints / varnishes,31.43,3.03,5.95,0.1,-0.06,513.44,493.95,-0.2,2026-08-14,,,,
2026-08-14T13:28:23.386,MMTC,64.54,1.02,62.72,63.3,62.25,67.97,0.1,23.38,21.44,52.61,services,trading,11.37,3.67,1.57,-0.09,0.03,61.42,59.54,-0.21,2026-08-14,,,,
2026-08-14T13:28:23.386,SUMICHEM,553.0,1.84,531.99,530.0,525.73,593.9,0.12,32.15,46.77,61.66,chemicals,pesticides / agrochemicals - indian,23.73,5.19,25.35,0.23,0.15,515.2,489.85,-0.72,2026-08-14,,,,
2026-08-14T13:28:23.386,ZFCVINDIA,2635.0,0.72,2555.84,2594.0,2558.05,2750.42,0.14,71.76,12.04,61.4,auto,auto ancillaries,26.74,3.01,-6.76,-0.23,-0.04,2520.88,2442.9,-0.74,2026-08-14,,,,
2026-08-14T13:28:23.386,ECLERX,1908.4,2.09,1824.86,1733.0,1836.18,2016.73,0.34,26.71,15.82,59.73,i.t,computers - software - medium / small,27.93,3.93,-16.89,-0.06,-0.19,1742.72,1635.46,-1.16,2026-08-14,,,,
2026-08-14T13:28:23.386,MPHASIS,2538.7,-0.09,2450.98,2472.0,2447.36,2675.71,0.32,24.74,25.35,63.32,i.t,computers - software - large,12.81,3.73,-11.66,-0.05,-0.13,2409.32,2322.39,-1.17,2026-08-14,,,,
2026-08-14T13:28:23.386,MAZDOCK,2584.4,0.52,2502.92,2485.9,2460.43,2770.35,0.8,47.44,36.29,67.68,aerospace & defence,miscellaneous,27.4,5.04,4.15,-0.01,-0.07,2456.11,2379.19,-1.43,2026-08-14,,,,
2026-08-14T13:28:23.386,TEGA,1720.0,3.02,1630.62,1524.4,1551.19,1973.21,2.62,-37.49,440.5,64.75,industrials,engineering,16.06,10.88,-8.41,-0.1,-0.14,1579.62,1487.04,-1.61,2026-08-14,,,,
2026-08-14T13:28:23.386,LTFOODS,423.65,1.12,409.98,415.4,417.69,432.6,0.37,20.06,22.72,64.53,fmcg,food - processing - indian,29.66,1.43,13.37,-0.09,0.0,400.81,385.98,-1.7,2026-08-14,,,,
2026-08-14T13:28:23.386,SARDAEN,525.25,0.37,502.5,487.9,497.77,566.47,1.27,10.1,16.33,59.43,metals & mining,steel - medium / small,15.22,5.52,8.91,-0.03,0.04,487.95,462.33,-2.07,2026-08-14,,,,
2026-08-14T13:28:23.386,DEVYANI,143.06,3.29,135.49,131.76,130.76,161.52,1.56,298.04,-629.59,73.66,consumer discretionary,hotels,44.01,9.41,6.67,-0.02,0.02,129.28,120.89,-2.17,2026-08-14,,,,
2026-08-14T13:28:23.386,ESCORTS,3111.0,0.57,3018.4,3059.0,3085.36,3149.45,0.14,22.17,24.61,62.56,auto,automobiles - tractors,35.6,0.83,-16.41,-0.21,-0.21,3010.09,2938.41,-2.25,2026-08-14,,,,
2026-08-14T13:28:23.386,MGL,1142.4,1.47,1104.85,1114.0,1105.07,1198.4,0.7,14.62,15.55,57.02,energy,miscellaneous,26.24,3.38,7.42,-0.09,-0.08,1082.51,1057.79,-2.56,2026-08-14,,,,
2026-08-14T13:28:23.386,BDL,1383.6,0.59,1324.08,1280.0,1273.38,1548.93,1.64,111.94,119.92,67.77,aerospace & defence,engineering,14.93,8.66,-9.06,0.0,-0.12,1310.5,1262.98,-2.74,2026-08-14,,,,
2026-08-14T13:28:23.386,DIXON,14118.0,0.59,13719.02,13645.0,13956.54,14360.19,0.22,29.91,40.81,57.21,consumer discretionary,electronics - consumer,23.68,1.16,25.63,0.12,-0.07,13467.9,13019.32,-2.85,2026-08-14,,,,
2026-08-14T13:28:23.386,AFFLE,1671.9,1.76,1599.85,1578.0,1651.03,1703.21,0.18,45.78,48.3,58.82,i.t,computers - software - medium / small,21.81,1.26,-3.52,-0.05,-0.03,1545.56,1455.21,-2.97,2026-08-14,,,,
2026-08-14T13:28:23.386,JSWDULUX,3163.5,1.28,3053.78,2975.6,2998.09,3411.61,0.34,45.17,7.25,58.98,building materials,paints / varnishes,22.86,5.52,1.97,-0.03,-0.08,2992.75,2880.39,-2.97,2026-08-14,,,,
2026-08-14T13:28:23.386,HAVELLS,1296.2,2.06,1236.96,1254.3,1283.88,1314.68,0.5,69.99,48.77,66.63,consumer discretionary,electric equipment,21.3,0.96,-9.43,-0.15,-0.13,1250.68,1223.74,-3.05,2026-08-14,,,,
2026-08-14T13:28:23.386,DLF,665.0,0.15,646.41,639.3,641.85,699.72,0.22,51.79,36.97,54.99,realty,construction,8.51,3.61,1.99,-0.06,-0.11,635.2,616.46,-3.05,2026-08-14,,,,
2026-08-14T13:28:23.386,COROMANDEL,2097.5,0.42,2033.6,2049.6,2061.9,2150.9,0.14,40.55,33.59,57.92,chemicals,fertilizers,13.62,1.73,-10.76,-0.15,-0.15,2016.23,1963.78,-3.4,2026-08-14,,,,
2026-08-14T13:28:23.386,JUBLFOOD,505.85,2.91,485.1,471.6,479.2,545.82,3.22,86.03,75.16,70.35,consumer discretionary,hotels,37.78,5.56,-4.17,-0.14,-0.19,465.37,450.16,-4.51,2026-08-14,,,,
2026-08-14T13:28:23.386,SAPPHIRE,235.36,0.89,226.87,212.8,213.97,267.44,0.55,133.73,-466.58,73.68,consumer discretionary,hotels,37.25,10.0,3.97,-0.02,-0.09,210.96,196.88,-4.84,2026-08-14,,,,
2026-08-14T13:28:23.386,WIPRO,184.51,0.77,179.44,181.72,185.63,182.83,0.29,14.41,14.51,54.35,i.t,computers - software - large,22.72,-0.6,-29.9,-0.22,-0.29,178.1,174.62,-5.71,2026-08-14,,,,
2026-08-14T13:28:23.386,BLS,276.15,2.02,263.18,252.1,254.55,308.56,1.31,14.94,15.78,74.41,i.t,computers - software - medium / small,29.81,8.49,-7.06,-0.09,-0.19,257.99,247.03,-6.79,2026-08-14,,,,
2026-08-14T13:28:23.386,BATAINDIA,758.3,4.21,710.89,697.0,707.98,833.78,2.49,38.07,64.0,67.37,consumer discretionary,leather / leather products,26.75,7.11,-16.41,-0.21,-0.27,700.87,667.45,-8.48,2026-08-14,,,,
2026-08-14T13:28:23.386,URBANCO,144.35,2.13,137.03,137.39,138.12,153.69,1.11,-60.15,-63.67,62.42,i.t,miscellaneous,37.47,4.51,6.64,0.1,0.03,132.79,125.42,NaN,2026-08-14,,,,
2026-08-14T13:28:23.386,LGEINDIA,1717.0,8.79,1578.78,1546.6,1541.86,1979.71,11.94,42.04,63.56,72.92,consumer discretionary,electronics - consumer,12.42,11.36,22.8,0.08,0.0,1609.1,1546.18,NaN,2026-08-14,,,,
2026-08-14T13:28:23.386,TMCV,475.4,0.13,463.83,444.1,449.4,514.4,0.71,17.1,41.72,72.31,auto,automobiles - lcvs / hcvs,35.31,5.79,12.26,-0.12,0.31,445.91,434.7,NaN,2026-08-14,,,,
2026-08-14T13:28:23.386,LENSKART,612.55,2.62,585.79,566.1,576.97,665.92,0.98,119.64,155.85,76.46,fmcg,personal care - indian,42.16,6.17,37.14,0.1,0.44,575.12,550.5,NaN,2026-08-14,,,,
2026-07-31T15:39:35.549,ATHERENERG,1264.9,1.93,1207.46,1191.1,1256.05,1278.17,0.71,-120.7,-88.95,62.44,auto,automobiles - scooters and 3 - wheelers,50.15,0.7,72.82,0.88,0.88,1170.51,1109.41,59.53,2026-07-31,,,,
2026-07-31T15:39:35.549,LAURUSLABS,1815.0,1.89,1749.3,1617.1,1671.59,2030.12,1.07,66.63,87.92,81.63,healthcare,pharmaceuticals - indian - bulk drugs & formln,45.46,8.58,66.31,0.73,0.76,1719.37,1659.25,28.83,2026-07-31,,,,
2026-07-31T15:39:35.549,RRKABEL,2602.0,1.55,2541.14,2453.0,2420.35,2874.47,0.69,35.86,47.69,66.95,industrials,cables - power,31.6,7.5,81.57,0.75,0.83,2362.21,2240.97,20.81,2026-07-31,,,,
2026-07-31T15:39:35.549,BHARATFORG,2205.0,1.86,2118.27,2141.4,2152.17,2284.24,0.85,113.43,95.87,61.78,industrials,castings & forgings,24.64,2.45,51.63,0.41,0.53,2116.23,2057.24,19.41,2026-07-31,,,,
2026-07-31T15:39:35.549,FEDERALBNK,358.65,1.27,347.65,352.85,354.36,365.08,0.31,17.62,18.62,71.27,bank,banks - private sector,44.53,1.21,34.38,0.15,0.47,347.04,339.38,16.3,2026-07-31,,,,
2026-07-31T15:39:35.549,CHENNPETRO,1258.8,1.66,1197.85,1150.0,1206.69,1336.96,1.04,4.54,4.42,58.53,energy,refineries,21.07,4.32,57.77,0.34,0.18,1125.54,1040.79,15.33,2026-07-31,,,,
2026-07-31T15:39:35.549,SAILIFE,1320.0,0.37,1277.53,1239.3,1273.24,1390.14,0.67,66.94,79.18,63.85,healthcare,pharmaceuticals - indian - bulk drugs & formln,24.39,3.67,45.04,0.46,0.46,1254.36,1223.13,14.84,2026-07-31,,,,
2026-07-31T15:39:35.549,ANANDRATHI,2075.0,1.75,2005.08,2003.1,2053.19,2107.71,0.25,52.83,43.97,61.05,financials,finance & investments,28.14,1.06,34.28,0.33,0.33,1983.13,1928.23,12.62,2026-07-31,,,,
2026-07-31T15:39:35.549,MOTHERSON,150.9,2.85,143.49,143.86,143.11,162.59,1.04,26.57,37.62,62.76,auto,auto ancillaries,17.79,5.45,26.72,0.23,0.33,142.66,137.97,12.6,2026-07-31,,,,
2026-07-31T15:39:35.549,KARURVYSYA,342.55,0.66,333.79,334.0,334.15,355.16,0.52,10.95,11.98,69.0,bank,banks - private sector,23.69,2.52,32.41,0.05,0.33,325.05,316.13,12.13,2026-07-31,,,,
2026-07-31T15:39:35.549,TVSMOTOR,4311.0,2.44,4114.04,3850.0,3913.2,4907.71,2.35,50.22,58.33,80.54,auto,automobiles - motorcycles / mopeds,32.25,10.17,18.63,0.08,0.23,4078.93,3918.88,11.8,2026-07-31,,,,
2026-07-31T15:39:35.549,GABRIEL,1443.0,3.66,1368.08,1369.0,1403.37,1502.45,0.47,59.53,65.2,62.66,auto,auto ancillaries,43.96,2.82,44.15,0.42,0.2,1314.96,1225.32,10.01,2026-07-31,,,,
2026-07-31T15:39:35.549,TITAN,4885.0,0.72,4724.48,4686.9,4768.47,5059.8,1.14,91.96,84.81,78.01,consumer discretionary,diamond cutting / jewellery,39.6,2.44,22.92,0.13,0.23,4746.91,4644.34,9.62,2026-07-31,,,,
2026-07-31T15:39:35.549,EMCURE,1961.0,2.62,1865.92,1880.0,1860.43,2111.86,1.44,38.18,39.18,65.95,healthcare,pharmaceuticals - indian - bulk drugs & formln,32.22,5.41,40.86,0.23,0.38,1840.89,1788.8,9.61,2026-07-31,,,,
2026-07-31T15:39:35.549,LLOYDSME,2036.0,1.04,1974.8,1928.0,1954.88,2157.69,1.61,19.01,28.87,66.52,metals & mining,mining / minerals / metals,31.18,4.15,57.33,0.7,0.53,1885.93,1837.38,9.49,2026-07-31,,,,
2026-07-31T15:39:35.549,AUBANK,1046.0,1.48,1014.2,1021.0,999.06,1116.41,1.12,24.6,26.97,54.6,bank,banks - private sector,20.0,4.7,5.02,-0.02,0.14,988.67,957.08,9.34,2026-07-31,,,,
2026-07-31T15:39:35.549,MANAPPURAM,371.9,0.96,359.95,354.65,353.15,400.03,1.75,19.49,31.4,72.17,financials,finance & investments,23.69,5.31,20.35,0.2,0.28,350.51,339.57,8.82,2026-07-31,,,,
2026-07-31T15:39:35.549,BAJAJ-AUTO,11519.0,0.76,11102.91,11094.0,11135.92,12093.62,0.49,24.93,27.15,74.16,auto,automobiles - scooters and 3 - wheelers,40.17,3.44,24.1,0.11,0.26,11019.59,10716.03,8.73,2026-07-31,,,,
2026-07-31T15:39:35.549,ASHOKLEY,165.69,4.81,155.99,152.84,151.27,187.33,1.85,18.83,22.75,64.2,auto,automobiles - lcvs / hcvs,11.76,9.54,-6.72,-0.22,0.08,156.42,150.48,7.35,2026-07-31,,,,
2026-07-31T15:39:35.549,LALPATHLAB,1900.0,1.13,1815.84,1790.1,1764.93,2102.6,0.66,46.8,45.29,73.8,healthcare,healthcare,34.04,7.65,30.32,0.24,0.17,1763.89,1677.91,6.58,2026-07-31,,,,
2026-07-31T15:39:35.549,DIVISLAB,8085.0,3.19,7713.09,7220.5,7528.78,8919.33,1.89,71.4,80.98,82.67,healthcare,pharmaceuticals - indian - bulk drugs,45.44,7.39,27.12,0.23,0.2,7681.84,7384.47,5.56,2026-07-31,,,,
2026-07-31T15:39:35.549,PAYTM,1337.4,0.37,1295.76,1270.1,1326.59,1353.61,0.79,97.19,131.15,63.69,i.t,miscellaneous,26.08,0.82,3.32,0.08,-0.01,1254.75,1215.36,5.33,2026-07-31,,,,
2026-07-31T15:39:35.549,SIEMENS,3742.0,2.27,3588.86,3576.1,3622.76,3920.85,1.29,89.95,83.69,60.67,industrials,electric equipment,21.96,3.29,23.54,0.11,0.17,3539.56,3454.13,4.79,2026-07-31,,,,
2026-07-31T15:39:35.549,HEROMOTOCO,5382.6,1.08,5191.55,5034.2,5058.22,5869.17,1.1,18.44,18.55,69.81,auto,automobiles - motorcycles / mopeds,24.98,6.41,-5.74,-0.1,-0.06,5132.59,4957.18,4.57,2026-07-31,,,,
2026-07-31T15:39:35.549,CHOLAFIN,1847.0,4.13,1743.81,1696.2,1732.24,2019.13,1.72,23.76,26.15,60.94,financials,finance & investments,18.31,6.62,8.58,0.04,0.04,1706.5,1617.22,4.16,2026-07-31,,,,
2026-07-31T15:39:35.549,BAJFINANCE,1141.2,8.32,1061.93,1026.6,1045.75,1284.37,3.93,29.66,32.26,73.88,financials,finance & investments,29.26,9.13,15.36,0.13,0.08,1064.5,1017.27,4.03,2026-07-31,,,,
2026-07-31T15:39:35.549,IDFCFIRSTB,84.84,0.09,82.82,83.7,82.11,88.93,0.5,15.95,32.6,66.08,bank,banks - private sector,34.81,3.32,1.18,-0.07,0.02,80.6,78.31,3.76,2026-07-31,,,,
2026-07-31T15:39:35.549,JINDALSTEL,1102.0,0.76,1071.73,1036.0,1033.59,1204.62,0.61,33.19,40.93,59.48,metals & mining,steel - large,29.06,6.62,7.93,-0.1,-0.01,1048.19,1019.83,2.91,2026-07-31,,,,
2026-07-31T15:39:35.549,SARDAEN,518.95,1.4,498.62,504.75,498.2,550.07,0.73,28.96,16.31,55.59,metals & mining,steel - medium / small,16.15,4.16,0.58,-0.02,-0.03,492.53,473.77,2.84,2026-07-31,,,,
2026-07-31T15:39:35.549,MRPL,169.7,1.71,161.99,159.0,167.65,172.78,0.56,7.86,9.31,56.39,energy,refineries,21.48,1.22,19.75,-0.12,-0.05,152.88,141.85,2.52,2026-07-31,,,,
2026-07-31T15:39:35.549,ANANTRAJ,622.0,2.03,596.33,586.3,607.71,643.43,1.35,37.2,38.08,64.72,realty,construction,23.22,2.35,14.33,0.14,-0.02,580.32,559.47,2.44,2026-07-31,,,,
2026-07-31T15:39:35.549,ANTHEM,810.0,3.26,767.39,769.05,769.75,870.38,1.47,95.07,76.53,63.55,healthcare,pharmaceuticals - indian - bulk drugs & formln,13.7,5.23,26.74,0.25,0.15,761.27,733.72,2.24,2026-07-31,,,,
2026-07-31T15:39:35.549,TECHM,1653.9,-0.91,1578.29,1571.0,1599.51,1735.48,1.28,25.01,28.81,70.81,i.t,computers - software - large,23.82,3.4,3.12,-0.13,0.11,1557.43,1492.68,1.94,2026-07-31,,,,
2026-07-31T15:39:35.549,CHOICEIN,823.0,3.04,781.06,791.05,808.67,844.49,1.41,67.46,70.87,64.86,financials,finance & investments,25.91,1.77,-0.96,-0.01,0.01,788.26,769.7,1.85,2026-07-31,,,,
2026-07-31T15:39:35.549,REDINGTON,320.55,3.09,300.81,260.2,271.22,394.54,3.63,12.88,14.29,75.84,services,trading,32.15,18.19,19.75,0.09,0.05,283.84,263.41,1.84,2026-07-31,,,,
2026-07-31T15:39:35.549,RKFORGE,652.1,4.1,611.72,595.0,594.51,738.49,2.05,63.19,106.35,69.59,industrials,castings & forgings,24.88,9.69,28.57,0.18,0.14,604.67,571.64,1.78,2026-07-31,,,,
2026-07-31T15:39:35.549,TBOTEK,1521.0,1.5,1479.21,1435.1,1445.87,1633.7,2.74,48.94,60.57,60.18,i.t,travel agencies,23.02,5.2,-7.81,0.01,-0.07,1411.81,1374.91,1.02,2026-07-31,,,,
2026-07-31T15:39:35.549,SBILIFE,1890.5,0.69,1833.19,1836.2,1852.61,1947.33,0.73,65.37,72.41,60.92,financials,finance & investments,22.89,2.04,-5.26,-0.13,-0.09,1815.96,1768.45,0.96,2026-07-31,,,,
2026-07-31T15:39:35.549,PFC,425.0,-0.29,411.94,411.0,407.17,451.75,1.72,5.01,5.43,56.2,financials,finance - term-lending institutions,13.03,4.38,21.75,0.03,0.1,408.96,399.03,0.72,2026-07-31,,,,
2026-07-31T15:39:35.549,OIL,459.25,0.51,442.18,435.4,447.5,476.88,0.42,8.89,11.23,59.9,energy,oil drilling / allied services,26.94,2.63,11.67,-0.17,0.02,435.39,417.64,0.64,2026-07-31,,,,
2026-07-31T15:39:35.549,HYUNDAI,2183.0,8.17,2048.2,1959.8,1961.87,2514.69,4.18,49.89,33.12,73.31,auto,automobiles - passenger cars,21.23,11.27,-5.13,-0.08,-0.1,2035.29,1949.5,0.54,2026-07-31,,,,
2026-07-31T15:39:35.549,M&M,3392.1,3.3,3178.43,3179.0,3180.03,3710.21,2.03,17.38,19.86,65.85,auto,automobiles - passenger cars,23.38,6.67,-7.32,-0.09,-0.11,3169.52,3067.48,0.53,2026-07-31,,,,
2026-07-31T15:39:35.549,PNB,112.65,0.91,109.46,110.32,109.93,116.73,0.58,5.57,5.82,63.68,bank,banks - public sector,18.36,2.47,-7.35,-0.17,-0.11,109.11,106.8,0.29,2026-07-31,,,,
2026-07-31T15:39:35.549,HAL,4644.0,1.37,4499.28,4500.1,4549.99,4785.01,0.89,18.5,33.61,65.07,aerospace & defence,engineering,14.37,2.07,7.37,-0.07,-0.05,4476.77,4376.35,-0.37,2026-07-31,,,,
2026-07-31T15:39:35.549,BAJAJFINSV,2030.2,6.33,1891.4,1885.0,1893.54,2235.19,3.19,31.92,31.05,71.88,financials,finance & investments,23.76,7.22,0.2,-0.04,-0.05,1922.04,1847.32,-0.44,2026-07-31,,,,
2026-07-31T15:39:35.549,PERSISTENT,5534.0,0.35,5158.13,5237.0,5296.57,5890.15,1.78,40.9,46.06,67.22,i.t,computers - software - large,20.22,4.48,-10.5,-0.16,-0.12,5118.3,4852.52,-0.49,2026-07-31,,,,
2026-07-31T15:39:35.549,ULTRACEMCO,11884.0,0.31,11563.02,11730.0,11856.03,11925.95,1.18,33.62,40.81,55.54,building materials,cement - north india,11.5,0.24,1.53,-0.14,-0.03,11436.56,11225.99,-0.84,2026-07-31,,,,
2026-07-31T15:39:35.549,CAMS,795.1,0.25,771.36,762.0,758.56,849.91,0.78,38.98,14.3,55.94,financials,miscellaneous,12.49,4.82,8.75,0.05,-0.02,755.64,738.54,-1.02,2026-07-31,,,,
2026-07-31T15:39:35.549,ACE,1070.0,1.21,1031.94,1032.6,1016.76,1149.86,0.56,26.64,28.8,61.68,industrials,engineering,36.02,5.24,15.67,0.16,0.05,991.22,936.64,-1.06,2026-07-31,,,,
2026-07-31T15:39:35.549,COFORGE,1722.0,-1.43,1648.07,1489.4,1557.55,1968.68,0.93,34.89,35.48,70.29,i.t,computers - software - large,18.14,10.56,4.11,-0.04,-0.08,1584.56,1498.27,-1.3,2026-07-31,,,,
2026-07-31T15:39:35.549,RECLTD,372.85,-0.55,362.6,356.9,359.23,393.28,0.65,5.86,6.17,63.42,financials,finance - term-lending institutions,19.27,3.79,6.26,-0.06,0.01,357.84,347.73,-1.32,2026-07-31,,,,
2026-07-31T15:39:35.549,ZEEL,114.18,1.76,110.15,105.8,103.95,129.52,1.47,-26.43,39.65,63.96,media,entertainment / electronic media software,17.88,9.84,27.88,0.25,0.1,105.08,101.4,-1.45,2026-07-31,,,,
2026-07-31T15:39:35.549,BPCL,320.2,1.39,308.11,312.85,311.94,332.58,0.62,-18.28,7.88,58.71,energy,refineries,14.74,2.65,-13.26,-0.19,-0.17,306.56,296.52,-1.59,2026-07-31,,,,
2026-07-31T15:39:35.549,BALKRISIND,2459.9,6.63,2274.58,2005.0,2004.17,3143.49,10.25,26.37,31.73,72.61,auto,tyres,21.12,22.74,6.54,-0.02,0.02,2232.51,2113.26,-1.76,2026-07-31,,,,
2026-07-31T15:39:35.549,PFIZER,4826.8,0.53,4684.4,4602.1,4666.68,5066.98,0.86,27.0,29.88,66.3,healthcare,pharmaceuticals - multinational,16.97,3.43,-2.01,-0.03,-0.08,4627.99,4500.17,-2.09,2026-07-31,,,,
2026-07-31T15:39:35.549,FSL,302.0,0.79,280.33,255.77,270.35,349.47,2.18,25.42,30.7,75.2,i.t,computers - software - medium / small,25.58,11.71,-7.63,-0.13,-0.2,273.12,253.55,-2.84,2026-07-31,,,,
2026-07-31T15:39:35.549,ESCORTS,3085.9,2.4,2950.0,2915.4,2934.19,3313.47,2.38,26.48,13.85,67.06,auto,automobiles - tractors,24.72,5.17,-16.82,-0.16,-0.16,2961.04,2880.49,-2.99,2026-07-31,,,,
2026-07-31T15:39:35.549,HCLTECH,1345.7,-0.52,1268.41,1277.3,1289.23,1430.4,0.81,19.69,21.01,73.5,i.t,computers - software - large,31.29,4.38,-16.65,-0.27,-0.18,1269.15,1222.54,-3.01,2026-07-31,,,,
2026-07-31T15:39:35.549,GLAXO,2651.0,1.54,2513.41,2494.1,2549.29,2803.56,1.02,40.41,43.43,70.34,healthcare,pharmaceuticals - multinational,37.35,3.99,11.2,0.02,0.03,2493.25,2402.95,-3.07,2026-07-31,,,,
2026-07-31T15:39:35.549,LTFOODS,412.9,3.98,390.82,368.0,374.31,470.78,3.53,19.55,21.53,68.28,fmcg,food - processing - indian,15.79,10.31,8.11,0.02,-0.03,385.41,368.7,-3.08,2026-07-31,,,,
2026-07-31T15:39:35.549,SUPREMEIND,3478.0,0.52,3361.4,3297.0,3395.13,3602.3,0.67,39.34,42.57,54.62,plastic products,plastics products,11.28,2.44,6.23,-0.09,-0.09,3262.52,3104.01,-3.7,2026-07-31,,,,
2026-07-31T15:39:35.549,CASTROLIND,185.33,0.28,181.23,183.61,183.55,188.0,0.75,18.91,18.96,56.23,chemicals,chemicals,35.97,0.97,-1.59,-0.07,-0.07,182.36,180.42,-4.06,2026-07-31,,,,
2026-07-31T15:39:35.549,BAJAJHLDNG,11335.0,3.33,10731.98,10631.0,10520.69,12556.47,1.64,12.25,12.67,69.4,financials,finance & investments,16.27,7.74,3.21,-0.03,-0.13,10831.03,10585.05,-4.24,2026-07-31,,,,
2026-07-31T15:39:35.549,LTTS,3540.3,-0.53,3387.17,3444.1,3441.77,3688.09,0.69,26.33,28.58,59.78,i.t,computers - software - large,22.61,2.86,-20.23,-0.12,-0.16,3314.48,3184.82,-4.25,2026-07-31,,,,
2026-07-31T15:39:35.549,ICICIPRULI,517.05,1.26,498.82,501.9,502.61,538.72,0.54,48.59,43.64,58.15,financials,finance & investments,17.25,2.87,-20.92,-0.25,-0.21,498.54,484.81,-4.28,2026-07-31,,,,
2026-07-31T15:39:35.549,JIOFIN,256.4,3.83,242.06,235.26,235.9,287.15,2.71,50.47,76.69,65.89,financials,finance & investments,13.78,8.69,-12.31,-0.07,-0.21,241.97,231.81,-4.33,2026-07-31,,,,
2026-07-31T15:39:35.549,BLUEJET,624.0,1.89,598.78,570.5,587.15,679.28,2.07,42.05,42.83,67.9,healthcare,pharmaceuticals - indian - bulk drugs & formln,46.28,6.28,20.2,0.38,0.05,581.98,555.51,-4.33,2026-07-31,,,,
2026-07-31T15:39:35.549,CONCORDBIO,1419.9,6.76,1306.34,1244.5,1276.19,1635.47,1.72,41.96,53.67,68.55,healthcare,pharmaceuticals - indian - bulk drugs & formln,18.16,11.26,5.97,0.11,-0.09,1312.56,1241.55,-5.33,2026-07-31,,,,
2026-07-31T15:39:35.549,BLUEDART,5127.0,2.01,4893.14,4922.9,4902.84,5463.24,3.02,62.25,48.21,61.53,transportation,couriers,23.54,4.57,-7.49,-0.14,-0.17,4861.84,4720.97,-5.46,2026-07-31,,,,
2026-07-31T15:39:35.549,SONATSOFTW,320.5,3.76,295.57,289.45,298.15,354.03,0.64,17.01,18.45,62.59,i.t,computers - software - medium / small,31.18,7.5,-10.08,-0.07,-0.17,286.26,264.69,-5.48,2026-07-31,,,,
2026-07-31T15:39:35.549,BRIGADE,577.0,2.11,553.7,526.15,550.73,616.41,0.87,24.24,21.44,60.56,realty,construction,22.54,4.77,-11.49,-0.06,-0.21,544.8,525.65,-6.24,2026-07-31,,,,
2026-07-31T15:39:35.549,IEX,131.92,0.4,128.43,124.5,125.09,142.16,0.67,21.7,23.05,62.52,financials,miscellaneous,16.29,5.46,0.0,-0.04,-0.07,124.5,120.51,-6.32,2026-07-31,,,,
2026-07-31T15:39:35.549,INFY,1129.9,-2.18,1085.06,1057.4,1079.35,1205.72,0.92,14.72,15.58,56.98,i.t,computers - software - large,14.33,4.68,-30.28,-0.37,-0.27,1051.45,1002.01,-6.96,2026-07-31,,,,
2026-07-31T15:39:35.549,LATENTVIEW,317.0,2.11,301.35,299.0,304.57,335.64,0.5,31.08,32.37,58.4,i.t,computers - software - medium / small,18.49,4.08,-31.04,-0.28,-0.37,293.55,276.77,-7.04,2026-07-31,,,,
2026-07-31T15:39:35.549,SIGNATURE,816.0,0.31,794.98,780.55,786.99,859.52,0.38,2.49,10.44,54.66,realty,construction,15.86,3.69,-26.74,-0.17,-0.29,763.98,733.46,-7.72,2026-07-31,,,,
2026-07-31T15:39:35.549,KAYNES,3785.0,4.51,3549.76,3162.1,3294.3,4521.05,2.58,71.04,66.03,69.27,consumer discretionary,electronics - components,19.89,14.9,-3.76,0.0,-0.42,3442.56,3260.53,-8.48,2026-07-31,,,,
2026-07-31T15:39:35.549,NEWGEN,554.6,0.3,522.68,504.2,533.64,586.04,0.28,31.23,24.82,59.89,i.t,computers - software - medium / small,26.61,3.93,-32.8,-0.12,-0.43,491.81,447.81,-8.99,2026-07-31,,,,
2026-07-31T15:39:35.549,TATACAP,366.5,1.55,350.84,342.65,345.68,397.73,0.51,25.1,28.0,62.69,financials,finance & investments,22.95,6.02,8.91,-0.01,0.09,346.09,331.28,NaN,2026-07-31,,,,
2026-07-28T18:46:58.854,LAURUSLABS,1758.9,2.66,1673.55,1554.9,1588.26,2014.86,1.93,64.57,79.03,78.65,healthcare,pharmaceuticals - indian - bulk drugs & formln,39.62,10.74,62.22,0.62,0.73,1647.65,1567.31,26.98,2026-07-28,,,,
2026-07-28T18:46:58.854,WELCORP,1643.1,2.71,1578.0,1566.2,1636.29,1653.31,0.76,10.35,18.23,62.38,industrials,steel - large,30.13,0.42,102.73,1.1,0.73,1533.38,1456.69,20.54,2026-07-28,,,,
2026-07-28T18:46:58.854,FEDERALBNK,357.25,0.21,347.41,349.9,347.43,371.98,0.49,17.55,18.63,75.68,bank,banks - private sector,43.33,2.83,36.68,0.16,0.46,344.8,336.92,16.23,2026-07-28,,,,
2026-07-28T18:46:58.854,SAILIFE,1300.5,1.05,1247.25,1216.3,1255.22,1368.42,0.81,65.95,74.23,61.01,healthcare,pharmaceuticals - indian - bulk drugs & formln,22.34,3.61,44.41,0.46,0.4,1226.8,1176.52,14.4,2026-07-28,,,,
2026-07-28T18:46:58.854,RADICO,4289.7,3.38,3998.5,4038.9,4129.51,4529.99,4.23,79.97,90.6,72.84,fmcg,breweries & distilleries,43.19,3.88,29.92,0.35,0.27,4038.85,3911.02,13.34,2026-07-28,,,,
2026-07-28T18:46:58.854,NYKAA,329.6,0.87,319.33,317.05,328.03,331.95,0.84,305.19,467.83,66.72,i.t,trading,44.02,0.48,27.91,0.28,0.22,315.82,308.29,12.45,2026-07-28,,,,
2026-07-28T18:46:58.854,CARTRADE,2962.7,-0.53,2826.42,2635.6,2738.89,3298.41,1.33,54.86,56.77,64.02,consumer discretionary,miscellaneous,55.61,8.17,6.24,0.07,-0.05,2624.92,2487.89,12.42,2026-07-28,,,,
2026-07-28T18:46:58.854,MOTHERSON,147.86,-0.75,142.69,142.2,141.4,157.55,0.54,26.03,37.32,58.33,auto,auto ancillaries,18.1,4.57,24.26,0.24,0.36,140.36,135.38,11.21,2026-07-28,,,,
2026-07-28T18:46:58.854,M&MFIN,373.5,2.89,345.6,352.65,348.3,411.29,1.17,14.02,15.23,67.66,financials,finance & investments,33.96,7.23,-4.11,-0.06,0.14,337.3,312.9,9.89,2026-07-28,,,,
2026-07-28T18:46:58.854,TITAN,4849.7,2.31,4618.64,4604.1,4696.74,5079.14,1.5,91.3,81.78,76.39,consumer discretionary,diamond cutting / jewellery,36.39,3.26,24.07,0.12,0.23,4686.84,4574.99,9.87,2026-07-28,,,,
2026-07-28T18:46:58.854,TVSMOTOR,3993.5,3.02,3774.96,3823.3,3766.02,4334.72,1.65,46.52,53.64,71.41,auto,automobiles - motorcycles / mopeds,25.95,6.04,8.98,0.03,0.11,3775.66,3620.18,8.53,2026-07-28,,,,
2026-07-28T18:46:58.854,BAJAJ-AUTO,11374.0,1.7,10932.88,10575.0,10765.44,12286.84,0.83,24.62,26.43,72.84,auto,automobiles - scooters and 3 - wheelers,33.18,5.65,24.03,0.1,0.24,10861.84,10514.21,8.49,2026-07-28,,,,
2026-07-28T18:46:58.854,EICHERMOT,7836.0,0.86,7587.65,7575.0,7511.93,8322.1,0.75,35.35,37.94,64.98,auto,automobiles - motorcycles / mopeds,14.13,4.31,7.17,0.01,0.1,7517.83,7332.2,8.43,2026-07-28,,,,
2026-07-28T18:46:58.854,MANAPPURAM,361.25,0.39,347.9,343.55,342.93,388.73,0.67,18.93,30.09,68.86,financials,finance & investments,18.71,5.34,14.94,0.13,0.27,341.79,328.95,7.9,2026-07-28,,,,
2026-07-28T18:46:58.854,OFSS,11334.0,2.21,10946.6,9937.0,11314.73,11362.91,1.23,17.43,27.16,57.49,i.t,computers - software - large,32.65,0.17,45.64,0.3,0.33,10259.96,9595.42,7.52,2026-07-28,,,,
2026-07-28T18:46:58.854,PAYTM,1307.9,1.43,1261.26,1236.5,1335.95,1265.83,1.14,95.05,126.3,59.67,i.t,miscellaneous,27.16,-2.1,-1.21,0.05,-0.05,1218.84,1166.74,6.22,2026-07-28,,,,
2026-07-28T18:46:58.854,MARICO,883.25,2.87,840.11,841.5,849.67,933.62,1.19,72.64,62.77,68.14,fmcg,solvent extraction,38.62,3.95,20.28,0.09,0.2,846.09,821.26,5.57,2026-07-28,,,,
2026-07-28T18:46:58.854,APOLLOHOSP,8903.0,0.67,8653.4,8744.0,8873.01,8947.98,0.45,60.45,65.2,60.36,healthcare,healthcare,24.89,0.34,24.14,0.21,0.15,8669.23,8535.9,5.11,2026-07-28,,,,
2026-07-28T18:46:58.854,NESTLEIND,1491.8,3.16,1419.53,1431.0,1437.86,1572.71,2.54,75.04,73.01,61.74,fmcg,food - processing - mnc,18.46,3.75,18.5,0.05,0.14,1411.76,1367.13,4.93,2026-07-28,,,,
2026-07-28T18:46:58.854,IDFCFIRSTB,85.75,1.02,82.85,78.88,80.31,93.91,1.85,16.12,31.07,70.5,bank,banks - private sector,32.92,6.77,2.37,-0.05,0.03,80.21,77.11,4.03,2026-07-28,,,,
2026-07-28T18:46:58.854,ETERNAL,308.35,4.23,288.32,275.55,288.97,337.42,2.12,770.88,595.74,70.21,i.t,miscellaneous,34.47,6.71,8.43,0.12,-0.03,283.99,267.38,3.76,2026-07-28,,,,
2026-07-28T18:46:58.854,ASIANPAINT,2736.2,0.96,2652.17,2620.1,2642.73,2876.4,1.07,55.93,58.45,58.87,building materials,paints / varnishes,14.8,3.54,-1.76,-0.04,-0.01,2636.47,2575.28,3.38,2026-07-28,,,,
2026-07-28T18:46:58.854,HEROMOTOCO,5154.3,0.79,4994.67,4970.7,4953.35,5455.73,0.95,17.66,17.46,60.68,auto,automobiles - motorcycles / mopeds,17.39,4.06,-9.55,-0.12,-0.08,4917.85,4759.0,3.05,2026-07-28,,,,
2026-07-28T18:46:58.854,UNITDSPR,1508.8,1.81,1445.89,1375.7,1409.1,1658.34,0.93,57.85,55.32,74.63,fmcg,breweries & distilleries,22.87,7.08,6.12,0.06,0.03,1432.61,1378.56,2.71,2026-07-28,,,,
2026-07-28T18:46:58.854,IIFL,582.35,1.6,561.54,548.0,560.45,615.2,1.18,9.17,11.25,64.55,financials,finance & investments,32.23,3.91,-3.16,0.03,0.04,539.98,520.25,2.57,2026-07-28,,,,
2026-07-28T18:46:58.854,KALYANKJIL,608.35,7.75,553.7,562.45,591.87,633.08,1.57,38.31,43.85,77.11,consumer discretionary,diamond cutting / jewellery,40.39,2.79,25.04,0.52,0.15,551.07,510.76,2.11,2026-07-28,,,,
2026-07-28T18:46:58.854,NH,2072.8,0.92,2009.59,1952.0,2001.45,2179.83,1.13,47.02,49.46,62.85,healthcare,healthcare,15.74,3.57,10.5,0.11,0.14,1973.63,1918.15,2.11,2026-07-28,,,,
2026-07-28T18:46:58.854,DEEPAKFERT,1647.4,0.79,1582.8,1557.1,1555.7,1784.95,0.7,37.31,26.94,62.81,chemicals,chemicals,23.44,5.89,31.53,0.31,0.17,1549.4,1482.3,1.91,2026-07-28,,,,
2026-07-28T18:46:58.854,SAREGAMA,524.25,1.83,497.94,470.4,489.81,575.91,0.74,33.95,46.36,63.92,media,entertainment / electronic media software,35.16,7.03,49.67,0.5,0.24,480.21,453.93,1.83,2026-07-28,,,,
2026-07-28T18:46:58.854,TECHM,1635.2,3.82,1563.88,1531.1,1547.8,1766.31,1.86,24.73,26.92,71.47,i.t,computers - software - large,19.68,5.65,0.25,-0.14,0.12,1541.09,1479.21,1.67,2026-07-28,,,,
2026-07-28T18:46:58.854,SBILIFE,1889.1,1.19,1823.29,1797.0,1834.17,1971.49,0.87,65.32,71.68,62.23,financials,finance & investments,21.01,2.99,-6.71,-0.15,-0.09,1807.5,1750.69,1.18,2026-07-28,,,,
2026-07-28T18:46:58.854,RKFORGE,630.65,0.83,607.85,569.6,568.38,724.06,2.8,61.11,98.59,69.07,industrials,castings & forgings,18.03,10.96,22.06,0.17,0.12,582.94,557.5,0.48,2026-07-28,,,,
2026-07-28T18:46:58.854,MANKIND,2617.9,2.6,2490.18,2501.3,2520.98,2763.28,1.06,48.7,54.09,61.62,healthcare,pharmaceuticals - indian - bulk drugs & formln,26.9,3.84,19.38,0.15,0.14,2483.63,2393.23,0.25,2026-07-28,,,,
2026-07-28T18:46:58.854,M&M,3271.2,1.01,3157.56,3135.1,3143.99,3462.01,0.77,19.58,20.65,60.12,auto,automobiles - passenger cars,17.62,4.05,-10.04,-0.11,-0.16,3125.61,3029.92,0.08,2026-07-28,,,,
2026-07-28T18:46:58.854,ECLERX,1897.7,4.75,1775.47,1735.0,1890.68,1908.23,1.09,23.18,14.27,65.17,i.t,computers - software - medium / small,40.06,0.37,-20.68,-0.21,-0.16,1661.63,1519.27,-0.04,2026-07-28,,,,
2026-07-28T18:46:58.854,ASTRAL,1471.4,0.38,1421.59,1402.1,1362.71,1634.44,0.47,46.39,73.48,59.02,plastic products,plastics products,22.33,7.98,5.37,-0.03,-0.09,1395.07,1350.31,-0.35,2026-07-28,,,,
2026-07-28T18:46:58.854,AIIL,557.7,1.09,534.3,525.0,525.63,605.81,0.51,10.68,7.75,59.07,financials,finance & investments,26.16,6.1,-4.45,-0.01,-0.02,506.31,483.87,-0.56,2026-07-28,,,,
2026-07-28T18:46:58.854,PNB,111.65,0.03,108.96,108.71,107.72,117.55,0.74,5.52,5.75,61.83,bank,banks - public sector,17.22,3.65,-7.44,-0.16,-0.12,107.57,105.19,-0.6,2026-07-28,,,,
2026-07-28T18:46:58.854,INDHOTEL,734.7,0.13,717.9,713.25,726.01,747.74,0.64,73.18,48.27,56.85,services,hotels,23.19,1.2,-0.68,0.04,0.02,706.29,691.74,-0.73,2026-07-28,,,,
2026-07-28T18:46:58.854,PERSISTENT,5428.4,3.04,5229.08,4965.1,5146.54,5851.19,1.3,40.12,43.44,64.51,i.t,computers - software - large,17.19,5.48,-14.55,-0.2,-0.13,5075.8,4897.95,-0.78,2026-07-28,,,,
2026-07-28T18:46:58.854,ACE,1077.6,1.49,1032.04,957.8,991.66,1206.52,1.29,26.83,28.31,64.59,industrials,engineering,36.74,8.67,12.18,0.23,0.04,989.09,932.6,-0.89,2026-07-28,,,,
2026-07-28T18:46:58.854,ULTRACEMCO,11956.0,0.63,11585.56,11690.0,11803.2,12185.2,1.24,33.83,40.81,59.03,building materials,cement - north india,12.16,1.29,1.63,-0.13,-0.02,11483.51,11222.14,-1.01,2026-07-28,,,,
2026-07-28T18:46:58.854,LODHA,1301.4,8.57,1203.68,1124.0,1213.17,1433.75,4.16,23.7,27.7,75.69,realty,construction,44.43,7.27,20.55,0.32,0.03,1184.72,1112.2,-1.18,2026-07-28,,,,
2026-07-28T18:46:58.854,BRITANNIA,5478.5,1.75,5272.4,5316.5,5383.99,5620.27,1.12,48.64,51.15,59.95,fmcg,food - processing - mnc,12.32,1.76,-9.14,-0.14,-0.11,5259.68,5127.06,-1.34,2026-07-28,,,,
2026-07-28T18:46:58.854,BAJAJFINSV,1927.9,0.78,1872.49,1862.3,1882.93,1995.36,1.27,30.31,30.52,63.04,financials,finance & investments,20.52,2.39,-5.26,-0.07,-0.06,1853.24,1809.34,-1.38,2026-07-28,,,,
2026-07-28T18:46:58.854,PPLPHARMA,193.43,0.72,184.14,175.2,178.64,215.61,1.0,-690.82,-73.39,67.75,healthcare,pharmaceuticals - indian - bulk drugs & formln,31.4,8.28,9.59,0.17,-0.04,177.49,166.57,-1.48,2026-07-28,,,,
2026-07-28T18:46:58.854,BPCL,320.05,1.2,309.44,305.1,309.38,336.06,0.64,-18.27,7.74,59.63,energy,refineries,14.4,3.45,-12.3,-0.18,-0.17,303.99,293.19,-1.64,2026-07-28,,,,
2026-07-28T18:46:58.854,RECLTD,368.45,0.08,357.94,354.9,352.41,392.5,0.78,5.79,5.95,61.46,financials,finance - term-lending institutions,15.19,4.55,3.95,-0.07,-0.02,352.16,343.59,-1.67,2026-07-28,,,,
2026-07-28T18:46:58.854,HYUNDAI,2001.9,0.87,1937.46,1927.5,1947.17,2084.0,0.45,32.39,29.21,56.46,auto,automobiles - passenger cars,17.62,2.81,-13.22,-0.15,-0.18,1913.12,1854.13,-1.74,2026-07-28,,,,
2026-07-28T18:46:58.854,REDINGTON,278.05,-0.04,268.67,255.7,266.23,295.78,0.6,13.87,13.59,57.68,services,trading,27.53,4.44,1.46,0.02,-0.07,258.86,247.42,-1.82,2026-07-28,,,,
2026-07-28T18:46:58.854,COFORGE,1686.0,10.31,1535.95,1430.0,1483.93,1989.11,4.27,23.12,32.03,70.6,i.t,computers - software - large,12.55,13.62,-2.93,-0.07,-0.09,1547.42,1450.29,-1.87,2026-07-28,,,,
2026-07-28T18:46:58.854,GODREJPROP,2136.6,2.78,2017.62,1965.2,2120.09,2161.37,1.28,24.75,33.02,62.89,realty,construction,31.52,0.78,6.53,0.3,-0.04,1983.24,1876.02,-1.91,2026-07-28,,,,
2026-07-28T18:46:58.854,NAUKRI,1236.15,3.5,1174.04,1140.0,1220.56,1259.53,1.35,35.4,52.05,70.67,i.t,miscellaneous,33.34,1.28,-9.51,-0.11,-0.11,1159.0,1117.54,-2.1,2026-07-28,,,,
2026-07-28T18:46:58.854,INDIGO,5270.5,0.77,5113.64,4886.0,5096.93,5530.85,0.42,-214.25,-40.09,56.02,transportation,transport - airlines,23.23,3.41,3.72,0.02,-0.12,4981.2,4775.73,-2.34,2026-07-28,,,,
2026-07-28T18:46:58.854,PFIZER,4710.7,0.39,4559.25,4531.2,4622.68,4842.73,3.84,26.96,29.28,58.8,healthcare,pharmaceuticals - multinational,13.97,1.9,-6.45,-0.06,-0.09,4495.01,4389.84,-2.74,2026-07-28,,,,
2026-07-28T18:46:58.854,MRF,133140.0,0.85,129458.0,130300.0,131572.85,135490.72,0.81,20.1,22.91,54.44,auto,tyres,13.22,1.19,-12.08,-0.1,-0.19,129058.81,126857.92,-2.76,2026-07-28,,,,
2026-07-28T18:46:58.854,DIXON,13903.0,0.67,13444.62,13586.0,14154.34,13525.98,0.3,70.62,50.84,60.8,consumer discretionary,electronics - consumer,33.89,-1.78,10.09,0.26,-0.11,13144.0,12609.75,-2.79,2026-07-28,,,,
2026-07-28T18:46:58.854,ONESOURCE,1731.3,2.51,1638.66,1570.3,1629.24,1884.39,1.41,198.54,-390.07,60.76,healthcare,pharmaceuticals - indian - bulk drugs & formln,10.79,6.26,0.52,0.39,-0.05,1590.44,1503.49,-2.89,2026-07-28,,,,
2026-07-28T18:46:58.854,CONCOR,522.4,2.33,501.47,469.95,482.74,581.89,3.26,37.0,29.15,66.9,transportation,miscellaneous,18.01,8.22,2.75,-0.01,-0.03,486.78,465.62,-3.0,2026-07-28,,,,
2026-07-28T18:46:58.854,GLAXO,2632.6,3.19,2488.02,2455.0,2501.87,2828.7,0.88,40.13,41.83,70.9,healthcare,pharmaceuticals - multinational,34.43,5.23,5.87,0.04,0.03,2473.69,2390.91,-3.24,2026-07-28,,,,
2026-07-28T18:46:58.854,ESCORTS,3009.9,1.89,2895.02,2880.0,2911.85,3156.97,1.58,25.83,13.35,59.79,auto,automobiles - tractors,21.07,3.37,-19.26,-0.2,-0.2,2890.19,2810.51,-3.27,2026-07-28,,,,
2026-07-28T18:46:58.854,MPHASIS,2413.5,3.46,2321.13,2192.1,2305.65,2575.28,2.23,23.52,22.82,58.07,i.t,computers - software - large,11.99,4.68,-16.53,-0.21,-0.16,2224.91,2119.87,-3.54,2026-07-28,,,,
2026-07-28T18:46:58.854,HCLTECH,1318.6,1.75,1274.98,1227.7,1236.21,1442.19,1.24,19.29,19.75,72.27,i.t,computers - software - large,27.06,6.67,-21.26,-0.29,-0.19,1249.22,1220.58,-3.6,2026-07-28,,,,
2026-07-28T18:46:58.854,LTTS,3599.3,2.89,3439.8,3295.0,3340.05,3988.17,1.19,26.76,27.45,64.44,i.t,computers - software - large,20.26,7.76,-21.87,-0.13,-0.15,3368.18,3206.84,-4.28,2026-07-28,,,,
2026-07-28T18:46:58.854,FIVESTAR,561.3,3.9,529.2,520.5,549.53,578.95,3.23,15.35,14.34,62.45,financials,finance & investments,33.42,2.14,0.54,0.01,-0.13,516.49,495.19,-4.29,2026-07-28,,,,
2026-07-28T18:46:58.854,LTM,4309.2,2.83,4150.2,3913.8,4055.75,4689.38,1.73,21.78,23.19,67.01,i.t,computers - software - large,19.28,6.25,-30.07,-0.33,-0.27,4040.22,3915.88,-4.31,2026-07-28,,,,
2026-07-28T18:46:58.854,ICICIPRULI,510.1,0.06,496.47,490.3,498.43,527.6,0.36,47.94,42.78,54.72,financials,finance & investments,15.84,2.34,-21.62,-0.27,-0.21,488.14,473.02,-4.66,2026-07-28,,,,
2026-07-28T18:46:58.854,JYOTICNC,806.45,0.34,779.98,777.0,789.31,832.16,0.31,50.66,53.83,61.4,industrials,engineering,34.24,2.17,-18.57,-0.07,-0.18,755.75,731.58,-4.73,2026-07-28,,,,
2026-07-28T18:46:58.854,KFINTECH,973.75,2.58,922.18,855.6,874.78,1122.21,2.67,55.83,43.28,66.39,financials,miscellaneous,16.34,11.31,-10.72,-0.12,-0.14,899.99,853.41,-5.08,2026-07-28,,,,
2026-07-28T18:46:58.854,TCS,2398.0,4.46,2276.54,2193.6,2219.76,2665.37,1.54,16.25,16.38,69.59,i.t,computers - software - large,19.38,8.03,-27.75,-0.3,-0.24,2263.18,2181.47,-5.98,2026-07-28,,,,
2026-07-28T18:46:58.854,SBICARD,654.9,1.53,632.05,611.0,629.59,692.86,1.52,23.46,25.89,61.69,financials,finance & investments,16.23,4.02,-24.44,-0.22,-0.27,614.73,596.46,-6.7,2026-07-28,,,,
2026-07-28T18:46:58.854,HEXT,593.15,5.36,551.74,532.0,554.44,651.22,8.37,NaN,0.0,66.58,n/a,indices,19.51,6.98,-20.71,-0.22,-0.14,536.79,521.17,-6.97,2026-07-28,,,,
2026-07-28T18:46:58.854,SONATSOFTW,297.65,1.47,288.37,280.5,294.51,302.36,0.77,15.8,17.21,54.45,i.t,computers - software - medium / small,29.78,1.07,-16.98,-0.12,-0.23,272.6,263.16,-7.05,2026-07-28,,,,
2026-07-28T18:46:58.854,IEX,132.11,4.21,123.98,120.49,120.7,149.23,3.0,21.73,21.8,65.78,financials,miscellaneous,13.23,9.46,-5.03,-0.05,-0.08,123.23,116.96,-7.13,2026-07-28,,,,
2026-07-28T18:46:58.854,BRIGADE,560.2,3.08,532.58,515.6,545.89,581.67,0.77,23.54,19.93,56.14,realty,construction,22.58,2.62,-15.01,-0.07,-0.26,521.37,494.79,-7.55,2026-07-28,,,,
2026-07-28T18:46:58.854,ZENSARTECH,524.65,1.79,506.27,484.0,511.73,544.02,1.0,14.12,14.83,57.22,i.t,computers - software - medium / small,28.67,2.52,-29.07,-0.28,-0.3,476.95,458.02,-8.83,2026-07-28,,,,
2026-07-28T18:46:58.854,MAPMYINDIA,1135.0,0.26,1098.63,1026.15,1145.21,1119.69,0.2,30.58,45.58,63.85,i.t,computers - software - medium / small,32.92,-0.89,-33.22,-0.19,-0.37,1015.11,944.94,-9.04,2026-07-28,,,,
2026-07-28T18:46:58.854,HEALTHCARE,21.39,0.28,20.8,20.86,21.13,21.79,0.72,NaN,0.0,61.06,indices,indices,28.88,1.25,NaN,NaN,NaN,20.45,19.78,NaN,2026-07-28,,,,
2026-07-14T11:34:04.725,ACUTAAS,3482.0,-0.38,3390.31,3363.6,3501.37,3452.95,0.18,54.1,80.33,58.41,healthcare,pharmaceuticals - indian - bulk drugs,36.32,-0.55,107.08,0.9,0.94,3206.43,3052.75,48.92,2026-07-14,,,,
2026-07-14T11:34:04.725,SYRMA,1428.3,-0.24,1376.7,1332.2,1415.43,1447.61,0.22,67.5,84.97,63.93,consumer discretionary,electronics - components,46.45,0.91,94.67,0.84,0.83,1325.67,1266.69,30.78,2026-07-14,,,,
2026-07-14T11:34:04.725,LAURUSLABS,1570.0,0.73,1519.98,1448.2,1516.93,1649.61,0.25,75.92,94.63,68.11,healthcare,pharmaceuticals - indian - bulk drugs & formln,38.33,3.5,54.2,0.34,0.61,1483.69,1422.46,24.2,2026-07-14,,,,
2026-07-14T11:34:04.725,ADANIENSOL,1698.0,3.25,1603.87,1610.1,1585.07,1867.39,0.34,74.6,86.56,70.53,power & utilities,power generation and supply,30.86,7.12,72.87,0.63,0.73,1573.92,1496.76,22.69,2026-07-14,,,,
2026-07-14T11:34:04.725,WELCORP,1690.5,4.36,1602.3,1520.1,1546.72,1906.16,1.97,30.1,26.46,74.81,industrials,steel - large,39.21,9.3,111.35,1.07,0.87,1566.93,1478.36,21.4,2026-07-14,,,,
2026-07-14T11:34:04.725,CEMPRO,1620.4,2.32,1548.79,1453.3,1509.61,1786.58,0.2,28.73,45.5,81.22,realty,construction,63.21,7.34,101.4,1.11,0.89,1483.82,1408.28,21.0,2026-07-14,,,,
2026-07-14T11:34:04.725,GRANULES,891.4,-0.7,867.45,851.2,856.18,944.23,0.13,27.08,36.73,75.29,healthcare,pharmaceuticals - indian - bulk drugs & formln,37.88,4.11,60.74,0.36,0.52,843.79,811.63,19.14,2026-07-14,,,,
2026-07-14T11:34:04.725,HONASA,478.8,1.39,461.33,460.5,468.05,494.93,0.33,56.2,76.79,76.4,services,trading,48.1,2.3,86.3,0.52,0.71,446.62,435.03,15.42,2026-07-14,,,,
2026-07-14T11:34:04.725,CARTRADE,2928.4,4.61,2737.14,2692.0,2830.18,3075.74,0.89,54.23,59.83,73.19,consumer discretionary,miscellaneous,62.63,3.47,4.72,0.02,0.06,2681.58,2520.67,15.35,2026-07-14,,,,
2026-07-14T11:34:04.725,ADANIGREEN,1619.9,4.75,1502.34,1481.2,1510.32,1784.27,0.79,173.81,160.26,66.88,power & utilities,power generation and supply,30.3,7.26,63.75,0.58,0.54,1496.78,1416.04,15.25,2026-07-14,,,,
2026-07-14T11:34:04.725,SAILIFE,1273.7,0.13,1234.41,1191.1,1225.77,1345.59,0.38,64.59,76.59,63.94,healthcare,pharmaceuticals - indian - bulk drugs & formln,22.85,3.91,43.8,0.27,0.4,1192.78,1150.39,14.35,2026-07-14,,,,
2026-07-14T11:34:04.725,ACMESOLAR,389.2,2.75,365.59,361.5,377.13,407.31,1.31,42.3,45.97,67.22,realty,engineering - turnkey services,43.63,3.2,79.94,0.58,0.33,355.87,340.32,13.28,2026-07-14,,,,
2026-07-14T11:34:04.725,JBCHEPHARM,2477.0,0.69,2400.12,2386.8,2401.48,2590.28,0.79,97.52,54.35,81.28,healthcare,pharmaceuticals - indian - bulk drugs & formln,41.14,3.14,36.91,0.21,0.41,2377.59,2312.83,12.55,2026-07-14,,,,
2026-07-14T11:34:04.725,TORNTPHARM,4995.3,0.89,4818.07,4778.8,4816.41,5263.64,0.57,108.5,77.35,79.75,healthcare,pharmaceuticals - indian - formulations,36.77,3.71,31.65,0.16,0.34,4792.04,4645.3,11.61,2026-07-14,,,,
2026-07-14T11:34:04.725,CCL,1232.0,0.19,1194.42,1167.0,1189.55,1295.67,0.14,35.81,42.19,67.95,fmcg,tea,47.51,3.57,27.0,0.2,0.4,1162.41,1116.12,10.0,2026-07-14,,,,
2026-07-14T11:34:04.725,STARHEALTH,598.15,-0.27,582.27,581.0,595.83,601.63,1.26,79.12,63.33,68.12,financials,finance & investments,47.58,0.39,27.73,0.23,0.19,559.0,555.39,9.84,2026-07-14,,,,
2026-07-14T11:34:04.725,VTL,657.05,0.98,631.56,620.0,636.7,687.58,0.14,25.31,24.84,57.91,textiles,textiles - cotton/blended,10.56,3.2,47.3,0.47,0.44,617.11,588.11,9.27,2026-07-14,,,,
2026-07-14T11:34:04.725,VIJAYA,1385.7,-0.22,1338.78,1303.2,1343.43,1449.1,0.12,74.34,82.52,58.4,healthcare,healthcare,30.79,3.15,36.42,0.29,0.34,1288.72,1218.29,9.09,2026-07-14,,,,
2026-07-14T11:34:04.725,NUVAMA,1961.0,2.15,1847.5,1835.0,1907.09,2041.87,0.33,33.15,11.12,68.82,financials,finance & investments,49.65,2.83,39.85,0.27,0.28,1815.15,1707.67,9.09,2026-07-14,,,,
2026-07-14T11:34:04.725,HSCL,665.8,0.41,646.85,635.85,642.46,700.81,0.11,41.82,43.97,53.27,chemicals,chemicals,16.06,3.63,43.8,0.3,0.36,623.49,595.2,8.94,2026-07-14,,,,
2026-07-14T11:34:04.725,AUROPHARMA,1566.7,1.12,1518.02,1541.0,1580.98,1545.28,0.13,24.7,25.68,56.69,healthcare,pharmaceuticals - indian - bulk drugs & formln,29.86,-0.9,33.69,0.2,0.38,1485.23,1429.43,8.29,2026-07-14,,,,
2026-07-14T11:34:04.725,CAPLIPOINT,2662.0,1.75,2545.06,2501.6,2612.19,2736.71,0.19,29.74,31.01,67.67,healthcare,pharmaceuticals - indian - formulations,59.15,1.91,38.07,0.35,0.28,2468.79,2328.19,8.19,2026-07-14,,,,
2026-07-14T11:34:04.725,GLAND,2477.1,0.65,2407.86,2416.4,2467.63,2491.31,0.27,27.82,39.47,62.89,healthcare,pharmaceuticals - indian - formulations,45.96,0.38,44.99,0.36,0.25,2318.77,2237.52,8.07,2026-07-14,,,,
2026-07-14T11:34:04.725,OFSS,11870.0,1.06,11407.2,10780.0,11322.03,12691.96,0.29,30.68,38.7,76.85,i.t,computers - software - large,38.74,4.84,50.83,0.44,0.32,11138.96,10603.68,7.94,2026-07-14,,,,
2026-07-14T11:34:04.725,IPCALAB,1843.9,1.13,1776.05,1741.0,1765.7,1961.2,0.36,34.63,39.21,76.42,healthcare,pharmaceuticals - indian - bulk drugs & formln,37.2,4.43,25.78,0.08,0.37,1736.54,1662.62,7.78,2026-07-14,,,,
2026-07-14T11:34:04.725,DELHIVERY,515.8,0.68,494.95,498.0,512.85,520.23,0.29,132.94,251.13,63.7,transportation,miscellaneous,27.94,0.58,27.68,0.17,0.05,486.77,466.15,7.13,2026-07-14,,,,
2026-07-14T11:34:04.725,ADANIENT,3207.3,0.94,3082.1,3026.8,3111.15,3351.53,0.35,-468.9,40.49,63.63,services,trading,32.19,3.09,45.04,0.37,0.24,3026.55,2903.39,6.17,2026-07-14,,,,
2026-07-14T11:34:04.725,GLENMARK,2318.5,0.75,2250.96,2212.6,2216.54,2471.43,0.65,54.27,47.69,61.91,healthcare,pharmaceuticals - indian - bulk drugs & formln,14.29,4.6,18.86,0.06,0.24,2208.52,2133.64,6.16,2026-07-14,,,,
2026-07-14T11:34:04.725,3MINDIA,36085.0,-0.95,35280.0,33905.0,34752.74,38083.39,0.45,47.19,78.57,67.61,miscellaneous,diversified - large,19.1,3.83,4.34,-0.03,0.16,34182.5,33070.62,5.93,2026-07-14,,,,
2026-07-14T11:34:04.725,LLOYDSME,1831.7,0.25,1764.1,1708.9,1746.54,1959.44,0.3,17.11,26.18,60.15,metals & mining,mining / minerals / metals,18.64,4.88,42.9,0.33,0.33,1719.82,1641.2,5.55,2026-07-14,,,,
2026-07-14T11:34:04.725,LALPATHLAB,1738.2,0.76,1683.05,1635.9,1661.1,1853.85,0.18,55.29,36.54,65.91,healthcare,healthcare,24.94,4.64,20.94,0.13,0.07,1637.85,1576.4,4.99,2026-07-14,,,,
2026-07-14T11:34:04.725,IKS,1899.2,-0.22,1844.56,1809.9,1850.0,1973.0,0.13,38.57,44.11,66.83,i.t,computers - software - medium / small,43.63,2.66,20.79,0.06,0.2,1783.55,1702.61,4.87,2026-07-14,,,,
2026-07-14T11:34:04.725,BANDHANBNK,209.55,-1.69,202.27,194.82,199.57,224.53,0.28,15.78,28.05,54.4,bank,banks - private sector,12.75,5.0,48.82,0.34,0.18,194.27,183.86,4.79,2026-07-14,,,,
2026-07-14T11:34:04.725,JINDALSAW,266.65,-0.73,257.64,248.6,263.53,271.33,0.28,30.44,17.58,58.53,industrials,steel - large,22.41,1.18,66.76,0.52,0.44,247.1,234.43,4.67,2026-07-14,,,,
2026-07-14T11:34:04.725,BIOCON,442.0,7.56,413.76,394.85,406.57,495.14,5.6,139.87,147.29,63.46,healthcare,pharmaceuticals - indian - bulk drugs & formln,14.99,8.71,16.62,0.07,0.19,407.04,382.27,4.55,2026-07-14,,,,
2026-07-14T11:34:04.725,APOLLOHOSP,8882.0,1.13,8564.22,8700.0,8786.61,9025.09,0.3,60.31,65.03,66.65,healthcare,healthcare,29.67,1.09,26.56,0.13,0.09,8581.89,8370.31,4.38,2026-07-14,,,,
2026-07-14T11:34:04.725,MARICO,847.95,0.14,824.62,836.0,842.77,855.72,0.14,69.73,62.12,57.18,fmcg,solvent extraction,39.57,0.61,17.11,0.04,0.13,817.16,797.07,4.12,2026-07-14,,,,
2026-07-14T11:34:04.725,SUNPHARMA,1932.1,0.56,1871.8,1875.1,1908.08,1968.13,0.17,42.75,40.2,66.37,healthcare,pharmaceuticals - indian - bulk drugs & formln,32.7,1.26,8.23,0.03,0.1,1864.52,1822.13,3.85,2026-07-14,,,,
2026-07-14T11:34:04.725,ZYDUSLIFE,1147.4,1.42,1104.07,1126.6,1132.43,1169.86,0.21,22.68,22.58,62.06,healthcare,pharmaceuticals - indian - bulk drugs & formln,43.1,1.32,24.25,0.18,0.09,1096.64,1059.18,3.81,2026-07-14,,,,
2026-07-14T11:34:04.725,BOSCHLTD,41700.0,0.01,40591.6,41310.0,41848.98,41476.53,0.1,53.95,44.34,65.23,auto,auto ancillaries,39.41,-0.36,14.56,0.01,0.03,40227.76,39128.58,3.6,2026-07-14,,,,
2026-07-14T11:34:04.725,EXIDEIND,421.4,-0.47,409.44,412.15,411.61,436.09,0.19,41.64,42.13,65.45,auto,auto ancillaries,33.51,2.38,13.77,0.12,0.07,400.67,387.72,2.42,2026-07-14,,,,
2026-07-14T11:34:04.725,TATATECH,761.0,0.03,729.27,696.95,692.22,864.17,0.34,37.82,56.52,59.56,i.t,computers - software - medium / small,21.6,9.94,18.34,0.07,0.06,699.98,657.26,2.02,2026-07-14,,,,
2026-07-14T11:34:04.725,AARTIIND,485.5,0.25,468.78,462.05,469.34,509.75,0.23,32.03,41.89,55.72,chemicals,chemicals,14.9,3.44,37.31,0.24,0.23,454.6,437.87,1.8,2026-07-14,,,,
2026-07-14T11:34:04.725,BALRAMCHIN,594.75,1.69,574.28,555.2,557.49,650.63,0.88,18.82,31.21,66.78,fmcg,sugar,30.59,6.68,32.83,0.28,0.24,557.12,532.65,1.54,2026-07-14,,,,
2026-07-14T11:34:04.725,DIVISLAB,7080.0,2.04,6770.82,6693.0,6710.62,7634.06,1.32,62.52,71.72,67.97,healthcare,pharmaceuticals - indian - bulk drugs,28.41,5.5,12.49,-0.01,0.05,6755.27,6541.72,1.47,2026-07-14,,,,
2026-07-14T11:34:04.725,MANKIND,2524.1,0.66,2441.28,2466.3,2512.83,2541.01,0.1,46.95,54.1,57.37,healthcare,pharmaceuticals - indian - bulk drugs & formln,30.23,0.45,17.5,0.06,0.01,2404.43,2335.88,0.97,2026-07-14,,,,
2026-07-14T11:34:04.725,UNITDSPR,1385.2,0.86,1339.76,1367.1,1399.67,1363.49,0.25,45.63,53.09,56.92,fmcg,breweries & distilleries,18.91,-1.03,-3.55,-0.04,-0.01,1326.27,1287.48,0.21,2026-07-14,,,,
2026-07-14T11:34:04.725,VOLTAS,1351.7,0.16,1302.52,1247.0,1265.2,1481.45,0.27,96.27,118.79,60.44,consumer discretionary,air-conditioners,13.57,6.84,0.82,-0.15,-0.09,1277.22,1229.15,-0.29,2026-07-14,,,,
2026-07-14T11:34:04.725,ICICIBANK,1409.7,0.01,1364.16,1375.9,1407.4,1413.15,0.27,17.09,18.57,64.09,bank,banks - private sector,30.51,0.16,3.45,-0.08,-0.01,1358.07,1321.44,-0.3,2026-07-14,,,,
2026-07-14T11:34:04.725,SAGILITY,41.83,-0.48,40.82,40.07,40.31,44.11,0.31,18.67,21.23,56.49,i.t,computers - software - medium / small,19.51,3.76,-12.4,-0.23,-0.17,39.25,37.86,-0.8,2026-07-14,,,,
2026-07-14T11:34:04.725,CHALET,850.85,0.37,817.81,786.9,827.51,885.87,0.56,28.55,28.74,63.85,services,hotels,26.51,2.82,-3.84,-0.1,-0.13,800.82,767.45,-1.29,2026-07-14,,,,
2026-07-14T11:34:04.725,KALYANKJIL,530.85,3.96,497.15,358.4,409.56,712.78,3.5,33.43,39.04,80.41,consumer discretionary,diamond cutting / jewellery,22.23,29.61,15.41,-0.04,0.01,460.92,412.63,-1.39,2026-07-14,,,,
2026-07-14T11:34:04.725,BLUESTARCO,1734.8,1.09,1667.08,1562.0,1602.24,1933.65,0.71,39.25,66.9,64.89,consumer discretionary,air-conditioners,16.15,8.27,0.35,-0.11,-0.15,1635.03,1565.2,-1.52,2026-07-14,,,,
2026-07-14T11:34:04.725,HYUNDAI,1981.7,-0.64,1928.64,1895.4,1931.15,2057.53,0.08,32.07,29.84,54.96,auto,automobiles - passenger cars,16.46,2.62,-14.35,-0.19,-0.16,1884.24,1824.14,-1.68,2026-07-14,,,,
2026-07-14T11:34:04.725,EIHOTEL,338.35,0.39,325.46,320.25,330.68,349.86,0.57,22.26,33.54,63.02,services,hotels,29.08,2.32,-10.57,-0.1,-0.15,314.2,298.65,-2.01,2026-07-14,,,,
2026-07-14T11:34:04.725,PERSISTENT,5199.8,0.14,5056.8,4705.0,4600.46,6098.81,0.38,38.43,43.37,61.38,i.t,computers - software - large,15.56,13.03,-13.81,-0.25,-0.15,4844.06,4634.45,-2.5,2026-07-14,,,,
2026-07-14T11:34:04.725,DIXON,13406.0,-0.62,12916.4,12848.0,12879.48,14195.78,0.35,68.09,49.53,65.89,consumer discretionary,electronics - consumer,26.88,4.09,8.54,0.04,-0.16,12488.63,11821.6,-3.02,2026-07-14,,,,
2026-07-14T11:34:04.725,IDBI,86.61,3.02,82.95,80.17,83.67,91.02,1.83,11.58,9.81,60.68,bank,banks - private sector,32.94,3.51,-7.41,-0.23,-0.13,80.89,77.61,-3.24,2026-07-14,,,,
2026-07-14T11:34:04.725,PPLPHARMA,174.13,0.29,167.59,166.11,169.83,180.58,0.22,-621.89,-70.3,54.94,healthcare,pharmaceuticals - indian - bulk drugs & formln,22.23,2.53,2.34,-0.05,-0.17,160.97,151.73,-3.3,2026-07-14,,,,
2026-07-14T11:34:04.725,BHARTIHEXA,1598.8,0.72,1537.13,1477.9,1493.38,1756.93,0.88,44.76,45.81,65.06,telecom-service,telecommunications - service provider,19.15,7.06,-4.25,-0.16,-0.17,1497.43,1440.6,-3.46,2026-07-14,,,,
2026-07-14T11:34:04.725,PGEL,592.0,-0.65,571.34,558.1,577.13,614.31,0.27,65.2,86.23,66.22,consumer discretionary,electronics - components,32.26,2.58,9.63,-0.09,0.0,551.05,523.28,-3.7,2026-07-14,,,,
2026-07-14T11:34:04.725,COFORGE,1556.6,1.02,1511.16,1427.8,1459.61,1702.08,0.46,21.35,33.24,61.96,i.t,computers - software - large,13.01,6.64,-14.45,-0.15,-0.18,1448.02,1378.99,-4.26,2026-07-14,,,,
2026-07-14T11:34:04.725,HDFCBANK,813.95,-0.49,792.13,806.95,814.96,812.43,0.31,15.39,13.61,57.91,bank,banks - private sector,22.35,-0.12,-17.68,-0.2,-0.22,784.65,767.13,-4.41,2026-07-14,,,,
2026-07-14T11:34:04.725,GLAXO,2483.3,2.59,2369.93,2386.2,2447.0,2537.74,0.56,37.86,40.27,66.55,healthcare,pharmaceuticals - multinational,29.64,1.48,-4.24,-0.04,-0.11,2376.16,2310.51,-5.23,2026-07-14,,,,
2026-07-14T11:34:04.725,JYOTICNC,791.85,0.89,759.79,748.5,789.77,794.97,0.29,49.74,53.14,62.83,industrials,engineering,38.27,0.26,-16.89,-0.21,-0.15,733.95,699.68,-5.47,2026-07-14,,,,
2026-07-14T11:34:04.725,AFFLE,1539.0,-0.02,1491.07,1446.0,1433.26,1697.61,0.48,45.21,47.49,63.09,i.t,computers - software - medium / small,13.66,7.38,-5.75,-0.21,-0.23,1431.92,1387.31,-5.62,2026-07-14,,,,
2026-07-14T11:34:04.725,FIVESTAR,543.4,-0.13,530.42,530.15,547.51,537.23,0.17,14.86,14.58,65.14,financials,finance & investments,33.93,-0.75,-3.89,-0.01,-0.01,508.97,485.69,-5.76,2026-07-14,,,,
2026-07-14T11:34:04.725,UTIAMC,985.45,-4.14,951.78,963.9,969.22,1009.8,2.08,-47.47,32.57,55.61,financials,finance & investments,20.89,1.67,-10.93,-0.16,-0.28,922.18,878.32,-5.83,2026-07-14,,,,
2026-07-14T11:34:04.725,GILLETTE,7853.0,-0.35,7672.42,7666.0,7647.69,8160.96,0.13,37.09,41.38,54.37,fmcg,personal care - multinational,14.52,2.68,-4.35,-0.08,-0.17,7557.88,7392.55,-5.99,2026-07-14,,,,
2026-07-14T11:34:04.725,FSL,270.52,2.06,258.23,236.16,236.27,321.9,0.43,22.77,27.16,65.23,i.t,computers - software - medium / small,15.6,14.5,-19.82,-0.22,-0.26,247.52,233.76,-6.23,2026-07-14,,,,
2026-07-14T11:34:04.725,BLUEJET,609.95,0.6,589.13,557.1,575.31,661.91,0.61,41.1,42.4,69.28,healthcare,pharmaceuticals - indian - bulk drugs & formln,55.48,6.02,13.38,0.12,-0.07,552.81,524.81,-6.54,2026-07-14,,,,
2026-07-14T11:34:04.725,SBICARD,626.4,1.24,600.4,579.9,594.08,674.88,1.28,24.47,27.18,57.38,financials,finance & investments,13.43,5.44,-27.5,-0.33,-0.33,591.56,572.28,-7.72,2026-07-14,,,,
2026-07-14T11:34:04.725,MAPMYINDIA,1178.05,-0.58,1149.54,924.05,967.18,1494.36,1.05,31.74,48.34,78.3,i.t,computers - software - medium / small,33.16,21.8,-27.49,-0.32,-0.37,1025.88,965.65,-7.79,2026-07-14,,,,
2026-07-14T11:34:04.725,PIRAMALFIN,2182.1,0.43,2119.84,2100.0,2161.13,2213.56,0.25,NaN,0.0,62.19,n/a,indices,31.4,0.97,41.2,0.08,NaN,2064.7,1996.54,NaN,2026-07-14,,,,
2026-07-14T11:34:04.725,EMMVEE,339.35,0.04,329.33,325.1,334.4,346.78,0.43,14.96,20.01,54.83,industrials,electric equipment,24.88,1.48,69.93,0.5,NaN,312.89,300.99,NaN,2026-07-14,,,,
2026-07-14T11:34:04.725,HEALTHCARE,21.33,0.8,20.71,20.78,21.1,21.67,0.22,NaN,0.0,69.13,indices,indices,29.16,1.08,NaN,NaN,NaN,20.57,19.99,NaN,2026-07-14,,,,
2026-07-14T11:34:04.725,LENSKART,538.8,-0.07,524.3,529.3,530.08,551.87,0.09,115.13,163.38,63.21,fmcg,personal care - indian,19.2,1.64,33.07,0.08,NaN,506.25,491.03,NaN,2026-07-14,,,,
2026-07-14T11:34:04.725,PWL,145.9,2.3,137.81,140.62,143.04,150.19,0.26,-140.29,-2037.43,66.77,services,miscellaneous,44.31,2.0,11.38,0.04,NaN,128.77,116.32,NaN,2026-07-14,,,,
2026-06-29T17:42:30.619,CUB,201.5,1.33,195.22,194.55,215.71,180.18,0.03,10.41,11.12,89.87,bank,banks - private sector,58.63,-6.59,7262.77,61.71,90.43,179.05,166.82,2548.54,2026-06-29,,,,
2026-06-29T17:42:30.619,ACUTAAS,3568.2,8.13,3180.59,3170.2,3183.84,4144.74,4.3,55.44,75.84,74.32,healthcare,pharmaceuticals - indian - bulk drugs,42.08,12.07,100.05,0.99,1.43,3252.37,3050.89,52.21,2026-06-29,,,,
2026-06-29T17:42:30.619,LAURUSLABS,1500.3,3.47,1421.0,1410.5,1411.91,1632.89,5.36,72.55,88.04,70.63,healthcare,pharmaceuticals - indian - bulk drugs & formln,37.42,6.26,53.5,0.27,0.68,1405.06,1364.54,29.46,2026-06-29,,,,
2026-06-29T17:42:30.619,GABRIEL,1275.2,3.74,1185.8,1196.4,1152.08,1459.88,1.8,68.86,70.0,69.14,auto,auto ancillaries,30.0,10.69,23.77,0.12,-0.05,1161.62,1086.23,23.49,2026-06-29,,,,
2026-06-29T17:42:30.619,RRKABEL,2502.3,0.56,2402.57,2324.1,2334.08,2754.64,0.71,42.13,57.16,82.68,industrials,cables - power,46.74,7.21,83.76,0.54,0.93,2313.86,2219.22,22.65,2026-06-29,,,,
2026-06-29T17:42:30.619,SCHNEIDER,1453.6,8.86,1293.6,1320.0,1248.28,1761.59,3.46,395.0,150.2,64.26,industrials,electric equipment,24.7,16.45,103.63,0.81,0.7,1277.83,1161.2,22.1,2026-06-29,,,,
2026-06-29T17:42:30.619,ANANDRATHI,1988.7,2.91,1858.47,1848.0,1831.99,2223.76,3.64,39.9,40.37,78.38,financials,finance & investments,27.39,8.55,37.73,0.2,0.3,1849.84,1756.0,20.41,2026-06-29,,,,
2026-06-29T17:42:30.619,MAHABANK,93.85,5.79,86.24,87.22,89.19,100.84,2.27,8.82,9.72,72.78,bank,banks - public sector,24.63,5.22,58.72,0.51,0.6,87.84,83.99,18.18,2026-06-29,,,,
2026-06-29T17:42:30.619,CRAFTSMAN,9388.0,1.47,9019.43,9203.5,9346.79,9449.81,0.88,45.27,52.65,58.31,auto,auto ancillaries,40.21,0.44,33.71,0.23,0.38,8786.03,8366.56,18.12,2026-06-29,,,,
2026-06-29T17:42:30.619,WELCORP,1510.8,3.83,1422.08,1394.0,1398.33,1679.51,2.17,26.9,23.76,70.8,industrials,steel - large,35.89,8.04,74.63,0.72,0.71,1416.87,1360.63,17.88,2026-06-29,,,,
2026-06-29T17:42:30.619,BHARATFORG,2170.9,1.19,2054.18,2041.7,2055.95,2343.32,5.33,111.67,95.01,73.18,industrials,castings & forgings,23.57,5.59,54.05,0.38,0.74,2030.22,1991.82,17.35,2026-06-29,,,,
2026-06-29T17:42:30.619,SAILIFE,1247.9,2.18,1186.78,1185.2,1205.54,1311.44,1.64,63.28,73.53,64.98,healthcare,pharmaceuticals - indian - bulk drugs & formln,25.34,3.51,42.76,0.28,0.42,1167.83,1119.88,16.23,2026-06-29,,,,
2026-06-29T17:42:30.619,FEDERALBNK,324.05,0.0,315.71,318.2,324.86,322.84,1.15,14.89,18.34,68.42,bank,banks - private sector,36.29,-0.25,26.95,0.14,0.51,312.95,307.57,14.57,2026-06-29,,,,
2026-06-29T17:42:30.619,ABSLAMC,1170.8,2.59,1102.7,1125.2,1152.38,1198.43,3.01,45.17,33.79,59.87,financials,finance & investments,39.9,1.6,61.46,0.39,0.41,1062.2,1009.76,14.1,2026-06-29,,,,
2026-06-29T17:42:30.619,CEMPRO,1252.8,3.25,1192.17,1205.0,1241.65,1269.52,0.33,22.21,34.86,65.9,realty,construction,47.37,0.9,62.32,0.42,0.5,1139.58,1061.87,14.02,2026-06-29,,,,
2026-06-29T17:42:30.619,J&KBANK,159.64,0.78,154.75,157.6,162.73,155.01,0.8,5.5,7.39,64.07,bank,banks - private sector,40.78,-1.9,52.24,0.48,0.5,150.89,146.19,13.82,2026-06-29,,,,
2026-06-29T17:42:30.619,ABDL,659.5,5.98,611.57,610.15,632.59,699.87,3.8,112.93,76.92,69.76,fmcg,breweries & distilleries,37.59,4.25,-0.15,-0.02,0.17,612.77,586.72,12.84,2026-06-29,,,,
2026-06-29T17:42:30.619,LTF,299.05,0.02,291.55,285.7,283.83,321.88,4.86,23.22,25.08,62.92,financials,finance & investments,18.96,5.36,1.01,-0.09,0.11,280.55,275.33,12.8,2026-06-29,,,,
2026-06-29T17:42:30.619,ACMESOLAR,379.25,6.17,349.37,339.0,348.92,424.75,1.89,41.22,43.35,73.69,realty,engineering - turnkey services,41.42,8.69,60.38,0.47,0.3,344.36,322.84,12.55,2026-06-29,,,,
2026-06-29T17:42:30.619,NYKAA,302.05,0.23,294.15,300.15,291.17,318.37,4.09,279.68,436.74,68.61,i.t,trading,30.13,3.74,11.83,0.08,0.11,285.9,279.74,12.32,2026-06-29,,,,
2026-06-29T17:42:30.619,AIAENG,4951.4,2.52,4710.96,4705.1,4694.34,5336.99,1.67,29.37,35.49,75.04,industrials,castings & forgings,37.23,5.48,29.43,0.16,0.46,4631.29,4459.1,12.19,2026-06-29,,,,
2026-06-29T17:42:30.619,AEGISLOG,1174.1,2.93,1068.2,1009.15,1063.39,1340.17,1.81,25.11,44.57,89.07,services,trading,60.65,10.41,53.23,0.49,0.41,1053.27,975.5,12.1,2026-06-29,,,,
2026-06-29T17:42:30.619,THERMAX,5125.1,6.14,4660.39,4681.0,4684.77,5785.59,2.65,59.1,75.51,67.29,industrials,electric equipment,47.6,9.4,77.81,0.57,0.56,4661.2,4465.97,11.98,2026-06-29,,,,
2026-06-29T17:42:30.619,HONASA,446.45,6.88,407.88,402.3,412.23,497.78,2.31,52.4,67.92,73.92,services,trading,44.5,8.3,51.52,0.49,0.5,408.3,382.24,11.74,2026-06-29,,,,
2026-06-29T17:42:30.619,TORNTPHARM,4657.6,3.13,4415.98,4377.0,4434.12,4992.82,4.43,101.16,70.55,66.04,healthcare,pharmaceuticals - indian - formulations,19.71,5.04,24.38,0.12,0.27,4419.26,4325.81,10.88,2026-06-29,,,,
2026-06-29T17:42:30.619,CCL,1164.8,0.14,1132.88,1137.4,1137.09,1206.36,0.52,33.86,39.9,59.11,fmcg,tea,34.33,2.44,18.51,0.12,0.36,1091.05,1067.34,10.75,2026-06-29,,,,
2026-06-29T17:42:30.619,RADICO,3876.9,1.23,3710.28,3710.0,3662.47,4198.54,1.73,72.28,84.81,73.4,fmcg,breweries & distilleries,34.43,5.85,18.05,0.08,0.25,3693.6,3593.83,10.68,2026-06-29,,,,
2026-06-29T17:42:30.619,NEULANDLAB,18150.0,1.05,17585.12,17011.0,17202.72,19570.91,0.91,27.37,63.31,67.38,healthcare,pharmaceuticals - indian - bulk drugs,25.58,5.51,7.74,0.11,0.12,16998.66,16285.16,10.59,2026-06-29,,,,
2026-06-29T17:42:30.619,JBCHEPHARM,2303.2,2.64,2191.57,2163.1,2200.13,2457.81,3.09,90.68,49.58,69.14,healthcare,pharmaceuticals - indian - bulk drugs & formln,26.46,4.68,30.03,0.17,0.33,2197.2,2129.8,9.26,2026-06-29,,,,
2026-06-29T17:42:30.619,GLAND,2373.0,2.51,2253.22,2179.9,2207.04,2621.94,1.16,26.65,37.12,66.71,healthcare,pharmaceuticals - indian - formulations,33.76,7.52,33.08,0.33,0.17,2219.56,2112.47,8.99,2026-06-29,,,,
2026-06-29T17:42:30.619,STARHEALTH,584.75,1.33,563.01,569.05,556.03,627.83,1.28,77.35,60.94,73.81,financials,finance & investments,42.87,5.17,17.93,0.19,0.18,546.86,523.69,8.81,2026-06-29,,,,
2026-06-29T17:42:30.619,ZYDUSWELL,569.45,9.91,507.79,502.85,509.41,659.52,18.39,27.97,23.25,69.26,fmcg,food - processing - indian,31.28,11.79,28.98,0.23,0.21,513.34,479.3,8.33,2026-06-29,,,,
2026-06-29T17:42:30.619,AJANTPHARM,3384.2,6.41,3104.74,3071.2,3090.9,3824.16,6.39,39.63,37.62,70.08,healthcare,pharmaceuticals - indian - formulations,21.33,9.49,34.87,0.14,0.35,3117.81,3012.82,8.2,2026-06-29,,,,
2026-06-29T17:42:30.619,GMRAIRPORT,109.42,0.9,106.27,106.37,108.12,111.37,3.32,94.33,637.88,65.36,miscellaneous,miscellaneous,24.88,1.2,5.76,-0.02,0.17,103.92,101.96,8.09,2026-06-29,,,,
2026-06-29T17:42:30.619,SONACOMS,620.75,0.24,597.21,609.4,601.62,649.45,1.78,50.22,60.06,61.23,auto,auto ancillaries,22.98,3.18,23.94,0.18,0.4,591.09,578.04,7.89,2026-06-29,,,,
2026-06-29T17:42:30.619,MINDACORP,672.55,0.31,645.87,652.25,663.85,685.6,0.93,31.78,43.79,70.94,auto,auto ancillaries,37.73,1.31,13.48,0.06,0.12,626.99,608.27,7.62,2026-06-29,,,,
2026-06-29T17:42:30.619,NUVAMA,1771.2,1.29,1696.48,1710.0,1704.56,1871.16,0.87,29.94,10.12,73.52,financials,finance & investments,38.43,3.91,27.03,0.07,0.2,1661.21,1594.83,7.34,2026-06-29,,,,
2026-06-29T17:42:30.619,FINCABLES,1179.2,5.62,1081.82,1103.9,1098.29,1300.57,1.85,20.1,23.93,61.94,industrials,cables - power,26.28,7.37,56.54,0.4,0.42,1068.26,999.16,7.27,2026-06-29,,,,
2026-06-29T17:42:30.619,CARBORUNIV,1191.9,4.25,1115.53,1135.0,1138.0,1272.75,0.86,-320.4,110.89,63.92,industrials,abrasives and grinding wheels,46.21,4.74,42.75,0.29,0.26,1063.15,976.49,6.99,2026-06-29,,,,
2026-06-29T17:42:30.619,YESBANK,25.09,0.89,24.32,24.5,24.62,25.8,1.31,18.45,22.41,65.28,bank,banks - private sector,28.61,1.93,13.22,0.07,0.08,23.85,23.21,6.88,2026-06-29,,,,
2026-06-29T17:42:30.619,CAPLIPOINT,2557.9,2.05,2435.5,2457.3,2492.02,2656.72,1.05,28.57,29.71,76.15,healthcare,pharmaceuticals - indian - formulations,60.21,2.64,34.28,0.2,0.22,2360.87,2244.2,5.83,2026-06-29,,,,
2026-06-29T17:42:30.619,LUPIN,2409.3,2.81,2296.73,2335.7,2305.87,2564.44,1.76,17.29,19.59,66.98,healthcare,pharmaceuticals - indian - bulk drugs & formln,17.01,4.49,17.97,0.05,0.19,2308.32,2249.78,5.77,2026-06-29,,,,
2026-06-29T17:42:30.619,PAYTM,1133.1,0.74,1094.07,1077.2,1064.25,1236.37,2.89,98.7,130.19,56.95,i.t,miscellaneous,14.01,6.47,-8.7,-0.21,-0.12,1068.66,1031.23,5.71,2026-06-29,,,,
2026-06-29T17:42:30.619,KIMS,805.45,1.27,775.77,788.6,786.72,833.55,0.88,189.96,132.12,59.99,healthcare,healthcare,35.92,2.38,19.4,0.18,0.13,762.49,737.77,5.48,2026-06-29,,,,
2026-06-29T17:42:30.619,IPCALAB,1647.2,1.79,1583.68,1582.4,1570.66,1762.01,1.24,30.94,34.8,61.4,healthcare,pharmaceuticals - indian - bulk drugs & formln,20.02,4.87,17.14,0.07,0.19,1559.63,1511.66,5.25,2026-06-29,,,,
2026-06-29T17:42:30.619,PHOENIXLTD,1912.0,0.39,1852.2,1840.2,1845.64,2011.54,1.1,42.38,55.66,65.94,realty,construction,23.18,3.6,10.45,-0.05,0.16,1805.75,1744.07,5.25,2026-06-29,,,,
2026-06-29T17:42:30.619,MARICO,839.95,1.71,808.11,807.0,803.71,894.31,3.59,69.07,60.59,63.03,fmcg,solvent extraction,21.22,4.51,14.9,0.05,0.13,805.01,783.51,5.15,2026-06-29,,,,
2026-06-29T17:42:30.619,ZYDUSLIFE,1121.3,1.81,1077.02,1064.6,1085.92,1174.38,1.19,22.16,21.98,66.05,healthcare,pharmaceuticals - indian - bulk drugs & formln,41.04,3.26,20.79,0.13,0.09,1071.32,1037.84,4.16,2026-06-29,,,,
2026-06-29T17:42:30.619,KAJARIACER,1205.9,0.78,1144.84,1153.0,1156.18,1280.49,1.13,30.83,39.26,70.66,building materials,ceramics - tiles / sanitaryware,32.89,4.3,10.94,0.14,-0.04,1132.49,1096.53,3.82,2026-06-29,,,,
2026-06-29T17:42:30.619,AADHARHFC,518.75,0.05,504.7,489.0,487.86,565.09,1.14,18.11,20.49,64.34,financials,finance - housing,23.75,6.33,6.57,-0.02,-0.02,479.3,456.86,3.73,2026-06-29,,,,
2026-06-29T17:42:30.619,MOTILALOFS,947.65,0.16,924.14,928.1,929.49,974.9,0.92,-64.2,30.36,64.11,financials,finance & investments,31.47,1.95,0.21,-0.02,-0.07,899.6,884.11,3.52,2026-06-29,,,,
2026-06-29T17:42:30.619,PIDILITIND,1599.6,0.16,1563.1,1555.0,1571.57,1641.64,1.48,70.28,52.07,74.06,chemicals,chemicals,36.25,1.78,9.07,0.02,0.02,1538.61,1513.97,1.9,2026-06-29,,,,
2026-06-29T17:42:30.619,BAJFINANCE,982.05,0.17,955.79,952.4,949.03,1031.58,2.12,27.93,32.03,64.33,financials,finance & investments,24.18,3.48,-0.41,-0.11,-0.07,936.59,912.74,1.8,2026-06-29,,,,
2026-06-29T17:42:30.619,MANKIND,2486.0,0.96,2408.06,2404.1,2393.0,2625.51,0.68,46.24,53.12,59.47,healthcare,pharmaceuticals - indian - bulk drugs & formln,24.33,3.89,10.93,0.04,-0.03,2337.53,2268.08,1.36,2026-06-29,,,,
2026-06-29T17:42:30.619,CHOICEIN,745.2,2.95,715.55,705.0,702.18,809.73,3.1,61.08,64.23,67.77,financials,finance & investments,19.05,6.13,-4.49,-0.16,-0.1,701.27,678.13,1.28,2026-06-29,,,,
2026-06-29T17:42:30.619,DMART,4357.0,1.45,4192.15,4277.7,4209.95,4577.57,1.49,107.95,94.08,59.65,consumer discretionary,trading,23.8,3.49,9.25,0.06,-0.02,4156.57,4034.25,0.57,2026-06-29,,,,
2026-06-29T17:42:30.619,SAREGAMA,498.9,3.79,466.24,461.55,468.36,544.71,0.57,32.31,44.88,70.89,media,entertainment / electronic media software,56.19,6.52,34.51,0.31,0.07,456.58,435.83,0.0,2026-06-29,,,,
2026-06-29T17:42:30.619,NHPC,81.57,2.73,76.87,75.65,74.67,91.92,2.81,14.06,21.17,64.6,power & utilities,power generation and supply,19.66,9.24,6.47,-0.03,-0.09,76.99,74.09,-0.0,2026-06-29,,,,
2026-06-29T17:42:30.619,MAXHEALTH,1149.9,2.36,1095.1,1072.9,1062.92,1280.38,1.49,81.67,75.7,75.2,healthcare,healthcare,26.53,8.18,-0.69,-0.02,-0.04,1080.39,1037.36,-0.19,2026-06-29,,,,
2026-06-29T17:42:30.619,CIPLA,1454.1,0.97,1412.67,1370.6,1376.15,1571.03,2.04,52.91,29.98,68.02,healthcare,pharmaceuticals - indian - bulk drugs & formln,21.7,5.66,-3.52,-0.11,-0.07,1386.18,1371.24,-0.69,2026-06-29,,,,
2026-06-29T17:42:30.619,OBEROIRLTY,1754.1,0.28,1704.51,1675.4,1668.67,1882.24,1.2,22.67,25.19,64.31,realty,construction,18.99,5.12,7.67,-0.03,0.07,1661.48,1616.92,-1.0,2026-06-29,,,,
2026-06-29T17:42:30.619,AEGISVOPAK,232.77,-0.18,222.5,227.04,232.25,233.56,0.44,93.86,109.48,61.41,transportation,miscellaneous,25.92,0.23,-8.63,-0.13,-0.16,211.81,198.77,-1.23,2026-06-29,,,,
2026-06-29T17:42:30.619,LICI,431.25,1.87,412.58,420.4,422.09,444.98,0.91,2.91,4.66,59.26,financials,finance & investments,25.13,2.17,-3.79,-0.07,-0.07,407.36,390.53,-1.47,2026-06-29,,,,
2026-06-29T17:42:30.619,GODIGIT,319.75,2.27,307.82,306.7,300.17,349.12,6.43,49.34,52.99,61.6,financials,finance & investments,27.5,6.52,-10.12,-0.15,-0.14,296.63,292.48,-1.52,2026-06-29,,,,
2026-06-29T17:42:30.619,RAMCOCEM,929.7,1.15,894.59,871.4,871.72,1016.67,2.38,36.43,31.09,59.53,building materials,cement - south india,20.32,6.65,-7.55,-0.19,-0.11,877.06,841.23,-2.29,2026-06-29,,,,
2026-06-29T17:42:30.619,TRENT,3258.3,1.31,3160.79,3137.0,3086.3,3516.29,1.55,72.34,66.49,71.4,consumer discretionary,trading,28.67,5.57,15.2,0.05,0.01,3049.99,2947.46,-2.81,2026-06-29,,,,
2026-06-29T17:42:30.619,PCBL,319.55,0.68,307.23,307.1,304.04,342.81,0.83,78.32,61.16,65.9,chemicals,chemicals,20.83,5.1,-1.84,-0.04,-0.2,298.13,284.52,-4.08,2026-06-29,,,,
2026-06-29T17:42:30.619,ITCHOTELS,174.71,0.59,169.44,172.21,166.32,187.3,0.55,28.74,44.19,67.51,services,hotels,30.4,5.05,-15.42,-0.18,-0.21,162.5,154.87,-4.47,2026-06-29,,,,
2026-06-29T17:42:30.619,GLAXO,2354.4,-0.02,2296.34,2322.3,2234.2,2534.71,1.42,35.89,39.17,59.5,healthcare,pharmaceuticals - multinational,28.55,5.38,-5.27,-0.13,-0.18,2235.47,2200.77,-5.91,2026-06-29,,,,
2026-06-29T17:42:30.619,KALYANKJIL,377.85,0.01,365.2,362.1,370.19,389.34,0.68,23.79,28.88,53.97,consumer discretionary,diamond cutting / jewellery,16.66,2.07,-21.54,-0.29,-0.24,354.74,341.06,-6.44,2026-06-29,,,,
2026-06-29T17:42:30.619,JYOTICNC,785.45,3.15,742.84,726.05,715.23,890.78,0.8,49.34,51.55,68.33,industrials,engineering,34.3,9.82,-24.35,-0.27,-0.17,717.16,670.49,-6.5,2026-06-29,,,,
2026-06-29T17:42:30.619,URBANCO,131.72,1.46,126.81,129.3,129.56,134.95,0.24,-30.49,-82.69,55.26,i.t,miscellaneous,26.26,1.66,-2.21,-0.04,-0.21,123.03,117.59,NaN,2026-06-29,,,,
2026-06-29T17:42:30.619,PIRAMALFIN,2144.9,0.65,2050.94,2069.1,2055.67,2278.75,0.41,NaN,0.0,65.68,n/a,indices,28.56,4.34,32.48,0.21,NaN,2002.2,1911.27,NaN,2026-06-29,,,,
2026-06-29T17:42:30.619,HDBFS,752.25,1.17,709.47,715.0,699.96,830.69,0.67,20.8,24.03,72.88,financials,finance & investments,28.77,7.47,-0.4,-0.08,-0.01,701.4,666.01,NaN,2026-06-29,,,,
2026-06-29T17:42:30.619,CPPLUS,3714.0,4.37,3440.49,3510.7,3638.94,3826.59,1.03,64.61,111.97,73.87,consumer discretionary,trading,52.38,2.06,128.53,1.23,1.64,3402.38,3191.06,NaN,2026-06-29,,,,
2026-06-29T17:42:30.619,TATACAP,369.1,1.5,345.74,347.3,350.73,396.65,1.24,26.07,31.03,71.54,financials,finance & investments,37.35,5.24,13.85,-0.01,NaN,337.48,318.67,NaN,2026-06-29,,,,
2026-06-29T17:42:30.619,PWL,123.69,-1.32,117.29,119.68,117.23,133.38,0.55,-118.93,-1790.57,63.06,services,miscellaneous,31.61,5.51,-8.11,-0.14,NaN,111.23,102.87,NaN,2026-06-29,,,,
2026-06-29T17:42:30.619,MEESHO,194.21,4.16,177.38,170.55,165.96,236.59,1.12,-134.87,-59.19,65.27,i.t,miscellaneous,21.29,17.03,NaN,-0.09,NaN,174.89,161.37,NaN,2026-06-29,,,,
2026-05-21T05:36:34.948,MCX,3441.7,0.79,3301.82,3210.0,3270.14,3699.04,0.65,41.41,19.34,79.16,financials,miscellaneous,43.23,5.25,84.45,0.64,1.18,3229.91,3081.27,40.92,2026-05-21,,,,
2026-05-21T05:36:34.948,GVT&D,4679.4,6.71,4326.01,4249.0,4413.98,5077.52,3.74,85.14,97.14,63.83,industrials,electric equipment,36.74,6.01,60.39,0.44,0.64,4201.65,3963.83,36.04,2026-05-21,,,,
2026-05-21T05:36:34.948,ACUTAAS,2880.6,-0.2,2792.02,2702.8,2796.49,3006.77,0.69,44.76,66.21,67.99,healthcare,pharmaceuticals - indian - bulk drugs,35.74,3.01,85.49,0.55,0.98,2687.04,2571.07,35.52,2026-05-21,,,,
2026-05-21T05:36:34.948,LAURUSLABS,1361.1,1.2,1308.89,1283.1,1291.81,1465.03,1.01,65.82,82.64,83.04,healthcare,pharmaceuticals - indian - bulk drugs & formln,39.59,5.36,56.02,0.25,0.53,1295.92,1249.33,27.87,2026-05-21,,,,
2026-05-21T05:36:34.948,VEDL,333.75,-1.16,324.82,320.65,321.52,352.1,0.41,4.87,7.49,66.78,metals & mining,mining / minerals / metals,36.57,3.8,92.89,0.66,1.07,308.14,294.64,26.95,2026-05-21,,,,
2026-05-21T05:36:34.948,POWERINDIA,35525.0,6.49,32055.8,31195.0,33555.11,38479.83,1.77,151.43,186.35,71.61,industrials,electric equipment,37.39,5.87,100.71,0.53,0.83,32507.31,30509.05,25.98,2026-05-21,,,,
2026-05-21T05:36:34.948,ADANIPOWER,220.24,0.53,211.87,213.78,224.6,213.7,0.46,26.47,16.29,61.02,power & utilities,power generation and supply,30.95,-1.94,40.03,0.36,0.75,203.47,191.25,24.73,2026-05-21,,,,
2026-05-21T05:36:34.948,SCHNEIDER,1300.0,4.44,1205.3,1175.0,1311.1,1283.34,1.15,80.05,126.83,60.72,industrials,electric equipment,32.97,-0.85,57.17,0.57,0.43,1150.75,1043.82,24.32,2026-05-21,,,,
2026-05-21T05:36:34.948,IDEA,13.58,0.44,13.05,12.45,12.69,14.92,1.39,0.71,4.28,82.85,telecom-service,telecommunications - service provider,47.33,7.03,56.5,0.17,1.02,12.36,11.54,23.44,2026-05-21,,,,
2026-05-21T05:36:34.948,BHEL,408.4,1.82,388.08,386.1,412.93,401.61,0.6,27.52,88.78,71.14,industrials,electric equipment,50.86,-1.1,73.25,0.3,0.84,377.84,356.52,18.04,2026-05-21,,,,
2026-05-21T05:36:34.948,BSE,4218.6,0.66,4067.0,3917.2,4046.16,4477.26,1.04,54.5,69.6,79.21,financials,miscellaneous,48.37,4.26,68.15,0.37,0.86,3958.28,3776.44,18.03,2026-05-21,,,,
2026-05-21T05:36:34.948,WELCORP,1316.7,2.81,1247.05,1267.7,1353.65,1261.27,1.05,19.17,17.84,67.89,industrials,steel - large,58.02,-2.73,57.52,0.34,0.54,1220.19,1166.11,16.67,2026-05-21,,,,
2026-05-21T05:36:34.948,SAIL,199.04,-0.01,190.41,188.21,191.8,209.9,0.79,11.21,24.39,66.08,metals & mining,steel - large,34.01,3.77,51.76,0.32,0.56,182.7,171.21,15.37,2026-05-21,,,,
2026-05-21T05:36:34.948,NAVINFLUOR,7046.5,-0.41,6813.45,6818.5,7045.81,7047.54,0.38,42.46,54.05,63.55,chemicals,chemicals,33.49,0.01,39.33,0.08,0.43,6666.74,6434.42,14.94,2026-05-21,,,,
2026-05-21T05:36:34.948,EMCURE,1734.0,1.39,1666.98,1659.9,1661.81,1842.28,0.32,33.76,35.55,59.71,healthcare,pharmaceuticals - indian - bulk drugs & formln,19.81,4.34,28.44,0.17,0.23,1624.57,1565.4,14.11,2026-05-21,,,,
2026-05-21T05:36:34.948,CRAFTSMAN,8575.0,0.46,8232.98,8242.5,8521.01,8655.98,0.3,41.35,48.79,64.94,auto,auto ancillaries,41.49,0.63,26.1,0.18,0.19,7902.74,7442.55,13.37,2026-05-21,,,,
2026-05-21T05:36:34.948,NAM-INDIA,1103.0,1.92,1043.7,1060.1,1081.06,1135.92,0.67,45.65,45.88,62.13,financials,finance & investments,26.63,2.03,24.35,0.18,0.35,1026.64,975.17,13.14,2026-05-21,,,,
2026-05-21T05:36:34.948,RRKABEL,1962.4,2.27,1862.0,1898.1,2000.34,1905.49,0.92,33.04,45.08,69.94,industrials,cables - power,39.78,-1.9,53.62,0.34,0.59,1790.5,1673.97,12.88,2026-05-21,,,,
2026-05-21T05:36:34.948,POLYCAB,9199.0,0.4,8836.17,8925.5,9117.16,9321.75,0.61,44.07,51.57,71.37,industrials,cables - power,35.8,0.9,21.39,0.11,0.24,8729.84,8416.97,12.42,2026-05-21,,,,
2026-05-21T05:36:34.948,KEI,5119.8,0.74,4939.3,4871.0,5070.17,5194.25,0.55,43.04,53.28,60.77,industrials,cables - power,15.5,0.98,22.72,0.14,0.25,4761.89,4512.65,11.74,2026-05-21,,,,
2026-05-21T05:36:34.948,ANURAS,1371.5,0.74,1326.53,1342.7,1360.52,1387.98,0.9,79.55,89.06,61.93,chemicals,chemicals,25.96,0.81,21.84,0.14,0.19,1305.95,1267.28,11.56,2026-05-21,,,,
2026-05-21T05:36:34.948,SAILIFE,1141.3,1.41,1089.96,949.3,1103.36,1198.21,0.81,57.88,68.71,66.87,healthcare,pharmaceuticals - indian - bulk drugs & formln,24.85,3.44,29.77,0.22,0.34,1022.77,943.57,11.55,2026-05-21,,,,
2026-05-21T05:36:34.948,ADANIGREEN,1363.2,-1.06,1321.14,1312.4,1394.55,1316.17,0.53,146.27,141.26,64.84,power & utilities,power generation and supply,40.79,-2.25,28.58,0.17,0.41,1237.53,1150.08,10.39,2026-05-21,,,,
2026-05-21T05:36:34.948,MOTHERSON,132.17,0.52,126.92,125.15,126.54,140.62,2.51,23.27,33.89,59.95,auto,auto ancillaries,22.0,4.45,23.31,0.12,0.32,122.58,119.22,10.1,2026-05-21,,,,
2026-05-21T05:36:34.948,ZYDUSWELL,512.55,0.68,492.25,483.1,497.2,535.57,0.18,25.17,23.0,58.07,fmcg,food - processing - indian,42.58,3.09,9.14,0.04,0.1,468.92,446.44,9.93,2026-05-21,,,,
2026-05-21T05:36:34.948,HONASA,356.75,0.64,342.61,340.55,347.19,371.09,0.3,57.91,74.48,63.22,services,trading,32.54,2.75,27.47,0.14,0.16,334.92,320.45,9.46,2026-05-21,,,,
2026-05-21T05:36:34.948,MANAPPURAM,319.15,1.22,305.17,295.75,310.98,331.41,1.02,16.73,27.21,65.24,financials,finance & investments,23.45,2.63,11.51,0.05,0.1,294.98,281.5,8.53,2026-05-21,,,,
2026-05-21T05:36:34.948,FORTIS,974.6,1.46,932.96,945.1,965.67,988.0,0.68,94.81,76.62,64.39,healthcare,healthcare,26.07,0.93,-10.96,-0.03,0.01,928.98,897.17,8.44,2026-05-21,,,,
2026-05-21T05:36:34.948,ASTERDM,764.85,2.13,727.21,731.1,744.91,794.76,0.52,70.3,101.44,67.83,healthcare,healthcare,27.3,2.68,9.44,0.04,0.17,718.49,688.87,8.06,2026-05-21,,,,
2026-05-21T05:36:34.948,THERMAX,4415.1,-0.03,4243.4,4330.0,4455.53,4354.45,0.42,50.91,69.04,60.92,industrials,electric equipment,52.5,-0.91,39.4,0.38,0.3,4053.56,3823.7,7.87,2026-05-21,,,,
2026-05-21T05:36:34.948,SOLARINDS,18210.0,0.52,17566.5,15850.0,16748.0,20403.0,1.13,75.22,98.23,78.25,aerospace & defence,chemicals,44.02,8.73,29.75,0.22,0.26,16964.0,16139.5,7.8,2026-05-21,,,,
2026-05-21T05:36:34.948,ADANIPORTS,1772.6,0.56,1709.41,1744.3,1782.23,1758.16,0.37,30.67,30.45,64.88,transportation,miscellaneous,28.2,-0.54,19.87,0.09,0.28,1671.83,1601.46,7.33,2026-05-21,,,,
2026-05-21T05:36:34.948,AUROPHARMA,1517.5,0.31,1475.0,1491.6,1495.25,1550.88,0.7,24.21,25.27,72.24,healthcare,pharmaceuticals - indian - bulk drugs & formln,30.3,1.49,37.24,0.13,0.44,1453.67,1427.3,6.94,2026-05-21,,,,
2026-05-21T05:36:34.948,BIOCON,432.7,1.06,416.7,416.5,410.59,465.87,1.1,136.93,155.09,78.29,healthcare,pharmaceuticals - indian - bulk drugs & formln,33.64,5.39,20.94,-0.06,0.17,407.38,392.6,6.73,2026-05-21,,,,
2026-05-21T05:36:34.948,ONGC,298.3,0.61,287.97,293.65,290.7,309.7,0.57,9.37,9.89,59.33,energy,oil drilling / allied services,27.56,2.61,20.13,0.11,0.2,284.09,276.88,5.53,2026-05-21,,,,
2026-05-21T05:36:34.948,OIL,504.4,0.54,488.77,498.75,485.72,532.42,0.37,9.77,12.39,58.88,energy,oil drilling / allied services,25.77,3.85,21.09,0.07,0.21,473.68,458.19,5.0,2026-05-21,,,,
2026-05-21T05:36:34.948,TRITURBINE,656.55,2.9,604.76,560.85,589.51,757.11,2.9,51.13,59.69,73.65,industrials,electric equipment,38.04,11.37,25.85,0.12,0.2,576.7,524.27,4.21,2026-05-21,,,,
2026-05-21T05:36:34.948,MARICO,838.45,0.84,805.56,822.0,835.88,842.31,1.0,68.95,61.52,67.38,fmcg,solvent extraction,36.49,0.31,15.57,0.02,0.09,805.53,782.39,4.11,2026-05-21,,,,
2026-05-21T05:36:34.948,KIMS,755.8,1.99,710.65,714.0,740.23,779.15,1.06,178.25,125.55,60.27,healthcare,healthcare,31.39,2.1,3.0,0.04,-0.01,685.78,639.36,3.9,2026-05-21,,,,
2026-05-21T05:36:34.948,OFSS,9703.5,0.6,9405.55,8646.5,9537.39,9952.66,1.03,25.08,31.97,71.15,i.t,computers - software - large,41.77,1.74,10.31,0.09,0.11,8998.35,8680.98,3.71,2026-05-21,,,,
2026-05-21T05:36:34.948,ONESOURCE,1867.4,0.7,1794.87,1760.1,1831.87,1920.69,0.46,1167.13,-289.97,67.26,healthcare,pharmaceuticals - indian - bulk drugs & formln,35.69,1.94,1.14,-0.0,-0.05,1701.55,1614.75,3.54,2026-05-21,,,,
2026-05-21T05:36:34.948,ENDURANCE,2552.3,0.28,2470.87,2427.5,2508.71,2617.68,0.28,32.47,37.72,57.98,auto,auto ancillaries,24.81,1.74,-12.96,-0.1,-0.15,2361.51,2226.11,3.27,2026-05-21,,,,
2026-05-21T05:36:34.948,ASIANPAINT,2598.6,-0.08,2510.76,2556.0,2567.76,2644.85,0.46,58.74,64.77,61.55,building materials,paints / varnishes,27.47,1.2,7.84,-0.18,-0.01,2473.89,2395.76,2.89,2026-05-21,,,,
2026-05-21T05:36:34.948,SUNPHARMA,1880.3,-0.11,1834.56,1829.7,1877.24,1884.89,0.33,33.58,41.33,62.59,healthcare,pharmaceuticals - indian - bulk drugs & formln,27.34,0.16,13.38,-0.02,0.16,1806.5,1763.75,2.79,2026-05-21,,,,
2026-05-21T05:36:34.948,INDUSTOWER,427.85,-0.66,415.76,415.0,407.28,458.71,0.71,15.73,15.79,56.71,telecom,transmisson line towers / equipment,19.1,5.05,24.42,-0.02,0.26,404.15,389.52,2.69,2026-05-21,,,,
2026-05-21T05:36:34.948,MOTILALOFS,846.45,-0.53,819.33,821.1,853.22,836.29,0.38,-57.35,27.16,57.57,financials,finance & investments,23.48,-0.79,-15.89,-0.2,-0.07,798.46,766.02,2.48,2026-05-21,,,,
2026-05-21T05:36:34.948,TATACOMM,1775.6,7.83,1597.6,1573.8,1608.21,2026.69,6.6,48.04,50.51,71.32,telecom-service,telecommunications - service provider,18.67,10.41,-9.89,-0.13,0.11,1624.86,1541.2,2.37,2026-05-21,,,,
2026-05-21T05:36:34.948,NUVAMA,1476.2,0.61,1408.26,1417.1,1489.65,1456.02,0.81,24.95,8.55,57.48,financials,finance & investments,25.64,-0.9,2.21,-0.07,0.11,1361.06,1281.51,2.23,2026-05-21,,,,
2026-05-21T05:36:34.948,JUBLPHARMA,1014.2,0.32,982.35,979.5,994.5,1043.74,0.49,72.03,37.14,69.85,healthcare,pharmaceuticals - indian - bulk drugs,28.95,1.98,-5.67,-0.18,-0.06,955.99,918.62,2.05,2026-05-21,,,,
2026-05-21T05:36:34.948,NH,1902.4,0.97,1828.58,1804.2,1827.3,2015.05,1.2,76.22,49.61,63.14,healthcare,healthcare,16.43,4.11,7.82,-0.1,0.04,1795.23,1730.85,1.76,2026-05-21,,,,
2026-05-21T05:36:34.948,YESBANK,22.0,0.14,21.17,21.32,22.26,21.61,0.54,16.18,19.82,62.57,bank,banks - private sector,33.47,-1.18,-4.33,-0.12,0.09,20.78,19.91,1.68,2026-05-21,,,,
2026-05-21T05:36:34.948,JUBLINGREA,735.45,1.25,705.7,708.15,732.92,739.24,0.21,61.91,43.75,60.45,chemicals,chemicals,26.34,0.35,4.1,-0.04,-0.03,687.06,653.23,1.66,2026-05-21,,,,
2026-05-21T05:36:34.948,POLICYBZR,1830.0,1.4,1735.78,1630.0,1685.15,2047.27,2.01,80.97,125.77,73.74,i.t,computers - software - medium / small,25.46,8.6,8.22,-0.06,-0.03,1692.53,1604.92,0.89,2026-05-21,,,,
2026-05-21T05:36:34.948,WELSPUNLIV,141.65,0.9,136.22,132.6,135.11,151.47,1.03,32.79,62.13,68.17,textiles,textiles - products,15.44,4.84,11.8,-0.07,0.22,132.1,125.29,0.7,2026-05-21,,,,
2026-05-21T05:36:34.948,MANKIND,2583.9,3.66,2450.0,2417.0,2463.62,2764.32,6.47,48.06,55.75,76.93,healthcare,pharmaceuticals - indian - bulk drugs & formln,41.08,4.88,5.25,0.07,-0.02,2410.62,2321.76,0.66,2026-05-21,,,,
2026-05-21T05:36:34.948,VBL,514.0,-0.16,496.81,489.45,510.04,519.93,0.79,49.81,54.68,63.55,fmcg,food - processing - indian,26.15,0.78,11.49,0.03,-0.01,487.68,470.64,0.33,2026-05-21,,,,
2026-05-21T05:36:34.948,SHYAMMETL,922.6,1.89,877.15,860.05,876.32,992.02,1.45,20.59,24.21,62.92,metals & mining,steel - large,19.56,5.28,0.76,0.0,-0.01,859.12,812.9,0.27,2026-05-21,,,,
2026-05-21T05:36:34.948,FLUOROCHEM,3750.8,0.07,3618.16,3628.5,3748.32,3754.52,0.38,100.94,62.79,65.43,chemicals,chemicals,24.68,0.07,0.19,-0.03,0.06,3519.44,3375.11,-0.15,2026-05-21,,,,
2026-05-21T05:36:34.948,NIVABUPA,81.51,0.62,78.4,78.06,80.43,83.13,0.34,10.9,114.8,58.9,financials,finance & investments,31.43,1.34,5.13,-0.03,-0.05,75.78,72.5,-0.54,2026-05-21,,,,
2026-05-21T05:36:34.948,GODREJIND,1124.15,-0.88,1089.22,1078.0,1134.32,1108.9,0.16,21.31,30.52,59.82,chemicals,chemicals,43.45,-0.9,3.88,-0.02,-0.1,991.08,901.98,-0.63,2026-05-21,,,,
2026-05-21T05:36:34.948,TATATECH,674.45,0.88,646.07,609.0,629.98,741.15,1.18,33.52,50.11,73.27,i.t,computers - software - medium / small,37.74,7.06,-2.46,-0.08,-0.04,628.15,598.78,-0.8,2026-05-21,,,,
2026-05-21T05:36:34.948,BIKAJI,676.8,-0.21,656.6,638.75,657.94,705.09,0.31,68.23,68.78,55.76,fmcg,food - processing - indian,16.53,2.87,-7.76,-0.14,-0.17,637.44,612.12,-1.1,2026-05-21,,,,
2026-05-21T05:36:34.948,PIDILITIND,1455.6,-0.01,1402.77,1428.2,1444.81,1471.78,0.37,63.95,47.46,57.73,chemicals,chemicals,20.88,0.75,-4.4,-0.1,-0.1,1382.77,1337.55,-1.53,2026-05-21,,,,
2026-05-21T05:36:34.948,DEEPAKNTR,1824.0,1.01,1745.18,1718.0,1854.65,1778.03,0.85,28.31,45.18,62.93,chemicals,chemicals,37.37,-1.65,2.76,-0.02,0.0,1661.21,1566.11,-1.54,2026-05-21,,,,
2026-05-21T05:36:34.948,CIPLA,1399.5,-0.73,1364.45,1362.2,1384.56,1421.91,0.68,50.93,29.13,62.25,healthcare,pharmaceuticals - indian - bulk drugs & formln,34.96,1.08,-10.77,-0.15,-0.14,1324.97,1291.67,-1.6,2026-05-21,,,,
2026-05-21T05:36:34.948,BERGEPAINT,508.45,0.15,486.72,496.65,505.7,512.58,0.32,44.29,52.58,58.77,building materials,paints / varnishes,31.42,0.54,-4.5,-0.2,-0.1,466.13,437.85,-1.95,2026-05-21,,,,
2026-05-21T05:36:34.948,MAXHEALTH,1075.7,0.65,1031.69,1024.3,1031.57,1141.89,0.7,86.75,73.68,69.23,healthcare,healthcare,13.01,4.28,-8.42,-0.11,-0.11,1019.8,982.18,-2.32,2026-05-21,,,,
2026-05-21T05:36:34.948,CROMPTON,290.6,-1.02,281.41,280.35,292.81,287.28,0.43,-8.76,-77.49,60.67,consumer discretionary,electric equipment,35.48,-0.76,0.69,-0.02,-0.16,268.65,254.49,-2.74,2026-05-21,,,,
2026-05-21T05:36:34.948,CHALET,800.1,-0.11,773.22,737.1,757.74,863.65,0.5,26.85,27.12,57.68,services,hotels,13.26,5.59,-17.42,-0.16,-0.23,742.13,703.56,-3.02,2026-05-21,,,,
2026-05-21T05:36:34.948,TMPV,361.25,0.01,348.98,333.65,343.2,388.33,0.91,5.75,-602.08,58.72,auto,automobiles - passenger cars,19.84,5.26,-8.82,-0.1,-0.16,338.92,325.93,-3.31,2026-05-21,,,,
2026-05-21T05:36:34.948,PPLPHARMA,176.35,1.8,166.8,170.2,176.76,175.73,0.47,-629.82,-71.4,61.6,healthcare,pharmaceuticals - indian - bulk drugs & formln,34.24,-0.23,-8.76,-0.15,-0.09,161.04,150.22,-4.23,2026-05-21,,,,
2026-05-21T05:36:34.948,SAREGAMA,406.5,3.09,379.26,339.35,363.91,470.38,3.06,26.33,37.96,66.04,media,entertainment / electronic media software,31.12,11.7,-11.14,-0.06,-0.2,349.19,322.72,-5.76,2026-05-21,,,,
2026-05-21T05:36:34.948,OLAELEC,36.96,1.04,35.3,34.43,34.41,40.78,0.65,-8.18,-8.91,57.35,auto,automobiles - motorcycles / mopeds,31.89,7.41,-32.5,-0.19,-0.42,33.19,31.26,-6.01,2026-05-21,,,,
2026-05-21T05:36:34.948,CYIENT,905.05,-0.09,877.1,856.3,862.6,968.72,0.46,45.62,23.34,53.24,i.t,computers - software - medium / small,12.89,4.92,-23.29,-0.26,-0.27,852.14,821.81,-7.03,2026-05-21,,,,
2026-05-21T05:36:34.948,TEJASNET,466.4,0.8,442.57,425.95,454.08,484.88,0.51,-9.8,-9.08,55.38,telecom,telecommunications - equipment,18.7,2.71,-20.98,-0.17,-0.23,404.25,365.83,-7.51,2026-05-21,,,,
2026-05-21T05:36:34.948,HEXT,512.2,0.32,493.19,469.95,474.79,568.31,1.05,NaN,0.0,64.52,n/a,indices,20.2,7.88,-28.85,-0.33,-0.34,472.14,450.39,-7.82,2026-05-21,,,,
2026-05-21T05:36:34.948,KPITTECH,750.8,0.96,726.67,690.45,708.98,813.53,1.35,31.34,32.04,56.63,i.t,computers - software - medium / small,19.1,5.9,-35.37,-0.42,-0.4,696.16,665.28,-10.75,2026-05-21,,,,
2026-05-21T05:36:34.948,MEESHO,193.95,0.65,186.3,184.8,194.33,193.38,0.57,-134.69,-61.57,58.13,i.t,miscellaneous,29.19,-0.2,NaN,NaN,NaN,174.28,163.27,NaN,2026-05-21,,,,
2026-05-20T23:03:36.158,MCX,3441.7,0.79,3301.82,3210.0,3270.14,3699.04,0.65,41.41,19.18,79.16,financials,miscellaneous,43.23,5.25,84.45,0.64,1.18,3229.91,3081.27,40.92,2026-05-20,,,,
2026-05-20T23:03:36.158,GVT&D,4679.4,6.71,4326.01,4249.0,4413.98,5077.52,3.74,85.14,91.04,63.83,industrials,electric equipment,36.74,6.01,60.39,0.44,0.64,4201.65,3963.83,36.04,2026-05-20,,,,
2026-05-20T23:03:36.158,ACUTAAS,2880.6,-0.2,2792.02,2702.8,2796.49,3006.77,0.69,44.76,66.34,67.99,healthcare,pharmaceuticals - indian - bulk drugs,35.74,3.01,85.49,0.55,0.98,2687.04,2571.07,35.52,2026-05-20,,,,
2026-05-20T23:03:36.158,LAURUSLABS,1361.1,1.2,1308.89,1283.1,1291.81,1465.03,1.01,65.82,81.66,83.04,healthcare,pharmaceuticals - indian - bulk drugs & formln,39.59,5.36,56.02,0.25,0.53,1295.92,1249.33,27.87,2026-05-20,,,,
2026-05-20T23:03:36.158,VEDL,333.75,-1.16,324.82,320.65,321.52,352.1,0.41,4.87,7.58,66.78,metals & mining,mining / minerals / metals,36.57,3.8,92.89,0.66,1.07,308.14,294.64,26.95,2026-05-20,,,,
2026-05-20T23:03:36.158,POWERINDIA,35525.0,6.49,32055.8,31195.0,33555.11,38479.83,1.77,151.43,174.99,71.61,industrials,electric equipment,37.39,5.87,100.71,0.53,0.83,32507.31,30509.05,25.98,2026-05-20,,,,
2026-05-20T23:03:36.158,ADANIPOWER,220.24,0.53,211.87,213.78,224.6,213.7,0.46,26.47,16.2,61.02,power & utilities,power generation and supply,30.95,-1.94,40.03,0.36,0.75,203.47,191.25,24.73,2026-05-20,,,,
2026-05-20T23:03:36.158,SCHNEIDER,1300.0,4.44,1205.3,1175.0,1311.1,1283.34,1.15,80.05,121.43,60.72,industrials,electric equipment,32.97,-0.85,57.17,0.57,0.43,1150.75,1043.82,24.32,2026-05-20,,,,
2026-05-20T23:03:36.158,IDEA,13.58,0.44,13.05,12.45,12.69,14.92,1.39,0.71,4.26,82.85,telecom-service,telecommunications - service provider,47.33,7.03,56.5,0.17,1.02,12.36,11.54,23.44,2026-05-20,,,,
2026-05-20T23:03:36.158,BHEL,408.4,1.82,388.08,386.1,412.93,401.61,0.6,27.52,87.2,71.14,industrials,electric equipment,50.86,-1.1,73.25,0.3,0.84,377.84,356.52,18.04,2026-05-20,,,,
2026-05-20T23:03:36.158,BSE,4218.6,0.66,4067.0,3917.2,4046.16,4477.26,1.04,54.5,69.14,79.21,financials,miscellaneous,48.37,4.26,68.15,0.37,0.86,3958.28,3776.44,18.03,2026-05-20,,,,
2026-05-20T23:03:36.158,WELCORP,1316.7,2.81,1247.05,1267.7,1353.65,1261.27,1.05,19.17,17.35,67.89,industrials,steel - large,58.02,-2.73,57.52,0.34,0.54,1220.19,1166.11,16.67,2026-05-20,,,,
2026-05-20T23:03:36.158,SAIL,199.04,-0.01,190.41,188.21,191.8,209.9,0.79,11.21,24.39,66.08,metals & mining,steel - large,34.01,3.77,51.76,0.32,0.56,182.7,171.21,15.37,2026-05-20,,,,
2026-05-20T23:03:36.158,NAVINFLUOR,7046.5,-0.41,6813.45,6818.5,7045.81,7047.54,0.38,42.46,54.28,63.55,chemicals,chemicals,33.49,0.01,39.33,0.08,0.43,6666.74,6434.42,14.94,2026-05-20,,,,
2026-05-20T23:03:36.158,EMCURE,1734.0,1.39,1666.98,1659.9,1661.81,1842.28,0.32,33.76,35.07,59.71,healthcare,pharmaceuticals - indian - bulk drugs & formln,19.81,4.34,28.44,0.17,0.23,1624.57,1565.4,14.11,2026-05-20,,,,
2026-05-20T23:03:36.158,CRAFTSMAN,8575.0,0.46,8232.98,8242.5,8521.01,8655.98,0.3,41.35,48.57,64.94,auto,auto ancillaries,41.49,0.63,26.1,0.18,0.19,7902.74,7442.55,13.37,2026-05-20,,,,
2026-05-20T23:03:36.158,NAM-INDIA,1103.0,1.92,1043.7,1060.1,1081.06,1135.92,0.67,45.65,45.02,62.13,financials,finance & investments,26.63,2.03,24.35,0.18,0.35,1026.64,975.17,13.14,2026-05-20,,,,
2026-05-20T23:03:36.158,RRKABEL,1962.4,2.27,1862.0,1898.1,2000.34,1905.49,0.92,33.04,44.08,69.94,industrials,cables - power,39.78,-1.9,53.62,0.34,0.59,1790.5,1673.97,12.88,2026-05-20,,,,
2026-05-20T23:03:36.158,POLYCAB,9199.0,0.4,8836.17,8925.5,9117.16,9321.75,0.61,44.07,51.37,71.37,industrials,cables - power,35.8,0.9,21.39,0.11,0.24,8729.84,8416.97,12.42,2026-05-20,,,,
2026-05-20T23:03:36.158,KEI,5119.8,0.74,4939.3,4871.0,5070.17,5194.25,0.55,43.04,52.89,60.77,industrials,cables - power,15.5,0.98,22.72,0.14,0.25,4761.89,4512.65,11.74,2026-05-20,,,,
2026-05-20T23:03:36.158,ANURAS,1371.5,0.74,1326.53,1342.7,1360.52,1387.98,0.9,79.55,88.4,61.93,chemicals,chemicals,25.96,0.81,21.84,0.14,0.19,1305.95,1267.28,11.56,2026-05-20,,,,
2026-05-20T23:03:36.158,SAILIFE,1141.3,1.41,1089.96,949.3,1103.36,1198.21,0.81,57.88,67.75,66.87,healthcare,pharmaceuticals - indian - bulk drugs & formln,24.85,3.44,29.77,0.22,0.34,1022.77,943.57,11.55,2026-05-20,,,,
2026-05-20T23:03:36.158,ADANIGREEN,1363.2,-1.06,1321.14,1312.4,1394.55,1316.17,0.53,146.27,142.78,64.84,power & utilities,power generation and supply,40.79,-2.25,28.58,0.17,0.41,1237.53,1150.08,10.39,2026-05-20,,,,
2026-05-20T23:03:36.158,MOTHERSON,132.17,0.52,126.92,125.15,126.54,140.62,2.51,34.06,33.12,59.95,auto,auto ancillaries,22.0,4.45,23.31,0.12,0.32,122.58,119.22,10.1,2026-05-20,,,,
2026-05-20T23:03:36.158,ZYDUSWELL,512.55,0.68,492.25,483.1,497.2,535.57,0.18,25.17,22.85,58.07,fmcg,food - processing - indian,42.58,3.09,9.14,0.04,0.1,468.92,446.44,9.93,2026-05-20,,,,
2026-05-20T23:03:36.158,HONASA,356.75,0.64,342.61,340.55,347.19,371.09,0.3,57.91,74.01,63.22,services,trading,32.54,2.75,27.47,0.14,0.16,334.92,320.45,9.46,2026-05-20,,,,
2026-05-20T23:03:36.158,MANAPPURAM,319.15,1.22,305.17,295.75,310.98,331.41,1.02,16.73,26.88,65.24,financials,finance & investments,23.45,2.63,11.51,0.05,0.1,294.98,281.5,8.53,2026-05-20,,,,
2026-05-20T23:03:36.158,FORTIS,974.6,1.46,932.96,945.1,965.67,988.0,0.68,94.81,75.51,64.39,healthcare,healthcare,26.07,0.93,-10.96,-0.03,0.01,928.98,897.17,8.44,2026-05-20,,,,
2026-05-20T23:03:36.158,ASTERDM,764.85,2.13,727.21,731.1,744.91,794.76,0.52,70.3,99.32,67.83,healthcare,healthcare,27.3,2.68,9.44,0.04,0.17,718.49,688.87,8.06,2026-05-20,,,,
2026-05-20T23:03:36.158,THERMAX,4415.1,-0.03,4243.4,4330.0,4455.53,4354.45,0.42,50.91,69.06,60.92,industrials,electric equipment,52.5,-0.91,39.4,0.38,0.3,4053.56,3823.7,7.87,2026-05-20,,,,
2026-05-20T23:03:36.158,SOLARINDS,18210.0,0.52,17566.5,15850.0,16748.0,20403.0,1.13,75.22,97.72,78.25,aerospace & defence,chemicals,44.02,8.73,29.75,0.22,0.26,16964.0,16139.5,7.8,2026-05-20,,,,
2026-05-20T23:03:36.158,ADANIPORTS,1772.6,0.56,1709.41,1744.3,1782.23,1758.16,0.37,30.67,30.28,64.88,transportation,miscellaneous,28.2,-0.54,19.87,0.09,0.28,1671.83,1601.46,7.33,2026-05-20,,,,
2026-05-20T23:03:36.158,AUROPHARMA,1517.5,0.31,1475.0,1491.6,1495.25,1550.88,0.7,24.21,25.2,72.24,healthcare,pharmaceuticals - indian - bulk drugs & formln,30.3,1.49,37.24,0.13,0.44,1453.67,1427.3,6.94,2026-05-20,,,,
2026-05-20T23:03:36.158,BIOCON,432.7,1.06,416.7,416.5,410.59,465.87,1.1,136.93,153.46,78.29,healthcare,pharmaceuticals - indian - bulk drugs & formln,33.64,5.39,20.94,-0.06,0.17,407.38,392.6,6.73,2026-05-20,,,,
2026-05-20T23:03:36.158,ONGC,298.3,0.61,287.97,293.65,290.7,309.7,0.57,9.37,9.83,59.33,energy,oil drilling / allied services,27.56,2.61,20.13,0.11,0.2,284.09,276.88,5.53,2026-05-20,,,,
2026-05-20T23:03:36.158,OIL,504.4,0.54,488.77,498.75,485.72,532.42,0.37,9.77,12.33,58.88,energy,oil drilling / allied services,25.77,3.85,21.09,0.07,0.21,473.68,458.19,5.0,2026-05-20,,,,
2026-05-20T23:03:36.158,TRITURBINE,656.55,2.9,604.76,560.85,589.51,757.11,2.9,51.13,58.0,73.65,industrials,electric equipment,38.04,11.37,25.85,0.12,0.2,576.7,524.27,4.21,2026-05-20,,,,
2026-05-20T23:03:36.158,MARICO,838.45,0.84,805.56,822.0,835.88,842.31,1.0,68.95,61.0,67.38,fmcg,solvent extraction,36.49,0.31,15.57,0.02,0.09,805.53,782.39,4.11,2026-05-20,,,,
2026-05-20T23:03:36.158,KIMS,755.8,1.99,710.65,714.0,740.23,779.15,1.06,178.25,123.1,60.27,healthcare,healthcare,31.39,2.1,3.0,0.04,-0.01,685.78,639.36,3.9,2026-05-20,,,,
2026-05-20T23:03:36.158,OFSS,9703.5,0.6,9405.55,8646.5,9537.39,9952.66,1.03,25.08,31.78,71.15,i.t,computers - software - large,41.77,1.74,10.31,0.09,0.11,8998.35,8680.98,3.71,2026-05-20,,,,
2026-05-20T23:03:36.158,ONESOURCE,1867.4,0.7,1794.87,1760.1,1831.87,1920.69,0.46,1167.13,-287.97,67.26,healthcare,pharmaceuticals - indian - bulk drugs & formln,35.69,1.94,1.14,-0.0,-0.05,1701.55,1614.75,3.54,2026-05-20,,,,
2026-05-20T23:03:36.158,ENDURANCE,2552.3,0.28,2470.87,2427.5,2508.71,2617.68,0.28,32.47,37.62,57.98,auto,auto ancillaries,24.81,1.74,-12.96,-0.1,-0.15,2361.51,2226.11,3.27,2026-05-20,,,,
2026-05-20T23:03:36.158,ASIANPAINT,2598.6,-0.08,2510.76,2556.0,2567.76,2644.85,0.46,58.74,64.82,61.55,building materials,paints / varnishes,27.47,1.2,7.84,-0.18,-0.01,2473.89,2395.76,2.89,2026-05-20,,,,
2026-05-20T23:03:36.158,SUNPHARMA,1880.3,-0.11,1834.56,1829.7,1877.24,1884.89,0.33,33.58,41.37,62.59,healthcare,pharmaceuticals - indian - bulk drugs & formln,27.34,0.16,13.38,-0.02,0.16,1806.5,1763.75,2.79,2026-05-20,,,,
2026-05-20T23:03:36.158,INDUSTOWER,427.85,-0.66,415.76,415.0,407.28,458.71,0.71,15.73,15.9,56.71,telecom,transmisson line towers / equipment,19.1,5.05,24.42,-0.02,0.26,404.15,389.52,2.69,2026-05-20,,,,
2026-05-20T23:03:36.158,MOTILALOFS,846.45,-0.53,819.33,821.1,853.22,836.29,0.38,-57.35,27.31,57.57,financials,finance & investments,23.48,-0.79,-15.89,-0.2,-0.07,798.46,766.02,2.48,2026-05-20,,,,
2026-05-20T23:03:36.158,TATACOMM,1775.6,7.83,1597.6,1573.8,1608.21,2026.69,6.6,48.04,46.84,71.32,telecom-service,telecommunications - service provider,18.67,10.41,-9.89,-0.13,0.11,1624.86,1541.2,2.37,2026-05-20,,,,
2026-05-20T23:03:36.158,NUVAMA,1476.2,0.61,1408.26,1417.1,1489.65,1456.02,0.81,24.95,8.5,57.48,financials,finance & investments,25.64,-0.9,2.21,-0.07,0.11,1361.06,1281.51,2.23,2026-05-20,,,,
2026-05-20T23:03:36.158,JUBLPHARMA,1014.2,0.32,982.35,979.5,994.5,1043.74,0.49,72.03,37.02,69.85,healthcare,pharmaceuticals - indian - bulk drugs,28.95,1.98,-5.67,-0.18,-0.06,955.99,918.62,2.05,2026-05-20,,,,
2026-05-20T23:03:36.158,NH,1902.4,0.97,1828.58,1804.2,1827.3,2015.05,1.2,76.22,49.13,63.14,healthcare,healthcare,16.43,4.11,7.82,-0.1,0.04,1795.23,1730.85,1.76,2026-05-20,,,,
2026-05-20T23:03:36.158,YESBANK,22.0,0.14,21.17,21.32,22.26,21.61,0.54,16.18,19.79,62.57,bank,banks - private sector,33.47,-1.18,-4.33,-0.12,0.09,20.78,19.91,1.68,2026-05-20,,,,
2026-05-20T23:03:36.158,JUBLINGREA,735.45,1.25,705.7,708.15,732.92,739.24,0.21,61.91,43.21,60.45,chemicals,chemicals,26.34,0.35,4.1,-0.04,-0.03,687.06,653.23,1.66,2026-05-20,,,,
2026-05-20T23:03:36.158,POLICYBZR,1830.0,1.4,1735.78,1630.0,1685.15,2047.27,2.01,80.97,124.04,73.74,i.t,computers - software - medium / small,25.46,8.6,8.22,-0.06,-0.03,1692.53,1604.92,0.89,2026-05-20,,,,
2026-05-20T23:03:36.158,WELSPUNLIV,141.65,0.9,136.22,132.6,135.11,151.47,1.03,32.79,61.57,68.17,textiles,textiles - products,15.44,4.84,11.8,-0.07,0.22,132.1,125.29,0.7,2026-05-20,,,,
2026-05-20T23:03:36.158,MANKIND,2583.9,3.66,2450.0,2417.0,2463.62,2764.32,6.47,65.25,57.83,76.93,healthcare,pharmaceuticals - indian - bulk drugs & formln,41.08,4.88,5.25,0.07,-0.02,2410.62,2321.76,0.66,2026-05-20,,,,
2026-05-20T23:03:36.158,VBL,514.0,-0.16,496.81,489.45,510.04,519.93,0.79,49.81,54.77,63.55,fmcg,food - processing - indian,26.15,0.78,11.49,0.03,-0.01,487.68,470.64,0.33,2026-05-20,,,,
2026-05-20T23:03:36.158,SHYAMMETL,922.6,1.89,877.15,860.05,876.32,992.02,1.45,20.59,23.76,62.92,metals & mining,steel - large,19.56,5.28,0.76,0.0,-0.01,859.12,812.9,0.27,2026-05-20,,,,
2026-05-20T23:03:36.158,FLUOROCHEM,3750.8,0.07,3618.16,3628.5,3748.32,3754.52,0.38,100.94,62.74,65.43,chemicals,chemicals,24.68,0.07,0.19,-0.03,0.06,3519.44,3375.11,-0.15,2026-05-20,,,,
2026-05-20T23:03:36.158,NIVABUPA,81.51,0.62,78.4,78.06,80.43,83.13,0.34,10.9,114.1,58.9,financials,finance & investments,31.43,1.34,5.13,-0.03,-0.05,75.78,72.5,-0.54,2026-05-20,,,,
2026-05-20T23:03:36.158,GODREJIND,1124.15,-0.88,1089.22,1078.0,1134.32,1108.9,0.16,21.31,30.79,59.82,chemicals,chemicals,43.45,-0.9,3.88,-0.02,-0.1,991.08,901.98,-0.63,2026-05-20,,,,
2026-05-20T23:03:36.158,TATATECH,674.45,0.88,646.07,609.0,629.98,741.15,1.18,33.52,49.67,73.27,i.t,computers - software - medium / small,37.74,7.06,-2.46,-0.08,-0.04,628.15,598.78,-0.8,2026-05-20,,,,
2026-05-20T23:03:36.158,BIKAJI,676.8,-0.21,656.6,638.75,657.94,705.09,0.31,68.23,68.93,55.76,fmcg,food - processing - indian,16.53,2.87,-7.76,-0.14,-0.17,637.44,612.12,-1.1,2026-05-20,,,,
2026-05-20T23:03:36.158,PIDILITIND,1455.6,-0.01,1402.77,1428.2,1444.81,1471.78,0.37,63.95,47.47,57.73,chemicals,chemicals,20.88,0.75,-4.4,-0.1,-0.1,1382.77,1337.55,-1.53,2026-05-20,,,,
2026-05-20T23:03:36.158,DEEPAKNTR,1824.0,1.01,1745.18,1718.0,1854.65,1778.03,0.85,28.31,44.73,62.93,chemicals,chemicals,37.37,-1.65,2.76,-0.02,0.0,1661.21,1566.11,-1.54,2026-05-20,,,,
2026-05-20T23:03:36.158,CIPLA,1399.5,-0.73,1364.45,1362.2,1384.56,1421.91,0.68,50.93,29.35,62.25,healthcare,pharmaceuticals - indian - bulk drugs & formln,34.96,1.08,-10.77,-0.15,-0.14,1324.97,1291.67,-1.6,2026-05-20,,,,
2026-05-20T23:03:36.158,BERGEPAINT,508.45,0.15,486.72,496.65,505.7,512.58,0.32,44.29,52.5,58.77,building materials,paints / varnishes,31.42,0.54,-4.5,-0.2,-0.1,466.13,437.85,-1.95,2026-05-20,,,,
2026-05-20T23:03:36.158,MAXHEALTH,1075.7,0.65,1031.69,1024.3,1031.57,1141.89,0.7,86.75,73.2,69.23,healthcare,healthcare,13.01,4.28,-8.42,-0.11,-0.11,1019.8,982.18,-2.32,2026-05-20,,,,
2026-05-20T23:03:36.158,CROMPTON,290.6,-1.02,281.41,280.35,292.81,287.28,0.43,-8.76,-78.29,60.67,consumer discretionary,electric equipment,35.48,-0.76,0.69,-0.02,-0.16,268.65,254.49,-2.74,2026-05-20,,,,
2026-05-20T23:03:36.158,CHALET,800.1,-0.11,773.22,737.1,757.74,863.65,0.5,26.85,27.15,57.68,services,hotels,13.26,5.59,-17.42,-0.16,-0.23,742.13,703.56,-3.02,2026-05-20,,,,
2026-05-20T23:03:36.158,TMPV,361.25,0.01,348.98,333.65,343.2,388.33,0.91,5.75,-602.0,58.72,auto,automobiles - passenger cars,19.84,5.26,-8.82,-0.1,-0.16,338.92,325.93,-3.31,2026-05-20,,,,
2026-05-20T23:03:36.158,PPLPHARMA,176.35,1.8,166.8,170.2,176.76,175.73,0.47,-629.82,-70.13,61.6,healthcare,pharmaceuticals - indian - bulk drugs & formln,34.24,-0.23,-8.76,-0.15,-0.09,161.04,150.22,-4.23,2026-05-20,,,,
2026-05-20T23:03:36.158,SAREGAMA,406.5,3.09,379.26,339.35,363.91,470.38,3.06,26.33,36.82,66.04,media,entertainment / electronic media software,31.12,11.7,-11.14,-0.06,-0.2,349.19,322.72,-5.76,2026-05-20,,,,
2026-05-20T23:03:36.158,OLAELEC,36.96,1.04,35.3,34.43,34.41,40.78,0.65,-8.4,-7.33,57.35,auto,automobiles - motorcycles / mopeds,31.89,7.41,-32.5,-0.19,-0.42,33.19,31.26,-6.01,2026-05-20,,,,
2026-05-20T23:03:36.158,CYIENT,905.05,-0.09,877.1,856.3,862.6,968.72,0.46,45.62,23.36,53.24,i.t,computers - software - medium / small,12.89,4.92,-23.29,-0.26,-0.27,852.14,821.81,-7.03,2026-05-20,,,,
2026-05-20T23:03:36.158,TEJASNET,466.4,0.8,442.57,425.95,454.08,484.88,0.51,-9.8,-9.01,55.38,telecom,telecommunications - equipment,18.7,2.71,-20.98,-0.17,-0.23,404.25,365.83,-7.51,2026-05-20,,,,
2026-05-20T23:03:36.158,HEXT,512.2,0.32,493.19,469.95,474.79,568.31,1.05,NaN,0.0,64.52,n/a,indices,20.2,7.88,-28.85,-0.33,-0.34,472.14,450.39,-7.82,2026-05-20,,,,
2026-05-20T23:03:36.158,KPITTECH,750.8,0.96,726.67,690.45,708.98,813.53,1.35,31.34,31.74,56.63,i.t,computers - software - medium / small,19.1,5.9,-35.37,-0.42,-0.4,696.16,665.28,-10.75,2026-05-20,,,,
2026-05-20T23:03:36.158,MEESHO,193.95,0.65,186.3,184.8,194.33,193.38,0.57,-134.69,-61.17,58.13,i.t,miscellaneous,29.19,-0.2,NaN,NaN,NaN,174.28,163.27,NaN,2026-05-20,,,,
2026-05-19T17:20:43.468,MCX,3414.7,1.98,3264.87,3131.0,3220.36,3706.22,0.79,41.08,18.81,78.38,financials,miscellaneous,41.76,6.03,78.97,0.62,1.12,3192.6,3058.72,43.15,2026-05-19,,,,
2026-05-19T17:20:43.468,ACUTAAS,2886.5,3.12,2752.82,2702.8,2770.55,3060.42,1.07,44.85,64.33,68.51,healthcare,pharmaceuticals - indian - bulk drugs,34.33,4.18,86.39,0.56,0.97,2676.92,2539.23,34.9,2026-05-19,,,,
2026-05-19T17:20:43.468,VEDL,337.65,3.26,318.89,308.8,316.3,369.67,0.68,4.92,7.34,69.19,metals & mining,mining / minerals / metals,35.33,6.75,93.27,0.65,1.09,309.91,290.45,28.26,2026-05-19,,,,
2026-05-19T17:20:43.468,LAURUSLABS,1344.9,1.33,1295.66,1246.6,1270.75,1456.12,0.91,65.03,80.59,81.88,healthcare,pharmaceuticals - indian - bulk drugs & formln,37.74,5.83,53.7,0.21,0.51,1277.56,1235.26,28.13,2026-05-19,,,,
2026-05-19T17:20:43.468,POWERINDIA,33360.0,1.71,32129.3,31195.0,33643.15,32935.28,0.77,142.2,172.05,63.48,industrials,electric equipment,36.65,-0.84,90.76,0.43,0.7,31040.49,29670.86,24.9,2026-05-19,,,,
2026-05-19T17:20:43.468,IDEA,13.52,5.13,12.6,12.04,12.38,15.23,2.41,0.7,4.06,82.57,telecom-service,telecommunications - service provider,45.67,9.2,57.14,0.14,1.0,12.18,11.34,23.56,2026-05-19,,,,
2026-05-19T17:20:43.468,GESHIP,1715.9,1.14,1642.97,1462.1,1547.55,1968.43,5.54,5.87,8.23,69.91,transportation,shipping,35.36,10.88,66.26,0.4,0.73,1508.09,1434.33,22.17,2026-05-19,,,,
2026-05-19T17:20:43.468,BSE,4190.8,1.7,4036.62,3847.2,4000.75,4475.88,1.57,54.14,67.99,78.55,financials,miscellaneous,46.59,4.75,70.63,0.37,0.86,3909.03,3805.81,17.89,2026-05-19,,,,
2026-05-19T17:20:43.468,BHEL,401.1,1.48,383.28,386.1,411.38,385.69,0.64,27.03,85.92,69.17,industrials,electric equipment,51.24,-2.5,70.4,0.29,0.83,369.97,349.92,17.35,2026-05-19,,,,
2026-05-19T17:20:43.468,SAIL,199.05,3.28,187.43,176.31,190.65,211.65,1.55,11.21,23.62,66.1,metals & mining,steel - large,34.19,4.41,52.96,0.3,0.59,181.53,169.62,17.28,2026-05-19,,,,
2026-05-19T17:20:43.468,GRANULES,766.45,4.79,719.81,721.15,741.69,803.59,1.51,23.28,29.93,74.57,healthcare,pharmaceuticals - indian - bulk drugs & formln,44.52,3.34,34.81,0.26,0.44,717.15,686.92,15.49,2026-05-19,,,,
2026-05-19T17:20:43.468,GLENMARK,2405.9,2.82,2288.3,2245.2,2340.28,2504.33,1.23,42.09,62.0,62.03,healthcare,pharmaceuticals - indian - bulk drugs & formln,18.47,2.8,27.03,0.19,0.21,2268.72,2173.44,15.02,2026-05-19,,,,
2026-05-19T17:20:43.468,NAVINFLUOR,7075.5,2.48,6769.84,6818.5,7033.26,7138.86,0.89,42.63,52.96,65.14,chemicals,chemicals,32.52,0.6,44.88,0.09,0.46,6676.47,6482.19,14.73,2026-05-19,,,,
2026-05-19T17:20:43.468,CRAFTSMAN,8550.0,1.44,8184.47,8242.5,8477.18,8659.23,0.24,41.22,47.96,64.42,auto,auto ancillaries,41.14,0.86,33.09,0.16,0.15,7825.13,7295.48,14.59,2026-05-19,,,,
2026-05-19T17:20:43.468,EMCURE,1710.2,1.42,1647.18,1652.7,1656.67,1790.5,0.42,33.3,34.57,57.34,healthcare,pharmaceuticals - indian - bulk drugs & formln,18.23,3.23,25.36,0.13,0.2,1601.31,1533.24,14.25,2026-05-19,,,,
2026-05-19T17:20:43.468,NLCINDIA,358.35,2.93,342.22,306.3,336.18,391.6,1.31,13.49,15.05,66.38,power & utilities,power generation and supply,42.06,6.59,33.47,0.29,0.5,314.14,289.34,13.85,2026-05-19,,,,
2026-05-19T17:20:43.468,SAILIFE,1125.4,1.11,1078.0,949.3,1098.42,1165.86,1.35,57.07,67.01,64.5,healthcare,pharmaceuticals - indian - bulk drugs & formln,25.89,2.46,31.1,0.18,0.29,997.78,925.26,12.73,2026-05-19,,,,
2026-05-19T17:20:43.468,GLAND,2251.1,4.38,2095.73,1813.0,1882.55,2803.92,7.86,25.28,34.58,77.55,healthcare,pharmaceuticals - indian - formulations,30.29,19.58,16.27,0.14,0.16,2005.0,1843.23,12.31,2026-05-19,,,,
2026-05-19T17:20:43.468,KEI,5082.4,-0.11,4927.73,4822.6,5066.67,5106.0,0.66,42.72,52.95,59.29,industrials,cables - power,16.19,0.31,14.98,0.13,0.25,4688.94,4491.44,11.2,2026-05-19,,,,
2026-05-19T17:20:43.468,MOTHERSON,131.49,2.13,126.44,123.83,126.19,139.44,1.11,33.89,32.43,59.17,auto,auto ancillaries,21.05,4.2,25.77,0.1,0.31,122.65,117.23,9.64,2026-05-19,,,,
2026-05-19T17:20:43.468,HONASA,354.5,1.79,341.29,340.55,346.91,365.89,0.47,57.55,72.7,61.73,services,trading,33.32,2.19,24.57,0.09,0.15,331.86,318.48,9.4,2026-05-19,,,,
2026-05-19T17:20:43.468,RADICO,3599.9,3.7,3398.64,3420.6,3505.09,3742.12,1.42,67.11,76.87,71.26,fmcg,breweries & distilleries,44.72,2.71,21.99,0.01,0.22,3368.06,3268.19,9.06,2026-05-19,,,,
2026-05-19T17:20:43.468,JBCHEPHARM,2171.6,2.18,2063.98,2080.5,2133.3,2229.05,0.57,85.5,46.96,61.68,healthcare,pharmaceuticals - indian - bulk drugs & formln,30.47,1.8,30.28,0.1,0.22,2048.39,1971.77,8.78,2026-05-19,,,,
2026-05-19T17:20:43.468,TORNTPHARM,4460.1,1.51,4270.84,4264.0,4359.63,4610.81,0.87,59.4,65.37,61.23,healthcare,pharmaceuticals - indian - formulations,21.72,2.3,26.27,0.08,0.2,4220.06,4079.92,8.72,2026-05-19,,,,
2026-05-19T17:20:43.468,THERMAX,4416.6,0.53,4248.4,4335.1,4443.74,4375.89,0.51,50.93,68.7,60.99,industrials,electric equipment,52.87,-0.61,42.03,0.35,0.33,4030.91,3823.54,8.51,2026-05-19,,,,
2026-05-19T17:20:43.468,MANAPPURAM,315.3,3.01,295.96,295.75,310.24,322.9,0.65,16.53,26.1,63.38,financials,finance & investments,23.6,1.63,9.34,0.03,0.11,291.27,273.95,8.3,2026-05-19,,,,
2026-05-19T17:20:43.468,VIJAYA,1304.4,0.12,1235.98,1258.3,1299.6,1311.6,0.95,69.98,77.41,71.04,healthcare,healthcare,55.72,0.37,32.1,0.16,0.21,1172.63,1079.2,8.15,2026-05-19,,,,
2026-05-19T17:20:43.468,SOLARINDS,18116.0,0.54,17559.64,15545.0,16462.58,20596.14,1.5,74.83,97.2,77.76,aerospace & defence,chemicals,42.14,10.04,28.92,0.2,0.25,16768.63,16140.09,8.01,2026-05-19,,,,
2026-05-19T17:20:43.468,NEULANDLAB,16790.0,2.84,15919.12,15900.0,16827.1,16734.35,0.87,25.32,57.55,62.1,healthcare,pharmaceuticals - indian - bulk drugs,33.63,-0.22,4.3,-0.11,0.21,15218.51,14115.9,7.86,2026-05-19,,,,
2026-05-19T17:20:43.468,BIOCON,428.15,0.45,416.65,402.85,403.55,465.06,0.91,135.49,152.78,77.01,healthcare,pharmaceuticals - indian - bulk drugs & formln,31.98,6.1,20.2,-0.06,0.17,402.4,390.69,7.04,2026-05-19,,,,
2026-05-19T17:20:43.468,AUROPHARMA,1512.8,0.82,1469.8,1483.6,1488.34,1549.48,1.02,24.14,24.99,71.53,healthcare,pharmaceuticals - indian - bulk drugs & formln,29.41,1.64,36.43,0.13,0.43,1449.84,1419.83,6.85,2026-05-19,,,,
2026-05-19T17:20:43.468,INDIACEM,406.65,0.68,392.44,388.45,392.43,427.98,0.16,52.95,-185.28,54.08,building materials,cement - south india,19.49,3.62,3.56,-0.09,0.02,381.69,364.52,6.14,2026-05-19,,,,
2026-05-19T17:20:43.468,WOCKPHARMA,1620.2,3.1,1529.98,1505.0,1578.26,1683.12,0.89,39.59,119.78,64.16,healthcare,pharmaceuticals - indian - bulk drugs & formln,41.01,2.66,19.55,0.09,0.11,1466.28,1363.65,5.98,2026-05-19,,,,
2026-05-19T17:20:43.468,ONGC,296.5,-0.24,287.78,293.65,289.81,306.53,0.43,9.31,9.86,57.75,energy,oil drilling / allied services,27.46,2.31,19.78,0.1,0.2,282.64,274.25,5.83,2026-05-19,,,,
2026-05-19T17:20:43.468,LALPATHLAB,1703.7,3.49,1615.04,1568.0,1600.79,1858.07,1.01,54.19,34.87,70.39,healthcare,healthcare,39.67,6.43,9.16,-0.01,0.01,1567.68,1481.86,4.93,2026-05-19,,,,
2026-05-19T17:20:43.468,IPCALAB,1656.2,0.6,1601.32,1494.0,1551.44,1813.34,0.96,32.2,45.91,71.84,healthcare,pharmaceuticals - indian - bulk drugs & formln,31.84,6.75,27.67,0.04,0.17,1547.96,1472.78,4.6,2026-05-19,,,,
2026-05-19T17:20:43.468,FINCABLES,1056.25,3.26,1009.35,1000.45,1087.24,1009.77,0.71,24.61,22.98,58.74,industrials,cables - power,35.93,-2.85,33.66,0.23,0.21,953.27,909.49,4.33,2026-05-19,,,,
2026-05-19T17:20:43.468,MARICO,831.45,-0.28,811.93,825.2,832.97,829.17,0.73,68.38,61.17,64.98,fmcg,solvent extraction,36.32,-0.18,17.18,0.01,0.1,799.21,785.33,3.73,2026-05-19,,,,
2026-05-19T17:20:43.468,OFSS,9646.0,2.52,9275.7,8646.5,9564.04,9768.94,1.53,24.93,31.0,70.37,i.t,computers - software - large,41.85,0.86,10.15,0.07,0.1,8925.35,8737.86,3.56,2026-05-19,,,,
2026-05-19T17:20:43.468,ENDURANCE,2540.0,0.53,2450.98,2427.5,2493.03,2610.45,0.9,32.32,37.34,57.12,auto,auto ancillaries,24.79,1.88,-10.12,-0.13,-0.17,2323.99,2190.98,3.54,2026-05-19,,,,
2026-05-19T17:20:43.468,DIVISLAB,6912.0,1.13,6698.79,6643.0,6803.83,7074.26,1.09,78.62,73.2,69.33,healthcare,pharmaceuticals - indian - bulk drugs,40.28,1.59,5.16,-0.02,0.1,6598.95,6394.15,3.5,2026-05-19,,,,
2026-05-19T17:20:43.468,MOTILALOFS,850.95,2.0,817.81,821.1,853.28,847.45,0.47,-57.65,26.77,58.88,financials,finance & investments,24.18,-0.27,-16.48,-0.2,-0.08,798.92,766.95,3.13,2026-05-19,,,,
2026-05-19T17:20:43.468,ZYDUSLIFE,1018.9,2.81,975.1,925.1,947.32,1126.28,6.37,24.59,20.19,67.42,healthcare,pharmaceuticals - indian - bulk drugs & formln,29.65,7.56,4.3,0.0,-0.01,951.33,929.76,3.05,2026-05-19,,,,
2026-05-19T17:20:43.468,KIMS,741.05,3.38,701.68,714.0,735.52,749.35,1.18,174.78,119.08,57.67,healthcare,healthcare,31.7,0.75,1.92,0.01,-0.02,671.8,623.82,2.75,2026-05-19,,,,
2026-05-19T17:20:43.468,DRREDDY,1335.2,0.3,1292.52,1230.0,1297.08,1392.38,0.96,125.96,26.41,59.3,healthcare,pharmaceuticals - indian - bulk drugs & formln,18.24,2.94,8.36,-0.01,0.01,1263.79,1220.03,2.62,2026-05-19,,,,
2026-05-19T17:20:43.468,ONESOURCE,1849.6,2.11,1773.8,1731.0,1830.53,1878.2,0.26,1156.0,-281.26,65.92,healthcare,pharmaceuticals - indian - bulk drugs & formln,34.74,1.04,0.16,-0.05,-0.05,1679.55,1573.41,2.56,2026-05-19,,,,
2026-05-19T17:20:43.468,YESBANK,21.97,0.73,21.29,21.32,22.19,21.64,0.59,16.15,19.65,62.29,bank,banks - private sector,34.47,-1.01,-4.29,-0.13,0.09,20.67,19.86,1.78,2026-05-19,,,,
2026-05-19T17:20:43.468,NH,1884.1,0.96,1826.23,1804.2,1819.19,1981.47,1.13,75.48,48.66,61.2,healthcare,healthcare,15.55,3.57,7.78,-0.14,0.02,1776.45,1713.41,1.63,2026-05-19,,,,
2026-05-19T17:20:43.468,PNBHOUSING,1064.5,1.85,1024.3,1040.0,1089.43,1027.1,0.47,10.57,11.88,64.2,financials,finance - housing,41.32,-2.29,25.45,0.07,0.35,1010.96,971.61,1.24,2026-05-19,,,,
2026-05-19T17:20:43.468,POLICYBZR,1804.8,3.23,1715.98,1593.7,1672.77,2002.84,2.26,79.86,120.16,71.95,i.t,computers - software - medium / small,23.86,7.89,7.83,-0.08,-0.04,1669.8,1597.05,1.2,2026-05-19,,,,
2026-05-19T17:20:43.468,ATUL,7050.0,2.43,6766.9,6778.0,6972.08,7166.88,0.74,24.69,29.89,59.13,chemicals,chemicals,34.33,1.12,22.27,0.08,0.08,6612.57,6369.5,0.96,2026-05-19,,,,
2026-05-19T17:20:43.468,VBL,514.8,0.65,499.11,484.65,511.04,520.44,0.71,49.88,54.41,64.08,fmcg,food - processing - indian,27.32,0.74,15.72,0.03,0.0,486.96,470.13,0.53,2026-05-19,,,,
2026-05-19T17:20:43.468,CAPLIPOINT,2038.2,2.62,1947.55,1803.0,1883.2,2270.7,1.42,22.77,23.54,73.3,healthcare,pharmaceuticals - indian - formulations,29.47,8.23,0.94,-0.03,-0.07,1858.98,1746.37,0.3,2026-05-19,,,,
2026-05-19T17:20:43.468,WELSPUNLIV,140.39,1.24,135.62,132.6,134.21,149.66,0.76,32.5,60.82,66.66,textiles,textiles - products,14.55,4.6,11.92,-0.06,0.22,130.05,123.66,0.24,2026-05-19,,,,
2026-05-19T17:20:43.468,DEEPAKFERT,1324.5,4.09,1247.54,1211.0,1292.82,1372.02,1.34,29.54,18.36,61.1,chemicals,chemicals,31.11,2.45,-6.69,-0.16,-0.09,1202.1,1142.8,0.17,2026-05-19,,,,
2026-05-19T17:20:43.468,BALRAMCHIN,550.45,1.73,523.96,517.75,530.7,580.07,1.04,17.42,28.87,65.51,fmcg,sugar,19.79,3.72,17.25,0.07,-0.02,506.92,487.21,0.15,2026-05-19,,,,
2026-05-19T17:20:43.468,FLUOROCHEM,3731.4,1.0,3605.62,3625.2,3736.17,3724.24,0.65,100.41,61.84,64.37,chemicals,chemicals,24.55,-0.13,3.21,-0.04,0.06,3487.8,3367.71,-0.28,2026-05-19,,,,
2026-05-19T17:20:43.468,SHYAMMETL,905.9,2.17,870.29,844.0,873.1,955.1,1.38,20.22,23.27,59.93,metals & mining,steel - large,19.17,3.76,-0.98,-0.03,-0.03,841.17,792.92,-0.33,2026-05-19,,,,
2026-05-19T17:20:43.468,NIVABUPA,81.01,1.28,78.1,78.06,80.41,81.91,0.72,10.83,112.66,57.47,financials,finance & investments,31.09,0.75,5.14,-0.04,-0.05,75.13,72.85,-0.79,2026-05-19,,,,
2026-05-19T17:20:43.468,TATATECH,668.55,6.22,616.81,609.0,623.56,736.03,2.54,33.23,46.76,72.18,i.t,computers - software - medium / small,36.29,7.21,-3.74,-0.1,-0.05,621.11,588.97,-0.98,2026-05-19,,,,
2026-05-19T17:20:43.468,DEEPAKNTR,1805.8,3.28,1724.9,1718.0,1860.06,1724.41,1.69,28.02,43.31,61.19,chemicals,chemicals,39.06,-2.92,2.15,-0.04,-0.02,1638.02,1566.39,-1.4,2026-05-19,,,,
2026-05-19T17:20:43.468,PIDILITIND,1455.8,0.39,1416.2,1428.2,1440.91,1478.13,0.63,63.96,47.28,57.78,chemicals,chemicals,21.33,1.03,-3.0,-0.09,-0.1,1381.73,1341.97,-1.46,2026-05-19,,,,
2026-05-19T17:20:43.468,BHARTIHEXA,1608.0,0.65,1560.94,1465.9,1480.15,1799.78,0.85,45.02,46.11,64.44,telecom-service,telecommunications - service provider,14.48,8.64,-7.26,-0.17,-0.12,1518.56,1463.49,-1.56,2026-05-19,,,,
2026-05-19T17:20:43.468,CHALET,805.0,1.92,764.5,736.0,755.37,879.44,1.1,27.01,26.77,58.9,services,hotels,13.29,6.57,-13.89,-0.15,-0.24,741.27,696.32,-2.0,2026-05-19,,,,
2026-05-19T17:20:43.468,MAXHEALTH,1068.75,0.96,1033.56,1003.55,1025.15,1134.16,0.83,86.19,72.5,67.72,healthcare,healthcare,13.34,4.25,-7.53,-0.12,-0.13,1012.54,981.63,-2.35,2026-05-19,,,,
2026-05-19T17:20:43.468,AEGISLOG,700.5,2.12,673.26,646.05,679.76,731.61,0.48,34.75,31.29,54.39,services,trading,24.61,3.05,-13.77,-0.19,-0.03,644.03,609.88,-2.93,2026-05-19,,,,
2026-05-19T17:20:43.468,COLPAL,2188.3,1.72,2108.96,2111.6,2163.68,2225.23,0.72,45.93,44.09,61.22,fmcg,personal care - multinational,21.34,1.14,-1.71,-0.08,-0.1,2088.98,2049.89,-3.19,2026-05-19,,,,
2026-05-19T17:20:43.468,TMPV,361.2,2.28,345.84,333.65,342.25,389.63,1.37,5.75,-588.58,58.69,auto,automobiles - passenger cars,19.18,5.54,-7.42,-0.11,-0.16,337.87,324.97,-3.42,2026-05-19,,,,
2026-05-19T17:20:43.468,COFORGE,1412.0,4.74,1333.09,1249.8,1269.98,1625.04,2.05,19.36,29.08,65.18,i.t,computers - software - large,18.0,11.18,-20.0,-0.28,-0.23,1284.95,1224.66,-3.61,2026-05-19,,,,
2026-05-19T17:20:43.468,PIIND,3124.6,0.91,3031.92,2998.7,3049.8,3236.8,1.36,38.07,32.37,57.54,chemicals,pesticides / agrochemicals - indian,15.91,2.45,-12.09,-0.19,-0.2,2949.18,2887.11,-3.75,2026-05-19,,,,
2026-05-19T17:20:43.468,PAGEIND,38750.0,3.32,36642.2,34720.0,36145.45,42656.82,1.93,57.01,55.84,66.31,consumer discretionary,textiles - products,25.6,7.21,-4.4,-0.1,-0.16,36507.05,34924.85,-3.87,2026-05-19,,,,
2026-05-19T17:20:43.468,LATENTVIEW,325.25,5.36,300.96,277.3,293.88,372.3,2.81,31.89,32.19,61.67,i.t,computers - software - medium / small,15.55,10.67,-24.22,-0.37,-0.24,287.32,274.46,-5.62,2026-05-19,,,,
2026-05-19T17:20:43.468,AWL,202.17,1.4,195.53,193.02,202.82,201.19,0.3,22.36,24.71,55.38,fmcg,solvent extraction,24.67,-0.32,-24.26,-0.32,-0.22,189.36,180.99,-5.67,2026-05-19,,,,
2026-05-19T17:20:43.468,SAREGAMA,394.3,0.5,375.93,328.1,357.88,448.93,1.02,25.54,36.63,63.14,media,entertainment / electronic media software,28.7,10.18,-13.94,-0.08,-0.21,340.25,306.61,-6.33,2026-05-19,,,,
2026-05-19T17:20:43.468,SYNGENE,471.35,1.08,452.02,452.5,464.06,482.28,0.47,32.02,59.18,57.53,healthcare,miscellaneous,35.93,1.57,-24.84,-0.33,-0.28,429.27,405.45,-6.37,2026-05-19,,,,
2026-05-19T17:20:43.468,HEXT,510.55,4.85,482.06,469.95,469.6,571.97,2.72,NaN,0.0,64.05,n/a,indices,19.59,8.72,-31.14,-0.34,-0.34,469.27,444.16,-7.69,2026-05-19,,,,
2026-05-19T17:20:43.468,MEESHO,192.7,1.21,184.73,179.21,194.83,189.51,0.43,-133.82,-60.44,57.37,i.t,miscellaneous,29.75,-1.09,NaN,NaN,NaN,172.03,159.48,NaN,2026-05-19,,,,
2026-05-19T17:20:43.468,HEALTHCARE,20.25,0.3,19.76,19.61,19.94,20.71,0.93,NaN,0.0,75.78,indices,indices,49.87,1.53,NaN,NaN,NaN,19.38,18.99,NaN,2026-05-19,,,,
2026-05-13T17:52:28.612,ATHERENERG,951.95,3.0,895.87,894.2,927.51,988.61,1.03,-90.83,-66.25,61.55,auto,automobiles - scooters and 3 - wheelers,41.11,2.63,52.56,0.33,1.2,851.05,782.22,47.55,2026-05-13,,,,
2026-05-13T17:52:28.612,HINDCOPPER,595.3,5.51,565.46,556.0,553.25,658.38,1.86,91.87,82.49,64.9,metals & mining,mining / minerals / metals,17.93,7.6,63.71,0.52,1.44,548.0,517.23,42.58,2026-05-13,,,,
2026-05-13T17:52:28.612,ACUTAAS,2827.8,3.12,2688.24,2640.0,2668.9,3066.15,0.66,43.94,63.02,69.66,healthcare,pharmaceuticals - indian - bulk drugs,30.5,5.95,98.99,0.48,0.91,2615.79,2478.88,34.49,2026-05-13,,,,
2026-05-13T17:52:28.612,VEDL,323.35,6.0,302.62,294.2,295.39,365.29,1.42,4.71,6.85,69.4,metals & mining,mining / minerals / metals,29.53,9.46,85.06,0.57,0.92,294.63,275.23,27.99,2026-05-13,,,,
2026-05-13T17:52:28.612,SCHNEIDER,1288.0,1.8,1192.66,1217.0,1319.88,1240.19,0.75,79.31,123.43,64.39,industrials,electric equipment,44.14,-2.42,55.87,0.45,0.45,1126.69,1037.71,26.99,2026-05-13,,,,
2026-05-13T17:52:28.612,HFCL,153.46,3.84,143.08,137.65,140.3,173.2,1.5,31.71,69.38,86.12,telecom,cables - telephone,64.29,9.38,108.14,0.81,1.0,135.34,122.98,24.89,2026-05-13,,,,
2026-05-13T17:52:28.612,LAURUSLABS,1280.5,0.99,1221.67,1183.7,1189.96,1416.31,1.54,61.92,76.99,76.81,healthcare,pharmaceuticals - indian - bulk drugs & formln,30.48,7.61,48.09,0.2,0.42,1201.77,1154.73,24.23,2026-05-13,,,,
2026-05-13T17:52:28.612,SCI,331.75,1.97,320.07,311.05,327.27,338.48,0.88,9.54,11.2,67.28,transportation,shipping,38.23,1.37,50.21,0.17,0.49,290.43,270.6,22.0,2026-05-13,,,,
2026-05-13T17:52:28.612,DATAPATTNS,4196.2,3.29,3956.55,4015.1,4233.12,4140.81,0.65,100.68,92.04,65.24,aerospace & defence,electronics - components,33.51,-0.87,48.57,0.4,0.59,3834.48,3593.69,21.77,2026-05-13,,,,
2026-05-13T17:52:28.612,IDEA,12.83,7.91,11.8,11.01,11.15,15.35,2.58,-6.55,-4.5,80.87,telecom-service,telecommunications - service provider,37.44,15.04,44.3,0.15,0.68,11.47,10.58,20.94,2026-05-13,,,,
2026-05-13T17:52:28.612,BHEL,403.85,3.09,384.65,383.45,398.47,411.92,1.23,27.21,85.16,76.91,industrials,electric equipment,52.1,1.35,69.03,0.3,0.8,370.45,349.29,19.17,2026-05-13,,,,
2026-05-13T17:52:28.612,WELCORP,1352.8,2.53,1288.9,1276.1,1339.92,1372.12,0.94,19.7,17.87,84.18,industrials,steel - large,61.71,0.96,58.81,0.35,0.47,1264.57,1205.6,18.29,2026-05-13,,,,
2026-05-13T17:52:28.612,BSE,3888.8,0.96,3770.26,3832.3,3878.35,3904.48,0.74,50.24,63.55,72.18,financials,miscellaneous,40.13,0.27,66.9,0.36,0.64,3674.48,3542.94,17.91,2026-05-13,,,,
2026-05-13T17:52:28.612,BHARATFORG,1945.9,1.72,1873.56,1856.1,1920.18,1984.48,0.82,100.1,84.72,59.14,industrials,castings & forgings,22.41,1.34,60.94,0.28,0.65,1791.48,1716.66,17.18,2026-05-13,,,,
2026-05-13T17:52:28.612,HINDALCO,1073.1,3.04,1026.06,1022.1,1056.17,1098.49,0.85,29.07,14.38,63.01,metals & mining,aluminium and aluminium products,27.78,1.6,38.63,0.25,0.45,1015.63,981.82,16.31,2026-05-13,,,,
2026-05-13T17:52:28.612,GRAPHITE,749.2,4.49,702.66,712.05,731.66,775.51,1.18,53.51,42.55,61.53,industrials,electrodes - graphites,20.5,2.4,27.12,0.21,0.37,687.46,647.86,14.52,2026-05-13,,,,
2026-05-13T17:52:28.612,RRKABEL,1957.3,0.95,1885.03,1806.3,1837.15,2137.52,0.94,32.95,44.54,79.99,industrials,cables - power,33.97,6.54,55.92,0.33,0.55,1782.11,1676.22,14.27,2026-05-13,,,,
2026-05-13T17:52:28.612,HINDZINC,667.1,3.93,646.75,626.3,630.54,721.94,1.88,14.0,19.61,70.49,metals & mining,mining / minerals / metals,20.57,5.8,30.26,0.26,0.48,623.8,601.03,14.26,2026-05-13,,,,
2026-05-13T17:52:28.612,NAM-INDIA,1059.6,2.07,1013.52,1029.0,1071.48,1041.78,1.45,43.86,43.18,58.16,financials,finance & investments,28.63,-1.11,23.55,0.12,0.21,981.13,934.38,13.82,2026-05-13,,,,
2026-05-13T17:52:28.612,IFCI,64.96,6.37,60.14,60.8,61.12,70.72,2.96,324.8,91.15,63.11,financials,finance - term-lending institutions,22.8,6.28,13.84,0.11,0.17,58.67,55.25,12.61,2026-05-13,,,,
2026-05-13T17:52:28.612,USHAMART,475.5,3.85,450.9,455.1,464.33,492.26,2.21,24.51,29.92,60.56,metals & mining,steel - medium / small,21.46,2.41,-1.25,-0.07,0.18,434.04,415.44,12.35,2026-05-13,,,,
2026-05-13T17:52:28.612,TATASTEEL,219.62,3.59,208.81,211.5,213.87,228.25,1.46,25.42,28.8,64.4,metals & mining,steel - large,18.95,2.69,24.94,0.12,0.33,209.57,203.33,11.82,2026-05-13,,,,
2026-05-13T17:52:28.612,ZYDUSWELL,515.35,1.72,496.37,501.1,499.67,538.86,0.09,-103.07,11.46,61.29,fmcg,food - processing - indian,43.16,3.14,13.67,0.04,0.26,475.12,447.54,11.71,2026-05-13,,,,
2026-05-13T17:52:28.612,ADANIGREEN,1366.7,4.49,1265.57,1291.4,1365.35,1368.72,1.17,146.64,135.54,71.21,power & utilities,power generation and supply,43.56,0.1,30.05,0.21,0.37,1238.0,1163.47,11.69,2026-05-13,,,,
2026-05-13T17:52:28.612,ANURAS,1373.9,1.06,1333.0,1329.0,1349.6,1410.35,2.37,79.69,88.28,64.72,chemicals,chemicals,24.05,1.8,25.02,0.18,0.18,1295.87,1259.44,11.5,2026-05-13,,,,
2026-05-13T17:52:28.612,HSCL,618.7,1.81,569.18,580.8,627.33,605.76,1.89,38.86,40.3,69.1,chemicals,chemicals,48.33,-1.38,36.66,0.24,0.28,544.8,501.72,10.7,2026-05-13,,,,
2026-05-13T17:52:28.612,LLOYDSME,1749.8,2.7,1662.67,1696.2,1792.87,1685.2,1.03,16.34,24.41,67.21,metals & mining,mining / minerals / metals,50.09,-2.4,29.63,0.22,0.26,1617.76,1542.33,9.7,2026-05-13,,,,
2026-05-13T17:52:28.612,THERMAX,4546.5,1.42,4396.28,4088.4,4321.07,4884.65,1.5,52.43,70.1,69.04,industrials,electric equipment,51.14,5.22,42.86,0.32,0.34,4064.26,3886.08,9.67,2026-05-13,,,,
2026-05-13T17:52:28.612,RADICO,3450.5,0.64,3353.56,3327.3,3493.38,3386.19,0.9,64.33,75.92,66.05,fmcg,breweries & distilleries,44.36,-1.23,15.5,-0.03,0.15,3236.34,3123.53,9.29,2026-05-13,,,,
2026-05-13T17:52:28.612,CGPOWER,847.05,1.6,809.48,826.0,853.5,837.38,0.73,91.28,108.13,62.4,industrials,electric equipment,27.47,-0.76,11.3,0.07,0.21,788.42,747.4,9.13,2026-05-13,,,,
2026-05-13T17:52:28.612,ASTERDM,735.75,0.74,713.44,721.05,728.78,746.21,0.54,67.62,96.86,61.7,healthcare,healthcare,25.46,0.96,5.45,0.0,0.18,689.7,673.81,8.7,2026-05-13,,,,
2026-05-13T17:52:28.612,FORTIS,957.5,0.67,926.3,945.2,962.66,949.76,0.65,93.14,74.78,61.83,healthcare,healthcare,25.48,-0.54,-10.38,-0.11,0.01,904.14,878.61,8.49,2026-05-13,,,,
2026-05-13T17:52:28.612,PTCIL,16868.0,-1.6,16439.5,16471.0,16517.98,17393.02,0.49,344.24,387.92,55.86,industrials,castings & forgings,14.86,2.12,1.15,-0.11,0.15,15833.59,15264.78,7.75,2026-05-13,,,,
2026-05-13T17:52:28.612,MANAPPURAM,309.5,5.56,291.06,292.05,308.15,311.53,1.29,16.22,25.0,61.71,financials,finance & investments,27.96,0.44,5.44,0.04,0.11,285.31,269.16,7.64,2026-05-13,,,,
2026-05-13T17:52:28.612,JSWSTEEL,1274.9,1.8,1229.9,1246.2,1275.09,1274.62,1.2,36.38,41.03,57.78,metals & mining,steel - large,17.81,-0.02,8.51,-0.01,0.17,1222.1,1190.0,7.3,2026-05-13,,,,
2026-05-13T17:52:28.612,ADANIPORTS,1737.8,2.94,1654.24,1683.2,1747.16,1723.76,0.88,30.07,29.0,64.98,transportation,miscellaneous,28.02,-0.54,24.58,0.09,0.25,1618.16,1542.93,7.18,2026-05-13,,,,
2026-05-13T17:52:28.612,AUROPHARMA,1497.5,0.63,1453.93,1469.3,1454.92,1561.37,1.15,23.89,24.79,71.98,healthcare,pharmaceuticals - indian - bulk drugs & formln,25.23,2.93,33.75,0.18,0.36,1429.96,1391.61,6.85,2026-05-13,,,,
2026-05-13T17:52:28.612,VIJAYA,1292.8,1.06,1236.76,1184.2,1233.29,1382.07,0.69,69.36,76.01,76.84,healthcare,healthcare,49.53,4.83,31.79,0.17,0.22,1177.92,1096.77,6.77,2026-05-13,,,,
2026-05-13T17:52:28.612,NESTLEIND,1468.9,0.02,1434.23,1463.5,1510.73,1406.16,1.18,63.64,68.28,73.06,fmcg,food - processing - mnc,54.59,-2.77,23.74,0.07,0.23,1414.19,1390.26,6.46,2026-05-13,,,,
2026-05-13T17:52:28.612,ONGC,297.15,0.9,288.22,277.65,285.22,315.04,1.04,9.33,9.77,60.22,energy,oil drilling / allied services,26.46,4.18,22.19,0.1,0.21,280.27,270.66,6.14,2026-05-13,,,,
2026-05-13T17:52:28.612,OIL,507.1,3.29,481.18,450.5,462.11,574.58,1.5,17.25,13.7,63.29,energy,oil drilling / allied services,20.5,9.74,21.54,0.07,0.2,469.66,445.92,5.8,2026-05-13,,,,
2026-05-13T17:52:28.612,FINCABLES,1077.65,0.39,1041.74,1048.0,1082.8,1069.93,0.49,25.11,24.11,65.24,industrials,cables - power,38.78,-0.48,33.89,0.26,0.24,969.64,903.64,5.45,2026-05-13,,,,
2026-05-13T17:52:28.612,YESBANK,22.11,0.23,21.48,21.92,21.63,22.83,0.93,16.26,19.87,65.75,bank,banks - private sector,35.34,2.21,0.0,-0.1,0.09,20.55,19.82,4.88,2026-05-13,,,,
2026-05-13T17:52:28.612,SONACOMS,591.35,1.24,566.44,568.5,586.55,598.55,1.26,47.84,56.65,58.15,auto,auto ancillaries,25.09,0.82,37.72,0.11,0.27,549.36,524.06,4.7,2026-05-13,,,,
2026-05-13T17:52:28.612,BIOCON,417.6,3.76,394.79,371.75,374.28,482.58,2.72,132.15,144.25,76.8,healthcare,pharmaceuticals - indian - bulk drugs & formln,25.23,11.57,18.72,-0.0,0.12,387.97,368.4,4.58,2026-05-13,,,,
2026-05-13T17:52:28.612,KIMS,776.1,3.47,728.38,700.3,700.65,889.28,1.35,145.88,100.01,70.38,healthcare,healthcare,30.07,10.77,12.46,0.07,-0.01,705.63,664.52,4.42,2026-05-13,,,,
2026-05-13T17:52:28.612,SOLARINDS,15787.0,1.3,15234.1,15486.0,15929.61,15573.09,0.46,80.04,97.12,60.4,aerospace & defence,chemicals,35.81,-0.9,10.87,0.06,0.04,14851.53,14351.93,4.35,2026-05-13,,,,
2026-05-13T17:52:28.612,MARICO,833.4,0.41,808.7,812.85,813.21,863.69,0.86,68.54,60.9,69.17,fmcg,solvent extraction,30.24,2.48,16.48,0.08,0.12,794.59,769.28,3.42,2026-05-13,,,,
2026-05-13T17:52:28.612,APOLLOHOSP,8004.5,-0.22,7821.38,7744.0,7861.7,8218.71,0.76,57.27,64.01,62.93,healthcare,healthcare,17.49,1.82,4.03,-0.02,-0.02,7727.57,7627.37,3.37,2026-05-13,,,,
2026-05-13T17:52:28.612,IKS,1675.0,1.25,1626.02,1640.4,1656.13,1703.31,0.27,38.21,41.65,63.19,i.t,computers - software - medium / small,40.08,1.14,9.69,-0.07,0.01,1538.21,1470.62,3.28,2026-05-13,,,,
2026-05-13T17:52:28.612,ASIANPAINT,2617.6,4.47,2502.92,2500.0,2525.22,2756.17,2.62,59.17,62.45,64.8,building materials,paints / varnishes,28.19,3.66,12.07,-0.09,0.02,2462.82,2371.54,2.73,2026-05-13,,,,
2026-05-13T17:52:28.612,DIVISLAB,6796.0,2.29,6510.14,6636.0,6689.61,6955.59,1.72,77.3,71.16,72.69,healthcare,pharmaceuticals - indian - bulk drugs,38.57,1.59,10.83,-0.04,0.05,6519.47,6386.07,2.32,2026-05-13,,,,
2026-05-13T17:52:28.612,CARBORUNIV,1033.3,2.44,980.0,987.8,1007.68,1071.73,0.68,64.26,77.77,69.23,industrials,abrasives and grinding wheels,45.78,2.54,13.13,0.07,0.07,960.59,922.76,2.23,2026-05-13,,,,
2026-05-13T17:52:28.612,GRASIM,2945.6,1.47,2851.8,2893.7,2896.25,3019.63,1.3,48.19,43.61,64.23,textiles,textiles - manmade,23.28,1.7,4.8,-0.02,0.01,2808.2,2728.84,2.13,2026-05-13,,,,
2026-05-13T17:52:28.612,OLECTRA,1280.7,0.84,1237.74,1255.6,1285.83,1273.0,0.42,56.67,72.9,58.18,auto,automobiles - lcvs / hcvs,37.92,-0.4,-16.49,-0.16,-0.23,1153.03,1083.48,1.97,2026-05-13,,,,
2026-05-13T17:52:28.612,JUBLPHARMA,995.0,0.7,952.12,951.45,969.12,1033.82,0.66,70.67,36.18,69.37,healthcare,pharmaceuticals - indian - bulk drugs,25.98,2.67,-9.38,-0.18,-0.11,933.09,898.06,1.93,2026-05-13,,,,
2026-05-13T17:52:28.612,PNBHOUSING,1062.9,0.49,1030.57,1046.9,1093.56,1016.9,0.58,10.56,12.02,67.41,financials,finance - housing,43.13,-2.8,21.34,0.09,0.28,1005.25,975.81,1.73,2026-05-13,,,,
2026-05-13T17:52:28.612,ADANIENT,2498.0,3.86,2353.08,2400.1,2524.98,2457.53,0.87,-365.2,30.65,66.12,services,trading,42.07,-1.07,-1.73,-0.03,0.05,2326.14,2229.25,1.56,2026-05-13,,,,
2026-05-13T17:52:28.612,ATUL,6988.0,1.99,6724.76,6804.0,6942.57,7056.15,1.09,24.47,29.76,60.56,chemicals,chemicals,36.61,0.65,16.7,0.12,0.04,6606.05,6401.58,0.82,2026-05-13,,,,
2026-05-13T17:52:28.612,HAL,4618.5,1.01,4445.97,4536.7,4664.78,4549.09,0.74,41.37,34.37,63.03,aerospace & defence,engineering,31.56,-0.99,-4.68,-0.13,0.0,4354.11,4229.32,0.79,2026-05-13,,,,
2026-05-13T17:52:28.612,BALRAMCHIN,548.9,2.76,520.92,511.95,524.23,585.9,2.03,24.42,24.07,66.98,fmcg,sugar,18.69,4.71,14.59,0.11,-0.1,511.14,495.82,-0.24,2026-05-13,,,,
2026-05-13T17:52:28.612,MANKIND,2407.6,1.21,2305.06,2345.5,2374.69,2456.97,0.97,60.8,55.19,67.26,healthcare,pharmaceuticals - indian - bulk drugs & formln,34.21,1.39,-2.86,-0.0,-0.09,2237.94,2158.99,-0.46,2026-05-13,,,,
2026-05-13T17:52:28.612,LICHSGFIN,585.65,3.17,554.48,565.6,571.66,606.63,1.7,5.76,5.69,63.58,financials,finance - housing,27.61,2.45,4.64,-0.06,0.01,547.75,521.52,-0.46,2026-05-13,,,,
2026-05-13T17:52:28.612,MEDANTA,1205.0,1.0,1141.99,1165.3,1187.96,1230.55,2.05,85.1,62.4,62.46,healthcare,healthcare,36.11,1.43,-12.3,-0.05,-0.17,1116.77,1056.2,-0.48,2026-05-13,,,,
2026-05-13T17:52:28.612,FLUOROCHEM,3737.0,2.53,3552.7,3555.2,3674.79,3830.32,0.54,100.57,61.01,64.92,chemicals,chemicals,25.4,1.69,-1.4,-0.01,0.05,3476.18,3313.87,-0.57,2026-05-13,,,,
2026-05-13T17:52:28.612,DEEPAKNTR,1856.4,0.44,1767.72,1783.5,1855.11,1858.34,0.75,63.4,47.27,75.29,chemicals,chemicals,43.92,0.07,4.27,-0.01,-0.02,1718.64,1633.72,-1.12,2026-05-13,,,,
2026-05-13T17:52:28.612,CONCOR,519.85,0.75,502.35,511.6,526.2,510.33,1.2,29.54,27.64,58.66,transportation,miscellaneous,34.62,-1.21,-3.16,-0.08,-0.08,496.31,484.15,-1.3,2026-05-13,,,,
2026-05-13T17:52:28.612,RAINBOW,1304.4,3.26,1244.5,1258.9,1263.86,1365.22,0.92,45.67,49.79,60.36,healthcare,healthcare,24.89,3.21,-1.14,-0.11,-0.17,1220.25,1168.74,-1.35,2026-05-13,,,,
2026-05-13T17:52:28.612,TATATECH,626.1,1.66,600.74,613.0,610.5,649.51,0.49,31.12,45.76,62.75,i.t,computers - software - medium / small,32.55,2.56,-12.68,-0.16,-0.12,586.13,558.46,-1.42,2026-05-13,,,,
2026-05-13T17:52:28.612,BERGEPAINT,507.7,4.02,490.0,479.0,481.95,546.32,16.71,44.22,50.48,64.92,building materials,paints / varnishes,29.81,5.34,-4.69,-0.14,-0.08,460.23,450.28,-1.71,2026-05-13,,,,
2026-05-13T17:52:28.612,GRAVITA,1716.1,1.83,1652.08,1676.7,1725.99,1701.27,0.49,34.0,32.4,58.17,metals & mining,mining / minerals / metals,25.97,-0.57,5.99,-0.09,-0.05,1558.86,1451.02,-2.17,2026-05-13,,,,
2026-05-13T17:52:28.612,NUVOCO,318.4,0.46,307.33,307.2,304.4,339.39,0.49,20.2,31.47,55.87,building materials,cement - north india,17.28,4.6,-26.35,-0.22,-0.32,293.05,276.64,-2.63,2026-05-13,,,,
2026-05-13T17:52:28.612,ABBOTINDIA,27280.0,1.41,26381.6,26335.0,25844.04,29433.94,1.24,36.7,36.83,62.3,healthcare,pharmaceuticals - multinational,25.61,5.56,-8.12,-0.15,-0.16,25667.93,24773.88,-2.87,2026-05-13,,,,
2026-05-13T17:52:28.612,CROMPTON,284.8,0.98,274.4,280.0,283.97,286.05,1.61,46.54,39.34,62.52,consumer discretionary,electric equipment,29.73,0.29,0.35,-0.06,-0.15,266.57,255.75,-3.36,2026-05-13,,,,
2026-05-13T17:52:28.612,GODFRYPHLP,2418.6,3.3,2293.59,2308.0,2303.03,2591.96,1.0,27.47,19.79,65.59,fmcg,cigarettes,32.51,5.02,-26.94,-0.26,-0.36,2220.25,2122.79,-3.64,2026-05-13,,,,
2026-05-13T17:52:28.612,MAPMYINDIA,1025.75,1.72,960.64,930.0,952.34,1135.86,1.29,74.76,41.74,59.08,i.t,computers - software - medium / small,19.67,7.71,-39.61,-0.46,-0.42,903.7,824.91,-11.04,2026-05-13,,,,
2026-05-13T17:52:28.612,JAINREC,567.65,4.77,534.1,459.0,490.19,683.84,1.24,38.77,53.22,75.21,metals & mining,mining / minerals / metals,33.35,15.8,66.0,0.2,NaN,498.4,453.15,NaN,2026-05-13,,,,
2026-05-13T17:52:28.612,HEALTHCARE,19.7,0.36,19.22,19.6,19.6,19.85,2.04,NaN,0.0,68.19,indices,indices,41.07,0.53,NaN,NaN,NaN,18.94,18.55,NaN,2026-05-13,,,,
2026-04-09T12:52:18.581,AEROFLEX,,,,,,,,,,,metals & mining,steel - medium / small,,,,,,,,,2026-04-09,0.35,13.89,15.76,1186.91
2026-04-09T12:52:18.581,THANGAMAYL,,,,,,,,,,,consumer discretionary,diamond cutting / jewellery,,,,,,,,,2026-04-09,0.35,11.65,22.67,4978.85
2026-04-09T12:52:18.581,STEELCAS,,,,,,,,,,,industrials,castings & forgings,,,,,,,,,2026-04-09,0.59,18.03,19.57,1521.69
2026-04-09T12:52:18.581,BHAGYANGR,,,,,,,,,,,power & utilities,power generation and supply,,,,,,,,,2026-04-09,0.67,29.4,33.83,215.11
2026-04-09T12:52:18.581,GAEL,,,,,,,,,,,fmcg,miscellaneous,,,,,,,,,2026-04-09,0.89,8.56,15.31,2543.87
2026-04-09T12:52:18.581,SAKAR,,,,,,,,,,,healthcare,pharmaceuticals - indian - bulk drugs & formln,,,,,,,,,2026-04-09,0.91,11.41,16.36,600.7
2026-04-09T12:52:18.581,STLTECH,,,,,,,,,,,industrials,cables - telephone,,,,,,,,,2026-04-09,0.95,18.58,29.13,5923.62
2026-04-09T12:52:18.581,VTL,,,,,,,,,,,textiles,textiles - cotton/blended,,,,,,,,,2026-04-09,1.28,6.85,8.54,5735.48
2026-04-09T12:52:18.581,GRANULES,,,,,,,,,,,healthcare,pharmaceuticals - indian - bulk drugs & formln,,,,,,,,,2026-04-09,1.9,3.38,7.94,9793.88
2026-04-09T12:52:18.581,SBC,,,,,,,,,,,textiles,textiles - products,,,,,,,,,2026-04-09,2.22,8.11,9.2,759.41
2026-04-09T12:52:18.581,STAR,,,,,,,,,,,healthcare,pharmaceuticals - indian - bulk drugs & formln,,,,,,,,,2026-04-09,2.78,5.42,9.07,6625.87
2026-04-09T12:52:18.581,VENUSREM,,,,,,,,,,,healthcare,pharmaceuticals - indian - formulations,,,,,,,,,2026-04-09,2.79,11.19,21.42,763.71
2026-04-09T12:52:18.581,BAJAJCON,,,,,,,,,,,fmcg,personal care - indian,,,,,,,,,2026-04-09,2.83,7.71,15.83,2958.5
2026-04-09T12:52:18.581,GPIL,,,,,,,,,,,metals & mining,steel - medium / small,,,,,,,,,2026-04-09,3.16,8.19,10.45,7009.73
2026-04-09T12:52:18.581,NARMADA,,,,,,,,,,,fmcg,miscellaneous,,,,,,,,,2026-04-09,3.17,9.85,14.38,65.71
2026-04-09T12:52:18.581,AGIIL,,,,,,,,,,,realty,construction,,,,,,,,,2026-04-09,3.4,20.5,31.99,1285.88
2026-04-09T12:52:18.581,EMCURE,,,,,,,,,,,healthcare,pharmaceuticals - indian - bulk drugs & formln,,,,,,,,,2026-04-09,3.48,4.57,10.83,6768.14
2026-04-09T12:52:18.581,BLISSGVS,,,,,,,,,,,healthcare,pharmaceuticals - indian - formulations,,,,,,,,,2026-04-09,3.51,13.51,20.25,1747.91
2026-04-09T12:52:18.581,SMSPHARMA,,,,,,,,,,,healthcare,pharmaceuticals - indian - bulk drugs,,,,,,,,,2026-04-09,3.87,9.62,13.41,1247.42
2026-04-09T12:52:18.581,MTARTECH,,,,,,,,,,,aerospace & defence,engineering,,,,,,,,,2026-04-09,3.89,23.03,28.77,9117.99
2026-04-09T12:52:18.581,LUMAXTECH,,,,,,,,,,,auto,auto ancillaries,,,,,,,,,2026-04-09,4.35,8.01,14.66,5234.07
2026-04-09T12:52:18.581,ARVIND,,,,,,,,,,,textiles,textiles - cotton/blended,,,,,,,,,2026-04-09,4.5,6.47,15.42,6114.67
2026-04-09T12:52:18.581,SANSERA,,,,,,,,,,,auto,auto ancillaries,,,,,,,,,2026-04-09,4.68,10.6,12.97,9922.3
2026-04-09T12:52:18.581,CEIGALL,,,,,,,,,,,realty,construction,,,,,,,,,2026-04-09,4.99,7.65,10.12,914.45
2026-04-09T12:52:18.581,SHRIPISTON,,,,,,,,,,,auto,auto ancillaries,,,,,,,,,2026-04-09,5.05,10.43,12.32,8015.27
2026-04-09T12:52:18.581,SOUTHWEST,,,,,,,,,,,metals & mining,mining / minerals / metals,,,,,,,,,2026-04-09,5.31,11.19,12.94,212.91
2026-04-09T12:52:18.581,NGLFINE,,,,,,,,,,,healthcare,pharmaceuticals - indian - bulk drugs,,,,,,,,,2026-04-09,5.72,13.77,23.44,408.93
2026-04-09T12:52:18.581,RPTECH,,,,,,,,,,,services,trading,,,,,,,,,2026-04-09,6.13,7.43,12.9,910.74
2026-04-09T12:52:18.581,SYRMA,,,,,,,,,,,consumer discretionary,electronics - components,,,,,,,,,2026-04-09,6.2,8.0,12.91,9427.03
2026-04-09T12:52:18.581,KRN,,,,,,,,,,,industrials,engineering,,,,,,,,,2026-04-09,6.72,10.34,15.04,1747.57
2026-04-09T12:52:18.581,HONASA,,,,,,,,,,,services,trading,,,,,,,,,2026-04-09,6.78,16.16,18.19,6815.95
2026-04-09T12:52:18.581,GMDCLTD,,,,,,,,,,,metals & mining,mining / minerals / metals,,,,,,,,,2026-04-09,6.98,4.07,8.64,5006.69
2026-04-09T12:52:18.581,MANGLMCEM,,,,,,,,,,,building materials,cement - north india,,,,,,,,,2026-04-09,7.26,7.04,12.94,1438.76
2026-04-09T12:52:18.581,AETHER,,,,,,,,,,,chemicals,chemicals,,,,,,,,,2026-04-09,7.46,9.39,10.07,3835.13
2026-04-09T12:52:18.581,SENORES,,,,,,,,,,,healthcare,pharmaceuticals - indian - formulations,,,,,,,,,2026-04-09,7.54,7.07,10.27,2022.82
2026-04-09T12:52:18.581,DYNAMATECH,,,,,,,,,,,industrials,engineering,,,,,,,,,2026-04-09,7.58,10.51,13.26,3995.58
2026-04-09T12:52:18.581,CIEINDIA,,,,,,,,,,,industrials,castings & forgings,,,,,,,,,2026-04-09,7.8,7.72,11.63,6310.33
2026-04-09T12:52:18.581,WHEELS,,,,,,,,,,,auto,auto ancillaries,,,,,,,,,2026-04-09,8.34,11.01,11.01,1035.46
2026-04-09T12:52:18.581,PRECWIRE,,,,,,,,,,,metals & mining,mining / minerals / metals,,,,,,,,,2026-04-09,8.69,12.33,12.89,2578.8
2026-04-09T12:52:18.581,INDSWFTLAB,,,,,,,,,,,healthcare,pharmaceuticals - indian - bulk drugs & formln,,,,,,,,,2026-04-09,8.88,14.45,17.67,705.45
2026-04-09T12:52:18.581,GRMOVER,,,,,,,,,,,fmcg,food - processing - indian,,,,,,,,,2026-04-09,9.1,6.45,12.17,984.58
2026-04-09T12:52:18.581,IMFA,,,,,,,,,,,metals & mining,mining / minerals / metals,,,,,,,,,2026-04-09,9.25,8.89,16.93,3055.79
2026-04-09T12:52:18.581,CCL,,,,,,,,,,,fmcg,tea,,,,,,,,,2026-04-09,9.26,10.47,14.63,7725.42
2026-04-09T12:52:18.581,RISHABH,,,,,,,,,,,industrials,electric equipment,,,,,,,,,2026-04-09,9.27,16.82,29.84,521.89
2026-04-09T12:52:18.581,DCBBANK,,,,,,,,,,,bank,banks - private sector,,,,,,,,,2026-04-09,9.36,15.07,21.69,4975.53
2026-04-09T12:52:18.581,CRAFTSMAN,,,,,,,,,,,auto,auto ancillaries,,,,,,,,,2026-04-09,9.63,12.86,13.28,9090.68
2026-04-09T12:52:18.581,ANURAS,,,,,,,,,,,chemicals,chemicals,,,,,,,,,2026-04-09,9.67,3.8,4.83,5922.26
2026-04-09T12:52:18.581,NITINSPIN,,,,,,,,,,,textiles,textiles - cotton/blended,,,,,,,,,2026-04-09,9.69,6.34,13.18,938.11
2026-04-09T12:52:18.581,CENTUM,,,,,,,,,,,consumer discretionary,electronics - components,,,,,,,,,2026-04-09,10.1,7.52,7.63,2157.38
2026-04-09T12:52:18.581,SJS,,,,,,,,,,,auto,plastics products,,,,,,,,,2026-04-09,10.19,12.68,14.8,4364.98
2026-04-09T12:52:18.581,SATIN,,,,,,,,,,,financials,finance & investments,,,,,,,,,2026-04-09,10.38,9.89,11.71,1111.59
2026-04-09T12:52:18.581,EDELWEISS,,,,,,,,,,,financials,finance & investments,,,,,,,,,2026-04-09,10.54,11.33,15.57,7449.29
2026-04-09T12:52:18.581,GODAVARIB,,,,,,,,,,,fmcg,sugar,,,,,,,,,2026-04-09,10.71,7.78,7.78,584.59
2026-04-09T12:52:18.581,MAYURUNIQ,,,,,,,,,,,consumer discretionary,leather / leather products,,,,,,,,,2026-04-09,11.1,10.1,14.42,1007.63
2026-04-09T12:52:18.581,MMFL,,,,,,,,,,,industrials,castings & forgings,,,,,,,,,2026-04-09,11.26,10.87,16.06,937.4
2026-04-09T12:52:18.581,CUPID,,,,,,,,,,,fmcg,personal care - indian,,,,,,,,,2026-04-09,11.38,9.61,10.85,6777.77
2026-04-09T12:52:18.581,ATALREAL,,,,,,,,,,,realty,construction,,,,,,,,,2026-04-09,12.71,8.23,13.84,220.61
2026-04-09T12:52:18.581,JAYNECOIND,,,,,,,,,,,metals & mining,steel - large,,,,,,,,,2026-04-09,12.94,7.44,15.59,3575.28
2026-04-09T12:52:18.581,SARDAEN,,,,,,,,,,,metals & mining,steel - medium / small,,,,,,,,,2026-04-09,13.49,7.62,11.35,5234.76
2026-04-09T12:52:18.581,AARTIIND,,,,,,,,,,,chemicals,chemicals,,,,,,,,,2026-04-09,13.85,7.16,8.9,8946.77
2026-04-09T12:52:18.581,TFCILTD,,,,,,,,,,,financials,finance - term-lending institutions,,,,,,,,,2026-04-09,14.37,8.89,9.4,3066.79
2026-04-09T12:52:18.581,FIEMIND,,,,,,,,,,,auto,auto ancillaries,,,,,,,,,2026-04-09,14.85,11.04,15.43,2604.85
2026-04-09T12:52:18.581,PRIVISCL,,,,,,,,,,,chemicals,chemicals,,,,,,,,,2026-04-09,14.98,4.62,6.46,4501.79
2026-04-09T12:52:18.581,ASHIANA,,,,,,,,,,,realty,construction,,,,,,,,,2026-04-09,16.06,17.32,20.54,1234.52
2026-04-09T12:52:18.581,MIRCELECTR,,,,,,,,,,,consumer discretionary,electronics - consumer,,,,,,,,,2026-04-09,16.42,16.47,25.2,686.91
2026-04-09T12:52:18.581,PRICOLLTD,,,,,,,,,,,auto,auto ancillaries,,,,,,,,,2026-04-09,16.79,10.92,12.85,4329.29
2026-04-09T12:52:18.581,MEDPLUS,,,,,,,,,,,consumer discretionary,trading,,,,,,,,,2026-04-09,17.76,6.23,7.83,6150.46
2026-04-09T12:52:18.581,VIYASH,,,,,,,,,,,healthcare,pharmaceuticals - indian - bulk drugs & formln,,,,,,,,,2026-04-09,20.17,10.23,14.23,3464.17
2026-04-09T12:52:18.581,AVALON,,,,,,,,,,,consumer discretionary,electronics - components,,,,,,,,,2026-04-09,20.27,11.62,15.92,3898.77
2026-04-09T12:52:18.581,JINDALPOLY,,,,,,,,,,,textiles,textiles - products,,,,,,,,,2026-04-09,21.07,10.42,22.37,902.94
2026-04-09T12:52:18.581,SMLMAH,,,,,,,,,,,auto,automobiles - lcvs / hcvs,,,,,,,,,2026-04-09,21.37,11.01,15.2,2496.9
2026-04-09T12:52:18.581,KESORAMIND,,,,,,,,,,,miscellaneous,miscellaneous,,,,,,,,,2026-04-09,22.17,25.79,49.94,190.97
2026-04-09T12:52:18.581,IFCI,,,,,,,,,,,financials,finance - term-lending institutions,,,,,,,,,2026-04-09,22.34,15.36,20.17,4276.07
2026-04-09T12:52:18.581,SILVERTUC,,,,,,,,,,,i.t,computers - software - medium / small,,,,,,,,,2026-04-09,23.19,10.61,23.94,209.02
2026-04-09T12:52:18.581,JPOLYINVST,,,,,,,,,,,financials,finance & investments,,,,,,,,,2026-04-09,23.28,15.07,16.66,304.44
2026-04-09T12:52:18.581,NETWEB,,,,,,,,,,,i.t,computers - hardware,,,,,,,,,2026-04-09,24.99,8.53,13.3,5521.12
2026-04-09T12:52:18.581,BHARATSE,,,,,,,,,,,auto,auto ancillaries,,,,,,,,,2026-04-09,25.44,17.31,24.74,284.07
2026-04-09T12:52:18.581,SWANDEF,,,,,,,,,,,transportation,miscellaneous,,,,,,,,,2026-04-09,28.45,9.7,23.89,947.65
