Timestamp,Symbol,Cmp,%ch,Low 2%,Low5,Sl,Target,R_vol,Forward pe,Pe,Rsi,Sector,Industry,Adx,%ch sl,Rs,Srs,Ars,Is,Tps,Rs score,Scan_Date
2026-08-18T13:46:18.953,HFCL,228.85,4.26,213.65,215.0,207.18,261.36,0.37,38.4,57.16,62.02,telecom,cables - telephone,19.73,10.46,236.7,2.06,2.13,209.17,195.96,52.62,2026-08-18
2026-08-18T13:46:18.953,NETWEB,5344.0,2.52,4990.94,4753.0,4941.03,5948.45,0.52,89.19,113.56,68.86,i.t,computers - hardware,27.93,8.16,59.66,0.61,0.6,4874.91,4539.09,33.53,2026-08-18
2026-08-18T13:46:18.953,RRKABEL,2816.1,2.46,2685.69,2708.3,2807.87,2828.44,0.3,38.81,51.16,67.29,industrials,cables - power,46.26,0.29,90.88,0.84,0.94,2630.61,2545.39,30.32,2026-08-18
2026-08-18T13:46:18.953,WELCORP,1900.0,0.96,1848.87,1840.0,1853.74,1969.38,0.13,11.97,21.49,75.95,industrials,steel - large,43.39,2.5,157.97,1.16,1.17,1809.56,1776.63,29.18,2026-08-18
2026-08-18T13:46:18.953,LAURUSLABS,1822.6,0.71,1767.23,1769.4,1882.33,1733.01,0.13,66.91,89.32,65.92,healthcare,pharmaceuticals - indian - bulk drugs & formln,52.26,-3.17,69.28,0.66,0.73,1744.16,1686.34,28.48,2026-08-18
2026-08-18T13:46:18.953,CHENNPETRO,1420.0,2.72,1367.2,1308.0,1321.02,1568.47,0.59,5.13,4.93,63.27,energy,refineries,25.96,7.49,65.24,0.47,0.47,1264.65,1181.14,26.19,2026-08-18
2026-08-18T13:46:18.953,SYRMA,1497.5,2.02,1459.12,1451.0,1435.32,1590.78,0.56,72.13,76.25,63.14,consumer discretionary,electronics - components,30.18,4.33,111.56,0.59,0.82,1390.33,1333.46,26.03,2026-08-18
2026-08-18T13:46:18.953,IDEA,14.12,2.99,13.23,12.83,12.83,16.06,0.69,-10.09,3.97,61.94,telecom-service,telecommunications - service provider,30.39,10.09,36.97,0.14,0.35,13.1,12.36,24.99,2026-08-18
2026-08-18T13:46:18.953,APARINDS,17122.0,3.62,15875.02,16199.0,16602.28,17901.57,0.47,36.78,56.18,63.62,industrials,electric equipment,38.82,3.13,131.06,0.66,0.86,15424.23,14157.9,23.76,2026-08-18
2026-08-18T13:46:18.953,NATIONALUM,387.8,0.07,379.06,375.0,386.65,389.52,0.06,8.89,10.54,56.63,metals & mining,aluminium and aluminium products,28.64,0.3,7.47,0.03,0.41,358.99,340.43,23.23,2026-08-18
2026-08-18T13:46:18.953,MCX,3054.0,4.12,2863.56,2880.1,2761.85,3492.23,0.24,47.1,19.0,66.42,financials,miscellaneous,22.08,10.58,24.86,0.2,0.44,2849.71,2699.9,22.27,2026-08-18
2026-08-18T13:46:18.953,DATAPATTNS,4671.2,3.15,4439.4,4399.9,4382.91,5103.64,0.26,296.4,94.62,59.08,aerospace & defence,electronics - components,8.71,6.58,83.79,0.52,0.56,4370.52,4149.81,21.79,2026-08-18
2026-08-18T13:46:18.953,SONACOMS,821.9,2.09,789.88,790.0,813.87,833.95,0.25,70.85,71.88,71.41,auto,auto ancillaries,63.07,0.99,78.68,0.44,0.57,780.34,751.06,20.1,2026-08-18
2026-08-18T13:46:18.953,MOTHERSON,169.68,0.96,164.74,166.71,166.1,175.05,0.16,43.29,40.5,73.34,auto,auto ancillaries,33.45,2.15,47.91,0.18,0.38,161.88,157.26,19.85,2026-08-18
2026-08-18T13:46:18.953,SAILIFE,1444.3,1.97,1395.03,1409.0,1425.85,1471.97,0.3,104.36,82.49,65.65,healthcare,pharmaceuticals - indian - bulk drugs & formln,32.42,1.29,65.7,0.45,0.59,1347.01,1293.75,17.89,2026-08-18
2026-08-18T13:46:18.953,NAVINFLUOR,8225.0,0.91,7987.98,8110.0,8075.33,8449.5,0.11,43.34,52.87,58.25,chemicals,chemicals,29.89,1.85,33.61,0.21,0.37,7761.75,7488.81,15.91,2026-08-18
2026-08-18T13:46:18.953,ANANDRATHI,2186.4,0.48,2129.25,2160.1,2114.24,2294.64,0.06,55.66,46.92,69.39,financials,finance & investments,35.29,3.41,41.46,0.34,0.45,2101.0,2045.95,15.87,2026-08-18
2026-08-18T13:46:18.953,CRAFTSMAN,10845.0,3.48,10280.69,10205.0,10452.39,11433.91,0.12,43.65,52.15,69.29,auto,auto ancillaries,42.42,3.76,39.61,0.29,0.51,10144.3,9630.78,15.76,2026-08-18
2026-08-18T13:46:18.953,MINDACORP,743.25,2.5,713.24,706.55,717.58,781.76,0.87,21.24,34.08,62.64,auto,auto ancillaries,30.14,3.58,32.63,0.15,0.2,679.28,651.65,13.63,2026-08-18
2026-08-18T13:46:18.953,AUROPHARMA,1633.0,0.36,1593.97,1617.9,1626.15,1643.28,0.11,22.86,25.43,57.43,healthcare,pharmaceuticals - indian - bulk drugs & formln,31.43,0.42,39.31,0.27,0.3,1564.5,1526.03,13.22,2026-08-18
2026-08-18T13:46:18.953,IFCI,80.76,2.32,76.79,72.71,74.75,89.78,0.25,168.25,123.33,63.53,financials,finance - term-lending institutions,12.93,8.04,34.61,0.19,0.53,74.99,71.19,12.64,2026-08-18
2026-08-18T13:46:18.953,WELSPUNLIV,177.68,5.67,164.44,159.01,157.46,208.01,3.06,26.28,55.13,65.19,textiles,textiles - products,20.09,12.84,47.02,0.18,0.26,159.21,149.57,11.63,2026-08-18
2026-08-18T13:46:18.953,HEG,742.9,6.39,682.08,671.0,697.12,811.57,0.45,29.29,37.56,77.98,industrials,electrodes - graphites,57.78,6.57,28.76,0.29,0.38,691.35,652.79,11.47,2026-08-18
2026-08-18T13:46:18.953,PNBHOUSING,1147.4,-0.3,1106.32,1128.9,1126.8,1178.3,0.13,13.41,12.95,60.9,financials,finance - housing,24.03,1.83,19.34,0.24,0.23,1090.54,1054.4,11.18,2026-08-18
2026-08-18T13:46:18.953,VIJAYA,1512.0,0.36,1461.38,1421.1,1416.11,1655.83,0.09,73.26,82.64,67.74,healthcare,healthcare,35.96,6.77,53.15,0.38,0.45,1395.27,1317.03,11.03,2026-08-18
2026-08-18T13:46:18.953,DIVISLAB,8575.0,1.1,8333.92,8414.0,8642.03,8474.45,0.24,63.14,76.96,73.82,healthcare,pharmaceuticals - indian - bulk drugs,59.96,-0.78,37.51,0.28,0.29,8245.64,8053.63,10.61,2026-08-18
2026-08-18T13:46:18.953,ZENTEC,1984.1,6.41,1818.1,1810.1,1724.97,2372.8,0.68,129.51,93.04,72.24,aerospace & defence,miscellaneous,20.18,15.02,49.38,0.37,0.38,1849.48,1752.32,10.43,2026-08-18
2026-08-18T13:46:18.953,OFSS,11788.0,-0.01,11467.96,11318.0,11542.43,12156.36,0.07,18.13,30.06,58.69,i.t,computers - software - large,13.76,2.13,48.11,0.62,0.41,11185.34,10785.35,10.18,2026-08-18
2026-08-18T13:46:18.953,SOLARINDS,20166.0,0.83,19629.4,18530.0,18916.29,22040.56,0.4,69.91,90.88,68.57,aerospace & defence,chemicals,18.37,6.61,57.12,0.42,0.47,18954.94,18302.65,10.05,2026-08-18
2026-08-18T13:46:18.953,AUBANK,1074.4,0.21,1043.9,1062.0,1070.38,1080.44,0.05,25.27,28.05,55.62,bank,banks - private sector,23.75,0.38,4.78,-0.02,0.09,1030.77,1003.24,10.05,2026-08-18
2026-08-18T13:46:18.953,GRAPHITE,738.8,1.27,709.62,717.75,723.46,761.82,0.12,20.94,66.8,66.22,industrials,electrodes - graphites,40.26,2.12,15.64,0.01,0.31,693.31,660.38,9.51,2026-08-18
2026-08-18T13:46:18.953,EICHERMOT,8083.5,0.42,7856.17,7940.0,8062.01,8115.73,0.08,37.92,38.26,64.11,auto,automobiles - motorcycles / mopeds,33.65,0.27,10.51,-0.07,0.1,7849.75,7688.44,9.34,2026-08-18
2026-08-18T13:46:18.953,MRPL,181.98,2.73,172.88,170.0,169.12,201.26,0.82,8.43,9.88,60.71,energy,refineries,24.56,7.6,20.49,-0.1,0.11,165.12,159.5,9.14,2026-08-18
2026-08-18T13:46:18.953,IPCALAB,1881.0,-0.19,1825.74,1720.0,1702.53,2148.71,0.79,29.69,35.46,62.24,healthcare,pharmaceuticals - indian - bulk drugs & formln,20.87,10.48,24.64,0.16,0.27,1699.26,1600.95,9.03,2026-08-18
2026-08-18T13:46:18.953,CARBORUNIV,1131.7,0.8,1096.52,1116.8,1107.99,1167.27,0.16,70.03,101.42,54.42,industrials,abrasives and grinding wheels,24.97,2.14,39.06,0.27,0.23,1041.61,991.14,8.28,2026-08-18
2026-08-18T13:46:18.953,RKFORGE,756.65,0.22,730.15,728.35,748.88,768.3,0.17,73.32,128.18,76.77,industrials,castings & forgings,52.03,1.04,52.59,0.24,0.4,711.79,680.49,7.85,2026-08-18
2026-08-18T13:46:18.953,SIEMENS,3962.0,0.48,3857.87,3910.3,3973.47,3944.79,0.08,16.46,42.85,63.06,industrials,electric equipment,30.23,-0.29,35.73,0.14,0.14,3776.42,3663.74,7.56,2026-08-18
2026-08-18T13:46:18.953,APLAPOLLO,2109.3,1.35,2039.77,1989.4,2021.35,2241.23,0.13,55.63,47.01,74.85,industrials,steel - large,31.0,4.35,8.71,-0.12,0.18,2012.0,1940.63,7.33,2026-08-18
2026-08-18T13:46:18.953,INDIANB,881.8,0.07,856.52,870.3,876.72,889.42,0.04,8.85,9.28,58.84,bank,banks - public sector,24.31,0.58,3.52,-0.09,-0.01,843.28,819.6,7.17,2026-08-18
2026-08-18T13:46:18.953,BOSCHLTD,48400.0,3.04,46069.8,45040.0,44722.44,53916.34,0.36,50.54,58.62,80.65,auto,auto ancillaries,41.12,8.22,31.4,0.26,0.28,46022.59,44334.53,6.81,2026-08-18
2026-08-18T13:46:18.953,ENGINERSIN,247.1,2.88,234.47,238.0,236.52,262.97,0.17,21.98,17.22,60.02,realty,engineering - turnkey services,24.61,4.47,32.06,0.0,0.21,230.99,219.2,6.17,2026-08-18
2026-08-18T13:46:18.953,CARTRADE,2824.6,0.99,2724.5,2690.9,2718.18,2984.23,0.07,66.06,57.73,55.58,consumer discretionary,miscellaneous,34.94,3.92,4.13,0.28,-0.09,2678.18,2581.26,6.04,2026-08-18
2026-08-18T13:46:18.953,BAJFINANCE,1096.3,0.64,1066.83,1078.8,1107.04,1080.19,0.06,28.49,33.35,55.84,financials,finance & investments,19.99,-0.97,15.47,-0.0,0.03,1053.54,1024.97,5.49,2026-08-18
2026-08-18T13:46:18.953,GRASIM,3285.1,1.06,3185.49,3201.0,3248.56,3339.92,0.47,25.96,38.72,57.45,textiles,textiles - manmade,24.97,1.12,16.94,0.04,0.16,3130.16,3024.26,5.29,2026-08-18
2026-08-18T13:46:18.953,HEROMOTOCO,5754.0,0.16,5580.61,5694.5,5849.57,5610.65,0.14,20.38,21.09,66.54,auto,automobiles - motorcycles / mopeds,50.5,-1.63,1.82,-0.04,-0.11,5523.4,5368.96,5.24,2026-08-18
2026-08-18T13:46:18.953,ENDURANCE,3007.6,0.99,2909.62,2878.0,2930.39,3123.42,0.17,43.26,43.19,65.07,auto,auto ancillaries,22.4,2.63,19.08,0.11,0.09,2830.31,2719.65,4.15,2026-08-18
2026-08-18T13:46:18.953,ENRIN,3603.3,-0.07,3514.28,3488.0,3418.3,3880.8,0.07,72.76,86.28,60.16,power & utilities,power generation and supply,23.32,5.41,54.88,0.18,0.09,3373.92,3237.59,4.08,2026-08-18
2026-08-18T13:46:18.953,ANANTRAJ,629.0,0.23,610.54,600.15,618.07,645.39,0.09,37.8,38.03,62.31,realty,construction,23.19,1.77,14.14,0.07,0.09,596.28,575.18,3.81,2026-08-18
2026-08-18T13:46:18.953,IKS,1838.2,0.44,1786.54,1740.2,1743.98,1979.53,0.08,39.75,40.1,54.57,i.t,computers - software - medium / small,17.67,5.4,8.05,0.05,0.06,1744.67,1679.83,3.54,2026-08-18
2026-08-18T13:46:18.953,HAL,5103.0,0.87,4938.22,4803.4,4931.67,5360.0,0.36,53.67,36.3,77.15,aerospace & defence,engineering,31.99,3.47,15.24,0.11,0.09,4863.53,4696.93,3.53,2026-08-18
2026-08-18T13:46:18.953,TIMKEN,3313.9,0.71,3224.3,3200.0,3235.87,3430.95,0.03,52.07,58.08,56.22,industrials,bearings,19.18,2.41,10.83,0.0,0.01,3169.72,3072.38,3.42,2026-08-18
2026-08-18T13:46:18.953,ASAHIINDIA,951.8,2.21,916.15,879.1,895.88,1035.68,0.54,40.68,54.23,64.53,building materials,glass & glass products,19.8,6.24,0.53,-0.07,-0.14,896.21,858.72,2.99,2026-08-18
2026-08-18T13:46:18.953,ACE,1179.9,5.94,1094.76,1062.3,1101.78,1297.08,0.84,29.38,30.34,67.24,industrials,engineering,35.73,7.09,39.14,0.19,0.16,1094.53,1034.6,2.96,2026-08-18
2026-08-18T13:46:18.953,LT,4078.0,-0.21,3969.98,3990.0,4053.74,4114.39,0.12,34.02,33.89,60.08,realty,engineering - turnkey services,20.35,0.6,5.76,-0.11,-0.02,3971.65,3898.68,2.73,2026-08-18
2026-08-18T13:46:18.953,OIL,481.0,1.34,470.01,465.8,460.25,512.13,0.33,5.39,9.24,65.06,energy,oil drilling / allied services,32.69,4.51,7.36,-0.05,0.12,454.42,440.48,2.6,2026-08-18
2026-08-18T13:46:18.953,PNB,117.19,-0.11,114.17,113.72,116.3,118.52,0.1,5.79,6.12,65.09,bank,banks - public sector,29.32,0.77,-11.33,-0.11,-0.1,112.79,110.28,2.39,2026-08-18
2026-08-18T13:46:18.953,MEDANTA,1442.1,1.91,1382.68,1380.0,1427.91,1463.39,0.09,61.0,68.36,58.67,healthcare,healthcare,21.79,0.99,26.04,0.16,0.14,1358.85,1299.32,1.44,2026-08-18
2026-08-18T13:46:18.953,BEL,414.85,0.58,402.73,399.3,396.58,442.25,0.21,72.02,49.1,61.85,aerospace & defence,electronics - components,16.04,4.61,1.22,-0.13,-0.03,402.59,394.89,1.43,2026-08-18
2026-08-18T13:46:18.953,M&M,3425.5,1.04,3322.4,3378.3,3460.72,3372.67,0.09,17.55,20.51,58.5,auto,automobiles - passenger cars,33.43,-1.02,-6.34,-0.1,-0.11,3304.99,3219.7,1.42,2026-08-18
2026-08-18T13:46:18.953,PETRONET,285.8,1.42,276.16,273.0,277.87,297.69,0.21,9.43,10.04,58.79,energy,miscellaneous,11.41,2.85,0.7,-0.11,0.02,273.04,264.63,0.97,2026-08-18
2026-08-18T13:46:18.953,GLAXO,2709.6,0.25,2637.38,2579.5,2640.74,2812.89,0.22,48.39,43.59,70.52,healthcare,pharmaceuticals - multinational,32.46,2.61,15.56,-0.04,0.04,2603.59,2534.48,0.81,2026-08-18
2026-08-18T13:46:18.953,NAUKRI,1363.4,0.56,1304.48,1329.6,1312.97,1439.05,0.11,49.54,54.89,70.95,i.t,miscellaneous,40.49,3.84,2.63,0.12,-0.05,1282.47,1224.47,0.71,2026-08-18
2026-08-18T13:46:18.953,HYUNDAI,2209.0,0.87,2135.42,2172.4,2233.2,2172.69,0.15,50.48,35.94,64.36,auto,automobiles - passenger cars,39.57,-1.08,-5.6,-0.06,-0.1,2110.78,2050.02,0.61,2026-08-18
2026-08-18T13:46:18.953,CONCORDBIO,1586.6,4.73,1493.52,1418.0,1428.7,1823.45,0.61,71.86,58.07,78.62,healthcare,pharmaceuticals - indian - bulk drugs & formln,29.16,11.05,17.47,0.26,0.07,1463.47,1382.42,0.54,2026-08-18
2026-08-18T13:46:18.953,SUMICHEM,560.0,0.04,541.55,540.1,533.67,599.5,0.05,32.56,48.22,62.46,chemicals,pesticides / agrochemicals - indian,25.35,4.93,30.19,0.26,0.18,521.78,499.17,0.43,2026-08-18
2026-08-18T13:46:18.953,INDGN,564.2,0.44,545.17,552.05,559.33,571.5,0.08,29.14,33.62,63.4,healthcare,miscellaneous,28.57,0.87,13.69,0.09,0.03,531.81,509.12,0.38,2026-08-18
2026-08-18T13:46:18.953,BEML,1951.8,2.27,1857.39,1869.1,1807.1,2168.85,0.53,-150.6,78.47,65.65,aerospace & defence,engineering,20.93,8.01,9.11,0.05,0.05,1822.11,1732.14,0.22,2026-08-18
2026-08-18T13:46:18.953,MFSL,1577.8,0.39,1517.04,1492.5,1485.77,1715.85,0.15,141.89,491.16,57.95,financials,finance & investments,17.0,6.19,-4.42,-0.21,-0.1,1497.43,1437.36,-0.07,2026-08-18
2026-08-18T13:46:18.953,POLICYBZR,1759.4,1.81,1687.95,1691.2,1677.76,1881.86,0.1,124.6,106.48,67.27,i.t,miscellaneous,29.29,4.87,8.64,0.08,-0.09,1665.16,1600.58,-0.08,2026-08-18
2026-08-18T13:46:18.953,ZFCVINDIA,2652.8,1.11,2548.98,2601.0,2603.09,2727.36,0.14,72.24,12.07,62.37,auto,auto ancillaries,29.04,1.91,-5.59,-0.24,-0.11,2545.35,2471.56,-0.1,2026-08-18
2026-08-18T13:46:18.953,MAZDOCK,2603.8,1.33,2504.98,2485.9,2514.03,2738.46,0.36,47.79,36.27,68.55,aerospace & defence,miscellaneous,28.63,3.57,6.42,0.02,-0.05,2475.41,2392.32,-0.39,2026-08-18
2026-08-18T13:46:18.953,LTFOODS,425.7,2.05,407.88,416.0,422.13,431.06,0.15,20.16,22.62,64.91,fmcg,food - processing - indian,31.42,0.85,17.01,-0.08,-0.01,404.23,391.13,-1.18,2026-08-18
2026-08-18T13:46:18.953,RELIANCE,1323.4,0.56,1284.98,1298.1,1306.93,1348.11,0.15,21.37,23.83,54.64,energy,refineries,9.95,1.26,-9.19,-0.15,-0.17,1283.5,1257.18,-1.23,2026-08-18
2026-08-18T13:46:18.953,JYOTICNC,902.6,5.2,844.02,802.6,820.57,1025.65,0.86,89.9,60.68,67.92,industrials,engineering,28.17,10.0,-2.27,0.0,-0.12,828.44,779.27,-1.29,2026-08-18
2026-08-18T13:46:18.953,BDL,1393.6,0.99,1330.35,1308.0,1307.56,1522.65,0.47,107.53,97.11,66.63,aerospace & defence,engineering,18.29,6.58,-8.05,0.02,-0.12,1304.99,1242.44,-1.68,2026-08-18
2026-08-18T13:46:18.953,DLF,673.15,0.32,645.43,644.55,645.89,714.05,0.29,52.43,37.36,57.82,realty,construction,8.94,4.22,3.69,-0.04,-0.09,639.72,623.74,-2.39,2026-08-18
2026-08-18T13:46:18.953,SUPREMEIND,3600.2,0.28,3518.2,3383.0,3467.94,3798.59,0.11,40.73,44.17,61.5,plastic products,plastics products,13.81,3.81,3.18,-0.15,0.04,3432.88,3329.99,-3.01,2026-08-18
2026-08-18T13:46:18.953,COHANCE,454.15,2.11,436.05,437.8,431.49,488.13,0.32,-180.22,159.98,58.2,healthcare,pharmaceuticals - indian - bulk drugs & formln,32.59,5.25,6.81,0.36,-0.2,417.39,400.63,-11.39,2026-08-18
2026-08-18T13:46:18.953,LENSKART,629.3,3.57,594.71,581.3,586.69,693.21,0.33,122.91,158.64,78.25,fmcg,personal care - indian,46.51,7.26,39.67,0.16,0.43,587.17,566.28,NaN,2026-08-18
2026-08-18T13:46:18.953,MEESHO,192.69,-0.58,187.05,190.1,187.29,200.79,0.04,-172.04,-70.48,56.0,i.t,miscellaneous,13.26,2.88,19.11,0.16,NaN,183.52,177.78,NaN,2026-08-18
2026-08-12T11:54:16.709,ATHERENERG,1547.0,1.42,1480.88,1440.0,1398.27,1770.09,0.37,-290.79,-148.39,78.5,auto,automobiles - scooters and 3 - wheelers,58.8,10.64,144.32,0.96,1.16,1416.22,1321.14,65.04,2026-08-12
2026-08-12T11:54:16.709,HFCL,217.5,1.52,210.7,201.0,193.97,252.79,0.44,36.49,55.79,58.42,telecom,cables - telephone,17.97,12.13,235.78,1.77,1.93,199.26,189.98,47.42,2026-08-12
2026-08-12T11:54:16.709,HINDCOPPER,555.6,4.18,519.01,522.0,507.94,627.09,4.56,38.16,45.43,68.5,metals & mining,mining / minerals / metals,22.37,9.38,6.72,-0.14,0.63,508.58,487.61,28.35,2026-08-12
2026-08-12T11:54:16.709,NATIONALUM,417.75,7.67,390.53,376.5,368.73,491.28,2.55,9.57,10.55,77.57,metals & mining,aluminium and aluminium products,26.86,13.29,20.11,0.04,0.56,389.78,373.26,28.02,2026-08-12
2026-08-12T11:54:16.709,WELCORP,1854.9,0.98,1803.2,1791.1,1766.39,1987.66,0.18,11.69,20.97,74.28,industrials,steel - large,40.13,5.01,146.21,1.05,1.06,1754.13,1696.66,27.24,2026-08-12
2026-08-12T11:54:16.709,APARINDS,17300.0,3.3,16513.0,15531.0,15313.09,20280.37,1.08,37.17,56.94,73.58,industrials,electric equipment,33.05,12.98,111.28,0.68,0.83,15957.3,15108.28,23.61,2026-08-12
2026-08-12T11:54:16.709,BELRISE,259.69,2.25,248.54,240.85,240.48,288.5,1.23,42.43,41.57,72.2,auto,auto ancillaries,23.07,7.99,49.4,0.32,0.58,243.91,240.59,19.67,2026-08-12
2026-08-12T11:54:16.709,SAILIFE,1468.0,1.63,1414.43,1319.5,1368.13,1617.81,0.39,106.07,84.12,73.62,healthcare,pharmaceuticals - indian - bulk drugs & formln,33.24,7.3,59.03,0.47,0.61,1359.11,1277.95,19.58,2026-08-12
2026-08-12T11:54:16.709,SONACOMS,803.45,0.43,782.04,786.25,799.42,809.49,0.25,69.26,71.43,70.58,auto,auto ancillaries,63.71,0.5,74.84,0.39,0.53,755.34,722.31,19.47,2026-08-12
2026-08-12T11:54:16.709,MOTHERSON,170.18,0.54,165.67,151.61,157.17,189.7,0.45,43.41,40.79,76.81,auto,auto ancillaries,28.35,8.28,47.56,0.21,0.47,159.64,153.39,17.61,2026-08-12
2026-08-12T11:54:16.709,POWERINDIA,35365.0,1.04,34035.4,31140.0,31911.71,40544.93,0.57,133.98,135.61,61.81,industrials,electric equipment,23.09,10.82,97.78,0.45,0.54,32506.7,30732.97,17.07,2026-08-12
2026-08-12T11:54:16.709,HSCL,761.7,0.82,740.98,748.15,762.92,759.87,0.09,41.85,47.37,56.92,chemicals,chemicals,25.29,-0.16,61.8,0.52,0.65,715.65,684.37,15.37,2026-08-12
2026-08-12T11:54:16.709,ANANDRATHI,2181.1,1.07,2116.9,2028.5,2048.04,2380.69,0.98,55.53,46.53,72.45,financials,finance & investments,30.41,6.5,38.72,0.36,0.46,2083.5,2051.2,15.01,2026-08-12
2026-08-12T11:54:16.709,NAVINFLUOR,8404.0,3.04,7962.99,7834.5,7812.15,9291.78,0.65,44.28,52.9,62.98,chemicals,chemicals,26.12,7.58,47.49,0.22,0.4,7776.65,7321.14,14.82,2026-08-12
2026-08-12T11:54:16.709,CRAFTSMAN,10594.5,2.92,10119.48,10200.0,10218.49,11158.51,0.52,42.64,51.22,68.77,auto,auto ancillaries,38.64,3.68,39.02,0.24,0.44,9859.8,9437.27,14.58,2026-08-12
2026-08-12T11:54:16.709,FINCABLES,1313.0,8.71,1208.34,1003.35,998.33,1785.0,17.36,20.16,23.09,79.76,industrials,cables - power,24.92,31.52,70.46,0.46,0.68,1158.7,1103.98,13.54,2026-08-12
2026-08-12T11:54:16.709,HINDALCO,1076.85,2.65,1035.76,1016.0,1013.02,1172.6,0.89,8.52,14.2,70.87,metals & mining,aluminium and aluminium products,29.21,6.3,19.53,0.02,0.3,1021.6,991.26,12.9,2026-08-12
2026-08-12T11:54:16.709,KARURVYSYA,337.5,0.99,325.75,330.25,342.58,329.88,0.22,10.79,11.77,59.58,bank,banks - private sector,23.28,-1.48,28.07,-0.05,0.3,321.92,311.13,12.32,2026-08-12
2026-08-12T11:54:16.709,ABB,7655.0,0.57,7433.79,7535.0,7550.71,7811.44,0.29,111.98,53.98,60.94,industrials,electric equipment,31.96,1.38,50.3,0.2,0.42,7287.2,7061.34,12.25,2026-08-12
2026-08-12T11:54:16.709,MINDACORP,739.55,2.51,704.91,700.7,708.07,786.77,0.52,34.95,47.12,64.42,auto,auto ancillaries,25.12,4.45,28.0,0.16,0.2,691.13,657.26,11.3,2026-08-12
2026-08-12T11:54:16.709,PNBHOUSING,1158.0,1.39,1117.69,1119.5,1089.75,1260.38,0.38,13.53,12.85,65.4,financials,finance - housing,21.58,6.26,19.01,0.25,0.22,1087.88,1043.28,11.17,2026-08-12
2026-08-12T11:54:16.709,KEI,5654.9,0.18,5481.92,5485.5,5296.57,6192.4,0.42,49.29,54.13,71.37,industrials,cables - power,27.05,6.77,30.66,0.14,0.32,5391.49,5210.04,11.15,2026-08-12
2026-08-12T11:54:16.709,PAYTM,1599.9,0.39,1559.47,1421.0,1431.29,1852.81,0.41,116.27,156.86,83.57,i.t,miscellaneous,39.85,11.78,24.21,0.27,0.2,1481.82,1417.06,10.92,2026-08-12
2026-08-12T11:54:16.709,EMCURE,2016.8,0.91,1943.63,1912.5,1959.22,2103.17,0.52,32.53,37.46,68.35,healthcare,pharmaceuticals - indian - bulk drugs & formln,39.66,2.94,30.96,0.23,0.4,1909.49,1835.21,10.88,2026-08-12
2026-08-12T11:54:16.709,BAJAJ-AUTO,11746.0,0.25,11471.88,11549.0,11836.41,11610.39,0.24,25.42,27.82,68.29,auto,automobiles - scooters and 3 - wheelers,55.15,-0.76,22.84,0.11,0.24,11317.83,11069.7,10.3,2026-08-12
2026-08-12T11:54:16.709,GMDCLTD,608.7,0.95,590.25,580.15,563.72,676.16,1.34,29.61,20.05,59.36,metals & mining,mining / minerals / metals,21.55,7.98,10.52,-0.07,0.11,572.19,553.26,10.06,2026-08-12
2026-08-12T11:54:16.709,UNIONBANK,186.03,1.93,178.18,175.21,176.22,200.74,0.82,6.29,6.75,67.92,bank,banks - public sector,24.25,5.56,14.79,-0.04,0.16,175.88,169.84,9.87,2026-08-12
2026-08-12T11:54:16.709,AUBANK,1076.1,0.49,1040.76,1045.7,1044.05,1124.18,0.49,25.31,28.02,58.84,bank,banks - private sector,22.11,3.07,7.71,-0.01,0.09,1027.58,994.78,9.6,2026-08-12
2026-08-12T11:54:16.709,ASHOKLEY,175.11,0.16,170.94,172.0,170.67,181.77,0.14,19.9,25.16,66.15,auto,automobiles - lcvs / hcvs,25.06,2.6,-6.39,-0.23,0.14,166.78,162.8,9.47,2026-08-12
2026-08-12T11:54:16.709,VIJAYA,1461.8,2.35,1392.68,1340.0,1342.45,1640.82,1.94,70.82,78.34,66.5,healthcare,healthcare,26.85,8.89,47.22,0.32,0.4,1336.97,1276.24,9.1,2026-08-12
2026-08-12T11:54:16.709,GRAPHITE,733.0,0.29,712.36,703.8,700.3,782.04,0.31,20.78,66.93,68.2,industrials,electrodes - graphites,35.57,4.67,16.71,0.01,0.27,685.01,658.02,8.91,2026-08-12
2026-08-12T11:54:16.709,SAIL,174.09,0.63,167.74,168.46,169.61,180.81,0.57,10.94,16.73,55.69,metals & mining,steel - large,15.98,2.64,19.91,-0.0,0.23,162.74,156.04,8.83,2026-08-12
2026-08-12T11:54:16.709,SCI,296.35,0.82,287.48,291.35,289.05,307.29,0.24,5.57,8.46,53.4,transportation,shipping,19.3,2.52,38.19,0.02,0.23,276.99,265.61,8.81,2026-08-12
2026-08-12T11:54:16.709,USHAMART,514.5,0.9,498.53,507.1,503.61,530.83,0.21,27.6,30.62,56.14,metals & mining,steel - medium / small,11.87,2.16,16.78,0.11,0.17,491.38,475.55,8.67,2026-08-12
2026-08-12T11:54:16.709,INDIANB,890.7,1.72,855.64,849.3,854.12,945.57,0.45,8.94,9.23,64.54,bank,banks - public sector,20.95,4.28,6.96,-0.1,-0.03,850.34,827.03,8.07,2026-08-12
2026-08-12T11:54:16.709,SBIN,1074.5,0.8,1044.68,1052.5,1044.95,1118.83,0.64,10.28,11.43,60.04,bank,banks - public sector,21.06,2.83,7.4,-0.14,0.06,1026.2,999.47,7.52,2026-08-12
2026-08-12T11:54:16.709,AARTIIND,511.0,1.13,493.19,483.4,485.05,549.93,0.5,29.92,34.52,62.74,chemicals,chemicals,20.81,5.35,41.48,0.01,0.31,484.51,466.89,7.23,2026-08-12
2026-08-12T11:54:16.709,HEG,679.45,0.18,660.52,668.0,688.71,665.56,0.28,26.79,36.48,67.77,industrials,electrodes - graphites,54.71,-1.34,18.28,0.12,0.2,640.22,617.75,6.76,2026-08-12
2026-08-12T11:54:16.709,LALPATHLAB,1962.3,0.64,1915.31,1880.0,1919.06,2027.16,0.23,48.33,47.01,76.05,healthcare,healthcare,44.66,2.25,38.43,0.24,0.22,1858.35,1806.99,6.76,2026-08-12
2026-08-12T11:54:16.709,EXIDEIND,488.9,1.15,473.93,462.6,465.98,523.28,0.42,29.67,44.1,72.57,auto,auto ancillaries,43.93,4.92,41.28,0.33,0.29,455.84,437.39,6.66,2026-08-12
2026-08-12T11:54:16.709,HEROMOTOCO,5911.5,0.78,5727.12,5541.0,5631.19,6331.97,0.58,20.94,21.54,77.02,auto,automobiles - motorcycles / mopeds,47.92,4.98,2.41,-0.05,-0.07,5612.54,5392.83,6.58,2026-08-12
2026-08-12T11:54:16.709,ZYDUSLIFE,1199.1,0.68,1127.98,1093.2,1104.85,1340.47,2.1,32.06,26.54,69.65,healthcare,pharmaceuticals - indian - bulk drugs & formln,21.95,8.53,34.08,0.25,0.23,1125.48,1075.16,6.48,2026-08-12
2026-08-12T11:54:16.709,KPIL,1447.0,7.37,1321.33,1267.2,1270.29,1712.06,6.05,19.92,20.25,72.08,realty,transmisson line towers / equipment,20.69,13.91,29.76,0.17,0.14,1347.45,1280.79,6.47,2026-08-12
2026-08-12T11:54:16.709,BANKINDIA,144.21,0.92,139.06,139.37,138.16,153.29,0.62,4.97,5.52,54.41,bank,banks - public sector,9.68,4.38,-0.69,-0.21,-0.06,137.16,133.79,5.85,2026-08-12
2026-08-12T11:54:16.709,THELEELA,518.8,1.28,501.56,498.3,490.98,560.52,0.3,88.84,28.25,65.43,services,hotels,24.11,5.67,20.98,0.08,0.21,484.61,463.87,5.55,2026-08-12
2026-08-12T11:54:16.709,GRASIM,3357.0,1.05,3258.6,3183.0,3196.96,3597.06,0.83,29.07,45.37,63.58,textiles,textiles - manmade,25.39,5.01,20.92,0.05,0.18,3172.93,3063.78,5.24,2026-08-12
2026-08-12T11:54:16.709,IDFCFIRSTB,84.77,0.59,81.94,83.61,85.22,84.1,0.14,15.93,32.41,59.98,bank,banks - private sector,36.33,-0.53,-1.16,-0.07,0.02,82.06,80.12,4.74,2026-08-12
2026-08-12T11:54:16.709,JSWINFRA,349.4,2.21,332.22,322.4,322.07,390.39,0.42,52.94,48.01,63.95,transportation,miscellaneous,21.22,8.49,30.15,0.21,0.25,328.47,313.11,4.17,2026-08-12
2026-08-12T11:54:16.709,CANBK,131.3,0.77,127.01,127.86,127.01,137.74,0.65,5.75,5.95,57.73,bank,banks - public sector,13.73,3.38,-12.62,-0.18,-0.16,125.55,123.05,4.06,2026-08-12
2026-08-12T11:54:16.709,BOSCHLTD,46635.0,3.21,44139.2,41870.0,42049.63,53513.05,1.44,48.7,56.39,76.87,auto,auto ancillaries,31.88,10.9,22.74,0.21,0.24,43949.24,42034.92,4.04,2026-08-12
2026-08-12T11:54:16.709,PIDILITIND,1689.6,0.23,1645.42,1648.1,1647.08,1753.38,0.73,49.29,64.79,64.64,chemicals,chemicals,21.39,2.58,13.88,0.05,0.1,1626.86,1585.21,3.75,2026-08-12
2026-08-12T11:54:16.709,ENDURANCE,3018.0,1.01,2925.4,2851.1,2847.53,3273.7,0.47,38.4,44.16,72.87,auto,auto ancillaries,22.52,5.99,15.1,0.1,0.09,2866.82,2763.33,3.38,2026-08-12
2026-08-12T11:54:16.709,GLENMARK,2290.5,0.64,2226.95,2245.0,2207.13,2415.56,0.53,33.47,35.72,57.79,healthcare,pharmaceuticals - indian - bulk drugs & formln,11.76,3.78,14.15,0.08,0.15,2192.26,2138.09,3.27,2026-08-12
2026-08-12T11:54:16.709,PVRINOX,1165.7,0.47,1131.9,1130.0,1161.85,1171.47,0.48,50.68,25.62,67.91,media,entertainment / electronic media software,46.16,0.33,16.13,-0.0,0.04,1087.93,1048.69,3.17,2026-08-12
2026-08-12T11:54:16.709,FORCEMOT,19117.0,4.29,17980.06,18210.0,17817.26,21066.62,0.93,29.08,19.29,61.78,auto,automobiles - lcvs / hcvs,14.18,7.29,2.18,-0.26,0.09,17990.96,17279.43,2.66,2026-08-12
2026-08-12T11:54:16.709,PNB,118.27,3.72,111.45,112.3,114.12,124.5,1.95,5.84,5.95,72.6,bank,banks - public sector,26.4,3.64,-3.25,-0.11,-0.09,113.19,110.62,2.54,2026-08-12
2026-08-12T11:54:16.709,ATUL,6894.5,0.65,6649.3,6752.5,6793.49,7046.01,0.42,20.69,25.35,65.39,chemicals,chemicals,32.94,1.49,13.5,-0.04,0.12,6566.09,6331.28,1.82,2026-08-12
2026-08-12T11:54:16.709,KAJARIACER,1238.0,1.01,1187.66,1158.4,1170.36,1339.47,0.6,29.09,35.75,61.13,building materials,ceramics - tiles / sanitaryware,20.63,5.78,24.42,0.21,0.09,1169.02,1118.29,1.47,2026-08-12
2026-08-12T11:54:16.709,ARE&M,987.65,1.79,949.87,891.9,912.26,1100.73,4.07,23.67,19.26,67.67,auto,auto ancillaries,26.42,8.26,10.15,0.0,0.01,908.06,878.02,0.78,2026-08-12
2026-08-12T11:54:16.709,PFIZER,5120.0,4.52,4793.87,4840.0,4858.27,5512.6,2.38,28.64,30.48,76.39,healthcare,pharmaceuticals - multinational,27.88,5.39,5.11,-0.05,-0.01,4886.06,4739.61,0.59,2026-08-12
2026-08-12T11:54:16.709,HYUNDAI,2223.0,1.05,2148.85,2181.6,2174.73,2295.41,0.45,50.8,36.11,70.69,auto,automobiles - passenger cars,36.66,2.22,-1.81,-0.06,-0.07,2127.75,2062.31,0.17,2026-08-12
2026-08-12T11:54:16.709,BALKRISIND,2519.9,0.84,2440.49,2397.3,2406.38,2690.18,0.1,27.01,34.37,70.75,auto,tyres,32.0,4.72,6.78,-0.15,0.05,2345.96,2220.61,-0.14,2026-08-12
2026-08-12T11:54:16.709,ZFCVINDIA,2641.9,1.03,2559.76,2545.4,2503.7,2849.2,0.08,71.95,12.03,61.72,auto,auto ancillaries,24.4,5.52,-7.23,-0.2,-0.01,2512.95,2417.14,-0.22,2026-08-12
2026-08-12T11:54:16.709,BERGEPAINT,554.75,3.7,525.18,529.05,526.94,596.47,0.95,39.97,51.24,65.64,building materials,paints / varnishes,27.63,5.28,7.97,0.11,-0.07,520.68,497.17,-0.29,2026-08-12
2026-08-12T11:54:16.709,APOLLOTYRE,443.1,0.02,432.52,432.15,431.33,460.75,0.32,20.07,16.41,59.29,auto,tyres,16.36,2.73,-12.09,-0.2,-0.18,423.2,413.42,-0.49,2026-08-12
2026-08-12T11:54:16.709,CIPLA,1463.7,0.05,1426.98,1456.1,1450.11,1484.09,0.15,37.45,35.05,55.93,healthcare,pharmaceuticals - indian - bulk drugs & formln,21.77,0.94,-0.14,0.01,-0.07,1421.62,1395.17,-0.67,2026-08-12
2026-08-12T11:54:16.709,GLAXO,2621.7,0.76,2527.91,2540.5,2610.68,2638.23,0.27,46.82,41.96,62.19,healthcare,pharmaceuticals - multinational,30.84,0.42,10.54,-0.08,0.02,2499.74,2411.47,-1.61,2026-08-12
2026-08-12T11:54:16.709,LTFOODS,425.5,1.48,408.66,413.1,410.85,447.47,0.16,20.15,22.74,68.77,fmcg,food - processing - indian,26.93,3.56,16.38,-0.05,0.02,403.64,387.54,-2.24,2026-08-12
2026-08-12T11:54:16.709,CONCOR,517.3,1.04,500.19,498.25,515.31,520.28,0.57,36.64,31.26,59.51,transportation,miscellaneous,19.87,0.39,0.98,-0.07,-0.04,493.25,481.72,-2.24,2026-08-12
2026-08-12T11:54:16.709,SBFC,93.81,-0.03,91.6,92.35,91.48,97.31,0.42,19.88,21.42,56.17,financials,finance & investments,17.69,2.55,-5.03,-0.12,-0.17,90.09,88.23,-2.47,2026-08-12
2026-08-12T11:54:16.709,CONCORDBIO,1436.7,0.55,1395.91,1356.4,1363.14,1547.04,0.13,65.07,54.77,65.75,healthcare,pharmaceuticals - indian - bulk drugs & formln,23.92,5.4,8.86,0.03,-0.04,1338.24,1273.69,-2.79,2026-08-12
2026-08-12T11:54:16.709,CRISIL,4509.4,0.64,4361.0,4425.0,4511.61,4506.09,0.21,38.09,37.05,58.41,financials,miscellaneous,30.95,-0.05,-4.91,-0.11,-0.04,4256.23,4076.45,-3.19,2026-08-12
2026-08-12T11:54:16.709,ABBOTINDIA,28130.0,0.39,27199.9,27330.0,27759.55,28685.67,0.51,37.84,38.36,59.1,healthcare,pharmaceuticals - multinational,20.48,1.33,0.13,-0.05,-0.1,27219.58,26596.76,-3.59,2026-08-12
2026-08-12T11:54:16.709,BDL,1314.7,0.54,1281.84,1235.2,1242.63,1422.81,0.47,106.37,114.0,56.96,aerospace & defence,engineering,12.81,5.8,-13.48,-0.07,-0.15,1251.82,1223.86,-3.77,2026-08-12
2026-08-12T11:54:16.709,JMFINANCIL,128.87,2.14,123.58,124.8,122.37,138.62,0.62,10.56,11.61,57.39,financials,finance & investments,8.91,5.31,-7.2,-0.16,-0.14,121.14,115.81,-4.42,2026-08-12
2026-08-12T11:54:16.709,BLS,263.25,0.92,254.32,250.8,247.21,287.31,0.46,14.25,15.21,66.55,i.t,computers - software - medium / small,26.18,6.49,-12.58,-0.17,-0.19,246.01,234.32,-7.11,2026-08-12
2026-08-12T11:54:16.709,KAYNES,3744.7,0.73,3626.49,3535.0,3739.85,3751.98,0.37,111.18,71.99,60.66,consumer discretionary,electronics - components,24.79,0.13,2.35,-0.13,-0.38,3437.89,3230.48,-9.76,2026-08-12
2026-08-12T11:54:16.709,MEESHO,191.55,0.6,186.63,184.64,183.45,203.7,0.21,-171.03,-69.24,56.05,i.t,miscellaneous,14.29,4.42,12.91,0.12,NaN,180.53,174.88,NaN,2026-08-12
2026-08-12T11:54:16.709,TMCV,452.55,0.56,439.33,444.1,439.13,472.68,0.44,23.23,54.75,64.13,auto,automobiles - lcvs / hcvs,30.95,3.06,4.87,-0.12,0.35,428.89,415.59,NaN,2026-08-12
2026-08-12T11:54:16.709,CPPLUS,3849.1,1.15,3694.7,3550.1,3471.76,4415.11,0.46,66.96,119.75,65.42,consumer discretionary,trading,22.81,10.87,173.91,1.23,1.34,3584.21,3420.44,NaN,2026-08-12
2026-07-31T17:45:28.845,ATHERENERG,1260.3,1.56,1207.46,1191.1,1255.8,1267.05,0.71,-120.26,-88.95,61.9,auto,automobiles - scooters and 3 - wheelers,50.15,0.36,72.28,0.87,0.88,1165.91,1109.41,59.22,2026-07-31
2026-07-31T17:45:28.845,LAURUSLABS,1816.2,1.96,1749.3,1617.1,1671.65,2033.02,1.07,66.67,87.92,81.69,healthcare,pharmaceuticals - indian - bulk drugs & formln,45.46,8.65,66.4,0.73,0.76,1720.57,1659.25,28.87,2026-07-31
2026-07-31T17:45:28.845,RRKABEL,2602.8,1.58,2541.14,2453.0,2420.4,2876.4,0.69,35.87,47.69,66.99,industrials,cables - power,31.6,7.54,81.64,0.75,0.83,2363.01,2240.97,20.83,2026-07-31
2026-07-31T17:45:28.845,BHARATFORG,2199.8,1.62,2118.27,2141.4,2151.89,2271.67,0.85,113.16,95.87,61.14,industrials,castings & forgings,24.64,2.23,51.29,0.41,0.52,2111.03,2057.24,19.3,2026-07-31
2026-07-31T17:45:28.845,FEDERALBNK,358.85,1.33,347.65,352.85,354.37,365.57,0.31,17.63,18.62,71.4,bank,banks - private sector,44.53,1.26,34.38,0.15,0.47,347.24,339.38,16.32,2026-07-31
2026-07-31T17:45:28.845,CHENNPETRO,1260.6,1.81,1197.85,1150.0,1206.79,1341.32,1.04,4.55,4.42,58.69,energy,refineries,21.07,4.46,58.02,0.34,0.18,1127.34,1040.79,15.38,2026-07-31
2026-07-31T17:45:28.845,ANANDRATHI,2075.0,1.75,2005.08,2003.1,2053.19,2107.71,0.25,52.83,43.97,61.05,financials,finance & investments,28.14,1.06,34.28,0.33,0.33,1983.13,1928.23,12.62,2026-07-31
2026-07-31T17:45:28.845,MOTHERSON,150.75,2.75,143.49,143.86,143.1,162.23,1.04,26.54,37.62,62.53,auto,auto ancillaries,17.79,5.35,25.89,0.23,0.33,142.51,137.97,12.56,2026-07-31
2026-07-31T17:45:28.845,TVSMOTOR,4313.1,2.49,4114.04,3850.0,3913.31,4912.78,2.35,50.25,58.33,80.58,auto,automobiles - motorcycles / mopeds,32.25,10.22,18.68,0.08,0.23,4081.03,3918.88,11.81,2026-07-31
2026-07-31T17:45:28.845,GABRIEL,1441.8,3.58,1368.08,1369.0,1403.3,1499.55,0.47,59.48,65.2,62.57,auto,auto ancillaries,43.96,2.74,44.05,0.42,0.19,1313.76,1225.32,9.98,2026-07-31
2026-07-31T17:45:28.845,LLOYDSME,2047.0,1.58,1974.8,1928.0,1955.48,2184.28,1.61,19.12,28.87,67.26,metals & mining,mining / minerals / metals,31.18,4.68,58.18,0.71,0.54,1896.93,1837.38,9.68,2026-07-31
2026-07-31T17:45:28.845,EMCURE,1960.1,2.57,1865.92,1880.0,1860.38,2109.68,1.44,38.16,39.18,65.87,healthcare,pharmaceuticals - indian - bulk drugs & formln,32.22,5.36,40.79,0.23,0.38,1839.99,1788.8,9.59,2026-07-31
2026-07-31T17:45:28.845,TITAN,4875.2,0.52,4724.48,4686.9,4767.93,5036.11,1.14,91.78,84.81,77.58,consumer discretionary,diamond cutting / jewellery,39.6,2.25,22.7,0.13,0.23,4737.11,4644.34,9.55,2026-07-31
2026-07-31T17:45:28.845,AUBANK,1047.3,1.61,1014.2,1021.0,999.13,1119.56,1.12,24.63,26.97,54.88,bank,banks - private sector,20.0,4.82,5.12,-0.02,0.14,989.97,957.08,9.38,2026-07-31
2026-07-31T17:45:28.845,MANAPPURAM,371.9,0.96,359.95,354.65,353.15,400.03,1.75,19.49,31.4,72.17,financials,finance & investments,23.69,5.31,20.35,0.2,0.28,350.51,339.57,8.82,2026-07-31
2026-07-31T17:45:28.845,BAJAJ-AUTO,11520.5,0.77,11102.91,11094.0,11136.0,12097.25,0.49,24.94,27.15,74.19,auto,automobiles - scooters and 3 - wheelers,40.17,3.45,24.12,0.11,0.26,11021.09,10716.03,8.74,2026-07-31
2026-07-31T17:45:28.845,ASHOKLEY,166.18,5.12,155.99,152.84,151.29,188.51,1.85,18.88,22.75,64.71,auto,automobiles - lcvs / hcvs,11.76,9.84,-6.72,-0.22,0.08,156.91,150.48,7.45,2026-07-31
2026-07-31T17:45:28.845,LALPATHLAB,1905.2,1.41,1815.84,1790.1,1765.22,2115.17,0.66,46.93,45.29,74.16,healthcare,healthcare,34.04,7.93,30.73,0.25,0.17,1769.09,1677.91,6.67,2026-07-31
2026-07-31T17:45:28.845,PAYTM,1343.0,0.79,1295.76,1270.1,1326.9,1367.15,0.79,97.6,131.15,64.45,i.t,miscellaneous,26.08,1.21,3.79,0.09,-0.0,1260.35,1215.36,5.46,2026-07-31
2026-07-31T17:45:28.845,DIVISLAB,8056.0,2.82,7713.09,7220.5,7527.18,8849.23,1.89,71.14,80.98,82.3,healthcare,pharmaceuticals - indian - bulk drugs,45.44,7.03,26.66,0.23,0.2,7652.84,7384.47,5.45,2026-07-31
2026-07-31T17:45:28.845,SIEMENS,3760.0,2.77,3588.86,3576.1,3623.76,3964.37,1.29,90.38,83.69,61.98,industrials,electric equipment,21.96,3.76,24.13,0.12,0.18,3557.56,3454.13,4.93,2026-07-31
2026-07-31T17:45:28.845,HEROMOTOCO,5386.0,1.15,5191.55,5034.2,5058.41,5877.39,1.1,18.45,18.55,69.92,auto,automobiles - motorcycles / mopeds,24.98,6.48,-5.69,-0.1,-0.06,5135.99,4957.18,4.59,2026-07-31
2026-07-31T17:45:28.845,CHOLAFIN,1849.9,4.29,1743.81,1696.2,1732.4,2026.14,1.72,23.8,26.15,61.19,financials,finance & investments,18.31,6.78,8.76,0.04,0.04,1709.4,1617.22,4.21,2026-07-31
2026-07-31T17:45:28.845,BAJFINANCE,1141.2,8.32,1061.93,1026.6,1045.75,1284.37,3.93,29.66,32.26,73.88,financials,finance & investments,29.26,9.13,15.36,0.13,0.08,1064.5,1017.27,4.03,2026-07-31
2026-07-31T17:45:28.845,SHYAMMETL,1031.3,0.88,996.27,1013.95,1037.02,1022.72,0.65,20.46,25.39,57.05,metals & mining,steel - large,27.12,-0.55,23.75,0.11,0.17,976.29,940.88,3.14,2026-07-31
2026-07-31T17:45:28.845,JINDALSTEL,1102.4,0.8,1071.73,1036.0,1033.61,1205.59,0.61,33.2,40.93,59.57,metals & mining,steel - large,29.06,6.66,8.03,-0.1,-0.01,1048.59,1019.83,2.92,2026-07-31
2026-07-31T17:45:28.845,SARDAEN,516.6,0.94,498.62,504.75,498.07,544.39,0.73,28.83,16.31,54.39,metals & mining,steel - medium / small,16.15,3.72,0.0,-0.03,-0.04,490.18,473.77,2.71,2026-07-31
2026-07-31T17:45:28.845,MRPL,169.94,1.86,161.99,159.0,167.66,173.36,0.56,7.87,9.31,56.58,energy,refineries,21.48,1.36,20.46,-0.11,-0.04,153.12,141.85,2.55,2026-07-31
2026-07-31T17:45:28.845,ANANTRAJ,624.5,2.44,596.33,586.3,607.85,649.48,1.35,37.35,38.08,65.3,realty,construction,23.22,2.74,14.88,0.14,-0.02,582.82,559.47,2.55,2026-07-31
2026-07-31T17:45:28.845,ANTHEM,809.2,3.16,767.39,769.05,769.7,868.45,1.47,94.98,76.53,63.34,healthcare,pharmaceuticals - indian - bulk drugs & formln,13.7,5.13,26.59,0.24,0.15,760.47,733.72,2.21,2026-07-31
2026-07-31T17:45:28.845,REDINGTON,321.65,3.44,300.81,260.2,271.28,397.2,3.63,12.93,14.29,76.13,services,trading,32.15,18.57,20.12,0.09,0.06,284.94,263.41,1.93,2026-07-31
2026-07-31T17:45:28.845,TECHM,1651.3,-1.06,1578.29,1571.0,1599.37,1729.2,1.28,24.97,28.81,70.2,i.t,computers - software - large,23.82,3.25,2.93,-0.13,0.11,1554.83,1492.68,1.89,2026-07-31
2026-07-31T17:45:28.845,CHOICEIN,822.95,3.04,781.06,791.05,808.67,844.37,1.41,67.45,70.87,64.84,financials,finance & investments,25.91,1.77,-0.96,-0.01,0.01,788.21,769.7,1.84,2026-07-31
2026-07-31T17:45:28.845,RKFORGE,651.15,3.95,611.72,595.0,594.45,736.19,2.05,63.1,106.35,69.42,industrials,castings & forgings,24.88,9.54,28.37,0.17,0.14,603.72,571.64,1.74,2026-07-31
2026-07-31T17:45:28.845,TBOTEK,1531.2,2.18,1479.21,1435.1,1446.43,1658.36,2.74,49.27,60.57,61.43,i.t,travel agencies,23.02,5.86,-7.21,0.01,-0.06,1422.01,1374.91,1.19,2026-07-31
2026-07-31T17:45:28.845,SBILIFE,1890.5,0.69,1833.19,1836.2,1852.61,1947.33,0.73,65.37,72.41,60.92,financials,finance & investments,22.89,2.04,-5.26,-0.13,-0.09,1815.96,1768.45,0.96,2026-07-31
2026-07-31T17:45:28.845,PFC,424.35,-0.45,411.94,411.0,407.13,450.18,1.72,5.0,5.43,55.54,financials,finance - term-lending institutions,13.03,4.23,21.47,0.03,0.1,408.31,399.03,0.68,2026-07-31
2026-07-31T17:45:28.845,OIL,458.6,0.37,442.18,435.4,447.46,475.31,0.42,8.88,11.23,59.6,energy,oil drilling / allied services,26.94,2.49,11.67,-0.17,0.02,434.74,417.64,0.6,2026-07-31
2026-07-31T17:45:28.845,M&M,3398.5,3.5,3178.43,3179.0,3180.38,3725.68,2.04,17.41,19.86,66.16,auto,automobiles - passenger cars,23.38,6.86,-7.13,-0.09,-0.11,3175.92,3067.48,0.58,2026-07-31
2026-07-31T17:45:28.845,HYUNDAI,2180.7,8.05,2048.2,1959.8,1961.75,2509.13,4.18,49.83,33.12,73.17,auto,automobiles - passenger cars,21.23,11.16,-5.21,-0.09,-0.11,2032.99,1949.5,0.52,2026-07-31
2026-07-31T17:45:28.845,PNB,112.71,0.96,109.46,110.32,109.93,116.87,0.58,5.57,5.82,63.82,bank,banks - public sector,18.36,2.52,-7.35,-0.17,-0.11,109.17,106.8,0.31,2026-07-31
2026-07-31T17:45:28.845,BHARTIARTL,1972.0,0.78,1908.45,1890.0,1919.67,2050.5,0.88,39.35,42.59,62.39,telecom-service,telecommunications - service provider,21.2,2.73,-6.05,-0.08,-0.09,1911.08,1869.79,0.19,2026-07-31
2026-07-31T17:45:28.845,HAL,4646.5,1.42,4499.28,4500.1,4550.13,4791.06,0.89,18.51,33.61,65.24,aerospace & defence,engineering,14.37,2.12,7.42,-0.07,-0.05,4479.27,4376.35,-0.36,2026-07-31
2026-07-31T17:45:28.845,PERSISTENT,5549.0,0.62,5158.13,5237.0,5297.39,5926.41,1.78,41.01,46.06,67.6,i.t,computers - software - large,20.22,4.75,-10.25,-0.15,-0.12,5133.3,4852.52,-0.43,2026-07-31
2026-07-31T17:45:28.845,BAJAJFINSV,2029.1,6.27,1891.4,1885.0,1893.48,2232.53,3.19,31.9,31.05,71.8,financials,finance & investments,23.76,7.16,0.15,-0.04,-0.05,1920.94,1847.32,-0.45,2026-07-31
2026-07-31T17:45:28.845,ICICIBANK,1435.4,0.11,1402.77,1417.6,1437.37,1432.45,0.6,16.66,18.29,59.55,bank,banks - private sector,26.85,-0.14,6.93,-0.02,0.01,1393.4,1368.4,-0.46,2026-07-31
2026-07-31T17:45:28.845,ULTRACEMCO,11903.0,0.47,11563.02,11730.0,11857.08,11971.88,1.18,33.68,40.81,56.09,building materials,cement - north india,11.5,0.39,1.69,-0.14,-0.03,11455.56,11225.99,-0.8,2026-07-31
2026-07-31T17:45:28.845,CAMS,796.15,0.38,771.36,762.0,758.62,852.44,0.79,39.03,14.3,56.27,financials,miscellaneous,12.49,4.95,8.88,0.06,-0.02,756.69,738.54,-0.99,2026-07-31
2026-07-31T17:45:28.845,ACE,1070.3,1.24,1031.94,1032.6,1016.78,1150.58,0.56,26.65,28.8,61.72,industrials,engineering,36.02,5.26,15.78,0.16,0.05,991.52,936.64,-1.05,2026-07-31
2026-07-31T17:45:28.845,JUBLINGREA,735.7,1.0,711.73,720.1,746.51,719.49,0.28,27.45,37.28,56.44,chemicals,chemicals,29.38,-1.45,5.9,0.07,0.04,687.31,655.32,-1.15,2026-07-31
2026-07-31T17:45:28.845,RECLTD,372.95,-0.52,362.6,356.9,359.24,393.52,0.65,5.86,6.17,63.55,financials,finance - term-lending institutions,19.27,3.82,6.26,-0.06,0.01,357.94,347.73,-1.31,2026-07-31
2026-07-31T17:45:28.845,COFORGE,1721.0,-1.48,1648.07,1489.4,1557.49,1966.26,0.93,34.87,35.48,70.15,i.t,computers - software - large,18.14,10.5,4.05,-0.04,-0.08,1583.56,1498.27,-1.31,2026-07-31
2026-07-31T17:45:28.845,ZEEL,114.55,2.09,110.15,105.8,103.97,130.42,1.47,-26.52,39.65,64.39,media,entertainment / electronic media software,17.88,10.17,27.88,0.25,0.1,105.45,101.4,-1.37,2026-07-31
2026-07-31T17:45:28.845,BPCL,319.75,1.25,308.11,312.85,311.92,331.5,0.62,-18.25,7.88,58.35,energy,refineries,14.74,2.51,-13.26,-0.19,-0.17,306.11,296.52,-1.63,2026-07-31
2026-07-31T17:45:28.845,BALKRISIND,2473.5,7.22,2274.58,2005.0,2004.92,3176.37,10.25,26.52,31.73,73.11,auto,tyres,21.12,23.37,7.1,-0.01,0.03,2246.11,2113.26,-1.63,2026-07-31
2026-07-31T17:45:28.845,PFIZER,4826.8,0.53,4684.4,4602.1,4666.68,5066.98,0.86,27.0,29.88,66.3,healthcare,pharmaceuticals - multinational,16.97,3.43,-2.01,-0.03,-0.08,4627.99,4500.17,-2.09,2026-07-31
2026-07-31T17:45:28.845,KOTAKBANK,390.3,0.23,380.24,383.05,377.19,409.97,0.43,17.71,6.69,53.74,bank,banks - private sector,20.36,3.48,-9.29,-0.12,-0.09,377.51,369.47,-2.48,2026-07-31
2026-07-31T17:45:28.845,FSL,302.12,0.83,280.33,255.77,270.36,349.76,2.18,25.43,30.7,75.24,i.t,computers - software - medium / small,25.58,11.75,-7.63,-0.13,-0.2,273.24,253.55,-2.83,2026-07-31
2026-07-31T17:45:28.845,HCLTECH,1346.9,-0.43,1268.41,1277.3,1289.3,1433.3,0.81,19.7,21.01,73.83,i.t,computers - software - large,31.29,4.47,-16.59,-0.27,-0.18,1270.35,1222.54,-2.99,2026-07-31
2026-07-31T17:45:28.845,ESCORTS,3086.0,2.4,2950.0,2915.4,2934.19,3313.71,2.38,26.48,13.85,67.07,auto,automobiles - tractors,24.72,5.17,-16.82,-0.16,-0.16,2961.14,2880.49,-2.99,2026-07-31
2026-07-31T17:45:28.845,GLAXO,2655.4,1.71,2513.41,2494.1,2549.53,2814.2,1.02,40.48,43.43,70.64,healthcare,pharmaceuticals - multinational,37.35,4.15,11.41,0.02,0.04,2497.65,2402.95,-3.04,2026-07-31
2026-07-31T17:45:28.845,LTFOODS,410.35,3.34,390.82,368.0,374.17,464.62,3.54,19.43,21.53,67.3,fmcg,food - processing - indian,15.79,9.67,7.59,0.01,-0.04,382.86,368.7,-3.21,2026-07-31
2026-07-31T17:45:28.845,SUPREMEIND,3478.0,0.52,3361.4,3297.0,3395.13,3602.3,0.67,39.34,42.57,54.62,plastic products,plastics products,11.28,2.44,6.23,-0.09,-0.09,3262.52,3104.01,-3.7,2026-07-31
2026-07-31T17:45:28.845,CASTROLIND,185.21,0.21,181.23,183.61,183.54,187.71,0.75,18.9,18.96,55.47,chemicals,chemicals,35.97,0.91,-1.59,-0.07,-0.07,182.24,180.42,-4.08,2026-07-31
2026-07-31T17:45:28.845,LTTS,3555.4,-0.1,3387.17,3444.1,3442.61,3724.59,0.69,26.44,28.58,60.99,i.t,computers - software - large,22.61,3.28,-19.89,-0.12,-0.16,3329.58,3184.82,-4.16,2026-07-31
2026-07-31T17:45:28.845,BAJAJHLDNG,11343.0,3.4,10731.98,10631.0,10521.13,12575.81,1.64,12.25,12.67,69.54,financials,finance & investments,16.27,7.81,3.29,-0.03,-0.13,10839.03,10585.05,-4.22,2026-07-31
2026-07-31T17:45:28.845,BLUEJET,626.25,2.25,598.78,570.5,587.27,684.72,2.07,42.2,42.83,68.35,healthcare,pharmaceuticals - indian - bulk drugs & formln,46.28,6.64,20.58,0.38,0.05,584.23,555.51,-4.25,2026-07-31
2026-07-31T17:45:28.845,JIOFIN,256.46,3.85,242.06,235.26,235.91,287.29,2.71,50.48,76.69,65.93,financials,finance & investments,13.78,8.71,-12.31,-0.07,-0.21,242.03,231.81,-4.32,2026-07-31
2026-07-31T17:45:28.845,ICICIPRULI,515.4,0.94,498.82,501.9,502.51,534.73,0.54,48.44,43.64,57.35,financials,finance & investments,17.25,2.56,-21.23,-0.26,-0.21,496.89,484.81,-4.34,2026-07-31
2026-07-31T17:45:28.845,DLF,659.3,0.68,643.13,641.9,652.34,669.75,0.32,32.19,36.73,53.47,realty,construction,12.73,1.07,-3.09,-0.05,-0.17,628.92,608.78,-4.82,2026-07-31
2026-07-31T17:45:28.845,CONCORDBIO,1420.8,6.83,1306.34,1244.5,1276.23,1637.65,1.72,41.99,53.67,68.63,healthcare,pharmaceuticals - indian - bulk drugs & formln,18.16,11.33,5.97,0.11,-0.08,1313.46,1241.55,-5.32,2026-07-31
2026-07-31T17:45:28.845,BLUEDART,5160.3,2.67,4893.14,4922.9,4904.67,5543.74,3.03,62.66,48.21,63.01,transportation,couriers,23.54,5.21,-6.89,-0.14,-0.17,4895.14,4720.97,-5.33,2026-07-31
2026-07-31T17:45:28.845,SONATSOFTW,322.45,4.39,295.57,289.45,298.25,358.74,0.64,17.12,18.45,63.25,i.t,computers - software - medium / small,31.18,8.11,-9.52,-0.06,-0.17,288.21,264.69,-5.36,2026-07-31
2026-07-31T17:45:28.845,BRIGADE,580.2,2.67,553.7,526.15,550.9,624.15,0.87,24.38,21.44,61.33,realty,construction,22.54,5.32,-11.03,-0.05,-0.21,548.0,525.65,-6.13,2026-07-31
2026-07-31T17:45:28.845,IEX,132.24,0.64,128.43,124.5,125.11,142.94,0.67,21.75,23.05,62.95,financials,miscellaneous,16.29,5.7,0.76,-0.04,-0.07,124.82,120.51,-6.28,2026-07-31
2026-07-31T17:45:28.845,INFY,1130.1,-2.16,1085.06,1057.4,1079.37,1206.2,0.92,14.72,15.58,57.02,i.t,computers - software - large,14.33,4.7,-30.28,-0.37,-0.27,1051.65,1002.01,-6.96,2026-07-31
2026-07-31T17:45:28.845,LATENTVIEW,316.2,1.85,301.35,299.0,304.53,333.71,0.5,31.0,32.37,58.0,i.t,computers - software - medium / small,18.49,3.83,-31.26,-0.28,-0.38,292.75,276.77,-7.09,2026-07-31
2026-07-31T17:45:28.845,SIGNATURE,820.45,0.86,794.98,780.55,787.23,870.28,0.38,2.5,10.44,55.68,realty,construction,15.86,4.22,-26.29,-0.16,-0.29,768.43,733.46,-7.62,2026-07-31
2026-07-31T17:45:28.845,KAYNES,3804.6,5.06,3549.76,3162.1,3295.38,4568.44,2.58,71.41,66.03,69.76,consumer discretionary,electronics - components,19.89,15.45,-3.25,0.01,-0.42,3462.16,3260.53,-8.39,2026-07-31
2026-07-31T17:45:28.845,NEWGEN,555.7,0.5,522.68,504.2,533.7,588.7,0.28,31.29,24.82,60.12,i.t,computers - software - medium / small,26.61,4.12,-32.68,-0.12,-0.43,492.91,447.81,-8.96,2026-07-31
2026-07-29T06:35:03.941,LAURUSLABS,1758.9,2.66,1673.55,1554.9,1588.25,2014.87,1.93,64.57,86.82,78.65,healthcare,pharmaceuticals - indian - bulk drugs & formln,39.62,10.74,62.22,0.62,0.73,1647.65,1567.31,26.98,2026-07-29
2026-07-29T06:35:03.941,WELCORP,1643.1,2.71,1578.0,1566.2,1636.29,1653.32,0.76,10.35,18.76,62.37,industrials,steel - large,30.13,0.42,102.73,1.1,0.73,1533.39,1456.7,20.54,2026-07-29
2026-07-29T06:35:03.941,FEDERALBNK,357.25,0.21,347.41,349.9,347.43,371.98,0.49,17.55,18.78,75.68,bank,banks - private sector,43.33,2.83,36.68,0.16,0.46,344.81,336.92,16.23,2026-07-29
2026-07-29T06:35:03.941,SAILIFE,1300.5,1.05,1247.25,1216.3,1255.22,1368.42,0.81,65.95,78.3,61.01,healthcare,pharmaceuticals - indian - bulk drugs & formln,22.34,3.61,44.41,0.46,0.4,1226.79,1176.51,14.4,2026-07-29
2026-07-29T06:35:03.941,RADICO,4289.7,3.38,3998.5,4038.9,4129.51,4529.98,4.23,62.53,81.62,72.85,fmcg,breweries & distilleries,43.19,3.88,29.92,0.35,0.27,4038.89,3911.09,13.34,2026-07-29
2026-07-29T06:35:03.941,NYKAA,329.6,0.87,319.33,317.05,328.03,331.95,0.84,305.19,477.68,66.71,i.t,trading,44.02,0.48,27.91,0.28,0.22,315.82,308.29,12.45,2026-07-29
2026-07-29T06:35:03.941,CARTRADE,2962.7,-0.53,2826.42,2635.6,2738.89,3298.41,1.33,54.86,63.32,64.02,consumer discretionary,miscellaneous,55.61,8.17,6.24,0.07,-0.05,2624.91,2487.87,12.42,2026-07-29
2026-07-29T06:35:03.941,KARURVYSYA,338.4,-0.37,327.32,331.3,322.97,361.54,0.56,10.82,11.92,67.12,bank,banks - private sector,20.06,4.78,35.59,0.07,0.33,315.83,300.91,12.2,2026-07-29
2026-07-29T06:35:03.941,MOTHERSON,147.86,-0.75,142.69,142.2,141.4,157.55,0.54,26.03,37.91,58.33,auto,auto ancillaries,18.1,4.57,24.26,0.24,0.36,140.37,135.38,11.21,2026-07-29
2026-07-29T06:35:03.941,M&MFIN,373.5,2.89,345.6,352.65,348.31,411.29,1.17,14.02,15.96,67.66,financials,finance & investments,33.96,7.23,-4.11,-0.06,0.14,337.3,312.9,9.89,2026-07-29
2026-07-29T06:35:03.941,TITAN,4849.7,2.31,4618.64,4604.1,4696.74,5079.15,1.5,91.3,84.8,76.39,consumer discretionary,diamond cutting / jewellery,36.39,3.26,24.07,0.12,0.23,4686.84,4575.0,9.87,2026-07-29
2026-07-29T06:35:03.941,TVSMOTOR,3993.5,3.02,3774.96,3823.3,3766.02,4334.72,1.65,46.52,55.35,71.41,auto,automobiles - motorcycles / mopeds,25.95,6.04,8.98,0.03,0.11,3775.69,3620.24,8.53,2026-07-29
2026-07-29T06:35:03.941,BAJAJ-AUTO,11374.0,1.7,10932.88,10575.0,10765.43,12286.85,0.83,24.62,27.01,72.84,auto,automobiles - scooters and 3 - wheelers,33.18,5.65,24.03,0.1,0.24,10861.88,10514.29,8.49,2026-07-29
2026-07-29T06:35:03.941,EICHERMOT,7836.0,0.86,7587.65,7575.0,7511.95,8322.08,0.75,35.35,38.97,64.98,auto,automobiles - motorcycles / mopeds,14.13,4.31,7.17,0.01,0.1,7517.9,7332.32,8.43,2026-07-29
2026-07-29T06:35:03.941,MANAPPURAM,361.25,0.39,347.9,343.55,342.93,388.73,0.67,18.93,30.8,68.86,financials,finance & investments,18.71,5.34,14.94,0.13,0.27,341.79,328.95,7.9,2026-07-29
2026-07-29T06:35:03.941,OFSS,11334.0,2.21,10946.6,9937.0,11314.72,11362.92,1.23,17.43,28.9,57.49,i.t,computers - software - large,32.65,0.17,45.64,0.3,0.33,10260.21,9595.87,7.52,2026-07-29
2026-07-29T06:35:03.941,PAYTM,1307.9,1.43,1261.26,1236.5,1335.95,1265.82,1.14,95.05,128.73,59.67,i.t,miscellaneous,27.16,-2.1,-1.21,0.05,-0.05,1218.83,1166.74,6.22,2026-07-29
2026-07-29T06:35:03.941,MARICO,883.25,2.87,840.11,841.5,849.67,933.62,1.19,72.64,64.8,68.13,fmcg,solvent extraction,38.62,3.95,20.28,0.09,0.2,846.09,821.27,5.57,2026-07-29
2026-07-29T06:35:03.941,APOLLOHOSP,8903.0,0.67,8653.4,8744.0,8872.97,8948.05,0.45,60.45,65.92,60.36,healthcare,healthcare,24.89,0.34,24.14,0.21,0.15,8669.24,8535.91,5.11,2026-07-29
2026-07-29T06:35:03.941,PTCIL,17874.0,-0.27,17434.2,17536.0,17476.94,18469.59,0.29,111.82,263.82,53.65,industrials,castings & forgings,11.42,2.27,-2.3,-0.05,-0.01,16981.6,16408.3,4.94,2026-07-29
2026-07-29T06:35:03.941,NESTLEIND,1491.8,3.16,1419.53,1431.0,1437.86,1572.71,2.54,75.04,75.46,61.74,fmcg,food - processing - mnc,18.46,3.75,18.5,0.05,0.14,1411.75,1367.12,4.93,2026-07-29
2026-07-29T06:35:03.941,IDFCFIRSTB,85.75,1.02,82.85,78.88,80.31,93.91,1.85,16.12,32.98,70.5,bank,banks - private sector,32.92,6.77,2.37,-0.05,0.03,80.22,77.11,4.03,2026-07-29
2026-07-29T06:35:03.941,ETERNAL,308.35,4.23,288.32,275.55,288.97,337.42,2.12,770.88,656.06,70.2,i.t,miscellaneous,34.47,6.71,8.43,0.12,-0.03,283.99,267.38,3.76,2026-07-29
2026-07-29T06:35:03.941,ASIANPAINT,2736.2,0.96,2652.17,2620.1,2642.74,2876.4,1.07,55.93,60.63,58.88,building materials,paints / varnishes,14.8,3.54,-1.76,-0.04,-0.01,2636.45,2575.25,3.38,2026-07-29
2026-07-29T06:35:03.941,HEROMOTOCO,5154.3,0.79,4994.67,4970.7,4953.35,5455.72,0.95,17.66,17.96,60.68,auto,automobiles - motorcycles / mopeds,17.39,4.06,-9.55,-0.12,-0.08,4917.88,4759.06,3.05,2026-07-29
2026-07-29T06:35:03.941,UNITDSPR,1508.8,1.81,1445.89,1375.7,1409.1,1658.34,0.93,57.85,56.89,74.63,fmcg,breweries & distilleries,22.87,7.08,6.12,0.06,0.03,1432.61,1378.57,2.71,2026-07-29
2026-07-29T06:35:03.941,IIFL,582.35,1.6,561.54,548.0,560.44,615.21,1.18,9.17,11.78,64.55,financials,finance & investments,32.23,3.91,-3.16,0.03,0.04,539.98,520.26,2.57,2026-07-29
2026-07-29T06:35:03.941,KALYANKJIL,608.35,7.75,553.7,562.45,591.87,633.08,1.57,38.31,46.51,77.11,consumer discretionary,diamond cutting / jewellery,40.39,2.79,25.04,0.52,0.15,551.07,510.76,2.11,2026-07-29
2026-07-29T06:35:03.941,NH,2072.8,0.92,2009.59,1952.0,2001.45,2179.83,1.13,47.02,52.26,62.85,healthcare,healthcare,15.74,3.56,10.5,0.11,0.14,1973.64,1918.18,2.11,2026-07-29
2026-07-29T06:35:03.941,DEEPAKFERT,1647.4,0.79,1582.8,1557.1,1555.7,1784.95,0.7,37.31,28.21,62.81,chemicals,chemicals,23.44,5.89,31.53,0.31,0.17,1549.42,1482.34,1.91,2026-07-29
2026-07-29T06:35:03.941,SAREGAMA,524.25,1.83,497.94,470.4,489.81,575.91,0.74,33.95,48.95,63.92,media,entertainment / electronic media software,35.16,7.03,49.67,0.5,0.24,480.2,453.91,1.83,2026-07-29
2026-07-29T06:35:03.941,TECHM,1635.2,3.82,1563.88,1531.1,1547.8,1766.31,1.86,24.73,28.22,71.47,i.t,computers - software - large,19.68,5.65,0.25,-0.14,0.12,1541.07,1479.18,1.67,2026-07-29
2026-07-29T06:35:03.941,SBILIFE,1889.1,1.19,1823.29,1797.0,1834.17,1971.49,0.87,65.32,72.85,62.23,financials,finance & investments,21.01,2.99,-6.71,-0.15,-0.09,1807.5,1750.69,1.18,2026-07-29
2026-07-29T06:35:03.941,RKFORGE,630.65,0.83,607.85,569.6,568.38,724.06,2.8,61.11,107.07,69.07,industrials,castings & forgings,18.03,10.96,22.06,0.17,0.12,582.94,557.51,0.48,2026-07-29
2026-07-29T06:35:03.941,MANKIND,2617.9,2.6,2490.18,2501.3,2520.97,2763.29,1.06,48.7,56.48,61.62,healthcare,pharmaceuticals - indian - bulk drugs & formln,26.9,3.84,19.38,0.15,0.14,2483.64,2393.24,0.25,2026-07-29
2026-07-29T06:35:03.941,M&M,3271.2,1.01,3157.56,3135.1,3143.99,3462.01,0.77,19.58,21.37,60.12,auto,automobiles - passenger cars,17.62,4.05,-10.04,-0.11,-0.16,3125.63,3029.95,0.08,2026-07-29
2026-07-29T06:35:03.941,ECLERX,1897.7,4.75,1775.47,1735.0,1890.68,1908.23,1.09,23.18,14.55,65.18,i.t,computers - software - medium / small,40.06,0.37,-20.68,-0.21,-0.16,1661.62,1519.27,-0.04,2026-07-29
2026-07-29T06:35:03.941,ASTRAL,1471.4,0.38,1421.59,1402.1,1362.71,1634.43,0.47,46.39,73.64,59.02,plastic products,plastics products,22.33,7.98,5.37,-0.03,-0.09,1395.05,1350.29,-0.35,2026-07-29
2026-07-29T06:35:03.941,AIIL,557.7,1.09,534.3,525.0,525.63,605.81,0.51,10.68,8.14,59.07,financials,finance & investments,26.16,6.1,-4.45,-0.01,-0.02,506.31,483.87,-0.56,2026-07-29
2026-07-29T06:35:03.941,PNB,111.65,0.03,108.96,108.71,107.72,117.55,0.74,5.52,5.82,61.83,bank,banks - public sector,17.22,3.65,-7.44,-0.16,-0.12,107.57,105.19,-0.6,2026-07-29
2026-07-29T06:35:03.941,INDHOTEL,734.7,0.13,717.9,713.25,726.01,747.74,0.64,73.18,48.75,56.84,services,hotels,23.19,1.2,-0.68,0.04,0.02,706.3,691.74,-0.73,2026-07-29
2026-07-29T06:35:03.941,PERSISTENT,5428.4,3.04,5229.08,4965.1,5146.55,5851.17,1.3,40.12,45.34,64.51,i.t,computers - software - large,17.19,5.48,-14.55,-0.2,-0.13,5075.73,4897.83,-0.78,2026-07-29
2026-07-29T06:35:03.941,ACE,1077.6,1.49,1032.04,957.8,991.66,1206.52,1.29,26.83,29.35,64.59,industrials,engineering,36.74,8.67,12.18,0.23,0.04,989.1,932.62,-0.89,2026-07-29
2026-07-29T06:35:03.941,ULTRACEMCO,11956.0,0.63,11585.56,11690.0,11803.22,12185.18,1.24,33.83,41.19,59.03,building materials,cement - north india,12.16,1.29,1.63,-0.13,-0.02,11483.55,11222.22,-1.01,2026-07-29
2026-07-29T06:35:03.941,LODHA,1301.4,8.57,1203.68,1124.0,1213.17,1433.74,4.16,23.7,31.5,75.69,realty,construction,44.43,7.27,20.55,0.32,0.03,1184.71,1112.2,-1.18,2026-07-29
2026-07-29T06:35:03.941,BRITANNIA,5478.5,1.75,5272.4,5316.5,5383.98,5620.28,1.12,48.64,52.09,59.95,fmcg,food - processing - mnc,12.32,1.76,-9.14,-0.14,-0.11,5259.72,5127.13,-1.34,2026-07-29
2026-07-29T06:35:03.941,BAJAJFINSV,1927.9,0.78,1872.49,1862.3,1882.92,1995.37,1.27,30.31,31.35,63.04,financials,finance & investments,20.52,2.39,-5.26,-0.07,-0.06,1853.23,1809.33,-1.38,2026-07-29
2026-07-29T06:35:03.941,PPLPHARMA,193.43,0.72,184.14,175.2,178.64,215.61,1.0,-690.82,-78.31,67.75,healthcare,pharmaceuticals - indian - bulk drugs & formln,31.4,8.28,9.59,0.17,-0.04,177.49,166.57,-1.48,2026-07-29
2026-07-29T06:35:03.941,BPCL,320.05,1.2,309.44,305.1,309.38,336.06,0.64,-18.27,7.98,59.63,energy,refineries,14.4,3.45,-12.3,-0.18,-0.17,304.0,293.21,-1.64,2026-07-29
2026-07-29T06:35:03.941,RECLTD,368.45,0.08,357.94,354.9,352.41,392.5,0.78,5.79,6.06,61.46,financials,finance - term-lending institutions,15.19,4.55,3.95,-0.07,-0.02,352.16,343.59,-1.67,2026-07-29
2026-07-29T06:35:03.941,HYUNDAI,2001.9,0.87,1937.46,1927.5,1947.16,2084.0,0.45,32.39,29.95,56.46,auto,automobiles - passenger cars,17.62,2.81,-13.22,-0.15,-0.18,1913.12,1854.14,-1.74,2026-07-29
2026-07-29T06:35:03.941,REDINGTON,278.05,-0.04,268.67,255.7,266.23,295.78,0.6,13.87,14.59,57.68,services,trading,27.53,4.44,1.46,0.02,-0.07,258.85,247.41,-1.82,2026-07-29
2026-07-29T06:35:03.941,COFORGE,1686.0,10.31,1535.95,1430.0,1483.93,1989.1,4.27,34.16,34.25,70.6,i.t,computers - software - large,12.55,13.62,-2.93,-0.07,-0.09,1547.42,1450.28,-1.87,2026-07-29
2026-07-29T06:35:03.941,GODREJPROP,2136.6,2.78,2017.62,1965.2,2120.09,2161.36,1.28,24.75,34.78,62.89,realty,construction,31.52,0.78,6.53,0.3,-0.04,1983.24,1876.02,-1.91,2026-07-29
2026-07-29T06:35:03.941,NAUKRI,1236.15,3.5,1174.04,1140.0,1220.56,1259.53,1.35,35.4,55.21,70.67,i.t,miscellaneous,33.34,1.28,-9.51,-0.11,-0.11,1159.03,1117.58,-2.1,2026-07-29
2026-07-29T06:35:03.941,INDIGO,5270.5,0.77,5113.64,4886.0,5096.92,5530.88,0.42,-214.25,-42.39,56.02,transportation,transport - airlines,23.23,3.41,3.72,0.02,-0.12,4981.2,4775.73,-2.34,2026-07-29
2026-07-29T06:35:03.941,PFIZER,4710.7,0.39,4559.25,4531.2,4622.67,4842.75,3.84,26.35,29.31,58.79,healthcare,pharmaceuticals - multinational,13.97,1.9,-6.45,-0.06,-0.09,4495.01,4389.84,-2.74,2026-07-29
2026-07-29T06:35:03.941,MRF,133140.0,0.85,129458.0,130300.0,131572.88,135490.69,0.81,20.1,23.33,54.43,auto,tyres,13.22,1.19,-12.08,-0.1,-0.19,129061.06,126861.85,-2.76,2026-07-29
2026-07-29T06:35:03.941,DIXON,13903.0,0.67,13444.62,13586.0,14154.31,13526.03,0.3,70.62,51.05,60.8,consumer discretionary,electronics - consumer,33.89,-1.78,10.09,0.26,-0.11,13144.06,12609.86,-2.79,2026-07-29
2026-07-29T06:35:03.941,SHREECEM,26875.0,0.06,26146.4,26425.0,26792.09,26999.36,0.64,46.11,55.61,57.76,building materials,cement - north india,23.15,0.31,2.79,-0.09,-0.04,25843.12,25244.21,-2.81,2026-07-29
2026-07-29T06:35:03.941,ONESOURCE,1731.3,2.51,1638.66,1570.3,1629.24,1884.4,1.41,198.54,-408.33,60.76,healthcare,pharmaceuticals - indian - bulk drugs & formln,10.79,6.26,0.52,0.39,-0.05,1590.45,1503.51,-2.89,2026-07-29
2026-07-29T06:35:03.941,CONCOR,522.4,2.33,501.47,469.95,482.74,581.89,3.26,37.0,31.89,66.9,transportation,miscellaneous,18.01,8.22,2.75,-0.01,-0.03,486.79,465.63,-3.0,2026-07-29
2026-07-29T06:35:03.941,GLAXO,2632.6,3.19,2488.02,2455.0,2501.86,2828.71,0.88,40.13,43.8,70.9,healthcare,pharmaceuticals - multinational,34.43,5.23,5.87,0.04,0.03,2473.71,2390.94,-3.24,2026-07-29
2026-07-29T06:35:03.941,ESCORTS,3009.9,1.89,2895.02,2880.0,2911.86,3156.96,1.58,25.83,13.83,59.79,auto,automobiles - tractors,21.07,3.37,-19.26,-0.2,-0.2,2890.21,2810.54,-3.27,2026-07-29
2026-07-29T06:35:03.941,MPHASIS,2413.5,3.46,2321.13,2192.1,2305.65,2575.28,2.23,23.52,24.07,58.07,i.t,computers - software - large,11.99,4.68,-16.53,-0.21,-0.16,2224.89,2119.84,-3.54,2026-07-29
2026-07-29T06:35:03.941,HCLTECH,1318.6,1.75,1274.98,1227.7,1236.21,1442.18,1.24,19.29,20.48,72.27,i.t,computers - software - large,27.06,6.66,-21.26,-0.29,-0.19,1249.22,1220.58,-3.6,2026-07-29
2026-07-29T06:35:03.941,LTTS,3599.3,2.89,3439.8,3295.0,3340.05,3988.17,1.19,26.76,28.9,64.44,i.t,computers - software - large,20.26,7.76,-21.87,-0.13,-0.15,3368.18,3206.85,-4.28,2026-07-29
2026-07-29T06:35:03.941,FIVESTAR,561.3,3.9,529.2,520.5,549.53,578.95,3.23,15.35,15.04,62.45,financials,finance & investments,33.42,2.14,0.54,0.01,-0.13,516.51,495.22,-4.29,2026-07-29
2026-07-29T06:35:03.941,LTM,4309.2,2.83,4150.2,3913.8,4055.75,4689.37,1.73,21.78,24.42,67.0,i.t,computers - software - large,19.28,6.25,-30.07,-0.33,-0.27,4040.19,3915.83,-4.31,2026-07-29
2026-07-29T06:35:03.941,ICICIPRULI,510.1,0.06,496.47,490.3,498.43,527.6,0.36,47.94,43.6,54.72,financials,finance & investments,15.84,2.34,-21.62,-0.27,-0.21,488.14,473.03,-4.66,2026-07-29
2026-07-29T06:35:03.941,JYOTICNC,806.45,0.34,779.98,777.0,789.32,832.15,0.31,50.66,54.6,61.41,industrials,engineering,34.24,2.17,-18.57,-0.07,-0.18,755.78,731.63,-4.73,2026-07-29
2026-07-29T06:35:03.941,BAJAJHLDNG,10831.0,0.19,10526.18,10304.0,10359.51,11538.24,0.93,11.7,12.51,58.33,financials,finance & investments,14.57,4.55,-3.5,-0.06,-0.14,10386.04,10107.31,-4.89,2026-07-29
2026-07-29T06:35:03.941,KFINTECH,973.75,2.58,922.18,855.6,874.78,1122.21,2.67,55.83,49.13,66.39,financials,miscellaneous,16.34,11.31,-10.72,-0.12,-0.14,899.98,853.41,-5.08,2026-07-29
2026-07-29T06:35:03.941,TCS,2398.0,4.46,2276.54,2193.6,2219.76,2665.37,1.54,16.25,17.42,69.59,i.t,computers - software - large,19.38,8.03,-27.75,-0.3,-0.24,2263.21,2181.52,-5.98,2026-07-29
2026-07-29T06:35:03.941,SBICARD,654.9,1.53,632.05,611.0,629.59,692.86,1.52,23.46,27.4,61.69,financials,finance & investments,16.23,4.02,-24.44,-0.22,-0.27,614.73,596.46,-6.7,2026-07-29
2026-07-29T06:35:03.941,HEXT,593.15,5.36,551.74,532.0,554.44,651.21,8.37,NaN,0.0,66.58,n/a,indices,19.51,6.98,-20.71,-0.22,-0.14,536.79,521.17,-6.97,2026-07-29
2026-07-29T06:35:03.941,SONATSOFTW,297.65,1.47,288.37,280.5,294.51,302.36,0.77,15.8,17.78,54.45,i.t,computers - software - medium / small,29.78,1.07,-16.98,-0.12,-0.23,272.6,263.17,-7.05,2026-07-29
2026-07-29T06:35:03.941,IEX,132.11,4.21,123.98,120.49,120.69,149.24,3.0,21.73,23.18,65.78,financials,miscellaneous,13.23,9.46,-5.03,-0.05,-0.08,123.23,116.96,-7.13,2026-07-29
2026-07-29T06:35:03.941,BRIGADE,560.2,3.08,532.58,515.6,545.89,581.66,0.77,23.54,21.25,56.14,realty,construction,22.58,2.62,-15.01,-0.07,-0.26,521.37,494.8,-7.55,2026-07-29
2026-07-29T06:35:03.941,ZENSARTECH,524.65,1.79,506.27,484.0,511.74,544.02,1.0,14.12,15.38,57.22,i.t,computers - software - medium / small,28.67,2.52,-29.07,-0.28,-0.3,476.95,458.02,-8.83,2026-07-29
2026-07-28T22:39:54.607,LAURUSLABS,1758.9,2.66,1673.55,1554.9,1588.25,2014.87,1.93,64.57,79.03,78.65,healthcare,pharmaceuticals - indian - bulk drugs & formln,39.62,10.74,62.22,0.62,0.73,1647.65,1567.31,26.98,2026-07-28
2026-07-28T22:39:54.607,WELCORP,1643.1,2.71,1578.0,1566.2,1636.29,1653.32,0.76,10.35,18.23,62.37,industrials,steel - large,30.13,0.42,102.73,1.1,0.73,1533.39,1456.7,20.54,2026-07-28
2026-07-28T22:39:54.607,FEDERALBNK,357.25,0.21,347.41,349.9,347.43,371.98,0.49,17.55,18.63,75.68,bank,banks - private sector,43.33,2.83,36.68,0.16,0.46,344.81,336.92,16.23,2026-07-28
2026-07-28T22:39:54.607,SAILIFE,1300.5,1.05,1247.25,1216.3,1255.22,1368.42,0.81,65.95,74.23,61.01,healthcare,pharmaceuticals - indian - bulk drugs & formln,22.34,3.61,44.41,0.46,0.4,1226.79,1176.51,14.4,2026-07-28
2026-07-28T22:39:54.607,RADICO,4289.7,3.38,3998.5,4038.9,4129.51,4529.98,4.23,79.97,90.6,72.85,fmcg,breweries & distilleries,43.19,3.88,29.92,0.35,0.27,4038.89,3911.09,13.34,2026-07-28
2026-07-28T22:39:54.607,NYKAA,329.6,0.87,319.33,317.05,328.03,331.95,0.84,305.19,467.83,66.71,i.t,trading,44.02,0.48,27.91,0.28,0.22,315.82,308.29,12.45,2026-07-28
2026-07-28T22:39:54.607,CARTRADE,2962.7,-0.53,2826.42,2635.6,2738.89,3298.41,1.33,54.86,56.77,64.02,consumer discretionary,miscellaneous,55.61,8.17,6.24,0.07,-0.05,2624.91,2487.87,12.42,2026-07-28
2026-07-28T22:39:54.607,KARURVYSYA,338.4,-0.37,327.32,331.3,322.97,361.54,0.56,10.82,11.93,67.12,bank,banks - private sector,20.06,4.78,35.59,0.07,0.33,315.83,300.91,12.2,2026-07-28
2026-07-28T22:39:54.607,MOTHERSON,147.86,-0.75,142.69,142.2,141.4,157.55,0.54,26.03,37.32,58.33,auto,auto ancillaries,18.1,4.57,24.26,0.24,0.36,140.37,135.38,11.21,2026-07-28
2026-07-28T22:39:54.607,M&MFIN,373.5,2.89,345.6,352.65,348.31,411.29,1.17,14.02,15.23,67.66,financials,finance & investments,33.96,7.23,-4.11,-0.06,0.14,337.3,312.9,9.89,2026-07-28
2026-07-28T22:39:54.607,TITAN,4849.7,2.31,4618.64,4604.1,4696.74,5079.15,1.5,91.3,81.78,76.39,consumer discretionary,diamond cutting / jewellery,36.39,3.26,24.07,0.12,0.23,4686.84,4575.0,9.87,2026-07-28
2026-07-28T22:39:54.607,TVSMOTOR,3993.5,3.02,3774.96,3823.3,3766.02,4334.72,1.65,46.52,53.64,71.41,auto,automobiles - motorcycles / mopeds,25.95,6.04,8.98,0.03,0.11,3775.69,3620.24,8.53,2026-07-28
2026-07-28T22:39:54.607,BAJAJ-AUTO,11374.0,1.7,10932.88,10575.0,10765.43,12286.85,0.83,24.62,26.43,72.84,auto,automobiles - scooters and 3 - wheelers,33.18,5.65,24.03,0.1,0.24,10861.88,10514.29,8.49,2026-07-28
2026-07-28T22:39:54.607,EICHERMOT,7836.0,0.86,7587.65,7575.0,7511.95,8322.08,0.75,35.35,37.94,64.98,auto,automobiles - motorcycles / mopeds,14.13,4.31,7.17,0.01,0.1,7517.9,7332.32,8.43,2026-07-28
2026-07-28T22:39:54.607,MANAPPURAM,361.25,0.39,347.9,343.55,342.93,388.73,0.67,18.93,30.09,68.86,financials,finance & investments,18.71,5.34,14.94,0.13,0.27,341.79,328.95,7.9,2026-07-28
2026-07-28T22:39:54.607,OFSS,11334.0,2.21,10946.6,9937.0,11314.72,11362.92,1.23,17.43,27.16,57.49,i.t,computers - software - large,32.65,0.17,45.64,0.3,0.33,10260.21,9595.87,7.52,2026-07-28
2026-07-28T22:39:54.607,PAYTM,1307.9,1.43,1261.26,1236.5,1335.95,1265.82,1.14,95.05,126.3,59.67,i.t,miscellaneous,27.16,-2.1,-1.21,0.05,-0.05,1218.83,1166.74,6.22,2026-07-28
2026-07-28T22:39:54.607,MARICO,883.25,2.87,840.11,841.5,849.67,933.62,1.19,72.64,62.77,68.13,fmcg,solvent extraction,38.62,3.95,20.28,0.09,0.2,846.09,821.27,5.57,2026-07-28
2026-07-28T22:39:54.607,APOLLOHOSP,8903.0,0.67,8653.4,8744.0,8872.97,8948.05,0.45,60.45,65.2,60.36,healthcare,healthcare,24.89,0.34,24.14,0.21,0.15,8669.24,8535.91,5.11,2026-07-28
2026-07-28T22:39:54.607,PTCIL,17874.0,-0.27,17434.2,17536.0,17476.94,18469.59,0.29,111.82,261.73,53.65,industrials,castings & forgings,11.42,2.27,-2.3,-0.05,-0.01,16981.6,16408.3,4.94,2026-07-28
2026-07-28T22:39:54.607,NESTLEIND,1491.8,3.16,1419.53,1431.0,1437.86,1572.71,2.54,75.04,73.01,61.74,fmcg,food - processing - mnc,18.46,3.75,18.5,0.05,0.14,1411.75,1367.12,4.93,2026-07-28
2026-07-28T22:39:54.607,IDFCFIRSTB,85.75,1.02,82.85,78.88,80.31,93.91,1.85,16.12,31.07,70.5,bank,banks - private sector,32.92,6.77,2.37,-0.05,0.03,80.22,77.11,4.03,2026-07-28
2026-07-28T22:39:54.607,ETERNAL,308.35,4.23,288.32,275.55,288.97,337.42,2.12,770.88,595.74,70.2,i.t,miscellaneous,34.47,6.71,8.43,0.12,-0.03,283.99,267.38,3.76,2026-07-28
2026-07-28T22:39:54.607,ASIANPAINT,2736.2,0.96,2652.17,2620.1,2642.74,2876.4,1.07,55.93,58.45,58.88,building materials,paints / varnishes,14.8,3.54,-1.76,-0.04,-0.01,2636.45,2575.25,3.38,2026-07-28
2026-07-28T22:39:54.607,HEROMOTOCO,5154.3,0.79,4994.67,4970.7,4953.35,5455.72,0.95,17.66,17.46,60.68,auto,automobiles - motorcycles / mopeds,17.39,4.06,-9.55,-0.12,-0.08,4917.88,4759.06,3.05,2026-07-28
2026-07-28T22:39:54.607,UNITDSPR,1508.8,1.81,1445.89,1375.7,1409.1,1658.34,0.93,57.85,55.32,74.63,fmcg,breweries & distilleries,22.87,7.08,6.12,0.06,0.03,1432.61,1378.57,2.71,2026-07-28
2026-07-28T22:39:54.607,IIFL,582.35,1.6,561.54,548.0,560.44,615.21,1.18,9.17,11.25,64.55,financials,finance & investments,32.23,3.91,-3.16,0.03,0.04,539.98,520.26,2.57,2026-07-28
2026-07-28T22:39:54.607,KALYANKJIL,608.35,7.75,553.7,562.45,591.87,633.08,1.57,38.31,43.85,77.11,consumer discretionary,diamond cutting / jewellery,40.39,2.79,25.04,0.52,0.15,551.07,510.76,2.11,2026-07-28
2026-07-28T22:39:54.607,NH,2072.8,0.92,2009.59,1952.0,2001.45,2179.83,1.13,47.02,49.46,62.85,healthcare,healthcare,15.74,3.56,10.5,0.11,0.14,1973.64,1918.18,2.11,2026-07-28
2026-07-28T22:39:54.607,DEEPAKFERT,1647.4,0.79,1582.8,1557.1,1555.7,1784.95,0.7,37.31,26.94,62.81,chemicals,chemicals,23.44,5.89,31.53,0.31,0.17,1549.42,1482.34,1.91,2026-07-28
2026-07-28T22:39:54.607,SAREGAMA,524.25,1.83,497.94,470.4,489.81,575.91,0.74,33.95,46.36,63.92,media,entertainment / electronic media software,35.16,7.03,49.67,0.5,0.24,480.2,453.91,1.83,2026-07-28
2026-07-28T22:39:54.607,TECHM,1635.2,3.82,1563.88,1531.1,1547.8,1766.31,1.86,24.73,26.92,71.47,i.t,computers - software - large,19.68,5.65,0.25,-0.14,0.12,1541.07,1479.18,1.67,2026-07-28
2026-07-28T22:39:54.607,SBILIFE,1889.1,1.19,1823.29,1797.0,1834.17,1971.49,0.87,65.32,71.68,62.23,financials,finance & investments,21.01,2.99,-6.71,-0.15,-0.09,1807.5,1750.69,1.18,2026-07-28
2026-07-28T22:39:54.607,RKFORGE,630.65,0.83,607.85,569.6,568.38,724.06,2.8,61.11,98.59,69.07,industrials,castings & forgings,18.03,10.96,22.06,0.17,0.12,582.94,557.51,0.48,2026-07-28
2026-07-28T22:39:54.607,MANKIND,2617.9,2.6,2490.18,2501.3,2520.97,2763.29,1.06,48.7,54.09,61.62,healthcare,pharmaceuticals - indian - bulk drugs & formln,26.9,3.84,19.38,0.15,0.14,2483.64,2393.24,0.25,2026-07-28
2026-07-28T22:39:54.607,M&M,3271.2,1.01,3157.56,3135.1,3143.99,3462.01,0.77,19.58,20.65,60.12,auto,automobiles - passenger cars,17.62,4.05,-10.04,-0.11,-0.16,3125.63,3029.95,0.08,2026-07-28
2026-07-28T22:39:54.607,ECLERX,1897.7,4.75,1775.47,1735.0,1890.68,1908.23,1.09,23.18,14.27,65.18,i.t,computers - software - medium / small,40.06,0.37,-20.68,-0.21,-0.16,1661.62,1519.27,-0.04,2026-07-28
2026-07-28T22:39:54.607,ASTRAL,1471.4,0.38,1421.59,1402.1,1362.71,1634.43,0.47,46.39,73.48,59.02,plastic products,plastics products,22.33,7.98,5.37,-0.03,-0.09,1395.05,1350.29,-0.35,2026-07-28
2026-07-28T22:39:54.607,AIIL,557.7,1.09,534.3,525.0,525.63,605.81,0.51,10.68,7.75,59.07,financials,finance & investments,26.16,6.1,-4.45,-0.01,-0.02,506.31,483.87,-0.56,2026-07-28
2026-07-28T22:39:54.607,PNB,111.65,0.03,108.96,108.71,107.72,117.55,0.74,5.52,5.75,61.83,bank,banks - public sector,17.22,3.65,-7.44,-0.16,-0.12,107.57,105.19,-0.6,2026-07-28
2026-07-28T22:39:54.607,INDHOTEL,734.7,0.13,717.9,713.25,726.01,747.74,0.64,73.18,48.27,56.84,services,hotels,23.19,1.2,-0.68,0.04,0.02,706.3,691.74,-0.73,2026-07-28
2026-07-28T22:39:54.607,PERSISTENT,5428.4,3.04,5229.08,4965.1,5146.55,5851.17,1.3,40.12,43.44,64.51,i.t,computers - software - large,17.19,5.48,-14.55,-0.2,-0.13,5075.73,4897.83,-0.78,2026-07-28
2026-07-28T22:39:54.607,ACE,1077.6,1.49,1032.04,957.8,991.66,1206.52,1.29,26.83,28.31,64.59,industrials,engineering,36.74,8.67,12.18,0.23,0.04,989.1,932.62,-0.89,2026-07-28
2026-07-28T22:39:54.607,ULTRACEMCO,11956.0,0.63,11585.56,11690.0,11803.22,12185.18,1.24,33.83,40.81,59.03,building materials,cement - north india,12.16,1.29,1.63,-0.13,-0.02,11483.55,11222.22,-1.01,2026-07-28
2026-07-28T22:39:54.607,LODHA,1301.4,8.57,1203.68,1124.0,1213.17,1433.74,4.16,23.7,27.7,75.69,realty,construction,44.43,7.27,20.55,0.32,0.03,1184.71,1112.2,-1.18,2026-07-28
2026-07-28T22:39:54.607,BRITANNIA,5478.5,1.75,5272.4,5316.5,5383.98,5620.28,1.12,48.64,51.15,59.95,fmcg,food - processing - mnc,12.32,1.76,-9.14,-0.14,-0.11,5259.72,5127.13,-1.34,2026-07-28
2026-07-28T22:39:54.607,BAJAJFINSV,1927.9,0.78,1872.49,1862.3,1882.92,1995.37,1.27,30.31,30.52,63.04,financials,finance & investments,20.52,2.39,-5.26,-0.07,-0.06,1853.23,1809.33,-1.38,2026-07-28
2026-07-28T22:39:54.607,PPLPHARMA,193.43,0.72,184.14,175.2,178.64,215.61,1.0,-690.82,-73.39,67.75,healthcare,pharmaceuticals - indian - bulk drugs & formln,31.4,8.28,9.59,0.17,-0.04,177.49,166.57,-1.48,2026-07-28
2026-07-28T22:39:54.607,BPCL,320.05,1.2,309.44,305.1,309.38,336.06,0.64,-18.27,7.74,59.63,energy,refineries,14.4,3.45,-12.3,-0.18,-0.17,304.0,293.21,-1.64,2026-07-28
2026-07-28T22:39:54.607,RECLTD,368.45,0.08,357.94,354.9,352.41,392.5,0.78,5.79,5.95,61.46,financials,finance - term-lending institutions,15.19,4.55,3.95,-0.07,-0.02,352.16,343.59,-1.67,2026-07-28
2026-07-28T22:39:54.607,HYUNDAI,2001.9,0.87,1937.46,1927.5,1947.16,2084.0,0.45,32.39,29.21,56.46,auto,automobiles - passenger cars,17.62,2.81,-13.22,-0.15,-0.18,1913.12,1854.14,-1.74,2026-07-28
2026-07-28T22:39:54.607,REDINGTON,278.05,-0.04,268.67,255.7,266.23,295.78,0.6,13.87,13.59,57.68,services,trading,27.53,4.44,1.46,0.02,-0.07,258.85,247.41,-1.82,2026-07-28
2026-07-28T22:39:54.607,COFORGE,1686.0,10.31,1535.95,1430.0,1483.93,1989.1,4.27,23.12,32.03,70.6,i.t,computers - software - large,12.55,13.62,-2.93,-0.07,-0.09,1547.42,1450.28,-1.87,2026-07-28
2026-07-28T22:39:54.607,GODREJPROP,2136.6,2.78,2017.62,1965.2,2120.09,2161.36,1.28,24.75,33.02,62.89,realty,construction,31.52,0.78,6.53,0.3,-0.04,1983.24,1876.02,-1.91,2026-07-28
2026-07-28T22:39:54.607,NAUKRI,1236.15,3.5,1174.04,1140.0,1220.56,1259.53,1.35,35.4,52.05,70.67,i.t,miscellaneous,33.34,1.28,-9.51,-0.11,-0.11,1159.03,1117.58,-2.1,2026-07-28
2026-07-28T22:39:54.607,INDIGO,5270.5,0.77,5113.64,4886.0,5096.92,5530.88,0.42,-214.25,-40.09,56.02,transportation,transport - airlines,23.23,3.41,3.72,0.02,-0.12,4981.2,4775.73,-2.34,2026-07-28
2026-07-28T22:39:54.607,PFIZER,4710.7,0.39,4559.25,4531.2,4622.67,4842.75,3.84,26.96,29.28,58.79,healthcare,pharmaceuticals - multinational,13.97,1.9,-6.45,-0.06,-0.09,4495.01,4389.84,-2.74,2026-07-28
2026-07-28T22:39:54.607,MRF,133140.0,0.85,129458.0,130300.0,131572.88,135490.69,0.81,20.1,22.91,54.43,auto,tyres,13.22,1.19,-12.08,-0.1,-0.19,129061.06,126861.85,-2.76,2026-07-28
2026-07-28T22:39:54.607,DIXON,13903.0,0.67,13444.62,13586.0,14154.31,13526.03,0.3,70.62,50.84,60.8,consumer discretionary,electronics - consumer,33.89,-1.78,10.09,0.26,-0.11,13144.06,12609.86,-2.79,2026-07-28
2026-07-28T22:39:54.607,SHREECEM,26875.0,0.06,26146.4,26425.0,26792.09,26999.36,0.64,46.11,55.33,57.76,building materials,cement - north india,23.15,0.31,2.79,-0.09,-0.04,25843.12,25244.21,-2.81,2026-07-28
2026-07-28T22:39:54.607,ONESOURCE,1731.3,2.51,1638.66,1570.3,1629.24,1884.4,1.41,198.54,-390.07,60.76,healthcare,pharmaceuticals - indian - bulk drugs & formln,10.79,6.26,0.52,0.39,-0.05,1590.45,1503.51,-2.89,2026-07-28
2026-07-28T22:39:54.607,CONCOR,522.4,2.33,501.47,469.95,482.74,581.89,3.26,37.0,29.15,66.9,transportation,miscellaneous,18.01,8.22,2.75,-0.01,-0.03,486.79,465.63,-3.0,2026-07-28
2026-07-28T22:39:54.607,GLAXO,2632.6,3.19,2488.02,2455.0,2501.86,2828.71,0.88,40.13,41.83,70.9,healthcare,pharmaceuticals - multinational,34.43,5.23,5.87,0.04,0.03,2473.71,2390.94,-3.24,2026-07-28
2026-07-28T22:39:54.607,ESCORTS,3009.9,1.89,2895.02,2880.0,2911.86,3156.96,1.58,25.83,13.35,59.79,auto,automobiles - tractors,21.07,3.37,-19.26,-0.2,-0.2,2890.21,2810.54,-3.27,2026-07-28
2026-07-28T22:39:54.607,MPHASIS,2413.5,3.46,2321.13,2192.1,2305.65,2575.28,2.23,23.52,22.82,58.07,i.t,computers - software - large,11.99,4.68,-16.53,-0.21,-0.16,2224.89,2119.84,-3.54,2026-07-28
2026-07-28T22:39:54.607,HCLTECH,1318.6,1.75,1274.98,1227.7,1236.21,1442.18,1.24,19.29,19.75,72.27,i.t,computers - software - large,27.06,6.66,-21.26,-0.29,-0.19,1249.22,1220.58,-3.6,2026-07-28
2026-07-28T22:39:54.607,LTTS,3599.3,2.89,3439.8,3295.0,3340.05,3988.17,1.19,26.76,27.45,64.44,i.t,computers - software - large,20.26,7.76,-21.87,-0.13,-0.15,3368.18,3206.85,-4.28,2026-07-28
2026-07-28T22:39:54.607,FIVESTAR,561.3,3.9,529.2,520.5,549.53,578.95,3.23,15.35,14.34,62.45,financials,finance & investments,33.42,2.14,0.54,0.01,-0.13,516.51,495.22,-4.29,2026-07-28
2026-07-28T22:39:54.607,LTM,4309.2,2.83,4150.2,3913.8,4055.75,4689.37,1.73,21.78,23.19,67.0,i.t,computers - software - large,19.28,6.25,-30.07,-0.33,-0.27,4040.19,3915.83,-4.31,2026-07-28
2026-07-28T22:39:54.607,ICICIPRULI,510.1,0.06,496.47,490.3,498.43,527.6,0.36,47.94,42.78,54.72,financials,finance & investments,15.84,2.34,-21.62,-0.27,-0.21,488.14,473.03,-4.66,2026-07-28
2026-07-28T22:39:54.607,JYOTICNC,806.45,0.34,779.98,777.0,789.32,832.15,0.31,50.66,53.83,61.41,industrials,engineering,34.24,2.17,-18.57,-0.07,-0.18,755.78,731.63,-4.73,2026-07-28
2026-07-28T22:39:54.607,BAJAJHLDNG,10831.0,0.19,10526.18,10304.0,10359.51,11538.24,0.93,11.7,12.33,58.33,financials,finance & investments,14.57,4.55,-3.5,-0.06,-0.14,10386.04,10107.31,-4.89,2026-07-28
2026-07-28T22:39:54.607,KFINTECH,973.75,2.58,922.18,855.6,874.78,1122.21,2.67,55.83,43.28,66.39,financials,miscellaneous,16.34,11.31,-10.72,-0.12,-0.14,899.98,853.41,-5.08,2026-07-28
2026-07-28T22:39:54.607,TCS,2398.0,4.46,2276.54,2193.6,2219.76,2665.37,1.54,16.25,16.38,69.59,i.t,computers - software - large,19.38,8.03,-27.75,-0.3,-0.24,2263.21,2181.52,-5.98,2026-07-28
2026-07-28T22:39:54.607,SBICARD,654.9,1.53,632.05,611.0,629.59,692.86,1.52,23.46,25.89,61.69,financials,finance & investments,16.23,4.02,-24.44,-0.22,-0.27,614.73,596.46,-6.7,2026-07-28
2026-07-28T22:39:54.607,HEXT,593.15,5.36,551.74,532.0,554.44,651.21,8.37,NaN,0.0,66.58,n/a,indices,19.51,6.98,-20.71,-0.22,-0.14,536.79,521.17,-6.97,2026-07-28
2026-07-28T22:39:54.607,SONATSOFTW,297.65,1.47,288.37,280.5,294.51,302.36,0.77,15.8,17.21,54.45,i.t,computers - software - medium / small,29.78,1.07,-16.98,-0.12,-0.23,272.6,263.17,-7.05,2026-07-28
2026-07-28T22:39:54.607,IEX,132.11,4.21,123.98,120.49,120.69,149.24,3.0,21.73,21.8,65.78,financials,miscellaneous,13.23,9.46,-5.03,-0.05,-0.08,123.23,116.96,-7.13,2026-07-28
2026-07-28T22:39:54.607,BRIGADE,560.2,3.08,532.58,515.6,545.89,581.66,0.77,23.54,19.93,56.14,realty,construction,22.58,2.62,-15.01,-0.07,-0.26,521.37,494.8,-7.55,2026-07-28
2026-07-28T22:39:54.607,ZENSARTECH,524.65,1.79,506.27,484.0,511.74,544.02,1.0,14.12,14.83,57.22,i.t,computers - software - medium / small,28.67,2.52,-29.07,-0.28,-0.3,476.95,458.02,-8.83,2026-07-28
2026-07-08T06:42:49.231,CUB,227.97,1.46,218.81,206.71,258.91,181.56,0.02,11.78,12.75,91.34,bank,banks - private sector,71.32,-11.95,8248.18,71.66,99.61,209.28,199.12,2718.39,2026-07-08
2026-07-08T06:42:49.231,ATHERENERG,1140.6,1.35,1100.34,1116.2,1068.55,1248.68,0.81,-108.84,-81.76,68.31,auto,automobiles - scooters and 3 - wheelers,47.53,6.74,67.27,0.42,0.59,1050.32,1000.6,53.64,2026-07-08
2026-07-08T06:42:49.231,HFCL,226.04,0.49,212.71,201.49,213.04,245.54,0.54,46.7,106.12,71.03,telecom,cables - telephone,47.64,6.1,229.65,2.07,1.9,203.45,189.97,43.26,2026-07-08
2026-07-08T06:42:49.231,ADANIENSOL,1651.0,1.74,1583.68,1470.0,1503.02,1872.97,1.15,72.54,86.89,71.05,power & utilities,power generation and supply,23.73,9.85,70.35,0.44,0.72,1535.54,1461.85,21.61,2026-07-08
2026-07-08T06:42:49.231,GRANULES,863.55,1.09,832.02,804.5,797.06,963.29,1.46,26.23,35.33,74.45,healthcare,pharmaceuticals - indian - bulk drugs & formln,29.29,8.34,52.09,0.29,0.47,810.96,787.06,17.92,2026-07-08
2026-07-08T06:42:49.231,FEDERALBNK,331.55,0.38,320.17,325.5,330.27,333.46,0.31,15.24,18.76,69.8,bank,banks - private sector,37.9,0.39,28.65,0.14,0.51,319.28,310.53,15.0,2026-07-08
2026-07-08T06:42:49.231,RBLBANK,375.1,1.76,358.09,354.7,366.61,387.84,1.1,23.68,26.16,59.61,bank,banks - private sector,21.16,2.32,23.33,0.08,0.21,354.0,339.43,13.1,2026-07-08
2026-07-08T06:42:49.231,SONACOMS,671.2,0.55,646.8,615.4,630.53,732.2,0.91,54.3,65.1,76.18,auto,auto ancillaries,32.52,6.45,36.61,0.27,0.4,635.71,611.89,11.04,2026-07-08
2026-07-08T06:42:49.231,TORNTPHARM,4856.7,0.71,4722.13,4574.3,4600.11,5241.59,1.15,105.49,75.87,74.17,healthcare,pharmaceuticals - indian - formulations,29.5,5.58,30.53,0.15,0.31,4667.53,4547.86,10.81,2026-07-08
2026-07-08T06:42:49.231,EMCURE,1843.5,0.46,1784.09,1798.5,1822.04,1875.7,0.48,35.89,37.8,60.43,healthcare,pharmaceuticals - indian - bulk drugs & formln,35.33,1.18,32.39,0.19,0.32,1743.29,1684.53,10.43,2026-07-08
2026-07-08T06:42:49.231,GLAND,2550.0,3.52,2414.03,2425.0,2359.16,2836.27,1.52,28.64,40.89,73.37,healthcare,pharmaceuticals - indian - formulations,43.56,8.09,43.99,0.37,0.27,2386.16,2276.19,10.42,2026-07-08
2026-07-08T06:42:49.231,STARHEALTH,589.75,1.44,570.85,572.3,584.68,597.35,0.59,78.01,62.28,70.34,financials,finance & investments,45.43,0.87,25.24,0.18,0.13,557.96,537.77,9.79,2026-07-08
2026-07-08T06:42:49.231,JBCHEPHARM,2422.0,1.34,2342.2,2267.1,2287.23,2624.15,2.71,95.35,53.51,79.24,healthcare,pharmaceuticals - indian - bulk drugs & formln,35.09,5.89,37.37,0.21,0.38,2326.76,2262.13,9.04,2026-07-08
2026-07-08T06:42:49.231,GMRAIRPORT,114.98,1.35,111.19,110.4,112.11,119.29,1.06,99.12,676.35,71.13,miscellaneous,miscellaneous,30.09,2.56,9.49,0.0,0.23,109.73,106.44,8.59,2026-07-08
2026-07-08T06:42:49.231,IPCALAB,1793.1,0.6,1732.15,1681.7,1665.27,1984.84,0.48,33.68,38.56,76.3,healthcare,pharmaceuticals - indian - bulk drugs & formln,33.04,7.68,24.24,0.18,0.35,1688.83,1617.52,8.46,2026-07-08
2026-07-08T06:42:49.231,AUBANK,1066.9,0.52,1040.86,1031.0,1047.93,1095.36,0.52,23.96,30.15,62.67,bank,banks - private sector,29.25,1.81,12.54,-0.02,0.3,1016.13,986.06,8.25,2026-07-08
2026-07-08T06:42:49.231,PAYTM,1246.0,2.28,1183.84,1150.5,1154.22,1383.67,1.26,108.54,144.21,71.62,i.t,miscellaneous,19.55,7.95,-6.87,-0.14,-0.06,1174.55,1125.96,7.58,2026-07-08
2026-07-08T06:42:49.231,EICHERMOT,7536.0,0.86,7331.87,7053.5,7365.0,7792.5,1.02,34.0,37.48,57.28,auto,automobiles - motorcycles / mopeds,14.21,2.32,6.43,-0.05,0.03,7182.27,6983.97,6.99,2026-07-08
2026-07-08T06:42:49.231,TITAN,4604.2,2.67,4414.9,4383.1,4406.96,4900.05,2.92,86.68,80.51,68.91,consumer discretionary,diamond cutting / jewellery,17.77,4.48,20.61,0.05,0.21,4401.97,4302.0,6.82,2026-07-08
2026-07-08T06:42:49.231,NUVAMA,1917.1,2.55,1822.9,1764.9,1821.9,2059.9,0.74,32.41,11.1,78.17,financials,finance & investments,46.72,5.23,35.46,0.2,0.32,1790.69,1706.58,5.88,2026-07-08
2026-07-08T06:42:49.231,WELSPUNLIV,170.43,0.46,165.38,159.9,167.26,175.19,0.49,39.45,74.75,68.22,textiles,textiles - products,31.84,1.9,22.08,0.19,0.35,159.26,151.66,5.87,2026-07-08
2026-07-08T06:42:49.231,INDUSINDBK,1022.25,1.23,984.21,927.05,937.06,1150.04,2.33,33.49,89.59,72.25,bank,banks - private sector,26.44,9.09,20.78,0.04,0.32,963.03,934.36,5.85,2026-07-08
2026-07-08T06:42:49.231,3MINDIA,35260.0,0.14,34275.5,33040.0,33558.41,37812.38,0.56,46.11,76.05,70.93,miscellaneous,diversified - large,19.27,5.07,1.44,-0.1,0.15,33504.49,32427.86,5.51,2026-07-08
2026-07-08T06:42:49.231,NESTLEIND,1471.8,-0.13,1433.45,1407.9,1408.95,1566.07,0.86,63.77,68.42,63.72,fmcg,food - processing - mnc,20.68,4.46,18.52,0.06,0.1,1414.82,1383.18,5.21,2026-07-08
2026-07-08T06:42:49.231,M&MFIN,332.2,0.12,317.52,312.0,314.1,359.36,0.94,12.3,15.97,65.29,financials,finance & investments,23.35,5.76,-6.47,-0.24,0.07,307.41,291.06,5.02,2026-07-08
2026-07-08T06:42:49.231,IKS,1890.5,0.71,1795.36,1670.1,1746.63,2106.31,1.03,38.39,43.81,75.09,i.t,computers - software - medium / small,39.66,8.24,13.37,0.03,0.21,1768.55,1685.38,4.68,2026-07-08
2026-07-08T06:42:49.231,ZYDUSLIFE,1153.0,0.44,1121.51,1095.1,1102.27,1229.1,0.87,22.79,23.01,69.15,healthcare,pharmaceuticals - indian - bulk drugs & formln,41.5,4.6,23.42,0.16,0.13,1102.89,1081.11,4.55,2026-07-08
2026-07-08T06:42:49.231,AEGISVOPAK,294.32,5.13,262.39,230.41,248.53,363.01,7.53,118.68,138.18,82.59,transportation,miscellaneous,32.71,18.43,9.27,0.09,0.02,259.57,238.69,4.32,2026-07-08
2026-07-08T06:42:49.231,MARICO,847.65,1.14,820.85,835.0,827.83,877.38,1.05,69.71,62.19,60.83,fmcg,solvent extraction,32.29,2.39,19.28,0.03,0.11,812.28,788.5,4.18,2026-07-08
2026-07-08T06:42:49.231,JKTYRE,413.9,1.09,402.78,392.55,400.47,434.04,1.42,16.56,14.97,58.75,auto,tyres,20.65,3.35,-10.76,-0.26,0.03,388.0,379.27,3.7,2026-07-08
2026-07-08T06:42:49.231,SUNPHARMA,1903.4,-0.49,1860.63,1860.2,1869.4,1954.39,0.57,42.11,39.82,67.08,healthcare,pharmaceuticals - indian - bulk drugs & formln,30.54,1.82,5.37,0.02,0.1,1846.06,1824.55,3.48,2026-07-08
2026-07-08T06:42:49.231,ALKEM,5667.5,1.23,5495.84,5487.0,5449.87,5993.95,1.28,71.67,29.44,69.07,healthcare,pharmaceuticals - indian - bulk drugs & formln,32.96,3.99,0.35,-0.07,-0.02,5432.36,5323.5,3.33,2026-07-08
2026-07-08T06:42:49.231,MARUTI,14538.0,0.57,14125.72,14070.0,13970.06,15389.91,1.06,31.23,31.14,68.48,auto,automobiles - passenger cars,24.95,4.07,-9.6,-0.21,-0.14,13918.71,13514.25,2.52,2026-07-08
2026-07-08T06:42:49.231,BAJFINANCE,1042.5,1.3,1003.52,993.4,1011.17,1089.5,0.96,29.65,34.06,74.76,financials,finance & investments,34.08,3.1,2.15,-0.03,-0.06,993.14,966.51,2.38,2026-07-08
2026-07-08T06:42:49.231,CEATLTD,3915.0,2.92,3729.0,3459.6,3636.83,4332.25,2.42,16.19,22.65,73.93,auto,tyres,20.59,7.65,-1.68,-0.07,0.01,3662.86,3526.96,2.18,2026-07-08
2026-07-08T06:42:49.231,PIDILITIND,1622.3,0.33,1574.27,1578.0,1605.13,1648.05,0.6,71.28,52.9,72.06,chemicals,chemicals,40.79,1.07,9.74,0.01,0.02,1568.83,1533.13,1.85,2026-07-08
2026-07-08T06:42:49.231,ETERNAL,289.4,2.12,277.88,265.3,269.86,318.71,1.31,380.79,723.5,74.12,i.t,miscellaneous,26.21,7.24,-2.69,-0.06,-0.18,273.89,263.87,1.82,2026-07-08
2026-07-08T06:42:49.231,PNBHOUSING,1109.7,1.83,1054.19,1038.2,1036.25,1219.87,2.24,11.02,12.61,71.61,financials,finance - housing,23.97,7.09,26.42,0.02,0.28,1049.64,1009.5,1.46,2026-07-08
2026-07-08T06:42:49.231,BALRAMCHIN,571.65,0.11,550.37,541.55,541.88,616.3,0.43,18.09,30.5,61.14,fmcg,sugar,26.0,5.49,28.82,0.2,0.19,538.01,514.77,0.74,2026-07-08
2026-07-08T06:42:49.231,UNITDSPR,1439.4,0.85,1394.64,1350.7,1372.2,1540.2,0.75,47.41,55.64,71.21,fmcg,breweries & distilleries,21.14,4.9,1.34,-0.04,0.02,1378.03,1333.6,0.47,2026-07-08
2026-07-08T06:42:49.231,MSUMI,41.31,0.66,39.31,40.11,39.65,43.8,0.75,41.31,40.11,61.12,auto,auto ancillaries,27.2,4.18,-8.67,-0.24,-0.13,38.88,37.25,0.07,2026-07-08
2026-07-08T06:42:49.231,360ONE,1150.1,1.48,1103.87,1060.6,1087.89,1243.41,1.88,40.38,38.13,62.31,financials,finance & investments,13.77,5.72,0.17,-0.12,-0.05,1088.17,1045.63,-0.12,2026-07-08
2026-07-08T06:42:49.231,INDHOTEL,745.95,1.06,723.73,711.2,729.05,771.29,1.59,44.3,50.95,70.97,services,hotels,23.92,2.32,1.63,-0.08,-0.02,717.23,702.53,-0.25,2026-07-08
2026-07-08T06:42:49.231,GRAVITA,1787.4,0.91,1709.12,1612.6,1678.06,1951.41,1.17,35.41,34.36,65.57,metals & mining,mining / minerals / metals,20.47,6.52,-0.06,-0.12,0.1,1661.38,1574.96,-0.3,2026-07-08
2026-07-08T06:42:49.231,SUNDARMFIN,4784.0,3.97,4510.25,4485.1,4567.74,5108.39,1.28,23.79,25.61,66.52,financials,finance & investments,21.09,4.73,2.0,-0.17,0.03,4512.14,4334.44,-0.82,2026-07-08
2026-07-08T06:42:49.231,MRF,138650.0,2.22,132927.2,127480.0,130536.97,150819.54,1.84,20.93,24.3,69.2,auto,tyres,22.5,6.22,-8.81,-0.15,-0.14,131875.05,127133.84,-0.94,2026-07-08
2026-07-08T06:42:49.231,BHARTIARTL,1925.8,0.01,1878.66,1845.6,1875.7,2000.94,0.65,38.42,41.91,63.2,telecom-service,telecommunications - service provider,17.4,2.67,-7.67,-0.16,-0.08,1858.86,1839.35,-1.02,2026-07-08
2026-07-08T06:42:49.231,HINDUNILVR,2208.8,0.31,2149.83,2120.2,2163.44,2276.84,1.32,43.38,34.51,54.92,fmcg,personal care - multinational,16.31,2.1,-9.76,-0.13,-0.18,2131.14,2083.49,-1.34,2026-07-08
2026-07-08T06:42:49.231,BPCL,313.95,1.88,301.6,301.15,307.17,324.12,0.7,5.96,5.19,57.56,energy,refineries,15.18,2.21,-12.28,-0.24,-0.1,299.02,289.73,-1.35,2026-07-08
2026-07-08T06:42:49.231,EIHOTEL,336.95,0.76,323.11,320.55,327.38,351.31,1.6,22.17,33.53,67.56,services,hotels,25.91,2.92,-10.83,-0.16,-0.15,320.37,309.08,-1.61,2026-07-08
2026-07-08T06:42:49.231,HINDPETRO,405.95,1.4,393.18,390.7,395.63,421.43,0.81,3.56,4.79,57.15,energy,refineries,17.1,2.61,-9.76,-0.25,-0.13,387.69,375.14,-1.69,2026-07-08
2026-07-08T06:42:49.231,LICI,435.4,1.47,420.13,428.05,433.84,437.74,0.76,2.93,4.79,60.41,financials,finance & investments,27.61,0.36,0.46,-0.07,-0.05,417.95,407.41,-1.74,2026-07-08
2026-07-08T06:42:49.231,DABUR,453.5,0.83,437.81,422.65,428.68,490.74,0.65,54.51,42.42,63.46,fmcg,personal care - indian,15.59,5.79,-10.28,-0.2,-0.14,433.58,421.14,-1.76,2026-07-08
2026-07-08T06:42:49.231,BAJAJFINSV,1885.3,0.78,1834.36,1741.5,1803.13,2008.55,0.79,29.64,30.66,66.16,financials,finance & investments,25.1,4.56,-7.82,-0.15,-0.13,1797.18,1744.79,-1.8,2026-07-08
2026-07-08T06:42:49.231,BALKRISIND,2255.0,2.0,2159.92,2153.0,2189.63,2353.05,0.72,36.39,35.07,56.95,auto,tyres,11.64,2.99,-6.35,-0.12,-0.04,2134.53,2065.18,-1.85,2026-07-08
2026-07-08T06:42:49.231,RAMCOCEM,936.95,-0.16,910.22,923.05,918.75,964.25,0.26,36.71,31.7,59.48,building materials,cement - south india,25.09,1.98,-8.76,-0.18,-0.12,890.11,867.62,-2.58,2026-07-08
2026-07-08T06:42:49.231,SHREECEM,26710.0,0.3,26019.0,25525.0,25779.35,28105.97,0.31,45.83,55.27,65.69,building materials,cement - north india,26.8,3.61,1.56,-0.09,-0.13,25644.25,24984.94,-3.03,2026-07-08
2026-07-08T06:42:49.231,COROMANDEL,2074.4,0.92,1999.98,1940.0,2020.65,2155.03,0.58,109.18,31.24,62.2,chemicals,fertilizers,19.41,2.66,-10.48,-0.16,-0.07,1955.36,1871.08,-3.17,2026-07-08
2026-07-08T06:42:49.231,HOMEFIRST,1209.7,1.56,1161.5,1142.1,1177.03,1258.7,0.65,21.07,23.12,61.88,financials,finance - housing,25.24,2.78,10.91,0.01,-0.04,1123.17,1063.47,-3.32,2026-07-08
2026-07-08T06:42:49.231,RITES,235.43,8.92,221.77,206.0,213.56,268.23,20.88,21.8,27.6,65.33,miscellaneous,miscellaneous,27.14,10.24,1.73,-0.12,-0.08,209.68,199.52,-3.33,2026-07-08
2026-07-08T06:42:49.231,MPHASIS,2374.6,2.92,2267.33,2121.1,2189.85,2651.73,2.07,22.21,24.28,60.57,i.t,computers - software - large,16.63,8.44,-16.99,-0.22,-0.15,2219.74,2132.0,-3.54,2026-07-08
2026-07-08T06:42:49.231,CHOLAHLDNG,1699.3,0.86,1651.3,1652.7,1654.83,1766.01,0.39,11.61,13.07,66.55,financials,finance & investments,24.93,2.69,-9.67,-0.16,-0.12,1613.6,1559.93,-3.81,2026-07-08
2026-07-08T06:42:49.231,COFORGE,1516.2,2.31,1452.26,1362.2,1443.57,1625.15,0.83,20.79,32.7,60.12,i.t,computers - software - large,14.71,5.03,-20.71,-0.15,-0.16,1412.49,1341.42,-4.08,2026-07-08
2026-07-08T06:42:49.231,ITCHOTELS,186.79,1.63,179.89,176.5,179.58,197.61,1.54,30.72,47.53,74.37,services,hotels,42.77,4.02,-9.63,-0.13,-0.17,176.39,169.78,-4.1,2026-07-08
2026-07-08T06:42:49.231,PGEL,578.6,1.44,558.26,533.6,564.0,600.5,1.61,63.72,83.73,67.26,consumer discretionary,electronics - components,29.05,2.59,1.22,-0.12,-0.05,543.78,533.56,-4.18,2026-07-08
2026-07-08T06:42:49.231,ECLERX,1501.5,0.21,1452.36,1328.2,1353.99,1722.76,0.48,18.34,11.51,57.75,i.t,computers - software - medium / small,15.55,10.89,-38.85,-0.41,-0.29,1374.69,1295.38,-4.25,2026-07-08
2026-07-08T06:42:49.231,JMFINANCIL,131.15,-0.76,126.91,122.9,125.59,139.49,0.53,18.95,10.43,57.07,financials,finance & investments,13.65,4.43,-11.4,-0.19,-0.26,123.52,118.38,-4.37,2026-07-08
2026-07-08T06:42:49.231,LODHA,1102.55,0.61,1064.48,954.3,983.15,1281.65,0.96,27.32,32.11,78.0,realty,construction,30.99,12.14,-0.09,-0.07,-0.1,1032.75,985.46,-4.41,2026-07-08
2026-07-08T06:42:49.231,DALBHARAT,1788.8,0.91,1725.68,1685.1,1703.25,1917.13,0.64,21.61,29.46,59.7,building materials,cement - south india,19.52,5.02,-9.78,-0.23,-0.23,1704.3,1646.13,-4.7,2026-07-08
2026-07-08T06:42:49.231,CDSL,1360.0,0.1,1315.85,1305.7,1348.35,1377.48,0.55,88.54,62.3,64.53,financials,miscellaneous,26.6,0.86,-12.25,-0.15,-0.18,1306.2,1269.35,-4.84,2026-07-08
2026-07-08T06:42:49.231,NAUKRI,1159.45,13.1,1008.42,974.6,992.37,1410.08,6.59,33.2,51.78,75.4,i.t,miscellaneous,15.81,16.84,-15.76,-0.22,-0.16,1057.98,989.58,-5.15,2026-07-08
2026-07-08T06:42:49.231,JIOFIN,243.07,1.28,234.66,236.5,238.02,250.64,1.67,141.32,98.81,56.64,financials,finance & investments,11.76,2.12,-18.94,-0.26,-0.24,235.22,231.51,-5.8,2026-07-08
2026-07-08T06:42:49.231,BLUEJET,579.15,3.06,544.88,513.1,541.68,635.35,3.28,39.03,40.5,71.72,healthcare,pharmaceuticals - indian - bulk drugs & formln,47.3,6.92,1.76,0.0,-0.14,528.06,496.9,-6.73,2026-07-08
2026-07-08T06:42:49.231,JYOTICNC,777.6,0.91,733.48,745.75,781.19,772.22,0.8,48.84,52.65,64.43,industrials,engineering,36.55,-0.46,-19.04,-0.28,-0.19,715.77,689.65,-6.77,2026-07-08
2026-07-08T06:42:49.231,INTELLECT,779.95,1.38,737.99,720.3,737.87,843.07,0.89,22.46,31.21,59.57,i.t,computers - software - medium / small,16.44,5.7,-28.89,-0.25,-0.22,716.94,683.73,-7.33,2026-07-08
2026-07-08T06:42:49.231,JUBLFOOD,454.95,3.81,421.55,415.65,417.52,511.09,2.9,94.0,70.43,64.44,consumer discretionary,hotels,18.08,8.96,-22.74,-0.24,-0.26,424.55,404.2,-8.33,2026-07-08
2026-07-08T06:42:49.231,MAPMYINDIA,955.75,0.92,917.77,813.5,859.26,1100.48,0.81,25.75,38.99,63.71,i.t,computers - software - medium / small,21.74,11.23,-44.32,-0.48,-0.5,866.47,819.92,-10.98,2026-07-08
2026-07-08T06:42:49.231,URBANCO,138.52,3.51,130.35,127.45,131.6,148.91,1.04,-32.06,-88.23,64.03,i.t,miscellaneous,26.51,5.26,6.91,-0.04,-0.12,129.08,122.68,NaN,2026-07-08
2026-07-08T06:42:49.231,PWL,148.78,10.13,130.86,122.4,129.62,177.51,5.09,-143.06,-2125.43,77.37,services,miscellaneous,38.12,14.78,10.38,0.05,NaN,131.96,123.23,NaN,2026-07-08
2026-07-08T06:42:49.231,MEESHO,190.41,0.25,184.25,183.6,183.56,200.68,0.25,-132.23,-60.45,58.81,i.t,miscellaneous,25.13,3.73,NaN,-0.02,NaN,174.57,165.28,NaN,2026-07-08
2026-07-07T23:44:47.966,CUB,227.97,1.46,218.81,206.71,258.91,181.56,0.02,11.78,12.57,91.34,bank,banks - private sector,71.32,-11.95,8248.18,71.66,99.61,209.28,199.12,2718.39,2026-07-07
2026-07-07T23:44:47.966,ATHERENERG,1140.6,1.35,1100.34,1116.2,1068.55,1248.68,0.81,-108.84,-80.67,68.31,auto,automobiles - scooters and 3 - wheelers,47.53,6.74,67.27,0.42,0.59,1050.32,1000.6,53.64,2026-07-07
2026-07-07T23:44:47.966,HFCL,226.04,0.49,212.71,201.49,213.04,245.54,0.54,46.7,105.61,71.03,telecom,cables - telephone,47.64,6.1,229.65,2.07,1.9,203.45,189.97,43.26,2026-07-07
2026-07-07T23:44:47.966,ADANIENSOL,1651.0,1.74,1583.68,1470.0,1503.02,1872.97,1.15,72.54,85.41,71.05,power & utilities,power generation and supply,23.73,9.85,70.35,0.44,0.72,1535.54,1461.85,21.61,2026-07-07
2026-07-07T23:44:47.966,GRANULES,863.55,1.09,832.02,804.5,797.06,963.29,1.46,26.23,34.95,74.45,healthcare,pharmaceuticals - indian - bulk drugs & formln,29.29,8.34,52.09,0.29,0.47,810.96,787.06,17.92,2026-07-07
2026-07-07T23:44:47.966,FEDERALBNK,331.55,0.38,320.17,325.5,330.27,333.46,0.31,15.24,18.69,69.8,bank,banks - private sector,37.9,0.39,28.65,0.14,0.51,319.28,310.53,15.0,2026-07-07
2026-07-07T23:44:47.966,RBLBANK,375.1,1.76,358.09,354.7,366.61,387.84,1.1,23.68,25.7,59.61,bank,banks - private sector,21.16,2.32,23.33,0.08,0.21,354.0,339.43,13.1,2026-07-07
2026-07-07T23:44:47.966,SONACOMS,671.2,0.55,646.8,615.4,630.53,732.2,0.91,54.3,64.74,76.18,auto,auto ancillaries,32.52,6.45,36.61,0.27,0.4,635.71,611.89,11.04,2026-07-07
2026-07-07T23:44:47.966,TORNTPHARM,4856.7,0.71,4722.13,4574.3,4600.11,5241.59,1.15,105.49,75.34,74.17,healthcare,pharmaceuticals - indian - formulations,29.5,5.58,30.53,0.15,0.31,4667.53,4547.86,10.81,2026-07-07
2026-07-07T23:44:47.966,EMCURE,1843.5,0.46,1784.09,1798.5,1822.04,1875.7,0.48,35.89,37.63,60.43,healthcare,pharmaceuticals - indian - bulk drugs & formln,35.33,1.18,32.39,0.19,0.32,1743.29,1684.53,10.43,2026-07-07
2026-07-07T23:44:47.966,GLAND,2550.0,3.52,2414.03,2425.0,2359.16,2836.27,1.52,28.64,39.5,73.37,healthcare,pharmaceuticals - indian - formulations,43.56,8.09,43.99,0.37,0.27,2386.16,2276.19,10.42,2026-07-07
2026-07-07T23:44:47.966,STARHEALTH,589.75,1.44,570.85,572.3,584.68,597.35,0.59,78.01,61.39,70.34,financials,finance & investments,45.43,0.87,25.24,0.18,0.13,557.96,537.77,9.79,2026-07-07
2026-07-07T23:44:47.966,JBCHEPHARM,2422.0,1.34,2342.2,2267.1,2287.23,2624.15,2.71,95.35,52.81,79.24,healthcare,pharmaceuticals - indian - bulk drugs & formln,35.09,5.89,37.37,0.21,0.38,2326.76,2262.13,9.04,2026-07-07
2026-07-07T23:44:47.966,GMRAIRPORT,114.98,1.35,111.19,110.4,112.11,119.29,1.06,99.12,667.35,71.13,miscellaneous,miscellaneous,30.09,2.56,9.49,0.0,0.23,109.73,106.44,8.59,2026-07-07
2026-07-07T23:44:47.966,IPCALAB,1793.1,0.6,1732.15,1681.7,1665.27,1984.84,0.48,33.68,38.33,76.3,healthcare,pharmaceuticals - indian - bulk drugs & formln,33.04,7.68,24.24,0.18,0.35,1688.83,1617.52,8.46,2026-07-07
2026-07-07T23:44:47.966,AUBANK,1066.9,0.52,1040.86,1031.0,1047.93,1095.36,0.52,23.96,29.99,62.67,bank,banks - private sector,29.25,1.81,12.54,-0.02,0.3,1016.13,986.06,8.25,2026-07-07
2026-07-07T23:44:47.966,PAYTM,1246.0,2.28,1183.84,1150.5,1154.22,1383.67,1.26,108.54,141.0,71.62,i.t,miscellaneous,19.55,7.95,-6.87,-0.14,-0.06,1174.55,1125.96,7.58,2026-07-07
2026-07-07T23:44:47.966,EICHERMOT,7536.0,0.86,7331.87,7053.5,7365.0,7792.5,1.02,34.0,37.16,57.28,auto,automobiles - motorcycles / mopeds,14.21,2.32,6.43,-0.05,0.03,7182.27,6983.97,6.99,2026-07-07
2026-07-07T23:44:47.966,TITAN,4604.2,2.67,4414.9,4383.1,4406.96,4900.05,2.92,86.68,78.41,68.91,consumer discretionary,diamond cutting / jewellery,17.77,4.48,20.61,0.05,0.21,4401.97,4302.0,6.82,2026-07-07
2026-07-07T23:44:47.966,NUVAMA,1917.1,2.55,1822.9,1764.9,1821.9,2059.9,0.74,32.41,10.82,78.17,financials,finance & investments,46.72,5.23,35.46,0.2,0.32,1790.69,1706.58,5.88,2026-07-07
2026-07-07T23:44:47.966,WELSPUNLIV,170.43,0.46,165.38,159.9,167.26,175.19,0.49,39.45,74.41,68.22,textiles,textiles - products,31.84,1.9,22.08,0.19,0.35,159.26,151.66,5.87,2026-07-07
2026-07-07T23:44:47.966,INDUSINDBK,1022.25,1.23,984.21,927.05,937.06,1150.04,2.33,33.49,88.5,72.25,bank,banks - private sector,26.44,9.09,20.78,0.04,0.32,963.03,934.36,5.85,2026-07-07
2026-07-07T23:44:47.966,3MINDIA,35260.0,0.14,34275.5,33040.0,33558.41,37812.38,0.56,46.11,75.94,70.93,miscellaneous,diversified - large,19.27,5.07,1.44,-0.1,0.15,33504.49,32427.86,5.51,2026-07-07
2026-07-07T23:44:47.966,NESTLEIND,1471.8,-0.13,1433.45,1407.9,1408.95,1566.07,0.86,63.77,68.51,63.72,fmcg,food - processing - mnc,20.68,4.46,18.52,0.06,0.1,1414.82,1383.18,5.21,2026-07-07
2026-07-07T23:44:47.966,M&MFIN,332.2,0.12,317.52,312.0,314.1,359.36,0.94,12.3,15.95,65.29,financials,finance & investments,23.35,5.76,-6.47,-0.24,0.07,307.41,291.06,5.02,2026-07-07
2026-07-07T23:44:47.966,IKS,1890.5,0.71,1795.36,1670.1,1746.63,2106.31,1.03,38.39,43.5,75.09,i.t,computers - software - medium / small,39.66,8.24,13.37,0.03,0.21,1768.55,1685.38,4.68,2026-07-07
2026-07-07T23:44:47.966,ZYDUSLIFE,1153.0,0.44,1121.51,1095.1,1102.27,1229.1,0.87,22.79,22.91,69.15,healthcare,pharmaceuticals - indian - bulk drugs & formln,41.5,4.6,23.42,0.16,0.13,1102.89,1081.11,4.55,2026-07-07
2026-07-07T23:44:47.966,AEGISVOPAK,294.32,5.13,262.39,230.41,248.53,363.01,7.53,118.68,131.44,82.59,transportation,miscellaneous,32.71,18.43,9.27,0.09,0.02,259.57,238.69,4.32,2026-07-07
2026-07-07T23:44:47.966,MARICO,847.65,1.14,820.85,835.0,827.83,877.38,1.05,69.71,61.49,60.83,fmcg,solvent extraction,32.29,2.39,19.28,0.03,0.11,812.28,788.5,4.18,2026-07-07
2026-07-07T23:44:47.966,JKTYRE,413.9,1.09,402.78,392.55,400.47,434.04,1.42,16.56,14.81,58.75,auto,tyres,20.65,3.35,-10.76,-0.26,0.03,388.0,379.27,3.7,2026-07-07
2026-07-07T23:44:47.966,SUNPHARMA,1903.4,-0.49,1860.63,1860.2,1869.4,1954.39,0.57,42.11,40.02,67.08,healthcare,pharmaceuticals - indian - bulk drugs & formln,30.54,1.82,5.37,0.02,0.1,1846.06,1824.55,3.48,2026-07-07
2026-07-07T23:44:47.966,ALKEM,5667.5,1.23,5495.84,5487.0,5449.87,5993.95,1.28,71.67,29.08,69.07,healthcare,pharmaceuticals - indian - bulk drugs & formln,32.96,3.99,0.35,-0.07,-0.02,5432.36,5323.5,3.33,2026-07-07
2026-07-07T23:44:47.966,MARUTI,14538.0,0.57,14125.72,14070.0,13970.06,15389.91,1.06,31.23,30.96,68.48,auto,automobiles - passenger cars,24.95,4.07,-9.6,-0.21,-0.14,13918.71,13514.25,2.52,2026-07-07
2026-07-07T23:44:47.966,BAJFINANCE,1042.5,1.3,1003.52,993.4,1011.17,1089.5,0.96,29.65,33.62,74.76,financials,finance & investments,34.08,3.1,2.15,-0.03,-0.06,993.14,966.51,2.38,2026-07-07
2026-07-07T23:44:47.966,CEATLTD,3915.0,2.92,3729.0,3459.6,3636.83,4332.25,2.42,16.19,22.01,73.93,auto,tyres,20.59,7.65,-1.68,-0.07,0.01,3662.86,3526.96,2.18,2026-07-07
2026-07-07T23:44:47.966,PIDILITIND,1622.3,0.33,1574.27,1578.0,1605.13,1648.05,0.6,71.28,52.72,72.06,chemicals,chemicals,40.79,1.07,9.74,0.01,0.02,1568.83,1533.13,1.85,2026-07-07
2026-07-07T23:44:47.966,ETERNAL,289.4,2.12,277.88,265.3,269.86,318.71,1.31,380.79,708.5,74.12,i.t,miscellaneous,26.21,7.24,-2.69,-0.06,-0.18,273.89,263.87,1.82,2026-07-07
2026-07-07T23:44:47.966,PNBHOUSING,1109.7,1.83,1054.19,1038.2,1036.25,1219.87,2.24,11.02,12.38,71.61,financials,finance - housing,23.97,7.09,26.42,0.02,0.28,1049.64,1009.5,1.46,2026-07-07
2026-07-07T23:44:47.966,BALRAMCHIN,571.65,0.11,550.37,541.55,541.88,616.3,0.43,18.09,30.47,61.14,fmcg,sugar,26.0,5.49,28.82,0.2,0.19,538.01,514.77,0.74,2026-07-07
2026-07-07T23:44:47.966,UNITDSPR,1439.4,0.85,1394.64,1350.7,1372.2,1540.2,0.75,47.41,55.17,71.21,fmcg,breweries & distilleries,21.14,4.9,1.34,-0.04,0.02,1378.03,1333.6,0.47,2026-07-07
2026-07-07T23:44:47.966,MSUMI,41.31,0.66,39.31,40.11,39.65,43.8,0.75,41.31,39.84,61.12,auto,auto ancillaries,27.2,4.18,-8.67,-0.24,-0.13,38.88,37.25,0.07,2026-07-07
2026-07-07T23:44:47.966,360ONE,1150.1,1.48,1103.87,1060.6,1087.89,1243.41,1.88,40.38,37.58,62.31,financials,finance & investments,13.77,5.72,0.17,-0.12,-0.05,1088.17,1045.63,-0.12,2026-07-07
2026-07-07T23:44:47.966,INDHOTEL,745.95,1.06,723.73,711.2,729.05,771.29,1.59,44.3,50.42,70.97,services,hotels,23.92,2.32,1.63,-0.08,-0.02,717.23,702.53,-0.25,2026-07-07
2026-07-07T23:44:47.966,GRAVITA,1787.4,0.91,1709.12,1612.6,1678.06,1951.41,1.17,35.41,34.05,65.57,metals & mining,mining / minerals / metals,20.47,6.52,-0.06,-0.12,0.1,1661.38,1574.96,-0.3,2026-07-07
2026-07-07T23:44:47.966,SUNDARMFIN,4784.0,3.97,4510.25,4485.1,4567.74,5108.39,1.28,23.79,24.63,66.52,financials,finance & investments,21.09,4.73,2.0,-0.17,0.03,4512.14,4334.44,-0.82,2026-07-07
2026-07-07T23:44:47.966,MRF,138650.0,2.22,132927.2,127480.0,130536.97,150819.54,1.84,20.93,23.77,69.2,auto,tyres,22.5,6.22,-8.81,-0.15,-0.14,131875.05,127133.84,-0.94,2026-07-07
2026-07-07T23:44:47.966,BHARTIARTL,1925.8,0.01,1878.66,1845.6,1875.7,2000.94,0.65,38.42,41.91,63.2,telecom-service,telecommunications - service provider,17.4,2.67,-7.67,-0.16,-0.08,1858.86,1839.35,-1.02,2026-07-07
2026-07-07T23:44:47.966,HINDUNILVR,2208.8,0.31,2149.83,2120.2,2163.44,2276.84,1.32,43.38,34.4,54.92,fmcg,personal care - multinational,16.31,2.1,-9.76,-0.13,-0.18,2131.14,2083.49,-1.34,2026-07-07
2026-07-07T23:44:47.966,BPCL,313.95,1.88,301.6,301.15,307.17,324.12,0.7,5.96,5.1,57.56,energy,refineries,15.18,2.21,-12.28,-0.24,-0.1,299.02,289.73,-1.35,2026-07-07
2026-07-07T23:44:47.966,EIHOTEL,336.95,0.76,323.11,320.55,327.38,351.31,1.6,22.17,33.27,67.56,services,hotels,25.91,2.92,-10.83,-0.16,-0.15,320.37,309.08,-1.61,2026-07-07
2026-07-07T23:44:47.966,HINDPETRO,405.95,1.4,393.18,390.7,395.63,421.43,0.81,3.56,4.72,57.15,energy,refineries,17.1,2.61,-9.76,-0.25,-0.13,387.69,375.14,-1.69,2026-07-07
2026-07-07T23:44:47.966,LICI,435.4,1.47,420.13,428.05,433.84,437.74,0.76,2.93,4.72,60.41,financials,finance & investments,27.61,0.36,0.46,-0.07,-0.05,417.95,407.41,-1.74,2026-07-07
2026-07-07T23:44:47.966,DABUR,453.5,0.83,437.81,422.65,428.68,490.74,0.65,54.51,42.07,63.46,fmcg,personal care - indian,15.59,5.79,-10.28,-0.2,-0.14,433.58,421.14,-1.76,2026-07-07
2026-07-07T23:44:47.966,BAJAJFINSV,1885.3,0.78,1834.36,1741.5,1803.13,2008.55,0.79,29.64,30.42,66.16,financials,finance & investments,25.1,4.56,-7.82,-0.15,-0.13,1797.18,1744.79,-1.8,2026-07-07
2026-07-07T23:44:47.966,BALKRISIND,2255.0,2.0,2159.92,2153.0,2189.63,2353.05,0.72,36.39,34.38,56.95,auto,tyres,11.64,2.99,-6.35,-0.12,-0.04,2134.53,2065.18,-1.85,2026-07-07
2026-07-07T23:44:47.966,RAMCOCEM,936.95,-0.16,910.22,923.05,918.75,964.25,0.26,36.71,31.75,59.48,building materials,cement - south india,25.09,1.98,-8.76,-0.18,-0.12,890.11,867.62,-2.58,2026-07-07
2026-07-07T23:44:47.966,SHREECEM,26710.0,0.3,26019.0,25525.0,25779.35,28105.97,0.31,45.83,55.11,65.69,building materials,cement - north india,26.8,3.61,1.56,-0.09,-0.13,25644.25,24984.94,-3.03,2026-07-07
2026-07-07T23:44:47.966,COROMANDEL,2074.4,0.92,1999.98,1940.0,2020.65,2155.03,0.58,109.18,30.95,62.2,chemicals,fertilizers,19.41,2.66,-10.48,-0.16,-0.07,1955.36,1871.08,-3.17,2026-07-07
2026-07-07T23:44:47.966,HOMEFIRST,1209.7,1.56,1161.5,1142.1,1177.03,1258.7,0.65,21.07,22.77,61.88,financials,finance - housing,25.24,2.78,10.91,0.01,-0.04,1123.17,1063.47,-3.32,2026-07-07
2026-07-07T23:44:47.966,RITES,235.43,8.92,221.77,206.0,213.56,268.23,20.88,21.8,25.34,65.33,miscellaneous,miscellaneous,27.14,10.24,1.73,-0.12,-0.08,209.68,199.52,-3.33,2026-07-07
2026-07-07T23:44:47.966,MPHASIS,2374.6,2.92,2267.33,2121.1,2189.85,2651.73,2.07,22.21,23.59,60.57,i.t,computers - software - large,16.63,8.44,-16.99,-0.22,-0.15,2219.74,2132.0,-3.54,2026-07-07
2026-07-07T23:44:47.966,CHOLAHLDNG,1699.3,0.86,1651.3,1652.7,1654.83,1766.01,0.39,11.61,12.96,66.55,financials,finance & investments,24.93,2.69,-9.67,-0.16,-0.12,1613.6,1559.93,-3.81,2026-07-07
2026-07-07T23:44:47.966,COFORGE,1516.2,2.31,1452.26,1362.2,1443.57,1625.15,0.83,20.79,31.97,60.12,i.t,computers - software - large,14.71,5.03,-20.71,-0.15,-0.16,1412.49,1341.42,-4.08,2026-07-07
2026-07-07T23:44:47.966,ITCHOTELS,186.79,1.63,179.89,176.5,179.58,197.61,1.54,30.72,46.77,74.37,services,hotels,42.77,4.02,-9.63,-0.13,-0.17,176.39,169.78,-4.1,2026-07-07
2026-07-07T23:44:47.966,PGEL,578.6,1.44,558.26,533.6,564.0,600.5,1.61,63.72,82.55,67.26,consumer discretionary,electronics - components,29.05,2.59,1.22,-0.12,-0.05,543.78,533.56,-4.18,2026-07-07
2026-07-07T23:44:47.966,ECLERX,1501.5,0.21,1452.36,1328.2,1353.99,1722.76,0.48,18.34,11.49,57.75,i.t,computers - software - medium / small,15.55,10.89,-38.85,-0.41,-0.29,1374.69,1295.38,-4.25,2026-07-07
2026-07-07T23:44:47.966,JMFINANCIL,131.15,-0.76,126.91,122.9,125.59,139.49,0.53,18.95,10.51,57.07,financials,finance & investments,13.65,4.43,-11.4,-0.19,-0.26,123.52,118.38,-4.37,2026-07-07
2026-07-07T23:44:47.966,LODHA,1102.55,0.61,1064.48,954.3,983.15,1281.65,0.96,27.32,31.91,78.0,realty,construction,30.99,12.14,-0.09,-0.07,-0.1,1032.75,985.46,-4.41,2026-07-07
2026-07-07T23:44:47.966,DALBHARAT,1788.8,0.91,1725.68,1685.1,1703.25,1917.13,0.64,21.61,29.19,59.7,building materials,cement - south india,19.52,5.02,-9.78,-0.23,-0.23,1704.3,1646.13,-4.7,2026-07-07
2026-07-07T23:44:47.966,CDSL,1360.0,0.1,1315.85,1305.7,1348.35,1377.48,0.55,88.54,62.24,64.53,financials,miscellaneous,26.6,0.86,-12.25,-0.15,-0.18,1306.2,1269.35,-4.84,2026-07-07
2026-07-07T23:44:47.966,NAUKRI,1159.45,13.1,1008.42,974.6,992.37,1410.08,6.59,33.2,45.79,75.4,i.t,miscellaneous,15.81,16.84,-15.76,-0.22,-0.16,1057.98,989.58,-5.15,2026-07-07
2026-07-07T23:44:47.966,JIOFIN,243.07,1.28,234.66,236.5,238.02,250.64,1.67,141.32,97.56,56.64,financials,finance & investments,11.76,2.12,-18.94,-0.26,-0.24,235.22,231.51,-5.8,2026-07-07
2026-07-07T23:44:47.966,BLUEJET,579.15,3.06,544.88,513.1,541.68,635.35,3.28,39.03,39.3,71.72,healthcare,pharmaceuticals - indian - bulk drugs & formln,47.3,6.92,1.76,0.0,-0.14,528.06,496.9,-6.73,2026-07-07
2026-07-07T23:44:47.966,JYOTICNC,777.6,0.91,733.48,745.75,781.19,772.22,0.8,48.84,52.17,64.43,industrials,engineering,36.55,-0.46,-19.04,-0.28,-0.19,715.77,689.65,-6.77,2026-07-07
2026-07-07T23:44:47.966,INTELLECT,779.95,1.38,737.99,720.3,737.87,843.07,0.89,22.46,30.79,59.57,i.t,computers - software - medium / small,16.44,5.7,-28.89,-0.25,-0.22,716.94,683.73,-7.33,2026-07-07
2026-07-07T23:44:47.966,JUBLFOOD,454.95,3.81,421.55,415.65,417.52,511.09,2.9,94.0,67.84,64.44,consumer discretionary,hotels,18.08,8.96,-22.74,-0.24,-0.26,424.55,404.2,-8.33,2026-07-07
2026-07-07T23:44:47.966,MAPMYINDIA,955.75,0.92,917.77,813.5,859.26,1100.48,0.81,25.75,38.64,63.71,i.t,computers - software - medium / small,21.74,11.23,-44.32,-0.48,-0.5,866.47,819.92,-10.98,2026-07-07
2026-07-07T23:44:47.966,TRAVELFOOD,1339.3,0.73,1297.62,1304.0,1332.95,1348.83,0.24,36.51,39.7,58.98,consumer discretionary,hotels,21.12,0.48,1.98,0.05,-0.05,1263.59,1217.51,NaN,2026-07-07
2026-07-07T23:44:47.966,URBANCO,138.52,3.51,130.35,127.45,131.6,148.91,1.04,-32.06,-85.24,64.03,i.t,miscellaneous,26.51,5.26,6.91,-0.04,-0.12,129.08,122.68,NaN,2026-07-07
2026-07-07T23:44:47.966,PWL,148.78,10.13,130.86,122.4,129.62,177.51,5.09,-143.06,-1930.0,77.37,services,miscellaneous,38.12,14.78,10.38,0.05,NaN,131.96,123.23,NaN,2026-07-07
2026-06-04T21:15:41.947,ACUTAAS,3164.7,0.93,3053.29,2902.0,3041.05,3350.17,0.44,49.17,72.07,69.11,healthcare,pharmaceuticals - indian - bulk drugs,44.85,4.07,83.17,0.67,1.1,2910.73,2743.55,39.34,2026-06-04
2026-06-04T21:15:41.947,NETWEB,4934.2,4.86,4571.7,4050.2,4126.86,6145.22,1.61,99.24,129.62,74.08,i.t,computers - hardware,27.89,19.56,22.22,0.41,0.68,4343.56,3931.39,34.54,2026-06-04
2026-06-04T21:15:41.947,KIRLOSENG,1949.9,3.2,1831.91,1821.9,1775.13,2212.06,1.12,44.68,47.81,69.54,industrials,engines,26.29,9.85,95.01,0.61,1.02,1768.43,1664.12,30.87,2026-06-04
2026-06-04T21:15:41.947,LAURUSLABS,1427.2,2.36,1356.32,1356.4,1406.37,1458.45,0.94,69.01,84.66,79.31,healthcare,pharmaceuticals - indian - bulk drugs & formln,50.92,1.48,49.7,0.29,0.54,1362.09,1319.76,29.76,2026-06-04
2026-06-04T21:15:41.947,SYRMA,1221.6,2.2,1165.61,1049.1,1067.06,1453.41,0.84,57.73,70.94,78.3,consumer discretionary,electronics - components,41.36,14.48,50.14,0.42,0.44,1125.42,1065.69,28.54,2026-06-04
2026-06-04T21:15:41.947,IDEA,14.93,0.54,14.58,13.81,14.62,15.4,1.22,0.78,4.68,85.12,telecom-service,telecommunications - service provider,58.33,2.14,80.18,0.36,0.82,13.92,13.41,27.34,2026-06-04
2026-06-04T21:15:41.947,POWERINDIA,36525.0,3.79,34799.8,34820.0,35802.86,37608.21,1.5,123.16,158.78,61.29,industrials,electric equipment,32.93,2.02,105.45,0.48,0.77,33057.43,31291.75,23.93,2026-06-04
2026-06-04T21:15:41.947,CUMMINSIND,5787.5,1.67,5549.25,5607.0,5574.94,6106.34,0.72,61.75,66.81,63.57,industrials,engines,25.29,3.81,33.24,0.18,0.36,5382.45,5158.66,21.22,2026-06-04
2026-06-04T21:15:41.947,ADANIENSOL,1520.0,1.8,1453.24,1445.0,1428.13,1657.8,0.74,66.78,78.58,66.88,power & utilities,power generation and supply,24.32,6.43,54.15,0.43,0.76,1390.65,1300.44,19.28,2026-06-04
2026-06-04T21:15:41.947,APARINDS,13709.0,1.26,13159.44,12511.0,12753.14,15142.79,1.25,54.32,55.66,65.12,industrials,electric equipment,34.46,7.5,58.1,0.42,0.54,12435.62,11596.58,18.42,2026-06-04
2026-06-04T21:15:41.947,RRKABEL,2223.0,3.11,2073.78,1961.4,2043.99,2491.52,1.68,37.42,49.53,77.19,industrials,cables - power,44.81,8.76,57.44,0.46,0.72,2008.92,1864.96,18.15,2026-06-04
2026-06-04T21:15:41.947,CHENNPETRO,1190.6,0.07,1153.17,1045.0,1033.51,1426.23,0.45,3.12,5.71,71.9,energy,refineries,19.96,15.2,21.65,0.18,0.53,1095.74,1045.9,16.78,2026-06-04
2026-06-04T21:15:41.947,RBLBANK,353.75,1.59,338.44,333.0,336.35,379.86,0.93,22.33,24.28,63.28,bank,banks - private sector,19.9,5.17,8.58,0.08,0.28,331.64,317.3,15.77,2026-06-04
2026-06-04T21:15:41.947,USHAMART,519.8,4.39,481.57,485.25,482.97,575.04,2.04,26.79,32.55,69.25,metals & mining,steel - medium / small,23.14,7.62,11.83,0.12,0.23,477.39,453.28,14.95,2026-06-04
2026-06-04T21:15:41.947,BHARATFORG,1937.5,0.05,1892.87,1870.5,1889.05,2010.18,0.99,99.67,85.76,55.71,industrials,castings & forgings,12.84,2.56,46.27,0.26,0.48,1833.49,1806.48,14.21,2026-06-04
2026-06-04T21:15:41.947,POLYCAB,9717.5,1.53,9341.85,9320.5,9582.08,9920.63,0.56,46.56,53.66,74.69,industrials,cables - power,38.01,1.41,26.14,0.22,0.27,9282.89,9013.93,13.87,2026-06-04
2026-06-04T21:15:41.947,CRAFTSMAN,9174.0,3.1,8666.63,8589.0,8774.14,9773.8,0.64,44.23,50.63,68.13,auto,auto ancillaries,46.18,4.56,37.34,0.22,0.31,8389.78,7927.62,13.68,2026-06-04
2026-06-04T21:15:41.947,CEMPRO,1127.3,9.99,996.37,992.3,983.63,1342.8,0.87,19.99,29.44,74.01,realty,construction,43.81,14.61,39.25,0.22,0.32,995.96,897.46,13.66,2026-06-04
2026-06-04T21:15:41.947,SAILIFE,1159.3,1.9,1100.64,1109.2,1131.71,1200.68,0.62,58.79,68.49,60.33,healthcare,pharmaceuticals - indian - bulk drugs & formln,15.43,2.44,26.36,0.22,0.27,1069.8,1008.37,13.5,2026-06-04
2026-06-04T21:15:41.947,SAMMAANCAP,183.12,2.92,172.48,172.2,168.14,205.58,1.01,-0.46,-2.04,77.1,financials,finance - housing,33.21,8.91,-2.65,0.12,0.3,167.98,158.95,12.31,2026-06-04
2026-06-04T21:15:41.947,KEI,5296.0,1.42,5082.28,5067.5,5207.84,5428.24,0.46,44.52,54.34,59.65,industrials,cables - power,16.05,1.69,31.35,0.17,0.23,4954.75,4777.31,10.82,2026-06-04
2026-06-04T21:15:41.947,THERMAX,4875.9,1.91,4659.9,4650.0,4689.7,5155.2,1.02,56.23,74.82,65.26,industrials,electric equipment,56.27,3.97,51.51,0.54,0.42,4412.06,4191.18,10.66,2026-06-04
2026-06-04T21:15:41.947,VIJAYA,1359.4,6.25,1243.72,1224.5,1273.92,1487.62,3.21,72.93,76.02,64.16,healthcare,healthcare,49.99,6.71,37.53,0.24,0.25,1207.88,1114.83,10.49,2026-06-04
2026-06-04T21:15:41.947,AIAENG,4596.5,1.66,4430.09,4376.5,4259.25,5102.38,1.19,27.26,33.22,77.27,industrials,castings & forgings,27.08,7.92,41.45,0.1,0.43,4298.36,4142.26,9.4,2026-06-04
2026-06-04T21:15:41.947,CGPOWER,937.9,3.45,888.62,883.05,884.66,1017.76,2.19,101.07,117.59,68.37,industrials,electric equipment,29.76,6.02,27.42,0.31,0.14,872.34,836.26,9.26,2026-06-04
2026-06-04T21:15:41.947,HSCL,642.0,6.64,589.96,580.9,583.79,729.32,2.08,40.33,39.92,67.75,chemicals,chemicals,23.81,9.97,33.18,0.36,0.34,582.45,541.79,9.06,2026-06-04
2026-06-04T21:15:41.947,HONASA,417.05,3.72,392.29,396.1,394.58,450.76,0.91,48.95,65.38,73.0,services,trading,46.3,5.69,46.78,0.34,0.32,383.64,360.77,9.02,2026-06-04
2026-06-04T21:15:41.947,ACMESOLAR,345.85,5.11,318.6,295.9,297.67,418.12,1.78,37.59,39.93,75.29,realty,engineering - turnkey services,33.21,16.19,23.07,0.43,0.08,310.01,284.88,8.62,2026-06-04
2026-06-04T21:15:41.947,VTL,631.6,1.85,600.64,570.25,591.67,691.49,0.75,24.33,23.68,61.77,textiles,textiles - cotton/blended,16.12,6.75,44.95,0.35,0.4,583.0,552.5,8.1,2026-06-04
2026-06-04T21:15:41.947,IFCI,81.98,1.94,76.57,66.61,66.78,104.77,5.94,409.9,120.03,80.87,financials,finance - term-lending institutions,35.26,22.75,43.14,0.48,0.41,72.37,66.62,6.22,2026-06-04
2026-06-04T21:15:41.947,JINDALSAW,260.0,3.64,246.96,235.01,228.62,307.07,3.33,29.68,16.42,68.88,industrials,steel - large,21.02,13.73,48.5,0.46,0.2,236.21,225.86,6.18,2026-06-04
2026-06-04T21:15:41.947,ELGIEQUIP,622.15,3.48,585.26,567.3,563.68,709.85,2.92,38.31,44.11,74.46,industrials,compressors / drilling equipment,30.49,10.37,25.13,0.13,0.29,567.84,534.86,6.06,2026-06-04
2026-06-04T21:15:41.947,CGCL,202.53,0.58,194.56,190.06,189.26,222.44,1.47,17.22,19.94,67.51,financials,finance & investments,27.57,7.01,0.0,-0.02,0.04,188.39,183.65,5.93,2026-06-04
2026-06-04T21:15:41.947,IIFL,530.3,6.32,485.1,459.7,468.29,623.32,2.12,9.61,12.77,71.51,financials,finance & investments,17.1,13.24,-0.75,-0.16,0.15,484.49,454.74,5.83,2026-06-04
2026-06-04T21:15:41.947,COALINDIA,481.65,1.98,463.39,455.9,455.17,521.36,0.93,6.85,9.36,65.32,metals & mining,mining / minerals / metals,12.13,5.82,23.93,0.17,0.18,451.48,431.65,5.62,2026-06-04
2026-06-04T21:15:41.947,ADANIENT,2972.8,1.61,2859.74,2865.2,2933.63,3031.56,0.59,-434.62,37.28,73.18,services,trading,53.26,1.34,19.83,0.22,0.2,2800.75,2681.92,5.24,2026-06-04
2026-06-04T21:15:41.947,MINDACORP,645.3,3.02,613.73,610.8,594.96,720.81,3.14,30.5,40.91,77.47,auto,auto ancillaries,29.45,8.46,14.55,-0.01,0.2,590.98,567.93,5.19,2026-06-04
2026-06-04T21:15:41.947,TRITURBINE,693.4,3.67,648.02,661.25,698.34,685.99,0.37,54.0,60.8,62.16,industrials,electric equipment,47.0,-0.71,29.7,0.22,0.24,611.46,562.61,5.01,2026-06-04
2026-06-04T21:15:41.947,OFSS,10098.0,1.01,9579.5,9775.0,9859.35,10455.97,0.83,26.1,32.94,62.97,i.t,computers - software - large,41.27,2.42,18.59,0.15,0.07,9308.89,8828.05,4.79,2026-06-04
2026-06-04T21:15:41.947,TATACOMM,1985.9,2.7,1880.62,1895.1,1946.59,2044.87,1.35,53.73,55.01,70.47,telecom-service,telecommunications - service provider,39.98,2.02,5.92,-0.01,0.12,1810.14,1701.22,4.71,2026-06-04
2026-06-04T21:15:41.947,GRASIM,3103.5,0.06,3024.08,3060.0,3129.1,3065.09,0.9,26.87,42.36,65.49,textiles,textiles - manmade,23.74,-0.82,7.33,0.05,0.06,2979.9,2922.5,4.65,2026-06-04
2026-06-04T21:15:41.947,JSWENERGY,590.05,1.7,561.2,571.3,560.13,634.92,0.59,69.58,45.22,62.3,power & utilities,power generation and supply,20.34,5.34,11.94,0.12,0.06,547.79,520.39,4.6,2026-06-04
2026-06-04T21:15:41.947,ANGELONE,337.7,0.88,327.32,327.6,332.98,344.79,0.63,23.98,4.84,60.17,financials,finance & investments,24.44,1.42,35.71,0.11,0.46,313.77,301.67,4.45,2026-06-04
2026-06-04T21:15:41.947,ZYDUSLIFE,1084.6,0.74,1041.84,1048.9,1082.03,1088.45,0.69,21.43,21.49,70.26,healthcare,pharmaceuticals - indian - bulk drugs & formln,49.87,0.24,11.39,0.06,0.01,1020.07,985.07,4.0,2026-06-04
2026-06-04T21:15:41.947,SONACOMS,601.15,-0.38,585.5,590.8,591.78,615.21,0.66,48.64,58.53,55.46,auto,auto ancillaries,23.04,1.58,27.29,0.09,0.34,566.51,551.74,3.77,2026-06-04
2026-06-04T21:15:41.947,SHYAMMETL,1002.0,2.25,959.71,957.0,961.41,1062.88,1.63,22.37,25.71,71.14,metals & mining,steel - large,34.14,4.22,14.24,0.14,0.05,946.98,917.72,3.51,2026-06-04
2026-06-04T21:15:41.947,NUVAMA,1566.6,0.55,1514.59,1522.2,1525.24,1628.64,0.44,26.48,9.02,64.37,financials,finance & investments,27.38,2.71,10.5,-0.01,0.19,1475.59,1415.53,3.4,2026-06-04
2026-06-04T21:15:41.947,ANANTRAJ,589.35,7.55,531.16,504.0,504.03,717.33,4.29,35.25,34.23,70.89,realty,construction,17.4,16.93,-8.54,-0.02,-0.04,536.66,500.74,3.28,2026-06-04
2026-06-04T21:15:41.947,TEGA,1872.2,2.81,1772.23,1522.2,1645.83,2211.76,0.95,82.4,88.53,72.77,industrials,engineering,26.99,13.75,-3.4,-0.11,-0.13,1686.43,1568.9,3.2,2026-06-04
2026-06-04T21:15:41.947,ATGL,744.05,3.69,704.23,700.0,697.43,813.98,1.16,121.58,120.4,62.87,energy,miscellaneous,39.39,6.68,17.89,0.14,0.19,640.39,572.09,3.12,2026-06-04
2026-06-04T21:15:41.947,KPIL,1291.2,0.26,1260.28,1240.1,1257.45,1341.82,1.19,12.7,21.15,57.53,realty,transmisson line towers / equipment,32.98,2.68,2.79,0.0,-0.03,1199.37,1174.29,3.09,2026-06-04
2026-06-04T21:15:41.947,YESBANK,22.77,-0.7,22.22,22.2,22.62,23.0,0.61,16.74,20.66,62.38,bank,banks - private sector,26.2,0.67,4.4,-0.08,0.05,21.52,20.83,2.4,2026-06-04
2026-06-04T21:15:41.947,IDFCFIRSTB,72.16,0.53,69.58,69.53,69.36,76.35,0.73,47.47,37.98,65.19,bank,banks - private sector,16.85,4.03,-11.01,-0.19,-0.03,68.5,66.37,1.34,2026-06-04
2026-06-04T21:15:41.947,ONESOURCE,1837.9,1.51,1769.1,1771.6,1798.77,1896.59,0.44,1148.69,-281.13,59.58,healthcare,pharmaceuticals - indian - bulk drugs & formln,32.66,2.18,-0.86,0.04,-0.04,1691.94,1639.57,1.15,2026-06-04
2026-06-04T21:15:41.947,EXIDEIND,403.4,1.12,390.68,384.55,369.83,453.75,1.27,39.86,39.7,70.46,auto,auto ancillaries,29.4,9.08,5.76,-0.02,-0.07,374.53,359.28,1.07,2026-06-04
2026-06-04T21:15:41.947,TIINDIA,3098.4,0.92,2981.75,2990.3,3004.49,3239.26,0.57,175.25,93.26,58.13,industrials,steel - large,20.97,3.13,2.51,0.02,-0.12,2871.19,2762.38,0.76,2026-06-04
2026-06-04T21:15:41.947,TATATECH,748.35,2.37,705.6,701.0,710.14,805.67,0.93,37.19,54.31,76.14,i.t,computers - software - medium / small,50.14,5.38,8.23,0.02,0.02,693.52,655.69,0.34,2026-06-04
2026-06-04T21:15:41.947,JBMA,692.8,3.52,673.16,616.15,627.91,790.14,5.47,55.16,72.27,66.32,auto,auto ancillaries,21.59,10.33,4.21,0.04,-0.07,626.93,603.32,-0.16,2026-06-04
2026-06-04T21:15:41.947,KPRMILL,1103.2,1.6,1036.99,930.55,958.61,1320.09,2.56,41.47,42.83,78.33,consumer discretionary,textiles - products,30.63,15.08,3.18,-0.01,-0.02,998.79,940.28,-0.19,2026-06-04
2026-06-04T21:15:41.947,DEEPAKFERT,1420.6,0.97,1371.9,1344.2,1406.94,1441.09,0.36,32.17,24.09,63.11,chemicals,chemicals,29.95,0.97,-4.76,-0.01,-0.04,1307.96,1252.89,-0.26,2026-06-04
2026-06-04T21:15:41.947,PIDILITIND,1471.1,0.13,1428.06,1430.0,1467.35,1476.73,0.61,64.64,47.9,57.56,chemicals,chemicals,19.03,0.26,1.87,-0.08,-0.08,1414.18,1378.99,-0.61,2026-06-04
2026-06-04T21:15:41.947,ZENTEC,1809.8,7.21,1657.18,1582.3,1590.87,2138.19,6.53,128.9,78.44,69.64,aerospace & defence,miscellaneous,13.88,13.76,33.38,0.2,0.19,1631.86,1573.6,-0.88,2026-06-04
2026-06-04T21:15:41.947,TITAGARH,864.0,1.25,830.84,790.0,790.2,974.71,0.79,54.41,67.83,64.32,industrials,engineering,20.92,9.34,-2.26,-0.02,-0.11,793.55,754.21,-0.97,2026-06-04
2026-06-04T21:15:41.947,SRF,2726.6,0.3,2639.83,2651.2,2683.11,2791.83,0.49,34.72,43.91,57.01,chemicals,chemicals,13.31,1.62,-6.93,-0.12,-0.11,2602.47,2521.78,-1.37,2026-06-04
2026-06-04T21:15:41.947,REDINGTON,247.06,1.99,234.33,221.01,224.41,281.04,1.01,12.33,12.71,71.13,services,trading,18.84,10.1,-2.36,-0.19,-0.18,228.53,218.45,-1.4,2026-06-04
2026-06-04T21:15:41.947,TMPV,399.7,0.39,383.18,377.3,381.08,427.63,1.05,6.36,-663.58,68.42,auto,automobiles - passenger cars,32.08,4.89,-2.44,0.02,-0.1,373.08,354.61,-1.57,2026-06-04
2026-06-04T21:15:41.947,NBCC,104.08,1.8,100.05,99.06,97.37,114.14,1.23,29.24,38.44,65.81,miscellaneous,miscellaneous,21.41,6.89,-11.07,-0.17,-0.08,95.83,91.06,-1.92,2026-06-04
2026-06-04T21:15:41.947,ITI,301.8,1.43,289.0,289.0,286.69,324.46,0.29,19.35,123.46,59.52,aerospace & defence,telecommunications - equipment,24.06,5.27,-6.78,-0.09,-0.1,281.11,272.8,-2.06,2026-06-04
2026-06-04T21:15:41.947,CASTROLIND,183.72,0.16,179.76,182.1,181.64,186.83,0.44,18.75,18.81,52.66,chemicals,chemicals,11.81,1.14,-5.64,-0.12,-0.13,179.6,178.28,-2.59,2026-06-04
2026-06-04T21:15:41.947,TEJASNET,601.95,5.74,552.72,486.75,501.01,753.35,6.03,-12.65,-11.08,77.96,telecom,telecommunications - equipment,31.67,20.15,12.93,0.06,-0.06,527.16,498.57,-3.22,2026-06-04
2026-06-04T21:15:41.947,COFORGE,1436.5,1.1,1363.18,1391.0,1425.77,1452.6,0.53,19.7,30.65,58.31,i.t,computers - software - large,22.3,0.75,-19.18,-0.31,-0.22,1303.12,1209.69,-3.87,2026-06-04
2026-06-04T21:15:41.947,ZEEL,104.42,10.5,91.64,90.6,86.23,131.71,3.4,-24.17,33.39,70.36,media,entertainment / electronic media software,26.71,21.1,3.98,-0.02,-0.13,91.47,84.84,-4.08,2026-06-04
2026-06-04T21:15:41.947,INDIGO,4508.8,-0.07,4371.49,4381.2,4346.91,4751.64,0.37,-17.18,-72.92,54.85,transportation,transport - airlines,13.0,3.72,-19.84,-0.27,-0.24,4244.91,4075.19,-4.32,2026-06-04
2026-06-04T21:15:41.947,WIPRO,204.32,0.11,198.06,202.0,200.17,210.54,1.48,15.29,16.2,54.87,i.t,computers - software - large,20.7,2.07,-14.96,-0.25,-0.22,194.03,187.09,-4.38,2026-06-04
2026-06-04T21:15:41.947,CONCORDBIO,1238.2,3.05,1166.59,1022.2,1088.72,1462.41,1.02,36.59,48.49,63.58,healthcare,pharmaceuticals - indian - bulk drugs & formln,15.77,13.73,-14.2,-0.21,-0.26,1089.48,984.64,-6.07,2026-06-04
2026-06-04T21:15:41.947,NAUKRI,1008.85,0.28,972.5,980.5,950.9,1095.78,0.38,28.89,44.93,57.19,i.t,miscellaneous,20.78,6.09,-26.77,-0.33,-0.28,934.04,891.42,-7.24,2026-06-04
2026-06-04T21:15:41.947,TTML,44.18,1.35,42.56,41.81,41.45,48.27,0.62,3.72,-39.63,60.59,telecom-service,telecommunications - service provider,32.98,6.58,-18.32,-0.22,-0.27,41.31,39.82,-9.14,2026-06-04
2026-06-04T21:15:41.947,CPPLUS,3537.6,5.0,3181.18,2821.1,2816.79,4618.82,1.65,61.54,106.02,90.69,consumer discretionary,trading,42.77,25.59,169.25,1.11,1.4,3127.0,2819.05,NaN,2026-06-04
2026-06-04T21:15:41.947,ENRIN,3700.9,0.39,3616.2,3591.3,3583.27,3877.34,1.01,87.95,100.21,63.55,power & utilities,power generation and supply,38.8,3.28,16.2,0.07,0.03,3348.63,3202.42,NaN,2026-06-04
2026-06-04T21:15:41.947,LENSKART,513.05,-0.6,500.29,510.5,497.16,536.88,0.83,109.63,156.41,52.75,fmcg,personal care - indian,15.58,3.2,NaN,0.11,NaN,482.73,465.05,NaN,2026-06-04
2026-05-13T15:36:31.486,ATHERENERG,953.0,3.11,895.87,894.2,927.57,991.14,1.03,-90.94,-66.25,61.68,auto,automobiles - scooters and 3 - wheelers,41.11,2.74,52.72,0.33,1.21,852.1,782.22,47.63,2026-05-13
2026-05-13T15:36:31.486,HINDCOPPER,595.85,5.61,565.46,556.0,553.28,659.71,1.86,91.95,82.49,65.02,metals & mining,mining / minerals / metals,17.93,7.7,63.71,0.53,1.44,548.55,517.23,42.64,2026-05-13
2026-05-13T15:36:31.486,ACUTAAS,2834.0,3.35,2688.24,2640.0,2669.24,3081.14,0.66,44.03,63.02,69.9,healthcare,pharmaceuticals - indian - bulk drugs,30.5,6.17,99.41,0.49,0.92,2621.99,2478.88,34.62,2026-05-13
2026-05-13T15:36:31.486,VEDL,323.75,6.13,302.62,294.2,295.41,366.25,1.42,4.72,6.85,69.51,metals & mining,mining / minerals / metals,29.53,9.59,85.06,0.57,0.92,295.03,275.23,28.05,2026-05-13
2026-05-13T15:36:31.486,SCHNEIDER,1288.0,1.8,1192.66,1217.0,1319.88,1240.19,0.75,79.31,123.43,64.39,industrials,electric equipment,44.14,-2.42,55.87,0.45,0.45,1126.69,1037.71,26.99,2026-05-13
2026-05-13T15:36:31.486,HFCL,153.0,3.53,143.08,137.65,140.27,172.09,1.5,31.61,69.38,86.01,telecom,cables - telephone,64.29,9.07,108.14,0.8,0.99,134.88,122.98,24.74,2026-05-13
2026-05-13T15:36:31.486,LAURUSLABS,1281.0,1.03,1221.67,1183.7,1189.98,1417.52,1.54,61.94,76.99,76.85,healthcare,pharmaceuticals - indian - bulk drugs & formln,30.48,7.65,48.09,0.2,0.42,1202.27,1154.73,24.25,2026-05-13
2026-05-13T15:36:31.486,SCI,332.35,2.15,320.07,311.05,327.3,339.93,0.88,9.56,11.2,67.46,transportation,shipping,38.23,1.54,50.66,0.17,0.5,291.03,270.6,22.08,2026-05-13
2026-05-13T15:36:31.486,DATAPATTNS,4204.0,3.48,3956.55,4015.1,4233.55,4159.67,0.65,100.86,92.04,65.45,aerospace & defence,electronics - components,33.51,-0.7,48.85,0.41,0.59,3842.28,3593.69,21.85,2026-05-13
2026-05-13T15:36:31.486,IDEA,12.76,7.32,11.8,11.01,11.15,15.18,2.58,-6.51,-4.5,80.54,telecom-service,telecommunications - service provider,37.44,14.45,44.3,0.15,0.67,11.4,10.58,20.69,2026-05-13
2026-05-13T15:36:31.486,BHEL,405.0,3.38,384.65,383.45,398.53,414.7,1.23,27.29,85.16,77.14,industrials,electric equipment,52.1,1.62,69.44,0.31,0.81,371.6,349.29,19.29,2026-05-13
2026-05-13T15:36:31.486,WELCORP,1351.0,2.4,1288.9,1276.1,1339.82,1367.77,0.94,19.67,17.87,84.09,industrials,steel - large,61.71,0.83,58.69,0.35,0.47,1262.77,1205.6,18.23,2026-05-13
2026-05-13T15:36:31.486,GABRIEL,1100.0,0.12,1070.16,1080.0,1090.25,1114.63,0.82,72.18,63.11,65.87,auto,auto ancillaries,32.4,0.89,-14.73,-0.2,-0.06,1015.43,983.8,18.05,2026-05-13
2026-05-13T15:36:31.486,BSE,3892.0,1.04,3770.26,3832.3,3878.52,3912.21,0.74,50.28,63.55,72.28,financials,miscellaneous,40.13,0.35,67.03,0.36,0.64,3677.68,3542.94,17.94,2026-05-13
2026-05-13T15:36:31.486,BHARATFORG,1952.0,2.04,1873.56,1856.1,1920.51,1999.23,0.82,100.41,84.72,59.69,industrials,castings & forgings,22.41,1.64,61.44,0.28,0.66,1797.58,1716.66,17.31,2026-05-13
2026-05-13T15:36:31.486,HINDALCO,1075.0,3.23,1026.06,1022.1,1056.28,1103.08,0.85,29.12,14.38,63.33,metals & mining,aluminium and aluminium products,27.78,1.77,38.88,0.25,0.45,1017.53,981.82,16.38,2026-05-13
2026-05-13T15:36:31.486,CEMPRO,890.7,-0.25,865.34,883.0,908.88,863.42,0.26,15.79,25.65,67.05,realty,construction,48.12,-2.0,10.27,0.01,0.13,789.88,741.97,14.79,2026-05-13
2026-05-13T15:36:31.486,GRAPHITE,752.5,4.95,702.66,712.05,731.84,783.48,1.18,53.75,42.55,62.13,industrials,electrodes - graphites,20.5,2.82,27.63,0.22,0.38,690.76,647.86,14.7,2026-05-13
2026-05-13T15:36:31.486,RRKABEL,1958.0,0.99,1885.03,1806.3,1837.19,2139.22,0.94,32.96,44.54,80.02,industrials,cables - power,33.97,6.58,56.0,0.33,0.56,1782.81,1676.22,14.29,2026-05-13
2026-05-13T15:36:31.486,HINDZINC,667.2,3.94,646.75,626.3,630.55,722.18,1.88,14.01,19.61,70.51,metals & mining,mining / minerals / metals,20.57,5.81,30.26,0.26,0.48,623.9,601.03,14.27,2026-05-13
2026-05-13T15:36:31.486,NAM-INDIA,1061.9,2.29,1013.52,1029.0,1071.61,1047.34,1.45,43.95,43.18,58.43,financials,finance & investments,28.63,-0.91,23.9,0.12,0.22,983.43,934.38,13.9,2026-05-13
2026-05-13T15:36:31.486,IFCI,64.86,6.21,60.14,60.8,61.12,70.47,2.96,324.3,91.15,62.93,financials,finance - term-lending institutions,22.8,6.12,13.84,0.11,0.17,58.57,55.25,12.55,2026-05-13
2026-05-13T15:36:31.486,USHAMART,476.45,4.06,450.9,455.1,464.38,494.55,2.21,24.56,29.92,60.85,metals & mining,steel - medium / small,21.46,2.6,-1.04,-0.07,0.19,434.99,415.44,12.43,2026-05-13
2026-05-13T15:36:31.486,SAILIFE,1096.0,1.13,1044.09,1065.4,1086.09,1110.86,0.79,57.44,68.08,61.86,healthcare,pharmaceuticals - indian - bulk drugs & formln,27.15,0.91,28.77,0.13,0.17,1018.68,973.59,12.2,2026-05-13
2026-05-13T15:36:31.486,TATASTEEL,219.9,3.73,208.81,211.5,213.88,228.92,1.46,25.45,28.8,64.67,metals & mining,steel - large,18.95,2.81,24.94,0.12,0.33,209.85,203.33,11.86,2026-05-13
2026-05-13T15:36:31.486,ZYDUSWELL,515.0,1.65,496.37,501.1,499.65,538.02,0.09,-103.0,11.46,61.16,fmcg,food - processing - indian,43.16,3.07,13.67,0.04,0.26,474.77,447.54,11.68,2026-05-13
2026-05-13T15:36:31.486,ADANIGREEN,1364.7,4.33,1265.57,1291.4,1365.24,1363.88,1.17,146.43,135.54,71.08,power & utilities,power generation and supply,43.56,-0.04,29.86,0.2,0.37,1236.0,1163.47,11.63,2026-05-13
2026-05-13T15:36:31.486,ANURAS,1373.9,1.06,1333.0,1329.0,1349.6,1410.35,2.37,79.69,88.28,64.72,chemicals,chemicals,24.05,1.8,25.02,0.18,0.18,1295.87,1259.44,11.5,2026-05-13
2026-05-13T15:36:31.486,HSCL,612.9,0.86,569.18,580.8,627.01,591.74,1.89,38.5,40.3,67.99,chemicals,chemicals,48.33,-2.25,35.56,0.23,0.27,539.0,501.72,10.36,2026-05-13
2026-05-13T15:36:31.486,LLOYDSME,1756.0,3.06,1662.67,1696.2,1793.21,1700.19,1.03,16.4,24.41,67.76,metals & mining,mining / minerals / metals,50.09,-2.07,30.07,0.23,0.27,1623.96,1542.33,9.83,2026-05-13
2026-05-13T15:36:31.486,THERMAX,4547.9,1.45,4396.28,4088.4,4321.15,4888.03,1.5,52.44,70.1,69.07,industrials,electric equipment,51.14,5.25,42.92,0.32,0.34,4065.66,3886.08,9.68,2026-05-13
2026-05-13T15:36:31.486,RADICO,3445.2,0.48,3353.56,3327.3,3493.08,3373.37,0.9,64.23,75.92,65.82,fmcg,breweries & distilleries,44.36,-1.37,15.33,-0.03,0.14,3231.04,3123.53,9.24,2026-05-13
2026-05-13T15:36:31.486,CGPOWER,848.5,1.78,809.48,826.0,853.58,840.88,0.73,91.43,108.13,62.66,industrials,electric equipment,27.47,-0.6,11.56,0.07,0.21,789.87,747.4,9.18,2026-05-13
2026-05-13T15:36:31.486,ASTERDM,735.75,0.74,713.44,721.05,728.78,746.21,0.54,67.62,96.86,61.7,healthcare,healthcare,25.46,0.96,5.45,0.0,0.18,689.7,673.81,8.7,2026-05-13
2026-05-13T15:36:31.486,FORTIS,957.0,0.62,926.3,945.2,962.63,948.56,0.65,93.09,74.78,61.73,healthcare,healthcare,25.48,-0.59,-10.38,-0.11,0.01,903.64,878.61,8.47,2026-05-13
2026-05-13T15:36:31.486,MANAPPURAM,310.95,6.05,291.06,292.05,308.23,315.03,1.29,16.3,25.0,62.36,financials,finance & investments,27.96,0.88,5.78,0.04,0.12,286.76,269.16,7.79,2026-05-13
2026-05-13T15:36:31.486,JSWSTEEL,1276.7,1.95,1229.9,1246.2,1275.19,1278.97,1.2,36.44,41.03,58.15,metals & mining,steel - large,17.81,0.12,8.68,-0.01,0.17,1223.9,1190.0,7.35,2026-05-13
2026-05-13T15:36:31.486,ADANIPORTS,1737.2,2.9,1654.24,1683.2,1747.13,1722.31,0.88,30.06,29.0,64.93,transportation,miscellaneous,28.02,-0.57,24.51,0.09,0.25,1617.56,1542.93,7.17,2026-05-13
2026-05-13T15:36:31.486,AUROPHARMA,1499.9,0.79,1453.93,1469.3,1455.05,1567.17,1.15,23.93,24.79,72.28,healthcare,pharmaceuticals - indian - bulk drugs & formln,25.23,3.08,33.93,0.18,0.36,1432.36,1391.61,6.9,2026-05-13
2026-05-13T15:36:31.486,VIJAYA,1292.8,1.06,1236.76,1184.2,1233.29,1382.07,0.69,69.36,76.01,76.84,healthcare,healthcare,49.53,4.83,31.79,0.17,0.22,1177.92,1096.77,6.77,2026-05-13
2026-05-13T15:36:31.486,ONGC,297.35,0.97,288.22,277.65,285.24,315.52,1.04,9.34,9.77,60.36,energy,oil drilling / allied services,26.46,4.25,22.19,0.1,0.21,280.47,270.66,6.16,2026-05-13
2026-05-13T15:36:31.486,OIL,505.0,2.86,481.18,450.5,461.99,569.51,1.5,17.18,13.7,62.7,energy,oil drilling / allied services,20.5,9.31,21.06,0.07,0.19,467.56,445.92,5.67,2026-05-13
2026-05-13T15:36:31.486,FINCABLES,1071.0,-0.23,1041.74,1048.0,1082.43,1053.85,0.49,24.95,24.11,64.24,industrials,cables - power,38.78,-1.06,33.02,0.26,0.23,962.99,903.64,5.26,2026-05-13
2026-05-13T15:36:31.486,YESBANK,22.12,0.27,21.48,21.92,21.63,22.85,0.93,16.26,19.87,65.81,bank,banks - private sector,35.34,2.25,0.0,-0.1,0.09,20.56,19.82,4.89,2026-05-13
2026-05-13T15:36:31.486,SONACOMS,590.0,1.01,566.44,568.5,586.47,595.29,1.26,47.73,56.65,57.75,auto,auto ancillaries,25.09,0.6,37.49,0.11,0.26,548.01,524.06,4.63,2026-05-13
2026-05-13T15:36:31.486,KIMS,778.0,3.72,728.38,700.3,700.75,893.87,1.35,146.24,100.01,70.63,healthcare,healthcare,30.07,11.02,12.75,0.07,-0.01,707.53,664.52,4.49,2026-05-13
2026-05-13T15:36:31.486,BIOCON,416.15,3.4,394.79,371.75,374.2,479.08,2.72,131.69,144.25,76.42,healthcare,pharmaceuticals - indian - bulk drugs & formln,25.23,11.21,18.16,-0.01,0.12,386.52,368.4,4.48,2026-05-13
2026-05-13T15:36:31.486,MOTILALOFS,844.4,0.32,818.3,835.0,852.32,832.52,0.51,-57.21,27.01,58.9,financials,finance & investments,27.85,-0.93,-13.77,-0.21,-0.12,786.15,758.46,4.36,2026-05-13
2026-05-13T15:36:31.486,SOLARINDS,15750.0,1.06,15234.1,15486.0,15927.57,15483.64,0.46,79.85,97.12,59.97,aerospace & defence,chemicals,35.81,-1.11,10.61,0.05,0.04,14814.53,14351.93,4.28,2026-05-13
2026-05-13T15:36:31.486,APOLLOHOSP,8040.0,0.22,7821.38,7744.0,7863.65,8304.53,0.76,57.53,64.01,64.62,healthcare,healthcare,17.49,2.24,4.48,-0.01,-0.01,7763.07,7627.37,3.5,2026-05-13
2026-05-13T15:36:31.486,IKS,1687.5,2.0,1626.02,1640.4,1656.82,1733.53,0.27,38.49,41.65,64.2,i.t,computers - software - medium / small,40.08,1.85,10.47,-0.06,0.02,1550.71,1470.62,3.49,2026-05-13
2026-05-13T15:36:31.486,MARICO,835.4,0.65,808.7,812.85,813.32,868.53,0.86,68.7,60.9,69.69,fmcg,solvent extraction,30.24,2.72,16.76,0.08,0.12,796.59,769.28,3.48,2026-05-13
2026-05-13T15:36:31.486,360ONE,1084.9,0.63,1048.6,1070.0,1078.47,1094.55,0.48,38.09,35.75,55.16,financials,finance & investments,16.19,0.6,0.09,-0.07,-0.04,1020.81,987.85,3.4,2026-05-13
2026-05-13T15:36:31.486,ASIANPAINT,2615.0,4.37,2502.92,2500.0,2525.08,2749.88,2.62,59.11,62.45,64.64,building materials,paints / varnishes,28.19,3.56,11.94,-0.09,0.01,2460.22,2371.54,2.7,2026-05-13
2026-05-13T15:36:31.486,LALPATHLAB,1588.5,0.1,1536.64,1545.0,1542.18,1657.98,0.64,50.52,33.62,62.04,healthcare,healthcare,36.42,3.0,2.91,-0.05,-0.09,1442.23,1357.42,2.43,2026-05-13
2026-05-13T15:36:31.486,DIVISLAB,6820.0,2.65,6510.14,6636.0,6690.93,7013.61,1.72,77.57,71.16,73.47,healthcare,pharmaceuticals - indian - bulk drugs,38.57,1.93,11.22,-0.04,0.06,6543.47,6386.07,2.42,2026-05-13
2026-05-13T15:36:31.486,GRASIM,2948.9,1.58,2851.8,2893.7,2896.43,3027.61,1.3,48.25,43.61,64.48,textiles,textiles - manmade,23.28,1.81,4.95,-0.02,0.01,2811.5,2728.84,2.16,2026-05-13
2026-05-13T15:36:31.486,CARBORUNIV,1030.0,2.12,980.0,987.8,1007.5,1063.76,0.68,64.05,77.77,68.81,industrials,abrasives and grinding wheels,45.78,2.23,12.69,0.06,0.07,957.29,922.76,2.15,2026-05-13
2026-05-13T15:36:31.486,OLECTRA,1286.0,1.26,1237.74,1255.6,1286.13,1285.81,0.42,56.9,72.9,58.69,auto,automobiles - lcvs / hcvs,37.92,-0.01,-16.16,-0.16,-0.22,1158.33,1083.48,2.08,2026-05-13
2026-05-13T15:36:31.486,JUBLPHARMA,995.0,0.7,952.12,951.45,969.12,1033.82,0.66,70.67,36.18,69.37,healthcare,pharmaceuticals - indian - bulk drugs,25.98,2.67,-9.38,-0.18,-0.11,933.09,898.06,1.93,2026-05-13
2026-05-13T15:36:31.486,ADANIENT,2503.0,4.07,2353.08,2400.1,2525.26,2469.61,0.87,-365.94,30.65,66.4,services,trading,42.07,-0.88,-1.53,-0.03,0.05,2331.14,2229.25,1.61,2026-05-13
2026-05-13T15:36:31.486,ATUL,6990.0,2.02,6724.76,6804.0,6942.68,7060.98,1.09,24.48,29.76,60.63,chemicals,chemicals,36.61,0.68,16.73,0.12,0.04,6608.05,6401.58,0.83,2026-05-13
2026-05-13T15:36:31.486,HAL,4624.7,1.14,4445.97,4536.7,4665.12,4564.08,0.74,41.43,34.37,63.27,aerospace & defence,engineering,31.56,-0.87,-4.56,-0.12,0.0,4360.31,4229.32,0.82,2026-05-13
2026-05-13T15:36:31.486,JBMA,665.0,1.21,645.04,616.0,634.58,710.64,0.31,52.95,70.96,62.87,auto,auto ancillaries,32.99,4.79,1.99,-0.03,0.01,602.5,563.63,0.28,2026-05-13
2026-05-13T15:36:31.486,BALRAMCHIN,547.5,2.5,520.92,511.95,524.16,582.52,2.03,24.36,24.07,66.56,fmcg,sugar,18.69,4.45,14.18,0.11,-0.1,509.74,495.82,-0.3,2026-05-13
2026-05-13T15:36:31.486,LICHSGFIN,586.5,3.32,554.48,565.6,571.71,608.69,1.7,5.77,5.69,63.81,financials,finance - housing,27.61,2.59,4.64,-0.06,0.01,548.6,521.52,-0.42,2026-05-13
2026-05-13T15:36:31.486,MEDANTA,1205.0,1.0,1141.99,1165.3,1187.96,1230.55,2.05,85.1,62.4,62.46,healthcare,healthcare,36.11,1.43,-12.3,-0.05,-0.17,1116.77,1056.2,-0.48,2026-05-13
2026-05-13T15:36:31.486,MANKIND,2401.0,0.93,2305.06,2345.5,2374.32,2441.02,0.97,60.63,55.19,66.79,healthcare,pharmaceuticals - indian - bulk drugs & formln,34.21,1.12,-3.15,-0.0,-0.09,2231.34,2158.99,-0.52,2026-05-13
2026-05-13T15:36:31.486,FLUOROCHEM,3737.0,2.53,3552.7,3555.2,3674.79,3830.32,0.54,100.57,61.01,64.92,chemicals,chemicals,25.4,1.69,-1.4,-0.01,0.05,3476.18,3313.87,-0.57,2026-05-13
2026-05-13T15:36:31.486,DEEPAKNTR,1854.0,0.31,1767.72,1783.5,1854.97,1852.54,0.75,63.32,47.27,75.12,chemicals,chemicals,43.92,-0.05,4.16,-0.01,-0.02,1716.24,1633.72,-1.15,2026-05-13
2026-05-13T15:36:31.486,CONCOR,521.0,0.97,502.35,511.6,526.26,513.11,1.2,29.6,27.64,59.16,transportation,miscellaneous,34.62,-1.0,-2.98,-0.08,-0.08,497.46,484.15,-1.25,2026-05-13
2026-05-13T15:36:31.486,TATATECH,627.3,1.85,600.74,613.0,610.56,652.41,0.49,31.18,45.76,63.07,i.t,computers - software - medium / small,32.55,2.74,-12.54,-0.16,-0.12,587.33,558.46,-1.38,2026-05-13
2026-05-13T15:36:31.486,BERGEPAINT,512.8,5.06,490.0,479.0,482.23,558.65,16.71,44.67,50.48,66.23,building materials,paints / varnishes,29.81,6.34,-3.75,-0.14,-0.07,465.33,450.28,-1.48,2026-05-13
2026-05-13T15:36:31.486,RAINBOW,1295.0,2.52,1244.5,1258.9,1263.34,1342.49,0.92,45.34,49.79,58.84,healthcare,healthcare,24.89,2.51,-1.89,-0.12,-0.18,1210.85,1168.74,-1.52,2026-05-13
2026-05-13T15:36:31.486,GRAVITA,1716.1,1.83,1652.08,1676.7,1725.99,1701.27,0.49,34.0,32.4,58.17,metals & mining,mining / minerals / metals,25.97,-0.57,5.99,-0.09,-0.05,1558.86,1451.02,-2.17,2026-05-13
2026-05-13T15:36:31.486,ABBOTINDIA,27200.0,1.12,26381.6,26335.0,25839.64,29240.54,1.24,36.59,36.83,61.65,healthcare,pharmaceuticals - multinational,25.61,5.26,-8.39,-0.15,-0.17,25587.93,24773.88,-2.93,2026-05-13
2026-05-13T15:36:31.486,CROMPTON,284.0,0.69,274.4,280.0,283.92,284.12,1.61,46.41,39.34,62.11,consumer discretionary,electric equipment,29.73,0.03,0.0,-0.06,-0.15,265.77,255.75,-3.42,2026-05-13
2026-05-13T15:36:31.486,GODFRYPHLP,2420.0,3.36,2293.59,2308.0,2303.1,2595.34,1.0,27.49,19.79,65.65,fmcg,cigarettes,32.51,5.08,-26.88,-0.26,-0.36,2221.65,2122.79,-3.63,2026-05-13
2026-05-13T15:36:31.486,MAPMYINDIA,1029.0,2.04,960.64,930.0,952.52,1143.72,1.29,75.0,41.74,59.42,i.t,computers - software - medium / small,19.67,8.03,-39.44,-0.46,-0.42,906.95,824.91,-10.99,2026-05-13
2026-05-13T15:36:31.486,JAINREC,573.8,5.91,534.1,459.0,490.53,698.71,1.24,39.19,53.22,75.93,metals & mining,mining / minerals / metals,33.35,16.98,67.75,0.21,NaN,504.55,453.15,NaN,2026-05-13
2026-04-24T17:35:32.416,GVT&D,4598.3,2.27,4434.5,4156.0,4145.8,5277.05,1.5,101.19,107.8,75.35,industrials,electric equipment,38.1,10.91,52.14,0.5,0.59,4226.33,4043.06,48.02,2026-04-24
2026-04-24T17:35:32.416,NATIONALUM,437.05,-0.5,419.64,418.55,428.95,449.21,0.87,12.57,13.13,64.15,metals & mining,aluminium and aluminium products,22.54,1.89,107.61,0.76,1.24,409.97,392.56,43.24,2026-04-24
2026-04-24T17:35:32.416,POWERINDIA,32200.0,1.51,30380.0,28960.0,29357.09,36464.36,1.17,137.25,166.39,82.58,industrials,electric equipment,32.91,9.68,68.71,0.74,0.52,30073.18,28573.07,32.35,2026-04-24
2026-04-24T17:35:32.416,SCHNEIDER,1180.1,4.71,1058.4,1024.0,1047.16,1379.51,0.64,72.67,109.95,78.01,industrials,electric equipment,36.08,12.7,33.62,0.34,0.14,1047.8,951.83,20.83,2026-04-24
2026-04-24T17:35:32.416,CUMMINSIND,5232.0,1.06,5000.06,5067.6,5074.99,5467.51,0.62,74.61,64.02,64.38,industrials,engines,22.53,3.09,31.13,0.18,0.39,4929.62,4720.83,18.38,2026-04-24
2026-04-24T17:35:32.416,AUBANK,1065.65,0.89,1026.31,984.9,1001.1,1162.47,1.33,29.8,34.04,71.92,bank,banks - private sector,25.5,6.45,50.99,0.13,0.4,1007.21,977.28,17.98,2026-04-24
2026-04-24T17:35:32.416,HINDALCO,1048.35,0.67,1007.0,1011.4,1021.36,1088.83,0.69,28.4,14.38,68.15,metals & mining,aluminium and aluminium products,23.23,2.64,40.63,0.22,0.48,996.88,963.93,16.94,2026-04-24
2026-04-24T17:35:32.416,ABSLAMC,1067.65,1.93,1011.85,1011.05,1022.31,1135.67,2.9,41.19,31.02,64.23,financials,finance & investments,28.91,4.44,31.52,0.16,0.21,966.39,922.04,15.36,2026-04-24
2026-04-24T17:35:32.416,ANURAS,1342.3,0.1,1306.34,1276.3,1286.05,1426.68,0.39,77.86,87.08,65.04,chemicals,chemicals,13.71,4.37,24.14,0.14,0.14,1270.79,1229.16,14.34,2026-04-24
2026-04-24T17:35:32.416,MAHABANK,77.9,0.76,74.23,72.31,74.2,83.45,1.03,7.32,8.47,65.87,bank,banks - public sector,22.45,4.99,36.67,0.21,0.4,71.58,67.33,13.99,2026-04-24
2026-04-24T17:35:32.416,ADANIENSOL,1411.95,3.72,1256.75,1243.55,1249.41,1655.76,3.54,62.04,71.64,83.1,power & utilities,power generation and supply,33.71,13.01,50.67,0.37,0.73,1263.63,1165.45,13.96,2026-04-24
2026-04-24T17:35:32.416,SAIL,178.46,1.14,172.48,170.3,172.28,187.73,0.78,49.03,26.14,70.93,metals & mining,steel - large,27.97,3.59,31.74,0.27,0.4,168.96,162.45,13.05,2026-04-24
2026-04-24T17:35:32.416,NAVINFLUOR,6452.0,2.73,6136.76,6221.0,6117.93,6953.1,2.08,44.58,58.14,58.31,chemicals,chemicals,11.24,5.46,36.9,0.18,0.23,6027.91,5772.84,11.83,2026-04-24
2026-04-24T17:35:32.416,GRANULES,689.45,0.36,668.36,650.0,661.86,730.84,1.1,27.85,30.56,73.49,healthcare,pharmaceuticals - indian - bulk drugs & formln,25.06,4.17,31.16,0.14,0.52,647.05,620.26,11.23,2026-04-24
2026-04-24T17:35:32.416,POLYCAB,8033.0,0.87,7742.98,7897.0,7833.97,8331.55,1.26,48.63,45.63,59.27,industrials,cables - power,22.12,2.54,4.91,-0.02,0.14,7554.31,7250.29,11.13,2026-04-24
2026-04-24T17:35:32.416,HONASA,348.85,0.81,335.11,337.3,347.78,350.46,0.29,56.63,72.24,70.36,services,trading,43.2,0.31,16.31,0.17,0.28,322.66,306.17,10.88,2026-04-24
2026-04-24T17:35:32.416,JINDALSTEL,1256.0,0.12,1212.55,1237.3,1241.33,1278.01,0.82,167.91,64.23,59.38,metals & mining,steel - large,20.8,1.18,21.7,0.15,0.23,1181.55,1142.81,10.04,2026-04-24
2026-04-24T17:35:32.416,KAJARIACER,1211.15,1.62,1166.05,1158.9,1185.94,1248.97,1.13,54.95,51.0,76.04,building materials,ceramics - tiles / sanitaryware,38.78,2.13,1.0,-0.09,-0.02,1136.61,1089.46,9.82,2026-04-24
2026-04-24T17:35:32.416,SBIN,1101.1,0.63,1068.25,1075.85,1065.27,1154.84,0.75,11.92,11.94,56.02,bank,banks - public sector,23.08,3.36,28.76,0.11,0.32,1053.89,1023.38,9.14,2026-04-24
2026-04-24T17:35:32.416,USHAMART,444.0,1.14,430.22,436.25,439.17,451.25,2.11,31.44,31.88,59.54,metals & mining,steel - medium / small,14.48,1.1,3.01,-0.11,0.2,417.45,414.55,9.13,2026-04-24
2026-04-24T17:35:32.416,ASTERDM,705.25,2.57,673.85,673.25,673.15,753.41,1.55,172.86,107.27,62.57,healthcare,healthcare,20.54,4.77,8.79,-0.1,0.14,671.18,648.69,9.08,2026-04-24
2026-04-24T17:35:32.416,NMDC,89.29,2.27,84.97,86.63,87.57,91.87,1.35,11.16,11.12,66.43,metals & mining,mining / minerals / metals,17.39,1.96,16.91,0.11,0.2,84.22,81.13,8.44,2026-04-24
2026-04-24T17:35:32.416,TIMKEN,3542.0,-1.61,3430.1,3431.1,3482.9,3630.66,0.56,122.14,60.61,57.9,industrials,bearings,19.41,1.7,16.17,0.09,0.17,3292.6,3178.55,7.79,2026-04-24
2026-04-24T17:35:32.416,ADANIGREEN,1235.8,1.78,1127.05,1120.4,1154.7,1357.45,3.18,-813.03,141.51,83.06,power & utilities,power generation and supply,39.48,7.02,7.29,0.09,0.25,1115.04,1040.66,7.08,2026-04-24
2026-04-24T17:35:32.416,NATCOPHARM,1093.2,2.03,1043.21,1042.25,1094.71,1090.93,0.4,32.3,12.32,59.89,healthcare,pharmaceuticals - indian - bulk drugs & formln,30.29,-0.14,26.49,0.21,0.15,1016.47,964.72,7.02,2026-04-24
2026-04-24T17:35:32.416,SCHAEFFLER,4286.6,1.58,4140.5,3954.5,3941.21,4804.68,1.41,52.02,57.34,62.89,industrials,bearings,19.52,8.76,3.58,0.01,0.02,4005.29,3845.6,6.53,2026-04-24
2026-04-24T17:35:32.416,CANFINHOME,909.6,1.09,858.77,852.05,856.09,989.87,1.57,11.43,12.3,66.28,financials,finance - housing,20.21,6.25,18.02,-0.02,0.18,847.29,804.47,6.12,2026-04-24
2026-04-24T17:35:32.416,NLCINDIA,299.1,0.74,287.29,293.15,290.13,312.56,1.73,14.32,14.93,65.3,power & utilities,power generation and supply,28.73,3.09,13.24,0.05,0.24,274.65,264.17,5.94,2026-04-24
2026-04-24T17:35:32.416,HDFCAMC,2735.0,0.99,2639.04,2692.9,2684.04,2811.43,0.91,47.03,26.8,59.64,financials,finance & investments,25.72,1.9,-6.11,-0.1,-0.07,2564.26,2465.2,5.9,2026-04-24
2026-04-24T17:35:32.416,HFCL,100.22,2.53,94.29,92.92,93.21,110.73,1.22,37.4,271.53,75.93,telecom,cables - telephone,38.98,7.52,34.74,0.2,0.33,90.73,84.34,5.36,2026-04-24
2026-04-24T17:35:32.416,HSCL,566.15,5.59,537.19,482.65,492.96,675.93,19.86,35.56,35.56,81.77,chemicals,chemicals,23.29,14.85,24.38,0.11,0.2,512.14,510.49,5.1,2026-04-24
2026-04-24T17:35:32.416,VTL,590.05,3.63,558.6,546.35,548.5,652.38,3.96,25.22,20.3,68.73,textiles,textiles - cotton/blended,19.26,7.58,40.09,0.24,0.4,544.53,515.24,4.69,2026-04-24
2026-04-24T17:35:32.416,NESTLEIND,1421.3,0.77,1380.92,1274.6,1302.71,1599.19,2.23,61.58,65.57,79.16,fmcg,food - processing - mnc,36.24,9.1,19.61,0.03,0.23,1345.72,1298.63,4.28,2026-04-24
2026-04-24T17:35:32.416,AARTIIND,472.75,1.47,449.38,436.1,435.19,529.09,1.18,32.2,44.76,67.51,chemicals,chemicals,15.2,8.63,21.56,0.15,0.18,440.82,420.48,4.12,2026-04-24
2026-04-24T17:35:32.416,COALINDIA,456.0,1.19,442.03,433.3,433.35,489.97,1.38,9.82,9.3,57.61,metals & mining,mining / minerals / metals,15.13,5.23,15.71,0.07,0.17,436.92,428.61,3.76,2026-04-24
2026-04-24T17:35:32.416,TATAPOWER,435.0,1.09,417.48,424.45,421.17,455.75,0.87,45.12,36.28,71.73,power & utilities,power generation and supply,21.15,3.28,10.12,0.01,0.09,413.8,399.61,3.15,2026-04-24
2026-04-24T17:35:32.416,VOLTAS,1464.0,1.28,1403.26,1429.6,1366.92,1609.62,0.61,142.41,95.54,60.06,consumer discretionary,air-conditioners,24.59,7.1,6.39,-0.06,0.08,1367.35,1300.87,3.05,2026-04-24
2026-04-24T17:35:32.416,ONESOURCE,1824.3,3.15,1700.4,1503.6,1514.67,2288.74,4.0,-58.92,999.21,77.18,healthcare,pharmaceuticals - indian - bulk drugs & formln,22.06,20.44,1.28,-0.09,-0.06,1625.81,1516.54,2.99,2026-04-24
2026-04-24T17:35:32.416,CESC,180.58,0.22,174.84,170.3,170.78,195.27,0.89,21.0,16.22,80.15,power & utilities,power generation and supply,27.63,5.74,7.73,-0.08,0.08,170.17,163.53,2.95,2026-04-24
2026-04-24T17:35:32.416,LTFOODS,420.05,0.51,403.37,411.6,412.88,430.81,0.14,23.18,22.32,58.96,fmcg,food - processing - indian,21.85,1.74,-7.88,-0.09,-0.13,399.15,385.13,2.9,2026-04-24
2026-04-24T17:35:32.416,DRREDDY,1317.1,-1.04,1267.14,1208.1,1196.17,1498.5,2.59,22.66,19.9,61.95,healthcare,pharmaceuticals - indian - bulk drugs & formln,27.0,10.11,1.23,-0.05,0.06,1221.0,1180.63,2.89,2026-04-24
2026-04-24T17:35:32.416,OFSS,8949.0,1.79,8577.45,7837.0,7958.22,10435.17,2.4,23.13,28.97,80.77,i.t,computers - software - large,37.46,12.45,-1.18,-0.03,0.02,8257.15,7802.77,2.67,2026-04-24
2026-04-24T17:35:32.416,IPCALAB,1555.9,1.95,1485.68,1447.7,1426.66,1749.76,1.03,30.25,42.56,63.39,healthcare,pharmaceuticals - indian - bulk drugs & formln,16.95,9.06,11.22,0.12,0.08,1466.98,1417.59,2.56,2026-04-24
2026-04-24T17:35:32.416,COCHINSHIP,1664.7,4.51,1560.94,1531.2,1506.27,1902.35,6.96,75.67,57.61,70.88,aerospace & defence,miscellaneous,24.1,10.52,-13.42,-0.14,-0.06,1531.33,1476.59,2.44,2026-04-24
2026-04-24T17:35:32.416,FINCABLES,976.0,0.79,939.18,922.35,901.14,1088.28,0.56,22.74,21.75,69.68,industrials,cables - power,24.9,8.31,16.88,0.14,0.09,908.8,864.64,2.28,2026-04-24
2026-04-24T17:35:32.416,JUBLINGREA,738.55,0.38,706.14,654.75,673.27,836.48,1.21,62.17,43.77,76.43,chemicals,chemicals,28.45,9.7,7.88,-0.01,-0.0,669.33,623.57,2.0,2026-04-24
2026-04-24T17:35:32.416,BANDHANBNK,174.67,0.44,165.42,168.8,169.1,183.02,1.0,34.12,27.82,59.2,bank,banks - private sector,18.99,3.29,7.35,-0.06,0.03,162.78,154.28,1.92,2026-04-24
2026-04-24T17:35:32.416,ELECON,512.75,0.0,486.62,405.8,441.18,620.1,1.3,474.77,33.71,76.96,industrials,engineering,26.46,16.22,-16.3,-0.16,-0.12,457.54,419.73,1.26,2026-04-24
2026-04-24T17:35:32.416,POWERGRID,316.4,-0.86,308.21,314.5,310.3,325.55,0.64,17.58,19.11,65.15,power & utilities,power generation and supply,23.74,1.97,10.47,0.01,0.07,304.29,296.71,0.9,2026-04-24
2026-04-24T17:35:32.416,PNBHOUSING,1033.65,2.57,975.1,899.15,927.36,1193.08,2.16,10.27,11.45,76.3,financials,finance - housing,28.04,11.46,20.37,0.08,0.29,950.92,896.47,0.87,2026-04-24
2026-04-24T17:35:32.416,VIJAYA,1065.0,3.45,984.9,997.8,1010.69,1146.47,3.7,63.39,66.21,73.75,healthcare,healthcare,25.55,5.37,1.52,-0.01,-0.02,991.18,940.81,0.63,2026-04-24
2026-04-24T17:35:32.416,ATGL,626.85,0.83,592.31,604.4,597.88,670.31,0.45,108.83,106.46,64.86,energy,miscellaneous,37.58,4.85,-19.6,-0.07,0.03,574.93,538.85,0.47,2026-04-24
2026-04-24T17:35:32.416,POLICYBZR,1696.7,1.55,1633.66,1582.0,1555.55,1908.42,0.62,103.21,132.29,72.31,i.t,computers - software - medium / small,19.73,9.07,-5.51,-0.06,-0.06,1589.21,1513.0,0.35,2026-04-24
2026-04-24T17:35:32.416,AADHARHFC,490.0,0.3,474.81,477.4,476.33,510.5,0.38,18.88,20.5,56.97,financials,finance - housing,12.51,2.87,-7.01,-0.11,-0.04,459.67,439.88,0.08,2026-04-24
2026-04-24T17:35:32.416,BAJFINANCE,921.55,0.35,891.6,898.0,905.34,945.86,0.42,36.0,9.75,54.15,financials,finance & investments,17.93,1.79,-8.35,-0.22,0.02,873.0,839.74,-0.01,2026-04-24
2026-04-24T17:35:32.416,GILLETTE,8095.5,0.18,7899.29,7836.0,7687.61,8707.34,1.59,38.24,42.44,60.03,fmcg,personal care - multinational,18.42,5.31,-20.22,-0.2,-0.26,7747.29,7571.63,-0.47,2026-04-24
2026-04-24T17:35:32.416,SUZLON,53.91,0.34,51.87,51.87,51.14,58.07,1.23,42.12,22.77,74.77,industrials,electric equipment,35.71,5.43,-10.01,-0.09,-0.2,50.4,48.1,-1.1,2026-04-24
2026-04-24T17:35:32.416,CHALET,791.35,0.37,756.56,766.5,772.1,820.23,1.19,34.89,28.43,55.99,services,hotels,20.04,2.49,-21.59,-0.23,-0.12,736.54,706.08,-1.23,2026-04-24
2026-04-24T17:35:32.416,UNITDSPR,1391.9,0.7,1342.7,1294.0,1274.88,1567.43,0.83,59.18,57.1,63.48,fmcg,breweries & distilleries,21.43,9.18,3.88,-0.05,0.03,1322.15,1276.43,-1.59,2026-04-24
2026-04-24T17:35:32.416,TITAGARH,756.65,2.0,707.56,722.0,730.61,795.71,0.81,52.84,55.36,65.78,industrials,engineering,24.93,3.56,-18.95,-0.21,-0.13,705.63,672.67,-1.7,2026-04-24
2026-04-24T17:35:32.416,HUDCO,211.37,3.38,200.9,192.07,193.76,237.78,5.74,14.84,14.71,74.08,financials,finance - term-lending institutions,21.21,9.09,-11.67,-0.15,-0.04,196.62,188.66,-1.88,2026-04-24
2026-04-24T17:35:32.416,JSWINFRA,279.03,1.72,267.74,269.75,267.39,296.49,1.18,40.56,35.3,61.98,transportation,miscellaneous,17.53,4.35,-17.42,-0.14,-0.1,263.19,253.94,-2.06,2026-04-24
2026-04-24T17:35:32.416,AEGISLOG,714.5,1.38,686.0,690.0,671.97,778.29,0.44,35.44,32.15,62.97,services,trading,34.41,6.33,-7.51,-0.18,-0.03,645.74,601.68,-2.11,2026-04-24
2026-04-24T17:35:32.416,VBL,490.45,1.28,471.67,464.3,462.07,533.02,2.17,165.69,53.99,68.97,fmcg,food - processing - indian,29.95,6.14,5.82,-0.03,-0.05,458.34,436.71,-2.33,2026-04-24
2026-04-24T17:35:32.416,KPRMILL,930.6,0.39,892.63,910.85,898.53,978.71,0.45,38.14,37.56,64.35,consumer discretionary,textiles - products,24.97,3.57,-18.18,-0.21,-0.13,884.15,852.26,-3.47,2026-04-24
2026-04-24T17:35:32.416,COLPAL,2171.3,0.98,2096.22,2057.6,2009.56,2413.92,1.59,45.58,44.07,67.96,fmcg,personal care - multinational,29.64,8.05,-7.38,-0.13,-0.06,2043.68,1954.47,-3.52,2026-04-24
2026-04-24T17:35:32.416,BLUEDART,5351.0,0.0,5184.2,5290.0,5208.87,5564.19,0.59,46.47,50.05,55.44,transportation,couriers,25.18,2.73,-7.47,-0.12,-0.11,5046.51,4851.75,-4.08,2026-04-24
2026-04-24T17:35:32.416,TRENT,4297.3,1.08,4116.0,4127.7,4171.83,4485.5,1.4,95.41,87.89,64.81,consumer discretionary,trading,32.88,3.01,-14.23,-0.17,-0.23,3965.48,3763.32,-4.12,2026-04-24
2026-04-24T17:35:32.416,PIIND,3081.2,0.38,3008.6,3000.1,2983.16,3228.26,1.78,37.54,32.09,57.58,chemicals,pesticides / agrochemicals - indian,13.98,3.29,-16.0,-0.2,-0.27,2908.09,2831.86,-4.23,2026-04-24
2026-04-24T17:35:32.416,APTUS,257.46,0.24,247.45,241.26,240.27,283.25,0.51,13.64,14.43,68.98,financials,finance - housing,35.1,7.16,-20.13,-0.24,-0.28,240.18,228.47,-5.22,2026-04-24
2026-04-24T17:35:32.416,PPLPHARMA,165.47,0.98,160.33,146.02,148.43,191.03,3.11,-40.16,-132.15,72.25,healthcare,pharmaceuticals - indian - bulk drugs & formln,18.28,11.48,-18.25,-0.25,-0.14,153.39,146.76,-6.03,2026-04-24
2026-04-24T17:35:32.416,AAVAS,1411.3,0.0,1359.95,1327.5,1335.46,1525.07,0.56,16.43,17.82,74.12,financials,finance - housing,41.63,5.68,-15.96,-0.22,-0.2,1308.47,1242.45,-7.22,2026-04-24
2026-04-24T17:35:32.416,AWL,197.74,0.23,190.72,182.5,183.85,218.57,0.69,23.77,27.1,62.99,fmcg,solvent extraction,29.17,7.55,-26.93,-0.3,-0.24,184.51,176.51,-7.47,2026-04-24
2026-04-24T17:35:32.416,CLEAN,816.75,2.0,780.18,740.0,740.4,931.28,2.12,47.27,34.66,68.33,chemicals,chemicals,22.17,10.31,-28.52,-0.29,-0.34,747.35,707.45,-8.04,2026-04-24
2026-04-24T17:35:32.416,FIVESTAR,493.25,1.71,467.26,464.05,467.36,532.08,0.97,13.1,12.88,68.73,financials,finance & investments,35.49,5.54,-7.84,-0.15,-0.18,443.64,410.48,-8.85,2026-04-24
2026-04-24T17:35:32.416,TARIL,323.45,1.11,306.25,295.0,304.74,351.51,1.03,26.6,35.78,60.56,industrials,electric equipment,16.08,6.14,-39.56,-0.38,-0.38,288.61,264.47,-9.44,2026-04-24
2026-04-24T17:35:32.416,PIRAMALFIN,1863.0,0.48,1772.82,1620.1,1677.62,2141.06,0.92,NaN,0.0,61.48,n/a,indices,14.75,11.05,NaN,NaN,NaN,1706.83,1601.7,NaN,2026-04-24
2026-04-24T17:35:32.416,HDBFS,674.75,2.37,638.08,651.1,644.08,720.75,0.39,18.66,21.3,57.12,financials,finance & investments,32.28,4.76,-13.46,-0.17,-0.12,626.5,593.0,NaN,2026-04-24
2026-04-24T17:35:32.416,GROWW,218.02,0.13,210.31,193.52,205.63,236.61,1.51,49.1,47.33,73.95,financials,finance & investments,31.35,6.03,NaN,NaN,NaN,194.72,182.93,NaN,2026-04-24
2026-04-24T17:35:32.416,PWL,109.22,1.66,103.89,106.01,106.98,112.58,0.4,73.8,565.47,68.13,services,miscellaneous,37.26,2.1,NaN,NaN,NaN,100.88,95.91,NaN,2026-04-24
