Timestamp,Symbol,Cmp,%ch,Low 2%,Low5,Sl,Target,R_vol,Forward pe,Pe,Rsi,Sector,Industry,Adx,%ch sl,Rs,Srs,Ars,Is,Tps,Rs score,Scan_Date,From52wh,3d range,5d,Free float
2026-08-20T16:26:49.832,NETWEB,5425.1,7.11,4993.79,4991.3,5071.06,5956.16,0.92,90.54,110.35,65.59,i.t,computers - hardware,30.52,6.98,67.73,0.48,0.64,4868.46,4464.08,34.88,2026-08-20,,,,
2026-08-20T16:26:49.832,WELCORP,2005.6,1.61,1928.84,1846.0,1900.62,2163.07,0.28,12.64,22.54,82.01,industrials,steel - large,46.12,5.52,164.38,1.29,1.34,1907.23,1845.35,31.85,2026-08-20,,,,
2026-08-20T16:26:49.832,LAURUSLABS,1825.0,1.29,1777.52,1769.4,1870.24,1757.14,0.2,67.0,88.93,65.2,healthcare,pharmaceuticals - indian - bulk drugs & formln,48.43,-2.42,76.29,0.62,0.74,1752.98,1704.97,27.99,2026-08-20,,,,
2026-08-20T16:26:49.832,APARINDS,16784.0,1.02,16272.9,16199.0,16936.46,16555.31,0.26,36.06,56.49,59.31,industrials,electric equipment,41.54,-0.9,138.58,0.52,0.83,15157.19,14125.08,22.2,2026-08-20,,,,
2026-08-20T16:26:49.832,MCX,3120.0,4.94,2954.7,2892.1,2837.13,3544.31,0.49,48.12,19.26,66.89,financials,miscellaneous,23.88,9.97,31.48,0.23,0.49,2891.28,2732.94,20.98,2026-08-20,,,,
2026-08-20T16:26:49.832,HONASA,484.05,1.56,464.18,470.05,470.25,504.75,0.11,43.69,62.3,59.64,services,trading,20.8,2.93,74.57,0.48,0.68,450.57,426.9,19.17,2026-08-20,,,,
2026-08-20T16:26:49.832,SHRIRAMFIN,1128.2,2.01,1093.19,1098.2,1124.14,1134.29,0.82,18.98,19.52,60.49,financials,finance & investments,20.29,0.36,14.28,-0.03,0.32,1080.24,1050.57,18.57,2026-08-20,,,,
2026-08-20T16:26:49.832,NEULANDLAB,23576.0,1.23,22690.92,22971.0,23129.18,24246.23,0.17,51.21,60.03,71.18,healthcare,pharmaceuticals - indian - bulk drugs,48.33,1.93,73.6,0.6,0.34,22104.27,21134.48,18.51,2026-08-20,,,,
2026-08-20T16:26:49.832,SAILIFE,1468.3,3.24,1407.67,1409.0,1440.04,1510.69,0.31,106.09,82.83,66.77,healthcare,pharmaceuticals - indian - bulk drugs & formln,32.1,1.96,78.76,0.44,0.64,1370.67,1310.95,16.8,2026-08-20,,,,
2026-08-20T16:26:49.832,WELSPUNLIV,188.24,3.86,176.08,162.84,162.37,227.04,1.27,27.85,59.42,71.7,textiles,textiles - products,25.55,15.93,67.26,0.25,0.33,168.53,156.98,14.91,2026-08-20,,,,
2026-08-20T16:26:49.832,NAM-INDIA,1235.8,1.54,1196.58,1155.1,1170.74,1333.39,1.26,39.16,47.37,60.87,financials,finance & investments,16.21,5.56,45.07,0.16,0.43,1162.0,1135.36,12.99,2026-08-20,,,,
2026-08-20T16:26:49.832,MINDACORP,742.9,0.54,726.18,716.7,724.08,771.12,0.28,21.23,34.72,61.59,auto,auto ancillaries,33.73,2.6,38.61,0.17,0.22,687.01,658.8,12.78,2026-08-20,,,,
2026-08-20T16:26:49.832,RBLBANK,392.3,2.83,374.41,376.4,386.91,400.39,0.15,31.43,27.37,62.58,bank,banks - private sector,19.25,1.39,33.71,0.11,0.27,377.54,367.08,12.16,2026-08-20,,,,
2026-08-20T16:26:49.832,TVSMOTOR,4390.0,0.66,4268.98,4297.1,4493.8,4234.3,0.55,51.14,60.44,66.37,auto,automobiles - motorcycles / mopeds,47.09,-2.31,21.43,0.04,0.16,4252.46,4167.3,11.01,2026-08-20,,,,
2026-08-20T16:26:49.832,ACMESOLAR,398.75,4.82,372.94,361.8,364.58,450.01,1.37,26.87,38.86,65.89,realty,engineering - turnkey services,16.57,9.37,90.61,0.59,0.76,369.89,355.59,11.01,2026-08-20,,,,
2026-08-20T16:26:49.832,AUBANK,1086.5,1.07,1054.48,1063.7,1075.5,1103.0,0.39,25.55,28.13,58.77,bank,banks - private sector,23.76,1.02,8.59,-0.02,0.11,1045.64,1021.0,10.98,2026-08-20,,,,
2026-08-20T16:26:49.832,REDINGTON,348.25,3.94,328.89,322.7,351.62,343.2,0.56,14.0,15.4,65.5,services,trading,42.68,-0.96,34.75,0.24,0.21,317.51,300.9,10.71,2026-08-20,,,,
2026-08-20T16:26:49.832,VIJAYA,1500.0,0.67,1456.77,1465.0,1446.91,1579.64,0.06,72.67,81.73,65.04,healthcare,healthcare,38.77,3.67,55.59,0.36,0.34,1406.33,1345.98,10.56,2026-08-20,,,,
2026-08-20T16:26:49.832,BALRAMCHIN,760.85,16.91,643.86,616.25,633.78,951.45,9.96,88.06,35.47,75.53,fmcg,sugar,36.24,20.05,85.18,0.5,0.66,675.7,624.99,10.31,2026-08-20,,,,
2026-08-20T16:26:49.832,OFSS,11826.0,0.44,11466.0,11318.0,11605.03,12157.45,0.18,18.18,30.02,58.5,i.t,computers - software - large,12.08,1.9,51.13,0.62,0.4,11254.32,10914.56,10.23,2026-08-20,,,,
2026-08-20T16:26:49.832,BAJAJ-AUTO,11725.0,0.69,11387.6,11534.0,11817.25,11586.63,0.12,25.38,27.65,65.45,auto,automobiles - scooters and 3 - wheelers,54.87,-0.78,27.72,0.08,0.25,11381.66,11135.16,10.11,2026-08-20,,,,
2026-08-20T16:26:49.832,PAYTM,1603.6,1.27,1555.36,1546.3,1587.69,1627.46,0.45,116.54,155.86,70.17,i.t,miscellaneous,46.2,1.0,23.67,0.23,0.17,1500.06,1440.4,10.04,2026-08-20,,,,
2026-08-20T16:26:49.832,HEG,713.1,0.71,682.18,685.3,702.76,728.61,0.22,28.12,38.09,65.62,industrials,electrodes - graphites,59.92,1.47,27.74,0.19,0.32,656.32,618.04,10.01,2026-08-20,,,,
2026-08-20T16:26:49.832,JINDALSAW,269.75,0.39,263.57,263.15,265.22,276.55,0.12,41.37,26.21,55.28,industrials,steel - large,15.46,1.71,44.43,0.33,0.59,254.83,248.94,9.9,2026-08-20,,,,
2026-08-20T16:26:49.832,SAIL,174.9,1.24,170.06,158.73,171.15,180.52,1.12,10.99,16.71,55.75,metals & mining,steel - large,16.5,2.19,20.63,0.01,0.28,163.4,156.24,9.6,2026-08-20,,,,
2026-08-20T16:26:49.832,SOLARINDS,19603.0,-0.6,18806.2,19190.0,19258.14,20120.29,0.26,67.96,89.62,58.32,aerospace & defence,chemicals,17.25,1.79,55.63,0.35,0.46,18345.72,17620.77,8.94,2026-08-20,,,,
2026-08-20T16:26:49.832,PTCIL,19576.0,0.52,19110.0,18921.0,19207.03,20129.45,0.2,251.36,232.45,60.74,industrials,castings & forgings,37.04,1.92,10.0,-0.01,0.04,18255.01,17455.27,8.34,2026-08-20,,,,
2026-08-20T16:26:49.832,APLAPOLLO,2141.2,0.91,2082.5,2037.0,2067.54,2251.69,0.26,56.47,47.93,77.12,industrials,steel - large,35.69,3.56,12.38,-0.12,0.17,2053.19,1998.99,7.93,2026-08-20,,,,
2026-08-20T16:26:49.832,HINDZINC,573.9,3.03,555.9,548.8,577.33,568.75,0.44,11.09,13.79,55.56,metals & mining,mining / minerals / metals,20.0,-0.6,-15.57,-0.1,0.12,541.28,516.82,7.77,2026-08-20,,,,
2026-08-20T16:26:49.832,BOSCHLTD,48750.0,0.6,46942.0,46480.0,46220.62,52544.06,0.36,50.91,60.48,79.57,auto,auto ancillaries,44.99,5.47,37.03,0.26,0.28,46451.23,44727.15,6.94,2026-08-20,,,,
2026-08-20T16:26:49.832,BAJFINANCE,1095.0,1.37,1064.57,1076.4,1101.31,1085.54,0.23,28.46,33.07,55.07,financials,finance & investments,17.69,-0.57,17.36,-0.02,0.03,1052.72,1028.31,6.1,2026-08-20,,,,
2026-08-20T16:26:49.832,IDFCFIRSTB,85.93,0.52,83.89,84.51,85.59,86.44,0.2,16.15,32.88,60.7,bank,banks - private sector,36.83,0.4,4.87,-0.07,0.04,83.61,82.44,5.28,2026-08-20,,,,
2026-08-20T16:26:49.832,CARTRADE,2894.7,4.0,2734.49,2726.6,2718.22,3159.41,0.18,67.7,57.45,60.02,consumer discretionary,miscellaneous,34.64,6.49,14.7,0.32,-0.07,2721.69,2632.24,5.13,2026-08-20,,,,
2026-08-20T16:26:49.832,GRASIM,3300.0,0.92,3185.0,3221.0,3264.95,3352.57,0.41,26.07,38.95,58.6,textiles,textiles - manmade,24.81,1.07,21.63,0.04,0.17,3160.96,3056.68,4.96,2026-08-20,,,,
2026-08-20T16:26:49.832,KPRMILL,1152.0,2.29,1104.46,1081.1,1080.48,1259.29,0.08,38.1,42.2,62.97,consumer discretionary,textiles - products,23.43,6.62,41.83,0.17,0.13,1092.59,1053.74,4.64,2026-08-20,,,,
2026-08-20T16:26:49.832,ENDURANCE,3000.7,0.41,2918.05,2878.0,2964.45,3055.08,0.45,43.16,43.34,63.18,auto,auto ancillaries,22.32,1.22,21.3,0.12,0.09,2846.63,2755.37,4.59,2026-08-20,,,,
2026-08-20T16:26:49.832,TBOTEK,1714.0,3.17,1636.31,1600.0,1649.51,1810.73,0.18,55.15,67.15,65.77,i.t,travel agencies,37.94,3.91,13.13,0.14,-0.01,1579.34,1496.24,4.32,2026-08-20,,,,
2026-08-20T16:26:49.832,UNITDSPR,1544.0,1.31,1486.86,1510.1,1542.65,1546.03,1.25,59.2,57.47,63.38,fmcg,breweries & distilleries,42.88,0.09,17.14,-0.0,0.04,1489.31,1451.2,4.26,2026-08-20,,,,
2026-08-20T16:26:49.832,OBEROIRLTY,1909.1,2.11,1828.97,1830.4,1795.79,2079.06,0.23,31.92,25.68,59.81,realty,construction,20.14,6.31,25.33,0.14,0.11,1789.35,1705.23,4.25,2026-08-20,,,,
2026-08-20T16:26:49.832,360ONE,1203.0,1.91,1162.28,1150.5,1171.06,1250.91,0.35,36.99,37.92,62.81,financials,finance & investments,12.24,2.73,6.55,-0.02,0.03,1138.61,1110.23,4.22,2026-08-20,,,,
2026-08-20T16:26:49.832,COFORGE,1877.2,3.54,1789.97,1762.2,1848.48,1920.28,0.37,38.03,36.83,71.57,i.t,computers - software - large,32.01,1.55,10.86,0.26,-0.08,1782.6,1722.95,3.69,2026-08-20,,,,
2026-08-20T16:26:49.832,PPLPHARMA,216.54,3.29,205.14,200.1,212.39,222.76,0.13,-104.11,-88.46,69.56,healthcare,pharmaceuticals - indian - bulk drugs & formln,46.05,1.95,37.39,0.2,0.16,200.51,188.76,3.65,2026-08-20,,,,
2026-08-20T16:26:49.832,KPIL,1393.0,1.19,1353.09,1342.8,1338.68,1474.49,0.11,19.18,20.69,59.93,realty,transmisson line towers / equipment,29.73,4.06,26.62,0.15,0.15,1304.9,1245.83,3.37,2026-08-20,,,,
2026-08-20T16:26:49.832,PVRINOX,1220.0,1.59,1161.3,1165.0,1194.94,1257.6,0.24,53.04,26.52,73.1,media,entertainment / electronic media software,51.79,2.1,26.93,0.07,0.07,1142.85,1089.29,3.09,2026-08-20,,,,
2026-08-20T16:26:49.832,OIL,480.05,1.1,455.7,465.0,465.35,502.1,0.13,5.38,9.25,63.1,energy,oil drilling / allied services,32.49,3.16,12.12,-0.03,0.14,452.58,432.83,3.01,2026-08-20,,,,
2026-08-20T16:26:49.832,LT,4070.0,0.71,3969.0,4024.8,4073.3,4065.05,0.16,33.95,33.51,58.12,realty,engineering - turnkey services,19.31,-0.08,6.82,-0.13,-0.01,3969.87,3908.78,2.14,2026-08-20,,,,
2026-08-20T16:26:49.832,ETERNAL,328.1,2.53,314.92,315.55,318.62,342.32,0.37,820.25,680.85,69.51,i.t,miscellaneous,37.74,2.97,21.88,0.09,0.07,313.31,302.62,2.01,2026-08-20,,,,
2026-08-20T16:26:49.832,JYOTICNC,950.65,0.0,924.19,822.4,846.78,1106.45,0.24,94.69,67.23,73.05,industrials,engineering,30.76,12.27,12.54,0.02,-0.05,868.66,822.36,1.6,2026-08-20,,,,
2026-08-20T16:26:49.832,MOTILALOFS,973.4,3.32,923.31,890.0,880.4,1112.9,0.61,11.51,28.62,65.64,financials,finance & investments,28.37,10.56,20.69,0.15,0.03,911.58,881.36,1.53,2026-08-20,,,,
2026-08-20T16:26:49.832,PERSISTENT,5677.5,3.04,5423.32,5442.5,5529.57,5899.4,0.29,45.96,44.73,64.96,i.t,computers - software - large,18.85,2.68,-10.48,-0.05,-0.15,5383.27,5191.09,1.49,2026-08-20,,,,
2026-08-20T16:26:49.832,PETRONET,291.2,1.06,281.01,277.15,279.9,308.15,0.45,9.6,10.27,64.42,energy,miscellaneous,15.19,4.04,6.58,-0.12,0.0,278.5,271.18,1.12,2026-08-20,,,,
2026-08-20T16:26:49.832,M&M,3444.7,0.87,3332.98,3371.1,3460.57,3420.9,0.14,17.65,20.66,59.86,auto,automobiles - passenger cars,32.15,-0.46,-3.15,-0.1,-0.09,3326.6,3249.72,1.03,2026-08-20,,,,
2026-08-20T16:26:49.832,LODHA,1240.0,2.48,1191.19,1195.2,1216.07,1275.9,0.1,22.58,29.29,58.0,realty,construction,31.21,1.97,26.65,0.03,0.08,1168.57,1120.8,0.78,2026-08-20,,,,
2026-08-20T16:26:49.832,KOTAKBANK,397.9,1.96,385.29,386.75,390.79,408.57,0.13,18.05,6.71,57.94,bank,banks - private sector,26.05,1.82,-5.9,-0.14,-0.1,384.84,376.55,0.11,2026-08-20,,,,
2026-08-20T16:26:49.832,HYUNDAI,2220.0,2.09,2136.79,2160.1,2236.04,2195.94,0.21,50.73,35.69,64.74,auto,automobiles - passenger cars,38.87,-0.72,-4.27,-0.08,-0.1,2115.4,2050.25,-0.02,2026-08-20,,,,
2026-08-20T16:26:49.832,DEVYANI,147.8,3.43,140.63,138.25,141.25,157.63,0.41,307.92,-649.55,75.09,consumer discretionary,hotels,51.75,4.64,18.43,0.02,0.03,137.29,129.57,-0.27,2026-08-20,,,,
2026-08-20T16:26:49.832,SUMICHEM,552.75,-0.26,539.2,542.85,541.57,569.52,0.04,32.14,47.73,58.53,chemicals,pesticides / agrochemicals - indian,25.87,2.06,31.0,0.23,0.15,520.81,500.3,-0.31,2026-08-20,,,,
2026-08-20T16:26:49.832,ZEEL,107.76,5.42,100.69,95.46,94.65,127.43,0.32,34.1,48.22,57.1,media,entertainment / electronic media software,15.71,13.85,28.63,0.05,0.07,96.39,89.35,-0.5,2026-08-20,,,,
2026-08-20T16:26:49.832,MFSL,1575.0,1.87,1519.1,1511.2,1503.47,1682.29,0.26,141.64,483.16,55.75,financials,finance & investments,17.51,4.76,-3.02,-0.21,-0.1,1492.87,1441.58,-0.52,2026-08-20,,,,
2026-08-20T16:26:49.832,TEGA,1781.7,3.19,1690.6,1663.9,1646.93,1983.85,3.58,-38.83,455.57,69.32,industrials,engineering,13.89,8.18,-0.56,0.01,-0.09,1638.97,1586.12,-0.53,2026-08-20,,,,
2026-08-20T16:26:49.832,CHALET,853.1,0.6,823.2,814.35,819.67,903.24,0.1,54.27,35.15,57.05,services,hotels,12.46,4.08,0.83,-0.1,-0.08,808.15,774.89,-0.64,2026-08-20,,,,
2026-08-20T16:26:49.832,CONCOR,519.0,0.9,503.72,511.55,518.6,519.6,0.08,36.76,31.4,56.25,transportation,miscellaneous,21.12,0.08,4.42,-0.06,-0.02,495.66,483.5,-0.79,2026-08-20,,,,
2026-08-20T16:26:49.832,DIXON,14850.0,2.68,14195.3,13999.0,13963.63,16179.56,0.37,31.46,42.06,67.79,consumer discretionary,electronics - consumer,23.29,6.35,39.02,0.19,0.05,14086.33,13564.57,-1.04,2026-08-20,,,,
2026-08-20T16:26:49.832,MAZDOCK,2570.0,0.24,2500.96,2538.0,2554.08,2593.88,0.18,47.17,36.19,63.49,aerospace & defence,miscellaneous,28.63,0.62,10.2,-0.01,-0.06,2452.62,2377.79,-1.11,2026-08-20,,,,
2026-08-20T16:26:49.832,MRF,134015.0,0.29,130619.3,130560.0,131803.82,137331.76,0.1,28.69,23.47,55.02,auto,tyres,12.14,1.68,-6.44,-0.17,-0.16,130920.97,128770.45,-1.59,2026-08-20,,,,
2026-08-20T16:26:49.832,BHARTIHEXA,1604.0,0.48,1564.37,1553.1,1531.51,1712.74,0.12,41.55,43.77,53.53,telecom-service,telecommunications - service provider,18.76,4.73,0.63,-0.13,-0.12,1504.49,1455.85,-2.09,2026-08-20,,,,
2026-08-20T16:26:49.832,AFFLE,1728.4,2.04,1660.02,1632.5,1682.62,1797.08,0.15,47.33,49.79,62.86,i.t,computers - software - medium / small,20.57,2.72,4.41,0.05,0.02,1622.28,1558.28,-2.38,2026-08-20,,,,
2026-08-20T16:26:49.832,DLF,676.15,0.93,658.51,658.25,650.15,715.14,0.16,52.66,37.3,58.55,realty,construction,10.21,4.0,10.44,-0.03,-0.08,644.19,626.52,-2.5,2026-08-20,,,,
2026-08-20T16:26:49.832,SUPREMEIND,3663.9,1.49,3530.94,3446.5,3504.53,3902.96,0.2,41.45,44.42,65.68,plastic products,plastics products,17.12,4.55,8.66,-0.14,0.06,3505.37,3391.87,-2.69,2026-08-20,,,,
2026-08-20T16:26:49.832,BRIGADE,625.3,6.4,577.07,576.0,590.48,677.53,0.42,25.46,22.29,68.44,realty,construction,24.97,5.9,5.39,0.04,-0.1,581.17,551.78,-3.2,2026-08-20,,,,
2026-08-20T16:26:49.832,DALBHARAT,1897.0,1.17,1826.72,1822.3,1822.13,2009.3,0.72,47.33,37.65,65.72,building materials,cement - south india,14.23,4.11,-13.42,-0.18,-0.08,1816.57,1783.25,-3.49,2026-08-20,,,,
2026-08-20T16:26:49.832,DCMSHRIRAM,1081.0,3.01,1027.04,1002.1,999.71,1202.94,0.43,6.79,11.9,66.09,miscellaneous,diversified - mega,26.69,8.13,-2.61,-0.1,-0.15,1018.55,974.62,-4.44,2026-08-20,,,,
2026-08-20T16:26:49.832,JUBLFOOD,507.3,1.81,489.22,494.75,501.21,516.44,0.15,86.28,76.19,66.86,consumer discretionary,hotels,42.93,1.22,0.2,-0.11,-0.17,475.95,456.04,-4.66,2026-08-20,,,,
2026-08-20T16:26:49.832,JMFINANCIL,129.15,2.26,124.46,124.72,125.38,134.8,0.24,10.59,11.62,56.16,financials,finance & investments,8.07,3.01,0.78,-0.17,-0.13,121.68,117.51,-4.73,2026-08-20,,,,
2026-08-20T16:26:49.832,SAPPHIRE,241.34,3.26,229.81,229.05,231.6,255.96,0.44,137.13,-467.42,74.55,consumer discretionary,hotels,44.44,4.21,18.04,0.01,-0.08,222.22,211.62,-4.93,2026-08-20,,,,
2026-08-20T16:26:49.832,CYIENT,903.7,1.03,872.35,847.0,855.11,976.59,0.39,23.98,26.12,62.19,i.t,computers - software - medium / small,21.07,5.68,-23.58,-0.18,-0.26,852.06,820.62,-5.44,2026-08-20,,,,
2026-08-20T16:26:49.832,CLEAN,834.1,1.81,805.27,815.0,812.56,866.41,0.23,30.22,37.38,63.02,chemicals,chemicals,28.9,2.65,-2.34,0.01,-0.1,785.49,763.43,-5.88,2026-08-20,,,,
2026-08-20T16:26:49.832,EIDPARRY,809.5,2.85,771.8,772.2,781.32,851.76,1.16,25.42,30.11,59.74,fmcg,sugar,16.34,3.61,-10.99,-0.18,-0.24,760.8,726.98,-7.06,2026-08-20,,,,
2026-08-20T16:26:49.832,COHANCE,475.45,6.4,439.38,437.8,436.7,533.58,1.26,-188.67,160.74,64.83,healthcare,pharmaceuticals - indian - bulk drugs & formln,36.05,8.87,19.02,0.34,-0.16,432.62,409.05,-10.46,2026-08-20,,,,
2026-08-20T16:26:49.832,TATACAP,366.25,0.19,356.92,355.1,364.27,369.22,0.13,25.09,28.36,55.2,financials,finance & investments,26.23,0.54,2.23,-0.05,0.1,349.78,343.58,NaN,2026-08-20,,,,
2026-08-18T11:33:30.884,HFCL,229.78,4.68,213.65,215.0,207.23,263.61,0.96,38.55,57.16,62.45,telecom,cables - telephone,19.73,10.88,238.17,2.07,2.14,210.1,195.96,52.93,2026-08-18,,,,
2026-08-18T11:33:30.884,NETWEB,5289.0,1.47,4990.94,4753.0,4936.72,5817.42,1.06,88.27,113.56,67.85,i.t,computers - hardware,28.02,7.14,58.02,0.59,0.59,4806.67,4552.33,32.93,2026-08-18,,,,
2026-08-18T11:33:30.884,RRKABEL,2814.1,2.38,2685.69,2708.3,2807.76,2823.61,0.66,38.78,51.16,67.19,industrials,cables - power,46.26,0.23,90.75,0.84,0.94,2628.61,2545.39,30.28,2026-08-18,,,,
2026-08-18T11:33:30.884,WELCORP,1899.1,0.91,1844.36,1840.0,1853.69,1967.21,0.29,11.97,21.49,75.89,industrials,steel - large,43.39,2.45,157.83,1.16,1.17,1808.66,1776.63,29.15,2026-08-18,,,,
2026-08-18T11:33:30.884,LAURUSLABS,1820.9,0.62,1766.06,1769.4,1882.2,1728.94,0.21,66.85,89.32,65.73,healthcare,pharmaceuticals - indian - bulk drugs & formln,52.26,-3.26,69.19,0.66,0.73,1742.14,1685.47,28.43,2026-08-18,,,,
2026-08-18T11:33:30.884,CHENNPETRO,1433.7,3.71,1359.55,1308.0,1321.72,1601.67,1.3,5.18,4.93,64.14,energy,refineries,25.98,8.47,66.75,0.49,0.49,1277.81,1181.69,26.69,2026-08-18,,,,
2026-08-18T11:33:30.884,SYRMA,1499.5,2.15,1459.12,1451.0,1435.43,1595.61,1.18,72.23,76.25,63.35,consumer discretionary,electronics - components,30.18,4.46,111.84,0.6,0.82,1392.33,1333.46,26.1,2026-08-18,,,,
2026-08-18T11:33:30.884,IDEA,13.81,0.73,13.23,12.83,12.82,15.3,0.83,-9.86,3.97,57.74,telecom-service,telecommunications - service provider,30.39,7.74,27.73,0.11,0.32,12.89,12.25,23.89,2026-08-18,,,,
2026-08-18T11:33:30.884,NATIONALUM,388.2,0.17,378.08,375.0,386.67,390.49,0.12,8.9,10.54,56.77,metals & mining,aluminium and aluminium products,28.64,0.4,7.47,0.03,0.42,359.37,339.45,23.28,2026-08-18,,,,
2026-08-18T11:33:30.884,APARINDS,16662.0,0.84,15875.02,16199.0,16581.99,16782.02,0.8,35.8,56.18,60.68,industrials,electric equipment,38.82,0.48,124.85,0.61,0.81,15015.87,14106.27,22.44,2026-08-18,,,,
2026-08-18T11:33:30.884,MCX,3019.0,2.93,2857.68,2880.1,2761.03,3405.95,0.35,46.56,19.0,64.82,financials,miscellaneous,21.76,9.34,23.43,0.19,0.43,2826.13,2682.48,21.73,2026-08-18,,,,
2026-08-18T11:33:30.884,DATAPATTNS,4642.9,2.52,4434.5,4399.9,4380.73,5036.16,0.69,294.6,94.62,58.19,aerospace & defence,electronics - components,8.79,5.98,82.65,0.51,0.55,4335.79,4152.55,21.5,2026-08-18,,,,
2026-08-18T11:33:30.884,MOTHERSON,169.56,0.89,164.74,166.71,166.1,174.74,0.31,43.26,40.5,73.23,auto,auto ancillaries,33.42,2.08,47.91,0.18,0.37,161.84,157.18,19.82,2026-08-18,,,,
2026-08-18T11:33:30.884,SONACOMS,813.55,1.05,789.88,790.0,813.51,813.61,0.52,70.13,71.88,69.86,auto,auto ancillaries,63.02,0.01,76.94,0.43,0.55,773.0,750.04,19.64,2026-08-18,,,,
2026-08-18T11:33:30.884,SAILIFE,1444.0,1.95,1395.03,1409.0,1425.52,1471.72,0.59,104.34,82.49,65.61,healthcare,pharmaceuticals - indian - bulk drugs & formln,32.59,1.3,65.58,0.45,0.59,1343.44,1297.02,17.88,2026-08-18,,,,
2026-08-18T11:33:30.884,NAVINFLUOR,8275.0,1.52,7987.98,8110.0,8078.07,8570.4,0.15,43.6,52.87,59.23,chemicals,chemicals,29.89,2.44,34.42,0.22,0.38,7811.57,7488.99,16.16,2026-08-18,,,,
2026-08-18T11:33:30.884,ANANDRATHI,2186.5,0.48,2129.25,2160.1,2114.12,2295.07,0.16,55.66,46.92,69.4,financials,finance & investments,35.29,3.42,41.46,0.34,0.45,2099.79,2047.26,15.88,2026-08-18,,,,
2026-08-18T11:33:30.884,CRAFTSMAN,10730.0,2.39,10280.69,10205.0,10446.49,11155.27,0.27,43.18,52.15,67.72,auto,auto ancillaries,42.4,2.71,38.13,0.28,0.49,10033.67,9626.42,15.32,2026-08-18,,,,
2026-08-18T11:33:30.884,MINDACORP,746.0,2.88,713.24,706.55,717.67,788.5,2.36,21.31,34.08,63.29,auto,auto ancillaries,30.18,3.95,33.17,0.16,0.2,681.39,652.29,13.77,2026-08-18,,,,
2026-08-18T11:33:30.884,AUROPHARMA,1635.0,0.48,1596.42,1617.9,1626.28,1648.07,0.17,22.89,25.43,57.75,healthcare,pharmaceuticals - indian - bulk drugs & formln,31.43,0.54,39.48,0.27,0.3,1566.76,1526.48,13.27,2026-08-18,,,,
2026-08-18T11:33:30.884,GLAND,2906.6,-0.12,2826.12,2825.5,2791.45,3079.32,0.21,37.79,42.48,70.7,healthcare,pharmaceuticals - indian - formulations,46.76,4.13,70.59,0.48,0.59,2698.02,2559.98,12.91,2026-08-18,,,,
2026-08-18T11:33:30.884,IFCI,80.35,1.8,76.79,72.71,74.71,88.81,0.53,167.4,123.33,62.81,financials,finance - term-lending institutions,13.03,7.55,32.97,0.19,0.52,74.45,71.33,12.44,2026-08-18,,,,
2026-08-18T11:33:30.884,WELSPUNLIV,181.2,7.76,164.44,159.01,157.62,216.58,6.48,26.8,55.13,67.4,textiles,textiles - products,20.16,14.96,49.5,0.21,0.28,162.36,149.93,12.36,2026-08-18,,,,
2026-08-18T11:33:30.884,VIJAYA,1509.2,0.17,1461.18,1421.1,1415.95,1649.07,0.16,73.12,82.64,67.47,healthcare,healthcare,35.96,6.59,52.84,0.38,0.44,1392.4,1316.9,10.96,2026-08-18,,,,
2026-08-18T11:33:30.884,TVSMOTOR,4376.2,-0.22,4268.78,4297.1,4499.66,4191.01,0.11,50.98,60.79,66.37,auto,automobiles - motorcycles / mopeds,46.71,-2.74,19.33,0.06,0.15,4227.76,4147.33,10.76,2026-08-18,,,,
2026-08-18T11:33:30.884,DIVISLAB,8591.5,1.3,8333.92,8414.0,8642.94,8514.34,0.47,63.27,76.96,74.13,healthcare,pharmaceuticals - indian - bulk drugs,59.96,-0.6,37.78,0.29,0.29,8262.14,8053.63,10.68,2026-08-18,,,,
2026-08-18T11:33:30.884,MRPL,187.71,5.96,172.88,170.0,169.44,215.12,1.79,8.69,9.88,63.95,energy,refineries,24.56,10.78,24.46,-0.07,0.14,170.85,159.5,10.22,2026-08-18,,,,
2026-08-18T11:33:30.884,OFSS,11793.0,0.03,11467.96,11318.0,11542.7,12168.45,0.13,18.13,30.06,58.79,i.t,computers - software - large,13.76,2.17,48.17,0.62,0.41,11190.34,10785.35,10.2,2026-08-18,,,,
2026-08-18T11:33:30.884,SOLARINDS,20127.0,0.64,19629.4,18530.0,18914.14,21946.28,0.67,69.78,90.88,68.24,aerospace & defence,chemicals,18.37,6.41,56.81,0.41,0.46,18915.94,18302.65,9.98,2026-08-18,,,,
2026-08-18T11:33:30.884,ZENTEC,1959.0,5.07,1818.1,1810.1,1723.95,2311.57,1.48,127.87,93.04,70.75,aerospace & defence,miscellaneous,20.09,13.63,47.5,0.36,0.36,1828.16,1748.53,9.98,2026-08-18,,,,
2026-08-18T11:33:30.884,HEG,709.7,1.63,682.08,671.0,696.43,729.6,0.22,27.98,37.56,72.72,industrials,electrodes - graphites,57.23,1.9,23.04,0.23,0.32,669.9,641.05,9.84,2026-08-18,,,,
2026-08-18T11:33:30.884,AARTIIND,527.6,0.17,512.39,503.25,507.24,558.14,0.17,30.89,35.98,64.25,chemicals,chemicals,25.79,4.01,48.79,0.07,0.35,496.92,476.31,9.59,2026-08-18,,,,
2026-08-18T11:33:30.884,EICHERMOT,8064.5,0.18,7856.17,7940.0,8061.23,8069.4,0.1,37.83,38.26,63.35,auto,automobiles - motorcycles / mopeds,33.65,0.04,10.25,-0.07,0.1,7833.48,7685.72,9.26,2026-08-18,,,,
2026-08-18T11:33:30.884,IPCALAB,1882.3,-0.12,1825.05,1720.0,1702.57,2151.89,1.45,29.71,35.46,62.4,healthcare,pharmaceuticals - indian - bulk drugs & formln,20.87,10.56,24.7,0.16,0.27,1700.31,1600.51,9.06,2026-08-18,,,,
2026-08-18T11:33:30.884,GRAPHITE,728.05,-0.2,709.62,717.75,722.87,735.82,0.13,20.64,66.8,63.52,industrials,electrodes - graphites,40.26,0.72,13.92,-0.0,0.29,682.63,660.31,9.01,2026-08-18,,,,
2026-08-18T11:33:30.884,FLUOROCHEM,4737.1,0.63,4580.23,4410.0,4571.26,4985.86,0.21,58.71,84.53,66.07,chemicals,chemicals,41.19,3.63,38.75,0.32,0.34,4377.78,4146.18,8.67,2026-08-18,,,,
2026-08-18T11:33:30.884,CARBORUNIV,1129.9,0.64,1096.52,1116.8,1108.27,1162.35,0.31,69.92,101.42,54.13,industrials,abrasives and grinding wheels,24.97,1.95,38.82,0.27,0.23,1043.73,987.21,8.23,2026-08-18,,,,
2026-08-18T11:33:30.884,SIEMENS,3942.6,-0.01,3857.67,3910.3,3972.4,3897.9,0.14,16.38,42.85,61.68,industrials,electric equipment,30.23,-0.75,35.08,0.13,0.13,3756.95,3663.61,7.4,2026-08-18,,,,
2026-08-18T11:33:30.884,APLAPOLLO,2098.6,0.83,2033.6,1989.4,2020.4,2215.9,0.26,55.34,47.01,74.08,industrials,steel - large,31.04,3.87,8.14,-0.13,0.17,1997.59,1938.14,7.17,2026-08-18,,,,
2026-08-18T11:33:30.884,INDIANB,880.4,-0.09,856.52,870.3,876.64,886.04,0.06,8.83,9.28,58.29,bank,banks - public sector,24.31,0.43,3.4,-0.09,-0.01,841.88,819.6,7.12,2026-08-18,,,,
2026-08-18T11:33:30.884,BALRAMCHIN,661.3,0.85,641.9,592.55,626.34,713.73,0.33,76.54,35.74,62.32,fmcg,sugar,34.45,5.58,57.24,0.31,0.42,613.5,580.0,6.56,2026-08-18,,,,
2026-08-18T11:33:30.884,BOSCHLTD,47870.0,1.92,45839.5,45040.0,44705.46,52616.81,0.75,49.99,58.62,79.4,auto,auto ancillaries,40.97,7.08,29.96,0.24,0.26,45618.04,44014.07,6.46,2026-08-18,,,,
2026-08-18T11:33:30.884,CARTRADE,2806.2,0.33,2724.5,2690.9,2717.82,2938.77,0.07,65.63,57.73,54.35,consumer discretionary,miscellaneous,34.77,3.25,3.43,0.27,-0.09,2666.54,2574.5,5.84,2026-08-18,,,,
2026-08-18T11:33:30.884,ELGIEQUIP,623.5,-0.11,605.0,572.0,579.02,690.22,0.83,47.52,43.96,66.06,industrials,compressors / drilling equipment,19.29,7.68,44.74,0.15,0.19,587.9,565.7,5.67,2026-08-18,,,,
2026-08-18T11:33:30.884,ENGINERSIN,242.28,0.87,234.47,238.0,236.32,251.22,0.22,21.56,17.22,56.25,realty,engineering - turnkey services,24.4,2.52,29.92,-0.02,0.18,226.82,218.55,5.56,2026-08-18,,,,
2026-08-18T11:33:30.884,GRASIM,3283.9,1.03,3185.49,3201.0,3248.41,3337.14,0.67,25.95,38.72,57.35,textiles,textiles - manmade,25.0,1.09,16.91,0.04,0.16,3128.12,3025.09,5.28,2026-08-18,,,,
2026-08-18T11:33:30.884,THELEELA,509.85,1.36,493.23,494.4,498.97,526.17,0.18,87.3,27.74,58.34,services,hotels,26.66,2.18,15.64,0.07,0.19,476.9,455.55,4.36,2026-08-18,,,,
2026-08-18T11:33:30.884,ENRIN,3613.8,0.23,3518.2,3488.0,3419.02,3905.98,0.12,72.98,86.28,60.73,power & utilities,power generation and supply,23.32,5.7,55.31,0.19,0.09,3385.88,3240.14,4.17,2026-08-18,,,,
2026-08-18T11:33:30.884,ENDURANCE,3005.4,0.91,2909.62,2878.0,2930.65,3117.52,0.22,43.23,43.19,64.94,auto,auto ancillaries,22.4,2.55,19.0,0.11,0.09,2832.11,2715.65,4.13,2026-08-18,,,,
2026-08-18T11:33:30.884,GLENMARK,2320.0,-0.39,2265.76,2272.4,2256.64,2415.04,0.13,33.9,36.56,60.6,healthcare,pharmaceuticals - indian - bulk drugs & formln,14.28,2.81,15.99,0.05,0.13,2240.82,2194.33,4.11,2026-08-18,,,,
2026-08-18T11:33:30.884,ANANTRAJ,628.05,0.08,609.51,600.15,617.99,643.14,0.21,37.74,38.03,61.96,realty,construction,23.11,1.63,13.96,0.06,0.09,595.02,574.44,3.76,2026-08-18,,,,
2026-08-18T11:33:30.884,IKS,1838.8,0.47,1786.54,1740.2,1744.11,1980.83,0.09,39.77,40.1,54.64,i.t,computers - software - medium / small,17.67,5.43,8.11,0.05,0.06,1746.26,1678.85,3.55,2026-08-18,,,,
2026-08-18T11:33:30.884,HAL,5098.2,0.78,4938.22,4803.4,4931.33,5348.5,0.69,53.62,36.3,76.99,aerospace & defence,engineering,31.99,3.38,15.13,0.11,0.09,4858.0,4697.65,3.5,2026-08-18,,,,
2026-08-18T11:33:30.884,TIMKEN,3304.4,0.42,3224.3,3200.0,3235.35,3407.98,0.06,51.92,58.08,55.32,industrials,bearings,19.18,2.13,10.5,0.0,0.01,3160.22,3072.38,3.34,2026-08-18,,,,
2026-08-18T11:33:30.884,PVRINOX,1207.0,1.26,1164.73,1155.0,1187.34,1236.49,0.82,52.48,26.33,71.17,media,entertainment / electronic media software,50.03,1.66,17.3,0.08,0.06,1127.24,1089.22,3.06,2026-08-18,,,,
2026-08-18T11:33:30.884,ACE,1177.3,5.71,1094.66,1062.3,1101.64,1290.8,1.82,29.32,30.34,67.0,industrials,engineering,35.73,6.87,38.91,0.19,0.16,1091.93,1034.6,2.9,2026-08-18,,,,
2026-08-18T11:33:30.884,ASAHIINDIA,948.25,1.83,916.15,879.1,895.75,1026.99,1.24,40.52,54.23,63.84,building materials,glass & glass products,19.77,5.86,0.11,-0.07,-0.14,893.39,858.0,2.89,2026-08-18,,,,
2026-08-18T11:33:30.884,OIL,483.0,1.76,469.42,465.8,460.35,516.97,0.63,5.41,9.24,65.81,energy,oil drilling / allied services,32.7,4.92,7.8,-0.04,0.12,456.34,440.55,2.71,2026-08-18,,,,
2026-08-18T11:33:30.884,JSL,746.05,0.28,726.77,712.5,729.28,771.2,0.23,19.97,18.86,59.59,metals & mining,steel - large,12.96,2.3,-8.24,-0.09,-0.05,720.38,702.07,1.88,2026-08-18,,,,
2026-08-18T11:33:30.884,M&M,3420.5,0.89,3322.4,3378.3,3460.65,3360.28,0.18,17.52,20.51,58.14,auto,automobiles - passenger cars,33.43,-1.16,-6.48,-0.1,-0.11,3302.06,3217.63,1.38,2026-08-18,,,,
2026-08-18T11:33:30.884,MEDANTA,1437.2,1.56,1382.68,1380.0,1427.57,1451.65,0.79,60.8,68.36,57.94,healthcare,healthcare,21.85,0.68,25.61,0.16,0.13,1353.23,1300.05,1.35,2026-08-18,,,,
2026-08-18T11:33:30.884,PETRONET,285.3,1.24,276.16,273.0,277.9,296.4,0.39,9.41,10.04,58.24,energy,miscellaneous,11.31,2.66,0.35,-0.11,0.02,273.14,264.03,0.93,2026-08-18,,,,
2026-08-18T11:33:30.884,HYUNDAI,2212.1,1.01,2135.42,2172.4,2233.37,2180.19,0.27,50.55,35.94,64.68,auto,automobiles - passenger cars,39.57,-0.95,-5.47,-0.06,-0.1,2113.88,2050.02,0.65,2026-08-18,,,,
2026-08-18T11:33:30.884,NAUKRI,1354.9,-0.07,1304.48,1329.6,1312.71,1418.18,0.21,49.23,54.89,69.97,i.t,miscellaneous,40.49,3.21,1.96,0.11,-0.06,1276.19,1222.25,0.55,2026-08-18,,,,
2026-08-18T11:33:30.884,INDGN,565.0,0.58,545.17,552.05,559.38,573.44,0.11,29.18,33.62,63.69,healthcare,miscellaneous,28.57,1.01,13.9,0.09,0.03,532.61,509.12,0.42,2026-08-18,,,,
2026-08-18T11:33:30.884,CONCORDBIO,1569.9,3.62,1493.52,1418.0,1428.55,1781.92,1.17,71.1,58.07,77.61,healthcare,pharmaceuticals - indian - bulk drugs & formln,28.97,9.89,16.21,0.24,0.06,1454.73,1374.45,0.27,2026-08-18,,,,
2026-08-18T11:33:30.884,BEML,1940.7,1.69,1857.39,1869.1,1806.71,2141.69,0.86,-149.75,78.47,64.77,aerospace & defence,engineering,20.84,7.42,8.49,0.04,0.05,1813.23,1729.92,0.08,2026-08-18,,,,
2026-08-18T11:33:30.884,POLICYBZR,1747.6,1.13,1686.68,1691.2,1677.56,1852.67,0.12,123.77,106.48,66.11,i.t,miscellaneous,29.2,4.18,7.9,0.07,-0.1,1657.94,1594.7,-0.24,2026-08-18,,,,
2026-08-18T11:33:30.884,NIACL,184.22,0.32,179.08,176.6,175.0,198.05,0.07,-31.33,39.24,58.63,financials,finance & investments,23.24,5.27,23.35,0.12,0.06,173.11,166.46,-0.54,2026-08-18,,,,
2026-08-18T11:33:30.884,MAZDOCK,2572.5,0.11,2504.98,2485.9,2512.76,2662.1,0.48,47.22,36.27,65.76,aerospace & defence,miscellaneous,28.63,2.38,5.15,0.01,-0.06,2448.84,2387.59,-0.69,2026-08-18,,,,
2026-08-18T11:33:30.884,RELIANCE,1323.3,0.56,1284.98,1298.1,1306.87,1347.95,0.27,21.37,23.83,54.61,energy,refineries,9.86,1.26,-9.19,-0.15,-0.17,1282.82,1257.76,-1.23,2026-08-18,,,,
2026-08-18T11:33:30.884,LTFOODS,424.55,1.77,407.88,416.0,422.12,428.2,0.36,20.1,22.62,64.34,fmcg,food - processing - indian,31.32,0.58,16.74,-0.08,-0.01,403.64,390.56,-1.24,2026-08-18,,,,
2026-08-18T11:33:30.884,JYOTICNC,901.25,5.05,842.85,802.6,820.46,1022.43,2.13,89.77,60.68,67.75,industrials,engineering,28.19,9.85,-2.38,0.0,-0.12,826.78,779.58,-1.33,2026-08-18,,,,
2026-08-18T11:33:30.884,DIXON,14197.0,1.23,13785.66,13645.0,13917.59,14616.11,0.37,30.08,40.78,58.12,consumer discretionary,electronics - consumer,22.56,2.01,32.29,0.11,-0.05,13527.69,13248.7,-2.13,2026-08-18,,,,
2026-08-18T11:33:30.884,SUPREMEIND,3600.6,0.3,3508.4,3383.0,3467.61,3800.09,0.19,40.73,44.17,61.53,plastic products,plastics products,13.81,3.84,3.21,-0.15,0.04,3429.64,3323.63,-3.01,2026-08-18,,,,
2026-08-18T11:33:30.884,BLUEJET,603.6,1.75,577.37,578.55,580.45,638.32,0.72,33.46,43.78,58.13,healthcare,pharmaceuticals - indian - bulk drugs & formln,27.64,3.99,24.81,0.56,0.02,565.58,546.37,-4.44,2026-08-18,,,,
2026-08-18T11:33:30.884,BLS,274.6,0.75,266.57,259.51,262.31,293.04,0.28,14.86,15.89,69.11,i.t,computers - software - medium / small,33.81,4.69,-8.93,-0.11,-0.18,256.68,246.4,-6.91,2026-08-18,,,,
2026-08-18T11:33:30.884,COHANCE,453.1,1.88,435.86,437.8,431.37,485.7,0.82,-179.8,159.98,57.72,healthcare,pharmaceuticals - indian - bulk drugs & formln,32.65,5.04,6.57,0.36,-0.2,415.63,401.34,-11.42,2026-08-18,,,,
2026-08-18T11:33:30.884,LGEINDIA,1661.3,-0.38,1617.98,1554.0,1575.43,1790.11,0.52,43.17,62.02,61.4,consumer discretionary,electronics - consumer,17.79,5.45,19.66,0.01,-0.01,1551.2,1482.33,NaN,2026-08-18,,,,
2026-08-18T11:33:30.884,PINELABS,163.57,0.58,158.28,161.51,157.87,172.12,0.17,240.54,143.92,57.75,i.t,miscellaneous,25.22,3.61,-30.84,-0.26,-0.37,151.24,143.83,NaN,2026-08-18,,,,
2026-08-12T14:47:31.365,ATHERENERG,1571.0,2.99,1480.88,1440.0,1398.75,1829.38,0.7,-295.3,-148.39,79.61,auto,automobiles - scooters and 3 - wheelers,58.91,12.31,148.11,0.99,1.19,1431.5,1329.87,66.43,2026-08-12,,,,
2026-08-12T14:47:31.365,HFCL,221.8,3.53,210.7,201.0,194.15,263.28,0.83,37.21,55.79,60.57,telecom,cables - telephone,18.11,14.24,241.95,1.83,1.99,202.94,190.6,48.86,2026-08-12,,,,
2026-08-12T14:47:31.365,NATIONALUM,418.4,7.83,390.53,376.5,368.77,492.85,3.02,9.59,10.55,77.71,metals & mining,aluminium and aluminium products,26.86,13.46,20.4,0.05,0.57,390.43,373.26,28.1,2026-08-12,,,,
2026-08-12T14:47:31.365,HINDCOPPER,548.65,2.88,519.01,522.0,507.56,610.29,6.85,37.68,45.43,66.78,metals & mining,mining / minerals / metals,22.37,8.1,5.38,-0.15,0.61,501.63,487.61,27.68,2026-08-12,,,,
2026-08-12T14:47:31.365,WELCORP,1869.4,1.77,1803.2,1791.1,1767.19,2022.71,0.48,11.78,20.97,75.22,industrials,steel - large,40.13,5.78,148.07,1.06,1.07,1768.63,1696.66,27.65,2026-08-12,,,,
2026-08-12T14:47:31.365,APARINDS,17560.0,4.85,16513.0,15531.0,15321.67,20917.49,1.63,37.72,56.94,74.85,industrials,electric equipment,33.15,14.61,114.46,0.71,0.85,16158.39,15167.19,24.34,2026-08-12,,,,
2026-08-12T14:47:31.365,GRANULES,865.75,0.55,837.31,835.05,823.54,929.07,0.16,29.81,31.82,56.49,healthcare,pharmaceuticals - indian - bulk drugs & formln,20.27,5.13,43.86,0.37,0.53,816.53,780.87,20.86,2026-08-12,,,,
2026-08-12T14:47:31.365,MCX,2979.8,2.93,2822.5,2603.2,2621.74,3516.89,1.87,45.96,18.75,64.48,financials,miscellaneous,20.75,13.66,36.01,0.11,0.4,2773.58,2619.02,19.96,2026-08-12,,,,
2026-08-12T14:47:31.365,BELRISE,259.52,2.19,248.54,240.85,240.47,288.09,1.62,42.41,41.57,72.1,auto,auto ancillaries,23.07,7.92,49.4,0.31,0.58,243.74,240.59,19.64,2026-08-12,,,,
2026-08-12T14:47:31.365,SAILIFE,1467.0,1.56,1414.43,1319.5,1367.88,1615.68,0.69,106.0,84.12,73.54,healthcare,pharmaceuticals - indian - bulk drugs & formln,33.26,7.25,58.92,0.47,0.61,1356.11,1279.95,19.55,2026-08-12,,,,
2026-08-12T14:47:31.365,SONACOMS,803.0,0.38,782.04,786.25,799.35,808.47,0.59,69.22,71.43,70.5,auto,auto ancillaries,63.71,0.46,74.84,0.39,0.53,754.46,722.75,19.44,2026-08-12,,,,
2026-08-12T14:47:31.365,HONASA,468.3,0.21,452.07,459.85,451.02,494.21,0.52,54.96,75.98,59.27,services,trading,19.51,3.83,61.29,0.45,0.54,439.61,426.79,18.7,2026-08-12,,,,
2026-08-12T14:47:31.365,POWERINDIA,35625.0,1.79,34035.4,31140.0,31919.31,41183.54,0.97,134.96,135.61,62.72,industrials,electric equipment,23.09,11.61,99.23,0.46,0.55,32697.61,30802.06,17.38,2026-08-12,,,,
2026-08-12T14:47:31.365,HSCL,760.9,0.72,740.98,748.15,762.87,757.94,0.15,41.81,47.37,56.74,chemicals,chemicals,25.29,-0.26,61.8,0.52,0.65,714.85,684.37,15.33,2026-08-12,,,,
2026-08-12T14:47:31.365,ANANDRATHI,2185.6,1.28,2116.9,2028.5,2048.29,2391.57,1.13,55.64,46.53,72.87,financials,finance & investments,30.41,6.7,38.98,0.36,0.46,2088.0,2051.2,15.09,2026-08-12,,,,
2026-08-12T14:47:31.365,NAVINFLUOR,8379.0,2.73,7962.99,7834.5,7809.89,9232.67,1.13,44.15,52.9,62.61,chemicals,chemicals,26.17,7.29,47.05,0.22,0.39,7742.56,7330.24,14.7,2026-08-12,,,,
2026-08-12T14:47:31.365,CRAFTSMAN,10521.5,2.21,10119.48,10200.0,10214.48,10982.04,0.85,42.34,51.22,67.69,auto,auto ancillaries,38.64,3.01,38.07,0.23,0.43,9786.8,9437.27,14.31,2026-08-12,,,,
2026-08-12T14:47:31.365,FINCABLES,1295.6,7.26,1208.34,1003.35,997.37,1742.94,20.38,19.9,23.09,78.96,industrials,cables - power,24.92,29.9,68.12,0.44,0.66,1141.3,1103.98,13.03,2026-08-12,,,,
2026-08-12T14:47:31.365,HINDALCO,1079.9,2.94,1035.76,1016.0,1013.19,1179.97,1.24,8.55,14.2,71.32,metals & mining,aluminium and aluminium products,29.21,6.58,19.87,0.03,0.3,1024.65,991.26,13.01,2026-08-12,,,,
2026-08-12T14:47:31.365,ABB,7698.0,1.14,7433.79,7535.0,7551.8,7917.3,0.49,112.61,53.98,62.29,industrials,electric equipment,32.06,1.94,51.15,0.21,0.43,7317.1,7074.43,12.46,2026-08-12,,,,
2026-08-12T14:47:31.365,KARURVYSYA,337.1,0.87,325.75,330.25,342.56,328.92,0.3,10.78,11.77,59.31,bank,banks - private sector,23.28,-1.59,28.07,-0.05,0.29,321.52,311.13,12.28,2026-08-12,,,,
2026-08-12T14:47:31.365,KEI,5702.5,1.02,5481.92,5485.5,5297.45,6310.07,0.92,49.71,54.13,72.71,industrials,cables - power,27.16,7.65,31.74,0.14,0.33,5421.28,5227.86,11.45,2026-08-12,,,,
2026-08-12T14:47:31.365,MINDACORP,737.5,2.22,704.91,700.7,707.89,781.91,0.88,34.85,47.12,63.92,auto,auto ancillaries,25.21,4.18,27.48,0.16,0.2,688.39,657.95,11.2,2026-08-12,,,,
2026-08-12T14:47:31.365,SCHNEIDER,1436.0,2.33,1352.4,1331.0,1306.59,1630.11,0.54,390.22,157.85,59.8,industrials,electric equipment,14.15,9.9,122.93,0.69,0.89,1321.58,1238.27,11.19,2026-08-12,,,,
2026-08-12T14:47:31.365,PAYTM,1604.2,0.66,1559.47,1421.0,1431.53,1863.2,0.61,116.58,156.86,83.77,i.t,miscellaneous,39.85,12.06,24.52,0.27,0.21,1486.12,1417.06,11.01,2026-08-12,,,,
2026-08-12T14:47:31.365,PNBHOUSING,1152.5,0.91,1117.69,1119.5,1089.45,1247.08,0.73,13.47,12.85,64.51,financials,finance - housing,21.58,5.79,18.49,0.24,0.22,1082.38,1043.28,11.0,2026-08-12,,,,
2026-08-12T14:47:31.365,EMCURE,2009.3,0.53,1943.63,1912.5,1958.81,2085.04,0.86,32.41,37.46,67.58,healthcare,pharmaceuticals - indian - bulk drugs & formln,39.66,2.58,30.44,0.23,0.39,1901.99,1835.21,10.75,2026-08-12,,,,
2026-08-12T14:47:31.365,BAJAJ-AUTO,11731.0,0.12,11471.88,11549.0,11835.58,11574.12,0.49,25.39,27.82,68.03,auto,automobiles - scooters and 3 - wheelers,55.15,-0.88,22.68,0.11,0.24,11302.83,11069.7,10.26,2026-08-12,,,,
2026-08-12T14:47:31.365,UNIONBANK,186.19,2.02,178.18,175.21,176.23,201.13,1.25,6.3,6.75,68.07,bank,banks - public sector,24.25,5.65,14.79,-0.04,0.16,176.04,169.84,9.9,2026-08-12,,,,
2026-08-12T14:47:31.365,AUBANK,1080.5,0.9,1040.76,1045.7,1044.17,1134.99,0.7,25.41,28.02,59.81,bank,banks - private sector,22.21,3.48,8.21,-0.01,0.1,1030.81,995.95,9.74,2026-08-12,,,,
2026-08-12T14:47:31.365,VIJAYA,1481.0,3.7,1392.68,1340.0,1343.51,1687.24,2.88,71.75,78.34,68.45,healthcare,healthcare,26.85,10.23,49.13,0.34,0.42,1356.17,1276.24,9.55,2026-08-12,,,,
2026-08-12T14:47:31.365,ASHOKLEY,175.28,0.26,170.94,172.0,170.68,182.18,0.34,19.92,25.16,66.32,auto,automobiles - lcvs / hcvs,25.06,2.69,-6.39,-0.23,0.14,166.95,162.8,9.5,2026-08-12,,,,
2026-08-12T14:47:31.365,EICHERMOT,8022.0,0.28,7781.2,7896.5,7985.3,8077.05,0.43,37.63,38.02,63.41,auto,automobiles - motorcycles / mopeds,28.09,0.46,6.86,0.01,0.08,7752.76,7551.83,9.4,2026-08-12,,,,
2026-08-12T14:47:31.365,SCI,299.5,1.89,287.48,291.35,289.18,314.99,0.39,5.63,8.46,55.57,transportation,shipping,19.43,3.57,39.58,0.03,0.24,279.61,266.14,9.17,2026-08-12,,,,
2026-08-12T14:47:31.365,AJANTPHARM,3541.4,0.98,3415.3,3442.5,3433.2,3703.7,0.41,33.1,38.61,61.7,healthcare,pharmaceuticals - indian - formulations,30.39,3.15,28.11,0.13,0.35,3380.55,3267.52,8.63,2026-08-12,,,,
2026-08-12T14:47:31.365,SAIL,172.99,-0.01,167.74,168.46,169.55,178.15,0.92,10.87,16.73,54.06,metals & mining,steel - large,15.98,2.03,19.22,-0.01,0.22,161.64,156.04,8.62,2026-08-12,,,,
2026-08-12T14:47:31.365,SIEMENS,4025.6,0.36,3911.87,3854.6,3897.27,4218.1,1.6,16.72,43.59,70.79,industrials,electric equipment,30.77,3.29,32.26,0.19,0.17,3792.67,3690.28,8.34,2026-08-12,,,,
2026-08-12T14:47:31.365,AARTIIND,526.0,4.1,493.19,483.4,485.36,586.96,2.66,30.8,34.52,68.04,chemicals,chemicals,21.41,8.37,45.62,0.04,0.35,494.22,472.18,8.18,2026-08-12,,,,
2026-08-12T14:47:31.365,INDIANB,889.15,1.55,855.64,849.3,854.04,941.82,0.67,8.92,9.23,64.17,bank,banks - public sector,20.95,4.11,6.84,-0.1,-0.03,848.79,827.03,8.01,2026-08-12,,,,
2026-08-12T14:47:31.365,SBIN,1079.8,1.29,1044.68,1052.5,1045.19,1131.72,1.12,10.34,11.43,61.33,bank,banks - public sector,21.1,3.31,8.0,-0.13,0.06,1030.95,1000.01,7.68,2026-08-12,,,,
2026-08-12T14:47:31.365,EXIDEIND,487.0,0.76,472.7,462.6,465.84,518.74,0.76,29.55,44.1,72.03,auto,auto ancillaries,43.93,4.54,40.7,0.32,0.29,453.58,436.76,6.53,2026-08-12,,,,
2026-08-12T14:47:31.365,HEROMOTOCO,5879.5,0.24,5727.12,5541.0,5629.42,6254.61,1.14,20.82,21.54,76.35,auto,automobiles - motorcycles / mopeds,47.92,4.44,1.85,-0.06,-0.07,5580.54,5392.83,6.41,2026-08-12,,,,
2026-08-12T14:47:31.365,ZYDUSLIFE,1196.5,0.46,1127.98,1093.2,1104.71,1334.18,2.95,31.99,26.54,69.23,healthcare,pharmaceuticals - indian - bulk drugs & formln,21.95,8.31,33.75,0.24,0.23,1122.88,1075.16,6.41,2026-08-12,,,,
2026-08-12T14:47:31.365,ZENTEC,1833.1,0.73,1773.9,1660.0,1634.2,2131.44,0.54,119.65,90.81,60.34,aerospace & defence,miscellaneous,15.51,12.17,41.84,0.27,0.26,1713.63,1643.92,6.17,2026-08-12,,,,
2026-08-12T14:47:31.365,KPIL,1400.8,3.94,1321.33,1267.2,1267.29,1601.07,11.67,19.28,20.25,67.11,realty,transmisson line towers / equipment,20.87,10.54,25.64,0.13,0.11,1296.53,1285.52,5.46,2026-08-12,,,,
2026-08-12T14:47:31.365,CANBK,131.74,1.11,127.01,127.86,127.03,138.8,0.84,5.77,5.95,58.59,bank,banks - public sector,13.73,3.71,-11.96,-0.17,-0.15,125.99,123.05,4.15,2026-08-12,,,,
2026-08-12T14:47:31.365,JSWINFRA,348.4,1.92,332.22,322.4,321.83,388.26,1.44,52.79,48.01,63.49,transportation,miscellaneous,21.61,8.26,29.78,0.21,0.25,325.56,315.02,4.09,2026-08-12,,,,
2026-08-12T14:47:31.365,BOSCHLTD,46370.0,2.62,44139.2,41870.0,42035.05,52872.43,1.97,48.42,56.39,76.18,auto,auto ancillaries,31.88,10.31,22.04,0.2,0.23,43684.24,42034.92,3.88,2026-08-12,,,,
2026-08-12T14:47:31.365,PIDILITIND,1694.0,0.49,1645.42,1648.1,1647.15,1764.28,1.4,49.42,64.79,65.26,chemicals,chemicals,21.55,2.84,14.15,0.06,0.1,1629.44,1587.03,3.83,2026-08-12,,,,
2026-08-12T14:47:31.365,PVRINOX,1177.0,1.45,1131.9,1130.0,1162.47,1198.8,0.73,51.17,25.62,69.48,media,entertainment / electronic media software,46.17,1.25,17.23,0.01,0.05,1099.15,1048.77,3.45,2026-08-12,,,,
2026-08-12T14:47:31.365,GLENMARK,2299.5,1.03,2226.95,2245.0,2207.62,2437.31,0.69,33.6,35.72,58.91,healthcare,pharmaceuticals - indian - bulk drugs & formln,11.76,4.16,14.6,0.08,0.16,2201.26,2138.09,3.38,2026-08-12,,,,
2026-08-12T14:47:31.365,ENDURANCE,3006.9,0.64,2924.52,2851.1,2846.89,3246.92,0.84,38.26,44.16,72.27,auto,auto ancillaries,22.52,5.62,14.68,0.1,0.08,2855.39,2762.76,3.28,2026-08-12,,,,
2026-08-12T14:47:31.365,FORCEMOT,19162.0,4.54,17980.06,18210.0,17814.47,21183.3,1.99,29.15,19.29,62.2,auto,automobiles - lcvs / hcvs,14.38,7.56,2.42,-0.25,0.09,17981.78,17333.61,2.73,2026-08-12,,,,
2026-08-12T14:47:31.365,JINDALSTEL,1102.6,0.69,1071.34,1092.1,1100.3,1106.04,0.26,33.21,40.98,54.42,metals & mining,steel - large,24.23,0.21,9.21,-0.15,0.02,1056.99,1028.08,2.63,2026-08-12,,,,
2026-08-12T14:47:31.365,PNB,118.18,3.64,111.45,112.3,114.11,124.28,2.35,5.84,5.95,72.44,bank,banks - public sector,26.4,3.56,-3.25,-0.12,-0.09,113.1,110.62,2.52,2026-08-12,,,,
2026-08-12T14:47:31.365,HAL,4965.4,1.15,4707.33,4685.4,4771.03,5256.95,2.84,19.79,36.02,75.68,aerospace & defence,engineering,25.16,4.07,11.3,0.1,0.06,4698.9,4588.63,2.42,2026-08-12,,,,
2026-08-12T14:47:31.365,OIL,472.1,0.37,457.32,437.1,449.61,505.83,0.57,5.29,9.16,65.02,energy,oil drilling / allied services,28.05,5.0,12.62,-0.11,0.08,442.64,423.99,2.31,2026-08-12,,,,
2026-08-12T14:47:31.365,ATUL,6928.0,1.14,6649.3,6752.5,6794.13,7128.8,0.9,20.79,25.35,66.59,chemicals,chemicals,32.94,1.97,14.06,-0.04,0.13,6587.23,6343.65,1.95,2026-08-12,,,,
2026-08-12T14:47:31.365,KAJARIACER,1255.0,2.4,1187.66,1158.4,1170.69,1381.46,1.49,29.49,35.75,64.53,building materials,ceramics - tiles / sanitaryware,21.09,7.2,26.13,0.22,0.11,1179.84,1124.47,1.84,2026-08-12,,,,
2026-08-12T14:47:31.365,ARE&M,978.75,0.88,949.87,891.9,911.77,1079.22,4.75,23.46,19.26,66.47,auto,auto ancillaries,26.42,7.35,9.14,-0.01,-0.0,899.16,878.02,0.55,2026-08-12,,,,
2026-08-12T14:47:31.365,PFIZER,5081.1,3.73,4793.87,4840.0,4856.13,5418.56,3.73,28.42,30.48,75.01,healthcare,pharmaceuticals - multinational,27.88,4.63,4.31,-0.06,-0.02,4847.16,4739.61,0.4,2026-08-12,,,,
2026-08-12T14:47:31.365,HYUNDAI,2237.0,1.68,2148.85,2181.6,2175.07,2329.9,0.78,51.12,36.11,71.8,auto,automobiles - passenger cars,36.66,2.85,-1.19,-0.06,-0.06,2137.31,2066.74,0.33,2026-08-12,,,,
2026-08-12T14:47:31.365,BERGEPAINT,562.2,5.09,525.18,529.05,527.06,614.9,2.2,40.5,51.24,67.72,building materials,paints / varnishes,27.95,6.67,9.33,0.13,-0.06,525.18,500.12,0.04,2026-08-12,,,,
2026-08-12T14:47:31.365,ZFCVINDIA,2629.0,0.54,2559.76,2545.4,2502.93,2818.11,0.16,71.6,12.03,60.81,auto,auto ancillaries,24.4,5.04,-7.69,-0.2,-0.02,2499.36,2417.83,-0.34,2026-08-12,,,,
2026-08-12T14:47:31.365,APOLLOTYRE,443.45,0.1,432.52,432.15,431.35,461.6,0.46,20.08,16.41,59.56,auto,tyres,16.36,2.8,-11.9,-0.2,-0.18,423.55,413.42,-0.47,2026-08-12,,,,
2026-08-12T14:47:31.365,NIACL,180.31,0.52,175.15,174.8,169.33,196.78,0.26,-30.66,38.33,55.12,financials,finance & investments,19.8,6.49,21.46,0.04,0.01,167.53,164.74,-0.62,2026-08-12,,,,
2026-08-12T14:47:31.365,CIPLA,1462.8,-0.01,1426.98,1456.1,1450.06,1481.91,0.31,37.43,35.05,55.65,healthcare,pharmaceuticals - indian - bulk drugs & formln,21.77,0.88,-0.14,0.0,-0.07,1420.72,1395.17,-0.68,2026-08-12,,,,
2026-08-12T14:47:31.365,BRITANNIA,5600.0,0.04,5448.8,5363.5,5468.94,5796.59,0.74,57.03,51.78,61.04,fmcg,food - processing - mnc,13.96,2.4,-6.31,-0.12,-0.08,5373.52,5234.16,-0.94,2026-08-12,,,,
2026-08-12T14:47:31.365,GLAXO,2620.2,0.7,2527.91,2540.5,2610.59,2634.61,0.46,46.79,41.96,62.03,healthcare,pharmaceuticals - multinational,30.84,0.37,10.5,-0.08,0.02,2498.24,2411.47,-1.63,2026-08-12,,,,
2026-08-12T14:47:31.365,LTFOODS,429.8,2.5,408.66,413.1,410.87,458.2,0.6,20.35,22.74,70.54,fmcg,food - processing - indian,27.31,4.61,17.48,-0.04,0.03,405.65,389.84,-2.01,2026-08-12,,,,
2026-08-12T14:47:31.365,CONCOR,516.5,0.88,500.19,498.25,515.27,518.34,0.92,36.58,31.26,59.15,transportation,miscellaneous,19.87,0.24,0.78,-0.07,-0.04,492.45,481.72,-2.28,2026-08-12,,,,
2026-08-12T14:47:31.365,SBFC,94.02,0.19,91.6,92.35,91.49,97.81,3.29,19.92,21.42,57.05,financials,finance & investments,17.69,2.76,-5.03,-0.12,-0.17,90.3,88.23,-2.42,2026-08-12,,,,
2026-08-12T14:47:31.365,CONCORDBIO,1446.9,1.26,1395.91,1356.4,1363.6,1571.85,0.21,65.53,54.77,66.88,healthcare,pharmaceuticals - indian - bulk drugs & formln,23.92,6.11,9.62,0.04,-0.03,1347.35,1274.79,-2.63,2026-08-12,,,,
2026-08-12T14:47:31.365,COCHINSHIP,1509.0,0.87,1460.2,1416.5,1436.65,1617.52,0.4,35.89,54.92,62.01,aerospace & defence,miscellaneous,19.86,5.04,-3.82,-0.09,-0.13,1443.65,1400.54,-3.14,2026-08-12,,,,
2026-08-12T14:47:31.365,ABBOTINDIA,28100.0,0.29,27199.9,27330.0,27755.78,28616.33,0.93,37.8,38.36,58.69,healthcare,pharmaceuticals - multinational,20.65,1.24,0.02,-0.05,-0.1,27167.76,26618.58,-3.62,2026-08-12,,,,
2026-08-12T14:47:31.365,BDL,1323.3,1.2,1281.84,1235.2,1243.02,1443.71,0.88,107.06,114.0,58.6,aerospace & defence,engineering,12.88,6.46,-12.96,-0.06,-0.14,1259.66,1224.63,-3.63,2026-08-12,,,,
2026-08-12T14:47:31.365,JMFINANCIL,129.2,2.4,123.58,124.8,122.38,139.43,1.1,10.59,11.61,57.94,financials,finance & investments,9.04,5.58,-6.48,-0.15,-0.14,121.32,115.96,-4.37,2026-08-12,,,,
2026-08-12T14:47:31.365,BLS,263.03,0.83,254.32,250.8,247.2,286.78,0.66,14.23,15.21,66.39,i.t,computers - software - medium / small,26.18,6.4,-12.58,-0.17,-0.19,245.79,234.32,-7.12,2026-08-12,,,,
2026-08-12T14:47:31.365,KAYNES,3805.1,2.35,3626.49,3535.0,3741.63,3900.3,0.6,112.98,71.99,63.01,consumer discretionary,electronics - components,24.79,1.7,3.99,-0.11,-0.37,3482.43,3246.33,-9.51,2026-08-12,,,,
2026-08-12T14:47:31.365,CPPLUS,3899.4,2.47,3694.7,3550.1,3471.67,4541.0,0.98,67.84,119.75,67.12,consumer discretionary,trading,23.06,12.32,177.54,1.26,1.38,3605.05,3449.89,NaN,2026-08-12,,,,
2026-06-16T05:42:57.911,BELRISE,238.26,4.39,226.38,218.42,218.77,267.49,1.39,38.93,39.0,64.75,auto,auto ancillaries,13.04,8.91,54.35,0.37,0.43,217.79,206.18,31.91,2026-06-16,,,,
2026-06-16T05:42:57.911,APARINDS,15986.0,5.03,15065.54,13286.0,13790.14,19279.79,1.71,63.35,65.73,76.63,industrials,electric equipment,39.65,15.92,78.02,0.64,0.77,14492.79,13560.88,24.55,2026-06-16,,,,
2026-06-16T05:42:57.911,CHENNPETRO,1210.6,6.41,1131.9,1115.2,1158.2,1289.2,1.12,3.17,5.81,64.48,energy,refineries,24.05,4.52,17.12,0.21,0.55,1088.73,1012.53,20.58,2026-06-16,,,,
2026-06-16T05:42:57.911,CUMMINSIND,5754.0,2.36,5517.4,5541.0,5672.55,5876.18,0.73,61.4,67.54,60.24,industrials,engines,22.67,1.44,30.92,0.17,0.4,5429.36,5219.38,16.15,2026-06-16,,,,
2026-06-16T05:42:57.911,RBLBANK,372.65,1.86,360.59,345.95,351.84,403.86,1.4,23.53,25.99,68.32,bank,banks - private sector,24.19,5.91,16.9,0.1,0.31,349.44,334.53,15.91,2026-06-16,,,,
2026-06-16T05:42:57.911,MAHABANK,89.12,2.08,86.47,79.6,80.66,101.81,1.5,8.38,9.76,72.22,bank,banks - public sector,15.88,10.49,55.58,0.43,0.56,83.26,80.84,15.72,2026-06-16,,,,
2026-06-16T05:42:57.911,CRAFTSMAN,9337.0,4.7,8810.2,8683.5,8925.7,9953.96,0.78,45.02,53.13,64.9,auto,auto ancillaries,41.71,4.61,32.03,0.22,0.34,8657.51,8206.9,15.1,2026-06-16,,,,
2026-06-16T05:42:57.911,CEMPRO,1178.5,5.0,1115.04,1104.5,1141.73,1233.66,0.09,20.9,33.86,65.49,realty,construction,47.26,3.22,43.61,0.31,0.39,1041.82,939.31,14.78,2026-06-16,,,,
2026-06-16T05:42:57.911,BHARATFORG,2020.5,3.88,1915.7,1877.0,1902.11,2198.08,1.28,103.94,89.48,65.32,industrials,castings & forgings,10.31,6.22,45.49,0.32,0.62,1892.22,1811.5,14.69,2026-06-16,,,,
2026-06-16T05:42:57.911,USHAMART,494.95,1.74,481.47,473.45,491.26,500.49,0.54,25.51,32.35,55.79,metals & mining,steel - medium / small,21.07,0.75,5.99,0.06,0.07,461.63,443.49,13.72,2026-06-16,,,,
2026-06-16T05:42:57.911,ABCAPITAL,368.2,2.82,355.89,334.8,343.85,404.73,0.94,21.36,25.57,58.81,financials,finance & investments,12.52,7.08,11.83,-0.04,0.24,340.88,326.68,12.85,2026-06-16,,,,
2026-06-16T05:42:57.911,ABSLAMC,1146.1,4.08,1070.36,1041.0,1036.19,1310.96,2.17,44.22,33.94,65.24,financials,finance & investments,31.53,10.61,55.63,0.42,0.38,1050.43,991.08,11.49,2026-06-16,,,,
2026-06-16T05:42:57.911,NAM-INDIA,1140.1,4.68,1077.9,1037.9,1063.0,1255.75,1.16,47.19,47.43,60.05,financials,finance & investments,22.36,7.25,30.58,0.27,0.28,1046.94,987.97,10.98,2026-06-16,,,,
2026-06-16T05:42:57.911,IFCI,89.6,5.95,83.01,70.01,76.09,109.86,6.42,448.0,133.73,70.81,financials,finance - term-lending institutions,38.68,17.75,63.26,0.71,0.57,76.71,68.74,10.9,2026-06-16,,,,
2026-06-16T05:42:57.911,KEI,5460.5,1.69,5300.82,5118.0,5209.19,5837.46,0.61,45.9,56.82,62.06,industrials,cables - power,13.16,4.82,34.08,0.24,0.27,5126.16,4934.9,10.88,2026-06-16,,,,
2026-06-16T05:42:57.911,MOTHERSON,148.12,3.29,143.18,139.27,143.82,154.56,0.88,26.08,37.98,64.66,auto,auto ancillaries,38.79,2.99,40.6,0.14,0.36,138.19,132.53,10.77,2026-06-16,,,,
2026-06-16T05:42:57.911,SAMMAANCAP,180.75,3.63,174.1,167.27,181.63,179.43,0.63,-0.46,-2.07,62.82,financials,finance - housing,32.53,-0.49,2.26,0.15,0.28,165.55,155.87,10.12,2026-06-16,,,,
2026-06-16T05:42:57.911,ACMESOLAR,347.25,3.43,328.59,333.0,339.9,358.27,0.88,37.74,42.14,66.7,realty,engineering - turnkey services,40.91,2.16,36.44,0.41,0.2,314.59,294.85,9.07,2026-06-16,,,,
2026-06-16T05:42:57.911,CGCL,214.18,2.73,204.52,198.0,200.09,235.32,2.2,18.21,21.21,71.1,financials,finance & investments,34.69,7.04,7.51,0.07,0.1,199.02,195.38,9.03,2026-06-16,,,,
2026-06-16T05:42:57.911,CGPOWER,935.5,2.3,898.22,897.5,915.57,965.39,0.7,100.81,121.34,63.8,industrials,electric equipment,27.01,2.18,26.49,0.29,0.19,879.65,845.17,8.98,2026-06-16,,,,
2026-06-16T05:42:57.911,EICHERMOT,7624.5,4.27,7134.4,7050.0,7102.19,8407.97,1.35,34.4,37.92,67.11,auto,automobiles - motorcycles / mopeds,14.2,7.35,10.84,-0.03,0.06,7223.07,6942.0,8.96,2026-06-16,,,,
2026-06-16T05:42:57.911,RADICO,3592.0,1.42,3489.0,3436.5,3448.0,3808.0,0.71,66.97,79.54,62.66,fmcg,breweries & distilleries,24.83,4.18,8.78,0.03,0.17,3426.0,3349.7,8.68,2026-06-16,,,,
2026-06-16T05:42:57.911,AIAENG,4469.2,3.13,4275.05,4290.5,4532.39,4374.42,0.74,26.51,32.84,61.5,industrials,castings & forgings,27.61,-1.39,24.06,0.13,0.39,4174.4,4003.1,7.61,2026-06-16,,,,
2026-06-16T05:42:57.911,AEGISLOG,984.3,4.22,901.85,754.05,808.26,1248.37,3.48,21.05,38.46,83.91,services,trading,39.92,21.78,23.13,0.23,0.23,860.22,787.86,6.62,2026-06-16,,,,
2026-06-16T05:42:57.911,BANDHANBNK,210.88,3.07,203.84,193.51,201.3,225.25,1.02,15.88,27.75,61.2,bank,banks - private sector,21.69,4.76,35.93,0.34,0.3,194.4,186.1,5.96,2026-06-16,,,,
2026-06-16T05:42:57.911,MRPL,168.95,4.93,160.83,150.81,150.92,196.0,1.64,63.04,15.37,59.83,energy,refineries,18.04,11.95,-2.87,0.04,0.26,153.28,143.83,5.35,2026-06-16,,,,
2026-06-16T05:42:57.911,MINDACORP,662.55,3.98,628.18,627.1,652.22,678.04,3.0,31.31,43.28,72.63,auto,auto ancillaries,35.18,1.58,9.05,0.05,0.11,612.23,591.79,5.13,2026-06-16,,,,
2026-06-16T05:42:57.911,ANGELONE,352.3,3.77,335.99,321.65,333.04,381.19,1.41,25.02,5.09,62.77,financials,finance & investments,17.23,5.78,31.72,0.26,0.55,323.64,306.0,4.53,2026-06-16,,,,
2026-06-16T05:42:57.911,JINDALSAW,246.31,3.27,239.12,221.7,234.88,263.46,0.91,28.12,16.12,56.25,industrials,steel - large,17.77,4.87,43.56,0.42,0.13,220.46,206.31,4.13,2026-06-16,,,,
2026-06-16T05:42:57.911,PHOENIXLTD,1846.9,5.08,1731.37,1721.7,1712.35,2048.72,1.34,40.93,53.97,63.47,realty,construction,15.05,7.86,6.64,-0.02,0.14,1721.79,1642.75,4.09,2026-06-16,,,,
2026-06-16T05:42:57.911,NUVAMA,1660.9,4.58,1583.48,1497.6,1542.49,1838.51,1.66,28.07,9.62,68.71,financials,finance & investments,26.28,7.68,12.99,0.06,0.33,1529.91,1457.46,3.89,2026-06-16,,,,
2026-06-16T05:42:57.911,INDUSINDBK,933.2,1.73,904.64,881.75,889.97,998.04,1.28,30.58,81.79,57.93,bank,banks - private sector,14.04,4.86,7.98,0.03,0.22,876.29,853.91,3.71,2026-06-16,,,,
2026-06-16T05:42:57.911,YESBANK,23.78,3.3,22.79,22.18,22.81,25.23,1.31,17.49,21.42,63.81,bank,banks - private sector,22.13,4.24,8.79,-0.0,0.08,22.28,21.38,3.6,2026-06-16,,,,
2026-06-16T05:42:57.911,LT,4169.8,2.98,4047.4,3854.4,3904.95,4567.07,1.41,26.93,35.66,64.29,realty,engineering - turnkey services,14.02,6.78,5.46,-0.04,0.11,3958.57,3845.25,3.56,2026-06-16,,,,
2026-06-16T05:42:57.911,VBL,541.0,3.6,516.66,517.5,524.59,565.62,1.1,52.42,57.55,63.39,fmcg,food - processing - indian,17.52,3.13,17.85,0.04,0.16,511.63,491.96,3.49,2026-06-16,,,,
2026-06-16T05:42:57.911,CARBORUNIV,1065.9,1.22,1033.8,993.2,1008.13,1152.55,0.5,-286.53,103.39,59.86,industrials,abrasives and grinding wheels,37.4,5.73,19.91,0.13,0.08,981.97,935.61,3.27,2026-06-16,,,,
2026-06-16T05:42:57.911,ZFCVINDIA,15092.0,2.57,14539.28,14225.0,14284.44,16303.34,1.46,48.91,55.35,60.43,auto,auto ancillaries,13.6,5.65,17.41,-0.02,0.14,14266.68,13754.69,2.29,2026-06-16,,,,
2026-06-16T05:42:57.911,IDFCFIRSTB,78.33,2.39,75.69,72.05,72.6,86.93,1.09,51.53,41.44,77.05,bank,banks - private sector,24.28,7.9,-3.68,-0.11,0.08,73.73,71.04,2.26,2026-06-16,,,,
2026-06-16T05:42:57.911,AIIL,558.7,5.39,520.38,455.9,452.62,717.82,9.23,181.4,5.03,69.14,financials,finance & investments,19.15,23.44,0.0,-0.02,-0.1,489.55,460.59,2.12,2026-06-16,,,,
2026-06-16T05:42:57.911,MOTILALOFS,939.45,5.74,884.94,826.15,842.81,1084.4,1.93,-63.65,30.15,65.47,financials,finance & investments,21.47,11.47,-5.72,0.04,-0.01,862.23,810.41,2.08,2026-06-16,,,,
2026-06-16T05:42:57.911,THELEELA,458.2,6.61,424.34,402.1,407.64,534.03,5.71,11.71,27.0,70.25,services,hotels,14.84,12.4,6.01,0.08,0.03,420.86,407.41,1.82,2026-06-16,,,,
2026-06-16T05:42:57.911,MARUTI,13805.0,3.28,13249.6,12851.0,12882.24,15189.14,1.28,29.66,29.57,65.94,auto,automobiles - passenger cars,11.0,7.16,-12.05,-0.22,-0.18,13142.06,12800.85,1.74,2026-06-16,,,,
2026-06-16T05:42:57.911,TEGA,1781.7,1.43,1732.64,1680.0,1771.3,1797.3,0.64,78.42,86.62,56.39,industrials,engineering,24.97,0.59,-8.94,-0.13,-0.12,1629.93,1545.6,1.7,2026-06-16,,,,
2026-06-16T05:42:57.911,TBOTEK,1452.0,7.33,1361.42,1185.0,1213.46,1809.81,14.95,64.59,63.49,77.45,i.t,travel agencies,21.27,19.66,-9.47,-0.19,-0.09,1297.7,1227.87,1.66,2026-06-16,,,,
2026-06-16T05:42:57.911,TIINDIA,3226.1,2.68,3106.5,2962.0,3063.96,3469.31,0.72,182.47,98.0,61.51,industrials,steel - large,17.97,5.29,6.29,0.12,-0.03,2978.06,2824.83,1.63,2026-06-16,,,,
2026-06-16T05:42:57.911,360ONE,1130.8,3.1,1083.88,1031.3,1055.47,1243.79,1.75,39.71,37.49,60.65,financials,finance & investments,11.02,7.14,3.86,-0.08,0.07,1060.07,1010.92,1.62,2026-06-16,,,,
2026-06-16T05:42:57.911,TATATECH,771.9,1.43,741.96,725.85,762.39,786.17,0.69,38.36,57.35,66.88,i.t,computers - software - medium / small,49.72,1.25,10.92,0.08,0.1,716.86,677.68,1.21,2026-06-16,,,,
2026-06-16T05:42:57.911,CHOLAFIN,1653.6,5.45,1575.15,1449.3,1445.93,1965.1,2.22,21.39,26.7,62.55,financials,finance & investments,13.31,14.36,-3.78,-0.11,0.0,1519.99,1430.19,1.17,2026-06-16,,,,
2026-06-16T05:42:57.911,HYUNDAI,2030.1,2.01,1968.04,1863.0,1899.17,2226.49,0.37,32.85,30.37,69.2,auto,automobiles - passenger cars,23.16,6.89,-15.2,-0.2,-0.28,1909.36,1847.71,0.91,2026-06-16,,,,
2026-06-16T05:42:57.911,PIDILITIND,1571.0,2.31,1524.68,1465.0,1477.76,1710.86,1.73,69.02,51.22,73.04,chemicals,chemicals,22.54,6.31,6.01,-0.01,0.02,1497.29,1453.7,0.76,2026-06-16,,,,
2026-06-16T05:42:57.911,RAINBOW,1418.6,3.93,1346.52,1313.5,1340.78,1535.33,1.51,46.73,51.75,70.6,healthcare,healthcare,19.32,5.8,4.41,-0.05,-0.01,1341.32,1289.77,-0.07,2026-06-16,,,,
2026-06-16T05:42:57.911,JSWDULUX,3242.6,2.34,3138.06,3080.7,3112.08,3438.37,0.58,29.37,7.48,66.68,building materials,paints / varnishes,37.85,4.19,-2.02,-0.16,-0.08,3015.94,2878.34,-0.17,2026-06-16,,,,
2026-06-16T05:42:57.911,MMTC,70.19,3.13,66.84,62.9,64.39,78.89,3.49,20.89,27.1,61.25,services,trading,23.45,9.01,6.01,0.2,-0.01,62.74,59.15,-0.26,2026-06-16,,,,
2026-06-16T05:42:57.911,PETRONET,285.9,4.06,274.64,261.15,265.05,317.18,1.37,7.82,10.96,63.27,energy,miscellaneous,14.52,7.87,2.14,-0.03,0.02,269.13,261.65,-1.08,2026-06-16,,,,
2026-06-16T05:42:57.911,GAIL,175.41,2.88,168.67,165.01,165.93,189.64,1.57,19.4,15.21,67.44,energy,miscellaneous,16.29,5.72,-3.84,-0.04,-0.03,166.05,160.83,-1.52,2026-06-16,,,,
2026-06-16T05:42:57.911,AEGISVOPAK,231.69,6.35,215.36,184.32,190.55,293.4,2.49,93.42,108.77,71.68,transportation,miscellaneous,16.74,21.59,-14.04,-0.14,-0.08,206.11,189.24,-2.03,2026-06-16,,,,
2026-06-16T05:42:57.911,INDHOTEL,689.85,1.53,671.3,654.05,653.54,744.31,1.04,40.97,47.12,62.39,services,hotels,10.81,5.56,-2.4,-0.13,-0.09,653.81,635.82,-2.68,2026-06-16,,,,
2026-06-16T05:42:57.911,MPHASIS,2309.7,1.73,2239.59,2234.0,2293.86,2333.46,0.91,21.6,23.61,54.23,i.t,computers - software - large,11.58,0.69,-18.26,-0.27,-0.18,2171.25,2105.61,-2.69,2026-06-16,,,,
2026-06-16T05:42:57.911,INDIGO,4880.4,3.62,4713.9,4375.0,4482.52,5477.22,1.69,-18.59,-78.87,67.74,transportation,transport - airlines,16.48,8.88,-15.79,-0.07,-0.17,4574.37,4405.94,-2.72,2026-06-16,,,,
2026-06-16T05:42:57.911,REDINGTON,242.79,2.82,232.27,227.1,233.91,256.11,0.83,12.12,12.74,59.46,services,trading,23.39,3.8,-17.64,-0.2,-0.13,223.32,211.82,-2.82,2026-06-16,,,,
2026-06-16T05:42:57.911,MAXHEALTH,1028.9,1.62,990.83,995.75,961.54,1129.93,0.47,73.08,69.33,57.52,healthcare,healthcare,15.21,7.0,-6.71,-0.13,-0.13,983.13,951.9,-2.91,2026-06-16,,,,
2026-06-16T05:42:57.911,NBCC,107.36,2.09,103.88,99.54,103.41,113.29,1.4,30.16,40.36,62.93,miscellaneous,miscellaneous,25.28,3.82,-3.57,-0.09,-0.05,98.95,94.16,-2.92,2026-06-16,,,,
2026-06-16T05:42:57.911,PRESTIGE,1472.5,6.14,1366.12,1311.0,1319.77,1701.59,1.33,63.36,53.04,62.45,realty,construction,11.83,11.57,-13.4,-0.18,-0.07,1359.5,1283.65,-2.95,2026-06-16,,,,
2026-06-16T05:42:57.911,CASTROLIND,185.54,1.57,180.81,181.21,181.92,190.98,3.4,18.93,19.03,61.11,chemicals,chemicals,11.82,1.99,-2.1,-0.07,-0.11,181.01,180.38,-3.15,2026-06-16,,,,
2026-06-16T05:42:57.911,MGL,1139.0,4.03,1086.72,1044.0,1054.08,1266.38,0.99,21.65,13.38,60.54,energy,miscellaneous,13.08,8.06,-7.47,-0.07,-0.13,1067.13,1019.22,-3.27,2026-06-16,,,,
2026-06-16T05:42:57.911,COROMANDEL,1986.3,3.63,1878.66,1745.5,1752.59,2336.87,1.1,104.54,29.91,62.46,chemicals,fertilizers,27.13,13.34,-9.06,-0.19,-0.14,1845.73,1753.01,-3.32,2026-06-16,,,,
2026-06-16T05:42:57.911,PAGEIND,39195.0,1.48,38097.5,37545.0,37942.75,41073.37,0.47,61.15,57.23,59.8,consumer discretionary,textiles - products,22.43,3.3,-3.75,-0.03,-0.11,37031.18,35948.31,-3.34,2026-06-16,,,,
2026-06-16T05:42:57.911,ELECON,560.35,4.38,522.24,512.0,512.88,631.56,1.47,518.84,36.84,64.57,industrials,engineering,23.63,9.26,6.66,0.08,-0.07,511.65,478.77,-3.54,2026-06-16,,,,
2026-06-16T05:42:57.911,SAREGAMA,462.6,1.48,443.11,433.25,459.41,467.39,0.2,29.96,43.19,64.68,media,entertainment / electronic media software,56.42,0.7,13.49,0.16,-0.06,419.76,393.08,-3.7,2026-06-16,,,,
2026-06-16T05:42:57.911,IGL,169.62,3.73,161.7,159.21,160.64,183.08,1.0,17.45,15.34,61.72,energy,miscellaneous,12.57,5.59,-19.03,-0.15,-0.2,160.58,154.69,-4.75,2026-06-16,,,,
2026-06-16T05:42:57.911,DIXON,11957.0,3.56,11422.88,11285.0,11420.66,12761.51,1.08,60.73,43.9,60.99,consumer discretionary,electronics - consumer,12.71,4.7,-21.89,-0.15,-0.37,11243.49,10826.36,-5.29,2026-06-16,,,,
2026-06-16T05:42:57.911,IDBI,76.88,1.98,74.75,72.15,72.2,83.9,1.87,10.28,8.97,58.46,bank,banks - private sector,14.36,6.48,-23.01,-0.26,-0.18,70.82,69.16,-5.54,2026-06-16,,,,
2026-06-16T05:42:57.911,PCBL,303.1,4.43,289.1,275.7,280.31,337.28,1.82,74.29,58.4,59.35,chemicals,chemicals,9.96,8.13,-12.91,-0.11,-0.24,279.44,266.19,-6.16,2026-06-16,,,,
2026-06-16T05:42:57.911,CONCORDBIO,1380.2,1.95,1315.16,1195.1,1223.27,1615.59,0.76,40.79,55.7,72.39,healthcare,pharmaceuticals - indian - bulk drugs & formln,25.64,12.83,-5.67,-0.07,-0.16,1257.46,1193.11,-6.28,2026-06-16,,,,
2026-06-16T05:42:57.911,DLF,614.45,4.67,586.33,555.5,564.74,689.02,2.18,30.0,34.46,61.52,realty,construction,16.06,8.8,-19.18,-0.18,-0.18,573.9,549.34,-6.86,2026-06-16,,,,
2026-06-16T05:42:57.911,INTELLECT,758.55,2.09,730.93,722.0,721.61,813.96,0.48,21.85,30.35,58.36,i.t,computers - software - medium / small,18.54,5.12,-33.88,-0.33,-0.31,704.6,671.59,-7.77,2026-06-16,,,,
2026-06-16T05:42:57.911,LODHA,920.85,2.4,899.35,848.0,865.73,1003.53,0.75,22.82,26.82,56.6,realty,construction,11.93,6.37,-24.32,-0.22,-0.23,852.86,823.97,-8.82,2026-06-16,,,,
2026-06-16T05:42:57.911,JSWCEMENT,130.55,2.5,126.03,122.8,126.39,136.79,0.53,11.78,-14.17,56.91,building materials,cement - north india,18.1,3.29,7.36,0.03,-0.12,122.85,118.15,NaN,2026-06-16,,,,
2026-06-16T05:42:57.911,TATACAP,340.7,4.49,321.93,311.0,310.96,385.31,2.2,24.06,29.07,68.86,financials,finance & investments,18.03,9.56,4.92,-0.04,NaN,322.04,309.35,NaN,2026-06-16,,,,
2026-06-16T05:42:57.911,GROWW,207.34,4.21,194.83,188.61,186.34,238.84,1.37,46.7,45.07,63.47,financials,finance & investments,14.98,11.27,58.63,0.31,NaN,193.0,182.9,NaN,2026-06-16,,,,
2026-06-15T21:58:44.65,BELRISE,238.26,4.39,226.38,218.42,218.77,267.49,1.39,38.93,37.35,64.75,auto,auto ancillaries,13.04,8.91,54.35,0.37,0.43,217.79,206.18,31.91,2026-06-15,,,,
2026-06-15T21:58:44.65,APARINDS,15986.0,5.03,15065.54,13286.0,13790.14,19279.79,1.71,63.35,62.58,76.63,industrials,electric equipment,39.65,15.92,78.02,0.64,0.77,14492.79,13560.88,24.55,2026-06-15,,,,
2026-06-15T21:58:44.65,CHENNPETRO,1210.6,6.41,1131.9,1115.2,1158.2,1289.2,1.12,3.17,5.46,64.48,energy,refineries,24.05,4.52,17.12,0.21,0.55,1088.73,1012.53,20.58,2026-06-15,,,,
2026-06-15T21:58:44.65,CUMMINSIND,5754.0,2.36,5517.4,5541.0,5672.55,5876.18,0.73,61.4,65.98,60.24,industrials,engines,22.67,1.44,30.92,0.17,0.4,5429.36,5219.38,16.15,2026-06-15,,,,
2026-06-15T21:58:44.65,RBLBANK,372.65,1.86,360.59,345.95,351.84,403.86,1.4,23.53,25.51,68.32,bank,banks - private sector,24.19,5.91,16.9,0.1,0.31,349.44,334.53,15.91,2026-06-15,,,,
2026-06-15T21:58:44.65,MAHABANK,89.12,2.08,86.47,79.6,80.66,101.81,1.5,8.38,9.56,72.22,bank,banks - public sector,15.88,10.49,55.58,0.43,0.56,83.26,80.84,15.72,2026-06-15,,,,
2026-06-15T21:58:44.65,CRAFTSMAN,9337.0,4.7,8810.2,8683.5,8925.7,9953.96,0.78,45.02,50.74,64.9,auto,auto ancillaries,41.71,4.61,32.03,0.22,0.34,8657.51,8206.9,15.1,2026-06-15,,,,
2026-06-15T21:58:44.65,CEMPRO,1178.5,5.0,1115.04,1104.5,1141.73,1233.66,0.09,20.9,32.24,65.49,realty,construction,47.26,3.22,43.61,0.31,0.39,1041.82,939.31,14.78,2026-06-15,,,,
2026-06-15T21:58:44.65,BHARATFORG,2020.5,3.88,1915.7,1877.0,1902.11,2198.08,1.28,103.94,86.14,65.32,industrials,castings & forgings,10.31,6.22,45.49,0.32,0.62,1892.22,1811.5,14.69,2026-06-15,,,,
2026-06-15T21:58:44.65,USHAMART,494.95,1.74,481.47,473.45,491.26,500.49,0.54,25.51,31.8,55.79,metals & mining,steel - medium / small,21.07,0.75,5.99,0.06,0.07,461.63,443.49,13.72,2026-06-15,,,,
2026-06-15T21:58:44.65,ABCAPITAL,368.2,2.82,355.89,334.8,343.85,404.73,0.94,21.36,24.87,58.81,financials,finance & investments,12.52,7.08,11.83,-0.04,0.24,340.88,326.68,12.85,2026-06-15,,,,
2026-06-15T21:58:44.65,ABSLAMC,1146.1,4.08,1070.36,1041.0,1036.19,1310.96,2.17,44.22,32.61,65.24,financials,finance & investments,31.53,10.61,55.63,0.42,0.38,1050.43,991.08,11.49,2026-06-15,,,,
2026-06-15T21:58:44.65,NAM-INDIA,1140.1,4.68,1077.9,1037.9,1063.0,1255.75,1.16,47.19,45.3,60.05,financials,finance & investments,22.36,7.25,30.58,0.27,0.28,1046.94,987.97,10.98,2026-06-15,,,,
2026-06-15T21:58:44.65,IFCI,89.6,5.95,83.01,70.01,76.09,109.86,6.42,448.0,126.22,70.81,financials,finance - term-lending institutions,38.68,17.75,63.26,0.71,0.57,76.71,68.74,10.9,2026-06-15,,,,
2026-06-15T21:58:44.65,KEI,5460.5,1.69,5300.82,5118.0,5209.19,5837.46,0.61,45.9,55.87,62.06,industrials,cables - power,13.16,4.82,34.08,0.24,0.27,5126.16,4934.9,10.88,2026-06-15,,,,
2026-06-15T21:58:44.65,MOTHERSON,148.12,3.29,143.18,139.27,143.82,154.56,0.88,26.08,36.77,64.66,auto,auto ancillaries,38.79,2.99,40.6,0.14,0.36,138.19,132.53,10.77,2026-06-15,,,,
2026-06-15T21:58:44.65,SAMMAANCAP,180.75,3.63,174.1,167.27,181.63,179.43,0.63,-0.46,-2.0,62.82,financials,finance - housing,32.53,-0.49,2.26,0.15,0.28,165.55,155.87,10.12,2026-06-15,,,,
2026-06-15T21:58:44.65,ACMESOLAR,347.25,3.43,328.59,333.0,339.9,358.27,0.88,37.74,40.75,66.7,realty,engineering - turnkey services,40.91,2.16,36.44,0.41,0.2,314.59,294.85,9.07,2026-06-15,,,,
2026-06-15T21:58:44.65,CGCL,214.18,2.73,204.52,198.0,200.09,235.32,2.2,18.21,20.64,71.1,financials,finance & investments,34.69,7.04,7.51,0.07,0.1,199.02,195.38,9.03,2026-06-15,,,,
2026-06-15T21:58:44.65,CGPOWER,935.5,2.3,898.22,897.5,915.57,965.39,0.7,100.81,118.61,63.8,industrials,electric equipment,27.01,2.18,26.49,0.29,0.19,879.65,845.17,8.98,2026-06-15,,,,
2026-06-15T21:58:44.65,EICHERMOT,7624.5,4.27,7134.4,7050.0,7102.19,8407.97,1.35,34.4,36.36,67.11,auto,automobiles - motorcycles / mopeds,14.2,7.35,10.84,-0.03,0.06,7223.07,6942.0,8.96,2026-06-15,,,,
2026-06-15T21:58:44.65,RADICO,3592.0,1.42,3489.0,3436.5,3448.0,3808.0,0.71,66.97,78.43,62.66,fmcg,breweries & distilleries,24.83,4.18,8.78,0.03,0.17,3426.0,3349.7,8.68,2026-06-15,,,,
2026-06-15T21:58:44.65,AIAENG,4469.2,3.13,4275.05,4290.5,4532.39,4374.42,0.74,26.51,31.84,61.5,industrials,castings & forgings,27.61,-1.39,24.06,0.13,0.39,4174.4,4003.1,7.61,2026-06-15,,,,
2026-06-15T21:58:44.65,AEGISLOG,984.3,4.22,901.85,754.05,808.26,1248.37,3.48,21.05,36.91,83.91,services,trading,39.92,21.78,23.13,0.23,0.23,860.22,787.86,6.62,2026-06-15,,,,
2026-06-15T21:58:44.65,BANDHANBNK,210.88,3.07,203.84,193.51,201.3,225.25,1.02,15.88,26.92,61.2,bank,banks - private sector,21.69,4.76,35.93,0.34,0.3,194.4,186.1,5.96,2026-06-15,,,,
2026-06-15T21:58:44.65,MRPL,168.95,4.93,160.83,150.81,150.92,196.0,1.64,63.04,14.65,59.83,energy,refineries,18.04,11.95,-2.87,0.04,0.26,153.28,143.83,5.35,2026-06-15,,,,
2026-06-15T21:58:44.65,MINDACORP,662.55,3.98,628.18,627.1,652.22,678.04,3.0,31.31,41.62,72.63,auto,auto ancillaries,35.18,1.58,9.05,0.05,0.11,612.23,591.79,5.13,2026-06-15,,,,
2026-06-15T21:58:44.65,ANGELONE,352.3,3.77,335.99,321.65,333.04,381.19,1.41,25.02,4.91,62.77,financials,finance & investments,17.23,5.78,31.72,0.26,0.55,323.64,306.0,4.53,2026-06-15,,,,
2026-06-15T21:58:44.65,JINDALSAW,246.31,3.27,239.12,221.7,234.88,263.46,0.91,28.12,15.61,56.25,industrials,steel - large,17.77,4.87,43.56,0.42,0.13,220.46,206.31,4.13,2026-06-15,,,,
2026-06-15T21:58:44.65,PHOENIXLTD,1846.9,5.08,1731.37,1721.7,1712.35,2048.72,1.34,40.93,51.36,63.47,realty,construction,15.05,7.86,6.64,-0.02,0.14,1721.79,1642.75,4.09,2026-06-15,,,,
2026-06-15T21:58:44.65,NUVAMA,1660.9,4.58,1583.48,1497.6,1542.49,1838.51,1.66,28.07,9.2,68.71,financials,finance & investments,26.28,7.68,12.99,0.06,0.33,1529.91,1457.46,3.89,2026-06-15,,,,
2026-06-15T21:58:44.65,INDUSINDBK,933.2,1.73,904.64,881.75,889.97,998.04,1.28,30.58,80.4,57.93,bank,banks - private sector,14.04,4.86,7.98,0.03,0.22,876.29,853.91,3.71,2026-06-15,,,,
2026-06-15T21:58:44.65,YESBANK,23.78,3.3,22.79,22.18,22.81,25.23,1.31,17.49,20.74,63.81,bank,banks - private sector,22.13,4.24,8.79,-0.0,0.08,22.28,21.38,3.6,2026-06-15,,,,
2026-06-15T21:58:44.65,LT,4169.8,2.98,4047.4,3854.4,3904.95,4567.07,1.41,26.93,34.63,64.29,realty,engineering - turnkey services,14.02,6.78,5.46,-0.04,0.11,3958.57,3845.25,3.56,2026-06-15,,,,
2026-06-15T21:58:44.65,VBL,541.0,3.6,516.66,517.5,524.59,565.62,1.1,52.42,55.55,63.39,fmcg,food - processing - indian,17.52,3.13,17.85,0.04,0.16,511.63,491.96,3.49,2026-06-15,,,,
2026-06-15T21:58:44.65,CARBORUNIV,1065.9,1.22,1033.8,993.2,1008.13,1152.55,0.5,-286.53,102.14,59.86,industrials,abrasives and grinding wheels,37.4,5.73,19.91,0.13,0.08,981.97,935.61,3.27,2026-06-15,,,,
2026-06-15T21:58:44.65,ZFCVINDIA,15092.0,2.57,14539.28,14225.0,14284.44,16303.34,1.46,48.91,53.97,60.43,auto,auto ancillaries,13.6,5.65,17.41,-0.02,0.14,14266.68,13754.69,2.29,2026-06-15,,,,
2026-06-15T21:58:44.65,IDFCFIRSTB,78.33,2.39,75.69,72.05,72.6,86.93,1.09,51.53,40.48,77.05,bank,banks - private sector,24.28,7.9,-3.68,-0.11,0.08,73.73,71.04,2.26,2026-06-15,,,,
2026-06-15T21:58:44.65,AIIL,558.7,5.39,520.38,455.9,452.62,717.82,9.23,181.4,4.78,69.14,financials,finance & investments,19.15,23.44,0.0,-0.02,-0.1,489.55,460.59,2.12,2026-06-15,,,,
2026-06-15T21:58:44.65,MOTILALOFS,939.45,5.74,884.94,826.15,842.81,1084.4,1.93,-63.65,28.51,65.47,financials,finance & investments,21.47,11.47,-5.72,0.04,-0.01,862.23,810.41,2.08,2026-06-15,,,,
2026-06-15T21:58:44.65,THELEELA,458.2,6.61,424.34,402.1,407.64,534.03,5.71,11.71,25.33,70.25,services,hotels,14.84,12.4,6.01,0.08,0.03,420.86,407.41,1.82,2026-06-15,,,,
2026-06-15T21:58:44.65,MARUTI,13805.0,3.28,13249.6,12851.0,12882.24,15189.14,1.28,29.66,28.63,65.94,auto,automobiles - passenger cars,11.0,7.16,-12.05,-0.22,-0.18,13142.06,12800.85,1.74,2026-06-15,,,,
2026-06-15T21:58:44.65,TEGA,1781.7,1.43,1732.64,1680.0,1771.3,1797.3,0.64,78.42,85.39,56.39,industrials,engineering,24.97,0.59,-8.94,-0.13,-0.12,1629.93,1545.6,1.7,2026-06-15,,,,
2026-06-15T21:58:44.65,TBOTEK,1452.0,7.33,1361.42,1185.0,1213.46,1809.81,14.95,64.59,59.15,77.45,i.t,travel agencies,21.27,19.66,-9.47,-0.19,-0.09,1297.7,1227.87,1.66,2026-06-15,,,,
2026-06-15T21:58:44.65,TIINDIA,3226.1,2.68,3106.5,2962.0,3063.96,3469.31,0.72,182.47,95.44,61.51,industrials,steel - large,17.97,5.29,6.29,0.12,-0.03,2978.06,2824.83,1.63,2026-06-15,,,,
2026-06-15T21:58:44.65,360ONE,1130.8,3.1,1083.88,1031.3,1055.47,1243.79,1.75,39.71,36.37,60.65,financials,finance & investments,11.02,7.14,3.86,-0.08,0.07,1060.07,1010.92,1.62,2026-06-15,,,,
2026-06-15T21:58:44.65,TATATECH,771.9,1.43,741.96,725.85,762.39,786.17,0.69,38.36,56.54,66.88,i.t,computers - software - medium / small,49.72,1.25,10.92,0.08,0.1,716.86,677.68,1.21,2026-06-15,,,,
2026-06-15T21:58:44.65,CHOLAFIN,1653.6,5.45,1575.15,1449.3,1445.93,1965.1,2.22,21.39,25.32,62.55,financials,finance & investments,13.31,14.36,-3.78,-0.11,0.0,1519.99,1430.19,1.17,2026-06-15,,,,
2026-06-15T21:58:44.65,HYUNDAI,2030.1,2.01,1968.04,1863.0,1899.17,2226.49,0.37,32.85,29.77,69.2,auto,automobiles - passenger cars,23.16,6.89,-15.2,-0.2,-0.28,1909.36,1847.71,0.91,2026-06-15,,,,
2026-06-15T21:58:44.65,PIDILITIND,1571.0,2.31,1524.68,1465.0,1477.76,1710.86,1.73,69.02,50.07,73.04,chemicals,chemicals,22.54,6.31,6.01,-0.01,0.02,1497.29,1453.7,0.76,2026-06-15,,,,
2026-06-15T21:58:44.65,RAINBOW,1418.6,3.93,1346.52,1313.5,1340.78,1535.33,1.51,46.73,49.8,70.6,healthcare,healthcare,19.32,5.8,4.41,-0.05,-0.01,1341.32,1289.77,-0.07,2026-06-15,,,,
2026-06-15T21:58:44.65,JSWDULUX,3242.6,2.34,3138.06,3080.7,3112.08,3438.37,0.58,29.37,7.31,66.68,building materials,paints / varnishes,37.85,4.19,-2.02,-0.16,-0.08,3015.94,2878.34,-0.17,2026-06-15,,,,
2026-06-15T21:58:44.65,MMTC,70.19,3.13,66.84,62.9,64.39,78.89,3.49,20.89,26.28,61.25,services,trading,23.45,9.01,6.01,0.2,-0.01,62.74,59.15,-0.26,2026-06-15,,,,
2026-06-15T21:58:44.65,PETRONET,285.9,4.06,274.64,261.15,265.05,317.18,1.37,7.82,10.53,63.27,energy,miscellaneous,14.52,7.87,2.14,-0.03,0.02,269.13,261.65,-1.08,2026-06-15,,,,
2026-06-15T21:58:44.65,GAIL,175.41,2.88,168.67,165.01,165.93,189.64,1.57,19.4,14.79,67.44,energy,miscellaneous,16.29,5.72,-3.84,-0.04,-0.03,166.05,160.83,-1.52,2026-06-15,,,,
2026-06-15T21:58:44.65,AEGISVOPAK,231.69,6.35,215.36,184.32,190.55,293.4,2.49,93.42,102.28,71.68,transportation,miscellaneous,16.74,21.59,-14.04,-0.14,-0.08,206.11,189.24,-2.03,2026-06-15,,,,
2026-06-15T21:58:44.65,INDHOTEL,689.85,1.53,671.3,654.05,653.54,744.31,1.04,40.97,46.41,62.39,services,hotels,10.81,5.56,-2.4,-0.13,-0.09,653.81,635.82,-2.68,2026-06-15,,,,
2026-06-15T21:58:44.65,MPHASIS,2309.7,1.73,2239.59,2234.0,2293.86,2333.46,0.91,21.6,23.21,54.23,i.t,computers - software - large,11.58,0.69,-18.26,-0.27,-0.18,2171.25,2105.61,-2.69,2026-06-15,,,,
2026-06-15T21:58:44.65,INDIGO,4880.4,3.62,4713.9,4375.0,4482.52,5477.22,1.69,-18.59,-76.11,67.74,transportation,transport - airlines,16.48,8.88,-15.79,-0.07,-0.17,4574.37,4405.94,-2.72,2026-06-15,,,,
2026-06-15T21:58:44.65,REDINGTON,242.79,2.82,232.27,227.1,233.91,256.11,0.83,12.12,12.39,59.46,services,trading,23.39,3.8,-17.64,-0.2,-0.13,223.32,211.82,-2.82,2026-06-15,,,,
2026-06-15T21:58:44.65,MAXHEALTH,1028.9,1.62,990.83,995.75,961.54,1129.93,0.47,73.08,68.22,57.52,healthcare,healthcare,15.21,7.0,-6.71,-0.13,-0.13,983.13,951.9,-2.91,2026-06-15,,,,
2026-06-15T21:58:44.65,NBCC,107.36,2.09,103.88,99.54,103.41,113.29,1.4,30.16,39.53,62.93,miscellaneous,miscellaneous,25.28,3.82,-3.57,-0.09,-0.05,98.95,94.16,-2.92,2026-06-15,,,,
2026-06-15T21:58:44.65,PRESTIGE,1472.5,6.14,1366.12,1311.0,1319.77,1701.59,1.33,63.36,49.97,62.45,realty,construction,11.83,11.57,-13.4,-0.18,-0.07,1359.5,1283.65,-2.95,2026-06-15,,,,
2026-06-15T21:58:44.65,CASTROLIND,185.54,1.57,180.81,181.21,181.92,190.98,3.4,18.93,18.74,61.11,chemicals,chemicals,11.82,1.99,-2.1,-0.07,-0.11,181.01,180.38,-3.15,2026-06-15,,,,
2026-06-15T21:58:44.65,MGL,1139.0,4.03,1086.72,1044.0,1054.08,1266.38,0.99,21.65,12.86,60.54,energy,miscellaneous,13.08,8.06,-7.47,-0.07,-0.13,1067.13,1019.22,-3.27,2026-06-15,,,,
2026-06-15T21:58:44.65,COROMANDEL,1986.3,3.63,1878.66,1745.5,1752.59,2336.87,1.1,104.54,28.86,62.46,chemicals,fertilizers,27.13,13.34,-9.06,-0.19,-0.14,1845.73,1753.01,-3.32,2026-06-15,,,,
2026-06-15T21:58:44.65,PAGEIND,39195.0,1.48,38097.5,37545.0,37942.75,41073.37,0.47,61.15,56.4,59.8,consumer discretionary,textiles - products,22.43,3.3,-3.75,-0.03,-0.11,37031.18,35948.31,-3.34,2026-06-15,,,,
2026-06-15T21:58:44.65,ELECON,560.35,4.38,522.24,512.0,512.88,631.56,1.47,518.84,35.3,64.57,industrials,engineering,23.63,9.26,6.66,0.08,-0.07,511.65,478.77,-3.54,2026-06-15,,,,
2026-06-15T21:58:44.65,SAREGAMA,462.6,1.48,443.11,433.25,459.41,467.39,0.2,29.96,42.56,64.68,media,entertainment / electronic media software,56.42,0.7,13.49,0.16,-0.06,419.76,393.08,-3.7,2026-06-15,,,,
2026-06-15T21:58:44.65,IGL,169.62,3.73,161.7,159.21,160.64,183.08,1.0,17.45,14.78,61.72,energy,miscellaneous,12.57,5.59,-19.03,-0.15,-0.2,160.58,154.69,-4.75,2026-06-15,,,,
2026-06-15T21:58:44.65,DIXON,11957.0,3.56,11422.88,11285.0,11420.66,12761.51,1.08,60.73,42.39,60.99,consumer discretionary,electronics - consumer,12.71,4.7,-21.89,-0.15,-0.37,11243.49,10826.36,-5.29,2026-06-15,,,,
2026-06-15T21:58:44.65,IDBI,76.88,1.98,74.75,72.15,72.2,83.9,1.87,10.28,8.8,58.46,bank,banks - private sector,14.36,6.48,-23.01,-0.26,-0.18,70.82,69.16,-5.54,2026-06-15,,,,
2026-06-15T21:58:44.65,PCBL,303.1,4.43,289.1,275.7,280.31,337.28,1.82,74.29,55.92,59.35,chemicals,chemicals,9.96,8.13,-12.91,-0.11,-0.24,279.44,266.19,-6.16,2026-06-15,,,,
2026-06-15T21:58:44.65,CONCORDBIO,1380.2,1.95,1315.16,1195.1,1223.27,1615.59,0.76,40.79,54.63,72.39,healthcare,pharmaceuticals - indian - bulk drugs & formln,25.64,12.83,-5.67,-0.07,-0.16,1257.46,1193.11,-6.28,2026-06-15,,,,
2026-06-15T21:58:44.65,DLF,614.45,4.67,586.33,555.5,564.74,689.02,2.18,30.0,32.92,61.52,realty,construction,16.06,8.8,-19.18,-0.18,-0.18,573.9,549.34,-6.86,2026-06-15,,,,
2026-06-15T21:58:44.65,INTELLECT,758.55,2.09,730.93,722.0,721.61,813.96,0.48,21.85,29.73,58.36,i.t,computers - software - medium / small,18.54,5.12,-33.88,-0.33,-0.31,704.6,671.59,-7.77,2026-06-15,,,,
2026-06-15T21:58:44.65,LODHA,920.85,2.4,899.35,848.0,865.73,1003.53,0.75,22.82,26.19,56.6,realty,construction,11.93,6.37,-24.32,-0.22,-0.23,852.86,823.97,-8.82,2026-06-15,,,,
2026-06-15T21:58:44.65,JSWCEMENT,130.55,2.5,126.03,122.8,126.39,136.79,0.53,11.78,-13.83,56.91,building materials,cement - north india,18.1,3.29,7.36,0.03,-0.12,122.85,118.15,NaN,2026-06-15,,,,
2026-06-15T21:58:44.65,TATACAP,340.7,4.49,321.93,311.0,310.96,385.31,2.2,24.06,27.82,68.86,financials,finance & investments,18.03,9.56,4.92,-0.04,NaN,322.04,309.35,NaN,2026-06-15,,,,
2026-06-15T21:58:44.65,GROWW,207.34,4.21,194.83,188.61,186.34,238.84,1.37,46.7,43.25,63.47,financials,finance & investments,14.98,11.27,58.63,0.31,NaN,193.0,182.9,NaN,2026-06-15,,,,
2026-05-22T11:18:22.877,GVT&D,4854.0,1.24,4668.72,4251.8,4442.76,5470.85,0.32,88.32,99.53,68.42,industrials,electric equipment,38.45,9.26,64.03,0.46,0.73,4407.84,4099.22,35.39,2026-05-22,,,,
2026-05-22T11:18:22.877,IDEA,13.68,0.44,13.26,12.45,13.25,14.33,0.38,0.71,4.3,83.36,telecom-service,telecommunications - service provider,50.55,3.25,55.93,0.24,1.0,12.68,11.98,21.99,2026-05-22,,,,
2026-05-22T11:18:22.877,HFCL,146.0,3.0,138.3,134.93,152.84,135.74,0.39,30.17,66.55,70.31,telecom,cables - telephone,56.07,-4.48,91.61,0.83,1.02,129.72,119.22,18.27,2026-05-22,,,,
2026-05-22T11:18:22.877,BSE,4211.0,0.58,4068.47,3940.0,4126.83,4337.26,0.27,54.41,69.08,77.03,financials,miscellaneous,51.82,2.04,68.84,0.34,0.83,3965.6,3802.55,18.02,2026-05-22,,,,
2026-05-22T11:18:22.877,GABRIEL,1110.8,0.4,1069.47,1050.0,1103.06,1122.41,0.16,72.89,63.55,63.69,auto,auto ancillaries,29.03,0.7,-14.14,-0.03,-0.12,1044.09,999.26,16.38,2026-05-22,,,,
2026-05-22T11:18:22.877,HINDALCO,1103.4,0.37,1072.22,1037.1,1059.78,1168.83,0.21,29.89,15.18,63.24,metals & mining,aluminium and aluminium products,28.44,4.12,40.44,0.27,0.44,1048.2,1009.39,16.22,2026-05-22,,,,
2026-05-22T11:18:22.877,SAIL,199.93,1.73,191.69,188.21,193.8,209.13,0.36,11.26,24.08,65.33,metals & mining,steel - large,34.07,3.16,54.68,0.33,0.52,185.17,175.01,15.51,2026-05-22,,,,
2026-05-22T11:18:22.877,APARINDS,13008.0,1.19,12563.6,11864.0,12592.47,13631.3,0.28,62.53,53.04,63.67,industrials,electric equipment,36.38,3.3,51.86,0.3,0.59,12085.52,11534.66,14.01,2026-05-22,,,,
2026-05-22T11:18:22.877,CRAFTSMAN,8619.0,0.89,8256.5,8242.5,8595.19,8654.72,0.1,41.56,48.61,65.39,auto,auto ancillaries,41.71,0.28,28.77,0.17,0.22,8043.03,7657.06,14.01,2026-05-22,,,,
2026-05-22T11:18:22.877,ADANIENSOL,1379.9,2.81,1335.84,1248.2,1318.31,1472.29,0.51,60.63,70.64,62.53,power & utilities,power generation and supply,18.35,4.67,47.28,0.28,0.76,1253.41,1170.45,13.58,2026-05-22,,,,
2026-05-22T11:18:22.877,MAHABANK,79.62,-0.18,77.72,76.2,79.41,79.93,0.22,7.48,8.74,55.86,bank,banks - public sector,18.43,0.26,35.23,0.23,0.48,75.82,73.45,13.3,2026-05-22,,,,
2026-05-22T11:18:22.877,GRAPHITE,746.15,0.26,725.45,727.45,738.52,757.6,0.19,53.3,44.17,56.97,industrials,electrodes - graphites,26.6,1.03,36.11,0.22,0.38,685.94,649.03,12.49,2026-05-22,,,,
2026-05-22T11:18:22.877,KEI,5292.7,1.06,5127.95,4950.0,5091.69,5594.22,0.38,44.49,54.5,66.92,industrials,cables - power,16.04,3.95,27.69,0.17,0.24,4967.41,4755.73,12.41,2026-05-22,,,,
2026-05-22T11:18:22.877,NEULANDLAB,17126.0,2.61,16387.56,16244.0,16922.63,17431.06,0.52,25.83,58.83,64.31,healthcare,pharmaceuticals - indian - bulk drugs,31.19,1.2,4.15,-0.06,0.13,15800.34,14930.1,12.33,2026-05-22,,,,
2026-05-22T11:18:22.877,POLYCAB,9243.5,0.54,9010.12,8943.5,9231.34,9261.73,0.08,44.29,51.54,72.09,industrials,cables - power,36.25,0.13,20.46,0.11,0.23,8863.92,8600.24,11.87,2026-05-22,,,,
2026-05-22T11:18:22.877,HINDZINC,636.9,1.41,617.84,615.5,640.69,631.22,0.23,13.37,19.18,57.39,metals & mining,mining / minerals / metals,15.92,-0.59,31.04,0.24,0.41,600.6,580.08,11.0,2026-05-22,,,,
2026-05-22T11:18:22.877,DATAPATTNS,4005.8,1.81,3875.9,3600.1,3918.56,4136.66,0.55,40.53,81.17,55.61,aerospace & defence,electronics - components,25.23,2.23,44.0,0.19,0.59,3571.79,3324.99,10.7,2026-05-22,,,,
2026-05-22T11:18:22.877,NATCOPHARM,1176.5,0.19,1142.88,1125.0,1168.07,1189.15,0.11,34.77,13.51,59.52,healthcare,pharmaceuticals - indian - bulk drugs & formln,29.74,0.72,41.14,0.25,0.33,1096.75,1043.34,9.63,2026-05-22,,,,
2026-05-22T11:18:22.877,MANAPPURAM,324.75,0.73,313.75,295.75,313.96,340.93,0.3,17.02,27.49,67.87,financials,finance & investments,23.43,3.44,12.85,0.06,0.11,304.5,290.67,9.52,2026-05-22,,,,
2026-05-22T11:18:22.877,ADANIGREEN,1374.5,1.2,1336.43,1312.4,1394.08,1345.14,0.18,147.48,140.75,65.62,power & utilities,power generation and supply,39.97,-1.4,32.98,0.19,0.43,1267.1,1193.85,9.23,2026-05-22,,,,
2026-05-22T11:18:22.877,TORNTPHARM,4513.0,0.98,4351.89,4306.0,4411.15,4665.77,0.23,60.11,66.5,63.3,healthcare,pharmaceuticals - indian - formulations,22.38,2.31,26.41,0.12,0.21,4295.81,4143.12,8.78,2026-05-22,,,,
2026-05-22T11:18:22.877,JBCHEPHARM,2199.1,0.93,2127.58,2087.1,2155.26,2264.86,0.17,86.58,48.14,64.26,healthcare,pharmaceuticals - indian - bulk drugs & formln,31.22,2.03,30.04,0.16,0.23,2094.49,2022.63,8.03,2026-05-22,,,,
2026-05-22T11:18:22.877,ASTERDM,763.5,0.56,741.86,733.65,750.88,782.44,0.18,70.17,100.7,66.11,healthcare,healthcare,28.88,1.68,6.4,0.06,0.16,720.78,694.59,7.04,2026-05-22,,,,
2026-05-22T11:18:22.877,TRITURBINE,728.15,3.2,694.97,560.85,612.98,900.9,2.03,56.71,64.15,80.97,industrials,electric equipment,42.01,18.79,40.73,0.24,0.37,646.42,594.97,6.14,2026-05-22,,,,
2026-05-22T11:18:22.877,INDIACEM,405.1,0.45,393.37,388.45,390.89,426.41,0.14,52.75,-185.0,53.1,building materials,cement - south india,17.89,3.64,3.32,-0.09,-0.03,383.48,372.67,5.69,2026-05-22,,,,
2026-05-22T11:18:22.877,SIEMENS,3786.8,1.78,3639.72,3454.5,3588.9,4083.66,0.5,121.37,74.89,58.98,industrials,electric equipment,22.03,5.51,22.28,0.09,0.16,3538.53,3355.53,5.68,2026-05-22,,,,
2026-05-22T11:18:22.877,TIMKEN,3736.4,0.65,3598.76,3411.0,3498.34,4093.49,0.32,44.38,67.31,63.97,industrials,bearings,22.25,6.8,27.63,0.12,0.26,3485.61,3321.02,5.61,2026-05-22,,,,
2026-05-22T11:18:22.877,AIAENG,4006.6,0.28,3893.83,3788.6,3829.78,4271.83,0.5,31.76,32.09,57.93,industrials,castings & forgings,13.44,4.62,21.05,-0.04,0.26,3790.84,3672.31,5.39,2026-05-22,,,,
2026-05-22T11:18:22.877,JPPOWER,18.86,1.62,18.26,18.2,17.96,20.21,0.24,-235.75,37.88,53.78,power & utilities,power generation and supply,17.8,5.01,5.59,-0.2,0.0,16.97,15.59,5.08,2026-05-22,,,,
2026-05-22T11:18:22.877,TATACOMM,1964.0,3.57,1846.81,1630.2,1664.59,2413.11,1.44,53.14,53.95,80.1,telecom-service,telecommunications - service provider,24.14,17.99,3.1,-0.06,0.22,1781.82,1659.19,4.95,2026-05-22,,,,
2026-05-22T11:18:22.877,ENDURANCE,2689.4,2.53,2567.6,2490.2,2544.68,2906.47,0.58,34.22,38.77,66.57,auto,auto ancillaries,26.83,5.69,-9.31,-0.1,-0.11,2509.34,2379.99,4.57,2026-05-22,,,,
2026-05-22T11:18:22.877,APOLLOHOSP,8391.5,1.0,8089.9,7814.5,8063.08,8884.13,0.42,56.98,61.52,72.83,healthcare,healthcare,23.2,4.07,4.77,0.04,0.03,8018.27,7741.35,4.35,2026-05-22,,,,
2026-05-22T11:18:22.877,STARHEALTH,529.5,0.54,508.47,491.9,507.92,561.87,0.5,70.04,55.61,65.45,financials,finance & investments,33.5,4.25,7.07,-0.04,0.15,498.66,481.99,4.3,2026-05-22,,,,
2026-05-22T11:18:22.877,INDUSINDBK,911.75,1.31,884.65,870.2,905.17,921.63,0.12,29.87,78.87,56.3,bank,banks - private sector,19.41,0.73,20.01,0.01,0.17,868.89,838.99,4.13,2026-05-22,,,,
2026-05-22T11:18:22.877,KPIL,1295.6,1.47,1251.36,1225.0,1238.05,1381.93,1.01,12.74,20.97,61.46,realty,transmisson line towers / equipment,26.31,4.65,2.61,-0.03,-0.01,1210.18,1177.52,3.98,2026-05-22,,,,
2026-05-22T11:18:22.877,SONACOMS,596.85,2.15,572.61,555.55,573.89,631.29,0.23,48.29,56.67,58.57,auto,auto ancillaries,21.43,4.0,29.49,0.08,0.32,561.61,535.34,3.54,2026-05-22,,,,
2026-05-22T11:18:22.877,CARBORUNIV,1074.65,1.15,1042.72,1048.25,1063.34,1091.62,0.19,-288.88,103.05,67.1,industrials,abrasives and grinding wheels,52.11,1.06,20.39,0.19,0.1,989.78,936.47,3.22,2026-05-22,,,,
2026-05-22T11:18:22.877,ASIANPAINT,2656.5,2.22,2548.2,2556.0,2583.96,2765.31,0.44,60.05,64.78,66.65,building materials,paints / varnishes,27.05,2.81,5.6,-0.14,0.0,2532.92,2445.74,2.79,2026-05-22,,,,
2026-05-22T11:18:22.877,ADANIENT,2730.7,1.23,2651.98,2647.5,2683.26,2801.86,0.22,-399.23,34.38,72.59,services,trading,47.13,1.77,7.18,0.03,0.16,2564.79,2454.65,2.33,2026-05-22,,,,
2026-05-22T11:18:22.877,MINDACORP,547.75,2.03,521.41,507.4,510.02,604.34,0.72,37.62,43.9,60.45,auto,auto ancillaries,10.14,7.4,-5.02,-0.16,0.05,508.03,481.48,2.15,2026-05-22,,,,
2026-05-22T11:18:22.877,DEEPAKFERT,1441.7,4.19,1359.16,1252.8,1307.62,1642.82,0.96,32.15,19.96,69.85,chemicals,chemicals,31.82,10.25,1.26,-0.08,-0.04,1320.41,1237.74,1.59,2026-05-22,,,,
2026-05-22T11:18:22.877,SBILIFE,1887.9,1.51,1827.21,1825.3,1829.79,1975.07,0.31,58.85,75.51,54.02,financials,finance & investments,13.17,3.18,2.66,-0.14,0.02,1818.55,1771.64,1.33,2026-05-22,,,,
2026-05-22T11:18:22.877,JUBLPHARMA,1015.0,0.33,992.84,979.5,1003.49,1032.27,0.17,72.09,37.04,69.38,healthcare,pharmaceuticals - indian - bulk drugs,29.75,1.15,-7.39,-0.13,-0.08,964.13,935.72,1.18,2026-05-22,,,,
2026-05-22T11:18:22.877,MOTILALOFS,847.35,0.49,820.26,821.1,851.59,840.99,0.18,-57.41,27.06,57.58,financials,finance & investments,23.26,-0.5,-16.95,-0.18,-0.06,801.8,770.08,1.04,2026-05-22,,,,
2026-05-22T11:18:22.877,IGIL,377.15,0.51,363.78,311.8,328.94,449.46,0.7,22.67,28.45,63.59,miscellaneous,miscellaneous,17.22,14.65,13.19,0.04,0.07,343.87,323.46,0.55,2026-05-22,,,,
2026-05-22T11:18:22.877,TECHNOE,1323.5,2.26,1270.57,1143.8,1203.6,1503.35,1.97,32.28,30.48,65.66,realty,engineering - turnkey services,18.62,9.96,-0.53,0.01,-0.15,1210.32,1151.74,0.49,2026-05-22,,,,
2026-05-22T11:18:22.877,JKCEMENT,5557.5,0.2,5395.39,5327.5,5306.4,5934.15,0.16,61.48,42.02,53.47,building materials,cement - north india,10.8,4.73,-13.55,-0.09,-0.2,5259.06,5098.73,0.36,2026-05-22,,,,
2026-05-22T11:18:22.877,CAPLIPOINT,2035.4,0.47,1972.74,1948.6,1962.46,2144.81,0.28,22.74,24.01,71.28,healthcare,pharmaceuticals - indian - formulations,33.89,3.72,1.24,-0.02,-0.07,1890.89,1806.01,0.13,2026-05-22,,,,
2026-05-22T11:18:22.877,SHYAMMETL,940.0,0.56,907.14,860.05,887.43,1018.86,0.5,20.98,24.53,65.84,metals & mining,steel - large,21.2,5.92,1.73,0.04,-0.02,885.36,848.33,0.05,2026-05-22,,,,
2026-05-22T11:18:22.877,GODREJIND,1142.35,2.78,1085.15,1105.5,1143.52,1140.6,0.11,21.65,30.18,61.1,chemicals,chemicals,44.22,-0.1,3.82,0.0,-0.08,1024.07,949.01,-0.02,2026-05-22,,,,
2026-05-22T11:18:22.877,BEML,1843.2,0.09,1787.23,1704.1,1826.64,1868.04,0.15,-82.88,30.89,54.84,aerospace & defence,engineering,21.4,0.91,-15.1,-0.14,-0.1,1712.71,1629.64,-0.25,2026-05-22,,,,
2026-05-22T11:18:22.877,NIVABUPA,86.1,2.97,82.04,78.06,80.94,93.83,0.88,11.51,117.77,69.52,financials,finance & investments,33.42,6.37,16.12,0.03,0.02,79.86,75.55,-0.6,2026-05-22,,,,
2026-05-22T11:18:22.877,ATGL,642.15,0.64,622.45,596.15,607.63,693.94,0.33,104.93,107.06,58.94,energy,miscellaneous,30.31,5.68,3.54,-0.03,0.04,586.31,558.77,-0.85,2026-05-22,,,,
2026-05-22T11:18:22.877,HINDPETRO,390.15,0.35,377.64,355.8,371.62,417.95,0.09,3.42,4.58,56.0,energy,refineries,14.9,4.99,-13.69,-0.25,-0.02,364.98,346.76,-1.38,2026-05-22,,,,
2026-05-22T11:18:22.877,BHARTIHEXA,1562.0,-0.44,1523.9,1532.2,1515.64,1631.54,0.21,43.73,45.28,54.23,telecom-service,telecommunications - service provider,15.18,3.06,-13.37,-0.22,-0.15,1474.44,1435.08,-1.72,2026-05-22,,,,
2026-05-22T11:18:22.877,HONAUT,35375.0,1.17,33912.9,28150.0,28925.83,45048.76,2.49,48.97,58.89,72.91,consumer discretionary,electronics - components,27.51,22.3,-2.67,-0.06,-0.05,31873.6,29862.56,-1.89,2026-05-22,,,,
2026-05-22T11:18:22.877,KOTAKBANK,384.45,0.95,373.38,376.3,377.96,394.18,0.11,17.64,5.07,53.71,bank,banks - private sector,14.4,1.72,-13.1,-0.16,-0.05,366.39,354.6,-2.0,2026-05-22,,,,
2026-05-22T11:18:22.877,SUZLON,53.4,1.0,51.94,52.0,52.97,54.04,0.24,41.72,22.4,55.59,industrials,electric equipment,19.84,0.81,1.88,-0.13,-0.1,50.63,48.76,-2.99,2026-05-22,,,,
2026-05-22T11:18:22.877,SUMICHEM,476.7,0.69,458.3,444.95,462.08,498.64,0.16,78.4,44.46,58.98,chemicals,pesticides / agrochemicals - indian,15.22,3.16,-8.97,-0.04,-0.21,443.59,419.9,-3.02,2026-05-22,,,,
2026-05-22T11:18:22.877,AEGISLOG,730.1,0.31,709.18,665.2,678.84,806.98,0.07,36.22,33.2,60.73,services,trading,23.98,7.55,-8.98,-0.14,0.01,680.85,645.91,-3.2,2026-05-22,,,,
2026-05-22T11:18:22.877,CROMPTON,297.55,1.95,285.18,287.15,294.83,301.63,0.22,-8.97,-77.83,64.47,consumer discretionary,electric equipment,37.11,0.92,3.83,0.02,-0.12,279.09,265.49,-3.22,2026-05-22,,,,
2026-05-22T11:18:22.877,INDHOTEL,657.2,-0.03,638.67,633.4,644.81,675.79,0.14,39.03,44.9,53.88,services,hotels,10.31,1.92,-11.44,-0.17,-0.18,624.88,601.24,-3.52,2026-05-22,,,,
2026-05-22T11:18:22.877,ELECON,535.5,6.22,497.84,469.65,506.56,578.91,2.5,495.83,33.15,63.62,industrials,engineering,25.4,5.71,-1.47,-0.07,-0.07,487.03,454.67,-4.02,2026-05-22,,,,
2026-05-22T11:18:22.877,COFORGE,1395.3,1.33,1342.31,1274.6,1325.06,1500.66,0.28,19.13,29.7,61.92,i.t,computers - software - large,18.66,5.3,-20.14,-0.3,-0.2,1284.57,1208.12,-4.18,2026-05-22,,,,
2026-05-22T11:18:22.877,HDFCLIFE,619.5,0.84,602.06,594.05,601.84,645.99,0.24,67.05,69.18,54.37,financials,finance & investments,12.51,2.93,-16.44,-0.25,-0.21,595.73,579.1,-4.5,2026-05-22,,,,
2026-05-22T11:18:22.877,BAJAJHLDNG,10500.0,0.94,10162.6,10100.0,10231.4,10902.89,0.18,11.34,12.01,56.66,financials,finance & investments,13.15,2.63,-16.7,-0.18,-0.22,9871.28,9439.74,-5.09,2026-05-22,,,,
2026-05-22T11:18:22.877,SAREGAMA,406.35,-0.01,390.58,383.6,376.93,450.48,0.11,26.32,37.95,65.97,media,entertainment / electronic media software,35.33,7.8,-10.56,-0.04,-0.2,359.6,326.88,-5.49,2026-05-22,,,,
2026-05-22T11:18:22.877,LATENTVIEW,326.5,1.63,311.05,292.1,302.14,363.04,0.2,32.01,33.5,60.98,i.t,computers - software - medium / small,18.52,8.06,-23.96,-0.39,-0.27,292.76,272.81,-5.59,2026-05-22,,,,
2026-05-22T11:18:22.877,TRENT,4259.3,2.13,4074.15,3980.6,4051.74,4570.64,0.33,94.57,86.22,59.26,consumer discretionary,trading,16.54,5.12,-11.31,-0.11,-0.26,4040.2,3880.58,-5.61,2026-05-22,,,,
2026-05-22T11:18:22.877,ABFRL,67.28,0.78,64.39,60.52,62.74,74.09,0.37,-13.46,-12.57,60.09,consumer discretionary,textiles - products,13.17,7.23,-18.07,-0.21,-0.22,62.38,59.68,-6.05,2026-05-22,,,,
2026-05-22T11:18:22.877,DIXON,11797.0,4.79,11035.78,10570.0,10727.49,13401.27,1.06,59.92,41.34,61.74,consumer discretionary,electronics - consumer,11.08,9.97,-26.61,-0.29,-0.36,10881.58,10258.01,-7.08,2026-05-22,,,,
2026-05-22T11:18:22.877,FSL,258.22,1.75,245.98,225.1,241.86,282.76,0.31,21.74,26.0,60.46,i.t,computers - software - medium / small,26.32,6.77,-18.84,-0.33,-0.31,230.48,212.83,-7.4,2026-05-22,,,,
2026-05-22T11:18:22.877,POLYMED,1572.1,1.39,1522.63,1426.1,1533.74,1629.64,0.24,56.15,45.38,56.52,healthcare,healthcare,23.62,2.5,-16.34,-0.23,-0.25,1447.51,1356.66,-7.68,2026-05-22,,,,
2026-05-22T11:18:22.877,TEJASNET,468.65,0.63,452.07,425.95,457.91,484.76,0.14,-9.85,-9.07,55.91,telecom,telecommunications - equipment,19.13,2.35,-13.16,-0.15,-0.24,418.26,384.32,-7.89,2026-05-22,,,,
2026-05-22T11:18:22.877,HEXT,513.7,2.15,486.23,471.1,485.29,556.31,0.2,NaN,0.0,63.13,n/a,indices,20.53,5.85,-28.71,-0.35,-0.32,474.28,445.41,-8.09,2026-05-22,,,,
2026-05-22T11:18:22.877,KPITTECH,761.1,1.36,729.51,690.45,712.63,833.81,0.25,31.77,32.05,59.47,i.t,computers - software - medium / small,16.93,6.8,-33.58,-0.41,-0.4,712.92,680.19,-10.69,2026-05-22,,,,
2026-05-22T11:18:22.877,PIRAMALFIN,1951.2,1.41,1879.64,1862.1,1923.38,1992.94,0.09,NaN,0.0,57.34,n/a,indices,19.91,1.45,NaN,0.07,NaN,1841.61,1761.91,NaN,2026-05-22,,,,
2026-05-22T11:18:22.877,CPPLUS,2429.7,0.56,2357.19,2304.9,2472.53,2365.46,0.1,74.26,107.82,61.94,consumer discretionary,trading,31.9,-1.73,71.23,0.33,0.69,2234.83,2115.48,NaN,2026-05-22,,,,
2026-05-22T11:18:22.877,JSWCEMENT,138.87,8.95,127.5,120.01,120.67,166.17,19.2,12.53,-13.84,73.03,building materials,cement - north india,17.37,15.08,1.46,0.01,-0.12,126.59,121.01,NaN,2026-05-22,,,,
2026-05-22T11:18:22.877,BELRISE,216.29,1.92,208.75,202.51,207.68,229.21,0.36,37.29,33.85,55.96,auto,auto ancillaries,17.86,4.15,44.63,0.22,0.52,202.11,193.89,NaN,2026-05-22,,,,
2026-04-30T14:30:52.414,NETWEB,4053.0,0.55,3901.38,3760.0,3911.78,4264.83,0.47,78.3,128.21,70.34,i.t,computers - hardware,29.06,3.61,9.69,-0.05,0.87,3685.3,3468.83,37.96,2026-04-30,,,,
2026-04-30T14:30:52.414,POWERINDIA,33435.0,1.67,31879.4,31000.0,31872.9,35778.15,0.61,142.52,172.5,84.39,industrials,electric equipment,39.94,4.9,74.97,0.76,0.56,31513.04,30106.56,31.87,2026-04-30,,,,
2026-04-30T14:30:52.414,ACUTAAS,2550.0,1.9,2436.28,2340.0,2366.04,2825.94,4.37,48.33,71.05,62.33,healthcare,pharmaceuticals - indian - bulk drugs,17.82,7.78,87.77,0.39,0.89,2317.83,2303.7,31.47,2026-04-30,,,,
2026-04-30T14:30:52.414,KIRLOSENG,1698.8,-0.02,1651.3,1571.6,1662.16,1753.76,0.44,55.44,45.14,68.21,industrials,engines,28.61,2.2,85.66,0.54,0.83,1572.21,1508.37,29.37,2026-04-30,,,,
2026-04-30T14:30:52.414,ANANDRATHI,3608.7,0.62,3516.34,3532.7,3699.79,3472.07,0.64,72.41,74.92,68.92,financials,finance & investments,38.75,-2.46,25.88,0.08,0.27,3447.5,3352.9,22.53,2026-04-30,,,,
2026-04-30T14:30:52.414,ADANIPOWER,218.89,-0.18,209.96,207.0,217.77,220.57,1.3,42.42,12.14,81.17,power & utilities,power generation and supply,43.97,0.51,49.91,0.24,0.79,201.02,192.22,21.89,2026-04-30,,,,
2026-04-30T14:30:52.414,SCHNEIDER,1239.0,4.01,1132.39,1080.0,1138.1,1390.35,0.57,76.29,116.22,76.77,industrials,electric equipment,42.34,8.87,48.35,0.34,0.42,1098.06,1003.15,21.7,2026-04-30,,,,
2026-04-30T14:30:52.414,CCL,1138.4,1.18,1102.6,1078.0,1088.55,1213.17,0.37,37.8,39.9,60.27,fmcg,tea,20.48,4.58,28.12,0.21,0.27,1065.95,1023.21,17.53,2026-04-30,,,,
2026-04-30T14:30:52.414,GESHIP,1567.9,0.86,1503.42,1397.6,1405.7,1811.2,1.28,6.89,9.81,68.26,transportation,shipping,23.68,11.54,57.58,0.35,0.56,1446.27,1376.84,17.09,2026-04-30,,,,
2026-04-30T14:30:52.414,GABRIEL,1029.65,1.84,981.96,967.0,1015.94,1050.21,0.85,67.56,58.07,62.83,auto,auto ancillaries,23.02,1.35,-16.81,-0.26,-0.07,959.14,910.62,16.19,2026-04-30,,,,
2026-04-30T14:30:52.414,BSE,3627.0,-0.24,3496.64,3412.2,3613.05,3647.92,0.36,62.06,47.06,71.78,financials,miscellaneous,31.03,0.39,77.53,0.37,0.48,3463.59,3351.43,15.66,2026-04-30,,,,
2026-04-30T14:30:52.414,GLENMARK,2411.0,-0.12,2337.89,2283.2,2294.47,2585.79,0.94,42.18,63.96,71.31,healthcare,pharmaceuticals - indian - bulk drugs & formln,20.12,5.08,22.32,0.21,0.13,2264.69,2199.86,14.77,2026-04-30,,,,
2026-04-30T14:30:52.414,RRKABEL,1619.0,-0.47,1560.75,1400.0,1487.03,1816.96,1.05,38.7,40.55,70.92,industrials,cables - power,19.94,8.88,32.91,0.05,0.29,1500.57,1423.14,13.71,2026-04-30,,,,
2026-04-30T14:30:52.414,BHEL,348.5,1.16,335.2,333.02,344.08,355.13,0.71,77.79,147.22,75.4,industrials,electric equipment,40.33,1.29,51.08,0.31,0.51,326.04,309.54,12.33,2026-04-30,,,,
2026-04-30T14:30:52.414,SAILIFE,1074.5,1.84,1026.55,1017.0,999.72,1186.67,1.81,56.32,66.28,65.23,healthcare,pharmaceuticals - indian - bulk drugs & formln,16.86,7.48,25.28,0.08,0.18,997.85,955.76,11.89,2026-04-30,,,,
2026-04-30T14:30:52.414,AUBANK,1020.45,0.28,978.04,998.0,1041.34,989.11,0.4,22.92,28.76,58.9,bank,banks - private sector,23.63,-2.01,37.41,0.07,0.36,958.4,917.37,11.68,2026-04-30,,,,
2026-04-30T14:30:52.414,CEMPRO,815.25,20.0,707.56,640.2,675.44,1024.97,27.11,31.6,24.87,80.63,realty,construction,32.9,20.7,1.75,-0.11,0.04,720.27,649.04,10.28,2026-04-30,,,,
2026-04-30T14:30:52.414,HFCL,118.13,10.3,104.66,96.21,104.04,139.26,6.08,44.08,297.5,85.16,telecom,cables - telephone,48.25,13.54,65.19,0.41,0.59,105.82,97.95,10.24,2026-04-30,,,,
2026-04-30T14:30:52.414,ZYDUSWELL,506.45,1.2,482.94,477.1,502.79,511.95,0.13,-101.29,11.32,62.33,fmcg,food - processing - indian,41.63,0.73,5.18,-0.06,0.26,467.51,442.85,9.0,2026-04-30,,,,
2026-04-30T14:30:52.414,SIEMENS,3822.9,1.22,3659.81,3734.5,3844.35,3790.73,0.59,122.53,76.02,68.53,industrials,electric equipment,35.19,-0.56,23.48,0.12,0.18,3605.18,3449.0,7.47,2026-04-30,,,,
2026-04-30T14:30:52.414,HSCL,609.4,1.3,583.3,544.5,544.05,707.42,2.47,38.28,39.89,86.82,chemicals,chemicals,33.44,12.01,34.7,0.16,0.26,550.89,521.61,7.23,2026-04-30,,,,
2026-04-30T14:30:52.414,NLCINDIA,317.0,-0.38,306.15,293.15,303.48,337.28,1.06,15.18,16.01,72.17,power & utilities,power generation and supply,34.59,4.45,13.59,0.16,0.28,288.67,276.42,7.21,2026-04-30,,,,
2026-04-30T14:30:52.414,SONACOMS,605.65,0.99,574.43,560.5,593.22,624.29,0.86,62.31,60.82,66.23,auto,auto ancillaries,26.37,2.09,48.88,0.16,0.33,566.81,538.74,7.06,2026-04-30,,,,
2026-04-30T14:30:52.414,VTL,609.3,0.09,591.92,570.0,575.77,659.59,0.38,26.04,21.7,73.35,textiles,textiles - cotton/blended,28.11,5.82,46.26,0.27,0.47,571.01,550.99,6.49,2026-04-30,,,,
2026-04-30T14:30:52.414,JMFINANCIL,137.74,0.68,131.23,133.91,137.41,138.24,0.73,10.53,10.5,58.71,financials,finance & investments,18.46,0.24,-15.31,-0.26,-0.18,127.93,121.03,5.37,2026-04-30,,,,
2026-04-30T14:30:52.414,NATCOPHARM,1098.4,0.44,1065.26,1064.5,1096.08,1101.87,0.16,32.46,12.58,60.57,healthcare,pharmaceuticals - indian - bulk drugs & formln,29.3,0.21,33.87,0.22,0.2,1034.06,994.35,4.95,2026-04-30,,,,
2026-04-30T14:30:52.414,AARTIIND,507.4,1.01,485.98,458.55,469.94,563.59,1.1,34.56,48.26,75.87,chemicals,chemicals,22.86,7.97,35.5,0.21,0.32,474.57,452.6,4.1,2026-04-30,,,,
2026-04-30T14:30:52.414,BANDHANBNK,198.28,-0.01,190.58,168.8,179.75,226.07,1.59,14.93,26.09,72.91,bank,banks - private sector,22.13,10.31,28.38,0.06,0.15,179.72,169.0,3.84,2026-04-30,,,,
2026-04-30T14:30:52.414,SOLARINDS,15411.0,0.22,14857.78,14998.0,15382.19,15454.21,0.32,78.13,95.82,64.09,aerospace & defence,chemicals,30.12,0.19,11.95,0.02,0.02,14581.14,14027.74,3.57,2026-04-30,,,,
2026-04-30T14:30:52.414,CESC,184.9,-1.01,178.9,178.41,182.46,188.56,0.56,21.5,16.81,71.57,power & utilities,power generation and supply,35.47,1.34,13.45,-0.06,0.08,170.89,163.19,3.57,2026-04-30,,,,
2026-04-30T14:30:52.414,LTFOODS,431.0,1.39,415.52,411.6,423.21,442.69,0.15,23.79,22.71,62.78,fmcg,food - processing - indian,23.33,1.84,3.85,-0.06,-0.09,408.24,396.37,3.26,2026-04-30,,,,
2026-04-30T14:30:52.414,NSLNISP,42.83,0.78,41.4,40.6,42.5,43.33,1.9,-12.9,-15.45,63.8,metals & mining,steel - large,26.61,0.78,-4.46,-0.13,0.16,40.13,38.81,3.24,2026-04-30,,,,
2026-04-30T14:30:52.414,NEULANDLAB,14901.0,1.67,14174.72,14283.0,15172.19,14494.22,0.45,117.81,104.98,60.0,healthcare,pharmaceuticals - indian - bulk drugs,27.83,-1.79,6.69,-0.11,0.11,13797.22,13091.39,3.13,2026-04-30,,,,
2026-04-30T14:30:52.414,TORNTPOWER,1731.1,1.73,1632.78,1666.1,1689.31,1793.79,0.88,33.92,27.15,67.82,power & utilities,power generation and supply,32.02,2.47,40.38,0.21,0.23,1575.01,1496.74,3.08,2026-04-30,,,,
2026-04-30T14:30:52.414,THERMAX,4078.7,2.22,3844.05,3922.5,4173.07,3937.15,0.89,56.27,65.91,65.78,industrials,electric equipment,41.03,-2.26,27.55,0.15,0.2,3755.78,3542.69,2.99,2026-04-30,,,,
2026-04-30T14:30:52.414,OFSS,9748.0,0.62,9418.78,8752.5,8927.38,10978.93,1.06,25.2,31.92,85.86,i.t,computers - software - large,47.21,9.19,14.48,0.04,0.11,9116.62,8720.09,2.86,2026-04-30,,,,
2026-04-30T14:30:52.414,INDUSINDBK,915.65,0.21,877.35,839.0,866.96,988.69,0.66,30.0,80.08,63.14,bank,banks - private sector,19.76,5.62,28.48,0.05,0.13,859.28,820.71,2.82,2026-04-30,,,,
2026-04-30T14:30:52.414,CGCL,187.11,1.86,178.24,181.8,184.69,190.74,1.16,17.59,19.73,60.45,financials,finance & investments,22.72,1.31,1.08,-0.18,-0.01,175.83,168.16,2.62,2026-04-30,,,,
2026-04-30T14:30:52.414,JSWENERGY,560.1,-0.05,538.31,538.35,554.65,568.27,0.35,58.1,42.94,61.54,power & utilities,power generation and supply,18.07,0.98,7.69,-0.04,0.02,520.38,493.29,2.56,2026-04-30,,,,
2026-04-30T14:30:52.414,IKS,1644.4,5.56,1514.1,1425.0,1488.12,1878.82,3.26,37.51,39.22,71.69,i.t,computers - software - medium / small,27.08,10.5,10.62,-0.04,0.03,1501.73,1399.32,2.53,2026-04-30,,,,
2026-04-30T14:30:52.414,3MINDIA,33160.0,-0.05,32114.6,32230.0,32062.86,34805.71,0.16,-150.48,98.78,56.62,miscellaneous,diversified - large,16.29,3.42,13.76,0.03,0.03,31360.96,30131.68,2.5,2026-04-30,,,,
2026-04-30T14:30:52.414,CREDITACC,1299.5,0.8,1252.54,1215.0,1248.08,1376.64,1.1,20.61,42.46,65.83,financials,finance & investments,23.28,4.12,-5.66,-0.15,-0.04,1217.0,1186.42,2.39,2026-04-30,,,,
2026-04-30T14:30:52.414,DCMSHRIRAM,1205.9,3.53,1141.6,1162.5,1187.25,1233.88,5.24,18.96,26.01,61.0,miscellaneous,diversified - mega,26.92,1.57,4.59,-0.17,-0.13,1105.78,1084.79,1.96,2026-04-30,,,,
2026-04-30T14:30:52.414,RELIANCE,1427.5,0.15,1365.24,1311.0,1337.19,1562.96,1.13,28.46,23.88,61.16,energy,refineries,19.55,6.75,3.63,-0.13,-0.0,1357.71,1307.46,1.94,2026-04-30,,,,
2026-04-30T14:30:52.414,VIJAYA,1128.75,1.32,1068.2,1005.0,1076.02,1207.85,2.33,67.19,71.64,80.63,healthcare,healthcare,32.18,4.9,10.69,0.03,0.03,1052.02,1000.73,1.86,2026-04-30,,,,
2026-04-30T14:30:52.414,IPCALAB,1544.5,0.16,1510.38,1516.0,1469.08,1657.62,0.99,30.03,43.0,59.79,healthcare,pharmaceuticals - indian - bulk drugs & formln,21.8,5.13,12.69,0.1,0.08,1456.07,1435.25,1.79,2026-04-30,,,,
2026-04-30T14:30:52.414,JUBLINGREA,708.3,0.79,680.9,694.8,715.46,697.56,0.67,59.62,41.81,64.11,chemicals,chemicals,31.0,-1.0,9.08,-0.05,-0.02,652.37,617.33,0.45,2026-04-30,,,,
2026-04-30T14:30:52.414,BHARTIARTL,1900.0,0.63,1822.8,1807.3,1830.04,2004.94,0.99,41.52,36.01,60.16,telecom-service,telecommunications - service provider,28.55,3.82,-0.84,-0.17,-0.01,1820.95,1767.67,0.44,2026-04-30,,,,
2026-04-30T14:30:52.414,SUNPHARMA,1800.1,1.2,1726.17,1613.6,1648.35,2027.73,0.72,32.14,39.09,62.19,healthcare,pharmaceuticals - indian - bulk drugs & formln,21.21,9.21,13.49,-0.03,0.07,1691.06,1616.97,0.32,2026-04-30,,,,
2026-04-30T14:30:52.414,TECHM,1479.8,1.37,1416.69,1347.4,1432.14,1551.29,0.67,24.23,26.89,55.97,i.t,computers - software - large,19.2,3.33,5.19,-0.06,-0.05,1384.02,1313.88,0.27,2026-04-30,,,,
2026-04-30T14:30:52.414,OLECTRA,1245.5,-0.9,1200.5,1190.05,1253.72,1233.17,0.43,55.11,72.15,62.55,auto,automobiles - lcvs / hcvs,37.89,-0.66,-19.82,-0.25,-0.16,1145.92,1104.53,-0.05,2026-04-30,,,,
2026-04-30T14:30:52.414,HAL,4359.7,0.19,4203.51,4236.1,4408.15,4287.03,0.43,39.05,32.71,64.13,aerospace & defence,engineering,25.77,-1.1,-7.94,-0.15,-0.04,4184.79,4070.11,-0.1,2026-04-30,,,,
2026-04-30T14:30:52.414,CENTRALBK,36.27,0.08,35.08,35.55,36.15,36.45,0.44,6.48,6.65,54.17,bank,banks - public sector,15.49,0.34,2.76,-0.17,-0.03,34.67,33.65,-1.16,2026-04-30,,,,
2026-04-30T14:30:52.414,JUBLPHARMA,928.5,0.18,901.7,916.5,931.86,923.46,0.26,65.94,33.94,59.9,healthcare,pharmaceuticals - indian - bulk drugs,18.1,-0.36,-10.93,-0.25,-0.17,878.38,847.79,-1.54,2026-04-30,,,,
2026-04-30T14:30:52.414,DEEPAKFERT,1273.35,2.71,1200.5,1205.5,1268.91,1280.01,0.85,28.4,17.88,68.25,chemicals,chemicals,36.35,0.35,-16.85,-0.22,-0.15,1174.06,1111.09,-1.54,2026-04-30,,,,
2026-04-30T14:30:52.414,FLUOROCHEM,3612.2,7.46,3278.2,3267.0,3331.81,4032.79,4.89,97.21,56.27,69.42,chemicals,chemicals,14.65,8.42,-1.79,-0.08,0.02,3358.67,3173.53,-1.72,2026-04-30,,,,
2026-04-30T14:30:52.414,ELECON,503.85,3.2,471.67,472.2,482.28,536.21,0.76,466.53,32.1,67.81,industrials,engineering,31.55,4.47,-10.78,-0.17,-0.11,452.38,414.87,-1.94,2026-04-30,,,,
2026-04-30T14:30:52.414,RITES,218.73,-0.25,211.58,215.55,222.65,212.85,0.25,25.79,25.53,58.2,miscellaneous,miscellaneous,24.88,-1.76,-11.68,-0.19,-0.15,207.55,200.41,-2.61,2026-04-30,,,,
2026-04-30T14:30:52.414,TRIDENT,25.98,0.23,25.14,25.33,25.87,26.15,0.32,72.17,32.81,56.19,textiles,textiles - cotton/blended,14.25,0.44,-6.97,-0.17,-0.1,24.58,23.74,-2.92,2026-04-30,,,,
2026-04-30T14:30:52.414,KPRMILL,937.05,1.04,898.22,910.85,925.89,953.79,0.32,38.4,37.58,64.63,consumer discretionary,textiles - products,28.19,1.21,-12.42,-0.2,-0.05,892.6,867.01,-2.93,2026-04-30,,,,
2026-04-30T14:30:52.414,DEEPAKNTR,1740.9,0.97,1675.31,1674.7,1681.05,1830.67,0.88,59.46,44.09,72.24,chemicals,chemicals,36.12,3.56,-5.79,-0.08,-0.1,1620.76,1547.75,-2.97,2026-04-30,,,,
2026-04-30T14:30:52.414,BALRAMCHIN,520.55,2.03,498.53,500.0,504.44,544.71,2.91,23.16,22.99,58.35,fmcg,sugar,17.37,3.19,15.27,0.01,-0.1,473.77,454.53,-3.04,2026-04-30,,,,
2026-04-30T14:30:52.414,CASTROLIND,184.09,-0.3,179.19,182.41,181.73,187.63,0.61,18.78,18.94,56.29,chemicals,chemicals,15.96,1.3,-5.62,-0.14,-0.15,178.98,175.6,-3.2,2026-04-30,,,,
2026-04-30T14:30:52.414,INTELLECT,743.25,0.47,713.68,681.65,699.5,808.87,0.58,90.2,28.31,61.65,i.t,computers - software - medium / small,18.56,6.25,-24.54,-0.34,-0.23,679.88,640.26,-3.4,2026-04-30,,,,
2026-04-30T14:30:52.414,UCOBANK,26.77,0.53,25.78,26.17,26.66,26.94,0.61,10.46,12.1,55.67,bank,banks - public sector,13.3,0.42,-6.79,-0.25,-0.09,25.48,24.64,-3.41,2026-04-30,,,,
2026-04-30T14:30:52.414,MGL,1142.0,-0.35,1094.61,1116.95,1148.06,1132.91,0.31,14.02,11.81,65.27,energy,miscellaneous,31.93,-0.53,-7.68,-0.19,-0.19,1078.18,1032.12,-3.74,2026-04-30,,,,
2026-04-30T14:30:52.414,BLUEDART,5462.3,-0.24,5304.94,5290.0,5383.64,5580.29,0.34,47.43,51.21,59.59,transportation,couriers,24.41,1.46,-3.72,-0.23,-0.11,5210.14,5038.71,-4.11,2026-04-30,,,,
2026-04-30T14:30:52.414,WHIRLPOOL,995.25,0.12,950.6,943.1,945.91,1069.26,0.82,119.05,37.88,73.66,consumer discretionary,domestic appliances,30.06,5.22,-19.23,-0.35,-0.23,923.95,880.23,-4.61,2026-04-30,,,,
2026-04-30T14:30:52.414,LTTS,3588.0,0.8,3408.05,3362.0,3502.47,3716.3,0.31,28.62,29.48,57.6,i.t,computers - software - large,26.19,2.44,-11.58,-0.2,-0.17,3339.36,3167.08,-4.78,2026-04-30,,,,
2026-04-30T14:30:52.414,AFCONS,338.4,3.66,317.62,311.45,331.69,348.47,0.73,32.17,26.67,60.44,realty,construction,27.18,2.02,-22.59,-0.31,-0.23,307.22,287.43,-5.4,2026-04-30,,,,
2026-04-30T14:30:52.414,ZEEL,89.9,-0.62,86.24,86.64,88.66,91.77,0.51,13.87,15.41,59.8,media,entertainment / electronic media software,31.7,1.4,-19.54,-0.2,-0.23,81.79,76.61,-5.5,2026-04-30,,,,
2026-04-30T14:30:52.414,SIGNATURE,870.0,0.81,833.0,827.25,842.65,911.03,0.46,-67.55,3752.39,58.13,realty,construction,15.66,3.25,-17.53,-0.27,-0.24,810.83,768.45,-6.46,2026-04-30,,,,
2026-04-30T14:30:52.414,SYNGENE,473.45,9.56,421.3,417.45,427.67,542.12,22.2,319.9,49.33,66.72,healthcare,miscellaneous,22.91,10.71,-22.32,-0.34,-0.3,416.16,418.29,-6.96,2026-04-30,,,,
2026-04-30T14:30:52.414,TARIL,329.8,1.95,311.39,312.5,323.85,338.72,0.71,27.12,36.19,59.1,industrials,electric equipment,18.1,1.84,-33.71,-0.34,-0.37,292.13,266.78,-9.15,2026-04-30,,,,
2026-04-30T14:30:52.414,POLYMED,1504.5,-0.88,1465.2,1405.1,1499.5,1512.0,0.21,53.73,44.42,59.75,healthcare,healthcare,25.59,0.33,-23.22,-0.3,-0.24,1399.5,1346.15,-9.29,2026-04-30,,,,
2026-04-30T14:30:52.414,NEWGEN,511.35,6.5,466.28,461.15,473.0,568.87,2.01,28.66,22.27,61.88,i.t,computers - software - medium / small,15.76,8.11,-42.43,-0.53,-0.43,457.23,439.29,-12.79,2026-04-30,,,,
2026-04-30T14:30:52.414,COHANCE,484.15,3.55,433.75,355.05,404.96,602.93,2.49,126.08,63.7,73.9,healthcare,pharmaceuticals - indian - bulk drugs & formln,44.92,19.55,-44.29,-0.43,-0.51,398.88,349.58,-14.37,2026-04-30,,,,
2026-04-30T14:30:52.414,URBANCO,151.28,2.6,140.58,141.16,144.1,162.05,0.77,-270.14,-300.92,72.96,i.t,miscellaneous,46.75,4.98,-11.65,-0.11,NaN,138.3,130.63,NaN,2026-04-30,,,,
2026-04-30T14:30:52.414,PIRAMALFIN,2004.0,-0.46,1889.73,1809.0,1782.71,2335.94,1.16,NaN,0.0,69.58,n/a,indices,21.22,12.41,NaN,NaN,NaN,1812.75,1675.51,NaN,2026-04-30,,,,
2026-04-30T14:30:52.414,GROWW,213.85,0.18,206.41,204.0,218.22,207.29,0.49,48.16,46.41,66.06,financials,finance & investments,31.21,-2.0,NaN,NaN,NaN,191.85,176.71,NaN,2026-04-30,,,,
2026-04-29T12:42:01.99,CHENNPETRO,,,,,,,,,,,energy,refineries,,,,,,,,,2026-04-29,0.16,15.89,15.89,5568.9
2026-04-29T12:42:01.99,J&KBANK,,,,,,,,,,,bank,banks - private sector,,,,,,,,,2026-04-29,0.21,8.22,9.16,6053.52
2026-04-29T12:42:01.99,UNIPARTS,,,,,,,,,,,industrials,engineering,,,,,,,,,2026-04-29,0.36,10.71,13.41,856.44
2026-04-29T12:42:01.99,HARDWYN,,,,,,,,,,,services,trading,,,,,,,,,2026-04-29,0.37,5.04,8.94,747.07
2026-04-29T12:42:01.99,IMFA,,,,,,,,,,,metals & mining,mining / minerals / metals,,,,,,,,,2026-04-29,0.48,11.07,12.4,3700.21
2026-04-29T12:42:01.99,PRECWIRE,,,,,,,,,,,metals & mining,mining / minerals / metals,,,,,,,,,2026-04-29,0.55,7.82,9.51,3316.8
2026-04-29T12:42:01.99,NITINSPIN,,,,,,,,,,,textiles,textiles - cotton/blended,,,,,,,,,2026-04-29,0.62,10.86,16.22,1124.66
2026-04-29T12:42:01.99,SKYGOLD,,,,,,,,,,,consumer discretionary,diamond cutting / jewellery,,,,,,,,,2026-04-29,0.76,10.44,13.09,3383.22
2026-04-29T12:42:01.99,SCHNEIDER,,,,,,,,,,,industrials,electric equipment,,,,,,,,,2026-04-29,0.92,7.08,12.04,7166.55
2026-04-29T12:42:01.99,EMCURE,,,,,,,,,,,healthcare,pharmaceuticals - indian - bulk drugs & formln,,,,,,,,,2026-04-29,1.02,10.36,11.53,7347.43
2026-04-29T12:42:01.99,VOLTAMP,,,,,,,,,,,industrials,electric equipment,,,,,,,,,2026-04-29,1.03,8.78,13.24,8374.75
2026-04-29T12:42:01.99,GVPIL,,,,,,,,,,,realty,engineering - turnkey services,,,,,,,,,2026-04-29,1.33,13.55,22.56,1256.96
2026-04-29T12:42:01.99,CUPID,,,,,,,,,,,fmcg,personal care - indian,,,,,,,,,2026-04-29,1.42,3.6,6.26,8287.89
2026-04-29T12:42:01.99,SATIN,,,,,,,,,,,financials,finance & investments,,,,,,,,,2026-04-29,1.54,5.23,7.05,1237.45
2026-04-29T12:42:01.99,ANDHRSUGAR,,,,,,,,,,,chemicals,chlor alkali / soda ash,,,,,,,,,2026-04-29,1.82,8.39,13.72,690.71
2026-04-29T12:42:01.99,WHEELS,,,,,,,,,,,auto,auto ancillaries,,,,,,,,,2026-04-29,1.93,19.05,19.05,1222.84
2026-04-29T12:42:01.99,CEIGALL,,,,,,,,,,,realty,construction,,,,,,,,,2026-04-29,1.99,5.35,6.47,1049.02
2026-04-29T12:42:01.99,GRAPHITE,,,,,,,,,,,industrials,electrodes - graphites,,,,,,,,,2026-04-29,2.07,3.98,5.57,5040.1
2026-04-29T12:42:01.99,SEAMECLTD,,,,,,,,,,,miscellaneous,miscellaneous,,,,,,,,,2026-04-29,2.08,4.26,5.0,1085.42
2026-04-29T12:42:01.99,LINCOLN,,,,,,,,,,,healthcare,pharmaceuticals - indian - formulations,,,,,,,,,2026-04-29,2.29,22.14,22.17,720.48
2026-04-29T12:42:01.99,SHAH,,,,,,,,,,,metals & mining,steel - medium / small,,,,,,,,,2026-04-29,2.5,6.67,6.67,342.44
2026-04-29T12:42:01.99,UFBL,,,,,,,,,,,consumer discretionary,hotels,,,,,,,,,2026-04-29,2.53,16.29,16.39,887.14
2026-04-29T12:42:01.99,EDELWEISS,,,,,,,,,,,financials,finance & investments,,,,,,,,,2026-04-29,3.14,8.6,9.56,8117.24
2026-04-29T12:42:01.99,SPORTKING,,,,,,,,,,,textiles,textiles - spinning - synthetic / blended,,,,,,,,,2026-04-29,3.31,11.85,13.26,481.95
2026-04-29T12:42:01.99,PRIVISCL,,,,,,,,,,,chemicals,chemicals,,,,,,,,,2026-04-29,3.53,4.21,6.94,5108.49
2026-04-29T12:42:01.99,CCL,,,,,,,,,,,fmcg,tea,,,,,,,,,2026-04-29,3.84,4.65,6.21,8186.67
2026-04-29T12:42:01.99,VISHNU,,,,,,,,,,,chemicals,chemicals,,,,,,,,,2026-04-29,3.99,4.2,5.1,1231.86
2026-04-29T12:42:01.99,SCI,,,,,,,,,,,transportation,shipping,,,,,,,,,2026-04-29,4.0,9.64,11.2,5232.85
2026-04-29T12:42:01.99,ABSLAMC,,,,,,,,,,,financials,finance & investments,,,,,,,,,2026-04-29,4.06,4.32,8.72,7670.74
2026-04-29T12:42:01.99,STEELCAS,,,,,,,,,,,industrials,castings & forgings,,,,,,,,,2026-04-29,4.31,13.07,13.07,1704.36
2026-04-29T12:42:01.99,GMDCLTD,,,,,,,,,,,metals & mining,mining / minerals / metals,,,,,,,,,2026-04-29,4.41,11.92,15.18,6100.54
2026-04-29T12:42:01.99,ENGINERSIN,,,,,,,,,,,realty,engineering - turnkey services,,,,,,,,,2026-04-29,4.55,8.81,10.89,6909.91
2026-04-29T12:42:01.99,AGIIL,,,,,,,,,,,realty,construction,,,,,,,,,2026-04-29,4.59,5.9,8.66,1327.14
2026-04-29T12:42:01.99,SILVERTUC,,,,,,,,,,,i.t,computers - software - medium / small,,,,,,,,,2026-04-29,4.62,14.9,24.78,518.75
2026-04-29T12:42:01.99,GAEL,,,,,,,,,,,fmcg,miscellaneous,,,,,,,,,2026-04-29,4.64,4.66,8.69,2530.11
2026-04-29T12:42:01.99,AEROFLEX,,,,,,,,,,,metals & mining,steel - medium / small,,,,,,,,,2026-04-29,4.67,10.22,11.41,1400.07
2026-04-29T12:42:01.99,RISHABH,,,,,,,,,,,industrials,electric equipment,,,,,,,,,2026-04-29,4.83,6.6,8.42,575.36
2026-04-29T12:42:01.99,SAKAR,,,,,,,,,,,healthcare,pharmaceuticals - indian - bulk drugs & formln,,,,,,,,,2026-04-29,4.89,9.36,9.36,660.33
2026-04-29T12:42:01.99,RPTECH,,,,,,,,,,,services,trading,,,,,,,,,2026-04-29,5.0,8.46,9.89,1126.65
2026-04-29T12:42:01.99,DEEDEV,,,,,,,,,,,metals & mining,steel - medium / small,,,,,,,,,2026-04-29,5.01,13.57,13.57,873.58
2026-04-29T12:42:01.99,BAJAJCON,,,,,,,,,,,fmcg,personal care - indian,,,,,,,,,2026-04-29,5.22,7.01,7.35,3507.89
2026-04-29T12:42:01.99,STLTECH,,,,,,,,,,,industrials,cables - telephone,,,,,,,,,2026-04-29,5.34,9.0,11.24,7541.04
2026-04-29T12:42:01.99,APEX,,,,,,,,,,,fmcg,aquaculture,,,,,,,,,2026-04-29,6.42,10.05,11.26,411.93
2026-04-29T12:42:01.99,BHAGYANGR,,,,,,,,,,,power & utilities,power generation and supply,,,,,,,,,2026-04-29,6.88,28.02,36.89,299.07
2026-04-29T12:42:01.99,ANURAS,,,,,,,,,,,chemicals,chemicals,,,,,,,,,2026-04-29,7.06,4.87,6.38,6093.27
2026-04-29T12:42:01.99,EQUITASBNK,,,,,,,,,,,bank,banks - private sector,,,,,,,,,2026-04-29,7.28,6.35,7.03,7765.94
2026-04-29T12:42:01.99,GODAVARIB,,,,,,,,,,,fmcg,sugar,,,,,,,,,2026-04-29,7.68,8.12,12.58,611.91
2026-04-29T12:42:01.99,MASFIN,,,,,,,,,,,financials,finance & investments,,,,,,,,,2026-04-29,7.81,3.78,3.83,1968.0
2026-04-29T12:42:01.99,MANINDS,,,,,,,,,,,metals & mining,steel - medium / small,,,,,,,,,2026-04-29,8.22,10.96,10.96,2228.49
2026-04-29T12:42:01.99,SANGAMIND,,,,,,,,,,,textiles,textiles - spinning - synthetic / blended,,,,,,,,,2026-04-29,8.23,7.21,13.13,784.38
2026-04-29T12:42:01.99,THANGAMAYL,,,,,,,,,,,consumer discretionary,diamond cutting / jewellery,,,,,,,,,2026-04-29,8.26,7.14,7.14,4787.58
2026-04-29T12:42:01.99,MBAPL,,,,,,,,,,,chemicals,fertilizers,,,,,,,,,2026-04-29,8.6,7.53,7.65,1130.09
2026-04-29T12:42:01.99,KRN,,,,,,,,,,,industrials,engineering,,,,,,,,,2026-04-29,9.08,11.93,18.07,2319.42
2026-04-29T12:42:01.99,MIRCELECTR,,,,,,,,,,,consumer discretionary,electronics - consumer,,,,,,,,,2026-04-29,9.17,7.32,15.06,746.46
2026-04-29T12:42:01.99,CANFINHOME,,,,,,,,,,,financials,finance - housing,,,,,,,,,2026-04-29,9.45,7.99,7.99,8200.43
2026-04-29T12:42:01.99,GUJALKALI,,,,,,,,,,,chemicals,chemicals,,,,,,,,,2026-04-29,9.51,15.42,15.42,2830.93
2026-04-29T12:42:01.99,SMSPHARMA,,,,,,,,,,,healthcare,pharmaceuticals - indian - bulk drugs,,,,,,,,,2026-04-29,9.56,5.8,11.78,1211.23
2026-04-29T12:42:01.99,KRISHANA,,,,,,,,,,,chemicals,fertilizers,,,,,,,,,2026-04-29,10.8,17.56,17.56,1050.78
2026-04-29T12:42:01.99,GRMOVER,,,,,,,,,,,fmcg,food - processing - indian,,,,,,,,,2026-04-29,10.9,3.57,3.96,1283.68
2026-04-29T12:42:01.99,KINGFA,,,,,,,,,,,plastic products,plastics products,,,,,,,,,2026-04-29,11.46,13.07,13.07,2033.52
2026-04-29T12:42:01.99,TRIVENI,,,,,,,,,,,fmcg,sugar,,,,,,,,,2026-04-29,11.66,5.32,7.89,3531.57
2026-04-29T12:42:01.99,COASTCORP,,,,,,,,,,,fmcg,aquaculture,,,,,,,,,2026-04-29,11.89,13.6,21.39,216.25
2026-04-29T12:42:01.99,SJS,,,,,,,,,,,auto,plastics products,,,,,,,,,2026-04-29,11.91,7.34,8.7,4289.43
2026-04-29T12:42:01.99,PIXTRANS,,,,,,,,,,,fmcg,miscellaneous,,,,,,,,,2026-04-29,11.99,10.46,10.46,806.97
2026-04-29T12:42:01.99,VENUSREM,,,,,,,,,,,healthcare,pharmaceuticals - indian - formulations,,,,,,,,,2026-04-29,13.43,8.87,17.16,733.81
2026-04-29T12:42:01.99,PRICOLLTD,,,,,,,,,,,auto,auto ancillaries,,,,,,,,,2026-04-29,13.51,2.81,6.17,4499.8
2026-04-29T12:42:01.99,JINDALSAW,,,,,,,,,,,industrials,steel - large,,,,,,,,,2026-04-29,13.54,10.81,11.21,5556.29
2026-04-29T12:42:01.99,FIEMIND,,,,,,,,,,,auto,auto ancillaries,,,,,,,,,2026-04-29,13.58,3.18,6.5,2643.75
2026-04-29T12:42:01.99,MEDPLUS,,,,,,,,,,,consumer discretionary,trading,,,,,,,,,2026-04-29,16.21,5.16,5.16,6286.67
2026-04-29T12:42:01.99,ROLEXRINGS,,,,,,,,,,,industrials,castings & forgings,,,,,,,,,2026-04-29,16.32,8.66,11.46,1915.49
2026-04-29T12:42:01.99,MAANALU,,,,,,,,,,,metals & mining,aluminium and aluminium products,,,,,,,,,2026-04-29,16.86,16.28,18.55,407.05
2026-04-29T12:42:01.99,ALIVUS,,,,,,,,,,,healthcare,pharmaceuticals - indian - bulk drugs & formln,,,,,,,,,2026-04-29,16.9,9.22,10.23,3139.83
2026-04-29T12:42:01.99,PFOCUS,,,,,,,,,,,realty,miscellaneous,,,,,,,,,2026-04-29,17.08,8.31,11.44,9264.65
2026-04-29T12:42:01.99,TVSSRICHAK,,,,,,,,,,,auto,tyres,,,,,,,,,2026-04-29,17.17,6.53,6.63,1644.6
2026-04-29T12:42:01.99,RAJRATAN,,,,,,,,,,,metals & mining,steel - medium / small,,,,,,,,,2026-04-29,17.33,8.85,12.72,788.61
2026-04-29T12:42:01.99,DWARKESH,,,,,,,,,,,fmcg,sugar,,,,,,,,,2026-04-29,17.51,7.95,17.16,465.17
2026-04-29T12:42:01.99,RICOAUTO,,,,,,,,,,,auto,auto ancillaries,,,,,,,,,2026-04-29,18.31,4.19,5.62,781.54
2026-04-29T12:42:01.99,VIYASH,,,,,,,,,,,healthcare,pharmaceuticals - indian - bulk drugs & formln,,,,,,,,,2026-04-29,18.97,2.77,5.57,3531.3
2026-04-29T12:42:01.99,AVALON,,,,,,,,,,,consumer discretionary,electronics - components,,,,,,,,,2026-04-29,20.08,7.83,7.87,3908.99
2026-04-29T12:42:01.99,IFCI,,,,,,,,,,,financials,finance - term-lending institutions,,,,,,,,,2026-04-29,20.81,6.11,7.48,4360.32
2026-04-16T11:49:06.31,HARDWYN,,,,,,,,,,,services,trading,,,,,,,,,2026-04-16,0.23,6.9,7.37,602.88
2026-04-16T11:49:06.31,AXISCADES,,,,,,,,,,,aerospace & defence,computers - software - medium / small,,,,,,,,,2026-04-16,0.52,8.26,8.26,3156.86
2026-04-16T11:49:06.31,J&KBANK,,,,,,,,,,,bank,banks - private sector,,,,,,,,,2026-04-16,0.91,10.27,10.27,5745.93
2026-04-16T11:49:06.31,KRN,,,,,,,,,,,industrials,engineering,,,,,,,,,2026-04-16,0.99,25.17,25.17,2108.71
2026-04-16T11:49:06.31,PRECWIRE,,,,,,,,,,,metals & mining,mining / minerals / metals,,,,,,,,,2026-04-16,1.02,13.73,19.23,2857.58
2026-04-16T11:49:06.31,VOLTAMP,,,,,,,,,,,industrials,electric equipment,,,,,,,,,2026-04-16,1.28,9.94,11.06,7052.91
2026-04-16T11:49:06.31,GMDCLTD,,,,,,,,,,,metals & mining,mining / minerals / metals,,,,,,,,,2026-04-16,1.43,24.69,24.69,5998.43
2026-04-16T11:49:06.31,SALSTEEL,,,,,,,,,,,metals & mining,steel - sponge iron,,,,,,,,,2026-04-16,1.46,34.84,40.37,235.31
2026-04-16T11:49:06.31,SENORES,,,,,,,,,,,healthcare,pharmaceuticals - indian - formulations,,,,,,,,,2026-04-16,1.67,9.12,9.6,2150.72
2026-04-16T11:49:06.31,GRANULES,,,,,,,,,,,healthcare,pharmaceuticals - indian - bulk drugs & formln,,,,,,,,,2026-04-16,2.13,6.48,6.48,9860.7
2026-04-16T11:49:06.31,EMCURE,,,,,,,,,,,healthcare,pharmaceuticals - indian - bulk drugs & formln,,,,,,,,,2026-04-16,2.3,7.91,7.91,6850.77
2026-04-16T11:49:06.31,SOUTHWEST,,,,,,,,,,,metals & mining,mining / minerals / metals,,,,,,,,,2026-04-16,2.45,13.33,14.92,231.12
2026-04-16T11:49:06.31,DIVGIITTS,,,,,,,,,,,auto,auto ancillaries,,,,,,,,,2026-04-16,2.48,25.55,25.55,949.82
2026-04-16T11:49:06.31,SKYGOLD,,,,,,,,,,,consumer discretionary,diamond cutting / jewellery,,,,,,,,,2026-04-16,2.73,16.46,16.46,3168.66
2026-04-16T11:49:06.31,VTL,,,,,,,,,,,textiles,textiles - cotton/blended,,,,,,,,,2026-04-16,2.92,5.92,6.29,5549.04
2026-04-16T11:49:06.31,MAHLOG,,,,,,,,,,,transportation,miscellaneous,,,,,,,,,2026-04-16,2.94,13.79,13.79,1682.85
2026-04-16T11:49:06.31,GAEL,,,,,,,,,,,fmcg,miscellaneous,,,,,,,,,2026-04-16,2.95,5.6,7.76,2523.64
2026-04-16T11:49:06.31,AEROFLEX,,,,,,,,,,,metals & mining,steel - medium / small,,,,,,,,,2026-04-16,3.12,7.0,16.04,1327.14
2026-04-16T11:49:06.31,ABSLAMC,,,,,,,,,,,financials,finance & investments,,,,,,,,,2026-04-16,3.18,10.05,10.8,7482.36
2026-04-16T11:49:06.31,VENUSREM,,,,,,,,,,,healthcare,pharmaceuticals - indian - formulations,,,,,,,,,2026-04-16,3.21,11.66,13.18,820.38
2026-04-16T11:49:06.31,KINGFA,,,,,,,,,,,plastic products,plastics products,,,,,,,,,2026-04-16,3.33,12.38,15.09,2108.37
2026-04-16T11:49:06.31,BAJAJCON,,,,,,,,,,,fmcg,personal care - indian,,,,,,,,,2026-04-16,3.44,7.02,14.84,3222.58
2026-04-16T11:49:06.31,SPORTKING,,,,,,,,,,,textiles,textiles - spinning - synthetic / blended,,,,,,,,,2026-04-16,3.78,8.61,8.91,455.76
2026-04-16T11:49:06.31,SMSPHARMA,,,,,,,,,,,healthcare,pharmaceuticals - indian - bulk drugs,,,,,,,,,2026-04-16,4.14,12.63,13.28,1283.76
2026-04-16T11:49:06.31,SHRIPISTON,,,,,,,,,,,auto,auto ancillaries,,,,,,,,,2026-04-16,4.33,6.8,19.26,8862.63
2026-04-16T11:49:06.31,IMFA,,,,,,,,,,,metals & mining,mining / minerals / metals,,,,,,,,,2026-04-16,4.81,15.88,17.8,3339.77
2026-04-16T11:49:06.31,BHAGYANGR,,,,,,,,,,,power & utilities,power generation and supply,,,,,,,,,2026-04-16,4.98,18.91,29.61,219.9
2026-04-16T11:49:06.31,ROSSTECH,,,,,,,,,,,aerospace & defence,engineering,,,,,,,,,2026-04-16,5.01,15.38,31.46,917.48
2026-04-16T11:49:06.31,RISHABH,,,,,,,,,,,industrials,electric equipment,,,,,,,,,2026-04-16,5.18,15.24,15.24,545.37
2026-04-16T11:49:06.31,CENTUM,,,,,,,,,,,consumer discretionary,electronics - components,,,,,,,,,2026-04-16,5.33,7.06,10.14,2273.35
2026-04-16T11:49:06.31,PAISALO,,,,,,,,,,,financials,finance & investments,,,,,,,,,2026-04-16,5.5,16.92,19.42,2237.94
2026-04-16T11:49:06.31,STLTECH,,,,,,,,,,,industrials,cables - telephone,,,,,,,,,2026-04-16,5.54,17.4,30.62,6744.94
2026-04-16T11:49:06.31,KMEW,,,,,,,,,,,transportation,miscellaneous,,,,,,,,,2026-04-16,5.73,9.39,10.38,2093.44
2026-04-16T11:49:06.31,SCI,,,,,,,,,,,transportation,shipping,,,,,,,,,2026-04-16,5.98,13.52,13.52,4453.24
2026-04-16T11:49:06.31,LOKESHMACH,,,,,,,,,,,industrials,engineering,,,,,,,,,2026-04-16,6.01,28.41,30.54,246.82
2026-04-16T11:49:06.31,UNIPARTS,,,,,,,,,,,industrials,engineering,,,,,,,,,2026-04-16,6.28,5.47,6.95,784.85
2026-04-16T11:49:06.31,AGIIL,,,,,,,,,,,realty,construction,,,,,,,,,2026-04-16,6.68,13.67,20.34,1294.85
2026-04-16T11:49:06.31,INDSWFTLAB,,,,,,,,,,,healthcare,pharmaceuticals - indian - bulk drugs & formln,,,,,,,,,2026-04-16,6.91,11.68,15.63,720.76
2026-04-16T11:49:06.31,STYLAMIND,,,,,,,,,,,building materials,miscellaneous,,,,,,,,,2026-04-16,7.19,2.35,2.53,1827.36
2026-04-16T11:49:06.31,SARDAEN,,,,,,,,,,,metals & mining,steel - medium / small,,,,,,,,,2026-04-16,7.53,10.32,10.76,5595.6
2026-04-16T11:49:06.31,ASIANTILES,,,,,,,,,,,building materials,ceramics - tiles / sanitaryware,,,,,,,,,2026-04-16,7.74,11.75,25.62,1319.0
2026-04-16T11:49:06.31,DCBBANK,,,,,,,,,,,bank,banks - private sector,,,,,,,,,2026-04-16,8.03,5.71,5.71,5048.56
2026-04-16T11:49:06.31,SATIN,,,,,,,,,,,financials,finance & investments,,,,,,,,,2026-04-16,8.06,9.53,9.53,1140.29
2026-04-16T11:49:06.31,GODAVARIB,,,,,,,,,,,fmcg,sugar,,,,,,,,,2026-04-16,8.6,11.27,11.44,598.39
2026-04-16T11:49:06.31,GVPIL,,,,,,,,,,,realty,engineering - turnkey services,,,,,,,,,2026-04-16,8.7,18.11,19.47,1064.72
2026-04-16T11:49:06.31,CRAFTSMAN,,,,,,,,,,,auto,auto ancillaries,,,,,,,,,2026-04-16,8.97,5.4,5.4,9157.37
2026-04-16T11:49:06.31,SUNTV,,,,,,,,,,,media,entertainment / electronic media software,,,,,,,,,2026-04-16,9.01,8.17,8.78,6197.97
2026-04-16T11:49:06.31,HEG,,,,,,,,,,,industrials,electrodes - graphites,,,,,,,,,2026-04-16,9.3,12.94,12.94,5142.27
2026-04-16T11:49:06.31,ANURAS,,,,,,,,,,,chemicals,chemicals,,,,,,,,,2026-04-16,9.42,3.72,3.94,5938.1
2026-04-16T11:49:06.31,MAYURUNIQ,,,,,,,,,,,consumer discretionary,leather / leather products,,,,,,,,,2026-04-16,9.75,7.56,7.56,1022.92
2026-04-16T11:49:06.31,CUPID,,,,,,,,,,,fmcg,personal care - indian,,,,,,,,,2026-04-16,9.83,6.83,6.83,6896.05
2026-04-16T11:49:06.31,MASFIN,,,,,,,,,,,financials,finance & investments,,,,,,,,,2026-04-16,10.09,7.07,7.07,1920.69
2026-04-16T11:49:06.31,CHENNPETRO,,,,,,,,,,,energy,refineries,,,,,,,,,2026-04-16,10.42,6.76,7.0,4813.12
2026-04-16T11:49:06.31,ASHIANA,,,,,,,,,,,realty,construction,,,,,,,,,2026-04-16,10.58,8.06,10.75,1315.06
2026-04-16T11:49:06.31,SJS,,,,,,,,,,,auto,plastics products,,,,,,,,,2026-04-16,10.83,4.33,6.36,4333.76
2026-04-16T11:49:06.31,FINCABLES,,,,,,,,,,,industrials,cables - power,,,,,,,,,2026-04-16,10.96,13.74,13.74,8978.93
2026-04-16T11:49:06.31,GRMOVER,,,,,,,,,,,fmcg,food - processing - indian,,,,,,,,,2026-04-16,11.43,4.75,5.01,959.29
2026-04-16T11:49:06.31,MUFIN,,,,,,,,,,,financials,finance & investments,,,,,,,,,2026-04-16,12.38,10.27,11.17,1156.0
2026-04-16T11:49:06.31,UFBL,,,,,,,,,,,consumer discretionary,hotels,,,,,,,,,2026-04-16,14.33,20.81,26.28,780.09
2026-04-16T11:49:06.31,PRIVISCL,,,,,,,,,,,chemicals,chemicals,,,,,,,,,2026-04-16,15.22,5.78,5.78,4489.17
2026-04-16T11:49:06.31,AVALON,,,,,,,,,,,consumer discretionary,electronics - components,,,,,,,,,2026-04-16,15.62,13.16,16.79,4126.01
2026-04-16T11:49:06.31,NETWEB,,,,,,,,,,,i.t,computers - hardware,,,,,,,,,2026-04-16,16.09,16.91,16.91,6176.11
2026-04-16T11:49:06.31,PRICOLLTD,,,,,,,,,,,auto,auto ancillaries,,,,,,,,,2026-04-16,16.23,4.35,5.07,4358.52
2026-04-16T11:49:06.31,RICOAUTO,,,,,,,,,,,auto,auto ancillaries,,,,,,,,,2026-04-16,16.71,8.06,8.06,796.93
2026-04-16T11:49:06.31,SHARDACROP,,,,,,,,,,,chemicals,pesticides / agrochemicals - indian,,,,,,,,,2026-04-16,16.96,9.62,9.62,2446.58
2026-04-16T11:49:06.31,JAYBARMARU,,,,,,,,,,,auto,auto ancillaries,,,,,,,,,2026-04-16,17.08,16.59,16.59,422.9
2026-04-16T11:49:06.31,GRWRHITECH,,,,,,,,,,,industrials,packaging,,,,,,,,,2026-04-16,17.31,11.66,14.76,3609.5
2026-04-16T11:49:06.31,INDIACEM,,,,,,,,,,,building materials,cement - south india,,,,,,,,,2026-04-16,17.55,7.67,8.04,3103.48
2026-04-16T11:49:06.31,SIGMAADV,,,,,,,,,,,aerospace & defence,electronics - components,,,,,,,,,2026-04-16,17.82,11.37,14.18,962.92
2026-04-16T11:49:06.31,PGIL,,,,,,,,,,,consumer discretionary,textiles - products,,,,,,,,,2026-04-16,18.92,12.45,12.45,2886.94
2026-04-16T11:49:06.31,VIYASH,,,,,,,,,,,healthcare,pharmaceuticals - indian - bulk drugs & formln,,,,,,,,,2026-04-16,19.72,6.38,6.38,3483.69
2026-04-16T11:49:06.31,SMLMAH,,,,,,,,,,,auto,automobiles - lcvs / hcvs,,,,,,,,,2026-04-16,19.97,8.62,9.58,2541.43
2026-04-16T11:49:06.31,JPOLYINVST,,,,,,,,,,,financials,finance & investments,,,,,,,,,2026-04-16,20.66,13.38,13.65,314.81
2026-04-16T11:49:06.31,LUMAXIND,,,,,,,,,,,auto,auto ancillaries,,,,,,,,,2026-04-16,20.79,7.47,11.35,1283.7
2026-04-16T11:49:06.31,SANDUMA,,,,,,,,,,,metals & mining,mining / minerals / metals,,,,,,,,,2026-04-16,20.95,12.56,13.98,2704.59
2026-04-16T11:49:06.31,ANTELOPUS,,,,,,,,,,,energy,oil drilling / allied services,,,,,,,,,2026-04-16,22.39,7.99,9.22,629.94
2026-04-16T11:49:06.31,SWANDEF,,,,,,,,,,,transportation,miscellaneous,,,,,,,,,2026-04-16,22.62,9.3,12.46,1024.8
2026-04-16T11:49:06.31,DREDGECORP,,,,,,,,,,,miscellaneous,miscellaneous,,,,,,,,,2026-04-16,23.51,14.4,14.4,707.33
2026-04-16T11:49:06.31,BHARATGEAR,,,,,,,,,,,auto,auto ancillaries,,,,,,,,,2026-04-16,25.19,18.05,18.56,79.13
2026-04-16T11:49:06.31,BGRENERGY,,,,,,,,,,,realty,engineering - turnkey services,,,,,,,,,2026-04-16,27.14,13.89,27.64,1264.21
