Timestamp,Symbol,Cmp,%ch,Low 2%,Low5,Sl,Target,R_vol,Forward pe,Pe,Rsi,Sector,Industry,Adx,%ch sl,Rs,Srs,Ars,Is,Tps,Rs score,Scan_Date,From52wh,3d range,5d,Free float
2026-08-14T08:44:49.862,HFCL,227.36,2.64,218.17,201.0,197.14,272.68,0.85,38.15,59.21,63.23,telecom,cables - telephone,18.86,15.33,261.12,1.92,2.08,208.49,197.93,51.5,2026-08-14,,,,
2026-08-14T08:44:49.862,RRKABEL,2834.2,1.6,2724.89,2727.0,2752.91,2956.13,0.26,39.06,52.75,73.29,industrials,cables - power,45.83,2.95,90.44,0.82,0.98,2663.19,2548.74,29.84,2026-08-14,,,,
2026-08-14T08:44:49.862,NETWEB,5181.0,7.1,4762.8,4753.0,4719.08,5873.88,2.18,86.47,112.88,69.09,i.t,computers - hardware,23.24,9.79,54.84,0.51,0.5,4743.7,4434.72,29.55,2026-08-14,,,,
2026-08-14T08:44:49.862,WELCORP,1883.9,0.87,1832.21,1815.2,1791.55,2022.42,0.49,11.87,21.51,76.17,industrials,steel - large,41.49,5.15,154.18,1.07,1.09,1794.77,1730.03,28.48,2026-08-14,,,,
2026-08-14T08:44:49.862,LAURUSLABS,1851.7,0.09,1784.19,1820.6,1877.0,1813.75,0.59,67.98,91.4,77.75,healthcare,pharmaceuticals - indian - bulk drugs & formln,57.69,-1.35,77.55,0.68,0.78,1785.21,1735.34,27.62,2026-08-14,,,,
2026-08-14T08:44:49.862,HONASA,479.45,2.58,459.28,461.3,453.51,518.36,1.59,43.27,62.67,65.5,services,trading,19.58,5.72,67.25,0.51,0.6,448.85,433.45,20.31,2026-08-14,,,,
2026-08-14T08:44:49.862,NEULANDLAB,23207.0,3.1,22076.46,21601.0,21056.33,26433.0,1.41,50.41,59.82,72.09,healthcare,pharmaceuticals - indian - bulk drugs,39.16,10.21,57.82,0.62,0.35,21255.59,19835.03,18.13,2026-08-14,,,,
2026-08-14T08:44:49.862,DATAPATTNS,4529.3,0.85,4397.85,4362.0,4361.03,4781.7,0.52,287.39,94.64,54.47,aerospace & defence,electronics - components,9.9,3.86,73.1,0.47,0.48,4216.14,4041.97,17.53,2026-08-14,,,,
2026-08-14T08:44:49.862,HSCL,778.15,2.07,750.19,751.0,760.92,803.99,0.31,42.76,48.79,60.64,chemicals,chemicals,26.01,2.26,65.39,0.57,0.69,732.49,704.45,16.54,2026-08-14,,,,
2026-08-14T08:44:49.862,RADICO,4675.2,3.14,4434.7,4431.7,4509.08,4924.37,0.98,68.15,88.95,77.28,fmcg,breweries & distilleries,55.54,3.68,65.12,0.53,0.43,4459.03,4296.9,14.72,2026-08-14,,,,
2026-08-14T08:44:49.862,GLAND,2967.6,2.64,2768.99,2570.0,2627.12,3478.32,0.99,38.58,43.32,77.39,healthcare,pharmaceuticals - indian - formulations,45.05,12.96,74.28,0.46,0.62,2728.12,2555.91,13.24,2026-08-14,,,,
2026-08-14T08:44:49.862,PAYTM,1649.5,2.45,1565.75,1425.3,1466.98,1923.28,0.85,119.88,162.35,85.65,i.t,miscellaneous,42.24,12.44,30.14,0.31,0.23,1534.07,1447.5,12.68,2026-08-14,,,,
2026-08-14T08:44:49.862,KEI,5789.0,0.61,5587.08,5542.3,5396.84,6377.23,1.05,50.46,55.51,74.9,industrials,cables - power,28.98,7.27,32.53,0.16,0.35,5499.3,5330.02,12.49,2026-08-14,,,,
2026-08-14T08:44:49.862,PNBHOUSING,1164.8,0.62,1118.18,1119.5,1099.84,1262.24,0.57,13.61,13.11,66.52,financials,finance - housing,22.7,5.91,19.23,0.26,0.24,1096.37,1051.65,11.87,2026-08-14,,,,
2026-08-14T08:44:49.862,AUBANK,1098.0,0.61,1059.48,1048.3,1052.65,1166.02,0.86,25.82,28.73,63.36,bank,banks - private sector,23.21,4.31,9.03,0.02,0.12,1047.55,1012.82,10.52,2026-08-14,,,,
2026-08-14T08:44:49.862,EMCURE,2009.6,0.0,1945.99,1939.5,1969.46,2069.81,0.28,32.41,37.67,67.61,healthcare,pharmaceuticals - indian - bulk drugs & formln,40.41,2.04,34.09,0.24,0.38,1909.33,1844.53,10.25,2026-08-14,,,,
2026-08-14T08:44:49.862,IIFL,635.95,1.63,608.73,603.7,618.82,661.64,0.94,10.02,12.86,72.17,financials,finance & investments,45.16,2.77,-0.78,0.12,0.08,604.26,582.44,10.22,2026-08-14,,,,
2026-08-14T08:44:49.862,AARTIIND,538.2,1.38,518.22,496.05,490.44,609.84,1.83,31.51,36.76,71.48,chemicals,chemicals,23.97,9.74,50.57,0.06,0.37,505.68,484.79,9.78,2026-08-14,,,,
2026-08-14T08:44:49.862,SOLARINDS,20324.0,8.51,18369.12,18391.0,18373.43,23249.85,5.25,70.46,92.36,73.15,aerospace & defence,chemicals,14.55,10.62,55.84,0.39,0.47,19041.91,18156.34,9.75,2026-08-14,,,,
2026-08-14T08:44:49.862,AJANTPHARM,3614.6,2.08,3469.2,3449.0,3444.04,3870.44,1.09,33.78,39.79,66.52,healthcare,pharmaceuticals - indian - formulations,31.18,4.95,32.46,0.15,0.38,3432.15,3355.72,9.4,2026-08-14,,,,
2026-08-14T08:44:49.862,EICHERMOT,8100.0,0.63,7850.78,7920.0,8010.68,8233.98,0.4,37.99,38.49,66.05,auto,automobiles - motorcycles / mopeds,29.56,1.11,8.93,-0.04,0.12,7839.72,7644.51,9.37,2026-08-14,,,,
2026-08-14T08:44:49.862,GRAPHITE,734.85,1.18,707.76,705.5,707.03,776.58,0.56,20.83,67.29,67.69,industrials,electrodes - graphites,37.12,3.93,18.74,0.02,0.28,685.59,658.69,8.85,2026-08-14,,,,
2026-08-14T08:44:49.862,FLUOROCHEM,4714.7,3.26,4473.7,4401.8,4537.33,4980.75,6.64,58.44,84.66,66.27,chemicals,chemicals,38.58,3.91,36.34,0.24,0.31,4295.32,4224.98,8.58,2026-08-14,,,,
2026-08-14T08:44:49.862,REDINGTON,346.0,1.94,333.74,338.0,344.88,347.68,0.31,13.91,15.9,69.86,services,trading,48.1,0.33,28.61,0.19,0.18,315.79,297.14,8.51,2026-08-14,,,,
2026-08-14T08:44:49.862,CARBORUNIV,1184.6,2.63,1109.16,1059.1,1074.97,1349.05,0.83,73.3,107.01,66.21,industrials,abrasives and grinding wheels,23.01,10.2,48.3,0.29,0.32,1083.83,1015.66,7.82,2026-08-14,,,,
2026-08-14T08:44:49.862,HEG,687.0,1.88,661.84,668.0,690.16,682.26,0.67,27.09,36.96,68.66,industrials,electrodes - graphites,54.84,-0.46,20.72,0.2,0.24,647.74,622.9,7.32,2026-08-14,,,,
2026-08-14T08:44:49.862,CHOLAFIN,1927.9,0.54,1857.49,1862.0,1864.33,2023.26,0.5,24.81,28.42,62.63,financials,finance & investments,20.38,3.41,12.74,0.03,0.08,1829.8,1756.22,6.88,2026-08-14,,,,
2026-08-14T08:44:49.862,TATATECH,868.4,3.12,815.46,797.3,803.83,965.25,0.89,48.79,63.29,68.77,i.t,computers - software - medium / small,27.38,8.03,33.09,0.27,0.24,796.53,746.13,6.85,2026-08-14,,,,
2026-08-14T08:44:49.862,ZENTEC,1831.8,0.41,1785.56,1701.0,1651.5,2102.25,0.36,119.57,91.41,60.27,aerospace & defence,miscellaneous,16.27,10.92,44.69,0.26,0.26,1718.9,1666.12,6.6,2026-08-14,,,,
2026-08-14T08:44:49.862,APLAPOLLO,2064.3,3.36,1949.61,1942.5,1954.91,2228.38,1.25,54.44,46.63,71.73,industrials,steel - large,23.83,5.6,8.4,-0.17,0.15,1954.77,1881.32,6.31,2026-08-14,,,,
2026-08-14T08:44:49.862,PTCIL,19167.0,1.44,18493.58,18250.0,18386.4,20337.9,0.43,119.91,282.91,66.5,industrials,castings & forgings,28.11,4.25,6.79,-0.04,0.03,18178.28,17512.75,6.24,2026-08-14,,,,
2026-08-14T08:44:49.862,LALPATHLAB,1968.4,0.77,1898.55,1907.1,1934.38,2019.43,0.37,48.48,47.45,76.63,healthcare,healthcare,45.54,1.76,42.58,0.26,0.22,1865.98,1797.76,6.1,2026-08-14,,,,
2026-08-14T08:44:49.862,IDFCFIRSTB,86.55,0.87,83.55,83.61,85.43,88.24,0.62,16.27,33.29,65.72,bank,banks - private sector,37.71,1.32,2.36,-0.03,0.04,83.54,81.41,5.31,2026-08-14,,,,
2026-08-14T08:44:49.862,NSLNISP,45.29,2.93,43.01,43.59,43.37,48.18,1.47,8.45,215.67,59.91,metals & mining,steel - large,14.93,4.44,9.51,-0.01,0.03,43.03,41.53,5.09,2026-08-14,,,,
2026-08-14T08:44:49.862,THELEELA,508.45,1.74,491.13,494.4,492.08,533.0,0.69,87.06,28.04,58.82,services,hotels,24.58,3.33,17.56,0.04,0.18,470.13,446.94,4.73,2026-08-14,,,,
2026-08-14T08:44:49.862,BOSCHLTD,46750.0,0.58,45570.0,42000.0,42656.41,52890.38,1.19,48.82,58.35,77.2,auto,auto ancillaries,34.31,9.6,24.14,0.18,0.24,44259.96,42927.43,4.43,2026-08-14,,,,
2026-08-14T08:44:49.862,ENGINERSIN,240.58,0.58,234.42,238.0,231.05,254.88,0.71,17.33,19.56,55.64,realty,engineering - turnkey services,23.03,4.13,24.16,0.2,0.16,225.51,219.23,4.1,2026-08-14,,,,
2026-08-14T08:44:49.862,SAREGAMA,531.65,3.02,507.64,509.25,523.94,543.21,0.69,49.41,46.23,56.83,media,entertainment / electronic media software,27.91,1.47,50.72,0.34,0.29,482.23,455.46,3.93,2026-08-14,,,,
2026-08-14T08:44:49.862,GLENMARK,2320.0,1.31,2236.26,2245.0,2217.49,2473.77,0.75,33.9,36.41,61.5,healthcare,pharmaceuticals - indian - bulk drugs & formln,12.25,4.62,15.02,0.06,0.15,2224.7,2156.13,3.88,2026-08-14,,,,
2026-08-14T08:44:49.862,3MINDIA,36165.0,0.64,35084.0,35665.0,35344.56,37395.67,1.05,47.3,78.0,59.55,miscellaneous,diversified - large,14.19,2.32,3.83,-0.11,-0.0,34587.52,33934.42,3.6,2026-08-14,,,,
2026-08-14T08:44:49.862,POONAWALLA,502.7,3.84,472.02,469.0,472.26,548.35,1.41,35.4,52.86,64.37,financials,finance & investments,28.7,6.44,11.76,-0.05,0.04,470.79,449.15,3.47,2026-08-14,,,,
2026-08-14T08:44:49.862,TBOTEK,1604.9,0.52,1557.22,1589.0,1588.63,1629.31,0.19,51.64,64.87,59.3,i.t,travel agencies,31.74,1.02,6.86,-0.04,-0.09,1491.17,1429.57,3.44,2026-08-14,,,,
2026-08-14T08:44:49.862,TECHM,1639.0,0.86,1593.77,1622.1,1655.55,1614.17,1.26,24.79,28.29,63.33,i.t,computers - software - large,27.46,-1.0,3.34,-0.08,0.05,1570.4,1532.75,2.88,2026-08-14,,,,
2026-08-14T08:44:49.862,PPLPHARMA,212.67,1.16,205.18,205.51,208.87,218.37,0.27,-102.25,-89.73,73.51,healthcare,pharmaceuticals - indian - bulk drugs & formln,54.65,1.82,26.83,0.19,0.1,197.71,190.76,2.59,2026-08-14,,,,
2026-08-14T08:44:49.862,OIL,479.8,1.65,459.82,437.1,452.18,521.22,0.49,5.37,9.34,68.12,energy,oil drilling / allied services,29.54,6.11,12.92,-0.08,0.11,451.66,431.05,2.54,2026-08-14,,,,
2026-08-14T08:44:49.862,LT,4070.7,1.26,3910.2,3990.0,3996.98,4181.28,1.16,33.96,33.76,60.42,realty,engineering - turnkey services,20.78,1.84,1.29,-0.1,-0.04,3950.71,3860.72,2.49,2026-08-14,,,,
2026-08-14T08:44:49.862,ASTRAL,1592.0,8.74,1461.18,1418.7,1451.95,1802.08,14.81,89.04,74.29,72.93,plastic products,plastics products,17.56,9.65,10.7,-0.08,0.05,1494.95,1430.16,2.47,2026-08-14,,,,
2026-08-14T08:44:49.862,KAJARIACER,1260.9,0.7,1227.35,1158.4,1175.75,1388.63,0.93,29.63,36.78,65.69,building materials,ceramics - tiles / sanitaryware,22.34,7.24,26.73,0.21,0.13,1192.47,1149.06,2.06,2026-08-14,,,,
2026-08-14T08:44:49.862,KALYANKJIL,613.4,2.8,581.34,585.05,616.64,608.54,0.61,45.37,44.13,64.92,consumer discretionary,diamond cutting / jewellery,34.1,-0.53,22.54,0.32,0.2,561.77,529.44,1.95,2026-08-14,,,,
2026-08-14T08:44:49.862,COFORGE,1829.0,1.53,1752.24,1765.5,1799.07,1873.89,0.57,37.05,37.15,73.08,i.t,computers - software - large,30.75,1.66,7.78,0.11,-0.08,1737.27,1669.37,1.92,2026-08-14,,,,
2026-08-14T08:44:49.862,ETERNAL,318.0,1.26,307.03,306.2,312.89,325.66,0.81,795.0,676.6,64.69,i.t,miscellaneous,37.14,1.63,11.57,-0.03,0.02,302.27,291.82,1.4,2026-08-14,,,,
2026-08-14T08:44:49.862,BEL,410.5,1.18,394.84,398.35,389.33,442.26,1.12,71.27,48.87,57.82,aerospace & defence,electronics - components,16.9,5.44,-1.68,-0.14,-0.04,396.21,386.99,1.15,2026-08-14,,,,
2026-08-14T08:44:49.862,PERSISTENT,5523.0,0.9,5297.88,5390.0,5524.32,5521.02,0.3,44.71,44.84,62.05,i.t,computers - software - large,19.26,-0.02,-12.68,-0.11,-0.17,5236.42,5027.49,1.12,2026-08-14,,,,
2026-08-14T08:44:49.862,M&M,3428.2,0.72,3328.57,3396.5,3440.59,3409.62,0.84,17.56,20.74,59.65,auto,automobiles - passenger cars,35.28,-0.36,-6.87,-0.14,-0.1,3292.52,3202.56,1.05,2026-08-14,,,,
2026-08-14T08:44:49.862,GRAVITA,1819.7,0.25,1754.3,1706.0,1658.96,2060.82,0.63,31.16,33.82,61.48,metals & mining,mining / minerals / metals,18.47,9.69,12.48,-0.01,-0.04,1710.36,1641.76,0.84,2026-08-14,,,,
2026-08-14T08:44:49.862,BAJAJFINSV,2025.0,0.22,1966.57,1988.0,2041.74,1999.9,0.66,25.83,31.84,60.42,financials,finance & investments,29.84,-0.82,1.35,-0.08,-0.07,1938.14,1886.0,0.79,2026-08-14,,,,
2026-08-14T08:44:49.862,NAUKRI,1357.3,1.37,1309.77,1222.6,1272.07,1485.14,0.47,49.32,54.95,72.11,i.t,miscellaneous,37.26,6.7,3.43,0.07,-0.02,1264.24,1206.55,0.57,2026-08-14,,,,
2026-08-14T08:44:49.862,INDGN,569.8,0.78,554.68,546.1,545.46,606.31,0.83,29.43,34.1,69.19,healthcare,miscellaneous,29.9,4.46,11.54,0.11,0.05,531.97,508.6,0.57,2026-08-14,,,,
2026-08-14T08:44:49.862,POLICYBZR,1744.0,0.29,1681.19,1583.1,1615.94,1936.09,0.54,123.51,107.46,67.12,i.t,miscellaneous,22.51,7.92,4.12,0.03,-0.07,1633.26,1555.81,0.0,2026-08-14,,,,
2026-08-14T08:44:49.862,ZFCVINDIA,2616.2,0.11,2555.74,2562.1,2531.14,2743.8,0.29,71.25,12.04,59.82,auto,auto ancillaries,25.61,3.36,-6.3,-0.25,-0.04,2492.1,2434.83,-0.76,2026-08-14,,,,
2026-08-14T08:44:49.862,DMART,4070.0,0.74,3929.8,3885.5,3904.02,4318.97,0.65,77.08,86.65,54.77,consumer discretionary,trading,14.91,4.25,6.21,-0.06,-0.02,3904.3,3785.02,-0.81,2026-08-14,,,,
2026-08-14T08:44:49.862,BEML,1910.6,0.53,1860.14,1686.4,1740.57,2165.64,0.66,-147.42,78.56,64.1,aerospace & defence,engineering,18.59,9.77,6.52,-0.0,0.0,1771.01,1691.72,-0.91,2026-08-14,,,,
2026-08-14T08:44:49.862,GLAXO,2667.7,1.81,2554.27,2556.5,2614.05,2748.17,0.59,47.64,43.02,66.8,healthcare,pharmaceuticals - multinational,30.95,2.05,11.31,-0.09,0.02,2542.25,2457.47,-0.92,2026-08-14,,,,
2026-08-14T08:44:49.862,INDIGO,5370.0,0.69,5175.87,5217.5,5245.63,5556.56,0.22,-218.29,-43.19,57.17,transportation,transport - airlines,14.47,2.37,10.72,-0.01,-0.12,5150.74,4986.3,-1.42,2026-08-14,,,,
2026-08-14T08:44:49.862,CONCOR,533.65,4.22,503.43,498.25,515.48,560.9,2.14,37.79,32.58,66.25,transportation,miscellaneous,20.56,3.52,4.09,-0.05,0.0,505.45,486.15,-1.43,2026-08-14,,,,
2026-08-14T08:44:49.862,MPHASIS,2541.0,0.13,2446.18,2405.1,2425.44,2714.35,0.51,24.77,25.35,63.6,i.t,computers - software - large,12.45,4.76,-10.27,-0.1,-0.12,2404.12,2301.45,-1.46,2026-08-14,,,,
2026-08-14T08:44:49.862,HCLTECH,1370.0,0.34,1326.92,1328.0,1381.13,1353.31,0.21,20.04,21.28,69.79,i.t,computers - software - large,30.65,-0.81,-17.81,-0.19,-0.19,1313.09,1273.31,-1.94,2026-08-14,,,,
2026-08-14T08:44:49.862,SONATSOFTW,326.4,0.91,316.0,314.65,324.97,328.54,0.17,20.87,19.53,56.18,i.t,computers - software - medium / small,30.53,0.44,-6.03,-0.05,-0.12,296.93,277.43,-1.96,2026-08-14,,,,
2026-08-14T08:44:49.862,MAZDOCK,2571.0,0.75,2495.67,2485.9,2429.53,2783.2,1.1,47.19,36.29,66.56,aerospace & defence,miscellaneous,26.95,5.82,1.98,-0.03,-0.07,2436.29,2348.16,-2.03,2026-08-14,,,,
2026-08-14T08:44:49.862,LTM,4765.0,0.06,4613.35,4542.0,4682.24,4889.13,0.52,24.09,27.0,68.07,i.t,computers - software - large,32.3,1.77,-20.58,-0.2,-0.24,4497.23,4320.71,-2.05,2026-08-14,,,,
2026-08-14T08:44:49.862,BDL,1375.5,2.65,1302.42,1280.0,1257.31,1552.79,3.33,111.29,119.92,66.69,aerospace & defence,engineering,13.86,9.4,-10.24,-0.01,-0.12,1303.84,1254.1,-2.79,2026-08-14,,,,
2026-08-14T08:44:49.862,COCHINSHIP,1507.0,0.07,1470.0,1482.6,1449.98,1592.53,0.84,35.85,55.32,61.73,aerospace & defence,miscellaneous,20.44,3.93,-3.52,-0.08,-0.13,1440.1,1419.82,-3.14,2026-08-14,,,,
2026-08-14T08:44:49.862,DLF,664.0,0.34,643.52,635.05,640.39,699.42,0.6,51.71,36.97,54.65,realty,construction,9.04,3.69,0.76,-0.09,-0.12,631.58,611.07,-3.45,2026-08-14,,,,
2026-08-14T08:44:49.862,LTTS,3604.7,0.72,3481.06,3551.3,3575.99,3647.77,0.31,26.8,28.94,58.93,i.t,computers - software - large,25.8,0.8,-16.47,-0.14,-0.21,3400.74,3285.07,-3.5,2026-08-14,,,,
2026-08-14T08:44:49.862,JYOTICNC,832.55,1.67,803.31,738.9,812.97,861.93,0.8,82.92,58.88,56.83,industrials,engineering,31.7,2.41,-11.1,-0.11,-0.23,757.35,722.66,-3.94,2026-08-14,,,,
2026-08-14T08:44:49.862,COROMANDEL,2088.8,0.75,2023.9,2049.6,2057.14,2136.3,0.23,40.39,33.59,56.58,chemicals,fertilizers,13.49,1.54,-8.74,-0.16,-0.15,2003.21,1943.11,-4.18,2026-08-14,,,,
2026-08-14T08:44:49.862,INFY,1175.0,-0.09,1133.86,1155.6,1169.89,1182.67,0.46,15.31,15.85,59.84,i.t,computers - software - large,17.37,0.44,-26.32,-0.27,-0.28,1125.07,1087.62,-4.88,2026-08-14,,,,
2026-08-14T08:44:49.862,JUBLFOOD,491.55,1.41,462.17,469.4,473.27,518.98,3.05,83.6,75.16,66.46,consumer discretionary,hotels,35.65,3.86,-6.11,-0.17,-0.22,455.16,440.97,-5.32,2026-08-14,,,,
2026-08-14T08:44:49.862,SAPPHIRE,233.29,0.67,225.65,197.84,208.27,270.83,0.68,132.55,-466.58,72.92,consumer discretionary,hotels,34.83,12.02,5.4,-0.04,-0.11,207.06,194.37,-5.37,2026-08-14,,,,
2026-08-14T08:44:49.862,CLEAN,836.35,3.91,786.94,769.45,763.36,945.83,2.0,30.3,38.15,69.56,chemicals,chemicals,22.16,9.56,-2.1,-0.02,-0.12,784.41,747.91,-6.63,2026-08-14,,,,
2026-08-13T23:07:50.15,HFCL,227.36,2.64,218.17,201.0,197.14,272.68,0.85,38.15,55.79,63.23,telecom,cables - telephone,18.86,15.33,261.12,1.92,2.08,208.49,197.93,51.5,2026-08-13,,,,
2026-08-13T23:07:50.15,RRKABEL,2834.2,1.6,2724.89,2727.0,2752.91,2956.13,0.26,39.06,52.35,73.29,industrials,cables - power,45.83,2.95,90.44,0.82,0.98,2663.19,2548.74,29.84,2026-08-13,,,,
2026-08-13T23:07:50.15,NETWEB,5181.0,7.1,4762.8,4753.0,4719.08,5873.88,2.18,86.47,105.88,69.09,i.t,computers - hardware,23.24,9.79,54.84,0.51,0.5,4743.7,4434.72,29.55,2026-08-13,,,,
2026-08-13T23:07:50.15,WELCORP,1883.9,0.87,1832.21,1815.2,1791.55,2022.42,0.49,11.87,20.97,76.17,industrials,steel - large,41.49,5.15,154.18,1.07,1.09,1794.77,1730.03,28.48,2026-08-13,,,,
2026-08-13T23:07:50.15,LAURUSLABS,1851.7,0.09,1784.19,1820.6,1877.0,1813.75,0.59,67.98,91.71,77.75,healthcare,pharmaceuticals - indian - bulk drugs & formln,57.69,-1.35,77.55,0.68,0.78,1785.21,1735.34,27.62,2026-08-13,,,,
2026-08-13T23:07:50.15,HONASA,479.45,2.58,459.28,461.3,453.51,518.36,1.59,56.27,75.98,65.5,services,trading,19.58,5.72,67.25,0.51,0.6,448.85,433.45,20.31,2026-08-13,,,,
2026-08-13T23:07:50.15,NEULANDLAB,23207.0,3.1,22076.46,21601.0,21056.33,26433.0,1.41,50.41,59.17,72.09,healthcare,pharmaceuticals - indian - bulk drugs,39.16,10.21,57.82,0.62,0.35,21255.59,19835.03,18.13,2026-08-13,,,,
2026-08-13T23:07:50.15,DATAPATTNS,4529.3,0.85,4397.85,4362.0,4361.03,4781.7,0.52,287.39,91.76,54.47,aerospace & defence,electronics - components,9.9,3.86,73.1,0.47,0.48,4216.14,4041.97,17.53,2026-08-13,,,,
2026-08-13T23:07:50.15,HSCL,778.15,2.07,750.19,751.0,760.92,803.99,0.31,42.76,47.37,60.64,chemicals,chemicals,26.01,2.26,65.39,0.57,0.69,732.49,704.45,16.54,2026-08-13,,,,
2026-08-13T23:07:50.15,RADICO,4675.2,3.14,4434.7,4431.7,4509.08,4924.37,0.98,68.15,86.47,77.28,fmcg,breweries & distilleries,55.54,3.68,65.12,0.53,0.43,4459.03,4296.9,14.72,2026-08-13,,,,
2026-08-13T23:07:50.15,GLAND,2967.6,2.64,2768.99,2570.0,2627.12,3478.32,0.99,38.58,42.69,77.39,healthcare,pharmaceuticals - indian - formulations,45.05,12.96,74.28,0.46,0.62,2728.12,2555.91,13.24,2026-08-13,,,,
2026-08-13T23:07:50.15,PAYTM,1649.5,2.45,1565.75,1425.3,1466.98,1923.28,0.85,119.88,156.86,85.65,i.t,miscellaneous,42.24,12.44,30.14,0.31,0.23,1534.07,1447.5,12.68,2026-08-13,,,,
2026-08-13T23:07:50.15,KEI,5789.0,0.61,5587.08,5542.3,5396.84,6377.23,1.05,50.46,54.13,74.9,industrials,cables - power,28.98,7.27,32.53,0.16,0.35,5499.3,5330.02,12.49,2026-08-13,,,,
2026-08-13T23:07:50.15,PNBHOUSING,1164.8,0.62,1118.18,1119.5,1099.84,1262.24,0.57,13.61,12.85,66.52,financials,finance - housing,22.7,5.91,19.23,0.26,0.24,1096.37,1051.65,11.87,2026-08-13,,,,
2026-08-13T23:07:50.15,AUBANK,1098.0,0.61,1059.48,1048.3,1052.65,1166.02,0.86,25.82,28.02,63.36,bank,banks - private sector,23.21,4.31,9.03,0.02,0.12,1047.55,1012.82,10.52,2026-08-13,,,,
2026-08-13T23:07:50.15,EMCURE,2009.6,0.0,1945.99,1939.5,1969.46,2069.81,0.28,32.41,37.46,67.61,healthcare,pharmaceuticals - indian - bulk drugs & formln,40.41,2.04,34.09,0.24,0.38,1909.33,1844.53,10.25,2026-08-13,,,,
2026-08-13T23:07:50.15,IIFL,635.95,1.63,608.73,603.7,618.82,661.64,0.94,10.02,12.52,72.17,financials,finance & investments,45.16,2.77,-0.78,0.12,0.08,604.26,582.44,10.22,2026-08-13,,,,
2026-08-13T23:07:50.15,AARTIIND,538.2,1.38,518.22,496.05,490.44,609.84,1.83,31.51,34.52,71.48,chemicals,chemicals,23.97,9.74,50.57,0.06,0.37,505.68,484.79,9.78,2026-08-13,,,,
2026-08-13T23:07:50.15,SOLARINDS,20324.0,8.51,18369.12,18391.0,18373.43,23249.85,5.25,83.96,101.25,73.15,aerospace & defence,chemicals,14.55,10.62,55.84,0.39,0.47,19041.91,18156.34,9.75,2026-08-13,,,,
2026-08-13T23:07:50.15,AJANTPHARM,3614.6,2.08,3469.2,3449.0,3444.04,3870.44,1.09,33.78,38.61,66.52,healthcare,pharmaceuticals - indian - formulations,31.18,4.95,32.46,0.15,0.38,3432.15,3355.72,9.4,2026-08-13,,,,
2026-08-13T23:07:50.15,EICHERMOT,8100.0,0.63,7850.78,7920.0,8010.68,8233.98,0.4,37.99,38.02,66.05,auto,automobiles - motorcycles / mopeds,29.56,1.11,8.93,-0.04,0.12,7839.72,7644.51,9.37,2026-08-13,,,,
2026-08-13T23:07:50.15,GRAPHITE,734.85,1.18,707.76,705.5,707.03,776.58,0.56,20.83,66.93,67.69,industrials,electrodes - graphites,37.12,3.93,18.74,0.02,0.28,685.59,658.69,8.85,2026-08-13,,,,
2026-08-13T23:07:50.15,FLUOROCHEM,4714.7,3.26,4473.7,4401.8,4537.33,4980.75,6.64,118.82,84.49,66.27,chemicals,chemicals,38.58,3.91,36.34,0.24,0.31,4295.32,4224.98,8.58,2026-08-13,,,,
2026-08-13T23:07:50.15,REDINGTON,346.0,1.94,333.74,338.0,344.88,347.68,0.31,13.91,16.29,69.86,services,trading,48.1,0.33,28.61,0.19,0.18,315.79,297.14,8.51,2026-08-13,,,,
2026-08-13T23:07:50.15,CARBORUNIV,1184.6,2.63,1109.16,1059.1,1074.97,1349.05,0.83,73.3,106.03,66.21,industrials,abrasives and grinding wheels,23.01,10.2,48.3,0.29,0.32,1083.83,1015.66,7.82,2026-08-13,,,,
2026-08-13T23:07:50.15,HEG,687.0,1.88,661.84,668.0,690.16,682.26,0.67,27.09,36.48,68.66,industrials,electrodes - graphites,54.84,-0.46,20.72,0.2,0.24,647.74,622.9,7.32,2026-08-13,,,,
2026-08-13T23:07:50.15,CHOLAFIN,1927.9,0.54,1857.49,1862.0,1864.33,2023.26,0.5,24.81,28.22,62.63,financials,finance & investments,20.38,3.41,12.74,0.03,0.08,1829.8,1756.22,6.88,2026-08-13,,,,
2026-08-13T23:07:50.15,TATATECH,868.4,3.12,815.46,797.3,803.83,965.25,0.89,48.79,63.06,68.77,i.t,computers - software - medium / small,27.38,8.03,33.09,0.27,0.24,796.53,746.13,6.85,2026-08-13,,,,
2026-08-13T23:07:50.15,ZENTEC,1831.8,0.41,1785.56,1701.0,1651.5,2102.25,0.36,119.57,90.81,60.27,aerospace & defence,miscellaneous,16.27,10.92,44.69,0.26,0.26,1718.9,1666.12,6.6,2026-08-13,,,,
2026-08-13T23:07:50.15,APLAPOLLO,2064.3,3.36,1949.61,1942.5,1954.91,2228.38,1.25,54.44,45.46,71.73,industrials,steel - large,23.83,5.6,8.4,-0.17,0.15,1954.77,1881.32,6.31,2026-08-13,,,,
2026-08-13T23:07:50.15,PTCIL,19167.0,1.44,18493.58,18250.0,18386.4,20337.9,0.43,119.91,279.06,66.5,industrials,castings & forgings,28.11,4.25,6.79,-0.04,0.03,18178.28,17512.75,6.24,2026-08-13,,,,
2026-08-13T23:07:50.15,LALPATHLAB,1968.4,0.77,1898.55,1907.1,1934.38,2019.43,0.37,48.48,47.01,76.63,healthcare,healthcare,45.54,1.76,42.58,0.26,0.22,1865.98,1797.76,6.1,2026-08-13,,,,
2026-08-13T23:07:50.15,IDFCFIRSTB,86.55,0.87,83.55,83.61,85.43,88.24,0.62,16.27,32.41,65.72,bank,banks - private sector,37.71,1.32,2.36,-0.03,0.04,83.54,81.41,5.31,2026-08-13,,,,
2026-08-13T23:07:50.15,NSLNISP,45.29,2.93,43.01,43.59,43.37,48.18,1.47,8.45,210.24,59.91,metals & mining,steel - large,14.93,4.44,9.51,-0.01,0.03,43.03,41.53,5.09,2026-08-13,,,,
2026-08-13T23:07:50.15,THELEELA,508.45,1.74,491.13,494.4,492.08,533.0,0.69,87.06,28.25,58.82,services,hotels,24.58,3.33,17.56,0.04,0.18,470.13,446.94,4.73,2026-08-13,,,,
2026-08-13T23:07:50.15,BOSCHLTD,46750.0,0.58,45570.0,42000.0,42656.41,52890.38,1.19,48.82,56.39,77.2,auto,auto ancillaries,34.31,9.6,24.14,0.18,0.24,44259.96,42927.43,4.43,2026-08-13,,,,
2026-08-13T23:07:50.15,ENGINERSIN,240.58,0.58,234.42,238.0,231.05,254.88,0.71,17.33,19.76,55.64,realty,engineering - turnkey services,23.03,4.13,24.16,0.2,0.16,225.51,219.23,4.1,2026-08-13,,,,
2026-08-13T23:07:50.15,SAREGAMA,531.65,3.02,507.64,509.25,523.94,543.21,0.69,49.41,46.01,56.83,media,entertainment / electronic media software,27.91,1.47,50.72,0.34,0.29,482.23,455.46,3.93,2026-08-13,,,,
2026-08-13T23:07:50.15,GLENMARK,2320.0,1.31,2236.26,2245.0,2217.49,2473.77,0.75,33.9,35.72,61.5,healthcare,pharmaceuticals - indian - bulk drugs & formln,12.25,4.62,15.02,0.06,0.15,2224.7,2156.13,3.88,2026-08-13,,,,
2026-08-13T23:07:50.15,3MINDIA,36165.0,0.64,35084.0,35665.0,35344.56,37395.67,1.05,47.3,77.89,59.55,miscellaneous,diversified - large,14.19,2.32,3.83,-0.11,-0.0,34587.52,33934.42,3.6,2026-08-13,,,,
2026-08-13T23:07:50.15,POONAWALLA,502.7,3.84,472.02,469.0,472.26,548.35,1.41,35.4,51.23,64.37,financials,finance & investments,28.7,6.44,11.76,-0.05,0.04,470.79,449.15,3.47,2026-08-13,,,,
2026-08-13T23:07:50.15,TBOTEK,1604.9,0.52,1557.22,1589.0,1588.63,1629.31,0.19,51.64,66.28,59.3,i.t,travel agencies,31.74,1.02,6.86,-0.04,-0.09,1491.17,1429.57,3.44,2026-08-13,,,,
2026-08-13T23:07:50.15,TECHM,1639.0,0.86,1593.77,1622.1,1655.55,1614.17,1.26,24.79,28.36,63.33,i.t,computers - software - large,27.46,-1.0,3.34,-0.08,0.05,1570.4,1532.75,2.88,2026-08-13,,,,
2026-08-13T23:07:50.15,PPLPHARMA,212.67,1.16,205.18,205.51,208.87,218.37,0.27,-102.25,-90.38,73.51,healthcare,pharmaceuticals - indian - bulk drugs & formln,54.65,1.82,26.83,0.19,0.1,197.71,190.76,2.59,2026-08-13,,,,
2026-08-13T23:07:50.15,OIL,479.8,1.65,459.82,437.1,452.18,521.22,0.49,5.37,9.16,68.12,energy,oil drilling / allied services,29.54,6.11,12.92,-0.08,0.11,451.66,431.05,2.54,2026-08-13,,,,
2026-08-13T23:07:50.15,LT,4070.7,1.26,3910.2,3990.0,3996.98,4181.28,1.16,33.96,33.48,60.42,realty,engineering - turnkey services,20.78,1.84,1.29,-0.1,-0.04,3950.71,3860.72,2.49,2026-08-13,,,,
2026-08-13T23:07:50.15,ASTRAL,1592.0,8.74,1461.18,1418.7,1451.95,1802.08,14.81,50.19,71.32,72.93,plastic products,plastics products,17.56,9.65,10.7,-0.08,0.05,1494.95,1430.16,2.47,2026-08-13,,,,
2026-08-13T23:07:50.15,KAJARIACER,1260.9,0.7,1227.35,1158.4,1175.75,1388.63,0.93,29.63,35.75,65.69,building materials,ceramics - tiles / sanitaryware,22.34,7.24,26.73,0.21,0.13,1192.47,1149.06,2.06,2026-08-13,,,,
2026-08-13T23:07:50.15,KALYANKJIL,613.4,2.8,581.34,585.05,616.64,608.54,0.61,45.37,43.32,64.92,consumer discretionary,diamond cutting / jewellery,34.1,-0.53,22.54,0.32,0.2,561.77,529.44,1.95,2026-08-13,,,,
2026-08-13T23:07:50.15,COFORGE,1829.0,1.53,1752.24,1765.5,1799.07,1873.89,0.57,37.05,36.95,73.08,i.t,computers - software - large,30.75,1.66,7.78,0.11,-0.08,1737.27,1669.37,1.92,2026-08-13,,,,
2026-08-13T23:07:50.15,ETERNAL,318.0,1.26,307.03,306.2,312.89,325.66,0.81,795.0,676.6,64.69,i.t,miscellaneous,37.14,1.63,11.57,-0.03,0.02,302.27,291.82,1.4,2026-08-13,,,,
2026-08-13T23:07:50.15,BEL,410.5,1.18,394.84,398.35,389.33,442.26,1.12,71.27,48.32,57.82,aerospace & defence,electronics - components,16.9,5.44,-1.68,-0.14,-0.04,396.21,386.99,1.15,2026-08-13,,,,
2026-08-13T23:07:50.15,PERSISTENT,5523.0,0.9,5297.88,5390.0,5524.32,5521.02,0.3,44.71,44.95,62.05,i.t,computers - software - large,19.26,-0.02,-12.68,-0.11,-0.17,5236.42,5027.49,1.12,2026-08-13,,,,
2026-08-13T23:07:50.15,M&M,3428.2,0.72,3328.57,3396.5,3440.59,3409.62,0.84,17.56,20.93,59.65,auto,automobiles - passenger cars,35.28,-0.36,-6.87,-0.14,-0.1,3292.52,3202.56,1.05,2026-08-13,,,,
2026-08-13T23:07:50.15,GRAVITA,1819.7,0.25,1754.3,1706.0,1658.96,2060.82,0.63,31.16,33.16,61.48,metals & mining,mining / minerals / metals,18.47,9.69,12.48,-0.01,-0.04,1710.36,1641.76,0.84,2026-08-13,,,,
2026-08-13T23:07:50.15,BAJAJFINSV,2025.0,0.22,1966.57,1988.0,2041.74,1999.9,0.66,25.83,31.95,60.42,financials,finance & investments,29.84,-0.82,1.35,-0.08,-0.07,1938.14,1886.0,0.79,2026-08-13,,,,
2026-08-13T23:07:50.15,NAUKRI,1357.3,1.37,1309.77,1222.6,1272.07,1485.14,0.47,49.32,55.06,72.11,i.t,miscellaneous,37.26,6.7,3.43,0.07,-0.02,1264.24,1206.55,0.57,2026-08-13,,,,
2026-08-13T23:07:50.15,INDGN,569.8,0.78,554.68,546.1,545.46,606.31,0.83,29.43,33.97,69.19,healthcare,miscellaneous,29.9,4.46,11.54,0.11,0.05,531.97,508.6,0.57,2026-08-13,,,,
2026-08-13T23:07:50.15,POLICYBZR,1744.0,0.29,1681.19,1583.1,1615.94,1936.09,0.54,123.51,106.78,67.12,i.t,miscellaneous,22.51,7.92,4.12,0.03,-0.07,1633.26,1555.81,0.0,2026-08-13,,,,
2026-08-13T23:07:50.15,ZFCVINDIA,2616.2,0.11,2555.74,2562.1,2531.14,2743.8,0.29,71.25,12.03,59.82,auto,auto ancillaries,25.61,3.36,-6.3,-0.25,-0.04,2492.1,2434.83,-0.76,2026-08-13,,,,
2026-08-13T23:07:50.15,DMART,4070.0,0.74,3929.8,3885.5,3904.02,4318.97,0.65,77.08,86.33,54.77,consumer discretionary,trading,14.91,4.25,6.21,-0.06,-0.02,3904.3,3785.02,-0.81,2026-08-13,,,,
2026-08-13T23:07:50.15,BEML,1910.6,0.53,1860.14,1686.4,1740.57,2165.64,0.66,-147.42,78.22,64.1,aerospace & defence,engineering,18.59,9.77,6.52,-0.0,0.0,1771.01,1691.72,-0.91,2026-08-13,,,,
2026-08-13T23:07:50.15,GLAXO,2667.7,1.81,2554.27,2556.5,2614.05,2748.17,0.59,47.64,41.96,66.8,healthcare,pharmaceuticals - multinational,30.95,2.05,11.31,-0.09,0.02,2542.25,2457.47,-0.92,2026-08-13,,,,
2026-08-13T23:07:50.15,INDIGO,5370.0,0.69,5175.87,5217.5,5245.63,5556.56,0.22,-218.29,-42.5,57.17,transportation,transport - airlines,14.47,2.37,10.72,-0.01,-0.12,5150.74,4986.3,-1.42,2026-08-13,,,,
2026-08-13T23:07:50.15,CONCOR,533.65,4.22,503.43,498.25,515.48,560.9,2.14,37.79,31.26,66.25,transportation,miscellaneous,20.56,3.52,4.09,-0.05,0.0,505.45,486.15,-1.43,2026-08-13,,,,
2026-08-13T23:07:50.15,MPHASIS,2541.0,0.13,2446.18,2405.1,2425.44,2714.35,0.51,24.77,25.24,63.6,i.t,computers - software - large,12.45,4.76,-10.27,-0.1,-0.12,2404.12,2301.45,-1.46,2026-08-13,,,,
2026-08-13T23:07:50.15,HCLTECH,1370.0,0.34,1326.92,1328.0,1381.13,1353.31,0.21,20.04,21.21,69.79,i.t,computers - software - large,30.65,-0.81,-17.81,-0.19,-0.19,1313.09,1273.31,-1.94,2026-08-13,,,,
2026-08-13T23:07:50.15,SONATSOFTW,326.4,0.91,316.0,314.65,324.97,328.54,0.17,20.87,19.98,56.18,i.t,computers - software - medium / small,30.53,0.44,-6.03,-0.05,-0.12,296.93,277.43,-1.96,2026-08-13,,,,
2026-08-13T23:07:50.15,MAZDOCK,2571.0,0.75,2495.67,2485.9,2429.53,2783.2,1.1,47.19,36.05,66.56,aerospace & defence,miscellaneous,26.95,5.82,1.98,-0.03,-0.07,2436.29,2348.16,-2.03,2026-08-13,,,,
2026-08-13T23:07:50.15,LTM,4765.0,0.06,4613.35,4542.0,4682.24,4889.13,0.52,24.09,27.48,68.07,i.t,computers - software - large,32.3,1.77,-20.58,-0.2,-0.24,4497.23,4320.71,-2.05,2026-08-13,,,,
2026-08-13T23:07:50.15,BDL,1375.5,2.65,1302.42,1280.0,1257.31,1552.79,3.33,111.29,114.0,66.69,aerospace & defence,engineering,13.86,9.4,-10.24,-0.01,-0.12,1303.84,1254.1,-2.79,2026-08-13,,,,
2026-08-13T23:07:50.15,COCHINSHIP,1507.0,0.07,1470.0,1482.6,1449.98,1592.53,0.84,35.85,54.92,61.73,aerospace & defence,miscellaneous,20.44,3.93,-3.52,-0.08,-0.13,1440.1,1419.82,-3.14,2026-08-13,,,,
2026-08-13T23:07:50.15,DLF,664.0,0.34,643.52,635.05,640.39,699.42,0.6,51.71,36.2,54.65,realty,construction,9.04,3.69,0.76,-0.09,-0.12,631.58,611.07,-3.45,2026-08-13,,,,
2026-08-13T23:07:50.15,LTTS,3604.7,0.72,3481.06,3551.3,3575.99,3647.77,0.31,26.8,29.33,58.93,i.t,computers - software - large,25.8,0.8,-16.47,-0.14,-0.21,3400.74,3285.07,-3.5,2026-08-13,,,,
2026-08-13T23:07:50.15,JYOTICNC,832.55,1.67,803.31,738.9,812.97,861.93,0.8,82.92,56.93,56.83,industrials,engineering,31.7,2.41,-11.1,-0.11,-0.23,757.35,722.66,-3.94,2026-08-13,,,,
2026-08-13T23:07:50.15,COROMANDEL,2088.8,0.75,2023.9,2049.6,2057.14,2136.3,0.23,40.39,33.53,56.58,chemicals,fertilizers,13.49,1.54,-8.74,-0.16,-0.15,2003.21,1943.11,-4.18,2026-08-13,,,,
2026-08-13T23:07:50.15,INFY,1175.0,-0.09,1133.86,1155.6,1169.89,1182.67,0.46,15.31,16.06,59.84,i.t,computers - software - large,17.37,0.44,-26.32,-0.27,-0.28,1125.07,1087.62,-4.88,2026-08-13,,,,
2026-08-13T23:07:50.15,JUBLFOOD,491.55,1.41,462.17,469.4,473.27,518.98,3.05,101.56,75.57,66.46,consumer discretionary,hotels,35.65,3.86,-6.11,-0.17,-0.22,455.16,440.97,-5.32,2026-08-13,,,,
2026-08-13T23:07:50.15,SAPPHIRE,233.29,0.67,225.65,197.84,208.27,270.83,0.68,132.55,-472.04,72.92,consumer discretionary,hotels,34.83,12.02,5.4,-0.04,-0.11,207.06,194.37,-5.37,2026-08-13,,,,
2026-08-13T23:07:50.15,CLEAN,836.35,3.91,786.94,769.45,763.36,945.83,2.0,30.3,36.95,69.56,chemicals,chemicals,22.16,9.56,-2.1,-0.02,-0.12,784.41,747.91,-6.63,2026-08-13,,,,
2026-08-12T10:34:27.818,ATHERENERG,1536.8,0.75,1480.88,1440.0,1397.79,1745.31,0.26,-288.87,-148.39,77.99,auto,automobiles - scooters and 3 - wheelers,58.79,9.94,142.74,0.95,1.14,1406.86,1320.3,64.44,2026-08-12,,,,
2026-08-12T10:34:27.818,HFCL,217.9,1.71,210.7,201.0,193.99,253.76,0.35,36.56,55.79,58.63,telecom,cables - telephone,17.97,12.32,237.32,1.78,1.94,199.66,189.98,47.56,2026-08-12,,,,
2026-08-12T10:34:27.818,HINDCOPPER,560.45,5.09,519.01,522.0,508.48,638.41,2.36,38.49,45.43,69.6,metals & mining,mining / minerals / metals,22.13,10.22,7.68,-0.14,0.65,516.23,484.81,28.82,2026-08-12,,,,
2026-08-12T10:34:27.818,NATIONALUM,418.35,7.82,390.53,376.5,368.77,492.73,2.12,9.59,10.55,77.7,metals & mining,aluminium and aluminium products,26.86,13.45,20.4,0.05,0.57,390.38,373.26,28.09,2026-08-12,,,,
2026-08-12T10:34:27.818,WELCORP,1860.0,1.26,1803.2,1791.1,1766.68,1999.99,0.12,11.72,20.97,74.62,industrials,steel - large,40.13,5.28,146.88,1.05,1.06,1759.23,1696.66,27.38,2026-08-12,,,,
2026-08-12T10:34:27.818,SYRMA,1496.7,0.13,1455.4,1405.0,1380.67,1670.75,0.19,72.1,77.65,64.16,consumer discretionary,electronics - components,29.75,8.4,109.41,0.58,0.69,1389.56,1326.5,25.36,2026-08-12,,,,
2026-08-12T10:34:27.818,APARINDS,17412.0,3.96,16513.0,15531.0,15319.25,20551.12,0.85,37.41,56.94,74.14,industrials,electric equipment,33.05,13.66,112.65,0.69,0.84,16069.3,15108.28,23.92,2026-08-12,,,,
2026-08-12T10:34:27.818,BELRISE,263.52,3.76,248.54,240.85,240.69,297.76,0.97,43.06,41.57,74.2,auto,auto ancillaries,23.07,9.48,51.69,0.33,0.6,247.74,240.59,20.33,2026-08-12,,,,
2026-08-12T10:34:27.818,SONACOMS,802.5,0.31,782.04,786.25,799.37,807.2,0.11,69.18,71.43,70.41,auto,auto ancillaries,63.71,0.39,74.62,0.39,0.53,754.39,722.31,19.42,2026-08-12,,,,
2026-08-12T10:34:27.818,SAILIFE,1457.4,0.9,1414.43,1319.5,1367.74,1591.89,0.2,105.3,84.12,72.73,healthcare,pharmaceuticals - indian - bulk drugs & formln,33.24,6.56,57.94,0.46,0.6,1350.51,1275.95,19.26,2026-08-12,,,,
2026-08-12T10:34:27.818,MOTHERSON,170.37,0.66,165.67,151.61,157.18,190.16,0.31,43.46,40.79,76.93,auto,auto ancillaries,28.35,8.39,47.56,0.21,0.47,159.83,153.39,17.66,2026-08-12,,,,
2026-08-12T10:34:27.818,POWERINDIA,35500.0,1.43,34035.4,31140.0,31922.49,40866.26,0.36,134.49,135.61,62.29,industrials,electric equipment,23.09,11.21,98.53,0.46,0.55,32676.24,30698.43,17.23,2026-08-12,,,,
2026-08-12T10:34:27.818,HSCL,763.55,1.07,740.98,748.15,763.02,764.35,0.07,41.95,47.37,57.35,chemicals,chemicals,25.29,0.07,62.22,0.53,0.65,717.5,684.37,15.47,2026-08-12,,,,
2026-08-12T10:34:27.818,ANANDRATHI,2193.0,1.62,2116.9,2028.5,2048.7,2409.46,0.84,55.83,46.53,73.53,financials,finance & investments,30.41,7.04,39.49,0.36,0.46,2095.4,2051.2,15.23,2026-08-12,,,,
2026-08-12T10:34:27.818,CRAFTSMAN,10598.5,2.96,10119.48,10200.0,10218.71,11168.18,0.35,42.65,51.22,68.83,auto,auto ancillaries,38.64,3.72,39.08,0.24,0.44,9863.8,9437.27,14.6,2026-08-12,,,,
2026-08-12T10:34:27.818,NAVINFLUOR,8295.0,1.7,7962.99,7834.5,7807.35,9026.48,0.4,43.7,52.9,61.3,chemicals,chemicals,26.04,6.25,45.57,0.21,0.38,7680.02,7308.78,14.3,2026-08-12,,,,
2026-08-12T10:34:27.818,FINCABLES,1323.5,9.57,1208.34,1003.35,998.91,1810.38,15.25,20.32,23.09,80.21,industrials,cables - power,24.92,32.49,71.76,0.47,0.69,1169.2,1103.98,13.85,2026-08-12,,,,
2026-08-12T10:34:27.818,HINDALCO,1080.7,3.01,1035.76,1016.0,1013.23,1181.9,0.73,8.56,14.2,71.44,metals & mining,aluminium and aluminium products,29.21,6.66,19.98,0.03,0.3,1025.45,991.26,13.04,2026-08-12,,,,
2026-08-12T10:34:27.818,AUROPHARMA,1661.1,0.19,1619.94,1579.9,1588.81,1769.53,0.19,23.25,25.91,64.82,healthcare,pharmaceuticals - indian - bulk drugs & formln,30.91,4.55,38.63,0.36,0.31,1585.74,1534.22,12.65,2026-08-12,,,,
2026-08-12T10:34:27.818,M&MFIN,401.5,0.68,388.13,386.85,403.79,398.07,0.17,15.07,17.04,63.27,financials,finance & investments,44.88,-0.57,15.21,-0.06,0.11,368.47,352.2,12.36,2026-08-12,,,,
2026-08-12T10:34:27.818,ABB,7675.0,0.83,7433.79,7535.0,7552.36,7858.97,0.21,112.27,53.98,61.58,industrials,electric equipment,31.96,1.62,50.7,0.2,0.43,7312.83,7055.7,12.35,2026-08-12,,,,
2026-08-12T10:34:27.818,KARURVYSYA,336.85,0.79,325.75,330.25,342.57,328.26,0.17,10.77,11.77,59.13,bank,banks - private sector,23.16,-1.67,28.07,-0.05,0.29,321.62,310.79,12.25,2026-08-12,,,,
2026-08-12T10:34:27.818,MINDACORP,739.45,2.5,704.91,700.7,708.08,786.5,0.32,34.95,47.12,64.39,auto,auto ancillaries,25.12,4.43,27.83,0.16,0.2,691.17,657.11,11.29,2026-08-12,,,,
2026-08-12T10:34:27.818,TVSMOTOR,4405.4,0.12,4296.52,4370.0,4445.05,4345.92,0.19,51.32,60.98,71.64,auto,automobiles - motorcycles / mopeds,47.34,-0.89,17.21,0.08,0.2,4239.94,4138.24,11.28,2026-08-12,,,,
2026-08-12T10:34:27.818,PNBHOUSING,1157.5,1.35,1117.69,1119.5,1089.97,1258.79,0.11,13.53,12.85,65.32,financials,finance - housing,21.41,6.2,19.01,0.25,0.22,1089.96,1040.7,11.16,2026-08-12,,,,
2026-08-12T10:34:27.818,PAYTM,1600.0,0.4,1559.47,1421.0,1431.3,1853.05,0.33,116.28,156.86,83.58,i.t,miscellaneous,39.85,11.79,24.21,0.27,0.2,1481.92,1417.06,10.92,2026-08-12,,,,
2026-08-12T10:34:27.818,SCHNEIDER,1416.3,0.93,1366.02,1331.0,1306.44,1581.08,0.14,384.86,157.85,57.85,industrials,electric equipment,14.16,8.41,119.98,0.66,0.87,1311.52,1242.54,10.7,2026-08-12,,,,
2026-08-12T10:34:27.818,BAJAJ-AUTO,11752.0,0.3,11471.88,11549.0,11836.74,11624.89,0.18,25.44,27.82,68.4,auto,automobiles - scooters and 3 - wheelers,55.15,-0.72,22.9,0.11,0.24,11323.83,11069.7,10.32,2026-08-12,,,,
2026-08-12T10:34:27.818,GMDCLTD,610.05,1.17,590.25,580.15,563.93,679.23,0.61,29.67,20.05,59.77,metals & mining,mining / minerals / metals,21.36,8.18,10.7,-0.07,0.12,574.87,551.93,10.14,2026-08-12,,,,
2026-08-12T10:34:27.818,UNIONBANK,186.99,2.46,178.18,175.21,176.28,203.06,0.55,6.33,6.75,68.79,bank,banks - public sector,24.25,6.08,15.41,-0.04,0.16,176.84,169.84,10.05,2026-08-12,,,,
2026-08-12T10:34:27.818,ASHOKLEY,175.5,0.38,170.94,172.0,170.69,182.71,0.09,19.94,25.16,66.54,auto,automobiles - lcvs / hcvs,25.06,2.82,-6.39,-0.23,0.14,167.17,162.8,9.54,2026-08-12,,,,
2026-08-12T10:34:27.818,VIJAYA,1474.0,3.21,1392.68,1340.0,1343.12,1670.32,1.53,71.41,78.34,67.76,healthcare,healthcare,26.85,9.74,48.43,0.33,0.42,1349.17,1276.24,9.38,2026-08-12,,,,
2026-08-12T10:34:27.818,HINDZINC,594.95,1.41,577.22,584.0,571.1,630.72,0.56,11.49,14.52,65.96,metals & mining,mining / minerals / metals,27.1,4.18,-1.81,-0.11,0.22,562.39,540.02,9.26,2026-08-12,,,,
2026-08-12T10:34:27.818,GRAPHITE,738.05,0.99,712.36,703.8,700.58,794.25,0.2,20.92,66.93,69.14,industrials,electrodes - graphites,35.57,5.35,17.5,0.02,0.28,690.06,658.02,9.14,2026-08-12,,,,
2026-08-12T10:34:27.818,JINDALSAW,274.45,0.33,267.54,261.6,259.68,296.6,0.07,42.09,26.69,60.5,industrials,steel - large,15.55,5.69,70.61,0.3,0.59,259.81,250.79,9.09,2026-08-12,,,,
2026-08-12T10:34:27.818,SCI,297.25,1.12,287.48,291.35,289.1,309.47,0.2,5.59,8.46,54.04,transportation,shipping,19.3,2.82,38.65,0.03,0.23,277.89,265.61,8.91,2026-08-12,,,,
2026-08-12T10:34:27.818,USHAMART,515.8,1.16,498.53,507.1,503.69,533.96,0.11,27.67,30.62,56.81,metals & mining,steel - medium / small,11.87,2.4,17.01,0.11,0.17,492.76,475.47,8.75,2026-08-12,,,,
2026-08-12T10:34:27.818,SAIL,173.36,0.21,167.74,168.46,169.65,178.93,0.19,10.89,16.73,54.62,metals & mining,steel - large,16.01,2.19,19.22,-0.01,0.22,162.78,155.28,8.69,2026-08-12,,,,
2026-08-12T10:34:27.818,AJANTPHARM,3529.1,0.63,3430.0,3442.5,3433.05,3673.17,0.13,32.98,38.61,60.82,healthcare,pharmaceuticals - indian - formulations,30.59,2.8,27.67,0.12,0.35,3373.71,3277.06,8.51,2026-08-12,,,,
2026-08-12T10:34:27.818,INDIANB,894.2,2.12,855.64,849.3,854.32,954.03,0.27,8.97,9.23,65.34,bank,banks - public sector,20.95,4.67,7.44,-0.09,-0.03,853.84,827.03,8.2,2026-08-12,,,,
2026-08-12T10:34:27.818,SBIN,1080.0,1.31,1044.68,1052.5,1045.25,1132.13,0.38,10.34,11.43,61.37,bank,banks - public sector,21.06,3.32,8.0,-0.13,0.06,1031.7,999.47,7.68,2026-08-12,,,,
2026-08-12T10:34:27.818,LALPATHLAB,1965.3,0.79,1915.31,1880.0,1919.23,2034.41,0.2,48.41,47.01,76.29,healthcare,healthcare,44.66,2.4,38.64,0.24,0.23,1861.35,1806.99,6.81,2026-08-12,,,,
2026-08-12T10:34:27.818,EXIDEIND,489.0,1.17,475.2,462.6,465.99,523.52,0.24,29.67,44.1,72.59,auto,auto ancillaries,43.93,4.94,41.28,0.33,0.29,455.94,437.39,6.66,2026-08-12,,,,
2026-08-12T10:34:27.818,HEROMOTOCO,5890.5,0.43,5727.12,5541.0,5630.08,6281.13,0.35,20.86,21.54,76.59,auto,automobiles - motorcycles / mopeds,47.92,4.63,2.04,-0.06,-0.07,5592.09,5392.28,6.47,2026-08-12,,,,
2026-08-12T10:34:27.818,KPIL,1409.0,4.55,1321.33,1267.2,1269.31,1618.54,2.69,19.4,20.25,68.12,realty,transmisson line towers / equipment,20.16,11.01,26.35,0.14,0.11,1320.83,1269.41,5.64,2026-08-12,,,,
2026-08-12T10:34:27.818,THELEELA,518.55,1.23,501.56,498.3,490.97,559.92,0.22,88.79,28.25,65.34,services,hotels,24.11,5.62,20.98,0.08,0.21,484.36,463.87,5.53,2026-08-12,,,,
2026-08-12T10:34:27.818,GRASIM,3371.2,1.47,3258.6,3183.0,3197.74,3631.39,0.57,29.19,45.37,64.37,textiles,textiles - manmade,25.39,5.42,21.43,0.05,0.19,3187.13,3063.78,5.37,2026-08-12,,,,
2026-08-12T10:34:27.818,ENGINERSIN,243.63,0.26,238.38,236.26,229.25,265.2,0.11,17.55,19.76,58.9,realty,engineering - turnkey services,24.1,6.27,26.36,0.22,0.18,229.88,222.73,4.41,2026-08-12,,,,
2026-08-12T10:34:27.818,CANBK,132.26,1.5,127.01,127.86,127.06,140.06,0.51,5.79,5.95,59.56,bank,banks - public sector,13.73,4.09,-11.96,-0.17,-0.15,126.51,123.05,4.27,2026-08-12,,,,
2026-08-12T10:34:27.818,NSLNISP,44.25,0.23,43.14,43.59,43.17,45.87,0.21,8.26,210.24,53.98,metals & mining,steel - large,14.93,2.5,7.19,-0.04,-0.0,42.32,41.27,4.07,2026-08-12,,,,
2026-08-12T10:34:27.818,BOSCHLTD,46575.0,3.08,44139.2,41870.0,42046.33,53368.01,1.14,48.64,56.39,76.72,auto,auto ancillaries,31.88,10.77,22.58,0.21,0.23,43889.24,42034.92,4.01,2026-08-12,,,,
2026-08-12T10:34:27.818,TBOTEK,1639.0,-0.04,1588.58,1591.9,1580.98,1726.02,0.07,52.73,66.28,65.14,i.t,travel agencies,30.96,3.67,6.63,-0.04,-0.06,1528.84,1454.21,3.83,2026-08-12,,,,
2026-08-12T10:34:27.818,PIDILITIND,1691.5,0.34,1645.42,1648.1,1647.23,1757.91,0.4,49.34,64.79,64.91,chemicals,chemicals,21.35,2.69,14.01,0.05,0.1,1629.16,1584.81,3.79,2026-08-12,,,,
2026-08-12T10:34:27.818,JSWINFRA,343.15,0.38,332.22,322.4,321.9,375.03,0.12,51.99,48.01,60.88,transportation,miscellaneous,20.78,6.6,27.92,0.19,0.23,323.98,311.35,3.65,2026-08-12,,,,
2026-08-12T10:34:27.818,PVRINOX,1180.1,1.72,1131.9,1130.0,1162.65,1206.28,0.29,51.31,25.62,69.88,media,entertainment / electronic media software,46.16,1.5,17.52,0.01,0.05,1102.33,1048.69,3.52,2026-08-12,,,,
2026-08-12T10:34:27.818,GLENMARK,2284.2,0.36,2226.95,2245.0,2206.78,2400.33,0.36,33.38,35.72,56.96,healthcare,pharmaceuticals - indian - bulk drugs & formln,11.76,3.51,13.8,0.08,0.15,2185.96,2138.09,3.19,2026-08-12,,,,
2026-08-12T10:34:27.818,JINDALSTEL,1104.7,0.89,1071.34,1092.1,1100.53,1110.96,0.1,33.27,40.98,54.94,metals & mining,steel - large,24.23,0.38,9.4,-0.15,0.02,1060.21,1026.95,2.68,2026-08-12,,,,
2026-08-12T10:34:27.818,PNB,118.75,4.14,111.45,112.3,114.15,125.66,1.57,5.87,5.95,73.38,bank,banks - public sector,26.4,4.03,-3.25,-0.11,-0.08,113.67,110.62,2.65,2026-08-12,,,,
2026-08-12T10:34:27.818,FORCEMOT,18520.0,1.04,17980.06,18210.0,17803.83,19594.26,0.22,28.17,19.29,55.17,auto,automobiles - lcvs / hcvs,13.3,4.02,-1.02,-0.28,0.06,17593.96,17079.43,1.79,2026-08-12,,,,
2026-08-12T10:34:27.818,ARE&M,1004.0,3.48,949.87,891.9,913.16,1140.26,3.02,24.07,19.26,69.67,auto,auto ancillaries,26.42,9.95,12.04,0.02,0.02,924.41,878.02,1.21,2026-08-12,,,,
2026-08-12T10:34:27.818,HYUNDAI,2215.7,0.71,2148.85,2181.6,2174.44,2277.58,0.35,50.63,36.11,70.07,auto,automobiles - passenger cars,36.66,1.9,-2.12,-0.06,-0.07,2121.65,2061.11,0.09,2026-08-12,,,,
2026-08-12T10:34:27.818,PFIZER,5016.3,2.4,4793.87,4840.0,4857.16,5255.01,0.52,28.06,30.48,72.32,healthcare,pharmaceuticals - multinational,27.11,3.28,2.98,-0.07,-0.03,4829.67,4692.3,0.07,2026-08-12,,,,
2026-08-12T10:34:27.818,BALKRISIND,2505.6,0.27,2440.49,2397.3,2405.59,2655.61,0.05,26.86,34.37,69.97,auto,tyres,32.0,4.16,6.19,-0.15,0.05,2331.66,2220.61,-0.28,2026-08-12,,,,
2026-08-12T10:34:27.818,ZFCVINDIA,2627.8,0.49,2562.7,2545.4,2503.03,2814.95,0.04,71.56,12.03,60.72,auto,auto ancillaries,24.4,4.98,-7.76,-0.21,-0.02,2499.94,2419.05,-0.35,2026-08-12,,,,
2026-08-12T10:34:27.818,APOLLOTYRE,444.15,0.26,433.16,432.15,431.41,463.25,0.22,20.12,16.41,60.08,auto,tyres,16.36,2.95,-11.9,-0.19,-0.18,424.48,413.83,-0.43,2026-08-12,,,,
2026-08-12T10:34:27.818,NIACL,181.25,1.05,175.15,174.8,169.38,199.06,0.19,-30.82,38.33,56.0,financials,finance & investments,19.8,7.01,22.13,0.05,0.01,168.47,164.74,-0.49,2026-08-12,,,,
2026-08-12T10:34:27.818,BEML,1940.5,2.01,1867.68,1670.5,1719.04,2272.69,1.39,-149.73,78.22,66.37,aerospace & defence,engineering,17.06,12.88,8.31,0.01,0.0,1790.69,1692.64,-0.51,2026-08-12,,,,
2026-08-12T10:34:27.818,BERGEPAINT,547.1,2.27,525.18,529.05,526.52,577.97,0.55,39.42,51.24,63.21,building materials,paints / varnishes,27.63,3.91,6.42,0.1,-0.08,513.03,497.17,-0.63,2026-08-12,,,,
2026-08-12T10:34:27.818,CIPLA,1461.2,-0.12,1426.98,1456.1,1450.07,1477.89,0.07,37.39,35.05,55.07,healthcare,pharmaceuticals - indian - bulk drugs & formln,21.77,0.77,-0.27,0.0,-0.07,1420.18,1394.11,-0.71,2026-08-12,,,,
2026-08-12T10:34:27.818,MAZDOCK,2555.1,0.04,2486.85,2373.3,2399.24,2788.89,0.21,46.9,36.05,65.35,aerospace & defence,miscellaneous,28.17,6.5,2.2,-0.04,-0.08,2425.87,2343.74,-1.59,2026-08-12,,,,
2026-08-12T10:34:27.818,GLAXO,2604.8,0.11,2527.91,2540.5,2610.31,2596.53,0.08,46.51,41.96,60.31,healthcare,pharmaceuticals - multinational,30.7,-0.21,9.82,-0.09,0.01,2488.66,2405.65,-1.76,2026-08-12,,,,
2026-08-12T10:34:27.818,CONCOR,519.85,1.53,500.19,498.25,515.46,526.44,0.33,36.82,31.26,60.62,transportation,miscellaneous,19.87,0.85,1.36,-0.07,-0.03,495.8,481.72,-2.13,2026-08-12,,,,
2026-08-12T10:34:27.818,SBFC,94.45,0.65,91.6,92.35,91.51,98.85,0.14,20.01,21.42,58.68,financials,finance & investments,17.69,3.21,-5.03,-0.12,-0.16,90.73,88.23,-2.32,2026-08-12,,,,
2026-08-12T10:34:27.818,LTFOODS,421.35,0.49,408.66,413.1,410.75,437.25,0.07,19.95,22.74,66.84,fmcg,food - processing - indian,26.71,2.58,15.29,-0.06,0.01,400.78,386.25,-2.46,2026-08-12,,,,
2026-08-12T10:34:27.818,CONCORDBIO,1436.6,0.54,1395.91,1356.4,1363.14,1546.79,0.1,65.06,54.77,65.74,healthcare,pharmaceuticals - indian - bulk drugs & formln,23.92,5.39,8.86,0.03,-0.04,1338.14,1273.69,-2.79,2026-08-12,,,,
2026-08-12T10:34:27.818,COCHINSHIP,1506.4,0.7,1461.18,1416.5,1436.64,1611.03,0.14,35.83,54.92,61.64,aerospace & defence,miscellaneous,19.78,4.86,-3.95,-0.09,-0.13,1442.43,1400.16,-3.18,2026-08-12,,,,
2026-08-12T10:34:27.818,ABBOTINDIA,28060.0,0.14,27199.9,27330.0,27755.7,28516.45,0.39,37.75,38.36,58.13,healthcare,pharmaceuticals - multinational,20.48,1.1,-0.13,-0.05,-0.1,27149.58,26596.76,-3.65,2026-08-12,,,,
2026-08-12T10:34:27.818,BDL,1319.0,0.87,1282.82,1235.2,1242.86,1433.21,0.35,106.72,114.0,57.8,aerospace & defence,engineering,12.81,6.13,-13.22,-0.07,-0.14,1256.12,1223.86,-3.7,2026-08-12,,,,
2026-08-12T10:34:27.818,JMFINANCIL,127.35,0.94,123.58,124.8,122.29,134.94,0.41,10.44,11.61,54.65,financials,finance & investments,8.91,4.14,-7.92,-0.17,-0.15,119.62,115.81,-4.66,2026-08-12,,,,
2026-08-12T10:34:27.818,BLS,263.47,1.0,254.32,250.8,247.23,287.83,0.32,14.26,15.21,66.71,i.t,computers - software - medium / small,26.18,6.57,-12.58,-0.17,-0.19,246.33,234.23,-7.09,2026-08-12,,,,
2026-08-11T13:06:42.622,ATHERENERG,1528.3,4.24,1442.56,1405.0,1369.6,1766.35,0.74,-287.27,-142.63,77.53,auto,automobiles - scooters and 3 - wheelers,57.59,11.59,127.25,0.94,1.16,1385.74,1285.33,74.34,2026-08-11,,,,
2026-08-11T13:06:42.622,HINDCOPPER,533.0,1.28,517.15,495.1,501.66,580.01,0.93,36.61,44.83,62.13,metals & mining,mining / minerals / metals,20.34,6.25,2.5,-0.18,0.61,493.44,469.57,27.28,2026-08-11,,,,
2026-08-11T13:06:42.622,RRKABEL,2763.5,0.24,2683.24,2648.5,2686.78,2878.58,0.24,38.09,51.31,71.81,industrials,cables - power,42.9,2.86,81.85,0.73,0.96,2593.24,2499.05,26.05,2026-08-11,,,,
2026-08-11T13:06:42.622,NATIONALUM,387.65,1.29,377.89,375.15,363.16,424.38,0.56,8.88,10.41,67.7,metals & mining,aluminium and aluminium products,24.28,6.74,16.49,-0.02,0.48,368.67,360.48,25.57,2026-08-11,,,,
2026-08-11T13:06:42.622,APARINDS,16550.0,0.62,16060.24,15511.0,14912.86,19005.72,0.75,35.55,55.92,69.15,industrials,electric equipment,30.65,10.98,101.8,0.59,0.79,15224.57,14666.49,22.33,2026-08-11,,,,
2026-08-11T13:06:42.622,GRANULES,865.85,1.25,835.45,822.0,821.8,931.93,0.2,29.82,31.6,56.42,healthcare,pharmaceuticals - indian - bulk drugs & formln,20.4,5.36,42.64,0.4,0.53,811.3,778.29,20.88,2026-08-11,,,,
2026-08-11T13:06:42.622,SAILIFE,1466.4,2.82,1386.41,1319.5,1351.14,1639.29,0.91,105.95,83.06,73.36,healthcare,pharmaceuticals - indian - bulk drugs & formln,32.56,8.53,53.0,0.51,0.62,1344.51,1259.49,20.33,2026-08-11,,,,
2026-08-11T13:06:42.622,BELRISE,254.12,0.53,246.5,240.46,237.81,278.59,0.44,41.52,41.37,68.65,auto,auto ancillaries,20.22,6.86,43.33,0.27,0.56,241.32,235.35,19.4,2026-08-11,,,,
2026-08-11T13:06:42.622,MOTHERSON,168.6,0.36,164.09,150.9,154.2,190.2,0.61,43.01,40.48,75.74,auto,auto ancillaries,26.17,9.34,43.18,0.25,0.48,156.96,149.66,18.16,2026-08-11,,,,
2026-08-11T13:06:42.622,NEULANDLAB,22865.0,2.92,21835.38,19431.0,20103.38,27007.43,0.87,49.66,57.26,73.41,healthcare,pharmaceuticals - indian - bulk drugs,34.4,13.74,54.28,0.52,0.31,20735.95,19173.16,16.99,2026-08-11,,,,
2026-08-11T13:06:42.622,ANANDRATHI,2154.6,1.08,2074.86,2028.5,2035.8,2332.8,0.34,54.85,45.96,69.74,financials,finance & investments,28.59,5.84,37.17,0.34,0.44,2064.2,2001.59,15.1,2026-08-11,,,,
2026-08-11T13:06:42.622,AIAENG,4828.8,0.8,4690.57,4583.0,4566.23,5222.66,0.21,28.64,35.19,60.57,industrials,castings & forgings,17.07,5.75,18.97,0.09,0.22,4566.9,4427.57,13.24,2026-08-11,,,,
2026-08-11T13:06:42.622,TITAN,5144.8,1.08,4988.2,4882.3,4960.51,5421.23,1.13,64.21,78.4,76.32,consumer discretionary,diamond cutting / jewellery,51.46,3.72,21.09,0.11,0.29,4917.85,4770.84,12.71,2026-08-11,,,,
2026-08-11T13:06:42.622,AUROPHARMA,1650.5,0.15,1607.1,1567.0,1574.66,1764.26,0.23,23.1,25.75,63.54,healthcare,pharmaceuticals - indian - bulk drugs & formln,29.6,4.82,36.9,0.26,0.32,1564.97,1506.33,12.64,2026-08-11,,,,
2026-08-11T13:06:42.622,HINDALCO,1057.45,0.32,1031.84,1011.3,1001.37,1141.57,0.53,8.37,14.27,68.46,metals & mining,aluminium and aluminium products,27.05,5.6,17.04,0.01,0.3,1008.57,983.21,12.62,2026-08-11,,,,
2026-08-11T13:06:42.622,PAYTM,1609.2,1.58,1544.58,1407.3,1401.22,1921.17,1.87,116.95,155.92,83.93,i.t,miscellaneous,37.44,14.84,23.66,0.26,0.25,1479.29,1412.55,11.37,2026-08-11,,,,
2026-08-11T13:06:42.622,GLAND,2850.5,6.87,2751.84,2531.1,2524.7,3339.2,8.98,37.06,38.93,76.09,healthcare,pharmaceuticals - indian - formulations,41.26,12.9,68.21,0.39,0.55,2613.88,2574.32,11.35,2026-08-11,,,,
2026-08-11T13:06:42.622,GABRIEL,1501.1,2.13,1435.8,1462.0,1498.51,1504.98,0.26,61.93,68.84,59.96,auto,auto ancillaries,45.06,0.17,48.28,0.43,0.41,1371.21,1279.7,11.25,2026-08-11,,,,
2026-08-11T13:06:42.622,ASHOKLEY,175.8,1.03,168.56,172.0,168.62,186.56,0.42,19.98,25.04,66.77,auto,automobiles - lcvs / hcvs,24.36,4.26,-4.34,-0.21,0.17,167.01,160.71,10.16,2026-08-11,,,,
2026-08-11T13:06:42.622,EICHERMOT,8031.5,0.71,7795.9,7896.5,7962.72,8134.67,0.71,37.67,37.9,63.66,auto,automobiles - motorcycles / mopeds,26.79,0.86,6.37,0.03,0.08,7739.44,7598.89,9.82,2026-08-11,,,,
2026-08-11T13:06:42.622,UNIONBANK,183.83,1.49,176.28,174.22,174.83,197.33,0.52,6.22,6.7,65.63,bank,banks - public sector,22.47,5.15,14.24,-0.06,0.16,174.34,167.31,9.63,2026-08-11,,,,
2026-08-11T13:06:42.622,GRAPHITE,736.2,1.84,705.89,703.8,692.41,801.88,0.69,20.87,66.2,68.73,industrials,electrodes - graphites,33.95,6.32,14.1,0.06,0.29,684.63,649.75,8.86,2026-08-11,,,,
2026-08-11T13:06:42.622,RKFORGE,744.6,1.14,722.85,688.35,690.18,826.22,0.73,72.15,124.99,80.7,industrials,castings & forgings,44.31,7.88,46.62,0.2,0.35,685.61,658.57,8.25,2026-08-11,,,,
2026-08-11T13:06:42.622,DIVISLAB,8494.5,2.34,8119.79,8233.5,8307.15,8775.52,0.73,62.55,75.31,76.39,healthcare,pharmaceuticals - indian - bulk drugs,56.05,2.26,28.69,0.28,0.28,8102.3,7822.66,8.11,2026-08-11,,,,
2026-08-11T13:06:42.622,IFCI,76.13,0.15,73.75,73.36,72.28,81.91,0.11,380.65,113.46,54.74,financials,finance - term-lending institutions,12.94,5.33,54.0,0.09,0.46,71.61,68.89,8.02,2026-08-11,,,,
2026-08-11T13:06:42.622,AJANTPHARM,3541.3,1.0,3434.41,3403.1,3427.56,3711.91,0.47,33.1,38.6,61.52,healthcare,pharmaceuticals - indian - formulations,30.69,3.32,24.77,0.14,0.36,3376.32,3298.18,7.96,2026-08-11,,,,
2026-08-11T13:06:42.622,TRAVELFOOD,1401.9,0.36,1357.01,1321.0,1314.89,1532.42,0.47,38.22,41.71,63.5,consumer discretionary,hotels,21.09,6.62,23.09,0.12,-0.0,1287.08,1214.17,7.85,2026-08-11,,,,
2026-08-11T13:06:42.622,VIJAYA,1405.9,0.96,1355.24,1340.0,1332.16,1516.51,0.33,68.12,76.39,59.41,healthcare,healthcare,24.93,5.54,38.94,0.3,0.35,1294.37,1223.73,7.82,2026-08-11,,,,
2026-08-11T13:06:42.622,EXIDEIND,485.75,0.07,469.22,458.9,460.98,522.91,0.66,29.48,44.29,72.51,auto,auto ancillaries,43.42,5.37,37.7,0.31,0.3,450.63,434.94,7.2,2026-08-11,,,,
2026-08-11T13:06:42.622,HEG,680.9,-0.4,660.52,668.0,686.11,673.09,0.3,26.85,36.77,68.75,industrials,electrodes - graphites,54.08,-0.76,13.69,0.15,0.25,638.46,612.69,6.53,2026-08-11,,,,
2026-08-11T13:06:42.622,AARTIIND,505.4,0.97,487.11,481.15,482.56,539.65,0.68,29.59,34.19,60.29,chemicals,chemicals,19.34,4.73,37.16,-0.01,0.29,477.49,461.96,6.26,2026-08-11,,,,
2026-08-11T13:06:42.622,ANTHEM,899.35,5.43,835.45,812.65,818.19,1021.09,1.65,105.56,83.22,79.26,healthcare,pharmaceuticals - indian - bulk drugs & formln,26.44,9.92,39.53,0.23,0.37,841.13,798.02,5.91,2026-08-11,,,,
2026-08-11T13:06:42.622,THELEELA,510.35,0.66,490.49,497.05,486.73,545.77,0.35,87.39,27.96,62.07,services,hotels,23.61,4.85,21.98,0.06,0.2,473.86,451.45,5.52,2026-08-11,,,,
2026-08-11T13:06:42.622,ENDURANCE,2990.0,0.71,2891.2,2846.0,2817.64,3248.54,0.77,38.04,43.88,71.29,auto,auto ancillaries,20.95,6.12,14.51,0.1,0.07,2824.26,2731.96,4.5,2026-08-11,,,,
2026-08-11T13:06:42.622,SAREGAMA,534.25,0.79,514.5,509.25,523.76,549.99,0.28,49.65,46.09,58.39,media,entertainment / electronic media software,29.86,2.0,45.47,0.4,0.39,481.35,450.73,3.99,2026-08-11,,,,
2026-08-11T13:06:42.622,TBOTEK,1645.2,2.7,1560.06,1591.9,1565.04,1765.44,0.28,52.93,64.75,65.74,i.t,travel agencies,29.93,5.12,7.16,-0.0,-0.07,1522.1,1439.58,3.63,2026-08-11,,,,
2026-08-11T13:06:42.622,BOSCHLTD,45435.0,4.44,43120.0,41310.0,41581.43,51215.36,3.02,58.78,46.27,73.32,auto,auto ancillaries,29.46,9.27,17.52,0.18,0.23,42905.56,41323.49,3.57,2026-08-11,,,,
2026-08-11T13:06:42.622,JSWINFRA,341.8,-0.06,334.23,322.4,319.94,374.59,0.39,51.79,48.03,60.13,transportation,miscellaneous,20.58,6.83,25.66,0.18,0.24,321.5,310.47,3.51,2026-08-11,,,,
2026-08-11T13:06:42.622,UNITDSPR,1520.0,-0.13,1482.94,1503.0,1527.51,1508.73,0.21,58.28,57.39,67.07,fmcg,breweries & distilleries,38.99,-0.49,12.59,-0.01,0.03,1471.31,1444.2,3.34,2026-08-11,,,,
2026-08-11T13:06:42.622,POONAWALLA,482.5,1.22,464.62,469.0,468.49,503.52,0.36,33.98,50.13,57.67,financials,finance & investments,26.77,2.99,4.78,-0.05,0.01,453.38,433.69,3.26,2026-08-11,,,,
2026-08-11T13:06:42.622,GLENMARK,2275.9,1.09,2200.1,2202.2,2199.46,2390.56,0.3,33.25,35.34,55.83,healthcare,pharmaceuticals - indian - bulk drugs & formln,11.63,3.48,9.47,0.06,0.17,2176.57,2106.08,3.08,2026-08-11,,,,
2026-08-11T13:06:42.622,360ONE,1165.8,-0.83,1138.96,1151.0,1149.7,1189.96,0.22,35.85,37.76,56.89,financials,finance & investments,14.21,1.4,-1.44,-0.06,0.01,1108.26,1076.0,2.5,2026-08-11,,,,
2026-08-11T13:06:42.622,OIL,472.65,4.34,451.24,435.45,448.15,509.4,1.98,5.29,8.82,65.18,energy,oil drilling / allied services,26.68,5.47,15.37,-0.11,0.09,440.59,427.9,2.09,2026-08-11,,,,
2026-08-11T13:06:42.622,KALYANKJIL,605.0,0.79,582.81,561.25,623.4,577.4,0.28,44.75,43.18,63.97,consumer discretionary,diamond cutting / jewellery,36.16,-2.95,18.37,0.27,0.21,552.78,517.61,2.06,2026-08-11,,,,
2026-08-11T13:06:42.622,ATUL,6868.5,0.21,6703.2,6752.5,6747.98,7049.28,0.73,20.61,25.37,64.47,chemicals,chemicals,32.67,1.79,11.24,-0.03,0.11,6523.79,6358.75,1.89,2026-08-11,,,,
2026-08-11T13:06:42.622,PNB,113.77,0.24,110.05,112.3,113.8,113.72,0.45,5.62,5.92,62.26,bank,banks - public sector,24.71,-0.03,-7.33,-0.15,-0.11,110.24,107.83,1.72,2026-08-11,,,,
2026-08-11T13:06:42.622,PERSISTENT,5514.5,0.74,5321.89,5425.0,5508.85,5522.98,0.23,44.64,44.44,63.28,i.t,computers - software - large,20.24,0.1,-14.43,-0.14,-0.16,5220.24,5023.05,1.53,2026-08-11,,,,
2026-08-11T13:06:42.622,BAJAJFINSV,2022.6,0.06,1972.45,1988.0,2026.9,2016.15,0.47,25.8,31.79,60.88,financials,finance & investments,30.98,-0.21,0.7,-0.08,-0.04,1921.62,1867.18,1.06,2026-08-11,,,,
2026-08-11T13:06:42.622,NAUKRI,1383.5,7.92,1265.28,1222.6,1248.83,1585.5,2.97,50.27,51.9,76.79,i.t,miscellaneous,34.52,10.78,3.51,0.08,0.0,1278.38,1205.03,0.65,2026-08-11,,,,
2026-08-11T13:06:42.622,ZFCVINDIA,2637.1,1.05,2548.1,2545.4,2469.75,2888.12,0.18,71.82,12.01,61.28,auto,auto ancillaries,23.17,6.78,-8.85,-0.2,-0.0,2493.19,2403.15,0.34,2026-08-11,,,,
2026-08-11T13:06:42.622,GRAVITA,1792.1,0.48,1736.07,1664.0,1634.69,2028.21,0.5,30.69,33.14,58.72,metals & mining,mining / minerals / metals,18.89,9.63,3.82,-0.01,-0.05,1689.22,1629.95,0.16,2026-08-11,,,,
2026-08-11T13:06:42.622,DEEPAKNTR,1779.5,0.02,1737.15,1712.2,1704.0,1892.75,0.71,17.58,30.97,63.36,chemicals,chemicals,25.9,4.43,10.15,-0.02,0.09,1664.7,1604.09,-0.32,2026-08-11,,,,
2026-08-11T13:06:42.622,APOLLOTYRE,445.85,-0.02,433.65,432.15,429.08,471.01,0.18,20.19,16.52,62.35,auto,tyres,16.36,3.91,-14.23,-0.19,-0.18,424.84,410.84,-0.43,2026-08-11,,,,
2026-08-11T13:06:42.622,BEML,1908.7,1.29,1827.8,1668.1,1696.85,2226.48,1.6,-147.28,77.48,63.96,aerospace & defence,engineering,15.41,12.48,4.89,-0.0,0.0,1748.94,1658.02,-0.51,2026-08-11,,,,
2026-08-11T13:06:42.622,POLYMED,1880.0,6.07,1754.2,1651.2,1679.18,2181.23,4.84,55.36,57.01,71.3,healthcare,healthcare,28.04,11.96,5.85,0.18,-0.05,1729.18,1633.07,-0.63,2026-08-11,,,,
2026-08-11T13:06:42.622,OLECTRA,1391.1,1.67,1342.6,1350.0,1313.87,1506.95,0.57,51.45,63.29,54.89,auto,automobiles - lcvs / hcvs,16.48,5.88,17.17,0.21,0.06,1322.73,1296.95,-0.78,2026-08-11,,,,
2026-08-11T13:06:42.622,PFIZER,4881.7,0.08,4743.2,4825.0,4833.35,4954.23,0.44,27.31,30.35,64.45,healthcare,pharmaceuticals - multinational,25.53,1.0,1.58,-0.06,-0.06,4711.87,4611.1,-0.83,2026-08-11,,,,
2026-08-11T13:06:42.622,POLICYBZR,1706.0,4.66,1585.64,1578.4,1577.67,1898.49,0.66,120.82,100.43,63.82,i.t,miscellaneous,17.06,8.13,0.77,0.03,-0.07,1595.14,1512.29,-0.93,2026-08-11,,,,
2026-08-11T13:06:42.622,LTM,4821.3,0.55,4655.98,4462.9,4568.25,5200.87,0.56,24.37,27.17,72.59,i.t,computers - software - large,31.0,5.54,-19.87,-0.21,-0.2,4540.41,4347.45,-1.42,2026-08-11,,,,
2026-08-11T13:06:42.622,HCLTECH,1363.0,0.43,1330.84,1328.0,1372.12,1349.31,0.31,19.94,21.08,68.78,i.t,computers - software - large,31.69,-0.67,-17.19,-0.22,-0.18,1301.4,1272.0,-1.73,2026-08-11,,,,
2026-08-11T13:06:42.622,ESCORTS,3121.8,1.29,3009.97,3042.6,3050.0,3229.5,0.67,22.25,24.52,66.31,auto,automobiles - tractors,34.04,2.35,-19.58,-0.24,-0.17,2996.33,2918.42,-1.84,2026-08-11,,,,
2026-08-11T13:06:42.622,MPHASIS,2521.2,0.53,2448.53,2390.7,2382.46,2729.31,0.43,24.57,25.02,62.37,i.t,computers - software - large,11.81,5.82,-10.51,-0.11,-0.13,2373.88,2276.09,-2.06,2026-08-11,,,,
2026-08-11T13:06:42.622,SONATSOFTW,327.9,2.44,312.42,314.65,322.27,336.34,0.19,20.97,19.16,58.03,i.t,computers - software - medium / small,31.14,1.75,-9.39,-0.04,-0.12,294.85,272.12,-2.42,2026-08-11,,,,
2026-08-11T13:06:42.622,JSWDULUX,3166.1,3.63,3004.68,2975.6,2930.22,3519.92,1.98,28.68,7.05,60.17,building materials,paints / varnishes,19.83,8.05,0.16,-0.02,-0.1,2961.66,2837.23,-2.57,2026-08-11,,,,
2026-08-11T13:06:42.622,DEVYANI,142.38,6.6,130.1,119.11,121.49,173.71,3.72,296.63,-607.09,78.04,consumer discretionary,hotels,35.52,17.19,4.39,-0.01,-0.02,128.42,118.78,-2.59,2026-08-11,,,,
2026-08-11T13:06:42.622,TMPV,346.55,-0.16,337.37,343.0,336.96,360.94,0.29,5.51,-578.5,54.32,auto,automobiles - passenger cars,17.4,2.85,-3.34,-0.15,-0.05,334.19,326.37,-2.95,2026-08-11,,,,
2026-08-11T13:06:42.622,CONCORDBIO,1428.7,0.68,1392.97,1356.4,1350.39,1546.17,0.61,64.71,54.39,64.81,healthcare,pharmaceuticals - indian - bulk drugs & formln,22.92,5.8,6.24,0.03,-0.02,1317.98,1278.14,-3.4,2026-08-11,,,,
2026-08-11T13:06:42.622,BAJAJHLDNG,11550.0,0.69,11183.76,11219.0,11261.3,11983.06,0.42,11.87,14.41,66.41,financials,finance & investments,25.62,2.56,3.04,-0.04,-0.04,11090.77,10795.34,-3.4,2026-08-11,,,,
2026-08-11T13:06:42.622,AFFLE,1652.4,3.63,1563.3,1578.0,1626.48,1691.28,0.32,45.25,46.87,58.42,i.t,computers - software - medium / small,24.48,1.59,-7.86,-0.08,-0.05,1507.19,1402.28,-3.41,2026-08-11,,,,
2026-08-11T13:06:42.622,LTTS,3637.0,1.5,3528.0,3498.1,3553.58,3762.14,0.7,27.04,28.77,63.12,i.t,computers - software - large,25.44,2.35,-17.73,-0.14,-0.18,3424.87,3336.78,-3.46,2026-08-11,,,,
2026-08-11T13:06:42.622,BSOFT,321.6,1.37,312.67,316.05,311.91,336.14,0.7,14.06,15.53,61.47,i.t,computers - software - medium / small,28.07,3.11,-25.48,-0.34,-0.18,298.92,290.31,-4.71,2026-08-11,,,,
2026-08-11T13:06:42.622,INFY,1189.5,0.55,1158.36,1155.6,1154.13,1242.56,0.42,15.5,15.96,63.85,i.t,computers - software - large,17.93,3.06,-26.22,-0.27,-0.25,1137.46,1102.43,-4.74,2026-08-11,,,,
2026-08-11T13:06:42.622,JWL,263.15,2.23,257.1,256.1,253.23,278.03,1.71,98.19,66.51,54.98,industrials,engineering,20.8,3.92,-13.46,-0.22,-0.12,248.14,242.68,-5.2,2026-08-11,,,,
2026-08-11T13:06:42.622,SAPPHIRE,235.25,6.63,215.18,190.34,196.65,293.15,4.63,133.66,-441.24,76.15,consumer discretionary,hotels,29.48,19.63,6.32,0.01,-0.12,207.03,188.11,-5.73,2026-08-11,,,,
2026-08-11T13:06:42.622,PARADEEP,151.28,0.94,146.65,143.7,144.85,160.92,0.26,10.01,14.51,62.1,chemicals,fertilizers,27.57,4.44,0.0,0.08,-0.07,140.88,135.2,-6.33,2026-08-11,,,,
2026-08-11T13:06:42.622,CLEAN,812.35,1.1,782.04,746.55,743.4,915.77,0.85,29.43,36.66,65.48,chemicals,chemicals,19.46,9.27,-5.25,-0.06,-0.15,760.76,726.31,-7.23,2026-08-11,,,,
2026-08-11T13:06:42.622,COHANCE,462.55,3.48,436.64,416.9,418.55,528.54,1.24,-183.55,160.79,65.33,healthcare,pharmaceuticals - indian - bulk drugs & formln,25.45,10.51,-6.09,0.22,-0.2,424.52,408.15,-11.87,2026-08-11,,,,
2026-08-11T13:06:42.622,CPPLUS,3850.0,2.26,3686.76,3525.0,3428.01,4482.99,0.89,66.98,118.46,65.34,consumer discretionary,trading,21.74,12.31,180.8,1.32,1.29,3576.88,3437.04,NaN,2026-08-11,,,,
2026-08-11T13:06:42.622,TATACAP,367.65,-0.05,359.17,360.25,360.4,378.52,0.19,25.18,28.54,56.8,financials,finance & investments,28.87,2.01,3.95,-0.04,0.09,345.59,331.95,NaN,2026-08-11,,,,
2026-08-11T13:06:42.622,PINELABS,169.53,4.69,156.57,146.71,145.69,205.29,1.51,249.31,143.31,64.92,i.t,miscellaneous,18.27,16.37,-26.09,-0.28,-0.33,152.04,141.2,NaN,2026-08-11,,,,
2026-08-04T12:45:40.253,ATHERENERG,1459.7,14.69,1309.77,1191.1,1256.09,1765.11,3.92,-274.38,-123.8,77.7,auto,automobiles - scooters and 3 - wheelers,51.24,16.21,97.77,1.22,1.11,1299.62,1219.85,72.58,2026-08-04,,,,
2026-08-04T12:45:40.253,NETWEB,4739.7,3.35,4501.24,4175.5,4179.26,5580.37,0.64,79.1,99.91,61.69,i.t,computers - hardware,14.47,13.41,54.1,0.37,0.41,4323.65,4021.4,30.18,2026-08-04,,,,
2026-08-04T12:45:40.253,LAURUSLABS,1830.0,1.03,1769.98,1754.3,1729.68,1980.48,0.37,67.18,89.41,81.62,healthcare,pharmaceuticals - indian - bulk drugs & formln,49.08,5.8,64.84,0.77,0.76,1741.28,1678.53,28.2,2026-08-04,,,,
2026-08-04T12:45:40.253,WELCORP,1740.0,1.44,1666.98,1626.3,1653.4,1869.9,0.41,10.96,19.58,67.93,industrials,steel - large,31.05,5.24,117.72,1.12,0.86,1635.19,1560.08,24.29,2026-08-04,,,,
2026-08-04T12:45:40.253,RRKABEL,2642.3,0.4,2546.73,2535.0,2491.14,2869.04,0.31,36.42,48.98,68.97,industrials,cables - power,34.7,6.07,79.83,0.8,0.89,2442.83,2313.32,22.34,2026-08-04,,,,
2026-08-04T12:45:40.253,NATIONALUM,373.9,1.33,359.81,332.0,340.05,424.67,0.88,8.57,10.04,61.62,metals & mining,aluminium and aluminium products,18.68,9.95,19.07,-0.07,0.41,350.78,341.99,20.8,2026-08-04,,,,
2026-08-04T12:45:40.253,APARINDS,15267.0,3.53,14494.2,13374.0,13300.51,18216.73,0.73,32.8,50.13,61.7,industrials,electric equipment,19.47,14.79,83.34,0.72,0.58,13957.95,13037.16,17.55,2026-08-04,,,,
2026-08-04T12:45:40.253,DATAPATTNS,4590.6,3.65,4351.3,4090.0,4269.18,5072.73,0.89,291.28,92.54,55.77,aerospace & defence,electronics - components,14.08,7.53,76.5,0.65,0.43,4139.02,3834.73,17.54,2026-08-04,,,,
2026-08-04T12:45:40.253,SONACOMS,789.1,0.52,759.01,711.1,746.74,852.64,0.38,68.03,70.09,83.1,auto,auto ancillaries,57.77,5.67,66.41,0.46,0.56,747.64,716.95,16.73,2026-08-04,,,,
2026-08-04T12:45:40.253,SAILIFE,1358.1,1.85,1306.73,1291.5,1288.59,1462.37,0.45,68.87,80.28,69.5,healthcare,pharmaceuticals - indian - bulk drugs & formln,26.84,5.39,50.87,0.49,0.52,1293.38,1248.74,15.03,2026-08-04,,,,
2026-08-04T12:45:40.253,GABRIEL,1574.6,3.09,1470.98,1384.0,1431.8,1788.79,0.82,64.96,71.54,71.1,auto,auto ancillaries,45.96,9.97,51.59,0.57,0.55,1428.61,1329.31,13.39,2026-08-04,,,,
2026-08-04T12:45:40.253,RBLBANK,383.9,1.04,369.66,363.9,361.96,416.81,0.27,30.76,27.26,61.77,bank,banks - private sector,17.04,6.06,21.88,0.19,0.18,365.74,352.71,11.18,2026-08-04,,,,
2026-08-04T12:45:40.253,LLOYDSME,2054.4,0.19,1996.55,1995.5,1998.79,2137.81,0.44,19.19,29.38,67.8,metals & mining,mining / minerals / metals,34.52,2.78,51.91,0.72,0.59,1932.07,1856.43,10.24,2026-08-04,,,,
2026-08-04T12:45:40.253,ACMESOLAR,379.1,2.16,361.87,347.8,357.48,411.53,0.55,25.55,37.91,57.92,realty,engineering - turnkey services,24.57,6.05,59.7,0.61,0.49,350.51,331.31,10.12,2026-08-04,,,,
2026-08-04T12:45:40.253,ABB,7812.0,2.78,7448.49,7085.0,7379.59,8460.62,1.41,114.28,53.9,68.2,industrials,electric equipment,26.15,5.86,50.92,0.32,0.49,7269.76,6945.59,10.09,2026-08-04,,,,
2026-08-04T12:45:40.253,ASTERDM,828.9,1.69,798.8,799.2,802.28,868.84,0.66,76.19,108.11,60.9,healthcare,healthcare,19.63,3.32,36.76,0.37,0.18,783.85,754.06,9.67,2026-08-04,,,,
2026-08-04T12:45:40.253,HINDALCO,1001.5,0.66,973.24,938.15,944.55,1086.93,0.75,21.4,16.5,60.48,metals & mining,aluminium and aluminium products,17.93,6.03,11.96,-0.01,0.21,965.95,949.09,9.57,2026-08-04,,,,
2026-08-04T12:45:40.253,STARHEALTH,593.9,0.22,577.81,580.3,582.88,610.42,0.11,15.9,41.33,54.72,financials,finance & investments,37.52,1.89,27.98,0.17,0.11,561.32,537.44,9.05,2026-08-04,,,,
2026-08-04T12:45:40.253,OFSS,11580.0,2.19,11196.5,10882.0,11092.56,12311.17,0.32,17.81,28.89,60.4,i.t,computers - software - large,24.9,4.39,50.64,0.38,0.37,10740.16,10175.28,8.73,2026-08-04,,,,
2026-08-04T12:45:40.253,GLAND,2622.6,1.68,2509.88,2428.7,2444.53,2889.7,0.64,29.45,41.36,66.44,healthcare,pharmaceuticals - indian - formulations,35.75,7.28,52.94,0.27,0.42,2469.87,2367.02,8.02,2026-08-04,,,,
2026-08-04T12:45:40.253,NESTLEIND,1533.0,0.2,1481.66,1487.6,1474.21,1621.18,0.64,77.11,77.39,66.86,fmcg,food - processing - mnc,26.35,3.99,18.38,0.08,0.17,1468.26,1422.6,7.95,2026-08-04,,,,
2026-08-04T12:45:40.253,SIEMENS,4021.6,3.12,3841.21,3576.1,3682.22,4530.68,1.96,96.67,89.2,75.31,industrials,electric equipment,25.15,9.22,30.12,0.2,0.2,3760.17,3616.3,7.9,2026-08-04,,,,
2026-08-04T12:45:40.253,FLUOROCHEM,4583.9,2.24,4351.2,4344.6,4540.79,4648.57,0.36,115.52,85.78,67.23,chemicals,chemicals,36.4,0.95,24.74,0.39,0.24,4275.85,4049.91,7.73,2026-08-04,,,,
2026-08-04T12:45:40.253,SOLARINDS,18718.0,0.32,18166.26,17855.0,18257.79,19408.31,0.26,77.32,100.65,56.62,aerospace & defence,chemicals,12.01,2.52,53.85,0.31,0.31,17907.87,17382.28,7.6,2026-08-04,,,,
2026-08-04T12:45:40.253,HEG,666.15,0.14,649.74,636.15,656.57,680.53,0.22,26.27,35.79,70.47,industrials,electrodes - graphites,48.09,1.46,6.73,0.17,0.25,616.9,591.67,7.08,2026-08-04,,,,
2026-08-04T12:45:40.253,HEROMOTOCO,5580.0,2.2,5316.5,5127.7,5176.71,6184.94,0.99,19.11,19.02,75.69,auto,automobiles - motorcycles / mopeds,30.83,7.79,-4.47,-0.09,-0.07,5324.64,5159.11,6.39,2026-08-04,,,,
2026-08-04T12:45:40.253,HINDZINC,557.25,1.87,535.62,527.3,525.53,604.82,1.16,10.77,13.54,61.13,metals & mining,mining / minerals / metals,16.44,6.03,-8.82,-0.16,0.13,533.29,521.37,5.9,2026-08-04,,,,
2026-08-04T12:45:40.253,REDINGTON,349.9,0.59,333.2,275.5,286.2,445.44,1.43,14.06,15.99,82.03,services,trading,37.24,22.26,27.28,0.2,0.17,308.88,282.11,5.6,2026-08-04,,,,
2026-08-04T12:45:40.253,JSWSTEEL,1283.4,-0.69,1250.38,1243.2,1251.06,1331.91,0.59,16.84,12.73,58.76,metals & mining,steel - large,18.79,2.58,9.56,-0.01,0.07,1233.41,1206.71,5.37,2026-08-04,,,,
2026-08-04T12:45:40.253,PTCIL,18147.0,0.92,17582.18,17661.0,17674.64,18855.54,0.23,113.53,265.4,58.1,industrials,castings & forgings,15.22,2.67,-1.12,-0.07,0.02,17400.22,17033.13,5.07,2026-08-04,,,,
2026-08-04T12:45:40.253,BALRAMCHIN,651.3,0.7,624.01,582.15,611.62,710.82,1.92,20.61,34.51,69.62,fmcg,sugar,43.34,6.49,48.6,0.43,0.36,593.81,564.33,4.2,2026-08-04,,,,
2026-08-04T12:45:40.253,IKS,1853.8,0.4,1803.89,1768.1,1802.05,1931.42,0.44,37.65,42.79,55.46,i.t,computers - software - medium / small,23.49,2.87,10.22,0.06,0.12,1747.7,1698.72,4.19,2026-08-04,,,,
2026-08-04T12:45:40.253,UNITDSPR,1533.0,0.2,1492.54,1493.9,1479.46,1613.31,0.43,58.78,57.69,73.29,fmcg,breweries & distilleries,33.87,3.62,9.19,0.05,0.03,1471.73,1440.78,4.12,2026-08-04,,,,
2026-08-04T12:45:40.253,TBOTEK,1627.4,0.71,1551.34,1470.8,1470.45,1862.83,0.7,52.36,65.32,70.84,i.t,travel agencies,24.9,10.67,0.25,0.07,-0.03,1486.3,1403.37,4.1,2026-08-04,,,,
2026-08-04T12:45:40.253,SARDAEN,521.7,1.07,506.56,508.8,503.06,549.66,0.49,10.03,16.11,57.24,metals & mining,steel - medium / small,18.29,3.71,2.35,-0.01,-0.01,493.3,477.3,3.78,2026-08-04,,,,
2026-08-04T12:45:40.253,LT,4037.8,0.32,3908.44,3883.5,3781.83,4421.76,0.52,33.68,33.38,61.91,realty,engineering - turnkey services,22.4,6.77,-2.46,-0.05,-0.02,3901.18,3803.31,3.54,2026-08-04,,,,
2026-08-04T12:45:40.253,UNOMINDA,1236.7,2.21,1177.96,1156.6,1155.22,1358.92,1.79,54.72,58.2,73.62,auto,auto ancillaries,11.46,7.05,-3.89,-0.03,-0.08,1173.69,1133.63,3.02,2026-08-04,,,,
2026-08-04T12:45:40.253,PVRINOX,1144.2,0.25,1108.77,1118.05,1095.13,1217.81,0.27,49.75,25.21,74.13,media,entertainment / electronic media software,40.02,4.48,12.59,0.09,-0.01,1081.02,1039.14,2.94,2026-08-04,,,,
2026-08-04T12:45:40.253,JINDALSTEL,1115.2,0.91,1079.37,1054.2,1054.1,1206.85,0.42,33.59,41.36,62.62,metals & mining,steel - large,28.59,5.8,4.4,-0.09,0.01,1064.12,1032.21,2.39,2026-08-04,,,,
2026-08-04T12:45:40.253,MARUTI,14136.0,-0.1,13734.7,13720.0,13599.46,14940.81,0.71,32.24,31.04,58.81,auto,automobiles - passenger cars,13.58,3.95,-15.39,-0.1,-0.14,13512.51,13162.9,2.26,2026-08-04,,,,
2026-08-04T12:45:40.253,ANANTRAJ,628.5,0.38,610.88,602.75,614.46,649.56,0.28,37.59,39.11,66.29,realty,construction,25.25,2.29,13.76,0.04,-0.02,590.61,567.69,2.24,2026-08-04,,,,
2026-08-04T12:45:40.253,ENDURANCE,2844.6,2.04,2695.2,2712.8,2719.52,3032.22,0.65,36.19,41.2,62.71,auto,auto ancillaries,15.65,4.6,11.87,0.09,0.05,2663.2,2537.56,2.17,2026-08-04,,,,
2026-08-04T12:45:40.253,NIVABUPA,87.7,1.32,84.67,84.66,84.91,91.89,0.2,29.23,91.12,57.73,financials,finance & investments,35.86,3.29,17.31,0.02,0.1,82.52,78.73,1.77,2026-08-04,,,,
2026-08-04T12:45:40.253,360ONE,1164.4,1.45,1121.51,1113.5,1112.2,1242.7,0.73,35.81,36.87,59.96,financials,finance & investments,11.75,4.69,-1.27,-0.03,0.04,1098.87,1059.32,1.63,2026-08-04,,,,
2026-08-04T12:45:40.253,ATUL,6830.0,0.78,6658.61,6640.5,6445.3,7407.05,1.24,20.49,25.08,63.24,chemicals,chemicals,29.6,5.97,10.71,0.06,0.07,6447.86,6231.26,1.19,2026-08-04,,,,
2026-08-04T12:45:40.253,HYUNDAI,2221.5,0.66,2154.53,1971.0,2013.43,2533.6,0.35,50.77,36.22,75.58,auto,automobiles - passenger cars,26.51,10.33,-3.85,-0.07,-0.1,2090.97,2002.37,1.13,2026-08-04,,,,
2026-08-04T12:45:40.253,RAINBOW,1568.6,1.49,1504.3,1457.0,1488.73,1688.4,1.14,65.69,54.98,72.96,healthcare,healthcare,23.05,5.36,19.31,0.26,0.17,1472.07,1417.08,1.05,2026-08-04,,,,
2026-08-04T12:45:40.253,BAJAJFINSV,2086.6,-0.45,2026.64,1892.3,1931.53,2319.2,0.86,26.61,32.96,74.48,financials,finance & investments,28.64,8.03,2.45,-0.0,-0.02,1984.1,1908.83,1.02,2026-08-04,,,,
2026-08-04T12:45:40.253,ACE,1112.5,0.64,1085.35,1032.6,1038.65,1223.27,0.55,27.7,30.11,67.1,industrials,engineering,37.41,7.11,17.9,0.16,0.11,1037.57,998.88,0.64,2026-08-04,,,,
2026-08-04T12:45:40.253,PNB,113.5,0.44,110.39,110.32,111.28,116.83,0.23,5.61,5.89,65.82,bank,banks - public sector,20.29,1.99,-8.07,-0.14,-0.1,110.09,108.04,0.63,2026-08-04,,,,
2026-08-04T12:45:40.253,INDGN,562.05,3.08,531.7,500.35,502.34,651.62,2.88,29.03,32.63,71.55,healthcare,miscellaneous,23.87,11.89,8.08,0.06,0.07,513.04,482.03,0.5,2026-08-04,,,,
2026-08-04T12:45:40.253,AIIL,562.0,2.41,532.14,536.6,539.56,595.66,0.22,10.77,8.01,59.26,financials,finance & investments,30.91,4.16,-10.36,0.02,-0.03,518.22,489.33,0.39,2026-08-04,,,,
2026-08-04T12:45:40.253,ECLERX,1918.8,-0.18,1844.36,1834.8,1952.8,1867.8,0.13,23.43,14.74,62.16,i.t,computers - software - medium / small,39.24,-1.74,-20.41,-0.27,-0.17,1726.93,1599.42,0.26,2026-08-04,,,,
2026-08-04T12:45:40.253,CAMS,807.0,2.02,773.22,783.75,766.2,868.21,3.07,39.1,20.51,59.28,financials,miscellaneous,13.83,5.33,9.79,0.07,-0.01,758.0,744.75,0.17,2026-08-04,,,,
2026-08-04T12:45:40.253,VOLTAS,1333.3,0.64,1300.46,1297.5,1315.45,1360.08,0.35,94.96,116.62,53.12,consumer discretionary,air-conditioners,11.34,1.36,-3.68,-0.07,-0.07,1268.61,1244.79,-0.02,2026-08-04,,,,
2026-08-04T12:45:40.253,TATAINVEST,679.4,0.41,664.44,654.5,648.48,725.78,0.43,134.8,19.56,56.59,financials,finance & investments,15.87,4.77,-2.44,0.04,-0.14,649.65,636.43,-0.11,2026-08-04,,,,
2026-08-04T12:45:40.253,SAGILITY,44.15,0.62,42.53,42.63,42.73,46.28,0.65,23.99,20.7,58.42,i.t,computers - software - medium / small,26.33,3.33,-13.46,-0.17,-0.16,40.48,38.11,-0.41,2026-08-04,,,,
2026-08-04T12:45:40.253,ULTRACEMCO,11943.0,-0.92,11666.9,11730.0,11893.95,12016.57,0.13,33.79,41.52,56.05,building materials,cement - north india,11.41,0.41,0.35,-0.12,-0.01,11544.34,11302.35,-0.55,2026-08-04,,,,
2026-08-04T12:45:40.253,BERGEPAINT,538.3,2.23,516.07,497.25,497.43,599.61,0.67,46.89,54.45,65.38,building materials,paints / varnishes,18.58,8.22,0.94,0.06,-0.11,508.55,491.93,-0.58,2026-08-04,,,,
2026-08-04T12:45:40.253,FSL,326.7,0.73,312.28,266.0,283.38,391.69,0.53,27.5,33.23,81.34,i.t,computers - software - medium / small,30.96,15.29,-2.1,-0.01,-0.12,295.17,273.42,-0.71,2026-08-04,,,,
2026-08-04T12:45:40.253,BALKRISIND,2522.4,1.21,2420.6,2023.0,2103.31,3151.03,0.51,27.04,34.28,74.96,auto,tyres,25.28,19.93,8.94,0.01,0.06,2324.6,2183.85,-0.79,2026-08-04,,,,
2026-08-04T12:45:40.253,NHPC,80.68,1.8,77.81,77.25,78.08,84.58,0.33,13.91,21.13,58.64,power & utilities,power generation and supply,25.81,3.33,2.51,-0.05,-0.03,77.32,75.53,-0.85,2026-08-04,,,,
2026-08-04T12:45:40.253,JPPOWER,18.77,0.05,18.27,16.89,16.94,21.52,0.56,9.02,26.8,65.92,power & utilities,power generation and supply,18.38,10.81,11.36,0.16,0.03,17.33,16.68,-0.94,2026-08-04,,,,
2026-08-04T12:45:40.253,RECLTD,369.7,0.44,359.46,366.8,363.28,379.33,0.4,5.81,6.06,58.57,financials,finance - term-lending institutions,19.74,1.77,0.54,-0.06,-0.01,355.32,345.64,-1.54,2026-08-04,,,,
2026-08-04T12:45:40.253,TRENT,3078.4,0.93,2977.24,2916.5,2850.85,3419.73,0.63,68.35,63.06,61.25,consumer discretionary,trading,19.32,7.98,7.47,0.14,0.02,2956.98,2898.52,-1.57,2026-08-04,,,,
2026-08-04T12:45:40.253,AFFLE,1674.1,0.67,1605.24,1578.1,1562.9,1840.9,0.54,49.18,51.31,65.63,i.t,computers - software - medium / small,24.9,7.11,-6.01,-0.03,-0.04,1549.24,1458.5,-1.8,2026-08-04,,,,
2026-08-04T12:45:40.253,DEEPAKNTR,1721.0,0.42,1676.19,1635.0,1667.23,1801.65,1.34,26.71,42.45,58.11,chemicals,chemicals,13.69,3.23,1.18,-0.02,-0.03,1629.14,1592.75,-1.92,2026-08-04,,,,
2026-08-04T12:45:40.253,LTFOODS,418.9,0.87,405.48,370.55,381.95,474.32,0.74,19.83,22.52,70.7,fmcg,food - processing - indian,18.88,9.67,8.55,0.07,-0.01,392.96,382.3,-2.69,2026-08-04,,,,
2026-08-04T12:45:40.253,IEX,128.92,0.72,124.26,126.01,127.16,131.56,0.59,21.2,22.46,55.65,financials,miscellaneous,14.26,1.38,-3.0,-0.03,-0.09,120.65,115.03,-2.71,2026-08-04,,,,
2026-08-04T12:45:40.253,SONATSOFTW,350.3,1.29,333.59,301.45,306.98,415.27,0.5,18.59,20.66,71.24,i.t,computers - software - medium / small,33.48,14.11,-3.31,0.04,-0.07,313.37,290.22,-3.06,2026-08-04,,,,
2026-08-04T12:45:40.253,DIXON,13987.0,0.68,13535.76,13579.0,14164.79,13720.31,0.36,29.63,40.4,58.26,consumer discretionary,electronics - consumer,31.09,-1.26,15.68,0.25,-0.14,13082.32,12502.82,-3.25,2026-08-04,,,,
2026-08-04T12:45:40.253,CASTROLIND,186.9,0.57,182.38,184.0,183.9,191.4,1.67,19.07,19.06,65.15,chemicals,chemicals,39.44,1.63,-1.57,-0.07,-0.06,183.21,182.49,-3.39,2026-08-04,,,,
2026-08-04T12:45:40.253,POLYMED,1725.0,-0.17,1677.86,1654.8,1653.84,1831.74,0.21,65.94,54.35,58.66,healthcare,healthcare,26.66,4.3,-0.98,0.1,-0.12,1630.17,1570.85,-3.47,2026-08-04,,,,
2026-08-04T12:45:40.253,PARADEEP,145.61,0.48,141.15,142.31,140.85,152.75,0.44,9.63,14.03,55.74,chemicals,fertilizers,26.08,3.38,-11.52,0.02,-0.13,131.85,123.71,-5.04,2026-08-04,,,,
2026-08-04T12:45:40.253,GODFRYPHLP,2315.0,3.03,2205.1,2013.0,2066.94,2687.09,4.14,45.5,25.62,62.72,fmcg,cigarettes,20.09,12.0,1.09,0.11,-0.22,2093.57,2022.49,-5.1,2026-08-04,,,,
2026-08-04T12:45:40.253,AWL,191.65,0.71,185.87,186.65,186.53,199.32,0.42,17.68,21.29,55.16,fmcg,solvent extraction,18.02,2.74,-19.63,-0.17,-0.31,181.51,175.16,-7.04,2026-08-04,,,,
2026-08-04T12:45:40.253,DEVYANI,119.3,2.18,113.85,112.55,111.93,130.36,0.97,248.54,-530.73,60.26,consumer discretionary,hotels,21.73,6.59,-18.99,-0.05,-0.22,108.88,102.72,-7.15,2026-08-04,,,,
2026-08-04T12:45:40.253,SWIGGY,287.35,-0.23,279.69,271.99,272.93,308.98,0.45,-24.27,-18.89,60.06,i.t,miscellaneous,20.98,5.28,-26.36,-0.14,-0.29,260.6,247.03,-7.27,2026-08-04,,,,
2026-08-04T12:45:40.253,ITC,287.55,0.19,279.01,280.05,279.44,299.72,0.49,20.48,18.12,54.97,fmcg,cigarettes,16.71,2.9,-20.89,-0.16,-0.32,276.1,268.81,-7.3,2026-08-04,,,,
2026-08-04T12:45:40.253,EIDPARRY,790.95,1.36,765.43,753.0,764.95,829.95,0.59,-10.55,24.36,60.5,fmcg,sugar,16.01,3.4,-22.3,-0.18,-0.26,752.67,734.71,-7.69,2026-08-04,,,,
2026-07-27T10:26:41.475,LAURUSLABS,1667.1,4.12,1584.76,1554.9,1569.6,1813.35,0.99,61.2,79.03,72.73,healthcare,pharmaceuticals - indian - bulk drugs & formln,37.09,6.21,56.07,0.51,0.61,1578.0,1516.07,24.64,2026-07-27,,,,
2026-07-27T10:26:41.475,FEDERALBNK,356.6,0.65,347.75,349.9,344.73,374.41,0.09,17.51,18.63,75.31,bank,banks - private sector,42.14,3.44,34.66,0.18,0.45,343.26,334.35,16.58,2026-07-27,,,,
2026-07-27T10:26:41.475,DATAPATTNS,4677.5,2.03,4449.2,3899.0,4136.69,5488.71,0.24,47.32,94.58,58.63,aerospace & defence,electronics - components,18.8,13.07,76.0,0.97,0.71,4204.07,3851.5,15.88,2026-07-27,,,,
2026-07-27T10:26:41.475,RADICO,4149.1,1.41,4035.35,4038.9,4130.5,4177.0,0.44,77.35,90.6,65.97,fmcg,breweries & distilleries,42.07,0.45,26.99,0.29,0.23,3966.76,3870.0,12.15,2026-07-27,,,,
2026-07-27T10:26:41.475,NYKAA,327.3,1.39,317.47,317.05,328.28,325.83,0.07,303.06,467.83,64.97,i.t,trading,44.38,-0.3,27.64,0.29,0.21,313.43,303.42,11.47,2026-07-27,,,,
2026-07-27T10:26:41.475,MOTHERSON,148.21,1.83,143.37,142.2,140.85,159.25,0.09,26.09,37.32,60.05,auto,auto ancillaries,17.7,5.23,23.29,0.26,0.4,140.92,135.71,10.91,2026-07-27,,,,
2026-07-27T10:26:41.475,TORNTPHARM,5036.0,1.5,4862.56,4935.3,5011.27,5073.1,0.07,109.38,77.51,62.77,healthcare,pharmaceuticals - indian - formulations,30.46,0.49,31.83,0.18,0.28,4753.63,4575.85,10.64,2026-07-27,,,,
2026-07-27T10:26:41.475,CRAFTSMAN,9342.5,0.63,9125.76,9113.5,9096.26,9711.86,0.07,45.05,52.83,54.92,auto,auto ancillaries,23.74,2.71,31.8,0.2,0.33,8891.82,8625.81,10.62,2026-07-27,,,,
2026-07-27T10:26:41.475,EMCURE,1924.3,2.3,1844.46,1855.4,1824.61,2073.83,0.23,37.47,38.57,63.92,healthcare,pharmaceuticals - indian - bulk drugs & formln,27.84,5.46,34.91,0.16,0.3,1813.59,1735.26,10.07,2026-07-27,,,,
2026-07-27T10:26:41.475,LLOYDSME,1979.1,1.99,1889.44,1855.1,1866.57,2147.9,0.93,18.48,27.8,68.01,metals & mining,mining / minerals / metals,24.58,6.03,42.47,0.63,0.45,1839.63,1755.92,9.48,2026-07-27,,,,
2026-07-27T10:26:41.475,M&MFIN,365.15,2.43,353.34,319.4,344.75,395.75,0.22,13.71,15.23,65.1,financials,finance & investments,32.68,5.92,-5.44,-0.07,0.13,331.4,309.94,8.89,2026-07-27,,,,
2026-07-27T10:26:41.475,TITAN,4702.0,0.53,4593.16,4604.1,4680.37,4734.44,0.13,88.52,81.78,68.68,consumer discretionary,diamond cutting / jewellery,34.91,0.46,19.79,0.08,0.2,4582.63,4500.9,8.65,2026-07-27,,,,
2026-07-27T10:26:41.475,GABRIEL,1413.6,3.67,1341.62,1335.1,1366.53,1484.21,0.45,58.32,63.86,62.74,auto,auto ancillaries,42.9,3.44,33.13,0.45,0.08,1259.86,1150.96,8.52,2026-07-27,,,,
2026-07-27T10:26:41.475,EICHERMOT,7695.0,0.88,7495.04,7565.0,7464.88,8040.18,0.09,34.72,37.94,60.47,auto,automobiles - motorcycles / mopeds,12.44,3.08,5.37,0.02,0.08,7414.79,7237.13,7.69,2026-07-27,,,,
2026-07-27T10:26:41.475,MANAPPURAM,357.25,1.22,347.56,337.55,340.02,383.09,0.29,18.72,30.09,67.13,financials,finance & investments,17.56,5.07,21.37,0.12,0.24,338.23,324.91,7.65,2026-07-27,,,,
2026-07-27T10:26:41.475,NUVAMA,1991.7,0.59,1917.17,1854.9,1914.47,2107.54,0.19,33.67,11.46,67.4,financials,finance & investments,42.1,4.03,36.8,0.38,0.29,1836.27,1736.7,7.62,2026-07-27,,,,
2026-07-27T10:26:41.475,MINDACORP,695.7,2.85,666.4,650.0,669.89,734.42,0.15,32.88,44.18,59.01,auto,auto ancillaries,20.39,3.85,16.58,0.18,0.14,655.14,627.62,7.17,2026-07-27,,,,
2026-07-27T10:26:41.475,LALPATHLAB,1860.8,5.78,1757.14,1650.9,1695.65,2108.52,2.49,45.83,42.41,73.48,healthcare,healthcare,26.51,9.74,31.89,0.25,0.16,1712.07,1634.63,6.13,2026-07-27,,,,
2026-07-27T10:26:41.475,CREDITACC,1599.9,5.42,1519.1,1456.5,1501.58,1747.38,4.99,12.99,20.07,65.08,financials,finance & investments,28.05,6.55,22.97,0.06,0.1,1483.21,1401.79,6.12,2026-07-27,,,,
2026-07-27T10:26:41.475,PTCIL,18083.0,1.98,17377.36,17536.0,17431.94,19059.59,0.21,113.13,261.73,57.02,industrials,castings & forgings,10.45,3.73,-0.89,-0.05,0.01,17095.76,16460.33,5.3,2026-07-27,,,,
2026-07-27T10:26:41.475,HEG,656.55,2.08,622.79,590.75,596.7,746.32,0.61,25.89,34.6,73.04,industrials,electrodes - graphites,35.08,10.03,21.89,0.14,0.22,591.87,546.21,5.12,2026-07-27,,,,
2026-07-27T10:26:41.475,GODREJIND,1348.4,1.22,1305.56,1309.8,1375.68,1307.47,0.07,25.56,36.17,62.38,chemicals,chemicals,55.22,-1.98,33.97,0.27,0.23,1263.77,1204.39,4.89,2026-07-27,,,,
2026-07-27T10:26:41.475,SUNPHARMA,1950.0,0.46,1894.34,1925.2,1950.8,1948.8,0.12,43.14,40.61,61.37,healthcare,pharmaceuticals - indian - bulk drugs & formln,30.6,-0.04,11.11,0.1,0.11,1892.65,1857.34,3.77,2026-07-27,,,,
2026-07-27T10:26:41.475,PVRINOX,1122.0,5.46,1049.58,981.1,1007.29,1294.06,2.42,48.78,23.5,74.42,media,entertainment / electronic media software,23.65,11.39,9.56,0.11,-0.04,1040.61,982.47,3.27,2026-07-27,,,,
2026-07-27T10:26:41.475,BAJFINANCE,1036.8,2.37,1006.07,1001.3,1042.77,1027.85,0.17,29.49,33.09,56.57,financials,finance & investments,31.66,-0.57,2.57,0.03,-0.08,984.65,951.75,2.46,2026-07-27,,,,
2026-07-27T10:26:41.475,IIFL,572.85,2.93,547.43,548.0,556.93,596.72,0.25,9.02,11.25,62.03,financials,finance & investments,30.94,2.86,0.18,0.01,0.02,531.09,500.91,2.38,2026-07-27,,,,
2026-07-27T10:26:41.475,BOSCHLTD,42100.0,0.83,40768.0,40715.0,41344.92,43232.62,0.16,54.46,44.41,62.94,auto,auto ancillaries,36.0,1.83,15.96,0.1,0.09,40405.96,39200.43,2.33,2026-07-27,,,,
2026-07-27T10:26:41.475,DIVISLAB,7350.0,1.4,7076.09,7177.0,7275.9,7461.16,0.4,64.91,74.92,67.3,healthcare,pharmaceuticals - indian - bulk drugs,39.52,1.02,13.49,0.13,0.06,7067.5,6861.62,2.32,2026-07-27,,,,
2026-07-27T10:26:41.475,HEROMOTOCO,5058.0,0.94,4933.52,4970.7,4924.17,5258.74,0.17,17.33,17.46,56.01,auto,automobiles - motorcycles / mopeds,15.26,2.72,-11.94,-0.14,-0.09,4819.49,4662.6,2.31,2026-07-27,,,,
2026-07-27T10:26:41.475,APLAPOLLO,1862.2,2.16,1785.56,1797.3,1792.98,1966.02,0.18,36.49,42.06,59.49,industrials,steel - large,10.83,3.86,-0.27,-0.14,0.0,1795.83,1747.86,2.18,2026-07-27,,,,
2026-07-27T10:26:41.475,UNITDSPR,1491.6,1.66,1442.27,1375.2,1399.53,1629.71,0.34,57.19,55.32,72.7,fmcg,breweries & distilleries,20.58,6.58,3.47,0.03,0.02,1415.73,1367.93,2.13,2026-07-27,,,,
2026-07-27T10:26:41.475,PIDILITIND,1595.4,1.56,1548.11,1537.1,1558.13,1651.3,0.12,70.1,51.22,56.01,chemicals,chemicals,23.61,2.39,9.16,0.02,0.06,1522.27,1472.22,1.6,2026-07-27,,,,
2026-07-27T10:26:41.475,BALRAMCHIN,610.95,0.13,596.82,599.7,605.78,618.7,0.1,19.33,32.56,63.98,fmcg,sugar,44.33,0.85,38.17,0.36,0.28,574.95,555.0,1.57,2026-07-27,,,,
2026-07-27T10:26:41.475,AEGISVOPAK,300.29,2.61,286.85,276.03,291.16,313.99,0.44,121.08,137.39,66.54,transportation,miscellaneous,49.07,3.14,20.9,0.38,0.1,270.75,251.44,1.34,2026-07-27,,,,
2026-07-27T10:26:41.475,CHOICEIN,806.65,1.19,784.05,788.4,822.45,782.96,0.19,66.12,70.73,59.98,financials,finance & investments,29.86,-1.92,-0.12,-0.02,-0.02,773.8,754.16,1.33,2026-07-27,,,,
2026-07-27T10:26:41.475,MEDANTA,1390.7,1.44,1342.89,1322.7,1337.63,1470.31,0.4,64.86,66.2,67.85,healthcare,healthcare,27.87,3.97,17.09,0.24,0.14,1321.35,1281.64,1.05,2026-07-27,,,,
2026-07-27T10:26:41.475,TECHM,1597.4,2.43,1540.66,1531.1,1534.93,1691.1,0.19,24.16,26.92,67.43,i.t,computers - software - large,18.28,4.07,-2.14,-0.14,0.1,1513.0,1451.9,0.86,2026-07-27,,,,
2026-07-27T10:26:41.475,KALYANKJIL,582.25,1.52,560.56,555.05,581.7,583.07,0.21,36.67,43.85,76.14,consumer discretionary,diamond cutting / jewellery,39.95,0.09,19.25,0.46,0.1,536.34,505.21,0.52,2026-07-27,,,,
2026-07-27T10:26:41.475,ANANTRAJ,606.6,3.42,574.57,576.0,593.49,626.26,0.55,36.28,36.64,62.83,realty,construction,21.02,2.21,8.78,0.11,-0.07,561.25,533.9,0.32,2026-07-27,,,,
2026-07-27T10:26:41.475,UNOMINDA,1146.0,1.69,1112.3,1101.1,1136.06,1160.91,0.18,50.71,54.21,54.75,auto,auto ancillaries,8.51,0.88,-11.57,-0.07,-0.16,1089.65,1052.49,0.32,2026-07-27,,,,
2026-07-27T10:26:41.475,RKFORGE,619.4,6.66,583.1,562.0,562.13,705.3,5.35,60.02,98.59,66.58,industrials,castings & forgings,15.13,10.19,18.32,0.12,0.12,574.33,545.62,0.11,2026-07-27,,,,
2026-07-27T10:26:41.475,NIVABUPA,87.22,0.67,85.11,83.35,85.08,90.43,0.07,11.66,122.03,56.3,financials,finance & investments,37.63,2.52,15.78,0.04,0.11,83.32,80.94,-0.04,2026-07-27,,,,
2026-07-27T10:26:41.475,RAINBOW,1479.0,1.45,1435.11,1428.0,1472.72,1488.43,0.08,48.72,53.19,58.33,healthcare,healthcare,23.65,0.43,8.83,0.15,0.06,1404.21,1355.02,-0.11,2026-07-27,,,,
2026-07-27T10:26:41.475,INDHOTEL,731.25,0.52,715.4,713.25,726.78,737.95,0.12,72.83,48.27,55.41,services,hotels,22.68,0.62,-0.95,0.04,0.0,700.49,684.13,-0.47,2026-07-27,,,,
2026-07-27T10:26:41.475,M&M,3186.2,0.78,3115.42,3135.1,3131.77,3267.84,0.09,19.07,20.65,54.15,auto,automobiles - passenger cars,15.57,1.74,-12.08,-0.17,-0.16,3053.45,2967.0,-0.63,2026-07-27,,,,
2026-07-27T10:26:41.475,HAL,4635.1,1.35,4485.46,4461.4,4491.84,4849.99,0.25,18.47,33.55,65.82,aerospace & defence,engineering,14.84,3.19,5.17,-0.01,-0.07,4476.71,4361.81,-0.76,2026-07-27,,,,
2026-07-27T10:26:41.475,ACE,1069.5,2.9,1021.75,957.8,984.76,1196.61,0.78,26.63,28.31,63.53,industrials,engineering,36.22,8.6,9.86,0.25,0.03,976.62,912.76,-1.13,2026-07-27,,,,
2026-07-27T10:26:41.475,AIIL,541.55,1.97,527.73,525.0,522.12,570.7,0.11,10.37,7.75,54.93,financials,finance & investments,24.7,3.72,-6.07,-0.04,-0.04,491.84,466.71,-1.24,2026-07-27,,,,
2026-07-27T10:26:41.475,SPLPETRO,763.15,2.91,731.13,701.0,706.93,847.49,1.76,21.27,42.33,63.7,energy,petrochemicals,15.78,7.95,19.01,0.4,0.11,704.22,671.77,-1.25,2026-07-27,,,,
2026-07-27T10:26:41.475,PERSISTENT,5270.5,1.35,5132.26,4965.1,5105.98,5517.28,0.33,38.95,43.44,60.17,i.t,computers - software - large,16.04,3.22,-18.77,-0.21,-0.13,4949.26,4777.33,-1.25,2026-07-27,,,,
2026-07-27T10:26:41.475,MSUMI,40.68,1.42,39.22,39.37,39.74,42.08,0.1,40.68,38.94,56.46,auto,auto ancillaries,16.21,2.35,-8.8,-0.13,-0.14,38.93,37.77,-1.57,2026-07-27,,,,
2026-07-27T10:26:41.475,BAJAJFINSV,1899.3,1.2,1847.3,1850.4,1880.57,1927.4,0.19,29.86,30.52,59.39,financials,finance & investments,19.37,1.0,-7.23,-0.1,-0.13,1823.66,1780.53,-1.61,2026-07-27,,,,
2026-07-27T10:26:41.475,JUBLINGREA,748.0,3.09,710.79,714.05,749.3,746.05,0.3,27.91,37.13,61.1,chemicals,chemicals,31.62,-0.17,3.88,0.08,0.09,685.46,643.3,-1.7,2026-07-27,,,,
2026-07-27T10:26:41.475,SUMICHEM,527.0,1.26,511.22,515.0,540.73,506.41,0.04,59.08,47.84,60.45,chemicals,pesticides / agrochemicals - indian,27.73,-2.54,14.56,0.16,0.08,494.42,474.29,-2.02,2026-07-27,,,,
2026-07-27T10:26:41.475,PPLPHARMA,188.22,3.83,177.13,174.45,176.85,205.27,0.46,-672.21,-73.39,64.3,healthcare,pharmaceuticals - indian - bulk drugs & formln,28.89,6.43,6.18,0.15,-0.07,173.07,162.24,-2.54,2026-07-27,,,,
2026-07-27T10:26:41.475,COLPAL,2121.0,1.67,2047.02,2065.0,2049.57,2228.14,0.21,40.82,42.81,59.74,fmcg,personal care - multinational,14.91,3.48,0.71,-0.1,-0.06,2028.54,1965.19,-2.62,2026-07-27,,,,
2026-07-27T10:26:41.475,JKCEMENT,5720.0,1.26,5518.38,5479.5,5460.61,6109.09,0.08,39.82,46.16,62.89,building materials,cement - north india,9.82,4.75,1.89,-0.05,-0.02,5403.66,5195.41,-2.7,2026-07-27,,,,
2026-07-27T10:26:41.475,SHREECEM,26990.0,0.94,26087.6,26425.0,26805.33,27267.0,0.1,46.31,55.33,58.84,building materials,cement - north india,23.62,0.69,4.05,-0.08,-0.04,25900.41,25113.23,-2.84,2026-07-27,,,,
2026-07-27T10:26:41.475,LODHA,1196.1,4.55,1127.1,1124.0,1211.24,1173.4,0.68,21.78,27.7,66.97,realty,construction,43.42,-1.25,10.53,0.22,-0.04,1108.9,1045.9,-3.05,2026-07-27,,,,
2026-07-27T10:26:41.475,NAUKRI,1189.25,2.04,1148.02,1140.0,1219.11,1144.46,0.28,34.06,52.05,64.55,i.t,miscellaneous,32.5,-2.45,-12.89,-0.16,-0.14,1125.03,1079.16,-3.18,2026-07-27,,,,
2026-07-27T10:26:41.475,RHIM,411.05,3.03,393.86,388.25,401.63,425.17,0.07,-4.1,-21.52,57.6,building materials,refractories / intermediates,26.62,2.34,-8.86,-0.1,-0.13,383.26,362.57,-3.18,2026-07-27,,,,
2026-07-27T10:26:41.475,GODREJCP,1065.7,0.59,1039.88,1038.0,1060.76,1073.11,0.07,60.28,58.21,53.27,fmcg,personal care - indian,12.28,0.47,-10.87,-0.21,-0.09,1019.3,992.91,-3.68,2026-07-27,,,,
2026-07-27T10:26:41.475,HCLTECH,1297.7,2.1,1251.75,1217.2,1220.69,1413.22,0.37,18.98,19.75,70.08,i.t,computers - software - large,24.96,6.31,-22.74,-0.3,-0.19,1233.39,1190.45,-3.86,2026-07-27,,,,
2026-07-27T10:26:41.475,MPHASIS,2351.6,2.78,2273.11,2192.1,2306.81,2418.78,0.41,22.92,22.82,53.63,i.t,computers - software - large,11.87,1.94,-19.94,-0.21,-0.18,2173.18,2056.27,-4.08,2026-07-27,,,,
2026-07-27T10:26:41.475,COFORGE,1523.2,2.59,1459.61,1430.0,1478.44,1590.34,0.29,20.89,32.03,56.67,i.t,computers - software - large,10.77,3.03,-14.44,-0.14,-0.16,1429.25,1367.29,-4.13,2026-07-27,,,,
2026-07-27T10:26:41.475,SUPREMEIND,3492.2,0.96,3401.09,3350.1,3356.85,3695.23,0.1,25.58,46.06,56.3,plastic products,plastics products,14.88,4.03,4.24,-0.08,-0.13,3328.73,3218.93,-4.29,2026-07-27,,,,
2026-07-27T10:26:41.475,HAVELLS,1240.5,1.11,1208.44,1191.6,1188.66,1318.26,0.2,66.98,47.12,63.28,consumer discretionary,electric equipment,11.29,4.36,-13.04,-0.11,-0.18,1180.77,1142.38,-4.55,2026-07-27,,,,
2026-07-27T10:26:41.475,ZEEL,107.05,1.51,103.68,101.2,100.06,117.54,0.08,-24.78,37.27,54.57,media,entertainment / electronic media software,15.5,6.99,17.42,0.21,0.06,99.31,94.2,-4.6,2026-07-27,,,,
2026-07-27T10:26:41.475,PCBL,324.9,2.2,313.45,307.4,316.57,337.4,0.14,79.63,61.25,56.61,chemicals,chemicals,20.54,2.63,5.51,0.13,-0.1,302.19,285.85,-4.79,2026-07-27,,,,
2026-07-27T10:26:41.475,JYOTICNC,802.75,0.97,784.0,777.0,789.12,823.2,0.04,50.42,53.83,60.51,industrials,engineering,34.5,1.73,-16.88,-0.08,-0.14,753.78,720.46,-5.02,2026-07-27,,,,
2026-07-27T10:26:41.475,LTTS,3465.3,1.38,3375.22,3293.0,3306.48,3703.53,0.14,25.77,27.45,58.21,i.t,computers - software - large,18.99,4.8,-26.19,-0.17,-0.18,3237.13,3108.9,-5.02,2026-07-27,,,,
2026-07-27T10:26:41.475,ICICIPRULI,506.4,1.17,491.86,490.3,497.17,520.25,0.09,47.59,42.78,53.06,financials,finance & investments,15.31,1.86,-22.12,-0.27,-0.2,482.65,466.49,-5.03,2026-07-27,,,,
2026-07-27T10:26:41.475,CRISIL,4464.0,2.69,4260.26,4226.7,4225.8,4821.3,0.21,37.7,35.95,66.35,financials,miscellaneous,29.82,5.64,4.49,-0.09,-0.09,4184.74,3976.4,-5.2,2026-07-27,,,,
2026-07-27T10:26:41.475,LTM,4166.6,1.83,4032.7,3913.8,4024.0,4380.5,0.27,21.06,23.19,61.37,i.t,computers - software - large,17.73,3.54,-32.81,-0.35,-0.29,3931.45,3785.48,-5.24,2026-07-27,,,,
2026-07-27T10:26:41.475,BAJAJHLDNG,10781.0,0.96,10480.12,10299.0,10336.01,11448.49,0.24,11.65,12.33,57.11,financials,finance & investments,15.07,4.31,-4.42,-0.07,-0.17,10319.13,10020.72,-5.27,2026-07-27,,,,
2026-07-27T10:26:41.475,BLUEDART,4990.4,1.61,4824.44,4716.1,4807.32,5265.02,0.71,60.59,47.11,56.88,transportation,couriers,17.81,3.81,-8.87,-0.13,-0.21,4761.81,4634.97,-6.01,2026-07-27,,,,
2026-07-27T10:26:41.475,GILLETTE,7922.5,1.2,7672.42,7730.0,7768.47,8153.55,0.21,37.42,41.11,57.08,fmcg,personal care - multinational,13.98,1.98,-1.2,-0.09,-0.1,7603.51,7541.77,-6.4,2026-07-27,,,,
2026-07-27T10:26:41.475,UBL,1436.8,2.73,1381.9,1350.9,1360.72,1550.92,0.92,93.3,89.54,65.9,fmcg,breweries & distilleries,21.67,5.59,-11.29,-0.08,-0.22,1353.4,1311.06,-6.6,2026-07-27,,,,
2026-07-27T10:26:41.475,TCS,2311.5,2.54,2226.95,2193.6,2197.97,2481.8,0.31,15.66,16.38,63.6,i.t,computers - software - large,17.79,5.17,-30.15,-0.33,-0.26,2200.89,2121.44,-6.69,2026-07-27,,,,
2026-07-27T10:26:41.475,SBICARD,632.05,2.15,615.39,611.0,626.72,640.05,0.66,22.64,25.89,54.34,financials,finance & investments,15.0,0.85,-26.99,-0.24,-0.3,594.32,576.63,-7.56,2026-07-27,,,,
2026-05-15T06:59:33.943,HINDCOPPER,606.45,1.87,587.17,559.1,557.23,680.28,1.3,93.59,88.66,67.26,metals & mining,mining / minerals / metals,19.93,8.83,76.04,0.64,1.54,559.46,535.86,45.77,2026-05-15,,,,
2026-05-15T06:59:33.943,MCX,3339.1,4.21,3145.8,3022.4,3076.56,3732.9,1.1,40.17,18.76,79.5,financials,miscellaneous,36.63,8.53,92.19,0.63,1.1,3093.94,2934.97,40.83,2026-05-15,,,,
2026-05-15T06:59:33.943,VEDL,338.9,4.81,318.6,294.2,299.98,397.28,1.51,4.94,7.61,73.4,metals & mining,mining / minerals / metals,31.33,12.97,94.58,0.66,1.11,309.11,288.51,31.35,2026-05-15,,,,
2026-05-15T06:59:33.943,SCHNEIDER,1315.0,2.63,1244.6,1217.0,1327.76,1295.87,0.72,80.97,128.29,66.47,industrials,electric equipment,42.18,-0.96,58.61,0.48,0.48,1164.84,1057.22,28.99,2026-05-15,,,,
2026-05-15T06:59:33.943,ADANIPOWER,224.49,4.97,211.55,208.03,230.27,215.82,0.9,26.98,16.6,65.74,power & utilities,power generation and supply,35.68,-2.51,50.1,0.36,0.83,204.82,191.27,27.44,2026-05-15,,,,
2026-05-15T06:59:33.943,LAURUSLABS,1315.5,2.73,1257.44,1206.0,1208.49,1476.01,1.15,63.61,79.87,79.66,healthcare,pharmaceuticals - indian - bulk drugs & formln,32.35,8.85,50.07,0.23,0.46,1235.22,1183.62,27.37,2026-05-15,,,,
2026-05-15T06:59:33.943,APARINDS,12735.0,2.5,12103.0,12350.0,12685.41,12809.38,0.59,61.21,52.55,63.52,industrials,electric equipment,44.33,0.39,51.88,0.31,0.56,11828.89,11213.31,24.46,2026-05-15,,,,
2026-05-15T06:59:33.943,IDEA,12.97,1.09,12.38,11.01,11.47,15.22,1.65,-6.62,-4.91,81.56,telecom-service,telecommunications - service provider,39.94,13.09,44.25,0.15,0.87,11.69,10.85,22.62,2026-05-15,,,,
2026-05-15T06:59:33.943,BHEL,413.15,2.3,394.01,390.55,403.31,427.91,1.23,27.84,89.82,78.73,industrials,electric equipment,52.87,2.44,72.61,0.33,0.89,380.05,359.98,21.33,2026-05-15,,,,
2026-05-15T06:59:33.943,CUMMINSIND,5367.0,2.97,5124.42,5147.5,5306.8,5457.29,0.44,76.54,66.37,61.81,industrials,engines,20.04,1.13,35.33,0.13,0.35,5097.03,4910.55,20.99,2026-05-15,,,,
2026-05-15T06:59:33.943,BSE,4037.6,3.83,3838.86,3832.3,3903.94,4238.09,1.38,52.17,66.62,76.67,financials,miscellaneous,41.65,3.42,69.31,0.34,0.76,3798.17,3645.99,19.57,2026-05-15,,,,
2026-05-15T06:59:33.943,WELCORP,1367.5,1.09,1311.24,1276.1,1351.32,1391.78,0.73,19.91,18.52,84.96,industrials,steel - large,62.98,1.2,61.3,0.38,0.51,1283.74,1223.21,19.38,2026-05-15,,,,
2026-05-15T06:59:33.943,HINDALCO,1103.3,2.81,1059.28,1022.1,1056.55,1173.42,0.78,29.88,15.24,67.8,metals & mining,aluminium and aluminium products,28.98,4.42,42.64,0.28,0.51,1044.67,1002.4,18.37,2026-05-15,,,,
2026-05-15T06:59:33.943,RRKABEL,2037.3,4.09,1880.62,1885.7,1881.52,2270.97,2.41,34.3,46.8,82.7,industrials,cables - power,35.88,8.28,60.11,0.34,0.65,1846.7,1715.45,16.61,2026-05-15,,,,
2026-05-15T06:59:33.943,CEMPRO,926.75,4.44,857.84,875.35,924.11,930.72,0.5,16.43,26.62,69.7,realty,construction,48.23,0.29,13.33,0.04,0.24,824.38,750.86,16.54,2026-05-15,,,,
2026-05-15T06:59:33.943,NLCINDIA,370.9,13.88,341.04,306.3,324.71,440.19,13.31,13.96,16.03,75.86,power & utilities,power generation and supply,40.06,14.23,37.4,0.31,0.52,322.57,303.23,16.34,2026-05-15,,,,
2026-05-15T06:59:33.943,NAM-INDIA,1092.3,3.09,1038.9,1029.0,1072.4,1122.16,1.17,45.21,45.44,61.93,financials,finance & investments,28.04,1.86,25.35,0.15,0.28,1015.05,960.31,15.8,2026-05-15,,,,
2026-05-15T06:59:33.943,ADANIGREEN,1414.9,3.53,1349.26,1291.4,1375.25,1474.38,1.04,151.81,146.62,74.42,power & utilities,power generation and supply,43.18,2.88,32.98,0.22,0.47,1288.72,1203.28,14.38,2026-05-15,,,,
2026-05-15T06:59:33.943,EMCURE,1675.7,1.13,1632.68,1630.0,1648.32,1716.77,0.23,32.63,34.36,54.38,healthcare,pharmaceuticals - indian - bulk drugs & formln,15.14,1.66,17.78,0.15,0.1,1555.68,1472.87,13.64,2026-05-15,,,,
2026-05-15T06:59:33.943,POLYCAB,9217.5,3.71,8746.99,8865.0,8807.02,9833.22,0.64,44.16,51.67,72.94,industrials,cables - power,33.79,4.66,19.25,0.11,0.26,8682.87,8303.4,13.55,2026-05-15,,,,
2026-05-15T06:59:33.943,NAVA,703.6,1.51,679.92,690.0,705.31,701.03,0.67,22.44,22.41,61.58,miscellaneous,diversified - large,36.62,-0.24,12.81,0.19,0.03,653.94,628.1,13.39,2026-05-15,,,,
2026-05-15T06:59:33.943,SAILIFE,1112.5,2.5,1078.0,1065.4,1091.89,1143.42,1.94,58.31,69.88,64.67,healthcare,pharmaceuticals - indian - bulk drugs & formln,27.87,1.89,29.25,0.15,0.25,1029.78,994.15,13.37,2026-05-15,,,,
2026-05-15T06:59:33.943,NATCOPHARM,1204.4,2.77,1131.41,1140.2,1144.35,1294.47,0.56,35.59,13.85,70.12,healthcare,pharmaceuticals - indian - bulk drugs & formln,36.92,5.25,42.45,0.35,0.36,1112.78,1048.66,11.74,2026-05-15,,,,
2026-05-15T06:59:33.943,DELHIVERY,470.3,1.1,455.45,460.95,465.72,477.17,0.55,221.84,230.54,56.24,transportation,miscellaneous,14.76,0.98,1.29,0.0,-0.05,444.2,426.82,11.43,2026-05-15,,,,
2026-05-15T06:59:33.943,THERMAX,4597.7,1.13,4402.06,4306.0,4365.36,4946.21,0.78,53.02,71.9,70.17,industrials,electric equipment,52.27,5.32,42.62,0.38,0.36,4156.61,3847.99,10.85,2026-05-15,,,,
2026-05-15T06:59:33.943,NMDC,93.21,2.3,89.8,86.38,89.27,99.12,1.58,11.65,11.87,65.89,metals & mining,mining / minerals / metals,18.36,4.41,22.04,0.11,0.29,87.73,84.19,10.65,2026-05-15,,,,
2026-05-15T06:59:33.943,HONASA,352.9,1.67,337.61,344.5,347.98,360.28,0.9,57.29,73.67,62.87,services,trading,35.34,1.41,21.24,0.15,0.15,332.08,318.57,10.31,2026-05-15,,,,
2026-05-15T06:59:33.943,FORTIS,970.65,1.37,937.03,945.2,964.39,980.04,1.11,94.42,76.31,64.69,healthcare,healthcare,26.23,0.65,-8.39,-0.08,0.02,919.77,886.95,9.77,2026-05-15,,,,
2026-05-15T06:59:33.943,ASTERDM,746.6,1.47,716.48,721.05,732.02,768.47,0.36,68.62,99.02,64.63,healthcare,healthcare,25.57,1.99,9.04,0.01,0.2,701.86,672.21,9.17,2026-05-15,,,,
2026-05-15T06:59:33.943,JBCHEPHARM,2137.8,2.08,2053.2,2080.5,2111.22,2177.67,0.67,84.17,47.23,58.54,healthcare,pharmaceuticals - indian - bulk drugs & formln,30.56,1.26,27.79,0.08,0.2,2013.05,1929.69,8.99,2026-05-15,,,,
2026-05-15T06:59:33.943,TORNTPHARM,4403.9,2.52,4231.64,4264.0,4305.4,4551.66,0.67,58.66,65.52,58.43,healthcare,pharmaceuticals - indian - formulations,21.89,2.29,24.68,0.06,0.18,4158.46,3991.19,8.78,2026-05-15,,,,
2026-05-15T06:59:33.943,BAJAJ-AUTO,10451.0,1.84,10046.47,10220.0,10291.14,10690.79,1.04,19.93,27.16,62.4,auto,automobiles - scooters and 3 - wheelers,28.52,1.55,16.82,0.09,0.16,9894.13,9542.47,8.33,2026-05-15,,,,
2026-05-15T06:59:33.943,NEULANDLAB,16680.0,1.11,16033.78,16317.0,16662.73,16705.91,1.97,25.16,58.79,62.7,healthcare,pharmaceuticals - indian - bulk drugs,37.95,0.1,2.23,-0.13,0.22,14924.01,13926.02,8.31,2026-05-15,,,,
2026-05-15T06:59:33.943,AIIL,505.6,5.66,472.36,470.0,479.23,545.15,0.82,13.29,2.36,58.61,financials,finance & investments,24.5,5.5,-23.34,-0.17,-0.22,459.54,427.99,8.3,2026-05-15,,,,
2026-05-15T06:59:33.943,JSWSTEEL,1296.9,1.73,1256.26,1246.2,1273.72,1331.67,1.65,4.83,14.18,62.23,metals & mining,steel - large,18.22,1.82,11.13,0.01,0.2,1242.39,1210.61,8.24,2026-05-15,,,,
2026-05-15T06:59:33.943,AUROPHARMA,1510.9,0.9,1467.06,1477.4,1464.17,1580.99,0.78,24.11,25.16,73.71,healthcare,pharmaceuticals - indian - bulk drugs & formln,26.66,3.19,33.71,0.18,0.4,1445.14,1410.82,8.07,2026-05-15,,,,
2026-05-15T06:59:33.943,ADANIPORTS,1773.4,2.05,1710.49,1683.2,1754.32,1802.02,0.88,30.68,30.46,67.94,transportation,miscellaneous,27.94,1.09,25.83,0.08,0.3,1659.26,1582.76,8.05,2026-05-15,,,,
2026-05-15T06:59:33.943,NSLNISP,45.18,2.06,43.08,41.75,42.93,48.56,2.15,-13.61,-16.43,65.7,metals & mining,steel - large,28.75,5.24,2.23,-0.05,0.14,41.35,39.22,7.52,2026-05-15,,,,
2026-05-15T06:59:33.943,ONGC,300.9,1.26,292.73,277.65,286.1,323.1,0.95,9.45,9.98,62.83,energy,oil drilling / allied services,27.08,5.17,22.33,0.09,0.24,284.71,275.36,7.13,2026-05-15,,,,
2026-05-15T06:59:33.943,AJANTPHARM,3259.2,4.35,3062.7,2987.3,2984.64,3671.04,2.61,38.16,38.56,74.79,healthcare,pharmaceuticals - indian - formulations,21.66,9.2,33.89,0.17,0.22,3055.93,2924.29,7.1,2026-05-15,,,,
2026-05-15T06:59:33.943,GLAND,1898.2,2.93,1785.76,1813.0,1824.85,2008.23,1.54,29.9,36.92,61.19,healthcare,pharmaceuticals - indian - formulations,23.85,4.02,-1.3,-0.05,-0.05,1765.59,1673.93,6.71,2026-05-15,,,,
2026-05-15T06:59:33.943,BANDHANBNK,199.04,2.13,190.7,194.5,205.25,189.73,0.57,14.99,26.19,62.08,bank,banks - private sector,30.8,-3.02,17.72,0.18,0.16,185.53,177.2,6.44,2026-05-15,,,,
2026-05-15T06:59:33.943,SOLARINDS,16665.0,5.56,15533.0,15533.0,15962.8,17718.3,1.65,84.49,103.85,68.88,aerospace & defence,chemicals,36.63,4.4,18.11,0.09,0.13,15567.77,14779.84,6.15,2026-05-15,,,,
2026-05-15T06:59:33.943,BIOCON,419.0,0.34,408.17,371.75,381.07,475.89,1.88,132.59,150.18,77.18,healthcare,pharmaceuticals - indian - bulk drugs & formln,26.71,9.95,18.67,-0.05,0.13,391.88,376.95,5.67,2026-05-15,,,,
2026-05-15T06:59:33.943,ENDURANCE,2619.6,3.55,2461.76,2506.0,2439.2,2890.21,1.89,41.55,40.03,64.77,auto,auto ancillaries,24.91,7.4,-9.31,-0.17,-0.1,2393.65,2242.38,5.41,2026-05-15,,,,
2026-05-15T06:59:33.943,MOTILALOFS,852.2,0.98,814.48,831.1,853.59,850.12,0.54,-57.74,27.35,60.34,financials,finance & investments,27.09,-0.16,-11.89,-0.21,-0.09,794.17,758.05,4.64,2026-05-15,,,,
2026-05-15T06:59:33.943,ADANIENT,2712.9,8.6,2479.4,2400.1,2536.38,2977.69,3.81,-396.62,34.57,75.43,services,trading,42.54,6.96,6.35,0.01,0.15,2491.55,2332.63,4.59,2026-05-15,,,,
2026-05-15T06:59:33.943,APOLLOHOSP,8119.0,1.43,7850.78,7812.5,7897.1,8451.85,0.99,58.09,64.78,66.81,healthcare,healthcare,19.33,2.81,5.7,-0.0,0.01,7828.6,7671.79,4.26,2026-05-15,,,,
2026-05-15T06:59:33.943,MARICO,835.0,0.19,816.88,824.8,819.34,858.5,0.56,68.67,61.26,69.62,fmcg,solvent extraction,32.17,1.91,16.94,0.07,0.12,798.79,782.29,4.05,2026-05-15,,,,
2026-05-15T06:59:33.943,DIVISLAB,6921.5,1.85,6680.66,6636.0,6723.93,7217.85,1.42,78.72,74.13,76.54,healthcare,pharmaceuticals - indian - bulk drugs,40.42,2.94,6.9,-0.02,0.08,6639.98,6455.35,3.62,2026-05-15,,,,
2026-05-15T06:59:33.943,LALPATHLAB,1600.1,1.55,1539.78,1551.9,1557.86,1663.45,0.49,50.89,33.89,62.51,healthcare,healthcare,36.84,2.71,3.36,-0.04,-0.07,1466.46,1375.73,3.13,2026-05-15,,,,
2026-05-15T06:59:33.943,ASIANPAINT,2622.2,0.18,2557.8,2500.0,2533.01,2755.99,0.77,59.27,65.36,65.1,building materials,paints / varnishes,28.73,3.52,12.05,-0.13,0.02,2475.32,2408.65,3.11,2026-05-15,,,,
2026-05-15T06:59:33.943,ZYDUSLIFE,991.7,5.58,941.88,925.1,923.78,1093.58,5.75,23.93,20.2,66.36,healthcare,pharmaceuticals - indian - bulk drugs & formln,22.54,7.35,-0.1,-0.04,-0.03,931.13,890.99,2.91,2026-05-15,,,,
2026-05-15T06:59:33.943,ONESOURCE,1819.9,1.68,1724.9,1731.0,1827.66,1808.26,0.49,1137.44,-282.59,65.13,healthcare,pharmaceuticals - indian - bulk drugs & formln,33.33,-0.42,-2.67,-0.05,-0.06,1656.13,1563.29,2.8,2026-05-15,,,,
2026-05-15T06:59:33.943,PNBHOUSING,1069.7,0.64,1023.71,1044.6,1095.02,1031.73,0.34,10.62,12.16,68.37,financials,finance - housing,43.09,-2.31,25.42,0.1,0.32,1010.02,974.56,2.7,2026-05-15,,,,
2026-05-15T06:59:33.943,TRITURBINE,578.55,2.34,551.0,557.2,586.29,566.94,0.22,50.05,53.67,61.3,industrials,electric equipment,35.0,-1.32,9.87,-0.02,0.06,530.64,498.16,2.48,2026-05-15,,,,
2026-05-15T06:59:33.943,JUBLPHARMA,1004.4,0.9,972.16,971.55,975.48,1047.79,0.63,71.34,36.78,71.14,healthcare,pharmaceuticals - indian - bulk drugs,27.04,2.97,-10.59,-0.19,-0.07,943.47,913.62,2.33,2026-05-15,,,,
2026-05-15T06:59:33.943,CARBORUNIV,1037.35,0.39,980.05,1000.0,1013.53,1073.09,0.68,64.51,79.98,69.75,industrials,abrasives and grinding wheels,46.86,2.35,10.67,0.08,0.11,961.91,911.88,2.16,2026-05-15,,,,
2026-05-15T06:59:33.943,TATACOMM,1656.1,6.24,1542.32,1530.4,1572.98,1780.79,3.08,44.81,47.12,64.2,telecom-service,telecommunications - service provider,14.52,5.28,-11.44,-0.17,0.02,1542.22,1470.71,1.83,2026-05-15,,,,
2026-05-15T06:59:33.943,SUNPHARMA,1863.2,2.1,1793.11,1819.2,1824.33,1921.5,0.57,33.27,40.95,63.19,healthcare,pharmaceuticals - indian - bulk drugs & formln,24.57,2.13,11.55,-0.01,0.13,1775.74,1714.45,1.77,2026-05-15,,,,
2026-05-15T06:59:33.943,JUBLINGREA,734.8,1.35,700.7,702.1,741.48,724.78,0.47,61.85,43.71,61.5,chemicals,chemicals,29.87,-0.9,12.9,0.0,-0.03,676.91,644.69,1.69,2026-05-15,,,,
2026-05-15T06:59:33.943,CAPLIPOINT,2023.8,9.88,1766.94,1801.6,1811.66,2342.02,17.67,22.61,23.99,75.85,healthcare,pharmaceuticals - indian - formulations,23.65,11.71,-1.6,-0.04,-0.06,1846.17,1749.15,1.49,2026-05-15,,,,
2026-05-15T06:59:33.943,HUDCO,223.35,1.76,209.83,214.11,228.31,215.91,1.73,5.64,11.08,65.39,financials,finance - term-lending institutions,36.98,-2.17,-3.86,-0.09,0.04,205.61,195.75,1.24,2026-05-15,,,,
2026-05-15T06:59:33.943,GODREJIND,1153.15,7.45,1056.44,1066.6,1093.79,1242.19,13.25,47.49,39.65,65.04,chemicals,chemicals,41.71,5.43,6.95,-0.01,-0.12,988.37,931.63,0.95,2026-05-15,,,,
2026-05-15T06:59:33.943,DEEPAKFERT,1299.4,2.44,1244.6,1211.0,1301.64,1296.04,0.49,28.98,18.75,60.95,chemicals,chemicals,33.87,-0.17,-13.16,-0.14,-0.14,1188.49,1109.91,0.18,2026-05-15,,,,
2026-05-15T06:59:33.943,MANKIND,2462.2,2.27,2368.66,2352.1,2392.16,2567.26,0.82,62.18,57.13,70.95,healthcare,pharmaceuticals - indian - bulk drugs & formln,35.15,2.93,0.12,-0.0,-0.05,2299.07,2189.01,0.08,2026-05-15,,,,
2026-05-15T06:59:33.943,MEDANTA,1211.9,1.33,1170.51,1165.3,1193.91,1238.88,2.71,85.59,63.38,63.48,healthcare,healthcare,37.19,1.51,-10.15,-0.05,-0.16,1122.47,1085.3,0.06,2026-05-15,,,,
2026-05-15T06:59:33.943,PIDILITIND,1483.8,2.64,1429.53,1427.6,1423.8,1573.8,1.21,65.19,48.38,64.15,chemicals,chemicals,20.81,4.21,-1.72,-0.08,-0.08,1400.82,1344.58,0.04,2026-05-15,,,,
2026-05-15T06:59:33.943,SHYAMMETL,882.7,2.02,853.04,829.35,871.28,899.84,0.98,19.7,23.16,55.54,metals & mining,steel - large,20.94,1.31,-5.15,-0.06,-0.09,806.45,757.37,-0.31,2026-05-15,,,,
2026-05-15T06:59:33.943,BERGEPAINT,533.9,5.16,501.76,479.0,485.77,606.09,6.72,46.51,55.21,71.12,building materials,paints / varnishes,31.46,9.91,-0.19,-0.12,-0.02,483.19,451.61,-0.38,2026-05-15,,,,
2026-05-15T06:59:33.943,CONCOR,522.95,0.6,507.59,511.6,526.07,518.26,0.45,29.71,28.01,60.08,transportation,miscellaneous,34.09,-0.59,-3.32,-0.09,-0.04,500.12,487.8,-0.49,2026-05-15,,,,
2026-05-15T06:59:33.943,RAINBOW,1316.2,0.91,1259.4,1258.9,1266.81,1390.28,0.58,46.09,51.88,62.23,healthcare,healthcare,25.11,3.9,-2.23,-0.11,-0.16,1233.21,1178.76,-0.79,2026-05-15,,,,
2026-05-15T06:59:33.943,CIPLA,1436.7,8.22,1334.96,1274.7,1338.97,1583.3,4.58,52.28,29.91,70.81,healthcare,pharmaceuticals - indian - bulk drugs & formln,33.7,7.3,-8.0,-0.13,-0.12,1331.49,1257.88,-0.85,2026-05-15,,,,
2026-05-15T06:59:33.943,NUVOCO,326.45,2.53,311.25,313.6,307.05,355.55,0.91,20.71,32.42,59.52,building materials,cement - north india,18.36,6.32,-24.49,-0.2,-0.32,301.42,285.6,-1.88,2026-05-15,,,,
2026-05-15T06:59:33.943,MAXHEALTH,1049.55,2.29,1004.65,1003.55,1011.97,1105.92,0.67,84.64,71.89,63.27,healthcare,healthcare,14.83,3.71,-9.17,-0.12,-0.14,992.56,957.96,-1.88,2026-05-15,,,,
2026-05-15T06:59:33.943,SRF,2729.4,1.27,2611.6,2664.9,2666.42,2823.87,0.41,34.76,44.09,60.56,chemicals,chemicals,17.11,2.36,-9.75,-0.15,-0.07,2560.57,2444.45,-1.99,2026-05-15,,,,
2026-05-15T06:59:33.943,CROMPTON,288.95,1.46,274.74,280.0,285.58,294.01,3.09,-8.71,-77.05,64.69,consumer discretionary,electric equipment,30.4,1.18,0.7,-0.05,-0.14,269.25,259.02,-2.6,2026-05-15,,,,
2026-05-15T06:59:33.943,GODFRYPHLP,2458.6,1.65,2332.4,2328.3,2327.14,2655.79,0.91,27.93,20.78,67.53,fmcg,cigarettes,33.52,5.65,-26.4,-0.25,-0.32,2259.95,2132.36,-3.25,2026-05-15,,,,
2026-05-15T06:59:33.943,COLPAL,2146.6,0.57,2082.21,2111.6,2179.53,2097.2,0.31,45.06,44.0,56.74,fmcg,personal care - multinational,22.46,-1.51,-3.64,-0.09,-0.09,2052.27,1998.43,-3.32,2026-05-15,,,,
2026-05-15T06:59:33.943,PIIND,3103.6,1.72,2999.29,2991.0,3053.09,3179.36,1.86,37.81,32.44,56.19,chemicals,pesticides / agrochemicals - indian,15.75,1.65,-12.93,-0.2,-0.21,2930.04,2865.47,-3.93,2026-05-15,,,,
2026-05-14T23:56:15.282,HINDCOPPER,606.45,1.87,587.17,559.1,557.23,680.28,1.3,93.59,87.03,67.26,metals & mining,mining / minerals / metals,19.93,8.83,76.04,0.64,1.54,559.46,535.86,45.77,2026-05-14,,,,
2026-05-14T23:56:15.282,MCX,3339.1,4.21,3145.8,3022.4,3076.56,3732.9,1.1,40.17,18.0,79.5,financials,miscellaneous,36.63,8.53,92.19,0.63,1.1,3093.94,2934.97,40.83,2026-05-14,,,,
2026-05-14T23:56:15.282,VEDL,338.9,4.81,318.6,294.2,299.98,397.28,1.51,4.94,7.26,73.4,metals & mining,mining / minerals / metals,31.33,12.97,94.58,0.66,1.11,309.11,288.51,31.35,2026-05-14,,,,
2026-05-14T23:56:15.282,SCHNEIDER,1315.0,2.63,1244.6,1217.0,1327.76,1295.87,0.72,80.97,125.0,66.47,industrials,electric equipment,42.18,-0.96,58.61,0.48,0.48,1164.84,1057.22,28.99,2026-05-14,,,,
2026-05-14T23:56:15.282,ADANIPOWER,224.49,4.97,211.55,208.03,230.27,215.82,0.9,26.98,15.82,65.74,power & utilities,power generation and supply,35.68,-2.51,50.1,0.36,0.83,204.82,191.27,27.44,2026-05-14,,,,
2026-05-14T23:56:15.282,LAURUSLABS,1315.5,2.73,1257.44,1206.0,1208.49,1476.01,1.15,63.61,77.75,79.66,healthcare,pharmaceuticals - indian - bulk drugs & formln,32.35,8.85,50.07,0.23,0.46,1235.22,1183.62,27.37,2026-05-14,,,,
2026-05-14T23:56:15.282,APARINDS,12735.0,2.5,12103.0,12350.0,12685.41,12809.38,0.59,61.21,51.26,63.52,industrials,electric equipment,44.33,0.39,51.88,0.31,0.56,11828.89,11213.31,24.46,2026-05-14,,,,
2026-05-14T23:56:15.282,IDEA,12.97,1.09,12.38,11.01,11.47,15.22,1.65,-6.62,-4.86,81.56,telecom-service,telecommunications - service provider,39.94,13.09,44.25,0.15,0.87,11.69,10.85,22.62,2026-05-14,,,,
2026-05-14T23:56:15.282,BHEL,413.15,2.3,394.01,390.55,403.31,427.91,1.23,27.84,87.79,78.73,industrials,electric equipment,52.87,2.44,72.61,0.33,0.89,380.05,359.98,21.33,2026-05-14,,,,
2026-05-14T23:56:15.282,CUMMINSIND,5367.0,2.97,5124.42,5147.5,5306.8,5457.29,0.44,76.54,64.45,61.81,industrials,engines,20.04,1.13,35.33,0.13,0.35,5097.03,4910.55,20.99,2026-05-14,,,,
2026-05-14T23:56:15.282,BSE,4037.6,3.83,3838.86,3832.3,3903.94,4238.09,1.38,52.17,64.16,76.67,financials,miscellaneous,41.65,3.42,69.31,0.34,0.76,3798.17,3645.99,19.57,2026-05-14,,,,
2026-05-14T23:56:15.282,WELCORP,1367.5,1.09,1311.24,1276.1,1351.32,1391.78,0.73,19.91,18.33,84.96,industrials,steel - large,62.98,1.2,61.3,0.38,0.51,1283.74,1223.21,19.38,2026-05-14,,,,
2026-05-14T23:56:15.282,HINDALCO,1103.3,2.81,1059.28,1022.1,1056.55,1173.42,0.78,29.88,14.82,67.8,metals & mining,aluminium and aluminium products,28.98,4.42,42.64,0.28,0.51,1044.67,1002.4,18.37,2026-05-14,,,,
2026-05-14T23:56:15.282,RRKABEL,2037.3,4.09,1880.62,1885.7,1881.52,2270.97,2.41,34.3,44.96,82.7,industrials,cables - power,35.88,8.28,60.11,0.34,0.65,1846.7,1715.45,16.61,2026-05-14,,,,
2026-05-14T23:56:15.282,CEMPRO,926.75,4.44,857.84,875.35,924.11,930.72,0.5,16.43,25.49,69.7,realty,construction,48.23,0.29,13.33,0.04,0.24,824.38,750.86,16.54,2026-05-14,,,,
2026-05-14T23:56:15.282,NLCINDIA,370.9,13.88,341.04,306.3,324.71,440.19,13.31,17.76,16.38,75.86,power & utilities,power generation and supply,40.06,14.23,37.4,0.31,0.52,322.57,303.23,16.34,2026-05-14,,,,
2026-05-14T23:56:15.282,NAM-INDIA,1092.3,3.09,1038.9,1029.0,1072.4,1122.16,1.17,45.21,44.08,61.93,financials,finance & investments,28.04,1.86,25.35,0.15,0.28,1015.05,960.31,15.8,2026-05-14,,,,
2026-05-14T23:56:15.282,ADANIGREEN,1414.9,3.53,1349.26,1291.4,1375.25,1474.38,1.04,151.81,141.63,74.42,power & utilities,power generation and supply,43.18,2.88,32.98,0.22,0.47,1288.72,1203.28,14.38,2026-05-14,,,,
2026-05-14T23:56:15.282,EMCURE,1675.7,1.13,1632.68,1630.0,1648.32,1716.77,0.23,32.63,33.98,54.38,healthcare,pharmaceuticals - indian - bulk drugs & formln,15.14,1.66,17.78,0.15,0.1,1555.68,1472.87,13.64,2026-05-14,,,,
2026-05-14T23:56:15.282,POLYCAB,9217.5,3.71,8746.99,8865.0,8807.02,9833.22,0.64,44.16,49.82,72.94,industrials,cables - power,33.79,4.66,19.25,0.11,0.26,8682.87,8303.4,13.55,2026-05-14,,,,
2026-05-14T23:56:15.282,NAVA,703.6,1.51,679.92,690.0,705.31,701.03,0.67,22.44,22.07,61.58,miscellaneous,diversified - large,36.62,-0.24,12.81,0.19,0.03,653.94,628.1,13.39,2026-05-14,,,,
2026-05-14T23:56:15.282,SAILIFE,1112.5,2.5,1078.0,1065.4,1091.89,1143.42,1.94,58.31,68.18,64.67,healthcare,pharmaceuticals - indian - bulk drugs & formln,27.87,1.89,29.25,0.15,0.25,1029.78,994.15,13.37,2026-05-14,,,,
2026-05-14T23:56:15.282,NATCOPHARM,1204.4,2.77,1131.41,1140.2,1144.35,1294.47,0.56,35.59,13.48,70.12,healthcare,pharmaceuticals - indian - bulk drugs & formln,36.92,5.25,42.45,0.35,0.36,1112.78,1048.66,11.74,2026-05-14,,,,
2026-05-14T23:56:15.282,DELHIVERY,470.3,1.1,455.45,460.95,465.72,477.17,0.55,221.84,228.04,56.24,transportation,miscellaneous,14.76,0.98,1.29,0.0,-0.05,444.2,426.82,11.43,2026-05-14,,,,
2026-05-14T23:56:15.282,THERMAX,4597.7,1.13,4402.06,4306.0,4365.36,4946.21,0.78,53.02,71.09,70.17,industrials,electric equipment,52.27,5.32,42.62,0.38,0.36,4156.61,3847.99,10.85,2026-05-14,,,,
2026-05-14T23:56:15.282,NMDC,93.21,2.3,89.8,86.38,89.27,99.12,1.58,11.65,11.61,65.89,metals & mining,mining / minerals / metals,18.36,4.41,22.04,0.11,0.29,87.73,84.19,10.65,2026-05-14,,,,
2026-05-14T23:56:15.282,HONASA,352.9,1.67,337.61,344.5,347.98,360.28,0.9,57.29,72.46,62.87,services,trading,35.34,1.41,21.24,0.15,0.15,332.08,318.57,10.31,2026-05-14,,,,
2026-05-14T23:56:15.282,FORTIS,970.65,1.37,937.03,945.2,964.39,980.04,1.11,94.42,75.28,64.69,healthcare,healthcare,26.23,0.65,-8.39,-0.08,0.02,919.77,886.95,9.77,2026-05-14,,,,
2026-05-14T23:56:15.282,ASTERDM,746.6,1.47,716.48,721.05,732.02,768.47,0.36,68.62,97.58,64.63,healthcare,healthcare,25.57,1.99,9.04,0.01,0.2,701.86,672.21,9.17,2026-05-14,,,,
2026-05-14T23:56:15.282,JBCHEPHARM,2137.8,2.08,2053.2,2080.5,2111.22,2177.67,0.67,84.17,46.27,58.54,healthcare,pharmaceuticals - indian - bulk drugs & formln,30.56,1.26,27.79,0.08,0.2,2013.05,1929.69,8.99,2026-05-14,,,,
2026-05-14T23:56:15.282,TORNTPHARM,4403.9,2.52,4231.64,4264.0,4305.4,4551.66,0.67,58.66,63.92,58.43,healthcare,pharmaceuticals - indian - formulations,21.89,2.29,24.68,0.06,0.18,4158.46,3991.19,8.78,2026-05-14,,,,
2026-05-14T23:56:15.282,BAJAJ-AUTO,10451.0,1.84,10046.47,10220.0,10291.14,10690.79,1.04,19.93,26.67,62.4,auto,automobiles - scooters and 3 - wheelers,28.52,1.55,16.82,0.09,0.16,9894.13,9542.47,8.33,2026-05-14,,,,
2026-05-14T23:56:15.282,NEULANDLAB,16680.0,1.11,16033.78,16317.0,16662.73,16705.91,1.97,25.16,58.15,62.7,healthcare,pharmaceuticals - indian - bulk drugs,37.95,0.1,2.23,-0.13,0.22,14924.01,13926.02,8.31,2026-05-14,,,,
2026-05-14T23:56:15.282,AIIL,505.6,5.66,472.36,470.0,479.23,545.15,0.82,13.29,2.24,58.61,financials,finance & investments,24.5,5.5,-23.34,-0.17,-0.22,459.54,427.99,8.3,2026-05-14,,,,
2026-05-14T23:56:15.282,JSWSTEEL,1296.9,1.73,1256.26,1246.2,1273.72,1331.67,1.65,37.01,41.77,62.23,metals & mining,steel - large,18.22,1.82,11.13,0.01,0.2,1242.39,1210.61,8.24,2026-05-14,,,,
2026-05-14T23:56:15.282,AUROPHARMA,1510.9,0.9,1467.06,1477.4,1464.17,1580.99,0.78,24.11,24.94,73.71,healthcare,pharmaceuticals - indian - bulk drugs & formln,26.66,3.19,33.71,0.18,0.4,1445.14,1410.82,8.07,2026-05-14,,,,
2026-05-14T23:56:15.282,ADANIPORTS,1773.4,2.05,1710.49,1683.2,1754.32,1802.02,0.88,30.68,29.85,67.94,transportation,miscellaneous,27.94,1.09,25.83,0.08,0.3,1659.26,1582.76,8.05,2026-05-14,,,,
2026-05-14T23:56:15.282,NSLNISP,45.18,2.06,43.08,41.75,42.93,48.56,2.15,-13.61,-16.1,65.7,metals & mining,steel - large,28.75,5.24,2.23,-0.05,0.14,41.35,39.22,7.52,2026-05-14,,,,
2026-05-14T23:56:15.282,ONGC,300.9,1.26,292.73,277.65,286.1,323.1,0.95,9.45,9.86,62.83,energy,oil drilling / allied services,27.08,5.17,22.33,0.09,0.24,284.71,275.36,7.13,2026-05-14,,,,
2026-05-14T23:56:15.282,AJANTPHARM,3259.2,4.35,3062.7,2987.3,2984.64,3671.04,2.61,38.16,36.95,74.79,healthcare,pharmaceuticals - indian - formulations,21.66,9.2,33.89,0.17,0.22,3055.93,2924.29,7.1,2026-05-14,,,,
2026-05-14T23:56:15.282,GLAND,1898.2,2.93,1785.76,1813.0,1824.85,2008.23,1.54,29.9,35.87,61.19,healthcare,pharmaceuticals - indian - formulations,23.85,4.02,-1.3,-0.05,-0.05,1765.59,1673.93,6.71,2026-05-14,,,,
2026-05-14T23:56:15.282,BANDHANBNK,199.04,2.13,190.7,194.5,205.25,189.73,0.57,14.99,25.64,62.08,bank,banks - private sector,30.8,-3.02,17.72,0.18,0.16,185.53,177.2,6.44,2026-05-14,,,,
2026-05-14T23:56:15.282,SOLARINDS,16665.0,5.56,15533.0,15533.0,15962.8,17718.3,1.65,84.49,98.38,68.88,aerospace & defence,chemicals,36.63,4.4,18.11,0.09,0.13,15567.77,14779.84,6.15,2026-05-14,,,,
2026-05-14T23:56:15.282,BIOCON,419.0,0.34,408.17,371.75,381.07,475.89,1.88,132.59,149.68,77.18,healthcare,pharmaceuticals - indian - bulk drugs & formln,26.71,9.95,18.67,-0.05,0.13,391.88,376.95,5.67,2026-05-14,,,,
2026-05-14T23:56:15.282,ENDURANCE,2619.6,3.55,2461.76,2506.0,2439.2,2890.21,1.89,41.55,38.66,64.77,auto,auto ancillaries,24.91,7.4,-9.31,-0.17,-0.1,2393.65,2242.38,5.41,2026-05-14,,,,
2026-05-14T23:56:15.282,MOTILALOFS,852.2,0.98,814.48,831.1,853.59,850.12,0.54,-57.74,27.08,60.34,financials,finance & investments,27.09,-0.16,-11.89,-0.21,-0.09,794.17,758.05,4.64,2026-05-14,,,,
2026-05-14T23:56:15.282,ADANIENT,2712.9,8.6,2479.4,2400.1,2536.38,2977.69,3.81,-396.62,31.83,75.43,services,trading,42.54,6.96,6.35,0.01,0.15,2491.55,2332.63,4.59,2026-05-14,,,,
2026-05-14T23:56:15.282,APOLLOHOSP,8119.0,1.43,7850.78,7812.5,7897.1,8451.85,0.99,58.09,63.87,66.81,healthcare,healthcare,19.33,2.81,5.7,-0.0,0.01,7828.6,7671.79,4.26,2026-05-14,,,,
2026-05-14T23:56:15.282,MARICO,835.0,0.19,816.88,824.8,819.34,858.5,0.56,68.67,61.14,69.62,fmcg,solvent extraction,32.17,1.91,16.94,0.07,0.12,798.79,782.29,4.05,2026-05-14,,,,
2026-05-14T23:56:15.282,DIVISLAB,6921.5,1.85,6680.66,6636.0,6723.93,7217.85,1.42,78.72,72.79,76.54,healthcare,pharmaceuticals - indian - bulk drugs,40.42,2.94,6.9,-0.02,0.08,6639.98,6455.35,3.62,2026-05-14,,,,
2026-05-14T23:56:15.282,LALPATHLAB,1600.1,1.55,1539.78,1551.9,1557.86,1663.45,0.49,50.89,33.38,62.51,healthcare,healthcare,36.84,2.71,3.36,-0.04,-0.07,1466.46,1375.73,3.13,2026-05-14,,,,
2026-05-14T23:56:15.282,ASIANPAINT,2622.2,0.18,2557.8,2500.0,2533.01,2755.99,0.77,59.27,65.24,65.1,building materials,paints / varnishes,28.73,3.52,12.05,-0.13,0.02,2475.32,2408.65,3.11,2026-05-14,,,,
2026-05-14T23:56:15.282,ZYDUSLIFE,991.7,5.58,941.88,925.1,923.78,1093.58,5.75,23.93,19.13,66.36,healthcare,pharmaceuticals - indian - bulk drugs & formln,22.54,7.35,-0.1,-0.04,-0.03,931.13,890.99,2.91,2026-05-14,,,,
2026-05-14T23:56:15.282,ONESOURCE,1819.9,1.68,1724.9,1731.0,1827.66,1808.26,0.49,1137.44,-277.92,65.13,healthcare,pharmaceuticals - indian - bulk drugs & formln,33.33,-0.42,-2.67,-0.05,-0.06,1656.13,1563.29,2.8,2026-05-14,,,,
2026-05-14T23:56:15.282,PNBHOUSING,1069.7,0.64,1023.71,1044.6,1095.02,1031.73,0.34,10.62,12.08,68.37,financials,finance - housing,43.09,-2.31,25.42,0.1,0.32,1010.02,974.56,2.7,2026-05-14,,,,
2026-05-14T23:56:15.282,TRITURBINE,578.55,2.34,551.0,557.2,586.29,566.94,0.22,50.05,52.44,61.3,industrials,electric equipment,35.0,-1.32,9.87,-0.02,0.06,530.64,498.16,2.48,2026-05-14,,,,
2026-05-14T23:56:15.282,JUBLPHARMA,1004.4,0.9,972.16,971.55,975.48,1047.79,0.63,71.34,36.45,71.14,healthcare,pharmaceuticals - indian - bulk drugs,27.04,2.97,-10.59,-0.19,-0.07,943.47,913.62,2.33,2026-05-14,,,,
2026-05-14T23:56:15.282,CARBORUNIV,1037.35,0.39,980.05,1000.0,1013.53,1073.09,0.68,64.51,79.67,69.75,industrials,abrasives and grinding wheels,46.86,2.35,10.67,0.08,0.11,961.91,911.88,2.16,2026-05-14,,,,
2026-05-14T23:56:15.282,TATACOMM,1656.1,6.24,1542.32,1530.4,1572.98,1780.79,3.08,44.81,44.35,64.2,telecom-service,telecommunications - service provider,14.52,5.28,-11.44,-0.17,0.02,1542.22,1470.71,1.83,2026-05-14,,,,
2026-05-14T23:56:15.282,SUNPHARMA,1863.2,2.1,1793.11,1819.2,1824.33,1921.5,0.57,33.27,40.11,63.19,healthcare,pharmaceuticals - indian - bulk drugs & formln,24.57,2.13,11.55,-0.01,0.13,1775.74,1714.45,1.77,2026-05-14,,,,
2026-05-14T23:56:15.282,JUBLINGREA,734.8,1.35,700.7,702.1,741.48,724.78,0.47,61.85,43.13,61.5,chemicals,chemicals,29.87,-0.9,12.9,0.0,-0.03,676.91,644.69,1.69,2026-05-14,,,,
2026-05-14T23:56:15.282,CAPLIPOINT,2023.8,9.88,1766.94,1801.6,1811.66,2342.02,17.67,23.47,22.81,75.85,healthcare,pharmaceuticals - indian - formulations,23.65,11.71,-1.6,-0.04,-0.06,1846.17,1749.15,1.49,2026-05-14,,,,
2026-05-14T23:56:15.282,HUDCO,223.35,1.76,209.83,214.11,228.31,215.91,1.73,15.68,15.79,65.39,financials,finance - term-lending institutions,36.98,-2.17,-3.86,-0.09,0.04,205.61,195.75,1.24,2026-05-14,,,,
2026-05-14T23:56:15.282,GODREJIND,1153.15,7.45,1056.44,1066.6,1093.79,1242.19,13.25,47.49,36.9,65.04,chemicals,chemicals,41.71,5.43,6.95,-0.01,-0.12,988.37,931.63,0.95,2026-05-14,,,,
2026-05-14T23:56:15.282,DEEPAKFERT,1299.4,2.44,1244.6,1211.0,1301.64,1296.04,0.49,28.98,18.3,60.95,chemicals,chemicals,33.87,-0.17,-13.16,-0.14,-0.14,1188.49,1109.91,0.18,2026-05-14,,,,
2026-05-14T23:56:15.282,MANKIND,2462.2,2.27,2368.66,2352.1,2392.16,2567.26,0.82,62.18,55.86,70.95,healthcare,pharmaceuticals - indian - bulk drugs & formln,35.15,2.93,0.12,-0.0,-0.05,2299.07,2189.01,0.08,2026-05-14,,,,
2026-05-14T23:56:15.282,MEDANTA,1211.9,1.33,1170.51,1165.3,1193.91,1238.88,2.71,85.59,62.55,63.48,healthcare,healthcare,37.19,1.51,-10.15,-0.05,-0.16,1122.47,1085.3,0.06,2026-05-14,,,,
2026-05-14T23:56:15.282,PIDILITIND,1483.8,2.64,1429.53,1427.6,1423.8,1573.8,1.21,65.19,47.13,64.15,chemicals,chemicals,20.81,4.21,-1.72,-0.08,-0.08,1400.82,1344.58,0.04,2026-05-14,,,,
2026-05-14T23:56:15.282,SHYAMMETL,882.7,2.02,853.04,829.35,871.28,899.84,0.98,19.7,22.7,55.54,metals & mining,steel - large,20.94,1.31,-5.15,-0.06,-0.09,806.45,757.37,-0.31,2026-05-14,,,,
2026-05-14T23:56:15.282,BERGEPAINT,533.9,5.16,501.76,479.0,485.77,606.09,6.72,46.51,52.5,71.12,building materials,paints / varnishes,31.46,9.91,-0.19,-0.12,-0.02,483.19,451.61,-0.38,2026-05-14,,,,
2026-05-14T23:56:15.282,CONCOR,522.95,0.6,507.59,511.6,526.07,518.26,0.45,29.71,27.84,60.08,transportation,miscellaneous,34.09,-0.59,-3.32,-0.09,-0.04,500.12,487.8,-0.49,2026-05-14,,,,
2026-05-14T23:56:15.282,RAINBOW,1316.2,0.91,1259.4,1258.9,1266.81,1390.28,0.58,46.09,51.42,62.23,healthcare,healthcare,25.11,3.9,-2.23,-0.11,-0.16,1233.21,1178.76,-0.79,2026-05-14,,,,
2026-05-14T23:56:15.282,CIPLA,1436.7,8.22,1334.96,1274.7,1338.97,1583.3,4.58,52.28,27.64,70.81,healthcare,pharmaceuticals - indian - bulk drugs & formln,33.7,7.3,-8.0,-0.13,-0.12,1331.49,1257.88,-0.85,2026-05-14,,,,
2026-05-14T23:56:15.282,NUVOCO,326.45,2.53,311.25,313.6,307.05,355.55,0.91,20.71,31.62,59.52,building materials,cement - north india,18.36,6.32,-24.49,-0.2,-0.32,301.42,285.6,-1.88,2026-05-14,,,,
2026-05-14T23:56:15.282,MAXHEALTH,1049.55,2.29,1004.65,1003.55,1011.97,1105.92,0.67,84.64,70.28,63.27,healthcare,healthcare,14.83,3.71,-9.17,-0.12,-0.14,992.56,957.96,-1.88,2026-05-14,,,,
2026-05-14T23:56:15.282,SRF,2729.4,1.27,2611.6,2664.9,2666.42,2823.87,0.41,34.76,43.53,60.56,chemicals,chemicals,17.11,2.36,-9.75,-0.15,-0.07,2560.57,2444.45,-1.99,2026-05-14,,,,
2026-05-14T23:56:15.282,CROMPTON,288.95,1.46,274.74,280.0,285.58,294.01,3.09,47.21,39.72,64.69,consumer discretionary,electric equipment,30.4,1.18,0.7,-0.05,-0.14,269.25,259.02,-2.6,2026-05-14,,,,
2026-05-14T23:56:15.282,GODFRYPHLP,2458.6,1.65,2332.4,2328.3,2327.14,2655.79,0.91,27.93,20.45,67.53,fmcg,cigarettes,33.52,5.65,-26.4,-0.25,-0.32,2259.95,2132.36,-3.25,2026-05-14,,,,
2026-05-14T23:56:15.282,COLPAL,2146.6,0.57,2082.21,2111.6,2179.53,2097.2,0.31,45.06,43.75,56.74,fmcg,personal care - multinational,22.46,-1.51,-3.64,-0.09,-0.09,2052.27,1998.43,-3.32,2026-05-14,,,,
2026-05-14T23:56:15.282,PIIND,3103.6,1.72,2999.29,2991.0,3053.09,3179.36,1.86,37.81,31.89,56.19,chemicals,pesticides / agrochemicals - indian,15.75,1.65,-12.93,-0.2,-0.21,2930.04,2865.47,-3.93,2026-05-14,,,,
2026-04-30T12:07:25.382,SIGMAADV,,,,,,,,,,,aerospace & defence,electronics - components,,,,,,,,,2026-04-30,0.0,10.24,27.04,1458.99
2026-04-30T12:07:25.382,GVPIL,,,,,,,,,,,realty,engineering - turnkey services,,,,,,,,,2026-04-30,0.8,6.31,18.72,1265.41
2026-04-30T12:07:25.382,MAWANASUG,,,,,,,,,,,fmcg,sugar,,,,,,,,,2026-04-30,1.35,14.35,14.35,162.8
2026-04-30T12:07:25.382,CUPID,,,,,,,,,,,fmcg,personal care - indian,,,,,,,,,2026-04-30,1.58,8.06,8.06,8566.55
2026-04-30T12:07:25.382,RAMRAT,,,,,,,,,,,metals & mining,mining / minerals / metals,,,,,,,,,2026-04-30,1.96,7.57,18.92,1266.34
2026-04-30T12:07:25.382,BHAGYANGR,,,,,,,,,,,power & utilities,power generation and supply,,,,,,,,,2026-04-30,2.1,14.15,33.41,314.42
2026-04-30T12:07:25.382,PAISALO,,,,,,,,,,,financials,finance & investments,,,,,,,,,2026-04-30,2.6,8.97,14.76,2639.54
2026-04-30T12:07:25.382,KTKBANK,,,,,,,,,,,bank,banks - private sector,,,,,,,,,2026-04-30,2.75,8.1,12.88,9981.77
2026-04-30T12:07:25.382,PRIVISCL,,,,,,,,,,,chemicals,chemicals,,,,,,,,,2026-04-30,2.78,3.57,5.6,5147.74
2026-04-30T12:07:25.382,STLTECH,,,,,,,,,,,industrials,cables - telephone,,,,,,,,,2026-04-30,2.9,9.97,13.38,7884.12
2026-04-30T12:07:25.382,CEIGALL,,,,,,,,,,,realty,construction,,,,,,,,,2026-04-30,3.07,5.24,7.21,1045.89
2026-04-30T12:07:25.382,SATIN,,,,,,,,,,,financials,finance & investments,,,,,,,,,2026-04-30,3.17,8.19,10.67,1249.44
2026-04-30T12:07:25.382,CCL,,,,,,,,,,,fmcg,tea,,,,,,,,,2026-04-30,3.35,4.44,6.68,8228.41
2026-04-30T12:07:25.382,CHENNPETRO,,,,,,,,,,,energy,refineries,,,,,,,,,2026-04-30,3.46,16.16,17.38,5453.7
2026-04-30T12:07:25.382,FINCABLES,,,,,,,,,,,industrials,cables - power,,,,,,,,,2026-04-30,3.52,3.44,6.64,9729.38
2026-04-30T12:07:25.382,VOLTAMP,,,,,,,,,,,industrials,electric equipment,,,,,,,,,2026-04-30,3.54,6.19,13.71,8196.29
2026-04-30T12:07:25.382,DEEDEV,,,,,,,,,,,metals & mining,steel - medium / small,,,,,,,,,2026-04-30,3.55,12.76,13.57,887.01
2026-04-30T12:07:25.382,HARDWYN,,,,,,,,,,,services,trading,,,,,,,,,2026-04-30,3.56,6.27,8.94,736.09
2026-04-30T12:07:25.382,GOKULAGRO,,,,,,,,,,,fmcg,solvent extraction,,,,,,,,,2026-04-30,3.76,7.34,7.81,1799.51
2026-04-30T12:07:25.382,BBOX,,,,,,,,,,,i.t,computers - software - medium / small,,,,,,,,,2026-04-30,3.93,12.69,22.59,3355.77
2026-04-30T12:07:25.382,NITINSPIN,,,,,,,,,,,textiles,textiles - cotton/blended,,,,,,,,,2026-04-30,3.99,7.21,18.72,1109.93
2026-04-30T12:07:25.382,ARVIND,,,,,,,,,,,textiles,textiles - cotton/blended,,,,,,,,,2026-04-30,4.03,4.54,6.06,6144.78
2026-04-30T12:07:25.382,WHEELS,,,,,,,,,,,auto,auto ancillaries,,,,,,,,,2026-04-30,4.05,22.39,24.2,1248.2
2026-04-30T12:07:25.382,AEROFLEX,,,,,,,,,,,metals & mining,steel - medium / small,,,,,,,,,2026-04-30,4.06,8.28,13.85,1408.93
2026-04-30T12:07:25.382,J&KBANK,,,,,,,,,,,bank,banks - private sector,,,,,,,,,2026-04-30,4.25,8.22,9.16,5808.52
2026-04-30T12:07:25.382,GPIL,,,,,,,,,,,metals & mining,steel - medium / small,,,,,,,,,2026-04-30,5.1,7.11,8.22,7304.52
2026-04-30T12:07:25.382,MBAPL,,,,,,,,,,,chemicals,fertilizers,,,,,,,,,2026-04-30,5.16,7.01,7.53,1172.67
2026-04-30T12:07:25.382,ANDHRSUGAR,,,,,,,,,,,chemicals,chlor alkali / soda ash,,,,,,,,,2026-04-30,5.44,8.39,12.74,665.28
2026-04-30T12:07:25.382,AXISCADES,,,,,,,,,,,aerospace & defence,computers - software - medium / small,,,,,,,,,2026-04-30,5.51,6.24,10.25,3449.36
2026-04-30T12:07:25.382,EMCURE,,,,,,,,,,,healthcare,pharmaceuticals - indian - bulk drugs & formln,,,,,,,,,2026-04-30,5.62,10.36,10.9,7005.87
2026-04-30T12:07:25.382,SPORTKING,,,,,,,,,,,textiles,textiles - spinning - synthetic / blended,,,,,,,,,2026-04-30,5.66,11.36,13.26,470.22
2026-04-30T12:07:25.382,GUJALKALI,,,,,,,,,,,chemicals,chemicals,,,,,,,,,2026-04-30,5.69,9.27,15.42,2950.37
2026-04-30T12:07:25.382,SILVERTUC,,,,,,,,,,,i.t,computers - software - medium / small,,,,,,,,,2026-04-30,5.7,14.93,28.24,512.86
2026-04-30T12:07:25.382,QPOWER,,,,,,,,,,,industrials,electric equipment,,,,,,,,,2026-04-30,5.95,7.75,10.68,2738.23
2026-04-30T12:07:25.382,SCI,,,,,,,,,,,transportation,shipping,,,,,,,,,2026-04-30,6.31,9.64,11.2,5106.54
2026-04-30T12:07:25.382,ANURAS,,,,,,,,,,,chemicals,chemicals,,,,,,,,,2026-04-30,6.4,4.99,6.45,6136.13
2026-04-30T12:07:25.382,IMFA,,,,,,,,,,,metals & mining,mining / minerals / metals,,,,,,,,,2026-04-30,6.6,10.45,13.2,3497.36
2026-04-30T12:07:25.382,USHAMART,,,,,,,,,,,metals & mining,steel - medium / small,,,,,,,,,2026-04-30,6.73,3.69,7.06,8491.66
2026-04-30T12:07:25.382,AZAD,,,,,,,,,,,aerospace & defence,engineering,,,,,,,,,2026-04-30,6.82,7.46,9.41,6025.46
2026-04-30T12:07:25.382,CRAFTSMAN,,,,,,,,,,,auto,auto ancillaries,,,,,,,,,2026-04-30,6.84,3.72,4.08,9370.92
2026-04-30T12:07:25.382,APOLLOPIPE,,,,,,,,,,,plastic products,plastics products,,,,,,,,,2026-04-30,6.99,10.45,10.45,979.08
2026-04-30T12:07:25.382,STAR,,,,,,,,,,,healthcare,pharmaceuticals - indian - bulk drugs & formln,,,,,,,,,2026-04-30,7.16,7.08,8.17,6847.33
2026-04-30T12:07:25.382,GRAPHITE,,,,,,,,,,,industrials,electrodes - graphites,,,,,,,,,2026-04-30,7.49,8.81,8.81,4761.11
2026-04-30T12:07:25.382,RISHABH,,,,,,,,,,,industrials,electric equipment,,,,,,,,,2026-04-30,7.99,5.76,7.96,556.23
2026-04-30T12:07:25.382,ROSSTECH,,,,,,,,,,,aerospace & defence,engineering,,,,,,,,,2026-04-30,8.28,11.37,17.89,914.59
2026-04-30T12:07:25.382,SOUTHWEST,,,,,,,,,,,metals & mining,mining / minerals / metals,,,,,,,,,2026-04-30,8.29,5.8,12.44,224.96
2026-04-30T12:07:25.382,DYNAMATECH,,,,,,,,,,,industrials,engineering,,,,,,,,,2026-04-30,8.3,8.83,11.14,4620.03
2026-04-30T12:07:25.382,ATALREAL,,,,,,,,,,,realty,construction,,,,,,,,,2026-04-30,8.56,7.08,9.68,231.08
2026-04-30T12:07:25.382,SJS,,,,,,,,,,,auto,plastics products,,,,,,,,,2026-04-30,8.64,11.7,11.7,4448.38
2026-04-30T12:07:25.382,BAJAJCON,,,,,,,,,,,fmcg,personal care - indian,,,,,,,,,2026-04-30,8.85,7.01,7.01,3373.8
2026-04-30T12:07:25.382,CENTUM,,,,,,,,,,,consumer discretionary,electronics - components,,,,,,,,,2026-04-30,9.19,4.19,5.35,2232.24
2026-04-30T12:07:25.382,DCBBANK,,,,,,,,,,,bank,banks - private sector,,,,,,,,,2026-04-30,9.32,6.24,11.84,5034.51
2026-04-30T12:07:25.382,INOXINDIA,,,,,,,,,,,industrials,packaging,,,,,,,,,2026-04-30,9.41,7.66,9.74,3321.49
2026-04-30T12:07:25.382,SUNTV,,,,,,,,,,,media,entertainment / electronic media software,,,,,,,,,2026-04-30,9.42,4.89,7.17,5904.37
2026-04-30T12:07:25.382,DWARKESH,,,,,,,,,,,fmcg,sugar,,,,,,,,,2026-04-30,9.7,18.59,18.59,509.23
2026-04-30T12:07:25.382,NEOGEN,,,,,,,,,,,chemicals,chemicals,,,,,,,,,2026-04-30,10.07,5.46,7.43,2079.3
2026-04-30T12:07:25.382,MAHLOG,,,,,,,,,,,transportation,miscellaneous,,,,,,,,,2026-04-30,10.11,4.75,12.08,1622.43
2026-04-30T12:07:25.382,KMEW,,,,,,,,,,,transportation,miscellaneous,,,,,,,,,2026-04-30,10.31,6.97,13.25,1991.86
2026-04-30T12:07:25.382,ANTELOPUS,,,,,,,,,,,energy,oil drilling / allied services,,,,,,,,,2026-04-30,10.44,10.7,14.72,726.97
2026-04-30T12:07:25.382,GALLANTT,,,,,,,,,,,metals & mining,steel - medium / small,,,,,,,,,2026-04-30,10.44,9.61,10.55,6145.65
2026-04-30T12:07:25.382,STEELCAS,,,,,,,,,,,industrials,castings & forgings,,,,,,,,,2026-04-30,10.47,12.24,13.07,1594.71
2026-04-30T12:07:25.382,GRMOVER,,,,,,,,,,,fmcg,food - processing - indian,,,,,,,,,2026-04-30,10.54,3.07,3.96,1288.88
2026-04-30T12:07:25.382,APEX,,,,,,,,,,,fmcg,aquaculture,,,,,,,,,2026-04-30,10.57,11.65,11.65,393.66
2026-04-30T12:07:25.382,LINCOLN,,,,,,,,,,,healthcare,pharmaceuticals - indian - formulations,,,,,,,,,2026-04-30,10.98,20.04,22.17,656.4
2026-04-30T12:07:25.382,SMSPHARMA,,,,,,,,,,,healthcare,pharmaceuticals - indian - bulk drugs,,,,,,,,,2026-04-30,11.07,7.24,8.27,1191.05
2026-04-30T12:07:25.382,MIRCELECTR,,,,,,,,,,,consumer discretionary,electronics - consumer,,,,,,,,,2026-04-30,11.1,7.06,7.94,730.64
2026-04-30T12:07:25.382,CANFINHOME,,,,,,,,,,,financials,finance - housing,,,,,,,,,2026-04-30,11.75,8.12,11.03,7992.54
2026-04-30T12:07:25.382,MAYURUNIQ,,,,,,,,,,,consumer discretionary,leather / leather products,,,,,,,,,2026-04-30,12.86,5.41,6.04,983.31
2026-04-30T12:07:25.382,PIXTRANS,,,,,,,,,,,fmcg,miscellaneous,,,,,,,,,2026-04-30,12.88,8.36,10.46,798.8
2026-04-30T12:07:25.382,VENUSREM,,,,,,,,,,,healthcare,pharmaceuticals - indian - formulations,,,,,,,,,2026-04-30,13.1,6.05,9.16,736.62
2026-04-30T12:07:25.382,DALMIASUG,,,,,,,,,,,fmcg,sugar,,,,,,,,,2026-04-30,14.33,9.17,9.17,808.76
2026-04-30T12:07:25.382,ALIVUS,,,,,,,,,,,healthcare,pharmaceuticals - indian - bulk drugs & formln,,,,,,,,,2026-04-30,14.52,6.99,9.22,3229.73
2026-04-30T12:07:25.382,HEG,,,,,,,,,,,industrials,electrodes - graphites,,,,,,,,,2026-04-30,15.31,18.47,18.47,4930.08
2026-04-30T12:07:25.382,AVADHSUGAR,,,,,,,,,,,fmcg,sugar,,,,,,,,,2026-04-30,15.91,7.32,10.31,389.56
2026-04-30T12:07:25.382,PFOCUS,,,,,,,,,,,realty,miscellaneous,,,,,,,,,2026-04-30,16.05,7.58,9.4,9380.34
2026-04-30T12:07:25.382,SHARDACROP,,,,,,,,,,,chemicals,pesticides / agrochemicals - indian,,,,,,,,,2026-04-30,16.06,8.65,8.65,2473.28
2026-04-30T12:07:25.382,MEDPLUS,,,,,,,,,,,consumer discretionary,trading,,,,,,,,,2026-04-30,16.43,4.55,6.65,6269.8
2026-04-30T12:07:25.382,JINDALSAW,,,,,,,,,,,industrials,steel - large,,,,,,,,,2026-04-30,16.9,11.85,13.68,5273.76
2026-04-30T12:07:25.382,ROLEXRINGS,,,,,,,,,,,industrials,castings & forgings,,,,,,,,,2026-04-30,17.95,6.55,12.79,1878.17
2026-04-30T12:07:25.382,PROZONER,,,,,,,,,,,miscellaneous,miscellaneous,,,,,,,,,2026-04-30,19.64,18.56,18.56,414.43
2026-04-21T13:00:03.413,CUPID,,,,,,,,,,,fmcg,personal care - indian,,,,,,,,,2026-04-21,0.0,14.82,18.16,7978.75
2026-04-21T13:00:03.413,DEEDEV,,,,,,,,,,,metals & mining,steel - medium / small,,,,,,,,,2026-04-21,0.0,10.77,10.77,842.6
2026-04-21T13:00:03.413,AXISCADES,,,,,,,,,,,aerospace & defence,computers - software - medium / small,,,,,,,,,2026-04-21,0.31,7.52,15.18,3442.22
2026-04-21T13:00:03.413,STLTECH,,,,,,,,,,,industrials,cables - telephone,,,,,,,,,2026-04-21,0.48,8.27,13.98,7487.34
2026-04-21T13:00:03.413,CEIGALL,,,,,,,,,,,realty,construction,,,,,,,,,2026-04-21,0.56,7.04,8.27,992.76
2026-04-21T13:00:03.413,J&KBANK,,,,,,,,,,,bank,banks - private sector,,,,,,,,,2026-04-21,0.62,4.54,8.56,5998.53
2026-04-21T13:00:03.413,VISHNU,,,,,,,,,,,chemicals,chemicals,,,,,,,,,2026-04-21,1.08,9.91,16.04,1269.17
2026-04-21T13:00:03.413,SATIN,,,,,,,,,,,financials,finance & investments,,,,,,,,,2026-04-21,1.27,11.12,12.04,1240.91
2026-04-21T13:00:03.413,KTKBANK,,,,,,,,,,,bank,banks - private sector,,,,,,,,,2026-04-21,1.58,5.32,5.84,9509.1
2026-04-21T13:00:03.413,GAEL,,,,,,,,,,,fmcg,miscellaneous,,,,,,,,,2026-04-21,1.65,8.32,8.32,2570.57
2026-04-21T13:00:03.413,MMFL,,,,,,,,,,,industrials,castings & forgings,,,,,,,,,2026-04-21,1.8,8.71,12.31,1037.33
2026-04-21T13:00:03.413,NDLVENTURE,,,,,,,,,,,financials,finance & investments,,,,,,,,,2026-04-21,1.89,15.7,16.06,156.35
2026-04-21T13:00:03.413,JAYNECOIND,,,,,,,,,,,metals & mining,steel - large,,,,,,,,,2026-04-21,2.0,7.51,14.34,4337.81
2026-04-21T13:00:03.413,SHRIPISTON,,,,,,,,,,,auto,auto ancillaries,,,,,,,,,2026-04-21,2.28,4.67,6.81,9115.85
2026-04-21T13:00:03.413,VOLTAMP,,,,,,,,,,,industrials,electric equipment,,,,,,,,,2026-04-21,2.32,8.48,13.26,7443.12
2026-04-21T13:00:03.413,AFIL,,,,,,,,,,,financials,finance & investments,,,,,,,,,2026-04-21,2.76,8.02,13.36,254.96
2026-04-21T13:00:03.413,MACPOWER,,,,,,,,,,,industrials,engineering,,,,,,,,,2026-04-21,2.88,14.75,14.75,311.06
2026-04-21T13:00:03.413,PRECWIRE,,,,,,,,,,,metals & mining,mining / minerals / metals,,,,,,,,,2026-04-21,2.9,10.31,17.22,3069.74
2026-04-21T13:00:03.413,ARVIND,,,,,,,,,,,textiles,textiles - cotton/blended,,,,,,,,,2026-04-21,3.07,3.55,5.32,6206.59
2026-04-21T13:00:03.413,GRAPHITE,,,,,,,,,,,industrials,electrodes - graphites,,,,,,,,,2026-04-21,3.14,12.72,17.74,4984.57
2026-04-21T13:00:03.413,APEX,,,,,,,,,,,fmcg,aquaculture,,,,,,,,,2026-04-21,3.45,19.65,21.49,425.02
2026-04-21T13:00:03.413,DCBBANK,,,,,,,,,,,bank,banks - private sector,,,,,,,,,2026-04-21,3.69,5.61,7.14,5289.86
2026-04-21T13:00:03.413,SEAMECLTD,,,,,,,,,,,miscellaneous,miscellaneous,,,,,,,,,2026-04-21,3.84,3.15,5.16,1065.86
2026-04-21T13:00:03.413,HEG,,,,,,,,,,,industrials,electrodes - graphites,,,,,,,,,2026-04-21,3.85,9.62,18.53,5499.99
2026-04-21T13:00:03.413,BLISSGVS,,,,,,,,,,,healthcare,pharmaceuticals - indian - formulations,,,,,,,,,2026-04-21,4.04,5.63,6.57,1755.3
2026-04-21T13:00:03.413,AZAD,,,,,,,,,,,aerospace & defence,engineering,,,,,,,,,2026-04-21,4.21,4.98,10.82,5328.21
2026-04-21T13:00:03.413,ASIANTILES,,,,,,,,,,,building materials,ceramics - tiles / sanitaryware,,,,,,,,,2026-04-21,4.21,7.78,12.7,1374.24
2026-04-21T13:00:03.413,GOKULAGRO,,,,,,,,,,,fmcg,solvent extraction,,,,,,,,,2026-04-21,4.28,6.27,7.68,1611.54
2026-04-21T13:00:03.413,SANGAMIND,,,,,,,,,,,textiles,textiles - spinning - synthetic / blended,,,,,,,,,2026-04-21,4.37,12.86,13.79,742.38
2026-04-21T13:00:03.413,EMCURE,,,,,,,,,,,healthcare,pharmaceuticals - indian - bulk drugs & formln,,,,,,,,,2026-04-21,4.7,12.75,12.75,6749.9
2026-04-21T13:00:03.413,TFCILTD,,,,,,,,,,,financials,finance - term-lending institutions,,,,,,,,,2026-04-21,4.74,12.17,15.25,3411.8
2026-04-21T13:00:03.413,ANURAS,,,,,,,,,,,chemicals,chemicals,,,,,,,,,2026-04-21,4.77,6.88,6.88,6243.3
2026-04-21T13:00:03.413,WHEELS,,,,,,,,,,,auto,auto ancillaries,,,,,,,,,2026-04-21,4.87,6.25,7.88,1074.57
2026-04-21T13:00:03.413,DYNAMATECH,,,,,,,,,,,industrials,engineering,,,,,,,,,2026-04-21,4.93,4.4,5.91,4110.07
2026-04-21T13:00:03.413,SENORES,,,,,,,,,,,healthcare,pharmaceuticals - indian - formulations,,,,,,,,,2026-04-21,5.0,7.94,12.43,2239.05
2026-04-21T13:00:03.413,NATCOPHARM,,,,,,,,,,,healthcare,pharmaceuticals - indian - bulk drugs & formln,,,,,,,,,2026-04-21,5.64,5.59,5.59,9689.48
2026-04-21T13:00:03.413,SHAH,,,,,,,,,,,metals & mining,steel - medium / small,,,,,,,,,2026-04-21,5.95,6.89,7.95,327.38
2026-04-21T13:00:03.413,CCL,,,,,,,,,,,fmcg,tea,,,,,,,,,2026-04-21,6.03,5.91,6.86,8000.3
2026-04-21T13:00:03.413,VTL,,,,,,,,,,,textiles,textiles - cotton/blended,,,,,,,,,2026-04-21,6.05,10.77,10.97,5717.18
2026-04-21T13:00:03.413,CIEINDIA,,,,,,,,,,,industrials,castings & forgings,,,,,,,,,2026-04-21,6.16,4.04,5.38,6422.89
2026-04-21T13:00:03.413,IMFA,,,,,,,,,,,metals & mining,mining / minerals / metals,,,,,,,,,2026-04-21,6.24,6.79,14.19,3307.89
2026-04-21T13:00:03.413,SIGMAADV,,,,,,,,,,,aerospace & defence,electronics - components,,,,,,,,,2026-04-21,6.71,12.6,24.25,1093.08
2026-04-21T13:00:03.413,CRAFTSMAN,,,,,,,,,,,auto,auto ancillaries,,,,,,,,,2026-04-21,6.73,5.94,7.57,9382.54
2026-04-21T13:00:03.413,CHENNPETRO,,,,,,,,,,,energy,refineries,,,,,,,,,2026-04-21,6.84,6.7,10.86,5005.54
2026-04-21T13:00:03.413,RRKABEL,,,,,,,,,,,industrials,cables - power,,,,,,,,,2026-04-21,6.93,4.59,10.3,6369.59
2026-04-21T13:00:03.413,MAYURUNIQ,,,,,,,,,,,consumer discretionary,leather / leather products,,,,,,,,,2026-04-21,7.13,3.21,4.97,1047.98
2026-04-21T13:00:03.413,ROSSTECH,,,,,,,,,,,aerospace & defence,engineering,,,,,,,,,2026-04-21,7.19,15.94,16.2,896.35
2026-04-21T13:00:03.413,GLOBAL,,,,,,,,,,,services,miscellaneous,,,,,,,,,2026-04-21,7.9,6.96,10.94,144.84
2026-04-21T13:00:03.413,CANFINHOME,,,,,,,,,,,financials,finance - housing,,,,,,,,,2026-04-21,7.94,7.62,9.74,8337.93
2026-04-21T13:00:03.413,STYLAMIND,,,,,,,,,,,building materials,miscellaneous,,,,,,,,,2026-04-21,8.0,1.03,1.8,1738.95
2026-04-21T13:00:03.413,BAJAJCON,,,,,,,,,,,fmcg,personal care - indian,,,,,,,,,2026-04-21,8.01,15.55,16.66,3404.72
2026-04-21T13:00:03.413,INDSWFTLAB,,,,,,,,,,,healthcare,pharmaceuticals - indian - bulk drugs & formln,,,,,,,,,2026-04-21,8.16,14.18,18.96,711.03
2026-04-21T13:00:03.413,MBAPL,,,,,,,,,,,chemicals,fertilizers,,,,,,,,,2026-04-21,8.21,11.43,11.43,1134.96
2026-04-21T13:00:03.413,SMSPHARMA,,,,,,,,,,,healthcare,pharmaceuticals - indian - bulk drugs,,,,,,,,,2026-04-21,8.33,5.85,9.22,1227.68
2026-04-21T13:00:03.413,AARTIIND,,,,,,,,,,,chemicals,chemicals,,,,,,,,,2026-04-21,8.43,5.16,8.24,9516.92
2026-04-21T13:00:03.413,SCI,,,,,,,,,,,transportation,shipping,,,,,,,,,2026-04-21,8.66,10.55,29.35,4978.72
2026-04-21T13:00:03.413,EDELWEISS,,,,,,,,,,,financials,finance & investments,,,,,,,,,2026-04-21,8.88,3.78,4.16,7636.96
2026-04-21T13:00:03.413,INGERRAND,,,,,,,,,,,industrials,compressors / drilling equipment,,,,,,,,,2026-04-21,8.94,3.44,6.44,3217.88
2026-04-21T13:00:03.413,CENTUM,,,,,,,,,,,consumer discretionary,electronics - components,,,,,,,,,2026-04-21,9.21,10.84,12.84,2231.77
2026-04-21T13:00:03.413,PRIVISCL,,,,,,,,,,,chemicals,chemicals,,,,,,,,,2026-04-21,9.3,8.25,10.45,4802.52
2026-04-21T13:00:03.413,SARDAEN,,,,,,,,,,,metals & mining,steel - medium / small,,,,,,,,,2026-04-21,9.89,5.03,5.03,5452.3
2026-04-21T13:00:03.413,MASFIN,,,,,,,,,,,financials,finance & investments,,,,,,,,,2026-04-21,10.15,2.88,5.18,1919.48
2026-04-21T13:00:03.413,LINCOLN,,,,,,,,,,,healthcare,pharmaceuticals - indian - formulations,,,,,,,,,2026-04-21,10.18,10.16,10.16,611.74
2026-04-21T13:00:03.413,FIEMIND,,,,,,,,,,,auto,auto ancillaries,,,,,,,,,2026-04-21,10.85,3.2,3.96,2727.07
2026-04-21T13:00:03.413,AEROFLEX,,,,,,,,,,,metals & mining,steel - medium / small,,,,,,,,,2026-04-21,10.86,12.38,12.57,1309.14
2026-04-21T13:00:03.413,AARVI,,,,,,,,,,,miscellaneous,miscellaneous,,,,,,,,,2026-04-21,11.23,11.58,13.22,52.91
2026-04-21T13:00:03.413,NETWEB,,,,,,,,,,,i.t,computers - hardware,,,,,,,,,2026-04-21,11.36,6.92,18.41,7463.64
2026-04-21T13:00:03.413,GRMOVER,,,,,,,,,,,fmcg,food - processing - indian,,,,,,,,,2026-04-21,11.69,6.76,9.28,956.48
2026-04-21T13:00:03.413,UFBL,,,,,,,,,,,consumer discretionary,hotels,,,,,,,,,2026-04-21,11.69,7.76,10.27,804.09
2026-04-21T13:00:03.413,PRICOLLTD,,,,,,,,,,,auto,auto ancillaries,,,,,,,,,2026-04-21,12.37,6.06,7.2,4559.01
2026-04-21T13:00:03.413,JINDALSAW,,,,,,,,,,,industrials,steel - large,,,,,,,,,2026-04-21,13.59,12.26,17.89,5563.34
2026-04-21T13:00:03.413,MEDPLUS,,,,,,,,,,,consumer discretionary,trading,,,,,,,,,2026-04-21,16.54,2.75,5.44,6261.91
2026-04-21T13:00:03.413,AVALON,,,,,,,,,,,consumer discretionary,electronics - components,,,,,,,,,2026-04-21,16.76,6.05,10.03,4070.17
2026-04-21T13:00:03.413,JAYBARMARU,,,,,,,,,,,auto,auto ancillaries,,,,,,,,,2026-04-21,17.65,7.96,10.87,419.95
2026-04-21T13:00:03.413,RAJRATAN,,,,,,,,,,,metals & mining,steel - medium / small,,,,,,,,,2026-04-21,18.26,7.91,9.22,781.25
2026-04-21T13:00:03.413,AYMSYNTEX,,,,,,,,,,,textiles,textiles - processing,,,,,,,,,2026-04-21,19.09,26.7,27.72,452.21
2026-04-21T13:00:03.413,VIYASH,,,,,,,,,,,healthcare,pharmaceuticals - indian - bulk drugs & formln,,,,,,,,,2026-04-21,19.12,3.46,4.5,3509.77
2026-04-21T13:00:03.413,LUMAXIND,,,,,,,,,,,auto,auto ancillaries,,,,,,,,,2026-04-21,19.77,3.0,5.99,1300.11
2026-04-21T13:00:03.413,RACLGEAR,,,,,,,,,,,auto,auto ancillaries,,,,,,,,,2026-04-21,20.83,7.65,8.82,904.97
2026-04-21T13:00:03.413,KESORAMIND,,,,,,,,,,,miscellaneous,miscellaneous,,,,,,,,,2026-04-21,21.16,9.22,13.67,193.44
