Timestamp,Symbol,Cmp,%ch,Low 2%,Low5,Sl,Target,R_vol,Forward pe,Pe,Rsi,Sector,Industry,Adx,%ch sl,Rs,Srs,Ars,Is,Tps,Rs score,Scan_Date,From52wh,3d range,5d,Free float
2026-08-26T10:32:33.358,ATHERENERG,1479.7,2.8,1414.04,1421.7,1502.39,1445.67,0.4,-278.14,-140.02,62.09,auto,automobiles - scooters and 3 - wheelers,51.6,-1.51,139.07,0.95,1.22,1381.31,1315.81,53.36,2026-08-26,,,,
2026-08-26T10:32:33.358,NETWEB,5370.0,1.83,5216.64,5093.0,5326.28,5435.58,0.96,89.62,114.89,60.34,i.t,computers - hardware,35.15,0.82,77.03,0.39,0.69,4809.53,4484.17,33.26,2026-08-26,,,,
2026-08-26T10:32:33.358,LAURUSLABS,1887.3,1.13,1820.25,1790.0,1842.54,1954.44,0.47,69.28,92.11,70.23,healthcare,pharmaceuticals - indian - bulk drugs & formln,42.66,2.43,88.78,0.69,0.79,1807.08,1749.62,27.15,2026-08-26,,,,
2026-08-26T10:32:33.358,SYRMA,1470.1,0.82,1428.64,1415.7,1465.1,1477.6,0.19,70.81,75.75,57.1,consumer discretionary,electronics - components,24.8,0.34,123.73,0.64,0.94,1384.81,1332.74,24.02,2026-08-26,,,,
2026-08-26T10:32:33.358,NEULANDLAB,23307.0,1.56,22518.44,22637.0,23828.75,22524.37,0.16,50.62,59.15,66.0,healthcare,pharmaceuticals - indian - bulk drugs,49.39,-2.19,82.14,0.61,0.38,22110.73,21340.52,18.07,2026-08-26,,,,
2026-08-26T10:32:33.358,VEDL,280.4,1.96,267.79,265.2,269.78,296.33,0.53,5.0,5.46,56.78,metals & mining,mining / minerals / metals,17.88,3.94,10.19,0.03,0.43,264.97,256.49,16.56,2026-08-26,,,,
2026-08-26T10:32:33.358,SAILIFE,1464.1,0.59,1428.55,1420.3,1459.25,1471.38,0.13,105.79,84.77,63.37,healthcare,pharmaceuticals - indian - bulk drugs & formln,30.75,0.33,78.51,0.43,0.6,1385.73,1340.65,15.39,2026-08-26,,,,
2026-08-26T10:32:33.358,NAVINFLUOR,8265.5,0.69,8065.4,8090.0,8267.41,8262.64,0.05,43.55,53.24,58.54,chemicals,chemicals,30.4,-0.02,40.8,0.2,0.34,7911.89,7668.69,14.67,2026-08-26,,,,
2026-08-26T10:32:33.358,IFCI,85.9,3.18,81.49,80.37,80.07,94.64,0.52,178.96,130.08,71.3,financials,finance - term-lending institutions,21.12,7.28,53.36,0.35,0.74,80.15,76.78,14.19,2026-08-26,,,,
2026-08-26T10:32:33.358,PTCIL,21724.0,2.88,20693.68,19500.0,20196.96,24014.56,0.3,278.94,252.04,70.46,industrials,castings & forgings,44.97,7.56,25.13,0.12,0.13,20096.48,18919.84,13.76,2026-08-26,,,,
2026-08-26T10:32:33.358,FINCABLES,1276.0,1.28,1236.22,1244.7,1301.3,1238.06,0.2,19.59,24.08,63.75,industrials,cables - power,40.97,-1.94,79.43,0.45,0.67,1168.88,1107.99,13.72,2026-08-26,,,,
2026-08-26T10:32:33.358,KARURVYSYA,347.8,0.52,338.64,331.2,332.26,371.11,0.11,11.12,12.18,66.06,bank,banks - private sector,19.18,4.68,19.14,-0.05,0.39,334.5,325.62,13.5,2026-08-26,,,,
2026-08-26T10:32:33.358,ANANDRATHI,2179.0,0.68,2116.8,2151.3,2176.28,2183.08,0.06,55.47,46.67,62.72,financials,finance & investments,33.9,0.13,50.26,0.31,0.47,2109.51,2057.4,13.37,2026-08-26,,,,
2026-08-26T10:32:33.358,WELSPUNLIV,190.43,0.07,183.75,179.67,177.47,209.87,0.15,28.17,62.39,72.77,textiles,textiles - products,35.61,7.3,51.6,0.31,0.31,176.32,166.13,13.08,2026-08-26,,,,
2026-08-26T10:32:33.358,MAHABANK,85.44,4.58,80.36,79.85,79.42,94.48,2.39,8.12,8.34,65.61,bank,banks - public sector,13.4,7.59,32.3,0.1,0.46,80.55,78.44,12.77,2026-08-26,,,,
2026-08-26T10:32:33.358,GLAND,2859.7,1.24,2774.77,2776.1,2892.5,2810.51,0.08,37.18,41.23,64.33,healthcare,pharmaceuticals - indian - formulations,41.78,-1.13,70.65,0.46,0.62,2705.06,2595.28,12.23,2026-08-26,,,,
2026-08-26T10:32:33.358,DIVISLAB,8898.0,1.76,8526.98,8457.5,8732.24,9146.64,0.58,65.52,79.34,76.06,healthcare,pharmaceuticals - indian - bulk drugs,61.83,1.9,46.93,0.31,0.37,8569.74,8340.54,11.21,2026-08-26,,,,
2026-08-26T10:32:33.358,NYKAA,334.95,0.28,326.39,325.4,325.06,349.78,0.12,299.06,375.28,57.82,i.t,trading,23.92,3.04,41.86,0.18,0.31,321.75,314.26,10.81,2026-08-26,,,,
2026-08-26T10:32:33.358,PNBHOUSING,1187.3,0.45,1159.63,1154.2,1167.82,1216.52,0.53,13.88,13.3,67.01,financials,finance - housing,29.07,1.67,43.86,0.32,0.3,1131.65,1114.12,10.64,2026-08-26,,,,
2026-08-26T10:32:33.358,NAM-INDIA,1232.8,0.69,1203.73,1220.0,1202.06,1278.91,0.2,39.06,47.66,58.17,financials,finance & investments,18.96,2.56,54.32,0.16,0.46,1170.3,1130.43,10.47,2026-08-26,,,,
2026-08-26T10:32:33.358,OFSS,12025.0,2.52,11472.86,11355.0,11638.7,12604.46,0.28,18.49,29.9,60.66,i.t,computers - software - large,10.76,3.32,50.2,0.72,0.48,11374.49,10921.61,10.42,2026-08-26,,,,
2026-08-26T10:32:33.358,HINDZINC,621.25,4.83,588.15,566.75,583.89,677.29,1.99,12.0,14.67,67.27,metals & mining,mining / minerals / metals,22.69,6.4,-14.44,-0.04,0.17,579.93,551.43,10.29,2026-08-26,,,,
2026-08-26T10:32:33.358,IPCALAB,1962.8,1.78,1896.4,1880.4,1837.47,2150.8,0.6,30.98,36.28,68.93,healthcare,pharmaceuticals - indian - bulk drugs & formln,28.5,6.82,34.92,0.19,0.29,1837.01,1771.87,10.19,2026-08-26,,,,
2026-08-26T10:32:33.358,LTF,321.8,0.72,314.29,313.7,312.56,335.66,0.17,22.35,25.14,57.11,financials,finance & investments,12.4,2.96,12.97,-0.0,0.02,305.97,297.1,10.18,2026-08-26,,,,
2026-08-26T10:32:33.358,ABCAPITAL,414.65,0.93,400.97,398.85,402.88,432.31,0.16,23.24,27.01,56.86,financials,finance & investments,11.59,2.92,18.92,0.09,0.12,397.33,386.14,10.13,2026-08-26,,,,
2026-08-26T10:32:33.358,PAYTM,1726.3,0.48,1672.86,1587.1,1653.76,1835.11,0.53,125.46,169.09,77.28,i.t,miscellaneous,49.49,4.39,50.84,0.41,0.32,1624.05,1553.37,10.11,2026-08-26,,,,
2026-08-26T10:32:33.358,SOLARINDS,19911.0,0.56,19374.6,19190.0,19745.63,20159.06,0.15,69.03,89.98,61.32,aerospace & defence,chemicals,15.36,0.84,55.97,0.38,0.55,19019.33,18387.58,9.21,2026-08-26,,,,
2026-08-26T10:32:33.358,CUB,223.81,1.0,217.51,211.34,210.46,243.84,0.21,14.5,12.58,56.72,bank,banks - private sector,19.08,6.34,5.17,-0.05,0.09,209.55,200.16,8.78,2026-08-26,,,,
2026-08-26T10:32:33.358,TVSMOTOR,4437.9,0.41,4326.7,4326.4,4453.16,4415.01,0.19,51.7,61.26,67.72,auto,automobiles - motorcycles / mopeds,47.24,-0.34,24.38,0.07,0.19,4312.06,4227.78,8.61,2026-08-26,,,,
2026-08-26T10:32:33.358,UNIONBANK,188.97,1.06,184.22,181.4,186.65,192.45,0.5,6.39,6.91,65.04,bank,banks - public sector,32.18,1.24,7.99,-0.13,0.23,180.0,176.64,8.45,2026-08-26,,,,
2026-08-26T10:32:33.358,CGCL,250.9,4.69,235.87,217.0,221.68,294.73,1.45,17.09,20.45,64.8,financials,finance & investments,26.56,13.18,48.31,0.38,0.35,229.2,217.03,8.32,2026-08-26,,,,
2026-08-26T10:32:33.358,ADANIENT,3134.6,0.79,3030.94,2962.5,2955.19,3403.72,0.59,-87.95,48.26,63.35,services,trading,18.08,6.07,60.02,0.32,0.37,2999.39,2928.39,7.75,2026-08-26,,,,
2026-08-26T10:32:33.358,EICHERMOT,8053.5,-0.02,7870.87,7970.0,8042.32,8070.27,0.1,37.77,38.28,60.94,auto,automobiles - motorcycles / mopeds,34.26,0.14,12.41,-0.06,0.08,7847.21,7735.99,7.69,2026-08-26,,,,
2026-08-26T10:32:33.358,APLAPOLLO,2136.4,-0.14,2077.31,2119.7,2139.7,2131.45,0.2,56.34,48.32,74.89,industrials,steel - large,43.18,-0.15,3.69,-0.1,0.19,2064.32,2013.16,7.26,2026-08-26,,,,
2026-08-26T10:32:33.358,ASHOKLEY,176.23,0.88,171.9,171.58,176.76,175.44,0.34,41.96,29.51,61.13,auto,automobiles - lcvs / hcvs,20.79,-0.3,-8.29,-0.23,0.08,169.19,165.64,7.18,2026-08-26,,,,
2026-08-26T10:32:33.358,INDIANB,890.0,1.37,864.85,862.0,880.32,904.53,0.26,8.93,9.25,60.76,bank,banks - public sector,21.54,1.1,1.6,-0.17,0.1,853.23,840.65,6.53,2026-08-26,,,,
2026-08-26T10:32:33.358,GLENMARK,2440.1,1.67,2336.81,2252.1,2313.9,2629.4,0.37,35.65,37.67,68.08,healthcare,pharmaceuticals - indian - bulk drugs & formln,14.64,5.45,22.05,0.09,0.21,2319.11,2233.26,6.45,2026-08-26,,,,
2026-08-26T10:32:33.358,KALYANKJIL,612.85,0.04,599.22,591.5,596.27,637.72,0.06,45.33,44.07,62.93,consumer discretionary,diamond cutting / jewellery,27.22,2.78,66.14,0.39,0.29,582.33,563.98,5.67,2026-08-26,,,,
2026-08-26T10:32:33.358,CHOLAFIN,1897.5,1.31,1837.5,1821.1,1883.51,1918.49,0.54,24.41,27.61,56.97,financials,finance & investments,15.91,0.74,15.73,0.01,0.05,1815.32,1781.19,5.46,2026-08-26,,,,
2026-08-26T10:32:33.358,NMDC,86.3,0.42,84.03,83.49,84.02,89.72,0.18,9.59,10.12,56.5,metals & mining,mining / minerals / metals,13.05,2.71,10.15,-0.02,0.12,82.91,80.93,5.09,2026-08-26,,,,
2026-08-26T10:32:33.358,BANKINDIA,146.25,1.57,141.11,140.68,141.82,152.9,0.93,5.04,5.57,58.58,bank,banks - public sector,8.11,3.12,-9.81,-0.23,0.02,140.35,137.57,4.96,2026-08-26,,,,
2026-08-26T10:32:33.358,ACE,1168.9,1.22,1133.96,1145.1,1148.69,1199.22,0.11,29.11,31.46,61.75,industrials,engineering,38.56,1.76,44.65,0.24,0.22,1100.79,1054.1,4.6,2026-08-26,,,,
2026-08-26T10:32:33.358,IDFCFIRSTB,86.04,1.22,83.48,85.0,85.45,86.93,0.21,16.17,32.69,58.19,bank,banks - private sector,36.93,0.69,3.59,0.12,0.04,83.67,81.9,4.59,2026-08-26,,,,
2026-08-26T10:32:33.358,ANTHEM,904.0,3.35,860.44,868.9,890.71,923.93,0.69,106.1,85.34,68.49,healthcare,pharmaceuticals - indian - bulk drugs & formln,38.2,1.49,52.67,0.19,0.36,853.16,819.03,3.98,2026-08-26,,,,
2026-08-26T10:32:33.358,COFORGE,1912.8,1.06,1862.0,1826.5,1877.42,1965.87,0.24,38.75,38.45,72.27,i.t,computers - software - large,35.54,1.88,14.96,0.45,0.02,1829.69,1791.67,3.74,2026-08-26,,,,
2026-08-26T10:32:33.358,OBEROIRLTY,1891.8,0.63,1842.6,1858.8,1838.4,1971.89,0.2,31.64,25.82,56.88,realty,construction,20.53,2.9,28.96,0.15,0.12,1807.27,1749.67,3.61,2026-08-26,,,,
2026-08-26T10:32:33.358,GLAXO,3036.2,2.46,2920.99,2865.4,2862.7,3296.45,0.31,54.22,47.79,74.85,healthcare,pharmaceuticals - multinational,40.55,6.06,29.73,0.07,0.13,2839.77,2706.15,2.72,2026-08-26,,,,
2026-08-26T10:32:33.358,PPLPHARMA,212.71,2.41,203.95,206.4,212.96,212.33,0.12,-102.26,-87.64,61.56,healthcare,pharmaceuticals - indian - bulk drugs & formln,40.24,-0.12,40.01,0.23,0.2,199.06,189.51,2.71,2026-08-26,,,,
2026-08-26T10:32:33.358,MUTHOOTFIN,3200.8,-0.01,3122.38,2905.4,2907.89,3640.17,0.18,11.48,11.3,66.72,financials,finance & investments,18.88,10.07,-17.22,-0.16,-0.17,3034.25,2937.55,2.71,2026-08-26,,,,
2026-08-26T10:32:33.358,KPIL,1395.1,0.77,1354.16,1378.2,1376.73,1422.66,0.06,19.21,20.8,58.92,realty,transmisson line towers / equipment,32.8,1.33,27.51,0.07,0.15,1329.24,1280.75,2.66,2026-08-26,,,,
2026-08-26T10:32:33.358,MOTILALOFS,1031.0,1.93,990.44,942.15,944.94,1160.1,0.36,12.19,30.73,74.24,financials,finance & investments,33.65,9.11,40.84,0.28,0.2,973.45,930.28,2.14,2026-08-26,,,,
2026-08-26T10:32:33.358,ASAHIINDIA,950.75,-0.54,930.02,936.45,941.08,965.25,0.09,40.63,55.67,59.67,building materials,glass & glass products,23.95,1.03,-4.13,-0.06,-0.08,906.48,882.32,1.64,2026-08-26,,,,
2026-08-26T10:32:33.358,PNB,116.95,0.88,114.28,115.0,117.15,116.64,0.26,5.78,6.04,60.2,bank,banks - public sector,25.4,-0.17,-4.88,-0.18,-0.04,112.75,110.86,1.43,2026-08-26,,,,
2026-08-26T10:32:33.358,GRAVITA,1834.7,1.91,1765.08,1786.1,1791.27,1899.84,0.15,31.42,33.46,60.3,metals & mining,mining / minerals / metals,14.15,2.42,25.17,0.07,-0.01,1749.42,1688.15,1.41,2026-08-26,,,,
2026-08-26T10:32:33.358,PERSISTENT,5685.0,0.53,5510.54,5534.0,5569.44,5858.34,0.08,46.02,45.91,63.89,i.t,computers - software - large,19.21,2.07,-8.54,0.12,-0.09,5443.5,5282.38,1.39,2026-08-26,,,,
2026-08-26T10:32:33.358,PETRONET,294.6,0.72,287.04,286.6,286.29,307.07,0.2,9.72,10.42,64.67,energy,miscellaneous,23.23,2.9,6.12,-0.12,0.06,284.22,277.78,1.12,2026-08-26,,,,
2026-08-26T10:32:33.358,LODHA,1284.9,0.3,1255.97,1215.5,1219.8,1382.55,0.17,23.4,31.01,64.79,realty,construction,30.42,5.34,41.67,0.14,0.16,1219.18,1191.88,1.0,2026-08-26,,,,
2026-08-26T10:32:33.358,UNOMINDA,1262.9,0.76,1225.69,1240.5,1271.5,1249.99,0.26,61.66,60.12,61.54,auto,auto ancillaries,22.39,-0.68,10.31,-0.01,-0.0,1217.99,1193.5,0.68,2026-08-26,,,,
2026-08-26T10:32:33.358,LTFOODS,452.3,1.46,435.07,423.5,434.48,479.03,0.3,21.42,24.18,68.33,fmcg,food - processing - indian,43.56,4.1,27.23,0.02,0.13,415.09,389.59,0.45,2026-08-26,,,,
2026-08-26T10:32:33.358,DEEPAKNTR,1795.6,2.55,1720.49,1707.2,1741.84,1876.24,0.41,17.74,30.48,60.75,chemicals,chemicals,27.43,3.09,15.49,0.04,0.14,1694.87,1624.62,0.11,2026-08-26,,,,
2026-08-26T10:32:33.358,KOTAKBANK,409.9,2.07,392.98,393.15,393.87,433.94,0.44,18.6,6.9,67.15,bank,banks - private sector,32.54,4.07,0.49,-0.12,-0.07,395.23,386.63,0.1,2026-08-26,,,,
2026-08-26T10:32:33.358,PRESTIGE,1636.0,0.8,1588.48,1581.0,1561.78,1747.33,0.09,74.64,61.36,54.84,realty,construction,14.85,4.75,17.53,0.06,-0.02,1563.46,1516.86,-0.06,2026-08-26,,,,
2026-08-26T10:32:33.358,POLICYBZR,1860.5,3.46,1770.17,1757.0,1775.71,1987.68,0.44,131.76,110.8,75.25,i.t,miscellaneous,41.3,4.77,14.17,0.15,-0.07,1760.35,1699.73,-0.29,2026-08-26,,,,
2026-08-26T10:32:33.358,IDBI,90.1,2.03,85.6,81.16,81.63,102.8,0.24,11.38,10.19,70.95,bank,banks - private sector,27.15,10.37,-7.2,-0.27,-0.08,84.57,80.96,-0.45,2026-08-26,,,,
2026-08-26T10:32:33.358,SAGILITY,44.71,3.93,42.43,41.97,42.15,48.54,2.71,24.3,20.29,62.58,i.t,computers - software - medium / small,18.43,6.06,-13.42,-0.03,-0.11,41.9,41.18,-0.62,2026-08-26,,,,
2026-08-26T10:32:33.358,CHALET,913.9,2.22,874.75,840.0,840.56,1023.91,1.56,58.14,37.05,71.33,services,hotels,17.45,8.72,11.73,-0.0,-0.0,859.0,822.68,-0.73,2026-08-26,,,,
2026-08-26T10:32:33.358,ECLERX,1947.0,3.59,1853.57,1785.2,1778.1,2200.35,0.42,27.25,15.91,62.03,i.t,computers - software - medium / small,20.7,9.5,-11.66,0.07,-0.15,1810.85,1715.33,-1.18,2026-08-26,,,,
2026-08-26T10:32:33.358,CDSL,1416.4,1.55,1367.1,1330.1,1340.66,1530.02,0.53,63.01,61.85,65.81,financials,miscellaneous,16.11,5.65,7.19,-0.02,-0.08,1358.66,1318.15,-2.53,2026-08-26,,,,
2026-08-26T10:32:33.358,HYUNDAI,2259.3,1.2,2187.65,2180.4,2235.11,2295.58,0.29,51.63,36.64,67.47,auto,automobiles - passenger cars,37.93,1.08,3.96,-0.04,-0.06,2169.61,2107.05,-2.54,2026-08-26,,,,
2026-08-26T10:32:33.358,CYIENT,1032.3,5.44,964.81,888.9,885.72,1252.18,8.29,27.4,28.59,78.67,i.t,computers - software - medium / small,30.07,16.55,-6.94,0.0,-0.12,938.53,890.76,-3.26,2026-08-26,,,,
2026-08-26T10:32:33.358,PCBL,326.6,1.71,315.56,316.65,311.57,349.14,0.13,20.72,48.36,53.74,chemicals,chemicals,24.14,4.82,26.2,-0.03,0.02,308.01,295.42,-3.37,2026-08-26,,,,
2026-08-26T10:32:33.358,LTTS,3576.8,0.24,3498.8,3550.1,3531.41,3644.88,0.05,26.6,28.65,54.98,i.t,computers - software - large,24.32,1.29,-5.79,0.05,-0.25,3417.75,3330.47,-3.52,2026-08-26,,,,
2026-08-26T10:32:33.358,PARADEEP,162.15,1.58,156.07,146.11,148.88,182.05,0.62,10.72,15.45,71.07,chemicals,fertilizers,26.73,8.91,27.41,0.29,-0.0,151.36,144.51,-3.9,2026-08-26,,,,
2026-08-26T10:32:33.358,ICICIPRULI,517.6,1.49,500.44,499.85,498.95,545.57,0.14,48.65,43.59,58.05,financials,finance & investments,13.85,3.74,-19.57,-0.28,-0.22,495.49,482.31,-4.47,2026-08-26,,,,
2026-08-26T10:32:33.358,SBICARD,663.15,1.87,634.3,626.75,633.09,708.24,0.46,23.75,27.24,58.76,financials,finance & investments,17.9,4.75,-13.88,-0.22,-0.26,631.29,608.15,-4.91,2026-08-26,,,,
2026-08-26T10:32:33.358,CLEAN,832.25,1.26,810.22,816.05,831.6,833.22,0.09,30.15,37.5,60.84,chemicals,chemicals,32.85,0.08,-2.69,0.06,-0.09,790.78,761.18,-6.28,2026-08-26,,,,
2026-08-26T10:32:33.358,JMFINANCIL,132.14,1.34,128.18,127.0,127.15,139.63,0.36,10.83,12.0,61.19,financials,finance & investments,11.46,3.92,3.92,-0.08,-0.09,124.82,120.39,-6.34,2026-08-26,,,,
2026-08-26T10:32:33.358,SWIGGY,291.5,1.43,282.88,273.75,276.29,314.32,0.24,-24.62,-18.85,62.09,i.t,miscellaneous,20.0,5.51,-6.41,-0.15,-0.29,276.01,265.89,-6.88,2026-08-26,,,,
2026-08-26T10:32:33.358,KAYNES,3983.0,1.19,3859.24,3798.0,3819.58,4228.13,0.17,118.26,76.22,65.96,consumer discretionary,electronics - components,19.04,4.28,19.5,-0.04,-0.01,3735.32,3549.56,-8.53,2026-08-26,,,,
2026-08-26T10:32:33.358,COHANCE,456.5,2.49,440.31,441.0,446.83,471.0,0.11,-181.15,160.22,54.73,healthcare,pharmaceuticals - indian - bulk drugs & formln,39.01,2.16,21.87,0.36,-0.17,421.22,396.06,-10.56,2026-08-26,,,,
2026-08-20T14:13:39.758,NETWEB,5420.0,7.01,4991.14,4991.3,5070.43,5944.35,2.4,90.45,110.35,65.51,i.t,computers - hardware,30.55,6.89,67.58,0.48,0.64,4859.79,4467.64,34.82,2026-08-20,,,,
2026-08-20T14:13:39.758,WELCORP,2013.6,2.01,1928.84,1846.0,1901.15,2182.28,0.61,12.69,22.54,82.36,industrials,steel - large,46.1,5.92,165.44,1.3,1.35,1916.14,1844.44,32.08,2026-08-20,,,,
2026-08-20T14:13:39.758,LAURUSLABS,1824.0,1.23,1777.52,1769.4,1870.15,1754.77,0.46,66.96,88.93,65.07,healthcare,pharmaceuticals - indian - bulk drugs & formln,48.46,-2.47,76.2,0.62,0.74,1751.62,1705.33,27.96,2026-08-20,,,,
2026-08-20T14:13:39.758,APARINDS,16813.0,1.19,16272.9,16199.0,16937.77,16625.84,0.54,36.12,56.49,59.5,industrials,electric equipment,41.54,-0.74,138.99,0.52,0.84,15183.28,14127.98,22.28,2026-08-20,,,,
2026-08-20T14:13:39.758,MCX,3126.7,5.17,2945.88,2892.1,2837.61,3560.34,1.17,48.22,19.26,67.14,financials,miscellaneous,23.85,10.19,31.77,0.23,0.49,2899.14,2731.77,21.08,2026-08-20,,,,
2026-08-20T14:13:39.758,HONASA,483.6,1.47,464.18,470.05,470.23,503.66,0.28,43.65,62.3,59.46,services,trading,20.8,2.84,74.21,0.48,0.68,450.1,426.92,19.13,2026-08-20,,,,
2026-08-20T14:13:39.758,NEULANDLAB,23592.0,1.3,22690.92,22971.0,23129.18,24286.23,0.58,51.24,60.03,71.26,healthcare,pharmaceuticals - indian - bulk drugs,48.34,2.0,73.71,0.6,0.34,22111.18,21143.57,18.54,2026-08-20,,,,
2026-08-20T14:13:39.758,SHRIRAMFIN,1125.2,1.74,1093.19,1098.2,1123.94,1127.08,0.43,18.93,19.52,59.92,financials,finance & investments,20.32,0.11,13.97,-0.04,0.31,1076.91,1050.89,18.46,2026-08-20,,,,
2026-08-20T14:13:39.758,SAILIFE,1479.1,4.0,1407.67,1409.0,1440.55,1536.93,0.89,106.87,82.83,67.84,healthcare,pharmaceuticals - indian - bulk drugs & formln,32.13,2.68,80.1,0.45,0.65,1380.6,1311.83,17.11,2026-08-20,,,,
2026-08-20T14:13:39.758,WELSPUNLIV,188.1,3.79,176.08,162.84,162.36,226.71,2.99,27.83,59.42,71.63,textiles,textiles - products,25.55,15.85,67.26,0.25,0.33,168.39,156.98,14.88,2026-08-20,,,,
2026-08-20T14:13:39.758,NAM-INDIA,1241.7,2.03,1196.58,1155.1,1171.0,1347.75,2.99,39.34,47.37,61.68,financials,finance & investments,16.25,6.04,45.77,0.17,0.44,1167.29,1135.98,13.17,2026-08-20,,,,
2026-08-20T14:13:39.758,MINDACORP,743.95,0.68,726.18,716.7,724.14,773.66,0.71,21.26,34.72,61.86,auto,auto ancillaries,33.73,2.74,38.8,0.17,0.22,688.06,658.8,12.84,2026-08-20,,,,
2026-08-20T14:13:39.758,RBLBANK,391.3,2.57,374.41,376.4,386.82,398.02,0.37,31.35,27.37,61.9,bank,banks - private sector,19.37,1.16,33.37,0.11,0.27,376.18,367.44,12.06,2026-08-20,,,,
2026-08-20T14:13:39.758,REDINGTON,351.9,5.03,328.89,322.7,351.81,352.03,1.36,14.14,15.4,66.71,services,trading,42.69,0.03,35.91,0.25,0.22,321.05,301.01,11.09,2026-08-20,,,,
2026-08-20T14:13:39.758,AUBANK,1086.1,1.03,1054.48,1063.7,1075.48,1102.04,1.68,25.54,28.13,58.67,bank,banks - private sector,23.76,0.99,8.49,-0.02,0.11,1045.24,1021.0,10.96,2026-08-20,,,,
2026-08-20T14:13:39.758,ACMESOLAR,398.1,4.65,372.94,361.8,364.53,448.46,4.22,26.83,38.86,65.64,realty,engineering - turnkey services,16.59,9.21,90.14,0.59,0.76,369.09,355.74,10.95,2026-08-20,,,,
2026-08-20T14:13:39.758,OFSS,11883.0,0.93,11446.4,11318.0,11607.39,12296.41,0.42,18.27,30.02,59.53,i.t,computers - software - large,12.08,2.37,51.86,0.63,0.4,11303.32,10902.56,10.4,2026-08-20,,,,
2026-08-20T14:13:39.758,PAYTM,1612.1,1.81,1555.36,1546.3,1588.12,1648.07,1.06,117.16,155.86,70.78,i.t,miscellaneous,46.21,1.51,24.37,0.24,0.17,1508.12,1440.83,10.22,2026-08-20,,,,
2026-08-20T14:13:39.758,BAJAJ-AUTO,11705.0,0.52,11387.6,11534.0,11816.36,11537.96,0.3,25.34,27.65,64.94,auto,automobiles - scooters and 3 - wheelers,54.84,-0.94,27.51,0.08,0.25,11363.84,11132.97,10.05,2026-08-20,,,,
2026-08-20T14:13:39.758,JINDALSAW,270.75,0.76,263.57,263.15,265.25,279.0,0.31,41.53,26.21,56.17,industrials,steel - large,15.46,2.07,44.97,0.33,0.6,255.65,249.12,10.03,2026-08-20,,,,
2026-08-20T14:13:39.758,IIFL,640.65,1.55,622.3,617.4,631.04,655.06,0.51,10.09,12.76,69.4,financials,finance & investments,49.1,1.52,1.74,0.15,0.09,607.03,591.02,9.52,2026-08-20,,,,
2026-08-20T14:13:39.758,SAIL,174.2,0.84,169.94,158.73,171.11,178.83,0.7,10.94,16.71,54.85,metals & mining,steel - large,16.48,1.8,19.95,0.01,0.27,162.68,156.27,9.46,2026-08-20,,,,
2026-08-20T14:13:39.758,EICHERMOT,8068.0,0.97,7823.34,7947.5,8061.42,8077.86,0.42,37.84,37.97,62.24,auto,automobiles - motorcycles / mopeds,33.63,0.08,12.48,-0.07,0.1,7835.21,7687.12,9.39,2026-08-20,,,,
2026-08-20T14:13:39.758,BALRAMCHIN,738.6,13.49,641.95,616.25,633.62,896.07,18.61,85.49,35.47,73.41,fmcg,sugar,35.85,16.57,79.82,0.46,0.62,664.34,614.1,9.27,2026-08-20,,,,
2026-08-20T14:13:39.758,SOLARINDS,19772.0,0.26,18806.2,19190.0,19265.88,20531.17,0.49,68.55,89.62,60.63,aerospace & defence,chemicals,17.25,2.63,56.97,0.36,0.48,18498.72,17636.77,9.23,2026-08-20,,,,
2026-08-20T14:13:39.758,PTCIL,19731.0,1.31,19110.0,18921.0,19215.56,20504.16,0.49,253.35,232.45,62.03,industrials,castings & forgings,37.04,2.68,10.87,-0.0,0.04,18410.01,17455.27,8.61,2026-08-20,,,,
2026-08-20T14:13:39.758,APLAPOLLO,2139.6,0.84,2082.5,2037.0,2067.43,2247.86,0.54,56.42,47.93,77.01,industrials,steel - large,35.69,3.49,12.28,-0.12,0.17,2051.34,1999.24,7.91,2026-08-20,,,,
2026-08-20T14:13:39.758,HINDZINC,570.5,2.42,555.41,548.8,577.11,560.59,1.21,11.02,13.79,54.24,metals & mining,mining / minerals / metals,20.07,-1.15,-16.16,-0.1,0.11,537.48,517.22,7.57,2026-08-20,,,,
2026-08-20T14:13:39.758,TATATECH,831.5,2.33,799.58,805.95,847.9,806.91,0.48,46.71,59.22,57.63,i.t,computers - software - medium / small,24.15,-1.93,28.57,0.27,0.19,768.62,726.31,6.51,2026-08-20,,,,
2026-08-20T14:13:39.758,THELEELA,541.25,1.59,517.59,498.1,507.04,592.57,1.95,92.68,29.39,69.2,services,hotels,30.13,6.75,29.37,0.13,0.29,504.45,479.95,6.38,2026-08-20,,,,
2026-08-20T14:13:39.758,INDIANB,878.05,0.56,857.7,865.0,880.7,874.08,0.16,8.81,9.2,56.96,bank,banks - public sector,23.42,-0.3,3.78,-0.14,0.06,843.63,823.56,6.23,2026-08-20,,,,
2026-08-20T14:13:39.758,BAJFINANCE,1096.6,1.52,1064.57,1076.4,1101.4,1089.41,0.58,28.5,33.07,55.42,financials,finance & investments,17.69,-0.44,17.57,-0.01,0.03,1054.32,1028.31,6.14,2026-08-20,,,,
2026-08-20T14:13:39.758,IDFCFIRSTB,86.02,0.62,83.89,84.51,85.59,86.66,0.46,16.17,32.88,61.03,bank,banks - private sector,36.83,0.5,4.87,-0.06,0.04,83.7,82.44,5.32,2026-08-20,,,,
2026-08-20T14:13:39.758,GRASIM,3280.9,0.33,3185.0,3221.0,3264.48,3305.53,0.85,25.92,38.95,56.96,textiles,textiles - manmade,24.59,0.5,20.93,0.03,0.16,3147.78,3050.75,4.78,2026-08-20,,,,
2026-08-20T14:13:39.758,KPRMILL,1155.2,2.58,1103.58,1081.1,1080.57,1267.15,0.22,38.2,42.2,63.49,consumer discretionary,textiles - products,23.48,6.91,42.2,0.17,0.14,1094.92,1054.51,4.72,2026-08-20,,,,
2026-08-20T14:13:39.758,360ONE,1203.8,1.97,1162.28,1150.5,1171.11,1252.84,1.25,37.02,37.92,62.96,financials,finance & investments,12.24,2.79,6.64,-0.02,0.03,1139.41,1110.23,4.24,2026-08-20,,,,
2026-08-20T14:13:39.758,TBOTEK,1702.6,2.48,1636.31,1600.0,1648.89,1783.17,0.42,54.78,67.15,64.87,i.t,travel agencies,37.94,3.26,12.41,0.13,-0.02,1567.94,1496.24,4.12,2026-08-20,,,,
2026-08-20T14:13:39.758,ANANTRAJ,636.5,0.78,617.94,618.5,619.6,661.85,1.39,38.25,38.28,65.04,realty,construction,24.29,2.73,22.96,0.05,0.14,601.69,588.08,4.1,2026-08-20,,,,
2026-08-20T14:13:39.758,OBEROIRLTY,1897.8,1.5,1828.97,1830.4,1795.27,2051.59,0.53,31.74,25.68,58.63,realty,construction,20.1,5.71,24.54,0.13,0.1,1779.1,1704.18,4.08,2026-08-20,,,,
2026-08-20T14:13:39.758,COFORGE,1879.0,3.63,1789.97,1762.2,1848.58,1924.63,0.98,38.07,36.83,71.69,i.t,computers - software - large,32.01,1.65,10.98,0.26,-0.08,1784.4,1722.95,3.72,2026-08-20,,,,
2026-08-20T14:13:39.758,KPIL,1393.6,1.23,1353.09,1342.8,1338.57,1476.15,0.23,19.18,20.69,60.01,realty,transmisson line towers / equipment,29.73,4.11,26.62,0.15,0.15,1304.05,1247.28,3.38,2026-08-20,,,,
2026-08-20T14:13:39.758,PPLPHARMA,214.4,2.27,205.14,200.1,212.33,217.51,0.29,-103.08,-88.46,68.12,healthcare,pharmaceuticals - indian - bulk drugs & formln,45.84,0.98,36.12,0.19,0.15,198.92,188.21,3.36,2026-08-20,,,,
2026-08-20T14:13:39.758,PVRINOX,1215.0,1.17,1161.3,1165.0,1194.92,1245.12,0.38,52.83,26.52,72.44,media,entertainment / electronic media software,51.79,1.68,26.41,0.07,0.07,1140.51,1086.64,2.97,2026-08-20,,,,
2026-08-20T14:13:39.758,OIL,476.0,0.24,455.7,465.0,465.28,492.07,0.26,5.33,9.25,61.33,energy,oil drilling / allied services,32.49,2.3,10.96,-0.03,0.13,450.17,431.2,2.77,2026-08-20,,,,
2026-08-20T14:13:39.758,POONAWALLA,496.5,0.65,482.55,491.2,486.49,511.52,0.43,34.96,51.87,60.1,financials,finance & investments,34.06,2.06,10.94,-0.07,0.03,470.05,459.7,2.6,2026-08-20,,,,
2026-08-20T14:13:39.758,JINDALSTEL,1122.3,0.66,1086.23,1086.0,1109.54,1141.43,0.65,33.8,41.73,57.54,metals & mining,steel - large,21.69,1.15,7.98,-0.15,0.08,1071.46,1053.04,2.59,2026-08-20,,,,
2026-08-20T14:13:39.758,LT,4078.7,0.93,3967.33,4024.8,4073.75,4086.13,0.45,34.02,33.51,58.94,realty,engineering - turnkey services,19.33,0.12,7.06,-0.13,-0.01,3978.25,3909.11,2.2,2026-08-20,,,,
2026-08-20T14:13:39.758,PNB,118.06,0.49,115.09,115.32,116.97,119.69,0.39,5.83,6.13,65.98,bank,banks - public sector,29.18,0.93,-5.57,-0.15,-0.05,114.04,112.07,2.05,2026-08-20,,,,
2026-08-20T14:13:39.758,ETERNAL,327.7,2.41,314.92,315.55,318.6,341.35,0.93,819.25,680.85,69.31,i.t,miscellaneous,37.74,2.86,21.88,0.09,0.07,312.91,302.62,1.97,2026-08-20,,,,
2026-08-20T14:13:39.758,JYOTICNC,954.5,0.41,924.19,822.4,847.0,1115.76,0.5,95.07,67.23,73.43,industrials,engineering,30.76,12.69,12.89,0.03,-0.04,872.51,822.36,1.71,2026-08-20,,,,
2026-08-20T14:13:39.758,MOTILALOFS,978.85,3.9,923.31,890.0,880.7,1126.08,1.64,11.57,28.62,66.5,financials,finance & investments,28.37,11.14,21.31,0.16,0.03,917.03,881.36,1.68,2026-08-20,,,,
2026-08-20T14:13:39.758,PERSISTENT,5696.5,3.38,5423.32,5442.5,5530.61,5945.33,0.72,46.12,44.73,65.59,i.t,computers - software - large,18.85,3.0,-10.19,-0.05,-0.15,5402.27,5191.09,1.58,2026-08-20,,,,
2026-08-20T14:13:39.758,PETRONET,292.15,1.39,280.87,277.15,279.93,310.48,1.04,9.64,10.27,65.28,energy,miscellaneous,15.23,4.36,6.94,-0.12,0.01,279.27,271.21,1.2,2026-08-20,,,,
2026-08-20T14:13:39.758,BAJAJFINSV,2020.8,0.44,1973.23,1985.0,2042.1,1988.85,0.19,25.78,31.64,59.22,financials,finance & investments,26.4,-1.04,3.22,-0.1,-0.05,1958.4,1920.91,1.14,2026-08-20,,,,
2026-08-20T14:13:39.758,M&M,3442.5,0.81,3332.98,3371.1,3460.45,3415.58,0.31,17.64,20.66,59.7,auto,automobiles - passenger cars,32.15,-0.52,-3.23,-0.1,-0.09,3324.4,3249.72,1.01,2026-08-20,,,,
2026-08-20T14:13:39.758,LODHA,1242.0,2.64,1191.19,1195.2,1216.15,1280.77,0.25,22.61,29.29,58.29,realty,construction,31.23,2.13,26.86,0.03,0.08,1170.32,1121.05,0.82,2026-08-20,,,,
2026-08-20T14:13:39.758,CONCORDBIO,1605.8,1.15,1536.74,1428.0,1477.68,1797.98,0.58,72.73,60.85,79.9,healthcare,pharmaceuticals - indian - bulk drugs & formln,33.26,8.67,27.75,0.29,0.11,1489.69,1411.81,0.19,2026-08-20,,,,
2026-08-20T14:13:39.758,KOTAKBANK,398.5,2.11,385.29,386.75,390.81,410.03,0.54,18.08,6.71,58.46,bank,banks - private sector,26.07,1.97,-5.9,-0.14,-0.1,385.39,376.61,0.15,2026-08-20,,,,
2026-08-20T14:13:39.758,HYUNDAI,2215.5,1.89,2136.79,2160.1,2236.33,2184.25,0.61,50.63,35.69,64.26,auto,automobiles - passenger cars,38.64,-0.93,-4.44,-0.08,-0.1,2116.46,2044.69,-0.07,2026-08-20,,,,
2026-08-20T14:13:39.758,ZEEL,108.87,6.51,100.69,95.46,94.7,130.12,1.01,34.45,48.22,58.18,media,entertainment / electronic media software,15.76,14.96,31.01,0.06,0.08,97.41,89.44,-0.24,2026-08-20,,,,
2026-08-20T14:13:39.758,DEVYANI,147.4,3.15,140.63,138.25,141.24,156.64,1.04,307.08,-649.55,74.84,consumer discretionary,hotels,51.73,4.36,18.43,0.02,0.03,136.98,129.47,-0.34,2026-08-20,,,,
2026-08-20T14:13:39.758,MFSL,1574.2,1.82,1519.1,1511.2,1503.43,1680.35,0.37,141.56,483.16,55.62,financials,finance & investments,17.51,4.71,-3.08,-0.21,-0.1,1492.07,1441.58,-0.54,2026-08-20,,,,
2026-08-20T14:13:39.758,TEGA,1777.5,2.95,1690.6,1663.9,1646.66,1973.76,6.72,-38.74,455.57,68.96,industrials,engineering,13.91,7.95,-0.78,0.01,-0.1,1634.37,1586.52,-0.58,2026-08-20,,,,
2026-08-20T14:13:39.758,CONCOR,521.65,1.42,503.52,511.55,518.74,526.02,0.27,36.94,31.4,57.5,transportation,miscellaneous,21.13,0.56,4.82,-0.05,-0.02,498.21,483.39,-0.67,2026-08-20,,,,
2026-08-20T14:13:39.758,LTFOODS,433.5,0.93,415.03,416.0,426.39,444.17,0.52,20.53,23.29,68.67,fmcg,food - processing - indian,34.09,1.67,28.76,-0.05,0.03,411.11,397.83,-0.79,2026-08-20,,,,
2026-08-20T14:13:39.758,DIXON,14771.0,2.14,14180.6,13999.0,13962.35,15983.97,0.83,31.29,42.06,66.84,consumer discretionary,electronics - consumer,23.11,5.79,38.28,0.18,0.04,14038.96,13532.94,-1.17,2026-08-20,,,,
2026-08-20T14:13:39.758,MRF,134000.0,0.28,130619.3,130560.0,131803.0,137295.5,0.25,28.68,23.47,54.97,auto,tyres,12.14,1.67,-6.45,-0.17,-0.16,130905.97,128770.45,-1.59,2026-08-20,,,,
2026-08-20T14:13:39.758,BHARTIHEXA,1604.9,0.54,1557.91,1553.1,1531.28,1715.34,0.37,41.58,43.77,53.63,telecom-service,telecommunications - service provider,18.79,4.81,0.69,-0.13,-0.12,1502.48,1452.16,-2.08,2026-08-20,,,,
2026-08-20T14:13:39.758,DLF,681.35,1.71,658.51,658.25,650.44,727.71,0.39,53.06,37.3,60.29,realty,construction,10.21,4.75,11.26,-0.02,-0.07,649.39,626.52,-2.32,2026-08-20,,,,
2026-08-20T14:13:39.758,AFFLE,1731.3,2.21,1660.02,1632.5,1682.78,1804.09,0.45,47.41,49.79,63.1,i.t,computers - software - medium / small,20.57,2.88,4.53,0.05,0.02,1625.18,1558.28,-2.34,2026-08-20,,,,
2026-08-20T14:13:39.758,KFINTECH,966.95,2.0,918.06,911.7,939.68,1007.85,1.45,55.44,47.83,59.96,financials,miscellaneous,20.71,2.9,-3.97,-0.14,-0.13,908.02,870.58,-2.58,2026-08-20,,,,
2026-08-20T14:13:39.758,SUPREMEIND,3663.0,1.47,3529.96,3446.5,3504.49,3900.77,0.51,41.44,44.42,65.63,plastic products,plastics products,17.1,4.52,8.63,-0.14,0.06,3504.58,3390.76,-2.69,2026-08-20,,,,
2026-08-20T14:13:39.758,DALBHARAT,1921.9,2.5,1826.72,1822.3,1823.47,2069.55,1.85,47.95,37.65,69.01,building materials,cement - south india,14.25,5.4,-12.28,-0.17,-0.07,1841.11,1783.62,-3.21,2026-08-20,,,,
2026-08-20T14:13:39.758,BRIGADE,608.0,3.45,577.07,576.0,590.2,634.69,0.55,24.76,22.29,64.09,realty,construction,24.28,3.02,2.36,0.01,-0.12,570.82,544.84,-3.81,2026-08-20,,,,
2026-08-20T14:13:39.758,DCMSHRIRAM,1080.0,2.92,1027.04,1002.1,999.72,1200.42,1.17,6.79,11.9,65.89,miscellaneous,diversified - mega,26.65,8.03,-2.7,-0.1,-0.15,1018.24,973.93,-4.46,2026-08-20,,,,
2026-08-20T14:13:39.758,JUBLFOOD,509.25,2.2,489.12,494.75,501.31,521.15,0.39,86.61,76.19,67.41,consumer discretionary,hotels,42.93,1.58,0.59,-0.11,-0.17,477.9,456.04,-4.58,2026-08-20,,,,
2026-08-20T14:13:39.758,JMFINANCIL,129.8,2.77,124.46,124.72,125.41,136.38,0.84,10.64,11.62,57.23,financials,finance & investments,8.1,3.5,0.78,-0.16,-0.13,122.29,117.55,-4.63,2026-08-20,,,,
2026-08-20T14:13:39.758,SAPPHIRE,240.5,2.91,229.81,229.05,231.54,253.95,0.81,136.65,-467.42,74.22,consumer discretionary,hotels,44.45,3.87,17.55,0.01,-0.09,221.25,211.76,-5.0,2026-08-20,,,,
2026-08-20T14:13:39.758,CLEAN,838.9,2.39,805.27,815.0,812.81,878.03,0.84,30.39,37.38,63.99,chemicals,chemicals,28.91,3.21,-1.87,0.02,-0.09,790.14,763.57,-5.77,2026-08-20,,,,
2026-08-20T14:13:39.758,EIDPARRY,798.4,1.44,771.8,772.2,780.62,825.07,3.74,25.08,30.11,56.82,fmcg,sugar,16.45,2.28,-12.2,-0.19,-0.25,748.74,727.94,-7.31,2026-08-20,,,,
2026-08-18T10:02:01.315,ATHERENERG,1498.2,0.88,1450.69,1475.0,1495.03,1502.96,0.16,-281.62,-144.47,66.86,auto,automobiles - scooters and 3 - wheelers,60.33,0.21,142.22,0.95,1.11,1384.4,1304.86,56.89,2026-08-18,,,,
2026-08-18T10:02:01.315,HFCL,228.1,3.92,213.65,215.0,207.21,259.43,0.25,38.27,57.16,61.68,telecom,cables - telephone,19.55,10.08,236.7,2.05,2.12,209.2,195.18,52.36,2026-08-18,,,,
2026-08-18T10:02:01.315,NETWEB,5325.0,2.16,4990.94,4753.0,4940.91,5901.14,0.53,88.87,113.56,68.52,i.t,computers - hardware,27.86,7.77,59.09,0.6,0.6,4865.37,4529.64,33.32,2026-08-18,,,,
2026-08-18T10:02:01.315,RRKABEL,2794.0,1.65,2685.69,2708.3,2806.66,2775.02,0.51,38.51,51.16,66.1,industrials,cables - power,46.26,-0.45,89.39,0.83,0.93,2608.51,2545.39,29.88,2026-08-18,,,,
2026-08-18T10:02:01.315,WELCORP,1907.5,1.35,1844.36,1840.0,1854.16,1987.52,0.19,12.02,21.49,76.47,industrials,steel - large,43.39,2.88,158.92,1.16,1.18,1817.06,1776.63,29.39,2026-08-18,,,,
2026-08-18T10:02:01.315,SYRMA,1506.0,2.6,1459.12,1451.0,1435.78,1611.32,0.84,72.54,76.25,64.03,consumer discretionary,electronics - components,30.18,4.89,112.69,0.6,0.83,1398.83,1333.46,26.32,2026-08-18,,,,
2026-08-18T10:02:01.315,CHENNPETRO,1423.0,2.94,1359.55,1308.0,1321.36,1575.45,0.76,5.14,4.93,63.47,energy,refineries,25.91,7.69,65.59,0.47,0.47,1269.51,1179.29,26.3,2026-08-18,,,,
2026-08-18T10:02:01.315,IDEA,13.72,0.07,13.23,12.83,12.82,15.08,0.66,-9.8,3.97,56.34,telecom-service,telecommunications - service provider,30.39,7.06,27.73,0.11,0.31,12.82,12.23,23.57,2026-08-18,,,,
2026-08-18T10:02:01.315,NATIONALUM,388.45,0.23,378.08,375.0,386.69,391.1,0.07,8.9,10.54,56.86,metals & mining,aluminium and aluminium products,28.64,0.46,7.47,0.03,0.42,359.62,339.45,23.31,2026-08-18,,,,
2026-08-18T10:02:01.315,DATAPATTNS,4640.0,2.46,4434.5,4399.9,4380.98,5028.53,0.44,294.42,94.62,58.09,aerospace & defence,electronics - components,8.73,5.91,82.53,0.51,0.55,4337.1,4148.33,21.47,2026-08-18,,,,
2026-08-18T10:02:01.315,AEGISLOG,1337.1,3.88,1277.04,1241.5,1267.45,1441.58,0.42,24.22,36.11,55.63,services,trading,28.84,5.5,89.28,0.75,0.67,1203.16,1137.3,21.19,2026-08-18,,,,
2026-08-18T10:02:01.315,MOTHERSON,169.85,1.07,164.74,166.71,166.12,175.44,0.15,43.33,40.5,73.49,auto,auto ancillaries,33.4,2.24,48.78,0.18,0.38,162.18,157.13,19.9,2026-08-18,,,,
2026-08-18T10:02:01.315,SONACOMS,817.8,1.58,789.88,790.0,813.74,823.89,0.19,70.5,71.88,70.67,auto,auto ancillaries,63.02,0.5,77.81,0.44,0.56,777.25,750.04,19.87,2026-08-18,,,,
2026-08-18T10:02:01.315,SAILIFE,1442.4,1.84,1395.03,1409.0,1425.43,1467.86,0.47,104.22,82.49,65.43,healthcare,pharmaceuticals - indian - bulk drugs & formln,32.59,1.19,65.47,0.44,0.59,1341.84,1297.02,17.83,2026-08-18,,,,
2026-08-18T10:02:01.315,ANANDRATHI,2187.0,0.51,2129.25,2160.1,2114.53,2295.7,0.07,55.68,46.92,69.45,financials,finance & investments,35.29,3.43,41.46,0.34,0.45,2104.29,2043.26,15.89,2026-08-18,,,,
2026-08-18T10:02:01.315,NAVINFLUOR,8213.0,0.76,7987.98,8110.0,8076.77,8417.34,0.05,43.27,52.87,58.0,chemicals,chemicals,29.85,1.69,33.41,0.21,0.37,7771.39,7467.17,15.85,2026-08-18,,,,
2026-08-18T10:02:01.315,CRAFTSMAN,10611.5,1.25,10280.69,10205.0,10446.38,10859.18,0.06,42.71,52.15,65.92,auto,auto ancillaries,42.05,1.58,36.61,0.26,0.48,9981.17,9560.42,14.88,2026-08-18,,,,
2026-08-18T10:02:01.315,MINDACORP,760.5,4.87,713.24,706.55,718.56,823.41,1.16,21.73,34.08,66.34,auto,auto ancillaries,30.11,5.84,35.66,0.18,0.22,696.84,651.34,14.53,2026-08-18,,,,
2026-08-18T10:02:01.315,AUROPHARMA,1643.0,0.97,1596.42,1617.9,1626.78,1667.33,0.09,23.0,25.43,58.97,healthcare,pharmaceuticals - indian - bulk drugs & formln,31.43,1.0,40.16,0.28,0.31,1575.34,1525.89,13.46,2026-08-18,,,,
2026-08-18T10:02:01.315,ABB,7696.0,0.47,7503.86,7585.5,7618.16,7812.76,0.07,112.58,54.32,61.13,industrials,electric equipment,35.32,1.02,57.96,0.2,0.44,7389.98,7198.46,13.23,2026-08-18,,,,
2026-08-18T10:02:01.315,GLAND,2915.0,0.17,2832.4,2825.5,2792.14,3099.29,0.03,37.9,42.48,71.28,healthcare,pharmaceuticals - indian - formulations,46.76,4.4,71.06,0.49,0.6,2708.75,2564.06,13.02,2026-08-18,,,,
2026-08-18T10:02:01.315,WELSPUNLIV,181.5,7.94,164.44,159.01,157.67,217.24,3.39,26.85,55.13,67.58,textiles,textiles - products,20.08,15.11,50.32,0.21,0.29,163.06,149.53,12.42,2026-08-18,,,,
2026-08-18T10:02:01.315,IFCI,80.24,1.66,76.79,72.71,74.72,88.51,0.3,167.17,123.33,62.62,financials,finance - term-lending institutions,12.88,7.38,32.97,0.19,0.52,74.54,71.13,12.39,2026-08-18,,,,
2026-08-18T10:02:01.315,AJANTPHARM,3791.2,1.96,3636.49,3485.0,3527.93,4186.1,0.23,35.43,40.93,75.29,healthcare,pharmaceuticals - indian - formulations,34.63,7.46,41.44,0.19,0.42,3610.75,3479.11,11.3,2026-08-18,,,,
2026-08-18T10:02:01.315,VIJAYA,1509.4,0.19,1461.18,1421.1,1415.96,1649.55,0.1,73.13,82.64,67.48,healthcare,healthcare,35.96,6.6,52.84,0.38,0.44,1392.6,1316.9,10.97,2026-08-18,,,,
2026-08-18T10:02:01.315,TVSMOTOR,4386.8,0.02,4268.78,4297.1,4500.24,4216.64,0.06,51.1,60.79,67.25,auto,automobiles - motorcycles / mopeds,46.71,-2.52,19.6,0.06,0.16,4238.36,4147.33,10.85,2026-08-18,,,,
2026-08-18T10:02:01.315,DIVISLAB,8611.0,1.53,8333.92,8414.0,8644.01,8561.48,0.28,63.41,76.96,74.48,healthcare,pharmaceuticals - indian - bulk drugs,59.96,-0.38,38.09,0.29,0.3,8281.64,8053.63,10.76,2026-08-18,,,,
2026-08-18T10:02:01.315,TITAN,5060.6,-0.16,4951.06,4992.0,5078.78,5033.34,0.07,63.16,78.07,67.88,consumer discretionary,diamond cutting / jewellery,51.61,-0.36,20.59,0.12,0.26,4889.26,4795.05,10.73,2026-08-18,,,,
2026-08-18T10:02:01.315,SOLARINDS,20244.0,1.22,19629.4,18530.0,18920.58,22229.13,0.48,70.18,90.88,69.21,aerospace & defence,chemicals,18.37,6.99,57.73,0.42,0.47,19032.94,18302.65,10.19,2026-08-18,,,,
2026-08-18T10:02:01.315,OFSS,11763.0,-0.22,11467.96,11318.0,11542.85,12093.22,0.06,18.09,30.06,58.03,i.t,computers - software - large,13.76,1.91,47.79,0.62,0.4,11178.89,10763.8,10.11,2026-08-18,,,,
2026-08-18T10:02:01.315,BAJAJ-AUTO,11760.0,0.83,11465.02,11607.0,11867.1,11599.35,0.07,25.45,27.7,67.04,auto,automobiles - scooters and 3 - wheelers,57.51,-0.9,23.93,0.12,0.25,11423.57,11179.25,10.11,2026-08-18,,,,
2026-08-18T10:02:01.315,AARTIIND,527.1,0.08,512.39,503.25,507.28,556.83,0.06,30.86,35.98,64.07,chemicals,chemicals,25.79,3.91,48.79,0.07,0.35,497.15,475.58,9.56,2026-08-18,,,,
2026-08-18T10:02:01.315,IPCALAB,1909.5,1.32,1832.6,1720.0,1704.34,2217.24,0.87,30.14,35.46,64.47,healthcare,pharmaceuticals - indian - bulk drugs & formln,20.87,12.04,26.49,0.18,0.29,1730.31,1605.41,9.55,2026-08-18,,,,
2026-08-18T10:02:01.315,HEG,701.0,0.39,682.08,671.0,696.16,708.26,0.08,27.64,37.56,70.89,industrials,electrodes - graphites,57.23,0.7,21.48,0.22,0.3,663.31,638.94,9.41,2026-08-18,,,,
2026-08-18T10:02:01.315,MRPL,183.1,3.36,172.88,170.0,169.27,203.85,0.81,8.48,9.88,61.39,energy,refineries,24.37,8.17,21.16,-0.09,0.11,167.1,158.65,9.35,2026-08-18,,,,
2026-08-18T10:02:01.315,IIFL,634.15,0.65,615.98,615.2,628.88,642.06,0.19,9.99,12.74,69.7,financials,finance & investments,47.78,0.84,0.16,0.14,0.06,605.98,591.11,9.23,2026-08-18,,,,
2026-08-18T10:02:01.315,EICHERMOT,8057.5,0.09,7856.17,7940.0,8060.85,8052.48,0.05,37.79,38.26,63.06,auto,automobiles - motorcycles / mopeds,33.65,-0.04,10.16,-0.07,0.1,7826.48,7685.72,9.23,2026-08-18,,,,
2026-08-18T10:02:01.315,GRAPHITE,730.0,0.07,711.58,717.75,723.05,740.43,0.07,20.69,66.8,64.25,industrials,electrodes - graphites,40.26,0.96,14.23,0.0,0.3,685.31,661.58,9.1,2026-08-18,,,,
2026-08-18T10:02:01.315,ZENTEC,1905.6,2.2,1818.1,1810.1,1722.52,2180.22,0.51,124.39,93.04,66.97,aerospace & defence,miscellaneous,19.67,10.63,43.51,0.32,0.32,1790.22,1733.08,9.02,2026-08-18,,,,
2026-08-18T10:02:01.315,FLUOROCHEM,4730.3,0.48,4580.23,4410.0,4571.28,4968.83,0.1,58.63,84.53,65.84,chemicals,chemicals,41.19,3.48,38.54,0.31,0.34,4375.01,4142.15,8.62,2026-08-18,,,,
2026-08-18T10:02:01.315,SIEMENS,3956.4,0.34,3857.87,3910.3,3973.16,3931.25,0.09,16.44,42.85,62.68,industrials,electric equipment,30.23,-0.42,35.56,0.13,0.14,3770.82,3663.74,7.52,2026-08-18,,,,
2026-08-18T10:02:01.315,APLAPOLLO,2091.7,0.5,2033.6,1989.4,2020.44,2198.59,0.08,55.16,47.01,73.55,industrials,steel - large,31.0,3.53,7.78,-0.13,0.17,1995.06,1933.77,7.06,2026-08-18,,,,
2026-08-18T10:02:01.315,BALRAMCHIN,658.15,0.37,643.86,592.55,626.2,706.08,0.18,76.17,35.74,61.7,fmcg,sugar,34.45,5.1,56.53,0.31,0.41,610.62,580.48,6.41,2026-08-18,,,,
2026-08-18T10:02:01.315,BOSCHLTD,47365.0,0.84,45839.5,45040.0,44695.5,51369.25,0.14,49.46,58.62,78.05,auto,auto ancillaries,40.73,5.97,28.59,0.23,0.25,45296.68,43830.44,6.13,2026-08-18,,,,
2026-08-18T10:02:01.315,CARTRADE,2806.4,0.34,2724.5,2690.9,2717.99,2939.01,0.03,65.63,57.73,54.36,consumer discretionary,miscellaneous,34.72,3.25,3.43,0.27,-0.09,2668.38,2572.86,5.84,2026-08-18,,,,
2026-08-18T10:02:01.315,ENGINERSIN,242.11,0.8,234.47,238.0,236.31,250.81,0.16,21.54,17.22,56.11,realty,engineering - turnkey services,24.4,2.45,29.39,-0.02,0.18,226.65,218.55,5.54,2026-08-18,,,,
2026-08-18T10:02:01.315,GRASIM,3278.6,0.87,3185.49,3201.0,3248.61,3323.59,0.27,25.91,38.72,56.93,textiles,textiles - manmade,24.83,0.92,16.69,0.04,0.16,3127.88,3020.04,5.23,2026-08-18,,,,
2026-08-18T10:02:01.315,ENRIN,3621.0,0.42,3518.2,3488.0,3419.41,3923.38,0.08,73.12,86.28,61.07,power & utilities,power generation and supply,23.32,5.9,55.61,0.19,0.1,3393.08,3240.14,4.23,2026-08-18,,,,
2026-08-18T10:02:01.315,GLENMARK,2324.1,-0.21,2265.76,2272.4,2256.86,2424.95,0.07,33.96,36.56,61.48,healthcare,pharmaceuticals - indian - bulk drugs & formln,14.28,2.98,16.19,0.05,0.14,2244.92,2194.33,4.16,2026-08-18,,,,
2026-08-18T10:02:01.315,ENDURANCE,3001.2,0.77,2909.62,2878.0,2930.42,3107.36,0.14,43.17,43.19,64.68,auto,auto ancillaries,22.4,2.42,18.84,0.11,0.09,2827.91,2715.65,4.09,2026-08-18,,,,
2026-08-18T10:02:01.315,ANANTRAJ,624.0,-0.57,610.54,600.15,617.92,633.12,0.06,37.5,38.03,59.73,realty,construction,23.19,0.98,13.24,0.06,0.09,592.53,573.93,3.58,2026-08-18,,,,
2026-08-18T10:02:01.315,KPRMILL,1136.0,0.04,1103.87,1077.1,1060.24,1249.64,0.03,37.57,42.55,60.93,consumer discretionary,textiles - products,21.09,7.15,35.71,0.15,0.07,1077.56,1037.73,3.5,2026-08-18,,,,
2026-08-18T10:02:01.315,HAL,5089.1,0.6,4938.22,4803.4,4931.01,5326.24,0.46,53.52,36.3,76.68,aerospace & defence,engineering,31.99,3.21,14.93,0.11,0.09,4850.72,4695.83,3.45,2026-08-18,,,,
2026-08-18T10:02:01.315,UNOMINDA,1273.8,0.31,1237.74,1230.1,1259.43,1295.35,0.14,62.2,60.91,67.35,auto,auto ancillaries,21.85,1.14,7.6,-0.04,-0.05,1216.9,1181.63,3.41,2026-08-18,,,,
2026-08-18T10:02:01.315,TIMKEN,3311.9,0.65,3224.3,3200.0,3235.76,3426.11,0.03,52.04,58.08,56.04,industrials,bearings,19.18,2.35,10.77,0.0,0.01,3167.72,3072.38,3.4,2026-08-18,,,,
2026-08-18T10:02:01.315,PVRINOX,1216.0,2.01,1164.73,1155.0,1187.84,1258.24,0.54,52.87,26.33,72.27,media,entertainment / electronic media software,50.03,2.37,18.17,0.09,0.06,1136.24,1089.22,3.27,2026-08-18,,,,
2026-08-18T10:02:01.315,POONAWALLA,500.75,0.66,488.04,481.65,481.8,529.18,0.1,35.26,52.31,62.66,financials,finance & investments,32.7,3.93,7.97,0.0,0.02,473.57,455.69,3.25,2026-08-18,,,,
2026-08-18T10:02:01.315,OIL,482.4,1.63,469.42,465.8,460.37,515.45,0.29,5.4,9.24,65.58,energy,oil drilling / allied services,32.63,4.79,7.58,-0.04,0.12,456.25,440.04,2.68,2026-08-18,,,,
2026-08-18T10:02:01.315,ACE,1157.6,3.94,1094.66,1062.3,1101.44,1241.85,0.54,28.82,30.34,65.01,industrials,engineering,35.35,5.1,36.55,0.17,0.14,1081.32,1025.51,2.43,2026-08-18,,,,
2026-08-18T10:02:01.315,JSL,744.95,0.13,726.77,712.5,729.29,768.44,0.14,19.94,18.86,59.07,metals & mining,steel - large,12.96,2.15,-8.36,-0.09,-0.05,719.99,701.36,1.84,2026-08-18,,,,
2026-08-18T10:02:01.315,ETERNAL,318.9,0.28,310.95,312.6,317.08,321.63,0.12,797.25,676.6,65.0,i.t,miscellaneous,37.27,0.57,11.12,0.03,0.03,305.17,297.18,1.47,2026-08-18,,,,
2026-08-18T10:02:01.315,BEL,412.8,0.09,402.93,399.3,396.54,437.19,0.16,71.67,49.1,59.98,aerospace & defence,electronics - components,15.79,4.1,0.73,-0.13,-0.03,401.23,394.4,1.3,2026-08-18,,,,
2026-08-18T10:02:01.315,GLAXO,2708.7,0.22,2637.47,2579.5,2640.99,2810.27,0.06,48.37,43.59,70.44,healthcare,pharmaceuticals - multinational,32.35,2.56,15.52,-0.04,0.04,2605.74,2531.52,0.8,2026-08-18,,,,
2026-08-18T10:02:01.315,PETRONET,283.05,0.44,276.16,273.0,277.78,290.95,0.13,9.34,10.04,55.59,energy,miscellaneous,11.31,1.9,-0.35,-0.12,0.01,270.91,264.01,0.72,2026-08-18,,,,
2026-08-18T10:02:01.315,HYUNDAI,2215.3,1.16,2135.42,2172.4,2233.55,2187.92,0.16,50.62,35.94,65.01,auto,automobiles - passenger cars,39.57,-0.82,-5.34,-0.06,-0.1,2117.08,2050.02,0.68,2026-08-18,,,,
2026-08-18T10:02:01.315,NAUKRI,1348.1,-0.57,1304.48,1329.6,1312.49,1401.52,0.04,48.99,54.89,68.36,i.t,miscellaneous,40.49,2.71,1.43,0.1,-0.06,1270.91,1220.42,0.42,2026-08-18,,,,
2026-08-18T10:02:01.315,INDGN,560.7,-0.19,545.17,552.05,559.28,562.83,0.03,28.96,33.62,61.84,healthcare,miscellaneous,28.51,0.25,13.09,0.08,0.02,529.78,507.6,0.23,2026-08-18,,,,
2026-08-18T10:02:01.315,BEML,1946.5,1.99,1857.39,1869.1,1807.03,2155.71,0.59,-150.19,78.47,65.24,aerospace & defence,engineering,20.84,7.72,8.77,0.04,0.05,1819.03,1729.92,0.15,2026-08-18,,,,
2026-08-18T10:02:01.315,CONCORDBIO,1548.8,2.23,1493.52,1418.0,1428.28,1729.59,0.43,70.14,58.07,76.19,healthcare,pharmaceuticals - indian - bulk drugs & formln,28.72,8.44,14.66,0.23,0.04,1442.72,1365.36,-0.07,2026-08-18,,,,
2026-08-18T10:02:01.315,KAJARIACER,1245.6,-0.48,1216.18,1211.9,1197.96,1317.05,0.03,29.27,36.51,60.01,building materials,ceramics - tiles / sanitaryware,22.95,3.98,24.73,0.23,0.12,1186.74,1146.29,-0.15,2026-08-18,,,,
2026-08-18T10:02:01.315,POLICYBZR,1740.7,0.73,1687.95,1691.2,1677.29,1835.82,0.05,123.28,106.48,65.39,i.t,miscellaneous,29.25,3.78,7.47,0.07,-0.1,1652.17,1594.87,-0.34,2026-08-18,,,,
2026-08-18T10:02:01.315,MAZDOCK,2585.7,0.62,2504.98,2485.9,2513.49,2694.01,0.33,47.46,36.27,66.99,aerospace & defence,miscellaneous,28.63,2.87,5.68,0.01,-0.06,2462.04,2387.59,-0.56,2026-08-18,,,,
2026-08-18T10:02:01.315,RELIANCE,1323.8,0.59,1284.98,1298.1,1306.89,1349.16,0.15,21.38,23.83,54.75,energy,refineries,9.86,1.29,-9.19,-0.15,-0.17,1283.32,1257.76,-1.22,2026-08-18,,,,
2026-08-18T10:02:01.315,LTFOODS,420.7,0.85,407.88,416.0,422.08,418.62,0.11,19.92,22.62,62.29,fmcg,food - processing - indian,30.98,-0.33,15.64,-0.09,-0.02,401.61,388.74,-1.46,2026-08-18,,,,
2026-08-18T10:02:01.315,JYOTICNC,888.8,3.6,842.85,802.6,820.31,991.54,1.0,88.53,60.68,66.13,industrials,engineering,27.84,8.35,-3.79,-0.01,-0.13,819.8,774.11,-1.66,2026-08-18,,,,
2026-08-18T10:02:01.315,DIXON,14215.0,1.35,13785.66,13645.0,13918.58,14659.63,0.28,30.12,40.78,58.42,consumer discretionary,electronics - consumer,22.56,2.13,32.45,0.11,-0.05,13545.69,13248.7,-2.1,2026-08-18,,,,
2026-08-18T10:02:01.315,LTM,4678.0,-0.47,4497.12,4588.9,4776.81,4529.79,0.15,23.65,26.63,62.66,i.t,computers - software - large,31.6,-2.07,-25.84,-0.16,-0.27,4429.33,4248.82,-2.25,2026-08-18,,,,
2026-08-18T10:02:01.315,SUPREMEIND,3615.2,0.7,3508.4,3383.0,3468.41,3835.38,0.12,40.9,44.17,62.44,plastic products,plastics products,13.81,4.23,3.61,-0.14,0.05,3444.24,3323.63,-2.92,2026-08-18,,,,
2026-08-18T10:02:01.315,HAVELLS,1302.0,0.23,1271.45,1254.3,1289.6,1320.6,0.07,70.3,49.88,67.95,consumer discretionary,electric equipment,23.52,0.96,-8.7,-0.16,-0.12,1256.38,1231.97,-2.99,2026-08-18,,,,
2026-08-18T10:02:01.315,BLS,275.71,1.16,266.57,259.51,262.37,295.72,0.19,14.92,15.89,69.73,i.t,computers - software - medium / small,33.81,5.08,-8.6,-0.11,-0.18,257.79,246.4,-6.83,2026-08-18,,,,
2026-08-17T13:32:08.06,NETWEB,5207.5,4.0,4908.13,4753.0,4860.55,5727.92,0.28,86.91,109.09,66.22,i.t,computers - hardware,26.21,7.14,63.37,0.55,0.56,4753.24,4429.04,31.1,2026-08-17,,,,
2026-08-17T13:32:08.06,HINDCOPPER,567.5,7.27,523.42,515.0,524.14,632.54,1.4,38.98,45.06,67.48,metals & mining,mining / minerals / metals,24.38,8.27,-0.87,-0.12,0.62,511.22,469.5,29.31,2026-08-17,,,,
2026-08-17T13:32:08.06,CHENNPETRO,1373.0,3.87,1295.56,1237.0,1309.36,1468.47,0.21,4.96,4.72,60.01,energy,refineries,24.89,4.86,56.89,0.44,0.46,1227.42,1119.83,24.67,2026-08-17,,,,
2026-08-17T13:32:08.06,NATIONALUM,389.35,3.55,370.34,375.0,383.39,398.28,0.27,8.92,10.23,57.13,metals & mining,aluminium and aluminium products,28.72,1.55,4.28,0.03,0.43,355.94,333.04,22.93,2026-08-17,,,,
2026-08-17T13:32:08.06,BHEL,433.35,2.76,413.36,401.65,405.8,474.67,0.22,100.31,60.33,64.59,industrials,electric equipment,20.25,6.79,62.07,0.56,0.44,410.09,392.65,20.57,2026-08-17,,,,
2026-08-17T13:32:08.06,MCX,2977.7,2.27,2834.26,2742.6,2726.33,3354.76,0.11,45.92,18.86,62.55,financials,miscellaneous,21.47,9.22,23.21,0.17,0.41,2788.26,2649.27,20.16,2026-08-17,,,,
2026-08-17T13:32:08.06,SONACOMS,809.45,2.2,783.02,790.0,810.89,807.29,0.18,69.78,70.71,68.96,auto,auto ancillaries,62.91,-0.18,75.38,0.41,0.54,766.97,739.95,19.23,2026-08-17,,,,
2026-08-17T13:32:08.06,NEULANDLAB,23621.0,1.29,22511.58,22281.0,21981.62,26080.08,0.34,51.31,60.11,73.77,healthcare,pharmaceuticals - indian - bulk drugs,43.71,7.46,65.62,0.67,0.38,21819.68,20672.69,19.06,2026-08-17,,,,
2026-08-17T13:32:08.06,MOTHERSON,168.49,0.11,164.23,166.71,164.28,174.81,0.07,42.98,40.55,72.54,auto,auto ancillaries,32.17,2.57,48.44,0.18,0.4,160.22,154.88,18.53,2026-08-17,,,,
2026-08-17T13:32:08.06,DATAPATTNS,4506.4,1.14,4379.62,4372.0,4367.25,4715.12,0.11,285.94,93.1,53.35,aerospace & defence,electronics - components,8.6,3.19,74.77,0.5,0.49,4204.39,4031.49,18.15,2026-08-17,,,,
2026-08-17T13:32:08.06,SHRIRAMFIN,1127.8,0.52,1089.96,1112.2,1113.9,1148.65,0.13,18.97,19.8,61.33,financials,finance & investments,21.17,1.25,14.98,-0.03,0.28,1079.43,1043.56,17.5,2026-08-17,,,,
2026-08-17T13:32:08.06,CRAFTSMAN,10434.5,1.79,10045.98,10205.0,10390.05,10501.17,0.12,41.99,51.01,62.89,auto,auto ancillaries,41.2,0.43,32.93,0.24,0.43,9756.71,9408.87,14.77,2026-08-17,,,,
2026-08-17T13:32:08.06,FINCABLES,1308.2,4.92,1227.06,1052.65,1104.75,1613.37,0.66,20.09,23.84,76.08,industrials,cables - power,33.77,18.42,68.48,0.49,0.69,1169.87,1081.87,13.71,2026-08-17,,,,
2026-08-17T13:32:08.06,MINDACORP,727.45,1.03,705.89,706.55,715.26,745.73,0.36,20.78,33.84,58.41,auto,auto ancillaries,28.19,1.7,27.94,0.12,0.22,666.37,625.66,12.71,2026-08-17,,,,
2026-08-17T13:32:08.06,ABB,7687.5,0.5,7474.46,7561.5,7602.46,7815.06,0.08,112.46,54.24,60.73,industrials,electric equipment,34.6,1.12,55.79,0.23,0.43,7350.4,7162.57,12.53,2026-08-17,,,,
2026-08-17T13:32:08.06,KEI,5839.1,2.44,5586.0,5572.2,5571.22,6240.92,0.19,50.9,54.66,72.46,industrials,cables - power,31.75,4.81,33.18,0.18,0.37,5543.36,5362.15,12.41,2026-08-17,,,,
2026-08-17T13:32:08.06,HINDALCO,1051.2,2.11,1012.34,1021.35,1039.43,1068.85,0.1,8.32,13.94,59.94,metals & mining,aluminium and aluminium products,29.66,1.13,10.05,0.07,0.25,995.98,955.37,11.98,2026-08-17,,,,
2026-08-17T13:32:08.06,PNBHOUSING,1152.7,0.19,1114.26,1135.7,1119.11,1203.09,0.08,13.47,12.95,62.41,financials,finance - housing,24.15,3.0,18.26,0.27,0.23,1095.08,1052.87,11.83,2026-08-17,,,,
2026-08-17T13:32:08.06,TITAN,5104.6,0.96,4950.37,4992.0,5066.02,5162.47,0.07,63.71,77.88,70.53,consumer discretionary,diamond cutting / jewellery,51.46,0.76,20.94,0.13,0.27,4919.37,4786.85,11.47,2026-08-17,,,,
2026-08-17T13:32:08.06,IFCI,79.35,3.13,74.24,72.71,74.01,87.36,0.16,165.31,120.22,60.87,financials,finance - term-lending institutions,12.12,7.22,42.78,0.16,0.49,73.65,69.62,11.24,2026-08-17,,,,
2026-08-17T13:32:08.06,AJANTPHARM,3703.2,0.83,3589.84,3485.0,3491.49,4020.76,0.23,34.61,40.43,71.34,healthcare,pharmaceuticals - indian - formulations,33.23,6.06,36.84,0.17,0.4,3524.83,3425.85,10.3,2026-08-17,,,,
2026-08-17T13:32:08.06,TVSMOTOR,4368.8,1.43,4219.39,4297.1,4493.83,4181.25,0.13,50.89,59.7,66.52,auto,automobiles - motorcycles / mopeds,46.56,-2.78,18.4,0.04,0.15,4210.14,4108.35,10.26,2026-08-17,,,,
2026-08-17T13:32:08.06,VIJAYA,1480.7,0.45,1440.5,1382.9,1395.99,1607.76,0.04,71.74,80.86,64.61,healthcare,healthcare,33.92,6.07,48.86,0.38,0.43,1359.92,1283.43,10.21,2026-08-17,,,,
2026-08-17T13:32:08.06,BAJAJ-AUTO,11743.0,0.37,11433.66,11607.0,11874.59,11545.62,0.13,25.42,27.78,67.34,auto,automobiles - scooters and 3 - wheelers,56.91,-1.11,22.59,0.11,0.25,11382.89,11169.81,10.03,2026-08-17,,,,
2026-08-17T13:32:08.06,AUBANK,1080.3,-0.15,1051.25,1048.3,1066.42,1101.12,0.1,25.41,28.31,57.54,bank,banks - private sector,24.0,1.3,10.65,0.0,0.1,1033.56,1010.7,10.02,2026-08-17,,,,
2026-08-17T13:32:08.06,RBLBANK,385.75,0.2,374.07,381.7,385.99,385.39,0.04,30.91,27.62,58.42,bank,banks - private sector,21.84,-0.06,23.72,0.13,0.21,373.38,364.25,9.97,2026-08-17,,,,
2026-08-17T13:32:08.06,OFSS,11821.0,-0.06,11514.02,11318.0,11491.37,12315.45,0.1,18.18,30.16,59.51,i.t,computers - software - large,14.67,2.87,56.96,0.64,0.4,11148.5,10743.13,9.89,2026-08-17,,,,
2026-08-17T13:32:08.06,UNIONBANK,189.95,1.37,180.58,179.88,181.4,202.77,0.18,6.43,6.93,71.16,bank,banks - public sector,28.62,4.71,6.14,-0.02,0.19,180.61,173.65,9.77,2026-08-17,,,,
2026-08-17T13:32:08.06,ASHOKLEY,173.53,1.1,168.54,169.75,174.98,171.35,0.25,41.32,28.99,60.28,auto,automobiles - lcvs / hcvs,25.49,-0.83,-6.96,-0.22,0.05,162.74,157.57,9.63,2026-08-17,,,,
2026-08-17T13:32:08.06,WELSPUNLIV,166.82,1.68,161.75,159.01,156.23,182.7,0.89,24.68,53.79,56.08,textiles,textiles - products,17.5,6.78,33.4,0.09,0.14,150.61,141.29,9.28,2026-08-17,,,,
2026-08-17T13:32:08.06,EICHERMOT,8058.5,-0.1,7895.86,7940.0,8047.95,8074.32,0.18,37.8,38.33,63.31,auto,automobiles - motorcycles / mopeds,32.72,0.13,9.53,-0.08,0.09,7811.36,7732.51,9.19,2026-08-17,,,,
2026-08-17T13:32:08.06,SOLARINDS,20028.0,0.3,19512.78,18420.0,18708.0,22007.99,0.24,69.44,90.74,67.35,aerospace & defence,chemicals,17.04,7.06,55.56,0.41,0.46,18765.72,18123.01,9.13,2026-08-17,,,,
2026-08-17T13:32:08.06,IPCALAB,1866.7,7.64,1769.78,1683.1,1686.94,2136.34,7.43,29.46,32.63,61.4,healthcare,pharmaceuticals - indian - bulk drugs & formln,19.7,10.66,23.07,0.16,0.27,1669.49,1599.98,8.77,2026-08-17,,,,
2026-08-17T13:32:08.06,GRAPHITE,731.6,1.39,703.93,718.3,718.47,751.29,0.09,20.74,66.08,64.59,industrials,electrodes - graphites,39.28,1.83,15.64,0.04,0.29,683.26,651.35,8.76,2026-08-17,,,,
2026-08-17T13:32:08.06,POLYCAB,9359.0,1.29,9064.02,9025.0,9093.79,9756.81,0.11,44.92,48.35,54.81,industrials,cables - power,9.4,2.92,27.8,0.14,0.22,9044.67,8842.92,8.26,2026-08-17,,,,
2026-08-17T13:32:08.06,PTCIL,20436.0,7.28,18701.34,18720.0,18667.25,23089.12,3.49,127.85,281.18,75.85,industrials,castings & forgings,32.34,9.48,13.12,0.02,0.08,19089.7,18242.97,8.16,2026-08-17,,,,
2026-08-17T13:32:08.06,MRPL,174.33,2.22,167.16,161.2,168.38,183.26,0.11,8.07,9.51,55.51,energy,refineries,23.13,3.54,10.1,-0.14,0.04,160.51,150.62,8.08,2026-08-17,,,,
2026-08-17T13:32:08.06,RKFORGE,746.65,1.92,719.27,728.35,739.69,757.08,0.13,72.35,124.38,75.38,industrials,castings & forgings,50.58,0.94,48.17,0.2,0.35,701.32,670.58,7.69,2026-08-17,,,,
2026-08-17T13:32:08.06,SIEMENS,3942.0,0.05,3835.82,3854.6,3961.37,3912.94,0.1,16.38,42.82,61.65,industrials,electric equipment,30.3,-0.49,32.72,0.17,0.15,3745.7,3605.98,6.76,2026-08-17,,,,
2026-08-17T13:32:08.06,CHOLAFIN,1891.4,-0.16,1832.7,1870.1,1888.96,1895.06,0.08,24.34,27.93,57.21,financials,finance & investments,20.12,0.13,11.96,0.02,0.06,1804.12,1739.46,5.92,2026-08-17,,,,
2026-08-17T13:32:08.06,BALRAMCHIN,650.3,4.07,618.09,592.55,623.41,690.64,0.57,75.27,34.05,60.17,fmcg,sugar,34.64,4.31,53.15,0.29,0.41,596.99,561.95,5.75,2026-08-17,,,,
2026-08-17T13:32:08.06,KPIL,1394.3,3.11,1323.78,1303.3,1300.05,1535.67,0.22,19.19,20.32,62.35,realty,transmisson line towers / equipment,26.19,7.25,22.7,0.17,0.14,1294.4,1220.38,5.73,2026-08-17,,,,
2026-08-17T13:32:08.06,TBOTEK,1685.9,3.22,1581.43,1589.0,1609.69,1800.22,0.09,54.24,66.02,67.05,i.t,travel agencies,34.55,4.73,8.56,0.02,-0.03,1563.34,1475.52,5.17,2026-08-17,,,,
2026-08-17T13:32:08.06,HEROMOTOCO,5770.5,-0.34,5632.06,5747.0,5816.46,5701.55,0.07,20.44,21.26,67.92,auto,automobiles - motorcycles / mopeds,50.95,-0.79,1.66,-0.05,-0.11,5527.52,5381.78,5.08,2026-08-17,,,,
2026-08-17T13:32:08.06,ELGIEQUIP,622.2,2.08,591.14,569.45,573.73,694.91,0.76,47.42,42.92,65.91,industrials,compressors / drilling equipment,17.28,8.45,41.66,0.13,0.2,584.35,557.76,4.74,2026-08-17,,,,
2026-08-17T13:32:08.06,GRASIM,3268.0,0.59,3159.03,3201.0,3239.3,3311.05,0.25,25.82,38.7,55.96,textiles,textiles - manmade,24.56,0.89,16.92,0.04,0.16,3100.1,2974.17,4.65,2026-08-17,,,,
2026-08-17T13:32:08.06,OBEROIRLTY,1923.3,4.19,1796.24,1764.5,1764.05,2162.18,0.57,32.16,25.36,65.15,realty,construction,18.35,9.03,16.68,0.15,0.15,1815.41,1755.79,4.49,2026-08-17,,,,
2026-08-17T13:32:08.06,ENDURANCE,3007.0,3.73,2839.55,2878.0,2912.85,3148.22,0.37,43.25,42.05,64.91,auto,auto ancillaries,22.4,3.23,19.32,0.12,0.08,2818.44,2707.12,4.4,2026-08-17,,,,
2026-08-17T13:32:08.06,ENRIN,3585.3,1.39,3455.68,3488.0,3375.6,3899.86,0.09,72.4,84.62,59.39,power & utilities,power generation and supply,23.11,6.21,51.7,0.21,0.1,3338.0,3155.13,3.32,2026-08-17,,,,
2026-08-17T13:32:08.06,POONAWALLA,500.0,0.42,486.28,474.1,478.54,532.19,0.11,35.21,52.36,62.42,financials,finance & investments,31.46,4.48,6.15,-0.01,-0.0,470.68,451.1,2.86,2026-08-17,,,,
2026-08-17T13:32:08.06,UNOMINDA,1261.9,1.77,1213.63,1230.1,1253.1,1275.09,0.27,61.62,59.47,65.35,auto,auto ancillaries,21.38,0.7,5.87,-0.07,-0.07,1201.37,1166.07,2.72,2026-08-17,,,,
2026-08-17T13:32:08.06,HAL,5075.3,0.9,4944.1,4803.4,4890.47,5352.55,0.6,53.38,36.09,76.16,aerospace & defence,engineering,30.18,3.78,13.76,0.11,0.08,4822.59,4691.76,2.71,2026-08-17,,,,
2026-08-17T13:32:08.06,PVRINOX,1191.6,1.5,1142.39,1130.1,1182.16,1205.76,0.2,51.81,25.93,69.06,media,entertainment / electronic media software,48.84,0.8,16.86,0.04,0.05,1112.03,1069.64,2.7,2026-08-17,,,,
2026-08-17T13:32:08.06,KPRMILL,1130.8,1.87,1076.73,1077.1,1049.0,1253.5,0.06,37.39,41.59,60.02,consumer discretionary,textiles - products,19.74,7.8,31.67,0.12,0.05,1067.07,1024.48,2.61,2026-08-17,,,,
2026-08-17T13:32:08.06,OIL,476.75,1.76,460.99,460.45,457.47,505.66,0.16,5.34,9.12,63.29,energy,oil drilling / allied services,31.42,4.21,4.15,-0.04,0.11,449.75,432.24,2.4,2026-08-17,,,,
2026-08-17T13:32:08.06,LT,4058.0,0.03,3945.77,3990.0,4035.36,4091.95,0.09,33.85,33.64,58.69,realty,engineering - turnkey services,20.01,0.56,4.99,-0.1,-0.04,3950.05,3881.08,2.38,2026-08-17,,,,
2026-08-17T13:32:08.06,PNB,117.68,-0.27,113.19,112.3,115.83,120.45,0.15,5.81,6.15,67.17,bank,banks - public sector,29.49,1.59,-7.77,-0.09,-0.09,113.05,109.83,2.36,2026-08-17,,,,
2026-08-17T13:32:08.06,KALYANKJIL,610.0,0.29,591.18,585.05,611.86,607.21,0.13,45.12,43.76,63.51,consumer discretionary,diamond cutting / jewellery,32.71,-0.3,27.06,0.34,0.16,564.41,541.77,2.0,2026-08-17,,,,
2026-08-17T13:32:08.06,ETERNAL,319.55,0.33,310.51,306.2,315.94,324.97,0.13,798.88,677.66,65.6,i.t,miscellaneous,37.39,1.14,7.02,0.03,0.02,304.74,295.99,1.5,2026-08-17,,,,
2026-08-17T13:32:08.06,PERSISTENT,5586.0,0.11,5423.32,5390.0,5541.45,5652.83,0.07,45.22,45.3,64.62,i.t,computers - software - large,19.6,0.8,-10.97,-0.06,-0.16,5319.12,5132.95,1.26,2026-08-17,,,,
2026-08-17T13:32:08.06,BAJAJFINSV,2018.3,0.5,1957.26,1997.2,2047.3,1974.8,0.07,25.74,31.58,58.73,financials,finance & investments,28.71,-1.42,0.9,-0.08,-0.06,1940.86,1892.68,1.19,2026-08-17,,,,
2026-08-17T13:32:08.06,LODHA,1246.3,0.19,1198.34,1185.0,1226.27,1276.34,0.06,22.69,30.11,61.27,realty,construction,34.83,1.63,17.76,0.07,0.07,1176.71,1129.42,0.73,2026-08-17,,,,
2026-08-17T13:32:08.06,ACE,1107.5,2.02,1060.36,1062.3,1097.73,1122.15,0.08,27.58,29.57,58.74,industrials,engineering,34.34,0.89,26.64,0.14,0.09,1038.0,985.87,0.72,2026-08-17,,,,
2026-08-17T13:32:08.06,GLAXO,2703.0,0.53,2616.5,2577.0,2630.36,2811.96,0.26,48.27,43.36,69.93,healthcare,pharmaceuticals - multinational,31.77,2.76,12.9,-0.04,0.05,2592.02,2509.79,0.62,2026-08-17,,,,
2026-08-17T13:32:08.06,CESC,169.6,1.05,165.27,160.0,161.84,181.23,0.36,13.99,14.32,59.97,power & utilities,power generation and supply,14.43,4.79,8.28,0.04,-0.05,161.68,156.33,0.48,2026-08-17,,,,
2026-08-17T13:32:08.06,PETRONET,283.8,0.43,276.36,273.0,277.37,293.45,0.09,9.36,10.07,56.6,energy,miscellaneous,10.21,2.32,-0.7,-0.1,0.01,270.77,263.2,0.48,2026-08-17,,,,
2026-08-17T13:32:08.06,NAUKRI,1365.8,1.7,1313.89,1291.1,1300.66,1463.51,0.22,49.63,54.37,71.11,i.t,miscellaneous,39.74,5.01,4.59,0.1,-0.03,1282.65,1227.89,0.4,2026-08-17,,,,
2026-08-17T13:32:08.06,JSL,736.55,-0.18,720.3,712.5,727.61,749.96,0.1,19.71,18.71,54.84,metals & mining,steel - large,12.98,1.23,-7.18,-0.11,-0.06,708.88,695.77,0.25,2026-08-17,,,,
2026-08-17T13:32:08.06,GRAVITA,1817.9,1.32,1731.37,1755.5,1690.8,2008.55,0.35,31.13,33.35,60.08,metals & mining,mining / minerals / metals,17.3,7.52,12.71,0.01,-0.02,1711.93,1633.46,0.05,2026-08-17,,,,
2026-08-17T13:32:08.06,DEEPAKNTR,1774.0,2.95,1689.52,1694.0,1720.67,1853.99,0.27,17.53,30.0,59.33,chemicals,chemicals,26.8,3.1,13.43,-0.01,0.11,1664.02,1582.44,-0.4,2026-08-17,,,,
2026-08-17T13:32:08.06,POLICYBZR,1737.9,-0.18,1690.7,1618.0,1659.23,1855.91,0.12,123.08,107.27,65.91,i.t,miscellaneous,27.14,4.74,5.46,0.05,-0.1,1642.9,1597.95,-0.41,2026-08-17,,,,
2026-08-17T13:32:08.06,BEML,1906.0,1.69,1845.63,1865.1,1784.56,2088.17,0.25,-147.07,77.07,61.73,aerospace & defence,engineering,19.84,6.81,5.19,0.01,0.01,1778.03,1699.05,-0.54,2026-08-17,,,,
2026-08-17T13:32:08.06,CONCORDBIO,1502.3,3.51,1408.46,1418.0,1406.94,1645.34,0.78,68.04,55.63,72.4,healthcare,pharmaceuticals - indian - bulk drugs & formln,26.96,6.78,11.25,0.17,0.01,1389.6,1336.07,-1.2,2026-08-17,,,,
2026-08-17T13:32:08.06,BHARTIHEXA,1639.2,1.12,1574.86,1477.8,1521.48,1815.77,0.21,42.47,44.45,58.31,telecom-service,telecommunications - service provider,21.3,7.74,0.0,-0.1,-0.09,1519.19,1435.99,-1.53,2026-08-17,,,,
2026-08-17T13:32:08.06,TEGA,1712.1,0.49,1654.83,1524.4,1572.5,1921.51,0.31,-37.32,449.55,64.04,industrials,engineering,15.09,8.88,-8.69,-0.04,-0.15,1585.76,1499.11,-1.78,2026-08-17,,,,
2026-08-17T13:32:08.06,JSWDULUX,3159.6,-0.25,3064.85,3066.0,3023.12,3364.33,0.28,45.11,7.35,58.49,building materials,paints / varnishes,24.26,4.51,1.58,-0.01,-0.07,2988.42,2914.44,-2.68,2026-08-17,,,,
2026-08-17T13:32:08.06,JYOTICNC,851.75,3.01,813.2,789.55,815.26,906.49,0.19,84.84,58.48,60.24,industrials,engineering,28.07,4.48,-8.38,-0.05,-0.16,784.46,740.54,-2.73,2026-08-17,,,,
2026-08-17T13:32:08.06,DLF,672.0,1.05,646.9,644.55,643.8,714.31,0.08,52.34,37.03,57.39,realty,construction,8.53,4.38,3.23,-0.01,-0.09,641.87,622.16,-2.74,2026-08-17,,,,
2026-08-17T13:32:08.06,AFFLE,1676.2,0.44,1619.35,1595.2,1658.42,1702.87,0.04,45.9,49.05,59.22,i.t,computers - software - medium / small,20.94,1.07,-3.34,-0.01,-0.04,1561.19,1483.14,-2.89,2026-08-17,,,,
2026-08-17T13:32:08.06,HAVELLS,1306.6,0.66,1256.56,1254.3,1286.78,1336.32,0.18,70.55,49.85,68.84,consumer discretionary,electric equipment,22.4,1.54,-9.05,-0.14,-0.12,1258.01,1228.37,-2.91,2026-08-17,,,,
2026-08-11T15:06:56.588,ATHERENERG,1520.0,3.67,1442.56,1405.0,1369.14,1746.29,0.89,-285.71,-142.63,77.11,auto,automobiles - scooters and 3 - wheelers,57.59,11.02,126.06,0.93,1.14,1377.44,1285.33,73.8,2026-08-11,,,,
2026-08-11T15:06:56.588,HFCL,214.64,0.78,205.06,201.0,192.0,248.6,0.43,36.01,55.46,56.84,telecom,cables - telephone,17.93,11.79,221.09,1.74,1.93,195.75,182.74,47.59,2026-08-11,,,,
2026-08-11T15:06:56.588,HINDCOPPER,534.05,1.48,517.15,495.1,501.72,582.55,1.14,36.68,44.83,62.46,metals & mining,mining / minerals / metals,20.34,6.44,2.69,-0.18,0.61,494.49,469.57,27.38,2026-08-11,,,,
2026-08-11T15:06:56.588,RRKABEL,2783.9,0.98,2683.24,2648.5,2687.9,2927.9,0.28,38.37,51.31,72.76,industrials,cables - power,42.9,3.57,83.23,0.75,0.98,2613.64,2499.05,26.43,2026-08-11,,,,
2026-08-11T15:06:56.588,APARINDS,16782.0,2.03,16060.24,15511.0,14925.62,19566.57,0.91,36.05,55.92,70.59,industrials,electric equipment,30.65,12.44,104.63,0.62,0.82,15456.57,14666.49,23.0,2026-08-11,,,,
2026-08-11T15:06:56.588,GRANULES,861.3,0.72,835.45,822.0,821.55,920.93,0.3,29.66,31.6,55.29,healthcare,pharmaceuticals - indian - bulk drugs & formln,20.4,4.84,41.82,0.39,0.53,806.75,778.29,20.64,2026-08-11,,,,
2026-08-11T15:06:56.588,SAILIFE,1439.7,0.95,1386.41,1319.5,1349.67,1574.75,1.21,104.02,83.06,71.13,healthcare,pharmaceuticals - indian - bulk drugs & formln,32.56,6.67,50.28,0.48,0.59,1317.81,1259.49,19.51,2026-08-11,,,,
2026-08-11T15:06:56.588,MOTHERSON,168.87,0.52,164.09,150.9,154.22,190.85,0.73,43.08,40.48,75.92,auto,auto ancillaries,26.17,9.5,43.18,0.25,0.48,157.23,149.66,18.23,2026-08-11,,,,
2026-08-11T15:06:56.588,NEULANDLAB,22928.0,3.2,21835.38,19431.0,20103.28,27165.08,1.3,49.8,57.26,73.64,healthcare,pharmaceuticals - indian - bulk drugs,34.4,14.05,54.71,0.52,0.32,20762.22,19209.88,17.1,2026-08-11,,,,
2026-08-11T15:06:56.588,ANANDRATHI,2154.9,1.1,2074.86,2028.5,2035.82,2333.52,0.47,54.86,45.96,69.77,financials,finance & investments,28.59,5.85,37.17,0.34,0.44,2064.5,2001.59,15.1,2026-08-11,,,,
2026-08-11T15:06:56.588,CRAFTSMAN,10293.5,0.11,10006.78,10200.0,10127.57,10542.39,0.12,41.43,51.16,63.79,auto,auto ancillaries,37.12,1.64,34.26,0.21,0.42,9586.27,9166.34,14.18,2026-08-11,,,,
2026-08-11T15:06:56.588,AUROPHARMA,1653.9,0.36,1607.1,1567.0,1574.79,1772.56,0.3,23.15,25.75,63.95,healthcare,pharmaceuticals - indian - bulk drugs & formln,29.6,5.02,37.14,0.27,0.32,1567.83,1506.87,12.72,2026-08-11,,,,
2026-08-11T15:06:56.588,HINDALCO,1058.5,0.42,1031.5,1011.3,1001.42,1144.12,0.75,8.38,14.27,68.65,metals & mining,aluminium and aluminium products,27.05,5.7,17.15,0.01,0.3,1009.49,982.98,12.66,2026-08-11,,,,
2026-08-11T15:06:56.588,TITAN,5133.2,0.85,4988.2,4882.3,4959.87,5393.19,1.58,64.07,78.4,75.95,consumer discretionary,diamond cutting / jewellery,51.46,3.49,20.83,0.11,0.29,4906.25,4770.84,12.62,2026-08-11,,,,
2026-08-11T15:06:56.588,GLAND,2926.0,9.7,2751.84,2531.1,2528.85,3521.72,10.59,38.04,38.93,78.44,healthcare,pharmaceuticals - indian - formulations,41.26,15.7,72.69,0.43,0.59,2689.38,2574.32,12.32,2026-08-11,,,,
2026-08-11T15:06:56.588,GMDCLTD,603.5,0.06,587.36,558.0,558.05,671.68,0.74,29.35,20.06,57.7,metals & mining,mining / minerals / metals,20.89,8.14,6.34,-0.11,0.2,565.48,542.62,11.68,2026-08-11,,,,
2026-08-11T15:06:56.588,EMCURE,1996.6,0.07,1945.3,1912.5,1947.61,2070.09,0.46,32.2,37.4,66.2,healthcare,pharmaceuticals - indian - bulk drugs & formln,38.85,2.52,31.21,0.19,0.36,1883.08,1826.24,11.61,2026-08-11,,,,
2026-08-11T15:06:56.588,PAYTM,1607.2,1.46,1544.58,1407.3,1401.11,1916.34,2.21,116.8,155.92,83.85,i.t,miscellaneous,37.44,14.71,23.51,0.26,0.25,1477.29,1412.55,11.32,2026-08-11,,,,
2026-08-11T15:06:56.588,GABRIEL,1499.9,2.05,1435.8,1462.0,1498.37,1502.19,0.39,61.88,68.84,59.87,auto,auto ancillaries,45.06,0.1,48.08,0.43,0.41,1369.28,1280.42,11.22,2026-08-11,,,,
2026-08-11T15:06:56.588,REDINGTON,355.5,0.65,345.65,341.05,332.47,390.05,0.47,14.29,16.23,80.97,services,trading,47.95,6.93,26.72,0.21,0.19,324.22,309.77,10.61,2026-08-11,,,,
2026-08-11T15:06:56.588,ASHOKLEY,175.84,1.06,168.56,172.0,168.62,186.67,0.62,19.98,25.04,66.81,auto,automobiles - lcvs / hcvs,24.36,4.28,-4.34,-0.21,0.17,166.96,160.8,10.17,2026-08-11,,,,
2026-08-11T15:06:56.588,FINCABLES,1190.3,12.5,1031.6,994.0,971.8,1518.05,11.98,20.28,22.68,72.51,industrials,cables - power,21.23,22.48,53.5,0.38,0.53,1081.94,1017.37,9.67,2026-08-11,,,,
2026-08-11T15:06:56.588,EICHERMOT,7998.5,0.3,7795.9,7896.5,7960.9,8054.89,0.92,37.52,37.9,62.57,auto,automobiles - motorcycles / mopeds,26.79,0.47,5.93,0.02,0.07,7706.44,7598.89,9.67,2026-08-11,,,,
2026-08-11T15:06:56.588,UNIONBANK,182.38,0.69,176.28,174.22,174.72,193.87,0.9,6.17,6.7,64.13,bank,banks - public sector,22.47,4.38,13.01,-0.07,0.15,172.55,167.64,9.36,2026-08-11,,,,
2026-08-11T15:06:56.588,GRAPHITE,733.8,1.51,705.89,703.8,692.24,796.13,0.88,20.8,66.2,68.31,industrials,electrodes - graphites,33.97,6.0,13.79,0.06,0.28,681.86,650.11,8.75,2026-08-11,,,,
2026-08-11T15:06:56.588,RKFORGE,750.85,1.99,722.85,688.35,690.53,841.33,1.01,72.76,124.99,81.35,industrials,castings & forgings,44.31,8.74,47.8,0.21,0.37,691.86,658.57,8.53,2026-08-11,,,,
2026-08-11T15:06:56.588,DIVISLAB,8515.0,2.59,8119.79,8233.5,8307.89,8825.66,1.08,62.7,75.31,76.69,healthcare,pharmaceuticals - indian - bulk drugs,56.07,2.49,29.01,0.28,0.28,8118.8,7826.66,8.19,2026-08-11,,,,
2026-08-11T15:06:56.588,VIJAYA,1416.9,1.74,1355.24,1340.0,1332.76,1543.1,0.42,68.65,76.39,60.96,healthcare,healthcare,24.93,6.31,40.02,0.31,0.36,1305.37,1223.73,8.08,2026-08-11,,,,
2026-08-11T15:06:56.588,SIEMENS,4008.3,2.4,3777.51,3854.6,3867.89,4218.91,2.89,96.35,89.53,69.97,industrials,electric equipment,30.41,3.63,33.19,0.19,0.22,3770.8,3624.38,7.87,2026-08-11,,,,
2026-08-11T15:06:56.588,CARBORUNIV,1178.9,5.17,1081.82,1059.1,1049.69,1372.71,0.97,72.95,101.26,67.62,industrials,abrasives and grinding wheels,19.61,12.31,44.12,0.31,0.36,1084.13,1016.16,7.15,2026-08-11,,,,
2026-08-11T15:06:56.588,EXIDEIND,485.0,-0.08,469.22,458.9,460.94,521.09,0.77,29.43,44.29,72.12,auto,auto ancillaries,43.42,5.22,37.7,0.31,0.3,449.88,434.94,7.15,2026-08-11,,,,
2026-08-11T15:06:56.588,HEG,679.25,-0.64,660.52,668.0,686.02,669.1,0.37,26.78,36.77,67.96,industrials,electrodes - graphites,54.08,-0.99,13.52,0.15,0.25,636.81,612.69,6.45,2026-08-11,,,,
2026-08-11T15:06:56.588,AARTIIND,505.45,0.98,487.11,481.15,482.57,539.77,0.83,29.59,34.19,60.31,chemicals,chemicals,19.34,4.74,37.16,-0.01,0.29,477.54,461.96,6.27,2026-08-11,,,,
2026-08-11T15:06:56.588,ANTHEM,892.7,4.65,835.45,812.65,817.83,1005.01,2.08,104.78,83.22,78.44,healthcare,pharmaceuticals - indian - bulk drugs & formln,26.44,9.16,38.45,0.22,0.36,834.48,798.02,5.68,2026-08-11,,,,
2026-08-11T15:06:56.588,THELEELA,510.4,0.67,490.49,497.05,486.74,545.89,0.41,87.4,27.96,62.09,services,hotels,23.61,4.86,21.98,0.06,0.2,473.91,451.45,5.52,2026-08-11,,,,
2026-08-11T15:06:56.588,ENDURANCE,2989.0,0.67,2891.2,2846.0,2817.59,3246.12,1.39,38.03,43.88,71.24,auto,auto ancillaries,20.95,6.08,14.48,0.1,0.07,2823.26,2731.96,4.49,2026-08-11,,,,
2026-08-11T15:06:56.588,SAREGAMA,529.5,-0.1,514.5,509.25,523.49,538.51,0.34,49.21,46.09,57.08,media,entertainment / electronic media software,29.86,1.15,44.38,0.39,0.38,476.6,450.73,3.73,2026-08-11,,,,
2026-08-11T15:06:56.588,TECHM,1647.0,0.43,1607.89,1630.8,1657.04,1631.94,0.59,24.91,28.31,67.0,i.t,computers - software - large,28.14,-0.61,4.44,-0.07,0.07,1575.11,1534.5,3.63,2026-08-11,,,,
2026-08-11T15:06:56.588,UNITDSPR,1533.1,0.73,1482.94,1503.0,1527.98,1540.77,0.46,58.78,57.39,69.58,fmcg,breweries & distilleries,39.07,0.34,13.55,0.0,0.04,1481.83,1446.78,3.59,2026-08-11,,,,
2026-08-11T15:06:56.588,TBOTEK,1641.6,2.47,1560.06,1591.9,1564.84,1756.74,0.37,52.82,64.75,65.43,i.t,travel agencies,29.93,4.91,6.9,-0.01,-0.07,1518.5,1439.58,3.56,2026-08-11,,,,
2026-08-11T15:06:56.588,POONAWALLA,487.45,2.26,464.62,469.0,468.63,515.68,0.58,34.33,50.13,59.53,financials,finance & investments,27.02,4.02,5.86,-0.04,0.03,456.97,435.05,3.55,2026-08-11,,,,
2026-08-11T15:06:56.588,JSWINFRA,342.0,0.0,332.86,322.4,319.9,375.15,0.51,51.82,48.03,60.29,transportation,miscellaneous,20.58,6.91,25.66,0.18,0.24,321.19,309.58,3.53,2026-08-11,,,,
2026-08-11T15:06:56.588,BOSCHLTD,45260.0,4.03,43120.0,41310.0,41571.8,50792.3,3.62,58.55,46.27,72.76,auto,auto ancillaries,29.46,8.87,17.07,0.17,0.22,42730.56,41323.49,3.46,2026-08-11,,,,
2026-08-11T15:06:56.588,GLENMARK,2289.9,1.71,2200.1,2202.2,2199.84,2425.0,0.44,33.46,35.34,57.58,healthcare,pharmaceuticals - indian - bulk drugs & formln,11.63,4.09,10.15,0.07,0.18,2186.54,2110.11,3.25,2026-08-11,,,,
2026-08-11T15:06:56.588,PPLPHARMA,214.8,0.56,208.72,200.36,204.29,230.56,0.39,-103.27,-90.13,79.6,healthcare,pharmaceuticals - indian - bulk drugs & formln,53.62,5.14,24.9,0.22,0.12,200.1,192.13,3.15,2026-08-11,,,,
2026-08-11T15:06:56.588,OIL,470.55,3.87,451.24,435.45,448.03,504.33,2.41,5.27,8.82,64.37,energy,oil drilling / allied services,26.68,5.03,14.88,-0.12,0.08,438.49,427.9,1.97,2026-08-11,,,,
2026-08-11T15:06:56.588,KALYANKJIL,602.4,0.36,582.81,561.25,623.25,571.12,0.35,44.56,43.18,63.51,consumer discretionary,diamond cutting / jewellery,36.16,-3.35,17.78,0.27,0.21,550.18,517.61,1.94,2026-08-11,,,,
2026-08-11T15:06:56.588,FORCEMOT,18366.0,0.36,17857.56,18210.0,17700.72,19363.92,0.35,27.94,19.26,53.05,auto,automobiles - lcvs / hcvs,12.92,3.76,-8.26,-0.24,0.06,17398.6,16763.05,1.91,2026-08-11,,,,
2026-08-11T15:06:56.588,ATUL,6862.0,0.12,6695.36,6752.5,6747.34,7033.99,0.98,20.59,25.37,64.23,chemicals,chemicals,32.67,1.7,11.13,-0.03,0.11,6514.38,6353.66,1.87,2026-08-11,,,,
2026-08-11T15:06:56.588,PNB,114.03,0.47,110.05,112.3,113.81,114.36,0.71,5.63,5.92,63.01,bank,banks - public sector,24.71,0.2,-6.51,-0.15,-0.1,110.39,107.94,1.78,2026-08-11,,,,
2026-08-11T15:06:56.588,PERSISTENT,5533.5,1.09,5321.89,5425.0,5509.82,5569.01,0.36,44.8,44.44,64.0,i.t,computers - software - large,20.24,0.43,-14.14,-0.13,-0.16,5238.52,5023.78,1.63,2026-08-11,,,,
2026-08-11T15:06:56.588,BAJAJFINSV,2023.5,0.11,1972.45,1988.0,2026.95,2018.32,0.71,25.81,31.79,60.97,financials,finance & investments,30.98,-0.17,0.75,-0.08,-0.04,1922.52,1867.18,1.08,2026-08-11,,,,
2026-08-11T15:06:56.588,ETERNAL,317.65,2.39,300.08,306.2,309.46,329.94,0.52,794.13,660.11,66.17,i.t,miscellaneous,38.06,2.65,12.34,0.01,0.02,300.5,287.83,1.07,2026-08-11,,,,
2026-08-11T15:06:56.588,NAUKRI,1365.0,6.47,1265.28,1222.6,1247.74,1540.88,3.78,49.6,51.9,75.54,i.t,miscellaneous,34.54,9.4,2.09,0.07,-0.01,1259.15,1205.76,0.31,2026-08-11,,,,
2026-08-11T15:06:56.588,GRAVITA,1790.1,0.37,1736.07,1664.0,1634.58,2023.37,0.62,30.65,33.14,58.52,metals & mining,mining / minerals / metals,18.89,9.51,3.71,-0.02,-0.05,1687.22,1629.95,0.13,2026-08-11,,,,
2026-08-11T15:06:56.588,ZFCVINDIA,2614.4,0.18,2548.1,2545.4,2468.5,2833.24,0.25,71.2,12.01,59.73,auto,auto ancillaries,23.17,5.91,-9.61,-0.21,-0.01,2470.49,2403.15,0.12,2026-08-11,,,,
2026-08-11T15:06:56.588,TATAINVEST,690.7,0.41,666.99,666.0,662.51,732.98,0.57,60.8,80.74,59.42,financials,finance & investments,19.07,4.25,0.73,-0.03,-0.08,656.25,633.62,-0.04,2026-08-11,,,,
2026-08-11T15:06:56.588,DEEPAKNTR,1791.1,0.67,1737.15,1712.2,1704.64,1920.79,1.2,17.7,30.97,64.63,chemicals,chemicals,25.9,5.07,10.83,-0.02,0.1,1676.3,1604.09,-0.16,2026-08-11,,,,
2026-08-11T15:06:56.588,BEML,1899.9,0.82,1827.8,1668.1,1696.36,2205.2,1.81,-146.6,77.48,63.3,aerospace & defence,engineering,15.41,12.0,4.39,-0.01,-0.0,1740.14,1658.02,-0.62,2026-08-11,,,,
2026-08-11T15:06:56.588,OLECTRA,1398.2,2.19,1342.6,1350.0,1314.26,1524.11,0.78,51.71,63.29,56.12,auto,automobiles - lcvs / hcvs,16.48,6.39,17.76,0.22,0.07,1329.83,1296.95,-0.66,2026-08-11,,,,
2026-08-11T15:06:56.588,POLICYBZR,1723.3,5.72,1585.64,1578.4,1577.19,1942.47,1.35,122.05,100.43,65.35,i.t,miscellaneous,17.52,9.26,1.77,0.04,-0.06,1597.64,1527.09,-0.68,2026-08-11,,,,
2026-08-11T15:06:56.588,POLYMED,1872.0,5.62,1754.2,1651.2,1678.74,2161.89,5.71,55.12,57.01,70.81,healthcare,healthcare,28.04,11.51,5.4,0.18,-0.05,1721.18,1633.07,-0.73,2026-08-11,,,,
2026-08-11T15:06:56.588,PFIZER,4900.0,0.46,4743.2,4825.0,4834.35,4998.47,0.85,27.41,30.35,65.69,healthcare,pharmaceuticals - multinational,25.53,1.36,1.96,-0.05,-0.05,4730.17,4611.1,-0.74,2026-08-11,,,,
2026-08-11T15:06:56.588,LTM,4840.0,0.94,4655.98,4462.9,4568.96,5246.56,0.73,24.46,27.17,73.01,i.t,computers - software - large,31.03,5.93,-19.57,-0.21,-0.2,4555.84,4350.72,-1.33,2026-08-11,,,,
2026-08-11T15:06:56.588,HCLTECH,1363.3,0.45,1330.84,1328.0,1372.14,1350.04,0.39,19.94,21.08,68.82,i.t,computers - software - large,31.69,-0.64,-17.19,-0.22,-0.18,1301.7,1272.0,-1.72,2026-08-11,,,,
2026-08-11T15:06:56.588,ESCORTS,3120.9,1.26,3009.97,3042.6,3049.95,3227.32,0.87,22.24,24.52,66.23,auto,automobiles - tractors,34.04,2.33,-19.6,-0.24,-0.17,2995.43,2918.42,-1.85,2026-08-11,,,,
2026-08-11T15:06:56.588,MPHASIS,2534.9,1.07,2448.53,2390.7,2382.97,2762.8,0.79,24.71,25.02,63.18,i.t,computers - software - large,11.88,6.38,-10.01,-0.11,-0.12,2385.07,2278.6,-1.94,2026-08-11,,,,
2026-08-11T15:06:56.588,SONATSOFTW,332.85,3.98,312.42,314.65,322.41,348.51,0.28,21.28,19.16,59.71,i.t,computers - software - medium / small,31.33,3.24,-8.01,-0.03,-0.1,298.4,273.51,-2.07,2026-08-11,,,,
2026-08-11T15:06:56.588,DEVYANI,142.6,6.77,130.1,119.11,121.45,174.32,4.82,297.08,-607.09,78.15,consumer discretionary,hotels,35.58,17.41,4.39,-0.01,-0.01,128.1,119.32,-2.55,2026-08-11,,,,
2026-08-11T15:06:56.588,JSWDULUX,3159.9,3.42,3004.68,2975.6,2929.88,3504.93,2.31,28.62,7.05,59.82,building materials,paints / varnishes,19.83,7.85,-0.03,-0.02,-0.1,2955.46,2837.23,-2.62,2026-08-11,,,,
2026-08-11T15:06:56.588,TMPV,347.75,0.19,337.37,343.0,337.0,363.88,0.42,5.53,-578.5,55.51,auto,automobiles - passenger cars,17.4,3.19,-3.06,-0.15,-0.05,335.13,326.62,-2.87,2026-08-11,,,,
2026-08-11T15:06:56.588,LTTS,3651.4,1.9,3528.0,3498.1,3554.37,3796.95,0.88,27.15,28.77,63.89,i.t,computers - software - large,25.44,2.73,-17.41,-0.14,-0.17,3439.27,3336.78,-3.37,2026-08-11,,,,
2026-08-11T15:06:56.588,CONCORDBIO,1429.7,0.75,1392.68,1356.4,1350.44,1548.59,0.73,64.75,54.39,64.92,healthcare,pharmaceuticals - indian - bulk drugs & formln,22.92,5.87,6.32,0.04,-0.02,1318.98,1278.14,-3.39,2026-08-11,,,,
2026-08-11T15:06:56.588,TCS,2439.1,0.55,2379.44,2368.5,2440.41,2437.14,0.25,16.53,17.62,60.94,i.t,computers - software - large,24.25,-0.05,-23.85,-0.24,-0.24,2316.42,2241.9,-4.62,2026-08-11,,,,
2026-08-11T15:06:56.588,INFY,1188.3,0.45,1158.36,1155.6,1154.06,1239.66,0.65,15.48,15.96,63.67,i.t,computers - software - large,17.93,2.97,-26.34,-0.27,-0.25,1136.26,1102.43,-4.76,2026-08-11,,,,
2026-08-11T15:06:56.588,JWL,262.75,2.08,255.58,256.1,253.21,277.07,1.99,98.04,66.51,54.58,industrials,engineering,20.8,3.77,-13.46,-0.22,-0.12,247.74,242.68,-5.23,2026-08-11,,,,
2026-08-11T15:06:56.588,SAPPHIRE,236.35,7.13,215.18,190.34,196.7,295.83,5.26,134.29,-441.24,76.46,consumer discretionary,hotels,29.49,20.16,6.78,0.02,-0.12,208.02,188.21,-5.64,2026-08-11,,,,
2026-08-11T15:06:56.588,PARADEEP,151.55,1.12,146.65,143.7,144.87,161.58,0.32,10.02,14.51,62.39,chemicals,fertilizers,27.57,4.61,0.0,0.08,-0.07,141.15,135.2,-6.29,2026-08-11,,,,
2026-08-11T15:06:56.588,CLEAN,810.35,0.85,782.04,746.55,743.29,910.93,1.13,29.36,36.66,65.05,chemicals,chemicals,19.46,9.02,-5.48,-0.07,-0.15,758.76,726.31,-7.27,2026-08-11,,,,
2026-08-11T15:06:56.588,KPITTECH,629.05,0.18,608.73,619.7,609.82,657.89,0.33,36.57,29.33,55.05,i.t,computers - software - medium / small,27.3,3.15,-46.68,-0.4,-0.48,590.33,566.38,-11.72,2026-08-11,,,,
2026-08-06T15:30:21.553,WELCORP,1817.9,1.67,1755.28,1645.0,1678.17,2027.5,1.38,11.45,20.41,73.36,industrials,steel - large,34.26,8.33,126.57,1.05,0.99,1702.3,1659.69,24.48,2026-08-06,,,,
2026-08-06T15:30:21.553,HINDCOPPER,544.3,1.97,515.04,482.55,481.91,637.88,4.71,29.65,56.25,70.48,metals & mining,mining / minerals / metals,16.54,12.95,-1.45,-0.18,0.61,503.76,480.06,24.29,2026-08-06,,,,
2026-08-06T15:30:21.553,BELRISE,244.77,1.36,236.03,231.79,231.06,265.34,0.82,40.0,39.52,61.68,auto,auto ancillaries,14.22,5.93,33.03,0.22,0.44,232.49,224.01,20.05,2026-08-06,,,,
2026-08-06T15:30:21.553,BHARATFORG,2210.0,0.59,2132.58,2161.5,2170.05,2269.93,0.8,113.68,97.3,61.45,industrials,castings & forgings,24.63,1.84,49.11,0.28,0.49,2122.49,2069.25,19.45,2026-08-06,,,,
2026-08-06T15:30:21.553,HONASA,466.5,1.49,450.65,437.3,443.12,501.57,0.37,54.75,74.74,62.66,services,trading,20.0,5.28,59.49,0.55,0.55,439.98,422.59,18.53,2026-08-06,,,,
2026-08-06T15:30:21.553,SHRIRAMFIN,1138.5,1.43,1097.6,1029.1,1044.59,1279.36,2.08,19.15,19.81,69.51,financials,finance & investments,16.5,8.99,13.55,0.05,0.33,1075.38,1043.24,17.99,2026-08-06,,,,
2026-08-06T15:30:21.553,NAVINFLUOR,8710.5,14.47,7677.81,7473.5,7497.87,10529.45,18.43,52.49,58.37,72.51,chemicals,chemicals,18.77,16.17,46.7,0.27,0.41,7967.48,7438.72,17.28,2026-08-06,,,,
2026-08-06T15:30:21.553,APARINDS,16149.0,3.08,15220.38,13889.0,13841.35,19610.48,1.16,34.69,53.26,68.1,industrials,electric equipment,23.77,16.67,97.61,0.57,0.69,14776.07,13913.37,17.23,2026-08-06,,,,
2026-08-06T15:30:21.553,SAILIFE,1414.9,1.48,1358.87,1303.6,1312.38,1568.68,2.86,71.75,83.94,75.79,healthcare,pharmaceuticals - indian - bulk drugs & formln,31.4,7.81,48.15,0.61,0.57,1331.54,1303.91,16.83,2026-08-06,,,,
2026-08-06T15:30:21.553,CRAFTSMAN,10543.5,1.3,10110.17,9771.0,9775.99,11694.77,0.49,42.43,51.79,72.36,auto,auto ancillaries,33.23,7.85,31.77,0.24,0.51,9818.65,9375.52,15.45,2026-08-06,,,,
2026-08-06T15:30:21.553,HSCL,760.85,1.59,733.19,735.2,771.48,744.91,0.2,41.8,46.96,58.78,chemicals,chemicals,25.68,-1.38,55.54,0.53,0.65,707.73,676.43,14.18,2026-08-06,,,,
2026-08-06T15:30:21.553,TITAN,4994.3,1.67,4786.22,4820.9,4880.24,5165.4,1.42,94.02,85.9,74.56,consumer discretionary,diamond cutting / jewellery,45.94,2.34,22.43,0.11,0.24,4809.59,4681.76,11.14,2026-08-06,,,,
2026-08-06T15:30:21.553,AUBANK,1082.6,2.98,1024.79,1034.9,1015.94,1182.59,2.37,25.46,27.51,61.84,bank,banks - private sector,20.23,6.56,6.7,0.02,0.14,1019.71,995.85,10.29,2026-08-06,,,,
2026-08-06T15:30:21.553,KEI,5580.0,0.05,5375.79,4797.5,4897.27,6604.09,0.94,48.64,53.48,70.0,industrials,cables - power,21.66,13.94,23.23,0.16,0.29,5229.78,4982.11,10.24,2026-08-06,,,,
2026-08-06T15:30:21.553,ASHOKLEY,177.5,0.28,171.78,159.17,160.63,202.8,0.57,20.17,25.47,71.78,auto,automobiles - lcvs / hcvs,20.54,10.5,-5.33,-0.19,0.17,168.1,161.41,9.8,2026-08-06,,,,
2026-08-06T15:30:21.553,SCI,309.65,2.98,294.54,278.05,277.22,358.3,1.24,8.91,10.35,65.07,transportation,shipping,18.36,11.7,35.37,0.26,0.2,290.73,277.89,9.8,2026-08-06,,,,
2026-08-06T15:30:21.553,SAIL,177.05,0.88,171.37,165.0,164.1,196.47,1.01,11.12,16.97,61.26,metals & mining,steel - large,19.16,7.89,17.9,0.04,0.24,165.65,159.8,9.4,2026-08-06,,,,
2026-08-06T15:30:21.553,UNIONBANK,181.45,3.21,171.71,169.82,170.63,197.68,1.21,6.14,6.5,65.5,bank,banks - public sector,17.54,6.34,12.32,-0.05,0.15,172.31,166.0,8.53,2026-08-06,,,,
2026-08-06T15:30:21.553,INDIANB,877.9,2.8,832.31,828.0,830.97,948.29,0.75,8.81,9.0,64.08,bank,banks - public sector,14.56,5.65,2.33,-0.08,-0.04,838.34,810.17,7.99,2026-08-06,,,,
2026-08-06T15:30:21.553,SBIN,1085.6,2.9,1031.45,1023.5,1019.97,1184.05,1.13,12.75,11.6,68.15,bank,banks - public sector,13.31,6.43,8.06,-0.06,0.07,1045.41,1017.77,7.87,2026-08-06,,,,
2026-08-06T15:30:21.553,PAYTM,1445.0,1.12,1392.58,1322.2,1347.8,1590.81,1.17,105.01,140.65,73.87,i.t,miscellaneous,31.06,7.21,7.84,0.1,0.09,1350.59,1294.29,7.61,2026-08-06,,,,
2026-08-06T15:30:21.553,FLUOROCHEM,4549.9,1.15,4400.2,4344.6,4571.22,4517.92,0.46,114.66,86.06,62.86,chemicals,chemicals,36.69,-0.47,26.95,0.25,0.26,4246.88,4059.52,7.21,2026-08-06,,,,
2026-08-06T15:30:21.553,GRAPHITE,724.0,2.09,689.72,654.35,667.52,808.71,1.26,20.52,64.94,68.56,industrials,electrodes - graphites,29.03,8.46,10.35,0.05,0.24,664.15,624.25,7.03,2026-08-06,,,,
2026-08-06T15:30:21.553,CHOLAFIN,1940.0,3.19,1833.87,1779.4,1783.05,2175.43,1.49,24.96,27.72,68.07,financials,finance & investments,18.4,8.8,9.48,0.03,0.1,1816.09,1735.66,6.89,2026-08-06,,,,
2026-08-06T15:30:21.553,GLAND,2615.1,2.75,2505.86,2494.1,2467.41,2836.64,0.77,29.37,40.81,64.41,healthcare,pharmaceuticals - indian - formulations,36.93,5.99,54.0,0.28,0.39,2464.08,2362.11,6.84,2026-08-06,,,,
2026-08-06T15:30:21.553,LALPATHLAB,1927.0,2.11,1842.4,1852.9,1844.61,2050.59,0.75,47.46,45.49,73.82,healthcare,healthcare,39.98,4.47,28.29,0.26,0.19,1792.8,1714.16,6.81,2026-08-06,,,,
2026-08-06T15:30:21.553,AJANTPHARM,3473.0,1.03,3376.1,3350.0,3414.4,3560.9,0.35,32.46,37.84,56.72,healthcare,pharmaceuticals - indian - formulations,32.77,1.72,19.26,0.13,0.34,3282.65,3157.89,6.46,2026-08-06,,,,
2026-08-06T15:30:21.553,REDINGTON,350.8,0.85,336.29,306.95,305.37,418.95,0.52,14.1,15.99,81.15,services,trading,41.86,14.88,26.22,0.14,0.15,314.22,290.14,6.23,2026-08-06,,,,
2026-08-06T15:30:21.553,EXIDEIND,474.4,1.58,453.35,440.0,445.88,517.19,0.88,28.79,42.61,71.66,auto,auto ancillaries,40.39,6.4,29.4,0.28,0.2,437.52,414.85,5.67,2026-08-06,,,,
2026-08-06T15:30:21.553,THELEELA,511.9,1.92,488.33,468.0,475.73,566.16,1.94,87.65,27.7,66.24,services,hotels,22.24,7.6,18.24,0.06,0.16,474.53,458.1,5.39,2026-08-06,,,,
2026-08-06T15:30:21.553,PTCIL,18200.0,0.6,17613.54,17661.0,17750.56,18874.16,1.02,113.86,267.04,59.16,industrials,castings & forgings,17.89,2.53,1.03,-0.05,0.03,17438.25,17206.93,4.98,2026-08-06,,,,
2026-08-06T15:30:21.553,APOLLOHOSP,8948.5,0.43,8702.4,8760.0,8868.15,9069.02,1.19,60.76,65.98,56.26,healthcare,healthcare,18.66,0.91,26.34,0.16,0.17,8607.59,8418.41,4.87,2026-08-06,,,,
2026-08-06T15:30:21.553,TRAVELFOOD,1337.7,-0.76,1298.5,1258.0,1277.68,1427.73,1.58,36.47,40.25,57.05,consumer discretionary,hotels,14.65,4.7,10.76,0.1,-0.02,1238.94,1223.67,4.65,2026-08-06,,,,
2026-08-06T15:30:21.553,3MINDIA,35985.0,0.5,34995.8,34485.0,35017.03,37436.96,1.13,47.06,77.22,59.08,miscellaneous,diversified - large,12.81,2.76,-1.1,-0.07,-0.03,34127.3,33344.02,4.17,2026-08-06,,,,
2026-08-06T15:30:21.553,PNBHOUSING,1150.5,2.58,1108.67,1028.1,1055.07,1293.64,1.99,13.45,12.62,65.83,financials,finance - housing,18.1,9.04,14.64,0.25,0.23,1062.41,1012.84,4.16,2026-08-06,,,,
2026-08-06T15:30:21.553,CANBK,131.7,2.16,125.76,124.25,124.44,142.58,0.77,5.77,5.89,60.54,bank,banks - public sector,11.76,5.83,-14.26,-0.18,-0.14,126.49,122.62,3.83,2026-08-06,,,,
2026-08-06T15:30:21.553,UNOMINDA,1264.0,1.12,1216.77,1167.6,1175.9,1396.14,0.85,61.72,59.95,77.35,auto,auto ancillaries,16.07,7.49,-5.39,-0.03,-0.06,1197.36,1153.88,3.82,2026-08-06,,,,
2026-08-06T15:30:21.553,POONAWALLA,489.0,1.72,466.09,461.0,465.36,524.46,1.62,34.44,50.55,62.32,financials,finance & investments,27.03,5.08,0.83,0.07,0.01,458.15,440.02,3.81,2026-08-06,,,,
2026-08-06T15:30:21.553,PIDILITIND,1667.0,0.12,1618.96,1601.0,1603.38,1762.43,1.65,48.63,63.99,64.24,chemicals,chemicals,21.33,3.97,10.76,0.05,0.08,1589.6,1550.94,3.72,2026-08-06,,,,
2026-08-06T15:30:21.553,TATATECH,805.0,6.76,740.88,733.0,733.48,912.28,5.7,45.22,54.96,66.93,i.t,computers - software - medium / small,18.25,9.75,23.65,0.14,0.14,751.21,710.87,3.66,2026-08-06,,,,
2026-08-06T15:30:21.553,UNITDSPR,1522.2,0.15,1486.07,1510.6,1503.57,1550.15,0.42,58.37,57.32,70.07,fmcg,breweries & distilleries,37.24,1.24,10.69,0.03,0.04,1468.47,1439.97,3.53,2026-08-06,,,,
2026-08-06T15:30:21.553,LT,4061.8,0.12,3964.1,3923.2,3847.09,4383.87,0.67,33.88,33.64,62.44,realty,engineering - turnkey services,22.39,5.58,-2.12,-0.09,-0.03,3936.25,3850.28,3.37,2026-08-06,,,,
2026-08-06T15:30:21.553,CHOICEIN,835.55,1.36,808.01,797.0,809.64,874.42,0.56,68.49,73.15,67.62,financials,finance & investments,28.29,3.2,-0.83,-0.02,0.02,804.68,787.83,2.84,2026-08-06,,,,
2026-08-06T15:30:21.553,LINDEINDIA,7125.0,0.52,6885.97,6646.5,6670.48,7806.77,0.38,196.17,110.11,56.43,chemicals,chemicals,17.86,6.81,20.21,0.1,0.12,6749.18,6496.82,2.54,2026-08-06,,,,
2026-08-06T15:30:21.553,HAL,4934.0,6.22,4591.69,4591.1,4617.27,5409.09,5.39,19.66,34.08,76.47,aerospace & defence,engineering,17.84,6.86,9.01,0.08,0.01,4694.44,4530.78,2.29,2026-08-06,,,,
2026-08-06T15:30:21.553,MEDANTA,1444.3,2.41,1377.68,1334.8,1402.48,1507.04,1.45,61.1,68.13,65.39,healthcare,healthcare,30.76,2.98,16.73,0.19,0.15,1348.06,1291.58,2.2,2026-08-06,,,,
2026-08-06T15:30:21.553,CEATLTD,3727.0,0.63,3593.66,3412.6,3339.5,4308.25,0.55,870.79,25.35,61.51,auto,tyres,22.29,11.6,-2.08,-0.12,-0.07,3509.02,3388.53,1.9,2026-08-06,,,,
2026-08-06T15:30:21.553,AIIL,595.0,4.29,557.57,536.6,546.52,667.71,3.4,11.4,8.33,67.36,financials,finance & investments,34.17,8.87,-3.87,0.09,0.06,545.71,521.44,1.37,2026-08-06,,,,
2026-08-06T15:30:21.553,FORCEMOT,18690.0,0.82,17964.38,17622.0,17345.34,20707.0,0.67,28.43,19.51,57.99,auto,automobiles - lcvs / hcvs,12.68,7.75,-11.13,-0.14,0.03,17591.44,16963.52,1.25,2026-08-06,,,,
2026-08-06T15:30:21.553,BAJAJFINSV,2084.5,-0.07,2027.23,1930.0,1983.22,2236.41,1.37,26.59,32.8,72.77,financials,finance & investments,33.02,5.11,2.26,-0.05,-0.04,1988.58,1935.13,1.2,2026-08-06,,,,
2026-08-06T15:30:21.553,KALYANKJIL,598.0,5.0,550.02,561.25,633.01,545.48,0.93,44.23,40.97,63.59,consumer discretionary,diamond cutting / jewellery,38.61,-5.53,18.64,0.42,0.15,540.08,498.65,1.09,2026-08-06,,,,
2026-08-06T15:30:21.553,HYUNDAI,2210.0,-0.38,2137.97,2090.0,2075.86,2411.21,0.55,50.5,36.41,73.54,auto,automobiles - passenger cars,30.36,6.46,-3.11,-0.07,-0.09,2091.39,2025.43,0.78,2026-08-06,,,,
2026-08-06T15:30:21.553,PNB,114.44,0.78,110.94,111.69,112.53,117.31,0.62,5.65,5.92,67.13,bank,banks - public sector,22.66,1.7,-7.99,-0.15,-0.11,111.0,108.82,0.72,2026-08-06,,,,
2026-08-06T15:30:21.553,ETERNAL,316.5,1.98,303.8,300.05,303.31,336.28,0.88,791.25,660.32,68.35,i.t,miscellaneous,37.99,4.35,12.42,-0.01,-0.0,298.25,287.76,0.71,2026-08-06,,,,
2026-08-06T15:30:21.553,PPLPHARMA,207.97,0.58,200.9,193.03,195.52,226.64,0.86,-99.99,-87.25,75.98,healthcare,pharmaceuticals - indian - bulk drugs & formln,47.22,6.37,16.77,0.18,0.06,192.22,184.87,0.69,2026-08-06,,,,
2026-08-06T15:30:21.553,JUBLINGREA,756.5,1.39,729.51,726.25,743.94,775.35,0.82,28.23,38.18,60.11,chemicals,chemicals,30.48,1.69,0.8,0.07,0.01,710.83,689.79,-0.67,2026-08-06,,,,
2026-08-06T15:30:21.553,APOLLOTYRE,448.85,0.89,432.43,423.5,420.69,491.09,0.86,11.26,20.53,66.49,auto,tyres,16.86,6.69,-11.07,-0.19,-0.17,428.91,416.85,-0.77,2026-08-06,,,,
2026-08-06T15:30:21.553,DEEPAKNTR,1750.1,0.77,1686.09,1645.5,1673.67,1864.75,1.81,17.29,30.23,61.65,chemicals,chemicals,18.23,4.57,4.85,-0.01,-0.01,1631.6,1556.33,-1.15,2026-08-06,,,,
2026-08-06T15:30:21.553,CHALET,864.15,2.92,815.26,792.85,814.91,938.0,1.09,54.97,34.8,60.96,services,hotels,17.59,6.04,-1.14,-0.09,-0.07,809.08,771.63,-1.18,2026-08-06,,,,
2026-08-06T15:30:21.553,CIPLA,1474.0,1.04,1431.78,1443.5,1432.71,1535.94,0.88,37.72,34.95,60.24,healthcare,pharmaceuticals - indian - bulk drugs & formln,20.28,2.88,-2.96,0.02,-0.07,1417.19,1388.68,-1.33,2026-08-06,,,,
2026-08-06T15:30:21.553,GODREJCP,1080.0,1.03,1049.78,1054.7,1056.35,1115.48,0.52,61.09,58.74,55.41,fmcg,personal care - indian,11.5,2.24,-13.18,-0.14,-0.07,1036.04,1007.88,-2.32,2026-08-06,,,,
2026-08-06T15:30:21.553,CASTROLIND,194.24,1.41,187.79,184.93,185.12,207.91,5.62,13.83,17.57,83.18,chemicals,chemicals,44.85,4.92,1.57,-0.05,-0.02,188.16,184.35,-2.51,2026-08-06,,,,
2026-08-06T15:30:21.553,RITES,232.0,2.05,218.35,213.6,213.06,260.41,0.42,32.04,26.22,62.29,miscellaneous,miscellaneous,25.2,8.89,-4.91,-0.05,-0.1,216.96,206.66,-2.55,2026-08-06,,,,
2026-08-06T15:30:21.553,SBFC,95.45,1.99,91.16,89.9,90.21,103.31,1.1,20.22,21.37,63.86,financials,finance & investments,15.55,5.81,-5.89,-0.03,-0.15,91.09,88.11,-2.66,2026-08-06,,,,
2026-08-06T15:30:21.553,LTFOODS,420.35,0.77,404.84,398.8,391.94,462.96,0.33,19.9,22.62,71.26,fmcg,food - processing - indian,21.84,7.25,10.51,-0.05,-0.01,397.76,380.82,-3.06,2026-08-06,,,,
2026-08-06T15:30:21.553,JYOTICNC,867.7,0.93,835.11,806.5,817.07,943.65,0.28,54.5,58.21,69.61,industrials,engineering,38.59,6.2,-11.69,-0.05,-0.16,812.11,772.96,-3.09,2026-08-06,,,,
2026-08-06T15:30:21.553,POLYMED,1710.0,0.09,1666.98,1660.0,1663.8,1779.3,0.25,65.37,53.74,56.28,healthcare,healthcare,27.68,2.78,-0.81,0.04,-0.12,1627.99,1574.89,-3.12,2026-08-06,,,,
2026-08-06T15:30:21.553,CRISIL,4550.0,1.66,4336.5,4309.9,4438.27,4717.6,1.33,38.43,37.01,64.78,financials,miscellaneous,29.74,2.52,2.45,-0.11,-0.04,4285.62,4110.34,-3.19,2026-08-06,,,,
2026-08-06T15:30:21.553,CHOLAHLDNG,1650.1,2.89,1563.1,1504.0,1483.48,1900.03,0.94,11.27,12.34,62.38,financials,finance & investments,18.53,11.23,-13.88,-0.12,-0.15,1550.18,1479.13,-3.35,2026-08-06,,,,
2026-08-06T15:30:21.553,AFFLE,1689.5,1.62,1628.96,1578.1,1598.73,1825.66,0.62,49.63,51.3,65.48,i.t,computers - software - medium / small,27.23,5.68,-7.25,-0.06,-0.05,1578.85,1506.86,-3.39,2026-08-06,,,,
2026-08-06T15:30:21.553,NUVOCO,352.6,1.88,339.32,343.0,352.88,352.18,0.15,19.72,32.02,56.74,building materials,cement - north india,38.2,-0.08,-0.56,-0.07,-0.06,332.41,322.26,-3.59,2026-08-06,,,,
2026-08-06T15:30:21.553,CROMPTON,268.3,0.83,260.39,258.15,252.27,292.35,0.75,-8.09,-70.96,56.38,consumer discretionary,electric equipment,16.52,6.36,3.46,0.01,-0.04,253.52,244.68,-3.76,2026-08-06,,,,
2026-08-06T15:30:21.553,JIOFIN,264.2,0.86,255.09,247.0,248.38,287.93,0.93,52.01,81.35,68.34,financials,finance & investments,23.62,6.37,-11.98,-0.09,-0.17,250.04,241.57,-4.04,2026-08-06,,,,
2026-08-06T15:30:21.553,ABBOTINDIA,27940.0,0.56,27195.0,27430.0,28094.03,27708.96,0.57,37.58,38.04,57.26,healthcare,pharmaceuticals - multinational,24.27,-0.55,-0.76,-0.05,-0.09,27209.52,26711.66,-4.09,2026-08-06,,,,
2026-08-06T15:30:21.553,ABFRL,63.33,1.98,59.93,58.44,57.68,71.8,2.21,-12.98,-9.73,63.48,consumer discretionary,textiles - products,18.4,9.79,-16.87,-0.15,-0.22,58.89,56.32,-4.16,2026-08-06,,,,
2026-08-06T15:30:21.553,PGEL,609.0,1.0,585.06,597.0,598.36,624.96,0.94,67.07,87.26,59.24,consumer discretionary,electronics - components,28.96,1.78,-3.33,-0.05,-0.0,565.58,540.21,-4.51,2026-08-06,,,,
2026-08-06T15:30:21.553,JMFINANCIL,129.39,2.59,123.79,117.7,119.63,144.03,1.48,10.61,11.6,59.85,financials,finance & investments,10.75,8.16,-12.17,-0.09,-0.14,119.91,113.4,-5.04,2026-08-06,,,,
2026-08-06T15:30:21.553,BRIGADE,574.0,0.65,556.64,565.0,561.82,592.27,0.23,24.12,21.64,57.8,realty,construction,23.45,2.17,-15.07,-0.11,-0.2,544.19,527.07,-5.86,2026-08-06,,,,
2026-08-06T15:30:21.553,JWL,262.3,1.33,252.99,256.1,249.33,281.75,0.51,97.87,66.89,54.44,industrials,engineering,19.35,5.2,-20.32,-0.22,-0.16,247.02,236.25,-5.95,2026-08-06,,,,
2026-08-06T15:30:21.553,AWL,197.34,1.96,188.31,188.45,187.38,212.27,1.21,18.2,21.65,63.48,fmcg,solvent extraction,21.94,5.31,-15.4,-0.16,-0.31,186.77,180.82,-6.3,2026-08-06,,,,
2026-07-12T21:46:28.332,MEGASTAR,,,,,,,,,,,fmcg,food - processing - indian,,,,,,,,,2026-07-12,0.69,9.07,9.07,166.83
2026-07-12T21:46:28.332,KMEW,,,,,,,,,,,transportation,miscellaneous,,,,,,,,,2026-07-12,1.12,10.11,10.41,2734.9
2026-07-12T21:46:28.332,JINDALSAW,,,,,,,,,,,industrials,steel - large,,,,,,,,,2026-07-12,1.13,12.21,12.21,-11155.03
2026-07-12T21:46:28.332,PGHL,,,,,,,,,,,healthcare,pharmaceuticals - multinational,,,,,,,,,2026-07-12,1.47,11.91,11.91,-5882.27
2026-07-12T21:46:28.332,MBAPL,,,,,,,,,,,chemicals,fertilizers,,,,,,,,,2026-07-12,1.61,19.75,21.55,290.32
2026-07-12T21:46:28.332,STYLAMIND,,,,,,,,,,,building materials,miscellaneous,,,,,,,,,2026-07-12,2.16,11.12,11.76,2554.95
2026-07-12T21:46:28.332,PAISALO,,,,,,,,,,,financials,finance & investments,,,,,,,,,2026-07-12,2.22,7.08,7.68,-3111.87
2026-07-12T21:46:28.332,INDOBORAX,,,,,,,,,,,chemicals,chemicals,,,,,,,,,2026-07-12,2.29,12.59,17.26,1007.79
2026-07-12T21:46:28.332,HNDFDS,,,,,,,,,,,fmcg,diversified - large,,,,,,,,,2026-07-12,2.62,8.56,9.7,2632.85
2026-07-12T21:46:28.332,IRISDOREME,,,,,,,,,,,consumer discretionary,textiles - products,,,,,,,,,2026-07-12,3.42,5.52,8.0,327.6
2026-07-12T21:46:28.332,KAMDHENU,,,,,,,,,,,metals & mining,steel - medium / small,,,,,,,,,2026-07-12,4.15,10.26,11.13,-456.37
2026-07-12T21:46:28.332,YASHO,,,,,,,,,,,chemicals,chemicals,,,,,,,,,2026-07-12,4.48,8.88,12.02,1175.36
2026-07-12T21:46:28.332,SGIL,,,,,,,,,,,industrials,castings & forgings,,,,,,,,,2026-07-12,4.65,8.86,12.14,286.25
2026-07-12T21:46:28.332,KDDL,,,,,,,,,,,consumer discretionary,miscellaneous,,,,,,,,,2026-07-12,4.82,8.22,8.35,1982.21
2026-07-12T21:46:28.332,ARMANFIN,,,,,,,,,,,financials,finance & investments,,,,,,,,,2026-07-12,4.91,11.25,11.25,1486.68
2026-07-12T21:46:28.332,CONFIPET,,,,,,,,,,,miscellaneous,miscellaneous,,,,,,,,,2026-07-12,5.11,13.11,13.11,1120.5
2026-07-12T21:46:28.332,KAPSTON,,,,,,,,,,,miscellaneous,miscellaneous,,,,,,,,,2026-07-12,5.4,25.21,25.21,342.92
2026-07-12T21:46:28.332,CHENNPETRO,,,,,,,,,,,energy,refineries,,,,,,,,,2026-07-12,5.47,9.28,9.9,-11830.39
2026-07-12T21:46:28.332,TBZ,,,,,,,,,,,consumer discretionary,diamond cutting / jewellery,,,,,,,,,2026-07-12,5.66,23.31,29.33,-1129.36
2026-07-12T21:46:28.332,PIXTRANS,,,,,,,,,,,fmcg,miscellaneous,,,,,,,,,2026-07-12,5.7,6.92,6.92,940.74
2026-07-12T21:46:28.332,NOVARTIND,,,,,,,,,,,healthcare,pharmaceuticals - multinational,,,,,,,,,2026-07-12,5.95,4.84,5.21,1082.11
2026-07-12T21:46:28.332,CARYSIL,,,,,,,,,,,consumer discretionary,domestic appliances,,,,,,,,,2026-07-12,5.99,10.24,10.24,1957.42
2026-07-12T21:46:28.332,UNIVASTU,,,,,,,,,,,realty,construction,,,,,,,,,2026-07-12,6.57,10.72,11.95,116.72
2026-07-12T21:46:28.332,BHARATSE,,,,,,,,,,,auto,auto ancillaries,,,,,,,,,2026-07-12,6.74,14.49,14.49,384.33
2026-07-12T21:46:28.332,VIYASH,,,,,,,,,,,healthcare,pharmaceuticals - indian - bulk drugs & formln,,,,,,,,,2026-07-12,6.78,7.05,11.46,4695.11
2026-07-12T21:46:28.332,SAKAR,,,,,,,,,,,healthcare,pharmaceuticals - indian - bulk drugs & formln,,,,,,,,,2026-07-12,7.35,6.04,10.58,864.81
2026-07-12T21:46:28.332,VTL,,,,,,,,,,,textiles,textiles - cotton/blended,,,,,,,,,2026-07-12,7.54,4.33,10.97,-11984.37
2026-07-12T21:46:28.332,APOLLOPIPE,,,,,,,,,,,plastic products,plastics products,,,,,,,,,2026-07-12,7.74,12.93,12.93,1087.02
2026-07-12T21:46:28.332,AARVI,,,,,,,,,,,miscellaneous,miscellaneous,,,,,,,,,2026-07-12,7.81,22.03,22.03,60.87
2026-07-12T21:46:28.332,KRISHANA,,,,,,,,,,,chemicals,fertilizers,,,,,,,,,2026-07-12,7.94,11.96,19.6,234.6
2026-07-12T21:46:28.332,SBCL,,,,,,,,,,,metals & mining,mining / minerals / metals,,,,,,,,,2026-07-12,8.22,9.0,18.31,2867.46
2026-07-12T21:46:28.332,ATALREAL,,,,,,,,,,,realty,construction,,,,,,,,,2026-07-12,8.41,10.42,10.42,253.67
2026-07-12T21:46:28.332,ABDL,,,,,,,,,,,fmcg,breweries & distilleries,,,,,,,,,2026-07-12,8.85,8.13,10.33,3463.68
2026-07-12T21:46:28.332,MANORAMA,,,,,,,,,,,fmcg,food - processing - indian,,,,,,,,,2026-07-12,8.9,8.2,8.2,4372.97
2026-07-12T21:46:28.332,COMSYN,,,,,,,,,,,industrials,packaging,,,,,,,,,2026-07-12,8.95,12.31,16.61,319.34
2026-07-12T21:46:28.332,BHAGCHEM,,,,,,,,,,,chemicals,pesticides / agrochemicals - indian,,,,,,,,,2026-07-12,8.95,8.52,9.06,3085.03
2026-07-12T21:46:28.332,ITDC,,,,,,,,,,,services,hotels,,,,,,,,,2026-07-12,8.98,14.85,35.11,797.63
2026-07-12T21:46:28.332,STEELCAS,,,,,,,,,,,industrials,castings & forgings,,,,,,,,,2026-07-12,9.07,4.01,9.04,1741.04
2026-07-12T21:46:28.332,TIRUPATIFL,,,,,,,,,,,industrials,castings & forgings,,,,,,,,,2026-07-12,9.08,9.75,15.94,439.68
2026-07-12T21:46:28.332,TINNARUBR,,,,,,,,,,,fmcg,miscellaneous,,,,,,,,,2026-07-12,9.1,11.99,11.99,567.33
2026-07-12T21:46:28.332,MONARCH,,,,,,,,,,,financials,finance & investments,,,,,,,,,2026-07-12,9.55,6.73,8.29,1319.33
2026-07-12T21:46:28.332,BALRAMCHIN,,,,,,,,,,,fmcg,sugar,,,,,,,,,2026-07-12,9.7,4.39,4.39,-5132.8
2026-07-12T21:46:28.332,SMSPHARMA,,,,,,,,,,,healthcare,pharmaceuticals - indian - bulk drugs,,,,,,,,,2026-07-12,10.07,8.15,9.23,-2567.01
2026-07-12T21:46:28.332,MMP,,,,,,,,,,,metals & mining,aluminium and aluminium products,,,,,,,,,2026-07-12,10.09,13.31,13.31,186.48
2026-07-12T21:46:28.332,KOPRAN,,,,,,,,,,,healthcare,pharmaceuticals - indian - bulk drugs & formln,,,,,,,,,2026-07-12,10.13,10.04,10.04,-422.16
2026-07-12T21:46:28.332,JTLIND,,,,,,,,,,,metals & mining,steel - medium / small,,,,,,,,,2026-07-12,10.5,6.96,13.81,1556.46
2026-07-12T21:46:28.332,RAJRATAN,,,,,,,,,,,metals & mining,steel - medium / small,,,,,,,,,2026-07-12,10.73,7.61,9.58,851.59
2026-07-12T21:46:28.332,DJML,,,,,,,,,,,miscellaneous,diversified - medium / small,,,,,,,,,2026-07-12,10.74,14.96,15.58,170.77
2026-07-12T21:46:28.332,HEALTHX,,,,,,,,,,,financials,finance & investments,,,,,,,,,2026-07-12,10.94,9.29,9.29,258.8
2026-07-12T21:46:28.332,BORORENEW,,,,,,,,,,,building materials,glass & glass products,,,,,,,,,2026-07-12,11.16,14.03,14.03,3701.95
2026-07-12T21:46:28.332,REPCOHOME,,,,,,,,,,,financials,finance - housing,,,,,,,,,2026-07-12,11.93,5.28,9.12,-950.25
2026-07-12T21:46:28.332,KRN,,,,,,,,,,,industrials,engineering,,,,,,,,,2026-07-12,12.39,5.67,6.69,2641.33
2026-07-12T21:46:28.332,ANTELOPUS,,,,,,,,,,,energy,oil drilling / allied services,,,,,,,,,2026-07-12,12.46,8.05,8.05,-2009.98
2026-07-12T21:46:28.332,NIBE,,,,,,,,,,,aerospace & defence,engineering,,,,,,,,,2026-07-12,12.99,12.46,15.24,1171.37
2026-07-12T21:46:28.332,MARINE,,,,,,,,,,,industrials,electric equipment,,,,,,,,,2026-07-12,13.16,6.4,17.86,168.07
2026-07-12T21:46:28.332,JBMA,,,,,,,,,,,auto,auto ancillaries,,,,,,,,,2026-07-12,13.33,6.04,7.15,-10935.23
2026-07-12T21:46:28.332,STEELXIND,,,,,,,,,,,metals & mining,steel - medium / small,,,,,,,,,2026-07-12,13.91,9.29,11.7,736.96
2026-07-12T21:46:28.332,DLINKINDIA,,,,,,,,,,,services,trading,,,,,,,,,2026-07-12,14.1,10.73,10.73,-917.42
2026-07-12T21:46:28.332,JASH,,,,,,,,,,,industrials,engineering,,,,,,,,,2026-07-12,14.47,12.92,12.92,1910.91
2026-07-12T21:46:28.332,MUNJALSHOW,,,,,,,,,,,auto,auto ancillaries,,,,,,,,,2026-07-12,14.86,3.67,7.11,-348.72
2026-07-12T21:46:28.332,SILVERTUC,,,,,,,,,,,i.t,computers - software - medium / small,,,,,,,,,2026-07-12,15.75,8.93,11.09,576.61
2026-07-12T21:46:28.332,AEROENTER,,,,,,,,,,,metals & mining,steel - medium / small,,,,,,,,,2026-07-12,16.44,9.09,16.28,684.21
2026-07-12T21:46:28.332,KMSUGAR,,,,,,,,,,,fmcg,sugar,,,,,,,,,2026-07-12,16.78,8.94,9.9,-145.94
2026-07-12T21:46:28.332,PREMEXPLN,,,,,,,,,,,aerospace & defence,chemicals,,,,,,,,,2026-07-12,17.15,8.64,17.5,2168.34
2026-07-12T21:46:28.332,GPTINFRA,,,,,,,,,,,realty,construction,,,,,,,,,2026-07-12,17.42,6.06,7.12,479.48
2026-07-12T21:46:28.332,MODISONLTD,,,,,,,,,,,industrials,electric equipment,,,,,,,,,2026-07-12,17.51,8.16,8.16,464.46
2026-07-12T21:46:28.332,SIMPLEXINF,,,,,,,,,,,realty,construction,,,,,,,,,2026-07-12,17.65,8.37,8.37,-773.68
2026-07-12T21:46:28.332,STCINDIA,,,,,,,,,,,services,trading,,,,,,,,,2026-07-12,18.81,6.51,8.19,-660.69
2026-07-12T21:46:28.332,AYMSYNTEX,,,,,,,,,,,textiles,textiles - processing,,,,,,,,,2026-07-12,18.89,9.56,18.4,456.43
2026-07-12T21:46:28.332,LLOYDSENT,,,,,,,,,,,services,trading,,,,,,,,,2026-07-12,18.9,11.98,12.34,4449.47
2026-07-12T21:46:28.332,IONEXCHANG,,,,,,,,,,,realty,engineering - turnkey services,,,,,,,,,2026-07-12,19.36,22.25,22.25,5115.32
2026-07-12T21:46:28.332,RAMRAT,,,,,,,,,,,metals & mining,mining / minerals / metals,,,,,,,,,2026-07-12,19.41,6.28,8.19,1201.0
2026-07-12T21:46:28.332,SAMBHV,,,,,,,,,,,metals & mining,steel - medium / small,,,,,,,,,2026-07-12,20.58,9.24,9.24,1533.22
2026-07-12T21:46:28.332,RPPL,,,,,,,,,,,industrials,packaging,,,,,,,,,2026-07-12,21.28,9.38,11.38,94.81
2026-07-12T21:46:28.332,GOACARBON,,,,,,,,,,,energy,petrochemicals,,,,,,,,,2026-07-12,21.31,8.72,9.37,-219.94
2026-07-12T21:46:28.332,BIRLACABLE,,,,,,,,,,,industrials,cables - telephone,,,,,,,,,2026-07-12,21.41,11.59,11.59,191.19
2026-07-12T21:46:28.332,HCC,,,,,,,,,,,realty,construction,,,,,,,,,2026-07-12,21.57,7.99,11.85,-1046.17
2026-07-12T21:46:28.332,WINDMACHIN,,,,,,,,,,,industrials,engineering,,,,,,,,,2026-07-12,21.7,9.22,11.09,-1361.74
2026-07-12T21:46:28.332,CLSEL,,,,,,,,,,,fmcg,food - processing - indian,,,,,,,,,2026-07-12,22.77,3.73,3.73,371.66
2026-07-12T21:46:28.332,TASTYBITE,,,,,,,,,,,fmcg,food - processing - indian,,,,,,,,,2026-07-12,23.95,8.96,8.96,601.29
2026-07-07T09:59:47.774,CUB,227.11,1.08,218.81,206.71,258.96,179.33,0.0,11.73,12.57,91.27,bank,banks - private sector,71.31,-12.3,8211.68,71.39,99.23,209.45,198.09,2708.04,2026-07-07,,,,
2026-07-07T09:59:47.774,ATHERENERG,1134.2,0.78,1106.13,1116.2,1068.53,1232.71,0.24,-108.23,-80.67,67.62,auto,automobiles - scooters and 3 - wheelers,47.46,6.15,66.25,0.41,0.58,1047.27,999.87,53.2,2026-07-07,,,,
2026-07-07T09:59:47.774,ACUTAAS,3527.1,0.35,3412.07,3475.0,3455.47,3634.55,0.09,54.8,80.78,63.26,healthcare,pharmaceuticals - indian - bulk drugs,45.22,2.07,103.26,0.86,1.07,3249.39,3053.41,49.31,2026-07-07,,,,
2026-07-07T09:59:47.774,CEMPRO,1597.4,5.0,1482.74,1292.0,1361.82,1950.78,0.24,28.32,43.71,82.7,realty,construction,55.52,17.3,92.73,0.9,1.0,1458.53,1354.38,21.37,2026-07-07,,,,
2026-07-07T09:59:47.774,GRANULES,876.5,2.61,832.02,804.5,797.77,994.6,0.33,26.63,34.95,76.31,healthcare,pharmaceuticals - indian - bulk drugs & formln,29.29,9.87,54.37,0.31,0.49,823.91,787.06,18.56,2026-07-07,,,,
2026-07-07T09:59:47.774,SAILIFE,1248.6,1.3,1199.52,1215.0,1224.84,1284.24,0.14,63.32,74.21,60.64,healthcare,pharmaceuticals - indian - bulk drugs & formln,26.37,1.94,43.24,0.25,0.38,1181.83,1139.75,14.88,2026-07-07,,,,
2026-07-07T09:59:47.774,SHRIRAMFIN,1075.0,1.2,1046.05,1038.0,1051.46,1110.3,0.37,16.73,19.93,72.25,financials,finance & investments,28.68,2.24,29.83,-0.02,0.54,1027.66,1004.45,13.96,2026-07-07,,,,
2026-07-07T09:59:47.774,NEULANDLAB,19312.0,1.88,18500.44,18468.0,18353.84,20749.23,0.22,29.13,66.82,76.98,healthcare,pharmaceuticals - indian - bulk drugs,30.95,5.22,13.77,0.17,0.15,18225.36,17495.38,13.81,2026-07-07,,,,
2026-07-07T09:59:47.774,J&KBANK,166.4,1.64,160.34,150.68,161.72,173.42,0.16,5.74,7.64,66.75,bank,banks - private sector,34.07,2.89,60.48,0.5,0.54,156.33,148.88,13.21,2026-07-07,,,,
2026-07-07T09:59:47.774,RBLBANK,371.9,0.9,358.09,354.7,366.5,380.0,0.28,23.48,25.7,57.91,bank,banks - private sector,20.94,1.47,22.35,0.07,0.2,351.49,338.73,12.77,2026-07-07,,,,
2026-07-07T09:59:47.774,NYKAA,316.35,0.91,305.12,305.6,312.05,322.81,0.15,292.92,454.35,71.66,i.t,trading,39.15,1.38,22.86,0.1,0.17,300.14,288.57,11.89,2026-07-07,,,,
2026-07-07T09:59:47.774,SONACOMS,666.0,-0.23,650.18,615.4,630.58,719.13,0.06,53.88,64.74,74.2,auto,auto ancillaries,32.43,5.62,35.59,0.26,0.39,633.94,611.9,10.76,2026-07-07,,,,
2026-07-07T09:59:47.774,CCL,1227.9,2.35,1172.08,1162.3,1165.85,1320.98,0.22,35.69,41.16,68.88,fmcg,tea,43.32,5.32,22.91,0.24,0.42,1158.9,1107.95,10.7,2026-07-07,,,,
2026-07-07T09:59:47.774,EMCURE,1847.0,0.65,1784.09,1798.5,1822.23,1884.16,0.08,35.96,37.63,60.88,healthcare,pharmaceuticals - indian - bulk drugs & formln,35.33,1.36,32.67,0.19,0.33,1746.78,1684.52,10.5,2026-07-07,,,,
2026-07-07T09:59:47.774,GLAND,2522.5,2.41,2414.03,2425.0,2358.54,2768.44,0.38,28.33,39.5,71.98,healthcare,pharmaceuticals - indian - formulations,43.42,6.95,42.46,0.35,0.26,2367.93,2266.9,10.04,2026-07-07,,,,
2026-07-07T09:59:47.774,STARHEALTH,592.15,1.86,572.37,572.3,584.83,603.12,0.14,78.33,61.39,71.19,financials,finance & investments,45.41,1.25,25.66,0.19,0.14,560.56,537.57,9.94,2026-07-07,,,,
2026-07-07T09:59:47.774,JBCHEPHARM,2411.5,0.9,2342.2,2267.1,2286.86,2598.46,0.11,94.94,52.81,78.51,healthcare,pharmaceuticals - indian - bulk drugs & formln,35.03,5.45,36.75,0.2,0.38,2318.36,2260.0,8.89,2026-07-07,,,,
2026-07-07T09:59:47.774,MINDACORP,699.4,0.34,683.16,686.05,688.56,715.67,0.07,33.05,45.53,71.32,auto,auto ancillaries,38.95,1.57,18.64,0.07,0.19,660.95,640.42,8.47,2026-07-07,,,,
2026-07-07T09:59:47.774,GMRAIRPORT,114.29,0.74,111.19,110.4,112.11,117.56,0.11,98.53,667.35,70.08,miscellaneous,miscellaneous,29.76,1.94,8.54,-0.01,0.23,109.49,105.99,8.39,2026-07-07,,,,
2026-07-07T09:59:47.774,AUBANK,1071.3,0.93,1040.86,1031.0,1048.17,1105.99,0.1,24.06,29.99,63.61,bank,banks - private sector,29.25,2.21,12.97,-0.01,0.31,1020.53,986.06,8.39,2026-07-07,,,,
2026-07-07T09:59:47.774,IPCALAB,1781.5,-0.05,1734.6,1681.7,1665.0,1956.25,0.05,33.46,38.33,75.19,healthcare,pharmaceuticals - indian - bulk drugs & formln,33.04,7.0,23.41,0.17,0.34,1681.06,1616.23,8.24,2026-07-07,,,,
2026-07-07T09:59:47.774,DELHIVERY,521.25,0.31,504.26,470.5,489.85,568.36,0.25,134.34,254.73,72.77,transportation,miscellaneous,27.99,6.41,29.85,0.19,0.08,490.59,468.95,8.23,2026-07-07,,,,
2026-07-07T09:59:47.774,GLENMARK,2281.3,0.46,2217.74,2142.8,2147.74,2481.65,0.15,53.4,47.06,59.27,healthcare,pharmaceuticals - indian - bulk drugs & formln,16.35,6.22,16.07,0.02,0.18,2175.31,2101.81,7.42,2026-07-07,,,,
2026-07-07T09:59:47.774,LUPIN,2501.9,0.41,2435.3,2382.7,2404.35,2648.23,0.17,17.96,20.83,73.94,healthcare,pharmaceuticals - indian - bulk drugs & formln,26.53,4.06,20.29,0.1,0.25,2407.08,2351.06,7.26,2026-07-07,,,,
2026-07-07T09:59:47.774,EICHERMOT,7555.5,1.12,7331.87,7053.5,7366.36,7839.21,0.3,34.09,37.16,57.88,auto,automobiles - motorcycles / mopeds,14.17,2.57,6.69,-0.05,0.04,7204.67,6981.04,7.07,2026-07-07,,,,
2026-07-07T09:59:47.774,TITAN,4640.0,3.47,4414.9,4383.1,4408.93,4986.61,1.3,87.35,78.41,70.29,consumer discretionary,diamond cutting / jewellery,17.77,5.24,21.56,0.06,0.22,4437.93,4302.27,7.07,2026-07-07,,,,
2026-07-07T09:59:47.774,SBIN,1046.0,0.8,1016.26,1025.5,1043.56,1049.66,0.09,12.29,11.41,58.5,bank,banks - public sector,12.26,0.23,9.99,-0.04,0.14,1011.84,989.81,6.93,2026-07-07,,,,
2026-07-07T09:59:47.774,WELSPUNLIV,170.03,0.22,166.21,159.9,167.26,174.18,0.09,39.36,74.41,67.92,textiles,textiles - products,31.84,1.65,21.37,0.18,0.35,159.17,152.2,5.8,2026-07-07,,,,
2026-07-07T09:59:47.774,INDUSINDBK,1015.75,0.59,984.21,927.05,937.34,1133.36,0.27,33.28,88.5,71.35,bank,banks - private sector,26.15,8.36,19.96,0.04,0.31,963.11,927.78,5.65,2026-07-07,,,,
2026-07-07T09:59:47.774,FORTIS,981.05,0.1,957.85,946.25,952.38,1024.05,0.21,69.68,71.02,57.58,healthcare,healthcare,12.35,3.01,9.24,-0.01,-0.13,940.35,925.33,5.41,2026-07-07,,,,
2026-07-07T09:59:47.774,NESTLEIND,1470.1,-0.24,1435.9,1407.9,1409.13,1561.55,0.06,63.7,68.51,63.19,fmcg,food - processing - mnc,20.6,4.33,18.44,0.06,0.1,1415.92,1382.88,5.17,2026-07-07,,,,
2026-07-07T09:59:47.774,NUVAMA,1872.0,0.14,1822.9,1764.9,1821.03,1948.45,0.08,31.64,10.82,75.44,financials,finance & investments,46.48,2.8,32.29,0.17,0.29,1762.3,1690.02,5.15,2026-07-07,,,,
2026-07-07T09:59:47.774,LALPATHLAB,1697.2,0.66,1656.4,1610.1,1643.21,1778.18,0.19,53.98,35.71,62.28,healthcare,healthcare,24.15,3.29,13.35,0.06,0.06,1602.29,1551.91,4.99,2026-07-07,,,,
2026-07-07T09:59:47.774,ZYDUSLIFE,1165.3,1.52,1121.51,1095.1,1102.94,1258.83,0.21,23.03,22.91,71.2,healthcare,pharmaceuticals - indian - bulk drugs & formln,41.5,5.65,24.71,0.17,0.14,1115.19,1081.12,4.86,2026-07-07,,,,
2026-07-07T09:59:47.774,BANDHANBNK,209.77,1.15,203.99,198.36,202.67,220.42,0.23,15.8,27.29,55.93,bank,banks - private sector,12.81,3.5,42.92,0.34,0.26,196.57,188.7,4.51,2026-07-07,,,,
2026-07-07T09:59:47.774,MARICO,840.85,0.33,820.85,835.0,827.7,860.58,0.08,69.15,61.49,58.09,fmcg,solvent extraction,32.15,1.59,18.43,0.02,0.11,807.93,786.04,3.94,2026-07-07,,,,
2026-07-07T09:59:47.774,SUNPHARMA,1924.4,0.61,1862.59,1860.2,1870.63,2005.05,0.06,42.58,40.02,72.94,healthcare,pharmaceuticals - indian - bulk drugs & formln,30.54,2.87,6.53,0.03,0.11,1867.79,1825.83,3.8,2026-07-07,,,,
2026-07-07T09:59:47.774,JKTYRE,414.7,1.28,402.78,392.55,400.52,435.97,0.71,16.59,14.81,59.07,auto,tyres,20.65,3.54,-10.55,-0.25,0.03,388.79,379.26,3.76,2026-07-07,,,,
2026-07-07T09:59:47.774,CHOLAFIN,1873.0,1.22,1811.73,1776.6,1823.82,1946.77,0.18,24.22,29.88,75.23,financials,finance & investments,37.39,2.7,12.28,-0.03,0.09,1789.65,1729.14,3.62,2026-07-07,,,,
2026-07-07T09:59:47.774,ALKEM,5695.5,1.73,5495.84,5487.0,5451.4,6061.65,0.3,72.02,29.08,70.44,healthcare,pharmaceuticals - indian - bulk drugs & formln,32.96,4.48,0.85,-0.06,-0.01,5460.38,5323.54,3.47,2026-07-07,,,,
2026-07-07T09:59:47.774,GRASIM,3207.8,-0.16,3133.94,3083.5,3126.01,3330.48,0.05,27.78,43.88,64.97,textiles,textiles - manmade,16.17,2.62,17.94,0.04,0.09,3113.8,3057.5,3.28,2026-07-07,,,,
2026-07-07T09:59:47.774,IDFCFIRSTB,81.13,-0.01,79.03,78.4,80.43,82.18,0.15,53.38,42.93,69.97,bank,banks - private sector,42.24,0.87,1.24,-0.13,0.09,77.85,76.02,3.23,2026-07-07,,,,
2026-07-07T09:59:47.774,BAJFINANCE,1030.8,0.17,1003.52,993.4,1011.14,1060.3,0.11,29.32,33.62,72.76,financials,finance & investments,33.74,1.94,0.98,-0.04,-0.07,987.76,960.18,2.07,2026-07-07,,,,
2026-07-07T09:59:47.774,CEATLTD,3886.9,2.18,3729.0,3459.6,3637.28,4261.33,0.38,16.07,22.01,73.11,auto,tyres,20.32,6.86,-2.39,-0.08,0.01,3655.2,3506.52,1.99,2026-07-07,,,,
2026-07-07T09:59:47.774,DIVISLAB,6949.0,1.33,6726.23,6530.5,6625.8,7433.8,0.3,61.37,70.88,63.81,healthcare,pharmaceuticals - indian - bulk drugs,23.19,4.88,7.65,0.0,0.01,6690.86,6507.25,1.89,2026-07-07,,,,
2026-07-07T09:59:47.774,ETERNAL,287.4,1.41,277.88,265.3,269.8,313.8,0.26,378.16,708.5,73.22,i.t,miscellaneous,26.12,6.52,-3.36,-0.07,-0.19,272.44,263.32,1.64,2026-07-07,,,,
2026-07-07T09:59:47.774,DRREDDY,1373.0,0.37,1329.96,1329.0,1333.57,1432.15,0.07,129.53,27.14,65.82,healthcare,pharmaceuticals - indian - bulk drugs & formln,28.3,2.96,7.26,0.01,0.06,1309.89,1269.76,1.6,2026-07-07,,,,
2026-07-07T09:59:47.774,DEEPAKFERT,1624.5,1.2,1568.98,1560.0,1602.98,1656.78,0.09,36.79,27.49,62.17,chemicals,chemicals,37.17,1.34,24.05,0.19,0.09,1526.18,1457.94,1.1,2026-07-07,,,,
2026-07-07T09:59:47.774,CIPLA,1478.9,0.45,1437.76,1446.0,1436.45,1542.58,0.11,53.82,30.65,70.96,healthcare,pharmaceuticals - indian - bulk drugs & formln,29.74,2.96,-1.92,-0.1,-0.09,1430.53,1397.35,-0.3,2026-07-07,,,,
2026-07-07T09:59:47.774,INDHOTEL,741.95,0.52,725.2,711.2,728.83,761.63,0.4,44.06,50.42,69.89,services,hotels,23.92,1.8,1.09,-0.09,-0.03,713.23,702.54,-0.38,2026-07-07,,,,
2026-07-07T09:59:47.774,ULTRACEMCO,11667.0,0.05,11421.9,11298.0,11423.12,12032.81,0.04,28.76,42.01,58.55,building materials,cement - north india,13.9,2.13,0.66,-0.1,-0.09,11352.4,11161.45,-1.0,2026-07-07,,,,
2026-07-07T09:59:47.774,BHARTIARTL,1927.3,0.08,1878.66,1845.6,1876.76,2003.11,0.09,38.45,41.91,63.43,telecom-service,telecommunications - service provider,16.9,2.69,-7.57,-0.16,-0.07,1870.4,1829.32,-1.0,2026-07-07,,,,
2026-07-07T09:59:47.774,MRF,137040.0,1.03,132927.2,127480.0,130491.57,146862.65,0.41,20.69,23.77,67.07,auto,tyres,22.22,5.02,-9.87,-0.16,-0.15,130707.21,126687.61,-1.22,2026-07-07,,,,
2026-07-07T09:59:47.774,JUBLINGREA,688.4,-0.32,668.51,610.7,630.58,775.13,0.18,31.46,39.26,61.96,chemicals,chemicals,19.99,9.17,-1.99,-0.13,-0.05,645.56,620.13,-1.35,2026-07-07,,,,
2026-07-07T09:59:47.774,BPCL,309.75,0.52,302.13,301.15,307.06,313.78,0.1,5.88,5.1,54.47,energy,refineries,14.88,0.88,-13.39,-0.25,-0.11,296.06,288.88,-1.67,2026-07-07,,,,
2026-07-07T09:59:47.774,BAJAJFINSV,1883.2,0.67,1834.36,1741.5,1803.36,2002.95,0.11,29.61,30.42,65.93,financials,finance & investments,25.1,4.43,-7.92,-0.15,-0.13,1798.67,1741.18,-1.82,2026-07-07,,,,
2026-07-07T09:59:47.774,HINDPETRO,403.55,0.8,393.52,390.7,395.53,415.59,0.17,3.54,4.72,55.96,energy,refineries,17.04,2.03,-10.43,-0.25,-0.13,385.57,374.84,-1.83,2026-07-07,,,,
2026-07-07T09:59:47.774,LICI,433.8,1.1,420.13,428.05,433.82,433.76,0.14,2.92,4.72,59.47,financials,finance & investments,27.45,-0.01,0.0,-0.07,-0.05,417.06,406.7,-1.83,2026-07-07,,,,
2026-07-07T09:59:47.774,MAXHEALTH,1144.1,1.02,1110.24,1123.5,1135.05,1157.68,0.15,81.26,76.31,65.33,healthcare,healthcare,38.27,0.8,5.43,-0.01,-0.08,1086.49,1050.18,-1.89,2026-07-07,,,,
2026-07-07T09:59:47.774,BALKRISIND,2228.0,0.78,2159.92,2153.0,2189.7,2285.45,0.04,35.96,34.38,54.2,auto,tyres,11.13,1.75,-7.47,-0.13,-0.05,2123.54,2049.19,-2.13,2026-07-07,,,,
2026-07-07T09:59:47.774,RKFORGE,574.75,0.05,561.69,559.55,566.02,587.84,0.04,46.5,145.06,51.82,industrials,castings & forgings,9.62,1.54,7.67,-0.0,0.04,548.12,533.59,-2.34,2026-07-07,,,,
2026-07-07T09:59:47.774,PAGEIND,42445.0,-0.15,41302.1,42145.0,41704.85,43555.23,0.06,66.22,62.08,64.91,consumer discretionary,textiles - products,36.98,1.77,13.98,0.09,0.0,40424.23,39153.65,-2.48,2026-07-07,,,,
2026-07-07T09:59:47.774,RAMCOCEM,937.45,-0.11,914.83,923.05,918.94,965.22,0.09,36.73,31.75,59.69,building materials,cement - south india,25.18,2.01,-8.76,-0.18,-0.12,892.31,870.61,-2.56,2026-07-07,,,,
2026-07-07T09:59:47.774,RITES,235.5,8.95,221.77,206.0,213.88,267.93,5.7,21.81,25.34,65.36,miscellaneous,miscellaneous,26.74,10.11,1.73,-0.12,-0.08,212.94,196.32,-3.32,2026-07-07,,,,
2026-07-07T09:59:47.774,HOMEFIRST,1190.1,-0.08,1161.5,1142.1,1176.37,1210.69,0.06,20.73,22.77,59.04,financials,finance - housing,25.24,1.17,9.17,-0.01,-0.05,1107.82,1059.11,-3.67,2026-07-07,,,,
2026-07-07T09:59:47.774,CHOLAHLDNG,1693.4,0.5,1651.3,1652.7,1654.68,1751.48,0.06,11.57,12.96,65.81,financials,finance & investments,24.85,2.34,-9.99,-0.17,-0.12,1609.49,1558.16,-3.88,2026-07-07,,,,
2026-07-07T09:59:47.774,MPHASIS,2331.9,1.07,2267.33,2121.1,2189.65,2545.27,0.22,21.81,23.59,57.13,i.t,computers - software - large,15.95,6.5,-18.49,-0.24,-0.16,2199.22,2109.8,-3.93,2026-07-07,,,,
2026-07-07T09:59:47.774,ITCHOTELS,187.28,1.89,179.89,176.5,179.6,198.79,0.52,30.8,46.77,74.68,services,hotels,42.77,4.27,-9.63,-0.13,-0.17,176.88,169.78,-4.04,2026-07-07,,,,
2026-07-07T09:59:47.774,ECLERX,1505.7,0.49,1455.3,1328.2,1354.33,1732.75,0.12,18.39,11.49,58.13,i.t,computers - software - medium / small,15.55,11.18,-38.69,-0.41,-0.29,1380.0,1297.32,-4.19,2026-07-07,,,,
2026-07-07T09:59:47.774,COFORGE,1507.0,1.69,1452.26,1362.2,1443.52,1602.22,0.17,20.67,31.97,59.19,i.t,computers - software - large,14.45,4.4,-21.18,-0.16,-0.16,1408.06,1336.75,-4.21,2026-07-07,,,,
2026-07-07T09:59:47.774,PGEL,572.65,0.4,558.26,533.6,564.27,585.22,0.19,63.07,82.55,65.81,consumer discretionary,electronics - components,28.5,1.48,0.18,-0.13,-0.06,544.04,527.34,-4.39,2026-07-07,,,,
2026-07-07T09:59:47.774,AAVAS,1520.8,0.45,1476.86,1492.6,1512.25,1533.62,0.07,16.57,18.3,68.47,financials,finance - housing,21.61,0.57,3.82,-0.03,-0.09,1447.57,1402.65,-4.69,2026-07-07,,,,
2026-07-07T09:59:47.774,JIOFIN,243.16,1.32,234.66,236.5,238.07,250.79,0.49,141.37,97.56,56.75,financials,finance & investments,11.5,2.14,-18.94,-0.26,-0.24,235.76,231.06,-5.79,2026-07-07,,,,
2026-07-07T09:59:47.774,NAUKRI,1065.0,3.89,1008.42,974.6,990.72,1176.42,0.32,30.5,45.79,65.17,i.t,miscellaneous,14.16,7.5,-22.65,-0.28,-0.23,1000.14,952.95,-6.78,2026-07-07,,,,
2026-07-07T09:59:47.774,HEXT,551.5,2.94,530.91,516.2,509.74,614.14,0.8,NaN,0.0,63.61,n/a,indices,22.87,8.19,-27.17,-0.33,-0.26,507.18,483.15,-8.15,2026-07-07,,,,
2026-07-07T09:59:47.774,JUBLFOOD,450.75,2.85,421.55,415.65,417.41,500.76,1.05,93.13,67.84,62.64,consumer discretionary,hotels,17.87,7.99,-23.42,-0.25,-0.27,421.62,402.93,-8.48,2026-07-07,,,,
2026-07-07T09:59:47.774,MAPMYINDIA,957.65,1.12,917.77,813.5,859.66,1104.64,0.19,25.8,38.64,63.95,i.t,computers - software - medium / small,21.68,11.4,-44.2,-0.48,-0.5,871.34,816.95,-10.95,2026-07-07,,,,
2026-07-07T09:59:47.774,NEWGEN,482.5,0.51,467.8,470.0,467.36,505.21,0.06,15.96,22.44,54.1,i.t,computers - software - medium / small,16.73,3.24,-45.12,-0.47,-0.47,456.49,442.39,-13.77,2026-07-07,,,,
2026-07-07T09:59:47.774,TRAVELFOOD,1339.0,0.71,1303.01,1304.0,1333.24,1347.64,0.04,36.5,39.7,58.94,consumer discretionary,hotels,21.04,0.43,1.98,0.05,-0.05,1266.44,1219.82,NaN,2026-07-07,,,,
2026-07-07T09:59:47.774,CANHLIFE,141.47,-0.05,137.59,138.11,137.93,146.78,0.04,95.59,105.63,54.07,financials,finance & investments,13.03,2.57,16.41,-0.13,NaN,134.44,129.7,NaN,2026-07-07,,,,
2026-04-15T07:34:14.332,STLTECH,,,,,,,,,,,industrials,cables - telephone,,,,,,,,,2026-04-15,0.0,20.42,30.53,6583.07
2026-04-15T07:34:14.332,VENUSREM,,,,,,,,,,,healthcare,pharmaceuticals - indian - formulations,,,,,,,,,2026-04-15,0.35,8.5,15.01,809.76
2026-04-15T07:34:14.332,SALSTEEL,,,,,,,,,,,metals & mining,steel - sponge iron,,,,,,,,,2026-04-15,0.52,22.72,24.03,207.67
2026-04-15T07:34:14.332,STEELCAS,,,,,,,,,,,industrials,castings & forgings,,,,,,,,,2026-04-15,0.86,12.98,27.04,1633.4
2026-04-15T07:34:14.332,LUMAXTECH,,,,,,,,,,,auto,auto ancillaries,,,,,,,,,2026-04-15,0.92,11.6,14.77,5544.01
2026-04-15T07:34:14.332,INOXINDIA,,,,,,,,,,,industrials,packaging,,,,,,,,,2026-04-15,0.94,17.0,18.48,3203.04
2026-04-15T07:34:14.332,MTARTECH,,,,,,,,,,,aerospace & defence,engineering,,,,,,,,,2026-04-15,1.11,8.99,23.11,9387.84
2026-04-15T07:34:14.332,GAEL,,,,,,,,,,,fmcg,miscellaneous,,,,,,,,,2026-04-15,1.22,7.76,9.99,2568.58
2026-04-15T07:34:14.332,KRN,,,,,,,,,,,industrials,engineering,,,,,,,,,2026-04-15,1.77,14.08,21.48,1906.54
2026-04-15T07:34:14.332,ROSSTECH,,,,,,,,,,,aerospace & defence,engineering,,,,,,,,,2026-04-15,2.22,23.84,29.35,889.61
2026-04-15T07:34:14.332,LOKESHMACH,,,,,,,,,,,industrials,engineering,,,,,,,,,2026-04-15,2.23,21.77,24.81,239.5
2026-04-15T07:34:14.332,GPIL,,,,,,,,,,,metals & mining,steel - medium / small,,,,,,,,,2026-04-15,2.33,3.99,8.19,7069.64
2026-04-15T07:34:14.332,EMCURE,,,,,,,,,,,healthcare,pharmaceuticals - indian - bulk drugs & formln,,,,,,,,,2026-04-15,2.48,7.64,7.64,6838.61
2026-04-15T07:34:14.332,DEEDEV,,,,,,,,,,,metals & mining,steel - medium / small,,,,,,,,,2026-04-15,2.54,21.86,27.44,756.87
2026-04-15T07:34:14.332,GRANULES,,,,,,,,,,,healthcare,pharmaceuticals - indian - bulk drugs & formln,,,,,,,,,2026-04-15,2.71,5.31,5.51,9713.25
2026-04-15T07:34:14.332,RPTECH,,,,,,,,,,,services,trading,,,,,,,,,2026-04-15,2.79,16.51,20.37,1005.7
2026-04-15T07:34:14.332,VTL,,,,,,,,,,,textiles,textiles - cotton/blended,,,,,,,,,2026-04-15,3.14,6.29,7.04,5536.42
2026-04-15T07:34:14.332,CEIGALL,,,,,,,,,,,realty,construction,,,,,,,,,2026-04-15,3.25,5.28,9.56,931.18
2026-04-15T07:34:14.332,SAKAR,,,,,,,,,,,healthcare,pharmaceuticals - indian - bulk drugs & formln,,,,,,,,,2026-04-15,3.31,18.92,24.46,648.84
2026-04-15T07:34:14.332,ABSLAMC,,,,,,,,,,,financials,finance & investments,,,,,,,,,2026-04-15,3.47,5.67,9.29,7347.44
2026-04-15T07:34:14.332,SENORES,,,,,,,,,,,healthcare,pharmaceuticals - indian - formulations,,,,,,,,,2026-04-15,4.5,7.3,10.84,2088.83
2026-04-15T07:34:14.332,BHAGYANGR,,,,,,,,,,,power & utilities,power generation and supply,,,,,,,,,2026-04-15,4.63,21.29,29.4,206.53
2026-04-15T07:34:14.332,ARVIND,,,,,,,,,,,textiles,textiles - cotton/blended,,,,,,,,,2026-04-15,4.93,3.98,6.47,6087.72
2026-04-15T07:34:14.332,SOUTHWEST,,,,,,,,,,,metals & mining,mining / minerals / metals,,,,,,,,,2026-04-15,5.05,14.92,19.38,224.96
2026-04-15T07:34:14.332,NATCOPHARM,,,,,,,,,,,healthcare,pharmaceuticals - indian - bulk drugs & formln,,,,,,,,,2026-04-15,5.08,6.06,12.58,9746.93
2026-04-15T07:34:14.332,NITINSPIN,,,,,,,,,,,textiles,textiles - cotton/blended,,,,,,,,,2026-04-15,5.4,6.64,8.14,982.65
2026-04-15T07:34:14.332,BAJAJCON,,,,,,,,,,,fmcg,personal care - indian,,,,,,,,,2026-04-15,5.43,14.0,18.59,3132.82
2026-04-15T07:34:14.332,GMDCLTD,,,,,,,,,,,metals & mining,mining / minerals / metals,,,,,,,,,2026-04-15,5.59,5.89,5.93,5081.51
2026-04-15T07:34:14.332,MANGLMCEM,,,,,,,,,,,building materials,cement - north india,,,,,,,,,2026-04-15,5.89,5.87,9.61,1460.04
2026-04-15T07:34:14.332,SPORTKING,,,,,,,,,,,textiles,textiles - spinning - synthetic / blended,,,,,,,,,2026-04-15,6.0,8.91,12.63,445.27
2026-04-15T07:34:14.332,ASIANTILES,,,,,,,,,,,building materials,ceramics - tiles / sanitaryware,,,,,,,,,2026-04-15,6.0,23.8,31.87,1343.86
2026-04-15T07:34:14.332,VOLTAMP,,,,,,,,,,,industrials,electric equipment,,,,,,,,,2026-04-15,6.2,6.46,7.77,6701.64
2026-04-15T07:34:14.332,RISHABH,,,,,,,,,,,industrials,electric equipment,,,,,,,,,2026-04-15,6.67,11.3,19.75,536.8
2026-04-15T07:34:14.332,APOLLOPIPE,,,,,,,,,,,plastic products,plastics products,,,,,,,,,2026-04-15,7.37,11.33,12.71,1073.61
2026-04-15T07:34:14.332,CCL,,,,,,,,,,,fmcg,tea,,,,,,,,,2026-04-15,7.42,5.65,12.93,7881.57
2026-04-15T07:34:14.332,JAYNECOIND,,,,,,,,,,,metals & mining,steel - large,,,,,,,,,2026-04-15,7.62,12.41,14.29,3793.46
2026-04-15T07:34:14.332,WHEELS,,,,,,,,,,,auto,auto ancillaries,,,,,,,,,2026-04-15,7.84,6.96,13.47,1041.11
2026-04-15T07:34:14.332,SATIN,,,,,,,,,,,financials,finance & investments,,,,,,,,,2026-04-15,8.16,7.49,13.35,1139.09
2026-04-15T07:34:14.332,QPOWER,,,,,,,,,,,industrials,electric equipment,,,,,,,,,2026-04-15,8.2,11.08,17.87,2006.93
2026-04-15T07:34:14.332,STYLAMIND,,,,,,,,,,,building materials,miscellaneous,,,,,,,,,2026-04-15,8.28,1.22,1.81,1805.8
2026-04-15T07:34:14.332,UNIPARTS,,,,,,,,,,,industrials,engineering,,,,,,,,,2026-04-15,8.72,6.04,9.9,764.37
2026-04-15T07:34:14.332,DCBBANK,,,,,,,,,,,bank,banks - private sector,,,,,,,,,2026-04-15,9.2,4.85,15.07,4984.15
2026-04-15T07:34:14.332,ANURAS,,,,,,,,,,,chemicals,chemicals,,,,,,,,,2026-04-15,9.37,3.94,5.89,5941.37
2026-04-15T07:34:14.332,SJS,,,,,,,,,,,auto,plastics products,,,,,,,,,2026-04-15,9.48,6.36,15.24,4399.23
2026-04-15T07:34:14.332,SARDAEN,,,,,,,,,,,metals & mining,steel - medium / small,,,,,,,,,2026-04-15,9.5,9.85,14.42,5476.42
2026-04-15T07:34:14.332,GLOBAL,,,,,,,,,,,services,miscellaneous,,,,,,,,,2026-04-15,9.68,12.11,12.11,142.05
2026-04-15T07:34:14.332,GRMOVER,,,,,,,,,,,fmcg,food - processing - indian,,,,,,,,,2026-04-15,9.77,3.17,6.45,977.27
2026-04-15T07:34:14.332,MAYURUNIQ,,,,,,,,,,,consumer discretionary,leather / leather products,,,,,,,,,2026-04-15,9.83,7.56,10.91,1022.02
2026-04-15T07:34:14.332,SUNTV,,,,,,,,,,,media,entertainment / electronic media software,,,,,,,,,2026-04-15,10.67,7.24,8.09,6084.67
2026-04-15T07:34:14.332,VISHNU,,,,,,,,,,,chemicals,chemicals,,,,,,,,,2026-04-15,10.72,5.74,5.74,1102.71
2026-04-15T07:34:14.332,SHAH,,,,,,,,,,,metals & mining,steel - medium / small,,,,,,,,,2026-04-15,11.17,4.13,4.13,309.2
2026-04-15T07:34:14.332,INDSWFTLAB,,,,,,,,,,,healthcare,pharmaceuticals - indian - bulk drugs & formln,,,,,,,,,2026-04-15,11.26,15.63,15.63,687.08
2026-04-15T07:34:14.332,KMEW,,,,,,,,,,,transportation,miscellaneous,,,,,,,,,2026-04-15,11.3,6.39,12.69,1969.67
2026-04-15T07:34:14.332,MMFL,,,,,,,,,,,industrials,castings & forgings,,,,,,,,,2026-04-15,11.54,8.2,12.64,934.45
2026-04-15T07:34:14.332,SCI,,,,,,,,,,,transportation,shipping,,,,,,,,,2026-04-15,12.21,7.56,9.05,4158.08
2026-04-15T07:34:14.332,CUPID,,,,,,,,,,,fmcg,personal care - indian,,,,,,,,,2026-04-15,12.28,4.73,10.18,6708.83
2026-04-15T07:34:14.332,NGLFINE,,,,,,,,,,,healthcare,pharmaceuticals - indian - bulk drugs,,,,,,,,,2026-04-15,12.89,13.04,13.77,377.81
2026-04-15T07:34:14.332,MUFIN,,,,,,,,,,,financials,finance & investments,,,,,,,,,2026-04-15,13.24,8.96,12.83,1144.62
2026-04-15T07:34:14.332,APEX,,,,,,,,,,,fmcg,aquaculture,,,,,,,,,2026-04-15,13.37,13.97,21.06,361.66
2026-04-15T07:34:14.332,TFCILTD,,,,,,,,,,,financials,finance - term-lending institutions,,,,,,,,,2026-04-15,13.85,6.32,8.89,3085.49
2026-04-15T07:34:14.332,DIVGIITTS,,,,,,,,,,,auto,auto ancillaries,,,,,,,,,2026-04-15,14.16,9.78,11.75,831.36
2026-04-15T07:34:14.332,GVPIL,,,,,,,,,,,realty,engineering - turnkey services,,,,,,,,,2026-04-15,14.28,10.07,13.21,999.65
2026-04-15T07:34:14.332,CHENNPETRO,,,,,,,,,,,energy,refineries,,,,,,,,,2026-04-15,14.32,7.0,7.59,4603.65
2026-04-15T07:34:14.332,EQUITASBNK,,,,,,,,,,,bank,banks - private sector,,,,,,,,,2026-04-15,14.47,7.69,17.25,7161.44
2026-04-15T07:34:14.332,ATALREAL,,,,,,,,,,,realty,construction,,,,,,,,,2026-04-15,14.55,6.21,10.36,215.93
2026-04-15T07:34:14.332,PRIVISCL,,,,,,,,,,,chemicals,chemicals,,,,,,,,,2026-04-15,14.69,4.74,7.57,4517.33
2026-04-15T07:34:14.332,ASHIANA,,,,,,,,,,,realty,construction,,,,,,,,,2026-04-15,14.82,8.78,17.32,1252.7
2026-04-15T07:34:14.332,FIEMIND,,,,,,,,,,,auto,auto ancillaries,,,,,,,,,2026-04-15,15.28,4.85,12.2,2591.68
2026-04-15T07:34:14.332,AKUMS,,,,,,,,,,,healthcare,pharmaceuticals - indian - bulk drugs & formln,,,,,,,,,2026-04-15,15.82,7.62,8.11,2041.94
2026-04-15T07:34:14.332,TVSSRICHAK,,,,,,,,,,,auto,tyres,,,,,,,,,2026-04-15,16.82,11.17,15.6,1651.55
2026-04-15T07:34:14.332,MEDPLUS,,,,,,,,,,,consumer discretionary,trading,,,,,,,,,2026-04-15,16.89,4.16,6.34,6214.85
2026-04-15T07:34:14.332,PRICOLLTD,,,,,,,,,,,auto,auto ancillaries,,,,,,,,,2026-04-15,17.44,5.07,12.06,4295.19
2026-04-15T07:34:14.332,FINCABLES,,,,,,,,,,,industrials,cables - power,,,,,,,,,2026-04-15,17.63,6.8,9.67,8306.46
2026-04-15T07:34:14.332,UFBL,,,,,,,,,,,consumer discretionary,hotels,,,,,,,,,2026-04-15,17.93,16.84,36.86,747.25
2026-04-15T07:34:14.332,RACLGEAR,,,,,,,,,,,auto,auto ancillaries,,,,,,,,,2026-04-15,18.83,12.45,14.72,927.88
2026-04-15T07:34:14.332,ANTELOPUS,,,,,,,,,,,energy,oil drilling / allied services,,,,,,,,,2026-04-15,19.76,6.53,16.63,651.29
2026-04-15T07:34:14.332,VIYASH,,,,,,,,,,,healthcare,pharmaceuticals - indian - bulk drugs & formln,,,,,,,,,2026-04-15,20.4,5.24,10.23,3454.24
2026-04-15T07:34:14.332,AVALON,,,,,,,,,,,consumer discretionary,electronics - components,,,,,,,,,2026-04-15,20.73,11.1,15.95,3876.14
2026-04-15T07:34:14.332,SIGMAADV,,,,,,,,,,,aerospace & defence,electronics - components,,,,,,,,,2026-04-15,25.16,7.92,17.27,876.95
2026-04-15T07:34:14.332,SANDUMA,,,,,,,,,,,metals & mining,mining / minerals / metals,,,,,,,,,2026-04-15,25.79,7.56,12.7,2539.03
2026-04-14T23:24:48.35,STLTECH,,,,,,,,,,,industrials,cables - telephone,,,,,,,,,2026-04-14,0.0,20.42,30.53,6583.07
2026-04-14T23:24:48.35,VENUSREM,,,,,,,,,,,healthcare,pharmaceuticals - indian - formulations,,,,,,,,,2026-04-14,0.35,8.5,15.01,809.76
2026-04-14T23:24:48.35,SALSTEEL,,,,,,,,,,,metals & mining,steel - sponge iron,,,,,,,,,2026-04-14,0.52,22.72,24.03,207.67
2026-04-14T23:24:48.35,STEELCAS,,,,,,,,,,,industrials,castings & forgings,,,,,,,,,2026-04-14,0.86,12.98,27.04,1633.4
2026-04-14T23:24:48.35,LUMAXTECH,,,,,,,,,,,auto,auto ancillaries,,,,,,,,,2026-04-14,0.92,11.6,14.77,5544.01
2026-04-14T23:24:48.35,INOXINDIA,,,,,,,,,,,industrials,packaging,,,,,,,,,2026-04-14,0.94,17.0,18.48,3203.04
2026-04-14T23:24:48.35,MTARTECH,,,,,,,,,,,aerospace & defence,engineering,,,,,,,,,2026-04-14,1.11,8.99,23.11,9387.84
2026-04-14T23:24:48.35,GAEL,,,,,,,,,,,fmcg,miscellaneous,,,,,,,,,2026-04-14,1.22,7.76,9.99,2568.58
2026-04-14T23:24:48.35,KRN,,,,,,,,,,,industrials,engineering,,,,,,,,,2026-04-14,1.77,14.08,21.48,1906.54
2026-04-14T23:24:48.35,ROSSTECH,,,,,,,,,,,aerospace & defence,engineering,,,,,,,,,2026-04-14,2.22,23.84,29.35,889.61
2026-04-14T23:24:48.35,LOKESHMACH,,,,,,,,,,,industrials,engineering,,,,,,,,,2026-04-14,2.23,21.77,24.81,239.5
2026-04-14T23:24:48.35,GPIL,,,,,,,,,,,metals & mining,steel - medium / small,,,,,,,,,2026-04-14,2.33,3.99,8.19,7069.64
2026-04-14T23:24:48.35,EMCURE,,,,,,,,,,,healthcare,pharmaceuticals - indian - bulk drugs & formln,,,,,,,,,2026-04-14,2.48,7.64,7.64,6838.61
2026-04-14T23:24:48.35,DEEDEV,,,,,,,,,,,metals & mining,steel - medium / small,,,,,,,,,2026-04-14,2.54,21.86,27.44,756.87
2026-04-14T23:24:48.35,GRANULES,,,,,,,,,,,healthcare,pharmaceuticals - indian - bulk drugs & formln,,,,,,,,,2026-04-14,2.71,5.31,5.51,9713.25
2026-04-14T23:24:48.35,RPTECH,,,,,,,,,,,services,trading,,,,,,,,,2026-04-14,2.79,16.51,20.37,1005.7
2026-04-14T23:24:48.35,VTL,,,,,,,,,,,textiles,textiles - cotton/blended,,,,,,,,,2026-04-14,3.14,6.29,7.04,5536.42
2026-04-14T23:24:48.35,CEIGALL,,,,,,,,,,,realty,construction,,,,,,,,,2026-04-14,3.25,5.28,9.56,931.18
2026-04-14T23:24:48.35,SAKAR,,,,,,,,,,,healthcare,pharmaceuticals - indian - bulk drugs & formln,,,,,,,,,2026-04-14,3.31,18.92,24.46,648.84
2026-04-14T23:24:48.35,ABSLAMC,,,,,,,,,,,financials,finance & investments,,,,,,,,,2026-04-14,3.47,5.67,9.29,7347.44
2026-04-14T23:24:48.35,SENORES,,,,,,,,,,,healthcare,pharmaceuticals - indian - formulations,,,,,,,,,2026-04-14,4.5,7.3,10.84,2088.83
2026-04-14T23:24:48.35,BHAGYANGR,,,,,,,,,,,power & utilities,power generation and supply,,,,,,,,,2026-04-14,4.63,21.29,29.4,206.53
2026-04-14T23:24:48.35,ARVIND,,,,,,,,,,,textiles,textiles - cotton/blended,,,,,,,,,2026-04-14,4.93,3.98,6.47,6087.72
2026-04-14T23:24:48.35,SOUTHWEST,,,,,,,,,,,metals & mining,mining / minerals / metals,,,,,,,,,2026-04-14,5.05,14.92,19.38,224.96
2026-04-14T23:24:48.35,NATCOPHARM,,,,,,,,,,,healthcare,pharmaceuticals - indian - bulk drugs & formln,,,,,,,,,2026-04-14,5.08,6.06,12.58,9746.93
2026-04-14T23:24:48.35,NITINSPIN,,,,,,,,,,,textiles,textiles - cotton/blended,,,,,,,,,2026-04-14,5.4,6.64,8.14,982.65
2026-04-14T23:24:48.35,BAJAJCON,,,,,,,,,,,fmcg,personal care - indian,,,,,,,,,2026-04-14,5.43,14.0,18.59,3132.82
2026-04-14T23:24:48.35,GMDCLTD,,,,,,,,,,,metals & mining,mining / minerals / metals,,,,,,,,,2026-04-14,5.59,5.89,5.93,5081.51
2026-04-14T23:24:48.35,MANGLMCEM,,,,,,,,,,,building materials,cement - north india,,,,,,,,,2026-04-14,5.89,5.87,9.61,1460.04
2026-04-14T23:24:48.35,SPORTKING,,,,,,,,,,,textiles,textiles - spinning - synthetic / blended,,,,,,,,,2026-04-14,6.0,8.91,12.63,445.27
2026-04-14T23:24:48.35,ASIANTILES,,,,,,,,,,,building materials,ceramics - tiles / sanitaryware,,,,,,,,,2026-04-14,6.0,23.8,31.87,1343.86
2026-04-14T23:24:48.35,VOLTAMP,,,,,,,,,,,industrials,electric equipment,,,,,,,,,2026-04-14,6.2,6.46,7.77,6701.64
2026-04-14T23:24:48.35,RISHABH,,,,,,,,,,,industrials,electric equipment,,,,,,,,,2026-04-14,6.67,11.3,19.75,536.8
2026-04-14T23:24:48.35,APOLLOPIPE,,,,,,,,,,,plastic products,plastics products,,,,,,,,,2026-04-14,7.37,11.33,12.71,1073.61
2026-04-14T23:24:48.35,CCL,,,,,,,,,,,fmcg,tea,,,,,,,,,2026-04-14,7.42,5.65,12.93,7881.57
2026-04-14T23:24:48.35,JAYNECOIND,,,,,,,,,,,metals & mining,steel - large,,,,,,,,,2026-04-14,7.62,12.41,14.29,3793.46
2026-04-14T23:24:48.35,WHEELS,,,,,,,,,,,auto,auto ancillaries,,,,,,,,,2026-04-14,7.84,6.96,13.47,1041.11
2026-04-14T23:24:48.35,SATIN,,,,,,,,,,,financials,finance & investments,,,,,,,,,2026-04-14,8.16,7.49,13.35,1139.09
2026-04-14T23:24:48.35,QPOWER,,,,,,,,,,,industrials,electric equipment,,,,,,,,,2026-04-14,8.2,11.08,17.87,2006.93
2026-04-14T23:24:48.35,STYLAMIND,,,,,,,,,,,building materials,miscellaneous,,,,,,,,,2026-04-14,8.28,1.22,1.81,1805.8
2026-04-14T23:24:48.35,UNIPARTS,,,,,,,,,,,industrials,engineering,,,,,,,,,2026-04-14,8.72,6.04,9.9,764.37
2026-04-14T23:24:48.35,DCBBANK,,,,,,,,,,,bank,banks - private sector,,,,,,,,,2026-04-14,9.2,4.85,15.07,4984.15
2026-04-14T23:24:48.35,ANURAS,,,,,,,,,,,chemicals,chemicals,,,,,,,,,2026-04-14,9.37,3.94,5.89,5941.37
2026-04-14T23:24:48.35,SJS,,,,,,,,,,,auto,plastics products,,,,,,,,,2026-04-14,9.48,6.36,15.24,4399.23
2026-04-14T23:24:48.35,SARDAEN,,,,,,,,,,,metals & mining,steel - medium / small,,,,,,,,,2026-04-14,9.5,9.85,14.42,5476.42
2026-04-14T23:24:48.35,GLOBAL,,,,,,,,,,,services,miscellaneous,,,,,,,,,2026-04-14,9.68,12.11,12.11,142.05
2026-04-14T23:24:48.35,GRMOVER,,,,,,,,,,,fmcg,food - processing - indian,,,,,,,,,2026-04-14,9.77,3.17,6.45,977.27
2026-04-14T23:24:48.35,MAYURUNIQ,,,,,,,,,,,consumer discretionary,leather / leather products,,,,,,,,,2026-04-14,9.83,7.56,10.91,1022.02
2026-04-14T23:24:48.35,SUNTV,,,,,,,,,,,media,entertainment / electronic media software,,,,,,,,,2026-04-14,10.67,7.24,8.09,6084.67
2026-04-14T23:24:48.35,VISHNU,,,,,,,,,,,chemicals,chemicals,,,,,,,,,2026-04-14,10.72,5.74,5.74,1102.71
2026-04-14T23:24:48.35,SHAH,,,,,,,,,,,metals & mining,steel - medium / small,,,,,,,,,2026-04-14,11.17,4.13,4.13,309.2
2026-04-14T23:24:48.35,INDSWFTLAB,,,,,,,,,,,healthcare,pharmaceuticals - indian - bulk drugs & formln,,,,,,,,,2026-04-14,11.26,15.63,15.63,687.08
2026-04-14T23:24:48.35,KMEW,,,,,,,,,,,transportation,miscellaneous,,,,,,,,,2026-04-14,11.3,6.39,12.69,1969.67
2026-04-14T23:24:48.35,MMFL,,,,,,,,,,,industrials,castings & forgings,,,,,,,,,2026-04-14,11.54,8.2,12.64,934.45
2026-04-14T23:24:48.35,SCI,,,,,,,,,,,transportation,shipping,,,,,,,,,2026-04-14,12.21,7.56,9.05,4158.08
2026-04-14T23:24:48.35,CUPID,,,,,,,,,,,fmcg,personal care - indian,,,,,,,,,2026-04-14,12.28,4.73,10.18,6708.83
2026-04-14T23:24:48.35,NGLFINE,,,,,,,,,,,healthcare,pharmaceuticals - indian - bulk drugs,,,,,,,,,2026-04-14,12.89,13.04,13.77,377.81
2026-04-14T23:24:48.35,MUFIN,,,,,,,,,,,financials,finance & investments,,,,,,,,,2026-04-14,13.24,8.96,12.83,1144.62
2026-04-14T23:24:48.35,APEX,,,,,,,,,,,fmcg,aquaculture,,,,,,,,,2026-04-14,13.37,13.97,21.06,361.66
2026-04-14T23:24:48.35,TFCILTD,,,,,,,,,,,financials,finance - term-lending institutions,,,,,,,,,2026-04-14,13.85,6.32,8.89,3085.49
2026-04-14T23:24:48.35,DIVGIITTS,,,,,,,,,,,auto,auto ancillaries,,,,,,,,,2026-04-14,14.16,9.78,11.75,831.36
2026-04-14T23:24:48.35,GVPIL,,,,,,,,,,,realty,engineering - turnkey services,,,,,,,,,2026-04-14,14.28,10.07,13.21,999.65
2026-04-14T23:24:48.35,CHENNPETRO,,,,,,,,,,,energy,refineries,,,,,,,,,2026-04-14,14.32,7.0,7.59,4603.65
2026-04-14T23:24:48.35,EQUITASBNK,,,,,,,,,,,bank,banks - private sector,,,,,,,,,2026-04-14,14.47,7.69,17.25,7161.44
2026-04-14T23:24:48.35,ATALREAL,,,,,,,,,,,realty,construction,,,,,,,,,2026-04-14,14.55,6.21,10.36,215.93
2026-04-14T23:24:48.35,PRIVISCL,,,,,,,,,,,chemicals,chemicals,,,,,,,,,2026-04-14,14.69,4.74,7.57,4517.33
2026-04-14T23:24:48.35,ASHIANA,,,,,,,,,,,realty,construction,,,,,,,,,2026-04-14,14.82,8.78,17.32,1252.7
2026-04-14T23:24:48.35,FIEMIND,,,,,,,,,,,auto,auto ancillaries,,,,,,,,,2026-04-14,15.28,4.85,12.2,2591.68
2026-04-14T23:24:48.35,AKUMS,,,,,,,,,,,healthcare,pharmaceuticals - indian - bulk drugs & formln,,,,,,,,,2026-04-14,15.82,7.62,8.11,2041.94
2026-04-14T23:24:48.35,TVSSRICHAK,,,,,,,,,,,auto,tyres,,,,,,,,,2026-04-14,16.82,11.17,15.6,1651.55
2026-04-14T23:24:48.35,MEDPLUS,,,,,,,,,,,consumer discretionary,trading,,,,,,,,,2026-04-14,16.89,4.16,6.34,6214.85
2026-04-14T23:24:48.35,PRICOLLTD,,,,,,,,,,,auto,auto ancillaries,,,,,,,,,2026-04-14,17.44,5.07,12.06,4295.19
2026-04-14T23:24:48.35,FINCABLES,,,,,,,,,,,industrials,cables - power,,,,,,,,,2026-04-14,17.63,6.8,9.67,8306.46
2026-04-14T23:24:48.35,UFBL,,,,,,,,,,,consumer discretionary,hotels,,,,,,,,,2026-04-14,17.93,16.84,36.86,747.25
2026-04-14T23:24:48.35,RACLGEAR,,,,,,,,,,,auto,auto ancillaries,,,,,,,,,2026-04-14,18.83,12.45,14.72,927.88
2026-04-14T23:24:48.35,ANTELOPUS,,,,,,,,,,,energy,oil drilling / allied services,,,,,,,,,2026-04-14,19.76,6.53,16.63,651.29
2026-04-14T23:24:48.35,VIYASH,,,,,,,,,,,healthcare,pharmaceuticals - indian - bulk drugs & formln,,,,,,,,,2026-04-14,20.4,5.24,10.23,3454.24
2026-04-14T23:24:48.35,AVALON,,,,,,,,,,,consumer discretionary,electronics - components,,,,,,,,,2026-04-14,20.73,11.1,15.95,3876.14
2026-04-14T23:24:48.35,SIGMAADV,,,,,,,,,,,aerospace & defence,electronics - components,,,,,,,,,2026-04-14,25.16,7.92,17.27,876.95
2026-04-14T23:24:48.35,SANDUMA,,,,,,,,,,,metals & mining,mining / minerals / metals,,,,,,,,,2026-04-14,25.79,7.56,12.7,2539.03
2026-04-13T23:37:39.064,STLTECH,,,,,,,,,,,industrials,cables - telephone,,,,,,,,,2026-04-13,0.0,20.42,30.53,6583.07
2026-04-13T23:37:39.064,VENUSREM,,,,,,,,,,,healthcare,pharmaceuticals - indian - formulations,,,,,,,,,2026-04-13,0.35,8.5,15.01,809.76
2026-04-13T23:37:39.064,SALSTEEL,,,,,,,,,,,metals & mining,steel - sponge iron,,,,,,,,,2026-04-13,0.52,22.72,24.03,207.67
2026-04-13T23:37:39.064,STEELCAS,,,,,,,,,,,industrials,castings & forgings,,,,,,,,,2026-04-13,0.86,12.98,27.04,1633.4
2026-04-13T23:37:39.064,LUMAXTECH,,,,,,,,,,,auto,auto ancillaries,,,,,,,,,2026-04-13,0.92,11.6,14.77,5544.01
2026-04-13T23:37:39.064,INOXINDIA,,,,,,,,,,,industrials,packaging,,,,,,,,,2026-04-13,0.94,17.0,18.48,3203.04
2026-04-13T23:37:39.064,MTARTECH,,,,,,,,,,,aerospace & defence,engineering,,,,,,,,,2026-04-13,1.11,8.99,23.11,9387.84
2026-04-13T23:37:39.064,GAEL,,,,,,,,,,,fmcg,miscellaneous,,,,,,,,,2026-04-13,1.22,7.76,9.99,2568.58
2026-04-13T23:37:39.064,KRN,,,,,,,,,,,industrials,engineering,,,,,,,,,2026-04-13,1.77,14.08,21.48,1906.54
2026-04-13T23:37:39.064,ROSSTECH,,,,,,,,,,,aerospace & defence,engineering,,,,,,,,,2026-04-13,2.22,23.84,29.35,889.61
2026-04-13T23:37:39.064,LOKESHMACH,,,,,,,,,,,industrials,engineering,,,,,,,,,2026-04-13,2.23,21.77,24.81,239.5
2026-04-13T23:37:39.064,GPIL,,,,,,,,,,,metals & mining,steel - medium / small,,,,,,,,,2026-04-13,2.33,3.99,8.19,7069.64
2026-04-13T23:37:39.064,EMCURE,,,,,,,,,,,healthcare,pharmaceuticals - indian - bulk drugs & formln,,,,,,,,,2026-04-13,2.48,7.64,7.64,6838.61
2026-04-13T23:37:39.064,DEEDEV,,,,,,,,,,,metals & mining,steel - medium / small,,,,,,,,,2026-04-13,2.54,21.86,27.44,756.87
2026-04-13T23:37:39.064,GRANULES,,,,,,,,,,,healthcare,pharmaceuticals - indian - bulk drugs & formln,,,,,,,,,2026-04-13,2.71,5.31,5.51,9713.25
2026-04-13T23:37:39.064,RPTECH,,,,,,,,,,,services,trading,,,,,,,,,2026-04-13,2.79,16.51,20.37,1005.7
2026-04-13T23:37:39.064,VTL,,,,,,,,,,,textiles,textiles - cotton/blended,,,,,,,,,2026-04-13,3.14,6.29,7.04,5536.42
2026-04-13T23:37:39.064,CEIGALL,,,,,,,,,,,realty,construction,,,,,,,,,2026-04-13,3.25,5.28,9.56,931.18
2026-04-13T23:37:39.064,SAKAR,,,,,,,,,,,healthcare,pharmaceuticals - indian - bulk drugs & formln,,,,,,,,,2026-04-13,3.31,18.92,24.46,648.84
2026-04-13T23:37:39.064,ABSLAMC,,,,,,,,,,,financials,finance & investments,,,,,,,,,2026-04-13,3.47,5.67,9.29,7347.44
2026-04-13T23:37:39.064,SENORES,,,,,,,,,,,healthcare,pharmaceuticals - indian - formulations,,,,,,,,,2026-04-13,4.5,7.3,10.84,2088.83
2026-04-13T23:37:39.064,BHAGYANGR,,,,,,,,,,,power & utilities,power generation and supply,,,,,,,,,2026-04-13,4.63,21.29,29.4,206.53
2026-04-13T23:37:39.064,ARVIND,,,,,,,,,,,textiles,textiles - cotton/blended,,,,,,,,,2026-04-13,4.93,3.98,6.47,6087.72
2026-04-13T23:37:39.064,SOUTHWEST,,,,,,,,,,,metals & mining,mining / minerals / metals,,,,,,,,,2026-04-13,5.05,14.92,19.38,224.96
2026-04-13T23:37:39.064,NATCOPHARM,,,,,,,,,,,healthcare,pharmaceuticals - indian - bulk drugs & formln,,,,,,,,,2026-04-13,5.08,6.06,12.58,9746.93
2026-04-13T23:37:39.064,NITINSPIN,,,,,,,,,,,textiles,textiles - cotton/blended,,,,,,,,,2026-04-13,5.4,6.64,8.14,982.65
2026-04-13T23:37:39.064,BAJAJCON,,,,,,,,,,,fmcg,personal care - indian,,,,,,,,,2026-04-13,5.43,14.0,18.59,3132.82
2026-04-13T23:37:39.064,GMDCLTD,,,,,,,,,,,metals & mining,mining / minerals / metals,,,,,,,,,2026-04-13,5.59,5.89,5.93,5081.51
2026-04-13T23:37:39.064,MANGLMCEM,,,,,,,,,,,building materials,cement - north india,,,,,,,,,2026-04-13,5.89,5.87,9.61,1460.04
2026-04-13T23:37:39.064,SPORTKING,,,,,,,,,,,textiles,textiles - spinning - synthetic / blended,,,,,,,,,2026-04-13,6.0,8.91,12.63,445.27
2026-04-13T23:37:39.064,ASIANTILES,,,,,,,,,,,building materials,ceramics - tiles / sanitaryware,,,,,,,,,2026-04-13,6.0,23.8,31.87,1343.86
2026-04-13T23:37:39.064,VOLTAMP,,,,,,,,,,,industrials,electric equipment,,,,,,,,,2026-04-13,6.2,6.46,7.77,6701.64
2026-04-13T23:37:39.064,RISHABH,,,,,,,,,,,industrials,electric equipment,,,,,,,,,2026-04-13,6.67,11.3,19.75,536.8
2026-04-13T23:37:39.064,APOLLOPIPE,,,,,,,,,,,plastic products,plastics products,,,,,,,,,2026-04-13,7.37,11.33,12.71,1073.61
2026-04-13T23:37:39.064,CCL,,,,,,,,,,,fmcg,tea,,,,,,,,,2026-04-13,7.42,5.65,12.93,7881.57
2026-04-13T23:37:39.064,JAYNECOIND,,,,,,,,,,,metals & mining,steel - large,,,,,,,,,2026-04-13,7.62,12.41,14.29,3793.46
2026-04-13T23:37:39.064,WHEELS,,,,,,,,,,,auto,auto ancillaries,,,,,,,,,2026-04-13,7.84,6.96,13.47,1041.11
2026-04-13T23:37:39.064,SATIN,,,,,,,,,,,financials,finance & investments,,,,,,,,,2026-04-13,8.16,7.49,13.35,1139.09
2026-04-13T23:37:39.064,QPOWER,,,,,,,,,,,industrials,electric equipment,,,,,,,,,2026-04-13,8.2,11.08,17.87,2006.93
2026-04-13T23:37:39.064,STYLAMIND,,,,,,,,,,,building materials,miscellaneous,,,,,,,,,2026-04-13,8.28,1.22,1.81,1805.8
2026-04-13T23:37:39.064,UNIPARTS,,,,,,,,,,,industrials,engineering,,,,,,,,,2026-04-13,8.72,6.04,9.9,764.37
2026-04-13T23:37:39.064,DCBBANK,,,,,,,,,,,bank,banks - private sector,,,,,,,,,2026-04-13,9.2,4.85,15.07,4984.15
2026-04-13T23:37:39.064,ANURAS,,,,,,,,,,,chemicals,chemicals,,,,,,,,,2026-04-13,9.37,3.94,5.89,5941.37
2026-04-13T23:37:39.064,SJS,,,,,,,,,,,auto,plastics products,,,,,,,,,2026-04-13,9.48,6.36,15.24,4399.23
2026-04-13T23:37:39.064,SARDAEN,,,,,,,,,,,metals & mining,steel - medium / small,,,,,,,,,2026-04-13,9.5,9.85,14.42,5476.42
2026-04-13T23:37:39.064,GLOBAL,,,,,,,,,,,services,miscellaneous,,,,,,,,,2026-04-13,9.68,12.11,12.11,142.05
2026-04-13T23:37:39.064,GRMOVER,,,,,,,,,,,fmcg,food - processing - indian,,,,,,,,,2026-04-13,9.77,3.17,6.45,977.27
2026-04-13T23:37:39.064,MAYURUNIQ,,,,,,,,,,,consumer discretionary,leather / leather products,,,,,,,,,2026-04-13,9.83,7.56,10.91,1022.02
2026-04-13T23:37:39.064,SUNTV,,,,,,,,,,,media,entertainment / electronic media software,,,,,,,,,2026-04-13,10.67,7.24,8.09,6084.67
2026-04-13T23:37:39.064,VISHNU,,,,,,,,,,,chemicals,chemicals,,,,,,,,,2026-04-13,10.72,5.74,5.74,1102.71
2026-04-13T23:37:39.064,SHAH,,,,,,,,,,,metals & mining,steel - medium / small,,,,,,,,,2026-04-13,11.17,4.13,4.13,309.2
2026-04-13T23:37:39.064,INDSWFTLAB,,,,,,,,,,,healthcare,pharmaceuticals - indian - bulk drugs & formln,,,,,,,,,2026-04-13,11.26,15.63,15.63,687.08
2026-04-13T23:37:39.064,KMEW,,,,,,,,,,,transportation,miscellaneous,,,,,,,,,2026-04-13,11.3,6.39,12.69,1969.67
2026-04-13T23:37:39.064,MMFL,,,,,,,,,,,industrials,castings & forgings,,,,,,,,,2026-04-13,11.54,8.2,12.64,934.45
2026-04-13T23:37:39.064,SCI,,,,,,,,,,,transportation,shipping,,,,,,,,,2026-04-13,12.21,7.56,9.05,4158.08
2026-04-13T23:37:39.064,CUPID,,,,,,,,,,,fmcg,personal care - indian,,,,,,,,,2026-04-13,12.28,4.73,10.18,6708.83
2026-04-13T23:37:39.064,NGLFINE,,,,,,,,,,,healthcare,pharmaceuticals - indian - bulk drugs,,,,,,,,,2026-04-13,12.89,13.04,13.77,377.81
2026-04-13T23:37:39.064,MUFIN,,,,,,,,,,,financials,finance & investments,,,,,,,,,2026-04-13,13.24,8.96,12.83,1144.62
2026-04-13T23:37:39.064,APEX,,,,,,,,,,,fmcg,aquaculture,,,,,,,,,2026-04-13,13.37,13.97,21.06,361.66
2026-04-13T23:37:39.064,TFCILTD,,,,,,,,,,,financials,finance - term-lending institutions,,,,,,,,,2026-04-13,13.85,6.32,8.89,3085.49
2026-04-13T23:37:39.064,DIVGIITTS,,,,,,,,,,,auto,auto ancillaries,,,,,,,,,2026-04-13,14.16,9.78,11.75,831.36
2026-04-13T23:37:39.064,GVPIL,,,,,,,,,,,realty,engineering - turnkey services,,,,,,,,,2026-04-13,14.28,10.07,13.21,999.65
2026-04-13T23:37:39.064,CHENNPETRO,,,,,,,,,,,energy,refineries,,,,,,,,,2026-04-13,14.32,7.0,7.59,4603.65
2026-04-13T23:37:39.064,EQUITASBNK,,,,,,,,,,,bank,banks - private sector,,,,,,,,,2026-04-13,14.47,7.69,17.25,7161.44
2026-04-13T23:37:39.064,ATALREAL,,,,,,,,,,,realty,construction,,,,,,,,,2026-04-13,14.55,6.21,10.36,215.93
2026-04-13T23:37:39.064,PRIVISCL,,,,,,,,,,,chemicals,chemicals,,,,,,,,,2026-04-13,14.69,4.74,7.57,4517.33
2026-04-13T23:37:39.064,ASHIANA,,,,,,,,,,,realty,construction,,,,,,,,,2026-04-13,14.82,8.78,17.32,1252.7
2026-04-13T23:37:39.064,FIEMIND,,,,,,,,,,,auto,auto ancillaries,,,,,,,,,2026-04-13,15.28,4.85,12.2,2591.68
2026-04-13T23:37:39.064,AKUMS,,,,,,,,,,,healthcare,pharmaceuticals - indian - bulk drugs & formln,,,,,,,,,2026-04-13,15.82,7.62,8.11,2041.94
2026-04-13T23:37:39.064,TVSSRICHAK,,,,,,,,,,,auto,tyres,,,,,,,,,2026-04-13,16.82,11.17,15.6,1651.55
2026-04-13T23:37:39.064,MEDPLUS,,,,,,,,,,,consumer discretionary,trading,,,,,,,,,2026-04-13,16.89,4.16,6.34,6214.85
2026-04-13T23:37:39.064,PRICOLLTD,,,,,,,,,,,auto,auto ancillaries,,,,,,,,,2026-04-13,17.44,5.07,12.06,4295.19
2026-04-13T23:37:39.064,FINCABLES,,,,,,,,,,,industrials,cables - power,,,,,,,,,2026-04-13,17.63,6.8,9.67,8306.46
2026-04-13T23:37:39.064,UFBL,,,,,,,,,,,consumer discretionary,hotels,,,,,,,,,2026-04-13,17.93,16.84,36.86,747.25
2026-04-13T23:37:39.064,RACLGEAR,,,,,,,,,,,auto,auto ancillaries,,,,,,,,,2026-04-13,18.83,12.45,14.72,927.88
2026-04-13T23:37:39.064,ANTELOPUS,,,,,,,,,,,energy,oil drilling / allied services,,,,,,,,,2026-04-13,19.76,6.53,16.63,651.29
2026-04-13T23:37:39.064,VIYASH,,,,,,,,,,,healthcare,pharmaceuticals - indian - bulk drugs & formln,,,,,,,,,2026-04-13,20.4,5.24,10.23,3454.24
2026-04-13T23:37:39.064,AVALON,,,,,,,,,,,consumer discretionary,electronics - components,,,,,,,,,2026-04-13,20.73,11.1,15.95,3876.14
2026-04-13T23:37:39.064,SIGMAADV,,,,,,,,,,,aerospace & defence,electronics - components,,,,,,,,,2026-04-13,25.16,7.92,17.27,876.95
2026-04-13T23:37:39.064,SANDUMA,,,,,,,,,,,metals & mining,mining / minerals / metals,,,,,,,,,2026-04-13,25.79,7.56,12.7,2539.03
