Timestamp,Symbol,Cmp,%ch,Low 2%,Low5,Sl,Target,R_vol,Forward pe,Pe,Rsi,Sector,Industry,Adx,%ch sl,Rs,Srs,Ars,Is,Tps,Rs score,Scan_Date,From52wh,3d range,5d,Free float,Rs_score,Rscore_1mago,Rscore_3mago,Rscore_6mago,Rs_1m,Rs_3m,Rs_6m
2026-08-13T01:15:20.191,ATHERENERG,1569.4,2.88,1480.88,1440.0,1398.45,1825.83,0.91,-295.0,-148.39,79.54,auto,automobiles - scooters and 3 - wheelers,58.94,12.22,147.96,0.99,1.19,1427.7,1332.03,66.34,2026-08-13,,,,,,,,,,,
2026-08-13T01:15:20.191,HFCL,221.52,3.4,210.7,201.0,194.13,262.6,0.98,37.17,55.79,60.44,telecom,cables - telephone,18.11,14.11,241.95,1.82,1.99,202.65,190.59,48.76,2026-08-13,,,,,,,,,,,
2026-08-13T01:15:20.191,NATIONALUM,420.0,8.25,390.53,376.5,368.86,496.72,3.35,9.62,10.55,78.06,metals & mining,aluminium and aluminium products,26.86,13.87,20.69,0.05,0.57,392.03,373.26,28.3,2026-08-13,,,,,,,,,,,
2026-08-13T01:15:20.191,WELCORP,1867.6,1.67,1803.2,1791.1,1767.1,2018.36,0.57,11.77,20.97,75.11,industrials,steel - large,40.13,5.69,147.8,1.06,1.07,1766.84,1696.67,27.6,2026-08-13,,,,,,,,,,,
2026-08-13T01:15:20.191,HINDCOPPER,547.7,2.7,519.01,522.0,507.5,607.99,7.29,37.62,45.43,66.52,metals & mining,mining / minerals / metals,22.37,7.92,5.18,-0.16,0.61,500.68,487.61,27.59,2026-08-13,,,,,,,,,,,
2026-08-13T01:15:20.191,APARINDS,18000.0,7.48,16513.0,15531.0,15316.03,22025.96,2.16,38.67,56.94,76.75,industrials,electric equipment,33.56,17.52,119.83,0.75,0.9,16291.21,15474.61,25.58,2026-08-13,,,,,,,,,,,
2026-08-13T01:15:20.191,GRANULES,864.8,0.44,837.31,835.05,823.38,926.94,0.26,29.78,31.82,56.24,healthcare,pharmaceuticals - indian - bulk drugs & formln,20.27,5.03,43.69,0.37,0.53,814.5,781.98,20.81,2026-08-13,,,,,,,,,,,
2026-08-13T01:15:20.191,BELRISE,261.35,2.91,248.54,240.85,240.57,292.52,1.83,42.7,41.57,73.1,auto,auto ancillaries,23.07,8.64,50.55,0.32,0.59,245.57,240.59,19.95,2026-08-13,,,,,,,,,,,
2026-08-13T01:15:20.191,MCX,2970.1,2.59,2822.5,2603.2,2620.91,3493.88,2.16,45.81,18.75,64.04,financials,miscellaneous,20.82,13.32,35.6,0.11,0.4,2760.99,2621.95,19.81,2026-08-13,,,,,,,,,,,
2026-08-13T01:15:20.191,SONACOMS,804.5,0.56,781.45,786.25,799.41,812.13,0.76,69.35,71.43,70.77,auto,auto ancillaries,63.65,0.64,75.06,0.4,0.53,755.73,722.36,19.53,2026-08-13,,,,,,,,,,,
2026-08-13T01:15:20.191,SAILIFE,1463.6,1.33,1414.43,1319.5,1367.69,1607.46,0.86,105.75,84.12,73.26,healthcare,pharmaceuticals - indian - bulk drugs & formln,33.26,7.01,58.59,0.47,0.61,1352.71,1279.95,19.45,2026-08-13,,,,,,,,,,,
2026-08-13T01:15:20.191,FEDERALBNK,356.85,0.65,346.72,350.85,360.8,350.92,0.44,17.53,18.64,58.2,bank,banks - private sector,44.51,-1.1,39.95,0.17,0.35,343.61,334.48,18.66,2026-08-13,,,,,,,,,,,
2026-08-13T01:15:20.191,POWERINDIA,35800.0,2.29,34035.4,31140.0,31928.96,41606.56,1.1,135.63,135.61,63.32,industrials,electric equipment,23.09,12.12,100.21,0.47,0.56,32872.86,30802.51,17.59,2026-08-13,,,,,,,,,,,
2026-08-13T01:15:20.191,HSCL,762.4,0.91,740.98,748.15,762.96,761.57,0.19,41.89,47.37,57.09,chemicals,chemicals,25.29,-0.07,62.01,0.52,0.65,716.35,684.36,15.41,2026-08-13,,,,,,,,,,,
2026-08-13T01:15:20.191,ANANDRATHI,2189.0,1.44,2116.9,2028.5,2048.47,2399.79,1.3,55.73,46.53,73.18,financials,finance & investments,30.41,6.86,39.23,0.36,0.46,2091.4,2051.2,15.16,2026-08-13,,,,,,,,,,,
2026-08-13T01:15:20.191,NAVINFLUOR,8356.5,2.46,7962.99,7834.5,7808.66,9178.26,1.32,44.03,52.9,62.27,chemicals,chemicals,26.17,7.02,46.64,0.21,0.39,7720.02,7330.16,14.6,2026-08-13,,,,,,,,,,,
2026-08-13T01:15:20.191,CRAFTSMAN,10511.0,2.11,10119.48,10200.0,10213.91,10956.63,0.95,42.3,51.22,67.53,auto,auto ancillaries,38.64,2.91,37.92,0.23,0.43,9776.37,9437.4,14.27,2026-08-13,,,,,,,,,,,
2026-08-13T01:15:20.191,HINDALCO,1078.5,2.8,1035.76,1016.0,1013.11,1176.59,1.47,8.54,14.2,71.11,metals & mining,aluminium and aluminium products,29.21,6.45,19.76,0.03,0.3,1023.26,991.28,12.96,2026-08-13,,,,,,,,,,,
2026-08-13T01:15:20.191,AUROPHARMA,1667.0,0.54,1619.25,1579.9,1589.09,1783.87,0.65,23.33,25.91,65.52,healthcare,pharmaceuticals - indian - bulk drugs & formln,30.93,4.9,39.13,0.37,0.31,1591.09,1534.16,12.79,2026-08-13,,,,,,,,,,,
2026-08-13T01:15:20.191,FINCABLES,1280.05,5.98,1208.34,1003.35,996.52,1705.35,21.61,19.66,23.09,78.2,industrials,cables - power,24.92,28.45,66.18,0.43,0.64,1125.77,1104.01,12.57,2026-08-13,,,,,,,,,,,
2026-08-13T01:15:20.191,ABB,7710.0,1.29,7433.79,7535.0,7552.47,7946.3,0.62,112.79,53.98,62.65,industrials,electric equipment,32.06,2.09,51.38,0.21,0.43,7329.11,7074.45,12.52,2026-08-13,,,,,,,,,,,
2026-08-13T01:15:20.191,KARURVYSYA,338.8,1.38,325.75,330.25,342.59,333.11,0.39,10.83,11.77,60.44,bank,banks - private sector,23.47,-1.11,28.83,-0.04,0.3,322.64,311.72,12.47,2026-08-13,,,,,,,,,,,
2026-08-13T01:15:20.191,KEI,5754.0,1.93,5481.92,5485.5,5299.08,6436.39,1.12,50.16,54.13,74.02,industrials,cables - power,27.29,8.59,32.94,0.16,0.35,5460.39,5240.18,11.79,2026-08-13,,,,,,,,,,,
2026-08-13T01:15:20.191,PNBHOUSING,1157.6,1.36,1117.69,1119.5,1089.72,1259.43,0.9,13.53,12.85,65.34,financials,finance - housing,21.58,6.23,19.01,0.25,0.22,1087.48,1043.29,11.16,2026-08-13,,,,,,,,,,,
2026-08-13T01:15:20.191,PAYTM,1610.0,1.02,1559.47,1421.0,1431.86,1877.21,0.73,117.01,156.86,84.02,i.t,miscellaneous,39.85,12.44,24.99,0.28,0.21,1491.94,1417.09,11.14,2026-08-13,,,,,,,,,,,
2026-08-13T01:15:20.191,MINDACORP,736.3,2.06,704.91,700.7,707.82,779.01,1.2,34.8,47.12,63.62,auto,auto ancillaries,25.21,4.02,27.31,0.16,0.2,687.19,657.96,11.14,2026-08-13,,,,,,,,,,,
2026-08-13T01:15:20.191,SCHNEIDER,1431.9,2.04,1352.4,1331.0,1306.31,1620.28,0.8,389.1,157.85,59.41,industrials,electric equipment,14.15,9.61,122.31,0.68,0.89,1317.02,1238.75,11.09,2026-08-13,,,,,,,,,,,
2026-08-13T01:15:20.191,EMCURE,2009.6,0.55,1943.63,1912.5,1958.83,2085.76,1.1,32.41,37.46,67.61,healthcare,pharmaceuticals - indian - bulk drugs & formln,39.66,2.59,30.44,0.23,0.39,1902.29,1835.22,10.75,2026-08-13,,,,,,,,,,,
2026-08-13T01:15:20.191,RBLBANK,389.8,0.03,376.76,384.15,379.89,404.67,0.39,31.23,27.96,63.25,bank,banks - private sector,22.33,2.61,27.46,0.17,0.19,375.24,364.72,10.46,2026-08-13,,,,,,,,,,,
2026-08-13T01:15:20.191,VIJAYA,1510.6,5.77,1392.68,1340.0,1344.07,1760.39,4.61,73.19,78.34,71.04,healthcare,healthcare,27.24,12.39,52.15,0.36,0.45,1374.76,1287.27,10.24,2026-08-13,,,,,,,,,,,
2026-08-13T01:15:20.191,AUBANK,1091.4,1.91,1040.76,1045.7,1044.48,1161.78,0.82,25.67,28.02,62.04,bank,banks - private sector,22.45,4.49,9.31,0.0,0.11,1038.62,999.04,10.09,2026-08-13,,,,,,,,,,,
2026-08-13T01:15:20.191,UNIONBANK,187.0,2.47,178.18,175.21,176.28,203.08,1.41,6.33,6.75,68.8,bank,banks - public sector,24.25,6.08,15.41,-0.04,0.16,176.85,169.84,10.05,2026-08-13,,,,,,,,,,,
2026-08-13T01:15:20.191,ASHOKLEY,176.7,1.07,170.94,172.0,170.76,185.61,0.46,20.08,25.16,67.68,auto,automobiles - lcvs / hcvs,25.06,3.48,-5.86,-0.22,0.15,168.37,162.8,9.78,2026-08-13,,,,,,,,,,,
2026-08-13T01:15:20.191,GMDCLTD,603.2,0.03,588.49,580.15,563.36,662.96,1.86,29.34,20.05,57.59,metals & mining,mining / minerals / metals,21.55,7.07,9.43,-0.08,0.1,566.04,552.12,9.74,2026-08-13,,,,,,,,,,,
2026-08-13T01:15:20.191,EICHERMOT,8049.0,0.61,7781.2,7896.5,7985.85,8143.72,0.53,37.75,38.02,64.32,auto,automobiles - motorcycles / mopeds,28.09,0.79,7.22,0.02,0.08,7770.43,7561.51,9.51,2026-08-13,,,,,,,,,,,
2026-08-13T01:15:20.191,SCI,298.8,1.65,287.48,291.35,289.14,313.29,0.49,5.62,8.46,55.1,transportation,shipping,19.43,3.34,39.58,0.03,0.24,278.91,266.15,9.09,2026-08-13,,,,,,,,,,,
2026-08-13T01:15:20.191,IIFL,625.75,1.05,602.9,603.35,614.91,642.01,0.42,9.86,12.52,69.57,financials,finance & investments,44.15,1.76,-3.54,0.1,0.06,594.46,573.94,8.95,2026-08-13,,,,,,,,,,,
2026-08-13T01:15:20.191,SAIL,174.0,0.58,167.74,168.46,169.61,180.59,1.12,10.93,16.73,55.55,metals & mining,steel - large,15.98,2.59,19.91,-0.0,0.23,162.65,156.04,8.82,2026-08-13,,,,,,,,,,,
2026-08-13T01:15:20.191,AJANTPHARM,3541.0,0.97,3415.3,3442.5,3432.97,3703.05,0.65,33.09,38.61,61.66,healthcare,pharmaceuticals - indian - formulations,30.39,3.15,28.11,0.13,0.35,3378.01,3269.77,8.63,2026-08-13,,,,,,,,,,,
2026-08-13T01:15:20.191,AARTIIND,530.9,5.07,493.19,483.4,485.41,599.13,3.55,31.08,34.52,69.45,chemicals,chemicals,21.61,9.37,47.01,0.05,0.36,496.89,474.47,8.49,2026-08-13,,,,,,,,,,,
2026-08-13T01:15:20.191,INDIANB,897.0,2.44,855.64,849.3,854.46,960.8,0.75,9.0,9.23,65.96,bank,banks - public sector,20.95,4.98,7.8,-0.09,-0.02,856.65,827.04,8.31,2026-08-13,,,,,,,,,,,
2026-08-13T01:15:20.191,SBIN,1082.0,1.5,1044.68,1052.5,1045.31,1137.04,1.43,10.36,11.43,61.84,bank,banks - public sector,21.1,3.51,8.2,-0.13,0.06,1033.15,1000.01,7.74,2026-08-13,,,,,,,,,,,
2026-08-13T01:15:20.191,EXIDEIND,490.65,1.51,472.7,462.6,466.04,527.56,0.92,29.77,44.1,73.04,auto,auto ancillaries,43.93,5.28,41.85,0.33,0.3,457.22,436.75,6.77,2026-08-13,,,,,,,,,,,
2026-08-13T01:15:20.191,CHOLAFIN,1917.6,0.17,1850.63,1862.0,1848.06,2021.91,0.31,24.67,28.22,61.69,financials,finance & investments,19.93,3.76,11.71,0.02,0.08,1812.13,1733.03,6.77,2026-08-13,,,,,,,,,,,
2026-08-13T01:15:20.191,ZYDUSLIFE,1205.0,1.18,1127.98,1093.2,1105.14,1354.78,3.26,32.22,26.54,70.55,healthcare,pharmaceuticals - indian - bulk drugs & formln,21.95,9.04,34.75,0.25,0.24,1131.02,1075.53,6.64,2026-08-13,,,,,,,,,,,
2026-08-13T01:15:20.191,HEROMOTOCO,5895.0,0.5,5727.12,5541.0,5630.27,6292.1,1.33,20.88,21.54,76.68,auto,automobiles - motorcycles / mopeds,47.92,4.7,2.11,-0.06,-0.07,5596.05,5392.84,6.5,2026-08-13,,,,,,,,,,,
2026-08-13T01:15:20.191,KPIL,1396.8,3.64,1321.33,1267.2,1267.07,1591.39,12.17,19.23,20.25,66.59,realty,transmisson line towers / equipment,20.87,10.24,25.28,0.13,0.1,1292.5,1285.47,5.37,2026-08-13,,,,,,,,,,,
2026-08-13T01:15:20.191,CANBK,132.0,1.3,127.01,127.86,127.05,139.43,0.94,5.78,5.95,59.08,bank,banks - public sector,13.73,3.9,-11.96,-0.17,-0.15,126.25,123.05,4.21,2026-08-13,,,,,,,,,,,
2026-08-13T01:15:20.191,PIDILITIND,1701.5,0.93,1645.42,1648.1,1647.51,1782.49,1.67,49.64,64.79,66.26,chemicals,chemicals,21.59,3.28,14.69,0.06,0.11,1636.4,1587.57,3.96,2026-08-13,,,,,,,,,,,
2026-08-13T01:15:20.191,BOSCHLTD,46480.0,2.87,44139.2,41870.0,42041.17,53138.24,2.37,48.54,56.39,76.47,auto,auto ancillaries,31.88,10.56,22.33,0.2,0.23,43794.17,42034.8,3.95,2026-08-13,,,,,,,,,,,
2026-08-13T01:15:20.191,JSWINFRA,346.6,1.39,332.22,322.4,321.73,383.9,1.79,52.52,48.01,62.64,transportation,miscellaneous,21.61,7.73,29.03,0.2,0.24,323.76,315.03,3.94,2026-08-13,,,,,,,,,,,
2026-08-13T01:15:20.191,PVRINOX,1189.5,2.53,1131.9,1130.0,1162.67,1229.75,1.05,51.72,25.62,71.04,media,entertainment / electronic media software,46.41,2.31,18.52,0.02,0.06,1106.6,1053.83,3.75,2026-08-13,,,,,,,,,,,
2026-08-13T01:15:20.191,ENDURANCE,3019.7,1.07,2924.52,2851.1,2847.55,3277.93,1.02,38.42,44.16,72.96,auto,auto ancillaries,22.53,6.05,15.18,0.1,0.09,2867.81,2763.19,3.4,2026-08-13,,,,,,,,,,,
2026-08-13T01:15:20.191,GLENMARK,2290.0,0.62,2226.95,2245.0,2207.1,2414.35,0.82,33.46,35.72,57.72,healthcare,pharmaceuticals - indian - bulk drugs & formln,11.76,3.76,14.1,0.08,0.15,2191.77,2138.09,3.27,2026-08-13,,,,,,,,,,,
2026-08-13T01:15:20.191,FORCEMOT,19269.0,5.12,17980.06,18210.0,17820.51,21441.73,2.23,29.31,19.29,63.15,auto,automobiles - lcvs / hcvs,14.38,8.13,2.99,-0.25,0.1,18088.98,17333.96,2.88,2026-08-13,,,,,,,,,,,
2026-08-13T01:15:20.191,JINDALSTEL,1112.0,1.55,1071.34,1092.1,1100.67,1128.99,0.32,33.49,40.98,56.62,metals & mining,steel - large,24.23,1.03,10.1,-0.14,0.03,1064.89,1029.56,2.87,2026-08-13,,,,,,,,,,,
2026-08-13T01:15:20.191,PNB,118.98,4.34,111.45,112.3,114.16,126.21,2.68,5.88,5.95,73.73,bank,banks - public sector,26.4,4.22,-2.44,-0.11,-0.08,113.9,110.62,2.7,2026-08-13,,,,,,,,,,,
2026-08-13T01:15:20.191,HAL,4995.0,1.75,4707.33,4685.4,4772.67,5328.5,3.42,19.9,36.02,76.74,aerospace & defence,engineering,25.16,4.66,11.95,0.1,0.07,4728.54,4588.69,2.58,2026-08-13,,,,,,,,,,,
2026-08-13T01:15:20.191,OIL,472.0,0.35,457.32,437.1,449.61,505.59,0.68,5.29,9.16,64.98,energy,oil drilling / allied services,28.05,4.98,12.38,-0.11,0.08,442.54,423.99,2.31,2026-08-13,,,,,,,,,,,
2026-08-13T01:15:20.191,ATUL,6896.5,0.68,6649.3,6752.5,6792.43,7052.61,1.12,20.69,25.35,65.46,chemicals,chemicals,32.94,1.53,13.53,-0.04,0.12,6555.73,6343.66,1.83,2026-08-13,,,,,,,,,,,
2026-08-13T01:15:20.191,KAJARIACER,1252.2,2.17,1187.66,1158.4,1170.43,1374.86,1.88,29.42,35.75,64.01,building materials,ceramics - tiles / sanitaryware,21.16,6.99,25.93,0.22,0.1,1175.94,1125.54,1.78,2026-08-13,,,,,,,,,,,
2026-08-13T01:15:20.191,GRAVITA,1815.1,1.71,1720.39,1680.5,1644.12,2071.57,0.83,31.08,33.16,61.03,metals & mining,mining / minerals / metals,18.67,10.4,8.1,-0.02,-0.05,1700.6,1638.52,0.46,2026-08-13,,,,,,,,,,,
2026-08-13T01:15:20.191,HYUNDAI,2240.0,1.82,2148.85,2181.6,2175.11,2337.34,0.91,51.19,36.11,72.02,auto,automobiles - passenger cars,37.01,2.98,-1.06,-0.05,-0.06,2138.92,2068.11,0.37,2026-08-13,,,,,,,,,,,
2026-08-13T01:15:20.191,PFIZER,5017.6,2.43,4793.87,4840.0,4852.62,5265.07,4.21,28.07,30.48,72.37,healthcare,pharmaceuticals - multinational,27.88,3.4,3.0,-0.07,-0.03,4783.66,4739.6,0.08,2026-08-13,,,,,,,,,,,
2026-08-13T01:15:20.191,BERGEPAINT,559.8,4.65,525.18,529.05,526.93,609.1,3.15,40.33,51.24,67.08,building materials,paints / varnishes,27.95,6.24,8.95,0.12,-0.06,522.78,500.12,-0.06,2026-08-13,,,,,,,,,,,
2026-08-13T01:15:20.191,APOLLOTYRE,445.15,0.49,432.52,432.15,431.45,465.71,0.57,20.16,16.41,60.8,auto,tyres,16.36,3.18,-11.7,-0.19,-0.18,425.25,413.42,-0.37,2026-08-13,,,,,,,,,,,
2026-08-13T01:15:20.191,POLICYBZR,1739.0,0.35,1657.38,1578.4,1594.98,1955.02,0.37,123.16,106.78,66.67,i.t,miscellaneous,20.04,9.03,2.9,0.07,-0.06,1618.81,1528.67,-0.4,2026-08-13,,,,,,,,,,,
2026-08-13T01:15:20.191,NIACL,181.09,0.96,175.15,174.8,169.37,198.67,0.31,-30.8,38.33,55.85,financials,finance & investments,19.8,6.92,21.46,0.05,0.01,168.31,164.74,-0.51,2026-08-13,,,,,,,,,,,
2026-08-13T01:15:20.191,CIPLA,1463.0,0.0,1426.98,1456.1,1450.07,1482.39,0.43,37.44,35.05,55.72,healthcare,pharmaceuticals - indian - bulk drugs & formln,21.77,0.89,-0.14,0.0,-0.07,1420.92,1395.16,-0.68,2026-08-13,,,,,,,,,,,
2026-08-13T01:15:20.191,BRITANNIA,5645.5,0.85,5448.8,5363.5,5470.91,5907.39,0.89,57.49,51.78,63.34,fmcg,food - processing - mnc,13.96,3.19,-5.55,-0.12,-0.07,5413.58,5239.63,-0.75,2026-08-13,,,,,,,,,,,
2026-08-13T01:15:20.191,GLAXO,2620.2,0.7,2527.91,2540.5,2610.59,2634.61,0.65,46.79,41.96,62.02,healthcare,pharmaceuticals - multinational,30.84,0.37,10.5,-0.08,0.02,2498.23,2411.45,-1.63,2026-08-13,,,,,,,,,,,
2026-08-13T01:15:20.191,RELIANCE,1329.0,0.39,1283.02,1281.2,1293.63,1382.05,0.58,21.46,23.98,56.59,energy,refineries,10.93,2.73,-9.9,-0.16,-0.18,1286.25,1254.19,-1.69,2026-08-13,,,,,,,,,,,
2026-08-13T01:15:20.191,MPHASIS,2537.6,0.3,2422.56,2395.8,2403.04,2739.45,0.6,24.73,25.24,63.38,i.t,computers - software - large,12.17,5.6,-10.57,-0.11,-0.12,2390.25,2282.24,-1.84,2026-08-13,,,,,,,,,,,
2026-08-13T01:15:20.191,LTFOODS,426.7,1.76,408.66,413.1,410.7,450.7,0.71,20.2,22.74,69.28,fmcg,food - processing - indian,27.31,3.9,16.66,-0.05,0.02,402.55,389.84,-2.17,2026-08-13,,,,,,,,,,,
2026-08-13T01:15:20.191,SBFC,94.01,0.18,91.6,92.35,91.49,97.79,3.49,19.92,21.42,57.01,financials,finance & investments,17.69,2.75,-5.03,-0.12,-0.17,90.29,88.23,-2.42,2026-08-13,,,,,,,,,,,
2026-08-13T01:15:20.191,CONCORDBIO,1444.7,1.11,1395.91,1356.4,1363.09,1567.12,0.29,65.43,54.77,66.63,healthcare,pharmaceuticals - indian - bulk drugs & formln,23.92,5.99,9.47,0.04,-0.03,1341.17,1278.82,-2.67,2026-08-13,,,,,,,,,,,
2026-08-13T01:15:20.191,COCHINSHIP,1506.0,0.67,1460.2,1416.5,1436.49,1610.26,0.46,35.82,54.92,61.58,aerospace & defence,miscellaneous,19.86,4.84,-4.02,-0.09,-0.13,1440.67,1400.57,-3.19,2026-08-13,,,,,,,,,,,
2026-08-13T01:15:20.191,BDL,1340.0,2.48,1281.84,1235.2,1243.81,1484.29,1.07,108.41,114.0,61.45,aerospace & defence,engineering,13.02,7.73,-11.84,-0.05,-0.13,1274.9,1226.08,-3.36,2026-08-13,,,,,,,,,,,
2026-08-13T01:15:20.191,ABBOTINDIA,28140.0,0.43,27199.9,27330.0,27758.07,28712.9,1.12,37.85,38.36,59.24,healthcare,pharmaceuticals - multinational,20.65,1.38,0.16,-0.05,-0.09,27207.62,26618.34,-3.59,2026-08-13,,,,,,,,,,,
2026-08-13T01:15:20.191,JMFINANCIL,129.67,2.77,123.58,124.8,122.39,140.59,1.33,10.63,11.61,58.7,financials,finance & investments,9.15,5.95,-6.48,-0.15,-0.14,121.65,116.1,-4.29,2026-08-13,,,,,,,,,,,
2026-08-12T23:08:07.967,ATHERENERG,1569.4,2.88,1480.88,1440.0,1398.45,1825.83,0.91,-295.0,-148.39,79.54,auto,automobiles - scooters and 3 - wheelers,58.94,12.22,147.96,0.99,1.19,1427.7,1332.03,66.34,2026-08-12,,,,,,,,,,,
2026-08-12T23:08:07.967,HFCL,221.52,3.4,210.7,201.0,194.13,262.6,0.98,37.17,55.79,60.44,telecom,cables - telephone,18.11,14.11,241.95,1.82,1.99,202.65,190.59,48.76,2026-08-12,,,,,,,,,,,
2026-08-12T23:08:07.967,NATIONALUM,420.0,8.25,390.53,376.5,368.86,496.72,3.35,9.62,10.55,78.06,metals & mining,aluminium and aluminium products,26.86,13.87,20.69,0.05,0.57,392.03,373.26,28.3,2026-08-12,,,,,,,,,,,
2026-08-12T23:08:07.967,WELCORP,1867.6,1.67,1803.2,1791.1,1767.1,2018.36,0.57,11.77,20.97,75.11,industrials,steel - large,40.13,5.69,147.8,1.06,1.07,1766.84,1696.67,27.6,2026-08-12,,,,,,,,,,,
2026-08-12T23:08:07.967,HINDCOPPER,547.7,2.7,519.01,522.0,507.5,607.99,7.29,37.62,45.43,66.52,metals & mining,mining / minerals / metals,22.37,7.92,5.18,-0.16,0.61,500.68,487.61,27.59,2026-08-12,,,,,,,,,,,
2026-08-12T23:08:07.967,APARINDS,18000.0,7.48,16513.0,15531.0,15316.03,22025.96,2.16,38.67,56.94,76.75,industrials,electric equipment,33.56,17.52,119.83,0.75,0.9,16291.21,15474.61,25.58,2026-08-12,,,,,,,,,,,
2026-08-12T23:08:07.967,GRANULES,864.8,0.44,837.31,835.05,823.38,926.94,0.26,29.78,31.82,56.24,healthcare,pharmaceuticals - indian - bulk drugs & formln,20.27,5.03,43.69,0.37,0.53,814.5,781.98,20.81,2026-08-12,,,,,,,,,,,
2026-08-12T23:08:07.967,BELRISE,261.35,2.91,248.54,240.85,240.57,292.52,1.83,42.7,41.57,73.1,auto,auto ancillaries,23.07,8.64,50.55,0.32,0.59,245.57,240.59,19.95,2026-08-12,,,,,,,,,,,
2026-08-12T23:08:07.967,MCX,2970.1,2.59,2822.5,2603.2,2620.91,3493.88,2.16,45.81,18.75,64.04,financials,miscellaneous,20.82,13.32,35.6,0.11,0.4,2760.99,2621.95,19.81,2026-08-12,,,,,,,,,,,
2026-08-12T23:08:07.967,SONACOMS,804.5,0.56,781.45,786.25,799.41,812.13,0.76,69.35,71.43,70.77,auto,auto ancillaries,63.65,0.64,75.06,0.4,0.53,755.73,722.36,19.53,2026-08-12,,,,,,,,,,,
2026-08-12T23:08:07.967,SAILIFE,1463.6,1.33,1414.43,1319.5,1367.69,1607.46,0.86,105.75,84.12,73.26,healthcare,pharmaceuticals - indian - bulk drugs & formln,33.26,7.01,58.59,0.47,0.61,1352.71,1279.95,19.45,2026-08-12,,,,,,,,,,,
2026-08-12T23:08:07.967,FEDERALBNK,356.85,0.65,346.72,350.85,360.8,350.92,0.44,17.53,18.64,58.2,bank,banks - private sector,44.51,-1.1,39.95,0.17,0.35,343.61,334.48,18.66,2026-08-12,,,,,,,,,,,
2026-08-12T23:08:07.967,POWERINDIA,35800.0,2.29,34035.4,31140.0,31928.96,41606.56,1.1,135.63,135.61,63.32,industrials,electric equipment,23.09,12.12,100.21,0.47,0.56,32872.86,30802.51,17.59,2026-08-12,,,,,,,,,,,
2026-08-12T23:08:07.967,HSCL,762.4,0.91,740.98,748.15,762.96,761.57,0.19,41.89,47.37,57.09,chemicals,chemicals,25.29,-0.07,62.01,0.52,0.65,716.35,684.36,15.41,2026-08-12,,,,,,,,,,,
2026-08-12T23:08:07.967,ANANDRATHI,2189.0,1.44,2116.9,2028.5,2048.47,2399.79,1.3,55.73,46.53,73.18,financials,finance & investments,30.41,6.86,39.23,0.36,0.46,2091.4,2051.2,15.16,2026-08-12,,,,,,,,,,,
2026-08-12T23:08:07.967,NAVINFLUOR,8356.5,2.46,7962.99,7834.5,7808.66,9178.26,1.32,44.03,52.9,62.27,chemicals,chemicals,26.17,7.02,46.64,0.21,0.39,7720.02,7330.16,14.6,2026-08-12,,,,,,,,,,,
2026-08-12T23:08:07.967,CRAFTSMAN,10511.0,2.11,10119.48,10200.0,10213.91,10956.63,0.95,42.3,51.22,67.53,auto,auto ancillaries,38.64,2.91,37.92,0.23,0.43,9776.37,9437.4,14.27,2026-08-12,,,,,,,,,,,
2026-08-12T23:08:07.967,HINDALCO,1078.5,2.8,1035.76,1016.0,1013.11,1176.59,1.47,8.54,14.2,71.11,metals & mining,aluminium and aluminium products,29.21,6.45,19.76,0.03,0.3,1023.26,991.28,12.96,2026-08-12,,,,,,,,,,,
2026-08-12T23:08:07.967,AUROPHARMA,1667.0,0.54,1619.25,1579.9,1589.09,1783.87,0.65,23.33,25.91,65.52,healthcare,pharmaceuticals - indian - bulk drugs & formln,30.93,4.9,39.13,0.37,0.31,1591.09,1534.16,12.79,2026-08-12,,,,,,,,,,,
2026-08-12T23:08:07.967,FINCABLES,1280.05,5.98,1208.34,1003.35,996.52,1705.35,21.61,19.66,23.09,78.2,industrials,cables - power,24.92,28.45,66.18,0.43,0.64,1125.77,1104.01,12.57,2026-08-12,,,,,,,,,,,
2026-08-12T23:08:07.967,ABB,7710.0,1.29,7433.79,7535.0,7552.47,7946.3,0.62,112.79,53.98,62.65,industrials,electric equipment,32.06,2.09,51.38,0.21,0.43,7329.11,7074.45,12.52,2026-08-12,,,,,,,,,,,
2026-08-12T23:08:07.967,KARURVYSYA,338.8,1.38,325.75,330.25,342.59,333.11,0.39,10.83,11.77,60.44,bank,banks - private sector,23.47,-1.11,28.83,-0.04,0.3,322.64,311.72,12.47,2026-08-12,,,,,,,,,,,
2026-08-12T23:08:07.967,KEI,5754.0,1.93,5481.92,5485.5,5299.08,6436.39,1.12,50.16,54.13,74.02,industrials,cables - power,27.29,8.59,32.94,0.16,0.35,5460.39,5240.18,11.79,2026-08-12,,,,,,,,,,,
2026-08-12T23:08:07.967,PNBHOUSING,1157.6,1.36,1117.69,1119.5,1089.72,1259.43,0.9,13.53,12.85,65.34,financials,finance - housing,21.58,6.23,19.01,0.25,0.22,1087.48,1043.29,11.16,2026-08-12,,,,,,,,,,,
2026-08-12T23:08:07.967,PAYTM,1610.0,1.02,1559.47,1421.0,1431.86,1877.21,0.73,117.01,156.86,84.02,i.t,miscellaneous,39.85,12.44,24.99,0.28,0.21,1491.94,1417.09,11.14,2026-08-12,,,,,,,,,,,
2026-08-12T23:08:07.967,MINDACORP,736.3,2.06,704.91,700.7,707.82,779.01,1.2,34.8,47.12,63.62,auto,auto ancillaries,25.21,4.02,27.31,0.16,0.2,687.19,657.96,11.14,2026-08-12,,,,,,,,,,,
2026-08-12T23:08:07.967,SCHNEIDER,1431.9,2.04,1352.4,1331.0,1306.31,1620.28,0.8,389.1,157.85,59.41,industrials,electric equipment,14.15,9.61,122.31,0.68,0.89,1317.02,1238.75,11.09,2026-08-12,,,,,,,,,,,
2026-08-12T23:08:07.967,EMCURE,2009.6,0.55,1943.63,1912.5,1958.83,2085.76,1.1,32.41,37.46,67.61,healthcare,pharmaceuticals - indian - bulk drugs & formln,39.66,2.59,30.44,0.23,0.39,1902.29,1835.22,10.75,2026-08-12,,,,,,,,,,,
2026-08-12T23:08:07.967,RBLBANK,389.8,0.03,376.76,384.15,379.89,404.67,0.39,31.23,27.96,63.25,bank,banks - private sector,22.33,2.61,27.46,0.17,0.19,375.24,364.72,10.46,2026-08-12,,,,,,,,,,,
2026-08-12T23:08:07.967,VIJAYA,1510.6,5.77,1392.68,1340.0,1344.07,1760.39,4.61,73.19,78.34,71.04,healthcare,healthcare,27.24,12.39,52.15,0.36,0.45,1374.76,1287.27,10.24,2026-08-12,,,,,,,,,,,
2026-08-12T23:08:07.967,AUBANK,1091.4,1.91,1040.76,1045.7,1044.48,1161.78,0.82,25.67,28.02,62.04,bank,banks - private sector,22.45,4.49,9.31,0.0,0.11,1038.62,999.04,10.09,2026-08-12,,,,,,,,,,,
2026-08-12T23:08:07.967,UNIONBANK,187.0,2.47,178.18,175.21,176.28,203.08,1.41,6.33,6.75,68.8,bank,banks - public sector,24.25,6.08,15.41,-0.04,0.16,176.85,169.84,10.05,2026-08-12,,,,,,,,,,,
2026-08-12T23:08:07.967,ASHOKLEY,176.7,1.07,170.94,172.0,170.76,185.61,0.46,20.08,25.16,67.68,auto,automobiles - lcvs / hcvs,25.06,3.48,-5.86,-0.22,0.15,168.37,162.8,9.78,2026-08-12,,,,,,,,,,,
2026-08-12T23:08:07.967,GMDCLTD,603.2,0.03,588.49,580.15,563.36,662.96,1.86,29.34,20.05,57.59,metals & mining,mining / minerals / metals,21.55,7.07,9.43,-0.08,0.1,566.04,552.12,9.74,2026-08-12,,,,,,,,,,,
2026-08-12T23:08:07.967,EICHERMOT,8049.0,0.61,7781.2,7896.5,7985.85,8143.72,0.53,37.75,38.02,64.32,auto,automobiles - motorcycles / mopeds,28.09,0.79,7.22,0.02,0.08,7770.43,7561.51,9.51,2026-08-12,,,,,,,,,,,
2026-08-12T23:08:07.967,SCI,298.8,1.65,287.48,291.35,289.14,313.29,0.49,5.62,8.46,55.1,transportation,shipping,19.43,3.34,39.58,0.03,0.24,278.91,266.15,9.09,2026-08-12,,,,,,,,,,,
2026-08-12T23:08:07.967,IIFL,625.75,1.05,602.9,603.35,614.91,642.01,0.42,9.86,12.52,69.57,financials,finance & investments,44.15,1.76,-3.54,0.1,0.06,594.46,573.94,8.95,2026-08-12,,,,,,,,,,,
2026-08-12T23:08:07.967,SAIL,174.0,0.58,167.74,168.46,169.61,180.59,1.12,10.93,16.73,55.55,metals & mining,steel - large,15.98,2.59,19.91,-0.0,0.23,162.65,156.04,8.82,2026-08-12,,,,,,,,,,,
2026-08-12T23:08:07.967,AJANTPHARM,3541.0,0.97,3415.3,3442.5,3432.97,3703.05,0.65,33.09,38.61,61.66,healthcare,pharmaceuticals - indian - formulations,30.39,3.15,28.11,0.13,0.35,3378.01,3269.77,8.63,2026-08-12,,,,,,,,,,,
2026-08-12T23:08:07.967,AARTIIND,530.9,5.07,493.19,483.4,485.41,599.13,3.55,31.08,34.52,69.45,chemicals,chemicals,21.61,9.37,47.01,0.05,0.36,496.89,474.47,8.49,2026-08-12,,,,,,,,,,,
2026-08-12T23:08:07.967,INDIANB,897.0,2.44,855.64,849.3,854.46,960.8,0.75,9.0,9.23,65.96,bank,banks - public sector,20.95,4.98,7.8,-0.09,-0.02,856.65,827.04,8.31,2026-08-12,,,,,,,,,,,
2026-08-12T23:08:07.967,SBIN,1082.0,1.5,1044.68,1052.5,1045.31,1137.04,1.43,10.36,11.43,61.84,bank,banks - public sector,21.1,3.51,8.2,-0.13,0.06,1033.15,1000.01,7.74,2026-08-12,,,,,,,,,,,
2026-08-12T23:08:07.967,EXIDEIND,490.65,1.51,472.7,462.6,466.04,527.56,0.92,29.77,44.1,73.04,auto,auto ancillaries,43.93,5.28,41.85,0.33,0.3,457.22,436.75,6.77,2026-08-12,,,,,,,,,,,
2026-08-12T23:08:07.967,CHOLAFIN,1917.6,0.17,1850.63,1862.0,1848.06,2021.91,0.31,24.67,28.22,61.69,financials,finance & investments,19.93,3.76,11.71,0.02,0.08,1812.13,1733.03,6.77,2026-08-12,,,,,,,,,,,
2026-08-12T23:08:07.967,ZYDUSLIFE,1205.0,1.18,1127.98,1093.2,1105.14,1354.78,3.26,32.22,26.54,70.55,healthcare,pharmaceuticals - indian - bulk drugs & formln,21.95,9.04,34.75,0.25,0.24,1131.02,1075.53,6.64,2026-08-12,,,,,,,,,,,
2026-08-12T23:08:07.967,HEROMOTOCO,5895.0,0.5,5727.12,5541.0,5630.27,6292.1,1.33,20.88,21.54,76.68,auto,automobiles - motorcycles / mopeds,47.92,4.7,2.11,-0.06,-0.07,5596.05,5392.84,6.5,2026-08-12,,,,,,,,,,,
2026-08-12T23:08:07.967,KPIL,1396.8,3.64,1321.33,1267.2,1267.07,1591.39,12.17,19.23,20.25,66.59,realty,transmisson line towers / equipment,20.87,10.24,25.28,0.13,0.1,1292.5,1285.47,5.37,2026-08-12,,,,,,,,,,,
2026-08-12T23:08:07.967,CANBK,132.0,1.3,127.01,127.86,127.05,139.43,0.94,5.78,5.95,59.08,bank,banks - public sector,13.73,3.9,-11.96,-0.17,-0.15,126.25,123.05,4.21,2026-08-12,,,,,,,,,,,
2026-08-12T23:08:07.967,PIDILITIND,1701.5,0.93,1645.42,1648.1,1647.51,1782.49,1.67,49.64,64.79,66.26,chemicals,chemicals,21.59,3.28,14.69,0.06,0.11,1636.4,1587.57,3.96,2026-08-12,,,,,,,,,,,
2026-08-12T23:08:07.967,BOSCHLTD,46480.0,2.87,44139.2,41870.0,42041.17,53138.24,2.37,48.54,56.39,76.47,auto,auto ancillaries,31.88,10.56,22.33,0.2,0.23,43794.17,42034.8,3.95,2026-08-12,,,,,,,,,,,
2026-08-12T23:08:07.967,JSWINFRA,346.6,1.39,332.22,322.4,321.73,383.9,1.79,52.52,48.01,62.64,transportation,miscellaneous,21.61,7.73,29.03,0.2,0.24,323.76,315.03,3.94,2026-08-12,,,,,,,,,,,
2026-08-12T23:08:07.967,PVRINOX,1189.5,2.53,1131.9,1130.0,1162.67,1229.75,1.05,51.72,25.62,71.04,media,entertainment / electronic media software,46.41,2.31,18.52,0.02,0.06,1106.6,1053.83,3.75,2026-08-12,,,,,,,,,,,
2026-08-12T23:08:07.967,ENDURANCE,3019.7,1.07,2924.52,2851.1,2847.55,3277.93,1.02,38.42,44.16,72.96,auto,auto ancillaries,22.53,6.05,15.18,0.1,0.09,2867.81,2763.19,3.4,2026-08-12,,,,,,,,,,,
2026-08-12T23:08:07.967,GLENMARK,2290.0,0.62,2226.95,2245.0,2207.1,2414.35,0.82,33.46,35.72,57.72,healthcare,pharmaceuticals - indian - bulk drugs & formln,11.76,3.76,14.1,0.08,0.15,2191.77,2138.09,3.27,2026-08-12,,,,,,,,,,,
2026-08-12T23:08:07.967,FORCEMOT,19269.0,5.12,17980.06,18210.0,17820.51,21441.73,2.23,29.31,19.29,63.15,auto,automobiles - lcvs / hcvs,14.38,8.13,2.99,-0.25,0.1,18088.98,17333.96,2.88,2026-08-12,,,,,,,,,,,
2026-08-12T23:08:07.967,JINDALSTEL,1112.0,1.55,1071.34,1092.1,1100.67,1128.99,0.32,33.49,40.98,56.62,metals & mining,steel - large,24.23,1.03,10.1,-0.14,0.03,1064.89,1029.56,2.87,2026-08-12,,,,,,,,,,,
2026-08-12T23:08:07.967,PNB,118.98,4.34,111.45,112.3,114.16,126.21,2.68,5.88,5.95,73.73,bank,banks - public sector,26.4,4.22,-2.44,-0.11,-0.08,113.9,110.62,2.7,2026-08-12,,,,,,,,,,,
2026-08-12T23:08:07.967,HAL,4995.0,1.75,4707.33,4685.4,4772.67,5328.5,3.42,19.9,36.02,76.74,aerospace & defence,engineering,25.16,4.66,11.95,0.1,0.07,4728.54,4588.69,2.58,2026-08-12,,,,,,,,,,,
2026-08-12T23:08:07.967,OIL,472.0,0.35,457.32,437.1,449.61,505.59,0.68,5.29,9.16,64.98,energy,oil drilling / allied services,28.05,4.98,12.38,-0.11,0.08,442.54,423.99,2.31,2026-08-12,,,,,,,,,,,
2026-08-12T23:08:07.967,ATUL,6896.5,0.68,6649.3,6752.5,6792.43,7052.61,1.12,20.69,25.35,65.46,chemicals,chemicals,32.94,1.53,13.53,-0.04,0.12,6555.73,6343.66,1.83,2026-08-12,,,,,,,,,,,
2026-08-12T23:08:07.967,KAJARIACER,1252.2,2.17,1187.66,1158.4,1170.43,1374.86,1.88,29.42,35.75,64.01,building materials,ceramics - tiles / sanitaryware,21.16,6.99,25.93,0.22,0.1,1175.94,1125.54,1.78,2026-08-12,,,,,,,,,,,
2026-08-12T23:08:07.967,GRAVITA,1815.1,1.71,1720.39,1680.5,1644.12,2071.57,0.83,31.08,33.16,61.03,metals & mining,mining / minerals / metals,18.67,10.4,8.1,-0.02,-0.05,1700.6,1638.52,0.46,2026-08-12,,,,,,,,,,,
2026-08-12T23:08:07.967,HYUNDAI,2240.0,1.82,2148.85,2181.6,2175.11,2337.34,0.91,51.19,36.11,72.02,auto,automobiles - passenger cars,37.01,2.98,-1.06,-0.05,-0.06,2138.92,2068.11,0.37,2026-08-12,,,,,,,,,,,
2026-08-12T23:08:07.967,PFIZER,5017.6,2.43,4793.87,4840.0,4852.62,5265.07,4.21,28.07,30.48,72.37,healthcare,pharmaceuticals - multinational,27.88,3.4,3.0,-0.07,-0.03,4783.66,4739.6,0.08,2026-08-12,,,,,,,,,,,
2026-08-12T23:08:07.967,BERGEPAINT,559.8,4.65,525.18,529.05,526.93,609.1,3.15,40.33,51.24,67.08,building materials,paints / varnishes,27.95,6.24,8.95,0.12,-0.06,522.78,500.12,-0.06,2026-08-12,,,,,,,,,,,
2026-08-12T23:08:07.967,APOLLOTYRE,445.15,0.49,432.52,432.15,431.45,465.71,0.57,20.16,16.41,60.8,auto,tyres,16.36,3.18,-11.7,-0.19,-0.18,425.25,413.42,-0.37,2026-08-12,,,,,,,,,,,
2026-08-12T23:08:07.967,POLICYBZR,1739.0,0.35,1657.38,1578.4,1594.98,1955.02,0.37,123.16,106.78,66.67,i.t,miscellaneous,20.04,9.03,2.9,0.07,-0.06,1618.81,1528.67,-0.4,2026-08-12,,,,,,,,,,,
2026-08-12T23:08:07.967,NIACL,181.09,0.96,175.15,174.8,169.37,198.67,0.31,-30.8,38.33,55.85,financials,finance & investments,19.8,6.92,21.46,0.05,0.01,168.31,164.74,-0.51,2026-08-12,,,,,,,,,,,
2026-08-12T23:08:07.967,CIPLA,1463.0,0.0,1426.98,1456.1,1450.07,1482.39,0.43,37.44,35.05,55.72,healthcare,pharmaceuticals - indian - bulk drugs & formln,21.77,0.89,-0.14,0.0,-0.07,1420.92,1395.16,-0.68,2026-08-12,,,,,,,,,,,
2026-08-12T23:08:07.967,BRITANNIA,5645.5,0.85,5448.8,5363.5,5470.91,5907.39,0.89,57.49,51.78,63.34,fmcg,food - processing - mnc,13.96,3.19,-5.55,-0.12,-0.07,5413.58,5239.63,-0.75,2026-08-12,,,,,,,,,,,
2026-08-12T23:08:07.967,GLAXO,2620.2,0.7,2527.91,2540.5,2610.59,2634.61,0.65,46.79,41.96,62.02,healthcare,pharmaceuticals - multinational,30.84,0.37,10.5,-0.08,0.02,2498.23,2411.45,-1.63,2026-08-12,,,,,,,,,,,
2026-08-12T23:08:07.967,RELIANCE,1329.0,0.39,1283.02,1281.2,1293.63,1382.05,0.58,21.46,23.98,56.59,energy,refineries,10.93,2.73,-9.9,-0.16,-0.18,1286.25,1254.19,-1.69,2026-08-12,,,,,,,,,,,
2026-08-12T23:08:07.967,MPHASIS,2537.6,0.3,2422.56,2395.8,2403.04,2739.45,0.6,24.73,25.24,63.38,i.t,computers - software - large,12.17,5.6,-10.57,-0.11,-0.12,2390.25,2282.24,-1.84,2026-08-12,,,,,,,,,,,
2026-08-12T23:08:07.967,LTFOODS,426.7,1.76,408.66,413.1,410.7,450.7,0.71,20.2,22.74,69.28,fmcg,food - processing - indian,27.31,3.9,16.66,-0.05,0.02,402.55,389.84,-2.17,2026-08-12,,,,,,,,,,,
2026-08-12T23:08:07.967,SBFC,94.01,0.18,91.6,92.35,91.49,97.79,3.49,19.92,21.42,57.01,financials,finance & investments,17.69,2.75,-5.03,-0.12,-0.17,90.29,88.23,-2.42,2026-08-12,,,,,,,,,,,
2026-08-12T23:08:07.967,CONCORDBIO,1444.7,1.11,1395.91,1356.4,1363.09,1567.12,0.29,65.43,54.77,66.63,healthcare,pharmaceuticals - indian - bulk drugs & formln,23.92,5.99,9.47,0.04,-0.03,1341.17,1278.82,-2.67,2026-08-12,,,,,,,,,,,
2026-08-12T23:08:07.967,COCHINSHIP,1506.0,0.67,1460.2,1416.5,1436.49,1610.26,0.46,35.82,54.92,61.58,aerospace & defence,miscellaneous,19.86,4.84,-4.02,-0.09,-0.13,1440.67,1400.57,-3.19,2026-08-12,,,,,,,,,,,
2026-08-12T23:08:07.967,BDL,1340.0,2.48,1281.84,1235.2,1243.81,1484.29,1.07,108.41,114.0,61.45,aerospace & defence,engineering,13.02,7.73,-11.84,-0.05,-0.13,1274.9,1226.08,-3.36,2026-08-12,,,,,,,,,,,
2026-08-12T23:08:07.967,ABBOTINDIA,28140.0,0.43,27199.9,27330.0,27758.07,28712.9,1.12,37.85,38.36,59.24,healthcare,pharmaceuticals - multinational,20.65,1.38,0.16,-0.05,-0.09,27207.62,26618.34,-3.59,2026-08-12,,,,,,,,,,,
2026-08-12T23:08:07.967,JMFINANCIL,129.67,2.77,123.58,124.8,122.39,140.59,1.33,10.63,11.61,58.7,financials,finance & investments,9.15,5.95,-6.48,-0.15,-0.14,121.65,116.1,-4.29,2026-08-12,,,,,,,,,,,
2026-08-11T14:05:08.731,ATHERENERG,1528.0,4.21,1442.56,1405.0,1369.58,1765.63,0.8,-287.22,-142.63,77.52,auto,automobiles - scooters and 3 - wheelers,57.59,11.57,127.25,0.94,1.16,1385.44,1285.33,74.32,2026-08-11,,,,,,,,,,,
2026-08-11T14:05:08.731,HFCL,215.1,1.0,205.06,201.0,192.02,249.72,0.36,36.09,55.46,57.08,telecom,cables - telephone,17.93,12.02,222.59,1.74,1.94,196.21,182.74,47.75,2026-08-11,,,,,,,,,,,
2026-08-11T14:05:08.731,HINDCOPPER,534.0,1.47,517.15,495.1,501.71,582.43,1.0,36.68,44.83,62.44,metals & mining,mining / minerals / metals,20.34,6.43,2.69,-0.18,0.61,494.44,469.57,27.38,2026-08-11,,,,,,,,,,,
2026-08-11T14:05:08.731,RRKABEL,2776.5,0.71,2683.24,2648.5,2687.49,2910.01,0.26,38.26,51.31,72.42,industrials,cables - power,42.9,3.31,82.71,0.74,0.97,2606.24,2499.05,26.29,2026-08-11,,,,,,,,,,,
2026-08-11T14:05:08.731,APARINDS,16704.0,1.56,16060.24,15511.0,14921.33,19378.0,0.82,35.89,55.92,70.12,industrials,electric equipment,30.65,11.95,103.68,0.61,0.81,15378.57,14666.49,22.77,2026-08-11,,,,,,,,,,,
2026-08-11T14:05:08.731,GRANULES,863.9,1.02,835.45,822.0,821.69,927.22,0.27,29.75,31.6,55.95,healthcare,pharmaceuticals - indian - bulk drugs & formln,20.4,5.14,42.31,0.4,0.53,809.35,778.29,20.78,2026-08-11,,,,,,,,,,,
2026-08-11T14:05:08.731,SAILIFE,1445.3,1.34,1386.41,1319.5,1349.98,1588.28,1.08,104.43,83.06,71.63,healthcare,pharmaceuticals - indian - bulk drugs & formln,32.56,7.06,50.81,0.49,0.6,1323.41,1259.49,19.68,2026-08-11,,,,,,,,,,,
2026-08-11T14:05:08.731,BELRISE,254.24,0.58,246.5,240.46,237.81,278.88,0.48,41.54,41.37,68.73,auto,auto ancillaries,20.22,6.91,43.33,0.27,0.56,241.44,235.35,19.42,2026-08-11,,,,,,,,,,,
2026-08-11T14:05:08.731,MOTHERSON,169.08,0.65,164.09,150.9,154.23,191.36,0.67,43.13,40.48,76.06,auto,auto ancillaries,26.17,9.63,43.18,0.25,0.48,157.44,149.66,18.29,2026-08-11,,,,,,,,,,,
2026-08-11T14:05:08.731,NEULANDLAB,22755.0,2.43,21835.38,19431.0,20096.41,26742.89,1.07,49.42,57.26,73.0,healthcare,pharmaceuticals - indian - bulk drugs,34.4,13.23,53.54,0.51,0.31,20616.49,19182.61,16.78,2026-08-11,,,,,,,,,,,
2026-08-11T14:05:08.731,ANANDRATHI,2153.7,1.04,2074.86,2028.5,2035.75,2330.62,0.4,54.83,45.96,69.65,financials,finance & investments,28.59,5.79,37.11,0.34,0.44,2063.3,2001.59,15.08,2026-08-11,,,,,,,,,,,
2026-08-11T14:05:08.731,CRAFTSMAN,10299.5,0.17,10006.78,10200.0,10127.9,10556.89,0.1,41.45,51.16,63.89,auto,auto ancillaries,37.12,1.69,34.34,0.21,0.42,9592.27,9166.34,14.21,2026-08-11,,,,,,,,,,,
2026-08-11T14:05:08.731,TITAN,5150.3,1.18,4988.2,4882.3,4960.81,5434.53,1.31,64.28,78.4,76.5,consumer discretionary,diamond cutting / jewellery,51.46,3.82,21.23,0.11,0.29,4923.35,4770.84,12.75,2026-08-11,,,,,,,,,,,
2026-08-11T14:05:08.731,AUROPHARMA,1652.4,0.27,1607.1,1567.0,1574.76,1768.85,0.26,23.13,25.75,63.77,healthcare,pharmaceuticals - indian - bulk drugs & formln,29.6,4.93,37.06,0.27,0.32,1566.87,1506.33,12.68,2026-08-11,,,,,,,,,,,
2026-08-11T14:05:08.731,HINDALCO,1057.0,0.28,1031.5,1011.3,1001.33,1140.5,0.63,8.37,14.27,68.38,metals & mining,aluminium and aluminium products,27.05,5.56,17.04,0.01,0.29,1007.99,982.98,12.6,2026-08-11,,,,,,,,,,,
2026-08-11T14:05:08.731,GLAND,2915.6,9.31,2751.84,2531.1,2528.28,3496.58,9.68,37.9,38.93,78.14,healthcare,pharmaceuticals - indian - formulations,41.26,15.32,72.04,0.43,0.58,2678.98,2574.32,12.19,2026-08-11,,,,,,,,,,,
2026-08-11T14:05:08.731,EMCURE,2000.0,0.24,1945.3,1912.5,1947.79,2078.31,0.44,32.26,37.4,66.56,healthcare,pharmaceuticals - indian - bulk drugs & formln,38.85,2.68,31.48,0.19,0.36,1886.48,1826.24,11.67,2026-08-11,,,,,,,,,,,
2026-08-11T14:05:08.731,PAYTM,1612.2,1.77,1544.58,1407.3,1401.38,1928.43,1.98,117.17,155.92,84.05,i.t,miscellaneous,37.44,15.04,23.89,0.26,0.26,1482.29,1412.55,11.44,2026-08-11,,,,,,,,,,,
2026-08-11T14:05:08.731,GABRIEL,1500.7,2.1,1435.8,1462.0,1498.49,1504.02,0.31,61.91,68.84,59.93,auto,auto ancillaries,45.06,0.15,48.18,0.43,0.41,1370.81,1279.7,11.24,2026-08-11,,,,,,,,,,,
2026-08-11T14:05:08.731,REDINGTON,355.25,0.58,345.65,341.05,332.45,389.45,0.44,14.28,16.23,80.91,services,trading,47.95,6.86,26.72,0.21,0.19,323.97,309.77,10.58,2026-08-11,,,,,,,,,,,
2026-08-11T14:05:08.731,ASHOKLEY,176.0,1.15,168.56,172.0,168.63,187.06,0.48,20.0,25.04,66.95,auto,automobiles - lcvs / hcvs,24.36,4.37,-4.34,-0.21,0.17,167.12,160.8,10.2,2026-08-11,,,,,,,,,,,
2026-08-11T14:05:08.731,EICHERMOT,8016.0,0.51,7795.9,7896.5,7961.87,8097.2,0.8,37.6,37.9,63.16,auto,automobiles - motorcycles / mopeds,26.79,0.68,6.16,0.03,0.07,7723.94,7598.89,9.75,2026-08-11,,,,,,,,,,,
2026-08-11T14:05:08.731,UNIONBANK,183.65,1.39,176.28,174.22,174.79,196.94,0.75,6.21,6.7,65.45,bank,banks - public sector,22.47,5.07,14.24,-0.06,0.16,173.82,167.64,9.6,2026-08-11,,,,,,,,,,,
2026-08-11T14:05:08.731,GRAPHITE,735.2,1.7,705.89,703.8,692.36,799.47,0.75,20.84,66.2,68.56,industrials,electrodes - graphites,33.95,6.19,13.94,0.06,0.29,683.63,649.75,8.82,2026-08-11,,,,,,,,,,,
2026-08-11T14:05:08.731,RKFORGE,754.0,2.42,722.85,688.35,690.7,848.95,0.86,73.06,124.99,81.66,industrials,castings & forgings,44.31,9.16,48.39,0.21,0.37,695.01,658.57,8.67,2026-08-11,,,,,,,,,,,
2026-08-11T14:05:08.731,DIVISLAB,8475.0,2.11,8119.79,8233.5,8306.08,8728.38,0.86,62.41,75.31,76.11,healthcare,pharmaceuticals - indian - bulk drugs,56.05,2.03,28.41,0.28,0.28,8082.8,7822.66,8.03,2026-08-11,,,,,,,,,,,
2026-08-11T14:05:08.731,VIJAYA,1409.1,1.18,1355.24,1340.0,1332.33,1524.25,0.36,68.27,76.39,59.88,healthcare,healthcare,24.93,5.76,39.33,0.3,0.35,1297.57,1223.73,7.9,2026-08-11,,,,,,,,,,,
2026-08-11T14:05:08.731,AJANTPHARM,3524.0,0.51,3434.41,3403.1,3426.61,3670.09,0.54,32.93,38.6,60.35,healthcare,pharmaceuticals - indian - formulations,30.69,2.84,24.17,0.13,0.36,3359.02,3298.18,7.79,2026-08-11,,,,,,,,,,,
2026-08-11T14:05:08.731,EXIDEIND,486.1,0.14,469.22,458.9,461.0,523.75,0.7,29.5,44.29,72.61,auto,auto ancillaries,43.42,5.45,37.98,0.32,0.3,450.98,434.94,7.22,2026-08-11,,,,,,,,,,,
2026-08-11T14:05:08.731,CARBORUNIV,1159.1,3.4,1081.82,1059.1,1049.2,1323.95,0.73,71.73,101.26,65.04,industrials,abrasives and grinding wheels,19.33,10.47,41.68,0.29,0.34,1070.51,1009.97,6.61,2026-08-11,,,,,,,,,,,
2026-08-11T14:05:08.731,HEG,678.0,-0.82,660.52,668.0,685.95,666.08,0.32,26.73,36.77,67.37,industrials,electrodes - graphites,54.08,-1.16,13.19,0.15,0.25,635.56,612.69,6.39,2026-08-11,,,,,,,,,,,
2026-08-11T14:05:08.731,AARTIIND,507.05,1.3,487.11,481.15,482.66,543.64,0.75,29.69,34.19,60.99,chemicals,chemicals,19.34,5.05,37.71,-0.01,0.29,479.14,461.96,6.37,2026-08-11,,,,,,,,,,,
2026-08-11T14:05:08.731,ANTHEM,895.35,4.96,835.45,812.65,817.97,1011.42,1.8,105.09,83.22,78.77,healthcare,pharmaceuticals - indian - bulk drugs & formln,26.44,9.46,38.91,0.22,0.36,837.13,798.02,5.77,2026-08-11,,,,,,,,,,,
2026-08-11T14:05:08.731,THELEELA,510.55,0.7,490.49,497.05,486.75,546.26,0.38,87.42,27.96,62.15,services,hotels,23.61,4.89,21.98,0.06,0.21,474.06,451.45,5.53,2026-08-11,,,,,,,,,,,
2026-08-11T14:05:08.731,ENDURANCE,2987.7,0.63,2891.2,2846.0,2817.51,3242.98,0.97,38.01,43.88,71.16,auto,auto ancillaries,20.95,6.04,14.44,0.1,0.07,2821.96,2731.96,4.47,2026-08-11,,,,,,,,,,,
2026-08-11T14:05:08.731,SAREGAMA,529.65,-0.08,514.5,509.25,523.5,538.87,0.31,49.22,46.09,57.14,media,entertainment / electronic media software,29.86,1.17,44.38,0.39,0.38,476.75,450.73,3.74,2026-08-11,,,,,,,,,,,
2026-08-11T14:05:08.731,JSWINFRA,343.5,0.44,334.23,322.4,320.03,378.7,0.42,52.05,48.03,61.04,transportation,miscellaneous,20.58,7.33,26.03,0.18,0.24,323.2,310.47,3.65,2026-08-11,,,,,,,,,,,
2026-08-11T14:05:08.731,TECHM,1646.4,0.39,1607.89,1630.8,1657.01,1630.49,0.51,24.9,28.31,66.91,i.t,computers - software - large,28.14,-0.64,4.37,-0.07,0.07,1574.51,1534.5,3.62,2026-08-11,,,,,,,,,,,
2026-08-11T14:05:08.731,BOSCHLTD,45400.0,4.36,43120.0,41310.0,41579.5,51130.75,3.21,58.73,46.27,73.21,auto,auto ancillaries,29.46,9.19,17.43,0.17,0.23,42870.56,41323.49,3.55,2026-08-11,,,,,,,,,,,
2026-08-11T14:05:08.731,POONAWALLA,487.0,2.16,464.62,469.0,468.6,514.59,0.46,34.3,50.13,59.37,financials,finance & investments,27.02,3.93,5.86,-0.04,0.02,456.52,435.05,3.52,2026-08-11,,,,,,,,,,,
2026-08-11T14:05:08.731,UNITDSPR,1528.9,0.45,1482.94,1503.0,1527.92,1530.37,0.27,58.62,57.39,68.93,fmcg,breweries & distilleries,38.99,0.06,13.26,-0.0,0.03,1479.38,1445.03,3.51,2026-08-11,,,,,,,,,,,
2026-08-11T14:05:08.731,TBOTEK,1637.9,2.24,1560.06,1591.9,1564.64,1747.79,0.32,52.7,64.75,65.11,i.t,travel agencies,29.93,4.68,6.64,-0.01,-0.07,1514.8,1439.58,3.5,2026-08-11,,,,,,,,,,,
2026-08-11T14:05:08.731,GLENMARK,2273.8,1.0,2200.1,2202.2,2199.34,2385.49,0.35,33.22,35.34,55.55,healthcare,pharmaceuticals - indian - bulk drugs & formln,11.63,3.39,9.33,0.06,0.17,2174.47,2106.08,3.05,2026-08-11,,,,,,,,,,,
2026-08-11T14:05:08.731,OIL,470.95,3.96,451.24,435.45,448.05,505.29,2.15,5.28,8.82,64.52,energy,oil drilling / allied services,26.68,5.11,14.88,-0.12,0.08,438.89,427.9,2.0,2026-08-11,,,,,,,,,,,
2026-08-11T14:05:08.731,KALYANKJIL,603.25,0.5,582.81,561.25,623.3,573.17,0.3,44.62,43.18,63.66,consumer discretionary,diamond cutting / jewellery,36.16,-3.22,17.98,0.27,0.21,551.03,517.61,1.98,2026-08-11,,,,,,,,,,,
2026-08-11T14:05:08.731,ATUL,6869.5,0.23,6703.2,6752.5,6748.03,7051.7,0.81,20.61,25.37,64.51,chemicals,chemicals,32.67,1.8,11.26,-0.03,0.11,6524.79,6358.75,1.9,2026-08-11,,,,,,,,,,,
2026-08-11T14:05:08.731,PNB,114.1,0.53,110.05,112.3,113.81,114.53,0.6,5.64,5.92,63.21,bank,banks - public sector,24.71,0.25,-6.51,-0.15,-0.1,110.46,107.94,1.79,2026-08-11,,,,,,,,,,,
2026-08-11T14:05:08.731,PERSISTENT,5524.0,0.91,5321.89,5425.0,5509.37,5545.94,0.28,44.72,44.44,63.65,i.t,computers - software - large,20.24,0.27,-14.28,-0.13,-0.16,5229.74,5023.05,1.58,2026-08-11,,,,,,,,,,,
2026-08-11T14:05:08.731,BAJAJFINSV,2021.4,0.01,1972.45,1988.0,2026.84,2013.25,0.57,25.78,31.79,60.75,financials,finance & investments,30.98,-0.27,0.65,-0.08,-0.04,1920.42,1867.18,1.05,2026-08-11,,,,,,,,,,,
2026-08-11T14:05:08.731,ETERNAL,313.4,1.02,300.08,306.2,309.37,319.45,0.35,783.5,660.11,63.91,i.t,miscellaneous,38.06,1.3,10.58,-0.0,0.0,297.72,286.36,0.72,2026-08-11,,,,,,,,,,,
2026-08-11T14:05:08.731,NAUKRI,1375.6,7.3,1265.28,1222.6,1248.33,1566.51,3.42,49.99,51.9,76.27,i.t,miscellaneous,34.54,10.2,2.92,0.08,-0.0,1269.75,1205.76,0.5,2026-08-11,,,,,,,,,,,
2026-08-11T14:05:08.731,ZFCVINDIA,2638.9,1.12,2548.1,2545.4,2469.85,2892.47,0.2,71.87,12.01,61.4,auto,auto ancillaries,23.17,6.84,-8.78,-0.2,-0.0,2494.99,2403.15,0.36,2026-08-11,,,,,,,,,,,
2026-08-11T14:05:08.731,GRAVITA,1786.1,0.15,1736.07,1664.0,1634.36,2013.7,0.55,30.58,33.14,58.13,metals & mining,mining / minerals / metals,18.89,9.28,3.47,-0.02,-0.05,1683.22,1629.95,0.08,2026-08-11,,,,,,,,,,,
2026-08-11T14:05:08.731,DEEPAKNTR,1783.8,0.26,1737.15,1712.2,1704.24,1903.14,0.78,17.63,30.97,63.84,chemicals,chemicals,25.9,4.67,10.4,-0.02,0.09,1669.0,1604.09,-0.26,2026-08-11,,,,,,,,,,,
2026-08-11T14:05:08.731,POLICYBZR,1738.9,6.68,1585.64,1578.4,1578.05,1980.18,1.09,123.15,100.43,66.63,i.t,miscellaneous,17.52,10.19,2.66,0.05,-0.05,1613.24,1527.09,-0.46,2026-08-11,,,,,,,,,,,
2026-08-11T14:05:08.731,BEML,1905.5,1.12,1827.8,1668.1,1696.67,2218.74,1.67,-147.03,77.48,63.72,aerospace & defence,engineering,15.41,12.31,4.72,-0.0,0.0,1745.74,1658.02,-0.55,2026-08-11,,,,,,,,,,,
2026-08-11T14:05:08.731,POLYMED,1878.9,6.01,1754.2,1651.2,1679.12,2178.57,5.19,55.33,57.01,71.23,healthcare,healthcare,28.04,11.9,5.74,0.18,-0.05,1728.08,1633.07,-0.64,2026-08-11,,,,,,,,,,,
2026-08-11T14:05:08.731,OLECTRA,1396.0,2.02,1342.6,1350.0,1314.14,1518.8,0.74,51.63,63.29,55.75,auto,automobiles - lcvs / hcvs,16.48,6.23,17.6,0.22,0.06,1327.63,1296.95,-0.7,2026-08-11,,,,,,,,,,,
2026-08-11T14:05:08.731,PFIZER,4881.8,0.09,4743.2,4825.0,4833.35,4954.47,0.46,27.31,30.35,64.46,healthcare,pharmaceuticals - multinational,25.53,1.0,1.58,-0.06,-0.06,4711.97,4611.1,-0.83,2026-08-11,,,,,,,,,,,
2026-08-11T14:05:08.731,LTM,4835.0,0.83,4655.98,4462.9,4568.69,5234.47,0.64,24.44,27.17,72.9,i.t,computers - software - large,31.03,5.83,-19.66,-0.21,-0.2,4550.84,4350.72,-1.35,2026-08-11,,,,,,,,,,,
2026-08-11T14:05:08.731,HCLTECH,1362.0,0.35,1330.84,1328.0,1372.07,1346.9,0.34,19.92,21.08,68.64,i.t,computers - software - large,31.69,-0.73,-17.25,-0.22,-0.18,1300.4,1272.0,-1.75,2026-08-11,,,,,,,,,,,
2026-08-11T14:05:08.731,ESCORTS,3120.3,1.24,3009.97,3042.6,3049.92,3225.87,0.74,22.24,24.52,66.17,auto,automobiles - tractors,34.04,2.31,-19.6,-0.24,-0.17,2994.83,2918.42,-1.85,2026-08-11,,,,,,,,,,,
2026-08-11T14:05:08.731,MPHASIS,2530.0,0.88,2448.53,2390.7,2382.91,2750.64,0.54,24.66,25.02,62.9,i.t,computers - software - large,11.82,6.17,-10.19,-0.11,-0.13,2382.35,2276.41,-1.98,2026-08-11,,,,,,,,,,,
2026-08-11T14:05:08.731,SONATSOFTW,330.65,3.3,312.42,314.65,322.35,343.09,0.23,21.14,19.16,58.98,i.t,computers - software - medium / small,31.24,2.57,-8.56,-0.03,-0.11,296.87,272.84,-2.23,2026-08-11,,,,,,,,,,,
2026-08-11T14:05:08.731,DEVYANI,143.1,7.14,130.1,119.11,121.53,175.45,4.01,298.13,-607.09,78.4,consumer discretionary,hotels,35.52,17.75,5.12,-0.0,-0.01,129.14,118.78,-2.47,2026-08-11,,,,,,,,,,,
2026-08-11T14:05:08.731,JSWDULUX,3157.2,3.34,3004.68,2975.6,2929.73,3498.41,2.14,28.6,7.05,59.66,building materials,paints / varnishes,19.83,7.76,-0.1,-0.02,-0.1,2952.76,2837.23,-2.64,2026-08-11,,,,,,,,,,,
2026-08-11T14:05:08.731,TMPV,347.9,0.23,337.37,343.0,337.01,364.24,0.35,5.54,-578.5,55.65,auto,automobiles - passenger cars,17.4,3.23,-3.06,-0.15,-0.05,335.28,326.62,-2.86,2026-08-11,,,,,,,,,,,
2026-08-11T14:05:08.731,AFFLE,1675.4,5.07,1563.3,1578.0,1626.99,1748.02,0.46,45.88,46.87,60.23,i.t,computers - software - medium / small,24.48,2.98,-6.58,-0.07,-0.04,1522.37,1410.1,-3.11,2026-08-11,,,,,,,,,,,
2026-08-11T14:05:08.731,LTTS,3673.0,2.5,3528.0,3498.1,3555.56,3849.17,0.75,27.31,28.77,65.0,i.t,computers - software - large,25.44,3.3,-16.92,-0.13,-0.17,3460.87,3336.78,-3.25,2026-08-11,,,,,,,,,,,
2026-08-11T14:05:08.731,BAJAJHLDNG,11585.0,0.99,11183.76,11219.0,11263.22,12067.67,0.48,11.91,14.41,67.04,financials,finance & investments,25.62,2.86,3.35,-0.04,-0.04,11125.77,10795.34,-3.34,2026-08-11,,,,,,,,,,,
2026-08-11T14:05:08.731,CONCORDBIO,1431.0,0.85,1392.97,1356.4,1350.51,1551.73,0.67,64.81,54.39,65.07,healthcare,pharmaceuticals - indian - bulk drugs & formln,22.92,5.96,6.39,0.04,-0.01,1320.28,1278.14,-3.37,2026-08-11,,,,,,,,,,,
2026-08-11T14:05:08.731,TCS,2440.0,0.59,2379.44,2368.5,2440.46,2439.31,0.2,16.53,17.62,61.0,i.t,computers - software - large,24.25,-0.02,-23.81,-0.24,-0.24,2317.32,2241.9,-4.62,2026-08-11,,,,,,,,,,,
2026-08-11T14:05:08.731,BSOFT,322.8,1.75,312.67,316.05,311.97,339.04,1.0,14.11,15.53,62.1,i.t,computers - software - medium / small,28.07,3.47,-25.02,-0.33,-0.18,300.12,290.31,-4.63,2026-08-11,,,,,,,,,,,
2026-08-11T14:05:08.731,INFY,1188.9,0.5,1158.36,1155.6,1154.09,1241.11,0.54,15.49,15.96,63.76,i.t,computers - software - large,17.93,3.02,-26.28,-0.27,-0.25,1136.86,1102.43,-4.75,2026-08-11,,,,,,,,,,,
2026-08-11T14:05:08.731,JWL,263.15,2.23,257.1,256.1,253.23,278.03,1.76,98.19,66.51,54.98,industrials,engineering,20.8,3.92,-13.46,-0.22,-0.12,248.14,242.68,-5.2,2026-08-11,,,,,,,,,,,
2026-08-11T14:05:08.731,SAPPHIRE,235.08,6.55,215.18,190.34,196.64,292.74,4.79,133.57,-441.24,76.1,consumer discretionary,hotels,29.48,19.55,6.32,0.01,-0.13,206.86,188.11,-5.75,2026-08-11,,,,,,,,,,,
2026-08-11T14:05:08.731,PARADEEP,151.4,1.02,146.65,143.7,144.86,161.21,0.28,10.01,14.51,62.23,chemicals,fertilizers,27.57,4.52,0.0,0.08,-0.07,141.0,135.2,-6.31,2026-08-11,,,,,,,,,,,
2026-08-11T14:05:08.731,CLEAN,811.15,0.95,782.04,746.55,743.34,912.87,0.99,29.39,36.66,65.23,chemicals,chemicals,19.46,9.12,-5.36,-0.07,-0.15,759.56,726.31,-7.25,2026-08-11,,,,,,,,,,,
2026-08-11T14:05:08.731,KPITTECH,629.8,0.3,608.73,619.7,609.87,659.7,0.29,36.62,29.33,55.27,i.t,computers - software - medium / small,27.3,3.27,-46.6,-0.4,-0.48,591.08,566.38,-11.7,2026-08-11,,,,,,,,,,,
2026-08-11T14:05:08.731,COHANCE,465.65,4.17,436.64,416.9,418.72,536.04,1.31,-184.78,160.79,66.49,healthcare,pharmaceuticals - indian - bulk drugs & formln,25.45,11.21,-5.48,0.23,-0.2,427.62,408.15,-11.78,2026-08-11,,,,,,,,,,,
2026-08-05T06:33:04.325,ATHERENERG,1450.4,13.96,1309.77,1191.1,1255.58,1742.63,4.83,-272.63,-141.09,77.25,auto,automobiles - scooters and 3 - wheelers,51.24,15.52,96.41,1.2,1.1,1290.31,1219.84,71.96,2026-08-05,,,,,,,,,,,
2026-08-05T06:33:04.325,NETWEB,4762.2,3.84,4501.24,4175.5,4179.41,5636.38,1.01,79.48,103.75,62.25,i.t,computers - hardware,14.59,13.94,54.85,0.37,0.41,4335.03,4032.46,30.44,2026-08-05,,,,,,,,,,,
2026-08-05T06:33:04.325,LAURUSLABS,1850.0,2.13,1769.98,1754.3,1730.21,2029.69,0.61,67.91,91.31,82.61,healthcare,pharmaceuticals - indian - bulk drugs & formln,49.15,6.92,66.64,0.79,0.78,1755.36,1684.38,28.79,2026-08-05,,,,,,,,,,,
2026-08-05T06:33:04.325,WELCORP,1736.6,1.24,1666.98,1626.3,1653.21,1861.68,0.55,10.94,19.83,67.67,industrials,steel - large,31.05,5.04,117.35,1.12,0.86,1631.79,1560.08,24.19,2026-08-05,,,,,,,,,,,
2026-08-05T06:33:04.325,RRKABEL,2641.1,0.35,2546.73,2535.0,2491.08,2866.13,0.66,36.4,49.16,68.91,industrials,cables - power,34.7,6.02,79.77,0.8,0.89,2441.6,2313.28,22.32,2026-08-05,,,,,,,,,,,
2026-08-05T06:33:04.325,NATIONALUM,377.0,2.17,359.81,332.0,340.22,432.16,1.31,8.64,10.25,62.91,metals & mining,aluminium and aluminium products,18.68,10.81,20.03,-0.06,0.42,353.88,341.99,21.18,2026-08-05,,,,,,,,,,,
2026-08-05T06:33:04.325,APARINDS,15433.0,4.66,14494.2,13374.0,13300.04,18632.44,1.38,33.16,52.47,62.97,industrials,electric equipment,19.79,16.04,85.33,0.74,0.6,14025.1,13136.18,18.01,2026-08-05,,,,,,,,,,,
2026-08-05T06:33:04.325,SHRIRAMFIN,1087.3,-0.27,1053.6,1019.5,1025.6,1179.84,0.6,18.29,19.19,62.0,financials,finance & investments,14.38,6.02,6.67,0.04,0.28,1026.92,986.04,17.41,2026-08-05,,,,,,,,,,,
2026-08-05T06:33:04.325,DATAPATTNS,4554.7,2.84,4351.3,4090.0,4267.21,4985.94,1.11,289.0,95.17,54.82,aerospace & defence,electronics - components,14.08,6.74,75.12,0.64,0.41,4103.11,3834.71,17.21,2026-08-05,,,,,,,,,,,
2026-08-05T06:33:04.325,SONACOMS,787.0,0.26,759.01,711.1,746.45,847.82,0.86,67.84,70.27,82.83,auto,auto ancillaries,57.85,5.43,65.99,0.45,0.56,743.74,718.75,16.62,2026-08-05,,,,,,,,,,,
2026-08-05T06:33:04.325,SAILIFE,1366.4,2.47,1306.73,1291.5,1288.41,1483.39,0.95,69.29,82.26,70.52,healthcare,pharmaceuticals - indian - bulk drugs & formln,27.18,6.05,51.87,0.5,0.53,1295.13,1255.28,15.28,2026-08-05,,,,,,,,,,,
2026-08-05T06:33:04.325,NYKAA,342.5,-0.7,327.91,326.1,330.05,361.17,0.66,317.13,496.38,71.25,i.t,trading,45.3,3.77,28.97,0.33,0.23,325.87,313.4,14.05,2026-08-05,,,,,,,,,,,
2026-08-05T06:33:04.325,GABRIEL,1530.8,0.22,1470.98,1384.0,1429.39,1682.91,1.18,63.15,71.7,68.63,auto,auto ancillaries,45.96,7.09,47.36,0.53,0.51,1384.81,1329.32,12.32,2026-08-05,,,,,,,,,,,
2026-08-05T06:33:04.325,RBLBANK,380.55,0.16,369.66,363.9,361.77,408.72,0.36,30.49,27.3,59.93,bank,banks - private sector,17.04,5.19,20.93,0.18,0.17,362.39,352.71,10.86,2026-08-05,,,,,,,,,,,
2026-08-05T06:33:04.325,EMCURE,1978.1,0.43,1920.9,1880.0,1889.29,2111.31,0.55,38.51,40.56,67.63,healthcare,pharmaceuticals - indian - bulk drugs & formln,35.15,4.7,41.16,0.24,0.41,1866.06,1798.93,10.43,2026-08-05,,,,,,,,,,,
2026-08-05T06:33:04.325,ACMESOLAR,381.65,2.84,361.87,347.8,357.44,417.97,1.13,25.72,38.98,59.12,realty,engineering - turnkey services,25.0,6.77,60.54,0.62,0.5,351.22,333.15,10.35,2026-08-05,,,,,,,,,,,
2026-08-05T06:33:04.325,LLOYDSME,2053.0,0.12,1996.55,1995.5,1998.72,2134.42,0.67,19.17,29.41,67.7,metals & mining,mining / minerals / metals,34.52,2.72,51.83,0.72,0.59,1930.67,1856.43,10.22,2026-08-05,,,,,,,,,,,
2026-08-05T06:33:04.325,HINDALCO,1020.0,2.52,973.24,938.15,945.26,1132.11,1.27,21.79,16.91,64.95,metals & mining,aluminium and aluminium products,18.25,7.91,14.08,0.01,0.24,981.29,952.27,10.21,2026-08-05,,,,,,,,,,,
2026-08-05T06:33:04.325,ASTERDM,834.7,2.4,798.8,799.2,802.43,883.1,1.25,76.72,110.7,62.58,healthcare,healthcare,19.68,4.02,37.58,0.38,0.18,787.96,755.71,9.91,2026-08-05,,,,,,,,,,,
2026-08-05T06:33:04.325,AUBANK,1059.0,-0.09,1014.5,1022.6,1006.36,1137.96,0.4,24.91,27.71,57.34,bank,banks - private sector,19.43,5.23,6.0,0.01,0.11,1005.19,964.83,9.77,2026-08-05,,,,,,,,,,,
2026-08-05T06:33:04.325,ABB,7700.0,1.3,7448.49,7085.0,7373.42,8189.87,1.79,112.64,54.61,65.75,industrials,electric equipment,26.15,4.43,48.76,0.3,0.47,7157.7,6945.48,9.58,2026-08-05,,,,,,,,,,,
2026-08-05T06:33:04.325,OFSS,11600.0,2.37,11196.5,10882.0,11092.25,12361.63,0.68,17.84,29.57,60.69,i.t,computers - software - large,24.81,4.58,50.9,0.38,0.37,10745.6,10189.8,8.79,2026-08-05,,,,,,,,,,,
2026-08-05T06:33:04.325,FLUOROCHEM,4612.8,2.88,4351.2,4344.6,4540.89,4720.66,0.86,116.25,88.25,68.13,chemicals,chemicals,36.63,1.58,25.52,0.4,0.25,4289.46,4065.15,7.94,2026-08-05,,,,,,,,,,,
2026-08-05T06:33:04.325,SIEMENS,4000.5,2.58,3841.21,3576.1,3681.06,4479.66,2.44,96.17,91.5,74.56,industrials,electric equipment,25.15,8.68,29.44,0.19,0.19,3739.06,3616.28,7.73,2026-08-05,,,,,,,,,,,
2026-08-05T06:33:04.325,HEG,678.95,2.06,649.74,636.15,657.05,711.8,1.03,26.77,36.52,72.74,industrials,electrodes - graphites,48.18,3.33,8.81,0.19,0.27,627.5,593.87,7.7,2026-08-05,,,,,,,,,,,
2026-08-05T06:33:04.325,SOLARINDS,18700.0,0.22,18166.26,17855.0,18256.76,19364.86,0.42,77.25,100.87,56.37,aerospace & defence,chemicals,12.01,2.43,53.71,0.31,0.31,17889.82,17382.18,7.56,2026-08-05,,,,,,,,,,,
2026-08-05T06:33:04.325,GLAND,2583.1,0.15,2509.88,2428.7,2442.36,2794.2,1.22,29.01,41.42,63.93,healthcare,pharmaceuticals - indian - formulations,35.75,5.76,50.67,0.25,0.4,2430.36,2367.01,7.52,2026-08-05,,,,,,,,,,,
2026-08-05T06:33:04.325,GRAPHITE,710.05,7.92,643.96,638.0,652.99,795.64,6.36,20.13,65.02,66.12,industrials,electrodes - graphites,25.07,8.74,9.57,0.09,0.15,652.1,616.59,7.05,2026-08-05,,,,,,,,,,,
2026-08-05T06:33:04.325,HINDZINC,562.9,2.91,535.62,527.3,525.82,618.52,1.51,10.88,13.94,63.66,metals & mining,mining / minerals / metals,16.48,7.05,-8.01,-0.15,0.14,538.7,521.65,6.22,2026-08-05,,,,,,,,,,,
2026-08-05T06:33:04.325,HEROMOTOCO,5548.0,1.61,5316.5,5127.7,5174.96,6107.56,1.41,19.01,19.33,74.87,auto,automobiles - motorcycles / mopeds,30.83,7.21,-5.02,-0.09,-0.08,5292.66,5159.15,6.21,2026-08-05,,,,,,,,,,,
2026-08-05T06:33:04.325,JSWSTEEL,1300.0,0.6,1250.38,1243.2,1251.77,1372.34,0.92,17.06,12.8,64.13,metals & mining,steel - large,18.94,3.85,11.01,-0.0,0.08,1247.91,1208.85,5.76,2026-08-05,,,,,,,,,,,
2026-08-05T06:33:04.325,EXIDEIND,458.35,3.07,432.77,420.35,439.94,485.96,1.11,27.81,41.82,66.58,auto,auto ancillaries,38.74,4.18,26.43,0.31,0.16,421.45,396.37,5.33,2026-08-05,,,,,,,,,,,
2026-08-05T06:33:04.325,IDFCFIRSTB,86.0,0.0,82.76,83.7,83.27,90.1,0.47,16.17,33.08,68.79,bank,banks - private sector,36.0,3.28,1.17,-0.03,0.04,82.01,79.14,4.78,2026-08-05,,,,,,,,,,,
2026-08-05T06:33:04.325,BALRAMCHIN,658.7,1.84,624.01,582.15,612.03,728.71,2.28,20.84,35.15,70.99,fmcg,sugar,43.34,7.63,50.42,0.44,0.38,601.19,564.32,4.54,2026-08-05,,,,,,,,,,,
2026-08-05T06:33:04.325,ASIANPAINT,2775.0,-1.25,2677.75,2666.2,2690.18,2902.23,0.64,43.2,55.81,60.25,building materials,paints / varnishes,17.52,3.15,0.84,0.06,-0.08,2637.27,2566.28,4.34,2026-08-05,,,,,,,,,,,
2026-08-05T06:33:04.325,TRAVELFOOD,1366.1,1.6,1284.29,1258.0,1263.75,1519.62,0.82,37.24,40.79,64.84,consumer discretionary,hotels,13.64,8.1,17.95,0.17,0.02,1282.19,1224.16,4.06,2026-08-05,,,,,,,,,,,
2026-08-05T06:33:04.325,PVRINOX,1188.1,4.09,1108.77,1118.05,1095.97,1326.3,1.41,51.66,26.24,78.74,media,entertainment / electronic media software,40.46,8.41,16.91,0.13,0.03,1108.74,1055.32,4.02,2026-08-05,,,,,,,,,,,
2026-08-05T06:33:04.325,RKFORGE,688.7,1.11,662.63,623.3,617.24,795.89,2.27,66.73,116.93,75.5,industrials,castings & forgings,30.65,11.58,33.5,0.24,0.22,632.47,610.4,3.47,2026-08-05,,,,,,,,,,,
2026-08-05T06:33:04.325,THELEELA,500.1,-0.34,481.57,463.1,470.9,543.9,1.16,85.63,27.58,61.31,services,hotels,21.35,6.2,15.18,0.07,0.12,462.39,442.96,3.4,2026-08-05,,,,,,,,,,,
2026-08-05T06:33:04.325,UNOMINDA,1227.0,1.41,1177.96,1156.6,1154.69,1335.47,2.7,59.91,58.85,72.19,auto,auto ancillaries,11.46,6.26,-4.59,-0.04,-0.08,1163.99,1133.63,2.8,2026-08-05,,,,,,,,,,,
2026-08-05T06:33:04.325,JINDALSTEL,1124.0,1.71,1079.37,1054.2,1054.5,1228.25,0.64,33.86,42.07,64.49,metals & mining,steel - large,28.59,6.59,5.24,-0.08,0.02,1072.05,1033.09,2.61,2026-08-05,,,,,,,,,,,
2026-08-05T06:33:04.325,ANANTRAJ,630.4,0.68,610.88,602.75,614.57,654.15,0.49,37.7,39.38,66.75,realty,construction,25.25,2.58,14.12,0.04,-0.02,592.52,567.7,2.32,2026-08-05,,,,,,,,,,,
2026-08-05T06:33:04.325,MARUTI,14168.0,0.13,13734.7,13720.0,13601.2,15018.2,1.24,32.31,31.08,59.59,auto,automobiles - passenger cars,13.58,4.17,-15.2,-0.09,-0.14,13544.55,13162.97,2.32,2026-08-05,,,,,,,,,,,
2026-08-05T06:33:04.325,ENDURANCE,2838.7,1.83,2695.2,2712.8,2718.38,3019.18,1.82,36.12,41.96,62.28,auto,auto ancillaries,15.97,4.43,11.64,0.08,0.05,2648.94,2545.92,2.12,2026-08-05,,,,,,,,,,,
2026-08-05T06:33:04.325,NIVABUPA,87.31,0.87,84.67,84.66,84.89,90.94,0.4,29.1,91.91,56.28,financials,finance & investments,35.86,2.85,17.31,0.01,0.09,82.13,78.73,1.65,2026-08-05,,,,,,,,,,,
2026-08-05T06:33:04.325,360ONE,1155.0,0.63,1121.51,1113.5,1111.68,1219.97,0.98,35.52,37.1,58.31,financials,finance & investments,11.75,3.9,-2.03,-0.04,0.04,1089.48,1059.34,1.41,2026-08-05,,,,,,,,,,,
2026-08-05T06:33:04.325,BAJAJFINSV,2105.0,0.43,2026.64,1892.3,1932.23,2364.16,1.57,26.85,33.1,76.79,financials,finance & investments,28.72,8.94,3.34,0.01,-0.01,1999.24,1919.92,1.25,2026-08-05,,,,,,,,,,,
2026-08-05T06:33:04.325,RAINBOW,1579.0,2.16,1504.3,1457.0,1489.3,1713.55,1.56,66.12,56.17,74.22,healthcare,healthcare,23.05,6.02,20.07,0.27,0.17,1482.48,1417.09,1.23,2026-08-05,,,,,,,,,,,
2026-08-05T06:33:04.325,HYUNDAI,2220.0,0.59,2154.53,1971.0,2012.99,2530.51,0.58,50.73,36.44,75.49,auto,automobiles - passenger cars,26.51,10.28,-3.89,-0.07,-0.1,2085.76,2006.09,1.11,2026-08-05,,,,,,,,,,,
2026-08-05T06:33:04.325,M&M,3433.0,0.13,3316.91,3197.5,3241.6,3720.09,0.81,17.59,20.77,67.85,auto,automobiles - passenger cars,27.92,5.9,-8.72,-0.09,-0.1,3242.56,3100.84,1.02,2026-08-05,,,,,,,,,,,
2026-08-05T06:33:04.325,PNB,113.99,0.88,110.39,110.32,111.31,118.01,0.41,5.63,5.94,66.98,bank,banks - public sector,20.29,2.41,-7.26,-0.14,-0.1,110.58,108.04,0.74,2026-08-05,,,,,,,,,,,
2026-08-05T06:33:04.325,PPLPHARMA,202.5,1.62,193.79,192.6,190.08,221.12,0.88,-97.36,-85.44,72.81,healthcare,pharmaceuticals - indian - bulk drugs & formln,42.75,6.53,19.43,0.2,0.02,186.4,175.78,0.37,2026-08-05,,,,,,,,,,,
2026-08-05T06:33:04.325,ECLERX,1919.2,-0.16,1844.36,1834.8,1952.48,1869.28,0.25,23.44,14.71,62.2,i.t,computers - software - medium / small,39.24,-1.7,-20.37,-0.27,-0.17,1723.76,1602.98,0.27,2026-08-05,,,,,,,,,,,
2026-08-05T06:33:04.325,CAMS,809.4,2.33,773.22,783.75,766.33,874.01,3.75,39.22,20.99,59.95,financials,miscellaneous,13.83,5.62,10.2,0.07,-0.01,760.4,744.75,0.24,2026-08-05,,,,,,,,,,,
2026-08-05T06:33:04.325,AIIL,558.55,1.78,532.14,536.6,539.36,587.33,0.28,10.7,8.15,58.32,financials,finance & investments,30.91,3.56,-10.84,0.01,-0.03,514.77,489.34,0.24,2026-08-05,,,,,,,,,,,
2026-08-05T06:33:04.325,INDGN,553.75,1.56,531.7,500.35,501.88,631.55,3.83,28.6,33.14,69.36,healthcare,miscellaneous,23.87,10.33,6.54,0.04,0.06,504.74,482.03,0.12,2026-08-05,,,,,,,,,,,
2026-08-05T06:33:04.325,ASTRAL,1448.0,0.86,1406.3,1425.2,1433.24,1470.14,0.36,45.65,72.47,52.92,plastic products,plastics products,21.35,1.03,0.98,-0.09,-0.04,1379.21,1345.71,0.08,2026-08-05,,,,,,,,,,,
2026-08-05T06:33:04.325,ICICIBANK,1454.6,-0.37,1402.18,1422.6,1439.7,1476.95,0.79,16.88,18.55,63.47,bank,banks - private sector,25.99,1.04,8.74,-0.01,0.02,1407.85,1372.78,0.06,2026-08-05,,,,,,,,,,,
2026-08-05T06:33:04.325,ETERNAL,312.4,0.61,302.82,300.05,298.95,332.57,0.47,781.0,664.68,67.29,i.t,miscellaneous,36.81,4.5,10.22,0.06,-0.01,292.69,278.21,0.04,2026-08-05,,,,,,,,,,,
2026-08-05T06:33:04.325,ULTRACEMCO,12050.0,-0.03,11666.9,11730.0,11899.86,12275.22,0.39,34.09,41.51,60.14,building materials,cement - north india,11.41,1.26,1.25,-0.12,-0.01,11651.41,11352.47,-0.33,2026-08-05,,,,,,,,,,,
2026-08-05T06:33:04.325,FSL,330.7,1.96,312.28,266.0,283.41,401.63,1.17,27.84,33.88,82.11,i.t,computers - software - medium / small,31.03,16.68,-0.9,-0.0,-0.11,297.29,275.29,-0.42,2026-08-05,,,,,,,,,,,
2026-08-05T06:33:04.325,SAGILITY,44.09,0.48,42.53,42.63,42.72,46.14,1.13,23.96,20.8,58.21,i.t,computers - software - medium / small,26.33,3.2,-13.46,-0.17,-0.17,40.4,38.13,-0.44,2026-08-05,,,,,,,,,,,
2026-08-05T06:33:04.325,BERGEPAINT,533.8,1.38,516.07,497.25,497.18,588.73,0.92,46.5,55.2,63.72,building materials,paints / varnishes,18.58,7.37,0.19,0.06,-0.12,504.05,491.93,-0.79,2026-08-05,,,,,,,,,,,
2026-08-05T06:33:04.325,JPPOWER,18.84,0.43,18.27,16.89,16.94,21.69,0.75,9.06,26.91,66.52,power & utilities,power generation and supply,18.38,11.2,11.36,0.16,0.03,17.4,16.68,-0.85,2026-08-05,,,,,,,,,,,
2026-08-05T06:33:04.325,NHPC,80.5,1.58,77.81,77.25,78.07,84.15,0.47,13.88,21.47,57.89,power & utilities,power generation and supply,25.81,3.12,1.26,-0.05,-0.03,77.14,75.53,-0.91,2026-08-05,,,,,,,,,,,
2026-08-05T06:33:04.325,BALKRISIND,2491.9,-0.01,2364.15,2023.0,2099.61,3080.34,0.8,26.71,34.27,73.78,auto,tyres,24.75,18.68,7.6,0.0,0.04,2273.14,2147.17,-1.09,2026-08-05,,,,,,,,,,,
2026-08-05T06:33:04.325,TRENT,3107.7,1.89,2977.24,2916.5,2852.45,3490.58,1.0,69.0,64.25,63.45,consumer discretionary,trading,19.32,8.95,8.48,0.15,0.03,2986.28,2898.51,-1.35,2026-08-05,,,,,,,,,,,
2026-08-05T06:33:04.325,KOTAKBANK,398.0,0.13,384.26,385.15,381.61,422.59,0.57,18.06,6.84,60.13,bank,banks - private sector,23.42,4.3,-10.15,-0.1,-0.08,385.06,375.61,-1.59,2026-08-05,,,,,,,,,,,
2026-08-05T06:33:04.325,AFFLE,1683.3,1.22,1605.24,1578.1,1562.88,1863.92,1.01,49.45,51.94,66.3,i.t,computers - software - medium / small,25.07,7.7,-5.5,-0.03,-0.04,1552.97,1463.93,-1.67,2026-08-05,,,,,,,,,,,
2026-08-05T06:33:04.325,IEX,129.2,0.94,124.26,126.01,127.18,132.24,0.8,21.25,22.67,56.07,financials,miscellaneous,14.26,1.59,-3.0,-0.03,-0.09,120.93,115.02,-2.66,2026-08-05,,,,,,,,,,,
2026-08-05T06:33:04.325,LTFOODS,417.4,0.51,405.48,370.55,381.86,470.71,1.03,19.76,22.64,70.12,fmcg,food - processing - indian,18.88,9.31,8.29,0.07,-0.01,391.46,382.3,-2.77,2026-08-05,,,,,,,,,,,
2026-08-05T06:33:04.325,SONATSOFTW,350.3,1.29,333.59,301.45,306.98,415.27,0.63,18.59,20.93,71.23,i.t,computers - software - medium / small,33.48,14.11,-3.31,0.04,-0.07,313.37,290.22,-3.06,2026-08-05,,,,,,,,,,,
2026-08-05T06:33:04.325,DIXON,13988.0,0.69,13535.76,13579.0,14164.74,13722.89,0.52,29.64,40.68,58.28,consumer discretionary,electronics - consumer,31.09,-1.25,15.69,0.25,-0.14,13083.3,12502.77,-3.25,2026-08-05,,,,,,,,,,,
2026-08-05T06:33:04.325,CASTROLIND,187.06,0.66,182.38,184.0,183.91,191.79,2.56,13.32,17.16,65.87,chemicals,chemicals,39.44,1.71,-1.57,-0.07,-0.06,183.37,182.5,-3.37,2026-08-05,,,,,,,,,,,
2026-08-05T06:33:04.325,POLYMED,1724.5,-0.2,1677.86,1654.8,1653.81,1830.53,0.39,65.92,54.25,58.59,healthcare,healthcare,26.66,4.27,-1.03,0.1,-0.12,1629.67,1570.85,-3.47,2026-08-05,,,,,,,,,,,
2026-08-05T06:33:04.325,HAVELLS,1295.0,0.78,1251.75,1227.9,1231.07,1390.89,1.26,69.92,49.73,72.29,consumer discretionary,electric equipment,15.9,5.19,-8.61,-0.07,-0.15,1243.54,1211.44,-3.47,2026-08-05,,,,,,,,,,,
2026-08-05T06:33:04.325,JIOFIN,265.0,0.76,256.66,237.51,241.73,299.9,1.5,52.17,82.3,70.91,financials,finance & investments,19.0,9.63,-10.15,0.0,-0.16,250.46,241.16,-3.48,2026-08-05,,,,,,,,,,,
2026-08-05T06:33:04.325,GODFRYPHLP,2336.9,4.0,2205.1,2013.0,2068.14,2740.04,5.27,45.93,26.64,63.89,fmcg,cigarettes,20.09,13.0,2.05,0.12,-0.22,2115.45,2022.46,-4.91,2026-08-05,,,,,,,,,,,
2026-08-05T06:33:04.325,BAYERCROP,4331.0,0.64,4208.9,4188.2,4226.53,4487.7,0.65,50.86,29.04,59.14,chemicals,pesticides / agrochemicals - multinational,28.73,2.47,-4.67,-0.1,-0.08,4183.55,4096.95,-6.86,2026-08-05,,,,,,,,,,,
2026-08-05T06:33:04.325,SWIGGY,291.0,1.04,279.69,271.99,273.13,317.8,0.77,-24.58,-19.08,61.72,i.t,miscellaneous,20.98,6.54,-25.34,-0.13,-0.29,264.25,247.03,-7.05,2026-08-05,,,,,,,,,,,
2026-08-04T23:43:09.327,ATHERENERG,1450.4,13.96,1309.77,1191.1,1255.58,1742.63,4.83,-272.63,-123.8,77.25,auto,automobiles - scooters and 3 - wheelers,51.24,15.52,96.41,1.2,1.1,1290.31,1219.84,71.96,2026-08-04,,,,,,,,,,,
2026-08-04T23:43:09.327,NETWEB,4762.2,3.84,4501.24,4175.5,4179.41,5636.38,1.01,79.48,99.91,62.25,i.t,computers - hardware,14.59,13.94,54.85,0.37,0.41,4335.03,4032.46,30.44,2026-08-04,,,,,,,,,,,
2026-08-04T23:43:09.327,LAURUSLABS,1850.0,2.13,1769.98,1754.3,1730.21,2029.69,0.61,67.91,89.41,82.61,healthcare,pharmaceuticals - indian - bulk drugs & formln,49.15,6.92,66.64,0.79,0.78,1755.36,1684.38,28.79,2026-08-04,,,,,,,,,,,
2026-08-04T23:43:09.327,WELCORP,1736.6,1.24,1666.98,1626.3,1653.21,1861.68,0.55,10.94,19.58,67.67,industrials,steel - large,31.05,5.04,117.35,1.12,0.86,1631.79,1560.08,24.19,2026-08-04,,,,,,,,,,,
2026-08-04T23:43:09.327,RRKABEL,2641.1,0.35,2546.73,2535.0,2491.08,2866.13,0.66,36.4,48.98,68.91,industrials,cables - power,34.7,6.02,79.77,0.8,0.89,2441.6,2313.28,22.32,2026-08-04,,,,,,,,,,,
2026-08-04T23:43:09.327,NATIONALUM,377.0,2.17,359.81,332.0,340.22,432.16,1.31,8.64,10.04,62.91,metals & mining,aluminium and aluminium products,18.68,10.81,20.03,-0.06,0.42,353.88,341.99,21.18,2026-08-04,,,,,,,,,,,
2026-08-04T23:43:09.327,APARINDS,15433.0,4.66,14494.2,13374.0,13300.04,18632.44,1.38,33.16,50.13,62.97,industrials,electric equipment,19.79,16.04,85.33,0.74,0.6,14025.1,13136.18,18.01,2026-08-04,,,,,,,,,,,
2026-08-04T23:43:09.327,SHRIRAMFIN,1087.3,-0.27,1053.6,1019.5,1025.6,1179.84,0.6,18.29,19.24,62.0,financials,finance & investments,14.38,6.02,6.67,0.04,0.28,1026.92,986.04,17.41,2026-08-04,,,,,,,,,,,
2026-08-04T23:43:09.327,DATAPATTNS,4554.7,2.84,4351.3,4090.0,4267.21,4985.94,1.11,289.0,92.54,54.82,aerospace & defence,electronics - components,14.08,6.74,75.12,0.64,0.41,4103.11,3834.71,17.21,2026-08-04,,,,,,,,,,,
2026-08-04T23:43:09.327,SONACOMS,787.0,0.26,759.01,711.1,746.45,847.82,0.86,67.84,70.09,82.83,auto,auto ancillaries,57.85,5.43,65.99,0.45,0.56,743.74,718.75,16.62,2026-08-04,,,,,,,,,,,
2026-08-04T23:43:09.327,SAILIFE,1366.4,2.47,1306.73,1291.5,1288.41,1483.39,0.95,69.29,80.28,70.52,healthcare,pharmaceuticals - indian - bulk drugs & formln,27.18,6.05,51.87,0.5,0.53,1295.13,1255.28,15.28,2026-08-04,,,,,,,,,,,
2026-08-04T23:43:09.327,NYKAA,342.5,-0.7,327.91,326.1,330.05,361.17,0.66,317.13,499.86,71.25,i.t,trading,45.3,3.77,28.97,0.33,0.23,325.87,313.4,14.05,2026-08-04,,,,,,,,,,,
2026-08-04T23:43:09.327,GABRIEL,1530.8,0.22,1470.98,1384.0,1429.39,1682.91,1.18,63.15,71.54,68.63,auto,auto ancillaries,45.96,7.09,47.36,0.53,0.51,1384.81,1329.32,12.32,2026-08-04,,,,,,,,,,,
2026-08-04T23:43:09.327,RBLBANK,380.55,0.16,369.66,363.9,361.77,408.72,0.36,30.49,27.26,59.93,bank,banks - private sector,17.04,5.19,20.93,0.18,0.17,362.39,352.71,10.86,2026-08-04,,,,,,,,,,,
2026-08-04T23:43:09.327,EMCURE,1978.1,0.43,1920.9,1880.0,1889.29,2111.31,0.55,38.51,40.39,67.63,healthcare,pharmaceuticals - indian - bulk drugs & formln,35.15,4.7,41.16,0.24,0.41,1866.06,1798.93,10.43,2026-08-04,,,,,,,,,,,
2026-08-04T23:43:09.327,ACMESOLAR,381.65,2.84,361.87,347.8,357.44,417.97,1.13,25.72,37.91,59.12,realty,engineering - turnkey services,25.0,6.77,60.54,0.62,0.5,351.22,333.15,10.35,2026-08-04,,,,,,,,,,,
2026-08-04T23:43:09.327,LLOYDSME,2053.0,0.12,1996.55,1995.5,1998.72,2134.42,0.67,19.17,29.38,67.7,metals & mining,mining / minerals / metals,34.52,2.72,51.83,0.72,0.59,1930.67,1856.43,10.22,2026-08-04,,,,,,,,,,,
2026-08-04T23:43:09.327,HINDALCO,1020.0,2.52,973.24,938.15,945.26,1132.11,1.27,21.79,16.5,64.95,metals & mining,aluminium and aluminium products,18.25,7.91,14.08,0.01,0.24,981.29,952.27,10.21,2026-08-04,,,,,,,,,,,
2026-08-04T23:43:09.327,ASTERDM,834.7,2.4,798.8,799.2,802.43,883.1,1.25,76.72,108.11,62.58,healthcare,healthcare,19.68,4.02,37.58,0.38,0.18,787.96,755.71,9.91,2026-08-04,,,,,,,,,,,
2026-08-04T23:43:09.327,AUBANK,1059.0,-0.09,1014.5,1022.6,1006.36,1137.96,0.4,24.91,27.73,57.34,bank,banks - private sector,19.43,5.23,6.0,0.01,0.11,1005.19,964.83,9.77,2026-08-04,,,,,,,,,,,
2026-08-04T23:43:09.327,ABB,7700.0,1.3,7448.49,7085.0,7373.42,8189.87,1.79,112.64,53.9,65.75,industrials,electric equipment,26.15,4.43,48.76,0.3,0.47,7157.7,6945.48,9.58,2026-08-04,,,,,,,,,,,
2026-08-04T23:43:09.327,OFSS,11600.0,2.37,11196.5,10882.0,11092.25,12361.63,0.68,17.84,28.89,60.69,i.t,computers - software - large,24.81,4.58,50.9,0.38,0.37,10745.6,10189.8,8.79,2026-08-04,,,,,,,,,,,
2026-08-04T23:43:09.327,FLUOROCHEM,4612.8,2.88,4351.2,4344.6,4540.89,4720.66,0.86,116.25,85.78,68.13,chemicals,chemicals,36.63,1.58,25.52,0.4,0.25,4289.46,4065.15,7.94,2026-08-04,,,,,,,,,,,
2026-08-04T23:43:09.327,SIEMENS,4000.5,2.58,3841.21,3576.1,3681.06,4479.66,2.44,96.17,89.2,74.56,industrials,electric equipment,25.15,8.68,29.44,0.19,0.19,3739.06,3616.28,7.73,2026-08-04,,,,,,,,,,,
2026-08-04T23:43:09.327,HEG,678.95,2.06,649.74,636.15,657.05,711.8,1.03,26.77,35.79,72.74,industrials,electrodes - graphites,48.18,3.33,8.81,0.19,0.27,627.5,593.87,7.7,2026-08-04,,,,,,,,,,,
2026-08-04T23:43:09.327,SOLARINDS,18700.0,0.22,18166.26,17855.0,18256.76,19364.86,0.42,77.25,100.65,56.37,aerospace & defence,chemicals,12.01,2.43,53.71,0.31,0.31,17889.82,17382.18,7.56,2026-08-04,,,,,,,,,,,
2026-08-04T23:43:09.327,GLAND,2583.1,0.15,2509.88,2428.7,2442.36,2794.2,1.22,29.01,41.36,63.93,healthcare,pharmaceuticals - indian - formulations,35.75,5.76,50.67,0.25,0.4,2430.36,2367.01,7.52,2026-08-04,,,,,,,,,,,
2026-08-04T23:43:09.327,GRAPHITE,710.05,7.92,643.96,638.0,652.99,795.64,6.36,-33.43,73.35,66.12,industrials,electrodes - graphites,25.07,8.74,9.57,0.09,0.15,652.1,616.59,7.05,2026-08-04,,,,,,,,,,,
2026-08-04T23:43:09.327,HINDZINC,562.9,2.91,535.62,527.3,525.82,618.52,1.51,10.88,13.54,63.66,metals & mining,mining / minerals / metals,16.48,7.05,-8.01,-0.15,0.14,538.7,521.65,6.22,2026-08-04,,,,,,,,,,,
2026-08-04T23:43:09.327,HEROMOTOCO,5548.0,1.61,5316.5,5127.7,5174.96,6107.56,1.41,19.01,19.02,74.87,auto,automobiles - motorcycles / mopeds,30.83,7.21,-5.02,-0.09,-0.08,5292.66,5159.15,6.21,2026-08-04,,,,,,,,,,,
2026-08-04T23:43:09.327,JSWSTEEL,1300.0,0.6,1250.38,1243.2,1251.77,1372.34,0.92,17.06,12.73,64.13,metals & mining,steel - large,18.94,3.85,11.01,-0.0,0.08,1247.91,1208.85,5.76,2026-08-04,,,,,,,,,,,
2026-08-04T23:43:09.327,EXIDEIND,458.35,3.07,432.77,420.35,439.94,485.96,1.11,27.81,40.57,66.58,auto,auto ancillaries,38.74,4.18,26.43,0.31,0.16,421.45,396.37,5.33,2026-08-04,,,,,,,,,,,
2026-08-04T23:43:09.327,IDFCFIRSTB,86.0,0.0,82.76,83.7,83.27,90.1,0.47,16.17,33.08,68.79,bank,banks - private sector,36.0,3.28,1.17,-0.03,0.04,82.01,79.14,4.78,2026-08-04,,,,,,,,,,,
2026-08-04T23:43:09.327,BALRAMCHIN,658.7,1.84,624.01,582.15,612.03,728.71,2.28,20.84,34.51,70.99,fmcg,sugar,43.34,7.63,50.42,0.44,0.38,601.19,564.32,4.54,2026-08-04,,,,,,,,,,,
2026-08-04T23:43:09.327,ASIANPAINT,2775.0,-1.25,2677.75,2666.2,2690.18,2902.23,0.64,43.2,56.52,60.25,building materials,paints / varnishes,17.52,3.15,0.84,0.06,-0.08,2637.27,2566.28,4.34,2026-08-04,,,,,,,,,,,
2026-08-04T23:43:09.327,TRAVELFOOD,1366.1,1.6,1284.29,1258.0,1263.75,1519.62,0.82,37.24,40.15,64.84,consumer discretionary,hotels,13.64,8.1,17.95,0.17,0.02,1282.19,1224.16,4.06,2026-08-04,,,,,,,,,,,
2026-08-04T23:43:09.327,PVRINOX,1188.1,4.09,1108.77,1118.05,1095.97,1326.3,1.41,51.66,25.21,78.74,media,entertainment / electronic media software,40.46,8.41,16.91,0.13,0.03,1108.74,1055.32,4.02,2026-08-04,,,,,,,,,,,
2026-08-04T23:43:09.327,RKFORGE,688.7,1.11,662.63,623.3,617.24,795.89,2.27,66.73,115.65,75.5,industrials,castings & forgings,30.65,11.58,33.5,0.24,0.22,632.47,610.4,3.47,2026-08-04,,,,,,,,,,,
2026-08-04T23:43:09.327,THELEELA,500.1,-0.34,481.57,463.1,470.9,543.9,1.16,85.63,27.68,61.31,services,hotels,21.35,6.2,15.18,0.07,0.12,462.39,442.96,3.4,2026-08-04,,,,,,,,,,,
2026-08-04T23:43:09.327,UNOMINDA,1227.0,1.41,1177.96,1156.6,1154.69,1335.47,2.7,54.29,58.2,72.19,auto,auto ancillaries,11.46,6.26,-4.59,-0.04,-0.08,1163.99,1133.63,2.8,2026-08-04,,,,,,,,,,,
2026-08-04T23:43:09.327,JINDALSTEL,1124.0,1.71,1079.37,1054.2,1054.5,1228.25,0.64,33.86,41.36,64.49,metals & mining,steel - large,28.59,6.59,5.24,-0.08,0.02,1072.05,1033.09,2.61,2026-08-04,,,,,,,,,,,
2026-08-04T23:43:09.327,ANANTRAJ,630.4,0.68,610.88,602.75,614.57,654.15,0.49,37.7,39.11,66.75,realty,construction,25.25,2.58,14.12,0.04,-0.02,592.52,567.7,2.32,2026-08-04,,,,,,,,,,,
2026-08-04T23:43:09.327,MARUTI,14168.0,0.13,13734.7,13720.0,13601.2,15018.2,1.24,32.31,31.04,59.59,auto,automobiles - passenger cars,13.58,4.17,-15.2,-0.09,-0.14,13544.55,13162.97,2.32,2026-08-04,,,,,,,,,,,
2026-08-04T23:43:09.327,ENDURANCE,2838.7,1.83,2695.2,2712.8,2718.38,3019.18,1.82,36.12,41.2,62.28,auto,auto ancillaries,15.97,4.43,11.64,0.08,0.05,2648.94,2545.92,2.12,2026-08-04,,,,,,,,,,,
2026-08-04T23:43:09.327,NIVABUPA,87.31,0.87,84.67,84.66,84.89,90.94,0.4,29.1,91.12,56.28,financials,finance & investments,35.86,2.85,17.31,0.01,0.09,82.13,78.73,1.65,2026-08-04,,,,,,,,,,,
2026-08-04T23:43:09.327,360ONE,1155.0,0.63,1121.51,1113.5,1111.68,1219.97,0.98,35.52,36.87,58.31,financials,finance & investments,11.75,3.9,-2.03,-0.04,0.04,1089.48,1059.34,1.41,2026-08-04,,,,,,,,,,,
2026-08-04T23:43:09.327,BAJAJFINSV,2105.0,0.43,2026.64,1892.3,1932.23,2364.16,1.57,26.85,32.96,76.79,financials,finance & investments,28.72,8.94,3.34,0.01,-0.01,1999.24,1919.92,1.25,2026-08-04,,,,,,,,,,,
2026-08-04T23:43:09.327,RAINBOW,1579.0,2.16,1504.3,1457.0,1489.3,1713.55,1.56,66.12,54.98,74.22,healthcare,healthcare,23.05,6.02,20.07,0.27,0.17,1482.48,1417.09,1.23,2026-08-04,,,,,,,,,,,
2026-08-04T23:43:09.327,HYUNDAI,2220.0,0.59,2154.53,1971.0,2012.99,2530.51,0.58,50.73,36.22,75.49,auto,automobiles - passenger cars,26.51,10.28,-3.89,-0.07,-0.1,2085.76,2006.09,1.11,2026-08-04,,,,,,,,,,,
2026-08-04T23:43:09.327,M&M,3433.0,0.13,3316.91,3197.5,3241.6,3720.09,0.81,17.59,20.74,67.85,auto,automobiles - passenger cars,27.92,5.9,-8.72,-0.09,-0.1,3242.56,3100.84,1.02,2026-08-04,,,,,,,,,,,
2026-08-04T23:43:09.327,PNB,113.99,0.88,110.39,110.32,111.31,118.01,0.41,5.63,5.89,66.98,bank,banks - public sector,20.29,2.41,-7.26,-0.14,-0.1,110.58,108.04,0.74,2026-08-04,,,,,,,,,,,
2026-08-04T23:43:09.327,PPLPHARMA,202.5,1.62,193.79,192.6,190.08,221.12,0.88,-97.36,-84.08,72.81,healthcare,pharmaceuticals - indian - bulk drugs & formln,42.75,6.53,19.43,0.2,0.02,186.4,175.78,0.37,2026-08-04,,,,,,,,,,,
2026-08-04T23:43:09.327,ECLERX,1919.2,-0.16,1844.36,1834.8,1952.48,1869.28,0.25,23.44,14.74,62.2,i.t,computers - software - medium / small,39.24,-1.7,-20.37,-0.27,-0.17,1723.76,1602.98,0.27,2026-08-04,,,,,,,,,,,
2026-08-04T23:43:09.327,CAMS,809.4,2.33,773.22,783.75,766.33,874.01,3.75,39.22,20.51,59.95,financials,miscellaneous,13.83,5.62,10.2,0.07,-0.01,760.4,744.75,0.24,2026-08-04,,,,,,,,,,,
2026-08-04T23:43:09.327,AIIL,558.55,1.78,532.14,536.6,539.36,587.33,0.28,10.7,8.01,58.32,financials,finance & investments,30.91,3.56,-10.84,0.01,-0.03,514.77,489.34,0.24,2026-08-04,,,,,,,,,,,
2026-08-04T23:43:09.327,INDGN,553.75,1.56,531.7,500.35,501.88,631.55,3.83,28.6,32.63,69.36,healthcare,miscellaneous,23.87,10.33,6.54,0.04,0.06,504.74,482.03,0.12,2026-08-04,,,,,,,,,,,
2026-08-04T23:43:09.327,ASTRAL,1448.0,0.86,1406.3,1425.2,1433.24,1470.14,0.36,45.65,71.85,52.92,plastic products,plastics products,21.35,1.03,0.98,-0.09,-0.04,1379.21,1345.71,0.08,2026-08-04,,,,,,,,,,,
2026-08-04T23:43:09.327,ICICIBANK,1454.6,-0.37,1402.18,1422.6,1439.7,1476.95,0.79,16.88,18.62,63.47,bank,banks - private sector,25.99,1.04,8.74,-0.01,0.02,1407.85,1372.78,0.06,2026-08-04,,,,,,,,,,,
2026-08-04T23:43:09.327,ETERNAL,312.4,0.61,302.82,300.05,298.95,332.57,0.47,781.0,660.64,67.29,i.t,miscellaneous,36.81,4.5,10.22,0.06,-0.01,292.69,278.21,0.04,2026-08-04,,,,,,,,,,,
2026-08-04T23:43:09.327,ULTRACEMCO,12050.0,-0.03,11666.9,11730.0,11899.86,12275.22,0.39,34.09,41.52,60.14,building materials,cement - north india,11.41,1.26,1.25,-0.12,-0.01,11651.41,11352.47,-0.33,2026-08-04,,,,,,,,,,,
2026-08-04T23:43:09.327,FSL,330.7,1.96,312.28,266.0,283.41,401.63,1.17,27.84,33.23,82.11,i.t,computers - software - medium / small,31.03,16.68,-0.9,-0.0,-0.11,297.29,275.29,-0.42,2026-08-04,,,,,,,,,,,
2026-08-04T23:43:09.327,SAGILITY,44.09,0.48,42.53,42.63,42.72,46.14,1.13,23.96,20.7,58.21,i.t,computers - software - medium / small,26.33,3.2,-13.46,-0.17,-0.17,40.4,38.13,-0.44,2026-08-04,,,,,,,,,,,
2026-08-04T23:43:09.327,BERGEPAINT,533.8,1.38,516.07,497.25,497.18,588.73,0.92,46.5,54.45,63.72,building materials,paints / varnishes,18.58,7.37,0.19,0.06,-0.12,504.05,491.93,-0.79,2026-08-04,,,,,,,,,,,
2026-08-04T23:43:09.327,JPPOWER,18.84,0.43,18.27,16.89,16.94,21.69,0.75,9.06,26.8,66.52,power & utilities,power generation and supply,18.38,11.2,11.36,0.16,0.03,17.4,16.68,-0.85,2026-08-04,,,,,,,,,,,
2026-08-04T23:43:09.327,NHPC,80.5,1.58,77.81,77.25,78.07,84.15,0.47,13.88,21.13,57.89,power & utilities,power generation and supply,25.81,3.12,1.26,-0.05,-0.03,77.14,75.53,-0.91,2026-08-04,,,,,,,,,,,
2026-08-04T23:43:09.327,BALKRISIND,2491.9,-0.01,2364.15,2023.0,2099.61,3080.34,0.8,26.71,34.28,73.78,auto,tyres,24.75,18.68,7.6,0.0,0.04,2273.14,2147.17,-1.09,2026-08-04,,,,,,,,,,,
2026-08-04T23:43:09.327,TRENT,3107.7,1.89,2977.24,2916.5,2852.45,3490.58,1.0,69.0,63.06,63.45,consumer discretionary,trading,19.32,8.95,8.48,0.15,0.03,2986.28,2898.51,-1.35,2026-08-04,,,,,,,,,,,
2026-08-04T23:43:09.327,KOTAKBANK,398.0,0.13,384.26,385.15,381.61,422.59,0.57,18.06,6.83,60.13,bank,banks - private sector,23.42,4.3,-10.15,-0.1,-0.08,385.06,375.61,-1.59,2026-08-04,,,,,,,,,,,
2026-08-04T23:43:09.327,AFFLE,1683.3,1.22,1605.24,1578.1,1562.88,1863.92,1.01,49.45,51.31,66.3,i.t,computers - software - medium / small,25.07,7.7,-5.5,-0.03,-0.04,1552.97,1463.93,-1.67,2026-08-04,,,,,,,,,,,
2026-08-04T23:43:09.327,IEX,129.2,0.94,124.26,126.01,127.18,132.24,0.8,21.25,22.46,56.07,financials,miscellaneous,14.26,1.59,-3.0,-0.03,-0.09,120.93,115.02,-2.66,2026-08-04,,,,,,,,,,,
2026-08-04T23:43:09.327,LTFOODS,417.4,0.51,405.48,370.55,381.86,470.71,1.03,19.76,22.52,70.12,fmcg,food - processing - indian,18.88,9.31,8.29,0.07,-0.01,391.46,382.3,-2.77,2026-08-04,,,,,,,,,,,
2026-08-04T23:43:09.327,SONATSOFTW,350.3,1.29,333.59,301.45,306.98,415.27,0.63,18.59,20.66,71.23,i.t,computers - software - medium / small,33.48,14.11,-3.31,0.04,-0.07,313.37,290.22,-3.06,2026-08-04,,,,,,,,,,,
2026-08-04T23:43:09.327,DIXON,13988.0,0.69,13535.76,13579.0,14164.74,13722.89,0.52,29.64,40.4,58.28,consumer discretionary,electronics - consumer,31.09,-1.25,15.69,0.25,-0.14,13083.3,12502.77,-3.25,2026-08-04,,,,,,,,,,,
2026-08-04T23:43:09.327,CASTROLIND,187.06,0.66,182.38,184.0,183.91,191.79,2.56,19.09,19.06,65.87,chemicals,chemicals,39.44,1.71,-1.57,-0.07,-0.06,183.37,182.5,-3.37,2026-08-04,,,,,,,,,,,
2026-08-04T23:43:09.327,POLYMED,1724.5,-0.2,1677.86,1654.8,1653.81,1830.53,0.39,65.92,54.35,58.59,healthcare,healthcare,26.66,4.27,-1.03,0.1,-0.12,1629.67,1570.85,-3.47,2026-08-04,,,,,,,,,,,
2026-08-04T23:43:09.327,HAVELLS,1295.0,0.78,1251.75,1227.9,1231.07,1390.89,1.26,69.92,49.35,72.29,consumer discretionary,electric equipment,15.9,5.19,-8.61,-0.07,-0.15,1243.54,1211.44,-3.47,2026-08-04,,,,,,,,,,,
2026-08-04T23:43:09.327,JIOFIN,265.0,0.76,256.66,237.51,241.73,299.9,1.5,52.17,81.68,70.91,financials,finance & investments,19.0,9.63,-10.15,0.0,-0.16,250.46,241.16,-3.48,2026-08-04,,,,,,,,,,,
2026-08-04T23:43:09.327,GODFRYPHLP,2336.9,4.0,2205.1,2013.0,2068.14,2740.04,5.27,45.93,25.62,63.89,fmcg,cigarettes,20.09,13.0,2.05,0.12,-0.22,2115.45,2022.46,-4.91,2026-08-04,,,,,,,,,,,
2026-08-04T23:43:09.327,BAYERCROP,4331.0,0.64,4208.9,4188.2,4226.53,4487.7,0.65,50.86,28.85,59.14,chemicals,pesticides / agrochemicals - multinational,28.73,2.47,-4.67,-0.1,-0.08,4183.55,4096.95,-6.86,2026-08-04,,,,,,,,,,,
2026-08-04T23:43:09.327,SWIGGY,291.0,1.04,279.69,271.99,273.13,317.8,0.77,-24.58,-18.89,61.72,i.t,miscellaneous,20.98,6.54,-25.34,-0.13,-0.29,264.25,247.03,-7.05,2026-08-04,,,,,,,,,,,
2026-07-14T09:24:48.45,ACUTAAS,3528.0,0.94,3402.56,3363.6,3504.34,3563.49,0.02,54.82,80.33,60.6,healthcare,pharmaceuticals - indian - bulk drugs,36.32,0.68,109.82,0.93,0.97,3256.97,3060.7,49.9,2026-07-14,,,,,,,,,,,
2026-07-14T09:24:48.45,SYRMA,1440.0,0.58,1393.66,1332.2,1416.73,1474.91,0.03,68.05,84.97,65.36,consumer discretionary,electronics - components,46.94,1.64,96.17,0.86,0.84,1344.13,1277.23,31.24,2026-07-14,,,,,,,,,,,
2026-07-14T09:24:48.45,LAURUSLABS,1557.7,-0.06,1519.98,1448.2,1516.78,1619.08,0.02,75.32,94.63,66.73,healthcare,pharmaceuticals - indian - bulk drugs & formln,38.19,2.7,53.02,0.33,0.6,1476.81,1416.34,23.82,2026-07-14,,,,,,,,,,,
2026-07-14T09:24:48.45,ADANIENSOL,1647.5,0.18,1609.16,1610.1,1584.34,1742.24,0.02,72.39,86.56,65.95,power & utilities,power generation and supply,30.29,3.99,67.68,0.58,0.68,1544.44,1481.15,21.27,2026-07-14,,,,,,,,,,,
2026-07-14T09:24:48.45,CEMPRO,1609.0,1.6,1548.79,1453.3,1510.01,1757.49,0.02,28.53,45.5,80.77,realty,construction,63.12,6.56,100.04,1.09,0.88,1482.92,1397.77,20.68,2026-07-14,,,,,,,,,,,
2026-07-14T09:24:48.45,WELCORP,1650.0,1.86,1602.3,1520.1,1545.78,1806.32,0.23,29.38,26.46,72.33,industrials,steel - large,38.83,6.74,106.23,1.02,0.83,1539.71,1465.09,20.28,2026-07-14,,,,,,,,,,,
2026-07-14T09:24:48.45,AEGISLOG,1300.7,0.55,1249.5,1195.2,1342.6,1237.85,0.02,27.82,50.55,68.93,services,trading,64.55,-3.12,76.48,0.61,0.56,1137.5,1017.7,17.69,2026-07-14,,,,,,,,,,,
2026-07-14T09:24:48.45,HONASA,477.75,1.16,461.33,460.5,468.45,491.7,0.01,56.07,76.79,76.08,services,trading,47.45,1.99,85.91,0.52,0.71,450.27,430.32,15.33,2026-07-14,,,,,,,,,,,
2026-07-14T09:24:48.45,NYKAA,328.2,-0.06,320.7,312.15,324.44,333.84,0.03,303.89,475.94,75.32,i.t,trading,48.27,1.16,33.19,0.19,0.24,314.4,305.46,14.52,2026-07-14,,,,,,,,,,,
2026-07-14T09:24:48.45,SAILIFE,1274.0,0.15,1236.86,1191.1,1226.51,1345.23,0.02,64.6,76.59,63.99,healthcare,pharmaceuticals - indian - bulk drugs & formln,22.74,3.87,43.91,0.27,0.4,1200.53,1145.43,14.36,2026-07-14,,,,,,,,,,,
2026-07-14T09:24:48.45,CARTRADE,2830.0,1.1,2737.14,2692.0,2828.74,2831.89,0.03,52.41,59.83,69.63,consumer discretionary,miscellaneous,62.35,0.05,1.18,-0.02,0.03,2624.13,2479.73,13.99,2026-07-14,,,,,,,,,,,
2026-07-14T09:24:48.45,FEDERALBNK,331.2,-0.39,324.09,323.0,330.23,332.66,0.01,15.22,18.82,64.55,bank,banks - private sector,33.55,0.29,27.73,0.2,0.37,319.43,312.2,13.88,2026-07-14,,,,,,,,,,,
2026-07-14T09:24:48.45,RADICO,4106.8,1.52,3964.98,4011.3,4083.95,4141.08,0.05,76.56,89.58,71.61,fmcg,breweries & distilleries,45.31,0.56,27.07,0.28,0.24,3925.95,3800.51,13.19,2026-07-14,,,,,,,,,,,
2026-07-14T09:24:48.45,JBCHEPHARM,2465.5,0.22,2400.12,2386.8,2401.51,2561.48,0.01,97.07,54.35,80.47,healthcare,pharmaceuticals - indian - bulk drugs & formln,40.95,2.66,36.25,0.2,0.4,2372.96,2305.96,12.37,2026-07-14,,,,,,,,,,,
2026-07-14T09:24:48.45,TORNTPHARM,4984.1,0.67,4818.07,4778.8,4816.37,5235.7,0.05,108.26,77.35,79.35,healthcare,pharmaceuticals - indian - formulations,36.68,3.48,31.36,0.16,0.34,4786.77,4639.37,11.53,2026-07-14,,,,,,,,,,,
2026-07-14T09:24:48.45,STARHEALTH,612.25,2.08,585.55,581.0,597.11,634.96,0.1,80.99,63.33,73.68,financials,finance & investments,47.2,2.54,30.71,0.26,0.21,578.28,553.56,10.67,2026-07-14,,,,,,,,,,,
2026-07-14T09:24:48.45,PAYTM,1378.6,-0.57,1345.34,1210.4,1256.56,1561.66,0.04,120.09,160.47,78.04,i.t,miscellaneous,29.9,9.71,8.75,-0.02,0.02,1286.81,1222.37,10.23,2026-07-14,,,,,,,,,,,
2026-07-14T09:24:48.45,CUB,224.6,-0.24,218.43,217.53,222.55,227.68,0.01,11.6,12.59,63.84,bank,banks - private sector,38.59,0.92,13.09,-0.02,0.25,210.34,200.17,9.11,2026-07-14,,,,,,,,,,,
2026-07-14T09:24:48.45,VTL,649.55,-0.17,631.56,620.0,636.54,669.06,0.01,25.02,24.84,55.35,textiles,textiles - cotton/blended,10.3,2.04,45.73,0.45,0.43,612.29,584.34,8.88,2026-07-14,,,,,,,,,,,
2026-07-14T09:24:48.45,AUROPHARMA,1564.8,1.0,1518.02,1541.0,1581.13,1540.31,0.01,24.67,25.68,56.42,healthcare,pharmaceuticals - indian - bulk drugs & formln,29.86,-1.03,33.52,0.2,0.38,1485.92,1426.85,8.25,2026-07-14,,,,,,,,,,,
2026-07-14T09:24:48.45,NUVAMA,1901.0,-0.97,1847.5,1835.0,1905.31,1894.53,0.05,32.13,11.12,63.77,financials,finance & investments,49.65,-0.23,35.58,0.23,0.24,1770.86,1683.26,8.04,2026-07-14,,,,,,,,,,,
2026-07-14T09:24:48.45,GLAND,2463.5,0.09,2409.23,2416.4,2467.85,2456.98,0.01,27.67,39.47,61.82,healthcare,pharmaceuticals - indian - formulations,45.88,-0.18,44.18,0.35,0.24,2315.13,2228.96,7.89,2026-07-14,,,,,,,,,,,
2026-07-14T09:24:48.45,IPCALAB,1848.0,1.35,1776.05,1741.0,1765.92,1971.11,0.06,34.71,39.21,76.73,healthcare,pharmaceuticals - indian - bulk drugs & formln,37.2,4.65,26.06,0.08,0.38,1740.64,1662.62,7.86,2026-07-14,,,,,,,,,,,
2026-07-14T09:24:48.45,GABRIEL,1257.5,-0.59,1221.86,1215.0,1270.94,1237.34,0.03,67.9,72.04,60.27,auto,auto ancillaries,33.08,-1.06,31.74,0.19,-0.02,1174.14,1117.13,6.64,2026-07-14,,,,,,,,,,,
2026-07-14T09:24:48.45,LUPIN,2495.1,0.1,2436.28,2445.7,2478.92,2519.37,0.01,17.91,20.84,67.99,healthcare,pharmaceuticals - indian - bulk drugs & formln,29.02,0.65,21.41,0.05,0.25,2409.51,2350.21,6.49,2026-07-14,,,,,,,,,,,
2026-07-14T09:24:48.45,TITAN,4593.0,-0.19,4462.92,4524.4,4527.02,4691.97,0.03,86.46,80.46,65.8,consumer discretionary,diamond cutting / jewellery,25.51,1.46,19.45,0.01,0.19,4419.57,4296.5,6.38,2026-07-14,,,,,,,,,,,
2026-07-14T09:24:48.45,GLENMARK,2325.0,1.03,2250.96,2212.6,2216.92,2487.13,0.07,54.42,47.69,62.54,healthcare,pharmaceuticals - indian - bulk drugs & formln,14.29,4.88,19.22,0.07,0.24,2215.17,2133.49,6.24,2026-07-14,,,,,,,,,,,
2026-07-14T09:24:48.45,3MINDIA,36155.0,-0.76,35280.0,33905.0,34756.59,38252.61,0.08,47.28,78.57,68.34,miscellaneous,diversified - large,19.1,4.02,4.54,-0.02,0.16,34252.5,33070.62,5.99,2026-07-14,,,,,,,,,,,
2026-07-14T09:24:48.45,LLOYDSME,1828.7,0.09,1764.1,1708.9,1746.53,1951.96,0.02,17.08,26.18,59.79,metals & mining,mining / minerals / metals,18.57,4.7,42.67,0.33,0.33,1718.38,1639.64,5.5,2026-07-14,,,,,,,,,,,
2026-07-14T09:24:48.45,TVSMOTOR,3646.6,-0.82,3557.4,3572.8,3620.86,3685.22,0.02,56.14,57.88,58.85,auto,automobiles - motorcycles / mopeds,20.94,0.71,1.11,-0.11,-0.03,3471.43,3348.46,5.42,2026-07-14,,,,,,,,,,,
2026-07-14T09:24:48.45,BAJAJ-AUTO,10338.0,-0.41,10005.8,9993.0,9848.44,11072.34,0.28,19.71,26.98,59.79,auto,automobiles - scooters and 3 - wheelers,16.85,4.97,14.98,-0.0,0.1,9875.11,9563.95,5.29,2026-07-14,,,,,,,,,,,
2026-07-14T09:24:48.45,LALPATHLAB,1736.4,0.66,1684.72,1635.9,1661.37,1848.94,0.02,55.23,36.54,65.69,healthcare,healthcare,24.78,4.52,20.87,0.13,0.07,1639.91,1574.24,4.96,2026-07-14,,,,,,,,,,,
2026-07-14T09:24:48.45,BANDHANBNK,210.58,-1.21,202.27,194.82,199.62,227.02,0.07,15.86,28.05,55.37,bank,banks - private sector,12.75,5.49,49.53,0.35,0.18,195.3,183.84,4.93,2026-07-14,,,,,,,,,,,
2026-07-14T09:24:48.45,IKS,1897.0,-0.34,1849.46,1809.9,1850.05,1967.42,0.02,38.53,44.11,66.47,i.t,computers - software - medium / small,43.83,2.54,20.66,0.05,0.2,1783.17,1705.79,4.84,2026-07-14,,,,,,,,,,,
2026-07-14T09:24:48.45,APOLLOHOSP,8823.5,0.47,8564.22,8700.0,8785.61,8880.33,0.03,59.91,65.03,64.29,healthcare,healthcare,29.67,0.43,25.72,0.12,0.09,8546.3,8347.4,4.19,2026-07-14,,,,,,,,,,,
2026-07-14T09:24:48.45,MARICO,846.6,-0.02,824.62,836.0,842.8,852.3,0.02,69.62,62.12,56.61,fmcg,solvent extraction,39.57,0.45,16.83,0.04,0.13,816.89,796.0,4.08,2026-07-14,,,,,,,,,,,
2026-07-14T09:24:48.45,SUNPHARMA,1934.8,0.7,1871.8,1875.1,1908.42,1974.37,0.01,42.81,40.2,66.83,healthcare,pharmaceuticals - indian - bulk drugs & formln,32.54,1.38,8.4,0.03,0.1,1869.22,1820.13,3.89,2026-07-14,,,,,,,,,,,
2026-07-14T09:24:48.45,BIOCON,429.2,4.44,413.76,394.85,406.31,463.54,1.16,135.82,147.29,58.39,healthcare,pharmaceuticals - indian - bulk drugs & formln,14.22,5.63,13.45,0.04,0.15,398.76,377.74,3.69,2026-07-14,,,,,,,,,,,
2026-07-14T09:24:48.45,MEDANTA,1337.1,0.68,1298.21,1295.9,1337.38,1336.68,0.02,62.36,64.13,61.01,healthcare,healthcare,33.56,-0.02,15.64,0.05,-0.04,1276.06,1234.98,2.67,2026-07-14,,,,,,,,,,,
2026-07-14T09:24:48.45,EXIDEIND,423.2,-0.05,411.7,412.15,411.79,440.32,0.01,41.82,42.13,67.12,auto,auto ancillaries,33.51,2.77,14.31,0.13,0.08,403.3,389.18,2.53,2026-07-14,,,,,,,,,,,
2026-07-14T09:24:48.45,KAJARIACER,1265.0,2.31,1217.65,1189.0,1222.61,1328.59,0.18,32.34,40.56,74.95,building materials,ceramics - tiles / sanitaryware,38.75,3.47,21.16,0.17,0.01,1201.76,1160.83,2.44,2026-07-14,,,,,,,,,,,
2026-07-14T09:24:48.45,JKTYRE,406.5,-0.88,395.82,394.9,404.13,410.06,0.05,16.26,14.83,53.55,auto,tyres,19.1,0.59,-8.54,-0.26,-0.05,383.35,368.58,2.3,2026-07-14,,,,,,,,,,,
2026-07-14T09:24:48.45,AARTIIND,480.9,-0.7,468.78,462.05,469.35,498.22,0.01,31.72,41.89,53.54,chemicals,chemicals,14.71,2.46,36.18,0.23,0.22,452.78,432.69,1.55,2026-07-14,,,,,,,,,,,
2026-07-14T09:24:48.45,BALRAMCHIN,590.15,0.91,574.28,555.2,557.45,639.21,0.08,18.68,31.21,65.53,fmcg,sugar,30.59,5.87,31.94,0.27,0.23,554.63,530.54,1.33,2026-07-14,,,,,,,,,,,
2026-07-14T09:24:48.45,ETERNAL,284.1,-0.39,276.95,282.6,284.93,282.86,0.03,373.82,713.0,63.36,i.t,miscellaneous,34.97,-0.29,0.35,-0.08,-0.18,269.13,259.2,1.2,2026-07-14,,,,,,,,,,,
2026-07-14T09:24:48.45,MANKIND,2517.1,0.38,2441.28,2466.3,2512.44,2524.09,0.02,46.82,54.1,56.59,healthcare,pharmaceuticals - indian - bulk drugs & formln,30.23,0.19,17.17,0.05,0.01,2397.43,2335.88,0.9,2026-07-14,,,,,,,,,,,
2026-07-14T09:24:48.45,ANANTRAJ,585.55,-0.61,569.18,528.2,542.08,650.75,0.06,35.02,36.8,64.83,realty,construction,18.11,8.02,15.13,-0.02,-0.1,546.32,520.14,0.8,2026-07-14,,,,,,,,,,,
2026-07-14T09:24:48.45,SBILIFE,1847.6,-0.45,1798.99,1784.2,1792.1,1930.85,0.02,57.59,75.35,58.0,financials,finance & investments,20.02,3.1,-8.24,-0.18,-0.06,1770.78,1718.17,0.6,2026-07-14,,,,,,,,,,,
2026-07-14T09:24:48.45,SOBHA,1510.2,-0.49,1465.49,1433.3,1451.69,1597.97,0.03,43.95,83.94,68.22,realty,construction,30.8,4.03,4.35,-0.11,-0.07,1415.73,1348.29,0.01,2026-07-14,,,,,,,,,,,
2026-07-14T09:24:48.45,SAGILITY,42.2,0.41,40.9,40.07,40.34,44.99,0.05,18.84,21.23,58.72,i.t,computers - software - medium / small,19.64,4.61,-12.4,-0.23,-0.16,39.67,37.88,-0.58,2026-07-14,,,,,,,,,,,
2026-07-14T09:24:48.45,JUBLINGREA,734.25,0.14,715.4,667.9,679.45,816.44,0.04,33.56,41.68,70.73,chemicals,chemicals,25.73,8.06,10.37,-0.01,0.05,689.4,660.72,-0.85,2026-07-14,,,,,,,,,,,
2026-07-14T09:24:48.45,GODREJPROP,2149.3,-0.62,2097.2,1972.4,2048.46,2300.57,0.1,24.9,35.2,74.25,realty,construction,36.54,4.92,6.7,-0.01,-0.11,2027.3,1944.9,-1.07,2026-07-14,,,,,,,,,,,
2026-07-14T09:24:48.45,LICI,441.95,0.15,429.24,425.4,436.61,449.96,0.04,2.98,4.86,61.62,financials,finance & investments,28.35,1.22,3.03,-0.02,-0.05,425.12,412.94,-1.24,2026-07-14,,,,,,,,,,,
2026-07-14T09:24:48.45,BAJAJFINSV,1888.0,-1.05,1846.71,1841.5,1871.1,1913.35,0.02,29.69,31.03,61.16,financials,finance & investments,25.77,0.9,-8.57,-0.13,-0.16,1810.71,1763.25,-1.4,2026-07-14,,,,,,,,,,,
2026-07-14T09:24:48.45,NUVOCO,345.15,9.03,327.32,307.8,307.38,401.81,2.77,21.9,31.43,65.76,building materials,cement - north india,20.06,12.29,2.98,-0.09,-0.22,315.45,294.53,-1.56,2026-07-14,,,,,,,,,,,
2026-07-14T09:24:48.45,KALYANKJIL,525.45,2.9,503.03,358.4,409.52,699.34,0.53,33.09,39.04,79.92,consumer discretionary,diamond cutting / jewellery,22.18,28.31,14.11,-0.05,0.0,458.2,413.31,-1.63,2026-07-14,,,,,,,,,,,
2026-07-14T09:24:48.45,HYUNDAI,1981.7,-0.64,1928.64,1895.4,1931.16,2057.52,0.01,32.07,29.84,54.96,auto,automobiles - passenger cars,16.46,2.62,-14.35,-0.19,-0.16,1884.35,1814.63,-1.68,2026-07-14,,,,,,,,,,,
2026-07-14T09:24:48.45,BLUESTARCO,1718.0,0.11,1668.84,1562.0,1602.1,1891.86,0.05,38.87,66.9,63.06,consumer discretionary,air-conditioners,15.79,7.23,-0.64,-0.12,-0.16,1626.3,1558.93,-1.75,2026-07-14,,,,,,,,,,,
2026-07-14T09:24:48.45,EIHOTEL,334.25,-0.83,325.46,320.25,330.59,339.74,0.02,21.99,33.54,59.59,services,hotels,29.02,1.11,-11.62,-0.11,-0.16,311.5,295.55,-2.29,2026-07-14,,,,,,,,,,,
2026-07-14T09:24:48.45,PERSISTENT,5223.1,0.59,5068.85,4705.0,4602.8,6153.55,0.07,38.6,43.37,61.96,i.t,computers - software - large,15.49,13.48,-13.43,-0.25,-0.14,4878.23,4635.88,-2.4,2026-07-14,,,,,,,,,,,
2026-07-14T09:24:48.45,MAXHEALTH,1116.1,0.9,1074.57,1080.0,1128.53,1097.46,0.02,79.27,74.54,57.61,healthcare,healthcare,32.69,-1.1,3.62,0.01,-0.09,1054.15,1008.99,-2.78,2026-07-14,,,,,,,,,,,
2026-07-14T09:24:48.45,RHIM,413.2,0.0,400.87,380.75,386.51,453.23,0.01,-4.12,-22.29,59.92,building materials,refractories / intermediates,24.19,6.9,-5.92,-0.16,-0.11,378.24,353.06,-3.04,2026-07-14,,,,,,,,,,,
2026-07-14T09:24:48.45,IDBI,85.46,1.65,82.95,80.17,83.64,88.2,0.25,11.43,9.81,58.72,bank,banks - private sector,32.77,2.18,-8.47,-0.24,-0.14,80.02,77.33,-3.53,2026-07-14,,,,,,,,,,,
2026-07-14T09:24:48.45,BHARTIHEXA,1587.1,-0.02,1537.13,1477.9,1493.73,1727.15,0.02,44.43,45.81,63.67,telecom-service,telecommunications - service provider,19.15,6.25,-4.91,-0.17,-0.18,1495.98,1430.35,-3.62,2026-07-14,,,,,,,,,,,
2026-07-14T09:24:48.45,CENTRALBK,32.76,0.12,31.95,31.11,32.15,33.68,0.04,9.99,6.54,52.82,bank,banks - public sector,19.4,1.9,-8.29,-0.18,-0.21,31.2,30.23,-4.08,2026-07-14,,,,,,,,,,,
2026-07-14T09:24:48.45,SBFC,92.3,-0.65,90.03,90.15,89.85,95.98,0.02,20.6,22.49,51.63,financials,finance & investments,15.0,2.73,-12.33,-0.15,-0.22,88.01,85.03,-4.08,2026-07-14,,,,,,,,,,,
2026-07-14T09:24:48.45,MPHASIS,2403.0,0.53,2341.22,2194.3,2225.22,2669.66,0.08,22.47,24.44,60.08,i.t,computers - software - large,14.26,7.99,-15.89,-0.22,-0.2,2239.55,2130.96,-4.23,2026-07-14,,,,,,,,,,,
2026-07-14T09:24:48.45,COFORGE,1555.8,0.97,1513.02,1427.8,1459.89,1699.66,0.09,21.34,33.24,61.88,i.t,computers - software - large,12.85,6.57,-14.5,-0.15,-0.18,1450.57,1375.64,-4.27,2026-07-14,,,,,,,,,,,
2026-07-14T09:24:48.45,NAUKRI,1192.1,0.09,1162.28,1168.35,1109.71,1315.68,0.01,34.14,53.2,75.29,i.t,miscellaneous,27.08,7.42,-11.17,-0.17,-0.16,1118.04,1064.15,-4.53,2026-07-14,,,,,,,,,,,
2026-07-14T09:24:48.45,PCBL,321.9,-0.51,314.58,295.0,313.4,334.65,0.05,78.9,62.34,59.3,chemicals,chemicals,22.71,2.71,4.2,0.04,-0.15,299.12,285.14,-4.72,2026-07-14,,,,,,,,,,,
2026-07-14T09:24:48.45,BAJAJHLDNG,10670.0,-0.76,10422.3,10132.0,10622.09,10741.87,0.03,11.53,12.42,52.46,financials,finance & investments,17.0,0.45,-3.89,-0.11,-0.2,10005.35,9550.85,-5.4,2026-07-14,,,,,,,,,,,
2026-07-14T09:24:48.45,LTM,4166.9,1.03,4035.93,3715.4,3692.9,4877.91,0.08,21.06,23.37,62.63,i.t,computers - software - large,16.98,12.84,-33.0,-0.36,-0.29,3876.64,3667.44,-5.43,2026-07-14,,,,,,,,,,,
2026-07-14T09:24:48.45,GLAXO,2439.5,0.79,2369.93,2386.2,2446.6,2428.85,0.02,37.19,40.27,62.16,healthcare,pharmaceuticals - multinational,28.81,-0.29,-5.9,-0.05,-0.12,2352.98,2289.89,-5.58,2026-07-14,,,,,,,,,,,
2026-07-14T09:24:48.45,FIVESTAR,544.35,0.05,531.11,530.15,547.59,539.49,0.01,14.89,14.58,65.61,financials,finance & investments,33.93,-0.59,-3.71,-0.01,-0.01,510.17,486.13,-5.73,2026-07-14,,,,,,,,,,,
2026-07-14T09:24:48.45,BLUEDART,4927.4,-0.37,4805.04,4760.0,4856.75,5033.38,0.0,59.83,47.44,51.88,transportation,couriers,19.17,1.45,-8.55,-0.16,-0.14,4693.91,4524.19,-5.92,2026-07-14,,,,,,,,,,,
2026-07-14T09:24:48.45,BLUEJET,620.5,2.34,589.13,557.1,575.95,687.33,0.12,41.81,42.4,70.85,healthcare,pharmaceuticals - indian - bulk drugs & formln,55.46,7.74,15.43,0.14,-0.06,563.93,524.25,-6.22,2026-07-14,,,,,,,,,,,
2026-07-14T09:24:48.45,FSL,266.0,0.36,258.23,236.16,236.18,310.73,0.03,22.39,27.16,63.14,i.t,computers - software - medium / small,15.27,12.63,-21.3,-0.23,-0.27,244.66,232.1,-6.55,2026-07-14,,,,,,,,,,,
2026-07-14T09:24:48.45,BRIGADE,568.85,-0.15,549.83,496.75,520.61,641.21,0.03,23.9,21.61,61.31,realty,construction,28.16,9.27,-13.25,-0.19,-0.29,522.01,487.69,-6.58,2026-07-14,,,,,,,,,,,
2026-07-14T09:24:48.45,HEXT,572.3,1.08,551.84,512.5,531.61,633.34,0.03,NaN,0.0,66.7,n/a,indices,19.09,7.65,-22.05,-0.28,-0.25,523.91,490.21,-7.62,2026-07-14,,,,,,,,,,,
2026-07-14T09:24:48.45,MAPMYINDIA,1189.55,0.39,1149.54,924.05,969.18,1520.1,0.12,32.05,48.34,79.79,i.t,computers - software - medium / small,33.09,22.74,-26.82,-0.32,-0.36,1051.47,951.56,-7.62,2026-07-14,,,,,,,,,,,
2026-06-03T07:33:00.657,ATHERENERG,960.6,2.47,909.05,925.4,907.45,1040.33,0.5,-91.66,-68.86,59.56,auto,automobiles - scooters and 3 - wheelers,32.73,5.86,36.11,0.23,0.71,875.33,815.78,45.8,2026-06-03,,,,,,,,,,,
2026-06-03T07:33:00.657,ACUTAAS,3037.6,0.62,2843.96,2902.0,2993.58,3103.64,0.75,47.2,69.81,64.32,healthcare,pharmaceuticals - indian - bulk drugs,44.12,1.47,79.86,0.52,1.04,2760.67,2575.17,36.23,2026-06-03,,,,,,,,,,,
2026-06-03T07:33:00.657,NETWEB,4782.8,3.52,4461.25,3832.0,3922.74,6072.89,2.56,96.19,131.76,73.67,i.t,computers - hardware,23.39,21.93,21.89,0.34,0.59,4203.38,3810.51,35.14,2026-06-03,,,,,,,,,,,
2026-06-03T07:33:00.657,HFCL,189.94,4.2,172.97,160.0,166.25,225.48,1.1,39.24,89.17,84.61,telecom,cables - telephone,60.09,14.25,146.47,1.49,1.51,165.61,148.81,32.41,2026-06-03,,,,,,,,,,,
2026-06-03T07:33:00.657,ADANIPOWER,235.93,1.56,222.86,227.41,228.51,247.05,0.78,28.36,17.45,61.41,power & utilities,power generation and supply,33.0,3.25,45.65,0.47,0.76,215.38,200.71,26.86,2026-06-03,,,,,,,,,,,
2026-06-03T07:33:00.657,IDEA,14.16,1.51,13.53,13.81,14.39,13.81,0.79,0.74,4.47,80.77,telecom-service,telecommunications - service provider,56.41,-1.6,53.42,0.31,0.79,13.29,12.67,25.3,2026-06-03,,,,,,,,,,,
2026-06-03T07:33:00.657,SYRMA,1166.8,5.37,1075.06,1039.0,1035.1,1364.35,1.36,55.14,69.25,74.04,consumer discretionary,electronics - components,37.91,12.72,42.84,0.31,0.37,1073.18,1010.16,24.77,2026-06-03,,,,,,,,,,,
2026-06-03T07:33:00.657,CUMMINSIND,5708.0,0.48,5494.86,5359.0,5483.04,6045.44,0.99,60.9,67.0,61.58,industrials,engines,24.09,4.1,31.0,0.17,0.37,5255.16,4972.02,20.91,2026-06-03,,,,,,,,,,,
2026-06-03T07:33:00.657,ADANIENSOL,1530.6,2.28,1445.99,1397.6,1388.92,1743.12,0.79,67.25,80.56,70.93,power & utilities,power generation and supply,23.77,10.2,58.29,0.42,0.78,1399.91,1308.09,19.1,2026-06-03,,,,,,,,,,,
2026-06-03T07:33:00.657,WELCORP,1386.8,0.67,1323.0,1290.1,1336.56,1462.15,0.67,24.69,22.65,70.26,industrials,steel - large,46.48,3.76,52.92,0.49,0.52,1291.57,1224.94,18.69,2026-06-03,,,,,,,,,,,
2026-06-03T07:33:00.657,HINDALCO,1146.3,0.44,1113.67,1094.6,1100.54,1214.94,0.87,24.49,19.01,65.77,metals & mining,aluminium and aluminium products,33.28,4.16,33.99,0.31,0.46,1080.64,1046.1,17.61,2026-06-03,,,,,,,,,,,
2026-06-03T07:33:00.657,CHENNPETRO,1141.6,4.08,1052.52,1014.0,997.51,1357.73,0.75,2.99,5.48,67.16,energy,refineries,14.8,14.44,41.0,0.15,0.5,1056.08,995.33,16.34,2026-06-03,,,,,,,,,,,
2026-06-03T07:33:00.657,SAIL,205.85,1.06,198.57,198.35,201.41,212.51,0.56,11.59,25.23,66.21,metals & mining,steel - large,35.93,2.2,46.96,0.41,0.5,194.62,186.94,15.51,2026-06-03,,,,,,,,,,,
2026-06-03T07:33:00.657,BHEL,410.75,1.47,391.31,399.3,418.77,398.73,0.46,27.68,89.29,63.71,industrials,electric equipment,47.79,-1.91,67.65,0.3,0.74,386.8,371.08,15.43,2026-06-03,,,,,,,,,,,
2026-06-03T07:33:00.657,CRAFTSMAN,8979.0,2.37,8501.5,8570.5,8735.97,9343.54,0.32,43.29,51.09,65.95,auto,auto ancillaries,45.93,2.78,38.75,0.18,0.3,8227.54,7684.95,14.35,2026-06-03,,,,,,,,,,,
2026-06-03T07:33:00.657,POLYCAB,9531.5,0.54,9134.09,9320.5,9533.21,9528.94,0.54,45.67,53.43,71.05,industrials,cables - power,38.13,-0.02,23.22,0.18,0.27,9085.03,8774.17,13.69,2026-06-03,,,,,,,,,,,
2026-06-03T07:33:00.657,THERMAX,4969.7,-0.46,4704.1,4383.1,4605.52,5515.97,0.94,57.31,77.71,72.12,industrials,electric equipment,55.78,7.91,52.08,0.57,0.45,4521.51,4220.66,11.4,2026-06-03,,,,,,,,,,,
2026-06-03T07:33:00.657,MOTHERSON,144.89,2.2,137.75,134.65,136.4,157.62,0.97,25.51,37.15,67.78,auto,auto ancillaries,34.84,6.22,35.27,0.15,0.34,132.29,123.27,11.36,2026-06-03,,,,,,,,,,,
2026-06-03T07:33:00.657,ADANIGREEN,1449.4,0.17,1380.33,1403.2,1427.73,1481.91,0.98,155.51,150.2,67.02,power & utilities,power generation and supply,42.32,1.52,30.29,0.27,0.43,1339.95,1266.27,11.2,2026-06-03,,,,,,,,,,,
2026-06-03T07:33:00.657,SAMMAANCAP,178.91,0.88,172.65,166.86,160.39,206.69,0.63,-0.45,-2.05,75.9,financials,finance - housing,30.23,11.54,-2.72,0.07,0.27,164.93,157.38,11.11,2026-06-03,,,,,,,,,,,
2026-06-03T07:33:00.657,GLAND,2277.0,-0.67,2217.94,2230.0,2306.11,2233.34,1.2,25.57,36.51,68.18,healthcare,pharmaceuticals - indian - formulations,41.15,-1.26,19.59,0.19,0.09,2089.5,2009.38,10.77,2026-06-03,,,,,,,,,,,
2026-06-03T07:33:00.657,J&KBANK,141.92,0.11,136.86,138.91,136.97,149.34,0.51,4.89,6.63,60.01,bank,banks - private sector,18.97,3.61,32.54,0.22,0.36,132.68,127.02,10.14,2026-06-03,,,,,,,,,,,
2026-06-03T07:33:00.657,VIJAYA,1317.0,6.13,1215.89,1220.4,1280.33,1372.0,0.95,70.65,78.25,62.5,healthcare,healthcare,50.73,2.86,30.78,0.22,0.22,1182.4,1109.15,9.66,2026-06-03,,,,,,,,,,,
2026-06-03T07:33:00.657,AIAENG,4552.3,0.65,4340.13,3970.0,4097.04,5235.2,0.8,27.0,33.45,77.91,industrials,castings & forgings,23.49,11.11,36.72,0.09,0.43,4225.5,3991.0,9.05,2026-06-03,,,,,,,,,,,
2026-06-03T07:33:00.657,LLOYDSME,1821.7,0.23,1765.96,1800.0,1750.82,1928.03,0.47,17.01,26.1,63.55,metals & mining,mining / minerals / metals,35.56,4.05,38.86,0.38,0.36,1716.86,1663.34,9.0,2026-06-03,,,,,,,,,,,
2026-06-03T07:33:00.657,NSLNISP,52.55,4.06,49.31,44.0,44.74,64.27,5.63,9.8,250.24,75.83,metals & mining,steel - large,31.04,17.46,17.75,0.16,0.1,46.62,43.38,8.37,2026-06-03,,,,,,,,,,,
2026-06-03T07:33:00.657,NMDC,95.31,3.18,90.45,87.39,88.59,105.38,3.72,10.31,11.24,63.07,metals & mining,mining / minerals / metals,12.83,7.58,24.77,0.19,0.21,87.94,84.34,7.77,2026-06-03,,,,,,,,,,,
2026-06-03T07:33:00.657,CGPOWER,907.7,1.49,865.39,864.2,872.11,961.08,1.33,97.81,117.73,63.81,industrials,electric equipment,28.49,4.08,21.37,0.24,0.12,844.58,800.09,7.7,2026-06-03,,,,,,,,,,,
2026-06-03T07:33:00.657,HONASA,407.05,1.04,388.18,386.1,383.88,441.81,0.35,47.78,66.19,72.18,services,trading,44.12,6.04,45.32,0.29,0.31,371.72,347.42,7.62,2026-06-03,,,,,,,,,,,
2026-06-03T07:33:00.657,HSCL,607.1,0.61,580.8,588.6,584.13,641.55,0.83,38.13,40.26,59.75,chemicals,chemicals,26.03,3.93,25.12,0.28,0.25,557.06,523.94,6.99,2026-06-03,,,,,,,,,,,
2026-06-03T07:33:00.657,JSWSTEEL,1310.8,0.88,1264.4,1270.3,1279.06,1358.42,0.76,4.89,14.34,60.45,metals & mining,steel - large,14.97,2.48,8.53,0.04,0.15,1256.56,1221.98,6.52,2026-06-03,,,,,,,,,,,
2026-06-03T07:33:00.657,PTCIL,19380.0,4.82,17934.0,15930.0,16276.61,24035.09,6.37,121.25,286.05,73.16,industrials,castings & forgings,17.33,19.07,13.97,-0.02,0.32,17392.56,15971.97,6.49,2026-06-03,,,,,,,,,,,
2026-06-03T07:33:00.657,IFCI,71.64,6.58,65.28,61.7,63.73,83.51,4.4,358.2,106.93,71.03,financials,finance - term-lending institutions,29.27,12.41,26.28,0.3,0.3,64.73,60.1,6.23,2026-06-03,,,,,,,,,,,
2026-06-03T07:33:00.657,BANDHANBNK,206.33,-0.39,199.43,197.0,197.15,220.11,0.57,15.54,27.15,64.99,bank,banks - private sector,25.38,4.66,20.32,0.26,0.21,194.15,187.63,6.03,2026-06-03,,,,,,,,,,,
2026-06-03T07:33:00.657,ABB,7146.0,1.69,6817.86,6722.0,6500.23,8114.66,1.08,21.22,50.85,59.6,industrials,electric equipment,22.81,9.93,35.11,0.27,0.32,6690.35,6371.61,5.86,2026-06-03,,,,,,,,,,,
2026-06-03T07:33:00.657,OFSS,10344.5,1.51,9972.97,9594.0,9722.25,11277.87,1.58,26.74,34.08,70.4,i.t,computers - software - large,42.42,6.4,19.46,0.18,0.11,9584.04,9144.69,5.69,2026-06-03,,,,,,,,,,,
2026-06-03T07:33:00.657,ELGIEQUIP,589.35,1.57,560.8,559.8,550.53,647.58,0.68,36.29,43.24,66.55,industrials,compressors / drilling equipment,26.0,7.05,16.83,0.06,0.22,537.83,500.59,5.53,2026-06-03,,,,,,,,,,,
2026-06-03T07:33:00.657,CGCL,198.77,0.37,191.19,188.63,186.28,217.5,0.86,16.9,19.68,63.95,financials,finance & investments,24.24,6.7,-4.78,-0.03,0.03,185.32,177.21,5.35,2026-06-03,,,,,,,,,,,
2026-06-03T07:33:00.657,MINDACORP,629.85,1.79,601.72,579.5,571.56,717.29,1.07,29.77,41.14,76.08,auto,auto ancillaries,25.48,10.2,9.56,-0.0,0.19,577.53,542.59,5.11,2026-06-03,,,,,,,,,,,
2026-06-03T07:33:00.657,TEGA,1827.1,0.87,1726.27,1522.2,1577.65,2201.28,2.26,80.42,88.82,70.19,industrials,engineering,22.6,15.81,-4.59,-0.13,-0.12,1620.74,1518.87,5.04,2026-06-03,,,,,,,,,,,
2026-06-03T07:33:00.657,COALINDIA,472.15,-0.1,454.03,428.4,451.83,502.63,1.46,6.71,9.36,59.51,metals & mining,mining / minerals / metals,12.9,4.5,23.82,0.16,0.16,439.17,417.23,4.74,2026-06-03,,,,,,,,,,,
2026-06-03T07:33:00.657,ADANIENT,2968.1,2.02,2807.9,2825.0,2879.59,3100.86,0.71,-433.93,37.82,75.94,services,trading,53.19,3.07,16.99,0.2,0.2,2781.93,2649.21,4.74,2026-06-03,,,,,,,,,,,
2026-06-03T07:33:00.657,ANGELONE,342.65,2.1,325.26,331.9,329.37,362.57,0.56,24.34,4.95,64.63,financials,finance & investments,25.56,4.03,36.63,0.17,0.49,319.09,303.52,4.71,2026-06-03,,,,,,,,,,,
2026-06-03T07:33:00.657,ASAHIINDIA,899.15,0.04,854.56,853.05,850.17,972.62,0.18,43.23,65.97,62.03,building materials,glass & glass products,22.2,5.76,-4.76,-0.19,0.03,827.2,778.53,4.64,2026-06-03,,,,,,,,,,,
2026-06-03T07:33:00.657,SOLARINDS,18386.0,1.01,17478.3,17835.0,18505.2,18207.21,1.01,75.95,99.18,70.31,aerospace & defence,chemicals,48.52,-0.64,31.7,0.28,0.23,17319.95,16634.41,4.53,2026-06-03,,,,,,,,,,,
2026-06-03T07:33:00.657,JSWENERGY,588.55,0.87,559.87,553.35,548.59,648.48,0.92,69.4,45.87,63.22,power & utilities,power generation and supply,19.84,7.28,10.29,0.11,0.08,545.67,516.96,4.11,2026-06-03,,,,,,,,,,,
2026-06-03T07:33:00.657,STARHEALTH,533.7,0.14,509.36,519.35,513.53,563.95,1.15,70.6,56.36,66.57,financials,finance & investments,36.38,3.93,11.24,0.01,0.16,501.62,482.76,3.94,2026-06-03,,,,,,,,,,,
2026-06-03T07:33:00.657,GRASIM,3097.6,-0.16,2999.78,3061.0,3117.36,3067.96,0.43,26.82,42.31,64.94,textiles,textiles - manmade,25.18,-0.63,4.7,0.04,0.07,2966.19,2874.34,3.87,2026-06-03,,,,,,,,,,,
2026-06-03T07:33:00.657,JINDALSAW,241.12,0.1,230.31,225.55,223.73,267.21,0.38,27.53,15.78,59.07,industrials,steel - large,18.66,7.77,35.97,0.36,0.12,221.59,208.81,3.6,2026-06-03,,,,,,,,,,,
2026-06-03T07:33:00.657,NUVAMA,1573.4,1.05,1497.05,1490.8,1516.27,1659.1,1.07,26.6,9.11,66.39,financials,finance & investments,26.9,3.77,6.93,-0.03,0.18,1474.82,1407.48,3.53,2026-06-03,,,,,,,,,,,
2026-06-03T07:33:00.657,ATGL,738.15,0.59,700.75,656.5,672.38,836.81,1.93,120.61,123.85,63.69,energy,miscellaneous,39.1,9.78,16.4,0.12,0.18,623.68,552.18,3.14,2026-06-03,,,,,,,,,,,
2026-06-03T07:33:00.657,ASIANPAINT,2660.7,1.08,2555.74,2607.9,2633.97,2700.8,0.77,54.39,58.96,63.15,building materials,paints / varnishes,29.27,1.01,4.81,-0.15,0.01,2506.35,2401.99,3.09,2026-06-03,,,,,,,,,,,
2026-06-03T07:33:00.657,SHYAMMETL,984.65,2.42,942.91,956.7,943.7,1046.07,1.18,21.98,25.84,69.26,metals & mining,steel - large,30.79,4.34,7.54,0.11,0.04,929.41,890.92,3.01,2026-06-03,,,,,,,,,,,
2026-06-03T07:33:00.657,NH,1934.2,1.56,1837.5,1868.0,1885.81,2006.78,0.73,43.88,48.77,59.38,healthcare,healthcare,16.54,2.57,7.5,-0.08,0.06,1806.61,1715.42,2.05,2026-06-03,,,,,,,,,,,
2026-06-03T07:33:00.657,IDFCFIRSTB,71.59,0.48,68.14,69.24,68.64,76.01,1.38,47.1,37.88,62.92,bank,banks - private sector,15.67,4.29,-8.82,-0.18,-0.04,68.12,65.66,1.53,2026-06-03,,,,,,,,,,,
2026-06-03T07:33:00.657,EXIDEIND,406.25,3.57,377.3,347.25,356.83,480.38,1.97,40.14,40.42,74.16,auto,auto ancillaries,25.94,13.85,5.72,-0.0,-0.06,375.34,353.9,1.27,2026-06-03,,,,,,,,,,,
2026-06-03T07:33:00.657,PREMIERENE,1074.4,2.06,1009.89,1001.0,989.21,1202.19,0.66,26.49,32.0,67.6,services,trading,22.82,8.61,-2.18,0.01,-0.02,996.45,946.58,1.06,2026-06-03,,,,,,,,,,,
2026-06-03T07:33:00.657,TECHM,1571.4,1.83,1522.92,1429.9,1422.95,1794.07,1.56,25.73,28.95,67.51,i.t,computers - software - large,16.54,10.43,8.26,-0.05,-0.0,1481.06,1430.91,-0.1,2026-06-03,,,,,,,,,,,
2026-06-03T07:33:00.657,TATATECH,737.95,3.24,693.89,675.05,692.55,806.06,1.3,36.68,54.83,76.63,i.t,computers - software - medium / small,47.91,6.56,5.28,0.0,0.02,688.87,656.15,-0.17,2026-06-03,,,,,,,,,,,
2026-06-03T07:33:00.657,PERSISTENT,5470.5,1.27,5306.7,5021.0,4988.08,6194.14,1.82,40.43,45.69,66.92,i.t,computers - software - large,17.66,9.67,-7.13,-0.21,-0.02,5109.22,4979.76,-0.76,2026-06-03,,,,,,,,,,,
2026-06-03T07:33:00.657,MPHASIS,2387.7,3.34,2276.54,2224.1,2170.62,2713.32,1.76,22.33,24.41,65.42,i.t,computers - software - large,14.94,10.0,-16.91,-0.22,-0.21,2224.26,2144.48,-1.98,2026-06-03,,,,,,,,,,,
2026-06-03T07:33:00.657,REDINGTON,238.75,2.37,227.1,221.01,218.94,268.46,1.8,11.91,12.53,65.92,services,trading,14.21,9.05,-9.12,-0.22,-0.05,220.83,210.34,-2.31,2026-06-03,,,,,,,,,,,
2026-06-03T07:33:00.657,SUMICHEM,487.75,1.27,462.9,467.0,472.53,510.59,0.4,54.68,44.83,58.47,chemicals,pesticides / agrochemicals - indian,15.75,3.22,-3.55,-0.04,-0.15,444.56,416.27,-2.34,2026-06-03,,,,,,,,,,,
2026-06-03T07:33:00.657,JSWDULUX,3126.2,-1.03,3038.0,2884.0,2916.93,3440.1,0.24,28.32,7.21,63.98,building materials,paints / varnishes,20.36,7.17,-5.36,-0.13,-0.1,2938.36,2829.99,-2.36,2026-06-03,,,,,,,,,,,
2026-06-03T07:33:00.657,TMPV,390.2,1.38,369.75,371.8,371.58,418.14,1.12,6.21,-650.33,64.98,auto,automobiles - passenger cars,30.48,5.01,-5.11,0.01,-0.13,362.61,343.62,-2.37,2026-06-03,,,,,,,,,,,
2026-06-03T07:33:00.657,COFORGE,1519.5,3.99,1432.76,1382.2,1406.57,1688.89,2.57,20.84,32.78,70.25,i.t,computers - software - large,22.15,8.03,-15.41,-0.27,-0.17,1394.09,1334.54,-2.61,2026-06-03,,,,,,,,,,,
2026-06-03T07:33:00.657,KPRMILL,999.1,0.71,946.24,930.55,933.52,1097.47,0.77,37.56,39.41,65.89,consumer discretionary,textiles - products,25.95,7.03,-7.5,-0.15,-0.05,929.21,881.69,-2.79,2026-06-03,,,,,,,,,,,
2026-06-03T07:33:00.657,SAREGAMA,457.6,-0.47,435.37,394.1,411.27,527.1,0.59,29.64,42.73,74.57,media,entertainment / electronic media software,45.84,11.27,0.0,0.06,-0.1,406.14,373.39,-3.45,2026-06-03,,,,,,,,,,,
2026-06-03T07:33:00.657,WIPRO,209.84,1.66,202.38,200.2,197.26,228.71,1.62,15.71,16.65,64.2,i.t,computers - software - large,21.17,6.38,-13.21,-0.23,-0.2,199.58,192.23,-3.95,2026-06-03,,,,,,,,,,,
2026-06-03T07:33:00.657,CHAMBLFERT,469.55,0.02,453.25,461.9,454.72,491.79,0.51,27.75,9.63,58.57,chemicals,fertilizers,12.66,3.26,-5.05,-0.02,-0.16,442.4,423.49,-4.6,2026-06-03,,,,,,,,,,,
2026-06-03T07:33:00.657,INFY,1270.8,5.68,1207.85,1153.6,1140.15,1466.78,2.39,15.12,17.74,64.33,i.t,computers - software - large,19.13,11.46,-15.82,-0.25,-0.2,1187.08,1132.4,-4.64,2026-06-03,,,,,,,,,,,
2026-06-03T07:33:00.657,OLAELEC,39.83,0.76,37.32,37.37,36.63,44.63,0.64,-8.81,-9.6,60.8,auto,automobiles - motorcycles / mopeds,33.56,8.73,-21.31,-0.11,-0.35,35.42,32.29,-5.28,2026-06-03,,,,,,,,,,,
2026-06-03T07:33:00.657,LATENTVIEW,325.3,2.81,312.18,313.65,313.57,342.89,0.97,31.89,33.92,58.26,i.t,computers - software - medium / small,21.56,3.74,-22.42,-0.4,-0.25,295.21,282.74,-5.66,2026-06-03,,,,,,,,,,,
2026-06-03T07:33:00.657,TEJASNET,537.3,2.13,507.84,474.3,481.6,620.84,0.95,-11.29,-10.46,69.3,telecom,telecommunications - equipment,26.82,11.56,-0.74,0.0,-0.12,481.17,442.98,-5.7,2026-06-03,,,,,,,,,,,
2026-06-03T07:33:00.657,AFCONS,327.15,-1.27,316.15,303.4,305.3,359.93,0.17,-33.94,48.04,52.56,realty,construction,19.68,7.16,-27.8,-0.25,-0.3,297.7,280.11,-5.98,2026-06-03,,,,,,,,,,,
2026-06-03T07:33:00.657,DIXON,11604.0,1.23,11133.78,11361.0,11223.78,12174.33,0.46,58.94,42.61,56.93,consumer discretionary,electronics - consumer,14.32,3.39,-25.19,-0.27,-0.38,10935.91,10486.84,-5.99,2026-06-03,,,,,,,,,,,
2026-06-03T07:33:00.657,TATAELXSI,4530.3,5.28,4214.98,4265.0,4184.77,5048.6,2.76,32.02,44.91,66.03,i.t,computers - software - medium / small,13.2,8.26,-18.2,-0.19,-0.24,4282.24,4108.7,-6.76,2026-06-03,,,,,,,,,,,
2026-06-03T07:33:00.657,FSL,270.75,1.31,258.23,260.0,262.35,283.36,0.39,22.79,27.74,60.82,i.t,computers - software - medium / small,30.9,3.2,-22.36,-0.28,-0.29,245.54,230.69,-7.25,2026-06-03,,,,,,,,,,,
2026-06-03T07:33:00.657,INTELLECT,748.25,2.49,717.02,701.4,684.37,844.08,1.68,21.55,29.94,60.05,i.t,computers - software - medium / small,16.27,9.33,-27.21,-0.38,-0.29,690.46,659.07,-7.35,2026-06-03,,,,,,,,,,,
2026-06-03T07:33:00.657,CYIENT,925.6,2.11,885.92,885.7,891.34,976.99,1.33,46.65,23.87,57.38,i.t,computers - software - medium / small,10.59,3.84,-21.85,-0.24,-0.27,874.18,841.51,-7.43,2026-06-03,,,,,,,,,,,
2026-06-02T20:31:02.075,ATHERENERG,960.6,2.47,909.05,925.4,907.45,1040.33,0.5,-91.66,-67.2,59.56,auto,automobiles - scooters and 3 - wheelers,32.73,5.86,36.11,0.23,0.71,875.33,815.78,45.8,2026-06-02,,,,,,,,,,,
2026-06-02T20:31:02.075,ACUTAAS,3037.6,0.62,2843.96,2902.0,2993.58,3103.64,0.75,47.2,69.38,64.32,healthcare,pharmaceuticals - indian - bulk drugs,44.12,1.47,79.86,0.52,1.04,2760.67,2575.17,36.23,2026-06-02,,,,,,,,,,,
2026-06-02T20:31:02.075,NETWEB,4782.8,3.52,4461.25,3832.0,3922.74,6072.89,2.56,96.19,127.28,73.67,i.t,computers - hardware,23.39,21.93,21.89,0.34,0.59,4203.38,3810.51,35.14,2026-06-02,,,,,,,,,,,
2026-06-02T20:31:02.075,HFCL,189.94,4.2,172.97,160.0,166.25,225.48,1.1,39.24,85.58,84.61,telecom,cables - telephone,60.09,14.25,146.47,1.49,1.51,165.61,148.81,32.41,2026-06-02,,,,,,,,,,,
2026-06-02T20:31:02.075,ADANIPOWER,235.93,1.56,222.86,227.41,228.51,247.05,0.78,28.36,17.18,61.41,power & utilities,power generation and supply,33.0,3.25,45.65,0.47,0.76,215.38,200.71,26.86,2026-06-02,,,,,,,,,,,
2026-06-02T20:31:02.075,IDEA,14.16,1.51,13.53,13.81,14.39,13.81,0.79,0.74,4.4,80.77,telecom-service,telecommunications - service provider,56.41,-1.6,53.42,0.31,0.79,13.29,12.67,25.3,2026-06-02,,,,,,,,,,,
2026-06-02T20:31:02.075,SYRMA,1166.8,5.37,1075.06,1039.0,1035.1,1364.35,1.36,55.14,65.72,74.04,consumer discretionary,electronics - components,37.91,12.72,42.84,0.31,0.37,1073.18,1010.16,24.77,2026-06-02,,,,,,,,,,,
2026-06-02T20:31:02.075,CUMMINSIND,5708.0,0.48,5494.86,5359.0,5483.04,6045.44,0.99,60.9,66.67,61.58,industrials,engines,24.09,4.1,31.0,0.17,0.37,5255.16,4972.02,20.91,2026-06-02,,,,,,,,,,,
2026-06-02T20:31:02.075,ADANIENSOL,1530.6,2.28,1445.99,1397.6,1388.92,1743.12,0.79,67.25,78.76,70.93,power & utilities,power generation and supply,23.77,10.2,58.29,0.42,0.78,1399.91,1308.09,19.1,2026-06-02,,,,,,,,,,,
2026-06-02T20:31:02.075,WELCORP,1386.8,0.67,1323.0,1290.1,1336.56,1462.15,0.67,24.69,22.5,70.26,industrials,steel - large,46.48,3.76,52.92,0.49,0.52,1291.57,1224.94,18.69,2026-06-02,,,,,,,,,,,
2026-06-02T20:31:02.075,HINDALCO,1146.3,0.44,1113.67,1094.6,1100.54,1214.94,0.87,24.49,18.92,65.77,metals & mining,aluminium and aluminium products,33.28,4.16,33.99,0.31,0.46,1080.64,1046.1,17.61,2026-06-02,,,,,,,,,,,
2026-06-02T20:31:02.075,CHENNPETRO,1141.6,4.08,1052.52,1014.0,997.51,1357.73,0.75,2.99,5.26,67.16,energy,refineries,14.8,14.44,41.0,0.15,0.5,1056.08,995.33,16.34,2026-06-02,,,,,,,,,,,
2026-06-02T20:31:02.075,SAIL,205.85,1.06,198.57,198.35,201.41,212.51,0.56,11.59,24.96,66.21,metals & mining,steel - large,35.93,2.2,46.96,0.41,0.5,194.62,186.94,15.51,2026-06-02,,,,,,,,,,,
2026-06-02T20:31:02.075,BHEL,410.75,1.47,391.31,399.3,418.77,398.73,0.46,27.68,88.0,63.71,industrials,electric equipment,47.79,-1.91,67.65,0.3,0.74,386.8,371.08,15.43,2026-06-02,,,,,,,,,,,
2026-06-02T20:31:02.075,CRAFTSMAN,8979.0,2.37,8501.5,8570.5,8735.97,9343.54,0.32,43.29,49.91,65.95,auto,auto ancillaries,45.93,2.78,38.75,0.18,0.3,8227.54,7684.95,14.35,2026-06-02,,,,,,,,,,,
2026-06-02T20:31:02.075,POLYCAB,9531.5,0.54,9134.09,9320.5,9533.21,9528.94,0.54,45.67,53.15,71.05,industrials,cables - power,38.13,-0.02,23.22,0.18,0.27,9085.03,8774.17,13.69,2026-06-02,,,,,,,,,,,
2026-06-02T20:31:02.075,THERMAX,4969.7,-0.46,4704.1,4383.1,4605.52,5515.97,0.94,57.31,78.07,72.12,industrials,electric equipment,55.78,7.91,52.08,0.57,0.45,4521.51,4220.66,11.4,2026-06-02,,,,,,,,,,,
2026-06-02T20:31:02.075,MOTHERSON,144.89,2.2,137.75,134.65,136.4,157.62,0.97,25.51,36.35,67.78,auto,auto ancillaries,34.84,6.22,35.27,0.15,0.34,132.29,123.27,11.36,2026-06-02,,,,,,,,,,,
2026-06-02T20:31:02.075,ADANIGREEN,1449.4,0.17,1380.33,1403.2,1427.73,1481.91,0.98,155.51,149.94,67.02,power & utilities,power generation and supply,42.32,1.52,30.29,0.27,0.43,1339.95,1266.27,11.2,2026-06-02,,,,,,,,,,,
2026-06-02T20:31:02.075,SAMMAANCAP,178.91,0.88,172.65,166.86,160.39,206.69,0.63,-0.45,-2.03,75.9,financials,finance - housing,30.23,11.54,-2.72,0.07,0.27,164.93,157.38,11.11,2026-06-02,,,,,,,,,,,
2026-06-02T20:31:02.075,GLAND,2277.0,-0.67,2217.94,2230.0,2306.11,2233.34,1.2,25.57,36.76,68.18,healthcare,pharmaceuticals - indian - formulations,41.15,-1.26,19.59,0.19,0.09,2089.5,2009.38,10.77,2026-06-02,,,,,,,,,,,
2026-06-02T20:31:02.075,J&KBANK,141.92,0.11,136.86,138.91,136.97,149.34,0.51,4.89,6.62,60.01,bank,banks - private sector,18.97,3.61,32.54,0.22,0.36,132.68,127.02,10.14,2026-06-02,,,,,,,,,,,
2026-06-02T20:31:02.075,VIJAYA,1317.0,6.13,1215.89,1220.4,1280.33,1372.0,0.95,70.65,73.73,62.5,healthcare,healthcare,50.73,2.86,30.78,0.22,0.22,1182.4,1109.15,9.66,2026-06-02,,,,,,,,,,,
2026-06-02T20:31:02.075,AIAENG,4552.3,0.65,4340.13,3970.0,4097.04,5235.2,0.8,27.0,33.23,77.91,industrials,castings & forgings,23.49,11.11,36.72,0.09,0.43,4225.5,3991.0,9.05,2026-06-02,,,,,,,,,,,
2026-06-02T20:31:02.075,LLOYDSME,1821.7,0.23,1765.96,1800.0,1750.82,1928.03,0.47,17.01,26.04,63.55,metals & mining,mining / minerals / metals,35.56,4.05,38.86,0.38,0.36,1716.86,1663.34,9.0,2026-06-02,,,,,,,,,,,
2026-06-02T20:31:02.075,NSLNISP,52.55,4.06,49.31,44.0,44.74,64.27,5.63,9.8,240.48,75.83,metals & mining,steel - large,31.04,17.46,17.75,0.16,0.1,46.62,43.38,8.37,2026-06-02,,,,,,,,,,,
2026-06-02T20:31:02.075,NMDC,95.31,3.18,90.45,87.39,88.59,105.38,3.72,10.31,10.89,63.07,metals & mining,mining / minerals / metals,12.83,7.58,24.77,0.19,0.21,87.94,84.34,7.77,2026-06-02,,,,,,,,,,,
2026-06-02T20:31:02.075,CGPOWER,907.7,1.49,865.39,864.2,872.11,961.08,1.33,97.81,116.0,63.81,industrials,electric equipment,28.49,4.08,21.37,0.24,0.12,844.58,800.09,7.7,2026-06-02,,,,,,,,,,,
2026-06-02T20:31:02.075,HONASA,407.05,1.04,388.18,386.1,383.88,441.81,0.35,47.78,65.5,72.18,services,trading,44.12,6.04,45.32,0.29,0.31,371.72,347.42,7.62,2026-06-02,,,,,,,,,,,
2026-06-02T20:31:02.075,HSCL,607.1,0.61,580.8,588.6,584.13,641.55,0.83,38.13,40.01,59.75,chemicals,chemicals,26.03,3.93,25.12,0.28,0.25,557.06,523.94,6.99,2026-06-02,,,,,,,,,,,
2026-06-02T20:31:02.075,JSWSTEEL,1310.8,0.88,1264.4,1270.3,1279.06,1358.42,0.76,4.89,14.21,60.45,metals & mining,steel - large,14.97,2.48,8.53,0.04,0.15,1256.56,1221.98,6.52,2026-06-02,,,,,,,,,,,
2026-06-02T20:31:02.075,PTCIL,19380.0,4.82,17934.0,15930.0,16276.61,24035.09,6.37,121.25,272.9,73.16,industrials,castings & forgings,17.33,19.07,13.97,-0.02,0.32,17392.56,15971.97,6.49,2026-06-02,,,,,,,,,,,
2026-06-02T20:31:02.075,IFCI,71.64,6.58,65.28,61.7,63.73,83.51,4.4,358.2,100.33,71.03,financials,finance - term-lending institutions,29.27,12.41,26.28,0.3,0.3,64.73,60.1,6.23,2026-06-02,,,,,,,,,,,
2026-06-02T20:31:02.075,BANDHANBNK,206.33,-0.39,199.43,197.0,197.15,220.11,0.57,15.54,27.26,64.99,bank,banks - private sector,25.38,4.66,20.32,0.26,0.21,194.15,187.63,6.03,2026-06-02,,,,,,,,,,,
2026-06-02T20:31:02.075,ABB,7146.0,1.69,6817.86,6722.0,6500.23,8114.66,1.08,21.22,50.01,59.6,industrials,electric equipment,22.81,9.93,35.11,0.27,0.32,6690.35,6371.61,5.86,2026-06-02,,,,,,,,,,,
2026-06-02T20:31:02.075,OFSS,10344.5,1.51,9972.97,9594.0,9722.25,11277.87,1.58,26.74,33.58,70.4,i.t,computers - software - large,42.42,6.4,19.46,0.18,0.11,9584.04,9144.69,5.69,2026-06-02,,,,,,,,,,,
2026-06-02T20:31:02.075,ELGIEQUIP,589.35,1.57,560.8,559.8,550.53,647.58,0.68,36.29,42.57,66.55,industrials,compressors / drilling equipment,26.0,7.05,16.83,0.06,0.22,537.83,500.59,5.53,2026-06-02,,,,,,,,,,,
2026-06-02T20:31:02.075,CGCL,198.77,0.37,191.19,188.63,186.28,217.5,0.86,16.9,19.61,63.95,financials,finance & investments,24.24,6.7,-4.78,-0.03,0.03,185.32,177.21,5.35,2026-06-02,,,,,,,,,,,
2026-06-02T20:31:02.075,MINDACORP,629.85,1.79,601.72,579.5,571.56,717.29,1.07,29.77,40.42,76.08,auto,auto ancillaries,25.48,10.2,9.56,-0.0,0.19,577.53,542.59,5.11,2026-06-02,,,,,,,,,,,
2026-06-02T20:31:02.075,TEGA,1827.1,0.87,1726.27,1522.2,1577.65,2201.28,2.26,80.42,88.06,70.19,industrials,engineering,22.6,15.81,-4.59,-0.13,-0.12,1620.74,1518.87,5.04,2026-06-02,,,,,,,,,,,
2026-06-02T20:31:02.075,COALINDIA,472.15,-0.1,454.03,428.4,451.83,502.63,1.46,6.71,9.37,59.51,metals & mining,mining / minerals / metals,12.9,4.5,23.82,0.16,0.16,439.17,417.23,4.74,2026-06-02,,,,,,,,,,,
2026-06-02T20:31:02.075,ADANIENT,2968.1,2.02,2807.9,2825.0,2879.59,3100.86,0.71,-433.93,37.08,75.94,services,trading,53.19,3.07,16.99,0.2,0.2,2781.93,2649.21,4.74,2026-06-02,,,,,,,,,,,
2026-06-02T20:31:02.075,ANGELONE,342.65,2.1,325.26,331.9,329.37,362.57,0.56,24.34,4.85,64.63,financials,finance & investments,25.56,4.03,36.63,0.17,0.49,319.09,303.52,4.71,2026-06-02,,,,,,,,,,,
2026-06-02T20:31:02.075,ASAHIINDIA,899.15,0.04,854.56,853.05,850.17,972.62,0.18,43.23,65.94,62.03,building materials,glass & glass products,22.2,5.76,-4.76,-0.19,0.03,827.2,778.53,4.64,2026-06-02,,,,,,,,,,,
2026-06-02T20:31:02.075,SOLARINDS,18386.0,1.01,17478.3,17835.0,18505.2,18207.21,1.01,75.95,98.19,70.31,aerospace & defence,chemicals,48.52,-0.64,31.7,0.28,0.23,17319.95,16634.41,4.53,2026-06-02,,,,,,,,,,,
2026-06-02T20:31:02.075,JSWENERGY,588.55,0.87,559.87,553.35,548.59,648.48,0.92,69.4,45.48,63.22,power & utilities,power generation and supply,19.84,7.28,10.29,0.11,0.08,545.67,516.96,4.11,2026-06-02,,,,,,,,,,,
2026-06-02T20:31:02.075,STARHEALTH,533.7,0.14,509.36,519.35,513.53,563.95,1.15,70.6,56.28,66.57,financials,finance & investments,36.38,3.93,11.24,0.01,0.16,501.62,482.76,3.94,2026-06-02,,,,,,,,,,,
2026-06-02T20:31:02.075,GRASIM,3097.6,-0.16,2999.78,3061.0,3117.36,3067.96,0.43,26.82,42.37,64.94,textiles,textiles - manmade,25.18,-0.63,4.7,0.04,0.07,2966.19,2874.34,3.87,2026-06-02,,,,,,,,,,,
2026-06-02T20:31:02.075,JINDALSAW,241.12,0.1,230.31,225.55,223.73,267.21,0.38,27.53,15.76,59.07,industrials,steel - large,18.66,7.77,35.97,0.36,0.12,221.59,208.81,3.6,2026-06-02,,,,,,,,,,,
2026-06-02T20:31:02.075,NUVAMA,1573.4,1.05,1497.05,1490.8,1516.27,1659.1,1.07,26.6,9.02,66.39,financials,finance & investments,26.9,3.77,6.93,-0.03,0.18,1474.82,1407.48,3.53,2026-06-02,,,,,,,,,,,
2026-06-02T20:31:02.075,ATGL,738.15,0.59,700.75,656.5,672.38,836.81,1.93,120.61,123.12,63.69,energy,miscellaneous,39.1,9.78,16.4,0.12,0.18,623.68,552.18,3.14,2026-06-02,,,,,,,,,,,
2026-06-02T20:31:02.075,ASIANPAINT,2660.7,1.08,2555.74,2607.9,2633.97,2700.8,0.77,54.39,58.33,63.15,building materials,paints / varnishes,29.27,1.01,4.81,-0.15,0.01,2506.35,2401.99,3.09,2026-06-02,,,,,,,,,,,
2026-06-02T20:31:02.075,SHYAMMETL,984.65,2.42,942.91,956.7,943.7,1046.07,1.18,21.98,25.23,69.26,metals & mining,steel - large,30.79,4.34,7.54,0.11,0.04,929.41,890.92,3.01,2026-06-02,,,,,,,,,,,
2026-06-02T20:31:02.075,NH,1934.2,1.56,1837.5,1868.0,1885.81,2006.78,0.73,43.88,48.02,59.38,healthcare,healthcare,16.54,2.57,7.5,-0.08,0.06,1806.61,1715.42,2.05,2026-06-02,,,,,,,,,,,
2026-06-02T20:31:02.075,IDFCFIRSTB,71.59,0.48,68.14,69.24,68.64,76.01,1.38,47.1,37.7,62.92,bank,banks - private sector,15.67,4.29,-8.82,-0.18,-0.04,68.12,65.66,1.53,2026-06-02,,,,,,,,,,,
2026-06-02T20:31:02.075,EXIDEIND,406.25,3.57,377.3,347.25,356.83,480.38,1.97,40.14,39.03,74.16,auto,auto ancillaries,25.94,13.85,5.72,-0.0,-0.06,375.34,353.9,1.27,2026-06-02,,,,,,,,,,,
2026-06-02T20:31:02.075,PREMIERENE,1074.4,2.06,1009.89,1001.0,989.21,1202.19,0.66,26.49,31.35,67.6,services,trading,22.82,8.61,-2.18,0.01,-0.02,996.45,946.58,1.06,2026-06-02,,,,,,,,,,,
2026-06-02T20:31:02.075,TECHM,1571.4,1.83,1522.92,1429.9,1422.95,1794.07,1.56,25.73,28.43,67.51,i.t,computers - software - large,16.54,10.43,8.26,-0.05,-0.0,1481.06,1430.91,-0.1,2026-06-02,,,,,,,,,,,
2026-06-02T20:31:02.075,TATATECH,737.95,3.24,693.89,675.05,692.55,806.06,1.3,36.68,53.11,76.63,i.t,computers - software - medium / small,47.91,6.56,5.28,0.0,0.02,688.87,656.15,-0.17,2026-06-02,,,,,,,,,,,
2026-06-02T20:31:02.075,PERSISTENT,5470.5,1.27,5306.7,5021.0,4988.08,6194.14,1.82,40.43,45.12,66.92,i.t,computers - software - large,17.66,9.67,-7.13,-0.21,-0.02,5109.22,4979.76,-0.76,2026-06-02,,,,,,,,,,,
2026-06-02T20:31:02.075,MPHASIS,2387.7,3.34,2276.54,2224.1,2170.62,2713.32,1.76,22.33,23.62,65.42,i.t,computers - software - large,14.94,10.0,-16.91,-0.22,-0.21,2224.26,2144.48,-1.98,2026-06-02,,,,,,,,,,,
2026-06-02T20:31:02.075,REDINGTON,238.75,2.37,227.1,221.01,218.94,268.46,1.8,11.91,12.24,65.92,services,trading,14.21,9.05,-9.12,-0.22,-0.05,220.83,210.34,-2.31,2026-06-02,,,,,,,,,,,
2026-06-02T20:31:02.075,SUMICHEM,487.75,1.27,462.9,467.0,472.53,510.59,0.4,54.68,44.27,58.47,chemicals,pesticides / agrochemicals - indian,15.75,3.22,-3.55,-0.04,-0.15,444.56,416.27,-2.34,2026-06-02,,,,,,,,,,,
2026-06-02T20:31:02.075,JSWDULUX,3126.2,-1.03,3038.0,2884.0,2916.93,3440.1,0.24,28.32,7.29,63.98,building materials,paints / varnishes,20.36,7.17,-5.36,-0.13,-0.1,2938.36,2829.99,-2.36,2026-06-02,,,,,,,,,,,
2026-06-02T20:31:02.075,TMPV,390.2,1.38,369.75,371.8,371.58,418.14,1.12,6.21,-641.5,64.98,auto,automobiles - passenger cars,30.48,5.01,-5.11,0.01,-0.13,362.61,343.62,-2.37,2026-06-02,,,,,,,,,,,
2026-06-02T20:31:02.075,COFORGE,1519.5,3.99,1432.76,1382.2,1406.57,1688.89,2.57,20.84,31.52,70.25,i.t,computers - software - large,22.15,8.03,-15.41,-0.27,-0.17,1394.09,1334.54,-2.61,2026-06-02,,,,,,,,,,,
2026-06-02T20:31:02.075,KPRMILL,999.1,0.71,946.24,930.55,933.52,1097.47,0.77,37.56,39.13,65.89,consumer discretionary,textiles - products,25.95,7.03,-7.5,-0.15,-0.05,929.21,881.69,-2.79,2026-06-02,,,,,,,,,,,
2026-06-02T20:31:02.075,SAREGAMA,457.6,-0.47,435.37,394.1,411.27,527.1,0.59,29.64,42.93,74.57,media,entertainment / electronic media software,45.84,11.27,0.0,0.06,-0.1,406.14,373.39,-3.45,2026-06-02,,,,,,,,,,,
2026-06-02T20:31:02.075,WIPRO,209.84,1.66,202.38,200.2,197.26,228.71,1.62,15.71,16.38,64.2,i.t,computers - software - large,21.17,6.38,-13.21,-0.23,-0.2,199.58,192.23,-3.95,2026-06-02,,,,,,,,,,,
2026-06-02T20:31:02.075,CHAMBLFERT,469.55,0.02,453.25,461.9,454.72,491.79,0.51,27.75,9.63,58.57,chemicals,fertilizers,12.66,3.26,-5.05,-0.02,-0.16,442.4,423.49,-4.6,2026-06-02,,,,,,,,,,,
2026-06-02T20:31:02.075,INFY,1270.8,5.68,1207.85,1153.6,1140.15,1466.78,2.39,15.12,16.79,64.33,i.t,computers - software - large,19.13,11.46,-15.82,-0.25,-0.2,1187.08,1132.4,-4.64,2026-06-02,,,,,,,,,,,
2026-06-02T20:31:02.075,OLAELEC,39.83,0.76,37.32,37.37,36.63,44.63,0.64,-8.81,-9.53,60.8,auto,automobiles - motorcycles / mopeds,33.56,8.73,-21.31,-0.11,-0.35,35.42,32.29,-5.28,2026-06-02,,,,,,,,,,,
2026-06-02T20:31:02.075,LATENTVIEW,325.3,2.81,312.18,313.65,313.57,342.89,0.97,31.89,32.99,58.26,i.t,computers - software - medium / small,21.56,3.74,-22.42,-0.4,-0.25,295.21,282.74,-5.66,2026-06-02,,,,,,,,,,,
2026-06-02T20:31:02.075,TEJASNET,537.3,2.13,507.84,474.3,481.6,620.84,0.95,-11.29,-10.24,69.3,telecom,telecommunications - equipment,26.82,11.56,-0.74,0.0,-0.12,481.17,442.98,-5.7,2026-06-02,,,,,,,,,,,
2026-06-02T20:31:02.075,AFCONS,327.15,-1.27,316.15,303.4,305.3,359.93,0.17,-33.94,48.66,52.56,realty,construction,19.68,7.16,-27.8,-0.25,-0.3,297.7,280.11,-5.98,2026-06-02,,,,,,,,,,,
2026-06-02T20:31:02.075,DIXON,11604.0,1.23,11133.78,11361.0,11223.78,12174.33,0.46,58.94,42.09,56.93,consumer discretionary,electronics - consumer,14.32,3.39,-25.19,-0.27,-0.38,10935.91,10486.84,-5.99,2026-06-02,,,,,,,,,,,
2026-06-02T20:31:02.075,TATAELXSI,4530.3,5.28,4214.98,4265.0,4184.77,5048.6,2.76,32.02,42.65,66.03,i.t,computers - software - medium / small,13.2,8.26,-18.2,-0.19,-0.24,4282.24,4108.7,-6.76,2026-06-02,,,,,,,,,,,
2026-06-02T20:31:02.075,FSL,270.75,1.31,258.23,260.0,262.35,283.36,0.39,22.79,27.38,60.82,i.t,computers - software - medium / small,30.9,3.2,-22.36,-0.28,-0.29,245.54,230.69,-7.25,2026-06-02,,,,,,,,,,,
2026-06-02T20:31:02.075,INTELLECT,748.25,2.49,717.02,701.4,684.37,844.08,1.68,21.55,29.21,60.05,i.t,computers - software - medium / small,16.27,9.33,-27.21,-0.38,-0.29,690.46,659.07,-7.35,2026-06-02,,,,,,,,,,,
2026-06-02T20:31:02.075,CYIENT,925.6,2.11,885.92,885.7,891.34,976.99,1.33,46.65,23.37,57.38,i.t,computers - software - medium / small,10.59,3.84,-21.85,-0.24,-0.27,874.18,841.51,-7.43,2026-06-02,,,,,,,,,,,
2026-04-28T12:52:30.201,NITINSPIN,,,,,,,,,,,textiles,textiles - cotton/blended,,,,,,,,,2026-04-28,0.05,14.72,14.72,1116.51,,,,,,,
2026-04-28T12:52:30.201,STEELCAS,,,,,,,,,,,industrials,castings & forgings,,,,,,,,,2026-04-28,0.11,9.89,9.89,1729.13,,,,,,,
2026-04-28T12:52:30.201,RPTECH,,,,,,,,,,,services,trading,,,,,,,,,2026-04-28,0.32,9.45,9.45,1177.41,,,,,,,
2026-04-28T12:52:30.201,VTL,,,,,,,,,,,textiles,textiles - cotton/blended,,,,,,,,,2026-04-28,0.4,8.89,12.53,6242.8,,,,,,,
2026-04-28T12:52:30.201,IMFA,,,,,,,,,,,metals & mining,mining / minerals / metals,,,,,,,,,2026-04-28,0.9,11.45,11.45,3653.4,,,,,,,
2026-04-28T12:52:30.201,VOLTAMP,,,,,,,,,,,industrials,electric equipment,,,,,,,,,2026-04-28,0.91,10.38,10.81,8172.56,,,,,,,
2026-04-28T12:52:30.201,RRKABEL,,,,,,,,,,,industrials,cables - power,,,,,,,,,2026-04-28,1.16,14.92,14.92,6898.18,,,,,,,
2026-04-28T12:52:30.201,GPIL,,,,,,,,,,,metals & mining,steel - medium / small,,,,,,,,,2026-04-28,1.18,8.22,8.22,7606.0,,,,,,,
2026-04-28T12:52:30.201,GVPIL,,,,,,,,,,,realty,engineering - turnkey services,,,,,,,,,2026-04-28,1.36,15.1,21.97,1219.99,,,,,,,
2026-04-28T12:52:30.201,KTKBANK,,,,,,,,,,,bank,banks - private sector,,,,,,,,,2026-04-28,1.47,8.48,8.48,9718.96,,,,,,,
2026-04-28T12:52:30.201,SENORES,,,,,,,,,,,healthcare,pharmaceuticals - indian - formulations,,,,,,,,,2026-04-28,2.58,6.96,8.88,2303.81,,,,,,,
2026-04-28T12:52:30.201,CEIGALL,,,,,,,,,,,realty,construction,,,,,,,,,2026-04-28,2.7,5.9,6.88,1037.14,,,,,,,
2026-04-28T12:52:30.201,MANGLMCEM,,,,,,,,,,,building materials,cement - north india,,,,,,,,,2026-04-28,2.71,2.97,5.27,1530.98,,,,,,,
2026-04-28T12:52:30.201,RAMRAT,,,,,,,,,,,metals & mining,mining / minerals / metals,,,,,,,,,2026-04-28,3.11,18.73,18.73,1249.57,,,,,,,
2026-04-28T12:52:30.201,AZAD,,,,,,,,,,,aerospace & defence,engineering,,,,,,,,,2026-04-28,3.16,8.81,21.07,6227.37,,,,,,,
2026-04-28T12:52:30.201,EMCURE,,,,,,,,,,,healthcare,pharmaceuticals - indian - bulk drugs & formln,,,,,,,,,2026-04-28,3.31,5.77,6.37,6848.51,,,,,,,
2026-04-28T12:52:30.201,BHAGYANGR,,,,,,,,,,,power & utilities,power generation and supply,,,,,,,,,2026-04-28,3.46,33.41,37.0,310.03,,,,,,,
2026-04-28T12:52:30.201,STLTECH,,,,,,,,,,,industrials,cables - telephone,,,,,,,,,2026-04-28,3.47,11.24,11.24,7690.2,,,,,,,
2026-04-28T12:52:30.201,JAYNECOIND,,,,,,,,,,,metals & mining,steel - large,,,,,,,,,2026-04-28,3.55,17.67,17.67,4670.51,,,,,,,
2026-04-28T12:52:30.201,SEAMECLTD,,,,,,,,,,,miscellaneous,miscellaneous,,,,,,,,,2026-04-28,3.64,4.61,10.82,1068.08,,,,,,,
2026-04-28T12:52:30.201,BLISSGVS,,,,,,,,,,,healthcare,pharmaceuticals - indian - formulations,,,,,,,,,2026-04-28,3.76,9.66,9.66,1849.4,,,,,,,
2026-04-28T12:52:30.201,MANINDS,,,,,,,,,,,metals & mining,steel - medium / small,,,,,,,,,2026-04-28,3.84,6.75,8.11,2334.77,,,,,,,
2026-04-28T12:52:30.201,WHEELS,,,,,,,,,,,auto,auto ancillaries,,,,,,,,,2026-04-28,4.08,4.84,6.19,1083.48,,,,,,,
2026-04-28T12:52:30.201,KSB,,,,,,,,,,,industrials,pumps,,,,,,,,,2026-04-28,4.09,6.48,6.48,5184.49,,,,,,,
2026-04-28T12:52:30.201,HEG,,,,,,,,,,,industrials,electrodes - graphites,,,,,,,,,2026-04-28,4.14,5.68,6.25,5545.55,,,,,,,
2026-04-28T12:52:30.201,SCHNEIDER,,,,,,,,,,,industrials,electric equipment,,,,,,,,,2026-04-28,4.39,12.04,18.16,6915.49,,,,,,,
2026-04-28T12:52:30.201,KRISHANA,,,,,,,,,,,chemicals,fertilizers,,,,,,,,,2026-04-28,4.4,11.75,12.88,1126.16,,,,,,,
2026-04-28T12:52:30.201,MBAPL,,,,,,,,,,,chemicals,fertilizers,,,,,,,,,2026-04-28,4.56,7.53,7.65,1180.08,,,,,,,
2026-04-28T12:52:30.201,CHENNPETRO,,,,,,,,,,,energy,refineries,,,,,,,,,2026-04-28,4.6,11.16,11.64,5125.86,,,,,,,
2026-04-28T12:52:30.201,STAR,,,,,,,,,,,healthcare,pharmaceuticals - indian - bulk drugs & formln,,,,,,,,,2026-04-28,4.96,6.44,12.46,7009.78,,,,,,,
2026-04-28T12:52:30.201,PRIVISCL,,,,,,,,,,,chemicals,chemicals,,,,,,,,,2026-04-28,5.29,5.6,8.06,5015.07,,,,,,,
2026-04-28T12:52:30.201,MANOMAY,,,,,,,,,,,textiles,textiles - products,,,,,,,,,2026-04-28,5.34,12.76,13.17,189.56,,,,,,,
2026-04-28T12:52:30.201,SPORTKING,,,,,,,,,,,textiles,textiles - spinning - synthetic / blended,,,,,,,,,2026-04-28,5.66,9.89,9.89,470.22,,,,,,,
2026-04-28T12:52:30.201,LINCOLN,,,,,,,,,,,healthcare,pharmaceuticals - indian - formulations,,,,,,,,,2026-04-28,5.69,7.33,7.33,642.32,,,,,,,
2026-04-28T12:52:30.201,GAEL,,,,,,,,,,,fmcg,miscellaneous,,,,,,,,,2026-04-28,5.94,6.19,8.69,2495.78,,,,,,,
2026-04-28T12:52:30.201,DYNAMATECH,,,,,,,,,,,industrials,engineering,,,,,,,,,2026-04-28,6.32,9.69,17.41,4720.16,,,,,,,
2026-04-28T12:52:30.201,SHRIPISTON,,,,,,,,,,,auto,auto ancillaries,,,,,,,,,2026-04-28,6.4,6.05,6.05,8730.82,,,,,,,
2026-04-28T12:52:30.201,AETHER,,,,,,,,,,,chemicals,chemicals,,,,,,,,,2026-04-28,6.48,7.06,9.14,3886.05,,,,,,,
2026-04-28T12:52:30.201,HAPPYFORGE,,,,,,,,,,,industrials,castings & forgings,,,,,,,,,2026-04-28,6.58,4.25,7.87,2651.56,,,,,,,
2026-04-28T12:52:30.201,ANURAS,,,,,,,,,,,chemicals,chemicals,,,,,,,,,2026-04-28,6.62,3.97,5.46,6121.69,,,,,,,
2026-04-28T12:52:30.201,CANFINHOME,,,,,,,,,,,financials,finance - housing,,,,,,,,,2026-04-28,6.85,7.71,7.71,8436.75,,,,,,,
2026-04-28T12:52:30.201,GMDCLTD,,,,,,,,,,,metals & mining,mining / minerals / metals,,,,,,,,,2026-04-28,6.91,15.18,15.18,5940.97,,,,,,,
2026-04-28T12:52:30.201,GALLANTT,,,,,,,,,,,metals & mining,steel - medium / small,,,,,,,,,2026-04-28,6.93,10.55,10.55,6386.69,,,,,,,
2026-04-28T12:52:30.201,CENTUM,,,,,,,,,,,consumer discretionary,electronics - components,,,,,,,,,2026-04-28,7.13,5.35,7.26,2282.91,,,,,,,
2026-04-28T12:52:30.201,RISHABH,,,,,,,,,,,industrials,electric equipment,,,,,,,,,2026-04-28,7.13,6.53,9.86,561.45,,,,,,,
2026-04-28T12:52:30.201,SCI,,,,,,,,,,,transportation,shipping,,,,,,,,,2026-04-28,7.31,6.9,7.48,5052.0,,,,,,,
2026-04-28T12:52:30.201,KMEW,,,,,,,,,,,transportation,miscellaneous,,,,,,,,,2026-04-28,7.36,13.25,13.25,2057.38,,,,,,,
2026-04-28T12:52:30.201,INOXINDIA,,,,,,,,,,,industrials,packaging,,,,,,,,,2026-04-28,7.77,6.52,9.18,3381.85,,,,,,,
2026-04-28T12:52:30.201,BAJAJCON,,,,,,,,,,,fmcg,personal care - indian,,,,,,,,,2026-04-28,7.86,6.01,8.39,3410.3,,,,,,,
2026-04-28T12:52:30.201,GNA,,,,,,,,,,,auto,auto ancillaries,,,,,,,,,2026-04-28,8.0,5.18,8.58,586.09,,,,,,,
2026-04-28T12:52:30.201,KINGFA,,,,,,,,,,,plastic products,plastics products,,,,,,,,,2026-04-28,8.06,9.06,9.06,2111.68,,,,,,,
2026-04-28T12:52:30.201,CRAFTSMAN,,,,,,,,,,,auto,auto ancillaries,,,,,,,,,2026-04-28,8.12,4.08,4.08,9242.42,,,,,,,
2026-04-28T12:52:30.201,DEEDEV,,,,,,,,,,,metals & mining,steel - medium / small,,,,,,,,,2026-04-28,8.43,9.66,12.69,842.08,,,,,,,
2026-04-28T12:52:30.201,AXISCADES,,,,,,,,,,,aerospace & defence,computers - software - medium / small,,,,,,,,,2026-04-28,8.44,10.25,10.25,3342.34,,,,,,,
2026-04-28T12:52:30.201,COASTCORP,,,,,,,,,,,fmcg,aquaculture,,,,,,,,,2026-04-28,9.28,21.39,21.48,222.67,,,,,,,
2026-04-28T12:52:30.201,GODAVARIB,,,,,,,,,,,fmcg,sugar,,,,,,,,,2026-04-28,9.65,11.92,14.04,598.86,,,,,,,
2026-04-28T12:52:30.201,SANGAMIND,,,,,,,,,,,textiles,textiles - spinning - synthetic / blended,,,,,,,,,2026-04-28,9.81,6.47,14.49,770.89,,,,,,,
2026-04-28T12:52:30.201,SOUTHWEST,,,,,,,,,,,metals & mining,mining / minerals / metals,,,,,,,,,2026-04-28,10.01,12.03,12.94,220.74,,,,,,,
2026-04-28T12:52:30.201,ASIANTILES,,,,,,,,,,,building materials,ceramics - tiles / sanitaryware,,,,,,,,,2026-04-28,10.02,13.96,13.96,1290.95,,,,,,,
2026-04-28T12:52:30.201,SILVERTUC,,,,,,,,,,,i.t,computers - software - medium / small,,,,,,,,,2026-04-28,10.12,17.21,18.84,488.86,,,,,,,
2026-04-28T12:52:30.201,MIRCELECTR,,,,,,,,,,,consumer discretionary,electronics - consumer,,,,,,,,,2026-04-28,10.16,6.84,16.56,738.33,,,,,,,
2026-04-28T12:52:30.201,SHARDACROP,,,,,,,,,,,chemicals,pesticides / agrochemicals - indian,,,,,,,,,2026-04-28,10.5,8.39,8.39,2636.95,,,,,,,
2026-04-28T12:52:30.201,CIEINDIA,,,,,,,,,,,industrials,castings & forgings,,,,,,,,,2026-04-28,10.51,11.38,11.38,6124.91,,,,,,,
2026-04-28T12:52:30.201,NETWEB,,,,,,,,,,,i.t,computers - hardware,,,,,,,,,2026-04-28,10.74,9.27,9.49,7515.9,,,,,,,
2026-04-28T12:52:30.201,JINDALSAW,,,,,,,,,,,industrials,steel - large,,,,,,,,,2026-04-28,11.36,10.81,11.21,5704.6,,,,,,,
2026-04-28T12:52:30.201,GUJALKALI,,,,,,,,,,,chemicals,chemicals,,,,,,,,,2026-04-28,11.42,13.49,14.62,2771.12,,,,,,,
2026-04-28T12:52:30.201,GRMOVER,,,,,,,,,,,fmcg,food - processing - indian,,,,,,,,,2026-04-28,11.73,3.96,3.96,1271.71,,,,,,,
2026-04-28T12:52:30.201,SILGO,,,,,,,,,,,consumer discretionary,diamond cutting / jewellery,,,,,,,,,2026-04-28,11.9,5.05,7.56,89.96,,,,,,,
2026-04-28T12:52:30.201,LUMAXTECH,,,,,,,,,,,auto,auto ancillaries,,,,,,,,,2026-04-28,12.07,8.89,10.52,5007.55,,,,,,,
2026-04-28T12:52:30.201,APOLLOPIPE,,,,,,,,,,,plastic products,plastics products,,,,,,,,,2026-04-28,12.07,5.72,11.49,925.59,,,,,,,
2026-04-28T12:52:30.201,TRIVENI,,,,,,,,,,,fmcg,sugar,,,,,,,,,2026-04-28,12.82,5.67,9.16,3485.45,,,,,,,
2026-04-28T12:52:30.201,SMSPHARMA,,,,,,,,,,,healthcare,pharmaceuticals - indian - bulk drugs,,,,,,,,,2026-04-28,13.31,8.27,11.78,1160.99,,,,,,,
2026-04-28T12:52:30.201,MAANALU,,,,,,,,,,,metals & mining,aluminium and aluminium products,,,,,,,,,2026-04-28,13.42,17.76,20.48,423.85,,,,,,,
2026-04-28T12:52:30.201,ANTELOPUS,,,,,,,,,,,energy,oil drilling / allied services,,,,,,,,,2026-04-28,13.68,9.7,13.52,700.65,,,,,,,
2026-04-28T12:52:30.201,FIEMIND,,,,,,,,,,,auto,auto ancillaries,,,,,,,,,2026-04-28,14.29,4.58,7.71,2621.96,,,,,,,
2026-04-28T12:52:30.201,ROLEXRINGS,,,,,,,,,,,industrials,castings & forgings,,,,,,,,,2026-04-28,14.48,11.2,21.38,1957.77,,,,,,,
2026-04-28T12:52:30.201,PRICOLLTD,,,,,,,,,,,auto,auto ancillaries,,,,,,,,,2026-04-28,14.79,5.07,6.17,4433.1,,,,,,,
2026-04-28T12:52:30.201,PFOCUS,,,,,,,,,,,realty,miscellaneous,,,,,,,,,2026-04-28,15.12,8.1,11.89,9483.86,,,,,,,
2026-04-28T12:52:30.201,MEDPLUS,,,,,,,,,,,consumer discretionary,trading,,,,,,,,,2026-04-28,15.41,4.78,5.28,6346.24,,,,,,,
2026-04-28T12:52:30.201,ALIVUS,,,,,,,,,,,healthcare,pharmaceuticals - indian - bulk drugs & formln,,,,,,,,,2026-04-28,15.74,5.56,6.53,3183.47,,,,,,,
2026-04-15T10:22:42.784,GPIL,,,,,,,,,,,metals & mining,steel - medium / small,,,,,,,,,2026-04-15,0.03,6.57,6.93,7372.87,,,,,,,
2026-04-15T10:22:42.784,PAISALO,,,,,,,,,,,financials,finance & investments,,,,,,,,,2026-04-15,0.43,10.53,12.42,2215.69,,,,,,,
2026-04-15T10:22:42.784,SHRIPISTON,,,,,,,,,,,auto,auto ancillaries,,,,,,,,,2026-04-15,0.49,14.15,22.44,9147.56,,,,,,,
2026-04-15T10:22:42.784,VENUSREM,,,,,,,,,,,healthcare,pharmaceuticals - indian - formulations,,,,,,,,,2026-04-15,0.65,12.8,16.45,842.14,,,,,,,
2026-04-15T10:22:42.784,THANGAMAYL,,,,,,,,,,,consumer discretionary,diamond cutting / jewellery,,,,,,,,,2026-04-15,0.68,8.85,9.99,5112.17,,,,,,,
2026-04-15T10:22:42.784,QPOWER,,,,,,,,,,,industrials,electric equipment,,,,,,,,,2026-04-15,0.83,16.17,25.59,2202.0,,,,,,,
2026-04-15T10:22:42.784,J&KBANK,,,,,,,,,,,bank,banks - private sector,,,,,,,,,2026-04-15,1.07,8.48,8.48,5682.44,,,,,,,
2026-04-15T10:22:42.784,CEIGALL,,,,,,,,,,,realty,construction,,,,,,,,,2026-04-15,1.2,4.98,8.17,950.87,,,,,,,
2026-04-15T10:22:42.784,STLTECH,,,,,,,,,,,industrials,cables - telephone,,,,,,,,,2026-04-15,1.22,16.8,29.9,6827.37,,,,,,,
2026-04-15T10:22:42.784,RPTECH,,,,,,,,,,,services,trading,,,,,,,,,2026-04-15,1.34,16.52,21.11,1056.26,,,,,,,
2026-04-15T10:22:42.784,SMSPHARMA,,,,,,,,,,,healthcare,pharmaceuticals - indian - bulk drugs,,,,,,,,,2026-04-15,1.4,10.64,11.91,1297.22,,,,,,,
2026-04-15T10:22:42.784,SKYGOLD,,,,,,,,,,,consumer discretionary,diamond cutting / jewellery,,,,,,,,,2026-04-15,1.4,8.9,10.09,3003.5,,,,,,,
2026-04-15T10:22:42.784,GRANULES,,,,,,,,,,,healthcare,pharmaceuticals - indian - bulk drugs & formln,,,,,,,,,2026-04-15,1.46,5.07,5.51,9837.66,,,,,,,
2026-04-15T10:22:42.784,LOKESHMACH,,,,,,,,,,,industrials,engineering,,,,,,,,,2026-04-15,1.47,28.41,30.84,258.73,,,,,,,
2026-04-15T10:22:42.784,DEEDEV,,,,,,,,,,,metals & mining,steel - medium / small,,,,,,,,,2026-04-15,1.5,25.12,28.36,805.72,,,,,,,
2026-04-15T10:22:42.784,AEROFLEX,,,,,,,,,,,metals & mining,steel - medium / small,,,,,,,,,2026-04-15,1.55,8.64,18.61,1344.64,,,,,,,
2026-04-15T10:22:42.784,MANGLMCEM,,,,,,,,,,,building materials,cement - north india,,,,,,,,,2026-04-15,1.6,9.29,9.69,1526.53,,,,,,,
2026-04-15T10:22:42.784,EMCURE,,,,,,,,,,,healthcare,pharmaceuticals - indian - bulk drugs & formln,,,,,,,,,2026-04-15,1.62,7.64,7.64,6898.59,,,,,,,
2026-04-15T10:22:42.784,KRN,,,,,,,,,,,industrials,engineering,,,,,,,,,2026-04-15,1.66,20.26,21.05,2012.3,,,,,,,
2026-04-15T10:22:42.784,ROSSTECH,,,,,,,,,,,aerospace & defence,engineering,,,,,,,,,2026-04-15,1.76,21.53,25.38,904.9,,,,,,,
2026-04-15T10:22:42.784,ABSLAMC,,,,,,,,,,,financials,finance & investments,,,,,,,,,2026-04-15,1.87,8.45,9.85,7469.27,,,,,,,
2026-04-15T10:22:42.784,INOXINDIA,,,,,,,,,,,industrials,packaging,,,,,,,,,2026-04-15,1.88,21.45,23.8,3315.14,,,,,,,
2026-04-15T10:22:42.784,KTKBANK,,,,,,,,,,,bank,banks - private sector,,,,,,,,,2026-04-15,2.05,5.71,8.25,9296.58,,,,,,,
2026-04-15T10:22:42.784,SEAMECLTD,,,,,,,,,,,miscellaneous,miscellaneous,,,,,,,,,2026-04-15,2.32,5.57,6.35,1067.24,,,,,,,
2026-04-15T10:22:42.784,ARVIND,,,,,,,,,,,textiles,textiles - cotton/blended,,,,,,,,,2026-04-15,2.44,6.95,7.44,6247.01,,,,,,,
2026-04-15T10:22:42.784,SYRMA,,,,,,,,,,,consumer discretionary,electronics - components,,,,,,,,,2026-04-15,2.47,5.15,7.64,9801.46,,,,,,,
2026-04-15T10:22:42.784,PRECWIRE,,,,,,,,,,,metals & mining,mining / minerals / metals,,,,,,,,,2026-04-15,2.56,9.03,16.8,2752.1,,,,,,,
2026-04-15T10:22:42.784,JAYNECOIND,,,,,,,,,,,metals & mining,steel - large,,,,,,,,,2026-04-15,2.68,16.0,16.0,3996.39,,,,,,,
2026-04-15T10:22:42.784,GMDCLTD,,,,,,,,,,,metals & mining,mining / minerals / metals,,,,,,,,,2026-04-15,2.86,8.94,8.94,5228.68,,,,,,,
2026-04-15T10:22:42.784,BHAGYANGR,,,,,,,,,,,power & utilities,power generation and supply,,,,,,,,,2026-04-15,3.48,18.91,30.17,223.36,,,,,,,
2026-04-15T10:22:42.784,DYNAMATECH,,,,,,,,,,,industrials,engineering,,,,,,,,,2026-04-15,3.5,6.77,10.1,4171.86,,,,,,,
2026-04-15T10:22:42.784,BAJAJCON,,,,,,,,,,,fmcg,personal care - indian,,,,,,,,,2026-04-15,3.63,13.1,15.33,3192.41,,,,,,,
2026-04-15T10:22:42.784,ORICONENT,,,,,,,,,,,industrials,packaging,,,,,,,,,2026-04-15,3.65,12.41,12.41,379.46,,,,,,,
2026-04-15T10:22:42.784,LUMAXTECH,,,,,,,,,,,auto,auto ancillaries,,,,,,,,,2026-04-15,3.74,9.96,15.59,5481.6,,,,,,,
2026-04-15T10:22:42.784,VOLTAMP,,,,,,,,,,,industrials,electric equipment,,,,,,,,,2026-04-15,3.85,7.71,8.29,6869.49,,,,,,,
2026-04-15T10:22:42.784,SPORTKING,,,,,,,,,,,textiles,textiles - spinning - synthetic / blended,,,,,,,,,2026-04-15,3.92,6.01,10.08,455.11,,,,,,,
2026-04-15T10:22:42.784,SENORES,,,,,,,,,,,healthcare,pharmaceuticals - indian - formulations,,,,,,,,,2026-04-15,3.95,7.85,9.77,2100.81,,,,,,,
2026-04-15T10:22:42.784,NITINSPIN,,,,,,,,,,,textiles,textiles - cotton/blended,,,,,,,,,2026-04-15,3.99,9.42,9.86,997.25,,,,,,,
2026-04-15T10:22:42.784,RISHABH,,,,,,,,,,,industrials,electric equipment,,,,,,,,,2026-04-15,4.08,13.4,13.81,551.71,,,,,,,
2026-04-15T10:22:42.784,STEELCAS,,,,,,,,,,,industrials,castings & forgings,,,,,,,,,2026-04-15,4.23,10.76,22.47,1599.17,,,,,,,
2026-04-15T10:22:42.784,GNA,,,,,,,,,,,auto,auto ancillaries,,,,,,,,,2026-04-15,4.6,10.32,18.1,604.77,,,,,,,
2026-04-15T10:22:42.784,ASIANTILES,,,,,,,,,,,building materials,ceramics - tiles / sanitaryware,,,,,,,,,2026-04-15,4.63,20.27,29.6,1363.45,,,,,,,
2026-04-15T10:22:42.784,AXISCADES,,,,,,,,,,,aerospace & defence,computers - software - medium / small,,,,,,,,,2026-04-15,5.0,7.15,8.31,3014.53,,,,,,,
2026-04-15T10:22:42.784,MMFL,,,,,,,,,,,industrials,castings & forgings,,,,,,,,,2026-04-15,5.49,13.71,15.1,998.33,,,,,,,
2026-04-15T10:22:42.784,SAKAR,,,,,,,,,,,healthcare,pharmaceuticals - indian - bulk drugs & formln,,,,,,,,,2026-04-15,5.7,11.5,20.9,632.85,,,,,,,
2026-04-15T10:22:42.784,CCL,,,,,,,,,,,fmcg,tea,,,,,,,,,2026-04-15,6.35,7.15,12.93,7972.96,,,,,,,
2026-04-15T10:22:42.784,SOUTHWEST,,,,,,,,,,,metals & mining,mining / minerals / metals,,,,,,,,,2026-04-15,6.35,13.33,16.39,221.87,,,,,,,
2026-04-15T10:22:42.784,INDSWFTLAB,,,,,,,,,,,healthcare,pharmaceuticals - indian - bulk drugs & formln,,,,,,,,,2026-04-15,6.63,9.14,15.63,722.88,,,,,,,
2026-04-15T10:22:42.784,SATIN,,,,,,,,,,,financials,finance & investments,,,,,,,,,2026-04-15,6.77,9.53,12.77,1156.37,,,,,,,
2026-04-15T10:22:42.784,DCBBANK,,,,,,,,,,,bank,banks - private sector,,,,,,,,,2026-04-15,7.76,4.98,7.86,5063.38,,,,,,,
2026-04-15T10:22:42.784,KMEW,,,,,,,,,,,transportation,miscellaneous,,,,,,,,,2026-04-15,8.19,7.59,8.56,2038.69,,,,,,,
2026-04-15T10:22:42.784,ANURAS,,,,,,,,,,,chemicals,chemicals,,,,,,,,,2026-04-15,8.24,3.94,3.99,6015.45,,,,,,,
2026-04-15T10:22:42.784,SARDAEN,,,,,,,,,,,metals & mining,steel - medium / small,,,,,,,,,2026-04-15,8.32,9.42,10.69,5547.36,,,,,,,
2026-04-15T10:22:42.784,MAYURUNIQ,,,,,,,,,,,consumer discretionary,leather / leather products,,,,,,,,,2026-04-15,8.53,7.56,7.56,1036.68,,,,,,,
2026-04-15T10:22:42.784,SJS,,,,,,,,,,,auto,plastics products,,,,,,,,,2026-04-15,8.75,4.82,10.24,4434.99,,,,,,,
2026-04-15T10:22:42.784,SUNTV,,,,,,,,,,,media,entertainment / electronic media software,,,,,,,,,2026-04-15,8.92,7.37,7.97,6204.37,,,,,,,
2026-04-15T10:22:42.784,GODAVARIB,,,,,,,,,,,fmcg,sugar,,,,,,,,,2026-04-15,9.0,4.73,6.06,595.76,,,,,,,
2026-04-15T10:22:42.784,SCI,,,,,,,,,,,transportation,shipping,,,,,,,,,2026-04-15,9.69,8.16,8.16,4277.63,,,,,,,
2026-04-15T10:22:42.784,DIVGIITTS,,,,,,,,,,,auto,auto ancillaries,,,,,,,,,2026-04-15,9.7,14.29,14.29,874.55,,,,,,,
2026-04-15T10:22:42.784,CUPID,,,,,,,,,,,fmcg,personal care - indian,,,,,,,,,2026-04-15,9.95,5.93,8.49,6886.62,,,,,,,
2026-04-15T10:22:42.784,GVPIL,,,,,,,,,,,realty,engineering - turnkey services,,,,,,,,,2026-04-15,10.33,12.23,14.07,1045.71,,,,,,,
2026-04-15T10:22:42.784,EDELWEISS,,,,,,,,,,,financials,finance & investments,,,,,,,,,2026-04-15,10.48,6.37,8.4,7453.75,,,,,,,
2026-04-15T10:22:42.784,GRAPHITE,,,,,,,,,,,industrials,electrodes - graphites,,,,,,,,,2026-04-15,10.99,7.47,7.47,4502.43,,,,,,,
2026-04-15T10:22:42.784,APEX,,,,,,,,,,,fmcg,aquaculture,,,,,,,,,2026-04-15,11.47,11.59,15.98,369.62,,,,,,,
2026-04-15T10:22:42.784,AKUMS,,,,,,,,,,,healthcare,pharmaceuticals - indian - bulk drugs & formln,,,,,,,,,2026-04-15,11.52,12.11,13.2,2146.29,,,,,,,
2026-04-15T10:22:42.784,FIEMIND,,,,,,,,,,,auto,auto ancillaries,,,,,,,,,2026-04-15,11.64,5.39,8.39,2702.89,,,,,,,
2026-04-15T10:22:42.784,UFBL,,,,,,,,,,,consumer discretionary,hotels,,,,,,,,,2026-04-15,12.16,20.76,38.44,799.79,,,,,,,
2026-04-15T10:22:42.784,HEG,,,,,,,,,,,industrials,electrodes - graphites,,,,,,,,,2026-04-15,12.54,8.24,8.24,4958.35,,,,,,,
2026-04-15T10:22:42.784,EQUITASBNK,,,,,,,,,,,bank,banks - private sector,,,,,,,,,2026-04-15,13.13,8.92,13.16,7273.23,,,,,,,
2026-04-15T10:22:42.784,PRIVISCL,,,,,,,,,,,chemicals,chemicals,,,,,,,,,2026-04-15,14.75,5.78,7.57,4514.1,,,,,,,
2026-04-15T10:22:42.784,FINCABLES,,,,,,,,,,,industrials,cables - power,,,,,,,,,2026-04-15,15.81,6.16,6.8,8490.4,,,,,,,
2026-04-15T10:22:42.784,TRIVENI,,,,,,,,,,,fmcg,sugar,,,,,,,,,2026-04-15,15.84,4.87,6.49,3364.6,,,,,,,
2026-04-15T10:22:42.784,RICOAUTO,,,,,,,,,,,auto,auto ancillaries,,,,,,,,,2026-04-15,16.17,7.35,7.97,802.1,,,,,,,
2026-04-15T10:22:42.784,MEDPLUS,,,,,,,,,,,consumer discretionary,trading,,,,,,,,,2026-04-15,16.42,6.93,7.36,6250.26,,,,,,,
2026-04-15T10:22:42.784,SHARDACROP,,,,,,,,,,,chemicals,pesticides / agrochemicals - indian,,,,,,,,,2026-04-15,16.43,7.51,8.4,2462.37,,,,,,,
2026-04-15T10:22:42.784,PRICOLLTD,,,,,,,,,,,auto,auto ancillaries,,,,,,,,,2026-04-15,17.37,5.07,6.74,4298.94,,,,,,,
2026-04-15T10:22:42.784,VIYASH,,,,,,,,,,,healthcare,pharmaceuticals - indian - bulk drugs & formln,,,,,,,,,2026-04-15,18.07,6.38,8.16,3555.21,,,,,,,
2026-04-15T10:22:42.784,GRWRHITECH,,,,,,,,,,,industrials,packaging,,,,,,,,,2026-04-15,18.11,7.48,10.59,3574.73,,,,,,,
2026-04-15T10:22:42.784,LUMAXIND,,,,,,,,,,,auto,auto ancillaries,,,,,,,,,2026-04-15,19.38,8.35,15.0,1306.56,,,,,,,
2026-04-15T10:22:42.784,SMLMAH,,,,,,,,,,,auto,automobiles - lcvs / hcvs,,,,,,,,,2026-04-15,20.1,7.62,9.58,2537.33,,,,,,,
2026-04-10T12:41:15.312,DEEDEV,,,,,,,,,,,metals & mining,steel - medium / small,,,,,,,,,2026-04-10,0.0,11.35,16.44,709.57,,,,,,,
2026-04-10T12:41:15.312,STLTECH,,,,,,,,,,,industrials,cables - telephone,,,,,,,,,2026-04-10,0.52,17.81,30.6,6236.53,,,,,,,
2026-04-10T12:41:15.312,SHRIPISTON,,,,,,,,,,,auto,auto ancillaries,,,,,,,,,2026-04-10,0.59,15.64,19.65,8630.47,,,,,,,
2026-04-10T12:41:15.312,SBC,,,,,,,,,,,textiles,textiles - products,,,,,,,,,2026-04-10,0.68,6.76,11.32,789.43,,,,,,,
2026-04-10T12:41:15.312,VTL,,,,,,,,,,,textiles,textiles - cotton/blended,,,,,,,,,2026-04-10,0.81,3.36,7.79,5763.25,,,,,,,
2026-04-10T12:41:15.312,LUMAXTECH,,,,,,,,,,,auto,auto ancillaries,,,,,,,,,2026-04-10,0.86,12.55,15.93,5497.2,,,,,,,
2026-04-10T12:41:15.312,BAJAJCON,,,,,,,,,,,fmcg,personal care - indian,,,,,,,,,2026-04-10,0.96,10.61,19.28,3146.6,,,,,,,
2026-04-10T12:41:15.312,NARMADA,,,,,,,,,,,fmcg,miscellaneous,,,,,,,,,2026-04-10,1.01,11.45,13.71,68.13,,,,,,,
2026-04-10T12:41:15.312,SAKAR,,,,,,,,,,,healthcare,pharmaceuticals - indian - bulk drugs & formln,,,,,,,,,2026-04-10,1.14,13.0,18.17,620.1,,,,,,,
2026-04-10T12:41:15.312,STEELCAS,,,,,,,,,,,industrials,castings & forgings,,,,,,,,,2026-04-10,1.15,16.35,22.32,1568.05,,,,,,,
2026-04-10T12:41:15.312,AEROFLEX,,,,,,,,,,,metals & mining,steel - medium / small,,,,,,,,,2026-04-10,1.32,17.46,20.82,1246.79,,,,,,,
2026-04-10T12:41:15.312,GRANULES,,,,,,,,,,,healthcare,pharmaceuticals - indian - bulk drugs & formln,,,,,,,,,2026-04-10,1.45,3.08,7.94,9839.19,,,,,,,
2026-04-10T12:41:15.312,SMSPHARMA,,,,,,,,,,,healthcare,pharmaceuticals - indian - bulk drugs,,,,,,,,,2026-04-10,2.02,9.37,13.65,1271.5,,,,,,,
2026-04-10T12:41:15.312,VENUSREM,,,,,,,,,,,healthcare,pharmaceuticals - indian - formulations,,,,,,,,,2026-04-10,2.1,9.71,13.21,781.81,,,,,,,
2026-04-10T12:41:15.312,RPTECH,,,,,,,,,,,services,trading,,,,,,,,,2026-04-10,2.13,9.29,12.42,949.56,,,,,,,
2026-04-10T12:41:15.312,SEAMECLTD,,,,,,,,,,,miscellaneous,miscellaneous,,,,,,,,,2026-04-10,2.32,4.71,7.15,1067.24,,,,,,,
2026-04-10T12:41:15.312,SKYGOLD,,,,,,,,,,,consumer discretionary,diamond cutting / jewellery,,,,,,,,,2026-04-10,2.56,7.95,18.61,2919.8,,,,,,,
2026-04-10T12:41:15.312,GPIL,,,,,,,,,,,metals & mining,steel - medium / small,,,,,,,,,2026-04-10,2.8,4.95,8.42,7035.4,,,,,,,
2026-04-10T12:41:15.312,AGIIL,,,,,,,,,,,realty,construction,,,,,,,,,2026-04-10,2.87,22.35,29.03,1347.78,,,,,,,
2026-04-10T12:41:15.312,DBOL,,,,,,,,,,,fmcg,sugar,,,,,,,,,2026-04-10,2.92,15.16,15.16,402.64,,,,,,,
2026-04-10T12:41:15.312,EMCURE,,,,,,,,,,,healthcare,pharmaceuticals - indian - bulk drugs & formln,,,,,,,,,2026-04-10,3.51,6.68,8.55,6766.04,,,,,,,
2026-04-10T12:41:15.312,ABSLAMC,,,,,,,,,,,financials,finance & investments,,,,,,,,,2026-04-10,4.08,6.78,11.54,7298.73,,,,,,,
2026-04-10T12:41:15.312,SYRMA,,,,,,,,,,,consumer discretionary,electronics - components,,,,,,,,,2026-04-10,4.11,6.55,11.36,9636.89,,,,,,,
2026-04-10T12:41:15.312,ARVIND,,,,,,,,,,,textiles,textiles - cotton/blended,,,,,,,,,2026-04-10,4.12,4.45,9.49,6139.23,,,,,,,
2026-04-10T12:41:15.312,MTARTECH,,,,,,,,,,,aerospace & defence,engineering,,,,,,,,,2026-04-10,4.16,12.11,26.1,9093.01,,,,,,,
2026-04-10T12:41:15.312,AETHER,,,,,,,,,,,chemicals,chemicals,,,,,,,,,2026-04-10,4.88,9.0,11.02,3941.89,,,,,,,
2026-04-10T12:41:15.312,CEIGALL,,,,,,,,,,,realty,construction,,,,,,,,,2026-04-10,5.0,5.75,8.93,914.3,,,,,,,
2026-04-10T12:41:15.312,SCHNEIDER,,,,,,,,,,,industrials,electric equipment,,,,,,,,,2026-04-10,5.13,7.4,12.73,5965.65,,,,,,,
2026-04-10T12:41:15.312,KRN,,,,,,,,,,,industrials,engineering,,,,,,,,,2026-04-10,5.33,5.93,16.68,1773.54,,,,,,,
2026-04-10T12:41:15.312,HAPPYFORGE,,,,,,,,,,,industrials,castings & forgings,,,,,,,,,2026-04-10,5.72,7.68,12.96,2619.61,,,,,,,
2026-04-10T12:41:15.312,DYNAMATECH,,,,,,,,,,,industrials,engineering,,,,,,,,,2026-04-10,6.0,6.28,11.53,4063.88,,,,,,,
2026-04-10T12:41:15.312,SENORES,,,,,,,,,,,healthcare,pharmaceuticals - indian - formulations,,,,,,,,,2026-04-10,6.09,6.32,8.37,2054.52,,,,,,,
2026-04-10T12:41:15.312,WHEELS,,,,,,,,,,,auto,auto ancillaries,,,,,,,,,2026-04-10,6.15,7.03,13.14,1060.11,,,,,,,
2026-04-10T12:41:15.312,NITINSPIN,,,,,,,,,,,textiles,textiles - cotton/blended,,,,,,,,,2026-04-10,6.54,4.86,8.69,970.84,,,,,,,
2026-04-10T12:41:15.312,GMDCLTD,,,,,,,,,,,metals & mining,mining / minerals / metals,,,,,,,,,2026-04-10,6.61,3.09,7.0,5026.94,,,,,,,
2026-04-10T12:41:15.312,GNA,,,,,,,,,,,auto,auto ancillaries,,,,,,,,,2026-04-10,6.74,16.16,23.18,591.15,,,,,,,
2026-04-10T12:41:15.312,SJS,,,,,,,,,,,auto,plastics products,,,,,,,,,2026-04-10,7.19,9.06,14.76,4510.78,,,,,,,
2026-04-10T12:41:15.312,ROSSTECH,,,,,,,,,,,aerospace & defence,engineering,,,,,,,,,2026-04-10,7.3,23.84,33.97,843.44,,,,,,,
2026-04-10T12:41:15.312,IMFA,,,,,,,,,,,metals & mining,mining / minerals / metals,,,,,,,,,2026-04-10,7.39,6.71,13.73,3118.43,,,,,,,
2026-04-10T12:41:15.312,DCBBANK,,,,,,,,,,,bank,banks - private sector,,,,,,,,,2026-04-10,8.0,7.86,18.72,5050.17,,,,,,,
2026-04-10T12:41:15.312,UNIPARTS,,,,,,,,,,,industrials,engineering,,,,,,,,,2026-04-10,8.15,6.04,11.69,769.15,,,,,,,
2026-04-10T12:41:15.312,CENTUM,,,,,,,,,,,consumer discretionary,electronics - components,,,,,,,,,2026-04-10,8.18,7.43,7.52,2203.63,,,,,,,
2026-04-10T12:41:15.312,MANGLMCEM,,,,,,,,,,,building materials,cement - north india,,,,,,,,,2026-04-10,8.23,3.77,9.46,1423.75,,,,,,,
2026-04-10T12:41:15.312,STYLAMIND,,,,,,,,,,,building materials,miscellaneous,,,,,,,,,2026-04-10,8.33,1.49,4.13,1804.83,,,,,,,
2026-04-10T12:41:15.312,SATIN,,,,,,,,,,,financials,finance & investments,,,,,,,,,2026-04-10,8.48,9.46,13.08,1135.07,,,,,,,
2026-04-10T12:41:15.312,RISHABH,,,,,,,,,,,industrials,electric equipment,,,,,,,,,2026-04-10,8.64,11.7,23.98,525.47,,,,,,,
2026-04-10T12:41:15.312,LOKESHMACH,,,,,,,,,,,industrials,engineering,,,,,,,,,2026-04-10,8.68,8.64,11.1,216.82,,,,,,,
2026-04-10T12:41:15.312,ANURAS,,,,,,,,,,,chemicals,chemicals,,,,,,,,,2026-04-10,8.7,3.99,5.89,5985.63,,,,,,,
2026-04-10T12:41:15.312,QPOWER,,,,,,,,,,,industrials,electric equipment,,,,,,,,,2026-04-10,9.33,14.62,17.87,1982.08,,,,,,,
2026-04-10T12:41:15.312,GODAVARIB,,,,,,,,,,,fmcg,sugar,,,,,,,,,2026-04-10,9.33,6.06,7.78,593.6,,,,,,,
2026-04-10T12:41:15.312,GRMOVER,,,,,,,,,,,fmcg,food - processing - indian,,,,,,,,,2026-04-10,9.36,3.02,11.53,981.77,,,,,,,
2026-04-10T12:41:15.312,CRAFTSMAN,,,,,,,,,,,auto,auto ancillaries,,,,,,,,,2026-04-10,9.43,11.26,13.52,9110.26,,,,,,,
2026-04-10T12:41:15.312,EDELWEISS,,,,,,,,,,,financials,finance & investments,,,,,,,,,2026-04-10,10.16,8.4,14.53,7480.51,,,,,,,
2026-04-10T12:41:15.312,KMEW,,,,,,,,,,,transportation,miscellaneous,,,,,,,,,2026-04-10,10.56,4.95,14.2,1985.99,,,,,,,
2026-04-10T12:41:15.312,MAHLOG,,,,,,,,,,,transportation,miscellaneous,,,,,,,,,2026-04-10,10.58,7.4,14.75,1550.22,,,,,,,
2026-04-10T12:41:15.312,CUPID,,,,,,,,,,,fmcg,personal care - indian,,,,,,,,,2026-04-10,11.14,7.27,10.18,6795.91,,,,,,,
2026-04-10T12:41:15.312,APEX,,,,,,,,,,,fmcg,aquaculture,,,,,,,,,2026-04-10,12.31,10.89,16.08,366.11,,,,,,,
2026-04-10T12:41:15.312,CHENNPETRO,,,,,,,,,,,energy,refineries,,,,,,,,,2026-04-10,12.42,5.08,5.66,4705.7,,,,,,,
2026-04-10T12:41:15.312,VISHNU,,,,,,,,,,,chemicals,chemicals,,,,,,,,,2026-04-10,12.72,3.62,5.14,1077.94,,,,,,,
2026-04-10T12:41:15.312,SUNTV,,,,,,,,,,,media,entertainment / electronic media software,,,,,,,,,2026-04-10,13.22,4.77,5.77,5911.27,,,,,,,
2026-04-10T12:41:15.312,SCI,,,,,,,,,,,transportation,shipping,,,,,,,,,2026-04-10,13.3,4.92,10.02,4106.58,,,,,,,
2026-04-10T12:41:15.312,AARTIIND,,,,,,,,,,,chemicals,chemicals,,,,,,,,,2026-04-10,13.46,4.65,9.48,8986.63,,,,,,,
2026-04-10T12:41:15.312,SARDAEN,,,,,,,,,,,metals & mining,steel - medium / small,,,,,,,,,2026-04-10,13.57,4.12,8.73,5230.03,,,,,,,
2026-04-10T12:41:15.312,FIEMIND,,,,,,,,,,,auto,auto ancillaries,,,,,,,,,2026-04-10,13.83,6.43,13.16,2636.09,,,,,,,
2026-04-10T12:41:15.312,ASHIANA,,,,,,,,,,,realty,construction,,,,,,,,,2026-04-10,13.85,17.32,17.32,1266.97,,,,,,,
2026-04-10T12:41:15.312,PRIVISCL,,,,,,,,,,,chemicals,chemicals,,,,,,,,,2026-04-10,15.05,4.86,4.86,4498.25,,,,,,,
2026-04-10T12:41:15.312,ALIVUS,,,,,,,,,,,healthcare,pharmaceuticals - indian - bulk drugs & formln,,,,,,,,,2026-04-10,15.25,4.89,8.67,3196.41,,,,,,,
2026-04-10T12:41:15.312,EQUITASBNK,,,,,,,,,,,bank,banks - private sector,,,,,,,,,2026-04-10,15.3,9.42,17.09,7091.86,,,,,,,
2026-04-10T12:41:15.312,PRICOLLTD,,,,,,,,,,,auto,auto ancillaries,,,,,,,,,2026-04-10,16.36,5.65,12.11,4351.4,,,,,,,
2026-04-10T12:41:15.312,GVPIL,,,,,,,,,,,realty,engineering - turnkey services,,,,,,,,,2026-04-10,16.38,6.36,13.69,975.15,,,,,,,
2026-04-10T12:41:15.312,MEDPLUS,,,,,,,,,,,consumer discretionary,trading,,,,,,,,,2026-04-10,16.45,4.46,7.04,6247.76,,,,,,,
2026-04-10T12:41:15.312,FINCABLES,,,,,,,,,,,industrials,cables - power,,,,,,,,,2026-04-10,16.76,5.58,11.08,8394.26,,,,,,,
2026-04-10T12:41:15.312,SHARDACROP,,,,,,,,,,,chemicals,pesticides / agrochemicals - indian,,,,,,,,,2026-04-10,17.72,7.44,23.65,2424.21,,,,,,,
2026-04-10T12:41:15.312,AKUMS,,,,,,,,,,,healthcare,pharmaceuticals - indian - bulk drugs & formln,,,,,,,,,2026-04-10,17.83,5.99,7.67,1993.26,,,,,,,
2026-04-10T12:41:15.312,LUMAXIND,,,,,,,,,,,auto,auto ancillaries,,,,,,,,,2026-04-10,18.36,14.47,21.32,1323.03,,,,,,,
2026-04-10T12:41:15.312,VIYASH,,,,,,,,,,,healthcare,pharmaceuticals - indian - bulk drugs & formln,,,,,,,,,2026-04-10,19.31,6.99,13.23,3501.53,,,,,,,
2026-04-10T12:41:15.312,AVALON,,,,,,,,,,,consumer discretionary,electronics - components,,,,,,,,,2026-04-10,19.43,12.37,18.93,3939.58,,,,,,,
2026-04-10T12:41:15.312,ANTELOPUS,,,,,,,,,,,energy,oil drilling / allied services,,,,,,,,,2026-04-10,20.85,14.8,19.86,642.46,,,,,,,
2026-04-10T12:41:15.312,SIGMAADV,,,,,,,,,,,aerospace & defence,electronics - components,,,,,,,,,2026-04-10,22.32,7.92,19.54,910.12,,,,,,,
2026-04-10T12:41:15.312,IFCI,,,,,,,,,,,financials,finance - term-lending institutions,,,,,,,,,2026-04-10,23.09,10.44,16.48,4234.68,,,,,,,
2026-04-02T09:45:36.854,CUPID,,,,,,,,,,,,,,,,,,,,,2026-04-02,,,,,127.19,109.68,143.64,39.25,0.07,-0.14,1.02
2026-04-02T09:45:36.854,PFOCUS,,,,,,,,,,,,,,,,,,,,,2026-04-02,,,,,56.13,33.49,22.55,8.86,0.32,0.39,0.83
2026-04-02T09:45:36.854,LUMAXTECH,,,,,,,,,,,,,,,,,,,,,2026-04-02,,,,,37.21,49.68,35.4,30.29,-0.12,0.02,0.19
2026-04-02T09:45:36.854,MTARTECH,,,,,,,,,,,,,,,,,,,,,2026-04-02,,,,,36.6,38.43,11.66,2.36,-0.09,0.47,0.85
2026-04-02T09:45:36.854,SMLMAH,,,,,,,,,,,,,,,,,,,,,2026-04-02,,,,,31.82,68.23,40.98,19.24,-0.19,-0.03,0.21
2026-04-02T09:45:36.854,SILVERIETF,,,,,,,,,,,,,,,,,,,,,2026-04-02,,,,,31.23,41.61,37.6,13.91,-0.14,0.0,0.64
2026-04-02T09:45:36.854,TATSILV,,,,,,,,,,,,,,,,,,,,,2026-04-02,,,,,31.2,41.44,38.04,13.88,-0.14,-0.01,0.64
2026-04-02T09:45:36.854,SILVER,,,,,,,,,,,,,,,,,,,,,2026-04-02,,,,,31.12,41.26,38.82,13.89,-0.14,-0.02,0.63
2026-04-02T09:45:36.854,SILVERBEES,,,,,,,,,,,,,,,,,,,,,2026-04-02,,,,,31.03,41.35,37.51,13.83,-0.14,-0.0,0.63
2026-04-02T09:45:36.854,SBISILVER,,,,,,,,,,,,,,,,,,,,,2026-04-02,,,,,30.99,41.39,38.01,13.89,-0.14,-0.01,0.63
2026-04-02T09:45:36.854,SILVERBETA,,,,,,,,,,,,,,,,,,,,,2026-04-02,,,,,30.87,41.06,37.35,14.16,-0.14,-0.0,0.62
2026-04-02T09:45:36.854,HDFCSILVER,,,,,,,,,,,,,,,,,,,,,2026-04-02,,,,,30.75,41.26,37.61,13.9,-0.14,-0.01,0.63
2026-04-02T09:45:36.854,GVT&D,,,,,,,,,,,,,,,,,,,,,2026-04-02,,,,,29.54,37.21,14.08,19.69,-0.03,0.19,0.29
2026-04-02T09:45:36.854,JAYNECOIND,,,,,,,,,,,,,,,,,,,,,2026-04-02,,,,,28.98,27.49,34.72,11.13,-0.05,-0.21,0.06
2026-04-02T09:45:36.854,FORCEMOT,,,,,,,,,,,,,,,,,,,,,2026-04-02,,,,,28.45,55.62,45.05,35.73,-0.16,0.03,0.17
2026-04-02T09:45:36.854,NATIONALUM,,,,,,,,,,,,,,,,,,,,,2026-04-02,,,,,28.13,21.31,13.4,2.12,0.1,0.23,0.94
2026-04-02T09:45:36.854,MCX,,,,,,,,,,,,,,,,,,,,,2026-04-02,,,,,27.98,26.97,19.09,8.36,-0.03,0.09,0.5
2026-04-02T09:45:36.854,PRECWIRE,,,,,,,,,,,,,,,,,,,,,2026-04-02,,,,,26.2,27.37,11.33,-0.13,-0.05,0.23,0.63
2026-04-02T09:45:36.854,STLTECH,,,,,,,,,,,,,,,,,,,,,2026-04-02,,,,,25.78,18.95,-1.94,-1.52,0.11,0.74,0.52
2026-04-02T09:45:36.854,HINDCOPPER,,,,,,,,,,,,,,,,,,,,,2026-04-02,,,,,24.56,36.87,24.3,-0.36,-0.17,-0.11,0.52
2026-04-02T09:45:36.854,GMDCLTD,,,,,,,,,,,,,,,,,,,,,2026-04-02,,,,,24.44,24.61,21.48,16.7,0.0,-0.04,-0.03
2026-04-02T09:45:36.854,TDPOWERSYS,,,,,,,,,,,,,,,,,,,,,2026-04-02,,,,,22.73,37.95,13.44,10.33,-0.08,0.19,0.45
2026-04-02T09:45:36.854,THANGAMAYL,,,,,,,,,,,,,,,,,,,,,2026-04-02,,,,,22.45,31.21,16.52,-2.51,-0.12,0.09,0.73
2026-04-02T09:45:36.854,POWERINDIA,,,,,,,,,,,,,,,,,,,,,2026-04-02,,,,,21.49,26.94,7.69,11.93,-0.04,0.35,0.28
2026-04-02T09:45:36.854,ACUTAAS,,,,,,,,,,,,,,,,,,,,,2026-04-02,,,,,21.43,21.64,10.69,13.16,0.04,0.36,0.65
2026-04-02T09:45:36.854,NETWEB,,,,,,,,,,,,,,,,,,,,,2026-04-02,,,,,20.95,32.0,7.17,11.11,-0.21,-0.01,-0.17
2026-04-02T09:45:36.854,GODAVARIB,,,,,,,,,,,,,,,,,,,,,2026-04-02,,,,,19.69,14.61,0.66,NaN,0.06,0.11,0.17
2026-04-02T09:45:36.854,KIRLOSENG,,,,,,,,,,,,,,,,,,,,,2026-04-02,,,,,18.09,29.66,7.12,-5.44,-0.05,0.09,0.45
2026-04-02T09:45:36.854,BLISSGVS,,,,,,,,,,,,,,,,,,,,,2026-04-02,,,,,17.91,14.18,1.61,1.03,0.05,0.37,0.53
2026-04-02T09:45:36.854,CCL,,,,,,,,,,,,,,,,,,,,,2026-04-02,,,,,17.84,14.92,8.31,5.32,0.04,0.11,0.19
2026-04-02T09:45:36.854,MBAPL,,,,,,,,,,,,,,,,,,,,,2026-04-02,,,,,16.99,12.24,21.07,21.3,0.09,0.2,0.26
2026-04-02T09:45:36.854,SMSPHARMA,,,,,,,,,,,,,,,,,,,,,2026-04-02,,,,,16.94,20.17,8.63,-6.25,-0.02,0.2,0.5
2026-04-02T09:45:36.854,BSE,,,,,,,,,,,,,,,,,,,,,2026-04-02,,,,,16.16,7.82,11.1,11.84,0.03,0.08,0.36
2026-04-02T09:45:36.854,SANSERA,,,,,,,,,,,,,,,,,,,,,2026-04-02,,,,,15.93,23.06,4.21,-3.08,-0.12,0.24,0.44
2026-04-02T09:45:36.854,GOLDBETA,,,,,,,,,,,,,,,,,,,,,2026-04-02,,,,,15.84,19.7,17.63,12.49,-0.07,0.1,0.3
2026-04-02T09:45:36.854,GOLDCASE,,,,,,,,,,,,,,,,,,,,,2026-04-02,,,,,15.68,19.6,17.39,12.34,-0.07,0.1,0.3
2026-04-02T09:45:36.854,GOLDBEES,,,,,,,,,,,,,,,,,,,,,2026-04-02,,,,,15.6,19.49,17.36,12.21,-0.08,0.1,0.29
2026-04-02T09:45:36.854,GOLDIETF,,,,,,,,,,,,,,,,,,,,,2026-04-02,,,,,15.59,19.67,17.42,12.35,-0.08,0.09,0.29
2026-04-02T09:45:36.854,GOLD1,,,,,,,,,,,,,,,,,,,,,2026-04-02,,,,,15.58,19.54,17.21,12.15,-0.08,0.1,0.29
2026-04-02T09:45:36.854,AXISGOLD,,,,,,,,,,,,,,,,,,,,,2026-04-02,,,,,15.57,19.58,17.29,12.3,-0.08,0.1,0.29
2026-04-02T09:45:36.854,HDFCGOLD,,,,,,,,,,,,,,,,,,,,,2026-04-02,,,,,15.56,19.57,17.47,12.24,-0.08,0.09,0.29
2026-04-02T09:45:36.854,SETFGOLD,,,,,,,,,,,,,,,,,,,,,2026-04-02,,,,,15.56,19.52,17.37,12.18,-0.08,0.09,0.29
2026-04-02T09:45:36.854,GOLDETF,,,,,,,,,,,,,,,,,,,,,2026-04-02,,,,,15.53,19.41,17.39,12.37,-0.07,0.09,0.29
2026-04-02T09:45:36.854,GROWWGOLD,,,,,,,,,,,,,,,,,,,,,2026-04-02,,,,,15.5,19.46,17.2,NaN,-0.08,0.09,0.29
2026-04-02T09:45:36.854,TATAGOLD,,,,,,,,,,,,,,,,,,,,,2026-04-02,,,,,15.49,19.31,17.36,12.32,-0.07,0.09,0.29
2026-04-02T09:45:36.854,APEX,,,,,,,,,,,,,,,,,,,,,2026-04-02,,,,,14.6,19.65,3.29,-2.42,-0.06,0.36,0.63
2026-04-02T09:45:36.854,DATAPATTNS,,,,,,,,,,,,,,,,,,,,,2026-04-02,,,,,14.52,21.51,2.67,1.42,-0.08,0.15,0.11
2026-04-02T09:45:36.854,GMBREW,,,,,,,,,,,,,,,,,,,,,2026-04-02,,,,,14.5,10.92,13.39,-5.78,0.03,-0.14,0.45
2026-04-02T09:45:36.854,RBLBANK,,,,,,,,,,,,,,,,,,,,,2026-04-02,,,,,14.47,22.09,21.28,8.58,-0.08,-0.05,0.08
2026-04-02T09:45:36.854,LAURUSLABS,,,,,,,,,,,,,,,,,,,,,2026-04-02,,,,,14.44,23.3,22.15,17.28,-0.07,-0.08,0.2
2026-04-02T09:45:36.854,RICOAUTO,,,,,,,,,,,,,,,,,,,,,2026-04-02,,,,,14.39,19.8,15.89,-2.95,-0.21,-0.2,0.12
2026-04-02T09:45:36.854,CHENNPETRO,,,,,,,,,,,,,,,,,,,,,2026-04-02,,,,,14.07,20.23,8.17,-2.05,0.02,0.23,0.29
2026-04-02T09:45:36.854,WHEELS,,,,,,,,,,,,,,,,,,,,,2026-04-02,,,,,13.89,10.83,6.37,2.88,0.08,0.14,0.13
2026-04-02T09:45:36.854,AGIIL,,,,,,,,,,,,,,,,,,,,,2026-04-02,,,,,13.75,20.93,10.36,31.49,-0.05,0.14,0.16
2026-04-02T09:45:36.854,GESHIP,,,,,,,,,,,,,,,,,,,,,2026-04-02,,,,,13.22,11.5,3.64,-3.77,0.07,0.3,0.44
2026-04-02T09:45:36.854,SYRMA,,,,,,,,,,,,,,,,,,,,,2026-04-02,,,,,13.18,18.97,6.24,18.17,-0.06,0.07,-0.04
2026-04-02T09:45:36.854,INDIANB,,,,,,,,,,,,,,,,,,,,,2026-04-02,,,,,13.13,20.74,12.14,7.82,-0.14,0.06,0.21
2026-04-02T09:45:36.854,SEAMECLTD,,,,,,,,,,,,,,,,,,,,,2026-04-02,,,,,13.11,11.68,-0.31,-8.01,0.11,0.37,0.61
2026-04-02T09:45:36.854,KARURVYSYA,,,,,,,,,,,,,,,,,,,,,2026-04-02,,,,,12.61,19.4,10.88,3.13,-0.16,0.06,0.33
2026-04-02T09:45:36.854,APARINDS,,,,,,,,,,,,,,,,,,,,,2026-04-02,,,,,12.6,17.09,-1.55,-3.27,-0.15,0.13,0.13
2026-04-02T09:45:36.854,SHRIPISTON,,,,,,,,,,,,,,,,,,,,,2026-04-02,,,,,12.14,12.09,13.71,5.06,-0.05,-0.07,0.11
2026-04-02T09:45:36.854,CUMMINSIND,,,,,,,,,,,,,,,,,,,,,2026-04-02,,,,,12.05,17.19,8.21,1.42,-0.08,0.03,0.15
2026-04-02T09:45:36.854,ADANIPOWER,,,,,,,,,,,,,,,,,,,,,2026-04-02,,,,,11.67,10.13,11.05,4.09,0.1,0.07,0.05
2026-04-02T09:45:36.854,GPIL,,,,,,,,,,,,,,,,,,,,,2026-04-02,,,,,11.54,12.57,6.93,7.22,0.02,0.03,0.06
2026-04-02T09:45:36.854,EMCURE,,,,,,,,,,,,,,,,,,,,,2026-04-02,,,,,11.3,9.67,1.22,-2.39,0.05,0.1,0.19
2026-04-02T09:45:36.854,VEDL,,,,,,,,,,,,,,,,,,,,,2026-04-02,,,,,10.68,16.18,7.81,-0.39,-0.08,0.09,0.47
2026-04-02T09:45:36.854,SOUTHBANK,,,,,,,,,,,,,,,,,,,,,2026-04-02,,,,,10.66,16.06,13.07,3.8,-0.14,-0.06,0.23
2026-04-02T09:45:36.854,SPORTKING,,,,,,,,,,,,,,,,,,,,,2026-04-02,,,,,10.56,10.07,-4.53,-2.07,0.06,0.41,0.21
2026-04-02T09:45:36.854,JAMNAAUTO,,,,,,,,,,,,,,,,,,,,,2026-04-02,,,,,10.48,20.74,8.67,-2.74,-0.22,-0.08,0.11
2026-04-02T09:45:36.854,AVANTIFEED,,,,,,,,,,,,,,,,,,,,,2026-04-02,,,,,9.12,18.78,5.7,-1.03,-0.07,0.43,0.84
2026-04-02T09:45:36.854,BHARATFORG,,,,,,,,,,,,,,,,,,,,,2026-04-02,,,,,8.72,18.1,3.03,-5.54,-0.15,0.12,0.38
2026-04-02T09:45:36.854,NAVINFLUOR,,,,,,,,,,,,,,,,,,,,,2026-04-02,,,,,8.6,13.03,18.5,8.64,-0.07,-0.05,0.27
2026-04-02T09:45:36.854,AEROFLEX,,,,,,,,,,,,,,,,,,,,,2026-04-02,,,,,8.58,5.42,-0.47,-0.82,0.03,0.24,0.35
2026-04-02T09:45:36.854,ABSLAMC,,,,,,,,,,,,,,,,,,,,,2026-04-02,,,,,7.97,8.62,1.87,0.77,-0.01,0.06,0.13
2026-04-02T09:45:36.854,SAIL,,,,,,,,,,,,,,,,,,,,,2026-04-02,,,,,7.49,11.66,4.69,0.72,-0.08,0.09,0.17
2026-04-02T09:45:36.854,BEL,,,,,,,,,,,,,,,,,,,,,2026-04-02,,,,,7.42,14.98,8.1,9.31,-0.08,0.05,0.04
2026-04-02T09:45:36.854,HINDALCO,,,,,,,,,,,,,,,,,,,,,2026-04-02,,,,,7.3,10.94,9.56,2.37,-0.03,0.02,0.21
2026-04-02T09:45:36.854,SAILIFE,,,,,,,,,,,,,,,,,,,,,2026-04-02,,,,,7.11,8.98,4.99,NaN,-0.04,0.05,0.11
2026-04-02T09:45:36.854,SHRIRAMFIN,,,,,,,,,,,,,,,,,,,,,2026-04-02,,,,,7.07,20.58,16.26,-2.94,-0.19,-0.11,0.44
2026-04-02T09:45:36.854,MRPL,,,,,,,,,,,,,,,,,,,,,2026-04-02,,,,,6.71,15.33,-0.87,-6.84,-0.1,0.25,0.4
