Timestamp,Symbol,Cmp,%ch,Low 2%,Low5,Sl,Target,R_vol,Forward pe,Pe,Rsi,Sector,Industry,Adx,%ch sl,Rs,Srs,Ars,Is,Tps,Rs score,Scan_Date,From52wh,3d range,5d,Free float
2026-08-26T19:57:20.661,ATHERENERG,1494.6,3.83,1414.04,1421.7,1502.97,1482.04,0.95,-280.94,-140.02,63.53,auto,automobiles - scooters and 3 - wheelers,51.69,-0.56,141.5,0.97,1.24,1393.82,1318.23,54.16,2026-08-26,,,,
2026-08-26T19:57:20.661,WELCORP,2306.7,-1.65,2159.63,1968.2,2110.05,2601.68,3.49,14.53,26.78,79.07,industrials,steel - large,54.06,9.32,219.57,1.74,1.79,2063.6,1924.58,40.7,2026-08-26,,,,
2026-08-26T19:57:20.661,LAURUSLABS,1887.0,1.11,1820.25,1790.0,1842.23,1954.16,1.43,69.27,92.11,70.2,healthcare,pharmaceuticals - indian - bulk drugs & formln,42.8,2.43,88.68,0.69,0.79,1803.76,1752.62,27.14,2026-08-26,,,,
2026-08-26T19:57:20.661,SYRMA,1474.1,1.1,1428.64,1415.7,1465.29,1487.32,0.51,71.01,75.75,57.67,consumer discretionary,electronics - components,24.82,0.6,124.33,0.64,0.94,1388.43,1333.08,24.15,2026-08-26,,,,
2026-08-26T19:57:20.661,NATIONALUM,399.3,0.38,385.14,384.6,396.75,403.13,0.33,9.15,10.82,59.79,metals & mining,aluminium and aluminium products,27.84,0.64,3.9,0.07,0.47,376.42,360.42,24.06,2026-08-26,,,,
2026-08-26T19:57:20.661,MCX,3350.0,2.13,3178.43,3006.0,3071.17,3768.24,0.84,51.67,21.25,74.92,financials,miscellaneous,31.23,9.08,38.54,0.29,0.64,3146.99,2999.73,23.54,2026-08-26,,,,
2026-08-26T19:57:20.661,NEULANDLAB,23545.0,2.6,22518.44,22637.0,23833.52,23112.22,0.65,51.14,59.15,67.43,healthcare,pharmaceuticals - indian - bulk drugs,49.58,-1.21,84.0,0.62,0.4,22263.3,21426.02,18.51,2026-08-26,,,,
2026-08-26T19:57:20.661,VEDL,286.5,4.18,267.79,265.2,269.99,311.26,1.36,5.11,5.46,60.81,metals & mining,mining / minerals / metals,18.21,6.11,12.54,0.05,0.46,269.79,257.77,17.47,2026-08-26,,,,
2026-08-26T19:57:20.661,NAVINFLUOR,8553.0,4.19,8065.4,8090.0,8271.48,8975.27,0.85,45.06,53.24,65.15,chemicals,chemicals,31.56,3.4,45.7,0.25,0.39,8078.48,7789.59,16.06,2026-08-26,,,,
2026-08-26T19:57:20.661,KARURVYSYA,354.35,2.41,338.64,331.2,332.28,387.45,0.93,11.33,12.18,69.94,bank,banks - private sector,20.02,6.64,21.19,-0.03,0.42,337.5,329.17,14.22,2026-08-26,,,,
2026-08-26T19:57:20.661,FINCABLES,1286.35,2.1,1236.22,1244.7,1301.86,1263.08,0.36,19.75,24.08,64.68,industrials,cables - power,40.97,-1.19,80.98,0.46,0.68,1179.21,1107.96,14.04,2026-08-26,,,,
2026-08-26T19:57:20.661,IFCI,85.44,2.63,81.49,80.37,80.04,93.54,1.36,178.0,130.08,70.61,financials,finance - term-lending institutions,21.19,6.75,53.36,0.34,0.73,79.58,76.9,13.98,2026-08-26,,,,
2026-08-26T19:57:20.661,SAIL,194.9,5.59,178.75,173.02,174.0,226.26,2.41,12.24,17.85,73.32,metals & mining,steel - large,16.71,12.01,25.71,0.12,0.47,179.84,170.14,13.52,2026-08-26,,,,
2026-08-26T19:57:20.661,ANANDRATHI,2179.4,0.69,2116.8,2151.3,2176.23,2184.15,0.21,55.48,46.67,62.78,financials,finance & investments,33.95,0.15,50.33,0.31,0.47,2109.2,2058.15,13.38,2026-08-26,,,,
2026-08-26T19:57:20.661,JINDALSAW,302.45,7.35,273.42,268.95,273.6,345.73,5.8,46.39,27.49,69.82,industrials,steel - large,24.18,10.54,70.15,0.59,0.82,274.52,259.03,13.28,2026-08-26,,,,
2026-08-26T19:57:20.661,CRAFTSMAN,10539.0,1.58,10160.64,10350.0,10645.22,10379.67,0.3,42.41,51.62,58.2,auto,auto ancillaries,43.36,-1.0,39.22,0.23,0.46,9977.86,9588.5,13.2,2026-08-26,,,,
2026-08-26T19:57:20.661,WELSPUNLIV,190.63,0.17,183.75,179.67,177.44,210.41,0.38,28.2,62.39,72.9,textiles,textiles - products,35.61,7.43,51.6,0.31,0.31,176.09,166.55,13.12,2026-08-26,,,,
2026-08-26T19:57:20.661,MAHABANK,85.6,4.77,80.36,79.85,79.43,94.86,3.6,8.14,8.34,65.97,bank,banks - public sector,13.4,7.77,32.3,0.1,0.46,80.71,78.44,12.84,2026-08-26,,,,
2026-08-26T19:57:20.661,GLAND,2903.2,2.78,2774.77,2776.1,2893.16,2918.26,0.48,37.74,41.23,66.88,healthcare,pharmaceuticals - indian - formulations,42.2,0.35,73.27,0.48,0.64,2730.74,2613.19,12.79,2026-08-26,,,,
2026-08-26T19:57:20.661,DIVISLAB,9025.0,3.21,8526.98,8457.5,8734.7,9460.45,1.55,66.46,79.34,78.02,healthcare,pharmaceuticals - indian - bulk drugs,62.05,3.32,49.03,0.33,0.39,8650.18,8387.06,11.73,2026-08-26,,,,
2026-08-26T19:57:20.661,NYKAA,340.0,1.8,326.39,325.4,325.25,362.13,0.97,303.57,375.28,61.66,i.t,trading,24.3,4.54,43.97,0.2,0.33,325.84,315.23,11.35,2026-08-26,,,,
2026-08-26T19:57:20.661,HINDALCO,1053.0,0.19,1018.37,1013.0,1054.14,1051.3,0.44,8.34,14.23,58.67,metals & mining,aluminium and aluminium products,26.67,-0.11,9.56,0.05,0.24,1007.62,980.09,11.17,2026-08-26,,,,
2026-08-26T19:57:20.661,HINDZINC,626.5,5.72,588.15,566.75,583.89,690.42,4.06,12.1,14.67,68.36,metals & mining,mining / minerals / metals,22.94,7.3,-13.75,-0.03,0.18,582.18,554.44,10.59,2026-08-26,,,,
2026-08-26T19:57:20.661,REDINGTON,354.2,0.44,342.26,335.6,352.72,356.42,0.21,14.24,16.21,63.48,services,trading,42.65,0.42,41.53,0.36,0.24,324.69,304.36,10.38,2026-08-26,,,,
2026-08-26T19:57:20.661,LTF,322.2,0.85,314.29,313.7,312.49,336.76,0.58,22.38,25.14,57.4,financials,finance & investments,12.68,3.11,12.97,-0.0,0.03,305.47,298.02,10.22,2026-08-26,,,,
2026-08-26T19:57:20.661,IPCALAB,1952.4,1.24,1896.4,1880.4,1836.89,2125.66,1.04,30.81,36.28,68.09,healthcare,pharmaceuticals - indian - bulk drugs & formln,28.5,6.29,34.23,0.19,0.29,1826.62,1771.88,10.0,2026-08-26,,,,
2026-08-26T19:57:20.661,PAYTM,1716.0,-0.12,1672.86,1587.1,1653.2,1810.21,1.19,124.71,169.09,76.46,i.t,miscellaneous,49.49,3.8,49.97,0.4,0.31,1613.74,1553.35,9.9,2026-08-26,,,,
2026-08-26T19:57:20.661,ABCAPITAL,410.0,-0.21,400.97,398.85,402.62,421.07,0.54,22.98,27.01,53.82,financials,finance & investments,11.59,1.83,17.77,0.08,0.1,392.68,386.14,9.73,2026-08-26,,,,
2026-08-26T19:57:20.661,SOLARINDS,20097.0,1.5,19374.6,19190.0,19744.35,20625.98,0.69,69.67,89.98,63.41,aerospace & defence,chemicals,16.01,1.79,57.43,0.39,0.56,19086.31,18507.3,9.53,2026-08-26,,,,
2026-08-26T19:57:20.661,CUB,226.8,2.35,217.51,211.34,210.53,251.2,0.72,14.69,12.58,58.75,bank,banks - private sector,19.37,7.73,6.58,-0.04,0.1,211.6,201.09,9.23,2026-08-26,,,,
2026-08-26T19:57:20.661,CGCL,256.35,6.96,235.87,217.0,221.78,308.21,5.66,17.46,20.45,67.52,financials,finance & investments,26.96,15.59,51.26,0.41,0.38,232.53,219.16,9.05,2026-08-26,,,,
2026-08-26T19:57:20.661,TVSMOTOR,4464.0,1.0,4326.7,4326.4,4453.31,4480.03,0.8,52.0,61.26,69.01,auto,automobiles - motorcycles / mopeds,47.5,0.24,25.11,0.08,0.2,4324.9,4241.08,8.81,2026-08-26,,,,
2026-08-26T19:57:20.661,ASHOKLEY,179.05,2.5,171.9,171.58,176.86,182.34,0.9,42.63,29.51,64.52,auto,automobiles - lcvs / hcvs,21.09,1.24,-6.74,-0.22,0.1,171.45,166.2,7.7,2026-08-26,,,,
2026-08-26T19:57:20.661,APLAPOLLO,2159.0,0.92,2077.31,2119.7,2140.25,2187.12,1.0,56.94,48.32,77.41,industrials,steel - large,43.49,0.88,4.8,-0.09,0.2,2079.75,2020.31,7.6,2026-08-26,,,,
2026-08-26T19:57:20.661,RKFORGE,732.0,1.51,701.53,715.85,761.5,687.75,0.55,70.93,122.43,63.59,industrials,castings & forgings,51.95,-3.87,47.2,0.24,0.35,689.4,666.84,6.77,2026-08-26,,,,
2026-08-26T19:57:20.661,INDIANB,889.0,1.25,864.85,862.0,880.26,902.11,0.4,8.92,9.25,60.43,bank,banks - public sector,21.54,0.99,1.48,-0.17,0.1,852.23,840.65,6.49,2026-08-26,,,,
2026-08-26T19:57:20.661,GLENMARK,2438.3,1.6,2336.81,2252.1,2313.36,2625.71,0.88,35.63,37.67,67.95,healthcare,pharmaceuticals - indian - bulk drugs & formln,14.85,5.4,21.95,0.09,0.21,2312.74,2237.78,6.43,2026-08-26,,,,
2026-08-26T19:57:20.661,CARTRADE,3142.2,-0.08,3020.36,2786.4,2854.75,3573.38,0.28,73.48,64.91,71.07,consumer discretionary,miscellaneous,39.03,10.07,23.64,0.63,0.09,2907.58,2762.42,6.29,2026-08-26,,,,
2026-08-26T19:57:20.661,BOSCHLTD,48895.0,0.44,47343.8,47785.0,48486.66,49507.52,0.71,51.06,60.76,76.04,auto,auto ancillaries,48.81,0.84,38.47,0.28,0.3,46945.37,45778.15,6.24,2026-08-26,,,,
2026-08-26T19:57:20.661,NMDC,88.21,2.64,84.03,83.49,84.05,94.44,1.31,9.8,10.12,63.39,metals & mining,mining / minerals / metals,14.21,4.94,12.68,0.01,0.15,84.08,81.68,5.76,2026-08-26,,,,
2026-08-26T19:57:20.661,JSWSTEEL,1341.0,1.57,1284.19,1280.5,1288.04,1420.44,1.15,17.6,13.0,65.66,metals & mining,steel - large,28.81,4.11,9.74,-0.02,0.18,1289.82,1251.43,5.65,2026-08-26,,,,
2026-08-26T19:57:20.661,ELGIEQUIP,617.55,1.2,595.25,606.25,611.43,626.73,0.58,47.07,42.98,56.61,industrials,compressors / drilling equipment,25.0,1.0,46.09,0.05,0.23,581.57,556.03,5.36,2026-08-26,,,,
2026-08-26T19:57:20.661,BANKINDIA,145.95,1.36,141.11,140.68,141.8,152.17,1.22,5.03,5.57,58.0,bank,banks - public sector,8.11,2.92,-10.42,-0.23,0.02,140.05,137.57,4.9,2026-08-26,,,,
2026-08-26T19:57:20.661,ANTHEM,923.05,5.53,860.44,868.9,891.08,971.0,2.45,108.34,85.34,71.81,healthcare,pharmaceuticals - indian - bulk drugs & formln,38.73,3.59,55.87,0.22,0.39,865.29,825.93,4.59,2026-08-26,,,,
2026-08-26T19:57:20.661,ACE,1159.0,0.36,1130.92,1145.1,1148.11,1175.33,0.24,28.86,31.46,60.42,industrials,engineering,38.56,0.95,43.42,0.23,0.21,1090.6,1053.59,4.35,2026-08-26,,,,
2026-08-26T19:57:20.661,GRASIM,3299.9,0.31,3197.15,3222.1,3286.27,3320.35,1.42,26.07,39.19,57.97,textiles,textiles - manmade,25.3,0.42,15.55,0.06,0.16,3165.56,3074.91,4.27,2026-08-26,,,,
2026-08-26T19:57:20.661,PVRINOX,1255.3,1.97,1205.79,1185.0,1213.39,1318.16,1.16,54.58,27.19,77.11,media,entertainment / electronic media software,56.14,3.45,31.53,0.12,0.15,1173.39,1124.15,3.75,2026-08-26,,,,
2026-08-26T19:57:20.661,JINDALSTEL,1175.4,1.85,1120.24,1108.4,1121.64,1256.04,0.75,35.4,43.19,68.39,metals & mining,steel - large,25.94,4.79,8.79,-0.12,0.13,1124.62,1094.43,3.75,2026-08-26,,,,
2026-08-26T19:57:20.661,KPRMILL,1136.0,1.43,1094.95,1100.1,1111.96,1172.06,0.13,37.57,41.96,57.1,consumer discretionary,textiles - products,24.68,2.16,26.21,0.14,0.12,1075.69,1033.16,3.19,2026-08-26,,,,
2026-08-26T19:57:20.661,SHYAMMETL,1040.5,3.41,985.0,983.1,970.14,1146.04,0.79,20.64,24.99,61.98,metals & mining,steel - large,17.3,7.25,30.28,0.15,0.27,990.83,962.07,3.17,2026-08-26,,,,
2026-08-26T19:57:20.661,MUTHOOTFIN,3206.9,0.18,3122.38,2905.4,2908.23,3654.9,0.41,11.5,11.3,67.05,financials,finance & investments,18.88,10.27,-17.07,-0.16,-0.17,3040.33,2937.5,2.76,2026-08-26,,,,
2026-08-26T19:57:20.661,GLAXO,3034.4,2.4,2915.7,2865.4,2862.59,3292.12,0.85,54.19,47.79,74.78,healthcare,pharmaceuticals - multinational,40.55,6.0,29.65,0.07,0.13,2838.0,2706.19,2.7,2026-08-26,,,,
2026-08-26T19:57:20.661,KPIL,1391.3,0.5,1354.16,1378.2,1376.44,1413.59,0.28,19.15,20.8,58.27,realty,transmisson line towers / equipment,32.8,1.08,27.24,0.06,0.15,1324.73,1281.5,2.59,2026-08-26,,,,
2026-08-26T19:57:20.661,PPLPHARMA,211.29,1.72,203.95,206.4,212.88,208.9,0.31,-101.58,-87.64,60.4,healthcare,pharmaceuticals - indian - bulk drugs & formln,40.25,-0.75,38.7,0.22,0.19,197.62,189.52,2.52,2026-08-26,,,,
2026-08-26T19:57:20.661,MOTILALOFS,1040.0,2.82,990.44,942.15,944.8,1182.8,1.56,12.29,30.73,75.29,financials,finance & investments,33.96,10.08,42.07,0.29,0.21,975.97,936.74,2.37,2026-08-26,,,,
2026-08-26T19:57:20.661,JYOTICNC,1012.7,2.3,963.34,943.05,920.66,1150.76,0.98,100.87,70.01,77.16,industrials,engineering,36.04,10.0,27.27,0.1,0.03,938.08,889.72,1.88,2026-08-26,,,,
2026-08-26T19:57:20.661,ASAHIINDIA,951.15,-0.5,929.04,936.45,941.07,966.27,0.23,40.65,55.67,59.82,building materials,glass & glass products,23.95,1.07,-4.03,-0.06,-0.08,906.52,881.69,1.65,2026-08-26,,,,
2026-08-26T19:57:20.661,GRAVITA,1840.3,2.22,1765.08,1786.1,1790.84,1914.5,1.06,31.51,33.46,60.97,metals & mining,mining / minerals / metals,14.59,2.76,25.51,0.07,-0.01,1747.35,1695.83,1.49,2026-08-26,,,,
2026-08-26T19:57:20.661,IDBI,94.75,7.29,85.6,81.16,81.69,114.34,2.94,11.96,10.19,77.71,bank,banks - private sector,27.99,15.99,-2.06,-0.23,-0.03,87.18,83.0,0.83,2026-08-26,,,,
2026-08-26T19:57:20.661,UNOMINDA,1260.0,0.53,1225.69,1240.5,1271.34,1242.99,0.96,61.52,60.12,60.84,auto,auto ancillaries,22.39,-0.89,10.04,-0.01,-0.0,1215.1,1193.52,0.62,2026-08-26,,,,
2026-08-26T19:57:20.661,KOTAKBANK,416.7,3.76,392.98,393.15,394.07,450.65,1.4,18.91,6.9,71.13,bank,banks - private sector,32.86,5.74,1.96,-0.1,-0.05,400.16,388.5,0.52,2026-08-26,,,,
2026-08-26T19:57:20.661,LTFOODS,451.3,1.23,435.07,423.5,434.36,476.71,0.77,21.37,24.18,68.0,fmcg,food - processing - indian,43.56,3.9,26.95,0.02,0.13,413.42,390.26,0.39,2026-08-26,,,,
2026-08-26T19:57:20.661,DEEPAKNTR,1776.7,1.47,1720.49,1707.2,1740.8,1830.55,1.27,17.56,30.48,58.4,chemicals,chemicals,27.43,2.06,14.27,0.03,0.12,1675.97,1624.62,-0.16,2026-08-26,,,,
2026-08-26T19:57:20.661,POLICYBZR,1840.0,2.32,1770.17,1757.0,1774.56,1938.16,1.14,130.31,110.8,73.63,i.t,miscellaneous,41.3,3.69,12.95,0.13,-0.08,1739.84,1699.72,-0.57,2026-08-26,,,,
2026-08-26T19:57:20.661,CHALET,912.45,2.06,874.75,840.0,840.3,1020.67,3.61,58.04,37.05,71.08,services,hotels,17.58,8.59,11.48,-0.0,-0.0,855.65,824.56,-0.77,2026-08-26,,,,
2026-08-26T19:57:20.661,MFSL,1600.0,0.47,1548.4,1550.1,1541.43,1687.85,0.24,143.88,497.66,59.23,financials,finance & investments,19.6,3.8,1.52,-0.2,-0.09,1532.94,1487.55,-0.79,2026-08-26,,,,
2026-08-26T19:57:20.661,SAGILITY,44.0,2.28,42.43,41.97,42.11,46.83,3.8,23.91,20.29,58.86,i.t,computers - software - medium / small,18.43,4.48,-15.33,-0.04,-0.12,41.19,41.18,-1.01,2026-08-26,,,,
2026-08-26T19:57:20.661,MAZDOCK,2625.0,0.58,2527.81,2520.0,2591.47,2675.3,1.93,48.18,36.84,67.22,aerospace & defence,miscellaneous,29.88,1.29,12.42,0.07,0.04,2491.27,2422.77,-1.06,2026-08-26,,,,
2026-08-26T19:57:20.661,BEML,1937.7,0.76,1881.11,1902.6,1923.39,1959.17,0.57,-149.51,79.07,60.93,aerospace & defence,engineering,24.28,0.74,17.24,0.05,0.12,1827.15,1770.55,-1.13,2026-08-26,,,,
2026-08-26T19:57:20.661,ECLERX,1944.0,3.43,1853.57,1785.2,1777.66,2193.51,0.98,27.21,15.91,61.83,i.t,computers - software - medium / small,20.8,9.36,-11.79,0.07,-0.15,1804.62,1718.59,-1.22,2026-08-26,,,,
2026-08-26T19:57:20.661,CONCOR,517.0,0.19,504.45,511.3,514.35,520.97,0.95,36.61,31.5,54.81,transportation,miscellaneous,20.33,0.51,6.59,-0.06,-0.01,496.06,487.6,-1.31,2026-08-26,,,,
2026-08-26T19:57:20.661,CDSL,1434.0,2.81,1367.1,1330.1,1340.72,1573.91,2.11,63.79,61.85,68.5,financials,miscellaneous,16.74,6.96,8.47,-0.0,-0.06,1366.94,1327.44,-2.25,2026-08-26,,,,
2026-08-26T19:57:20.661,COCHINSHIP,1547.0,1.88,1482.74,1461.7,1498.76,1619.36,1.19,67.14,58.72,65.55,aerospace & defence,miscellaneous,13.88,3.22,1.58,-0.04,-0.08,1478.11,1434.44,-2.27,2026-08-26,,,,
2026-08-26T19:57:20.661,HYUNDAI,2250.0,0.78,2187.65,2180.4,2234.07,2273.89,1.45,51.42,36.64,66.5,auto,automobiles - passenger cars,38.17,0.71,3.54,-0.04,-0.06,2154.86,2112.51,-2.63,2026-08-26,,,,
2026-08-26T19:57:20.661,CYIENT,1047.7,7.01,964.81,888.9,886.52,1289.47,14.03,27.81,28.59,79.81,i.t,computers - software - medium / small,30.08,18.18,-5.59,0.02,-0.11,953.51,891.17,-2.93,2026-08-26,,,,
2026-08-26T19:57:20.661,KFINTECH,976.5,1.09,935.9,936.8,949.39,1017.16,0.85,55.99,48.74,60.57,financials,miscellaneous,25.59,2.86,-3.84,-0.1,-0.08,921.76,882.21,-3.01,2026-08-26,,,,
2026-08-26T19:57:20.661,PCBL,325.65,1.42,315.56,316.65,311.46,346.94,0.49,20.66,48.36,53.2,chemicals,chemicals,24.28,4.56,25.81,-0.03,0.02,306.37,296.11,-3.43,2026-08-26,,,,
2026-08-26T19:57:20.661,PARADEEP,163.84,2.64,156.07,146.11,148.89,186.26,1.51,10.84,15.45,72.36,chemicals,fertilizers,27.01,10.04,28.98,0.31,0.01,152.18,145.38,-3.68,2026-08-26,,,,
2026-08-26T19:57:20.661,ICICIPRULI,515.05,0.99,500.44,499.85,498.65,539.66,0.71,48.41,43.59,56.48,financials,finance & investments,14.22,3.29,-19.88,-0.28,-0.23,491.22,484.04,-4.58,2026-08-26,,,,
2026-08-26T19:57:20.661,SBICARD,660.1,1.4,634.3,626.75,632.84,701.0,1.26,23.64,27.24,57.68,financials,finance & investments,18.04,4.31,-14.27,-0.22,-0.26,627.37,609.03,-5.0,2026-08-26,,,,
2026-08-17T12:41:17.414,NETWEB,5199.0,3.83,4908.13,4753.0,4860.09,5707.37,0.27,86.77,109.09,66.05,i.t,computers - hardware,26.21,6.97,63.12,0.55,0.56,4744.74,4429.04,31.01,2026-08-17,,,,
2026-08-17T12:41:17.414,HINDCOPPER,565.3,6.85,523.42,515.0,524.02,627.23,1.29,38.83,45.06,67.01,metals & mining,mining / minerals / metals,24.38,7.88,-1.22,-0.12,0.61,509.02,469.5,29.09,2026-08-17,,,,
2026-08-17T12:41:17.414,CHENNPETRO,1357.3,2.68,1295.56,1237.0,1308.88,1429.93,0.15,4.9,4.72,58.87,energy,refineries,24.82,3.7,55.18,0.42,0.44,1215.68,1115.87,24.1,2026-08-17,,,,
2026-08-17T12:41:17.414,NATIONALUM,388.8,3.4,370.34,375.0,383.36,396.96,0.25,8.91,10.23,56.95,metals & mining,aluminium and aluminium products,28.72,1.42,4.28,0.03,0.42,355.39,333.04,22.87,2026-08-17,,,,
2026-08-17T12:41:17.414,MCX,2954.2,1.47,2834.26,2742.6,2725.89,3296.67,0.09,45.56,18.86,61.32,financials,miscellaneous,21.47,8.38,22.26,0.16,0.4,2773.56,2640.47,19.81,2026-08-17,,,,
2026-08-17T12:41:17.414,BHEL,425.95,1.01,413.36,401.65,405.46,456.68,0.14,98.6,60.33,61.06,industrials,electric equipment,20.12,5.05,59.45,0.53,0.42,403.4,391.94,19.79,2026-08-17,,,,
2026-08-17T12:41:17.414,SONACOMS,811.0,2.4,783.02,790.0,810.98,811.03,0.17,69.91,70.71,69.26,auto,auto ancillaries,62.91,0.0,75.81,0.42,0.54,768.52,739.95,19.32,2026-08-17,,,,
2026-08-17T12:41:17.414,NEULANDLAB,23745.0,1.82,22511.58,22281.0,21988.44,26379.84,0.31,51.57,60.11,74.24,healthcare,pharmaceuticals - indian - bulk drugs,43.71,7.99,66.49,0.68,0.38,21943.68,20672.69,19.29,2026-08-17,,,,
2026-08-17T12:41:17.414,MOTHERSON,168.86,0.33,164.23,166.71,164.3,175.71,0.05,43.08,40.55,72.88,auto,auto ancillaries,32.17,2.78,49.32,0.19,0.4,160.59,154.88,18.63,2026-08-17,,,,
2026-08-17T12:41:17.414,DATAPATTNS,4510.4,1.23,4379.62,4372.0,4367.47,4724.79,0.11,286.19,93.1,53.49,aerospace & defence,electronics - components,8.6,3.27,74.93,0.5,0.49,4208.39,4031.49,18.19,2026-08-17,,,,
2026-08-17T12:41:17.414,SHRIRAMFIN,1127.0,0.45,1089.96,1112.2,1113.86,1146.71,0.12,18.96,19.8,61.19,financials,finance & investments,21.17,1.18,14.88,-0.03,0.28,1078.7,1043.48,17.47,2026-08-17,,,,
2026-08-17T12:41:17.414,CRAFTSMAN,10444.0,1.88,10045.98,10205.0,10390.58,10524.13,0.11,42.03,51.01,63.05,auto,auto ancillaries,41.2,0.51,33.04,0.25,0.43,9766.21,9408.87,14.81,2026-08-17,,,,
2026-08-17T12:41:17.414,FINCABLES,1317.0,5.63,1227.06,1052.65,1105.38,1634.43,0.58,20.22,23.84,76.56,industrials,cables - power,33.75,19.14,69.64,0.5,0.7,1180.14,1080.4,13.97,2026-08-17,,,,
2026-08-17T12:41:17.414,MINDACORP,726.85,0.94,705.89,706.55,715.23,744.28,0.35,20.77,33.84,58.25,auto,auto ancillaries,28.19,1.62,27.77,0.12,0.22,665.77,625.66,12.68,2026-08-17,,,,
2026-08-17T12:41:17.414,KEI,5853.8,2.7,5586.0,5572.2,5572.03,6276.45,0.16,51.03,54.66,72.82,industrials,cables - power,31.75,5.06,33.53,0.18,0.38,5558.06,5362.15,12.5,2026-08-17,,,,
2026-08-17T12:41:17.414,ABB,7670.0,0.28,7474.46,7561.5,7601.49,7772.76,0.07,112.2,54.24,60.09,industrials,electric equipment,34.6,0.9,55.42,0.22,0.43,7332.9,7162.57,12.44,2026-08-17,,,,
2026-08-17T12:41:17.414,HINDALCO,1042.05,1.22,1012.34,1021.35,1039.21,1046.3,0.08,8.25,13.94,58.2,metals & mining,aluminium and aluminium products,29.4,0.27,9.11,0.06,0.24,989.76,952.44,11.65,2026-08-17,,,,
2026-08-17T12:41:17.414,PNBHOUSING,1145.3,-0.45,1114.26,1135.7,1118.81,1185.03,0.07,13.39,12.95,60.37,financials,finance - housing,24.15,2.37,17.54,0.26,0.22,1088.85,1049.2,11.59,2026-08-17,,,,
2026-08-17T12:41:17.414,TITAN,5104.9,0.96,4950.37,4992.0,5066.18,5162.99,0.05,63.72,77.88,70.55,consumer discretionary,diamond cutting / jewellery,51.44,0.76,20.94,0.13,0.27,4921.12,4785.39,11.48,2026-08-17,,,,
2026-08-17T12:41:17.414,PAYTM,1605.2,0.14,1568.49,1576.1,1532.79,1713.82,0.09,116.66,157.78,75.96,i.t,miscellaneous,46.5,4.72,22.23,0.31,0.13,1505.67,1442.82,11.4,2026-08-17,,,,
2026-08-17T12:41:17.414,IFCI,78.53,2.07,74.24,72.71,73.99,85.34,0.1,163.6,120.22,59.31,financials,finance - term-lending institutions,11.9,6.14,41.0,0.15,0.48,73.08,69.37,10.86,2026-08-17,,,,
2026-08-17T12:41:17.414,TVSMOTOR,4377.7,1.64,4219.39,4297.1,4494.32,4202.77,0.1,51.0,59.7,66.88,auto,automobiles - motorcycles / mopeds,46.56,-2.59,18.64,0.04,0.16,4219.04,4108.35,10.33,2026-08-17,,,,
2026-08-17T12:41:17.414,AJANTPHARM,3706.2,0.91,3589.84,3485.0,3491.66,4028.01,0.2,34.64,40.43,71.49,healthcare,pharmaceuticals - indian - formulations,33.23,6.14,36.95,0.17,0.4,3527.83,3425.85,10.33,2026-08-17,,,,
2026-08-17T12:41:17.414,VIJAYA,1482.7,0.58,1440.5,1382.9,1396.1,1612.6,0.03,71.84,80.86,64.82,healthcare,healthcare,33.92,6.2,49.06,0.38,0.43,1361.92,1283.43,10.26,2026-08-17,,,,
2026-08-17T12:41:17.414,OFSS,11900.0,0.61,11514.02,11318.0,11496.07,12505.9,0.08,18.3,30.16,60.88,i.t,computers - software - large,14.64,3.51,58.01,0.65,0.41,11231.14,10739.5,10.12,2026-08-17,,,,
2026-08-17T12:41:17.414,BAJAJ-AUTO,11771.0,0.61,11433.66,11607.0,11876.13,11613.31,0.12,25.48,27.78,67.93,auto,automobiles - scooters and 3 - wheelers,56.91,-0.89,22.88,0.11,0.25,11410.89,11169.81,10.11,2026-08-17,,,,
2026-08-17T12:41:17.414,ASHOKLEY,173.98,1.36,168.54,169.75,175.01,172.44,0.24,41.42,28.99,60.8,auto,automobiles - lcvs / hcvs,25.49,-0.59,-6.42,-0.22,0.05,163.19,157.57,9.72,2026-08-17,,,,
2026-08-17T12:41:17.414,UNIONBANK,188.2,0.44,180.58,179.88,181.36,198.46,0.13,6.37,6.93,69.5,bank,banks - public sector,28.62,3.77,5.02,-0.03,0.18,179.4,173.11,9.45,2026-08-17,,,,
2026-08-17T12:41:17.414,WELSPUNLIV,167.52,2.11,161.75,159.01,156.27,184.39,0.8,24.78,53.79,56.77,textiles,textiles - products,17.5,7.2,33.4,0.09,0.14,151.31,141.29,9.43,2026-08-17,,,,
2026-08-17T12:41:17.414,EICHERMOT,8081.0,0.18,7895.86,7940.0,8049.19,8128.71,0.17,37.9,38.33,64.41,auto,automobiles - motorcycles / mopeds,32.72,0.4,9.83,-0.08,0.1,7833.86,7732.51,9.29,2026-08-17,,,,
2026-08-17T12:41:17.414,SOLARINDS,20006.0,0.19,19512.78,18420.0,18706.79,21954.81,0.23,69.36,90.74,67.16,aerospace & defence,chemicals,17.04,6.95,55.39,0.41,0.46,18743.72,18123.01,9.09,2026-08-17,,,,
2026-08-17T12:41:17.414,GRAPHITE,734.0,1.72,703.93,718.3,718.6,757.09,0.09,20.8,66.08,65.1,industrials,electrodes - graphites,39.28,2.14,16.12,0.05,0.29,685.66,651.35,8.87,2026-08-17,,,,
2026-08-17T12:41:17.414,HEG,704.4,0.49,681.74,671.0,694.5,719.25,0.2,27.78,37.71,72.38,industrials,electrodes - graphites,56.49,1.43,24.78,0.23,0.3,664.9,641.68,8.66,2026-08-17,,,,
2026-08-17T12:41:17.414,IPCALAB,1850.0,6.68,1769.78,1683.1,1686.02,2095.97,7.15,29.2,32.63,60.12,healthcare,pharmaceuticals - indian - bulk drugs & formln,19.7,9.73,21.95,0.15,0.26,1652.79,1599.98,8.46,2026-08-17,,,,
2026-08-17T12:41:17.414,POLYCAB,9360.0,1.3,9064.02,9025.0,9093.85,9759.23,0.1,44.92,48.35,54.84,industrials,cables - power,9.4,2.93,27.81,0.14,0.22,9045.67,8842.92,8.27,2026-08-17,,,,
2026-08-17T12:41:17.414,MRPL,173.57,1.78,167.16,161.2,168.33,181.42,0.09,8.04,9.51,54.94,energy,refineries,23.13,3.11,10.1,-0.14,0.04,159.75,150.62,7.93,2026-08-17,,,,
2026-08-17T12:41:17.414,PTCIL,20224.0,6.16,18701.34,18720.0,18655.59,22576.62,3.33,126.53,281.18,74.56,industrials,castings & forgings,32.34,8.41,11.95,0.01,0.07,18877.7,18242.97,7.82,2026-08-17,,,,
2026-08-17T12:41:17.414,RKFORGE,745.2,1.72,719.27,728.35,739.61,753.58,0.12,72.21,124.38,75.16,industrials,castings & forgings,50.58,0.76,47.77,0.2,0.34,699.87,670.58,7.63,2026-08-17,,,,
2026-08-17T12:41:17.414,EXIDEIND,475.75,-0.07,462.17,471.6,477.19,473.59,0.11,28.87,43.44,62.6,auto,auto ancillaries,42.59,-0.3,37.93,0.3,0.21,448.11,432.59,6.54,2026-08-17,,,,
2026-08-17T12:41:17.414,BOSCHLTD,47160.0,0.13,46094.3,44000.0,44032.99,51850.52,0.18,49.25,58.78,78.32,auto,auto ancillaries,38.81,7.1,25.91,0.22,0.25,44991.67,43935.43,5.94,2026-08-17,,,,
2026-08-17T12:41:17.414,BALRAMCHIN,649.0,3.86,618.09,592.55,623.33,687.5,0.53,75.12,34.05,59.91,fmcg,sugar,34.64,4.12,52.67,0.28,0.4,595.69,561.95,5.68,2026-08-17,,,,
2026-08-17T12:41:17.414,KPIL,1378.0,1.91,1323.78,1303.3,1299.73,1495.4,0.15,18.97,20.32,60.08,realty,transmisson line towers / equipment,26.07,6.02,21.29,0.16,0.13,1284.03,1214.46,5.37,2026-08-17,,,,
2026-08-17T12:41:17.414,HEROMOTOCO,5774.0,-0.28,5632.06,5747.0,5816.66,5710.02,0.06,20.45,21.26,68.15,auto,automobiles - motorcycles / mopeds,50.95,-0.73,1.73,-0.05,-0.11,5531.02,5381.78,5.1,2026-08-17,,,,
2026-08-17T12:41:17.414,TBOTEK,1679.3,2.82,1581.43,1589.0,1609.55,1783.93,0.06,54.03,66.02,66.52,i.t,travel agencies,34.48,4.33,8.11,0.02,-0.04,1559.03,1473.22,5.05,2026-08-17,,,,
2026-08-17T12:41:17.414,ELGIEQUIP,621.45,1.96,591.14,569.45,573.71,693.06,0.68,47.37,42.92,65.69,industrials,compressors / drilling equipment,17.25,8.32,41.66,0.12,0.2,583.85,557.5,4.7,2026-08-17,,,,
2026-08-17T12:41:17.414,ENDURANCE,3030.0,4.52,2839.55,2878.0,2914.12,3203.82,0.31,43.58,42.05,66.15,auto,auto ancillaries,22.4,3.98,20.23,0.12,0.09,2841.44,2707.12,4.62,2026-08-17,,,,
2026-08-17T12:41:17.414,OBEROIRLTY,1930.1,4.56,1796.24,1764.5,1764.42,2178.61,0.42,32.28,25.36,65.81,realty,construction,18.35,9.39,17.11,0.15,0.15,1822.21,1755.79,4.6,2026-08-17,,,,
2026-08-17T12:41:17.414,UNITDSPR,1536.7,0.05,1493.03,1510.1,1544.65,1524.77,0.03,58.92,57.92,64.79,fmcg,breweries & distilleries,41.77,-0.52,15.04,0.01,0.03,1484.23,1448.18,4.3,2026-08-17,,,,
2026-08-17T12:41:17.414,ENRIN,3547.5,0.32,3455.68,3488.0,3373.68,3808.23,0.07,71.64,84.62,57.51,power & utilities,power generation and supply,23.11,5.15,50.1,0.19,0.09,3301.88,3153.46,3.02,2026-08-17,,,,
2026-08-17T12:41:17.414,UNOMINDA,1269.0,2.34,1213.63,1230.1,1253.58,1292.14,0.24,61.96,59.47,66.54,auto,auto ancillaries,21.32,1.23,6.46,-0.06,-0.06,1209.3,1165.23,2.88,2026-08-17,,,,
2026-08-17T12:41:17.414,POONAWALLA,500.2,0.46,486.28,474.1,478.55,532.67,0.1,35.23,52.36,62.49,financials,finance & investments,31.46,4.52,6.15,-0.01,-0.0,470.88,451.1,2.87,2026-08-17,,,,
2026-08-17T12:41:17.414,PVRINOX,1196.7,1.93,1142.39,1130.1,1182.44,1218.09,0.18,52.03,25.93,69.74,media,entertainment / electronic media software,48.84,1.21,17.35,0.05,0.06,1117.13,1069.64,2.82,2026-08-17,,,,
2026-08-17T12:41:17.414,HAL,5081.7,1.03,4944.1,4803.4,4890.82,5368.02,0.56,53.45,36.09,76.37,aerospace & defence,engineering,30.18,3.9,13.92,0.11,0.08,4828.99,4691.76,2.75,2026-08-17,,,,
2026-08-17T12:41:17.414,KPRMILL,1134.3,2.19,1076.73,1077.1,1049.19,1261.96,0.06,37.51,41.59,60.63,consumer discretionary,textiles - products,19.74,8.11,32.13,0.12,0.05,1070.57,1024.48,2.7,2026-08-17,,,,
2026-08-17T12:41:17.414,LT,4063.3,0.16,3945.77,3990.0,4035.86,4104.46,0.07,33.89,33.64,59.2,realty,engineering - turnkey services,20.01,0.68,5.12,-0.1,-0.04,3957.46,3878.97,2.42,2026-08-17,,,,
2026-08-17T12:41:17.414,OIL,475.95,1.59,460.99,460.45,457.43,503.73,0.14,5.33,9.12,62.98,energy,oil drilling / allied services,31.42,4.05,3.93,-0.04,0.11,448.94,432.24,2.35,2026-08-17,,,,
2026-08-17T12:41:17.414,KALYANKJIL,610.8,0.42,591.18,585.05,611.9,609.14,0.11,45.18,43.76,63.67,consumer discretionary,diamond cutting / jewellery,32.71,-0.18,27.27,0.35,0.17,565.21,541.77,2.04,2026-08-17,,,,
2026-08-17T12:41:17.414,ETERNAL,319.65,0.36,310.51,306.2,315.94,325.21,0.11,799.13,677.66,65.66,i.t,miscellaneous,37.39,1.17,7.02,0.03,0.03,304.84,295.99,1.51,2026-08-17,,,,
2026-08-17T12:41:17.414,PERSISTENT,5590.0,0.18,5423.32,5390.0,5541.67,5662.5,0.06,45.26,45.3,64.79,i.t,computers - software - large,19.6,0.87,-10.9,-0.06,-0.16,5323.12,5132.95,1.28,2026-08-17,,,,
2026-08-17T12:41:17.414,BAJAJFINSV,2020.4,0.6,1957.26,1997.2,2047.67,1979.49,0.06,25.77,31.58,59.0,financials,finance & investments,28.71,-1.33,1.0,-0.08,-0.06,1945.58,1890.06,1.22,2026-08-17,,,,
2026-08-17T12:41:17.414,BEL,411.3,0.12,400.92,399.3,393.86,437.46,0.14,71.41,48.9,58.58,aerospace & defence,electronics - components,15.98,4.43,-1.44,-0.13,-0.05,398.73,391.9,1.01,2026-08-17,,,,
2026-08-17T12:41:17.414,LODHA,1245.5,0.13,1198.34,1185.0,1226.35,1274.23,0.05,22.68,30.11,61.15,realty,construction,34.83,1.56,17.66,0.07,0.07,1177.11,1128.22,0.71,2026-08-17,,,,
2026-08-17T12:41:17.414,ACE,1102.9,1.59,1060.36,1062.3,1097.64,1110.79,0.06,27.46,29.57,58.1,industrials,engineering,34.22,0.48,26.18,0.13,0.09,1035.07,984.2,0.62,2026-08-17,,,,
2026-08-17T12:41:17.414,GLAXO,2700.8,0.45,2616.5,2577.0,2630.24,2806.64,0.24,48.23,43.36,69.75,healthcare,pharmaceuticals - multinational,31.77,2.68,12.78,-0.04,0.05,2589.82,2509.79,0.6,2026-08-17,,,,
2026-08-17T12:41:17.414,BHARTIARTL,1984.9,-0.36,1939.42,1901.3,1939.67,2052.75,0.14,37.09,40.6,59.48,telecom-service,telecommunications - service provider,26.19,2.33,-1.83,-0.09,-0.08,1909.12,1857.39,0.53,2026-08-17,,,,
2026-08-17T12:41:17.414,CESC,169.66,1.09,165.27,160.0,161.85,181.38,0.34,14.0,14.32,60.08,power & utilities,power generation and supply,14.43,4.83,8.28,0.04,-0.05,161.74,156.33,0.49,2026-08-17,,,,
2026-08-17T12:41:17.414,PETRONET,283.0,0.14,276.36,273.0,277.33,291.51,0.09,9.33,10.07,55.65,energy,miscellaneous,10.21,2.05,-1.05,-0.1,0.01,269.97,263.2,0.41,2026-08-17,,,,
2026-08-17T12:41:17.414,BERGEPAINT,550.65,1.02,532.83,533.65,539.17,567.87,0.13,39.67,52.21,61.22,building materials,paints / varnishes,32.99,2.13,4.95,0.1,-0.04,516.7,491.44,0.38,2026-08-17,,,,
2026-08-17T12:41:17.414,NAUKRI,1364.3,1.59,1313.89,1291.1,1300.73,1459.65,0.1,49.57,54.37,70.97,i.t,miscellaneous,39.69,4.89,4.52,0.1,-0.03,1282.79,1226.26,0.37,2026-08-17,,,,
2026-08-17T12:41:17.414,JSL,737.0,-0.12,720.3,712.5,727.64,751.05,0.1,19.73,18.71,55.13,metals & mining,steel - large,12.98,1.29,-7.18,-0.11,-0.06,709.33,695.77,0.27,2026-08-17,,,,
2026-08-17T12:41:17.414,GRAVITA,1811.5,0.96,1731.37,1755.5,1690.66,1992.76,0.26,31.02,33.35,59.41,metals & mining,mining / minerals / metals,17.3,7.15,12.33,0.01,-0.02,1707.68,1631.31,-0.04,2026-08-17,,,,
2026-08-17T12:41:17.414,POLICYBZR,1738.2,-0.16,1690.7,1618.0,1659.24,1856.63,0.11,123.1,107.27,65.97,i.t,miscellaneous,27.14,4.76,5.46,0.05,-0.1,1643.2,1597.95,-0.41,2026-08-17,,,,
2026-08-17T12:41:17.414,BEML,1913.2,2.07,1845.63,1865.1,1784.95,2105.57,0.23,-147.62,77.07,62.36,aerospace & defence,engineering,19.84,7.18,5.57,0.02,0.02,1785.23,1699.05,-0.45,2026-08-17,,,,
2026-08-17T12:41:17.414,DEEPAKNTR,1758.2,2.03,1689.52,1694.0,1720.35,1814.97,0.13,17.37,30.0,57.58,chemicals,chemicals,26.58,2.2,12.47,-0.01,0.1,1653.86,1576.8,-0.62,2026-08-17,,,,
2026-08-17T12:41:17.414,CONCORDBIO,1501.4,3.45,1408.46,1418.0,1406.89,1643.16,0.74,68.0,55.63,72.32,healthcare,pharmaceuticals - indian - bulk drugs & formln,26.96,6.72,11.18,0.17,0.01,1388.7,1336.07,-1.21,2026-08-17,,,,
2026-08-17T12:41:17.414,BHARTIHEXA,1640.1,1.17,1574.86,1477.8,1521.54,1817.94,0.15,42.49,44.45,58.4,telecom-service,telecommunications - service provider,21.3,7.79,0.06,-0.1,-0.09,1520.13,1435.95,-1.52,2026-08-17,,,,
2026-08-17T12:41:17.414,LTFOODS,420.8,0.24,408.51,415.4,420.26,421.61,0.05,19.92,22.77,63.16,fmcg,food - processing - indian,30.46,0.13,13.48,-0.11,-0.02,400.53,385.73,-1.59,2026-08-17,,,,
2026-08-17T12:41:17.414,DEVYANI,144.25,0.34,139.4,132.76,133.9,159.78,0.14,300.52,-653.45,74.38,consumer discretionary,hotels,46.49,7.73,7.42,0.01,0.04,131.97,123.51,-1.78,2026-08-17,,,,
2026-08-17T12:41:17.414,JYOTICNC,858.2,3.79,813.2,789.55,815.61,922.08,0.17,85.48,58.48,61.34,industrials,engineering,28.07,5.22,-7.74,-0.05,-0.16,790.91,740.54,-2.56,2026-08-17,,,,
2026-08-17T12:41:17.414,DLF,672.0,1.05,646.9,644.55,643.87,714.2,0.06,52.34,37.03,57.39,realty,construction,8.4,4.37,3.23,-0.01,-0.09,642.57,621.45,-2.74,2026-08-17,,,,
2026-08-12T13:28:47.302,ATHERENERG,1562.7,2.45,1480.88,1440.0,1398.68,1808.73,0.56,-293.74,-148.39,79.24,auto,automobiles - scooters and 3 - wheelers,58.86,11.73,146.85,0.98,1.18,1427.2,1325.87,65.95,2026-08-12,,,,
2026-08-12T13:28:47.302,HFCL,223.15,4.16,210.7,201.0,194.24,266.52,0.67,37.44,55.79,61.2,telecom,cables - telephone,18.08,14.89,245.03,1.84,2.01,204.42,190.47,49.31,2026-08-12,,,,
2026-08-12T13:28:47.302,HINDCOPPER,553.5,3.79,519.01,522.0,507.82,622.02,5.9,38.02,45.43,68.0,metals & mining,mining / minerals / metals,22.37,8.99,6.34,-0.15,0.63,506.48,487.61,28.15,2026-08-12,,,,
2026-08-12T13:28:47.302,NATIONALUM,416.65,7.38,390.53,376.5,368.67,488.62,2.77,9.55,10.55,77.31,metals & mining,aluminium and aluminium products,26.86,13.01,19.82,0.04,0.56,388.68,373.26,27.88,2026-08-12,,,,
2026-08-12T13:28:47.302,WELCORP,1855.0,0.99,1803.2,1791.1,1766.4,1987.9,0.25,11.69,20.97,74.29,industrials,steel - large,40.13,5.02,146.21,1.05,1.06,1754.23,1696.66,27.24,2026-08-12,,,,
2026-08-12T13:28:47.302,APARINDS,17300.0,3.3,16513.0,15531.0,15313.09,20280.37,1.29,37.17,56.94,73.58,industrials,electric equipment,33.05,12.98,111.28,0.68,0.83,15957.3,15108.28,23.61,2026-08-12,,,,
2026-08-12T13:28:47.302,GRANULES,864.95,0.46,837.31,835.05,823.54,927.07,0.11,29.78,31.82,56.28,healthcare,pharmaceuticals - indian - bulk drugs & formln,20.27,5.03,43.69,0.37,0.53,816.2,780.39,20.82,2026-08-12,,,,
2026-08-12T13:28:47.302,MCX,2965.1,2.42,2822.5,2603.2,2621.14,3481.04,1.57,45.73,18.75,63.8,financials,miscellaneous,20.7,13.12,35.37,0.11,0.39,2761.03,2616.87,19.74,2026-08-12,,,,
2026-08-12T13:28:47.302,BELRISE,259.99,2.37,248.54,240.85,240.5,289.23,1.41,42.48,41.57,72.37,auto,auto ancillaries,23.07,8.11,49.4,0.32,0.58,244.21,240.59,19.72,2026-08-12,,,,
2026-08-12T13:28:47.302,SONACOMS,804.55,0.57,782.04,786.25,799.48,812.15,0.47,69.36,71.43,70.78,auto,auto ancillaries,63.71,0.63,75.06,0.4,0.53,756.44,722.31,19.53,2026-08-12,,,,
2026-08-12T13:28:47.302,SAILIFE,1466.3,1.52,1414.43,1319.5,1367.84,1613.99,0.6,105.95,84.12,73.48,healthcare,pharmaceuticals - indian - bulk drugs & formln,33.26,7.2,58.92,0.47,0.61,1355.41,1279.95,19.53,2026-08-12,,,,
2026-08-12T13:28:47.302,HONASA,469.3,0.43,452.07,459.85,451.08,496.63,0.42,55.08,75.98,59.87,services,trading,19.51,4.04,61.64,0.46,0.55,440.61,426.79,18.79,2026-08-12,,,,
2026-08-12T13:28:47.302,POWERINDIA,35575.0,1.64,34035.4,31140.0,31923.27,41052.6,0.71,134.77,135.61,62.55,industrials,electric equipment,23.09,11.44,98.95,0.46,0.55,32716.7,30732.97,17.32,2026-08-12,,,,
2026-08-12T13:28:47.302,HSCL,760.2,0.62,740.98,748.15,762.83,756.25,0.12,41.77,47.37,56.58,chemicals,chemicals,25.29,-0.35,61.58,0.52,0.65,714.15,684.37,15.29,2026-08-12,,,,
2026-08-12T13:28:47.302,ANANDRATHI,2180.0,1.02,2116.9,2028.5,2047.98,2378.03,1.04,55.5,46.53,72.35,financials,finance & investments,30.41,6.45,38.66,0.36,0.46,2082.4,2051.2,14.99,2026-08-12,,,,
2026-08-12T13:28:47.302,CRAFTSMAN,10639.5,3.36,10119.48,10200.0,10220.97,11267.3,0.7,42.82,51.22,69.4,auto,auto ancillaries,38.64,4.09,39.61,0.25,0.45,9904.8,9437.27,14.75,2026-08-12,,,,
2026-08-12T13:28:47.302,NAVINFLUOR,8388.0,2.84,7962.99,7834.5,7810.38,9254.43,1.0,44.19,52.9,62.75,chemicals,chemicals,26.17,7.4,47.21,0.22,0.39,7751.56,7330.24,14.75,2026-08-12,,,,
2026-08-12T13:28:47.302,HINDALCO,1082.55,3.19,1035.76,1016.0,1013.33,1186.38,1.06,8.57,14.2,71.71,metals & mining,aluminium and aluminium products,29.21,6.83,20.2,0.03,0.31,1027.3,991.26,13.1,2026-08-12,,,,
2026-08-12T13:28:47.302,FINCABLES,1291.0,6.88,1208.34,1003.35,997.12,1731.82,19.16,19.82,23.09,78.74,industrials,cables - power,24.92,29.47,67.61,0.44,0.65,1136.7,1103.98,12.89,2026-08-12,,,,
2026-08-12T13:28:47.302,AUROPHARMA,1659.7,0.1,1619.94,1579.9,1588.74,1766.14,0.4,23.23,25.91,64.64,healthcare,pharmaceuticals - indian - bulk drugs & formln,30.91,4.47,38.46,0.36,0.31,1584.34,1534.22,12.62,2026-08-12,,,,
2026-08-12T13:28:47.302,ABB,7721.5,1.45,7433.79,7535.0,7553.1,7974.11,0.37,112.95,53.98,62.99,industrials,electric equipment,32.06,2.23,51.62,0.21,0.44,7340.6,7074.43,12.58,2026-08-12,,,,
2026-08-12T13:28:47.302,KARURVYSYA,336.8,0.78,325.75,330.25,342.54,328.19,0.26,10.77,11.77,59.1,bank,banks - private sector,23.28,-1.68,28.07,-0.05,0.29,321.22,311.13,12.25,2026-08-12,,,,
2026-08-12T13:28:47.302,KEI,5710.2,1.16,5481.92,5485.5,5298.05,6328.42,0.73,49.78,54.13,72.91,industrials,cables - power,27.15,7.78,31.93,0.15,0.34,5430.79,5226.04,11.5,2026-08-12,,,,
2026-08-12T13:28:47.302,MINDACORP,736.75,2.12,704.91,700.7,707.85,780.1,0.73,34.82,47.12,63.73,auto,auto ancillaries,25.21,4.08,27.48,0.16,0.2,687.64,657.95,11.16,2026-08-12,,,,
2026-08-12T13:28:47.302,PNBHOUSING,1154.6,1.09,1117.69,1119.5,1089.56,1252.16,0.57,13.49,12.85,64.86,financials,finance - housing,21.58,5.97,18.7,0.24,0.22,1084.48,1043.28,11.06,2026-08-12,,,,
2026-08-12T13:28:47.302,PAYTM,1601.3,0.48,1559.47,1421.0,1431.37,1856.19,0.51,116.37,156.86,83.64,i.t,miscellaneous,39.85,11.87,24.29,0.27,0.2,1483.22,1417.06,10.95,2026-08-12,,,,
2026-08-12T13:28:47.302,EMCURE,2012.9,0.71,1943.63,1912.5,1959.01,2093.74,0.68,32.47,37.46,67.96,healthcare,pharmaceuticals - indian - bulk drugs & formln,39.66,2.75,30.7,0.23,0.39,1905.59,1835.21,10.81,2026-08-12,,,,
2026-08-12T13:28:47.302,BAJAJ-AUTO,11750.0,0.28,11471.88,11549.0,11836.63,11620.06,0.4,25.43,27.82,68.37,auto,automobiles - scooters and 3 - wheelers,55.15,-0.73,22.88,0.11,0.24,11321.83,11069.7,10.31,2026-08-12,,,,
2026-08-12T13:28:47.302,SCHNEIDER,1401.0,-0.16,1352.4,1331.0,1305.01,1544.99,0.33,380.71,157.85,56.12,industrials,electric equipment,14.15,7.36,117.5,0.64,0.85,1290.11,1234.74,10.31,2026-08-12,,,,
2026-08-12T13:28:47.302,GMDCLTD,608.5,0.91,590.25,580.15,563.71,675.68,1.46,29.6,20.05,59.3,metals & mining,mining / minerals / metals,21.55,7.94,10.33,-0.07,0.11,571.99,553.26,10.05,2026-08-12,,,,
2026-08-12T13:28:47.302,UNIONBANK,185.37,1.57,178.18,175.21,176.19,199.14,1.15,6.27,6.75,67.29,bank,banks - public sector,24.25,5.21,14.79,-0.05,0.15,175.22,169.84,9.75,2026-08-12,,,,
2026-08-12T13:28:47.302,AUBANK,1077.4,0.61,1040.76,1045.7,1044.12,1127.33,0.59,25.34,28.02,59.13,bank,banks - private sector,22.11,3.19,7.91,-0.01,0.09,1028.88,994.78,9.64,2026-08-12,,,,
2026-08-12T13:28:47.302,ASHOKLEY,175.17,0.2,170.94,172.0,170.67,181.91,0.23,19.91,25.16,66.21,auto,automobiles - lcvs / hcvs,25.06,2.63,-6.39,-0.23,0.14,166.84,162.8,9.48,2026-08-12,,,,
2026-08-12T13:28:47.302,JINDALSAW,274.0,0.17,264.26,261.6,259.54,295.69,0.25,42.02,26.69,60.19,industrials,steel - large,15.08,5.57,70.0,0.3,0.59,258.15,248.65,9.04,2026-08-12,,,,
2026-08-12T13:28:47.302,GRAPHITE,732.6,0.24,712.36,703.8,700.28,781.08,0.37,20.77,66.93,68.12,industrials,electrodes - graphites,35.57,4.62,16.71,0.01,0.27,684.61,658.02,8.89,2026-08-12,,,,
2026-08-12T13:28:47.302,SCI,296.8,0.97,287.48,291.35,289.08,308.38,0.28,5.58,8.46,53.72,transportation,shipping,19.3,2.67,38.65,0.02,0.23,277.44,265.61,8.86,2026-08-12,,,,
2026-08-12T13:28:47.302,SAIL,172.73,-0.16,167.74,168.46,169.54,177.52,0.8,10.85,16.73,53.59,metals & mining,steel - large,15.98,1.88,19.22,-0.01,0.22,161.38,156.04,8.57,2026-08-12,,,,
2026-08-12T13:28:47.302,VIJAYA,1437.4,0.64,1392.68,1340.0,1341.11,1581.84,2.27,69.64,78.34,63.65,healthcare,healthcare,26.85,7.18,44.8,0.3,0.38,1312.57,1276.24,8.53,2026-08-12,,,,
2026-08-12T13:28:47.302,SIEMENS,4036.5,0.64,3911.87,3854.6,3897.87,4244.45,1.45,16.77,43.59,71.3,industrials,electric equipment,30.77,3.56,32.62,0.2,0.18,3803.57,3690.28,8.43,2026-08-12,,,,
2026-08-12T13:28:47.302,AJANTPHARM,3515.0,0.23,3415.3,3442.5,3431.75,3639.88,0.32,32.85,38.61,59.76,healthcare,pharmaceuticals - indian - formulations,30.39,2.43,27.16,0.12,0.34,3354.15,3267.52,8.38,2026-08-12,,,,
2026-08-12T13:28:47.302,AARTIIND,526.25,4.15,493.19,483.4,485.37,587.56,2.03,30.81,34.52,68.11,chemicals,chemicals,21.41,8.42,45.62,0.04,0.35,494.47,472.18,8.2,2026-08-12,,,,
2026-08-12T13:28:47.302,INDIANB,891.9,1.86,855.64,849.3,854.19,948.47,0.6,8.95,9.23,64.82,bank,banks - public sector,20.95,4.41,7.08,-0.09,-0.03,851.54,827.03,8.12,2026-08-12,,,,
2026-08-12T13:28:47.302,SBIN,1079.5,1.27,1044.68,1052.5,1045.17,1131.0,0.94,10.33,11.43,61.25,bank,banks - public sector,21.1,3.28,7.9,-0.13,0.06,1030.65,1000.01,7.67,2026-08-12,,,,
2026-08-12T13:28:47.302,FLUOROCHEM,4494.2,1.77,4321.8,4401.8,4550.38,4409.94,1.17,113.26,84.49,58.31,chemicals,chemicals,36.35,-1.23,30.52,0.19,0.26,4203.95,4057.05,6.85,2026-08-12,,,,
2026-08-12T13:28:47.302,HEG,679.0,0.11,660.52,668.0,688.68,664.47,0.33,26.77,36.48,67.67,industrials,electrodes - graphites,54.71,-1.41,18.28,0.12,0.2,639.77,617.75,6.74,2026-08-12,,,,
2026-08-12T13:28:47.302,LALPATHLAB,1959.8,0.51,1915.31,1880.0,1918.92,2021.12,0.27,48.27,47.01,75.84,healthcare,healthcare,44.66,2.13,38.22,0.24,0.22,1855.85,1806.99,6.72,2026-08-12,,,,
2026-08-12T13:28:47.302,EXIDEIND,487.25,0.81,473.93,462.6,465.89,519.29,0.6,29.57,44.1,72.1,auto,auto ancillaries,43.93,4.58,40.7,0.33,0.29,454.19,437.39,6.55,2026-08-12,,,,
2026-08-12T13:28:47.302,HEROMOTOCO,5900.5,0.6,5727.12,5541.0,5630.58,6305.38,0.8,20.9,21.54,76.8,auto,automobiles - motorcycles / mopeds,47.92,4.79,2.22,-0.06,-0.07,5601.54,5392.83,6.53,2026-08-12,,,,
2026-08-12T13:28:47.302,ZYDUSLIFE,1198.7,0.65,1127.98,1093.2,1104.83,1339.5,2.62,32.05,26.54,69.59,healthcare,pharmaceuticals - indian - bulk drugs & formln,21.95,8.5,33.97,0.24,0.23,1125.08,1075.16,6.47,2026-08-12,,,,
2026-08-12T13:28:47.302,ZENTEC,1835.0,0.84,1773.9,1660.0,1634.6,2135.6,0.36,119.78,90.81,60.5,aerospace & defence,miscellaneous,15.41,12.26,41.92,0.27,0.26,1718.51,1640.94,6.2,2026-08-12,,,,
2026-08-12T13:28:47.302,PTCIL,18971.0,0.34,18345.6,17973.0,18244.29,20061.07,0.23,118.69,279.06,64.3,industrials,castings & forgings,26.54,3.98,6.91,-0.06,0.01,17927.56,17236.97,6.09,2026-08-12,,,,
2026-08-12T13:28:47.302,KPIL,1413.0,4.85,1321.33,1267.2,1267.96,1630.56,10.89,19.45,20.25,68.58,realty,transmisson line towers / equipment,20.87,11.44,26.71,0.14,0.12,1308.73,1285.52,5.73,2026-08-12,,,,
2026-08-12T13:28:47.302,GRASIM,3361.5,1.18,3258.6,3183.0,3197.21,3607.94,1.02,29.11,45.37,63.84,textiles,textiles - manmade,25.39,5.14,21.07,0.05,0.18,3177.43,3063.78,5.28,2026-08-12,,,,
2026-08-12T13:28:47.302,JSWINFRA,354.45,3.69,332.22,322.4,322.16,402.88,1.0,53.7,48.01,66.1,transportation,miscellaneous,21.61,10.02,32.01,0.23,0.27,331.61,315.02,4.59,2026-08-12,,,,
2026-08-12T13:28:47.302,CANBK,131.54,0.95,127.01,127.86,127.02,138.32,0.77,5.76,5.95,58.21,bank,banks - public sector,13.73,3.56,-12.62,-0.18,-0.15,125.79,123.05,4.11,2026-08-12,,,,
2026-08-12T13:28:47.302,BOSCHLTD,46350.0,2.58,44139.2,41870.0,42033.95,52824.08,1.74,48.4,56.39,76.13,auto,auto ancillaries,31.88,10.27,21.99,0.2,0.23,43664.24,42034.92,3.87,2026-08-12,,,,
2026-08-12T13:28:47.302,PIDILITIND,1692.6,0.4,1645.42,1648.1,1647.25,1760.63,1.08,49.38,64.79,65.07,chemicals,chemicals,21.39,2.75,14.08,0.05,0.1,1629.86,1585.21,3.81,2026-08-12,,,,
2026-08-12T13:28:47.302,GLENMARK,2297.5,0.95,2226.95,2245.0,2207.51,2432.48,0.63,33.57,35.72,58.67,healthcare,pharmaceuticals - indian - bulk drugs & formln,11.76,4.08,14.5,0.08,0.16,2199.26,2138.09,3.36,2026-08-12,,,,
2026-08-12T13:28:47.302,PVRINOX,1169.1,0.77,1131.9,1130.0,1162.04,1179.69,0.54,50.83,25.62,68.4,media,entertainment / electronic media software,46.16,0.61,16.43,0.0,0.04,1091.33,1048.69,3.26,2026-08-12,,,,
2026-08-12T13:28:47.302,FORCEMOT,19257.0,5.06,17980.06,18210.0,17819.7,21412.95,1.78,29.29,19.29,63.05,auto,automobiles - lcvs / hcvs,14.38,8.07,2.92,-0.25,0.1,18076.78,17333.61,2.87,2026-08-12,,,,
2026-08-12T13:28:47.302,JINDALSTEL,1099.0,0.37,1071.34,1092.1,1100.11,1097.34,0.22,33.1,40.98,53.52,metals & mining,steel - large,24.23,-0.1,8.81,-0.15,0.02,1053.39,1028.08,2.54,2026-08-12,,,,
2026-08-12T13:28:47.302,PNB,117.86,3.36,111.45,112.3,114.1,123.51,2.21,5.82,5.95,71.89,bank,banks - public sector,26.4,3.3,-4.07,-0.12,-0.09,112.78,110.62,2.44,2026-08-12,,,,
2026-08-12T13:28:47.302,OIL,473.15,0.6,457.32,437.1,449.67,508.37,0.49,5.3,9.16,65.44,energy,oil drilling / allied services,28.05,5.22,12.86,-0.11,0.08,443.69,423.99,2.37,2026-08-12,,,,
2026-08-12T13:28:47.302,ATUL,6918.0,0.99,6649.3,6752.5,6794.11,7103.83,0.7,20.76,25.35,66.24,chemicals,chemicals,32.94,1.82,13.89,-0.04,0.13,6582.68,6338.19,1.91,2026-08-12,,,,
2026-08-12T13:28:47.302,KAJARIACER,1249.3,1.93,1187.66,1158.4,1170.55,1367.42,1.04,29.35,35.75,63.46,building materials,ceramics - tiles / sanitaryware,20.96,6.73,25.63,0.22,0.1,1175.96,1122.65,1.72,2026-08-12,,,,
2026-08-12T13:28:47.302,ARE&M,982.4,1.25,949.87,891.9,911.97,1088.04,4.43,23.55,19.26,66.97,auto,auto ancillaries,26.42,7.72,9.59,-0.0,0.0,902.81,878.02,0.64,2026-08-12,,,,
2026-08-12T13:28:47.302,PFIZER,5100.4,4.12,4793.87,4840.0,4857.19,5465.21,3.35,28.53,30.48,75.71,healthcare,pharmaceuticals - multinational,27.88,5.01,4.7,-0.05,-0.01,4866.46,4739.61,0.49,2026-08-12,,,,
2026-08-12T13:28:47.302,HYUNDAI,2237.8,1.72,2148.85,2181.6,2175.11,2331.83,0.67,51.14,36.11,71.86,auto,automobiles - passenger cars,36.66,2.88,-1.15,-0.06,-0.06,2138.11,2066.74,0.34,2026-08-12,,,,
2026-08-12T13:28:47.302,BERGEPAINT,555.25,3.79,525.18,529.05,526.96,597.68,1.27,40.0,51.24,65.79,building materials,paints / varnishes,27.64,5.37,8.17,0.12,-0.07,521.1,497.25,-0.27,2026-08-12,,,,
2026-08-12T13:28:47.302,ZFCVINDIA,2633.4,0.7,2559.76,2545.4,2503.17,2828.75,0.12,71.72,12.03,61.12,auto,auto ancillaries,24.4,5.2,-7.55,-0.2,-0.01,2503.76,2417.83,-0.3,2026-08-12,,,,
2026-08-12T13:28:47.302,APOLLOTYRE,444.35,0.31,432.52,432.15,431.4,463.77,0.41,20.12,16.41,60.23,auto,tyres,16.36,3.0,-11.9,-0.19,-0.18,424.45,413.42,-0.42,2026-08-12,,,,
2026-08-12T13:28:47.302,NIACL,180.15,0.44,175.15,174.8,169.32,196.4,0.24,-30.64,38.33,54.97,financials,finance & investments,19.8,6.4,21.46,0.04,0.01,167.37,164.74,-0.64,2026-08-12,,,,
2026-08-12T13:28:47.302,CIPLA,1465.0,0.14,1426.98,1456.1,1450.18,1487.23,0.25,37.49,35.05,56.31,healthcare,pharmaceuticals - indian - bulk drugs & formln,21.77,1.02,0.0,0.01,-0.07,1422.92,1395.17,-0.65,2026-08-12,,,,
2026-08-12T13:28:47.302,GLAXO,2622.0,0.77,2527.91,2540.5,2610.69,2638.96,0.36,46.82,41.96,62.22,healthcare,pharmaceuticals - multinational,30.84,0.43,10.54,-0.08,0.02,2500.04,2411.47,-1.61,2026-08-12,,,,
2026-08-12T13:28:47.302,CONCOR,520.3,1.62,500.19,498.25,515.48,527.53,0.66,36.85,31.26,60.81,transportation,miscellaneous,19.87,0.94,1.56,-0.07,-0.03,496.25,481.72,-2.11,2026-08-12,,,,
2026-08-12T13:28:47.302,LTFOODS,427.65,1.99,408.66,413.1,410.75,453.0,0.48,20.25,22.74,69.68,fmcg,food - processing - indian,27.31,4.11,16.93,-0.05,0.02,403.5,389.84,-2.12,2026-08-12,,,,
2026-08-12T13:28:47.302,SBFC,94.49,0.69,91.6,92.35,91.52,98.95,3.2,20.02,21.42,58.83,financials,finance & investments,17.69,3.25,-4.02,-0.12,-0.16,90.77,88.23,-2.31,2026-08-12,,,,
2026-08-12T13:28:47.302,CONCORDBIO,1444.9,1.12,1395.91,1356.4,1363.49,1567.02,0.18,65.44,54.77,66.66,healthcare,pharmaceuticals - indian - bulk drugs & formln,23.92,5.97,9.47,0.04,-0.03,1345.35,1274.79,-2.66,2026-08-12,,,,
2026-08-12T13:28:47.302,COCHINSHIP,1508.5,0.84,1460.2,1416.5,1436.72,1616.16,0.31,35.88,54.92,61.94,aerospace & defence,miscellaneous,19.78,5.0,-3.82,-0.09,-0.13,1444.17,1399.52,-3.15,2026-08-12,,,,
2026-08-12T13:28:47.302,ABBOTINDIA,28125.0,0.38,27199.9,27330.0,27759.28,28673.58,0.58,37.83,38.36,59.04,healthcare,pharmaceuticals - multinational,20.48,1.32,0.11,-0.05,-0.1,27214.58,26596.76,-3.6,2026-08-12,,,,
2026-08-11T23:05:37.013,ATHERENERG,1525.4,4.04,1442.56,1405.0,1369.44,1759.34,0.99,-286.73,-148.39,77.39,auto,automobiles - scooters and 3 - wheelers,57.59,11.39,126.8,0.94,1.15,1382.85,1285.34,74.15,2026-08-11,,,,
2026-08-11T23:05:37.013,HFCL,214.24,0.6,205.06,201.0,191.98,247.64,0.51,35.95,55.79,56.63,telecom,cables - telephone,17.93,11.6,221.09,1.73,1.93,195.35,182.74,47.45,2026-08-11,,,,
2026-08-11T23:05:37.013,LAURUSLABS,1858.0,0.22,1796.44,1830.0,1847.66,1873.51,0.66,68.21,91.71,79.87,healthcare,pharmaceuticals - indian - bulk drugs & formln,56.2,0.56,68.85,0.74,0.84,1787.7,1735.97,28.18,2026-08-11,,,,
2026-08-11T23:05:37.013,HINDCOPPER,533.3,1.34,517.15,495.1,501.67,580.74,1.26,36.63,45.43,62.22,metals & mining,mining / minerals / metals,20.34,6.3,2.5,-0.18,0.61,493.74,469.56,27.31,2026-08-11,,,,
2026-08-11T23:05:37.013,RRKABEL,2812.8,2.03,2683.24,2648.5,2687.79,3000.31,0.44,38.77,52.35,74.01,industrials,cables - power,43.15,4.65,85.08,0.77,1.0,2625.1,2516.53,26.96,2026-08-11,,,,
2026-08-11T23:05:37.013,NATIONALUM,388.0,1.38,376.81,375.15,363.18,425.22,0.83,8.89,10.55,67.85,metals & mining,aluminium and aluminium products,24.28,6.83,16.49,-0.02,0.48,369.02,360.48,25.62,2026-08-11,,,,
2026-08-11T23:05:37.013,APARINDS,16748.0,1.82,16060.24,15511.0,14923.77,19484.35,0.99,35.98,56.94,70.39,industrials,electric equipment,30.65,12.22,104.22,0.61,0.81,15422.48,14666.34,22.9,2026-08-11,,,,
2026-08-11T23:05:37.013,GRANULES,861.0,0.68,835.45,822.0,821.53,920.21,0.35,29.65,31.82,55.21,healthcare,pharmaceuticals - indian - bulk drugs & formln,20.4,4.8,41.82,0.39,0.52,806.44,778.27,20.63,2026-08-11,,,,
2026-08-11T23:05:37.013,SAILIFE,1444.4,1.28,1386.41,1319.5,1349.93,1586.11,1.44,104.36,84.12,71.55,healthcare,pharmaceuticals - indian - bulk drugs & formln,32.56,7.0,50.7,0.49,0.6,1322.52,1259.5,19.65,2026-08-11,,,,
2026-08-11T23:05:37.013,BELRISE,253.97,0.48,246.5,240.46,237.8,278.22,0.59,41.5,41.57,68.55,auto,auto ancillaries,20.22,6.8,43.33,0.26,0.55,241.17,235.35,19.37,2026-08-11,,,,
2026-08-11T23:05:37.013,MOTHERSON,169.26,0.76,164.09,150.9,154.24,191.8,0.78,43.18,40.79,76.17,auto,auto ancillaries,26.17,9.74,44.03,0.25,0.48,157.62,149.66,18.33,2026-08-11,,,,
2026-08-11T23:05:37.013,NEULANDLAB,22955.0,3.33,21835.38,19431.0,20100.42,27236.86,1.58,49.86,59.17,73.74,healthcare,pharmaceuticals - indian - bulk drugs,34.43,14.2,54.89,0.52,0.32,20744.4,19254.45,17.15,2026-08-11,,,,
2026-08-11T23:05:37.013,ANANDRATHI,2158.0,1.24,2074.86,2028.5,2035.95,2341.08,0.53,54.94,46.53,70.09,financials,finance & investments,28.61,5.99,37.36,0.34,0.44,2067.16,2002.03,15.16,2026-08-11,,,,
2026-08-11T23:05:37.013,CRAFTSMAN,10294.0,0.11,10006.78,10200.0,10127.6,10543.6,0.14,41.43,51.22,63.79,auto,auto ancillaries,37.12,1.64,34.26,0.21,0.42,9586.7,9166.22,14.18,2026-08-11,,,,
2026-08-11T23:05:37.013,AUROPHARMA,1658.0,0.61,1607.1,1567.0,1575.0,1782.5,0.34,23.21,25.91,64.43,healthcare,pharmaceuticals - indian - bulk drugs & formln,29.6,5.27,37.48,0.27,0.33,1571.71,1507.0,12.81,2026-08-11,,,,
2026-08-11T23:05:37.013,TITAN,5128.0,0.75,4988.2,4882.3,4959.59,5380.61,1.72,64.0,78.99,75.78,consumer discretionary,diamond cutting / jewellery,51.46,3.4,20.69,0.11,0.29,4901.09,4770.91,12.58,2026-08-11,,,,
2026-08-11T23:05:37.013,GLAND,2924.4,9.64,2751.84,2531.1,2528.76,3517.86,11.1,38.02,42.69,78.39,healthcare,pharmaceuticals - indian - formulations,41.26,15.65,72.57,0.43,0.59,2687.77,2574.3,12.3,2026-08-11,,,,
2026-08-11T23:05:37.013,EMCURE,1998.7,0.18,1945.3,1912.5,1947.72,2075.17,0.51,32.24,37.46,66.42,healthcare,pharmaceuticals - indian - bulk drugs & formln,38.85,2.62,31.34,0.19,0.36,1885.19,1826.25,11.64,2026-08-11,,,,
2026-08-11T23:05:37.013,GABRIEL,1501.4,2.15,1435.8,1462.0,1498.46,1505.81,0.43,61.94,70.32,59.99,auto,auto ancillaries,45.06,0.2,48.28,0.43,0.41,1370.76,1280.37,11.26,2026-08-11,,,,
2026-08-11T23:05:37.013,PAYTM,1593.7,0.61,1544.58,1407.3,1400.36,1883.71,2.34,115.82,156.86,83.29,i.t,miscellaneous,37.44,13.81,22.43,0.24,0.24,1463.78,1412.54,11.02,2026-08-11,,,,
2026-08-11T23:05:37.013,REDINGTON,354.55,0.38,345.65,341.05,332.41,387.75,0.52,14.25,16.29,80.75,services,trading,47.95,6.66,26.37,0.2,0.19,323.27,309.76,10.51,2026-08-11,,,,
2026-08-11T23:05:37.013,FINCABLES,1207.85,14.16,1031.6,994.0,972.15,1561.4,16.16,20.58,25.89,73.77,industrials,cables - power,21.4,24.25,55.82,0.4,0.55,1093.11,1023.71,10.19,2026-08-11,,,,
2026-08-11T23:05:37.013,ASHOKLEY,174.83,0.48,168.56,172.0,168.56,184.23,0.69,19.87,25.16,65.86,auto,automobiles - lcvs / hcvs,24.36,3.72,-4.88,-0.22,0.16,165.96,160.8,9.97,2026-08-11,,,,
2026-08-11T23:05:37.013,EICHERMOT,8000.0,0.31,7795.9,7896.5,7960.99,8058.51,0.99,37.52,38.02,62.62,auto,automobiles - motorcycles / mopeds,26.79,0.49,5.95,0.02,0.07,7707.82,7598.68,9.68,2026-08-11,,,,
2026-08-11T23:05:37.013,UNIONBANK,182.5,0.75,176.28,174.22,174.73,194.16,0.95,6.17,6.75,64.25,bank,banks - public sector,22.47,4.45,13.63,-0.07,0.15,172.67,167.64,9.38,2026-08-11,,,,
2026-08-11T23:05:37.013,GRAPHITE,730.85,1.1,705.89,703.8,692.08,789.0,0.96,20.72,66.93,67.78,industrials,electrodes - graphites,33.97,5.6,13.32,0.06,0.28,678.91,650.11,8.62,2026-08-11,,,,
2026-08-11T23:05:37.013,RKFORGE,751.35,2.06,722.85,688.35,690.55,842.55,1.14,72.81,127.56,81.4,industrials,castings & forgings,44.31,8.8,47.8,0.21,0.37,692.37,658.58,8.55,2026-08-11,,,,
2026-08-11T23:05:37.013,DIVISLAB,8578.5,3.36,8119.79,8233.5,8309.33,8982.26,1.31,63.17,77.84,77.56,healthcare,pharmaceuticals - indian - bulk drugs,56.15,3.24,29.97,0.29,0.29,8161.05,7847.96,8.44,2026-08-11,,,,
2026-08-11T23:05:37.013,VIJAYA,1428.2,2.56,1355.24,1340.0,1332.57,1571.64,0.64,69.2,78.34,62.44,healthcare,healthcare,24.97,7.18,41.21,0.32,0.37,1308.34,1232.04,8.34,2026-08-11,,,,
2026-08-11T23:05:37.013,SIEMENS,4011.0,2.47,3777.51,3854.6,3868.05,4225.43,3.24,96.42,91.74,70.09,industrials,electric equipment,30.41,3.7,33.29,0.19,0.22,3773.51,3624.4,7.89,2026-08-11,,,,
2026-08-11T23:05:37.013,HEROMOTOCO,5865.5,0.09,5687.43,5541.0,5547.55,6342.42,1.08,20.77,21.54,76.04,auto,automobiles - motorcycles / mopeds,45.41,5.73,0.27,-0.06,-0.07,5532.11,5353.56,7.68,2026-08-11,,,,
2026-08-11T23:05:37.013,AJANTPHARM,3507.0,0.02,3425.98,3403.1,3425.37,3629.45,0.68,32.78,38.61,59.13,healthcare,pharmaceuticals - indian - formulations,30.69,2.38,23.57,0.13,0.35,3338.85,3292.64,7.63,2026-08-11,,,,
2026-08-11T23:05:37.013,CHOLAFIN,1914.4,-0.29,1855.04,1862.0,1831.25,2039.13,0.84,24.63,28.22,61.41,financials,finance & investments,19.65,4.54,9.18,-0.0,0.1,1798.46,1723.1,7.45,2026-08-11,,,,
2026-08-11T23:05:37.013,EXIDEIND,483.35,-0.42,469.22,458.9,460.85,517.1,0.85,29.33,44.1,70.95,auto,auto ancillaries,43.42,4.88,37.13,0.31,0.29,448.23,434.94,7.04,2026-08-11,,,,
2026-08-11T23:05:37.013,CARBORUNIV,1173.8,4.71,1081.82,1059.1,1049.3,1360.54,1.3,72.64,106.03,67.0,industrials,abrasives and grinding wheels,19.66,11.86,43.51,0.3,0.36,1077.96,1017.28,7.01,2026-08-11,,,,
2026-08-11T23:05:37.013,HEG,678.25,-0.78,660.52,668.0,685.97,666.68,0.42,26.74,36.48,67.49,industrials,electrodes - graphites,54.08,-1.12,13.36,0.15,0.25,635.82,612.69,6.4,2026-08-11,,,,
2026-08-11T23:05:37.013,AARTIIND,505.3,0.95,487.11,481.15,482.56,539.41,0.93,29.58,34.52,60.24,chemicals,chemicals,19.34,4.71,37.16,-0.01,0.29,477.37,461.92,6.26,2026-08-11,,,,
2026-08-11T23:05:37.013,ANTHEM,891.65,4.53,835.45,812.65,817.77,1002.47,2.31,104.65,86.99,78.3,healthcare,pharmaceuticals - indian - bulk drugs & formln,26.44,9.03,38.29,0.22,0.36,833.42,798.0,5.65,2026-08-11,,,,
2026-08-11T23:05:37.013,THELEELA,512.25,1.04,490.49,497.05,486.84,550.37,0.5,87.71,28.25,62.83,services,hotels,23.61,5.22,22.46,0.07,0.21,475.75,451.43,5.63,2026-08-11,,,,
2026-08-11T23:05:37.013,ENDURANCE,2987.8,0.63,2891.2,2846.0,2817.53,3243.21,1.6,38.01,44.16,71.16,auto,auto ancillaries,20.95,6.04,14.44,0.1,0.07,2822.04,2731.93,4.47,2026-08-11,,,,
2026-08-11T23:05:37.013,PIDILITIND,1685.8,0.05,1630.33,1613.9,1636.31,1760.04,1.11,49.18,64.79,64.09,chemicals,chemicals,21.05,3.02,12.33,0.04,0.11,1616.23,1564.56,4.4,2026-08-11,,,,
2026-08-11T23:05:37.013,UNITDSPR,1548.7,1.75,1482.94,1503.0,1528.4,1579.14,0.6,59.38,58.4,71.79,fmcg,breweries & distilleries,39.39,1.33,14.74,0.01,0.05,1492.99,1451.21,3.88,2026-08-11,,,,
2026-08-11T23:05:37.013,SAREGAMA,529.1,-0.18,514.5,509.25,523.47,537.54,0.37,49.17,46.01,56.94,media,entertainment / electronic media software,29.86,1.07,44.11,0.39,0.38,476.2,450.73,3.71,2026-08-11,,,,
2026-08-11T23:05:37.013,POONAWALLA,487.2,2.2,464.62,469.0,468.62,515.07,0.67,34.31,51.23,59.44,financials,finance & investments,27.02,3.97,5.86,-0.04,0.02,456.72,435.06,3.54,2026-08-11,,,,
2026-08-11T23:05:37.013,TBOTEK,1639.7,2.35,1560.06,1591.9,1564.73,1752.15,0.4,52.76,66.28,65.27,i.t,travel agencies,29.93,4.79,6.77,-0.01,-0.07,1516.61,1439.59,3.53,2026-08-11,,,,
2026-08-11T23:05:37.013,JSWINFRA,341.85,-0.04,332.86,322.4,319.89,374.79,0.54,51.8,48.01,60.17,transportation,miscellaneous,20.58,6.86,25.66,0.18,0.24,321.04,309.58,3.52,2026-08-11,,,,
2026-08-11T23:05:37.013,BOSCHLTD,45185.0,3.86,43120.0,41310.0,41567.65,50611.02,3.78,58.45,48.06,72.51,auto,auto ancillaries,29.46,8.7,16.88,0.17,0.22,42655.74,41323.79,3.41,2026-08-11,,,,
2026-08-11T23:05:37.013,PVRINOX,1160.2,1.42,1107.5,1130.0,1154.45,1168.83,0.95,50.44,25.62,67.09,media,entertainment / electronic media software,45.73,0.5,13.72,0.02,0.07,1078.39,1033.53,3.4,2026-08-11,,,,
2026-08-11T23:05:37.013,GLENMARK,2276.0,1.1,2200.1,2202.2,2199.07,2391.39,0.49,33.26,35.72,55.84,healthcare,pharmaceuticals - indian - bulk drugs & formln,11.63,3.5,9.47,0.06,0.17,2172.65,2110.13,3.08,2026-08-11,,,,
2026-08-11T23:05:37.013,360ONE,1168.0,-0.65,1124.84,1147.8,1149.31,1196.04,0.39,35.92,37.52,57.46,financials,finance & investments,13.6,1.63,-1.18,-0.06,0.01,1105.23,1066.85,2.55,2026-08-11,,,,
2026-08-11T23:05:37.013,OIL,470.35,3.83,451.24,435.45,448.02,503.84,2.71,5.27,9.16,64.29,energy,oil drilling / allied services,26.68,4.98,14.88,-0.12,0.08,438.29,427.9,1.96,2026-08-11,,,,
2026-08-11T23:05:37.013,KALYANKJIL,602.2,0.33,582.81,561.25,623.23,570.65,0.37,44.54,43.32,63.47,consumer discretionary,diamond cutting / jewellery,36.16,-3.37,17.78,0.27,0.21,549.97,517.59,1.93,2026-08-11,,,,
2026-08-11T23:05:37.013,PNB,114.03,0.47,110.05,112.3,113.81,114.36,0.77,5.63,5.95,63.0,bank,banks - public sector,24.71,0.2,-6.51,-0.15,-0.1,110.39,107.94,1.78,2026-08-11,,,,
2026-08-11T23:05:37.013,PERSISTENT,5536.0,1.13,5321.89,5425.0,5509.79,5575.32,0.42,44.82,44.95,64.11,i.t,computers - software - large,20.25,0.48,-14.09,-0.13,-0.16,5239.61,5025.32,1.64,2026-08-11,,,,
2026-08-11T23:05:37.013,BAJAJFINSV,2032.0,0.53,1971.76,1988.0,2027.4,2038.9,0.78,25.92,31.95,61.85,financials,finance & investments,30.98,0.23,1.19,-0.08,-0.03,1930.76,1866.73,1.19,2026-08-11,,,,
2026-08-11T23:05:37.013,ETERNAL,318.0,2.5,300.08,306.2,309.45,330.82,0.63,795.0,676.6,66.35,i.t,miscellaneous,38.06,2.76,12.34,0.01,0.02,300.61,288.07,1.1,2026-08-11,,,,
2026-08-11T23:05:37.013,NAUKRI,1360.0,6.08,1265.28,1222.6,1247.46,1528.81,3.97,49.42,55.06,75.18,i.t,miscellaneous,34.54,9.02,1.72,0.06,-0.01,1254.15,1205.76,0.21,2026-08-11,,,,
2026-08-11T23:05:37.013,ZFCVINDIA,2615.0,0.21,2548.1,2545.4,2468.54,2834.69,0.28,71.21,12.03,59.77,auto,auto ancillaries,23.17,5.93,-9.61,-0.21,-0.01,2471.08,2403.15,0.13,2026-08-11,,,,
2026-08-11T23:05:37.013,GRAVITA,1784.5,0.06,1736.07,1664.0,1634.27,2009.85,0.69,30.56,33.16,57.97,metals & mining,mining / minerals / metals,18.89,9.19,3.36,-0.02,-0.05,1681.63,1629.98,0.05,2026-08-11,,,,
2026-08-11T23:05:37.013,TATAINVEST,688.75,0.12,666.99,666.0,662.4,728.27,0.69,60.63,80.84,58.68,financials,finance & investments,19.07,3.98,0.44,-0.03,-0.08,654.31,633.63,-0.11,2026-08-11,,,,
2026-08-11T23:05:37.013,DEEPAKNTR,1784.8,0.32,1737.15,1712.2,1704.31,1905.54,1.31,17.64,31.07,63.95,chemicals,chemicals,25.9,4.72,10.46,-0.02,0.09,1670.0,1604.1,-0.24,2026-08-11,,,,
2026-08-11T23:05:37.013,POLICYBZR,1733.0,6.32,1585.64,1578.4,1577.72,1965.92,1.46,122.73,106.78,66.16,i.t,miscellaneous,17.52,9.84,2.36,0.04,-0.05,1607.35,1527.11,-0.55,2026-08-11,,,,
2026-08-11T23:05:37.013,BEML,1902.3,0.95,1827.8,1668.1,1696.5,2211.01,1.98,-146.78,78.22,63.48,aerospace & defence,engineering,15.41,12.13,4.5,-0.01,-0.0,1742.53,1658.01,-0.59,2026-08-11,,,,
2026-08-11T23:05:37.013,PFIZER,4898.5,0.43,4743.2,4825.0,4834.1,4995.1,0.93,27.4,30.48,65.59,healthcare,pharmaceuticals - multinational,25.56,1.33,1.94,-0.05,-0.05,4726.93,4612.85,-0.75,2026-08-11,,,,
2026-08-11T23:05:37.013,OLECTRA,1391.6,1.7,1342.6,1350.0,1313.9,1508.15,0.85,51.46,64.37,54.98,auto,automobiles - lcvs / hcvs,16.48,5.91,17.17,0.21,0.06,1323.22,1296.93,-0.78,2026-08-11,,,,
2026-08-11T23:05:37.013,POLYMED,1863.9,5.16,1754.2,1651.2,1678.29,2142.31,6.04,54.89,59.95,70.29,healthcare,healthcare,28.04,11.06,4.9,0.17,-0.06,1713.1,1633.09,-0.84,2026-08-11,,,,
2026-08-11T23:05:37.013,LTM,4850.0,1.15,4655.98,4462.9,4569.47,5270.8,0.79,24.51,27.48,73.24,i.t,computers - software - large,31.04,6.14,-19.41,-0.21,-0.2,4565.12,4351.46,-1.28,2026-08-11,,,,
2026-08-11T23:05:37.013,HCLTECH,1365.4,0.6,1330.84,1328.0,1372.26,1355.11,0.46,19.97,21.21,69.11,i.t,computers - software - large,31.69,-0.5,-17.06,-0.22,-0.18,1303.8,1272.0,-1.69,2026-08-11,,,,
2026-08-11T23:05:37.013,ESCORTS,3107.0,0.81,3009.97,3042.6,3049.18,3193.73,0.98,22.14,24.72,64.84,auto,automobiles - tractors,34.04,1.9,-19.96,-0.24,-0.17,2981.53,2918.43,-1.95,2026-08-11,,,,
2026-08-11T23:05:37.013,MPHASIS,2530.0,0.88,2448.53,2390.7,2382.69,2750.96,0.86,24.66,25.24,62.9,i.t,computers - software - large,11.88,6.18,-10.19,-0.11,-0.13,2380.16,2278.58,-1.98,2026-08-11,,,,
2026-08-11T23:05:37.013,SONATSOFTW,333.9,4.31,312.42,314.65,322.43,351.1,0.34,21.35,19.98,60.05,i.t,computers - software - medium / small,31.39,3.56,-7.73,-0.02,-0.1,299.05,273.92,-2.0,2026-08-11,,,,
2026-08-11T23:05:37.013,DEVYANI,142.79,6.91,130.1,119.11,121.46,174.78,5.21,297.48,-649.05,78.25,consumer discretionary,hotels,35.58,17.56,5.12,-0.0,-0.01,128.29,119.32,-2.52,2026-08-11,,,,
2026-08-11T23:05:37.013,JSWDULUX,3157.0,3.33,3004.68,2975.6,2929.73,3497.91,2.55,28.6,7.28,59.65,building materials,paints / varnishes,19.83,7.76,-0.13,-0.02,-0.1,2952.59,2837.28,-2.64,2026-08-11,,,,
2026-08-11T23:05:37.013,TMPV,347.6,0.14,337.37,343.0,336.99,363.52,0.47,5.53,-579.33,55.38,auto,automobiles - passenger cars,17.4,3.15,-3.06,-0.15,-0.05,334.99,326.62,-2.88,2026-08-11,,,,
2026-08-11T23:05:37.013,AFFLE,1677.3,5.19,1563.3,1578.0,1626.38,1753.68,0.95,45.93,49.3,60.38,i.t,computers - software - medium / small,24.74,3.13,-6.47,-0.06,-0.04,1516.96,1417.41,-3.08,2026-08-11,,,,
2026-08-11T23:05:37.013,LTTS,3652.7,1.93,3528.0,3498.1,3554.41,3800.13,0.95,27.16,29.33,63.98,i.t,computers - software - large,25.44,2.77,-17.37,-0.14,-0.17,3440.59,3336.81,-3.37,2026-08-11,,,,
2026-08-11T23:05:37.013,CONCORDBIO,1428.9,0.7,1392.68,1356.4,1350.41,1546.64,0.77,64.71,54.77,64.84,healthcare,pharmaceuticals - indian - bulk drugs & formln,22.92,5.81,6.24,0.04,-0.02,1318.16,1278.1,-3.4,2026-08-11,,,,
2026-08-11T23:05:37.013,BAJAJHLDNG,11550.0,0.69,11183.76,11219.0,11261.31,11983.04,0.69,11.87,14.51,66.41,financials,finance & investments,25.62,2.56,3.04,-0.04,-0.04,11090.78,10795.36,-3.4,2026-08-11,,,,
2026-08-11T23:05:37.013,TCS,2445.7,0.83,2379.44,2368.5,2440.77,2453.09,0.31,16.57,17.77,61.39,i.t,computers - software - large,24.25,0.2,-23.66,-0.24,-0.24,2323.02,2241.9,-4.57,2026-08-11,,,,
2026-08-11T23:05:37.013,INFY,1190.7,0.65,1158.36,1155.6,1154.19,1245.46,0.71,15.51,16.06,64.04,i.t,computers - software - large,17.93,3.16,-26.16,-0.27,-0.25,1138.65,1102.42,-4.72,2026-08-11,,,,
2026-07-30T12:14:08.326,ATHERENERG,1255.6,0.76,1215.79,1188.1,1260.43,1248.36,0.35,-119.81,-89.33,61.57,auto,automobiles - scooters and 3 - wheelers,50.73,-0.38,75.15,0.92,0.9,1162.09,1102.26,58.29,2026-07-30,,,,
2026-07-30T12:14:08.326,SYRMA,1428.5,6.33,1336.82,1257.0,1316.79,1596.06,5.06,68.81,69.79,59.19,consumer discretionary,electronics - components,27.83,8.48,100.43,0.82,0.56,1292.02,1229.15,24.73,2026-07-30,,,,
2026-07-30T12:14:08.326,RRKABEL,2589.4,1.19,2490.28,2330.2,2387.34,2892.49,0.37,35.69,47.63,66.23,industrials,cables - power,29.81,8.46,80.01,0.81,0.83,2340.1,2185.72,21.41,2026-07-30,,,,
2026-07-30T12:14:08.326,CHENNPETRO,1247.5,2.9,1188.64,1150.0,1201.67,1316.25,1.71,4.5,4.33,57.39,energy,refineries,20.86,3.81,53.69,0.31,0.17,1107.61,1043.88,14.79,2026-07-30,,,,
2026-07-30T12:14:08.326,SONACOMS,747.0,3.68,700.75,705.0,722.25,784.13,1.56,64.4,64.33,76.94,auto,auto ancillaries,54.45,3.43,56.56,0.39,0.48,702.47,670.82,14.43,2026-07-30,,,,
2026-07-30T12:14:08.326,RADICO,4408.3,0.79,4263.88,4038.9,4167.14,4770.04,1.13,64.26,83.22,77.14,fmcg,breweries & distilleries,46.15,5.79,35.66,0.5,0.34,4133.48,4013.46,13.81,2026-07-30,,,,
2026-07-30T12:14:08.326,CRAFTSMAN,9971.5,0.59,9385.46,9113.5,9200.96,11127.31,0.93,40.13,49.33,70.7,auto,auto ancillaries,24.68,8.37,41.81,0.26,0.41,9283.5,8789.49,12.8,2026-07-30,,,,
2026-07-30T12:14:08.326,KARURVYSYA,340.25,0.04,332.22,331.3,330.82,354.39,0.16,10.88,11.98,67.92,bank,banks - private sector,22.27,2.85,33.78,0.04,0.31,322.53,311.29,11.93,2026-07-30,,,,
2026-07-30T12:14:08.326,NYKAA,331.75,1.3,320.21,317.05,327.72,337.79,0.54,307.18,474.64,66.96,i.t,trading,43.54,1.23,28.2,0.28,0.25,317.88,309.94,11.79,2026-07-30,,,,
2026-07-30T12:14:08.326,M&MFIN,393.9,0.04,380.93,352.65,358.77,446.6,0.47,14.79,16.83,72.83,financials,finance & investments,37.54,9.79,2.07,-0.03,0.23,358.31,336.51,11.1,2026-07-30,,,,
2026-07-30T12:14:08.326,RBLBANK,379.25,2.18,360.0,347.85,357.27,412.22,0.68,30.39,26.62,59.63,bank,banks - private sector,14.55,6.15,24.98,0.18,0.16,359.04,346.84,10.75,2026-07-30,,,,
2026-07-30T12:14:08.326,TVSMOTOR,4158.9,2.04,3988.6,3823.3,3850.57,4621.4,1.14,48.45,56.49,76.84,auto,automobiles - motorcycles / mopeds,29.71,8.01,16.37,0.05,0.17,3944.89,3808.18,10.57,2026-07-30,,,,
2026-07-30T12:14:08.326,LLOYDSME,2048.6,-0.13,1980.68,1875.1,1935.99,2217.52,0.45,19.13,29.39,69.67,metals & mining,mining / minerals / metals,29.33,5.82,47.72,0.67,0.56,1912.22,1816.34,9.67,2026-07-30,,,,
2026-07-30T12:14:08.326,TITAN,4847.5,-0.06,4724.48,4604.1,4743.24,5003.89,0.31,91.26,84.81,76.01,consumer discretionary,diamond cutting / jewellery,38.45,2.2,21.69,0.13,0.22,4710.89,4621.94,9.25,2026-07-30,,,,
2026-07-30T12:14:08.326,MANAPPURAM,372.3,0.58,360.93,343.55,349.69,406.21,1.81,19.51,31.56,73.31,financials,finance & investments,21.99,6.47,19.97,0.16,0.31,351.05,344.36,8.95,2026-07-30,,,,
2026-07-30T12:14:08.326,BAJAJ-AUTO,11460.5,1.08,11079.39,11094.0,11019.35,12122.22,0.33,24.81,26.92,73.3,auto,automobiles - scooters and 3 - wheelers,37.93,4.0,26.13,0.11,0.25,10965.9,10659.46,8.94,2026-07-30,,,,
2026-07-30T12:14:08.326,EMCURE,1929.2,1.34,1862.0,1855.4,1851.38,2045.94,0.25,37.56,39.03,62.61,healthcare,pharmaceuticals - indian - bulk drugs & formln,30.58,4.2,37.46,0.24,0.35,1824.61,1751.97,8.88,2026-07-30,,,,
2026-07-30T12:14:08.326,ASTERDM,822.65,0.53,794.88,770.0,799.37,857.57,0.68,75.61,108.53,60.21,healthcare,healthcare,19.59,2.91,34.7,0.41,0.18,780.2,765.11,8.5,2026-07-30,,,,
2026-07-30T12:14:08.326,MINDACORP,700.0,1.12,671.89,650.0,667.86,748.21,0.2,33.08,45.22,59.66,auto,auto ancillaries,19.7,4.81,23.64,0.15,0.12,659.3,633.37,8.29,2026-07-30,,,,
2026-07-30T12:14:08.326,LALPATHLAB,1896.5,0.74,1832.5,1650.9,1743.78,2125.58,0.54,46.71,45.38,73.91,healthcare,healthcare,32.54,8.76,32.84,0.25,0.17,1758.23,1677.82,6.61,2026-07-30,,,,
2026-07-30T12:14:08.326,CREDITACC,1608.2,1.12,1538.7,1456.5,1513.89,1749.66,0.73,13.06,21.03,65.11,financials,finance & investments,30.96,6.23,25.52,0.17,0.15,1503.31,1432.45,6.16,2026-07-30,,,,
2026-07-30T12:14:08.326,PAYTM,1341.9,0.9,1290.76,1236.5,1329.24,1360.89,0.47,97.52,130.91,64.21,i.t,miscellaneous,26.15,0.95,2.52,0.06,-0.01,1257.69,1202.83,5.93,2026-07-30,,,,
2026-07-30T12:14:08.326,MARICO,885.7,0.8,854.95,841.5,855.99,930.27,0.4,72.84,64.47,67.53,fmcg,solvent extraction,40.22,3.47,17.66,0.12,0.19,850.76,827.96,5.82,2026-07-30,,,,
2026-07-30T12:14:08.326,NESTLEIND,1519.0,1.04,1467.06,1431.0,1447.3,1626.55,0.81,76.41,76.04,66.14,fmcg,food - processing - mnc,21.67,4.95,18.67,0.09,0.15,1444.08,1401.5,5.79,2026-07-30,,,,
2026-07-30T12:14:08.326,APOLLOHOSP,8929.5,-0.06,8688.19,8744.0,8868.82,9020.51,0.24,60.63,66.16,61.54,healthcare,healthcare,23.67,0.68,26.04,0.21,0.16,8706.66,8603.02,5.43,2026-07-30,,,,
2026-07-30T12:14:08.326,SUNPHARMA,2012.3,1.13,1948.24,1933.0,1964.29,2084.32,0.34,44.52,41.63,71.84,healthcare,pharmaceuticals - indian - bulk drugs & formln,32.33,2.44,17.24,0.17,0.12,1953.12,1909.03,4.98,2026-07-30,,,,
2026-07-30T12:14:08.326,GRAPHITE,671.5,0.73,645.04,638.0,639.96,718.82,0.83,-31.61,74.32,58.06,industrials,electrodes - graphites,22.8,4.93,11.63,-0.07,0.14,621.46,588.33,4.75,2026-07-30,,,,
2026-07-30T12:14:08.326,HEROMOTOCO,5328.8,3.49,5057.78,4982.0,5012.67,5803.0,1.16,18.25,17.94,67.93,auto,automobiles - motorcycles / mopeds,22.28,6.31,-4.26,-0.12,-0.07,5066.38,4894.37,4.36,2026-07-30,,,,
2026-07-30T12:14:08.326,IIFL,607.9,2.15,588.0,548.0,569.84,664.99,1.22,9.58,12.03,70.47,financials,finance & investments,35.36,6.68,2.36,0.03,0.09,563.79,542.3,4.14,2026-07-30,,,,
2026-07-30T12:14:08.326,ALKEM,5825.0,2.69,5566.4,5561.5,5610.14,6147.28,1.39,73.66,29.47,65.88,healthcare,pharmaceuticals - indian - bulk drugs & formln,21.48,3.83,5.81,-0.06,-0.02,5584.0,5460.76,3.68,2026-07-30,,,,
2026-07-30T12:14:08.326,KALYANKJIL,642.8,2.26,614.51,562.45,617.14,681.29,0.75,40.48,48.06,80.42,consumer discretionary,diamond cutting / jewellery,42.91,4.16,32.28,0.61,0.25,589.54,553.3,3.66,2026-07-30,,,,
2026-07-30T12:14:08.326,EXIDEIND,443.9,1.89,421.4,420.35,436.04,455.7,0.7,43.86,43.35,63.67,auto,auto ancillaries,37.83,1.8,22.66,0.27,0.13,411.8,392.28,3.41,2026-07-30,,,,
2026-07-30T12:14:08.326,UNITDSPR,1519.0,0.97,1476.86,1410.5,1434.37,1645.95,0.57,58.24,56.73,74.9,fmcg,breweries & distilleries,27.63,5.9,6.29,0.05,0.03,1444.11,1403.94,3.26,2026-07-30,,,,
2026-07-30T12:14:08.326,JINDALSTEL,1096.9,0.75,1064.18,1021.0,1024.32,1205.77,0.24,33.04,40.74,58.23,metals & mining,steel - large,29.72,7.09,10.8,-0.13,-0.03,1040.2,1020.77,3.07,2026-07-30,,,,
2026-07-30T12:14:08.326,APLAPOLLO,1882.2,0.66,1817.9,1802.5,1811.89,1987.66,0.25,36.88,43.14,63.36,industrials,steel - large,12.68,3.88,-0.32,-0.16,0.03,1815.8,1772.4,2.9,2026-07-30,,,,
2026-07-30T12:14:08.326,TECHM,1680.4,2.2,1605.34,1531.1,1583.17,1826.24,0.77,25.41,28.38,75.46,i.t,computers - software - large,23.04,6.14,4.22,-0.13,0.12,1589.72,1524.62,2.35,2026-07-30,,,,
2026-07-30T12:14:08.326,ANTHEM,792.5,0.32,767.0,767.35,766.67,831.24,0.12,93.02,77.07,58.64,healthcare,pharmaceuticals - indian - bulk drugs & formln,12.68,3.37,23.53,0.23,0.1,751.82,723.81,2.3,2026-07-30,,,,
2026-07-30T12:14:08.326,UNOMINDA,1179.2,0.9,1137.09,1101.1,1140.81,1236.78,0.35,52.18,56.21,62.67,auto,auto ancillaries,7.95,3.37,-7.01,-0.05,-0.13,1122.28,1083.4,2.2,2026-07-30,,,,
2026-07-30T12:14:08.326,BAJFINANCE,1048.6,-0.55,1014.4,1001.3,1042.59,1057.61,0.48,29.82,34.45,58.32,financials,finance & investments,28.39,0.58,5.11,0.03,0.01,1001.57,977.0,2.0,2026-07-30,,,,
2026-07-30T12:14:08.326,TATATECH,762.75,2.74,726.67,690.0,717.08,831.26,1.47,42.85,54.11,59.02,i.t,computers - software - medium / small,16.13,6.37,17.2,0.08,0.08,708.63,682.3,1.97,2026-07-30,,,,
2026-07-30T12:14:08.326,NH,2077.9,0.35,2017.23,1953.1,2012.59,2175.87,0.12,47.14,52.21,63.29,healthcare,healthcare,17.09,3.25,11.84,0.1,0.13,1992.97,1933.37,1.86,2026-07-30,,,,
2026-07-30T12:14:08.326,MARUTI,13991.0,0.31,13573.0,13197.0,13407.86,14865.72,0.55,30.05,29.87,57.19,auto,automobiles - passenger cars,13.57,4.35,-15.42,-0.11,-0.14,13487.24,13163.42,1.76,2026-07-30,,,,
2026-07-30T12:14:08.326,ENDURANCE,2819.0,1.28,2699.9,2548.6,2698.47,2999.8,0.85,35.87,41.14,62.19,auto,auto ancillaries,17.52,4.47,9.26,0.1,0.01,2653.39,2537.38,1.59,2026-07-30,,,,
2026-07-30T12:14:08.326,BALRAMCHIN,608.2,0.31,592.9,601.15,611.98,602.53,0.14,19.25,32.35,61.69,fmcg,sugar,44.97,-0.62,40.69,0.37,0.28,579.62,562.88,1.5,2026-07-30,,,,
2026-07-30T12:14:08.326,REDINGTON,314.45,9.39,301.79,255.7,267.37,385.07,7.11,15.69,15.08,74.05,services,trading,30.05,17.61,17.53,0.1,0.03,278.79,276.09,1.26,2026-07-30,,,,
2026-07-30T12:14:08.326,JSL,736.0,1.03,711.82,710.1,726.61,750.09,0.2,17.97,18.79,58.05,metals & mining,steel - large,15.36,1.29,-7.42,-0.16,-0.04,704.29,682.46,1.02,2026-07-30,,,,
2026-07-30T12:14:08.326,SBILIFE,1888.4,-0.34,1844.56,1830.1,1847.9,1949.14,0.43,65.3,73.08,61.4,financials,finance & investments,23.67,2.19,-6.02,-0.13,-0.08,1817.0,1785.05,0.92,2026-07-30,,,,
2026-07-30T12:14:08.326,ATUL,6793.0,-0.08,6631.66,6077.0,6195.62,7689.06,0.65,20.38,25.16,63.14,chemicals,chemicals,30.4,9.64,10.42,0.01,0.12,6325.46,6076.81,0.78,2026-07-30,,,,
2026-07-30T12:14:08.326,ECLERX,1967.7,0.82,1852.2,1735.0,1931.33,2022.25,0.32,24.03,14.96,68.46,i.t,computers - software - medium / small,40.6,1.88,-14.28,-0.23,-0.15,1741.92,1599.49,0.74,2026-07-30,,,,
2026-07-30T12:14:08.326,RAINBOW,1513.0,1.09,1446.68,1428.0,1474.18,1571.23,0.55,49.84,54.6,64.19,healthcare,healthcare,21.57,2.63,13.76,0.18,0.08,1442.5,1391.63,0.63,2026-07-30,,,,
2026-07-30T12:14:08.326,SAGILITY,45.36,1.09,43.22,40.28,41.78,50.72,1.06,24.65,21.17,67.82,i.t,computers - software - medium / small,24.04,8.56,-11.49,-0.15,-0.13,41.79,39.3,0.59,2026-07-30,,,,
2026-07-30T12:14:08.326,OIL,455.35,1.66,438.16,435.4,445.5,470.12,0.22,8.82,11.0,58.1,energy,oil drilling / allied services,25.95,2.21,12.31,-0.19,0.01,429.83,414.58,0.55,2026-07-30,,,,
2026-07-30T12:14:08.326,ETERNAL,308.05,-1.2,299.14,276.55,292.63,331.18,0.44,770.13,663.4,67.8,i.t,miscellaneous,35.74,5.27,9.19,0.03,0.0,286.98,273.43,0.52,2026-07-30,,,,
2026-07-30T12:14:08.326,MANKIND,2585.8,-0.27,2519.58,2501.3,2532.21,2666.18,0.17,48.1,55.94,57.43,healthcare,pharmaceuticals - indian - bulk drugs & formln,27.26,2.12,18.52,0.13,0.11,2466.03,2395.4,-0.19,2026-07-30,,,,
2026-07-30T12:14:08.326,INDHOTEL,741.2,0.41,719.22,713.25,725.61,764.58,0.38,73.82,48.98,59.73,services,hotels,24.27,2.15,0.0,0.03,-0.0,715.22,700.54,-0.21,2026-07-30,,,,
2026-07-30T12:14:08.326,M&M,3262.6,1.27,3133.55,3135.1,3163.97,3410.54,0.45,19.53,21.04,58.31,auto,automobiles - passenger cars,20.88,3.12,-9.16,-0.11,-0.15,3099.34,3003.29,-0.42,2026-07-30,,,,
2026-07-30T12:14:08.326,PERSISTENT,5636.0,2.78,5359.03,4965.1,5254.71,6207.93,0.97,41.65,45.8,69.48,i.t,computers - software - large,20.13,7.26,-9.5,-0.15,-0.11,5268.68,5055.18,-0.42,2026-07-30,,,,
2026-07-30T12:14:08.326,PPLPHARMA,196.65,0.5,188.75,178.24,182.98,217.16,1.94,-702.32,-79.22,69.84,healthcare,pharmaceuticals - indian - bulk drugs & formln,36.23,7.47,13.88,0.18,-0.02,180.24,173.29,-0.67,2026-07-30,,,,
2026-07-30T12:14:08.326,INDGN,527.6,0.76,509.06,486.1,493.68,578.48,1.02,39.73,31.3,61.45,healthcare,miscellaneous,21.22,6.87,1.15,0.04,-0.01,497.5,485.83,-0.86,2026-07-30,,,,
2026-07-30T12:14:08.326,COFORGE,1757.5,2.48,1667.67,1430.0,1528.99,2100.27,0.73,35.61,34.83,74.64,i.t,computers - software - large,16.74,14.95,4.46,-0.04,-0.06,1618.48,1521.01,-0.87,2026-07-30,,,,
2026-07-30T12:14:08.326,RECLTD,374.3,0.01,363.73,354.9,356.61,400.83,0.36,5.88,6.16,65.94,financials,finance - term-lending institutions,18.2,4.96,5.34,-0.08,0.01,358.13,348.94,-0.93,2026-07-30,,,,
2026-07-30T12:14:08.326,LODHA,1306.3,-0.76,1271.06,1124.0,1234.67,1413.75,0.57,23.79,31.87,74.53,realty,construction,46.45,5.8,22.73,0.27,0.04,1195.94,1135.67,-0.94,2026-07-30,,,,
2026-07-30T12:14:08.326,CAMS,792.95,0.07,768.08,747.35,754.4,850.78,0.28,38.87,14.29,55.26,financials,miscellaneous,12.48,5.11,7.59,0.03,-0.03,754.83,730.15,-1.09,2026-07-30,,,,
2026-07-30T12:14:08.326,AIIL,546.3,-0.84,528.91,525.0,532.59,566.87,0.06,10.47,8.04,54.92,financials,finance & investments,28.14,2.58,-4.87,-0.03,-0.08,501.67,470.69,-1.48,2026-07-30,,,,
2026-07-30T12:14:08.326,MAXHEALTH,1128.0,1.49,1088.09,1068.8,1079.09,1201.37,0.18,80.11,74.89,59.8,healthcare,healthcare,21.36,4.53,6.01,0.09,-0.01,1083.23,1051.05,-1.62,2026-07-30,,,,
2026-07-30T12:14:08.326,BERGEPAINT,519.15,-0.17,501.96,488.9,484.36,571.34,0.27,45.22,53.78,57.43,building materials,paints / varnishes,14.44,7.18,-4.59,0.03,-0.13,490.49,472.85,-1.91,2026-07-30,,,,
2026-07-30T12:14:08.326,BHARTIHEXA,1657.9,0.21,1603.28,1571.2,1636.9,1689.4,0.23,46.41,47.75,64.7,telecom-service,telecommunications - service provider,25.13,1.28,-9.94,-0.02,-0.11,1573.76,1530.85,-1.95,2026-07-30,,,,
2026-07-30T12:14:08.326,DIXON,14361.0,0.6,13949.32,13586.0,14199.79,14602.81,0.38,72.94,52.41,66.25,consumer discretionary,electronics - consumer,34.68,1.14,21.12,0.28,-0.09,13629.46,13201.8,-2.1,2026-07-30,,,,
2026-07-30T12:14:08.326,PFIZER,4791.0,0.76,4634.32,4554.0,4647.15,5006.78,0.32,26.8,29.59,64.15,healthcare,pharmaceuticals - multinational,15.81,3.1,-3.39,-0.04,-0.08,4582.63,4434.86,-2.24,2026-07-30,,,,
2026-07-30T12:14:08.326,MRF,134685.0,0.36,130839.8,130300.0,131450.21,139537.18,0.34,20.34,23.52,57.96,auto,tyres,14.03,2.46,-9.46,-0.05,-0.18,130681.26,128543.46,-2.51,2026-07-30,,,,
2026-07-30T12:14:08.326,HCLTECH,1362.1,1.32,1318.69,1236.6,1273.02,1495.71,0.56,19.93,20.88,76.27,i.t,computers - software - large,31.26,7.0,-16.43,-0.27,-0.18,1296.18,1254.55,-2.62,2026-07-30,,,,
2026-07-30T12:14:08.326,INDIGO,5219.5,-1.08,5090.12,4886.0,5086.07,5419.65,0.22,-212.17,-42.44,53.47,transportation,transport - airlines,21.02,2.62,2.63,0.04,-0.15,4967.61,4817.2,-2.69,2026-07-30,,,,
2026-07-30T12:14:08.326,MPHASIS,2386.0,1.05,2299.18,2192.1,2312.0,2497.0,1.06,23.26,23.55,55.3,i.t,computers - software - large,11.62,3.2,-15.15,-0.21,-0.18,2195.08,2085.89,-3.5,2026-07-30,,,,
2026-07-30T12:14:08.326,FSL,293.94,0.12,281.68,251.1,265.85,336.07,1.15,24.74,30.08,72.63,i.t,computers - software - medium / small,23.41,10.56,-13.53,-0.15,-0.22,269.08,251.84,-3.51,2026-07-30,,,,
2026-07-30T12:14:08.326,LTM,4474.4,1.17,4334.34,3937.0,4152.51,4957.23,0.61,22.62,25.06,72.25,i.t,computers - software - large,22.79,7.75,-25.84,-0.31,-0.26,4206.22,4049.38,-3.7,2026-07-30,,,,
2026-07-30T12:14:08.326,LTTS,3585.0,0.0,3501.54,3337.5,3413.86,3841.7,0.25,26.66,28.79,63.34,i.t,computers - software - large,23.08,5.01,-20.72,-0.12,-0.17,3374.18,3274.76,-4.05,2026-07-30,,,,
2026-07-30T12:14:08.326,BAJAJHLDNG,10916.0,-0.3,10657.5,10555.0,10450.73,11613.91,0.3,11.79,12.64,59.99,financials,finance & investments,14.52,4.45,-2.97,-0.06,-0.12,10529.35,10313.36,-5.12,2026-07-30,,,,
2026-07-30T12:14:08.326,TCS,2447.9,0.05,2385.71,2205.1,2284.25,2693.38,0.56,16.58,17.78,72.38,i.t,computers - software - large,23.27,7.16,-24.7,-0.28,-0.24,2312.54,2258.12,-5.5,2026-07-30,,,,
2026-07-30T12:14:08.326,CONCORDBIO,1346.0,1.17,1300.56,1238.0,1272.01,1456.99,0.3,39.78,53.69,59.76,healthcare,pharmaceuticals - indian - bulk drugs & formln,17.0,5.82,0.75,0.04,-0.11,1261.13,1215.07,-6.11,2026-07-30,,,,
2026-07-30T12:14:08.326,INFY,1173.8,1.57,1142.88,1013.9,1071.63,1327.05,0.88,15.29,15.59,65.06,i.t,computers - software - large,14.54,9.53,-28.58,-0.35,-0.26,1100.76,1059.87,-6.22,2026-07-30,,,,
2026-06-16T16:00:22.935,NETWEB,4884.4,5.9,4524.86,4050.0,4488.46,5478.31,1.58,98.24,127.06,63.35,i.t,computers - hardware,25.08,8.82,40.54,0.41,0.28,4311.93,3903.18,33.48,2026-06-16,,,,
2026-06-16T16:00:22.935,HFCL,188.98,4.73,177.87,160.66,183.84,196.7,0.54,39.05,84.72,66.13,telecom,cables - telephone,53.39,2.8,150.61,1.62,1.53,168.98,154.46,29.71,2026-06-16,,,,
2026-06-16T16:00:22.935,APARINDS,16168.0,1.14,15516.34,13552.0,14127.81,19228.28,1.49,64.07,65.73,77.46,industrials,electric equipment,41.53,14.44,82.19,0.65,0.87,14712.83,13928.45,24.68,2026-06-16,,,,
2026-06-16T16:00:22.935,NAVINFLUOR,7315.5,0.39,7021.21,6790.0,6988.74,7805.64,0.72,44.08,55.9,61.89,chemicals,chemicals,26.63,4.68,21.17,0.1,0.55,6886.26,6647.83,15.71,2026-06-16,,,,
2026-06-16T16:00:22.935,DATAPATTNS,4477.3,1.17,4292.6,4165.0,4190.49,4907.51,0.63,45.3,91.3,59.56,aerospace & defence,electronics - components,19.96,6.84,49.08,0.59,0.63,3953.29,3604.98,14.04,2026-06-16,,,,
2026-06-16T16:00:22.935,SAILIFE,1206.3,-0.13,1157.67,1164.5,1177.56,1249.41,0.49,61.17,72.72,61.07,healthcare,pharmaceuticals - indian - bulk drugs & formln,20.37,2.44,38.59,0.24,0.36,1118.85,1061.36,13.58,2026-06-16,,,,
2026-06-16T16:00:22.935,J&KBANK,161.99,1.3,154.53,151.4,152.76,175.83,0.72,5.59,7.47,73.02,bank,banks - private sector,36.76,6.04,52.67,0.46,0.57,150.78,143.38,13.27,2026-06-16,,,,
2026-06-16T16:00:22.935,FEDERALBNK,320.6,1.1,310.17,307.05,306.83,341.25,0.68,14.73,17.95,73.43,bank,banks - private sector,27.93,4.49,36.05,0.13,0.62,305.81,295.21,13.12,2026-06-16,,,,
2026-06-16T16:00:22.935,USHAMART,499.2,0.86,479.81,473.45,491.04,511.45,0.35,25.73,32.35,57.41,metals & mining,steel - medium / small,20.99,1.66,11.6,0.04,0.08,466.34,447.49,12.89,2026-06-16,,,,
2026-06-16T16:00:22.935,ABCAPITAL,373.8,1.52,359.56,334.8,345.25,416.62,0.76,21.68,25.57,61.12,financials,finance & investments,13.43,8.27,12.66,-0.05,0.3,348.15,331.07,12.37,2026-06-16,,,,
2026-06-16T16:00:22.935,SHRIRAMFIN,1005.75,0.51,972.21,879.1,900.74,1163.26,0.68,15.66,18.78,62.25,financials,finance & investments,17.6,11.66,23.59,0.09,0.6,939.76,894.57,11.7,2026-06-16,,,,
2026-06-16T16:00:22.935,BSE,4162.4,0.88,4005.16,3865.0,3927.48,4514.79,0.62,53.78,68.07,59.78,financials,miscellaneous,29.47,5.98,50.83,0.4,0.97,3883.84,3687.52,11.47,2026-06-16,,,,
2026-06-16T16:00:22.935,HSCL,689.2,3.03,650.13,663.0,655.22,740.18,1.04,43.29,44.36,67.13,chemicals,chemicals,31.77,5.19,51.03,0.36,0.47,619.56,573.13,10.39,2026-06-16,,,,
2026-06-16T16:00:22.935,ABDL,629.75,0.3,608.09,560.0,581.36,702.34,0.55,107.83,77.61,66.94,fmcg,breweries & distilleries,31.41,8.32,0.8,-0.07,0.18,577.28,542.99,10.36,2026-06-16,,,,
2026-06-16T16:00:22.935,CARTRADE,2383.8,2.53,2282.42,2160.8,2145.26,2741.61,0.99,44.14,49.69,71.95,consumer discretionary,miscellaneous,35.49,11.12,-25.08,-0.18,-0.05,2113.29,1960.91,9.31,2026-06-16,,,,
2026-06-16T16:00:22.935,VIJAYA,1298.6,1.2,1257.34,1252.0,1272.16,1338.26,1.03,69.67,76.24,55.49,healthcare,healthcare,41.25,2.08,24.78,0.21,0.23,1185.59,1131.83,8.04,2026-06-16,,,,
2026-06-16T16:00:22.935,WOCKPHARMA,1919.2,0.61,1866.8,1820.0,1965.82,1849.27,0.27,46.9,145.4,58.46,healthcare,pharmaceuticals - indian - bulk drugs & formln,38.37,-2.37,42.54,0.32,0.39,1719.19,1593.38,7.19,2026-06-16,,,,
2026-06-16T16:00:22.935,AEGISLOG,985.7,0.14,946.29,787.1,837.77,1207.6,1.59,21.08,38.46,83.98,services,trading,42.52,17.66,22.95,0.21,0.27,871.03,801.09,6.53,2026-06-16,,,,
2026-06-16T16:00:22.935,ADANIPORTS,1822.0,0.95,1761.16,1777.9,1797.7,1858.45,0.7,31.52,31.0,59.34,transportation,miscellaneous,20.96,1.35,21.55,0.1,0.27,1742.13,1688.23,6.51,2026-06-16,,,,
2026-06-16T16:00:22.935,TITAN,4338.0,1.27,4197.83,3962.8,4058.9,4756.65,0.6,81.66,74.9,59.15,consumer discretionary,diamond cutting / jewellery,10.91,6.88,13.0,0.03,0.26,4125.5,3972.12,5.41,2026-06-16,,,,
2026-06-16T16:00:22.935,BANDHANBNK,216.74,2.78,203.35,193.51,202.14,238.64,1.12,16.32,27.75,65.14,bank,banks - private sector,22.24,7.22,40.87,0.34,0.35,199.39,187.77,5.03,2026-06-16,,,,
2026-06-16T16:00:22.935,CGCL,217.88,1.73,211.42,198.0,202.23,241.36,2.32,18.53,21.21,73.43,financials,finance & investments,36.69,7.74,10.63,0.09,0.14,201.76,196.19,4.98,2026-06-16,,,,
2026-06-16T16:00:22.935,ASIANPAINT,2748.1,0.32,2680.3,2671.0,2689.04,2836.69,0.69,56.18,60.7,67.02,building materials,paints / varnishes,34.11,2.2,-4.55,-0.08,0.13,2628.1,2560.99,4.85,2026-06-16,,,,
2026-06-16T16:00:22.935,ABB,7021.0,1.42,6800.22,6653.0,6924.4,7165.9,0.78,20.85,49.26,54.76,industrials,electric equipment,16.06,1.4,42.91,0.23,0.31,6660.9,6449.33,4.43,2026-06-16,,,,
2026-06-16T16:00:22.935,KIMS,779.9,1.31,748.33,760.1,763.7,804.2,0.89,183.94,127.88,56.43,healthcare,healthcare,30.89,2.12,15.04,0.08,0.04,723.33,690.0,4.22,2026-06-16,,,,
2026-06-16T16:00:22.935,PHOENIXLTD,1868.2,1.15,1811.04,1721.7,1723.05,2085.93,2.25,41.41,53.97,65.68,realty,construction,16.24,8.42,8.98,-0.03,0.17,1751.65,1681.94,4.13,2026-06-16,,,,
2026-06-16T16:00:22.935,CREDITACC,1407.5,2.36,1350.83,1247.0,1243.84,1653.0,0.43,16.6,28.29,66.37,financials,finance & investments,17.96,13.16,3.84,0.01,-0.01,1318.97,1257.27,3.72,2026-06-16,,,,
2026-06-16T16:00:22.935,AXISBANK,1365.7,-0.19,1322.22,1283.5,1294.0,1473.25,1.03,13.95,16.09,68.33,bank,banks - private sector,18.55,5.54,11.51,-0.02,0.14,1308.92,1272.14,3.65,2026-06-16,,,,
2026-06-16T16:00:22.935,YESBANK,23.89,0.46,22.98,22.18,22.88,25.41,1.74,17.57,21.42,64.57,bank,banks - private sector,22.91,4.44,8.9,0.0,0.1,22.29,21.68,3.61,2026-06-16,,,,
2026-06-16T16:00:22.935,KPIL,1365.7,4.74,1283.7,1241.0,1270.93,1507.85,10.93,13.43,21.41,65.24,realty,transmisson line towers / equipment,32.39,7.46,10.16,0.07,0.06,1260.95,1206.68,3.52,2026-06-16,,,,
2026-06-16T16:00:22.935,LALPATHLAB,1642.0,1.61,1587.6,1555.0,1535.02,1802.47,12.85,52.23,34.23,61.47,healthcare,healthcare,22.07,6.97,4.52,0.05,-0.01,1488.0,1533.5,3.11,2026-06-16,,,,
2026-06-16T16:00:22.935,JINDALSAW,247.91,0.65,237.65,221.7,235.52,266.5,0.92,28.3,16.12,57.0,industrials,steel - large,18.11,5.26,44.96,0.42,0.16,221.87,210.38,2.81,2026-06-16,,,,
2026-06-16T16:00:22.935,TEGA,1830.0,2.71,1746.07,1680.0,1778.95,1906.58,0.51,80.55,86.62,60.29,industrials,engineering,24.79,2.87,-6.82,-0.12,-0.09,1685.64,1584.57,2.49,2026-06-16,,,,
2026-06-16T16:00:22.935,WELSPUNLIV,145.78,0.59,141.72,133.34,140.22,154.12,0.71,33.75,63.57,60.51,textiles,textiles - products,16.15,3.96,7.32,-0.02,0.21,136.5,131.0,2.44,2026-06-16,,,,
2026-06-16T16:00:22.935,IIFL,528.1,1.1,513.52,485.2,501.26,568.36,0.67,9.57,13.37,63.0,financials,finance & investments,24.59,5.35,-1.67,-0.16,0.22,485.75,470.29,2.37,2026-06-16,,,,
2026-06-16T16:00:22.935,TIINDIA,3264.2,1.18,3162.46,2962.0,3079.43,3541.35,0.78,184.63,98.0,63.18,industrials,steel - large,18.74,6.0,7.62,0.13,0.01,3029.73,2902.48,2.0,2026-06-16,,,,
2026-06-16T16:00:22.935,KAJARIACER,1139.1,2.97,1083.98,1060.1,1070.48,1242.03,0.96,29.12,36.29,62.91,building materials,ceramics - tiles / sanitaryware,15.81,6.41,0.98,-0.0,-0.07,1081.3,1041.66,1.9,2026-06-16,,,,
2026-06-16T16:00:22.935,MMTC,75.74,7.91,67.96,62.9,65.01,91.83,11.32,22.54,27.1,69.35,services,trading,25.3,16.5,13.48,0.26,0.12,66.65,61.68,1.62,2026-06-16,,,,
2026-06-16T16:00:22.935,CHOLAFIN,1680.4,1.62,1616.8,1449.3,1463.97,2005.05,1.1,21.73,26.7,64.54,financials,finance & investments,15.33,14.78,-1.75,-0.11,0.04,1558.03,1471.55,0.94,2026-06-16,,,,
2026-06-16T16:00:22.935,DEEPAKFERT,1535.0,1.77,1484.7,1468.0,1482.69,1613.47,0.73,34.76,25.83,66.8,chemicals,chemicals,33.64,3.53,8.17,0.14,-0.03,1400.01,1321.56,0.79,2026-06-16,,,,
2026-06-16T16:00:22.935,IOC,145.11,0.43,140.86,133.55,136.19,158.49,0.65,3.46,4.73,57.51,energy,refineries,12.89,6.55,-15.66,-0.18,-0.03,137.03,131.31,0.25,2026-06-16,,,,
2026-06-16T16:00:22.935,BAJFINANCE,959.65,1.84,927.08,868.5,870.51,1093.36,0.99,27.29,30.78,62.56,financials,finance & investments,14.38,10.24,-4.48,-0.13,-0.06,904.05,866.6,0.02,2026-06-16,,,,
2026-06-16T16:00:22.935,ZENTEC,1854.7,3.67,1744.4,1706.7,1746.58,2016.88,1.12,132.1,83.14,65.94,aerospace & defence,miscellaneous,16.38,6.19,35.68,0.23,0.19,1687.03,1571.77,-0.09,2026-06-16,,,,
2026-06-16T16:00:22.935,FACT,997.8,10.13,888.22,881.1,866.98,1194.03,18.13,4989.0,-1485.33,74.71,chemicals,fertilizers,19.0,15.09,10.28,0.11,0.02,897.19,882.54,-0.67,2026-06-16,,,,
2026-06-16T16:00:22.935,KPRMILL,1059.0,0.34,1024.1,1029.5,1051.79,1069.82,0.42,39.81,41.64,62.64,consumer discretionary,textiles - products,32.92,0.69,-2.75,0.0,-0.04,985.7,941.72,-0.7,2026-06-16,,,,
2026-06-16T16:00:22.935,JBMA,684.7,0.21,663.51,642.25,655.8,728.05,0.19,54.51,73.79,58.29,auto,auto ancillaries,19.76,4.41,8.55,0.11,-0.04,632.14,595.86,-0.71,2026-06-16,,,,
2026-06-16T16:00:22.935,KOTAKBANK,407.85,0.52,396.41,380.5,384.13,443.43,0.49,18.71,5.4,69.66,bank,banks - private sector,19.14,6.17,-1.69,-0.14,-0.01,390.69,378.53,-0.76,2026-06-16,,,,
2026-06-16T16:00:22.935,TITAGARH,894.45,3.97,842.16,814.15,839.7,976.58,0.86,56.33,68.39,65.96,industrials,engineering,17.52,6.52,3.71,0.06,-0.02,825.74,779.57,-0.77,2026-06-16,,,,
2026-06-16T16:00:22.935,PETRONET,290.55,1.63,278.42,261.15,266.76,326.23,1.47,7.95,10.96,66.32,energy,miscellaneous,15.23,8.92,4.3,-0.01,0.05,274.03,262.89,-0.99,2026-06-16,,,,
2026-06-16T16:00:22.935,HONAUT,36605.0,1.95,35186.9,34950.0,36089.85,37377.73,0.36,50.67,60.47,65.75,consumer discretionary,electronics - components,36.67,1.43,3.07,-0.01,-0.02,34233.22,32569.38,-1.05,2026-06-16,,,,
2026-06-16T16:00:22.935,BALRAMCHIN,559.05,1.35,541.4,533.6,528.92,604.25,0.34,17.69,29.43,61.4,fmcg,sugar,28.26,5.7,22.05,0.17,0.2,522.95,496.83,-1.38,2026-06-16,,,,
2026-06-16T16:00:22.935,DOMS,2314.0,1.94,2195.2,2089.7,2100.68,2633.98,2.99,61.87,59.85,60.73,miscellaneous,printing & stationery,19.34,10.15,-7.77,-0.17,-0.1,2145.68,2042.44,-1.4,2026-06-16,,,,
2026-06-16T16:00:22.935,ICICIBANK,1334.3,0.51,1299.77,1271.3,1273.85,1424.97,0.69,16.18,17.49,63.49,bank,banks - private sector,19.32,4.75,-3.68,-0.1,-0.05,1279.13,1240.75,-1.61,2026-06-16,,,,
2026-06-16T16:00:22.935,AEGISVOPAK,236.8,2.21,227.86,193.41,194.67,299.99,3.05,95.48,108.77,73.57,transportation,miscellaneous,19.09,21.64,-12.84,-0.13,-0.06,212.3,198.64,-1.74,2026-06-16,,,,
2026-06-16T16:00:22.935,LICHSGFIN,552.8,-0.19,539.49,533.4,531.9,584.15,0.35,5.09,5.44,52.52,financials,finance - housing,16.56,3.93,-2.64,-0.04,-0.05,522.06,507.15,-2.22,2026-06-16,,,,
2026-06-16T16:00:22.935,PRESTIGE,1521.1,3.3,1431.88,1311.0,1332.06,1804.67,1.57,65.45,53.04,66.65,realty,construction,13.43,14.19,-13.33,-0.16,-0.03,1404.35,1323.59,-2.23,2026-06-16,,,,
2026-06-16T16:00:22.935,ZEEL,111.19,2.49,106.1,102.25,106.04,118.91,1.42,-25.74,38.34,64.33,media,entertainment / electronic media software,34.03,4.85,11.98,0.09,-0.05,97.44,89.69,-2.43,2026-06-16,,,,
2026-06-16T16:00:22.935,CHAMBLFERT,490.0,3.35,464.72,460.0,464.31,528.54,3.92,28.96,9.72,62.58,chemicals,fertilizers,14.18,5.53,5.15,0.04,-0.09,459.87,445.07,-2.5,2026-06-16,,,,
2026-06-16T16:00:22.935,INDHOTEL,694.4,0.66,676.89,654.05,657.52,749.71,0.49,41.24,47.12,63.73,services,hotels,11.92,5.61,-3.2,-0.13,-0.05,661.76,641.39,-2.63,2026-06-16,,,,
2026-06-16T16:00:22.935,HOMEFIRST,1136.0,1.84,1096.72,1018.5,1036.65,1285.02,0.64,19.79,21.32,58.05,financials,finance - housing,16.83,9.58,-2.74,-0.11,-0.07,1052.06,1001.1,-2.63,2026-06-16,,,,
2026-06-16T16:00:22.935,SRF,2744.0,0.86,2675.4,2650.0,2678.58,2842.13,1.15,34.95,43.94,56.07,chemicals,chemicals,9.78,2.44,-5.77,-0.16,-0.06,2606.8,2543.9,-2.65,2026-06-16,,,,
2026-06-16T16:00:22.935,NBCC,109.14,1.66,105.11,99.54,104.22,116.52,1.19,30.66,40.36,65.09,miscellaneous,miscellaneous,26.15,4.72,0.92,-0.08,0.0,101.29,96.18,-2.69,2026-06-16,,,,
2026-06-16T16:00:22.935,HUDCO,212.83,1.57,205.06,199.02,198.99,233.58,0.82,5.37,10.39,58.68,financials,finance - term-lending institutions,12.85,6.95,-5.32,-0.08,-0.07,200.52,194.64,-2.81,2026-06-16,,,,
2026-06-16T16:00:22.935,MPHASIS,2323.0,0.58,2254.39,2234.0,2295.59,2364.12,1.07,21.73,23.61,55.68,i.t,computers - software - large,11.12,1.19,-17.68,-0.27,-0.15,2192.05,2119.84,-2.95,2026-06-16,,,,
2026-06-16T16:00:22.935,APOLLOTYRE,416.45,0.51,402.88,378.05,385.26,463.23,0.91,10.44,19.12,60.16,auto,tyres,13.46,8.1,-22.35,-0.25,-0.16,392.67,378.79,-3.08,2026-06-16,,,,
2026-06-16T16:00:22.935,COROMANDEL,2059.7,3.7,1941.18,1809.8,1780.41,2478.63,1.33,108.41,29.91,67.51,chemicals,fertilizers,27.19,15.69,-6.79,-0.18,-0.09,1908.25,1815.97,-3.24,2026-06-16,,,,
2026-06-16T16:00:22.935,RECLTD,356.55,1.34,345.35,335.7,335.4,388.27,0.5,7.02,5.69,58.52,financials,finance - term-lending institutions,14.89,6.31,-0.56,-0.05,-0.06,338.89,327.85,-3.35,2026-06-16,,,,
2026-06-16T16:00:22.935,MGL,1185.6,4.09,1121.81,1054.1,1063.3,1369.05,2.01,22.54,13.38,66.76,energy,miscellaneous,14.78,11.5,-3.73,-0.03,-0.07,1107.89,1055.0,-3.44,2026-06-16,,,,
2026-06-16T16:00:22.935,INDIAMART,2084.1,1.73,2018.8,1961.0,1975.2,2247.44,2.22,62.32,25.9,61.3,i.t,miscellaneous,24.11,5.51,-15.87,-0.14,-0.15,1996.27,1961.3,-3.97,2026-06-16,,,,
2026-06-16T16:00:22.935,COFORGE,1464.8,4.44,1377.0,1356.2,1413.45,1541.83,1.04,20.09,30.25,60.36,i.t,computers - software - large,17.9,3.63,-19.06,-0.27,-0.08,1356.73,1279.28,-4.22,2026-06-16,,,,
2026-06-16T16:00:22.935,UCOBANK,26.33,0.57,25.63,25.01,25.04,28.26,0.67,10.29,11.9,57.96,bank,banks - public sector,14.64,5.15,-12.99,-0.17,-0.14,25.0,24.22,-4.53,2026-06-16,,,,
2026-06-16T16:00:22.935,DIXON,12235.0,2.33,11585.56,11285.0,11465.4,13389.4,1.63,62.14,43.9,64.69,consumer discretionary,electronics - consumer,14.27,6.71,-20.15,-0.16,-0.33,11481.04,10970.57,-4.9,2026-06-16,,,,
2026-06-16T16:00:22.935,HDFCBANK,784.9,0.97,763.86,736.4,738.41,854.64,0.7,14.84,12.93,59.24,bank,banks - private sector,19.17,6.3,-20.37,-0.28,-0.2,750.53,727.56,-5.07,2026-06-16,,,,
2026-06-16T16:00:22.935,BBTC,1537.0,0.89,1493.03,1480.5,1482.88,1618.18,0.43,6.04,8.55,53.82,auto,auto ancillaries,13.04,3.65,-17.94,-0.24,-0.17,1459.53,1411.62,-5.54,2026-06-16,,,,
2026-06-16T16:00:22.935,PARADEEP,134.2,5.17,125.05,120.49,122.88,151.18,2.76,22.37,13.29,62.97,chemicals,fertilizers,13.25,9.21,-17.22,-0.21,-0.29,124.19,117.48,-5.64,2026-06-16,,,,
2026-06-16T16:00:22.935,PCBL,305.95,0.94,297.23,275.7,281.86,342.08,0.99,74.99,58.4,60.73,chemicals,chemicals,11.23,8.54,-11.28,-0.1,-0.21,282.48,273.33,-5.95,2026-06-16,,,,
2026-06-16T16:00:22.935,AAVAS,1399.9,-0.38,1358.28,1256.9,1277.95,1582.82,0.43,15.26,16.99,59.83,financials,finance - housing,24.32,9.54,-19.35,-0.18,-0.14,1295.16,1236.71,-6.06,2026-06-16,,,,
2026-06-16T16:00:22.935,DLF,629.3,2.42,599.47,555.5,568.5,720.5,1.27,30.73,34.46,65.26,realty,construction,17.24,10.69,-17.65,-0.17,-0.15,588.74,561.02,-6.39,2026-06-16,,,,
2026-06-16T16:00:22.935,PGEL,527.45,7.03,481.67,457.0,460.5,627.87,3.53,58.09,71.32,61.61,consumer discretionary,electronics - components,20.24,14.54,-5.72,-0.14,-0.01,480.32,449.27,-6.51,2026-06-16,,,,
2026-06-16T16:00:22.935,NAUKRI,997.65,1.55,965.64,949.05,978.1,1026.98,0.54,28.57,43.88,54.49,i.t,miscellaneous,15.68,2.0,-25.9,-0.33,-0.27,940.54,904.0,-8.09,2026-06-16,,,,
2026-06-04T14:33:02.55,ACUTAAS,3167.6,1.02,3053.29,2902.0,3041.21,3357.19,0.36,49.22,72.07,69.21,healthcare,pharmaceuticals - indian - bulk drugs,44.85,4.16,83.35,0.67,1.1,2913.62,2743.54,39.4,2026-06-04,,,,
2026-06-04T14:33:02.55,HFCL,200.45,0.52,189.79,170.32,175.72,237.55,1.12,41.42,93.62,86.73,telecom,cables - telephone,62.54,14.07,172.77,1.61,1.53,175.49,165.3,34.97,2026-06-04,,,,
2026-06-04T14:33:02.55,NETWEB,4889.0,3.9,4571.7,4050.2,4126.21,6033.19,1.12,98.33,129.62,73.4,i.t,computers - hardware,27.84,18.49,21.1,0.4,0.66,4317.27,3912.48,34.0,2026-06-04,,,,
2026-06-04T14:33:02.55,KIRLOSENG,1952.0,3.31,1831.91,1821.9,1775.23,2217.15,0.99,44.73,47.81,69.65,industrials,engines,26.29,9.96,95.31,0.62,1.03,1770.53,1664.12,30.93,2026-06-04,,,,
2026-06-04T14:33:02.55,LAURUSLABS,1423.9,2.12,1356.32,1356.4,1406.19,1450.47,0.78,68.85,84.66,79.02,healthcare,pharmaceuticals - indian - bulk drugs & formln,50.92,1.26,49.39,0.29,0.54,1358.79,1319.76,29.64,2026-06-04,,,,
2026-06-04T14:33:02.55,SYRMA,1225.4,2.52,1165.61,1049.1,1067.26,1462.61,0.69,57.91,70.94,78.55,consumer discretionary,electronics - components,41.36,14.82,50.63,0.42,0.45,1129.22,1065.68,28.7,2026-06-04,,,,
2026-06-04T14:33:02.55,IDEA,14.99,0.94,14.58,13.81,14.62,15.54,0.95,0.78,4.68,85.4,telecom-service,telecommunications - service provider,58.33,2.53,80.18,0.36,0.83,13.98,13.41,27.55,2026-06-04,,,,
2026-06-04T14:33:02.55,POWERINDIA,36460.0,3.61,34799.8,34820.0,35799.31,37451.03,1.24,122.94,158.78,61.08,industrials,electric equipment,32.93,1.85,105.08,0.48,0.76,32992.44,31291.77,23.84,2026-06-04,,,,
2026-06-04T14:33:02.55,CUMMINSIND,5799.5,1.88,5549.25,5607.0,5575.61,6135.34,0.51,61.88,66.81,63.88,industrials,engines,25.29,4.02,33.52,0.18,0.36,5394.41,5158.59,21.32,2026-06-04,,,,
2026-06-04T14:33:02.55,ADANIENSOL,1513.0,1.33,1453.24,1445.0,1427.85,1640.73,0.55,66.48,78.58,66.32,power & utilities,power generation and supply,24.32,5.96,53.44,0.43,0.75,1384.68,1299.44,19.08,2026-06-04,,,,
2026-06-04T14:33:02.55,RRKABEL,2230.8,3.47,2073.78,1961.4,2044.58,2510.13,1.43,37.56,49.53,77.47,industrials,cables - power,44.78,9.11,58.0,0.47,0.73,2018.39,1863.28,18.3,2026-06-04,,,,
2026-06-04T14:33:02.55,APARINDS,13630.0,0.68,13159.44,12511.0,12748.72,14951.91,1.0,54.01,55.66,64.41,industrials,electric equipment,34.46,6.91,57.19,0.41,0.53,12356.45,11596.29,18.17,2026-06-04,,,,
2026-06-04T14:33:02.55,CHENNPETRO,1196.5,0.56,1153.17,1045.0,1033.84,1440.49,0.36,3.13,5.71,72.42,energy,refineries,19.96,15.73,22.26,0.18,0.54,1101.63,1045.88,16.99,2026-06-04,,,,
2026-06-04T14:33:02.55,RBLBANK,353.45,1.51,338.44,333.0,336.37,379.08,0.67,22.31,24.28,63.13,bank,banks - private sector,19.81,5.08,8.58,0.08,0.28,331.7,316.94,15.74,2026-06-04,,,,
2026-06-04T14:33:02.55,USHAMART,516.3,3.69,481.57,485.25,483.15,566.02,0.96,26.61,32.55,68.35,metals & mining,steel - medium / small,22.76,6.86,11.19,0.12,0.23,477.69,449.48,14.68,2026-06-04,,,,
2026-06-04T14:33:02.55,BHARATFORG,1947.0,0.54,1897.77,1870.5,1889.75,2032.88,0.8,100.15,85.76,56.97,industrials,castings & forgings,12.84,3.03,47.03,0.26,0.49,1844.82,1809.68,14.4,2026-06-04,,,,
2026-06-04T14:33:02.55,POLYCAB,9762.5,2.0,9341.85,9320.5,9584.57,10029.4,0.42,46.77,53.66,75.44,industrials,cables - power,38.01,1.86,26.73,0.22,0.28,9327.91,9013.97,14.05,2026-06-04,,,,
2026-06-04T14:33:02.55,CRAFTSMAN,9200.5,3.39,8666.63,8589.0,8775.61,9837.83,0.49,44.36,50.63,68.53,auto,auto ancillaries,46.18,4.84,37.74,0.22,0.32,8416.29,7927.63,13.79,2026-06-04,,,,
2026-06-04T14:33:02.55,GRANULES,794.85,0.13,765.97,768.55,770.58,831.26,0.28,24.14,32.48,72.13,healthcare,pharmaceuticals - indian - bulk drugs & formln,50.5,3.15,40.66,0.28,0.42,750.06,719.02,13.67,2026-06-04,,,,
2026-06-04T14:33:02.55,CEMPRO,1127.3,9.99,996.37,992.3,983.63,1342.8,0.85,19.99,29.44,74.0,realty,construction,43.81,14.61,39.25,0.22,0.32,995.96,897.46,13.66,2026-06-04,,,,
2026-06-04T14:33:02.55,SAILIFE,1156.2,1.63,1100.64,1109.2,1131.62,1193.07,0.51,58.63,68.49,59.87,healthcare,pharmaceuticals - indian - bulk drugs & formln,15.37,2.17,25.92,0.21,0.27,1067.5,1007.58,13.39,2026-06-04,,,,
2026-06-04T14:33:02.55,SAMMAANCAP,183.64,3.21,172.48,172.2,168.17,206.84,0.85,-0.46,-2.04,77.35,financials,finance - housing,33.21,9.2,-2.12,0.13,0.3,168.5,158.95,12.42,2026-06-04,,,,
2026-06-04T14:33:02.55,KEI,5332.5,2.12,5082.28,5067.5,5209.85,5516.47,0.36,44.83,54.34,60.97,industrials,cables - power,16.05,2.35,32.27,0.17,0.23,4991.24,4777.3,11.07,2026-06-04,,,,
2026-06-04T14:33:02.55,THERMAX,4898.5,2.38,4659.9,4650.0,4690.93,5209.86,0.87,56.49,74.82,65.8,industrials,electric equipment,56.27,4.42,52.19,0.54,0.43,4434.64,4191.14,10.82,2026-06-04,,,,
2026-06-04T14:33:02.55,VIJAYA,1359.1,6.23,1243.72,1224.5,1273.91,1486.89,2.67,72.91,76.02,64.14,healthcare,healthcare,49.99,6.69,37.53,0.24,0.25,1207.56,1114.81,10.48,2026-06-04,,,,
2026-06-04T14:33:02.55,ABDL,572.7,0.09,555.76,538.15,530.89,635.42,0.7,98.07,70.73,61.45,fmcg,breweries & distilleries,22.21,7.88,-13.44,-0.12,0.0,529.67,514.3,9.37,2026-06-04,,,,
2026-06-04T14:33:02.55,CGPOWER,938.55,3.52,888.62,883.05,884.7,1019.33,1.87,101.14,117.59,68.46,industrials,electric equipment,29.76,6.09,27.42,0.31,0.15,872.98,836.25,9.28,2026-06-04,,,,
2026-06-04T14:33:02.55,AIAENG,4573.6,1.16,4430.09,4376.5,4258.0,5046.99,0.9,27.13,33.22,76.68,industrials,castings & forgings,27.08,7.41,40.74,0.09,0.43,4275.44,4142.23,9.22,2026-06-04,,,,
2026-06-04T14:33:02.55,HONASA,417.8,3.9,392.29,396.1,394.65,452.52,0.78,49.04,65.38,73.2,services,trading,46.27,5.87,47.13,0.35,0.32,384.69,360.46,9.08,2026-06-04,,,,
2026-06-04T14:33:02.55,HSCL,640.15,6.33,589.96,580.9,583.73,724.78,1.83,40.21,39.92,67.38,chemicals,chemicals,23.77,9.66,32.76,0.36,0.33,581.05,541.33,8.96,2026-06-04,,,,
2026-06-04T14:33:02.55,LLOYDSME,1799.7,0.39,1729.01,1764.3,1765.67,1850.75,0.43,16.81,25.68,59.69,metals & mining,mining / minerals / metals,33.23,1.93,37.94,0.37,0.32,1702.99,1631.87,8.55,2026-06-04,,,,
2026-06-04T14:33:02.55,ACMESOLAR,343.85,4.5,318.6,295.9,297.6,413.22,1.5,37.38,39.93,74.77,realty,engineering - turnkey services,33.16,15.54,22.36,0.43,0.07,308.44,284.44,8.42,2026-06-04,,,,
2026-06-04T14:33:02.55,VTL,628.3,1.31,600.64,570.25,591.55,683.43,0.61,24.2,23.68,60.89,textiles,textiles - cotton/blended,16.05,6.21,44.26,0.34,0.39,580.26,551.93,7.93,2026-06-04,,,,
2026-06-04T14:33:02.55,ELGIEQUIP,627.7,4.41,585.26,567.3,563.99,723.27,2.49,38.65,44.11,75.47,industrials,compressors / drilling equipment,30.49,11.3,26.34,0.14,0.3,573.39,534.85,6.34,2026-06-04,,,,
2026-06-04T14:33:02.55,JINDALSAW,260.42,3.81,246.96,235.01,228.64,308.09,3.06,29.73,16.42,69.05,industrials,steel - large,21.02,13.9,49.07,0.46,0.2,236.63,225.86,6.23,2026-06-04,,,,
2026-06-04T14:33:02.55,IFCI,81.84,1.77,76.57,66.61,66.78,104.44,5.27,409.2,120.03,80.78,financials,finance - term-lending institutions,35.26,22.56,41.41,0.48,0.41,72.23,66.62,6.17,2026-06-04,,,,
2026-06-04T14:33:02.55,ABB,7212.5,0.23,7021.7,6957.0,6688.78,7998.09,0.44,21.42,51.21,61.17,industrials,electric equipment,22.66,7.83,38.18,0.28,0.3,6799.75,6604.68,6.08,2026-06-04,,,,
2026-06-04T14:33:02.55,IIFL,532.1,6.68,485.1,459.7,468.39,627.67,1.92,9.64,12.77,71.85,financials,finance & investments,17.1,13.6,-0.37,-0.16,0.15,486.29,454.74,5.94,2026-06-04,,,,
2026-06-04T14:33:02.55,CGCL,202.5,0.57,194.56,190.06,189.26,222.37,1.33,17.22,19.94,67.48,financials,finance & investments,27.57,7.0,0.0,-0.02,0.04,188.36,183.65,5.93,2026-06-04,,,,
2026-06-04T14:33:02.55,COALINDIA,484.0,2.48,463.39,455.9,455.31,527.04,0.72,6.88,9.36,66.51,metals & mining,mining / minerals / metals,12.11,6.3,24.7,0.18,0.18,453.89,431.6,5.77,2026-06-04,,,,
2026-06-04T14:33:02.55,MINDACORP,650.9,3.91,613.73,610.8,595.27,734.35,2.66,30.76,40.91,78.28,auto,auto ancillaries,29.45,9.35,15.61,-0.0,0.21,596.58,567.94,5.45,2026-06-04,,,,
2026-06-04T14:33:02.55,TRITURBINE,700.1,4.67,648.02,661.25,698.71,702.19,0.29,54.52,60.8,63.12,industrials,electric equipment,47.0,0.2,30.82,0.23,0.25,618.16,562.6,5.3,2026-06-04,,,,
2026-06-04T14:33:02.55,ADANIENT,2964.2,1.32,2859.74,2865.2,2933.35,3010.48,0.49,-433.36,37.28,72.83,services,trading,53.23,1.05,19.51,0.22,0.19,2794.35,2679.77,5.15,2026-06-04,,,,
2026-06-04T14:33:02.55,GRASIM,3136.1,1.11,3030.65,3060.0,3131.16,3143.51,0.55,27.16,42.36,68.37,textiles,textiles - manmade,23.73,0.16,8.47,0.06,0.07,3015.24,2926.5,4.97,2026-06-04,,,,
2026-06-04T14:33:02.55,OFSS,10140.0,1.43,9579.5,9775.0,9861.66,10557.51,0.69,26.21,32.94,63.55,i.t,computers - software - large,41.27,2.82,19.08,0.15,0.07,9350.78,8827.86,4.92,2026-06-04,,,,
2026-06-04T14:33:02.55,ANGELONE,342.85,2.42,327.32,327.6,333.26,357.24,0.49,24.35,4.84,62.5,financials,finance & investments,24.44,2.88,37.71,0.12,0.49,318.92,301.67,4.9,2026-06-04,,,,
2026-06-04T14:33:02.55,TATACOMM,1996.9,3.27,1880.62,1895.1,1947.2,2071.45,1.09,54.03,55.01,71.06,telecom-service,telecommunications - service provider,39.98,2.55,6.51,-0.01,0.13,1821.13,1701.19,4.87,2026-06-04,,,,
2026-06-04T14:33:02.55,JSWENERGY,591.8,2.0,561.2,571.3,560.23,639.15,0.36,69.79,45.22,62.77,power & utilities,power generation and supply,20.34,5.63,12.32,0.13,0.06,549.53,520.38,4.69,2026-06-04,,,,
2026-06-04T14:33:02.55,ZYDUSLIFE,1092.2,1.45,1041.84,1048.9,1082.45,1106.82,0.53,21.59,21.49,71.44,healthcare,pharmaceuticals - indian - bulk drugs & formln,49.87,0.9,12.11,0.07,0.02,1027.66,985.05,4.21,2026-06-04,,,,
2026-06-04T14:33:02.55,SHYAMMETL,1002.7,2.32,959.71,957.0,961.45,1064.57,1.49,22.38,25.71,71.24,metals & mining,steel - large,34.14,4.29,14.24,0.14,0.05,947.69,917.73,3.53,2026-06-04,,,,
2026-06-04T14:33:02.55,ASIANPAINT,2664.4,0.08,2592.0,2607.9,2642.68,2696.98,1.04,54.46,58.99,63.56,building materials,paints / varnishes,30.47,0.82,6.13,-0.17,0.04,2526.22,2456.98,3.41,2026-06-04,,,,
2026-06-04T14:33:02.55,NUVAMA,1565.0,0.44,1514.59,1522.2,1525.15,1624.77,0.37,26.45,9.02,64.19,financials,finance & investments,27.38,2.61,10.36,-0.01,0.19,1474.0,1415.54,3.37,2026-06-04,,,,
2026-06-04T14:33:02.55,TEGA,1871.9,2.79,1772.23,1522.2,1645.81,2211.04,0.82,82.39,88.53,72.75,industrials,engineering,26.99,13.74,-3.46,-0.11,-0.13,1686.1,1568.85,3.2,2026-06-04,,,,
2026-06-04T14:33:02.55,KPIL,1293.2,0.42,1260.28,1240.1,1257.57,1346.65,0.98,12.72,21.15,57.91,realty,transmisson line towers / equipment,32.98,2.83,2.94,0.0,-0.03,1201.35,1174.26,3.13,2026-06-04,,,,
2026-06-04T14:33:02.55,STARHEALTH,527.8,-0.42,511.85,519.35,517.32,543.52,0.24,69.81,55.97,60.05,financials,finance & investments,36.56,2.03,6.88,0.01,0.13,497.92,481.96,3.13,2026-06-04,,,,
2026-06-04T14:33:02.55,ATGL,741.95,3.39,704.23,700.0,697.31,808.91,0.99,121.23,120.4,62.62,energy,miscellaneous,39.39,6.4,17.57,0.14,0.18,638.29,572.09,3.04,2026-06-04,,,,
2026-06-04T14:33:02.55,ANANTRAJ,583.25,6.43,531.16,504.0,503.75,702.5,3.38,34.88,34.23,69.9,realty,construction,17.36,15.78,-9.47,-0.03,-0.05,531.12,500.16,2.99,2026-06-04,,,,
2026-06-04T14:33:02.55,YESBANK,22.8,-0.57,22.22,22.2,22.62,23.07,0.47,16.76,20.66,62.88,bank,banks - private sector,26.2,0.79,4.4,-0.08,0.05,21.55,20.83,2.44,2026-06-04,,,,
2026-06-04T14:33:02.55,ONESOURCE,1866.0,3.07,1769.1,1771.6,1800.32,1964.52,0.25,1166.25,-281.13,62.63,healthcare,pharmaceuticals - indian - bulk drugs & formln,32.66,3.65,0.65,0.06,-0.02,1720.03,1639.55,1.55,2026-06-04,,,,
2026-06-04T14:33:02.55,PREMIERENE,1090.0,0.09,1046.54,1030.5,1013.38,1204.93,0.47,26.87,32.43,69.98,services,trading,23.53,7.56,-0.27,0.04,-0.03,1018.64,969.02,1.51,2026-06-04,,,,
2026-06-04T14:33:02.55,IDFCFIRSTB,71.87,0.13,69.58,69.53,69.35,75.65,0.54,47.28,37.98,64.05,bank,banks - private sector,16.85,3.64,-11.01,-0.19,-0.03,68.21,66.37,1.23,2026-06-04,,,,
2026-06-04T14:33:02.55,EXIDEIND,403.75,1.2,390.68,384.55,369.85,454.6,1.06,39.9,39.7,70.55,auto,auto ancillaries,29.4,9.17,5.76,-0.02,-0.07,374.88,359.28,1.09,2026-06-04,,,,
2026-06-04T14:33:02.55,TIINDIA,3107.1,1.2,2981.75,2990.3,3004.97,3260.3,0.39,175.74,93.26,58.61,industrials,steel - large,20.97,3.4,2.81,0.03,-0.12,2879.88,2762.36,0.83,2026-06-04,,,,
2026-06-04T14:33:02.55,TATATECH,745.6,1.99,705.6,701.0,709.99,799.02,0.77,37.06,54.31,75.75,i.t,computers - software - medium / small,50.14,5.02,7.8,0.02,0.01,690.76,655.68,0.24,2026-06-04,,,,
2026-06-04T14:33:02.55,JBMA,698.7,4.4,676.2,616.15,628.23,804.4,4.99,55.63,72.27,67.39,auto,auto ancillaries,21.59,11.22,5.11,0.05,-0.06,632.82,603.31,0.05,2026-06-04,,,,
2026-06-04T14:33:02.55,KPRMILL,1099.1,1.22,1036.99,930.55,958.38,1310.19,2.06,41.32,42.83,77.99,consumer discretionary,textiles - products,30.63,14.68,2.81,-0.01,-0.03,994.69,940.29,-0.28,2026-06-04,,,,
2026-06-04T14:33:02.55,DEEPAKFERT,1418.6,0.83,1371.9,1344.2,1407.01,1435.99,0.25,32.12,24.09,62.89,chemicals,chemicals,29.87,0.82,-4.89,-0.01,-0.04,1307.74,1251.09,-0.3,2026-06-04,,,,
2026-06-04T14:33:02.55,PIDILITIND,1474.2,0.34,1428.06,1430.0,1467.52,1484.23,0.46,64.77,47.9,58.29,chemicals,chemicals,19.03,0.46,2.08,-0.08,-0.07,1417.29,1379.0,-0.56,2026-06-04,,,,
2026-06-04T14:33:02.55,ZENTEC,1819.2,7.77,1657.18,1582.3,1591.4,2160.89,6.0,129.57,78.44,70.19,aerospace & defence,miscellaneous,13.88,14.31,34.04,0.2,0.2,1641.24,1573.57,-0.75,2026-06-04,,,,
2026-06-04T14:33:02.55,TITAGARH,868.0,1.72,830.84,790.0,790.41,984.38,0.69,54.66,67.83,64.85,industrials,engineering,20.92,9.82,-1.81,-0.01,-0.11,797.55,754.21,-0.86,2026-06-04,,,,
2026-06-04T14:33:02.55,SRF,2732.0,0.5,2639.83,2651.2,2683.42,2804.87,0.2,34.79,43.91,57.5,chemicals,chemicals,13.31,1.81,-6.76,-0.12,-0.11,2607.87,2521.78,-1.32,2026-06-04,,,,
2026-06-04T14:33:02.55,REDINGTON,247.17,2.03,234.33,221.01,224.41,281.31,0.85,12.33,12.71,71.19,services,trading,18.84,10.14,-2.36,-0.19,-0.17,228.64,218.46,-1.39,2026-06-04,,,,
2026-06-04T14:33:02.55,TMPV,399.85,0.43,383.18,377.3,381.09,427.99,0.8,6.36,-663.58,68.47,auto,automobiles - passenger cars,32.08,4.92,-2.44,0.02,-0.1,373.22,354.61,-1.56,2026-06-04,,,,
2026-06-04T14:33:02.55,NBCC,104.69,2.4,100.05,99.06,97.41,115.62,1.04,29.41,38.44,66.62,miscellaneous,miscellaneous,21.41,7.48,-10.22,-0.16,-0.08,96.44,91.06,-1.79,2026-06-04,,,,
2026-06-04T14:33:02.55,JSWDULUX,3126.9,0.23,3004.09,2905.0,2964.8,3370.04,0.74,28.32,7.2,63.72,building materials,paints / varnishes,25.08,5.47,-3.52,-0.17,-0.11,2898.62,2820.02,-1.87,2026-06-04,,,,
2026-06-04T14:33:02.55,ITI,302.7,1.73,289.0,289.0,286.74,326.64,0.25,19.4,123.46,60.26,aerospace & defence,telecommunications - equipment,24.06,5.57,-6.78,-0.09,-0.09,282.01,272.8,-1.99,2026-06-04,,,,
2026-06-04T14:33:02.55,CASTROLIND,183.54,0.06,179.76,182.1,181.64,186.4,0.33,18.73,18.81,51.89,chemicals,chemicals,11.81,1.05,-5.64,-0.12,-0.13,179.42,178.27,-2.61,2026-06-04,,,,
2026-06-04T14:33:02.55,TEJASNET,606.5,6.54,552.72,486.75,501.26,764.36,5.24,-12.74,-11.08,78.4,telecom,telecommunications - equipment,31.67,21.0,13.68,0.07,-0.05,531.71,498.57,-3.05,2026-06-04,,,,
2026-06-04T14:33:02.55,OLAELEC,43.81,0.16,42.04,38.08,38.14,52.31,1.33,-9.69,-10.54,69.23,auto,automobiles - motorcycles / mopeds,36.17,14.86,-11.97,0.01,-0.29,38.52,36.25,-3.71,2026-06-04,,,,
2026-06-04T14:33:02.55,COFORGE,1432.5,0.82,1363.18,1391.0,1425.55,1442.93,0.41,19.64,30.65,57.97,i.t,computers - software - large,22.3,0.49,-19.4,-0.31,-0.22,1299.08,1209.62,-3.93,2026-06-04,,,,
2026-05-19T14:20:48.749,MCX,3415.8,2.01,3264.87,3131.0,3220.42,3708.88,0.66,41.09,18.81,78.41,financials,miscellaneous,41.76,6.07,79.03,0.62,1.12,3193.7,3058.72,43.18,2026-05-19,,,,
2026-05-19T14:20:48.749,ACUTAAS,2876.4,2.76,2752.82,2702.8,2770.0,3036.01,0.88,44.69,64.33,68.12,healthcare,pharmaceuticals - indian - bulk drugs,34.33,3.84,85.74,0.55,0.97,2666.82,2539.23,34.69,2026-05-19,,,,
2026-05-19T14:20:48.749,LAURUSLABS,1346.3,1.43,1295.66,1246.6,1270.95,1459.33,0.58,65.1,80.59,81.98,healthcare,pharmaceuticals - indian - bulk drugs & formln,37.7,5.93,53.92,0.21,0.51,1280.16,1234.06,28.18,2026-05-19,,,,
2026-05-19T14:20:48.749,VEDL,335.4,2.57,318.89,308.8,316.29,364.07,0.44,4.89,7.34,68.59,metals & mining,mining / minerals / metals,35.21,6.04,92.13,0.64,1.08,308.77,289.35,27.91,2026-05-19,,,,
2026-05-19T14:20:48.749,POWERINDIA,33350.0,1.68,32129.3,31195.0,33642.6,32911.11,0.54,142.16,172.05,63.44,industrials,electric equipment,36.65,-0.87,90.7,0.43,0.7,31030.49,29670.86,24.89,2026-05-19,,,,
2026-05-19T14:20:48.749,IDEA,13.56,5.44,12.6,12.04,12.38,15.32,1.94,0.71,4.06,82.75,telecom-service,telecommunications - service provider,45.67,9.5,57.14,0.14,1.0,12.22,11.34,23.7,2026-05-19,,,,
2026-05-19T14:20:48.749,GESHIP,1729.0,1.92,1642.97,1462.1,1548.27,2000.1,4.99,5.91,8.23,70.62,transportation,shipping,35.36,11.67,67.52,0.41,0.75,1521.19,1434.33,22.53,2026-05-19,,,,
2026-05-19T14:20:48.749,BSE,4205.2,2.05,4036.62,3847.2,4001.54,4510.69,1.34,54.33,67.99,78.87,financials,miscellaneous,46.59,5.09,71.2,0.38,0.86,3923.43,3805.81,18.04,2026-05-19,,,,
2026-05-19T14:20:48.749,BHEL,403.25,2.02,383.28,386.1,411.51,390.86,0.43,27.17,85.92,69.73,industrials,electric equipment,51.23,-2.01,71.25,0.3,0.84,372.26,349.77,17.57,2026-05-19,,,,
2026-05-19T14:20:48.749,SAIL,198.05,2.76,187.43,176.31,190.64,209.17,1.07,11.15,23.62,65.49,metals & mining,steel - large,34.08,3.89,52.19,0.29,0.58,181.0,169.15,17.07,2026-05-19,,,,
2026-05-19T14:20:48.749,NAVINFLUOR,7159.5,3.69,6769.84,6818.5,7037.88,7341.92,0.45,43.14,52.96,67.33,chemicals,chemicals,32.52,1.73,46.6,0.1,0.48,6760.47,6482.19,15.21,2026-05-19,,,,
2026-05-19T14:20:48.749,GRANULES,756.95,3.49,719.81,721.15,741.74,779.76,0.58,22.99,29.93,72.7,healthcare,pharmaceuticals - indian - bulk drugs & formln,44.07,2.05,33.22,0.24,0.42,713.54,681.03,14.99,2026-05-19,,,,
2026-05-19T14:20:48.749,GLENMARK,2392.3,2.24,2288.3,2245.2,2340.22,2470.42,0.82,41.85,62.0,60.85,healthcare,pharmaceuticals - indian - bulk drugs & formln,18.18,2.23,26.34,0.18,0.2,2262.18,2166.38,14.79,2026-05-19,,,,
2026-05-19T14:20:48.749,CRAFTSMAN,8536.5,1.28,8184.47,8242.5,8476.44,8626.6,0.18,41.16,47.96,64.16,auto,auto ancillaries,41.14,0.71,32.89,0.16,0.15,7811.63,7295.48,14.53,2026-05-19,,,,
2026-05-19T14:20:48.749,EMCURE,1705.6,1.15,1647.18,1652.7,1656.41,1779.38,0.31,33.21,34.57,56.89,healthcare,pharmaceuticals - indian - bulk drugs & formln,18.23,2.97,25.06,0.13,0.19,1596.71,1533.24,14.14,2026-05-19,,,,
2026-05-19T14:20:48.749,NLCINDIA,359.55,3.27,342.22,306.3,336.25,394.5,1.12,13.54,15.05,66.68,power & utilities,power generation and supply,42.06,6.93,33.84,0.29,0.5,315.34,289.34,13.99,2026-05-19,,,,
2026-05-19T14:20:48.749,SAILIFE,1125.0,1.08,1078.0,949.3,1098.4,1164.9,1.08,57.05,67.01,64.44,healthcare,pharmaceuticals - indian - bulk drugs & formln,25.89,2.42,31.1,0.18,0.29,997.38,925.26,12.72,2026-05-19,,,,
2026-05-19T14:20:48.749,NAM-INDIA,1090.6,0.7,1039.58,1034.2,1078.84,1108.24,0.83,45.14,45.05,60.53,financials,finance & investments,26.95,1.09,21.37,0.17,0.32,1016.75,969.27,12.64,2026-05-19,,,,
2026-05-19T14:20:48.749,POLYCAB,9224.5,0.8,8908.2,8865.0,9053.15,9481.52,0.47,44.2,51.3,71.73,industrials,cables - power,35.75,1.89,20.45,0.11,0.25,8749.54,8462.32,12.4,2026-05-19,,,,
2026-05-19T14:20:48.749,GLAND,2239.3,3.83,2095.73,1813.0,1882.15,2775.03,6.21,25.15,34.58,77.19,healthcare,pharmaceuticals - indian - formulations,30.27,18.98,15.65,0.14,0.16,1995.75,1840.68,12.12,2026-05-19,,,,
2026-05-19T14:20:48.749,ADANIGREEN,1391.0,1.61,1349.56,1291.4,1392.33,1389.0,1.51,149.25,141.87,68.47,power & utilities,power generation and supply,41.65,-0.1,33.34,0.18,0.44,1250.61,1197.32,11.49,2026-05-19,,,,
2026-05-19T14:20:48.749,KEI,5119.9,0.63,4927.73,4822.6,5068.73,5196.66,0.48,43.04,52.95,60.79,industrials,cables - power,16.19,1.01,15.84,0.14,0.26,4726.44,4491.44,11.47,2026-05-19,,,,
2026-05-19T14:20:48.749,MOTHERSON,131.49,2.13,126.44,123.83,126.19,139.44,0.77,33.89,32.43,59.17,auto,auto ancillaries,21.05,4.2,25.77,0.1,0.31,122.65,117.23,9.64,2026-05-19,,,,
2026-05-19T14:20:48.749,HONASA,356.95,2.5,341.29,340.55,347.07,371.77,0.33,57.95,72.7,63.23,services,trading,33.24,2.85,25.27,0.1,0.15,334.63,318.15,9.64,2026-05-19,,,,
2026-05-19T14:20:48.749,FORTIS,964.05,0.2,936.39,945.1,965.95,961.2,0.48,93.78,75.64,61.94,healthcare,healthcare,26.37,-0.2,-11.31,-0.06,0.01,919.4,896.86,9.25,2026-05-19,,,,
2026-05-19T14:20:48.749,RADICO,3600.0,3.7,3398.64,3420.6,3505.09,3742.36,1.17,67.11,76.87,71.26,fmcg,breweries & distilleries,44.72,2.71,21.99,0.01,0.22,3368.16,3268.19,9.06,2026-05-19,,,,
2026-05-19T14:20:48.749,THERMAX,4477.0,1.91,4248.4,4335.1,4447.71,4520.93,0.29,51.63,68.7,62.69,industrials,electric equipment,52.87,0.66,43.95,0.37,0.35,4098.0,3816.84,8.97,2026-05-19,,,,
2026-05-19T14:20:48.749,TORNTPHARM,4465.7,1.64,4270.84,4264.0,4360.62,4623.33,0.59,59.48,65.37,61.51,healthcare,pharmaceuticals - indian - formulations,21.56,2.41,26.41,0.08,0.2,4232.64,4072.94,8.77,2026-05-19,,,,
2026-05-19T14:20:48.749,JBCHEPHARM,2168.8,2.05,2063.98,2080.5,2133.44,2221.84,0.39,85.39,46.96,61.39,healthcare,pharmaceuticals - indian - bulk drugs & formln,30.34,1.66,30.1,0.1,0.22,2048.64,1968.72,8.73,2026-05-19,,,,
2026-05-19T14:20:48.749,SOLARINDS,18270.0,1.39,17559.64,15545.0,16471.05,20968.43,1.23,75.47,97.2,78.48,aerospace & defence,chemicals,42.14,10.92,30.02,0.21,0.26,16922.63,16140.09,8.29,2026-05-19,,,,
2026-05-19T14:20:48.749,MANAPPURAM,314.0,2.58,295.96,295.75,310.23,319.66,0.45,16.46,26.1,62.76,financials,finance & investments,23.43,1.22,8.65,0.02,0.1,290.64,273.27,8.16,2026-05-19,,,,
2026-05-19T14:20:48.749,VIJAYA,1296.6,-0.48,1235.98,1258.3,1299.17,1292.74,0.73,69.56,77.41,69.67,healthcare,healthcare,55.72,-0.2,31.4,0.15,0.2,1164.83,1079.2,7.95,2026-05-19,,,,
2026-05-19T14:20:48.749,NEULANDLAB,16735.0,2.5,15919.12,15900.0,16826.44,16597.84,0.67,25.24,57.55,61.66,healthcare,pharmaceuticals - indian - bulk drugs,33.53,-0.54,3.96,-0.11,0.21,15187.88,14091.53,7.75,2026-05-19,,,,
2026-05-19T14:20:48.749,BIOCON,428.4,0.5,416.65,402.85,403.56,465.66,0.74,135.57,152.78,77.08,healthcare,pharmaceuticals - indian - bulk drugs & formln,31.98,6.16,20.2,-0.06,0.17,402.65,390.69,7.06,2026-05-19,,,,
2026-05-19T14:20:48.749,AUROPHARMA,1512.6,0.81,1469.8,1483.6,1488.33,1549.0,0.76,24.13,24.99,71.5,healthcare,pharmaceuticals - indian - bulk drugs & formln,29.41,1.63,36.43,0.13,0.43,1449.64,1419.83,6.85,2026-05-19,,,,
2026-05-19T14:20:48.749,INDIACEM,404.25,0.09,392.44,388.45,392.36,422.08,0.09,52.64,-185.28,52.91,building materials,cement - south india,19.4,3.03,2.79,-0.1,0.02,379.96,363.84,5.95,2026-05-19,,,,
2026-05-19T14:20:48.749,WOCKPHARMA,1617.7,2.94,1529.98,1505.0,1578.26,1676.86,0.64,39.53,119.78,63.98,healthcare,pharmaceuticals - indian - bulk drugs & formln,40.97,2.5,19.41,0.09,0.1,1465.24,1362.19,5.94,2026-05-19,,,,
2026-05-19T14:20:48.749,ONGC,297.3,0.03,287.78,293.65,289.86,308.47,0.29,9.34,9.86,58.65,energy,oil drilling / allied services,27.46,2.57,20.18,0.1,0.2,283.44,274.25,5.91,2026-05-19,,,,
2026-05-19T14:20:48.749,LALPATHLAB,1706.9,3.68,1615.04,1568.0,1600.96,1865.8,0.82,54.29,34.87,70.59,healthcare,healthcare,39.67,6.62,9.35,-0.0,0.01,1570.88,1481.86,4.99,2026-05-19,,,,
2026-05-19T14:20:48.749,IPCALAB,1652.1,0.35,1601.32,1494.0,1551.22,1803.43,0.67,32.12,45.91,71.41,healthcare,pharmaceuticals - indian - bulk drugs & formln,31.84,6.5,27.36,0.04,0.17,1543.86,1472.78,4.53,2026-05-19,,,,
2026-05-19T14:20:48.749,BOSCHLTD,37350.0,0.53,36181.6,36065.0,36546.83,38554.76,0.36,51.71,39.75,56.25,auto,auto ancillaries,19.01,2.2,-2.68,-0.08,-0.12,35431.61,34292.82,3.89,2026-05-19,,,,
2026-05-19T14:20:48.749,APOLLOHOSP,8032.0,0.14,7823.34,7981.0,7982.53,8106.21,0.51,57.47,64.0,61.1,healthcare,healthcare,23.19,0.62,2.63,-0.01,0.01,7770.55,7635.97,3.84,2026-05-19,,,,
2026-05-19T14:20:48.749,MARICO,833.25,-0.06,813.4,825.2,833.12,833.44,0.35,68.52,61.17,66.14,fmcg,solvent extraction,36.5,0.02,17.46,0.01,0.1,801.55,786.28,3.79,2026-05-19,,,,
2026-05-19T14:20:48.749,ENDURANCE,2550.0,0.92,2450.98,2427.5,2493.58,2634.63,0.61,32.44,37.34,57.79,auto,auto ancillaries,24.79,2.26,-9.76,-0.13,-0.16,2333.99,2190.98,3.65,2026-05-19,,,,
2026-05-19T14:20:48.749,ADANIENT,2738.5,1.81,2643.06,2401.1,2614.35,2924.73,1.33,-400.37,34.28,74.62,services,trading,44.91,4.75,8.13,0.03,0.16,2531.5,2412.26,3.62,2026-05-19,,,,
2026-05-19T14:20:48.749,OFSS,9663.0,2.71,9275.7,8646.5,9564.97,9810.04,1.37,24.98,31.0,70.59,i.t,computers - software - large,41.85,1.02,10.35,0.07,0.1,8942.35,8737.86,3.61,2026-05-19,,,,
2026-05-19T14:20:48.749,DIVISLAB,6929.0,1.38,6698.79,6643.0,6804.76,7115.36,0.72,78.81,73.2,69.84,healthcare,pharmaceuticals - indian - bulk drugs,40.28,1.83,5.42,-0.02,0.1,6615.95,6394.15,3.57,2026-05-19,,,,
2026-05-19T14:20:48.749,ZYDUSLIFE,1028.0,3.72,975.1,925.1,948.11,1147.84,2.02,24.81,20.19,68.64,healthcare,pharmaceuticals - indian - bulk drugs & formln,29.53,8.43,5.22,0.01,0.0,963.43,926.76,3.3,2026-05-19,,,,
2026-05-19T14:20:48.749,360ONE,1110.0,0.46,1070.16,1062.0,1083.63,1149.56,0.2,38.97,36.63,59.74,financials,finance & investments,13.18,2.43,-4.31,-0.05,0.04,1040.11,999.19,3.26,2026-05-19,,,,
2026-05-19T14:20:48.749,MOTILALOFS,853.75,2.33,817.81,821.1,853.44,854.22,0.35,-57.84,26.77,59.42,financials,finance & investments,24.18,0.04,-16.19,-0.2,-0.08,801.72,766.95,3.22,2026-05-19,,,,
2026-05-19T14:20:48.749,INDUSTOWER,433.15,0.52,421.69,399.65,403.73,477.28,0.66,15.92,15.91,60.2,telecom,transmisson line towers / equipment,19.23,7.29,25.81,-0.03,0.23,408.29,395.89,3.18,2026-05-19,,,,
2026-05-19T14:20:48.749,ONESOURCE,1862.7,2.84,1773.8,1731.0,1831.25,1909.87,0.2,1164.19,-281.26,66.87,healthcare,pharmaceuticals - indian - bulk drugs & formln,34.74,1.72,0.87,-0.04,-0.04,1692.65,1573.41,2.76,2026-05-19,,,,
2026-05-19T14:20:48.749,JUBLPHARMA,1015.1,0.53,985.88,971.55,989.98,1052.78,1.0,72.1,36.97,69.96,healthcare,pharmaceuticals - indian - bulk drugs,28.31,2.54,-5.67,-0.19,-0.06,954.54,924.02,2.01,2026-05-19,,,,
2026-05-19T14:20:48.749,YESBANK,22.02,0.96,21.29,21.32,22.2,21.76,0.43,16.19,19.65,62.72,bank,banks - private sector,34.47,-0.79,-4.29,-0.12,0.09,20.72,19.86,1.84,2026-05-19,,,,
2026-05-19T14:20:48.749,NH,1885.2,1.02,1826.23,1804.2,1819.25,1984.13,0.96,75.53,48.66,61.32,healthcare,healthcare,15.55,3.63,7.83,-0.14,0.02,1777.55,1713.41,1.64,2026-05-19,,,,
2026-05-19T14:20:48.749,POLICYBZR,1826.4,4.47,1715.98,1593.7,1673.96,2055.06,1.75,80.81,120.16,73.39,i.t,computers - software - medium / small,23.86,9.11,9.14,-0.07,-0.03,1691.4,1597.05,1.51,2026-05-19,,,,
2026-05-19T14:20:48.749,PNBHOUSING,1064.2,1.82,1024.3,1040.0,1089.42,1026.38,0.24,10.57,11.88,64.15,financials,finance - housing,41.32,-2.31,25.45,0.07,0.35,1010.66,971.61,1.24,2026-05-19,,,,
2026-05-19T14:20:48.749,JUBLINGREA,729.6,1.13,708.64,702.1,735.37,720.95,0.27,61.41,42.92,58.91,chemicals,chemicals,27.35,-0.78,4.59,-0.06,-0.04,678.37,649.3,1.11,2026-05-19,,,,
2026-05-19T14:20:48.749,ATUL,7050.0,2.43,6766.9,6778.0,6972.08,7166.88,0.51,24.69,29.89,59.13,chemicals,chemicals,34.33,1.12,22.27,0.08,0.08,6612.57,6369.5,0.96,2026-05-19,,,,
2026-05-19T14:20:48.749,VBL,515.95,0.87,499.11,484.65,511.11,523.2,0.46,50.0,54.41,64.48,fmcg,food - processing - indian,27.3,0.95,15.94,0.03,0.01,488.24,470.0,0.58,2026-05-19,,,,
2026-05-19T14:20:48.749,BALRAMCHIN,553.25,2.25,523.96,517.75,530.98,586.66,0.56,17.51,28.87,66.44,fmcg,sugar,19.65,4.19,17.89,0.08,-0.01,510.95,485.98,0.28,2026-05-19,,,,
2026-05-19T14:20:48.749,CAPLIPOINT,2036.3,2.53,1947.55,1803.0,1883.1,2266.1,1.18,22.75,23.54,73.2,healthcare,pharmaceuticals - indian - formulations,29.47,8.14,0.84,-0.04,-0.07,1857.08,1746.37,0.28,2026-05-19,,,,
2026-05-19T14:20:48.749,DEEPAKFERT,1325.4,4.17,1247.54,1211.0,1292.87,1374.2,1.21,29.56,18.36,61.17,chemicals,chemicals,31.11,2.52,-6.62,-0.15,-0.09,1203.0,1142.8,0.18,2026-05-19,,,,
2026-05-19T14:20:48.749,MANKIND,2529.5,1.35,2448.04,2352.1,2447.99,2651.76,0.76,63.88,57.9,74.24,healthcare,pharmaceuticals - indian - bulk drugs & formln,39.25,3.33,3.43,0.04,-0.03,2385.92,2298.63,0.12,2026-05-19,,,,
2026-05-19T14:20:48.749,FLUOROCHEM,3762.8,1.85,3605.62,3625.2,3737.9,3800.15,0.49,101.26,61.84,66.03,chemicals,chemicals,24.55,0.67,4.07,-0.04,0.07,3519.2,3367.71,-0.07,2026-05-19,,,,
2026-05-19T14:20:48.749,SHYAMMETL,902.8,1.82,870.29,844.0,873.02,947.48,0.75,20.15,23.27,59.37,metals & mining,steel - large,19.09,3.41,-1.31,-0.03,-0.03,838.94,792.04,-0.41,2026-05-19,,,,
2026-05-19T14:20:48.749,NIVABUPA,81.47,1.85,78.1,78.06,80.43,83.02,0.57,10.89,112.66,58.7,financials,finance & investments,31.09,1.29,5.14,-0.04,-0.04,75.59,72.85,-0.65,2026-05-19,,,,
2026-05-19T14:20:48.749,TATATECH,668.4,6.2,616.81,609.0,623.63,735.55,1.98,33.22,46.76,72.15,i.t,computers - software - medium / small,36.24,7.18,-3.74,-0.1,-0.05,621.76,588.17,-0.98,2026-05-19,,,,
2026-05-19T14:20:48.749,PIDILITIND,1463.4,0.91,1424.72,1428.2,1441.51,1496.23,0.3,64.3,47.28,58.93,chemicals,chemicals,21.33,1.52,-2.47,-0.09,-0.1,1391.18,1345.22,-1.34,2026-05-19,,,,
2026-05-19T14:20:48.749,DEEPAKNTR,1807.0,3.35,1724.9,1718.0,1860.12,1727.31,1.37,28.04,43.31,61.31,chemicals,chemicals,39.06,-2.86,2.21,-0.04,-0.02,1639.22,1566.39,-1.38,2026-05-19,,,,
2026-05-19T14:20:48.749,BHARTIHEXA,1610.2,0.79,1560.94,1465.9,1480.27,1805.1,0.69,45.08,46.11,64.71,telecom-service,telecommunications - service provider,14.48,8.78,-7.15,-0.17,-0.12,1520.76,1463.49,-1.52,2026-05-19,,,,
2026-05-19T14:20:48.749,CHALET,800.0,1.29,764.5,736.0,755.27,867.09,0.6,26.85,26.77,57.75,services,hotels,13.1,5.92,-14.43,-0.15,-0.24,738.07,694.52,-2.15,2026-05-19,,,,
2026-05-19T14:20:48.749,MAXHEALTH,1070.0,1.08,1033.56,1003.55,1025.22,1137.18,0.45,86.29,72.5,67.98,healthcare,healthcare,13.34,4.37,-7.35,-0.12,-0.12,1013.79,981.63,-2.32,2026-05-19,,,,
2026-05-19T14:20:48.749,CROMPTON,295.5,0.75,284.69,280.0,291.32,301.77,0.51,-8.91,-78.21,64.11,consumer discretionary,electric equipment,34.78,1.44,2.77,-0.01,-0.15,271.54,255.76,-2.37,2026-05-19,,,,
2026-05-19T14:20:48.749,AEGISLOG,699.55,1.98,673.26,646.05,679.71,729.32,0.35,34.7,31.29,54.18,services,trading,24.61,2.92,-13.89,-0.19,-0.03,643.08,609.88,-2.96,2026-05-19,,,,
2026-05-19T14:20:48.749,COLPAL,2200.9,2.31,2108.96,2111.6,2164.37,2255.69,0.54,46.2,44.09,62.51,fmcg,personal care - multinational,21.34,1.69,-1.17,-0.07,-0.1,2101.58,2049.89,-3.06,2026-05-19,,,,
2026-05-19T14:20:48.749,TMPV,364.25,3.14,345.84,333.65,342.42,397.0,1.03,5.8,-588.58,60.06,auto,automobiles - passenger cars,19.18,6.38,-6.65,-0.1,-0.16,340.92,324.97,-3.23,2026-05-19,,,,
2026-05-19T14:20:48.749,PIIND,3167.7,2.31,3031.92,2998.7,3052.17,3340.99,0.82,38.59,32.37,60.81,chemicals,pesticides / agrochemicals - indian,15.91,3.79,-10.89,-0.18,-0.19,2992.28,2887.11,-3.46,2026-05-19,,,,
2026-05-19T14:20:48.749,COFORGE,1419.5,5.3,1333.09,1249.8,1270.39,1643.17,1.8,19.47,29.08,65.7,i.t,computers - software - large,18.0,11.74,-19.54,-0.27,-0.22,1292.45,1224.66,-3.49,2026-05-19,,,,
2026-05-19T14:20:48.749,BAJAJHLDNG,10384.0,0.16,10132.22,9940.0,10270.37,10554.45,0.34,11.22,11.97,54.08,financials,finance & investments,14.85,1.11,-15.0,-0.21,-0.2,9782.7,9422.73,-3.68,2026-05-19,,,,
2026-04-08T10:59:46.88,SPORTKING,,,,,,,,,,,textiles,textiles - spinning - synthetic / blended,,,,,,,,,2026-04-08,0.08,10.02,23.74,458.95
2026-04-08T10:59:46.88,KTKBANK,,,,,,,,,,,bank,banks - private sector,,,,,,,,,2026-04-08,0.37,7.75,11.06,9079.15
2026-04-08T10:59:46.88,AEROFLEX,,,,,,,,,,,metals & mining,steel - medium / small,,,,,,,,,2026-04-08,0.39,7.35,9.11,1122.5
2026-04-08T10:59:46.88,BLISSGVS,,,,,,,,,,,healthcare,pharmaceuticals - indian - formulations,,,,,,,,,2026-04-08,0.56,9.07,13.39,1698.74
2026-04-08T10:59:46.88,NATCOPHARM,,,,,,,,,,,healthcare,pharmaceuticals - indian - bulk drugs & formln,,,,,,,,,2026-04-08,0.65,9.91,13.23,9959.1
2026-04-08T10:59:46.88,GAEL,,,,,,,,,,,fmcg,miscellaneous,,,,,,,,,2026-04-08,0.77,6.16,11.01,2453.66
2026-04-08T10:59:46.88,VTL,,,,,,,,,,,textiles,textiles - cotton/blended,,,,,,,,,2026-04-08,0.88,6.83,7.57,5707.71
2026-04-08T10:59:46.88,STEELCAS,,,,,,,,,,,industrials,castings & forgings,,,,,,,,,2026-04-08,1.13,16.58,18.62,1494.8
2026-04-08T10:59:46.88,STLTECH,,,,,,,,,,,industrials,cables - telephone,,,,,,,,,2026-04-08,1.15,15.46,19.67,5514.18
2026-04-08T10:59:46.88,MBAPL,,,,,,,,,,,chemicals,fertilizers,,,,,,,,,2026-04-08,1.46,4.92,18.43,1205.41
2026-04-08T10:59:46.88,GRANULES,,,,,,,,,,,healthcare,pharmaceuticals - indian - bulk drugs & formln,,,,,,,,,2026-04-08,1.48,7.94,7.94,9835.35
2026-04-08T10:59:46.88,AGIIL,,,,,,,,,,,realty,construction,,,,,,,,,2026-04-08,1.67,12.05,19.93,1184.87
2026-04-08T10:59:46.88,BAJAJCON,,,,,,,,,,,fmcg,personal care - indian,,,,,,,,,2026-04-08,2.32,12.96,15.83,2973.77
2026-04-08T10:59:46.88,SBC,,,,,,,,,,,textiles,textiles - products,,,,,,,,,2026-04-08,2.47,8.11,10.68,757.51
2026-04-08T10:59:46.88,THANGAMAYL,,,,,,,,,,,consumer discretionary,diamond cutting / jewellery,,,,,,,,,2026-04-08,2.68,16.19,21.0,4824.48
2026-04-08T10:59:46.88,GPIL,,,,,,,,,,,metals & mining,steel - medium / small,,,,,,,,,2026-04-08,2.7,8.42,10.45,7042.74
2026-04-08T10:59:46.88,SEAMECLTD,,,,,,,,,,,miscellaneous,miscellaneous,,,,,,,,,2026-04-08,3.69,7.15,11.61,1052.19
2026-04-08T10:59:46.88,MTARTECH,,,,,,,,,,,aerospace & defence,engineering,,,,,,,,,2026-04-08,3.99,19.15,21.67,8606.27
2026-04-08T10:59:46.88,ROSSTECH,,,,,,,,,,,aerospace & defence,engineering,,,,,,,,,2026-04-08,4.23,13.1,18.06,764.13
2026-04-08T10:59:46.88,J&KBANK,,,,,,,,,,,bank,banks - private sector,,,,,,,,,2026-04-08,4.34,11.12,12.15,5495.11
2026-04-08T10:59:46.88,SKYGOLD,,,,,,,,,,,consumer discretionary,diamond cutting / jewellery,,,,,,,,,2026-04-08,4.54,14.84,20.86,2860.39
2026-04-08T10:59:46.88,STAR,,,,,,,,,,,healthcare,pharmaceuticals - indian - bulk drugs & formln,,,,,,,,,2026-04-08,4.8,4.51,8.97,6487.9
2026-04-08T10:59:46.88,SANSERA,,,,,,,,,,,auto,auto ancillaries,,,,,,,,,2026-04-08,5.29,10.2,12.12,9858.87
2026-04-08T10:59:46.88,EMCURE,,,,,,,,,,,healthcare,pharmaceuticals - indian - bulk drugs & formln,,,,,,,,,2026-04-08,5.61,4.57,14.21,6618.82
2026-04-08T10:59:46.88,ARVIND,,,,,,,,,,,textiles,textiles - cotton/blended,,,,,,,,,2026-04-08,6.06,7.59,13.42,6014.82
2026-04-08T10:59:46.88,ABSLAMC,,,,,,,,,,,financials,finance & investments,,,,,,,,,2026-04-08,6.07,8.73,12.95,7146.78
2026-04-08T10:59:46.88,SETCO,,,,,,,,,,,auto,auto ancillaries,,,,,,,,,2026-04-08,6.21,15.08,25.69,127.55
2026-04-08T10:59:46.88,SHRIPISTON,,,,,,,,,,,auto,auto ancillaries,,,,,,,,,2026-04-08,6.36,10.36,10.87,7904.76
2026-04-08T10:59:46.88,UNIPARTS,,,,,,,,,,,industrials,engineering,,,,,,,,,2026-04-08,6.86,10.81,15.16,780.0
2026-04-08T10:59:46.88,LUMAXTECH,,,,,,,,,,,auto,auto ancillaries,,,,,,,,,2026-04-08,7.32,10.41,14.66,5071.75
2026-04-08T10:59:46.88,HONASA,,,,,,,,,,,services,trading,,,,,,,,,2026-04-08,7.39,4.28,6.1,6490.88
2026-04-08T10:59:46.88,GMDCLTD,,,,,,,,,,,metals & mining,mining / minerals / metals,,,,,,,,,2026-04-08,7.5,6.58,8.29,4978.58
2026-04-08T10:59:46.88,SYRMA,,,,,,,,,,,consumer discretionary,electronics - components,,,,,,,,,2026-04-08,7.56,7.18,10.56,9290.07
2026-04-08T10:59:46.88,NITINSPIN,,,,,,,,,,,textiles,textiles - cotton/blended,,,,,,,,,2026-04-08,7.69,8.69,13.53,958.92
2026-04-08T10:59:46.88,CEIGALL,,,,,,,,,,,realty,construction,,,,,,,,,2026-04-08,7.73,4.61,5.85,888.04
2026-04-08T10:59:46.88,DCBBANK,,,,,,,,,,,bank,banks - private sector,,,,,,,,,2026-04-08,7.75,18.72,21.69,5063.92
2026-04-08T10:59:46.88,SOUTHWEST,,,,,,,,,,,metals & mining,mining / minerals / metals,,,,,,,,,2026-04-08,7.9,7.48,8.89,207.08
2026-04-08T10:59:46.88,SMSPHARMA,,,,,,,,,,,healthcare,pharmaceuticals - indian - bulk drugs,,,,,,,,,2026-04-08,7.99,7.3,9.63,1194.04
2026-04-08T10:59:46.88,MANGLMCEM,,,,,,,,,,,building materials,cement - north india,,,,,,,,,2026-04-08,8.31,8.42,12.69,1422.43
2026-04-08T10:59:46.88,HAPPYFORGE,,,,,,,,,,,industrials,castings & forgings,,,,,,,,,2026-04-08,8.37,9.04,11.55,2546.0
2026-04-08T10:59:46.88,DYNAMATECH,,,,,,,,,,,industrials,engineering,,,,,,,,,2026-04-08,8.52,8.8,10.74,3954.91
2026-04-08T10:59:46.88,VOLTAMP,,,,,,,,,,,industrials,electric equipment,,,,,,,,,2026-04-08,8.79,5.73,6.81,6516.45
2026-04-08T10:59:46.88,KRN,,,,,,,,,,,industrials,engineering,,,,,,,,,2026-04-08,8.83,12.87,13.03,1707.9
2026-04-08T10:59:46.88,WHEELS,,,,,,,,,,,auto,auto ancillaries,,,,,,,,,2026-04-08,8.92,9.38,12.5,1028.83
2026-04-08T10:59:46.88,GODAVARIB,,,,,,,,,,,fmcg,sugar,,,,,,,,,2026-04-08,8.95,7.78,7.78,596.13
2026-04-08T10:59:46.88,CHENNPETRO,,,,,,,,,,,energy,refineries,,,,,,,,,2026-04-08,9.27,5.6,7.47,4875.23
2026-04-08T10:59:46.88,MAYURUNIQ,,,,,,,,,,,consumer discretionary,leather / leather products,,,,,,,,,2026-04-08,9.35,12.54,14.43,1027.42
2026-04-08T10:59:46.88,CIEINDIA,,,,,,,,,,,industrials,castings & forgings,,,,,,,,,2026-04-08,9.39,6.15,8.8,6201.68
2026-04-08T10:59:46.88,GRMOVER,,,,,,,,,,,fmcg,food - processing - indian,,,,,,,,,2026-04-08,9.67,11.44,12.08,978.38
2026-04-08T10:59:46.88,SCHNEIDER,,,,,,,,,,,industrials,electric equipment,,,,,,,,,2026-04-08,9.7,8.34,14.08,5678.72
2026-04-08T10:59:46.88,CENTUM,,,,,,,,,,,consumer discretionary,electronics - components,,,,,,,,,2026-04-08,10.02,6.28,9.38,2159.42
2026-04-08T10:59:46.88,ANURAS,,,,,,,,,,,chemicals,chemicals,,,,,,,,,2026-04-08,10.02,4.83,4.83,5898.96
2026-04-08T10:59:46.88,SENORES,,,,,,,,,,,healthcare,pharmaceuticals - indian - formulations,,,,,,,,,2026-04-08,10.21,5.29,8.43,1964.29
2026-04-08T10:59:46.88,IMFA,,,,,,,,,,,metals & mining,mining / minerals / metals,,,,,,,,,2026-04-08,10.52,9.86,14.42,3012.99
2026-04-08T10:59:46.88,MAHLOG,,,,,,,,,,,transportation,miscellaneous,,,,,,,,,2026-04-08,10.82,14.75,17.7,1546.22
2026-04-08T10:59:46.88,AETHER,,,,,,,,,,,chemicals,chemicals,,,,,,,,,2026-04-08,10.9,5.24,8.76,3692.24
2026-04-08T10:59:46.88,SUNTV,,,,,,,,,,,media,entertainment / electronic media software,,,,,,,,,2026-04-08,11.65,5.77,8.83,6018.16
2026-04-08T10:59:46.88,KMEW,,,,,,,,,,,transportation,miscellaneous,,,,,,,,,2026-04-08,12.05,12.69,16.07,1953.13
2026-04-08T10:59:46.88,GRAPHITE,,,,,,,,,,,industrials,electrodes - graphites,,,,,,,,,2026-04-08,12.34,5.48,6.41,4434.04
2026-04-08T10:59:46.88,TMB,,,,,,,,,,,bank,banks - private sector,,,,,,,,,2026-04-08,12.47,5.52,7.71,9993.56
2026-04-08T10:59:46.88,SCI,,,,,,,,,,,transportation,shipping,,,,,,,,,2026-04-08,13.08,8.99,11.38,4116.88
2026-04-08T10:59:46.88,CUPID,,,,,,,,,,,fmcg,personal care - indian,,,,,,,,,2026-04-08,13.43,6.68,7.89,6631.44
2026-04-08T10:59:46.88,PRIVISCL,,,,,,,,,,,chemicals,chemicals,,,,,,,,,2026-04-08,13.52,4.86,6.46,4579.05
2026-04-08T10:59:46.88,AARTIIND,,,,,,,,,,,chemicals,chemicals,,,,,,,,,2026-04-08,13.97,8.39,8.39,8934.18
2026-04-08T10:59:46.88,ASHIANA,,,,,,,,,,,realty,construction,,,,,,,,,2026-04-08,14.13,17.26,23.82,1262.87
2026-04-08T10:59:46.88,JINDALPOLY,,,,,,,,,,,textiles,textiles - products,,,,,,,,,2026-04-08,14.14,14.4,27.02,982.29
2026-04-08T10:59:46.88,EDELWEISS,,,,,,,,,,,financials,finance & investments,,,,,,,,,2026-04-08,14.17,8.15,10.7,7146.68
2026-04-08T10:59:46.88,JAYNECOIND,,,,,,,,,,,metals & mining,steel - large,,,,,,,,,2026-04-08,14.35,7.44,15.59,3517.36
2026-04-08T10:59:46.88,PRECWIRE,,,,,,,,,,,metals & mining,mining / minerals / metals,,,,,,,,,2026-04-08,14.59,6.67,7.38,2412.25
2026-04-08T10:59:46.88,MIRCELECTR,,,,,,,,,,,consumer discretionary,electronics - consumer,,,,,,,,,2026-04-08,14.71,17.14,22.56,700.97
2026-04-08T10:59:46.88,FIEMIND,,,,,,,,,,,auto,auto ancillaries,,,,,,,,,2026-04-08,15.34,10.61,13.97,2589.88
2026-04-08T10:59:46.88,TRIVENI,,,,,,,,,,,fmcg,sugar,,,,,,,,,2026-04-08,15.65,6.88,6.88,3372.29
2026-04-08T10:59:46.88,HEG,,,,,,,,,,,industrials,electrodes - graphites,,,,,,,,,2026-04-08,15.88,5.91,6.97,4785.68
2026-04-08T10:59:46.88,APEX,,,,,,,,,,,fmcg,aquaculture,,,,,,,,,2026-04-08,16.14,12.69,15.77,350.11
2026-04-08T10:59:46.88,BHAGYANGR,,,,,,,,,,,power & utilities,power generation and supply,,,,,,,,,2026-04-08,16.17,13.09,19.16,180.53
2026-04-08T10:59:46.88,MEDPLUS,,,,,,,,,,,consumer discretionary,trading,,,,,,,,,2026-04-08,19.25,5.49,6.27,6038.5
2026-04-08T10:59:46.88,GVPIL,,,,,,,,,,,realty,engineering - turnkey services,,,,,,,,,2026-04-08,19.84,10.1,16.1,934.8
2026-04-08T10:59:46.88,SMLMAH,,,,,,,,,,,auto,automobiles - lcvs / hcvs,,,,,,,,,2026-04-08,20.05,10.43,14.59,2538.94
2026-04-08T10:59:46.88,JPOLYINVST,,,,,,,,,,,financials,finance & investments,,,,,,,,,2026-04-08,20.06,16.12,16.66,317.22
2026-04-08T10:59:46.88,GMBREW,,,,,,,,,,,fmcg,breweries & distilleries,,,,,,,,,2026-04-08,21.59,5.34,7.34,608.65
