Timestamp,Symbol,Cmp,%ch,Low 2%,Low5,Sl,Target,R_vol,Forward pe,Pe,Rsi,Sector,Industry,Adx,%ch sl,Rs,Srs,Ars,Is,Tps,Rs score,Scan_Date,Low3,Initial_atr1.5sl,0d_high,W rsi,%ch y_low,Srs y,Ars y,%ch_3low,Atr%,%ch_2low,Adr p - adr%,High,Lod price,%ch_high,%ch 2 low,E_s50,Avg_true_range,Adr%,Brackets12,Ma_x,Rvol,M_cap,Va,Va_ma,Atr% x,Lod dist,Free float,Grand_total_number2,%ch7,Lch7,7d_high,Lc,Low,%ch sl atr,Bollinger bandwidth,%ch5,Lch5,5d_high,Column26,Column27,Max2
2026-09-16T16:02:48.747,FINCABLES,1362.6,1.69,1273.12,1295.4,1296.47,1461.79,0.98,20.92,25.61,59.94,industrials,cables - power,38.8,5.1,68.08,0.46,0.76,1184.24,1082.78,16.36,2026-09-16,,,,,,,,,,,,,,,,,,,,,,,,,,,,,,,,,,,,,,,,,
2026-09-16T16:02:48.747,REDINGTON,388.15,2.43,363.78,371.2,375.36,407.34,0.73,15.6,17.41,64.42,services,trading,46.03,3.41,47.95,0.57,0.38,354.84,331.61,14.18,2026-09-16,,,,,,,,,,,,,,,,,,,,,,,,,,,,,,,,,,,,,,,,,
2026-09-16T16:02:48.747,GRAPHITE,805.05,3.01,759.11,774.6,753.21,882.81,1.24,22.82,71.57,62.39,industrials,electrodes - graphites,36.91,6.88,24.77,0.2,0.21,709.05,650.7,13.19,2026-09-16,,,,,,,,,,,,,,,,,,,,,,,,,,,,,,,,,,,,,,,,,
2026-09-16T16:02:48.747,ABDL,647.55,2.53,606.62,586.55,600.52,718.09,3.74,91.98,80.66,62.49,fmcg,breweries & distilleries,13.14,7.83,22.49,0.42,0.02,601.2,573.89,6.1,2026-09-16,,,,,,,,,,,,,,,,,,,,,,,,,,,,,,,,,,,,,,,,,
2026-09-16T16:02:48.747,PVRINOX,1254.6,2.75,1193.25,1159.9,1198.39,1338.91,0.81,54.55,26.97,57.9,media,entertainment / electronic media software,36.63,4.69,19.18,0.15,0.19,1152.06,1084.55,3.26,2026-09-16,,,,,,,,,,,,,,,,,,,,,,,,,,,,,,,,,,,,,,,,,
2026-09-16T16:02:48.747,COALINDIA,422.25,0.72,409.25,417.6,416.99,430.14,0.82,7.35,8.28,55.45,metals & mining,mining / minerals / metals,27.36,1.26,3.42,-0.16,0.02,404.89,393.07,2.08,2026-09-16,,,,,,,,,,,,,,,,,,,,,,,,,,,,,,,,,,,,,,,,,
2026-09-16T16:02:48.747,SPLPETRO,793.0,0.46,753.91,769.3,782.29,809.06,0.68,15.71,30.61,60.27,energy,petrochemicals,29.25,1.37,27.06,0.11,0.19,726.88,682.28,1.46,2026-09-16,,,,,,,,,,,,,,,,,,,,,,,,,,,,,,,,,,,,,,,,,
2026-09-16T16:02:48.747,TATACHEM,731.8,-0.42,678.06,600.0,611.95,911.57,23.7,-273.06,-8.65,71.28,chemicals,chemicals,17.57,19.58,5.32,0.03,-0.08,641.46,629.91,-4.57,2026-09-16,,,,,,,,,,,,,,,,,,,,,,,,,,,,,,,,,,,,,,,,,
2026-09-15T22:32:57.075,PFOCUS,319.0,2.62,303.9,307.0,301.9,344.65,1.93,-150.47,201.85,63.85,realty,miscellaneous,28.3,5.66,22.14,0.13,0.28,294.22,280.34,19.49,2026-09-15,,,,,,,,,,,,,,,,,,,,,,,,,,,,,,,,,,,,,,,,,
2026-09-15T22:32:57.075,ACMESOLAR,420.4,4.5,394.11,389.6,403.29,446.06,2.55,28.33,41.09,63.37,realty,engineering - turnkey services,23.64,4.24,87.96,0.58,0.73,385.52,365.12,12.3,2026-09-15,,,,,,,,,,,,,,,,,,,,,,,,,,,,,,,,,,,,,,,,,
2026-09-15T22:32:57.075,EMCURE,1993.0,0.71,1934.52,1889.9,1868.09,2180.37,1.66,32.15,37.09,66.66,healthcare,pharmaceuticals - indian - bulk drugs & formln,20.4,6.69,36.69,0.26,0.38,1893.0,1839.3,11.33,2026-09-15,,,,,,,,,,,,,,,,,,,,,,,,,,,,,,,,,,,,,,,,,
2026-09-15T22:32:57.075,AEGISVOPAK,302.0,2.34,286.94,281.3,279.45,335.82,2.45,125.83,130.0,65.42,transportation,miscellaneous,23.2,8.07,41.78,0.47,0.17,275.55,264.7,6.13,2026-09-15,,,,,,,,,,,,,,,,,,,,,,,,,,,,,,,,,,,,,,,,,
2026-09-15T22:32:57.075,ZYDUSWELL,549.95,-0.37,533.46,544.35,541.2,563.08,0.53,36.76,93.24,55.0,fmcg,food - processing - indian,23.45,1.62,35.42,0.19,0.25,514.56,496.51,4.47,2026-09-15,,,,,,,,,,,,,,,,,,,,,,,,,,,,,,,,,,,,,,,,,
2026-09-15T22:32:57.075,TATAINVEST,718.35,10.36,686.15,616.1,616.69,870.85,25.87,63.23,76.4,73.04,financials,finance & investments,17.63,16.49,10.96,0.07,0.0,652.27,634.86,1.51,2026-09-15,,,,,,,,,,,,,,,,,,,,,,,,,,,,,,,,,,,,,,,,,
2026-09-15T22:32:57.075,CYIENT,1078.9,1.84,1044.29,1054.4,1132.98,997.77,0.86,28.63,30.93,62.28,i.t,computers - software - medium / small,43.55,-4.77,6.1,0.16,-0.05,999.14,967.61,-1.51,2026-09-15,,,,,,,,,,,,,,,,,,,,,,,,,,,,,,,,,,,,,,,,,
2026-09-15T22:32:57.075,UTIAMC,911.1,0.12,887.78,889.9,880.91,956.39,0.49,9.96,25.33,55.53,financials,finance & investments,16.54,3.43,-15.49,-0.13,-0.2,879.99,861.31,-7.16,2026-09-15,,,,,,,,,,,,,,,,,,,,,,,,,,,,,,,,,,,,,,,,,
2026-09-14T22:09:11.875,FILATEX,87.41,14.64,,,73.06,116.11,6.61,20.05,20.33,65.74,textiles,textiles - manmade,31.15,19.64,,0.99,0.75,,,,2026-09-14,74.27,80.87,90.9,75.41,1.73,0.63,0.53,17.69,5.7,17.69,5.74,,,,,,,,,,,,,,,,,,,,,,,,,,,,,,
2026-09-14T22:09:11.875,UGARSUGAR,54.3,8.77,,,53.38,56.15,13.51,104.42,21.21,55.39,fmcg,sugar,38.43,1.73,,0.35,0.21,,,,2026-09-14,48.49,48.36,58.99,71.64,-9.88,0.22,0.11,11.98,8.49,11.98,9.11,,,,,,,,,,,,,,,,,,,,,,,,,,,,,,
2026-09-14T22:09:11.875,ABDL,632.5,3.44,,,594.7,708.09,1.33,89.84,80.78,57.87,fmcg,breweries & distilleries,11.75,6.36,,0.32,0.02,,,,2026-09-14,586.55,602.11,636.9,59.15,0.67,0.21,-0.02,7.83,3.07,5.7,2.96,,,,,,,,,,,,,,,,,,,,,,,,,,,,,,
2026-09-14T22:09:11.875,FIVESTAR,551.05,3.84,,,513.88,625.38,3.1,14.99,14.71,58.51,financials,finance & investments,16.89,7.23,,0.44,-0.02,,,,2026-09-14,518.95,524.58,556.85,57.54,3.17,0.32,-0.05,6.19,3.26,5.77,3.31,,,,,,,,,,,,,,,,,,,,,,,,,,,,,,
2026-09-14T22:09:11.875,DECNGOLD,229.73,1.7,,,215.8,257.6,1.39,-174.04,-96.53,56.91,metals & mining,mining / minerals / metals,17.11,6.46,,NaN,NaN,,,,2026-09-14,216.54,213.42,236.8,69.98,0.23,NaN,NaN,6.09,4.57,4.6,4.73,,,,,,,,,,,,,,,,,,,,,,,,,,,,,,
2026-09-14T22:09:11.875,ORIENTHOT,141.35,1.1,,,140.2,143.65,0.22,117.79,37.9,58.56,services,hotels,22.95,0.82,,0.51,0.34,,,,2026-09-14,137.35,133.82,145.0,63.42,-0.83,0.46,0.33,2.91,2.95,2.91,3.71,,,,,,,,,,,,,,,,,,,,,,,,,,,,,,
2026-09-14T22:09:11.875,TALBROAUTO,423.75,0.85,,,404.65,461.95,0.81,21.8,23.37,55.67,auto,auto ancillaries,14.54,4.72,,0.58,0.49,,,,2026-09-14,414.9,400.61,427.2,66.33,3.23,0.53,0.48,2.13,3.31,2.13,3.33,,,,,,,,,,,,,,,,,,,,,,,,,,,,,,
2026-09-14T22:09:11.875,IIFLCAPS,339.05,0.52,,,336.64,343.87,1.32,14.32,18.47,54.78,financials,finance & investments,28.31,0.72,,0.1,-0.01,,,,2026-09-14,336.6,333.19,340.95,54.49,0.32,0.06,-0.01,0.73,1.15,0.73,1.14,,,,,,,,,,,,,,,,,,,,,,,,,,,,,,
2026-09-13T23:38:57.228,FILATEX,87.41,14.64,,,73.06,116.11,6.61,20.05,20.33,65.74,textiles,textiles - manmade,31.15,19.64,,0.99,0.75,,,,2026-09-13,74.27,80.87,90.9,75.41,1.73,0.63,0.53,17.69,5.7,17.69,5.74,,,,,,,,,,,,,,,,,,,,,,,,,,,,,,
2026-09-13T23:38:57.228,UGARSUGAR,54.3,8.77,,,53.38,56.15,13.51,104.42,21.21,55.39,fmcg,sugar,38.43,1.73,,0.35,0.21,,,,2026-09-13,48.49,48.36,58.99,71.64,-9.88,0.22,0.11,11.98,8.49,11.98,9.11,,,,,,,,,,,,,,,,,,,,,,,,,,,,,,
2026-09-13T23:38:57.228,ABDL,632.5,3.44,,,594.7,708.09,1.33,89.84,80.78,57.87,fmcg,breweries & distilleries,11.75,6.36,,0.32,0.02,,,,2026-09-13,586.55,602.11,636.9,59.15,0.67,0.21,-0.02,7.83,3.07,5.7,2.96,,,,,,,,,,,,,,,,,,,,,,,,,,,,,,
2026-09-13T23:38:57.228,FIVESTAR,551.05,3.84,,,513.88,625.38,3.1,14.99,14.71,58.51,financials,finance & investments,16.89,7.23,,0.44,-0.02,,,,2026-09-13,518.95,524.58,556.85,57.54,3.17,0.32,-0.05,6.19,3.26,5.77,3.31,,,,,,,,,,,,,,,,,,,,,,,,,,,,,,
2026-09-13T23:38:57.228,DECNGOLD,229.73,1.7,,,215.8,257.6,1.39,-174.04,-96.53,56.91,metals & mining,mining / minerals / metals,17.11,6.46,,NaN,NaN,,,,2026-09-13,216.54,213.42,236.8,69.98,0.23,NaN,NaN,6.09,4.57,4.6,4.73,,,,,,,,,,,,,,,,,,,,,,,,,,,,,,
2026-09-13T23:38:57.228,ORIENTHOT,141.35,1.1,,,140.2,143.65,0.22,117.79,37.9,58.56,services,hotels,22.95,0.82,,0.51,0.34,,,,2026-09-13,137.35,133.82,145.0,63.42,-0.83,0.46,0.33,2.91,2.95,2.91,3.71,,,,,,,,,,,,,,,,,,,,,,,,,,,,,,
2026-09-13T23:38:57.228,TALBROAUTO,423.75,0.85,,,404.65,461.95,0.81,21.8,23.37,55.67,auto,auto ancillaries,14.54,4.72,,0.58,0.49,,,,2026-09-13,414.9,400.61,427.2,66.33,3.23,0.53,0.48,2.13,3.31,2.13,3.33,,,,,,,,,,,,,,,,,,,,,,,,,,,,,,
2026-09-13T23:38:57.228,IIFLCAPS,339.05,0.52,,,336.64,343.87,1.32,14.32,18.47,54.78,financials,finance & investments,28.31,0.72,,0.1,-0.01,,,,2026-09-13,336.6,333.19,340.95,54.49,0.32,0.06,-0.01,0.73,1.15,0.73,1.14,,,,,,,,,,,,,,,,,,,,,,,,,,,,,,
2026-09-12T22:52:57.757,FILATEX,87.41,14.64,,,73.06,116.11,6.61,20.05,20.33,65.74,textiles,textiles - manmade,31.15,19.64,,0.99,0.75,,,,2026-09-12,74.27,80.87,90.9,75.41,1.73,0.63,0.53,17.69,5.7,17.69,5.74,,,,,,,,,,,,,,,,,,,,,,,,,,,,,,
2026-09-12T22:52:57.757,UGARSUGAR,54.3,8.77,,,53.38,56.15,13.51,104.42,21.21,55.39,fmcg,sugar,38.43,1.73,,0.35,0.21,,,,2026-09-12,48.49,48.36,58.99,71.64,-9.88,0.22,0.11,11.98,8.49,11.98,9.11,,,,,,,,,,,,,,,,,,,,,,,,,,,,,,
2026-09-12T22:52:57.757,ABDL,632.5,3.44,,,594.7,708.09,1.33,89.84,80.78,57.87,fmcg,breweries & distilleries,11.75,6.36,,0.32,0.02,,,,2026-09-12,586.55,602.11,636.9,59.15,0.67,0.21,-0.02,7.83,3.07,5.7,2.96,,,,,,,,,,,,,,,,,,,,,,,,,,,,,,
2026-09-12T22:52:57.757,FIVESTAR,551.05,3.84,,,513.88,625.38,3.1,14.99,14.71,58.51,financials,finance & investments,16.89,7.23,,0.44,-0.02,,,,2026-09-12,518.95,524.58,556.85,57.54,3.17,0.32,-0.05,6.19,3.26,5.77,3.31,,,,,,,,,,,,,,,,,,,,,,,,,,,,,,
2026-09-12T22:52:57.757,DECNGOLD,229.73,1.7,,,215.8,257.6,1.39,-174.04,-96.53,56.91,metals & mining,mining / minerals / metals,17.11,6.46,,NaN,NaN,,,,2026-09-12,216.54,213.42,236.8,69.98,0.23,NaN,NaN,6.09,4.57,4.6,4.73,,,,,,,,,,,,,,,,,,,,,,,,,,,,,,
2026-09-12T22:52:57.757,ORIENTHOT,141.35,1.1,,,140.2,143.65,0.22,117.79,37.9,58.56,services,hotels,22.95,0.82,,0.51,0.34,,,,2026-09-12,137.35,133.82,145.0,63.42,-0.83,0.46,0.33,2.91,2.95,2.91,3.71,,,,,,,,,,,,,,,,,,,,,,,,,,,,,,
2026-09-12T22:52:57.757,TALBROAUTO,423.75,0.85,,,404.65,461.95,0.81,21.8,23.37,55.67,auto,auto ancillaries,14.54,4.72,,0.58,0.49,,,,2026-09-12,414.9,400.61,427.2,66.33,3.23,0.53,0.48,2.13,3.31,2.13,3.33,,,,,,,,,,,,,,,,,,,,,,,,,,,,,,
2026-09-12T22:52:57.757,IIFLCAPS,339.05,0.52,,,336.64,343.87,1.32,14.32,18.47,54.78,financials,finance & investments,28.31,0.72,,0.1,-0.01,,,,2026-09-12,336.6,333.19,340.95,54.49,0.32,0.06,-0.01,0.73,1.15,0.73,1.14,,,,,,,,,,,,,,,,,,,,,,,,,,,,,,
2026-09-11T22:37:54.324,FILATEX,87.41,14.64,,,73.06,116.11,6.61,20.05,17.73,65.74,textiles,textiles - manmade,31.15,19.64,,0.99,0.75,,,,2026-09-11,74.27,80.87,90.9,75.41,1.73,0.63,0.53,17.69,5.7,17.69,5.74,,,,,,,,,,,,,,,,,,,,,,,,,,,,,,
2026-09-11T22:37:54.324,UGARSUGAR,54.3,8.77,,,53.38,56.15,13.51,104.42,19.5,55.39,fmcg,sugar,38.43,1.73,,0.35,0.21,,,,2026-09-11,48.49,48.36,58.99,71.64,-9.88,0.22,0.11,11.98,8.49,11.98,9.11,,,,,,,,,,,,,,,,,,,,,,,,,,,,,,
2026-09-11T22:37:54.324,ABDL,632.5,3.44,,,594.7,708.09,1.33,89.84,78.09,57.87,fmcg,breweries & distilleries,11.75,6.36,,0.32,0.02,,,,2026-09-11,586.55,602.11,636.9,59.15,0.67,0.21,-0.02,7.83,3.07,5.7,2.96,,,,,,,,,,,,,,,,,,,,,,,,,,,,,,
2026-09-11T22:37:54.324,FIVESTAR,551.05,3.84,,,513.88,625.38,3.1,14.99,14.17,58.51,financials,finance & investments,16.89,7.23,,0.44,-0.02,,,,2026-09-11,518.95,524.58,556.85,57.54,3.17,0.32,-0.05,6.19,3.26,5.77,3.31,,,,,,,,,,,,,,,,,,,,,,,,,,,,,,
2026-09-11T22:37:54.324,DECNGOLD,229.73,1.7,,,215.8,257.6,1.39,-174.04,-94.91,56.91,metals & mining,mining / minerals / metals,17.11,6.46,,NaN,NaN,,,,2026-09-11,216.54,213.42,236.8,69.98,0.23,NaN,NaN,6.09,4.57,4.6,4.73,,,,,,,,,,,,,,,,,,,,,,,,,,,,,,
2026-09-11T22:37:54.324,ORIENTHOT,141.35,1.1,,,140.2,143.65,0.22,117.79,37.48,58.56,services,hotels,22.95,0.82,,0.51,0.34,,,,2026-09-11,137.35,133.82,145.0,63.42,-0.83,0.46,0.33,2.91,2.95,2.91,3.71,,,,,,,,,,,,,,,,,,,,,,,,,,,,,,
2026-09-11T22:37:54.324,TALBROAUTO,423.75,0.85,,,404.65,461.95,0.81,21.8,23.18,55.67,auto,auto ancillaries,14.54,4.72,,0.58,0.49,,,,2026-09-11,414.9,400.61,427.2,66.33,3.23,0.53,0.48,2.13,3.31,2.13,3.33,,,,,,,,,,,,,,,,,,,,,,,,,,,,,,
2026-09-11T22:37:54.324,IIFLCAPS,339.05,0.52,,,336.64,343.87,1.32,14.32,18.37,54.78,financials,finance & investments,28.31,0.72,,0.1,-0.01,,,,2026-09-11,336.6,333.19,340.95,54.49,0.32,0.06,-0.01,0.73,1.15,0.73,1.14,,,,,,,,,,,,,,,,,,,,,,,,,,,,,,
2026-09-07T05:41:44.788,PCJEWELLER,11.86,12.74,,,10.6,14.39,3.16,12.89,11.98,68.63,consumer discretionary,diamond cutting / jewellery,32.47,11.93,,0.21,0.15,,,,2026-09-07,9.98,11.02,12.17,65.16,-3.4,0.07,0.02,18.84,5.87,16.62,5.43,,,,,,,,,,,,,,,,,,,,,,,,,,,,,,
2026-09-07T05:41:44.788,PAISALO,74.1,5.44,,,66.38,89.54,1.89,27.65,26.75,67.81,financials,finance & investments,15.67,11.63,,1.04,1.01,,,,2026-09-07,65.61,70.28,74.2,74.03,0.47,0.88,0.91,12.94,3.5,11.51,3.27,,,,,,,,,,,,,,,,,,,,,,,,,,,,,,
2026-09-07T05:41:44.788,EXICOM,177.85,7.05,,,157.11,219.33,2.74,-8.93,-9.13,65.03,industrials,electric equipment,14.94,13.2,,0.85,0.44,,,,2026-09-07,158.15,165.16,179.75,63.49,5.63,0.71,0.34,12.46,4.7,9.82,5.27,,,,,,,,,,,,,,,,,,,,,,,,,,,,,,
2026-09-07T05:41:44.788,PURVA,230.72,9.3,,,211.5,269.15,13.21,47.28,34.13,63.71,realty,construction,25.33,9.08,,0.14,-0.06,,,,2026-09-07,208.2,218.09,236.0,55.74,-1.33,0.08,-0.14,10.82,3.9,9.82,3.86,,,,,,,,,,,,,,,,,,,,,,,,,,,,,,
2026-09-07T05:41:44.788,GREENPLY,304.7,3.99,,,283.29,347.53,1.83,25.31,38.47,61.02,building materials,miscellaneous,15.44,7.56,,0.43,0.19,,,,2026-09-07,280.6,289.57,307.9,59.72,1.7,0.34,0.15,8.59,3.4,6.54,3.2,,,,,,,,,,,,,,,,,,,,,,,,,,,,,,
2026-09-07T05:41:44.788,MOTISONS,16.48,7.22,,,16.27,16.91,2.6,37.45,24.6,59.25,consumer discretionary,diamond cutting / jewellery,34.06,1.31,,0.05,0.03,,,,2026-09-07,15.21,15.15,17.5,60.6,-7.48,-0.04,-0.04,8.35,6.1,8.35,6.43,,,,,,,,,,,,,,,,,,,,,,,,,,,,,,
2026-09-07T05:41:44.788,SMCGLOBAL,81.25,2.3,,,78.17,87.4,1.42,11.61,13.13,61.37,financials,finance & investments,20.22,3.93,,0.04,-0.07,,,,2026-09-07,78.31,77.6,81.9,58.91,1.03,-0.02,-0.09,3.75,2.66,2.85,2.65,,,,,,,,,,,,,,,,,,,,,,,,,,,,,,
2026-09-07T05:41:44.788,CASTROLIND,190.27,2.07,,,184.48,201.85,2.05,13.55,17.46,61.66,chemicals,chemicals,22.03,3.14,,-0.06,0.01,,,,2026-09-07,184.2,186.65,190.95,56.3,0.22,-0.09,-0.01,3.3,1.32,2.73,1.2,,,,,,,,,,,,,,,,,,,,,,,,,,,,,,
2026-09-06T21:57:10.293,PCJEWELLER,11.86,12.74,,,10.6,14.39,3.16,12.89,11.98,68.63,consumer discretionary,diamond cutting / jewellery,32.47,11.93,,0.21,0.15,,,,2026-09-06,9.98,11.02,12.17,65.16,-3.4,0.07,0.02,18.84,5.87,16.62,5.43,,,,,,,,,,,,,,,,,,,,,,,,,,,,,,
2026-09-06T21:57:10.293,PAISALO,74.1,5.44,,,66.38,89.54,1.89,27.65,26.75,67.81,financials,finance & investments,15.67,11.63,,1.04,1.01,,,,2026-09-06,65.61,70.28,74.2,74.03,0.47,0.88,0.91,12.94,3.5,11.51,3.27,,,,,,,,,,,,,,,,,,,,,,,,,,,,,,
2026-09-06T21:57:10.293,EXICOM,177.85,7.05,,,157.11,219.33,2.74,-8.93,-9.13,65.03,industrials,electric equipment,14.94,13.2,,0.85,0.44,,,,2026-09-06,158.15,165.16,179.75,63.49,5.63,0.71,0.34,12.46,4.7,9.82,5.27,,,,,,,,,,,,,,,,,,,,,,,,,,,,,,
2026-09-06T21:57:10.293,PURVA,230.72,9.3,,,211.5,269.15,13.21,47.28,34.13,63.71,realty,construction,25.33,9.08,,0.14,-0.06,,,,2026-09-06,208.2,218.09,236.0,55.74,-1.33,0.08,-0.14,10.82,3.9,9.82,3.86,,,,,,,,,,,,,,,,,,,,,,,,,,,,,,
2026-09-06T21:57:10.293,GREENPLY,304.7,3.99,,,283.29,347.53,1.83,25.31,38.47,61.02,building materials,miscellaneous,15.44,7.56,,0.43,0.19,,,,2026-09-06,280.6,289.57,307.9,59.72,1.7,0.34,0.15,8.59,3.4,6.54,3.2,,,,,,,,,,,,,,,,,,,,,,,,,,,,,,
2026-09-06T21:57:10.293,MOTISONS,16.48,7.22,,,16.27,16.91,2.6,37.45,24.6,59.25,consumer discretionary,diamond cutting / jewellery,34.06,1.31,,0.05,0.03,,,,2026-09-06,15.21,15.15,17.5,60.6,-7.48,-0.04,-0.04,8.35,6.1,8.35,6.43,,,,,,,,,,,,,,,,,,,,,,,,,,,,,,
2026-09-06T21:57:10.293,SMCGLOBAL,81.25,2.3,,,78.17,87.4,1.42,11.61,13.13,61.37,financials,finance & investments,20.22,3.93,,0.04,-0.07,,,,2026-09-06,78.31,77.6,81.9,58.91,1.03,-0.02,-0.09,3.75,2.66,2.85,2.65,,,,,,,,,,,,,,,,,,,,,,,,,,,,,,
2026-09-06T21:57:10.293,CASTROLIND,190.27,2.07,,,184.48,201.85,2.05,13.55,17.46,61.66,chemicals,chemicals,22.03,3.14,,-0.06,0.01,,,,2026-09-06,184.2,186.65,190.95,56.3,0.22,-0.09,-0.01,3.3,1.32,2.73,1.2,,,,,,,,,,,,,,,,,,,,,,,,,,,,,,
2026-09-05T23:13:17.498,PCJEWELLER,11.86,12.74,,,10.6,14.39,3.16,12.89,11.98,68.63,consumer discretionary,diamond cutting / jewellery,32.47,11.93,,0.21,0.15,,,,2026-09-05,9.98,11.02,12.17,65.16,-3.4,0.07,0.02,18.84,5.87,16.62,5.43,,,,,,,,,,,,,,,,,,,,,,,,,,,,,,
2026-09-05T23:13:17.498,PAISALO,74.1,5.44,,,66.38,89.54,1.89,27.65,26.75,67.81,financials,finance & investments,15.67,11.63,,1.04,1.01,,,,2026-09-05,65.61,70.28,74.2,74.03,0.47,0.88,0.91,12.94,3.5,11.51,3.27,,,,,,,,,,,,,,,,,,,,,,,,,,,,,,
2026-09-05T23:13:17.498,EXICOM,177.85,7.05,,,157.11,219.33,2.74,-8.93,-9.13,65.03,industrials,electric equipment,14.94,13.2,,0.85,0.44,,,,2026-09-05,158.15,165.16,179.75,63.49,5.63,0.71,0.34,12.46,4.7,9.82,5.27,,,,,,,,,,,,,,,,,,,,,,,,,,,,,,
2026-09-05T23:13:17.498,PURVA,230.72,9.3,,,211.5,269.15,13.21,47.28,34.13,63.71,realty,construction,25.33,9.08,,0.14,-0.06,,,,2026-09-05,208.2,218.09,236.0,55.74,-1.33,0.08,-0.14,10.82,3.9,9.82,3.86,,,,,,,,,,,,,,,,,,,,,,,,,,,,,,
2026-09-05T23:13:17.498,GREENPLY,304.7,3.99,,,283.29,347.53,1.83,25.31,38.47,61.02,building materials,miscellaneous,15.44,7.56,,0.43,0.19,,,,2026-09-05,280.6,289.57,307.9,59.72,1.7,0.34,0.15,8.59,3.4,6.54,3.2,,,,,,,,,,,,,,,,,,,,,,,,,,,,,,
2026-09-05T23:13:17.498,MOTISONS,16.48,7.22,,,16.27,16.91,2.6,37.45,24.6,59.25,consumer discretionary,diamond cutting / jewellery,34.06,1.31,,0.05,0.03,,,,2026-09-05,15.21,15.15,17.5,60.6,-7.48,-0.04,-0.04,8.35,6.1,8.35,6.43,,,,,,,,,,,,,,,,,,,,,,,,,,,,,,
2026-09-05T23:13:17.498,SMCGLOBAL,81.25,2.3,,,78.17,87.4,1.42,11.61,13.13,61.37,financials,finance & investments,20.22,3.93,,0.04,-0.07,,,,2026-09-05,78.31,77.6,81.9,58.91,1.03,-0.02,-0.09,3.75,2.66,2.85,2.65,,,,,,,,,,,,,,,,,,,,,,,,,,,,,,
2026-09-05T23:13:17.498,CASTROLIND,190.27,2.07,,,184.48,201.85,2.05,13.55,17.46,61.66,chemicals,chemicals,22.03,3.14,,-0.06,0.01,,,,2026-09-05,184.2,186.65,190.95,56.3,0.22,-0.09,-0.01,3.3,1.32,2.73,1.2,,,,,,,,,,,,,,,,,,,,,,,,,,,,,,
2026-09-04T22:30:34.763,PCJEWELLER,11.86,12.74,,,10.6,14.39,3.16,12.89,10.63,68.63,consumer discretionary,diamond cutting / jewellery,32.47,11.93,,0.21,0.15,,,,2026-09-04,9.98,11.02,12.17,65.16,-3.4,0.07,0.02,18.84,5.87,16.62,5.43,,,,,,,,,,,,,,,,,,,,,,,,,,,,,,
2026-09-04T22:30:34.763,PAISALO,74.1,5.44,,,66.38,89.54,1.89,27.65,25.37,67.81,financials,finance & investments,15.67,11.63,,1.04,1.01,,,,2026-09-04,65.61,70.28,74.2,74.03,0.47,0.88,0.91,12.94,3.5,11.51,3.27,,,,,,,,,,,,,,,,,,,,,,,,,,,,,,
2026-09-04T22:30:34.763,EXICOM,177.85,7.05,,,157.11,219.33,2.74,-8.93,-8.53,65.03,industrials,electric equipment,14.94,13.2,,0.85,0.44,,,,2026-09-04,158.15,165.16,179.75,63.49,5.63,0.71,0.34,12.46,4.7,9.82,5.27,,,,,,,,,,,,,,,,,,,,,,,,,,,,,,
2026-09-04T22:30:34.763,PURVA,230.72,9.3,,,211.5,269.15,13.21,47.28,31.23,63.71,realty,construction,25.33,9.08,,0.14,-0.06,,,,2026-09-04,208.2,218.09,236.0,55.74,-1.33,0.08,-0.14,10.82,3.9,9.82,3.86,,,,,,,,,,,,,,,,,,,,,,,,,,,,,,
2026-09-04T22:30:34.763,GREENPLY,304.7,3.99,,,283.29,347.53,1.83,25.31,36.99,61.02,building materials,miscellaneous,15.44,7.56,,0.43,0.19,,,,2026-09-04,280.6,289.57,307.9,59.72,1.7,0.34,0.15,8.59,3.4,6.54,3.2,,,,,,,,,,,,,,,,,,,,,,,,,,,,,,
2026-09-04T22:30:34.763,MOTISONS,16.48,7.22,,,16.27,16.91,2.6,37.45,22.94,59.25,consumer discretionary,diamond cutting / jewellery,34.06,1.31,,0.05,0.03,,,,2026-09-04,15.21,15.15,17.5,60.6,-7.48,-0.04,-0.04,8.35,6.1,8.35,6.43,,,,,,,,,,,,,,,,,,,,,,,,,,,,,,
2026-09-04T22:30:34.763,SMCGLOBAL,81.25,2.3,,,78.17,87.4,1.42,11.61,12.83,61.37,financials,finance & investments,20.22,3.93,,0.04,-0.07,,,,2026-09-04,78.31,77.6,81.9,58.91,1.03,-0.02,-0.09,3.75,2.66,2.85,2.65,,,,,,,,,,,,,,,,,,,,,,,,,,,,,,
2026-09-04T22:30:34.763,CASTROLIND,190.27,2.07,,,184.48,201.85,2.05,13.55,17.1,61.66,chemicals,chemicals,22.03,3.14,,-0.06,0.01,,,,2026-09-04,184.2,186.65,190.95,56.3,0.22,-0.09,-0.01,3.3,1.32,2.73,1.2,,,,,,,,,,,,,,,,,,,,,,,,,,,,,,
2026-09-01T06:04:51.332,PARACABLES,65.34,4.76,,,60.23,75.56,2.92,25.52,32.83,53.97,industrials,cables - power,13.68,8.48,,0.73,0.7,,,,2026-09-01,58.28,60.24,67.64,59.06,-3.36,0.67,0.63,12.11,5.42,10.19,5.64,,,,,,,,,,,,,,,,,,,,,,,,,,,,,,
2026-09-01T06:04:51.332,NORTHARC,311.65,9.06,,,280.14,374.67,17.6,11.0,11.45,63.31,financials,finance & investments,18.3,11.25,,0.14,0.16,,,,2026-09-01,280.45,293.62,319.6,61.01,2.08,0.03,0.07,11.13,4.39,9.93,3.56,,,,,,,,,,,,,,,,,,,,,,,,,,,,,,
2026-09-01T06:04:51.332,MOL,63.94,4.92,,,61.89,68.04,2.41,8.41,25.27,64.07,chemicals,pesticides / agrochemicals - indian,40.16,3.31,,0.12,-0.03,,,,2026-09-01,58.57,59.49,65.6,61.48,-2.07,0.05,-0.08,9.17,5.22,9.17,5.29,,,,,,,,,,,,,,,,,,,,,,,,,,,,,,
2026-09-01T06:04:51.332,INDHOTEL,737.9,4.46,,,711.62,790.47,2.32,73.5,48.96,56.1,services,hotels,15.58,3.69,,0.02,-0.03,,,,2026-09-01,701.55,716.27,737.9,57.76,-1.55,-0.05,-0.07,5.18,2.12,5.18,1.78,,,,,,,,,,,,,,,,,,,,,,,,,,,,,,
2026-09-01T06:04:51.332,VERANDA,249.3,3.59,,,239.53,268.84,1.17,20.57,15.94,53.1,services,miscellaneous,16.57,4.08,,0.26,0.33,,,,2026-09-01,237.6,230.64,255.2,57.44,-1.39,0.19,0.29,4.92,4.9,4.92,5.01,,,,,,,,,,,,,,,,,,,,,,,,,,,,,,
2026-09-01T06:04:51.332,MUNJALAU,115.79,3.02,,,114.01,119.35,0.32,11.22,23.07,60.02,auto,auto ancillaries,38.91,1.56,,0.3,0.41,,,,2026-09-01,110.6,108.02,116.7,67.87,-2.19,0.25,0.37,4.69,4.59,4.69,4.64,,,,,,,,,,,,,,,,,,,,,,,,,,,,,,
2026-09-01T06:04:51.332,GAIL,177.5,3.74,,,171.14,190.22,1.45,6.25,11.81,56.81,energy,miscellaneous,12.29,3.71,,-0.04,0.01,,,,2026-09-01,170.11,172.08,177.5,57.67,-0.85,-0.08,-0.03,4.34,1.98,4.34,1.83,,,,,,,,,,,,,,,,,,,,,,,,,,,,,,
2026-09-01T06:04:51.332,IDFCFIRSTB,85.97,3.43,,,84.49,88.94,0.97,16.16,33.07,57.36,bank,banks - private sector,31.6,1.76,,0.08,-0.01,,,,2026-09-01,82.5,83.54,85.97,64.03,-2.53,0.04,-0.04,4.21,1.9,4.21,1.58,,,,,,,,,,,,,,,,,,,,,,,,,,,,,,
2026-08-31T20:58:49.424,PARACABLES,65.34,4.76,,,60.23,75.56,2.92,25.52,31.34,53.97,industrials,cables - power,13.68,8.48,,0.73,0.7,,,,2026-08-31,58.28,60.24,67.64,59.06,-3.36,0.67,0.63,12.11,5.42,10.19,5.64,,,,,,,,,,,,,,,,,,,,,,,,,,,,,,
2026-08-31T20:58:49.424,NORTHARC,311.65,9.06,,,280.14,374.67,17.6,11.0,10.5,63.31,financials,finance & investments,18.3,11.25,,0.14,0.16,,,,2026-08-31,280.45,293.62,319.6,61.01,2.08,0.03,0.07,11.13,4.39,9.93,3.56,,,,,,,,,,,,,,,,,,,,,,,,,,,,,,
2026-08-31T20:58:49.424,MOL,63.94,4.92,,,61.89,68.04,2.41,8.41,24.09,64.07,chemicals,pesticides / agrochemicals - indian,40.16,3.31,,0.12,-0.03,,,,2026-08-31,58.57,59.49,65.6,61.48,-2.07,0.05,-0.08,9.17,5.22,9.17,5.29,,,,,,,,,,,,,,,,,,,,,,,,,,,,,,
2026-08-31T20:58:49.424,INDHOTEL,737.9,4.46,,,711.62,790.47,2.32,73.5,46.87,56.1,services,hotels,15.58,3.69,,0.02,-0.03,,,,2026-08-31,701.55,716.27,737.9,57.76,-1.55,-0.05,-0.07,5.18,2.12,5.18,1.78,,,,,,,,,,,,,,,,,,,,,,,,,,,,,,
2026-08-31T20:58:49.424,VERANDA,249.3,3.59,,,239.53,268.84,1.17,20.57,15.39,53.1,services,miscellaneous,16.57,4.08,,0.26,0.33,,,,2026-08-31,237.6,230.64,255.2,57.44,-1.39,0.19,0.29,4.92,4.9,4.92,5.01,,,,,,,,,,,,,,,,,,,,,,,,,,,,,,
2026-08-31T20:58:49.424,MUNJALAU,115.79,3.02,,,114.01,119.35,0.32,11.22,22.39,60.02,auto,auto ancillaries,38.91,1.56,,0.3,0.41,,,,2026-08-31,110.6,108.02,116.7,67.87,-2.19,0.25,0.37,4.69,4.59,4.69,4.64,,,,,,,,,,,,,,,,,,,,,,,,,,,,,,
2026-08-31T20:58:49.424,GAIL,177.5,3.74,,,171.14,190.22,1.45,6.25,11.38,56.81,energy,miscellaneous,12.29,3.71,,-0.04,0.01,,,,2026-08-31,170.11,172.08,177.5,57.67,-0.85,-0.08,-0.03,4.34,1.98,4.34,1.83,,,,,,,,,,,,,,,,,,,,,,,,,,,,,,
2026-08-31T20:58:49.424,IDFCFIRSTB,85.97,3.43,,,84.49,88.94,0.97,16.16,31.97,57.36,bank,banks - private sector,31.6,1.76,,0.08,-0.01,,,,2026-08-31,82.5,83.54,85.97,64.03,-2.53,0.04,-0.04,4.21,1.9,4.21,1.58,,,,,,,,,,,,,,,,,,,,,,,,,,,,,,
2026-08-30T20:30:28.789,IKIO,213.72,14.82,,,188.43,264.31,2.91,38.16,33.76,60.57,consumer discretionary,electric equipment,24.17,13.42,,0.37,0.17,,,,2026-08-30,185.0,199.08,217.7,62.36,-3.1,0.19,0.02,15.52,4.78,15.52,4.34,,,,,,,,,,,,,,,,,,,,,,,,,,,,,,
2026-08-30T20:30:28.789,MANCREDIT,247.65,7.9,,,218.6,305.76,1.02,22.93,28.83,60.04,financials,finance & investments,30.16,13.29,,0.35,0.37,,,,2026-08-30,219.25,226.59,256.0,63.31,-0.49,0.23,0.28,12.95,5.51,12.22,6.07,,,,,,,,,,,,,,,,,,,,,,,,,,,,,,
2026-08-30T20:30:28.789,EXICOM,167.93,7.55,,,148.73,206.32,2.32,-8.43,-8.62,58.73,industrials,electric equipment,12.4,12.91,,0.65,0.46,,,,2026-08-30,154.5,155.36,171.39,60.31,4.54,0.5,0.36,8.69,4.61,8.69,5.28,,,,,,,,,,,,,,,,,,,,,,,,,,,,,,
2026-08-30T20:30:28.789,KOPRAN,201.76,4.69,,,188.38,228.52,1.92,36.29,39.03,57.3,healthcare,pharmaceuticals - indian - bulk drugs & formln,16.25,7.1,,0.39,0.49,,,,2026-08-30,188.01,188.2,202.35,61.26,0.83,0.36,0.43,7.31,4.28,7.31,4.91,,,,,,,,,,,,,,,,,,,,,,,,,,,,,,
2026-08-30T20:30:28.789,DIFFNKG,411.0,2.1,,,386.68,459.65,0.41,22.99,28.02,55.45,industrials,electrodes - welding equipment,14.23,6.29,,0.43,0.27,,,,2026-08-30,387.05,383.24,419.7,60.64,0.38,0.4,0.24,6.19,4.15,5.37,5.53,,,,,,,,,,,,,,,,,,,,,,,,,,,,,,
2026-08-30T20:30:28.789,SIS,431.0,2.21,,,410.47,472.07,0.99,14.99,41.56,55.5,miscellaneous,miscellaneous,15.73,5.0,,0.32,0.28,,,,2026-08-30,414.95,414.58,436.0,63.93,1.63,0.32,0.26,3.87,2.51,3.06,2.47,,,,,,,,,,,,,,,,,,,,,,,,,,,,,,
2026-08-30T20:30:28.789,ICIL,434.95,2.73,,,415.2,474.45,0.49,34.09,57.08,57.54,textiles,textiles - cotton/blended,27.07,4.76,,0.48,0.47,,,,2026-08-30,420.2,401.28,439.35,63.96,1.77,0.43,0.43,3.51,5.35,3.51,5.97,,,,,,,,,,,,,,,,,,,,,,,,,,,,,,
2026-08-30T20:30:28.789,BHAGYANGR,391.05,2.13,,,372.0,429.15,0.66,15.44,19.91,52.96,power & utilities,power generation and supply,12.69,5.12,,1.38,1.85,,,,2026-08-30,380.0,362.67,398.5,66.85,2.43,1.3,1.79,2.91,4.41,2.91,4.84,,,,,,,,,,,,,,,,,,,,,,,,,,,,,,
2026-08-29T22:46:34.828,IKIO,213.72,14.82,,,188.43,264.31,2.91,38.16,33.76,60.57,consumer discretionary,electric equipment,24.17,13.42,,0.37,0.17,,,,2026-08-29,185.0,199.08,217.7,62.36,-3.1,0.19,0.02,15.52,4.78,15.52,4.34,,,,,,,,,,,,,,,,,,,,,,,,,,,,,,
2026-08-29T22:46:34.828,MANCREDIT,247.65,7.9,,,218.6,305.76,1.02,22.93,28.83,60.04,financials,finance & investments,30.16,13.29,,0.35,0.37,,,,2026-08-29,219.25,226.59,256.0,63.31,-0.49,0.23,0.28,12.95,5.51,12.22,6.07,,,,,,,,,,,,,,,,,,,,,,,,,,,,,,
2026-08-29T22:46:34.828,EXICOM,167.93,7.55,,,148.73,206.32,2.32,-8.43,-8.62,58.73,industrials,electric equipment,12.4,12.91,,0.65,0.46,,,,2026-08-29,154.5,155.36,171.39,60.31,4.54,0.5,0.36,8.69,4.61,8.69,5.28,,,,,,,,,,,,,,,,,,,,,,,,,,,,,,
2026-08-29T22:46:34.828,KOPRAN,201.76,4.69,,,188.38,228.52,1.92,36.29,39.03,57.3,healthcare,pharmaceuticals - indian - bulk drugs & formln,16.25,7.1,,0.39,0.49,,,,2026-08-29,188.01,188.2,202.35,61.26,0.83,0.36,0.43,7.31,4.28,7.31,4.91,,,,,,,,,,,,,,,,,,,,,,,,,,,,,,
2026-08-29T22:46:34.828,DIFFNKG,411.0,2.1,,,386.68,459.65,0.41,22.99,28.02,55.45,industrials,electrodes - welding equipment,14.23,6.29,,0.43,0.27,,,,2026-08-29,387.05,383.24,419.7,60.64,0.38,0.4,0.24,6.19,4.15,5.37,5.53,,,,,,,,,,,,,,,,,,,,,,,,,,,,,,
2026-08-29T22:46:34.828,SIS,431.0,2.21,,,410.47,472.07,0.99,14.99,41.56,55.5,miscellaneous,miscellaneous,15.73,5.0,,0.32,0.28,,,,2026-08-29,414.95,414.58,436.0,63.93,1.63,0.32,0.26,3.87,2.51,3.06,2.47,,,,,,,,,,,,,,,,,,,,,,,,,,,,,,
2026-08-29T22:46:34.828,ICIL,434.95,2.73,,,415.2,474.45,0.49,34.09,57.08,57.54,textiles,textiles - cotton/blended,27.07,4.76,,0.48,0.47,,,,2026-08-29,420.2,401.28,439.35,63.96,1.77,0.43,0.43,3.51,5.35,3.51,5.97,,,,,,,,,,,,,,,,,,,,,,,,,,,,,,
2026-08-29T22:46:34.828,BHAGYANGR,391.05,2.13,,,372.0,429.15,0.66,15.44,19.91,52.96,power & utilities,power generation and supply,12.69,5.12,,1.38,1.85,,,,2026-08-29,380.0,362.67,398.5,66.85,2.43,1.3,1.79,2.91,4.41,2.91,4.84,,,,,,,,,,,,,,,,,,,,,,,,,,,,,,
2026-08-28T22:40:42.2,IKIO,213.72,14.82,,,188.43,264.31,2.91,38.16,29.41,60.57,consumer discretionary,electric equipment,24.17,13.42,,0.37,0.17,,,,2026-08-28,185.0,199.08,217.7,62.36,-3.1,0.19,0.02,15.52,4.78,15.52,4.34,,,,,,,,,,,,,,,,,,,,,,,,,,,,,,
2026-08-28T22:40:42.2,MANCREDIT,247.65,7.9,,,218.6,305.76,1.02,22.93,26.72,60.04,financials,finance & investments,30.16,13.29,,0.35,0.37,,,,2026-08-28,219.25,226.59,256.0,63.31,-0.49,0.23,0.28,12.95,5.51,12.22,6.07,,,,,,,,,,,,,,,,,,,,,,,,,,,,,,
2026-08-28T22:40:42.2,EXICOM,167.93,7.55,,,148.73,206.32,2.32,-8.43,-8.02,58.73,industrials,electric equipment,12.4,12.91,,0.65,0.46,,,,2026-08-28,154.5,155.36,171.39,60.31,4.54,0.5,0.36,8.69,4.61,8.69,5.28,,,,,,,,,,,,,,,,,,,,,,,,,,,,,,
2026-08-28T22:40:42.2,KOPRAN,201.76,4.69,,,188.38,228.52,1.92,36.29,37.28,57.3,healthcare,pharmaceuticals - indian - bulk drugs & formln,16.25,7.1,,0.39,0.49,,,,2026-08-28,188.01,188.2,202.35,61.26,0.83,0.36,0.43,7.31,4.28,7.31,4.91,,,,,,,,,,,,,,,,,,,,,,,,,,,,,,
2026-08-28T22:40:42.2,DIFFNKG,411.0,2.1,,,386.68,459.65,0.41,22.99,27.44,55.45,industrials,electrodes - welding equipment,14.23,6.29,,0.43,0.27,,,,2026-08-28,387.05,383.24,419.7,60.64,0.38,0.4,0.24,6.19,4.15,5.37,5.53,,,,,,,,,,,,,,,,,,,,,,,,,,,,,,
2026-08-28T22:40:42.2,SIS,431.0,2.21,,,410.47,472.07,0.99,14.99,40.67,55.5,miscellaneous,miscellaneous,15.73,5.0,,0.32,0.28,,,,2026-08-28,414.95,414.58,436.0,63.93,1.63,0.32,0.26,3.87,2.51,3.06,2.47,,,,,,,,,,,,,,,,,,,,,,,,,,,,,,
2026-08-28T22:40:42.2,ICIL,434.95,2.73,,,415.2,474.45,0.49,34.09,55.56,57.54,textiles,textiles - cotton/blended,27.07,4.76,,0.48,0.47,,,,2026-08-28,420.2,401.28,439.35,63.96,1.77,0.43,0.43,3.51,5.35,3.51,5.97,,,,,,,,,,,,,,,,,,,,,,,,,,,,,,
2026-08-28T22:40:42.2,BHAGYANGR,391.05,2.13,,,372.0,429.15,0.66,15.44,19.5,52.96,power & utilities,power generation and supply,12.69,5.12,,1.38,1.85,,,,2026-08-28,380.0,362.67,398.5,66.85,2.43,1.3,1.79,2.91,4.41,2.91,4.84,,,,,,,,,,,,,,,,,,,,,,,,,,,,,,
2026-08-26T15:08:09.863,RBZJEWEL,149.59,5.33,,,135.19,178.38,1.59,16.47,10.01,57.24,consumer discretionary,diamond cutting / jewellery,20.91,10.65,,0.11,0.04,,,,2026-08-26,135.91,138.79,152.4,55.12,3.15,0.02,-0.01,10.07,5.23,6.7,4.39,,,,,,,,,,,,,,,,,,,,,,,,,,,,,,
2026-08-26T15:08:09.863,SBFC,100.46,8.29,,,93.1,115.17,8.47,21.28,21.18,71.63,financials,finance & investments,15.33,7.9,,-0.05,-0.08,,,,2026-08-26,91.52,96.96,100.96,57.74,-1.69,-0.13,-0.15,9.77,2.65,9.77,2.28,,,,,,,,,,,,,,,,,,,,,,,,,,,,,,
2026-08-26T15:08:09.863,AYE,176.47,2.1,,,167.58,194.26,0.36,14.61,15.81,56.72,financials,finance & investments,23.02,5.31,,0.36,NaN,,,,2026-08-26,164.28,164.36,180.23,62.67,-1.93,0.29,NaN,7.42,4.25,7.42,4.36,,,,,,,,,,,,,,,,,,,,,,,,,,,,,,
2026-08-26T15:08:09.863,RADHIKAJWE,70.5,5.35,,,66.33,78.84,0.79,9.09,9.93,58.94,consumer discretionary,diamond cutting / jewellery,27.38,6.29,,-0.03,-0.08,,,,2026-08-26,66.16,65.83,71.19,56.42,-1.47,-0.09,-0.12,6.56,4.21,6.56,4.46,,,,,,,,,,,,,,,,,,,,,,,,,,,,,,
2026-08-26T15:08:09.863,MUNJALAU,115.21,2.25,,,113.23,119.18,0.49,11.16,22.45,60.72,auto,auto ancillaries,40.81,1.75,,0.31,0.45,,,,2026-08-26,110.86,107.24,118.35,69.26,-0.95,0.25,0.42,3.92,4.98,3.92,4.34,,,,,,,,,,,,,,,,,,,,,,,,,,,,,,
2026-08-26T15:08:09.863,SEIL,210.71,1.83,,,203.54,225.04,0.37,292.65,574.81,53.47,services,miscellaneous,22.48,3.52,,NaN,NaN,,,,2026-08-26,203.0,198.57,212.0,59.37,1.37,NaN,NaN,3.8,3.46,2.74,3.65,,,,,,,,,,,,,,,,,,,,,,,,,,,,,,
2026-08-26T15:08:09.863,SAGILITY,44.2,2.74,,,42.13,48.35,3.85,24.02,20.29,59.98,i.t,computers - software - medium / small,18.43,4.92,,-0.04,-0.12,,,,2026-08-26,42.79,42.19,46.1,54.5,1.22,-0.09,-0.14,3.3,3.05,3.3,2.92,,,,,,,,,,,,,,,,,,,,,,,,,,,,,,
2026-08-26T15:08:09.863,PCBL,326.85,1.79,,,311.52,357.51,0.46,20.74,48.36,53.88,chemicals,chemicals,24.28,4.92,,-0.03,0.02,,,,2026-08-26,317.5,309.54,329.85,57.95,1.87,-0.04,0.0,2.94,3.1,2.94,3.43,,,,,,,,,,,,,,,,,,,,,,,,,,,,,,
2026-08-24T18:37:04.781,THEMISMED,120.81,13.82,,,102.72,156.99,3.79,11.31,24.46,63.03,healthcare,pharmaceuticals - indian - bulk drugs & formln,14.84,17.61,,0.23,0.16,,,,2026-08-24,102.01,111.29,121.9,62.06,-0.11,0.08,0.02,18.43,5.78,17.35,5.72,,,,,,,,,,,,,,,,,,,,,,,,,,,,,,
2026-08-24T18:37:04.781,IDBI,87.93,6.92,,,80.49,102.82,4.52,11.1,9.49,66.23,bank,banks - private sector,22.75,9.25,,-0.28,-0.1,,,,2026-08-24,81.16,84.55,90.9,54.49,0.51,-0.32,-0.16,8.34,2.71,8.19,2.1,,,,,,,,,,,,,,,,,,,,,,,,,,,,,,
2026-08-24T18:37:04.781,NIITLTD,99.1,5.85,,,91.96,113.37,0.85,41.29,139.73,57.36,i.t,computers - education,16.14,7.76,,0.24,0.08,,,,2026-08-24,91.8,93.37,99.95,59.55,-0.03,0.15,0.02,7.95,3.41,7.25,3.38,,,,,,,,,,,,,,,,,,,,,,,,,,,,,,
2026-08-24T18:37:04.781,RBZJEWEL,144.65,4.75,,,135.86,162.24,9.49,15.93,9.73,52.25,consumer discretionary,diamond cutting / jewellery,18.67,6.47,,0.02,0.04,,,,2026-08-24,134.94,134.07,155.97,52.89,-2.28,-0.04,-0.01,7.2,5.25,6.83,4.27,,,,,,,,,,,,,,,,,,,,,,,,,,,,,,
2026-08-24T18:37:04.781,BCLIND,37.99,4.08,,,36.08,41.8,1.85,8.71,9.24,58.86,fmcg,breweries & distilleries,30.42,5.28,,0.21,0.19,,,,2026-08-24,35.76,35.74,39.1,58.26,0.72,0.16,0.15,6.24,4.05,4.51,3.65,,,,,,,,,,,,,,,,,,,,,,,,,,,,,,
2026-08-24T18:37:04.781,IMAGICAA,49.53,1.35,,,47.1,54.39,1.0,12.14,195.48,56.47,media,recreation / amusement parks,16.42,5.16,,-0.02,-0.01,,,,2026-08-24,47.21,46.21,51.26,54.16,0.29,-0.05,-0.02,4.91,4.67,4.83,4.6,,,,,,,,,,,,,,,,,,,,,,,,,,,,,,
2026-08-24T18:37:04.781,GEOJITFSL,82.98,2.8,,,77.88,93.17,4.81,29.22,31.05,63.7,financials,finance & investments,16.15,6.55,,0.16,0.16,,,,2026-08-24,79.12,78.59,85.3,64.3,4.2,0.1,0.13,4.88,3.69,4.88,3.85,,,,,,,,,,,,,,,,,,,,,,,,,,,,,,
2026-08-24T18:37:04.781,PARADEEP,149.4,0.62,,,147.49,153.22,0.4,9.88,14.37,56.67,chemicals,fertilizers,24.15,1.3,,0.16,-0.06,,,,2026-08-24,146.11,142.12,151.8,59.17,0.05,0.14,-0.06,2.25,3.05,2.25,3.77,,,,,,,,,,,,,,,,,,,,,,,,,,,,,,
2026-08-21T13:22:38.62,JTLIND,79.59,6.67,,,74.15,90.47,1.64,22.11,24.15,59.1,metals & mining,steel - medium / small,13.88,7.33,,0.13,0.23,,,,2026-08-21,71.21,74.97,80.45,57.06,-2.23,0.05,0.16,11.77,3.85,9.49,3.67,,,,,,,,,,,,,,,,,,,,,,,,,,,,,,
2026-08-21T13:22:38.62,SIGMA,48.89,4.56,,,47.0,52.67,0.99,10.02,3.17,63.83,i.t,computers - software - medium / small,38.51,4.02,,0.11,-0.09,,,,2026-08-21,45.11,44.65,51.0,56.83,-1.83,-0.0,-0.13,8.38,6.02,4.94,7.65,,,,,,,,,,,,,,,,,,,,,,,,,,,,,,
2026-08-21T13:22:38.62,BALAJITELE,96.72,5.74,,,89.15,111.86,2.9,13.14,-51.68,72.32,media,entertainment / electronic media software,37.49,8.49,,-0.06,-0.17,,,,2026-08-21,89.46,89.98,100.2,52.83,3.23,-0.07,-0.22,8.12,5.53,8.12,5.14,,,,,,,,,,,,,,,,,,,,,,,,,,,,,,
2026-08-21T13:22:38.62,MOLDTKPAC,695.9,1.98,,,666.62,754.47,1.98,22.59,29.81,54.9,industrials,packaging,16.89,4.39,,0.15,0.15,,,,2026-08-21,664.5,660.59,708.7,56.22,0.73,0.13,0.13,4.73,3.06,3.7,3.63,,,,,,,,,,,,,,,,,,,,,,,,,,,,,,
2026-08-21T13:22:38.62,CLSEL,289.2,3.86,,,276.32,314.96,0.51,11.23,11.05,56.81,fmcg,food - processing - indian,12.12,4.66,,-0.01,0.05,,,,2026-08-21,276.9,274.43,294.8,54.25,0.01,-0.08,0.02,4.44,3.33,4.29,3.51,,,,,,,,,,,,,,,,,,,,,,,,,,,,,,
2026-08-21T13:22:38.62,SAGILITY,43.52,2.06,,,42.39,45.79,0.57,23.65,20.11,56.01,i.t,computers - software - medium / small,17.56,2.67,,-0.12,-0.15,,,,2026-08-21,41.77,41.62,43.85,52.64,-1.86,-0.15,-0.16,4.19,2.56,3.69,3.23,,,,,,,,,,,,,,,,,,,,,,,,,,,,,,
2026-08-21T13:22:38.62,SHRINGARMS,230.6,2.96,,,225.33,241.15,1.07,16.33,16.99,57.66,consumer discretionary,diamond cutting / jewellery,20.28,2.34,,-0.16,0.02,,,,2026-08-21,223.5,220.74,233.5,57.02,-1.09,-0.22,-0.01,3.18,2.91,3.18,2.84,,,,,,,,,,,,,,,,,,,,,,,,,,,,,,
2026-08-21T13:22:38.62,JAGSNPHARM,234.46,0.63,,,227.7,247.99,0.08,29.31,34.26,55.09,healthcare,pharmaceuticals - indian - bulk drugs & formln,32.6,2.97,,0.25,0.09,,,,2026-08-21,229.32,221.12,237.12,62.8,0.86,0.22,0.08,2.24,3.27,2.14,4.22,,,,,,,,,,,,,,,,,,,,,,,,,,,,,,
2026-08-20T08:44:57.444,ORIENTHOT,139.5,15.09,,,120.98,176.54,20.35,116.25,37.4,60.44,services,hotels,18.95,15.31,,0.26,0.21,,,,2026-08-20,119.12,129.19,143.0,62.76,-3.17,0.09,0.05,17.11,5.18,17.11,4.6,,,,,,,,,,,,,,,,,,,,,,,,,,,,,,
2026-08-20T08:44:57.444,BLUSPRING,119.86,7.78,,,111.01,137.56,0.86,-998.83,-161.97,58.24,miscellaneous,diversified - large,26.27,7.97,,0.83,0.68,,,,2026-08-20,107.26,109.22,120.76,68.89,-3.57,0.69,0.56,11.75,5.9,11.75,6.2,,,,,,,,,,,,,,,,,,,,,,,,,,,,,,
2026-08-20T08:44:57.444,VIYASH,271.4,6.45,,,255.36,303.49,3.29,44.93,55.61,54.99,healthcare,pharmaceuticals - indian - bulk drugs & formln,20.44,6.28,,0.13,0.23,,,,2026-08-20,245.3,254.22,275.45,59.04,-1.47,0.1,0.16,10.64,4.64,7.61,4.11,,,,,,,,,,,,,,,,,,,,,,,,,,,,,,
2026-08-20T08:44:57.444,SIMPLEXINF,261.65,0.77,,,241.56,301.83,0.41,49.55,44.65,60.43,realty,construction,18.11,8.32,,0.1,-0.08,,,,2026-08-20,245.9,245.48,265.1,55.88,5.16,0.08,-0.09,6.41,4.08,5.37,4.12,,,,,,,,,,,,,,,,,,,,,,,,,,,,,,
2026-08-20T08:44:57.444,ARIHANTCAP,77.68,5.3,,,73.67,85.7,1.43,9.91,20.66,57.85,financials,finance & investments,28.56,5.44,,-0.06,-0.24,,,,2026-08-20,73.02,73.42,79.0,53.05,-2.23,-0.1,-0.27,6.38,3.32,6.28,3.57,,,,,,,,,,,,,,,,,,,,,,,,,,,,,,
2026-08-20T08:44:57.444,AURUM,229.73,1.36,,,217.23,254.73,0.24,9.67,29.34,55.66,i.t,computers - software - medium / small,31.58,5.76,,0.18,0.32,,,,2026-08-20,220.7,214.83,231.69,63.6,3.32,0.21,0.31,4.09,4.1,3.11,4.47,,,,,,,,,,,,,,,,,,,,,,,,,,,,,,
2026-08-20T08:44:57.444,CASTROLIND,188.75,1.02,,,188.22,189.8,2.56,13.44,17.32,54.7,chemicals,chemicals,37.4,0.28,,-0.07,-0.05,,,,2026-08-20,186.1,184.89,190.9,54.48,-1.27,-0.08,-0.06,1.42,1.52,1.42,1.28,,,,,,,,,,,,,,,,,,,,,,,,,,,,,,
2026-08-20T08:44:57.444,IDFCFIRSTB,85.49,0.86,,,85.65,85.17,0.38,16.07,32.88,59.02,bank,banks - private sector,36.72,-0.19,,-0.06,0.03,,,,2026-08-20,84.51,83.12,85.55,67.33,-1.3,-0.07,0.02,1.16,1.52,1.05,1.76,,,,,,,,,,,,,,,,,,,,,,,,,,,,,,
2026-08-19T23:31:35.385,ORIENTHOT,139.5,15.09,,,120.98,176.54,20.35,116.25,32.5,60.44,services,hotels,18.95,15.31,,0.26,0.21,,,,2026-08-19,119.12,129.19,143.0,62.76,-3.17,0.09,0.05,17.11,5.18,17.11,4.6,,,,,,,,,,,,,,,,,,,,,,,,,,,,,,
2026-08-19T23:31:35.385,BLUSPRING,119.86,7.78,,,111.01,137.56,0.86,-998.83,-150.28,58.24,miscellaneous,diversified - large,26.27,7.97,,0.83,0.68,,,,2026-08-19,107.26,109.22,120.76,68.89,-3.57,0.69,0.56,11.75,5.9,11.75,6.2,,,,,,,,,,,,,,,,,,,,,,,,,,,,,,
2026-08-19T23:31:35.385,VIYASH,271.4,6.45,,,255.36,303.49,3.29,44.93,52.24,54.99,healthcare,pharmaceuticals - indian - bulk drugs & formln,20.44,6.28,,0.13,0.23,,,,2026-08-19,245.3,254.22,275.45,59.04,-1.47,0.1,0.16,10.64,4.64,7.61,4.11,,,,,,,,,,,,,,,,,,,,,,,,,,,,,,
2026-08-19T23:31:35.385,SIMPLEXINF,261.65,0.77,,,241.56,301.83,0.41,49.55,44.31,60.43,realty,construction,18.11,8.32,,0.1,-0.08,,,,2026-08-19,245.9,245.48,265.1,55.88,5.16,0.08,-0.09,6.41,4.08,5.37,4.12,,,,,,,,,,,,,,,,,,,,,,,,,,,,,,
2026-08-19T23:31:35.385,ARIHANTCAP,77.68,5.3,,,73.67,85.7,1.43,9.91,19.62,57.85,financials,finance & investments,28.56,5.44,,-0.06,-0.24,,,,2026-08-19,73.02,73.42,79.0,53.05,-2.23,-0.1,-0.27,6.38,3.32,6.28,3.57,,,,,,,,,,,,,,,,,,,,,,,,,,,,,,
2026-08-19T23:31:35.385,AURUM,229.73,1.36,,,217.23,254.73,0.24,9.67,28.95,55.66,i.t,computers - software - medium / small,31.58,5.76,,0.18,0.32,,,,2026-08-19,220.7,214.83,231.69,63.6,3.32,0.21,0.31,4.09,4.1,3.11,4.47,,,,,,,,,,,,,,,,,,,,,,,,,,,,,,
2026-08-19T23:31:35.385,CASTROLIND,188.75,1.02,,,188.22,189.8,2.56,13.44,17.14,54.7,chemicals,chemicals,37.4,0.28,,-0.07,-0.05,,,,2026-08-19,186.1,184.89,190.9,54.48,-1.27,-0.08,-0.06,1.42,1.52,1.42,1.28,,,,,,,,,,,,,,,,,,,,,,,,,,,,,,
2026-08-19T23:31:35.385,IDFCFIRSTB,85.49,0.86,,,85.65,85.17,0.38,16.07,32.6,59.02,bank,banks - private sector,36.72,-0.19,,-0.06,0.03,,,,2026-08-19,84.51,83.12,85.55,67.33,-1.3,-0.07,0.02,1.16,1.52,1.05,1.76,,,,,,,,,,,,,,,,,,,,,,,,,,,,,,
2026-08-17T18:29:01.112,PREMIERPOL,83.59,13.65,,,70.41,109.95,7.58,24.02,23.35,68.25,plastic products,plastics products,26.61,18.72,,0.48,0.78,,,,2026-08-17,71.31,76.54,85.45,68.48,0.69,0.26,0.57,17.22,6.02,17.22,6.73,,,,,,,,,,,,,,,,,,,,,,,,,,,,,,
2026-08-17T18:29:01.112,SCANSTL,62.23,4.15,,,63.19,60.31,0.34,7.14,14.43,65.75,metals & mining,steel - medium / small,34.45,-1.52,,NaN,NaN,,,,2026-08-17,57.12,56.59,62.5,77.96,-9.12,NaN,NaN,8.95,6.18,8.95,7.96,,,,,,,,,,,,,,,,,,,,,,,,,,,,,,
2026-08-17T18:29:01.112,LAXMIINDIA,132.3,6.37,,,132.64,131.62,5.79,10.43,11.28,56.72,financials,finance & investments,28.22,-0.26,,0.19,-0.07,,,,2026-08-17,122.59,121.93,138.9,57.63,-8.39,0.05,-0.12,7.92,6.0,7.92,5.84,,,,,,,,,,,,,,,,,,,,,,,,,,,,,,
2026-08-17T18:29:01.112,HARSHA,425.2,3.14,,,403.01,469.59,1.55,25.86,24.26,55.82,industrials,engineering,16.57,5.51,,0.03,0.06,,,,2026-08-17,401.5,403.35,437.0,56.54,-0.17,-0.02,0.03,5.9,3.74,5.76,3.32,,,,,,,,,,,,,,,,,,,,,,,,,,,,,,
2026-08-17T18:29:01.112,JAGSNPHARM,234.8,3.64,,,227.56,249.29,0.15,29.35,33.32,55.3,healthcare,pharmaceuticals - indian - bulk drugs & formln,31.16,3.18,,0.24,0.04,,,,2026-08-17,223.0,220.34,234.9,62.95,-0.94,0.16,0.01,5.29,3.86,4.53,4.27,,,,,,,,,,,,,,,,,,,,,,,,,,,,,,
2026-08-17T18:29:01.112,MRPL,177.15,3.88,,,168.42,194.62,0.71,8.2,9.51,57.49,energy,refineries,23.26,5.19,,-0.12,0.06,,,,2026-08-17,170.0,165.89,177.77,56.7,1.38,-0.18,0.02,4.21,4.26,4.21,4.48,,,,,,,,,,,,,,,,,,,,,,,,,,,,,,
2026-08-17T18:29:01.112,NIACL,183.64,2.55,,,173.4,204.12,0.23,-31.23,38.27,58.05,financials,finance & investments,22.33,5.9,,0.12,0.05,,,,2026-08-17,176.6,173.92,184.6,58.47,3.37,0.06,0.02,3.99,3.33,3.99,3.12,,,,,,,,,,,,,,,,,,,,,,,,,,,,,,
2026-08-17T18:29:01.112,SMCGLOBAL,80.8,1.69,,,78.62,85.17,0.58,11.54,12.84,61.12,financials,finance & investments,20.76,2.78,,-0.05,0.33,,,,2026-08-17,78.15,76.5,81.89,59.15,-0.42,-0.1,0.31,3.39,3.16,3.39,3.86,,,,,,,,,,,,,,,,,,,,,,,,,,,,,,
2026-08-14T11:54:23.554,MTARTECH,7050.0,-2.54,,,6422.83,8304.35,,107.93,166.72,,aerospace & defence,engineering,,3.53,,0.82,1.69,,,,2026-08-14,,6523.46,,,18.57,0.86,1.77,4.71,4.58,,,7268.0,7020.0,3.53,3.53,167.91,322.91,3.61,3.61,0.52,3.48,22251.49,-3.95,-5.0,0.53,9.29,21729927,30759591,,,,,,,,,,,,,
2026-08-14T11:54:23.554,FORCEMOT,18399.0,-0.68,,,18052.31,19092.37,,27.99,19.5,,auto,automobiles - lcvs / hcvs,,1.9,,-0.29,-0.0,,,,2026-08-14,,17482.71,,,3.25,-0.32,0.01,0.44,3.28,,,18666.0,18318.0,1.9,1.9,247.74,604.38,3.13,3.13,0.41,27.79,24409.03,-2.98,-4.32,0.42,13.4,5055915,13176262,,,,,,,,,,,,,
2026-08-14T11:54:23.554,POWERINDIA,35630.0,0.76,,,33004.59,40880.83,,134.98,137.01,,industrials,electric equipment,,2.69,,0.45,0.56,,,,2026-08-14,,33752.4,,,9.96,0.42,0.55,2.59,3.53,,,36230.0,35280.0,3.13,3.13,2085.8,1259.06,3.11,3.11,1.66,42.28,157607.88,-2.54,-2.76,1.76,27.8,12786107,44572363,,,,,,,,,,,,,
2026-08-14T11:54:23.554,NAVINFLUOR,8282.0,-0.15,,,7962.69,8920.61,,43.64,53.79,,chemicals,chemicals,,1.18,,0.16,0.4,,,,2026-08-14,,7903.73,,,5.71,0.18,0.4,1.93,3.2,,,8345.5,8248.0,1.18,1.18,663.61,264.96,3.18,3.18,2.5,9.09,42540.89,1.29,0.97,2.72,12.83,37399435,51291159,,,,,,,,,,,,,
2026-08-14T11:54:23.554,RATNAVEER,215.6,-2.0,,,204.61,237.58,,5.2,11.78,,metals & mining,steel - medium / small,,6.04,,0.31,0.36,,,,2026-08-14,,199.02,,,5.08,0.33,0.39,4.66,5.6,,,221.62,209.0,6.07,6.07,31.62,12.07,6.17,6.17,2.62,69.39,1571.39,1.29,-0.23,3.07,54.68,38936665,71426681,,,,,,,,,,,,,
2026-08-14T11:54:23.554,FINCABLES,1263.3,1.12,,,1067.73,1654.44,,19.4,23.88,,industrials,cables - power,,4.25,,0.42,0.63,,,,2026-08-14,,1189.29,,,24.4,0.4,0.61,2.57,4.83,,,1283.95,1231.65,4.25,4.25,192.88,61.06,4.08,4.08,3.16,85.69,19106.71,2.16,-2.14,3.73,51.84,98098175,152939345,,,,,,,,,,,,,
2026-08-14T11:54:23.554,BELRISE,259.25,1.9,,,246.02,285.72,,42.36,41.64,,auto,auto ancillaries,,3.91,,0.27,0.5,,,,2026-08-14,,247.18,,,4.27,0.21,0.47,3.45,3.35,,,261.0,251.17,4.15,4.15,22.8,8.68,3.1,3.1,2.63,54.55,24606.28,2.9,1.09,2.88,93.09,298495928,889879192,,,,,,,,,,,,,
2026-08-14T11:54:23.554,PARAS,1392.0,3.71,,,1263.48,1649.04,,132.32,114.52,,aerospace & defence,engineering,,4.51,,0.97,0.88,,,,2026-08-14,,1307.04,,,3.27,0.86,0.81,10.17,3.96,,,1400.0,1339.6,9.37,9.37,161.75,55.12,4.11,4.11,2.93,56.43,10816.43,5.16,4.87,3.32,95.07,37718746,80587330,,,,,,,,,,,,,
2026-08-13T23:07:50.203,OMAXE,98.37,19.99,,,82.1,130.9,8.39,-2.35,-2.18,66.23,realty,construction,32.73,19.81,,0.14,0.36,,,,2026-08-13,80.8,91.21,98.37,65.86,-2.92,-0.05,0.14,21.75,5.45,21.75,4.6,,,,,,,,,,,,,,,,,,,,,,,,,,,,,,
2026-08-13T23:07:50.203,GEOJITFSL,79.9,2.83,,,74.4,90.9,2.21,28.13,29.53,56.22,financials,finance & investments,16.14,7.39,,0.04,0.1,,,,2026-08-13,74.67,75.54,81.5,60.24,0.45,-0.01,0.07,7.0,3.8,7.0,3.81,,,,,,,,,,,,,,,,,,,,,,,,,,,,,,
2026-08-13T23:07:50.203,GREENLAM,253.65,2.07,,,248.36,264.24,1.56,76.4,66.4,50.26,building materials,miscellaneous,25.43,2.13,,-0.06,-0.02,,,,2026-08-13,237.4,235.98,261.4,53.26,-2.71,-0.12,-0.04,6.84,5.36,4.6,4.59,,,,,,,,,,,,,,,,,,,,,,,,,,,,,,
2026-08-13T23:07:50.203,EDELWEISS,124.88,5.03,,,114.72,145.19,2.44,21.99,15.79,62.45,financials,finance & investments,15.05,8.85,,-0.08,0.08,,,,2026-08-13,117.41,118.3,126.0,57.86,3.12,-0.11,0.03,6.36,3.55,6.36,3.48,,,,,,,,,,,,,,,,,,,,,,,,,,,,,,
2026-08-13T23:07:50.203,GHCLTEXTIL,121.26,4.6,,,116.37,131.03,0.78,7.36,11.84,62.0,textiles,textiles - spinning - synthetic / blended,30.69,4.2,,0.43,0.5,,,,2026-08-13,114.31,113.36,122.84,72.53,-0.72,0.33,0.44,6.08,4.41,6.08,4.81,,,,,,,,,,,,,,,,,,,,,,,,,,,,,,
2026-08-13T23:07:50.203,PRINCEPIPE,281.6,4.45,,,264.58,315.65,1.76,23.08,28.8,61.36,plastic products,plastics products,18.77,6.43,,-0.05,-0.02,,,,2026-08-13,266.1,268.22,284.9,56.68,1.44,-0.05,-0.06,5.82,3.26,5.82,3.14,,,,,,,,,,,,,,,,,,,,,,,,,,,,,,
2026-08-13T23:07:50.203,IFCI,76.66,4.29,,,72.92,84.13,0.72,383.3,112.99,55.28,financials,finance - term-lending institutions,12.19,5.12,,0.14,0.44,,,,2026-08-13,72.71,72.33,78.15,58.5,0.64,0.04,0.39,5.43,3.56,5.43,3.25,,,,,,,,,,,,,,,,,,,,,,,,,,,,,,
2026-08-13T23:07:50.203,TITAGARH,850.75,2.06,,,822.75,906.75,1.52,53.57,67.15,51.88,industrials,engineering,12.05,3.4,,-0.02,-0.02,,,,2026-08-13,826.0,813.83,869.9,54.61,0.73,-0.03,-0.04,3.0,2.69,3.0,2.69,,,,,,,,,,,,,,,,,,,,,,,,,,,,,,
2026-08-12T10:34:27.823,SCI,297.25,1.12,,,289.1,313.54,,5.59,8.46,,transportation,shipping,,2.1,,0.03,0.23,,,,2026-08-12,,281.98,,,2.56,0.01,0.22,2.03,3.27,,,299.5,293.35,2.8,2.8,2.22,9.73,3.28,3.28,0.23,20.31,13692.16,-3.17,-4.41,0.23,40.09,168856033,465799010,,,,,,,,,,,,,
2026-08-12T10:34:27.823,MCX,2954.6,2.06,,,2620.88,3622.05,,45.57,18.75,,financials,miscellaneous,,2.95,,0.1,0.39,,,,2026-08-12,,2815.35,,,5.8,0.09,0.36,13.5,3.24,,,2965.0,2880.1,8.11,8.11,160.76,95.73,3.03,3.03,1.68,87.2,73820.14,-1.98,-5.61,1.78,77.83,254991845,254991845,,,,,,,,,,,,,
2026-08-12T10:34:27.823,POWERINDIA,35500.0,1.43,,,31922.49,42655.01,,134.49,135.61,,industrials,electric equipment,,2.62,,0.46,0.55,,,,2026-08-12,,33575.81,,,11.88,0.42,0.53,3.73,3.8,,,35640.0,34730.0,2.62,2.62,1947.3,1348.06,3.28,3.28,1.44,35.54,156003.27,-1.73,-2.67,1.53,57.12,12786107,44572363,,,,,,,,,,,,,
2026-08-12T10:34:27.823,TDPOWERSYS,1457.7,14.28,,,1151.39,2070.32,,78.88,83.43,,industrials,electric equipment,,11.51,,0.58,0.77,,,,2026-08-12,,1349.0,,,10.34,0.46,0.55,19.39,5.96,,,1514.7,1358.4,24.05,24.05,267.23,86.84,5.37,5.37,3.08,431.1,19928.5,-0.1,-3.04,3.77,114.34,114249769,156228430,,,,,,,,,,,,,
2026-08-12T10:34:27.823,SIEMENS,4013.0,0.05,,,3896.96,4245.09,,16.67,43.59,,industrials,electric equipment,,2.38,,0.19,0.17,,,,2026-08-12,,3849.62,,,0.42,0.18,0.17,4.11,2.82,,,4097.9,4002.5,6.31,6.31,335.16,113.02,3.02,3.02,2.97,97.83,142839.93,0.18,-0.81,3.24,9.29,89030592,356120505,,,,,,,,,,,,,
2026-08-12T10:34:27.823,RATNAVEER,212.2,2.93,,,199.2,238.2,,5.12,11.04,,metals & mining,steel - medium / small,,3.68,,0.28,0.38,,,,2026-08-12,,196.36,,,5.55,0.22,0.34,3.81,5.26,,,213.6,206.01,4.5,4.5,30.13,11.16,5.81,5.81,2.7,27.02,1472.53,0.98,-0.54,3.15,55.46,38936665,71426681,,,,,,,,,,,,,
2026-08-12T10:34:27.823,MRPL,177.74,-1.88,,,167.45,198.32,,8.23,10.1,,energy,refineries,,2.45,,-0.16,0.07,,,,2026-08-12,,166.31,,,-3.63,-0.15,0.09,10.26,4.44,,,180.78,176.45,12.15,12.15,16.21,7.9,5.03,5.03,2.05,37.83,31746.57,1.13,0.51,2.26,16.33,200091162,1752598777,,,,,,,,,,,,,
2026-08-12T10:34:27.823,AZAD,2488.5,0.66,,,2386.57,2692.35,,112.5,115.03,,aerospace & defence,engineering,,1.84,,0.44,0.47,,,,2026-08-12,,2337.46,,,4.54,0.44,0.47,6.89,4.03,,,2495.4,2450.4,1.84,1.84,225.63,100.22,3.98,3.98,2.25,14.67,15965.25,1.93,1.58,2.48,38.02,28517503,64581743,,,,,,,,,,,,,
2026-08-10T13:39:14.221,HINDCOPPER,546.6,1.96,,,496.49,646.82,,29.77,56.49,,metals & mining,mining / minerals / metals,,3.66,,-0.13,0.69,,,,2026-08-10,,522.19,,,10.39,-0.19,0.66,4.01,3.35,,,552.0,532.5,3.74,3.74,42.43,18.33,3.03,3.03,2.31,154.07,51842.16,-2.61,-5.37,2.51,76.94,327410647,967024020,,,,,,,,,,,,,
2026-08-10T13:39:14.221,PNBHOUSING,1159.6,1.45,,,1070.93,1336.93,,13.55,12.86,,financials,finance - housing,,3.27,,0.26,0.29,,,,2026-08-10,,1106.45,,,6.1,0.24,0.27,3.58,3.41,,,1174.8,1137.6,4.94,4.94,105.68,39.55,3.12,3.12,2.67,96.52,29785.43,1.18,-0.47,2.94,55.63,187538718,260589923,,,,,,,,,,,,,
2026-08-10T13:39:14.221,RATNAVEER,209.25,1.53,,,193.66,240.44,,5.05,11.04,,metals & mining,steel - medium / small,,4.26,,0.28,0.37,,,,2026-08-10,,192.95,,,9.55,0.22,0.35,3.02,5.83,,,215.3,206.5,5.02,5.02,28.75,12.19,5.66,5.66,2.36,75.36,1472.1,1.49,-0.76,2.73,22.55,38936665,71426681,,,,,,,,,,,,,
2026-08-10T13:39:14.221,APARINDS,16523.0,-0.65,,,14557.01,20454.98,,35.5,56.54,,industrials,electric equipment,,4.07,,0.6,0.8,,,,2026-08-10,,15523.32,,,16.31,0.6,0.81,6.39,4.05,,,17043.0,16376.0,5.86,5.86,1877.58,668.9,4.39,4.39,2.81,80.39,66813.77,2.64,1.35,3.17,21.98,16969932,40174235,,,,,,,,,,,,,
2026-08-10T13:39:14.221,AZAD,2546.2,2.3,,,2358.71,2921.18,,115.11,115.82,,aerospace & defence,engineering,,9.54,,0.57,0.52,,,,2026-08-10,,2392.63,,,4.77,0.52,0.49,9.37,4.15,,,2550.0,2328.0,9.54,9.54,301.68,105.61,4.07,4.07,2.86,156.84,16074.4,2.95,1.48,3.24,206.6,28517503,64581743,,,,,,,,,,,,,
2026-08-10T13:39:14.221,PGEL,624.7,-0.94,,,600.77,672.57,,58.49,87.47,,consumer discretionary,electronics - components,,3.3,,-0.02,0.05,,,,2026-08-10,,591.59,,,0.8,-0.01,0.06,4.64,3.79,,,630.75,610.6,4.7,4.7,64.8,23.67,3.69,3.69,2.74,68.55,18010.54,4.09,3.55,3.05,59.56,161717368,285586908,,,,,,,,,,,,,
2026-08-10T13:39:14.221,UJJIVANSFB,70.66,0.78,,,71.01,69.96,,10.84,15.01,,bank,banks - private sector,,1.79,,0.04,0.27,,,,2026-08-10,,66.83,,,-1.43,0.02,0.26,1.3,3.62,,,71.59,70.33,2.64,2.64,8.72,2.56,4.05,4.05,3.41,24.07,13638.19,4.25,3.54,3.89,12.89,1945255791,1945255791,,,,,,,,,,,,,
2026-08-10T13:39:14.221,SYRMA,1511.3,6.08,,,1343.33,1847.25,,72.8,74.01,,consumer discretionary,electronics - components,,6.62,,0.6,0.78,,,,2026-08-10,,1426.12,,,6.49,0.51,0.68,7.57,3.9,,,1522.0,1427.5,8.13,8.13,165.44,58.99,4.07,4.07,2.8,209.25,27472.56,5.38,5.36,3.15,142.06,111298962,192830485,,,,,,,,,,,,,
2026-08-07T17:39:37.626,LLOYDSENGG,96.88,9.52,,,88.82,113.0,3.31,71.24,58.58,62.96,industrials,engineering,20.28,9.07,,0.69,0.71,,,,2026-08-07,86.25,90.13,97.6,76.6,-2.41,0.59,0.56,12.32,5.11,12.32,4.56,,,,,,,,,,,,,,,,,,,,,,,,,,,,,,
2026-08-07T17:39:37.626,ONEPOINT,60.33,5.66,,,55.18,70.63,4.31,38.67,39.38,69.39,i.t,computers - software - medium / small,17.16,9.33,,0.12,0.13,,,,2026-08-07,56.11,57.29,61.25,59.27,3.27,0.04,0.07,7.52,3.4,7.37,3.42,,,,,,,,,,,,,,,,,,,,,,,,,,,,,,
2026-08-07T17:39:37.626,BHAGCHEM,290.8,5.59,,,266.01,340.37,1.01,70.58,129.91,57.63,chemicals,pesticides / agrochemicals - indian,28.01,9.32,,0.18,0.12,,,,2026-08-07,272.25,271.04,294.95,62.23,3.87,0.1,0.06,6.81,5.0,6.81,4.41,,,,,,,,,,,,,,,,,,,,,,,,,,,,,,
2026-08-07T17:39:37.626,SPORTKING,214.34,3.72,,,211.07,220.89,0.87,8.96,16.29,57.89,textiles,textiles - spinning - synthetic / blended,31.49,1.55,,0.89,1.15,,,,2026-08-07,202.0,196.36,215.91,77.24,-3.72,0.76,1.08,6.11,6.48,6.11,5.72,,,,,,,,,,,,,,,,,,,,,,,,,,,,,,
2026-08-07T17:39:37.626,ONWARDTEC,290.05,4.11,,,284.42,301.3,0.17,14.5,14.65,53.84,i.t,computers - software - medium / small,35.1,1.98,,-0.16,-0.01,,,,2026-08-07,275.0,270.97,292.0,55.83,-4.01,-0.2,-0.04,5.47,4.05,5.47,4.89,,,,,,,,,,,,,,,,,,,,,,,,,,,,,,
2026-08-07T17:39:37.626,SHANTIGOLD,224.01,2.45,,,211.69,248.65,1.29,7.13,8.42,59.44,consumer discretionary,diamond cutting / jewellery,37.99,5.82,,0.02,-0.02,,,,2026-08-07,215.98,211.86,233.0,55.91,2.8,-0.03,-0.04,3.72,3.55,3.72,3.42,,,,,,,,,,,,,,,,,,,,,,,,,,,,,,
2026-08-07T17:39:37.626,WELSPUNLIV,164.09,3.04,,,155.18,181.91,2.09,37.98,69.85,54.42,textiles,textiles - products,15.01,5.74,,0.06,0.16,,,,2026-08-07,159.0,155.38,169.7,63.25,1.8,0.01,0.13,3.2,3.58,3.2,3.7,,,,,,,,,,,,,,,,,,,,,,,,,,,,,,
2026-08-07T17:39:37.626,PDSL,359.95,0.53,,,345.05,389.76,0.52,25.93,45.27,53.93,textiles,trading,33.87,4.32,,-0.05,-0.12,,,,2026-08-07,351.4,338.11,370.0,58.24,2.33,-0.08,-0.12,2.43,3.87,1.65,4.29,,,,,,,,,,,,,,,,,,,,,,,,,,,,,,
2026-08-06T20:05:01.295,GODREJPROP,2081.9,,,,2120.09,2153.11,,44.79,39.51,62.89,realty,construction,31.52,0.78,,0.3,-0.04,,,,2026-08-06,,,,,-2.89,0.23,-0.07,8.72,3.44,,,,,,,,,,,,,,,,,,,,2.03,-6.86,2180.0,3.78,2058.8,-3.48,16.25,,,,,,
2026-08-06T20:05:01.295,ASTERDM,844.45,,,,798.13,828.87,,77.61,111.68,57.25,healthcare,healthcare,18.93,1.93,,0.35,0.16,,,,2026-08-06,,,,,0.02,0.32,0.15,5.65,2.51,,,,,,,,,,,,,,,,,,,,7.44,-1.76,874.0,1.9,798.3,-2.49,4.41,,,,,,
2026-08-06T20:05:01.295,USHAMART,515.65,,,,494.67,529.93,,27.66,31.25,58.38,metals & mining,steel - medium / small,11.98,3.56,,0.15,0.06,,,,2026-08-06,,,,,1.95,0.12,0.04,4.81,2.81,,,,,,,,,,,,,,,,,,,,2.44,-3.75,527.0,1.59,504.3,-1.21,5.02,,,,,,
2026-08-06T20:05:01.295,MANKIND,2420.3,,,,2520.97,2714.83,,43.97,49.21,61.62,healthcare,pharmaceuticals - indian - bulk drugs & formln,26.9,3.84,,0.15,0.14,,,,2026-08-06,,,,,0.79,0.11,0.11,4.66,2.55,,,,,,,,,,,,,,,,,,,,0.92,-7.55,2642.0,3.03,2541.0,-2.86,5.55,,,,,,
2026-08-06T20:05:01.295,NESTLEIND,1535.0,,,,1437.86,1545.74,,77.21,76.88,61.74,fmcg,food - processing - mnc,18.46,3.75,,0.05,0.14,,,,2026-08-06,,,,,0.74,0.02,0.1,4.25,2.54,,,,,,,,,,,,,,,,,,,,2.96,-2.92,1535.9,2.99,1448.5,-2.27,4.41,,,,,,
2026-08-06T20:05:01.295,NYKAA,331.95,,,,328.03,331.17,,296.38,376.8,66.71,i.t,trading,44.02,0.48,,0.28,0.22,,,,2026-08-06,,,,,-0.67,0.27,0.21,3.96,2.15,,,,,,,,,,,,,,,,,,,,5.58,-1.06,348.0,1.15,325.85,-1.59,13.13,,,,,,
2026-08-06T20:05:01.295,QUESS,315.25,,,,298.92,307.58,,14.33,18.55,69.88,miscellaneous,diversified - large,56.28,1.45,,0.44,0.34,,,,2026-08-06,,,,,-1.65,0.38,0.31,3.85,3.56,,,,,,,,,,,,,,,,,,,,15.25,-0.56,349.5,3.15,294.0,-2.51,16.57,,,,,,
2026-08-06T20:05:01.295,BRITANNIA,5404.0,,,,5383.98,5573.02,,47.98,51.72,59.95,fmcg,food - processing - mnc,12.32,1.76,,-0.14,-0.11,,,,2026-08-06,,,,,-0.07,-0.16,-0.12,3.05,1.94,,,,,,,,,,,,,,,,,,,,1.89,-2.1,5582.0,1.83,5380.0,-1.79,4.15,,,,,,
2026-08-05T06:33:04.345,GODREJPROP,2033.6,,,,2120.09,2153.11,1.28,43.75,38.28,53.75,realty,construction,31.52,0.78,,0.3,-0.04,,,,2026-08-05,,,,,-7.93,0.3,-0.07,8.72,3.44,,,,,,,,,,,,,,,,,,,,,,,3.78,2058.8,-6.92,,2.03,-6.86,2180.0,16.25,,
2026-08-05T06:33:04.345,ASTERDM,834.7,,,,798.13,828.87,0.77,76.72,110.7,46.87,healthcare,healthcare,18.93,1.93,,0.35,0.16,,,,2026-08-05,,,,,-3.82,0.35,0.15,5.65,2.51,,,,,,,,,,,,,,,,,,,,,,,1.9,798.3,-5.0,,3.18,-1.76,839.4,4.41,,
2026-08-05T06:33:04.345,USHAMART,503.6,,,,494.67,529.93,5.85,27.02,30.25,49.9,metals & mining,steel - medium / small,11.98,3.56,,0.15,0.06,,,,2026-08-05,,,,,-1.48,0.15,0.04,4.81,2.81,,,,,,,,,,,,,,,,,,,,,,,1.59,504.3,-4.02,,1.5,-3.75,527.0,5.02,,
2026-08-05T06:33:04.345,MANKIND,2438.0,,,,2520.97,2714.83,1.06,44.3,49.26,50.59,healthcare,pharmaceuticals - indian - bulk drugs & formln,26.9,3.84,,0.15,0.14,,,,2026-08-05,,,,,-0.7,0.15,0.11,4.66,2.55,,,,,,,,,,,,,,,,,,,,,,,3.03,2541.0,-5.41,,0.92,-7.48,2642.0,5.55,,
2026-08-05T06:33:04.345,NESTLEIND,1520.0,,,,1437.86,1545.74,2.54,76.46,76.88,51.91,fmcg,food - processing - mnc,18.46,3.75,,0.05,0.14,,,,2026-08-05,,,,,-0.47,0.05,0.1,4.25,2.54,,,,,,,,,,,,,,,,,,,,,,,2.99,1448.5,-4.8,,2.96,-2.92,1535.9,4.41,,
2026-08-05T06:33:04.345,NYKAA,342.5,,,,328.03,331.17,0.84,317.13,496.38,61.36,i.t,trading,44.02,0.48,,0.28,0.22,,,,2026-08-05,,,,,-3.49,0.28,0.21,3.96,2.15,,,,,,,,,,,,,,,,,,,,,,,1.15,325.85,-3.74,,4.64,-1.06,344.9,13.13,,
2026-08-05T06:33:04.345,QUESS,323.05,,,,298.92,307.58,0.65,14.68,19.06,65.24,miscellaneous,diversified - large,56.28,1.45,,0.44,0.34,,,,2026-08-05,,,,,-2.61,0.44,0.31,3.85,3.56,,,,,,,,,,,,,,,,,,,,,,,3.15,294.0,-6.08,,15.25,-0.56,349.5,16.57,,
2026-08-05T06:33:04.345,BRITANNIA,5478.0,,,,5383.98,5573.02,1.12,48.63,52.08,52.61,fmcg,food - processing - mnc,12.32,1.76,,-0.14,-0.11,,,,2026-08-05,,,,,-1.24,-0.14,-0.12,3.05,1.94,,,,,,,,,,,,,,,,,,,,,,,1.83,5380.0,-3.73,,1.89,-2.09,5582.0,4.15,,
2026-08-04T23:43:09.341,GODREJPROP,2033.6,,,,2120.09,2153.11,1.28,23.56,34.02,53.75,realty,construction,31.52,0.78,,0.3,-0.04,,,,2026-08-04,,,,,-7.93,0.3,-0.07,8.72,3.44,,,,,,,,,,,,,,,,,,,,,,,3.78,2058.8,-6.92,,2.03,-6.86,2180.0,16.25,,
2026-08-04T23:43:09.341,ASTERDM,834.7,,,,798.13,828.87,0.77,76.72,108.11,46.87,healthcare,healthcare,18.93,1.93,,0.35,0.16,,,,2026-08-04,,,,,-3.82,0.35,0.15,5.65,2.51,,,,,,,,,,,,,,,,,,,,,,,1.9,798.3,-5.0,,3.18,-1.76,839.4,4.41,,
2026-08-04T23:43:09.341,USHAMART,503.6,,,,494.67,529.93,5.85,27.02,30.27,49.9,metals & mining,steel - medium / small,11.98,3.56,,0.15,0.06,,,,2026-08-04,,,,,-1.48,0.15,0.04,4.81,2.81,,,,,,,,,,,,,,,,,,,,,,,1.59,504.3,-4.02,,1.5,-3.75,527.0,5.02,,
2026-08-04T23:43:09.341,MANKIND,2438.0,,,,2520.97,2714.83,1.06,44.3,50.17,50.59,healthcare,pharmaceuticals - indian - bulk drugs & formln,26.9,3.84,,0.15,0.14,,,,2026-08-04,,,,,-0.7,0.15,0.11,4.66,2.55,,,,,,,,,,,,,,,,,,,,,,,3.03,2541.0,-5.41,,0.92,-7.48,2642.0,5.55,,
2026-08-04T23:43:09.341,NESTLEIND,1520.0,,,,1437.86,1545.74,2.54,76.46,77.39,51.91,fmcg,food - processing - mnc,18.46,3.75,,0.05,0.14,,,,2026-08-04,,,,,-0.47,0.05,0.1,4.25,2.54,,,,,,,,,,,,,,,,,,,,,,,2.99,1448.5,-4.8,,2.96,-2.92,1535.9,4.41,,
2026-08-04T23:43:09.341,NYKAA,342.5,,,,328.03,331.17,0.84,317.13,499.86,61.36,i.t,trading,44.02,0.48,,0.28,0.22,,,,2026-08-04,,,,,-3.49,0.28,0.21,3.96,2.15,,,,,,,,,,,,,,,,,,,,,,,1.15,325.85,-3.74,,4.64,-1.06,344.9,13.13,,
2026-08-04T23:43:09.341,QUESS,323.05,,,,298.92,307.58,0.65,14.68,20.36,65.24,miscellaneous,diversified - large,56.28,1.45,,0.44,0.34,,,,2026-08-04,,,,,-2.61,0.44,0.31,3.85,3.56,,,,,,,,,,,,,,,,,,,,,,,3.15,294.0,-6.08,,15.25,-0.56,349.5,16.57,,
2026-08-04T23:43:09.341,BRITANNIA,5478.0,,,,5383.98,5573.02,1.12,48.63,52.59,52.61,fmcg,food - processing - mnc,12.32,1.76,,-0.14,-0.11,,,,2026-08-04,,,,,-1.24,-0.14,-0.12,3.05,1.94,,,,,,,,,,,,,,,,,,,,,,,1.83,5380.0,-3.73,,1.89,-2.09,5582.0,4.15,,
2026-07-20T05:44:51.58,INDIANB,832.4,1.52,,,793.08,911.05,,8.35,8.77,,bank,banks - public sector,,2.42,,-0.09,-0.06,,,,2026-07-20,,793.99,,,3.6,-0.08,-0.07,2.01,3.19,,,835.75,816.0,2.42,2.42,0.32,26.57,3.02,3.02,0.01,76.33,112121.28,-2.65,-4.5,0.01,61.73,352414381,1346963981,,,,,,,,,,,,,
2026-07-20T05:44:51.58,ABB,7506.0,-2.11,,,6851.54,8814.92,,22.29,53.42,,industrials,electric equipment,,2.96,,0.4,0.37,,,,2026-07-20,,7165.34,,,6.5,0.41,0.41,8.37,3.53,,,7706.5,7485.0,7.17,7.17,586.11,264.89,3.05,3.05,2.21,82.49,159058.43,0.9,-1.0,2.4,7.93,52977094,211908375,,,,,,,,,,,,,
2026-07-20T05:44:51.58,MRPL,174.49,0.67,,,151.36,220.75,,8.08,9.73,,energy,refineries,,8.18,,0.02,0.04,,,,2026-07-20,,163.02,,,9.12,0.09,0.03,11.75,5.31,,,178.9,165.37,11.38,11.38,19.57,9.26,4.25,4.25,2.11,382.64,30581.1,1.3,-3.46,2.38,98.5,200091162,1752598777,,,,,,,,,,,,,
2026-07-20T05:44:51.58,ITDC,743.95,-1.5,,,692.05,847.76,,56.36,77.41,,services,hotels,,7.52,,0.21,0.15,,,,2026-07-20,,682.57,,,12.59,0.22,0.17,8.58,7.0,,,781.45,726.8,7.52,7.52,137.11,52.08,5.89,5.89,2.63,107.05,6380.81,3.41,0.93,3.23,32.93,11127719,85769400,,,,,,,,,,,,,
2026-07-20T05:44:51.58,ANANDRATHI,2072.7,-0.33,,,2115.17,1987.76,,52.77,44.69,,financials,finance & investments,,1.57,,0.24,0.28,,,,2026-07-20,,1986.35,,,-2.38,0.21,0.28,0.97,2.78,,,2088.5,2056.2,1.74,1.74,199.8,57.59,3.37,3.37,3.47,20.87,34415.37,3.71,2.83,3.84,28.65,97346110,166041268,,,,,,,,,,,,,
2026-07-20T05:44:51.58,OBEROIRLTY,1894.8,1.81,,,1920.92,1842.56,,31.69,26.03,,realty,construction,,2.31,,0.06,0.05,,,,2026-07-20,,1813.87,,,-2.86,0.03,0.03,2.11,2.94,,,1899.0,1856.1,2.33,2.33,170.33,55.76,3.04,3.04,3.05,133.82,68895.35,3.76,1.75,3.36,69.41,117427291,363602237,,,,,,,,,,,,,
2026-07-20T05:44:51.58,BHARATFORG,2190.5,4.08,,,2122.69,2326.11,,112.68,97.01,,industrials,castings & forgings,,4.55,,0.39,0.61,,,,2026-07-20,,2099.06,,,-2.42,0.32,0.55,5.21,2.82,,,2196.7,2101.0,5.51,5.51,175.01,61.82,3.06,3.06,2.83,144.46,104725.31,4.39,3.32,3.08,144.79,267385008,478088632,,,,,,,,,,,,,
2026-07-20T05:44:51.58,SAREGAMA,494.85,1.08,,,477.21,530.14,,32.05,46.2,,media,entertainment / electronic media software,,3.03,,0.31,0.04,,,,2026-07-20,,465.89,,,1.83,0.27,0.03,2.46,3.76,,,497.6,482.95,3.03,3.03,50.8,18.63,4.08,4.08,2.73,7.65,9541.18,5.15,5.03,3.04,63.88,75507447,192809490,,,,,,,,,,,,,
2026-07-19T23:40:58.753,INDIANB,832.4,1.52,,,793.08,911.05,,8.35,8.77,,bank,banks - public sector,,2.42,,-0.09,-0.06,,,,2026-07-19,,793.99,,,3.6,-0.08,-0.07,2.01,3.19,,,835.75,816.0,2.42,2.42,0.32,26.57,3.02,3.02,0.01,76.33,112121.28,-2.65,-4.5,0.01,61.73,352414381,1346963981,,,,,,,,,,,,,
2026-07-19T23:40:58.753,ABB,7506.0,-2.11,,,6851.54,8814.92,,22.29,53.42,,industrials,electric equipment,,2.96,,0.4,0.37,,,,2026-07-19,,7165.34,,,6.5,0.41,0.41,8.37,3.53,,,7706.5,7485.0,7.17,7.17,586.11,264.89,3.05,3.05,2.21,82.49,159058.43,0.9,-1.0,2.4,7.93,52977094,211908375,,,,,,,,,,,,,
2026-07-19T23:40:58.753,MRPL,174.49,0.67,,,151.36,220.75,,8.08,9.73,,energy,refineries,,8.18,,0.02,0.04,,,,2026-07-19,,163.02,,,9.12,0.09,0.03,11.75,5.31,,,178.9,165.37,11.38,11.38,19.57,9.26,4.25,4.25,2.11,382.64,30581.1,1.3,-3.46,2.38,98.5,200091162,1752598777,,,,,,,,,,,,,
2026-07-19T23:40:58.753,ITDC,743.95,-1.5,,,692.05,847.76,,56.36,77.41,,services,hotels,,7.52,,0.21,0.15,,,,2026-07-19,,682.57,,,12.59,0.22,0.17,8.58,7.0,,,781.45,726.8,7.52,7.52,137.11,52.08,5.89,5.89,2.63,107.05,6380.81,3.41,0.93,3.23,32.93,11127719,85769400,,,,,,,,,,,,,
2026-07-19T23:40:58.753,ANANDRATHI,2072.7,-0.33,,,2115.17,1987.76,,52.77,44.69,,financials,finance & investments,,1.57,,0.24,0.28,,,,2026-07-19,,1986.35,,,-2.38,0.21,0.28,0.97,2.78,,,2088.5,2056.2,1.74,1.74,199.8,57.59,3.37,3.37,3.47,20.87,34415.37,3.71,2.83,3.84,28.65,97346110,166041268,,,,,,,,,,,,,
2026-07-19T23:40:58.753,OBEROIRLTY,1894.8,1.81,,,1920.92,1842.56,,31.69,26.03,,realty,construction,,2.31,,0.06,0.05,,,,2026-07-19,,1813.87,,,-2.86,0.03,0.03,2.11,2.94,,,1899.0,1856.1,2.33,2.33,170.33,55.76,3.04,3.04,3.05,133.82,68895.35,3.76,1.75,3.36,69.41,117427291,363602237,,,,,,,,,,,,,
2026-07-19T23:40:58.753,BHARATFORG,2190.5,4.08,,,2122.69,2326.11,,112.68,97.01,,industrials,castings & forgings,,4.55,,0.39,0.61,,,,2026-07-19,,2099.06,,,-2.42,0.32,0.55,5.21,2.82,,,2196.7,2101.0,5.51,5.51,175.01,61.82,3.06,3.06,2.83,144.46,104725.31,4.39,3.32,3.08,144.79,267385008,478088632,,,,,,,,,,,,,
2026-07-19T23:40:58.753,SAREGAMA,494.85,1.08,,,477.21,530.14,,32.05,46.2,,media,entertainment / electronic media software,,3.03,,0.31,0.04,,,,2026-07-19,,465.89,,,1.83,0.27,0.03,2.46,3.76,,,497.6,482.95,3.03,3.03,50.8,18.63,4.08,4.08,2.73,7.65,9541.18,5.15,5.03,3.04,63.88,75507447,192809490,,,,,,,,,,,,,
2026-07-18T23:38:16.833,INDIANB,832.4,1.52,,,793.08,911.05,,8.35,8.77,,bank,banks - public sector,,2.42,,-0.09,-0.06,,,,2026-07-18,,793.99,,,3.6,-0.08,-0.07,2.01,3.19,,,835.75,816.0,2.42,2.42,0.32,26.57,3.02,3.02,0.01,76.33,112121.28,-2.65,-4.5,0.01,61.73,352414381,1346963981,,,,,,,,,,,,,
2026-07-18T23:38:16.833,ABB,7506.0,-2.11,,,6851.54,8814.92,,22.29,53.42,,industrials,electric equipment,,2.96,,0.4,0.37,,,,2026-07-18,,7165.34,,,6.5,0.41,0.41,8.37,3.53,,,7706.5,7485.0,7.17,7.17,586.11,264.89,3.05,3.05,2.21,82.49,159058.43,0.9,-1.0,2.4,7.93,52977094,211908375,,,,,,,,,,,,,
2026-07-18T23:38:16.833,MRPL,174.49,0.67,,,151.36,220.75,,8.08,9.73,,energy,refineries,,8.18,,0.02,0.04,,,,2026-07-18,,163.02,,,9.12,0.09,0.03,11.75,5.31,,,178.9,165.37,11.38,11.38,19.57,9.26,4.25,4.25,2.11,382.64,30581.1,1.3,-3.46,2.38,98.5,200091162,1752598777,,,,,,,,,,,,,
2026-07-18T23:38:16.833,ITDC,743.95,-1.5,,,692.05,847.76,,56.36,77.41,,services,hotels,,7.52,,0.21,0.15,,,,2026-07-18,,682.57,,,12.59,0.22,0.17,8.58,7.0,,,781.45,726.8,7.52,7.52,137.11,52.08,5.89,5.89,2.63,107.05,6380.81,3.41,0.93,3.23,32.93,11127719,85769400,,,,,,,,,,,,,
2026-07-18T23:38:16.833,ANANDRATHI,2072.7,-0.33,,,2115.17,1987.76,,52.77,44.69,,financials,finance & investments,,1.57,,0.24,0.28,,,,2026-07-18,,1986.35,,,-2.38,0.21,0.28,0.97,2.78,,,2088.5,2056.2,1.74,1.74,199.8,57.59,3.37,3.37,3.47,20.87,34415.37,3.71,2.83,3.84,28.65,97346110,166041268,,,,,,,,,,,,,
2026-07-18T23:38:16.833,OBEROIRLTY,1894.8,1.81,,,1920.92,1842.56,,31.69,26.03,,realty,construction,,2.31,,0.06,0.05,,,,2026-07-18,,1813.87,,,-2.86,0.03,0.03,2.11,2.94,,,1899.0,1856.1,2.33,2.33,170.33,55.76,3.04,3.04,3.05,133.82,68895.35,3.76,1.75,3.36,69.41,117427291,363602237,,,,,,,,,,,,,
2026-07-18T23:38:16.833,BHARATFORG,2190.5,4.08,,,2122.69,2326.11,,112.68,97.01,,industrials,castings & forgings,,4.55,,0.39,0.61,,,,2026-07-18,,2099.06,,,-2.42,0.32,0.55,5.21,2.82,,,2196.7,2101.0,5.51,5.51,175.01,61.82,3.06,3.06,2.83,144.46,104725.31,4.39,3.32,3.08,144.79,267385008,478088632,,,,,,,,,,,,,
2026-07-18T23:38:16.833,SAREGAMA,494.85,1.08,,,477.21,530.14,,32.05,46.2,,media,entertainment / electronic media software,,3.03,,0.31,0.04,,,,2026-07-18,,465.89,,,1.83,0.27,0.03,2.46,3.76,,,497.6,482.95,3.03,3.03,50.8,18.63,4.08,4.08,2.73,7.65,9541.18,5.15,5.03,3.04,63.88,75507447,192809490,,,,,,,,,,,,,
2026-07-17T22:52:38.08,INDIANB,832.4,1.52,,,793.08,911.05,,8.35,8.64,,bank,banks - public sector,,2.42,,-0.09,-0.06,,,,2026-07-17,,793.99,,,3.6,-0.08,-0.07,2.01,3.19,,,835.75,816.0,2.42,2.42,0.32,26.57,3.02,3.02,0.01,76.33,110437.58,-2.65,-4.5,0.01,61.73,352414381,1346963981,,,,,,,,,,,,,
2026-07-17T22:52:38.08,ABB,7506.0,-2.11,,,6851.54,8814.92,,22.29,54.57,,industrials,electric equipment,,2.96,,0.4,0.37,,,,2026-07-17,,7165.34,,,6.5,0.41,0.41,8.37,3.53,,,7706.5,7485.0,7.17,7.17,586.11,264.89,3.05,3.05,2.21,82.49,162480.75,0.9,-1.0,2.4,7.93,52977094,211908375,,,,,,,,,,,,,
2026-07-17T22:52:38.08,MRPL,174.49,0.67,,,151.36,220.75,,8.08,9.67,,energy,refineries,,8.18,,0.02,0.04,,,,2026-07-17,,163.02,,,9.12,0.09,0.03,11.75,5.31,,,178.9,165.37,11.38,11.38,19.57,9.26,4.25,4.25,2.11,382.64,30377.79,1.3,-3.46,2.38,98.5,200091162,1752598777,,,,,,,,,,,,,
2026-07-17T22:52:38.08,ITDC,743.95,-1.5,,,692.05,847.76,,56.36,78.59,,services,hotels,,7.52,,0.21,0.15,,,,2026-07-17,,682.57,,,12.59,0.22,0.17,8.58,7.0,,,781.45,726.8,7.52,7.52,137.11,52.08,5.89,5.89,2.63,107.05,6477.73,3.41,0.93,3.23,32.93,11127719,85769400,,,,,,,,,,,,,
2026-07-17T22:52:38.08,ANANDRATHI,2072.7,-0.33,,,2115.17,1987.76,,52.77,44.84,,financials,finance & investments,,1.57,,0.24,0.28,,,,2026-07-17,,1986.35,,,-2.38,0.21,0.28,0.97,2.78,,,2088.5,2056.2,1.74,1.74,199.8,57.59,3.37,3.37,3.47,20.87,34529.94,3.71,2.83,3.84,28.65,97346110,166041268,,,,,,,,,,,,,
2026-07-17T22:52:38.08,OBEROIRLTY,1894.8,1.81,,,1920.92,1842.56,,24.49,26.8,,realty,construction,,2.31,,0.06,0.05,,,,2026-07-17,,1813.87,,,-2.86,0.03,0.03,2.11,2.94,,,1899.0,1856.1,2.33,2.33,170.33,55.76,3.04,3.04,3.05,133.82,67673.65,3.76,1.75,3.36,69.41,117427291,363602237,,,,,,,,,,,,,
2026-07-17T22:52:38.08,BHARATFORG,2190.5,4.08,,,2122.69,2326.11,,112.68,93.21,,industrials,castings & forgings,,4.55,,0.39,0.61,,,,2026-07-17,,2099.06,,,-2.42,0.32,0.55,5.21,2.82,,,2196.7,2101.0,5.51,5.51,175.01,61.82,3.06,3.06,2.83,144.46,100623.31,4.39,3.32,3.08,144.79,267385008,478088632,,,,,,,,,,,,,
2026-07-17T22:52:38.08,SAREGAMA,494.85,1.08,,,477.21,530.14,,32.05,45.71,,media,entertainment / electronic media software,,3.03,,0.31,0.04,,,,2026-07-17,,465.89,,,1.83,0.27,0.03,2.46,3.76,,,497.6,482.95,3.03,3.03,50.8,18.63,4.08,4.08,2.73,7.65,9438.99,5.15,5.03,3.04,63.88,75507447,192809490,,,,,,,,,,,,,
2026-07-16T17:35:31.529,GANESHBE,107.44,3.45,,,95.37,131.58,1.97,12.67,10.2,60.19,miscellaneous,miscellaneous,17.86,12.65,,0.26,0.2,,,,2026-07-16,95.2,100.07,110.54,60.1,0.52,0.23,0.16,12.86,4.68,11.42,4.47,,,,,,,,,,,,,,,,,,,,,,,,,,,,,,
2026-07-16T17:35:31.529,NITCO,112.32,7.8,,,108.26,120.43,1.4,-82.59,83.35,58.49,building materials,trading,19.84,3.75,,0.24,-0.01,,,,2026-07-16,102.63,103.44,114.0,58.29,-7.16,0.11,-0.08,9.44,5.33,9.44,6.0,,,,,,,,,,,,,,,,,,,,,,,,,,,,,,
2026-07-16T17:35:31.529,JINDWORLD,32.06,6.51,,,28.81,38.57,12.69,30.83,43.62,64.13,textiles,textiles - products,27.82,11.3,,0.09,-0.17,,,,2026-07-16,29.6,29.78,33.73,57.38,2.45,0.01,-0.22,8.31,4.64,8.13,4.66,,,,,,,,,,,,,,,,,,,,,,,,,,,,,,
2026-07-16T17:35:31.529,KAMDHENU,32.7,2.93,,,31.73,34.64,0.54,11.05,11.39,62.76,metals & mining,steel - medium / small,31.7,3.06,,0.35,0.13,,,,2026-07-16,31.01,30.29,33.3,67.89,-1.5,0.29,0.1,5.45,5.34,5.45,5.34,,,,,,,,,,,,,,,,,,,,,,,,,,,,,,
2026-07-16T17:35:31.529,GENUSPOWER,327.65,3.82,,,304.46,374.02,2.32,13.19,14.73,56.23,consumer discretionary,electronics - components,13.01,7.62,,0.12,-0.02,,,,2026-07-16,311.0,307.64,333.5,58.48,2.06,0.07,-0.06,5.35,3.88,5.02,4.18,,,,,,,,,,,,,,,,,,,,,,,,,,,,,,
2026-07-16T17:35:31.529,PNBGILTS,91.34,4.27,,,86.21,101.61,0.85,31.72,8.69,57.6,financials,finance & investments,29.76,5.95,,0.05,-0.05,,,,2026-07-16,87.14,85.89,92.48,59.65,0.27,0.04,-0.09,4.82,3.46,4.82,3.42,,,,,,,,,,,,,,,,,,,,,,,,,,,,,,
2026-07-16T17:35:31.529,CONFIPET,75.53,0.24,,,71.78,83.04,0.49,20.09,26.91,57.39,miscellaneous,miscellaneous,19.65,5.23,,1.05,0.73,,,,2026-07-16,72.57,69.06,77.0,70.95,2.75,1.0,0.73,4.08,5.3,3.45,5.96,,,,,,,,,,,,,,,,,,,,,,,,,,,,,,
2026-07-16T17:35:31.529,PPLPHARMA,174.79,1.82,,,170.95,182.48,0.61,-624.25,-69.5,55.59,healthcare,pharmaceuticals - indian - bulk drugs & formln,21.61,2.25,,-0.04,-0.17,,,,2026-07-16,170.61,165.06,178.12,54.62,0.47,-0.06,-0.19,2.45,3.62,2.45,4.01,,,,,,,,,,,,,,,,,,,,,,,,,,,,,,
2026-07-13T13:01:09.683,BLKASHYAP,59.9,8.4,,,53.56,72.59,6.47,NaN,89.13,67.14,realty,construction,14.57,11.84,,0.11,-0.05,,,,2026-07-13,52.12,56.5,60.65,59.06,-0.58,-0.03,-0.13,14.93,4.0,12.47,3.61,,,,,,,,,,,,,,,,,,,,,,,,,,,,,,
2026-07-13T13:01:09.683,BCLIND,37.77,10.31,,,33.37,46.58,15.63,11.95,8.78,61.13,fmcg,breweries & distilleries,19.61,13.2,,0.14,-0.08,,,,2026-07-13,33.47,35.07,39.6,58.04,-0.79,-0.01,-0.16,12.85,5.36,12.75,4.53,,,,,,,,,,,,,,,,,,,,,,,,,,,,,,
2026-07-13T13:01:09.683,BHEL,409.75,3.67,,,386.17,456.92,0.6,27.61,85.92,57.86,industrials,electric equipment,19.77,6.11,,0.39,0.72,,,,2026-07-13,379.3,388.51,412.0,65.81,-0.92,0.19,0.66,8.03,3.6,6.26,3.45,,,,,,,,,,,,,,,,,,,,,,,,,,,,,,
2026-07-13T13:01:09.683,TFCILTD,80.32,6.88,,,76.17,88.61,2.18,29.1,28.15,59.39,financials,finance - term-lending institutions,16.05,5.44,,0.1,0.08,,,,2026-07-13,74.5,75.32,82.0,59.74,-1.9,0.02,0.02,7.81,4.63,7.65,4.42,,,,,,,,,,,,,,,,,,,,,,,,,,,,,,
2026-07-13T13:01:09.683,GARUDA,185.19,4.52,,,176.62,202.33,0.65,12.51,13.45,59.47,realty,engineering - turnkey services,26.46,4.85,,-0.07,-0.18,,,,2026-07-13,172.4,173.75,187.6,54.27,-1.06,-0.15,-0.21,7.42,4.24,7.04,4.23,,,,,,,,,,,,,,,,,,,,,,,,,,,,,,
2026-07-13T13:01:09.683,BOROSCI,164.38,3.93,,,161.05,171.04,0.46,13.43,40.66,60.58,building materials,glass & glass products,48.36,2.07,,0.28,0.17,,,,2026-07-13,155.23,153.24,167.0,69.65,-3.37,0.17,0.13,5.89,4.95,4.89,4.9,,,,,,,,,,,,,,,,,,,,,,,,,,,,,,
2026-07-13T13:01:09.683,RAMRAT,425.0,1.42,,,403.71,467.59,0.53,25.42,27.19,59.09,metals & mining,mining / minerals / metals,10.68,5.27,,0.29,0.32,,,,2026-07-13,406.6,398.08,432.3,61.87,2.53,0.23,0.3,4.53,3.98,4.53,3.9,,,,,,,,,,,,,,,,,,,,,,,,,,,,,,
2026-07-13T13:01:09.683,20MICRONS,200.5,1.09,,,196.01,209.47,0.18,10.05,10.48,57.04,metals & mining,mining / minerals / metals,38.35,2.29,,-0.08,-0.08,,,,2026-07-13,192.37,187.06,202.78,56.95,-0.11,-0.13,-0.09,4.23,4.31,3.53,4.72,,,,,,,,,,,,,,,,,,,,,,,,,,,,,,
2026-07-10T09:57:52.025,STALLION,195.9,7.57,,,180.53,226.63,0.8,36.82,33.23,58.2,chemicals,chemicals,16.51,8.51,,-0.24,-0.44,,,,2026-07-10,178.2,180.25,198.8,57.13,-1.28,-0.29,-0.48,9.93,5.31,8.95,5.29,,,,,,,,,,,,,,,,,,,,,,,,,,,,,,
2026-07-10T09:57:52.025,LLOYDSENGG,86.89,1.79,,,86.65,87.37,0.12,63.89,56.53,58.19,industrials,engineering,32.86,0.28,,0.47,0.42,,,,2026-07-10,81.0,80.24,87.18,73.15,-5.23,0.4,0.4,7.27,5.25,5.5,6.08,,,,,,,,,,,,,,,,,,,,,,,,,,,,,,
2026-07-10T09:57:52.025,EXICOM,166.02,3.5,,,164.04,169.98,0.07,-10.3,-7.51,54.57,industrials,electric equipment,27.08,1.21,,0.34,0.13,,,,2026-07-10,154.99,149.55,166.48,60.97,-6.56,0.28,0.09,7.12,6.37,7.12,6.68,,,,,,,,,,,,,,,,,,,,,,,,,,,,,,
2026-07-10T09:57:52.025,BANDHANBNK,207.37,3.76,,,199.21,223.69,0.4,15.62,26.3,53.58,bank,banks - private sector,12.82,4.1,,0.29,0.17,,,,2026-07-10,194.82,196.41,210.0,63.24,-2.13,0.24,0.13,6.44,3.66,5.26,3.67,,,,,,,,,,,,,,,,,,,,,,,,,,,,,,
2026-07-10T09:57:52.025,ARTEMISMED,275.35,2.74,,,260.5,305.05,0.25,36.23,40.85,58.04,healthcare,healthcare,15.38,5.7,,-0.07,0.09,,,,2026-07-10,262.0,261.43,276.0,60.27,2.05,-0.09,0.06,5.1,3.2,4.54,3.24,,,,,,,,,,,,,,,,,,,,,,,,,,,,,,
2026-07-10T09:57:52.025,IDFCFIRSTB,80.6,1.43,,,80.17,81.47,0.08,53.03,42.04,62.0,bank,banks - private sector,37.89,0.54,,-0.12,-0.01,,,,2026-07-10,77.47,77.82,80.68,61.59,-2.99,-0.14,-0.03,4.04,2.29,3.45,2.38,,,,,,,,,,,,,,,,,,,,,,,,,,,,,,
2026-07-10T09:57:52.025,KARURVYSYA,302.35,2.27,,,294.76,317.53,0.1,10.08,10.93,56.31,bank,banks - private sector,8.68,2.57,,0.03,0.19,,,,2026-07-10,291.5,288.16,302.95,58.31,-0.81,-0.02,0.16,3.72,3.11,3.72,3.01,,,,,,,,,,,,,,,,,,,,,,,,,,,,,,
2026-07-10T09:57:52.025,NIVABUPA,87.05,1.53,,,85.04,91.06,0.45,11.64,120.76,59.49,financials,finance & investments,36.16,2.36,,0.05,0.13,,,,2026-07-10,84.44,83.66,88.29,62.28,-0.65,0.05,0.11,3.09,2.43,3.02,2.61,,,,,,,,,,,,,,,,,,,,,,,,,,,,,,
2026-07-07T13:30:58.321,PAYTM,1239.8,1.77,,,1154.02,1411.37,,108.0,141.0,,i.t,miscellaneous,,3.23,,-0.15,-0.07,,,,2026-07-07,,1184.13,,,6.93,-0.14,-0.08,3.64,2.84,,,1247.0,1208.0,4.24,4.24,117.92,35.27,3.31,3.31,3.34,82.86,77970.36,0.52,-1.24,3.69,90.16,640045681,640045681,,,,,,,,,,,,,
2026-07-07T13:30:58.321,M&MFIN,327.85,-1.19,,,313.88,355.8,,12.14,15.95,,financials,finance & investments,,3.04,,-0.25,0.06,,,,2026-07-07,,310.63,,,7.06,-0.25,0.07,2.02,3.68,,,333.85,324.0,3.04,3.04,20.05,12.08,3.54,3.54,1.66,47.32,46119.24,0.54,-1.91,1.77,31.87,660388561,1389971160,,,,,,,,,,,,,
2026-07-07T13:30:58.321,SAMMAANCAP,170.12,-3.69,,,169.64,171.08,,-0.43,-2.02,,financials,finance - housing,,3.53,,0.05,-0.01,,,,2026-07-07,,160.47,,,2.34,0.12,0.03,0.07,3.67,,,176.0,170.0,3.53,3.53,6.97,6.25,3.45,3.45,1.12,38.66,20519.98,1.56,0.92,1.16,1.92,1161683871,1161683871,,,,,,,,,,,,,
2026-07-07T13:30:58.321,ANANDRATHI,2030.0,-3.13,,,1979.49,2131.03,,40.73,43.77,,financials,finance & investments,,4.55,,0.21,0.26,,,,2026-07-07,,1941.26,,,7.17,0.24,0.3,1.01,3.42,,,2120.0,2027.8,4.55,4.55,204.79,69.38,3.13,3.13,2.95,36.94,34793.95,2.6,1.97,3.28,3.17,97346110,166041268,,,,,,,,,,,,,
2026-07-07T13:30:58.321,IIFL,524.1,-0.69,,,511.83,548.64,,9.49,13.51,,financials,finance & investments,,2.14,,-0.25,0.02,,,,2026-07-07,,495.17,,,0.97,-0.22,0.03,1.33,3.5,,,530.9,519.8,2.57,2.57,37.81,18.35,3.51,3.51,2.06,14.02,22444.66,3.35,1.52,2.22,23.44,319614908,425289575,,,,,,,,,,,,,
2026-07-07T13:30:58.321,REDINGTON,273.75,-1.08,,,281.69,257.87,,13.66,14.52,,services,trading,,2.96,,-0.09,-0.02,,,,2026-07-07,,258.82,,,-2.35,-0.08,-0.0,0.44,3.61,,,281.4,273.3,3.25,3.25,34.11,9.88,4.13,4.13,3.45,25.52,21635.61,3.74,3.03,3.94,4.56,781774431,781774431,,,,,,,,,,,,,
2026-07-07T13:30:58.321,RAYMONDREL,676.6,-3.73,,,639.7,750.4,,7.06,15.44,,realty,construction,,6.47,,0.18,0.11,,,,2026-07-07,,624.39,,,8.38,0.23,0.16,7.38,5.46,,,708.0,665.0,6.47,6.47,95.42,36.97,5.23,5.23,2.58,45.94,4678.8,5.02,4.94,3.0,31.38,32814131,66573731,,,,,,,,,,,,,
2026-07-07T13:30:58.321,ACUTAAS,3400.0,-3.27,,,3445.29,3309.43,,52.83,80.78,,healthcare,pharmaceuticals - indian - bulk drugs,,4.36,,0.79,1.0,,,,2026-07-07,,3189.04,,,3.31,0.84,1.07,0.23,4.45,,,3540.0,3392.1,4.36,4.36,368.1,151.4,4.4,4.4,2.43,45.62,28776.06,7.22,6.59,2.73,5.22,55129706,81871122,,,,,,,,,,,,,
2026-07-06T22:11:53.405,NARMADA,36.2,,,,35.78,43.18,,43.1,35.63,58.31,fmcg,miscellaneous,33.99,10.35,,0.71,0.41,,,,2026-07-06,,,,,4.81,0.62,0.34,11.84,6.46,,,,,,,,,,,,,,,,,,,,8.92,-11.85,43.0,5.28,37.5,-4.28,8.13,,,,,,
2026-07-06T22:11:53.405,AMBIKCO,1721.1,,,,1616.34,1924.66,,10.04,13.88,69.71,textiles,textiles - cotton/blended,30.99,9.54,,0.29,0.22,,,,2026-07-06,,,,,2.46,0.2,0.14,7.34,3.97,,,,,,,,,,,,,,,,,,,,1.1,-4.58,1816.3,6.91,1656.1,-4.14,7.26,,,,,,
2026-07-06T22:11:53.405,SPORTKING,184.25,,,,178.56,193.28,,18.06,19.1,60.64,textiles,textiles - spinning - synthetic / blended,31.12,4.12,,0.88,0.76,,,,2026-07-06,,,,,-1.6,0.75,0.67,6.97,5.21,,,,,,,,,,,,,,,,,,,,1.87,-7.58,189.39,5.82,175.7,-5.19,17.23,,,,,,
2026-07-06T22:11:53.405,METROPOLIS,573.55,,,,526.81,579.59,,58.29,18.96,59.53,healthcare,healthcare,25.3,5.01,,0.08,0.02,,,,2026-07-06,,,,,2.24,0.05,-0.0,5.17,3.81,,,,,,,,,,,,,,,,,,,,4.48,-6.68,578.0,2.71,538.6,-3.02,5.07,,,,,,
2026-07-06T22:11:53.405,MBAPL,119.4,,,,554.92,590.08,,4.38,7.3,61.2,chemicals,fertilizers,21.3,3.17,,0.29,0.3,,,,2026-07-06,,,,,-1.25,0.25,0.25,5.04,3.16,,,,,,,,,,,,,,,,,,,,6.71,-79.9,610.9,4.47,548.0,-3.74,5.26,,,,,,
2026-07-06T22:11:53.405,STYLAMIND,3262.3,,,,3268.27,3286.52,,36.49,36.6,68.52,building materials,miscellaneous,56.84,0.28,,0.34,0.74,,,,2026-07-06,,,,,-3.92,0.32,0.67,4.96,3.68,,,,,,,,,,,,,,,,,,,,2.22,-4.5,3350.0,4.37,3140.3,-3.52,17.52,,,,,,
2026-07-06T22:11:53.405,SATIN,257.27,,,,230.66,247.96,,4.37,8.44,61.0,financials,finance & investments,26.58,3.75,,0.57,0.55,,,,2026-07-06,,,,,0.91,0.51,0.51,4.25,4.3,,,,,,,,,,,,,,,,,,,,10.57,-5.25,264.6,2.81,232.77,-2.77,8.41,,,,,,
2026-07-06T22:11:53.405,INDUSINDBK,1009.8,,,,909.5,945.7,,33.09,85.39,53.78,bank,banks - private sector,18.5,1.99,,-0,0.2,,,,2026-07-06,,,,,-1.03,-0.02,0.17,3.05,2.67,,,,,,,,,,,,,,,,,,,,9.13,-2.1,1012.3,3.05,900.15,0.13,4.1,,,,,,
2026-07-06T22:11:53.405,LLOYDSENGG,90.38,,,,83.8,86.56,,91.1,1.7,66.46,55.59,66.39,74.91,0.36,,engineering,34.82,,,,2026-07-06,,,,,industrials,-3.48,0.48,5.18,9.75,,,,,,,,,,,,,,,,,,,,7.67,82.35,98.02,0.46,0.37,4.41,9.39,,,,,5.93,
2026-07-06T22:11:53.405,ARTEMISMED,275.9,,,,261.41,255.47,,281.85,4.04,36.3,39.61,60.89,60.47,0.05,,healthcare,13.91,,,,2026-07-06,,,,,healthcare,1.69,-0.09,3.46,6.77,,,,,,,,,,,,,,,,,,,,6.18,258.4,316.76,0.11,-0.12,8.0,6.53,,,,,3.34,
2026-07-06T22:11:53.405,MOTISONS,15.0,,,,13.83,14.39,,15.56,5.58,46.88,22.14,66.27,54.71,-0.21,,diamond cutting / jewellery,37.4,,,,2026-07-06,,,,,consumer discretionary,-2.27,-0.06,5.19,6.61,,,,,,,,,,,,,,,,,,,,5.86,14.07,16.22,-0.16,-0.12,4.25,6.61,,,,,6.98,
2026-07-06T22:11:53.405,KARURVYSYA,304.15,,,,289.98,292.07,,307.15,1.46,10.14,10.78,58.9,58.92,0.25,,banks - private sector,9.58,,,,2026-07-06,,,,,bank,-0.59,0.04,3.08,5.32,,,,,,,,,,,,,,,,,,,,4.23,288.8,328.32,0.3,0.01,4.14,5.32,,,,,3.29,
2026-07-06T22:11:53.405,SOUTHBANK,46.86,,,,44.57,46.24,,47.49,0.83,7.51,8.29,62.42,63.8,0.35,,banks - private sector,30.49,,,,2026-07-06,,,,,bank,-2.84,0.14,3.33,4.97,,,,,,,,,,,,,,,,,,,,1.65,44.64,48.11,0.37,0.1,1.35,3.38,,,,,3.54,
2026-07-06T22:11:53.405,DWARKESH,45.03,,,,42.64,42.47,,45.59,0.97,3.63,26.57,56.51,55.69,-0.02,,sugar,8.79,,,,2026-07-06,,,,,fmcg,2.96,0.11,3.1,4.79,,,,,,,,,,,,,,,,,,,,2.09,42.97,50.15,-0.0,0.07,6.03,4.79,,,,,3.21,
2026-07-06T22:11:53.405,SHRIRAMPPS,91.32,,,,86.25,87.46,,93.84,1.98,4.96,15.1,58.79,56.87,-0.03,,construction,23.07,,,,2026-07-06,,,,,realty,0.09,0.0,3.41,4.66,,,,,,,,,,,,,,,,,,,,2.35,87.25,99.04,-0.01,-0.04,4.42,4.66,,,,,3.42,
2026-07-06T22:11:53.405,DHAMPURSUG,144.64,,,,137.93,137.18,,147.45,1.18,5.11,14.16,56.66,56.67,0.02,,sugar,10.98,,,,2026-07-06,,,,,fmcg,3.13,0.08,2.77,3.26,,,,,,,,,,,,,,,,,,,,1.25,140.08,159.57,0.03,0.06,5.44,2.51,,,,,2.79,
2026-07-03T13:52:22.243,SINDHUTRAD,27.67,5.69,,,24.42,34.16,2.65,86.47,84.45,68.5,transportation,miscellaneous,21.09,13.29,,0.29,0.06,,,,2026-07-03,24.76,25.95,28.64,61.09,4.51,0.2,0.0,11.75,4.29,9.32,4.35,,,,,,,,,,,,,,,,,,,,,,,,,,,,,,
2026-07-03T13:52:22.243,MOSCHIP,222.44,6.68,,,202.68,261.97,4.12,135.63,113.33,60.73,i.t,computers - hardware,18.12,9.75,,-0.0,-0.19,,,,2026-07-03,206.62,208.36,226.07,57.15,2.05,-0.06,-0.24,7.66,4.03,7.27,3.86,,,,,,,,,,,,,,,,,,,,,,,,,,,,,,
2026-07-03T13:52:22.243,ZUARI,242.64,4.61,,,230.18,267.56,1.88,-10.21,1.06,62.52,chemicals,fertilizers,26.3,5.41,,-0.32,-0.08,,,,2026-07-03,225.46,228.3,248.24,52.26,-0.44,-0.37,-0.12,7.62,4.03,6.42,4.37,,,,,,,,,,,,,,,,,,,,,,,,,,,,,,
2026-07-03T13:52:22.243,FILATEX,55.29,5.47,,,53.53,58.82,3.01,15.36,12.69,66.84,textiles,textiles - manmade,33.27,3.29,,0.04,-0.07,,,,2026-07-03,51.57,52.22,56.25,61.98,-4.59,-0.01,-0.11,7.21,3.51,7.21,4.24,,,,,,,,,,,,,,,,,,,,,,,,,,,,,,
2026-07-03T13:52:22.243,STALLION,192.2,3.72,,,182.79,211.01,1.26,36.13,33.82,57.51,chemicals,chemicals,18.24,5.15,,-0.25,-0.53,,,,2026-07-03,181.26,176.58,199.4,56.33,-0.8,-0.31,-0.55,6.04,5.31,4.92,5.55,,,,,,,,,,,,,,,,,,,,,,,,,,,,,,
2026-07-03T13:52:22.243,PPLPHARMA,175.45,4.25,,,161.32,203.7,3.15,-626.61,-68.13,60.72,healthcare,pharmaceuticals - indian - bulk drugs & formln,21.64,8.76,,-0.06,-0.12,,,,2026-07-03,166.76,165.78,179.25,55.42,4.48,-0.1,-0.16,5.21,3.75,5.21,3.75,,,,,,,,,,,,,,,,,,,,,,,,,,,,,,
2026-07-03T13:52:22.243,HUDCO,212.79,2.88,,,205.95,226.46,1.01,5.37,10.26,57.03,financials,finance - term-lending institutions,8.61,3.32,,-0.14,-0.1,,,,2026-07-03,204.35,203.39,215.9,54.78,-0.86,-0.16,-0.13,4.13,2.92,4.13,2.7,,,,,,,,,,,,,,,,,,,,,,,,,,,,,,
2026-07-03T13:52:22.243,DWARKESH,44.33,1.03,,,42.47,48.05,0.31,3.58,26.43,52.27,fmcg,sugar,9.18,4.37,,0.08,-0.02,,,,2026-07-03,43.04,42.03,45.0,54.13,1.48,0.09,-0.02,3.0,2.73,2.59,3.21,,,,,,,,,,,,,,,,,,,,,,,,,,,,,,
2026-07-02T22:45:06.215,NARMADA,35.03,,,,35.78,43.18,5.43,41.7,35.71,52.77,fmcg,miscellaneous,33.99,10.35,,0.71,0.41,,,,2026-07-02,,,,,-1.44,0.71,0.34,11.84,6.46,,,,,,,,,,,,,,,,,,,,,,,5.28,37.5,-10.73,,8.92,-11.85,43.0,8.13,,
2026-07-02T22:45:06.215,AMBIKCO,1748.6,,,,1616.34,1924.66,8.46,10.2,13.91,61.97,textiles,textiles - cotton/blended,30.99,9.54,,0.29,0.22,,,,2026-07-02,,,,,3.02,0.29,0.14,7.34,3.97,,,,,,,,,,,,,,,,,,,,,,,6.91,1656.1,-8.1,,1.1,-4.58,1816.3,7.26,,
2026-07-02T22:45:06.215,SPORTKING,176.39,,,,178.56,193.28,1.21,17.29,18.64,56.04,textiles,textiles - spinning - synthetic / blended,31.12,4.12,,0.88,0.76,,,,2026-07-02,,,,,-1.9,0.88,0.67,6.97,5.21,,,,,,,,,,,,,,,,,,,,,,,5.82,175.7,-10.4,,1.66,-7.58,189.0,17.23,,
2026-07-02T22:45:06.215,METROPOLIS,544.3,,,,526.81,579.59,0.41,55.31,18.47,54.67,healthcare,healthcare,25.3,5.01,,0.08,0.02,,,,2026-07-02,,,,,0.37,0.08,-0.0,5.17,3.81,,,,,,,,,,,,,,,,,,,,,,,2.71,538.6,-6.84,,1.86,-6.68,563.5,5.07,,
2026-07-02T22:45:06.215,MBAPL,604.3,,,,554.92,590.08,1.07,22.15,34.61,53.57,chemicals,fertilizers,21.3,3.17,,0.29,0.3,,,,2026-07-02,,,,,-1.25,0.29,0.25,5.04,3.16,,,,,,,,,,,,,,,,,,,,,,,4.47,548.0,-6.89,,6.71,-7.07,610.9,5.26,,
2026-07-02T22:45:06.215,STYLAMIND,3266.8,,,,3268.27,3286.52,0.48,36.54,36.36,64.58,building materials,miscellaneous,56.84,0.28,,0.34,0.74,,,,2026-07-02,,,,,-3.18,0.34,0.67,4.96,3.68,,,,,,,,,,,,,,,,,,,,,,,4.37,3140.3,-7.2,,2.22,-4.5,3350.0,17.52,,
2026-07-02T22:45:06.215,SATIN,259.68,,,,230.66,247.96,0.51,4.41,8.33,59.9,financials,finance & investments,26.58,3.75,,0.57,0.55,,,,2026-07-02,,,,,0.55,0.57,0.51,4.25,4.3,,,,,,,,,,,,,,,,,,,,,,,2.81,232.77,-7.07,,9.06,-5.25,261.0,8.41,,
2026-07-02T22:45:06.215,INDUSINDBK,943.5,,,,909.5,945.7,0.77,30.91,82.52,52.27,bank,banks - private sector,18.5,1.99,,-0.0,0.2,,,,2026-07-02,,,,,0.81,-0.0,0.17,3.05,2.67,,,,,,,,,,,,,,,,,,,,,,,3.05,900.15,-2.54,,2.37,-2.1,949.55,4.1,,
2026-06-22T05:30:54.996,JTLIND,79.23,5.25,,,71.58,94.53,3.0,20.63,30.36,64.23,metals & mining,steel - medium / small,20.37,10.69,,0.22,0.08,,,,2026-06-22,71.16,72.82,82.34,59.01,6.86,0.13,0.02,11.34,5.84,11.34,5.52,,,,,,,,,,,,,,,,,,,,,,,,,,,,,,
2026-06-22T05:30:54.996,AGIIL,375.65,6.46,,,357.02,412.91,1.15,44.09,17.49,51.92,realty,construction,16.73,5.22,,0.3,0.32,,,,2026-06-22,350.0,345.62,385.0,59.66,-2.49,0.21,0.24,7.33,5.09,7.33,4.82,,,,,,,,,,,,,,,,,,,,,,,,,,,,,,
2026-06-22T05:30:54.996,GANESHBE,106.98,1.66,,,104.17,112.59,0.95,12.62,10.51,57.31,miscellaneous,miscellaneous,22.44,2.69,,0.25,0.14,,,,2026-06-22,99.75,98.57,110.34,62.71,-2.45,0.2,0.12,7.25,5.5,5.78,5.67,,,,,,,,,,,,,,,,,,,,,,,,,,,,,,
2026-06-22T05:30:54.996,SURYODAY,175.09,0.96,,,168.07,189.13,1.63,9.35,12.24,61.16,bank,banks - private sector,34.74,4.18,,0.19,0.09,,,,2026-06-22,166.59,164.18,175.8,64.57,0.82,0.17,0.08,5.1,4.1,4.21,4.22,,,,,,,,,,,,,,,,,,,,,,,,,,,,,,
2026-06-22T05:30:54.996,SHRIRAMPPS,91.81,3.81,,,85.03,105.36,1.86,4.99,15.53,60.37,realty,construction,21.53,7.97,,0.02,-0.02,,,,2026-06-22,87.6,86.12,93.9,57.73,3.41,-0.04,-0.05,4.81,4.03,4.81,4.38,,,,,,,,,,,,,,,,,,,,,,,,,,,,,,
2026-06-22T05:30:54.996,GHCLTEXTIL,95.33,0.33,,,92.91,100.16,0.7,8.25,12.95,54.55,textiles,textiles - spinning - synthetic / blended,22.3,2.6,,0.19,0.19,,,,2026-06-22,92.88,89.04,96.0,60.56,-0.77,0.18,0.19,2.64,4.1,2.64,4.51,,,,,,,,,,,,,,,,,,,,,,,,,,,,,,
2026-06-22T05:30:54.996,LENSKART,511.95,1.37,,,498.31,539.22,5.34,109.39,155.14,54.74,fmcg,personal care - indian,13.85,2.74,,0.17,NaN,,,,2026-06-22,499.85,489.3,521.6,55.32,-0.08,0.14,NaN,2.42,2.56,2.33,2.69,,,,,,,,,,,,,,,,,,,,,,,,,,,,,,
2026-06-22T05:30:54.996,ZYDUSWELL,512.35,1.53,,,494.92,547.2,0.16,25.16,23.0,55.36,fmcg,food - processing - indian,28.94,3.52,,0.11,0.08,,,,2026-06-22,502.5,484.94,515.0,62.25,2.24,0.09,0.06,1.96,3.14,1.83,3.49,,,,,,,,,,,,,,,,,,,,,,,,,,,,,,
2026-06-21T23:42:51.166,JTLIND,79.23,5.25,,,71.58,94.53,3.0,20.63,30.36,64.23,metals & mining,steel - medium / small,20.37,10.69,,0.22,0.08,,,,2026-06-21,71.16,72.82,82.34,59.01,6.86,0.13,0.02,11.34,5.84,11.34,5.52,,,,,,,,,,,,,,,,,,,,,,,,,,,,,,
2026-06-21T23:42:51.166,AGIIL,375.65,6.46,,,357.02,412.91,1.15,44.09,17.49,51.92,realty,construction,16.73,5.22,,0.3,0.32,,,,2026-06-21,350.0,345.62,385.0,59.66,-2.49,0.21,0.24,7.33,5.09,7.33,4.82,,,,,,,,,,,,,,,,,,,,,,,,,,,,,,
2026-06-21T23:42:51.166,GANESHBE,106.98,1.66,,,104.17,112.59,0.95,12.62,10.51,57.31,miscellaneous,miscellaneous,22.44,2.69,,0.25,0.14,,,,2026-06-21,99.75,98.57,110.34,62.71,-2.45,0.2,0.12,7.25,5.5,5.78,5.67,,,,,,,,,,,,,,,,,,,,,,,,,,,,,,
2026-06-21T23:42:51.166,SURYODAY,175.09,0.96,,,168.07,189.13,1.63,9.35,12.24,61.16,bank,banks - private sector,34.74,4.18,,0.19,0.09,,,,2026-06-21,166.59,164.18,175.8,64.57,0.82,0.17,0.08,5.1,4.1,4.21,4.22,,,,,,,,,,,,,,,,,,,,,,,,,,,,,,
2026-06-21T23:42:51.166,SHRIRAMPPS,91.81,3.81,,,85.03,105.36,1.86,4.99,15.53,60.37,realty,construction,21.53,7.97,,0.02,-0.02,,,,2026-06-21,87.6,86.12,93.9,57.73,3.41,-0.04,-0.05,4.81,4.03,4.81,4.38,,,,,,,,,,,,,,,,,,,,,,,,,,,,,,
2026-06-21T23:42:51.166,GHCLTEXTIL,95.33,0.33,,,92.91,100.16,0.7,8.25,12.95,54.55,textiles,textiles - spinning - synthetic / blended,22.3,2.6,,0.19,0.19,,,,2026-06-21,92.88,89.04,96.0,60.56,-0.77,0.18,0.19,2.64,4.1,2.64,4.51,,,,,,,,,,,,,,,,,,,,,,,,,,,,,,
2026-06-21T23:42:51.166,LENSKART,511.95,1.37,,,498.31,539.22,5.34,109.39,155.14,54.74,fmcg,personal care - indian,13.85,2.74,,0.17,NaN,,,,2026-06-21,499.85,489.3,521.6,55.32,-0.08,0.14,NaN,2.42,2.56,2.33,2.69,,,,,,,,,,,,,,,,,,,,,,,,,,,,,,
2026-06-21T23:42:51.166,ZYDUSWELL,512.35,1.53,,,494.92,547.2,0.16,25.16,23.0,55.36,fmcg,food - processing - indian,28.94,3.52,,0.11,0.08,,,,2026-06-21,502.5,484.94,515.0,62.25,2.24,0.09,0.06,1.96,3.14,1.83,3.49,,,,,,,,,,,,,,,,,,,,,,,,,,,,,,
2026-06-20T23:39:54.28,JTLIND,79.23,5.25,,,71.58,94.53,3.0,20.63,30.36,64.23,metals & mining,steel - medium / small,20.37,10.69,,0.22,0.08,,,,2026-06-20,71.16,72.82,82.34,59.01,6.86,0.13,0.02,11.34,5.84,11.34,5.52,,,,,,,,,,,,,,,,,,,,,,,,,,,,,,
2026-06-20T23:39:54.28,AGIIL,375.65,6.46,,,357.02,412.91,1.15,44.09,17.49,51.92,realty,construction,16.73,5.22,,0.3,0.32,,,,2026-06-20,350.0,345.62,385.0,59.66,-2.49,0.21,0.24,7.33,5.09,7.33,4.82,,,,,,,,,,,,,,,,,,,,,,,,,,,,,,
2026-06-20T23:39:54.28,GANESHBE,106.98,1.66,,,104.17,112.59,0.95,12.62,10.51,57.31,miscellaneous,miscellaneous,22.44,2.69,,0.25,0.14,,,,2026-06-20,99.75,98.57,110.34,62.71,-2.45,0.2,0.12,7.25,5.5,5.78,5.67,,,,,,,,,,,,,,,,,,,,,,,,,,,,,,
2026-06-20T23:39:54.28,SURYODAY,175.09,0.96,,,168.07,189.13,1.63,9.35,12.24,61.16,bank,banks - private sector,34.74,4.18,,0.19,0.09,,,,2026-06-20,166.59,164.18,175.8,64.57,0.82,0.17,0.08,5.1,4.1,4.21,4.22,,,,,,,,,,,,,,,,,,,,,,,,,,,,,,
2026-06-20T23:39:54.28,SHRIRAMPPS,91.81,3.81,,,85.03,105.36,1.86,4.99,15.53,60.37,realty,construction,21.53,7.97,,0.02,-0.02,,,,2026-06-20,87.6,86.12,93.9,57.73,3.41,-0.04,-0.05,4.81,4.03,4.81,4.38,,,,,,,,,,,,,,,,,,,,,,,,,,,,,,
2026-06-20T23:39:54.28,GHCLTEXTIL,95.33,0.33,,,92.91,100.16,0.7,8.25,12.95,54.55,textiles,textiles - spinning - synthetic / blended,22.3,2.6,,0.19,0.19,,,,2026-06-20,92.88,89.04,96.0,60.56,-0.77,0.18,0.19,2.64,4.1,2.64,4.51,,,,,,,,,,,,,,,,,,,,,,,,,,,,,,
2026-06-20T23:39:54.28,LENSKART,511.95,1.37,,,498.31,539.22,5.34,109.39,155.14,54.74,fmcg,personal care - indian,13.85,2.74,,0.17,NaN,,,,2026-06-20,499.85,489.3,521.6,55.32,-0.08,0.14,NaN,2.42,2.56,2.33,2.69,,,,,,,,,,,,,,,,,,,,,,,,,,,,,,
2026-06-20T23:39:54.28,ZYDUSWELL,512.35,1.53,,,494.92,547.2,0.16,25.16,23.0,55.36,fmcg,food - processing - indian,28.94,3.52,,0.11,0.08,,,,2026-06-20,502.5,484.94,515.0,62.25,2.24,0.09,0.06,1.96,3.14,1.83,3.49,,,,,,,,,,,,,,,,,,,,,,,,,,,,,,
2026-06-19T22:33:20.335,JTLIND,79.23,5.25,,,71.58,94.53,3.0,20.63,28.84,64.23,metals & mining,steel - medium / small,20.37,10.69,,0.22,0.08,,,,2026-06-19,71.16,72.82,82.34,59.01,6.86,0.13,0.02,11.34,5.84,11.34,5.52,,,,,,,,,,,,,,,,,,,,,,,,,,,,,,
2026-06-19T22:33:20.335,AGIIL,375.65,6.46,,,357.02,412.91,1.15,44.09,16.43,51.92,realty,construction,16.73,5.22,,0.3,0.32,,,,2026-06-19,350.0,345.62,385.0,59.66,-2.49,0.21,0.24,7.33,5.09,7.33,4.82,,,,,,,,,,,,,,,,,,,,,,,,,,,,,,
2026-06-19T22:33:20.335,GANESHBE,106.98,1.66,,,104.17,112.59,0.95,12.62,10.34,57.31,miscellaneous,miscellaneous,22.44,2.69,,0.25,0.14,,,,2026-06-19,99.75,98.57,110.34,62.71,-2.45,0.2,0.12,7.25,5.5,5.78,5.67,,,,,,,,,,,,,,,,,,,,,,,,,,,,,,
2026-06-19T22:33:20.335,SURYODAY,175.09,0.96,,,168.07,189.13,1.63,9.35,12.13,61.16,bank,banks - private sector,34.74,4.18,,0.19,0.09,,,,2026-06-19,166.59,164.18,175.8,64.57,0.82,0.17,0.08,5.1,4.1,4.21,4.22,,,,,,,,,,,,,,,,,,,,,,,,,,,,,,
2026-06-19T22:33:20.335,SHRIRAMPPS,91.81,3.81,,,85.03,105.36,1.86,4.99,14.96,60.37,realty,construction,21.53,7.97,,0.02,-0.02,,,,2026-06-19,87.6,86.12,93.9,57.73,3.41,-0.04,-0.05,4.81,4.03,4.81,4.38,,,,,,,,,,,,,,,,,,,,,,,,,,,,,,
2026-06-19T22:33:20.335,GHCLTEXTIL,95.33,0.33,,,92.91,100.16,0.7,8.25,12.91,54.55,textiles,textiles - spinning - synthetic / blended,22.3,2.6,,0.19,0.19,,,,2026-06-19,92.88,89.04,96.0,60.56,-0.77,0.18,0.19,2.64,4.1,2.64,4.51,,,,,,,,,,,,,,,,,,,,,,,,,,,,,,
2026-06-19T22:33:20.335,LENSKART,511.95,1.37,,,498.31,539.22,5.34,109.39,153.05,54.74,fmcg,personal care - indian,13.85,2.74,,0.17,NaN,,,,2026-06-19,499.85,489.3,521.6,55.32,-0.08,0.14,NaN,2.42,2.56,2.33,2.69,,,,,,,,,,,,,,,,,,,,,,,,,,,,,,
2026-06-19T22:33:20.335,ZYDUSWELL,512.35,1.53,,,494.92,547.2,0.16,25.16,22.65,55.36,fmcg,food - processing - indian,28.94,3.52,,0.11,0.08,,,,2026-06-19,502.5,484.94,515.0,62.25,2.24,0.09,0.06,1.96,3.14,1.83,3.49,,,,,,,,,,,,,,,,,,,,,,,,,,,,,,
2026-06-18T22:57:08.733,GOLDIAM,479.7,,,,406.48,462.42,,36.34,33.09,62.47,consumer discretionary,diamond cutting / jewellery,27.29,6.88,,0.07,0.05,,,,2026-06-18,,,,,1.11,-0.01,0.0,6.74,4.93,,,,,,,,,,,,,,,,,,,,16.8,-3.61,507.45,5.71,411.0,-5.12,9.27,,,,,,
2026-06-18T22:57:08.733,ANGELONE,352.8,,,,334.92,340.18,,25.06,5.04,58.16,financials,finance & investments,20.22,0.79,,0.18,0.44,,,,2026-06-18,,,,,-2.44,0.14,0.39,5.65,3.93,,,,,,,,,,,,,,,,,,,,5.7,-4.71,356.8,3.31,326.75,-3.53,8.33,,,,,,
2026-06-18T22:57:08.733,RML,986.75,,,,906.63,948.37,,18.45,25.17,60.74,auto,auto ancillaries,33.62,2.3,,0.14,0.06,,,,2026-06-18,,,,,-2.6,0.07,0.02,5.1,3.18,,,,,,,,,,,,,,,,,,,,7.2,-4.58,994.25,5.03,883.1,-4.3,13.35,,,,,,
2026-06-18T22:57:08.733,RISHABH,574.25,,,,508.97,541.43,,28.04,26.92,55.22,industrials,electric equipment,16.29,3.19,,0.18,0.23,,,,2026-06-18,,,,,0.31,0.11,0.19,4.82,5.39,,,,,,,,,,,,,,,,,,,,11.29,-0.79,584.5,2.87,510.55,0.05,8.44,,,,,,
2026-06-18T22:57:08.733,BOSCHLTD,40035.0,,,,36053.34,39586.66,,51.79,41.72,57.6,auto,auto ancillaries,12.93,4.9,,-0.06,-0.08,,,,2026-06-18,,,,,1.92,-0.09,-0.11,4.09,3.17,,,,,,,,,,,,,,,,,,,,7.09,-0.93,40500.0,2.93,36745.0,-3.0,3.96,,,,,,
2026-06-18T22:57:08.733,KPIL,1367.9,,,,1266.24,1346.76,,13.45,22.48,59.16,realty,transmisson line towers / equipment,31.93,3.18,,0.03,-0.01,,,,2026-06-18,,,,,-0.49,-0.01,-0.03,3.69,3.41,,,,,,,,,,,,,,,,,,,,7.49,-5.01,1404.3,3.69,1260.0,-3.43,3.49,,,,,,
2026-06-18T22:57:08.733,MBAPL,565.9,,,,527.74,580.06,,20.74,32.86,56.92,chemicals,fertilizers,14.37,4.96,,0.25,0.24,,,,2026-06-18,,,,,2.53,0.24,0.23,3.43,3.7,,,,,,,,,,,,,,,,,,,,4.35,-0.41,578.0,2.37,541.1,-1.51,6.57,,,,,,
2026-06-18T22:57:08.733,NIVABUPA,87.09,,,,82.59,83.95,,11.64,119.3,55.63,financials,finance & investments,31.75,0.83,,0.04,-0.02,,,,2026-06-18,,,,,-1.31,0.0,-0.04,3.2,2.88,,,,,,,,,,,,,,,,,,,,6.52,-1.03,88.7,2.17,81.5,-2.12,6.09,,,,,,
2026-06-17T07:12:45.314,GOLDIAM,485.65,,,,406.48,462.42,1.35,36.79,32.14,60.0,consumer discretionary,diamond cutting / jewellery,27.29,6.88,,0.07,0.05,,,,2026-06-17,,,,,4.45,0.07,0.0,6.74,4.93,,,,,,,,,,,,,,,,,,,,,,,5.71,411.0,-10.05,,13.45,-3.61,492.9,9.27,,
2026-06-17T07:12:45.314,ANGELONE,348.25,,,,334.92,340.18,0.36,24.73,5.04,56.42,financials,finance & investments,20.22,0.79,,0.18,0.44,,,,2026-06-17,,,,,-4.33,0.18,0.39,5.65,3.93,,,,,,,,,,,,,,,,,,,,,,,3.31,326.75,-7.47,,5.51,-4.71,356.15,8.33,,
2026-06-17T07:12:45.314,RML,979.55,,,,906.63,948.37,0.73,18.32,25.19,55.84,auto,auto ancillaries,33.62,2.3,,0.14,0.06,,,,2026-06-17,,,,,-1.44,0.14,0.02,5.1,3.18,,,,,,,,,,,,,,,,,,,,,,,5.03,883.1,-7.48,,6.52,-4.58,988.0,13.35,,
2026-06-17T07:12:45.314,RISHABH,551.15,,,,508.97,541.43,0.39,26.91,25.99,52.28,industrials,electric equipment,16.29,3.19,,0.18,0.23,,,,2026-06-17,,,,,0.14,0.18,0.19,4.82,5.39,,,,,,,,,,,,,,,,,,,,,,,2.87,510.55,-5.34,,9.92,-0.79,577.3,8.44,,
2026-06-17T07:12:45.314,BOSCHLTD,39045.0,,,,36053.34,39586.66,0.98,50.51,41.53,54.83,auto,auto ancillaries,12.93,4.9,,-0.06,-0.08,,,,2026-06-17,,,,,2.01,-0.06,-0.11,4.09,3.17,,,,,,,,,,,,,,,,,,,,,,,2.93,36745.0,-6.17,,5.5,-0.93,39900.0,3.96,,
2026-06-17T07:12:45.314,KPIL,1365.7,,,,1266.24,1346.76,0.51,13.43,22.43,57.28,realty,transmisson line towers / equipment,31.93,3.18,,0.03,-0.01,,,,2026-06-17,,,,,1.28,0.03,-0.03,3.69,3.41,,,,,,,,,,,,,,,,,,,,,,,3.69,1260.0,-6.84,,6.39,-5.01,1390.0,3.49,,
2026-06-17T07:12:45.314,MBAPL,565.65,,,,527.74,580.06,0.77,20.73,33.0,54.28,chemicals,fertilizers,14.37,4.96,,0.25,0.24,,,,2026-06-17,,,,,3.53,0.25,0.23,3.43,3.7,,,,,,,,,,,,,,,,,,,,,,,2.37,541.1,-5.21,,4.35,-0.41,578.0,6.57,,
2026-06-17T07:12:45.314,NIVABUPA,84.3,,,,82.59,83.95,0.36,11.27,118.73,53.09,financials,finance & investments,31.75,0.83,,0.04,-0.02,,,,2026-06-17,,,,,-1.27,0.04,-0.04,3.2,2.88,,,,,,,,,,,,,,,,,,,,,,,2.17,81.5,-5.0,,4.37,-1.03,86.91,6.09,,
2026-06-16T21:01:00.651,GOLDIAM,485.65,,,,406.48,462.42,1.35,36.79,31.04,60.0,consumer discretionary,diamond cutting / jewellery,27.29,6.88,,0.07,0.05,,,,2026-06-16,,,,,4.45,0.07,0.0,6.74,4.93,,,,,,,,,,,,,,,,,,,,,,,5.71,411.0,-10.05,,13.45,-3.61,492.9,9.27,,
2026-06-16T21:01:00.651,ANGELONE,348.25,,,,334.92,340.18,0.36,24.73,5.09,56.42,financials,finance & investments,20.22,0.79,,0.18,0.44,,,,2026-06-16,,,,,-4.33,0.18,0.39,5.65,3.93,,,,,,,,,,,,,,,,,,,,,,,3.31,326.75,-7.47,,5.51,-4.71,356.15,8.33,,
2026-06-16T21:01:00.651,RML,979.55,,,,906.63,948.37,0.73,18.32,23.89,55.84,auto,auto ancillaries,33.62,2.3,,0.14,0.06,,,,2026-06-16,,,,,-1.44,0.14,0.02,5.1,3.18,,,,,,,,,,,,,,,,,,,,,,,5.03,883.1,-7.48,,6.52,-4.58,988.0,13.35,,
2026-06-16T21:01:00.651,RISHABH,551.15,,,,508.97,541.43,0.39,26.91,26.18,52.28,industrials,electric equipment,16.29,3.19,,0.18,0.23,,,,2026-06-16,,,,,0.14,0.18,0.19,4.82,5.39,,,,,,,,,,,,,,,,,,,,,,,2.87,510.55,-5.34,,9.92,-0.79,577.3,8.44,,
2026-06-16T21:01:00.651,BOSCHLTD,39045.0,,,,36053.34,39586.66,0.98,50.51,41.55,54.83,auto,auto ancillaries,12.93,4.9,,-0.06,-0.08,,,,2026-06-16,,,,,2.01,-0.06,-0.11,4.09,3.17,,,,,,,,,,,,,,,,,,,,,,,2.93,36745.0,-6.17,,5.5,-0.93,39900.0,3.96,,
2026-06-16T21:01:00.651,KPIL,1365.7,,,,1266.24,1346.76,0.51,13.43,21.41,57.28,realty,transmisson line towers / equipment,31.93,3.18,,0.03,-0.01,,,,2026-06-16,,,,,1.28,0.03,-0.03,3.69,3.41,,,,,,,,,,,,,,,,,,,,,,,3.69,1260.0,-6.84,,6.39,-5.01,1390.0,3.49,,
2026-06-16T21:01:00.651,MBAPL,565.65,,,,527.74,580.06,0.77,20.73,33.06,54.28,chemicals,fertilizers,14.37,4.96,,0.25,0.24,,,,2026-06-16,,,,,3.53,0.25,0.23,3.43,3.7,,,,,,,,,,,,,,,,,,,,,,,2.37,541.1,-5.21,,4.35,-0.41,578.0,6.57,,
2026-06-16T21:01:00.651,NIVABUPA,84.3,,,,82.59,83.95,0.36,11.27,117.45,53.09,financials,finance & investments,31.75,0.83,,0.04,-0.02,,,,2026-06-16,,,,,-1.27,0.04,-0.04,3.2,2.88,,,,,,,,,,,,,,,,,,,,,,,2.17,81.5,-5.0,,4.37,-1.03,86.91,6.09,,
2026-06-10T05:50:05.197,MOREPENLAB,48.65,13.48,,,43.19,59.57,9.37,43.44,28.12,64.97,healthcare,pharmaceuticals - indian - bulk drugs & formln,20.95,12.64,,0.06,-0.13,,,,2026-06-10,42.5,45.11,49.5,61.65,-1.15,-0.1,-0.23,14.47,5.86,14.47,5.38,,,,,,,,,,,,,,,,,,,,,,,,,,,,,,
2026-06-10T05:50:05.197,AHCL,15.14,7.68,,,13.51,18.41,6.23,1.62,2.3,66.92,chemicals,chemicals,34.12,12.1,,-0.06,0.09,,,,2026-06-10,13.67,13.94,15.29,60.7,2.31,-0.15,0.01,10.75,5.49,10.75,5.39,,,,,,,,,,,,,,,,,,,,,,,,,,,,,,
2026-06-10T05:50:05.197,AEROENTER,105.05,4.3,,,95.16,124.83,1.55,12.39,18.49,65.86,metals & mining,steel - medium / small,36.91,10.4,,0.17,0.18,,,,2026-06-10,95.25,97.2,106.78,62.63,0.48,0.09,0.14,10.29,5.08,10.29,5.12,,,,,,,,,,,,,,,,,,,,,,,,,,,,,,
2026-06-10T05:50:05.197,AYE,152.03,8.68,,,144.5,167.1,0.57,9.77,15.99,56.92,financials,finance & investments,35.51,5.21,,NaN,NaN,,,,2026-06-10,138.6,135.44,154.5,58.37,-3.17,NaN,NaN,9.69,7.83,9.69,7.63,,,,,,,,,,,,,,,,,,,,,,,,,,,,,,
2026-06-10T05:50:05.197,APTECHT,110.18,8.24,,,101.03,128.48,2.36,88.85,27.14,61.55,i.t,computers - education,20.93,9.06,,0.01,-0.18,,,,2026-06-10,101.1,101.84,112.6,59.21,0.93,-0.08,-0.24,8.98,5.45,8.98,5.92,,,,,,,,,,,,,,,,,,,,,,,,,,,,,,
2026-06-10T05:50:05.197,MAHABANK,83.97,5.48,,,77.85,96.21,1.76,7.89,9.2,65.01,bank,banks - public sector,12.11,7.86,,0.36,0.42,,,,2026-06-10,77.8,80.2,84.25,67.49,0.23,0.28,0.34,7.93,3.04,7.93,2.79,,,,,,,,,,,,,,,,,,,,,,,,,,,,,,
2026-06-10T05:50:05.197,EUROPRATIK,263.65,5.12,,,244.37,302.21,0.91,31.84,34.92,55.05,building materials,trading,14.43,7.89,,-0.3,NaN,,,,2026-06-10,247.4,245.18,267.55,53.98,1.18,-0.35,NaN,6.57,4.51,6.57,5.33,,,,,,,,,,,,,,,,,,,,,,,,,,,,,,
2026-06-10T05:50:05.197,NIVABUPA,83.27,2.15,,,82.59,84.64,0.36,11.13,117.28,55.63,financials,finance & investments,31.75,0.83,,0.04,-0.02,,,,2026-06-10,80.69,79.49,83.96,58.8,-2.7,0.0,-0.04,3.2,2.88,3.2,3.01,,,,,,,,,,,,,,,,,,,,,,,,,,,,,,
2026-06-09T23:18:43.16,MOREPENLAB,48.65,13.48,,,43.19,59.57,9.37,43.44,24.78,64.97,healthcare,pharmaceuticals - indian - bulk drugs & formln,20.95,12.64,,0.06,-0.13,,,,2026-06-09,42.5,45.11,49.5,61.65,-1.15,-0.1,-0.23,14.47,5.86,14.47,5.38,,,,,,,,,,,,,,,,,,,,,,,,,,,,,,
2026-06-09T23:18:43.16,AHCL,15.14,7.68,,,13.51,18.41,6.23,1.62,2.14,66.92,chemicals,chemicals,34.12,12.1,,-0.06,0.09,,,,2026-06-09,13.67,13.94,15.29,60.7,2.31,-0.15,0.01,10.75,5.49,10.75,5.39,,,,,,,,,,,,,,,,,,,,,,,,,,,,,,
2026-06-09T23:18:43.16,AEROENTER,105.05,4.3,,,95.16,124.83,1.55,12.39,17.73,65.86,metals & mining,steel - medium / small,36.91,10.4,,0.17,0.18,,,,2026-06-09,95.25,97.2,106.78,62.63,0.48,0.09,0.14,10.29,5.08,10.29,5.12,,,,,,,,,,,,,,,,,,,,,,,,,,,,,,
2026-06-09T23:18:43.16,AYE,152.03,8.68,,,144.5,167.1,0.57,9.77,14.71,56.92,financials,finance & investments,35.51,5.21,,NaN,NaN,,,,2026-06-09,138.6,135.44,154.5,58.37,-3.17,NaN,NaN,9.69,7.83,9.69,7.63,,,,,,,,,,,,,,,,,,,,,,,,,,,,,,
2026-06-09T23:18:43.16,APTECHT,110.18,8.24,,,101.03,128.48,2.36,88.85,25.07,61.55,i.t,computers - education,20.93,9.06,,0.01,-0.18,,,,2026-06-09,101.1,101.84,112.6,59.21,0.93,-0.08,-0.24,8.98,5.45,8.98,5.92,,,,,,,,,,,,,,,,,,,,,,,,,,,,,,
2026-06-09T23:18:43.16,MAHABANK,83.97,5.48,,,77.85,96.21,1.76,7.89,8.72,65.01,bank,banks - public sector,12.11,7.86,,0.36,0.42,,,,2026-06-09,77.8,80.2,84.25,67.49,0.23,0.28,0.34,7.93,3.04,7.93,2.79,,,,,,,,,,,,,,,,,,,,,,,,,,,,,,
2026-06-09T23:18:43.16,EUROPRATIK,263.65,5.12,,,244.37,302.21,0.91,31.84,33.22,55.05,building materials,trading,14.43,7.89,,-0.3,NaN,,,,2026-06-09,247.4,245.18,267.55,53.98,1.18,-0.35,NaN,6.57,4.51,6.57,5.33,,,,,,,,,,,,,,,,,,,,,,,,,,,,,,
2026-06-09T23:18:43.16,NIVABUPA,83.27,2.15,,,82.59,84.64,0.36,11.13,114.82,55.63,financials,finance & investments,31.75,0.83,,0.04,-0.02,,,,2026-06-09,80.69,79.49,83.96,58.8,-2.7,0.0,-0.04,3.2,2.88,3.2,3.01,,,,,,,,,,,,,,,,,,,,,,,,,,,,,,
2026-06-04T10:45:57.968,RTNINDIA,40.54,14.78,,,33.54,54.55,4.48,-12.67,-29.43,71.61,financials,finance & investments,17.56,20.88,,-0.13,-0.31,,,,2026-06-04,33.78,37.86,41.34,57.19,3.52,-0.24,-0.4,20.01,5.07,17.47,4.96,,,,,,,,,,,,,,,,,,,,,,,,,,,,,,
2026-06-04T10:45:57.968,JYOTISTRUC,14.18,11.13,,,11.99,18.55,1.75,23.63,27.74,64.51,industrials,transmisson line towers / equipment,11.67,18.22,,0.16,-0.15,,,,2026-06-04,12.14,13.13,14.47,58.66,3.19,0.03,-0.23,16.8,5.27,15.0,5.09,,,,,,,,,,,,,,,,,,,,,,,,,,,,,,
2026-06-04T10:45:57.968,RICOAUTO,126.01,8.34,,,113.66,150.7,4.83,71.6,30.69,60.09,auto,auto ancillaries,12.46,10.86,,-0.06,0.14,,,,2026-06-04,109.51,116.82,129.95,56.82,-0.51,-0.14,0.05,15.07,5.75,10.97,5.31,,,,,,,,,,,,,,,,,,,,,,,,,,,,,,
2026-06-04T10:45:57.968,MMTC,70.16,7.64,,,62.83,84.83,3.46,20.88,25.17,66.33,services,trading,22.21,11.67,,0.09,0.03,,,,2026-06-04,62.87,66.04,70.86,58.16,1.76,-0.0,-0.05,11.6,4.17,10.11,4.09,,,,,,,,,,,,,,,,,,,,,,,,,,,,,,
2026-06-04T10:45:57.968,GANESHBE,99.0,5.29,,,93.37,110.26,0.39,11.67,9.24,55.45,miscellaneous,miscellaneous,16.29,6.03,,0.09,0.01,,,,2026-06-04,91.6,91.97,99.0,59.88,-2.3,0.01,-0.04,8.08,4.67,8.08,5.07,,,,,,,,,,,,,,,,,,,,,,,,,,,,,,
2026-06-04T10:45:57.968,RTNPOWER,9.98,4.5,,,9.06,11.82,0.87,31.19,95.5,60.36,power & utilities,power generation and supply,16.08,10.16,,-0.07,-0.21,,,,2026-06-04,9.26,9.38,10.15,54.77,4.19,-0.13,-0.25,7.78,4.32,6.74,3.64,,,,,,,,,,,,,,,,,,,,,,,,,,,,,,
2026-06-04T10:45:57.968,NELCAST,142.66,4.03,,,133.3,161.37,0.55,20.26,24.58,55.11,industrials,castings & forgings,25.77,7.02,,0.2,-0.05,,,,2026-06-04,135.46,132.01,144.9,57.63,0.87,0.12,-0.09,5.32,4.85,5.32,5.71,,,,,,,,,,,,,,,,,,,,,,,,,,,,,,
2026-06-04T10:45:57.968,SUZLON,55.28,1.62,,,53.31,59.23,0.38,17.06,23.65,57.01,industrials,electric equipment,19.44,3.7,,-0.05,-0.09,,,,2026-06-04,52.56,52.33,55.75,58.29,0.38,-0.07,-0.11,5.17,3.82,3.81,3.56,,,,,,,,,,,,,,,,,,,,,,,,,,,,,,
2026-05-29T11:25:07.828,INDSWFTLAB,155.35,15.22,,,129.94,206.16,4.31,33.19,3.7,67.8,healthcare,pharmaceuticals - indian - bulk drugs & formln,12.58,19.55,,0.49,0.36,,,,2026-05-29,130.0,143.9,161.0,69.74,2.46,0.31,0.19,19.5,5.41,16.54,4.82,,,,,,,,,,,,,,,,,,,,,,,,,,,,,,
2026-05-29T11:25:07.828,GMRAIRPORT,102.79,5.06,,,94.65,119.07,3.03,214.15,-279.54,63.81,miscellaneous,miscellaneous,12.18,8.6,,-0.11,0.14,,,,2026-05-29,95.78,98.39,104.14,57.95,1.8,-0.14,0.09,7.32,2.82,6.78,2.8,,,,,,,,,,,,,,,,,,,,,,,,,,,,,,
2026-05-29T11:25:07.828,PAISALO,51.79,4.92,,,47.98,59.41,1.13,16.18,18.84,69.18,financials,finance & investments,39.81,7.94,,0.33,0.36,,,,2026-05-29,48.61,48.59,52.4,70.8,1.83,0.3,0.29,6.54,4.3,6.54,4.69,,,,,,,,,,,,,,,,,,,,,,,,,,,,,,
2026-05-29T11:25:07.828,NITCO,99.76,5.04,,,96.52,106.24,0.59,-73.35,75.98,58.01,building materials,trading,19.41,3.36,,0.05,-0.16,,,,2026-05-29,94.24,92.01,102.5,55.39,-3.63,0.03,-0.2,5.86,4.94,5.86,5.73,,,,,,,,,,,,,,,,,,,,,,,,,,,,,,
2026-05-29T11:25:07.828,GMRP&UI,111.8,2.04,,,108.67,118.06,0.84,-19.01,12.92,54.34,realty,engineering - turnkey services,14.24,2.88,,-0.17,-0.06,,,,2026-05-29,106.0,104.99,113.9,52.22,-2.93,-0.18,-0.07,5.47,4.19,5.47,3.99,,,,,,,,,,,,,,,,,,,,,,,,,,,,,,
2026-05-29T11:25:07.828,IBULLSLTD,20.75,3.29,,,18.92,24.41,0.21,5.89,16.33,64.35,miscellaneous,diversified - medium / small,35.05,9.68,,-0.01,0.3,,,,2026-05-29,19.75,18.99,21.0,67.01,3.76,-0.0,0.26,5.06,5.59,5.06,6.28,,,,,,,,,,,,,,,,,,,,,,,,,,,,,,
2026-05-29T11:25:07.828,BEPL,97.6,2.51,,,92.61,107.58,0.51,11.79,13.15,55.97,energy,petrochemicals,16.18,5.39,,-0.02,-0.11,,,,2026-05-29,95.0,92.87,98.4,56.85,2.68,-0.05,-0.13,2.74,2.94,2.74,2.9,,,,,,,,,,,,,,,,,,,,,,,,,,,,,,
2026-05-29T11:25:07.828,SERVOTECH,94.69,1.61,,,91.38,101.31,0.39,43.84,62.97,56.59,industrials,electric equipment,25.32,3.62,,-0.06,-0.34,,,,2026-05-29,92.32,87.8,95.25,56.07,1.01,-0.1,-0.35,2.57,4.38,2.57,4.84,,,,,,,,,,,,,,,,,,,,,,,,,,,,,,
2026-05-27T15:44:14.954,JPPOWER,22.95,19.97,,,18.0,32.84,7.5,-286.88,39.04,74.17,power & utilities,power generation and supply,19.51,27.47,,0.08,0.15,,,,2026-05-27,18.79,21.2,22.95,68.96,5.62,-0.1,-0.04,22.14,5.7,21.36,6.51,,,,,,,,,,,,,,,,,,,,,,,,,,,,,,
2026-05-27T15:44:14.954,DELTACORP,80.51,8.55,,,70.77,99.99,5.44,33.0,23.32,67.07,miscellaneous,recreation / amusement parks,35.07,13.76,,0.1,-0.08,,,,2026-05-27,72.2,74.1,86.4,60.39,2.82,-0.0,-0.15,11.51,5.78,10.29,5.8,,,,,,,,,,,,,,,,,,,,,,,,,,,,,,
2026-05-27T15:44:14.954,HCC,23.33,6.34,,,21.28,27.43,2.64,21.6,25.81,64.14,realty,construction,25.82,9.63,,-0.08,-0.19,,,,2026-05-27,21.19,21.7,23.7,57.79,1.08,-0.14,-0.24,10.1,5.06,6.92,4.83,,,,,,,,,,,,,,,,,,,,,,,,,,,,,,
2026-05-27T15:44:14.954,SUZLON,57.75,5.81,,,52.52,68.22,2.21,17.82,23.73,69.52,industrials,electric equipment,20.74,9.96,,-0.02,-0.02,,,,2026-05-27,53.1,55.01,58.1,63.29,1.39,-0.09,-0.07,8.76,3.32,8.19,3.27,,,,,,,,,,,,,,,,,,,,,,,,,,,,,,
2026-05-27T15:44:14.954,JYOTISTRUC,13.24,6.09,,,11.99,15.75,1.11,22.07,27.13,57.97,industrials,transmisson line towers / equipment,11.04,10.47,,0.09,-0.18,,,,2026-05-27,12.38,12.27,13.45,54.78,2.02,0.02,-0.22,6.95,4.43,6.95,4.79,,,,,,,,,,,,,,,,,,,,,,,,,,,,,,
2026-05-27T15:44:14.954,RICOAUTO,123.9,3.62,,,114.22,143.27,1.99,38.72,30.74,60.95,auto,auto ancillaries,12.95,8.48,,0.1,0.16,,,,2026-05-27,119.1,116.33,126.6,55.73,5.3,0.04,0.13,4.03,4.06,3.86,4.23,,,,,,,,,,,,,,,,,,,,,,,,,,,,,,
2026-05-27T15:44:14.954,BHARATSE,190.5,1.81,,,183.59,204.33,0.53,22.57,27.8,54.63,auto,auto ancillaries,12.78,3.77,,0.0,0.14,,,,2026-05-27,185.09,175.05,193.69,55.63,0.47,-0.05,0.12,2.92,5.03,2.92,6.0,,,,,,,,,,,,,,,,,,,,,,,,,,,,,,
2026-05-27T15:44:14.954,TATASTEEL,214.51,1.92,,,208.65,226.23,1.25,22.92,24.3,56.1,metals & mining,steel - large,16.43,2.81,,0.19,0.23,,,,2026-05-27,209.44,206.9,218.96,62.23,-0.2,0.16,0.2,2.42,2.27,2.39,2.1,,,,,,,,,,,,,,,,,,,,,,,,,,,,,,
2026-05-26T07:05:34.278,SAMMAANCAP,168.56,4.4,,,141.56,222.55,,-0.43,-1.93,,financials,finance - housing,,4.59,,-0.02,0.18,,,,2026-05-26,,159.27,,,10.44,-0.06,0.13,13.89,4.42,,,169.18,161.75,11.09,11.09,22.32,7.45,3.93,3.93,3.0,209.3,19581.34,1.52,-0.01,3.45,91.42,1161683871,1161683871,,,,,,,,,,,,,
2026-05-26T07:05:34.278,IFCI,61.75,1.66,,,61.61,62.02,,308.75,92.16,,financials,finance - term-lending institutions,,2.67,,0.08,0.14,,,,2026-05-26,,58.05,,,-2.22,0.04,0.12,1.9,3.6,,,63.14,61.5,4.19,4.19,3.79,2.22,3.86,3.86,1.7,50.47,16637.39,2.43,2.11,1.82,11.25,739037235,2694314331,,,,,,,,,,,,,
2026-05-26T07:05:34.278,MOTHERSON,135.91,-0.2,,,129.45,148.83,,23.93,34.85,,auto,auto ancillaries,,2.69,,0.14,0.39,,,,2026-05-26,,128.9,,,5.51,0.11,0.39,1.91,3.47,,,138.75,135.11,3.31,3.31,14.47,4.72,3.36,3.36,3.07,66.99,143445.43,2.62,1.18,3.43,16.97,5425228487,10554442601,,,,,,,,,,,,,
2026-05-26T07:05:34.278,RBLBANK,343.35,2.69,,,328.68,372.69,,21.68,23.94,,bank,banks - private sector,,2.73,,0.01,0.2,,,,2026-05-26,,326.7,,,-0.67,-0.03,0.17,5.14,3.21,,,346.65,337.45,5.85,5.85,26.14,11.01,3.71,3.71,2.37,103.99,21222.86,3.03,2.75,2.57,53.61,618111404,618111404,,,,,,,,,,,,,
2026-05-26T07:05:34.278,YESBANK,22.29,1.92,,,22.26,22.34,,16.39,20.08,,bank,banks - private sector,,1.77,,-0.09,0.05,,,,2026-05-26,,21.32,,,-3.75,-0.12,0.04,6.5,3.07,,,22.4,22.01,4.58,4.58,2.33,0.68,3.11,3.11,3.41,59.07,69942.55,3.04,1.89,3.8,40.9,31378443140,31378443140,,,,,,,,,,,,,
2026-05-26T07:05:34.278,CRAFTSMAN,8692.5,-0.11,,,8629.77,8817.95,,41.91,49.46,,auto,auto ancillaries,,3.4,,0.19,0.22,,,,2026-05-26,,8216.91,,,-1.58,0.18,0.22,3.18,3.65,,,8919.0,8625.5,5.86,5.86,1066.94,317.19,4.29,4.29,3.36,25.81,20736.47,3.9,3.24,3.83,21.12,12237570,23855583,,,,,,,,,,,,,
2026-05-26T07:05:34.278,ATGL,659.15,0.97,,,609.73,758.0,,107.7,110.6,,energy,miscellaneous,,2.16,,-0.0,0.08,,,,2026-05-26,,618.34,,,4.3,-0.02,0.07,7.3,3.98,,,666.9,652.8,5.0,5.0,71.4,26.26,4.16,4.16,2.72,45.75,72493.98,6.95,5.03,3.05,24.18,277146603,1099810083,,,,,,,,,,,,,
2026-05-26T07:05:34.278,SYRMA,1057.25,1.77,,,1024.06,1123.63,,49.96,62.74,,consumer discretionary,electronics - components,,4.23,,0.17,0.23,,,,2026-05-26,,988.16,,,-1.34,0.09,0.21,4.78,4.46,,,1080.0,1036.15,6.04,6.04,143.37,47.12,4.74,4.74,3.04,62.88,20387.0,7.9,6.68,3.52,44.78,111298962,192830485,,,,,,,,,,,,,
2026-05-25T22:50:39.554,SAMMAANCAP,168.56,4.4,,,141.56,222.55,,-0.43,-1.85,,financials,finance - housing,,4.59,,-0.02,0.18,,,,2026-05-25,,159.27,,,10.44,-0.06,0.13,13.89,4.42,,,169.18,161.75,11.09,11.09,22.32,7.45,3.93,3.93,3.0,209.3,18756.55,1.52,-0.01,3.45,91.42,1161683871,1161683871,,,,,,,,,,,,,
2026-05-25T22:50:39.554,IFCI,61.75,1.66,,,61.61,62.02,,308.75,90.66,,financials,finance - term-lending institutions,,2.67,,0.08,0.14,,,,2026-05-25,,58.05,,,-2.22,0.04,0.12,1.9,3.6,,,63.14,61.5,4.19,4.19,3.79,2.22,3.86,3.86,1.7,50.47,16365.27,2.43,2.11,1.82,11.25,739037235,2694314331,,,,,,,,,,,,,
2026-05-25T22:50:39.554,MOTHERSON,135.91,-0.2,,,129.45,148.83,,23.93,34.92,,auto,auto ancillaries,,2.69,,0.14,0.39,,,,2026-05-25,,128.9,,,5.51,0.11,0.39,1.91,3.47,,,138.75,135.11,3.31,3.31,14.47,4.72,3.36,3.36,3.07,66.99,143730.4,2.62,1.18,3.43,16.97,5425228487,10554442601,,,,,,,,,,,,,
2026-05-25T22:50:39.554,RBLBANK,343.35,2.69,,,328.68,372.69,,21.68,23.32,,bank,banks - private sector,,2.73,,0.01,0.2,,,,2026-05-25,,326.7,,,-0.67,-0.03,0.17,5.14,3.21,,,346.65,337.45,5.85,5.85,26.14,11.01,3.71,3.71,2.37,103.99,20666.55,3.03,2.75,2.57,53.61,618111404,618111404,,,,,,,,,,,,,
2026-05-25T22:50:39.554,YESBANK,22.29,1.92,,,22.26,22.34,,16.39,19.7,,bank,banks - private sector,,1.77,,-0.09,0.05,,,,2026-05-25,,21.32,,,-3.75,-0.12,0.04,6.5,3.07,,,22.4,22.01,4.58,4.58,2.33,0.68,3.11,3.11,3.41,59.07,68624.66,3.04,1.89,3.8,40.9,31378443140,31378443140,,,,,,,,,,,,,
2026-05-25T22:50:39.554,CRAFTSMAN,8692.5,-0.11,,,8629.77,8817.95,,41.91,49.52,,auto,auto ancillaries,,3.4,,0.19,0.22,,,,2026-05-25,,8216.91,,,-1.58,0.18,0.22,3.18,3.65,,,8919.0,8625.5,5.86,5.86,1066.94,317.19,4.29,4.29,3.36,25.81,20759.13,3.9,3.24,3.83,21.12,12237570,23855583,,,,,,,,,,,,,
2026-05-25T22:50:39.554,ATGL,659.15,0.97,,,609.73,758.0,,107.7,109.53,,energy,miscellaneous,,2.16,,-0.0,0.08,,,,2026-05-25,,618.34,,,4.3,-0.02,0.07,7.3,3.98,,,666.9,652.8,5.0,5.0,71.4,26.26,4.16,4.16,2.72,45.75,71795.6,6.95,5.03,3.05,24.18,277146603,1099810083,,,,,,,,,,,,,
2026-05-25T22:50:39.554,SYRMA,1057.25,1.77,,,1024.06,1123.63,,49.96,61.65,,consumer discretionary,electronics - components,,4.23,,0.17,0.23,,,,2026-05-25,,988.16,,,-1.34,0.09,0.21,4.78,4.46,,,1080.0,1036.15,6.04,6.04,143.37,47.12,4.74,4.74,3.04,62.88,20032.19,7.9,6.68,3.52,44.78,111298962,192830485,,,,,,,,,,,,,
2026-05-21T05:36:36.108,SINDHUTRAD,26.83,19.14,,,22.47,35.54,17.5,111.79,-223.58,71.19,transportation,miscellaneous,24.49,19.39,,0.05,0.05,,,,2026-05-21,21.64,24.93,27.02,60.91,-1.92,-0.12,-0.12,23.98,5.45,21.35,4.77,,,,,,,,,,,,,,,,,,,,,,,,,,,,,,
2026-05-21T05:36:36.108,GLOTTIS,70.31,16.64,,,58.42,94.09,17.42,60.61,14.83,72.88,transportation,miscellaneous,23.26,20.35,,-0.09,NaN,,,,2026-05-21,56.9,64.8,72.33,59.71,2.12,-0.22,NaN,23.57,6.27,18.33,6.83,,,,,,,,,,,,,,,,,,,,,,,,,,,,,,
2026-05-21T05:36:36.108,HARDWYN,26.29,4.0,,,23.82,31.23,1.56,164.31,109.54,66.27,services,trading,32.23,10.36,,0.54,0.9,,,,2026-05-21,23.35,24.46,26.6,71.05,-2.95,0.45,0.83,12.59,5.31,11.92,5.33,,,,,,,,,,,,,,,,,,,,,,,,,,,,,,
2026-05-21T05:36:36.108,GANESHBE,100.68,5.91,,,94.21,113.62,8.75,11.24,16.16,58.2,miscellaneous,miscellaneous,21.12,6.87,,0.08,-0.01,,,,2026-05-21,90.6,93.16,105.5,62.22,-3.17,0.02,-0.06,11.13,5.45,8.37,5.11,,,,,,,,,,,,,,,,,,,,,,,,,,,,,,
2026-05-21T05:36:36.108,SPORTKING,151.42,7.37,,,147.18,159.9,1.53,14.85,16.13,58.95,textiles,textiles - spinning - synthetic / blended,29.75,2.88,,0.4,0.33,,,,2026-05-21,136.5,139.71,156.3,72.06,-5.57,0.28,0.24,10.93,5.67,10.93,5.49,,,,,,,,,,,,,,,,,,,,,,,,,,,,,,
2026-05-21T05:36:36.108,SOUTHBANK,41.4,6.84,,,38.94,46.32,3.34,6.63,7.45,59.61,bank,banks - private sector,14.91,6.32,,-0.03,0.36,,,,2026-05-21,37.78,39.22,41.9,57.93,-2.5,-0.08,0.27,9.58,3.79,8.63,3.4,,,,,,,,,,,,,,,,,,,,,,,,,,,,,,
2026-05-21T05:36:36.108,PAISALO,49.32,4.01,,,47.54,52.89,1.39,15.41,18.82,65.16,financials,finance & investments,41.55,3.75,,0.33,0.54,,,,2026-05-21,45.26,46.15,49.52,68.15,-3.93,0.27,0.48,8.97,4.46,6.64,4.6,,,,,,,,,,,,,,,,,,,,,,,,,,,,,,
2026-05-21T05:36:36.108,SBC,35.46,4.17,,,33.77,38.84,1.51,36.94,56.29,70.21,textiles,textiles - products,17.15,5.01,,0.28,0.73,,,,2026-05-21,33.0,34.14,35.58,77.31,0.31,0.24,0.66,7.45,2.65,4.6,2.29,,,,,,,,,,,,,,,,,,,,,,,,,,,,,,
2026-05-20T23:03:37.094,SINDHUTRAD,26.83,19.14,,,22.47,35.54,17.5,111.79,-187.67,71.19,transportation,miscellaneous,24.49,19.39,,0.05,0.05,,,,2026-05-20,21.64,24.93,27.02,60.91,-1.92,-0.12,-0.12,23.98,5.45,21.35,4.77,,,,,,,,,,,,,,,,,,,,,,,,,,,,,,
2026-05-20T23:03:37.094,GLOTTIS,70.31,16.64,,,58.42,94.09,17.42,60.61,12.72,72.88,transportation,miscellaneous,23.26,20.35,,-0.09,NaN,,,,2026-05-20,56.9,64.8,72.33,59.71,2.12,-0.22,NaN,23.57,6.27,18.33,6.83,,,,,,,,,,,,,,,,,,,,,,,,,,,,,,
2026-05-20T23:03:37.094,HARDWYN,26.29,4.0,,,23.82,31.23,1.56,164.31,105.33,66.27,services,trading,32.23,10.36,,0.54,0.9,,,,2026-05-20,23.35,24.46,26.6,71.05,-2.95,0.45,0.83,12.59,5.31,11.92,5.33,,,,,,,,,,,,,,,,,,,,,,,,,,,,,,
2026-05-20T23:03:37.094,GANESHBE,100.68,5.91,,,94.21,113.62,8.75,11.24,15.26,58.2,miscellaneous,miscellaneous,21.12,6.87,,0.08,-0.01,,,,2026-05-20,90.6,93.16,105.5,62.22,-3.17,0.02,-0.06,11.13,5.45,8.37,5.11,,,,,,,,,,,,,,,,,,,,,,,,,,,,,,
2026-05-20T23:03:37.094,SPORTKING,151.42,7.37,,,147.18,159.9,1.53,14.85,15.02,58.95,textiles,textiles - spinning - synthetic / blended,29.75,2.88,,0.4,0.33,,,,2026-05-20,136.5,139.71,156.3,72.06,-5.57,0.28,0.24,10.93,5.67,10.93,5.49,,,,,,,,,,,,,,,,,,,,,,,,,,,,,,
2026-05-20T23:03:37.094,SOUTHBANK,41.4,6.84,,,38.94,46.32,3.34,6.63,6.97,59.61,bank,banks - private sector,14.91,6.32,,-0.03,0.36,,,,2026-05-20,37.78,39.22,41.9,57.93,-2.5,-0.08,0.27,9.58,3.79,8.63,3.4,,,,,,,,,,,,,,,,,,,,,,,,,,,,,,
2026-05-20T23:03:37.094,PAISALO,49.32,4.01,,,47.54,52.89,1.39,15.41,18.1,65.16,financials,finance & investments,41.55,3.75,,0.33,0.54,,,,2026-05-20,45.26,46.15,49.52,68.15,-3.93,0.27,0.48,8.97,4.46,6.64,4.6,,,,,,,,,,,,,,,,,,,,,,,,,,,,,,
2026-05-20T23:03:37.094,SBC,35.46,4.17,,,33.77,38.84,1.51,36.94,54.03,70.21,textiles,textiles - products,17.15,5.01,,0.28,0.73,,,,2026-05-20,33.0,34.14,35.58,77.31,0.31,0.24,0.66,7.45,2.65,4.6,2.29,,,,,,,,,,,,,,,,,,,,,,,,,,,,,,
2026-05-14T07:00:14.804,UJJIVANSFB,56.77,,,,57.63,65.11,,9.79,15.9,61.56,bank,banks - private sector,12.76,6.49,,0.07,0.39,,,,2026-05-14,,,,,-0.23,0.0,0.29,9.88,3.78,,,,,,,,,,,,,,,,,,,,6.66,-7.94,65.46,6.73,57.5,-5.26,11.3,,,,,,
2026-05-14T07:00:14.804,MBAPL,535.35,,,,520.37,576.43,,19.62,31.23,64.16,chemicals,fertilizers,22.08,5.39,,0.24,0.26,,,,2026-05-14,,,,,0.12,0.19,0.21,8.49,4.09,,,,,,,,,,,,,,,,,,,,6.67,-3.25,585.0,5.26,521.0,-4.45,14.98,,,,,,
2026-05-14T07:00:14.804,CANFINHOME,827.4,,,,882.6,910.4,,7.97,10.15,58.07,financials,finance - housing,15.65,1.57,,-0.06,0.15,,,,2026-05-14,,,,,-0.96,-0.08,0.11,5.46,3.62,,,,,,,,,,,,,,,,,,,,1.51,-8.53,910.0,2.56,874.1,-3.34,7.47,,,,,,
2026-05-14T07:00:14.804,GLAND,1844.2,,,,1756.79,1874.21,,29.05,35.87,59.12,healthcare,pharmaceuticals - indian - formulations,16.82,3.34,,-0.12,-0.1,,,,2026-05-14,,,,,-0.5,-0.16,-0.13,5.04,3.03,,,,,,,,,,,,,,,,,,,,7.61,-2.88,1953.7,3.86,1748.0,-3.4,7.01,,,,,,
2026-05-14T07:00:14.804,SOUTHBANK,38.48,,,,39.45,42.67,,6.17,6.92,62.18,bank,banks - private sector,13.86,4.07,,0.02,0.35,,,,2026-05-14,,,,,-0.36,-0.08,0.29,4.96,3.0,,,,,,,,,,,,,,,,,,,,5.65,-7.45,43.38,4.45,39.31,-3.69,9.18,,,,,,
2026-05-14T07:00:14.804,AADHARHFC,486.8,,,,488.43,510.67,,17.0,19.23,60.46,financials,finance - housing,13.24,2.28,,-0.1,-0.03,,,,2026-05-14,,,,,-0.33,-0.13,-0.05,3.85,2.81,,,,,,,,,,,,,,,,,,,,4.69,-3.76,523.0,2.62,486.8,-2.71,6.99,,,,,,
2026-05-14T07:00:14.804,NATCOPHARM,1171.9,,,,1095.13,1134.07,,34.63,13.48,63.48,healthcare,pharmaceuticals - indian - bulk drugs & formln,29.7,1.78,,0.23,0.19,,,,2026-05-14,,,,,-0.19,0.21,0.17,3.2,3.11,,,,,,,,,,,,,,,,,,,,10.07,-0.09,1226.8,1.97,1093.1,-2.11,12.43,,,,,,
2026-05-14T07:00:14.804,CIEINDIA,457.9,,,,471.23,484.57,,17.42,19.95,52.92,industrials,castings & forgings,13.7,1.42,,0.0,0.17,,,,2026-05-14,,,,,0.81,-0.01,0.17,2.75,3.85,,,,,,,,,,,,,,,,,,,,2.38,-5.84,489.25,0.6,475.05,-1.85,6.62,,,,,,
2026-05-13T22:59:18.762,UJJIVANSFB,56.77,,,,57.63,65.11,,9.79,16.04,61.56,bank,banks - private sector,12.76,6.49,,0.07,0.39,,,,2026-05-13,,,,,-0.23,0.0,0.29,9.88,3.78,,,,,,,,,,,,,,,,,,,,6.66,-7.94,65.46,6.73,57.5,-5.26,11.3,,,,,,
2026-05-13T22:59:18.762,MBAPL,535.35,,,,520.37,576.43,,19.62,31.95,64.16,chemicals,fertilizers,22.08,5.39,,0.24,0.26,,,,2026-05-13,,,,,0.12,0.19,0.21,8.49,4.09,,,,,,,,,,,,,,,,,,,,6.67,-3.25,585.0,5.26,521.0,-4.45,14.98,,,,,,
2026-05-13T22:59:18.762,CANFINHOME,827.4,,,,882.6,910.4,,7.97,10.2,58.07,financials,finance - housing,15.65,1.57,,-0.06,0.15,,,,2026-05-13,,,,,-0.96,-0.08,0.11,5.46,3.62,,,,,,,,,,,,,,,,,,,,1.51,-8.53,910.0,2.56,874.1,-3.34,7.47,,,,,,
2026-05-13T22:59:18.762,GLAND,1844.2,,,,1756.79,1874.21,,29.05,36.41,59.12,healthcare,pharmaceuticals - indian - formulations,16.82,3.34,,-0.12,-0.1,,,,2026-05-13,,,,,-0.5,-0.16,-0.13,5.04,3.03,,,,,,,,,,,,,,,,,,,,7.61,-2.88,1953.7,3.86,1748.0,-3.4,7.01,,,,,,
2026-05-13T22:59:18.762,SOUTHBANK,38.48,,,,39.45,42.67,,6.17,6.87,62.18,bank,banks - private sector,13.86,4.07,,0.02,0.35,,,,2026-05-13,,,,,-0.36,-0.08,0.29,4.96,3.0,,,,,,,,,,,,,,,,,,,,5.65,-7.45,43.38,4.45,39.31,-3.69,9.18,,,,,,
2026-05-13T22:59:18.762,AADHARHFC,486.8,,,,488.43,510.67,,17.0,19.25,60.46,financials,finance - housing,13.24,2.28,,-0.1,-0.03,,,,2026-05-13,,,,,-0.33,-0.13,-0.05,3.85,2.81,,,,,,,,,,,,,,,,,,,,4.69,-3.76,523.0,2.62,486.8,-2.71,6.99,,,,,,
2026-05-13T22:59:18.762,NATCOPHARM,1171.9,,,,1095.13,1134.07,,34.63,13.59,63.48,healthcare,pharmaceuticals - indian - bulk drugs & formln,29.7,1.78,,0.23,0.19,,,,2026-05-13,,,,,-0.19,0.21,0.17,3.2,3.11,,,,,,,,,,,,,,,,,,,,10.07,-0.09,1226.8,1.97,1093.1,-2.11,12.43,,,,,,
2026-05-13T22:59:18.762,CIEINDIA,457.9,,,,471.23,484.57,,17.42,20.16,52.92,industrials,castings & forgings,13.7,1.42,,0.0,0.17,,,,2026-05-13,,,,,0.81,-0.01,0.17,2.75,3.85,,,,,,,,,,,,,,,,,,,,2.38,-5.84,489.25,0.6,475.05,-1.85,6.62,,,,,,
2026-05-12T06:54:21.954,UJJIVANSFB,59.08,,,,57.63,65.11,2.18,10.19,16.55,49.27,bank,banks - private sector,12.76,6.49,,0.07,0.39,,,,2026-05-12,,,,,-3.34,0.07,0.29,9.88,3.78,,,,,,,,,,,,,,,,,,,,,,,6.73,57.5,-9.04,,6.66,-6.93,65.46,11.3,,
2026-05-12T06:54:21.954,MBAPL,550.25,,,,520.37,576.43,1.51,20.17,32.1,57.0,chemicals,fertilizers,22.08,5.39,,0.24,0.26,,,,2026-05-12,,,,,-3.4,0.24,0.21,8.49,4.09,,,,,,,,,,,,,,,,,,,,,,,5.26,521.0,-8.54,,6.67,-1.25,585.0,14.98,,
2026-05-12T06:54:21.954,CANFINHOME,855.3,,,,882.6,910.4,1.24,8.24,10.49,51.81,financials,finance - housing,15.65,1.57,,-0.06,0.15,,,,2026-05-12,,,,,-0.91,-0.06,0.11,5.46,3.62,,,,,,,,,,,,,,,,,,,,,,,2.56,874.1,-6.96,,1.51,-4.96,910.0,7.47,,
2026-05-12T06:54:21.954,GLAND,1919.1,,,,1756.79,1874.21,1.15,30.23,37.32,49.58,healthcare,pharmaceuticals - indian - formulations,16.82,3.34,,-0.12,-0.1,,,,2026-05-12,,,,,-1.33,-0.12,-0.13,5.04,3.03,,,,,,,,,,,,,,,,,,,,,,,3.86,1748.0,-6.43,,7.61,-2.88,1953.7,7.01,,
2026-05-12T06:54:21.954,SOUTHBANK,40.02,,,,39.45,42.67,1.73,6.41,7.2,57.48,bank,banks - private sector,13.86,4.07,,0.02,0.35,,,,2026-05-12,,,,,1.26,0.02,0.29,4.96,3.0,,,,,,,,,,,,,,,,,,,,,,,4.45,39.31,-6.69,,5.65,-3.07,43.38,9.18,,
2026-05-12T06:54:21.954,AADHARHFC,498.9,,,,488.43,510.67,0.47,17.42,19.71,55.48,financials,finance - housing,13.24,2.28,,-0.1,-0.03,,,,2026-05-12,,,,,0.04,-0.1,-0.05,3.85,2.81,,,,,,,,,,,,,,,,,,,,,,,2.62,486.8,-5.52,,4.69,-1.43,523.0,6.99,,
2026-05-12T06:54:21.954,NATCOPHARM,1206.0,,,,1095.13,1134.07,0.5,35.64,13.87,59.7,healthcare,pharmaceuticals - indian - bulk drugs & formln,29.7,1.78,,0.23,0.19,,,,2026-05-12,,,,,-1.48,0.23,0.17,3.2,3.11,,,,,,,,,,,,,,,,,,,,,,,1.97,1093.1,-5.22,,9.28,-0.09,1218.0,12.43,,
2026-05-12T06:54:21.954,CIEINDIA,477.45,,,,471.23,484.57,0.96,18.17,20.8,51.92,industrials,castings & forgings,13.7,1.42,,0.0,0.17,,,,2026-05-12,,,,,-0.56,0.0,0.17,2.75,3.85,,,,,,,,,,,,,,,,,,,,,,,0.6,475.05,-5.7,,2.38,-2.14,489.25,6.62,,
2026-05-11T23:53:39.107,UJJIVANSFB,59.08,,,,57.63,65.11,2.18,10.19,17.48,49.27,bank,banks - private sector,12.76,6.49,,0.07,0.39,,,,2026-05-11,,,,,-3.34,0.07,0.29,9.88,3.78,,,,,,,,,,,,,,,,,,,,,,,6.73,57.5,-9.04,,6.66,-6.93,65.46,11.3,,
2026-05-11T23:53:39.107,MBAPL,550.25,,,,520.37,576.43,1.51,20.17,33.5,57.0,chemicals,fertilizers,22.08,5.39,,0.24,0.26,,,,2026-05-11,,,,,-3.4,0.24,0.21,8.49,4.09,,,,,,,,,,,,,,,,,,,,,,,5.26,521.0,-8.54,,6.67,-1.25,585.0,14.98,,
2026-05-11T23:53:39.107,CANFINHOME,855.3,,,,882.6,910.4,1.24,8.24,10.79,51.81,financials,finance - housing,15.65,1.57,,-0.06,0.15,,,,2026-05-11,,,,,-0.91,-0.06,0.11,5.46,3.62,,,,,,,,,,,,,,,,,,,,,,,2.56,874.1,-6.96,,1.51,-4.96,910.0,7.47,,
2026-05-11T23:53:39.107,GLAND,1919.1,,,,1756.79,1874.21,1.15,30.23,37.04,49.58,healthcare,pharmaceuticals - indian - formulations,16.82,3.34,,-0.12,-0.1,,,,2026-05-11,,,,,-1.33,-0.12,-0.13,5.04,3.03,,,,,,,,,,,,,,,,,,,,,,,3.86,1748.0,-6.43,,7.61,-2.88,1953.7,7.01,,
2026-05-11T23:53:39.107,SOUTHBANK,40.02,,,,39.45,42.67,1.73,6.41,7.36,57.48,bank,banks - private sector,13.86,4.07,,0.02,0.35,,,,2026-05-11,,,,,1.26,0.02,0.29,4.96,3.0,,,,,,,,,,,,,,,,,,,,,,,4.45,39.31,-6.69,,5.65,-3.07,43.38,9.18,,
2026-05-11T23:53:39.107,AADHARHFC,498.9,,,,488.43,510.67,0.47,17.42,19.81,55.48,financials,finance - housing,13.24,2.28,,-0.1,-0.03,,,,2026-05-11,,,,,0.04,-0.1,-0.05,3.85,2.81,,,,,,,,,,,,,,,,,,,,,,,2.62,486.8,-5.52,,4.69,-1.43,523.0,6.99,,
2026-05-11T23:53:39.107,NATCOPHARM,1206.0,,,,1095.13,1134.07,0.5,35.64,13.51,59.7,healthcare,pharmaceuticals - indian - bulk drugs & formln,29.7,1.78,,0.23,0.19,,,,2026-05-11,,,,,-1.48,0.23,0.17,3.2,3.11,,,,,,,,,,,,,,,,,,,,,,,1.97,1093.1,-5.22,,9.28,-0.09,1218.0,12.43,,
2026-05-11T23:53:39.107,CIEINDIA,477.45,,,,471.23,484.57,0.96,18.17,20.69,51.92,industrials,castings & forgings,13.7,1.42,,0.0,0.17,,,,2026-05-11,,,,,-0.56,0.0,0.17,2.75,3.85,,,,,,,,,,,,,,,,,,,,,,,0.6,475.05,-5.7,,2.38,-2.14,489.25,6.62,,
2026-04-15T07:34:14.335,INOXINDIA,1411.6,,,,1169.83,1320.37,,52.75,51.63,60.99,industrials,packaging,19.34,6.43,,-0.03,-0.04,,,,2026-04-15,,,,,1.74,-0.07,-0.09,8.37,4.29,,,,,,,,,,,,,,,,,,,,14.45,-3.41,1425.0,4.61,1190.2,-3.92,4.71,,,,,,
2026-04-15T07:34:14.335,SPORTKING,136.68,,,,111.4,131.1,,17.61,14.16,60.04,textiles,textiles - spinning - synthetic / blended,22.21,8.85,,0.14,-0.1,,,,2026-04-15,,,,,2.28,0.04,-0.17,8.26,5.44,,,,,,,,,,,,,,,,,,,,19.92,-1.44,145.4,6.42,113.94,-5.09,6.74,,,,,,
2026-04-15T07:34:14.335,AEROFLEX,289.34,,,,237.97,263.31,,56.51,76.14,59.9,metals & mining,steel - medium / small,31.6,5.32,,0.33,0.12,,,,2026-04-15,,,,,3.19,0.24,0.07,6.93,6.04,,,,,,,,,,,,,,,,,,,,19.25,-3.83,298.9,2.07,245.55,-3.08,15.91,,,,,,
2026-04-15T07:34:14.335,SMSPHARMA,416.85,,,,374.46,411.04,,40.24,41.11,54.66,healthcare,pharmaceuticals - indian - bulk drugs,26.8,4.88,,0.47,0.55,,,,2026-04-15,,,,,2.03,0.4,0.48,5.86,6.07,,,,,,,,,,,,,,,,,,,,9.47,-5.73,429.95,2.8,382.05,0.09,11.97,,,,,,
2026-04-15T07:34:14.335,ANANDRATHI,3592.2,,,,2961.3,3267.9,,72.07,75.04,58.02,financials,finance & investments,18.61,5.18,,0.02,0.2,,,,2026-04-15,,,,,3.0,-0.01,0.17,5.38,2.96,,,,,,,,,,,,,,,,,,,,16.48,-1.99,3627.8,2.12,3050.0,-1.9,4.38,,,,,,
2026-04-15T07:34:14.335,GVT&D,4093.6,,,,3525.65,4071.75,,90.09,98.14,55.36,industrials,electric equipment,19.68,7.74,,0.18,0.57,,,,2026-04-15,,,,,5.63,0.11,0.51,5.24,6.87,,,,,,,,,,,,,,,,,,,,10.04,-3.91,4344.0,2.0,3724.3,3.26,5.74,,,,,,
2026-04-15T07:34:14.335,POWERINDIA,28325.0,,,,24341.61,25788.39,,120.74,148.58,55.92,industrials,electric equipment,23.84,2.97,,0.28,0.31,,,,2026-04-15,,,,,2.34,0.15,0.26,4.44,3.96,,,,,,,,,,,,,,,,,,,,15.14,-3.53,28860.0,0.62,24910.0,-1.41,8.17,,,,,,
2026-04-15T07:34:14.335,TIMKEN,3470.8,,,,3190.94,3488.26,,119.68,58.43,53.73,industrials,bearings,14.57,4.66,,0.02,-0.05,,,,2026-04-15,,,,,2.41,-0.02,-0.08,4.32,4.59,,,,,,,,,,,,,,,,,,,,7.27,-3.55,3582.4,2.19,3268.0,-2.12,7.35,,,,,,
2026-04-14T23:24:48.352,INOXINDIA,1411.6,,,,1169.83,1320.37,,52.75,51.63,60.99,industrials,packaging,19.34,6.43,,-0.03,-0.04,,,,2026-04-14,,,,,1.74,-0.07,-0.09,8.37,4.29,,,,,,,,,,,,,,,,,,,,14.45,-3.41,1425.0,4.61,1190.2,-3.92,4.71,,,,,,
2026-04-14T23:24:48.352,SPORTKING,136.68,,,,111.4,131.1,,17.61,14.16,60.04,textiles,textiles - spinning - synthetic / blended,22.21,8.85,,0.14,-0.1,,,,2026-04-14,,,,,2.28,0.04,-0.17,8.26,5.44,,,,,,,,,,,,,,,,,,,,19.92,-1.44,145.4,6.42,113.94,-5.09,6.74,,,,,,
2026-04-14T23:24:48.352,AEROFLEX,289.34,,,,237.97,263.31,,56.51,76.14,59.9,metals & mining,steel - medium / small,31.6,5.32,,0.33,0.12,,,,2026-04-14,,,,,3.19,0.24,0.07,6.93,6.04,,,,,,,,,,,,,,,,,,,,19.25,-3.83,298.9,2.07,245.55,-3.08,15.91,,,,,,
2026-04-14T23:24:48.352,SMSPHARMA,416.85,,,,374.46,411.04,,40.24,41.11,54.66,healthcare,pharmaceuticals - indian - bulk drugs,26.8,4.88,,0.47,0.55,,,,2026-04-14,,,,,2.03,0.4,0.48,5.86,6.07,,,,,,,,,,,,,,,,,,,,9.47,-5.73,429.95,2.8,382.05,0.09,11.97,,,,,,
2026-04-14T23:24:48.352,ANANDRATHI,3592.2,,,,2961.3,3267.9,,72.07,75.04,58.02,financials,finance & investments,18.61,5.18,,0.02,0.2,,,,2026-04-14,,,,,3.0,-0.01,0.17,5.38,2.96,,,,,,,,,,,,,,,,,,,,16.48,-1.99,3627.8,2.12,3050.0,-1.9,4.38,,,,,,
2026-04-14T23:24:48.352,GVT&D,4093.6,,,,3525.65,4071.75,,90.09,98.14,55.36,industrials,electric equipment,19.68,7.74,,0.18,0.57,,,,2026-04-14,,,,,5.63,0.11,0.51,5.24,6.87,,,,,,,,,,,,,,,,,,,,10.04,-3.91,4344.0,2.0,3724.3,3.26,5.74,,,,,,
2026-04-14T23:24:48.352,POWERINDIA,28325.0,,,,24341.61,25788.39,,120.74,148.58,55.92,industrials,electric equipment,23.84,2.97,,0.28,0.31,,,,2026-04-14,,,,,2.34,0.15,0.26,4.44,3.96,,,,,,,,,,,,,,,,,,,,15.14,-3.53,28860.0,0.62,24910.0,-1.41,8.17,,,,,,
2026-04-14T23:24:48.352,TIMKEN,3470.8,,,,3190.94,3488.26,,119.68,58.43,53.73,industrials,bearings,14.57,4.66,,0.02,-0.05,,,,2026-04-14,,,,,2.41,-0.02,-0.08,4.32,4.59,,,,,,,,,,,,,,,,,,,,7.27,-3.55,3582.4,2.19,3268.0,-2.12,7.35,,,,,,
2026-04-13T23:37:39.067,INOXINDIA,1411.6,,,,1169.83,1320.37,,52.75,47.74,60.99,industrials,packaging,19.34,6.43,,-0.03,-0.04,,,,2026-04-13,,,,,1.74,-0.07,-0.09,8.37,4.29,,,,,,,,,,,,,,,,,,,,14.45,-3.41,1425.0,4.61,1190.2,-3.92,4.71,,,,,,
2026-04-13T23:37:39.067,SPORTKING,136.68,,,,111.4,131.1,,17.61,14.47,60.04,textiles,textiles - spinning - synthetic / blended,22.21,8.85,,0.14,-0.1,,,,2026-04-13,,,,,2.28,0.04,-0.17,8.26,5.44,,,,,,,,,,,,,,,,,,,,19.92,-1.44,145.4,6.42,113.94,-5.09,6.74,,,,,,
2026-04-13T23:37:39.067,AEROFLEX,289.34,,,,237.97,263.31,,56.51,76.05,59.9,metals & mining,steel - medium / small,31.6,5.32,,0.33,0.12,,,,2026-04-13,,,,,3.19,0.24,0.07,6.93,6.04,,,,,,,,,,,,,,,,,,,,19.25,-3.83,298.9,2.07,245.55,-3.08,15.91,,,,,,
2026-04-13T23:37:39.067,SMSPHARMA,416.85,,,,374.46,411.04,,40.24,41.26,54.66,healthcare,pharmaceuticals - indian - bulk drugs,26.8,4.88,,0.47,0.55,,,,2026-04-13,,,,,2.03,0.4,0.48,5.86,6.07,,,,,,,,,,,,,,,,,,,,9.47,-5.73,429.95,2.8,382.05,0.09,11.97,,,,,,
2026-04-13T23:37:39.067,ANANDRATHI,3592.2,,,,2961.3,3267.9,,72.07,74.75,58.02,financials,finance & investments,18.61,5.18,,0.02,0.2,,,,2026-04-13,,,,,3.0,-0.01,0.17,5.38,2.96,,,,,,,,,,,,,,,,,,,,16.48,-1.99,3627.8,2.12,3050.0,-1.9,4.38,,,,,,
2026-04-13T23:37:39.067,GVT&D,4093.6,,,,3525.65,4071.75,,90.09,97.51,55.36,industrials,electric equipment,19.68,7.74,,0.18,0.57,,,,2026-04-13,,,,,5.63,0.11,0.51,5.24,6.87,,,,,,,,,,,,,,,,,,,,10.04,-3.91,4344.0,2.0,3724.3,3.26,5.74,,,,,,
2026-04-13T23:37:39.067,POWERINDIA,28325.0,,,,24341.61,25788.39,,120.74,149.1,55.92,industrials,electric equipment,23.84,2.97,,0.28,0.31,,,,2026-04-13,,,,,2.34,0.15,0.26,4.44,3.96,,,,,,,,,,,,,,,,,,,,15.14,-3.53,28860.0,0.62,24910.0,-1.41,8.17,,,,,,
2026-04-13T23:37:39.067,TIMKEN,3470.8,,,,3190.94,3488.26,,119.68,58.73,53.73,industrials,bearings,14.57,4.66,,0.02,-0.05,,,,2026-04-13,,,,,2.41,-0.02,-0.08,4.32,4.59,,,,,,,,,,,,,,,,,,,,7.27,-3.55,3582.4,2.19,3268.0,-2.12,7.35,,,,,,
2026-04-10T09:05:38.554,INOXINDIA,1223.9,,,,1169.83,1320.37,1.59,45.74,44.77,55.31,industrials,packaging,19.34,6.43,,-0.03,-0.04,,,,2026-04-10,,,,,2.37,-0.03,-0.09,8.37,4.29,,,,,,,,,,,,,,,,,,,,,,,4.61,1190.2,-8.21,,1.92,-3.41,1269.0,4.71,,
2026-04-10T09:05:38.554,SPORTKING,138.99,,,,111.4,131.1,1.3,17.91,14.4,53.31,textiles,textiles - spinning - synthetic / blended,22.21,8.85,,0.14,-0.1,,,,2026-04-10,,,,,2.34,0.14,-0.17,8.26,5.44,,,,,,,,,,,,,,,,,,,,,,,6.42,113.94,-10.53,,19.92,-1.44,145.4,6.74,,
2026-04-10T09:05:38.554,AEROFLEX,274.46,,,,237.97,263.31,0.48,53.61,72.23,56.0,metals & mining,steel - medium / small,31.6,5.32,,0.33,0.12,,,,2026-04-10,,,,,1.44,0.33,0.07,6.93,6.04,,,,,,,,,,,,,,,,,,,,,,,2.07,245.55,-9.12,,12.51,-3.83,282.0,15.91,,
2026-04-10T09:05:38.554,SMSPHARMA,415.0,,,,374.46,411.04,0.78,40.06,40.93,53.15,healthcare,pharmaceuticals - indian - bulk drugs,26.8,4.88,,0.47,0.55,,,,2026-04-10,,,,,2.46,0.47,0.48,5.86,6.07,,,,,,,,,,,,,,,,,,,,,,,2.8,382.05,-5.98,,6.91,-5.73,419.9,11.97,,
2026-04-10T09:05:38.554,ANANDRATHI,3553.7,,,,2961.3,3267.9,0.66,73.61,80.26,48.91,financials,finance & investments,18.61,5.18,,0.02,0.2,,,,2026-04-10,,,,,-0.69,0.02,0.17,5.38,2.96,,,,,,,,,,,,,,,,,,,,,,,2.12,3050.0,-4.86,,14.81,-1.99,3576.0,4.38,,
2026-04-10T09:05:38.554,GVT&D,3911.3,,,,3525.65,4071.75,2.35,86.08,93.77,53.96,industrials,electric equipment,19.68,7.74,,0.18,0.57,,,,2026-04-10,,,,,1.6,0.18,0.51,5.24,6.87,,,,,,,,,,,,,,,,,,,,,,,2.0,3724.3,-3.61,,5.25,-3.91,4344.0,5.74,,
2026-04-10T09:05:38.554,POWERINDIA,27315.0,,,,24341.61,25788.39,0.79,116.43,143.28,53.8,industrials,electric equipment,23.84,2.97,,0.28,0.31,,,,2026-04-10,,,,,0.05,0.28,0.26,4.44,3.96,,,,,,,,,,,,,,,,,,,,,,,0.62,24910.0,-5.37,,9.71,-3.53,27500.0,8.17,,
2026-04-10T09:05:38.554,TIMKEN,3453.6,,,,3190.94,3488.26,0.79,119.09,58.14,52.98,industrials,bearings,14.57,4.66,,0.02,-0.05,,,,2026-04-10,,,,,-0.45,0.02,-0.08,4.32,4.59,,,,,,,,,,,,,,,,,,,,,,,2.19,3268.0,-6.7,,3.9,-3.55,3470.0,7.35,,
2026-04-09T23:35:12.72,INOXINDIA,1223.9,,,,1169.83,1320.37,1.59,45.74,45.05,55.31,industrials,packaging,19.34,6.43,,-0.03,-0.04,,,,2026-04-09,,,,,2.37,-0.03,-0.09,8.37,4.29,,,,,,,,,,,,,,,,,,,,,,,4.61,1190.2,-8.21,,1.92,-3.41,1269.0,4.71,,
2026-04-09T23:35:12.72,SPORTKING,138.99,,,,111.4,131.1,1.3,17.91,14.64,53.31,textiles,textiles - spinning - synthetic / blended,22.21,8.85,,0.14,-0.1,,,,2026-04-09,,,,,2.34,0.14,-0.17,8.26,5.44,,,,,,,,,,,,,,,,,,,,,,,6.42,113.94,-10.53,,19.92,-1.44,145.4,6.74,,
2026-04-09T23:35:12.72,AEROFLEX,274.46,,,,237.97,263.31,0.48,53.61,68.84,56.0,metals & mining,steel - medium / small,31.6,5.32,,0.33,0.12,,,,2026-04-09,,,,,1.44,0.33,0.07,6.93,6.04,,,,,,,,,,,,,,,,,,,,,,,2.07,245.55,-9.12,,12.51,-3.83,282.0,15.91,,
2026-04-09T23:35:12.72,SMSPHARMA,415.0,,,,374.46,411.04,0.78,40.06,39.37,53.15,healthcare,pharmaceuticals - indian - bulk drugs,26.8,4.88,,0.47,0.55,,,,2026-04-09,,,,,2.46,0.47,0.48,5.86,6.07,,,,,,,,,,,,,,,,,,,,,,,2.8,382.05,-5.98,,6.91,-5.73,419.9,11.97,,
2026-04-09T23:35:12.72,ANANDRATHI,3553.7,,,,2961.3,3267.9,0.66,73.61,76.75,48.91,financials,finance & investments,18.61,5.18,,0.02,0.2,,,,2026-04-09,,,,,-0.69,0.02,0.17,5.38,2.96,,,,,,,,,,,,,,,,,,,,,,,2.12,3050.0,-4.86,,14.81,-1.99,3576.0,4.38,,
2026-04-09T23:35:12.72,GVT&D,3911.3,,,,3525.65,4071.75,2.35,86.08,89.31,53.96,industrials,electric equipment,19.68,7.74,,0.18,0.57,,,,2026-04-09,,,,,1.6,0.18,0.51,5.24,6.87,,,,,,,,,,,,,,,,,,,,,,,2.0,3724.3,-3.61,,5.25,-3.91,4344.0,5.74,,
2026-04-09T23:35:12.72,POWERINDIA,27315.0,,,,24341.61,25788.39,0.79,116.43,135.94,53.8,industrials,electric equipment,23.84,2.97,,0.28,0.31,,,,2026-04-09,,,,,0.05,0.28,0.26,4.44,3.96,,,,,,,,,,,,,,,,,,,,,,,0.62,24910.0,-5.37,,9.71,-3.53,27500.0,8.17,,
2026-04-09T23:35:12.72,TIMKEN,3453.6,,,,3190.94,3488.26,0.79,119.09,57.99,52.98,industrials,bearings,14.57,4.66,,0.02,-0.05,,,,2026-04-09,,,,,-0.45,0.02,-0.08,4.32,4.59,,,,,,,,,,,,,,,,,,,,,,,2.19,3268.0,-6.7,,3.9,-3.55,3470.0,7.35,,
2026-04-01T08:03:51.496,CIEINDIA,445.0,,,,451.54,510.86,,20.68,20.39,58.29,industrials,castings & forgings,29.31,6.57,,0.03,0.03,,,,2026-04-01,,,,,2.23,0.0,-0.02,12.67,4.36,,,,,,,,,,,,,,,,,,,,0.79,-10.44,485.0,4.25,461.6,-3.94,9.89,,,,,,
2026-04-01T08:03:51.496,SUNTV,566.95,,,,572.31,624.39,,17.22,14.15,54.36,media,entertainment / electronic media software,14.65,4.55,,-0.02,-0.02,,,,2026-04-01,,,,,-0.82,-0.07,-0.07,10.23,4.51,,,,,,,,,,,,,,,,,,,,8.52,-5.69,649.35,5.42,567.6,-3.38,8.76,,,,,,
2026-04-01T08:03:51.496,AETHER,1094.5,,,,976.03,1161.07,,56.3,67.27,62.46,chemicals,chemicals,19.48,9.48,,0.34,0.33,,,,2026-04-01,,,,,2.98,0.26,0.25,9.37,4.93,,,,,,,,,,,,,,,,,,,,16.98,-2.53,1250.0,6.31,1005.1,-4.81,6.46,,,,,,
2026-04-01T08:03:51.496,SAILIFE,972.0,,,,1002.68,1025.02,,50.94,61.06,58.22,healthcare,pharmaceuticals - indian - bulk drugs & formln,15.65,1.11,,0.04,0.24,,,,2026-04-01,,,,,-2.15,0.0,0.2,7.13,4.13,,,,,,,,,,,,,,,,,,,,1.57,-5.77,1029.8,3.33,981.15,-3.21,14.06,,,,,,
2026-04-01T08:03:51.496,ADANIENSOL,934.9,,,,971.71,1101.69,,50.81,49.7,58.3,power & utilities,power generation and supply,10.89,6.69,,0.14,0.14,,,,2026-04-01,,,,,2.91,0.11,0.1,6.89,3.82,,,,,,,,,,,,,,,,,,,,0.61,-10.26,1043.8,3.67,1000.0,-3.54,8.49,,,,,,
2026-04-01T08:03:51.496,VOLTAMP,8685.5,,,,8591.65,8858.35,,22.17,24.8,57.64,industrials,electric equipment,23.13,1.55,,0.09,-0.1,,,,2026-04-01,,,,,-1.53,0.05,-0.12,6.68,3.84,,,,,,,,,,,,,,,,,,,,0.06,-5.98,8802.0,3.13,8460.0,-3.12,10.61,,,,,,
2026-04-01T08:03:51.496,STAR,937.75,,,,863.33,950.77,,10.69,16.9,57.8,healthcare,pharmaceuticals - indian - bulk drugs & formln,18.25,5.06,,-0.05,-0.01,,,,2026-04-01,,,,,2.07,-0.1,-0.04,4.19,3.72,,,,,,,,,,,,,,,,,,,,5.05,-1.86,952.85,2.93,881.2,-2.97,4.33,,,,,,
2026-04-01T08:03:51.496,GLENMARK,2131.7,,,,2175.38,2197.22,,37.29,56.48,58.31,healthcare,pharmaceuticals - indian - bulk drugs & formln,14.45,0.5,,-0.05,0.15,,,,2026-04-01,,,,,-1.48,-0.04,0.14,2.35,3.27,,,,,,,,,,,,,,,,,,,,0.21,-4.94,2237.6,2.02,2143.1,0.42,9.01,,,,,,
2026-03-31T23:39:46.796,CIEINDIA,445.0,,,,451.54,510.86,,20.68,20.39,58.29,industrials,castings & forgings,29.31,6.57,,0.03,0.03,,,,2026-03-31,,,,,2.23,0.0,-0.02,12.67,4.36,,,,,,,,,,,,,,,,,,,,0.79,-10.44,485.0,4.25,461.6,-3.94,9.89,,,,,,
2026-03-31T23:39:46.796,SUNTV,566.95,,,,572.31,624.39,,17.22,14.15,54.36,media,entertainment / electronic media software,14.65,4.55,,-0.02,-0.02,,,,2026-03-31,,,,,-0.82,-0.07,-0.07,10.23,4.51,,,,,,,,,,,,,,,,,,,,8.52,-5.69,649.35,5.42,567.6,-3.38,8.76,,,,,,
2026-03-31T23:39:46.796,AETHER,1094.5,,,,976.03,1161.07,,56.3,67.27,62.46,chemicals,chemicals,19.48,9.48,,0.34,0.33,,,,2026-03-31,,,,,2.98,0.26,0.25,9.37,4.93,,,,,,,,,,,,,,,,,,,,16.98,-2.53,1250.0,6.31,1005.1,-4.81,6.46,,,,,,
2026-03-31T23:39:46.796,SAILIFE,972.0,,,,1002.68,1025.02,,50.94,61.06,58.22,healthcare,pharmaceuticals - indian - bulk drugs & formln,15.65,1.11,,0.04,0.24,,,,2026-03-31,,,,,-2.15,0.0,0.2,7.13,4.13,,,,,,,,,,,,,,,,,,,,1.57,-5.77,1029.8,3.33,981.15,-3.21,14.06,,,,,,
2026-03-31T23:39:46.796,ADANIENSOL,934.9,,,,971.71,1101.69,,50.81,49.7,58.3,power & utilities,power generation and supply,10.89,6.69,,0.14,0.14,,,,2026-03-31,,,,,2.91,0.11,0.1,6.89,3.82,,,,,,,,,,,,,,,,,,,,0.61,-10.26,1043.8,3.67,1000.0,-3.54,8.49,,,,,,
2026-03-31T23:39:46.796,VOLTAMP,8685.5,,,,8591.65,8858.35,,22.17,24.8,57.64,industrials,electric equipment,23.13,1.55,,0.09,-0.1,,,,2026-03-31,,,,,-1.53,0.05,-0.12,6.68,3.84,,,,,,,,,,,,,,,,,,,,0.06,-5.98,8802.0,3.13,8460.0,-3.12,10.61,,,,,,
2026-03-31T23:39:46.796,STAR,937.75,,,,863.33,950.77,,10.69,16.9,57.8,healthcare,pharmaceuticals - indian - bulk drugs & formln,18.25,5.06,,-0.05,-0.01,,,,2026-03-31,,,,,2.07,-0.1,-0.04,4.19,3.72,,,,,,,,,,,,,,,,,,,,5.05,-1.86,952.85,2.93,881.2,-2.97,4.33,,,,,,
2026-03-31T23:39:46.796,GLENMARK,2131.7,,,,2175.38,2197.22,,37.29,56.48,58.31,healthcare,pharmaceuticals - indian - bulk drugs & formln,14.45,0.5,,-0.05,0.15,,,,2026-03-31,,,,,-1.48,-0.04,0.14,2.35,3.27,,,,,,,,,,,,,,,,,,,,0.21,-4.94,2237.6,2.02,2143.1,0.42,9.01,,,,,,
2026-03-30T23:38:18.343,CIEINDIA,445.0,,,,451.54,510.86,,20.68,20.47,58.29,industrials,castings & forgings,29.31,6.57,,0.03,0.03,,,,2026-03-30,,,,,2.23,0.0,-0.02,12.67,4.36,,,,,,,,,,,,,,,,,,,,0.79,-10.44,485.0,4.25,461.6,-3.94,9.89,,,,,,
2026-03-30T23:38:18.343,SUNTV,566.95,,,,572.31,624.39,,17.22,14.62,54.36,media,entertainment / electronic media software,14.65,4.55,,-0.02,-0.02,,,,2026-03-30,,,,,-0.82,-0.07,-0.07,10.23,4.51,,,,,,,,,,,,,,,,,,,,8.52,-5.69,649.35,5.42,567.6,-3.38,8.76,,,,,,
2026-03-30T23:38:18.343,AETHER,1094.5,,,,976.03,1161.07,,56.3,71.93,62.46,chemicals,chemicals,19.48,9.48,,0.34,0.33,,,,2026-03-30,,,,,2.98,0.26,0.25,9.37,4.93,,,,,,,,,,,,,,,,,,,,16.98,-2.53,1250.0,6.31,1005.1,-4.81,6.46,,,,,,
2026-03-30T23:38:18.343,SAILIFE,972.0,,,,1002.68,1025.02,,50.94,61.93,58.22,healthcare,pharmaceuticals - indian - bulk drugs & formln,15.65,1.11,,0.04,0.24,,,,2026-03-30,,,,,-2.15,0.0,0.2,7.13,4.13,,,,,,,,,,,,,,,,,,,,1.57,-5.77,1029.8,3.33,981.15,-3.21,14.06,,,,,,
2026-03-30T23:38:18.343,ADANIENSOL,934.9,,,,971.71,1101.69,,50.81,50.82,58.3,power & utilities,power generation and supply,10.89,6.69,,0.14,0.14,,,,2026-03-30,,,,,2.91,0.11,0.1,6.89,3.82,,,,,,,,,,,,,,,,,,,,0.61,-10.26,1043.8,3.67,1000.0,-3.54,8.49,,,,,,
2026-03-30T23:38:18.343,VOLTAMP,8685.5,,,,8591.65,8858.35,,22.17,24.1,57.64,industrials,electric equipment,23.13,1.55,,0.09,-0.1,,,,2026-03-30,,,,,-1.53,0.05,-0.12,6.68,3.84,,,,,,,,,,,,,,,,,,,,0.06,-5.98,8802.0,3.13,8460.0,-3.12,10.61,,,,,,
2026-03-30T23:38:18.343,STAR,937.75,,,,863.33,950.77,,10.69,16.94,57.8,healthcare,pharmaceuticals - indian - bulk drugs & formln,18.25,5.06,,-0.05,-0.01,,,,2026-03-30,,,,,2.07,-0.1,-0.04,4.19,3.72,,,,,,,,,,,,,,,,,,,,5.05,-1.86,952.85,2.93,881.2,-2.97,4.33,,,,,,
2026-03-30T23:38:18.343,GLENMARK,2131.7,,,,2175.38,2197.22,,37.29,57.51,58.31,healthcare,pharmaceuticals - indian - bulk drugs & formln,14.45,0.5,,-0.05,0.15,,,,2026-03-30,,,,,-1.48,-0.04,0.14,2.35,3.27,,,,,,,,,,,,,,,,,,,,0.21,-4.94,2237.6,2.02,2143.1,0.42,9.01,,,,,,
2026-03-29T23:32:26.895,ACUTAAS,2545.0,,,,2168.72,2436.48,,48.24,72.26,62.88,healthcare,pharmaceuticals - indian - bulk drugs,29.74,6.17,,0.44,1.02,,,,2026-03-29,,,,,0.06,0.36,0.9,11.67,4.6,,,,,,,,,,,,,,,,,,,,12.05,-5.44,2580.0,6.11,2170.0,-4.6,10.35,,,,,,
2026-03-29T23:32:26.895,SAKAR,518.4,,,,530.25,560.85,,28.24,45.51,61.49,healthcare,pharmaceuticals - indian - bulk drugs & formln,30.99,2.88,,0.48,0.52,,,,2026-03-29,,,,,-3.17,0.39,0.44,8.22,6.88,,,,,,,,,,,,,,,,,,,,1.64,-7.78,577.95,6.25,513.45,-3.38,21.47,,,,,,
2026-03-29T23:32:26.895,WHEELS,1082.1,,,,892.42,1015.48,,18.33,19.52,63.53,auto,auto ancillaries,20.8,6.89,,0.08,0.15,,,,2026-03-29,,,,,2.96,0.06,0.11,8.03,4.54,,,,,,,,,,,,,,,,,,,,16.25,-0.31,1108.95,3.82,918.85,-3.11,11.21,,,,,,
2026-03-29T23:32:26.895,INDSWFTLAB,138.21,,,,137.07,154.66,,29.53,3.8,59.48,healthcare,pharmaceuticals - indian - bulk drugs & formln,27.75,6.42,,0.28,0.23,,,,2026-03-29,,,,,-0.06,0.19,0.16,7.96,5.8,,,,,,,,,,,,,,,,,,,,3.87,-10.28,151.51,6.48,136.99,-5.06,17.36,,,,,,
2026-03-29T23:32:26.895,NITINSPIN,359.6,,,,362.97,386.43,,11.38,12.14,58.77,textiles,textiles - cotton/blended,33.55,3.23,,0.01,-0.07,,,,2026-03-29,,,,,-3.41,-0.06,-0.12,7.81,4.16,,,,,,,,,,,,,,,,,,,,1.73,-6.59,381.2,6.87,350.6,-5.14,11.01,,,,,,
2026-03-29T23:32:26.895,NATIONALUM,371.0,,,,381.45,408.85,,10.67,11.09,58.14,metals & mining,aluminium and aluminium products,18.92,3.59,,0.71,0.99,,,,2026-03-29,,,,,-2.73,0.57,0.87,6.91,5.03,,,,,,,,,,,,,,,,,,,,0.05,-12.19,396.8,6.5,371.05,-5.23,11.69,,,,,,
2026-03-29T23:32:26.895,VTL,527.2,,,,542.07,565.63,,22.53,18.8,65.31,textiles,textiles - cotton/blended,23.13,2.17,,0.15,0.07,,,,2026-03-29,,,,,-2.58,0.11,0.03,6.1,3.63,,,,,,,,,,,,,,,,,,,,1.06,-8.18,559.9,4.88,528.1,-3.97,13.84,,,,,,
2026-03-29T23:32:26.895,STYLAMIND,2176.0,,,,2199.01,2254.39,,20.03,26.09,56.27,building materials,miscellaneous,19.66,1.26,,0.17,0.33,,,,2026-03-29,,,,,0.27,0.18,0.33,0.98,1.02,,,,,,,,,,,,,,,,,,,,0.01,-2.68,2230.9,0.98,2205.0,-1.24,0.93,,,,,,
2026-03-28T23:31:06.623,ACUTAAS,2545.0,,,,2168.72,2436.48,,48.24,72.26,62.88,healthcare,pharmaceuticals - indian - bulk drugs,29.74,6.17,,0.44,1.02,,,,2026-03-28,,,,,0.06,0.36,0.9,11.67,4.6,,,,,,,,,,,,,,,,,,,,12.05,-5.44,2580.0,6.11,2170.0,-4.6,10.35,,,,,,
2026-03-28T23:31:06.623,SAKAR,518.4,,,,530.25,560.85,,28.24,45.51,61.49,healthcare,pharmaceuticals - indian - bulk drugs & formln,30.99,2.88,,0.48,0.52,,,,2026-03-28,,,,,-3.17,0.39,0.44,8.22,6.88,,,,,,,,,,,,,,,,,,,,1.64,-7.78,577.95,6.25,513.45,-3.38,21.47,,,,,,
2026-03-28T23:31:06.623,WHEELS,1082.1,,,,892.42,1015.48,,18.33,19.52,63.53,auto,auto ancillaries,20.8,6.89,,0.08,0.15,,,,2026-03-28,,,,,2.96,0.06,0.11,8.03,4.54,,,,,,,,,,,,,,,,,,,,16.25,-0.31,1108.95,3.82,918.85,-3.11,11.21,,,,,,
2026-03-28T23:31:06.623,INDSWFTLAB,138.21,,,,137.07,154.66,,29.53,3.8,59.48,healthcare,pharmaceuticals - indian - bulk drugs & formln,27.75,6.42,,0.28,0.23,,,,2026-03-28,,,,,-0.06,0.19,0.16,7.96,5.8,,,,,,,,,,,,,,,,,,,,3.87,-10.28,151.51,6.48,136.99,-5.06,17.36,,,,,,
2026-03-28T23:31:06.623,NITINSPIN,359.6,,,,362.97,386.43,,11.38,12.14,58.77,textiles,textiles - cotton/blended,33.55,3.23,,0.01,-0.07,,,,2026-03-28,,,,,-3.41,-0.06,-0.12,7.81,4.16,,,,,,,,,,,,,,,,,,,,1.73,-6.59,381.2,6.87,350.6,-5.14,11.01,,,,,,
2026-03-28T23:31:06.623,NATIONALUM,371.0,,,,381.45,408.85,,10.67,11.09,58.14,metals & mining,aluminium and aluminium products,18.92,3.59,,0.71,0.99,,,,2026-03-28,,,,,-2.73,0.57,0.87,6.91,5.03,,,,,,,,,,,,,,,,,,,,0.05,-12.19,396.8,6.5,371.05,-5.23,11.69,,,,,,
2026-03-28T23:31:06.623,VTL,527.2,,,,542.07,565.63,,22.53,18.8,65.31,textiles,textiles - cotton/blended,23.13,2.17,,0.15,0.07,,,,2026-03-28,,,,,-2.58,0.11,0.03,6.1,3.63,,,,,,,,,,,,,,,,,,,,1.06,-8.18,559.9,4.88,528.1,-3.97,13.84,,,,,,
2026-03-28T23:31:06.623,STYLAMIND,2176.0,,,,2199.01,2254.39,,20.03,26.09,56.27,building materials,miscellaneous,19.66,1.26,,0.17,0.33,,,,2026-03-28,,,,,0.27,0.18,0.33,0.98,1.02,,,,,,,,,,,,,,,,,,,,0.01,-2.68,2230.9,0.98,2205.0,-1.24,0.93,,,,,,
2026-03-27T22:59:16.457,ACUTAAS,2545.0,,,,2168.72,2436.48,,48.24,71.76,62.88,healthcare,pharmaceuticals - indian - bulk drugs,29.74,6.17,,0.44,1.02,,,,2026-03-27,,,,,0.06,0.36,0.9,11.67,4.6,,,,,,,,,,,,,,,,,,,,12.05,-5.44,2580.0,6.11,2170.0,-4.6,10.35,,,,,,
2026-03-27T22:59:16.457,SAKAR,518.4,,,,530.25,560.85,,28.24,47.1,61.49,healthcare,pharmaceuticals - indian - bulk drugs & formln,30.99,2.88,,0.48,0.52,,,,2026-03-27,,,,,-3.17,0.39,0.44,8.22,6.88,,,,,,,,,,,,,,,,,,,,1.64,-7.78,577.95,6.25,513.45,-3.38,21.47,,,,,,
2026-03-27T22:59:16.457,WHEELS,1082.1,,,,892.42,1015.48,,18.33,19.65,63.53,auto,auto ancillaries,20.8,6.89,,0.08,0.15,,,,2026-03-27,,,,,2.96,0.06,0.11,8.03,4.54,,,,,,,,,,,,,,,,,,,,16.25,-0.31,1108.95,3.82,918.85,-3.11,11.21,,,,,,
2026-03-27T22:59:16.457,INDSWFTLAB,138.21,,,,137.07,154.66,,29.53,3.76,59.48,healthcare,pharmaceuticals - indian - bulk drugs & formln,27.75,6.42,,0.28,0.23,,,,2026-03-27,,,,,-0.06,0.19,0.16,7.96,5.8,,,,,,,,,,,,,,,,,,,,3.87,-10.28,151.51,6.48,136.99,-5.06,17.36,,,,,,
2026-03-27T22:59:16.457,NITINSPIN,359.6,,,,362.97,386.43,,11.38,12.51,58.77,textiles,textiles - cotton/blended,33.55,3.23,,0.01,-0.07,,,,2026-03-27,,,,,-3.41,-0.06,-0.12,7.81,4.16,,,,,,,,,,,,,,,,,,,,1.73,-6.59,381.2,6.87,350.6,-5.14,11.01,,,,,,
2026-03-27T22:59:16.457,NATIONALUM,371.0,,,,381.45,408.85,,10.67,10.98,58.14,metals & mining,aluminium and aluminium products,18.92,3.59,,0.71,0.99,,,,2026-03-27,,,,,-2.73,0.57,0.87,6.91,5.03,,,,,,,,,,,,,,,,,,,,0.05,-12.19,396.8,6.5,371.05,-5.23,11.69,,,,,,
2026-03-27T22:59:16.457,VTL,527.2,,,,542.07,565.63,,22.53,18.67,65.31,textiles,textiles - cotton/blended,23.13,2.17,,0.15,0.07,,,,2026-03-27,,,,,-2.58,0.11,0.03,6.1,3.63,,,,,,,,,,,,,,,,,,,,1.06,-8.18,559.9,4.88,528.1,-3.97,13.84,,,,,,
2026-03-27T22:59:16.457,STYLAMIND,2176.0,,,,2199.01,2254.39,,20.03,26.23,56.27,building materials,miscellaneous,19.66,1.26,,0.17,0.33,,,,2026-03-27,,,,,0.27,0.18,0.33,0.98,1.02,,,,,,,,,,,,,,,,,,,,0.01,-2.68,2230.9,0.98,2205.0,-1.24,0.93,,,,,,
2026-03-26T23:16:22.759,CIEINDIA,450.4,,,,451.54,510.86,0.93,20.93,20.64,47.88,industrials,castings & forgings,29.31,6.57,,0.03,0.03,,,,2026-03-26,,,,,-6.65,0.03,-0.02,12.67,4.36,,,,,,,,,,,,,,,,,,,,,,,4.25,461.6,-8.29,,0.79,-10.44,485.0,9.89,,
2026-03-26T23:16:22.759,SUNTV,609.3,,,,572.31,624.39,0.94,18.51,15.2,41.89,media,entertainment / electronic media software,14.65,4.55,,-0.02,-0.02,,,,2026-03-26,,,,,-6.67,-0.02,-0.07,10.23,4.51,,,,,,,,,,,,,,,,,,,,,,,5.42,567.6,-7.89,,8.52,-3.4,649.35,8.76,,
2026-03-26T23:16:22.759,AETHER,1158.55,,,,976.03,1161.07,1.13,59.6,71.21,57.48,chemicals,chemicals,19.48,9.48,,0.34,0.33,,,,2026-03-26,,,,,1.71,0.34,0.25,9.37,4.93,,,,,,,,,,,,,,,,,,,,,,,6.31,1005.1,-9.74,,16.98,-2.53,1250.0,6.46,,
2026-03-26T23:16:22.759,SAILIFE,1012.35,,,,1002.68,1025.02,0.91,53.06,63.59,52.47,healthcare,pharmaceuticals - indian - bulk drugs & formln,15.65,1.11,,0.04,0.24,,,,2026-03-26,,,,,-6.12,0.04,0.2,7.13,4.13,,,,,,,,,,,,,,,,,,,,,,,3.33,981.15,-7.34,,1.57,-5.02,1029.8,14.06,,
2026-03-26T23:16:22.759,ADANIENSOL,990.4,,,,971.71,1101.69,1.02,53.83,52.65,50.89,power & utilities,power generation and supply,10.89,6.69,,0.14,0.14,,,,2026-03-26,,,,,-0.3,0.14,0.1,6.89,3.82,,,,,,,,,,,,,,,,,,,,,,,3.67,1000.0,-7.36,,0.61,-9.77,1043.8,8.49,,
2026-03-26T23:16:22.759,VOLTAMP,8582.0,,,,8591.65,8858.35,0.53,21.91,24.51,49.72,industrials,electric equipment,23.13,1.55,,0.09,-0.1,,,,2026-03-26,,,,,-5.58,0.09,-0.12,6.68,3.84,,,,,,,,,,,,,,,,,,,,,,,3.13,8460.0,-6.96,,0.06,-5.78,8802.0,10.61,,
2026-03-26T23:16:22.759,STAR,929.2,,,,863.33,950.77,1.1,10.59,16.74,55.0,healthcare,pharmaceuticals - indian - bulk drugs & formln,18.25,5.06,,-0.05,-0.01,,,,2026-03-26,,,,,3.16,-0.05,-0.04,4.19,3.72,,,,,,,,,,,,,,,,,,,,,,,2.93,881.2,-6.69,,3.67,-1.86,940.35,4.33,,
2026-03-26T23:16:22.759,GLENMARK,2168.5,,,,2175.38,2197.22,1.65,37.94,57.46,58.11,healthcare,pharmaceuticals - indian - bulk drugs & formln,14.45,0.5,,-0.05,0.15,,,,2026-03-26,,,,,-0.84,-0.05,0.14,2.35,3.27,,,,,,,,,,,,,,,,,,,,,,,2.02,2143.1,-2.85,,0.21,-4.94,2237.6,9.01,,
2026-03-25T23:30:21.659,CIEINDIA,450.4,,,,451.54,510.86,0.93,20.93,19.99,47.88,industrials,castings & forgings,29.31,6.57,,0.03,0.03,,,,2026-03-25,,,,,-6.65,0.03,-0.02,12.67,4.36,,,,,,,,,,,,,,,,,,,,,,,4.25,461.6,-8.29,,0.79,-10.44,485.0,9.89,,
2026-03-25T23:30:21.659,SUNTV,609.3,,,,572.31,624.39,0.94,18.51,15.38,41.89,media,entertainment / electronic media software,14.65,4.55,,-0.02,-0.02,,,,2026-03-25,,,,,-6.67,-0.02,-0.07,10.23,4.51,,,,,,,,,,,,,,,,,,,,,,,5.42,567.6,-7.89,,8.52,-3.4,649.35,8.76,,
2026-03-25T23:30:21.659,AETHER,1158.55,,,,976.03,1161.07,1.13,59.6,75.27,57.48,chemicals,chemicals,19.48,9.48,,0.34,0.33,,,,2026-03-25,,,,,1.71,0.34,0.25,9.37,4.93,,,,,,,,,,,,,,,,,,,,,,,6.31,1005.1,-9.74,,16.98,-2.53,1250.0,6.46,,
2026-03-25T23:30:21.659,SAILIFE,1012.35,,,,1002.68,1025.02,0.91,53.06,62.76,52.47,healthcare,pharmaceuticals - indian - bulk drugs & formln,15.65,1.11,,0.04,0.24,,,,2026-03-25,,,,,-6.12,0.04,0.2,7.13,4.13,,,,,,,,,,,,,,,,,,,,,,,3.33,981.15,-7.34,,1.57,-5.02,1029.8,14.06,,
2026-03-25T23:30:21.659,ADANIENSOL,990.4,,,,971.71,1101.69,1.02,53.83,51.42,50.89,power & utilities,power generation and supply,10.89,6.69,,0.14,0.14,,,,2026-03-25,,,,,-0.3,0.14,0.1,6.89,3.82,,,,,,,,,,,,,,,,,,,,,,,3.67,1000.0,-7.36,,0.61,-9.77,1043.8,8.49,,
2026-03-25T23:30:21.659,VOLTAMP,8582.0,,,,8591.65,8858.35,0.53,21.91,24.11,49.72,industrials,electric equipment,23.13,1.55,,0.09,-0.1,,,,2026-03-25,,,,,-5.58,0.09,-0.12,6.68,3.84,,,,,,,,,,,,,,,,,,,,,,,3.13,8460.0,-6.96,,0.06,-5.78,8802.0,10.61,,
2026-03-25T23:30:21.659,STAR,929.2,,,,863.33,950.77,1.1,10.59,16.41,55.0,healthcare,pharmaceuticals - indian - bulk drugs & formln,18.25,5.06,,-0.05,-0.01,,,,2026-03-25,,,,,3.16,-0.05,-0.04,4.19,3.72,,,,,,,,,,,,,,,,,,,,,,,2.93,881.2,-6.69,,3.67,-1.86,940.35,4.33,,
2026-03-25T23:30:21.659,GLENMARK,2168.5,,,,2175.38,2197.22,1.65,37.94,55.53,58.11,healthcare,pharmaceuticals - indian - bulk drugs & formln,14.45,0.5,,-0.05,0.15,,,,2026-03-25,,,,,-0.84,-0.05,0.14,2.35,3.27,,,,,,,,,,,,,,,,,,,,,,,2.02,2143.1,-2.85,,0.21,-4.94,2237.6,9.01,,
2026-03-24T23:11:58.812,ACUTAAS,2435.3,,,,2168.72,2436.48,1.75,46.16,64.4,49.18,healthcare,pharmaceuticals - indian - bulk drugs,29.74,6.17,,0.44,1.02,,,,2026-03-24,,,,,-4.93,0.44,0.9,11.67,4.6,,,,,,,,,,,,,,,,,,,,,,,6.11,2170.0,-9.2,,8.44,-5.44,2496.9,10.35,,
2026-03-24T23:11:58.812,SAKAR,510.55,,,,530.25,560.85,1.88,27.81,44.39,55.8,healthcare,pharmaceuticals - indian - bulk drugs & formln,30.99,2.88,,0.48,0.52,,,,2026-03-24,,,,,-2.87,0.48,0.44,8.22,6.88,,,,,,,,,,,,,,,,,,,,,,,6.25,513.45,-10.26,,1.64,-7.78,577.95,21.47,,
2026-03-24T23:11:58.812,WHEELS,1026.2,,,,892.42,1015.48,3.41,17.38,17.73,53.03,auto,auto ancillaries,20.8,6.89,,0.08,0.15,,,,2026-03-24,,,,,0.17,0.08,0.11,8.03,4.54,,,,,,,,,,,,,,,,,,,,,,,3.82,918.85,-7.65,,10.58,-0.31,1054.85,11.21,,
2026-03-24T23:11:58.812,INDSWFTLAB,142.39,,,,137.07,154.66,0.8,30.43,3.68,52.39,healthcare,pharmaceuticals - indian - bulk drugs & formln,27.75,6.42,,0.28,0.23,,,,2026-03-24,,,,,-1.12,0.28,0.16,7.96,5.8,,,,,,,,,,,,,,,,,,,,,,,6.48,136.99,-10.86,,1.5,-8.82,148.9,17.36,,
2026-03-24T23:11:58.812,NITINSPIN,357.6,,,,362.97,386.43,0.2,11.32,11.93,51.19,textiles,textiles - cotton/blended,33.55,3.23,,0.01,-0.07,,,,2026-03-24,,,,,-5.6,0.01,-0.12,7.81,4.16,,,,,,,,,,,,,,,,,,,,,,,6.87,350.6,-9.29,,1.73,-6.59,381.2,11.01,,
2026-03-24T23:11:58.812,NATIONALUM,354.65,,,,381.45,408.85,1.09,10.2,10.46,56.84,metals & mining,aluminium and aluminium products,18.92,3.59,,0.71,0.99,,,,2026-03-24,,,,,1.84,0.71,0.87,6.91,5.03,,,,,,,,,,,,,,,,,,,,,,,6.5,371.05,-10.26,,0.05,-12.19,396.8,11.69,,
2026-03-24T23:11:58.812,VTL,534.6,,,,542.07,565.63,2.95,22.85,19.21,59.89,textiles,textiles - cotton/blended,23.13,2.17,,0.15,0.07,,,,2026-03-24,,,,,-3.13,0.15,0.03,6.1,3.63,,,,,,,,,,,,,,,,,,,,,,,4.88,528.1,-7.6,,1.06,-5.56,559.9,13.84,,
2026-03-24T23:11:58.812,STYLAMIND,2188.2,,,,2199.01,2254.39,0.73,20.14,26.4,49.25,building materials,miscellaneous,19.66,1.26,,0.17,0.33,,,,2026-03-24,,,,,0.23,0.17,0.33,0.98,1.02,,,,,,,,,,,,,,,,,,,,,,,0.98,2205.0,-2.26,,0.01,-2.14,2230.9,0.93,,
2026-03-16T17:29:38.829,CREATIVEYE,6.77,1.8,,,6.21,7.89,0.83,-0.92,-2.76,50.49,media,entertainment / electronic media software,41.97,22.9,,-0.2,-0.32,,,,2026-03-16,,5.75,,45.9,6.08,-0.24,-0.33,5.45,11.86,,10.19,7.89,,22.9,22.9,-0.05,0.8,,,,,,,,,43.59,,,,,,,6.42,,,,,,,,7.89
2026-03-16T17:29:38.829,SIGMA,40.5,-2.95,,,35.76,49.98,0.56,1.56,1.69,43.88,i.t,computers - software - medium / small,26.86,8.44,,-0.21,0.05,,,,2026-03-16,,35.36,,40.08,15.19,-0.2,0.08,5.44,8.61,,8.66,41.65,,8.44,8.44,-7.86,3.49,,,,,,,,,59.93,,,,,,,38.41,,,,,,,,41.65
2026-03-16T17:29:38.829,UNITEDPOLY,24.9,-4.08,,,23.35,27.99,1.26,29.64,10.38,46.27,textiles,textiles - products,18.99,8.43,,-0.39,0.17,,,,2026-03-16,,22.47,,42.26,14.27,-0.36,0.22,0.0,6.52,,6.02,27.0,,8.43,8.43,-1.93,1.62,,,,,,,,,0.0,,,,,,,24.9,,,,,,,,27.0
2026-03-16T17:29:38.829,RAMKY,475.1,-0.96,,,442.05,541.2,1.97,10.46,14.85,51.77,realty,construction,17.11,13.6,,-0.24,-0.18,,,,2026-03-16,,436.91,,39.69,2.28,-0.25,-0.17,6.43,6.6,,5.04,516.9,,14.36,14.36,-6.05,31.35,,,,,,,,,64.11,,,,,,,455.0,,,,,,,,516.9
2026-03-16T17:29:38.829,CGCL,171.57,0.87,,,156.61,201.49,1.14,16.13,18.27,53.64,financials,finance & investments,20.3,2.98,,-0.16,-0.01,,,,2026-03-16,,161.76,,45.55,6.21,-0.18,-0.01,4.94,4.07,,3.76,173.0,,4.85,4.85,-1.27,6.99,,,,,,,,,51.1,,,,,,,168.0,,,,,,,,173.0
2026-03-16T17:29:38.829,DCMSHRIRAM,1051.0,3.22,,,951.97,1249.06,2.84,16.53,22.74,47.68,miscellaneous,diversified - mega,36.73,6.22,,-0.21,-0.18,,,,2026-03-16,,991.21,,40.08,3.36,-0.24,-0.2,8.56,4.09,,3.69,1059.9,,7.06,7.06,-64.88,42.98,,,,,,,,,123.78,,,,,,,997.8,,,,,,,,1059.9
2026-03-16T17:29:38.829,ESABINDIA,5525.0,2.62,,,5222.25,6130.5,1.38,49.44,39.35,53.11,industrials,electrodes - welding equipment,11.92,5.83,,-0.0,0.04,,,,2026-03-16,,5275.35,,50.94,-0.71,-0.03,0.01,6.21,3.21,,2.59,5550.0,,6.69,6.69,-68.06,177.13,,,,,,,,,158.36,,,,,,,5244.5,,,,,,,,5550.0
2026-03-16T17:29:38.829,MAFANG,160.89,-0.88,,,158.14,166.38,0.74,NaN,0.0,53.87,indices,indices,16.95,1.44,,-0.11,0.08,,,,2026-03-16,,157.74,,49.14,3.78,-0.11,0.09,1.06,1.42,,0.5,161.49,,1.44,1.44,-0.35,2.28,,,,,,,,,74.11,,,,,,,159.2,,,,,,,,161.49
2026-03-13T11:43:02.953,SCHNEIDER,896.5,-1.21,,,904.35,880.8,0.05,55.2,88.53,58.57,industrials,electric equipment,36.7,3.16,,-0.07,0.04,,,,2026-03-13,,835.87,,61.22,-3.2,-0.05,0.06,2.22,4.58,,5.15,907.8,,3.51,3.51,129.52,41.03,,,,,,,,,40.22,,,,,,,880.0,,,,,,,,907.8
2026-03-13T11:43:02.953,OIL,482.85,0.74,,,467.63,513.29,0.19,16.42,13.37,54.17,energy,oil drilling / allied services,22.61,1.69,,0.13,0.07,,,,2026-03-13,,456.31,,59.38,2.14,0.1,0.07,3.63,3.7,,3.61,483.05,,1.69,1.69,17.43,17.87,,,,,,,,,43.92,,,,,,,475.0,,,,,,,,483.05
2026-03-13T11:43:02.953,SIEMENS,3291.4,-1.0,,,3248.37,3377.47,0.45,105.49,66.92,54.32,industrials,electric equipment,13.97,3.35,,-0.08,-0.04,,,,2026-03-13,,3124.92,,55.51,-0.85,-0.05,-0.03,2.23,3.55,,3.5,3361.9,,4.42,4.42,156.61,116.76,,,,,,,,,32.89,,,,,,,3253.0,,,,,,,,3361.9
2026-03-13T11:43:02.953,POWERINDIA,24430.0,-1.81,,,25621.1,22047.8,0.3,104.13,130.51,57.37,industrials,electric equipment,39.12,3.69,,0.12,0.22,,,,2026-03-13,,23079.36,,64.08,-5.28,0.14,0.25,0.62,3.96,,3.45,25175.0,,3.69,3.69,3416.88,968.61,,,,,,,,,15.49,,,,,,,24280.0,,,,,,,,25175.0
2026-03-13T11:43:02.953,GODIGIT,334.85,-2.8,,,329.92,344.72,0.16,55.07,62.3,52.12,financials,finance & investments,22.76,2.92,,-0.13,-0.05,,,,2026-03-13,,318.46,,48.41,0.23,-0.12,-0.02,1.47,3.53,,3.39,344.0,,4.24,4.24,4.5,11.83,,,,,,,,,5.07,,,,,,,334.25,,,,,,,,344.0
2026-03-13T11:43:02.953,INOXINDIA,1170.9,-2.14,,,1148.72,1215.27,0.22,43.76,43.76,53.67,industrials,packaging,19.54,2.44,,-0.12,-0.09,,,,2026-03-13,,1115.15,,53.52,2.21,-0.07,-0.07,0.5,3.49,,3.38,1194.4,,2.51,2.51,32.84,40.91,,,,,,,,,11.98,,,,,,,1166.0,,,,,,,,1194.4
2026-03-13T11:43:02.953,CGPOWER,724.1,-1.79,,,714.52,743.25,0.71,100.01,102.83,58.07,industrials,electric equipment,25.05,4.51,,-0.16,0.03,,,,2026-03-13,,687.39,,58.07,-1.69,-0.14,0.05,3.21,3.73,,3.08,749.0,,6.76,6.76,69.92,27.0,,,,,,,,,27.41,,,,,,,716.7,,,,,,,,749.0
2026-03-13T11:43:02.953,POWERGRID,304.95,0.45,,,298.4,318.05,0.47,16.94,18.18,62.17,power & utilities,power generation and supply,17.27,2.42,,-0.02,-0.01,,,,2026-03-13,,294.01,,64.29,-1.4,-0.04,-0.01,3.34,2.52,,2.49,309.5,,4.88,4.88,24.11,7.69,,,,,,,,,35.78,,,,,,,302.2,,,,,,,,309.5
2026-03-12T23:34:54.072,LINDEINDIA,7189.5,6.1,,,6725.08,8118.34,2.77,79.28,97.96,69.06,chemicals,chemicals,34.15,6.91,,0.03,0.04,,,,2026-03-12,6606.0,6846.06,7224.5,68.85,-1.82,-0.04,-0.02,8.83,3.68,8.44,3.68,,,,,,,,,,,,,,,,,,,,,,,,,,,,,,
2026-03-12T23:34:54.072,CHENNPETRO,943.8,4.09,,,933.45,964.5,2.25,3.51,6.28,54.04,energy,refineries,21.58,1.11,,0.18,0.34,,,,2026-03-12,869.35,871.04,960.0,57.56,-3.68,0.12,0.29,8.56,6.29,8.56,5.17,,,,,,,,,,,,,,,,,,,,,,,,,,,,,,
2026-03-12T23:34:54.072,JSWENERGY,518.3,6.21,,,479.83,595.24,6.34,53.77,37.39,63.92,power & utilities,power generation and supply,11.71,8.02,,-0.09,-0.04,,,,2026-03-12,478.95,493.34,528.0,55.44,1.29,-0.14,-0.1,8.22,3.75,7.09,3.21,,,,,,,,,,,,,,,,,,,,,,,,,,,,,,
2026-03-12T23:34:54.072,JINDALSTEL,1225.0,3.2,,,1190.08,1294.83,1.25,163.77,60.78,57.8,metals & mining,steel - large,26.96,2.93,,0.09,0.26,,,,2026-03-12,1150.5,1172.47,1232.1,64.06,-1.79,0.04,0.22,6.48,3.19,5.4,2.72,,,,,,,,,,,,,,,,,,,,,,,,,,,,,,
2026-03-12T23:34:54.072,PFC,415.9,2.21,,,401.91,443.89,0.97,5.45,5.32,55.21,financials,finance - term-lending institutions,24.21,3.48,,-0.03,-0.06,,,,2026-03-12,396.45,394.33,421.35,57.2,0.16,-0.07,-0.08,4.91,3.99,4.5,3.19,,,,,,,,,,,,,,,,,,,,,,,,,,,,,,
2026-03-12T23:34:54.072,CARERATING,1631.2,1.45,,,1572.87,1747.87,0.8,34.1,29.94,53.34,financials,miscellaneous,15.08,3.71,,-0.07,-0.12,,,,2026-03-12,1562.0,1548.79,1647.7,54.52,1.29,-0.11,-0.13,4.43,3.44,4.43,3.3,,,,,,,,,,,,,,,,,,,,,,,,,,,,,,
2026-03-12T23:34:54.072,RUBICON,799.15,2.25,,,763.44,870.57,0.88,44.8,59.61,63.08,healthcare,pharmaceuticals - indian - formulations,21.34,4.68,,NaN,NaN,,,,2026-03-12,768.95,755.64,820.4,67.02,1.08,NaN,NaN,3.93,3.89,3.93,3.54,,,,,,,,,,,,,,,,,,,,,,,,,,,,,,
2026-03-12T23:34:54.072,SIEMENS,3324.7,1.6,,,3247.79,3478.51,0.97,106.56,65.87,56.8,industrials,electric equipment,14.3,2.37,,-0.04,-0.01,,,,2026-03-12,3219.6,3158.03,3349.6,56.68,0.38,-0.06,-0.03,3.26,3.55,3.26,3.41,,,,,,,,,,,,,,,,,,,,,,,,,,,,,,
2026-03-11T23:31:28.831,LINCOLN,621.85,-1.23,,,638.44,588.67,0.43,10.89,14.35,62.68,healthcare,pharmaceuticals - indian - formulations,57.63,4.19,,0.03,0.07,,,,2026-03-11,,583.19,,63.09,-4.38,0.03,0.08,2.79,4.11,,5.6,646.7,,4.78,4.78,90.43,25.53,,,,,,,,,4.5,,,,,,,620.7,,,,,,,,646.7
2026-03-11T23:31:28.831,FINCABLES,887.85,-4.43,,,910.09,843.37,1.34,20.69,20.87,55.46,industrials,cables - power,40.59,6.68,,-0.03,-0.11,,,,2026-03-11,,829.03,,56.94,3.6,0.01,-0.06,0.4,5.79,,4.75,943.4,,6.68,6.68,91.07,51.41,,,,,,,,,6.91,,,,,,,884.3,,,,,,,,943.4
2026-03-11T23:31:28.831,LGBBROSLTD,1913.6,-1.06,,,1837.36,2066.07,1.0,17.25,18.52,53.36,auto,bearings,14.75,4.8,,0.31,0.46,,,,2026-03-11,,1781.47,,60.74,-3.89,0.32,0.48,11.84,4.95,,4.66,1973.5,,10.41,10.41,77.7,94.75,,,,,,,,,32.19,,,,,,,1883.1,,,,,,,,1973.5
2026-03-11T23:31:28.831,HAPPYFORGE,1290.6,-1.56,,,1302.33,1267.15,0.6,38.55,43.26,56.25,industrials,castings & forgings,33.68,4.99,,0.31,0.29,,,,2026-03-11,,1210.89,,65.46,-7.67,0.32,0.31,8.45,4.6,,4.53,1345.0,,10.26,10.26,115.58,59.42,,,,,,,,,15.99,,,,,,,1281.1,,,,,,,,1345.0
2026-03-11T23:31:28.831,CIEINDIA,471.05,1.88,,,468.38,476.39,0.6,21.89,21.19,55.89,industrials,castings & forgings,38.85,2.92,,0.08,0.02,,,,2026-03-11,,443.24,,63.92,-4.83,0.05,0.0,6.81,4.26,,4.25,476.1,,5.66,5.66,34.77,20.08,,,,,,,,,42.08,,,,,,,462.6,,,,,,,,476.1
2026-03-11T23:31:28.831,SIEMENS,3272.2,-0.08,,,3247.98,3320.63,0.79,104.88,65.92,53.7,industrials,electric equipment,14.81,2.63,,-0.05,-0.01,,,,2026-03-11,,3107.24,,54.8,-0.21,-0.05,-0.0,4.54,3.55,,3.3,3348.4,,3.14,3.14,147.87,116.13,,,,,,,,,8.27,,,,,,,3262.6,,,,,,,,3348.4
2026-03-11T23:31:28.831,GODIGIT,334.25,0.32,,,329.45,343.86,0.22,54.98,60.25,53.1,financials,finance & investments,21.11,1.72,,-0.14,-0.11,,,,2026-03-11,,318.32,,48.1,0.19,-0.15,-0.11,5.06,3.4,,3.23,337.65,,2.18,2.18,3.71,11.37,,,,,,,,,20.23,,,,,,,331.95,,,,,,,,337.65
2026-03-11T23:31:28.831,POWERGRID,298.8,0.05,,,299.37,297.66,0.8,16.6,17.88,57.0,power & utilities,power generation and supply,19.31,1.63,,-0.04,-0.04,,,,2026-03-11,,288.09,,61.42,-2.46,-0.04,-0.03,4.66,2.49,,2.37,302.9,,3.11,3.11,19.64,7.43,,,,,,,,,10.09,,,,,,,298.05,,,,,,,,302.9
