Timestamp,Symbol,High,Lod price,Cmp,%ch,Initial_atr1.5sl,Sl,Target,Forward pe,Pe,Sector,Industry,%ch y_low,Srs,Ars,Srs y,Ars y,%ch_high,%ch 2 low,%ch sl,Atr%,%ch_3low,E_s50,Avg_true_range,Adr%,Brackets12,Ma_x,Rvol,M_cap,Va,Va_ma,Atr% x,Lod dist,Free float,Grand_total_number2,Scan_Date,%ch5,Lch5,5d_high,R_vol,Rsi,Adx,Lc,Low,%ch sl atr,Column26,Low3,0d_high,W rsi,%ch_2low,Adr p - adr%,%ch7,Lch7,7d_high,Bollinger bandwidth,Column27,Change,Low 2%,Low5,Rs,Is,Tps,Rs score,Max2
2026-08-15T12:09:18.508,MTARTECH,7268.0,7020.0,7056.0,-2.46,6529.43,6423.15,8321.7,108.02,162.62,aerospace & defence,engineering,18.57,0.83,1.69,0.86,1.77,3.53,3.53,3.53,4.58,4.8,173.79,322.87,3.61,3.61,0.54,6.61,21703.97,-3.93,-5.0,0.55,11.15,2.1729927e7,3.0759591e7,2026-08-15,,,,,,,,,,,,,,,,,,,,,,,,,,,,
2026-08-15T12:09:18.508,FORCEMOT,18666.0,18318.0,18361.0,-0.89,17445.0,18050.34,18982.32,27.93,19.33,auto,automobiles - lcvs / hcvs,3.25,-0.29,-0.0,-0.32,0.01,1.9,1.9,1.9,3.29,0.24,210.5,604.33,3.13,3.13,0.35,45.87,24192.93,-3.04,-4.32,0.35,7.12,5.055915e6,1.3176262e7,2026-08-15,,,,,,,,,,,,,,,,,,,,,,,,,,,,
2026-08-15T12:09:18.508,MCX,2977.4,2911.5,2911.5,-1.97,2772.65,2688.87,3356.76,44.9,18.86,financials,miscellaneous,11.76,0.1,0.4,0.14,0.43,2.26,2.26,2.26,3.23,1.09,114.26,93.9,3.01,3.01,1.22,52.74,74240.88,-2.64,-5.63,1.27,0.0,2.54991845e8,2.54991845e8,2026-08-15,,,,,,,,,,,,,,,,,,,,,,,,,,,,
2026-08-15T12:09:18.508,POWERINDIA,36230.0,35280.0,35700.0,0.96,33822.47,33008.47,41083.07,135.25,138.32,industrials,electric equipment,9.96,0.45,0.56,0.42,0.55,3.13,3.13,2.69,3.53,2.79,2154.4,1259.48,3.11,3.11,1.71,72.18,159123.34,-2.48,-2.75,1.82,33.35,1.2786107e7,4.4572363e7,2026-08-15,,,,,,,,,,,,,,,,,,,,,,,,,,,,
2026-08-15T12:09:18.508,NAVINFLUOR,8345.5,8213.0,8235.0,-0.71,7853.7,7958.86,8787.29,43.39,53.41,chemicals,chemicals,5.71,0.15,0.39,0.18,0.4,1.61,1.61,1.61,3.27,1.35,617.55,269.62,3.2,3.2,2.29,32.24,42238.27,1.11,0.96,2.48,8.16,3.7399435e7,5.1291159e7,2026-08-15,,,,,,,,,,,,,,,,,,,,,,,,,,,,
2026-08-15T12:09:18.508,FINCABLES,1283.95,1231.65,1246.85,-0.2,1172.84,1066.83,1606.9,19.15,23.84,industrials,cables - power,24.4,0.4,0.61,0.4,0.61,4.25,4.25,4.25,4.9,1.23,176.76,61.05,4.08,4.08,2.9,130.46,19069.24,1.89,-2.15,3.37,24.9,9.8098175e7,1.52939345e8,2026-08-15,,,,,,,,,,,,,,,,,,,,,,,,,,,,
2026-08-15T12:09:18.508,BELRISE,261.0,251.17,255.35,0.37,243.28,245.8,274.45,41.72,41.79,auto,auto ancillaries,4.27,0.25,0.47,0.21,0.47,4.15,4.15,3.91,3.4,1.9,18.98,8.68,3.1,3.1,2.19,100.17,24696.22,2.45,1.07,2.36,48.16,2.98495928e8,8.89879192e8,2026-08-15,,,,,,,,,,,,,,,,,,,,,,,,,,,,
2026-08-15T12:09:18.508,JSWINFRA,341.35,336.05,339.15,-0.64,322.94,326.28,364.9,51.39,47.63,transportation,miscellaneous,5.33,0.19,0.21,0.19,0.22,1.58,1.58,1.58,3.11,0.92,18.1,10.56,3.17,3.17,1.71,43.86,79022.0,3.16,3.13,1.81,29.35,6.07333491e8,2.330001567e9,2026-08-15,,,,,,,,,,,,,,,,,,,,,,,,,,,,
2026-08-15T12:09:18.508,PARAS,1400.0,1339.6,1377.5,2.63,1292.54,1262.68,1607.14,130.94,117.53,aerospace & defence,engineering,3.27,0.95,0.86,0.86,0.81,9.37,9.37,4.51,4.0,9.02,147.54,55.11,4.11,4.11,2.68,78.77,11100.9,4.9,4.86,3.0,68.78,3.7718746e7,8.058733e7,2026-08-15,,,,,,,,,,,,,,,,,,,,,,,,,,,,
2026-08-14T23:34:01.215,MTARTECH,7268.0,7020.0,7056.0,-2.46,6529.43,6423.15,8321.7,108.02,166.72,aerospace & defence,engineering,18.57,0.83,1.69,0.86,1.77,3.53,3.53,3.53,4.58,4.8,173.79,322.87,3.61,3.61,0.54,6.61,22251.49,-3.93,-5.0,0.55,11.15,2.1729927e7,3.0759591e7,2026-08-14,,,,,,,,,,,,,,,,,,,,,,,,,,,,
2026-08-14T23:34:01.215,FORCEMOT,18666.0,18318.0,18361.0,-0.89,17445.0,18050.34,18982.32,27.93,19.5,auto,automobiles - lcvs / hcvs,3.25,-0.29,-0.0,-0.32,0.01,1.9,1.9,1.9,3.29,0.24,210.5,604.33,3.13,3.13,0.35,45.87,24409.03,-3.04,-4.32,0.35,7.12,5.055915e6,1.3176262e7,2026-08-14,,,,,,,,,,,,,,,,,,,,,,,,,,,,
2026-08-14T23:34:01.215,MCX,2977.4,2911.5,2911.5,-1.97,2772.65,2688.87,3356.76,44.9,19.24,financials,miscellaneous,11.76,0.1,0.4,0.14,0.43,2.26,2.26,2.26,3.23,1.09,114.26,93.9,3.01,3.01,1.22,52.74,75732.58,-2.64,-5.63,1.27,0.0,2.54991845e8,2.54991845e8,2026-08-14,,,,,,,,,,,,,,,,,,,,,,,,,,,,
2026-08-14T23:34:01.215,POWERINDIA,36230.0,35280.0,35700.0,0.96,33822.47,33008.47,41083.07,135.25,137.01,industrials,electric equipment,9.96,0.45,0.56,0.42,0.55,3.13,3.13,2.69,3.53,2.79,2154.4,1259.48,3.11,3.11,1.71,72.18,157607.88,-2.48,-2.75,1.82,33.35,1.2786107e7,4.4572363e7,2026-08-14,,,,,,,,,,,,,,,,,,,,,,,,,,,,
2026-08-14T23:34:01.215,NAVINFLUOR,8345.5,8213.0,8235.0,-0.71,7853.7,7958.86,8787.29,43.39,53.79,chemicals,chemicals,5.71,0.15,0.39,0.18,0.4,1.61,1.61,1.61,3.27,1.35,617.55,269.62,3.2,3.2,2.29,32.24,42540.89,1.11,0.96,2.48,8.16,3.7399435e7,5.1291159e7,2026-08-14,,,,,,,,,,,,,,,,,,,,,,,,,,,,
2026-08-14T23:34:01.215,FINCABLES,1283.95,1231.65,1246.85,-0.2,1172.84,1066.83,1606.9,19.15,23.88,industrials,cables - power,24.4,0.4,0.61,0.4,0.61,4.25,4.25,4.25,4.9,1.23,176.76,61.05,4.08,4.08,2.9,130.46,19106.71,1.89,-2.15,3.37,24.9,9.8098175e7,1.52939345e8,2026-08-14,,,,,,,,,,,,,,,,,,,,,,,,,,,,
2026-08-14T23:34:01.215,BELRISE,261.0,251.17,255.35,0.37,243.28,245.8,274.45,41.72,41.64,auto,auto ancillaries,4.27,0.25,0.47,0.21,0.47,4.15,4.15,3.91,3.4,1.9,18.98,8.68,3.1,3.1,2.19,100.17,24606.28,2.45,1.07,2.36,48.16,2.98495928e8,8.89879192e8,2026-08-14,,,,,,,,,,,,,,,,,,,,,,,,,,,,
2026-08-14T23:34:01.215,JSWINFRA,341.35,336.05,339.15,-0.64,322.94,326.28,364.9,51.39,47.94,transportation,miscellaneous,5.33,0.19,0.21,0.19,0.22,1.58,1.58,1.58,3.11,0.92,18.1,10.56,3.17,3.17,1.71,43.86,79534.6,3.16,3.13,1.81,29.35,6.07333491e8,2.330001567e9,2026-08-14,,,,,,,,,,,,,,,,,,,,,,,,,,,,
2026-08-14T23:34:01.215,PARAS,1400.0,1339.6,1377.5,2.63,1292.54,1262.68,1607.14,130.94,114.52,aerospace & defence,engineering,3.27,0.95,0.86,0.86,0.81,9.37,9.37,4.51,4.0,9.02,147.54,55.11,4.11,4.11,2.68,78.77,10816.43,4.9,4.86,3.0,68.78,3.7718746e7,8.058733e7,2026-08-14,,,,,,,,,,,,,,,,,,,,,,,,,,,,
2026-08-13T23:07:49.837,GHCLTEXTIL,,,121.26,,,114.91,125.09,7.36,11.84,textiles,textiles - spinning - synthetic / blended,-1.12,0.37,0.51,0.37,0.44,,,4.43,4.75,6.62,,,,,,,,,,,,,,2026-08-13,2.75,-4.74,123.3,1.85,57.18,34.43,4.39,114.95,-9.03,15.02,,,,,,,,,,,,,,,,,,
2026-08-13T23:07:49.837,STOVEKRAFT,,,775.4,,,755.95,844.45,37.64,53.97,consumer discretionary,domestic appliances,-1.16,0.36,0.25,0.36,0.19,,,5.85,5.63,6.62,,,,,,,,,,,,,,2026-08-13,4.6,-3.94,849.8,12.64,49.35,33.52,5.29,760.0,-7.5,5.68,,,,,,,,,,,,,,,,,,
2026-08-13T23:07:49.837,PLASTIBLEN,,,196.03,,,188.03,206.95,9.19,14.49,chemicals,chemicals,-1.13,0.17,0.13,0.17,0.09,,,5.03,3.75,5.26,,,,,,,,,,,,,,2026-08-13,5.9,-1.66,209.14,3.89,51.84,25.59,4.65,188.72,-6.31,9.47,,,,,,,,,,,,,,,,,,
2026-08-13T23:07:49.837,AUBANK,,,1098.0,,,1016.21,1158.99,25.82,28.02,bank,banks - private sector,2.87,0.02,0.14,0.02,0.11,,,7.03,2.8,5.06,,,,,,,,,,,,,,2026-08-13,1.24,-3.61,1105.9,2.39,57.34,20.23,4.01,1045.7,-5.51,4.71,,,,,,,,,,,,,,,,,,
2026-08-13T23:07:49.837,AARTIIND,,,538.2,,,478.74,523.66,31.51,34.52,chemicals,chemicals,0.25,0.04,0.25,0.04,0.22,,,4.69,3.1,4.3,,,,,,,,,,,,,,2026-08-13,8.08,-1.03,541.7,1.85,49.49,15.21,3.68,483.4,-6.23,4.91,,,,,,,,,,,,,,,,,,
2026-08-13T23:07:49.837,KAMDHENU,,,33.44,,,34.82,35.28,8.2,11.47,metals & mining,steel - medium / small,-2.86,0.48,0.27,0.48,0.25,,,0.66,4.68,3.7,,,,,,,,,,,,,,2026-08-13,2.43,-5.14,35.9,0.18,59.1,36.76,2.64,34.15,-7.8,14.48,,,,,,,,,,,,,,,,,,
2026-08-13T23:07:49.837,GUFICBIO,,,430.25,,,380.09,428.61,49.34,67.36,healthcare,pharmaceuticals - indian - bulk drugs & formln,3.09,0.19,0.14,0.19,0.11,,,6.38,3.14,3.67,,,,,,,,,,,,,,2026-08-13,9.31,0.07,442.0,0.34,58.98,27.83,2.59,394.15,-6.3,6.24,,,,,,,,,,,,,,,,,,
2026-08-13T23:07:49.837,SIS,,,434.8,,,424.03,447.77,15.12,42.19,miscellaneous,miscellaneous,-0.77,0.16,0.3,0.16,0.29,,,2.8,2.13,3.15,,,,,,,,,,,,,,2026-08-13,1.38,-2.87,444.1,0.77,50.93,27.51,1.45,429.65,-3.72,2.91,,,,,,,,,,,,,,,,,,
2026-08-13T23:07:49.837,CIPLA,,,1458.8,,,1432.87,1521.13,37.33,35.05,healthcare,pharmaceuticals - indian - bulk drugs & formln,1.84,0.03,-0.07,0.03,-0.08,,,3.08,1.99,2.32,,,,,,,,,,,,,,2026-08-13,0.45,-1.42,1488.1,0.89,56.84,20.28,1.1,1461.0,-3.41,3.62,,,,,,,,,,,,,,,,,,
2026-08-12T23:08:07.854,SCI,300.95,293.35,298.8,1.65,283.41,289.14,318.12,5.62,8.46,transportation,shipping,2.56,0.03,0.24,0.01,0.22,3.29,3.29,2.59,3.32,2.56,3.74,9.92,3.3,3.3,0.38,49.17,13692.16,-3.0,-4.41,0.38,54.92,1.68856033e8,4.6579901e8,2026-08-12,,,,,,,,,,,,,,,,,,,,,,,,,,,,
2026-08-12T23:08:07.854,MTARTECH,7199.0,6733.0,7111.5,3.17,6568.27,6039.93,9254.65,108.87,158.86,aerospace & defence,engineering,18.77,0.8,1.78,0.85,1.7,7.26,7.26,6.92,4.83,5.95,210.62,343.39,3.46,3.46,0.61,24.87,21202.59,-2.62,-4.92,0.63,110.22,2.1729927e7,3.0759591e7,2026-08-12,,,,,,,,,,,,,,,,,,,,,,,,,,,,
2026-08-12T23:08:07.854,MCX,2987.9,2880.1,2970.1,2.59,2828.86,2620.91,3668.48,45.81,18.75,financials,miscellaneous,5.8,0.11,0.4,0.09,0.36,8.94,8.94,3.74,3.33,14.09,175.95,98.76,3.07,3.07,1.78,215.51,73820.14,-1.82,-5.6,1.89,91.13,2.54991845e8,2.54991845e8,2026-08-12,,,,,,,,,,,,,,,,,,,,,,,,,,,,
2026-08-12T23:08:07.854,POWERINDIA,35925.0,34730.0,35800.0,2.29,33851.44,31928.96,43542.07,135.63,135.61,industrials,electric equipment,11.88,0.47,0.56,0.42,0.53,3.44,3.44,3.44,3.87,4.6,2241.3,1386.17,3.32,3.32,1.62,110.19,156003.27,-1.5,-2.66,1.72,77.19,1.2786107e7,4.4572363e7,2026-08-12,,,,,,,,,,,,,,,,,,,,,,,,,,,,
2026-08-12T23:08:07.854,SIEMENS,4097.9,3991.7,4019.0,0.2,3854.7,3896.91,4263.19,16.7,43.59,industrials,electric equipment,0.42,0.19,0.17,0.18,0.17,6.31,6.31,2.66,2.85,4.26,341.04,114.48,3.03,3.03,2.98,182.77,142839.93,0.25,-0.81,3.26,23.85,8.9030592e7,3.56120505e8,2026-08-12,,,,,,,,,,,,,,,,,,,,,,,,,,,,
2026-08-12T23:08:07.854,RATNAVEER,216.5,206.01,210.01,1.87,193.93,198.98,232.07,5.07,11.04,metals & mining,steel - medium / small,5.55,0.26,0.36,0.22,0.34,5.91,5.91,5.09,5.5,2.74,27.98,11.55,5.88,5.88,2.42,84.96,1472.53,0.8,-0.55,2.8,34.64,3.8936665e7,7.1426681e7,2026-08-12,,,,,,,,,,,,,,,,,,,,,,,,,,,,
2026-08-12T23:08:07.854,MRPL,180.78,173.22,175.38,-3.18,163.67,167.21,191.72,8.12,10.1,energy,refineries,-3.63,-0.17,0.06,-0.15,0.09,12.15,12.15,4.36,4.75,8.8,13.89,8.33,5.13,5.13,1.67,67.34,31746.57,0.89,0.5,1.81,25.93,2.00091162e8,1.752598777e9,2026-08-12,,,,,,,,,,,,,,,,,,,,,,,,,,,,
2026-08-12T23:08:07.854,AZAD,2495.4,2450.4,2479.5,0.3,2328.47,2386.08,2666.34,112.09,115.03,aerospace & defence,engineering,4.54,0.43,0.47,0.44,0.47,1.84,1.84,1.84,4.04,6.51,216.81,100.21,3.98,3.98,2.16,37.15,15965.25,1.86,1.58,2.37,29.04,2.8517503e7,6.4581743e7,2026-08-12,,,,,,,,,,,,,,,,,,,,,,,,,,,,
2026-08-12T23:08:07.854,JSWINFRA,355.0,339.0,346.6,1.39,329.96,321.73,396.34,52.52,48.01,transportation,miscellaneous,6.63,0.2,0.24,0.17,0.23,4.72,4.72,4.72,3.26,3.31,28.3,11.29,3.3,3.3,2.51,179.02,79651.1,3.55,3.32,2.73,67.3,6.07333491e8,2.330001567e9,2026-08-12,,,,,,,,,,,,,,,,,,,,,,,,,,,,
2026-08-11T09:37:47.119,HINDCOPPER,537.0,527.7,532.6,1.21,507.82,501.7,594.4,36.58,44.83,metals & mining,mining / minerals / metals,6.9,-0.18,0.61,-0.17,0.59,2.87,2.87,1.76,3.48,2.03,28.98,18.53,3.03,3.03,1.56,27.91,50889.64,-3.65,-5.39,1.65,26.45,3.27410647e8,9.6702402e8,2026-08-11,,,,,,,,,,,,,,,,,,,,,,,,,,,,
2026-08-11T09:37:47.119,TDPOWERSYS,1262.4,1235.0,1250.4,1.13,1159.9,1126.8,1497.59,67.66,80.86,industrials,electric equipment,12.17,0.44,0.59,0.44,0.57,3.37,3.37,2.22,4.69,2.91,64.88,58.66,4.87,4.87,1.11,10.11,19316.08,-2.74,-3.09,1.17,26.25,1.14249769e8,1.5622843e8,2026-08-11,,,,,,,,,,,,,,,,,,,,,,,,,,,,
2026-08-11T09:37:47.119,SCI,298.5,295.45,298.0,1.03,282.69,287.07,319.87,5.6,8.49,transportation,shipping,4.74,0.04,0.24,0.22,0.23,1.53,1.53,1.03,3.28,1.36,2.78,9.78,3.23,3.23,0.28,6.99,13738.74,-2.38,-4.42,0.29,26.08,1.68856033e8,4.6579901e8,2026-08-11,,,,,,,,,,,,,,,,,,,,,,,,,,,,
2026-08-11T09:37:47.119,DATAPATTNS,4515.0,4420.7,4428.6,-0.03,4137.68,4350.5,4584.8,281.0,92.56,aerospace & defence,electronics - components,0.72,0.45,0.45,0.49,0.46,3.5,3.5,2.13,3.95,1.53,3.6,174.75,4.71,4.71,0.02,6.22,24799.22,-0.88,-0.9,0.02,4.52,3.2241586e7,5.5983969e7,2026-08-11,,,,,,,,,,,,,,,,,,,,,,,,,,,,
2026-08-11T09:37:47.119,PNBHOUSING,1153.0,1140.0,1141.1,-0.71,1089.88,1080.06,1263.17,13.34,12.93,financials,finance - housing,7.13,0.21,0.25,0.24,0.26,1.35,1.35,1.14,3.16,1.93,84.63,36.01,3.01,3.01,2.35,3.03,29949.6,1.24,-0.44,2.54,3.06,1.87538718e8,2.60589923e8,2026-08-11,,,,,,,,,,,,,,,,,,,,,,,,,,,,
2026-08-11T09:37:47.119,NAVINFLUOR,8340.0,8204.0,8290.5,1.15,7903.15,7737.62,9396.26,43.68,53.16,chemicals,chemicals,8.07,0.16,0.39,0.17,0.37,2.02,2.02,1.66,3.54,1.41,744.51,293.71,3.05,3.05,2.53,12.28,42040.8,1.56,1.01,2.78,29.45,3.7399435e7,5.1291159e7,2026-08-11,,,,,,,,,,,,,,,,,,,,,,,,,,,,
2026-08-11T09:37:47.119,AZAD,2560.0,2491.7,2493.3,-2.21,2339.48,2373.59,2732.72,112.72,118.65,aerospace & defence,engineering,-0.67,0.47,0.49,0.56,0.52,9.97,9.97,2.74,4.22,7.1,238.45,105.16,4.05,4.05,2.27,13.84,16466.41,2.53,1.55,2.51,1.52,2.8517503e7,6.4581743e7,2026-08-11,,,,,,,,,,,,,,,,,,,,,,,,,,,,
2026-08-11T09:37:47.119,APARINDS,16608.0,16388.0,16483.0,0.21,15518.05,14922.52,19603.96,35.41,55.92,industrials,electric equipment,15.1,0.59,0.78,0.59,0.78,1.68,1.68,1.34,3.73,2.38,1765.44,614.03,4.34,4.34,2.88,12.99,66078.58,2.86,1.45,3.22,15.47,1.6969932e7,4.0174235e7,2026-08-11,,,,,,,,,,,,,,,,,,,,,,,,,,,,
2026-08-11T09:37:47.119,UJJIVANSFB,70.4,69.72,69.95,0.27,66.24,70.98,67.89,10.73,14.94,bank,banks - private sector,-1.85,-0.01,0.26,0.02,0.25,1.15,1.15,0.98,3.39,0.5,7.71,2.37,3.95,3.95,3.26,5.53,13570.1,3.99,3.59,3.66,9.71,1.945255791e9,1.945255791e9,2026-08-11,,,,,,,,,,,,,,,,,,,,,,,,,,,,
2026-08-06T15:30:21.084,ROLEXRINGS,,,153.19,5.78,144.14,136.52,186.52,17.33,25.5,auto,auto ancillaries,2.94,0.11,0.43,0.05,0.35,,,12.21,4.49,10.77,,,,,,,,,,,,,,2026-08-06,,,,7.39,62.46,18.11,,,,,138.3,156.0,57.16,8.57,4.63,,,,,,,,,,,,,
2026-08-06T15:30:21.084,FCL,,,41.77,8.07,38.42,38.42,48.46,25.47,11.64,chemicals,chemicals,0.12,0.62,0.61,0.5,0.49,,,8.71,5.16,9.2,,,,,,,,,,,,,,2026-08-06,,,,1.59,58.5,13.42,,,,,38.25,42.51,67.05,8.92,5.58,,,,,,,,,,,,,
2026-08-06T15:30:21.084,GHCLTEXTIL,,,120.16,4.52,112.03,114.92,130.64,7.29,11.42,textiles,textiles - spinning - synthetic / blended,-2.35,0.37,0.51,0.34,0.44,,,4.56,4.74,6.76,,,,,,,,,,,,,,2026-08-06,,,,1.79,65.29,34.43,,,,,112.55,121.0,72.3,6.76,4.87,,,,,,,,,,,,,
2026-08-06T15:30:21.084,BANSALWIRE,,,330.95,3.31,308.84,302.82,387.2,63.16,35.28,metals & mining,steel - medium / small,4.71,0.08,-0.0,0.06,-0.03,,,9.29,4.37,6.07,,,,,,,,,,,,,,2026-08-06,,,,2.49,55.47,12.21,,,,,312.0,341.0,55.62,4.68,4.71,,,,,,,,,,,,,
2026-08-06T15:30:21.084,ROTO,,,69.42,5.17,65.39,65.25,77.76,57.85,55.01,industrials,pumps,0.76,0.07,0.15,0.02,0.09,,,6.39,3.52,5.34,,,,,,,,,,,,,,2026-08-06,,,,0.13,55.36,16.74,,,,,65.9,70.38,56.48,5.34,3.44,,,,,,,,,,,,,
2026-08-06T15:30:21.084,EDELWEISS,,,121.19,2.9,114.61,112.68,138.22,21.64,16.31,financials,finance & investments,2.4,0.02,0.03,0.01,0.0,,,7.56,3.56,5.15,,,,,,,,,,,,,,2026-08-06,,,,2.88,56.36,12.24,,,,,115.25,124.44,54.94,5.15,3.46,,,,,,,,,,,,,
2026-08-06T15:30:21.084,PLASTIBLEN,,,197.0,3.68,185.68,188.0,215.0,9.24,13.47,chemicals,chemicals,-0.48,0.17,0.13,0.14,0.09,,,4.79,3.75,5.0,,,,,,,,,,,,,,2026-08-06,,,,3.8,60.6,25.59,,,,,187.62,205.2,65.39,4.39,4.41,,,,,,,,,,,,,
2026-08-06T15:30:21.084,DCBBANK,,,195.0,3.11,186.03,187.27,210.46,7.36,7.68,bank,banks - private sector,0.59,-0.07,0.04,-0.1,0.01,,,4.13,3.03,3.61,,,,,,,,,,,,,,2026-08-06,,,,2.28,57.7,20.71,,,,,188.2,196.71,62.76,3.61,3.04,,,,,,,,,,,,,
2026-08-06T15:30:21.084,SOUTHBANK,,,47.47,1.17,45.38,46.45,49.52,8.24,8.13,bank,banks - private sector,1.19,0.07,0.22,0.09,0.2,,,2.21,2.36,1.52,,,,,,,,,,,,,,2026-08-06,,,,0.52,56.67,20.44,,,,,46.76,47.76,63.69,1.43,2.91,,,,,,,,,,,,,
2026-08-05T06:33:04.321,MOREPENLAB,,,69.18,20.0,64.31,54.65,98.24,16.79,27.02,healthcare,pharmaceuticals - indian - bulk drugs & formln,4.33,0.78,0.46,0.44,0.22,,,26.58,5.56,23.73,,,,,,,,,,,,,,2026-08-05,,,,5.06,71.27,30.79,,,,,55.91,69.18,72.88,23.73,5.61,,,,,,,,,,,,,
2026-08-05T06:33:04.321,DHAMPURSUG,,,151.38,5.24,143.58,138.04,178.06,40.26,13.89,fmcg,sugar,-0.24,0.21,0.12,0.15,0.07,,,9.66,4.16,19.06,,,,,,,,,,,,,,2026-08-05,,,,6.41,64.44,18.04,,,,,127.15,154.82,60.37,9.33,3.42,,,,,,,,,,,,,
2026-08-05T06:33:04.321,AEROENTER,,,132.67,7.6,122.17,114.85,168.32,15.64,23.36,metals & mining,steel - medium / small,6.14,0.58,0.48,0.46,0.37,,,15.52,5.22,12.05,,,,,,,,,,,,,,2026-08-05,,,,1.28,61.55,15.99,,,,,118.4,133.3,63.96,9.82,5.46,,,,,,,,,,,,,
2026-08-05T06:33:04.321,KRONOX,,,161.83,5.21,151.7,148.85,187.8,18.56,21.61,chemicals,chemicals,2.18,0.21,0.07,0.14,0.02,,,8.72,3.9,7.17,,,,,,,,,,,,,,2026-08-05,,,,3.49,62.38,32.72,,,,,151.0,163.5,63.32,6.96,4.61,,,,,,,,,,,,,
2026-08-05T06:33:04.321,EXICOM,,,165.87,1.17,152.18,155.96,185.69,-10.29,-7.76,industrials,electric equipment,2.04,0.61,0.26,0.54,0.25,,,6.35,4.66,6.18,,,,,,,,,,,,,,2026-08-05,,,,0.15,53.2,18.68,,,,,156.21,168.96,60.11,3.69,5.2,,,,,,,,,,,,,
2026-08-05T06:33:04.321,RICOAUTO,,,145.75,2.59,135.31,135.57,166.11,82.81,38.46,auto,auto ancillaries,6.37,0.15,0.25,0.14,0.22,,,7.51,4.93,4.78,,,,,,,,,,,,,,2026-08-05,,,,1.17,62.12,25.42,,,,,139.1,150.48,61.19,3.04,5.18,,,,,,,,,,,,,
2026-08-05T06:33:04.321,ELGIEQUIP,,,591.2,1.48,565.47,564.0,645.6,36.4,43.37,industrials,compressors / drilling equipment,1.06,0.26,0.13,0.21,0.12,,,4.82,2.71,4.54,,,,,,,,,,,,,,2026-08-05,,,,1.06,54.13,17.4,,,,,565.55,599.0,59.36,3.78,2.82,,,,,,,,,,,,,
2026-08-05T06:33:04.321,GKSL,,,130.55,2.2,124.17,124.68,142.28,40.29,49.26,healthcare,healthcare,1.32,0.15,NaN,0.11,NaN,,,4.71,2.68,3.32,,,,,,,,,,,,,,2026-08-05,,,,1.07,55.76,31.94,,,,,126.36,131.0,59.94,3.0,3.35,,,,,,,,,,,,,
2026-08-05T06:33:04.321,PETRONET,,,285.0,0.05,275.67,273.06,308.88,7.8,10.92,energy,miscellaneous,2.99,-0.1,0.0,-0.07,0.0,,,4.37,2.15,2.91,,,,,,,,,,,,,,2026-08-05,,,,0.53,59.18,9.3,,,,,276.95,285.0,53.79,2.72,2.11,,,,,,,,,,,,,
2026-08-04T23:43:09.325,MOREPENLAB,,,69.18,20.0,64.31,54.65,98.24,61.77,33.32,healthcare,pharmaceuticals - indian - bulk drugs & formln,4.33,0.78,0.46,0.44,0.22,,,26.58,5.56,23.73,,,,,,,,,,,,,,2026-08-04,,,,5.06,71.27,30.79,,,,,55.91,69.18,72.88,23.73,5.61,,,,,,,,,,,,,
2026-08-04T23:43:09.325,DHAMPURSUG,,,151.38,5.24,143.58,138.04,178.06,40.26,13.2,fmcg,sugar,-0.24,0.21,0.12,0.15,0.07,,,9.66,4.16,19.06,,,,,,,,,,,,,,2026-08-04,,,,6.41,64.44,18.04,,,,,127.15,154.82,60.37,9.33,3.42,,,,,,,,,,,,,
2026-08-04T23:43:09.325,AEROENTER,,,132.67,7.6,122.17,114.85,168.32,15.64,21.71,metals & mining,steel - medium / small,6.14,0.58,0.48,0.46,0.37,,,15.52,5.22,12.05,,,,,,,,,,,,,,2026-08-04,,,,1.28,61.55,15.99,,,,,118.4,133.3,63.96,9.82,5.46,,,,,,,,,,,,,
2026-08-04T23:43:09.325,KRONOX,,,161.83,5.21,151.7,148.85,187.8,18.56,20.54,chemicals,chemicals,2.18,0.21,0.07,0.14,0.02,,,8.72,3.9,7.17,,,,,,,,,,,,,,2026-08-04,,,,3.49,62.38,32.72,,,,,151.0,163.5,63.32,6.96,4.61,,,,,,,,,,,,,
2026-08-04T23:43:09.325,EXICOM,,,165.87,1.17,152.18,155.96,185.69,-10.29,-7.67,industrials,electric equipment,2.04,0.61,0.26,0.54,0.25,,,6.35,4.66,6.18,,,,,,,,,,,,,,2026-08-04,,,,0.15,53.2,18.68,,,,,156.21,168.96,60.11,3.69,5.2,,,,,,,,,,,,,
2026-08-04T23:43:09.325,RICOAUTO,,,145.75,2.59,135.31,135.57,166.11,82.81,37.49,auto,auto ancillaries,6.37,0.15,0.25,0.14,0.22,,,7.51,4.93,4.78,,,,,,,,,,,,,,2026-08-04,,,,1.17,62.12,25.42,,,,,139.1,150.48,61.19,3.04,5.18,,,,,,,,,,,,,
2026-08-04T23:43:09.325,ELGIEQUIP,,,591.2,1.48,565.47,564.0,645.6,36.4,42.74,industrials,compressors / drilling equipment,1.06,0.26,0.13,0.21,0.12,,,4.82,2.71,4.54,,,,,,,,,,,,,,2026-08-04,,,,1.06,54.13,17.4,,,,,565.55,599.0,59.36,3.78,2.82,,,,,,,,,,,,,
2026-08-04T23:43:09.325,GKSL,,,130.55,2.2,124.17,124.68,142.28,40.29,48.2,healthcare,healthcare,1.32,0.15,NaN,0.11,NaN,,,4.71,2.68,3.32,,,,,,,,,,,,,,2026-08-04,,,,1.07,55.76,31.94,,,,,126.36,131.0,59.94,3.0,3.35,,,,,,,,,,,,,
2026-08-04T23:43:09.325,PETRONET,,,285.0,0.05,275.67,273.06,308.88,7.8,10.92,energy,miscellaneous,2.99,-0.1,0.0,-0.07,0.0,,,4.37,2.15,2.91,,,,,,,,,,,,,,2026-08-04,,,,0.53,59.18,9.3,,,,,276.95,285.0,53.79,2.72,2.11,,,,,,,,,,,,,
2026-08-03T10:18:43.109,MWL,,,38.04,5.67,35.86,34.95,44.22,2.37,2.06,metals & mining,steel - medium / small,0.7,0.29,0.63,0.2,0.55,,,8.84,4.3,10.26,,,,,,,,,,,,,,2026-08-03,,,,2.67,64.56,25.91,,,,,34.5,40.19,70.91,7.61,4.64,,,,,,,,,,,,,
2026-08-03T10:18:43.109,BLUSPRING,,,119.18,2.87,108.33,106.4,144.73,-993.17,-156.55,miscellaneous,diversified - large,6.38,0.87,0.55,0.78,0.51,,,12.01,5.88,8.08,,,,,,,,,,,,,,2026-08-03,,,,0.31,61.99,27.6,,,,,110.27,120.99,70.41,6.36,6.65,,,,,,,,,,,,,
2026-08-03T10:18:43.109,DECNGOLD,,,200.54,1.42,185.63,186.25,229.13,122.28,-53.73,metals & mining,mining / minerals / metals,2.14,NaN,NaN,NaN,NaN,,,7.67,3.92,6.03,,,,,,,,,,,,,,2026-08-03,,,,0.12,56.19,17.23,,,,,189.13,203.0,74.58,5.46,4.52,,,,,,,,,,,,,
2026-08-03T10:18:43.109,SOUTHBANK,,,47.55,1.82,45.26,46.12,50.41,8.26,8.09,bank,banks - private sector,1.56,0.17,0.19,0.14,0.17,,,3.1,2.84,2.74,,,,,,,,,,,,,,2026-08-03,,,,0.15,56.74,20.66,,,,,46.28,47.74,63.84,2.15,3.65,,,,,,,,,,,,,
2026-08-03T10:18:43.109,FORTIS,,,965.75,2.2,935.48,935.5,1026.25,68.59,68.48,healthcare,healthcare,0.34,0.07,-0.01,0.02,-0.03,,,3.23,1.96,2.66,,,,,,,,,,,,,,2026-08-03,,,,0.49,53.99,9.49,,,,,940.7,979.6,56.36,2.66,2.02,,,,,,,,,,,,,
2026-08-03T10:18:43.109,LLOYDSENGG,,,89.67,1.14,83.76,87.94,93.14,65.93,58.72,industrials,engineering,-0.1,0.91,0.51,0.82,0.5,,,1.97,3.92,2.36,,,,,,,,,,,,,,2026-08-03,,,,0.13,55.9,22.78,,,,,87.6,91.4,72.65,2.01,4.54,,,,,,,,,,,,,
2026-08-03T10:18:43.109,MANALIPETC,,,65.18,0.45,61.31,63.81,67.91,9.64,8.58,energy,petrochemicals,1.75,0.03,-0.07,0.03,-0.08,,,2.14,3.59,2.26,,,,,,,,,,,,,,2026-08-03,,,,0.06,53.28,25.32,,,,,63.74,66.0,57.45,1.45,4.08,,,,,,,,,,,,,
2026-08-03T10:18:43.109,KRONOX,,,154.0,1.78,144.16,148.27,165.45,17.66,20.2,chemicals,chemicals,2.13,0.15,-0.0,0.13,-0.02,,,3.86,3.73,1.99,,,,,,,,,,,,,,2026-08-03,,,,0.07,54.22,31.55,,,,,151.0,154.9,59.18,1.99,4.57,,,,,,,,,,,,,
2026-08-03T10:18:43.109,GREENLAM,,,254.35,0.97,240.94,244.26,274.53,39.99,114.5,building materials,miscellaneous,2.49,-0.02,-0.07,-0.04,-0.07,,,4.13,3.07,1.8,,,,,,,,,,,,,,2026-08-03,,,,0.05,52.78,29.76,,,,,249.85,257.7,55.91,1.8,3.33,,,,,,,,,,,,,
2026-07-31T06:36:20.302,BALAMINES,,,2243.4,,,2267.65,2465.35,24.25,35.45,chemicals,chemicals,0.36,0.71,0.62,0.63,0.56,,,4.36,5.0,6.19,,,,,,,,,,,,,,2026-07-31,,,,,60.57,28.18,3.99,2275.8,-4.02,,,,,,,3.05,-10.27,2438.7,11.3,,,,,,,,,
2026-07-31T06:36:20.302,SJS,,,2359.0,,,2146.35,2304.85,38.9,43.71,auto,plastics products,1.08,0.23,0.32,0.19,0.29,,,3.69,2.77,5.78,,,,,,,,,,,,,,2026-07-31,,,,,61.14,26.62,2.59,2169.5,-2.89,,,,,,,9.63,-1.37,2439.9,6.4,,,,,,,,,
2026-07-31T06:36:20.302,ACE,,,1057.2,,,981.48,1089.52,26.32,28.8,industrials,engineering,2.52,0.15,-0.09,0.07,-0.12,,,5.5,3.58,5.29,,,,,,,,,,,,,,2026-07-31,,,,,62.67,35.82,2.91,1006.2,-1.13,,,,,,,5.02,-7.5,1087.5,9.98,,,,,,,,,
2026-07-31T06:36:20.302,KTKBANK,,,290.75,,,267.79,294.81,6.56,7.65,bank,banks - private sector,2.37,0.37,0.53,0.32,0.5,,,5.04,2.72,4.83,,,,,,,,,,,,,,2026-07-31,,,,,61.72,15.55,2.61,274.15,-2.94,,,,,,,3.98,-3.16,292.5,4.39,,,,,,,,,
2026-07-31T06:36:20.302,BAJAJFINSV,,,1909.4,,,1878.96,1922.24,30.02,31.05,financials,finance & investments,-1.52,-0.13,-0.12,-0.15,-0.13,,,1.15,2.27,4.31,,,,,,,,,,,,,,2026-07-31,,,,,61.41,19.65,2.71,1850.4,-2.58,,,,,,,2.34,-2.02,1945.0,8.57,,,,,,,,,
2026-07-31T06:36:20.302,ENTERO,,,1243.0,,,1207.59,1227.61,48.25,47.01,healthcare,trading,-1.66,-0.07,0.07,-0.09,0.04,,,0.83,3.25,4.15,,,,,,,,,,,,,,2026-07-31,,,,,54.96,19.72,2.53,1187.5,-3.23,,,,,,,5.21,-3.09,1281.0,7.97,,,,,,,,,
2026-07-31T06:36:20.302,MASFIN,,,319.5,,,315.51,326.39,13.36,14.7,financials,finance & investments,0.33,-0.05,-0.03,-0.07,-0.04,,,1.73,3.35,3.8,,,,,,,,,,,,,,2026-07-31,,,,,53.34,14.09,1.39,316.55,0.12,,,,,,,2.88,-4.5,330.2,5.44,,,,,,,,,
2026-07-31T06:36:20.302,VARROC,,,664.6,,,657.16,659.14,36.6,45.09,auto,auto ancillaries,-2.58,0.1,0.02,0.05,-0.0,,,0.15,3.18,3.06,,,,,,,,,,,,,,2026-07-31,,,,,59.27,26.43,2.8,640.2,0.01,,,,,,,2.99,-4.35,677.8,10.29,,,,,,,,,
2026-07-31T06:36:20.302,ADANIGREEN,,,1358.7,,,1517.93,1565.87,67.26,130.14,power & utilities,power generation and supply,0.35,0.55,0.35,0.5,0.34,,,1.58,3.37,2.93,,,,,,,,,,,,,,2026-07-31,,,,,54.54,28.29,1.22,1523.3,0.57,,,,,,,0.4,-12.45,1558.7,4.98,,,,,,,,,
2026-07-30T23:45:17.893,BALAMINES,,,2243.4,,,2267.65,2465.35,24.25,35.89,chemicals,chemicals,0.36,0.71,0.62,0.63,0.56,,,4.36,5.0,6.19,,,,,,,,,,,,,,2026-07-30,,,,,60.57,28.18,3.99,2275.8,-4.02,,,,,,,3.05,-10.27,2438.7,11.3,,,,,,,,,
2026-07-30T23:45:17.893,SJS,,,2359.0,,,2146.35,2304.85,38.9,43.5,auto,plastics products,1.08,0.23,0.32,0.19,0.29,,,3.69,2.77,5.78,,,,,,,,,,,,,,2026-07-30,,,,,61.14,26.62,2.59,2169.5,-2.89,,,,,,,9.63,-1.37,2439.9,6.4,,,,,,,,,
2026-07-30T23:45:17.893,ACE,,,1057.2,,,981.48,1089.52,26.32,28.64,industrials,engineering,2.52,0.15,-0.09,0.07,-0.12,,,5.5,3.58,5.29,,,,,,,,,,,,,,2026-07-30,,,,,62.67,35.82,2.91,1006.2,-1.13,,,,,,,5.02,-7.5,1087.5,9.98,,,,,,,,,
2026-07-30T23:45:17.893,KTKBANK,,,290.75,,,267.79,294.81,6.73,8.05,bank,banks - private sector,2.37,0.37,0.53,0.32,0.5,,,5.04,2.72,4.83,,,,,,,,,,,,,,2026-07-30,,,,,61.72,15.55,2.61,274.15,-2.94,,,,,,,3.98,-3.16,292.5,4.39,,,,,,,,,
2026-07-30T23:45:17.893,BAJAJFINSV,,,1909.4,,,1878.96,1922.24,30.02,31.29,financials,finance & investments,-1.52,-0.13,-0.12,-0.15,-0.13,,,1.15,2.27,4.31,,,,,,,,,,,,,,2026-07-30,,,,,61.41,19.65,2.71,1850.4,-2.58,,,,,,,2.34,-2.02,1945.0,8.57,,,,,,,,,
2026-07-30T23:45:17.893,ENTERO,,,1243.0,,,1207.59,1227.61,48.25,46.23,healthcare,trading,-1.66,-0.07,0.07,-0.09,0.04,,,0.83,3.25,4.15,,,,,,,,,,,,,,2026-07-30,,,,,54.96,19.72,2.53,1187.5,-3.23,,,,,,,5.21,-3.09,1281.0,7.97,,,,,,,,,
2026-07-30T23:45:17.893,MASFIN,,,319.5,,,315.51,326.39,13.36,14.97,financials,finance & investments,0.33,-0.05,-0.03,-0.07,-0.04,,,1.73,3.35,3.8,,,,,,,,,,,,,,2026-07-30,,,,,53.34,14.09,1.39,316.55,0.12,,,,,,,2.88,-4.5,330.2,5.44,,,,,,,,,
2026-07-30T23:45:17.893,VARROC,,,664.6,,,657.16,659.14,36.6,45.08,auto,auto ancillaries,-2.58,0.1,0.02,0.05,-0.0,,,0.15,3.18,3.06,,,,,,,,,,,,,,2026-07-30,,,,,59.27,26.43,2.8,640.2,0.01,,,,,,,2.99,-4.35,677.8,10.29,,,,,,,,,
2026-07-30T23:45:17.893,ADANIGREEN,,,1358.7,,,1517.93,1565.87,67.26,131.52,power & utilities,power generation and supply,0.35,0.55,0.35,0.5,0.34,,,1.58,3.37,2.93,,,,,,,,,,,,,,2026-07-30,,,,,54.54,28.29,1.22,1523.3,0.57,,,,,,,0.4,-12.45,1558.7,4.98,,,,,,,,,
2026-07-29T06:35:06.337,BALAMINES,,,2241.5,,,2267.65,2465.35,24.23,35.42,chemicals,chemicals,1.53,0.71,0.62,0.71,0.56,,,4.36,5.0,6.19,,,,,,,,,,,,,,2026-07-29,3.05,-10.27,2438.7,0.28,57.23,28.18,3.99,2275.8,-9.03,11.3,,,,,,,,,,,,,,,,,,
2026-07-29T06:35:06.337,SJS,,,2355.6,,,2146.35,2304.85,38.85,43.65,auto,plastics products,-2.3,0.23,0.32,0.23,0.29,,,3.69,2.77,5.78,,,,,,,,,,,,,,2026-07-29,9.63,-1.37,2439.9,0.84,54.19,26.62,2.59,2169.5,-5.66,6.4,,,,,,,,,,,,,,,,,,
2026-07-29T06:35:06.337,ACE,,,1077.6,,,981.48,1089.52,26.83,29.35,industrials,engineering,-0.15,0.15,-0.09,0.15,-0.12,,,5.5,3.58,5.29,,,,,,,,,,,,,,2026-07-29,5.02,-7.5,1087.5,12.79,53.51,35.82,2.91,1006.2,-4.71,9.98,,,,,,,,,,,,,,,,,,
2026-07-29T06:35:06.337,KTKBANK,,,276.75,,,267.79,294.81,6.41,7.98,bank,banks - private sector,0.91,0.37,0.53,0.37,0.5,,,5.04,2.72,4.83,,,,,,,,,,,,,,2026-07-29,2.03,-3.16,287.0,1.08,54.01,15.55,2.61,274.15,-5.66,4.39,,,,,,,,,,,,,,,,,,
2026-07-29T06:35:06.337,BAJAJFINSV,,,1927.9,,,1878.96,1922.24,30.31,31.35,financials,finance & investments,-3.03,-0.13,-0.12,-0.13,-0.13,,,1.15,2.27,4.31,,,,,,,,,,,,,,2026-07-29,2.07,-2.02,1940.0,1.48,54.89,19.65,2.71,1850.4,-4.85,8.57,,,,,,,,,,,,,,,,,,
2026-07-29T06:35:06.337,ENTERO,,,1235.8,,,1207.59,1227.61,47.97,46.74,healthcare,trading,-3.36,-0.07,0.07,-0.07,0.04,,,0.83,3.25,4.15,,,,,,,,,,,,,,2026-07-29,5.21,-3.09,1281.0,0.26,47.13,19.72,2.53,1187.5,-6.48,7.97,,,,,,,,,,,,,,,,,,
2026-07-29T06:35:06.337,MASFIN,,,314.75,,,315.51,326.39,13.83,15.3,financials,finance & investments,-2.06,-0.05,-0.03,-0.05,-0.04,,,1.73,3.35,3.8,,,,,,,,,,,,,,2026-07-29,0.89,-3.69,325.6,1.02,48.25,14.09,1.39,316.55,-3.23,5.44,,,,,,,,,,,,,,,,,,
2026-07-29T06:35:06.337,VARROC,,,658.7,,,657.16,659.14,36.27,44.69,auto,auto ancillaries,-1.93,0.1,0.02,0.1,-0.0,,,0.15,3.18,3.06,,,,,,,,,,,,,,2026-07-29,1.49,-4.35,667.95,0.47,56.46,26.43,2.8,640.2,-3.17,10.29,,,,,,,,,,,,,,,,,,
2026-07-29T06:35:06.337,ADANIGREEN,,,1377.8,,,1517.93,1565.87,68.21,131.97,power & utilities,power generation and supply,-0.74,0.55,0.35,0.55,0.34,,,1.58,3.37,2.93,,,,,,,,,,,,,,2026-07-29,0.4,-12.32,1558.7,0.53,50.72,28.29,1.22,1523.3,-2.8,4.98,,,,,,,,,,,,,,,,,,
2026-07-28T22:39:57.026,BALAMINES,,,2241.5,,,2267.65,2465.35,28.03,41.91,chemicals,chemicals,1.53,0.71,0.62,0.71,0.56,,,4.36,5.0,6.19,,,,,,,,,,,,,,2026-07-28,3.05,-10.27,2438.7,0.28,57.23,28.18,3.99,2275.8,-9.03,11.3,,,,,,,,,,,,,,,,,,
2026-07-28T22:39:57.026,SJS,,,2355.6,,,2146.35,2304.85,38.85,43.28,auto,plastics products,-2.3,0.23,0.32,0.23,0.29,,,3.69,2.77,5.78,,,,,,,,,,,,,,2026-07-28,9.63,-1.37,2439.9,0.84,54.19,26.62,2.59,2169.5,-5.66,6.4,,,,,,,,,,,,,,,,,,
2026-07-28T22:39:57.026,ACE,,,1077.6,,,981.48,1089.52,26.83,28.31,industrials,engineering,-0.15,0.15,-0.09,0.15,-0.12,,,5.5,3.58,5.29,,,,,,,,,,,,,,2026-07-28,5.02,-7.5,1087.5,12.79,53.51,35.82,2.91,1006.2,-4.71,9.98,,,,,,,,,,,,,,,,,,
2026-07-28T22:39:57.026,KTKBANK,,,276.75,,,267.79,294.81,6.41,8.07,bank,banks - private sector,0.91,0.37,0.53,0.37,0.5,,,5.04,2.72,4.83,,,,,,,,,,,,,,2026-07-28,2.03,-3.16,287.0,1.08,54.01,15.55,2.61,274.15,-5.66,4.39,,,,,,,,,,,,,,,,,,
2026-07-28T22:39:57.026,BAJAJFINSV,,,1927.9,,,1878.96,1922.24,30.31,30.52,financials,finance & investments,-3.03,-0.13,-0.12,-0.13,-0.13,,,1.15,2.27,4.31,,,,,,,,,,,,,,2026-07-28,2.07,-2.02,1940.0,1.48,54.89,19.65,2.71,1850.4,-4.85,8.57,,,,,,,,,,,,,,,,,,
2026-07-28T22:39:57.026,ENTERO,,,1235.8,,,1207.59,1227.61,47.97,46.51,healthcare,trading,-3.36,-0.07,0.07,-0.07,0.04,,,0.83,3.25,4.15,,,,,,,,,,,,,,2026-07-28,5.21,-3.09,1281.0,0.26,47.13,19.72,2.53,1187.5,-6.48,7.97,,,,,,,,,,,,,,,,,,
2026-07-28T22:39:57.026,MASFIN,,,314.75,,,315.51,326.39,13.83,15.24,financials,finance & investments,-2.06,-0.05,-0.03,-0.05,-0.04,,,1.73,3.35,3.8,,,,,,,,,,,,,,2026-07-28,0.89,-3.69,325.6,1.02,48.25,14.09,1.39,316.55,-3.23,5.44,,,,,,,,,,,,,,,,,,
2026-07-28T22:39:57.026,VARROC,,,658.7,,,657.16,659.14,36.27,43.61,auto,auto ancillaries,-1.93,0.1,0.02,0.1,-0.0,,,0.15,3.18,3.06,,,,,,,,,,,,,,2026-07-28,1.49,-4.35,667.95,0.47,56.46,26.43,2.8,640.2,-3.17,10.29,,,,,,,,,,,,,,,,,,
2026-07-28T22:39:57.026,ADANIGREEN,,,1377.8,,,1517.93,1565.87,68.21,133.63,power & utilities,power generation and supply,-0.74,0.55,0.35,0.55,0.34,,,1.58,3.37,2.93,,,,,,,,,,,,,,2026-07-28,0.4,-12.32,1558.7,0.53,50.72,28.29,1.22,1523.3,-2.8,4.98,,,,,,,,,,,,,,,,,,
2026-07-24T18:21:07.263,MAXIND,,,182.11,9.94,168.98,159.39,227.55,-12.41,-6.96,financials,finance & investments,1.22,0.09,-0.17,-0.01,-0.25,,,14.25,5.42,14.46,,,,,,,,,,,,,,2026-07-24,,,,24.37,67.87,31.23,,,,,159.1,186.0,58.92,13.82,4.78,,,,,,,,,,,,,
2026-07-24T18:21:07.263,ESAFSFB,,,38.69,8.83,35.93,35.3,45.47,21.03,-11.01,bank,banks - private sector,-1.37,0.22,0.36,0.13,0.25,,,9.6,5.35,11.76,,,,,,,,,,,,,,2026-07-24,,,,5.69,70.81,45.39,,,,,34.62,39.0,69.12,11.76,5.24,,,,,,,,,,,,,
2026-07-24T18:21:07.263,SAMHI,,,177.66,4.59,168.19,164.48,204.02,2.46,6.6,services,hotels,-2.41,-0.05,-0.11,-0.1,-0.15,,,8.01,3.78,9.53,,,,,,,,,,,,,,2026-07-24,,,,1.18,58.4,19.56,,,,,162.2,180.0,55.51,9.42,3.49,,,,,,,,,,,,,
2026-07-24T18:21:07.263,GREENLAM,,,256.0,5.85,241.0,244.13,279.74,40.25,109.93,building materials,miscellaneous,-3.11,-0.07,-0.07,-0.11,-0.12,,,4.86,3.92,7.38,,,,,,,,,,,,,,2026-07-24,,,,1.24,54.35,28.95,,,,,238.4,258.4,57.13,7.38,3.78,,,,,,,,,,,,,
2026-07-24T18:21:07.263,CONFIPET,,,78.3,5.17,71.92,73.01,88.87,20.82,26.59,miscellaneous,miscellaneous,0.73,1.21,0.85,1.13,0.76,,,7.24,5.24,6.89,,,,,,,,,,,,,,2026-07-24,,,,0.9,60.16,17.53,,,,,73.25,79.5,70.79,6.89,5.53,,,,,,,,,,,,,
2026-07-24T18:21:07.263,RICOAUTO,,,139.07,2.69,128.68,126.11,164.98,79.02,35.73,auto,auto ancillaries,6.38,0.04,0.67,0.07,0.63,,,10.27,5.39,5.3,,,,,,,,,,,,,,2026-07-24,,,,0.88,58.21,20.33,,,,,132.07,141.9,58.31,5.3,4.85,,,,,,,,,,,,,
2026-07-24T18:21:07.263,IDEAFORGE,,,870.65,1.11,807.4,838.63,934.68,15.86,-219.66,aerospace & defence,engineering,1.89,0.87,0.82,0.87,0.8,,,3.82,4.31,4.27,,,,,,,,,,,,,,2026-07-24,,,,0.36,52.99,16.28,,,,,835.0,899.0,63.46,3.07,4.47,,,,,,,,,,,,,
2026-07-24T18:21:07.263,NIVABUPA,,,86.64,2.39,83.26,85.08,89.75,11.58,119.18,financials,finance & investments,-2.44,0.03,0.1,0.01,0.08,,,1.83,2.48,3.95,,,,,,,,,,,,,,2026-07-24,,,,0.61,54.28,37.86,,,,,83.35,86.97,61.33,3.95,2.45,,,,,,,,,,,,,
2026-07-24T18:21:07.263,ARTEMISMED,,,275.75,1.43,262.07,270.31,286.64,36.28,41.44,healthcare,healthcare,0.29,0.1,0.09,0.06,0.07,,,2.01,3.15,3.16,,,,,,,,,,,,,,2026-07-24,,,,0.64,55.43,20.01,,,,,267.3,277.5,59.19,3.16,3.26,,,,,,,,,,,,,
2026-07-21T15:05:31.424,MARKOLINES,,,179.95,4.26,169.27,166.99,205.87,8.74,14.5,realty,construction,-4.79,0.13,0.07,0.1,0.03,,,7.76,4.52,12.31,,,,,,,,,,,,,,2026-07-21,,,,1.33,58.89,18.54,,,,,160.23,181.85,59.0,12.31,4.46,,,,,,,,,,,,,
2026-07-21T15:05:31.424,ONWARDTEC,,,289.95,6.07,267.65,281.62,306.6,14.5,14.37,i.t,computers - software - medium / small,-4.98,-0.16,-0.07,-0.22,-0.12,,,2.96,5.99,7.65,,,,,,,,,,,,,,2026-07-21,,,,1.35,58.81,34.67,,,,,269.35,301.95,56.07,7.65,5.67,,,,,,,,,,,,,
2026-07-21T15:05:31.424,RSL,,,132.9,3.81,126.73,126.7,145.3,17.67,18.85,metals & mining,steel - medium / small,-0.95,NaN,NaN,NaN,NaN,,,4.9,3.07,5.65,,,,,,,,,,,,,,2026-07-21,,,,1.54,60.56,25.92,,,,,125.79,136.7,62.53,5.65,2.78,,,,,,,,,,,,,
2026-07-21T15:05:31.424,SRM,,,512.1,2.46,481.28,480.75,574.79,5.43,10.33,realty,construction,1.08,0.01,-0.17,-0.05,-0.19,,,6.52,3.81,5.13,,,,,,,,,,,,,,2026-07-21,,,,0.91,56.18,14.04,,,,,487.1,521.75,55.05,5.08,3.94,,,,,,,,,,,,,
2026-07-21T15:05:31.424,CMPDI,,,264.02,4.17,244.54,260.26,271.54,25.1,28.38,miscellaneous,miscellaneous,-4.06,NaN,NaN,NaN,NaN,,,1.45,4.85,4.94,,,,,,,,,,,,,,2026-07-21,,,,2.18,55.19,23.96,,,,,251.59,273.5,83.97,4.83,4.89,,,,,,,,,,,,,
2026-07-21T15:05:31.424,MASFIN,,,321.3,0.96,305.65,315.53,332.85,14.12,15.47,financials,finance & investments,-1.68,-0.05,-0.03,-0.07,-0.04,,,1.83,3.35,3.91,,,,,,,,,,,,,,2026-07-21,,,,0.87,53.58,14.09,,,,,309.2,325.6,52.94,3.49,3.23,,,,,,,,,,,,,
2026-07-21T15:05:31.424,ARTEMISMED,,,275.95,1.92,261.83,268.58,290.68,36.31,41.27,healthcare,healthcare,-0.02,0.02,0.09,-0.05,0.07,,,2.74,3.35,3.27,,,,,,,,,,,,,,2026-07-21,,,,0.73,56.25,19.48,,,,,267.2,278.1,59.27,3.27,3.36,,,,,,,,,,,,,
2026-07-21T15:05:31.424,GAIL,,,174.02,0.58,168.43,170.08,181.9,19.25,15.01,energy,miscellaneous,-0.44,-0.03,-0.08,-0.04,-0.09,,,2.32,2.07,2.68,,,,,,,,,,,,,,2026-07-21,,,,0.4,55.18,14.66,,,,,169.47,176.2,57.68,2.55,1.96,,,,,,,,,,,,,
2026-07-21T15:05:31.424,MOTHERSON,,,145.12,1.31,139.11,140.65,154.06,25.55,36.73,auto,auto ancillaries,0.68,0.19,0.33,0.14,0.31,,,3.18,2.32,2.12,,,,,,,,,,,,,,2026-07-21,,,,0.38,54.1,18.41,,,,,142.11,145.59,62.32,2.12,2.85,,,,,,,,,,,,,
2026-07-16T11:32:28.911,TECHM,1538.3,1508.8,1526.9,1.88,1457.08,1417.59,1745.52,25.0,27.61,i.t,computers - software - large,4.24,-0.13,0.02,-0.14,0.0,5.87,5.87,1.96,3.12,5.09,78.92,47.7,3.05,3.05,1.65,52.52,146848.81,0.1,-1.52,1.74,37.95,6.3714192e8,9.79841252e8,2026-07-16,,,,,,,,,,,,,,,,,,,,,,,,,,,,
2026-07-16T11:32:28.911,MRPL,178.4,160.62,172.21,9.36,161.28,149.04,218.54,64.26,14.33,energy,refineries,6.48,0.09,0.04,0.03,-0.04,14.25,14.25,11.07,4.99,10.29,17.66,8.6,4.0,4.0,2.05,1141.92,27598.17,0.49,-3.77,2.29,134.74,2.00091162e8,1.752598777e9,2026-07-16,,,,,,,,,,,,,,,,,,,,,,,,,,,,
2026-07-16T11:32:28.911,ABB,7924.5,7191.0,7800.5,8.27,7459.34,6797.09,9807.31,23.17,51.27,industrials,electric equipment,2.19,0.45,0.43,0.31,0.32,14.41,14.41,10.2,3.48,15.67,884.42,271.55,3.02,3.02,3.26,378.84,152669.39,0.65,-0.91,3.67,224.45,5.2977094e7,2.11908375e8,2026-07-16,,,,,,,,,,,,,,,,,,,,,,,,,,,,
2026-07-16T11:32:28.911,ZENTEC,1841.3,1807.1,1809.8,-0.73,1701.66,1771.44,1886.52,128.9,84.72,aerospace & defence,miscellaneous,1.48,0.35,0.28,0.32,0.3,1.95,1.95,1.89,3.53,1.22,71.99,63.81,4.06,4.06,1.13,9.1,16460.83,2.24,2.11,1.18,4.23,4.6486527e7,9.0290356e7,2026-07-16,,,,,,,,,,,,,,,,,,,,,,,,,,,,
2026-07-16T11:32:28.911,CHENNPETRO,1279.7,1168.1,1259.1,8.81,1177.15,1099.54,1578.22,3.3,5.55,energy,refineries,0.9,0.41,0.5,0.31,0.38,16.44,16.44,9.55,5.17,14.57,150.1,65.05,4.39,4.39,2.31,476.17,17232.03,2.44,1.42,2.62,139.89,4.87133e7,1.489114e8,2026-07-16,,,,,,,,,,,,,,,,,,,,,,,,,,,,
2026-07-16T11:32:28.911,ITDC,783.9,753.35,757.95,-4.53,698.53,677.98,917.89,57.42,82.61,services,hotels,5.87,0.23,0.16,0.29,0.22,14.41,14.41,4.06,6.68,11.44,154.09,50.61,5.64,5.64,3.04,67.58,6809.23,3.39,0.92,3.82,9.09,1.1127719e7,8.57694e7,2026-07-16,,,,,,,,,,,,,,,,,,,,,,,,,,,,
2026-07-16T11:32:28.911,IIFL,565.5,542.15,560.75,3.15,531.64,526.65,628.96,10.16,13.91,financials,finance & investments,3.35,-0.19,0.04,-0.23,0.01,5.19,5.19,4.31,3.37,4.31,60.05,18.87,3.65,3.65,3.18,72.84,23118.74,4.08,2.32,3.56,98.56,3.19614908e8,4.25289575e8,2026-07-16,,,,,,,,,,,,,,,,,,,,,,,,,,,,
2026-07-16T11:32:28.911,SPARC,253.5,247.42,250.49,-0.22,230.83,256.28,238.91,1.15,5.25,healthcare,miscellaneous,-2.85,0.7,0.76,0.7,0.76,2.46,2.46,2.46,5.16,1.41,32.95,12.94,5.35,5.35,2.55,6.12,8146.79,7.56,6.92,2.93,23.73,1.11406493e8,3.24521588e8,2026-07-16,,,,,,,,,,,,,,,,,,,,,,,,,,,,
2026-07-16T11:32:28.911,RAIN,214.79,206.8,208.96,0.12,194.85,195.98,234.93,14.47,23.29,miscellaneous,miscellaneous,7.94,0.37,0.48,0.36,0.48,4.19,4.19,3.86,4.41,2.35,25.67,9.21,4.69,4.69,2.79,21.98,7019.87,9.0,7.41,3.18,23.45,1.97273326e8,3.36345679e8,2026-07-16,,,,,,,,,,,,,,,,,,,,,,,,,,,,
2026-07-13T05:40:49.134,SAMMAANCAP,167.99,163.0,166.46,3.37,156.56,165.61,168.16,-0.42,-1.91,financials,finance - housing,-4.99,0.02,-0.08,-0.01,-0.11,4.93,4.93,3.06,3.98,3.97,2.13,6.62,3.48,3.48,0.32,40.54,19337.39,1.14,0.69,0.33,52.24,1.161683871e9,1.161683871e9,2026-07-13,,,,,,,,,,,,,,,,,,,,,,,,,,,,
2026-07-13T05:40:49.134,LTF,328.75,319.0,321.25,0.05,305.94,321.19,321.37,22.31,25.28,financials,finance & investments,-2.02,-0.06,0.16,-0.08,0.16,6.32,6.32,3.06,3.51,3.9,32.18,11.26,3.27,3.27,2.86,161.47,80489.39,1.87,0.97,3.18,19.98,8.52976074e8,2.505506199e9,2026-07-13,,,,,,,,,,,,,,,,,,,,,,,,,,,,
2026-07-13T05:40:49.134,LALPATHLAB,1710.0,1674.6,1692.8,0.49,1611.06,1649.64,1779.13,53.84,35.86,healthcare,healthcare,0.81,0.06,0.07,0.04,0.06,3.21,3.21,2.11,3.07,3.48,79.44,52.01,3.41,3.41,1.53,30.24,28363.71,1.97,1.65,1.6,34.99,7.839275e7,1.6755502e8,2026-07-13,,,,,,,,,,,,,,,,,,,,,,,,,,,,
2026-07-13T05:40:49.134,ITDC,745.0,705.1,716.8,-1.55,665.04,624.35,901.7,54.3,74.59,services,hotels,17.5,0.12,0.13,0.14,0.15,6.28,6.28,5.66,6.03,4.53,124.77,43.25,4.97,4.97,2.88,187.54,6147.95,2.33,1.17,3.49,27.05,1.1127719e7,8.57694e7,2026-07-13,,,,,,,,,,,,,,,,,,,,,,,,,,,,
2026-07-13T05:40:49.134,IIFL,559.0,540.15,552.7,1.47,522.42,513.4,631.3,10.01,14.15,financials,finance & investments,1.38,-0.23,0.09,-0.25,0.07,7.96,7.96,3.49,3.72,7.74,59.93,20.54,3.72,3.72,2.92,53.64,23505.75,3.72,2.0,3.27,61.1,3.19614908e8,4.25289575e8,2026-07-13,,,,,,,,,,,,,,,,,,,,,,,,,,,,
2026-07-13T05:40:49.134,NEULANDLAB,19730.0,19353.0,19506.0,-0.18,18597.8,18813.92,20890.16,29.42,68.76,healthcare,pharmaceuticals - indian - bulk drugs,2.44,0.19,0.16,0.23,0.17,4.34,4.34,1.95,3.2,4.58,2205.24,623.92,3.3,3.3,3.53,38.46,25025.98,6.54,4.76,3.98,24.52,8.642905e6,1.2829889e7,2026-07-13,,,,,,,,,,,,,,,,,,,,,,,,,,,,
2026-07-13T05:40:49.134,GLAND,2526.9,2451.0,2479.4,0.4,2353.64,2435.21,2567.78,27.85,39.76,healthcare,pharmaceuticals - indian - formulations,3.15,0.34,0.24,0.33,0.24,3.1,3.1,3.1,3.35,1.2,278.41,83.06,3.45,3.45,3.35,43.07,40849.71,6.59,5.33,3.78,34.19,7.9362489e7,1.64756423e8,2026-07-13,,,,,,,,,,,,,,,,,,,,,,,,,,,,
2026-07-13T05:40:49.134,RAIN,208.5,202.6,207.05,1.32,192.93,186.19,248.77,14.34,23.11,miscellaneous,miscellaneous,8.91,0.28,0.55,0.21,0.53,4.51,4.51,2.91,4.45,5.4,30.26,9.22,5.06,5.06,3.28,53.45,6964.04,7.62,7.35,3.84,48.28,1.97273326e8,3.36345679e8,2026-07-13,,,,,,,,,,,,,,,,,,,,,,,,,,,,
2026-07-13T05:40:49.134,LAURUSLABS,1548.0,1504.1,1537.8,2.02,1472.41,1498.74,1615.93,74.36,93.37,healthcare,pharmaceuticals - indian - bulk drugs & formln,-1.83,0.26,0.59,0.24,0.56,6.03,6.03,2.92,3.14,6.19,164.09,48.22,3.22,3.22,3.4,83.26,83019.15,10.24,8.57,3.81,69.89,3.91424862e8,5.39856582e8,2026-07-13,,,,,,,,,,,,,,,,,,,,,,,,,,,,
2026-07-12T22:58:49.172,SAMMAANCAP,167.99,163.0,166.46,3.37,156.56,165.61,168.16,-0.42,-1.91,financials,finance - housing,-4.99,0.02,-0.08,-0.01,-0.11,4.93,4.93,3.06,3.98,3.97,2.13,6.62,3.48,3.48,0.32,40.54,19337.39,1.14,0.69,0.33,52.24,1.161683871e9,1.161683871e9,2026-07-12,,,,,,,,,,,,,,,,,,,,,,,,,,,,
2026-07-12T22:58:49.172,LTF,328.75,319.0,321.25,0.05,305.94,321.19,321.37,101.66,25.28,financials,finance & investments,-2.02,-0.06,0.16,-0.08,0.16,6.32,6.32,3.06,3.51,3.9,32.18,11.26,3.27,3.27,2.86,161.47,80489.39,1.87,0.97,3.18,19.98,8.52976074e8,2.505506199e9,2026-07-12,,,,,,,,,,,,,,,,,,,,,,,,,,,,
2026-07-12T22:58:49.172,LALPATHLAB,1710.0,1674.6,1692.8,0.49,1611.06,1649.64,1779.13,53.84,35.86,healthcare,healthcare,0.81,0.06,0.07,0.04,0.06,3.21,3.21,2.11,3.07,3.48,79.44,52.01,3.41,3.41,1.53,30.24,28363.71,1.97,1.65,1.6,34.99,7.839275e7,1.6755502e8,2026-07-12,,,,,,,,,,,,,,,,,,,,,,,,,,,,
2026-07-12T22:58:49.172,ITDC,745.0,705.1,716.8,-1.55,665.04,624.35,901.7,54.3,74.59,services,hotels,17.5,0.12,0.13,0.14,0.15,6.28,6.28,5.66,6.03,4.53,124.77,43.25,4.97,4.97,2.88,187.54,6147.95,2.33,1.17,3.49,27.05,1.1127719e7,8.57694e7,2026-07-12,,,,,,,,,,,,,,,,,,,,,,,,,,,,
2026-07-12T22:58:49.172,IIFL,559.0,540.15,552.7,1.47,522.42,513.4,631.3,15.51,14.15,financials,finance & investments,1.38,-0.23,0.09,-0.25,0.07,7.96,7.96,3.49,3.72,7.74,59.93,20.54,3.72,3.72,2.92,53.64,23505.75,3.72,2.0,3.27,61.1,3.19614908e8,4.25289575e8,2026-07-12,,,,,,,,,,,,,,,,,,,,,,,,,,,,
2026-07-12T22:58:49.172,NEULANDLAB,19730.0,19353.0,19506.0,-0.18,18597.8,18813.92,20890.16,33.84,68.76,healthcare,pharmaceuticals - indian - bulk drugs,2.44,0.19,0.16,0.23,0.17,4.34,4.34,1.95,3.2,4.58,2205.24,623.92,3.3,3.3,3.53,38.46,25025.98,6.54,4.76,3.98,24.52,8.642905e6,1.2829889e7,2026-07-12,,,,,,,,,,,,,,,,,,,,,,,,,,,,
2026-07-12T22:58:49.172,GLAND,2526.9,2451.0,2479.4,0.4,2353.64,2435.21,2567.78,27.85,39.76,healthcare,pharmaceuticals - indian - formulations,3.15,0.34,0.24,0.33,0.24,3.1,3.1,3.1,3.35,1.2,278.41,83.06,3.45,3.45,3.35,43.07,40849.71,6.59,5.33,3.78,34.19,7.9362489e7,1.64756423e8,2026-07-12,,,,,,,,,,,,,,,,,,,,,,,,,,,,
2026-07-12T22:58:49.172,RAIN,208.5,202.6,207.05,1.32,192.93,186.19,248.77,6.72,23.11,miscellaneous,miscellaneous,8.91,0.28,0.55,0.21,0.53,4.51,4.51,2.91,4.45,5.4,30.26,9.22,5.06,5.06,3.28,53.45,6964.04,7.62,7.35,3.84,48.28,1.97273326e8,3.36345679e8,2026-07-12,,,,,,,,,,,,,,,,,,,,,,,,,,,,
2026-07-12T22:58:49.172,LAURUSLABS,1548.0,1504.1,1537.8,2.02,1472.41,1498.74,1615.93,74.36,93.37,healthcare,pharmaceuticals - indian - bulk drugs & formln,-1.83,0.26,0.59,0.24,0.56,6.03,6.03,2.92,3.14,6.19,164.09,48.22,3.22,3.22,3.4,83.26,83019.15,10.24,8.57,3.81,69.89,3.91424862e8,5.39856582e8,2026-07-12,,,,,,,,,,,,,,,,,,,,,,,,,,,,
2026-07-11T23:04:56.598,SAMMAANCAP,167.99,163.0,166.46,3.37,156.56,165.61,168.16,-0.42,-1.91,financials,finance - housing,-4.99,0.02,-0.08,-0.01,-0.11,4.93,4.93,3.06,3.98,3.97,2.13,6.62,3.48,3.48,0.32,40.54,19337.39,1.14,0.69,0.33,52.24,1.161683871e9,1.161683871e9,2026-07-11,,,,,,,,,,,,,,,,,,,,,,,,,,,,
2026-07-11T23:04:56.598,LTF,328.75,319.0,321.25,0.05,305.94,321.19,321.37,24.94,26.95,financials,finance & investments,-2.02,-0.06,0.16,-0.08,0.16,6.32,6.32,3.06,3.51,3.9,32.18,11.26,3.27,3.27,2.86,161.47,80489.39,1.87,0.97,3.18,19.98,8.52976074e8,2.505506199e9,2026-07-11,,,,,,,,,,,,,,,,,,,,,,,,,,,,
2026-07-11T23:04:56.598,LALPATHLAB,1710.0,1674.6,1692.8,0.49,1611.06,1649.64,1779.13,53.84,35.86,healthcare,healthcare,0.81,0.06,0.07,0.04,0.06,3.21,3.21,2.11,3.07,3.48,79.44,52.01,3.41,3.41,1.53,30.24,28363.71,1.97,1.65,1.6,34.99,7.839275e7,1.6755502e8,2026-07-11,,,,,,,,,,,,,,,,,,,,,,,,,,,,
2026-07-11T23:04:56.598,ITDC,745.0,705.1,716.8,-1.55,665.04,624.35,901.7,54.3,74.59,services,hotels,17.5,0.12,0.13,0.14,0.15,6.28,6.28,5.66,6.03,4.53,124.77,43.25,4.97,4.97,2.88,187.54,6147.95,2.33,1.17,3.49,27.05,1.1127719e7,8.57694e7,2026-07-11,,,,,,,,,,,,,,,,,,,,,,,,,,,,
2026-07-11T23:04:56.598,IIFL,559.0,540.15,552.7,1.47,522.42,513.4,631.3,10.01,14.15,financials,finance & investments,1.38,-0.23,0.09,-0.25,0.07,7.96,7.96,3.49,3.72,7.74,59.93,20.54,3.72,3.72,2.92,53.64,23505.75,3.72,2.0,3.27,61.1,3.19614908e8,4.25289575e8,2026-07-11,,,,,,,,,,,,,,,,,,,,,,,,,,,,
2026-07-11T23:04:56.598,NEULANDLAB,19730.0,19353.0,19506.0,-0.18,18597.8,18813.92,20890.16,29.42,68.76,healthcare,pharmaceuticals - indian - bulk drugs,2.44,0.19,0.16,0.23,0.17,4.34,4.34,1.95,3.2,4.58,2205.24,623.92,3.3,3.3,3.53,38.46,25025.98,6.54,4.76,3.98,24.52,8.642905e6,1.2829889e7,2026-07-11,,,,,,,,,,,,,,,,,,,,,,,,,,,,
2026-07-11T23:04:56.598,GLAND,2526.9,2451.0,2479.4,0.4,2353.64,2435.21,2567.78,27.85,39.76,healthcare,pharmaceuticals - indian - formulations,3.15,0.34,0.24,0.33,0.24,3.1,3.1,3.1,3.35,1.2,278.41,83.06,3.45,3.45,3.35,43.07,40849.71,6.59,5.33,3.78,34.19,7.9362489e7,1.64756423e8,2026-07-11,,,,,,,,,,,,,,,,,,,,,,,,,,,,
2026-07-11T23:04:56.598,RAIN,208.5,202.6,207.05,1.32,192.93,186.19,248.77,14.34,23.11,miscellaneous,miscellaneous,8.91,0.28,0.55,0.21,0.53,4.51,4.51,2.91,4.45,5.4,30.26,9.22,5.06,5.06,3.28,53.45,6964.04,7.62,7.35,3.84,48.28,1.97273326e8,3.36345679e8,2026-07-11,,,,,,,,,,,,,,,,,,,,,,,,,,,,
2026-07-11T23:04:56.598,LAURUSLABS,1548.0,1504.1,1537.8,2.02,1472.41,1498.74,1615.93,74.36,93.37,healthcare,pharmaceuticals - indian - bulk drugs & formln,-1.83,0.26,0.59,0.24,0.56,6.03,6.03,2.92,3.14,6.19,164.09,48.22,3.22,3.22,3.4,83.26,83019.15,10.24,8.57,3.81,69.89,3.91424862e8,5.39856582e8,2026-07-11,,,,,,,,,,,,,,,,,,,,,,,,,,,,
2026-07-10T22:58:06.455,SAMMAANCAP,167.99,163.0,166.46,3.37,156.56,165.61,168.16,-0.42,-1.84,financials,finance - housing,-4.99,0.02,-0.08,-0.01,-0.11,4.93,4.93,3.06,3.98,3.97,2.13,6.62,3.48,3.48,0.32,40.54,18706.6,1.14,0.69,0.33,52.24,1.161683871e9,1.161683871e9,2026-07-10,,,,,,,,,,,,,,,,,,,,,,,,,,,,
2026-07-10T22:58:06.455,LTF,328.75,319.0,321.25,0.05,305.94,321.19,321.37,24.94,26.94,financials,finance & investments,-2.02,-0.06,0.16,-0.08,0.16,6.32,6.32,3.06,3.51,3.9,32.18,11.26,3.27,3.27,2.86,161.47,80451.8,1.87,0.97,3.18,19.98,8.52976074e8,2.505506199e9,2026-07-10,,,,,,,,,,,,,,,,,,,,,,,,,,,,
2026-07-10T22:58:06.455,LALPATHLAB,1710.0,1674.6,1692.8,0.49,1611.06,1649.64,1779.13,53.84,35.68,healthcare,healthcare,0.81,0.06,0.07,0.04,0.06,3.21,3.21,2.11,3.07,3.48,79.44,52.01,3.41,3.41,1.53,30.24,28226.32,1.97,1.65,1.6,34.99,7.839275e7,1.6755502e8,2026-07-10,,,,,,,,,,,,,,,,,,,,,,,,,,,,
2026-07-10T22:58:06.455,ITDC,745.0,705.1,716.8,-1.55,665.04,624.35,901.7,54.3,75.76,services,hotels,17.5,0.12,0.13,0.14,0.15,6.28,6.28,5.66,6.03,4.53,124.77,43.25,4.97,4.97,2.88,187.54,6244.87,2.33,1.17,3.49,27.05,1.1127719e7,8.57694e7,2026-07-10,,,,,,,,,,,,,,,,,,,,,,,,,,,,
2026-07-10T22:58:06.455,IIFL,559.0,540.15,552.7,1.47,522.42,513.4,631.3,10.01,13.94,financials,finance & investments,1.38,-0.23,0.09,-0.25,0.07,7.96,7.96,3.49,3.72,7.74,59.93,20.54,3.72,3.72,2.92,53.64,23165.52,3.72,2.0,3.27,61.1,3.19614908e8,4.25289575e8,2026-07-10,,,,,,,,,,,,,,,,,,,,,,,,,,,,
2026-07-10T22:58:06.455,NEULANDLAB,19730.0,19353.0,19506.0,-0.18,18597.8,18813.92,20890.16,29.42,68.88,healthcare,pharmaceuticals - indian - bulk drugs,2.44,0.19,0.16,0.23,0.17,4.34,4.34,1.95,3.2,4.58,2205.24,623.92,3.3,3.3,3.53,38.46,25072.17,6.54,4.76,3.98,24.52,8.642905e6,1.2829889e7,2026-07-10,,,,,,,,,,,,,,,,,,,,,,,,,,,,
2026-07-10T22:58:06.455,GLAND,2526.9,2451.0,2479.4,0.4,2353.64,2435.21,2567.78,27.85,39.6,healthcare,pharmaceuticals - indian - formulations,3.15,0.34,0.24,0.33,0.24,3.1,3.1,3.1,3.35,1.2,278.41,83.06,3.45,3.45,3.35,43.07,40686.6,6.59,5.33,3.78,34.19,7.9362489e7,1.64756423e8,2026-07-10,,,,,,,,,,,,,,,,,,,,,,,,,,,,
2026-07-10T22:58:06.455,RAIN,208.5,202.6,207.05,1.32,192.93,186.19,248.77,14.34,22.81,miscellaneous,miscellaneous,8.91,0.28,0.55,0.21,0.53,4.51,4.51,2.91,4.45,5.4,30.26,9.22,5.06,5.06,3.28,53.45,6873.56,7.62,7.35,3.84,48.28,1.97273326e8,3.36345679e8,2026-07-10,,,,,,,,,,,,,,,,,,,,,,,,,,,,
2026-07-10T22:58:06.455,LAURUSLABS,1548.0,1504.1,1537.8,2.02,1472.41,1498.74,1615.93,74.36,91.52,healthcare,pharmaceuticals - indian - bulk drugs & formln,-1.83,0.26,0.59,0.24,0.56,6.03,6.03,2.92,3.14,6.19,164.09,48.22,3.22,3.22,3.4,83.26,81377.98,10.24,8.57,3.81,69.89,3.91424862e8,5.39856582e8,2026-07-10,,,,,,,,,,,,,,,,,,,,,,,,,,,,
2026-07-08T06:42:51.727,PAYTM,1251.0,1208.0,1246.0,2.28,1189.99,1154.22,1429.56,108.54,144.21,i.t,miscellaneous,6.93,-0.14,-0.06,-0.14,-0.08,4.57,4.57,3.56,2.87,4.15,124.0,35.8,3.32,3.32,3.46,126.2,79749.69,0.9,-1.22,3.85,106.15,6.40045681e8,6.40045681e8,2026-07-08,,,,,,,,,,,,,,,,,,,,,,,,,,,,
2026-07-08T06:42:51.727,M&MFIN,334.45,324.0,332.2,0.12,314.93,314.1,368.41,12.3,15.97,financials,finance & investments,7.06,-0.24,0.07,-0.25,0.07,3.23,3.23,3.23,3.66,3.38,24.31,12.16,3.55,3.55,2.0,94.12,46174.84,1.12,-1.88,2.16,67.43,6.60388561e8,1.38997116e9,2026-07-08,,,,,,,,,,,,,,,,,,,,,,,,,,,,
2026-07-08T06:42:51.727,SAMMAANCAP,176.0,167.0,168.95,-4.35,159.04,169.47,167.91,-0.43,-1.93,financials,finance - housing,2.34,0.05,-0.02,0.12,0.03,5.39,5.39,5.39,3.94,1.17,5.82,6.65,3.54,3.54,0.88,57.87,19626.65,1.66,0.93,0.91,29.33,1.161683871e9,1.161683871e9,2026-07-08,,,,,,,,,,,,,,,,,,,,,,,,,,,,
2026-07-08T06:42:51.727,ANANDRATHI,2120.0,2024.4,2052.0,-2.08,1962.96,1980.58,2194.85,41.17,42.87,financials,finance & investments,7.17,0.23,0.27,0.24,0.3,4.72,4.72,4.72,3.4,2.1,226.35,69.83,3.14,3.14,3.24,63.35,34071.67,3.13,2.0,3.64,39.53,9.734611e7,1.66041268e8,2026-07-08,,,,,,,,,,,,,,,,,,,,,,,,,,,,
2026-07-08T06:42:51.727,DELHIVERY,522.6,513.05,517.9,-0.34,495.8,489.61,574.48,133.48,253.87,transportation,miscellaneous,7.11,0.18,0.08,0.19,0.08,2.84,2.84,1.86,3.01,2.99,54.14,15.58,3.09,3.09,3.48,139.96,38770.41,3.38,0.18,3.88,31.13,7.48608108e8,7.48608108e8,2026-07-08,,,,,,,,,,,,,,,,,,,,,,,,,,,,
2026-07-08T06:42:51.727,JSWINFRA,326.8,319.8,322.45,-0.48,307.12,328.67,310.01,40.11,44.05,transportation,miscellaneous,-0.73,0.04,0.05,0.05,0.06,2.19,2.19,2.19,3.11,0.83,33.93,10.03,3.52,3.52,3.38,60.06,75130.9,3.41,3.24,3.78,26.42,6.07333491e8,2.330001567e9,2026-07-08,,,,,,,,,,,,,,,,,,,,,,,,,,,,
2026-07-08T06:42:51.727,IIFL,530.9,519.8,524.5,-0.62,495.57,511.85,549.79,9.5,13.42,financials,finance & investments,0.97,-0.25,0.02,-0.22,0.03,2.57,2.57,2.14,3.5,1.41,38.21,18.35,3.51,3.51,2.08,20.72,22306.44,3.59,1.53,2.25,25.61,3.19614908e8,4.25289575e8,2026-07-08,,,,,,,,,,,,,,,,,,,,,,,,,,,,
2026-07-08T06:42:51.727,RAYMONDREL,708.0,665.0,671.95,-4.39,619.74,639.45,736.96,7.01,14.76,realty,construction,8.38,0.17,0.11,0.23,0.16,6.47,6.47,6.47,5.5,6.64,90.86,36.97,5.23,5.23,2.46,57.7,4473.42,5.11,4.94,2.84,18.8,3.2814131e7,6.6573731e7,2026-07-08,,,,,,,,,,,,,,,,,,,,,,,,,,,,
2026-07-08T06:42:51.727,ACUTAAS,3540.0,3348.0,3391.0,-3.52,3176.25,3443.23,3286.53,52.69,77.94,healthcare,pharmaceuticals - indian - bulk drugs,3.31,0.79,0.99,0.84,1.07,5.73,5.73,5.73,4.64,1.28,359.28,157.29,4.47,4.47,2.28,92.82,27762.5,7.4,6.6,2.55,27.34,5.5129706e7,8.1871122e7,2026-07-08,,,,,,,,,,,,,,,,,,,,,,,,,,,,
2026-07-07T23:44:50.815,PAYTM,1251.0,1208.0,1246.0,2.28,1189.99,1154.22,1429.56,108.54,141.0,i.t,miscellaneous,6.93,-0.14,-0.06,-0.14,-0.08,4.57,4.57,3.56,2.87,4.15,124.0,35.8,3.32,3.32,3.46,126.2,77970.36,0.9,-1.22,3.85,106.15,6.40045681e8,6.40045681e8,2026-07-07,,,,,,,,,,,,,,,,,,,,,,,,,,,,
2026-07-07T23:44:50.815,M&MFIN,334.45,324.0,332.2,0.12,314.93,314.1,368.41,12.3,15.95,financials,finance & investments,7.06,-0.24,0.07,-0.25,0.07,3.23,3.23,3.23,3.66,3.38,24.31,12.16,3.55,3.55,2.0,94.12,46119.24,1.12,-1.88,2.16,67.43,6.60388561e8,1.38997116e9,2026-07-07,,,,,,,,,,,,,,,,,,,,,,,,,,,,
2026-07-07T23:44:50.815,SAMMAANCAP,176.0,167.0,168.95,-4.35,159.04,169.47,167.91,-0.43,-2.02,financials,finance - housing,2.34,0.05,-0.02,0.12,0.03,5.39,5.39,5.39,3.94,1.17,5.82,6.65,3.54,3.54,0.88,57.87,20519.98,1.66,0.93,0.91,29.33,1.161683871e9,1.161683871e9,2026-07-07,,,,,,,,,,,,,,,,,,,,,,,,,,,,
2026-07-07T23:44:50.815,ANANDRATHI,2120.0,2024.4,2052.0,-2.08,1962.96,1980.58,2194.85,41.17,43.77,financials,finance & investments,7.17,0.23,0.27,0.24,0.3,4.72,4.72,4.72,3.4,2.1,226.35,69.83,3.14,3.14,3.24,63.35,34793.95,3.13,2.0,3.64,39.53,9.734611e7,1.66041268e8,2026-07-07,,,,,,,,,,,,,,,,,,,,,,,,,,,,
2026-07-07T23:44:50.815,DELHIVERY,522.6,513.05,517.9,-0.34,495.8,489.61,574.48,133.48,254.73,transportation,miscellaneous,7.11,0.18,0.08,0.19,0.08,2.84,2.84,1.86,3.01,2.99,54.14,15.58,3.09,3.09,3.48,139.96,38901.42,3.38,0.18,3.88,31.13,7.48608108e8,7.48608108e8,2026-07-07,,,,,,,,,,,,,,,,,,,,,,,,,,,,
2026-07-07T23:44:50.815,JSWINFRA,326.8,319.8,322.45,-0.48,307.12,328.67,310.01,40.11,44.26,transportation,miscellaneous,-0.73,0.04,0.05,0.05,0.06,2.19,2.19,2.19,3.11,0.83,33.93,10.03,3.52,3.52,3.38,60.06,75492.05,3.41,3.24,3.78,26.42,6.07333491e8,2.330001567e9,2026-07-07,,,,,,,,,,,,,,,,,,,,,,,,,,,,
2026-07-07T23:44:50.815,IIFL,530.9,519.8,524.5,-0.62,495.57,511.85,549.79,9.5,13.51,financials,finance & investments,0.97,-0.25,0.02,-0.22,0.03,2.57,2.57,2.14,3.5,1.41,38.21,18.35,3.51,3.51,2.08,20.72,22444.66,3.59,1.53,2.25,25.61,3.19614908e8,4.25289575e8,2026-07-07,,,,,,,,,,,,,,,,,,,,,,,,,,,,
2026-07-07T23:44:50.815,RAYMONDREL,708.0,665.0,671.95,-4.39,619.74,639.45,736.96,7.01,15.44,realty,construction,8.38,0.17,0.11,0.23,0.16,6.47,6.47,6.47,5.5,6.64,90.86,36.97,5.23,5.23,2.46,57.7,4678.8,5.11,4.94,2.84,18.8,3.2814131e7,6.6573731e7,2026-07-07,,,,,,,,,,,,,,,,,,,,,,,,,,,,
2026-07-07T23:44:50.815,ACUTAAS,3540.0,3348.0,3391.0,-3.52,3176.25,3443.23,3286.53,52.69,80.78,healthcare,pharmaceuticals - indian - bulk drugs,3.31,0.79,0.99,0.84,1.07,5.73,5.73,5.73,4.64,1.28,359.28,157.29,4.47,4.47,2.28,92.82,28776.06,7.4,6.6,2.55,27.34,5.5129706e7,8.1871122e7,2026-07-07,,,,,,,,,,,,,,,,,,,,,,,,,,,,
2026-07-06T06:49:00.289,PAYTM,1231.9,1200.3,1221.4,0.66,1165.25,1118.54,1427.13,106.39,141.37,i.t,miscellaneous,11.04,-0.13,-0.08,-0.14,-0.08,2.63,2.63,2.63,2.9,6.16,102.25,35.44,3.31,3.31,2.89,96.93,78175.18,0.43,-1.47,3.15,59.54,6.40045681e8,6.40045681e8,2026-07-06,,,,,,,,,,,,,,,,,,,,,,,,,,,,
2026-07-06T06:49:00.289,ANANTRAJ,556.75,532.45,554.7,3.17,525.97,512.97,638.15,33.18,34.65,realty,construction,0.73,-0.07,-0.19,-0.1,-0.21,7.48,7.48,4.56,3.18,8.13,33.98,17.65,3.25,3.25,1.93,137.27,19962.37,1.69,1.32,2.05,126.09,1.53279607e8,3.5987693e8,2026-07-06,,,,,,,,,,,,,,,,,,,,,,,,,,,,
2026-07-06T06:49:00.289,DELHIVERY,515.0,502.85,507.45,-0.36,484.93,474.45,573.45,130.79,248.75,transportation,miscellaneous,8.38,0.16,0.06,0.16,0.07,2.96,2.96,2.42,3.28,7.85,46.2,16.65,3.05,3.05,2.77,213.78,37988.12,1.8,-0.09,3.05,27.63,7.48608108e8,7.48608108e8,2026-07-06,,,,,,,,,,,,,,,,,,,,,,,,,,,,
2026-07-06T06:49:00.289,SAMMAANCAP,177.44,173.01,175.64,0.98,165.82,170.1,186.71,-0.44,-2.01,financials,finance - housing,1.04,0.11,0.03,0.13,0.02,2.56,2.56,2.56,3.69,1.52,13.6,6.47,3.66,3.66,2.1,40.04,20403.82,2.11,1.11,2.28,40.62,1.161683871e9,1.161683871e9,2026-07-06,,,,,,,,,,,,,,,,,,,,,,,,,,,,
2026-07-06T06:49:00.289,ATHERENERG,1169.6,1116.2,1130.0,-1.14,1057.62,1038.67,1312.67,-107.82,-81.0,auto,automobiles - scooters and 3 - wheelers,11.25,0.38,0.72,0.43,0.74,4.78,4.78,4.78,4.49,1.24,156.86,50.77,4.76,4.76,3.09,58.02,43242.07,3.89,3.14,3.59,27.18,2.26664448e8,3.82673164e8,2026-07-06,,,,,,,,,,,,,,,,,,,,,,,,,,,,
2026-07-06T06:49:00.289,RAYMONDREL,708.0,630.1,676.0,6.85,625.2,625.88,776.24,7.05,14.85,realty,construction,1.2,0.19,0.12,0.14,0.05,12.56,12.56,12.36,5.2,8.51,103.65,35.16,5.32,5.32,2.95,326.5,4500.38,5.56,4.89,3.48,130.53,3.2814131e7,6.6573731e7,2026-07-06,,,,,,,,,,,,,,,,,,,,,,,,,,,,
2026-07-06T06:49:00.289,GRANULES,840.0,826.05,833.8,0.98,796.98,777.74,945.91,25.33,34.12,healthcare,pharmaceuticals - indian - bulk drugs & formln,5.34,0.28,0.42,0.26,0.41,4.41,4.41,1.69,2.95,3.64,78.39,24.63,3.27,3.27,3.18,90.7,20661.31,5.67,4.53,3.51,31.47,1.53593396e8,2.47796921e8,2026-07-06,,,,,,,,,,,,,,,,,,,,,,,,,,,,
2026-07-06T06:49:00.289,TEJASNET,604.5,591.05,593.6,-1.46,551.48,616.74,547.32,-12.47,-11.56,telecom,telecommunications - equipment,-3.42,0.22,-0.02,0.22,-0.0,2.28,2.28,2.28,4.19,0.43,74.43,24.89,4.96,4.96,2.99,18.26,10550.76,6.09,4.67,3.42,10.25,8.2836176e7,1.77741862e8,2026-07-06,,,,,,,,,,,,,,,,,,,,,,,,,,,,
2026-07-06T06:49:00.289,SHAILY,2943.1,2820.2,2901.6,-1.32,2701.69,2753.97,3196.86,83.0,78.49,plastic products,plastics products,3.7,0.18,0.2,0.2,0.21,4.36,4.36,4.36,3.98,2.89,129.34,115.4,4.43,4.43,1.12,62.33,13334.33,6.22,3.65,1.17,70.54,2.6012493e7,4.5955093e7,2026-07-06,,,,,,,,,,,,,,,,,,,,,,,,,,,,
2026-07-05T23:19:04.502,PAYTM,1231.9,1200.3,1221.4,0.66,1165.25,1118.54,1427.13,106.39,141.37,i.t,miscellaneous,11.04,-0.13,-0.08,-0.14,-0.08,2.63,2.63,2.63,2.9,6.16,102.25,35.44,3.31,3.31,2.89,96.93,78175.18,0.43,-1.47,3.15,59.54,6.40045681e8,6.40045681e8,2026-07-05,,,,,,,,,,,,,,,,,,,,,,,,,,,,
2026-07-05T23:19:04.502,ANANTRAJ,556.75,532.45,554.7,3.17,525.97,512.97,638.15,33.18,34.65,realty,construction,0.73,-0.07,-0.19,-0.1,-0.21,7.48,7.48,4.56,3.18,8.13,33.98,17.65,3.25,3.25,1.93,137.27,19962.37,1.69,1.32,2.05,126.09,1.53279607e8,3.5987693e8,2026-07-05,,,,,,,,,,,,,,,,,,,,,,,,,,,,
2026-07-05T23:19:04.502,DELHIVERY,515.0,502.85,507.45,-0.36,484.93,474.45,573.45,130.79,248.75,transportation,miscellaneous,8.38,0.16,0.06,0.16,0.07,2.96,2.96,2.42,3.28,7.85,46.2,16.65,3.05,3.05,2.77,213.78,37988.12,1.8,-0.09,3.05,27.63,7.48608108e8,7.48608108e8,2026-07-05,,,,,,,,,,,,,,,,,,,,,,,,,,,,
2026-07-05T23:19:04.502,SAMMAANCAP,177.44,173.01,175.64,0.98,165.82,170.1,186.71,-0.44,-2.01,financials,finance - housing,1.04,0.11,0.03,0.13,0.02,2.56,2.56,2.56,3.69,1.52,13.6,6.47,3.66,3.66,2.1,40.04,20403.82,2.11,1.11,2.28,40.62,1.161683871e9,1.161683871e9,2026-07-05,,,,,,,,,,,,,,,,,,,,,,,,,,,,
2026-07-05T23:19:04.502,ATHERENERG,1169.6,1116.2,1130.0,-1.14,1057.62,1038.67,1312.67,-107.82,-81.0,auto,automobiles - scooters and 3 - wheelers,11.25,0.38,0.72,0.43,0.74,4.78,4.78,4.78,4.49,1.24,156.86,50.77,4.76,4.76,3.09,58.02,43242.07,3.89,3.14,3.59,27.18,2.26664448e8,3.82673164e8,2026-07-05,,,,,,,,,,,,,,,,,,,,,,,,,,,,
2026-07-05T23:19:04.502,RAYMONDREL,708.0,630.1,676.0,6.85,625.2,625.88,776.24,7.05,14.85,realty,construction,1.2,0.19,0.12,0.14,0.05,12.56,12.56,12.36,5.2,8.51,103.65,35.16,5.32,5.32,2.95,326.5,4500.38,5.56,4.89,3.48,130.53,3.2814131e7,6.6573731e7,2026-07-05,,,,,,,,,,,,,,,,,,,,,,,,,,,,
2026-07-05T23:19:04.502,GRANULES,840.0,826.05,833.8,0.98,796.98,777.74,945.91,25.33,34.12,healthcare,pharmaceuticals - indian - bulk drugs & formln,5.34,0.28,0.42,0.26,0.41,4.41,4.41,1.69,2.95,3.64,78.39,24.63,3.27,3.27,3.18,90.7,20661.31,5.67,4.53,3.51,31.47,1.53593396e8,2.47796921e8,2026-07-05,,,,,,,,,,,,,,,,,,,,,,,,,,,,
2026-07-05T23:19:04.502,TEJASNET,604.5,591.05,593.6,-1.46,551.48,616.74,547.32,-12.47,-11.56,telecom,telecommunications - equipment,-3.42,0.22,-0.02,0.22,-0.0,2.28,2.28,2.28,4.19,0.43,74.43,24.89,4.96,4.96,2.99,18.26,10550.76,6.09,4.67,3.42,10.25,8.2836176e7,1.77741862e8,2026-07-05,,,,,,,,,,,,,,,,,,,,,,,,,,,,
2026-07-05T23:19:04.502,SHAILY,2943.1,2820.2,2901.6,-1.32,2701.69,2753.97,3196.86,83.0,78.49,plastic products,plastics products,3.7,0.18,0.2,0.2,0.21,4.36,4.36,4.36,3.98,2.89,129.34,115.4,4.43,4.43,1.12,62.33,13334.33,6.22,3.65,1.17,70.54,2.6012493e7,4.5955093e7,2026-07-05,,,,,,,,,,,,,,,,,,,,,,,,,,,,
2026-07-04T23:14:43.789,PAYTM,1231.9,1200.3,1221.4,0.66,1165.25,1118.54,1427.13,106.39,141.37,i.t,miscellaneous,11.04,-0.13,-0.08,-0.14,-0.08,2.63,2.63,2.63,2.9,6.16,102.25,35.44,3.31,3.31,2.89,96.93,78175.18,0.43,-1.47,3.15,59.54,6.40045681e8,6.40045681e8,2026-07-04,,,,,,,,,,,,,,,,,,,,,,,,,,,,
2026-07-04T23:14:43.789,ANANTRAJ,556.75,532.45,554.7,3.17,525.97,512.97,638.15,33.18,34.65,realty,construction,0.73,-0.07,-0.19,-0.1,-0.21,7.48,7.48,4.56,3.18,8.13,33.98,17.65,3.25,3.25,1.93,137.27,19962.37,1.69,1.32,2.05,126.09,1.53279607e8,3.5987693e8,2026-07-04,,,,,,,,,,,,,,,,,,,,,,,,,,,,
2026-07-04T23:14:43.789,DELHIVERY,515.0,502.85,507.45,-0.36,484.93,474.45,573.45,130.79,248.75,transportation,miscellaneous,8.38,0.16,0.06,0.16,0.07,2.96,2.96,2.42,3.28,7.85,46.2,16.65,3.05,3.05,2.77,213.78,37988.12,1.8,-0.09,3.05,27.63,7.48608108e8,7.48608108e8,2026-07-04,,,,,,,,,,,,,,,,,,,,,,,,,,,,
2026-07-04T23:14:43.789,SAMMAANCAP,177.44,173.01,175.64,0.98,165.82,170.1,186.71,-0.44,-2.01,financials,finance - housing,1.04,0.11,0.03,0.13,0.02,2.56,2.56,2.56,3.69,1.52,13.6,6.47,3.66,3.66,2.1,40.04,20403.82,2.11,1.11,2.28,40.62,1.161683871e9,1.161683871e9,2026-07-04,,,,,,,,,,,,,,,,,,,,,,,,,,,,
2026-07-04T23:14:43.789,ATHERENERG,1169.6,1116.2,1130.0,-1.14,1057.62,1038.67,1312.67,-107.82,-81.0,auto,automobiles - scooters and 3 - wheelers,11.25,0.38,0.72,0.43,0.74,4.78,4.78,4.78,4.49,1.24,156.86,50.77,4.76,4.76,3.09,58.02,43242.07,3.89,3.14,3.59,27.18,2.26664448e8,3.82673164e8,2026-07-04,,,,,,,,,,,,,,,,,,,,,,,,,,,,
2026-07-04T23:14:43.789,RAYMONDREL,708.0,630.1,676.0,6.85,625.2,625.88,776.24,7.05,14.85,realty,construction,1.2,0.19,0.12,0.14,0.05,12.56,12.56,12.36,5.2,8.51,103.65,35.16,5.32,5.32,2.95,326.5,4500.38,5.56,4.89,3.48,130.53,3.2814131e7,6.6573731e7,2026-07-04,,,,,,,,,,,,,,,,,,,,,,,,,,,,
2026-07-04T23:14:43.789,GRANULES,840.0,826.05,833.8,0.98,796.98,777.74,945.91,25.33,34.12,healthcare,pharmaceuticals - indian - bulk drugs & formln,5.34,0.28,0.42,0.26,0.41,4.41,4.41,1.69,2.95,3.64,78.39,24.63,3.27,3.27,3.18,90.7,20661.31,5.67,4.53,3.51,31.47,1.53593396e8,2.47796921e8,2026-07-04,,,,,,,,,,,,,,,,,,,,,,,,,,,,
2026-07-04T23:14:43.789,TEJASNET,604.5,591.05,593.6,-1.46,551.48,616.74,547.32,-12.47,-11.56,telecom,telecommunications - equipment,-3.42,0.22,-0.02,0.22,-0.0,2.28,2.28,2.28,4.19,0.43,74.43,24.89,4.96,4.96,2.99,18.26,10550.76,6.09,4.67,3.42,10.25,8.2836176e7,1.77741862e8,2026-07-04,,,,,,,,,,,,,,,,,,,,,,,,,,,,
2026-07-04T23:14:43.789,SHAILY,2943.1,2820.2,2901.6,-1.32,2701.69,2753.97,3196.86,83.0,78.49,plastic products,plastics products,3.7,0.18,0.2,0.2,0.21,4.36,4.36,4.36,3.98,2.89,129.34,115.4,4.43,4.43,1.12,62.33,13334.33,6.22,3.65,1.17,70.54,2.6012493e7,4.5955093e7,2026-07-04,,,,,,,,,,,,,,,,,,,,,,,,,,,,
2026-07-03T23:36:35.158,PAYTM,1231.9,1200.3,1221.4,0.66,1165.25,1118.54,1427.13,106.39,140.44,i.t,miscellaneous,11.04,-0.13,-0.08,-0.14,-0.08,2.63,2.63,2.63,2.9,6.16,102.25,35.44,3.31,3.31,2.89,96.93,77663.14,0.43,-1.47,3.15,59.54,6.40045681e8,6.40045681e8,2026-07-03,,,,,,,,,,,,,,,,,,,,,,,,,,,,
2026-07-03T23:36:35.158,ANANTRAJ,556.75,532.45,554.7,3.17,525.97,512.97,638.15,33.18,33.58,realty,construction,0.73,-0.07,-0.19,-0.1,-0.21,7.48,7.48,4.56,3.18,8.13,33.98,17.65,3.25,3.25,1.93,137.27,19348.78,1.69,1.32,2.05,126.09,1.53279607e8,3.5987693e8,2026-07-03,,,,,,,,,,,,,,,,,,,,,,,,,,,,
2026-07-03T23:36:35.158,DELHIVERY,515.0,502.85,507.45,-0.36,484.93,474.45,573.45,130.79,249.66,transportation,miscellaneous,8.38,0.16,0.06,0.16,0.07,2.96,2.96,2.42,3.28,7.85,46.2,16.65,3.05,3.05,2.77,213.78,38126.61,1.8,-0.09,3.05,27.63,7.48608108e8,7.48608108e8,2026-07-03,,,,,,,,,,,,,,,,,,,,,,,,,,,,
2026-07-03T23:36:35.158,SAMMAANCAP,177.44,173.01,175.64,0.98,165.82,170.1,186.71,-0.44,-1.99,financials,finance - housing,1.04,0.11,0.03,0.13,0.02,2.56,2.56,2.56,3.69,1.52,13.6,6.47,3.66,3.66,2.1,40.04,20206.33,2.11,1.11,2.28,40.62,1.161683871e9,1.161683871e9,2026-07-03,,,,,,,,,,,,,,,,,,,,,,,,,,,,
2026-07-03T23:36:35.158,ATHERENERG,1169.6,1116.2,1130.0,-1.14,1057.62,1038.67,1312.67,-107.82,-81.94,auto,automobiles - scooters and 3 - wheelers,11.25,0.38,0.72,0.43,0.74,4.78,4.78,4.78,4.49,1.24,156.86,50.77,4.76,4.76,3.09,58.02,43739.54,3.89,3.14,3.59,27.18,2.26664448e8,3.82673164e8,2026-07-03,,,,,,,,,,,,,,,,,,,,,,,,,,,,
2026-07-03T23:36:35.158,RAYMONDREL,708.0,630.1,676.0,6.85,625.2,625.88,776.24,7.05,13.9,realty,construction,1.2,0.19,0.12,0.14,0.05,12.56,12.56,12.36,5.2,8.51,103.65,35.16,5.32,5.32,2.95,326.5,4211.79,5.56,4.89,3.48,130.53,3.2814131e7,6.6573731e7,2026-07-03,,,,,,,,,,,,,,,,,,,,,,,,,,,,
2026-07-03T23:36:35.158,GRANULES,840.0,826.05,833.8,0.98,796.98,777.74,945.91,25.33,33.78,healthcare,pharmaceuticals - indian - bulk drugs & formln,5.34,0.28,0.42,0.26,0.41,4.41,4.41,1.69,2.95,3.64,78.39,24.63,3.27,3.27,3.18,90.7,20460.59,5.67,4.53,3.51,31.47,1.53593396e8,2.47796921e8,2026-07-03,,,,,,,,,,,,,,,,,,,,,,,,,,,,
2026-07-03T23:36:35.158,TEJASNET,604.5,591.05,593.6,-1.46,551.48,616.74,547.32,-12.47,-11.73,telecom,telecommunications - equipment,-3.42,0.22,-0.02,0.22,-0.0,2.28,2.28,2.28,4.19,0.43,74.43,24.89,4.96,4.96,2.99,18.26,10707.17,6.09,4.67,3.42,10.25,8.2836176e7,1.77741862e8,2026-07-03,,,,,,,,,,,,,,,,,,,,,,,,,,,,
2026-07-03T23:36:35.158,SHAILY,2943.1,2820.2,2901.6,-1.32,2701.69,2753.97,3196.86,83.0,79.53,plastic products,plastics products,3.7,0.18,0.2,0.2,0.21,4.36,4.36,4.36,3.98,2.89,129.34,115.4,4.43,4.43,1.12,62.33,13512.64,6.22,3.65,1.17,70.54,2.6012493e7,4.5955093e7,2026-07-03,,,,,,,,,,,,,,,,,,,,,,,,,,,,
2026-07-02T07:24:09.078,M&MFIN,318.9,312.0,315.15,-0.21,298.11,297.03,351.39,11.67,15.15,financials,finance & investments,7.89,-0.25,0.07,-0.27,0.08,2.54,2.54,2.21,3.86,2.82,9.44,12.16,3.52,3.52,0.78,47.31,43804.94,0.28,-2.8,0.8,25.9,6.60388561e8,1.38997116e9,2026-07-02,,,,,,,,,,,,,,,,,,,,,,,,,,,,
2026-07-02T07:24:09.078,SAMMAANCAP,182.9,174.6,176.29,1.54,166.09,171.24,186.4,-0.45,-2.02,financials,finance - housing,-2.61,0.15,0.05,0.14,0.04,7.97,7.97,4.75,4.04,5.88,15.23,7.13,3.9,3.9,2.14,109.64,20479.33,1.43,1.32,2.34,23.71,1.161683871e9,1.161683871e9,2026-07-02,,,,,,,,,,,,,,,,,,,,,,,,,,,,
2026-07-02T07:24:09.078,JBMA,719.85,699.9,702.7,0.71,663.86,698.58,710.95,55.95,75.89,auto,auto ancillaries,-2.45,0.06,0.04,0.03,0.04,5.7,5.7,2.85,3.45,3.34,45.39,24.21,3.71,3.71,1.87,56.08,16618.45,2.45,2.19,2.0,11.57,7.6785978e7,2.36494264e8,2026-07-02,,,,,,,,,,,,,,,,,,,,,,,,,,,,
2026-07-02T07:24:09.078,DELHIVERY,510.0,470.5,507.7,7.55,484.73,461.47,600.17,130.85,248.87,transportation,miscellaneous,2.05,0.15,0.04,0.06,-0.04,10.02,10.02,8.4,3.54,10.13,48.05,17.98,3.02,3.02,2.67,495.14,38006.83,2.84,-0.19,2.95,206.87,7.48608108e8,7.48608108e8,2026-07-02,,,,,,,,,,,,,,,,,,,,,,,,,,,,
2026-07-02T07:24:09.078,MANAPPURAM,322.75,315.0,316.65,-2.33,301.34,311.53,326.9,16.6,26.99,financials,finance & investments,1.34,-0.06,0.07,-0.05,0.1,3.12,3.12,2.46,3.24,1.75,7.38,10.26,3.15,3.15,0.72,53.36,29744.08,3.76,3.09,0.74,16.08,6.40935088e8,9.39336102e8,2026-07-02,,,,,,,,,,,,,,,,,,,,,,,,,,,,
2026-07-02T07:24:09.078,ATHERENERG,1176.2,1120.1,1130.4,-0.89,1057.2,1007.09,1377.03,-107.86,-81.03,auto,automobiles - scooters and 3 - wheelers,8.33,0.45,0.79,0.47,0.81,10.03,10.03,5.01,4.68,14.19,167.01,52.89,5.13,5.13,3.16,114.33,43257.37,5.2,3.3,3.7,19.47,2.26664448e8,3.82673164e8,2026-07-02,,,,,,,,,,,,,,,,,,,,,,,,,,,,
2026-07-02T07:24:09.078,GRANULES,829.0,806.5,811.4,-0.23,773.59,763.7,906.8,24.65,33.2,healthcare,pharmaceuticals - indian - bulk drugs & formln,4.78,0.24,0.39,0.21,0.4,4.57,4.57,2.79,3.26,6.75,62.53,26.48,3.24,3.24,2.36,75.64,20106.24,5.77,4.83,2.56,18.51,1.53593396e8,2.47796921e8,2026-07-02,,,,,,,,,,,,,,,,,,,,,,,,,,,,
2026-07-02T07:24:09.078,SHAILY,2939.9,2835.0,2869.2,-0.91,2664.17,2759.64,3088.31,82.07,77.61,plastic products,plastics products,3.4,0.17,0.15,0.13,0.16,3.7,3.7,3.7,4.12,1.65,140.06,118.27,4.58,4.58,1.18,38.41,13185.44,5.97,3.42,1.24,28.92,2.6012493e7,4.5955093e7,2026-07-02,,,,,,,,,,,,,,,,,,,,,,,,,,,,
2026-07-02T07:24:09.078,MAHABANK,92.78,89.9,91.2,-0.26,87.1,90.47,92.66,8.57,9.99,bank,banks - public sector,1.61,0.45,0.53,0.47,0.54,3.2,3.2,3.2,3.2,3.64,8.74,2.92,3.21,3.21,2.99,72.25,70146.98,6.19,5.48,3.31,44.52,2.03049532e9,7.69155495e9,2026-07-02,,,,,,,,,,,,,,,,,,,,,,,,,,,,
2026-07-01T23:02:11.441,M&MFIN,318.9,312.0,315.15,-0.21,298.11,297.03,351.39,11.67,15.18,financials,finance & investments,7.89,-0.25,0.07,-0.27,0.08,2.54,2.54,2.21,3.86,2.82,9.44,12.16,3.52,3.52,0.78,47.31,43895.29,0.28,-2.8,0.8,25.9,6.60388561e8,1.38997116e9,2026-07-01,,,,,,,,,,,,,,,,,,,,,,,,,,,,
2026-07-01T23:02:11.441,SAMMAANCAP,182.9,174.6,176.29,1.54,166.09,171.24,186.4,-0.45,-1.99,financials,finance - housing,-2.61,0.15,0.05,0.14,0.04,7.97,7.97,4.75,4.04,5.88,15.23,7.13,3.9,3.9,2.14,109.64,20169.16,1.43,1.32,2.34,23.71,1.161683871e9,1.161683871e9,2026-07-01,,,,,,,,,,,,,,,,,,,,,,,,,,,,
2026-07-01T23:02:11.441,JBMA,719.85,699.9,702.7,0.71,663.86,698.58,710.95,55.95,75.35,auto,auto ancillaries,-2.45,0.06,0.04,0.03,0.04,5.7,5.7,2.85,3.45,3.34,45.39,24.21,3.71,3.71,1.87,56.08,16501.39,2.45,2.19,2.0,11.57,7.6785978e7,2.36494264e8,2026-07-01,,,,,,,,,,,,,,,,,,,,,,,,,,,,
2026-07-01T23:02:11.441,DELHIVERY,510.0,470.5,507.7,7.55,484.73,461.47,600.17,130.85,231.4,transportation,miscellaneous,2.05,0.15,0.04,0.06,-0.04,10.02,10.02,8.4,3.54,10.13,48.05,17.98,3.02,3.02,2.67,495.14,35338.05,2.84,-0.19,2.95,206.87,7.48608108e8,7.48608108e8,2026-07-01,,,,,,,,,,,,,,,,,,,,,,,,,,,,
2026-07-01T23:02:11.441,MANAPPURAM,322.75,315.0,316.65,-2.33,301.34,311.53,326.9,16.6,27.64,financials,finance & investments,1.34,-0.06,0.07,-0.05,0.1,3.12,3.12,2.46,3.24,1.75,7.38,10.26,3.15,3.15,0.72,53.36,30453.28,3.76,3.09,0.74,16.08,6.40935088e8,9.39336102e8,2026-07-01,,,,,,,,,,,,,,,,,,,,,,,,,,,,
2026-07-01T23:02:11.441,ATHERENERG,1176.2,1120.1,1130.4,-0.89,1057.2,1007.09,1377.03,-107.86,-81.76,auto,automobiles - scooters and 3 - wheelers,8.33,0.45,0.79,0.47,0.81,10.03,10.03,5.01,4.68,14.19,167.01,52.89,5.13,5.13,3.16,114.33,43645.79,5.2,3.3,3.7,19.47,2.26664448e8,3.82673164e8,2026-07-01,,,,,,,,,,,,,,,,,,,,,,,,,,,,
2026-07-01T23:02:11.441,GRANULES,829.0,806.5,811.4,-0.23,773.59,763.7,906.8,24.65,33.28,healthcare,pharmaceuticals - indian - bulk drugs & formln,4.78,0.24,0.39,0.21,0.4,4.57,4.57,2.79,3.26,6.75,62.53,26.48,3.24,3.24,2.36,75.64,20152.08,5.77,4.83,2.56,18.51,1.53593396e8,2.47796921e8,2026-07-01,,,,,,,,,,,,,,,,,,,,,,,,,,,,
2026-07-01T23:02:11.441,SHAILY,2939.9,2835.0,2869.2,-0.91,2664.17,2759.64,3088.31,82.07,78.32,plastic products,plastics products,3.4,0.17,0.15,0.13,0.16,3.7,3.7,3.7,4.12,1.65,140.06,118.27,4.58,4.58,1.18,38.41,13306.3,5.97,3.42,1.24,28.92,2.6012493e7,4.5955093e7,2026-07-01,,,,,,,,,,,,,,,,,,,,,,,,,,,,
2026-07-01T23:02:11.441,MAHABANK,92.78,89.9,91.2,-0.26,87.1,90.47,92.66,8.57,10.02,bank,banks - public sector,1.61,0.45,0.53,0.47,0.54,3.2,3.2,3.2,3.2,3.64,8.74,2.92,3.21,3.21,2.99,72.25,70331.58,6.19,5.48,3.31,44.52,2.03049532e9,7.69155495e9,2026-07-01,,,,,,,,,,,,,,,,,,,,,,,,,,,,
2026-06-30T07:21:24.793,GVT&D,,,4956.5,,,4863.6,5441.4,90.18,102.9,industrials,electric equipment,0.72,0.57,0.67,0.46,0.58,,,5.94,4.57,8.7,,,,,,,,,,,,,,2026-06-30,,,,,60.55,27.96,5.19,4898.5,-4.79,,,,,,,9.66,-8.36,5650.0,10.66,,,,,,,,,
2026-06-30T07:21:24.793,FINCABLES,,,1179.2,,,995.62,1244.38,20.1,25.27,industrials,cables - power,6.07,0.36,0.35,0.3,0.27,,,12.49,4.73,7.59,,,,,,,,,,,,,,2026-06-30,,,,,60.68,21.62,6.05,1056.1,-4.55,,,,,,,7.49,-1.44,1203.9,8.77,,,,,,,,,
2026-06-30T07:21:24.793,HAPPYFORGE,,,1528.0,,,1326.13,1536.27,43.12,47.76,industrials,castings & forgings,1.08,0.23,0.44,0.14,0.35,,,7.92,3.85,7.2,,,,,,,,,,,,,,2026-06-30,,,,,59.47,21.97,6.77,1340.5,-5.34,,,,,,,11.12,-0.64,1590.4,5.12,,,,,,,,,
2026-06-30T07:21:24.793,KIMS,,,805.45,,,764.99,827.81,189.96,133.8,healthcare,healthcare,2.33,0.1,0.1,0.08,0.08,,,4.11,3.45,4.3,,,,,,,,,,,,,,2026-06-30,,,,,59.86,31.48,1.74,782.8,-2.73,,,,,,,2.71,-1.93,818.0,9.75,,,,,,,,,
2026-06-30T07:21:24.793,ROSSTECH,,,929.1,,,1010.22,1030.58,116.14,160.19,aerospace & defence,engineering,-2.8,0.39,0.39,0.36,0.36,,,1.01,5.57,4.24,,,,,,,,,,,,,,2026-06-30,,,,,54.28,21.44,3.92,981.9,0.64,,,,,,,8.19,-11.07,1104.0,13.6,,,,,,,,,
2026-06-30T07:21:24.793,STEELCAS,,,300.35,,,276.16,315.34,32.79,35.05,industrials,castings & forgings,4.02,0.3,0.33,0.25,0.3,,,7.09,4.58,3.35,,,,,,,,,,,,,,2026-06-30,,,,,58.9,17.52,2.96,287.25,-3.61,,,,,,,16.31,-3.08,344.0,4.47,,,,,,,,,
2026-06-30T07:21:24.793,CENTENKA,,,513.35,,,501.22,508.18,7.12,11.15,textiles,textiles - manmade,-1.15,0.05,0.02,0.02,0.01,,,0.7,4.0,2.79,,,,,,,,,,,,,,2026-06-30,,,,,57.62,41.71,1.87,495.45,0.03,,,,,,,9.97,-0.71,555.0,14.56,,,,,,,,,
2026-06-30T07:21:24.793,ADANIPORTS,,,1776.1,,,1798.02,1859.18,30.73,30.51,transportation,miscellaneous,0.46,0.11,0.28,0.09,0.28,,,1.7,2.13,1.75,,,,,,,,,,,,,,2026-06-30,,,,,60.31,20.64,1.23,1806.3,-1.98,,,,,,,1.14,-3.18,1849.5,4.98,,,,,,,,,
2026-06-30T07:21:24.793,INDUSINDBK,,,915.4,,,895.04,977.36,29.99,80.23,bank,banks - private sector,2.81,0.01,0.25,0.0,0.24,,,4.6,2.63,1.74,,,,,,,,,,,,,,2026-06-30,,,,,58.14,16.27,1.74,920.2,-1.49,,,,,,,1.53,-3.85,950.55,3.93,,,,,,,,,
2026-06-29T23:54:10.162,GVT&D,,,4956.5,,,4863.6,5441.4,90.18,104.69,industrials,electric equipment,0.72,0.57,0.67,0.46,0.58,,,5.94,4.57,8.7,,,,,,,,,,,,,,2026-06-29,,,,,60.55,27.96,5.19,4898.5,-4.79,,,,,,,9.66,-8.36,5650.0,10.66,,,,,,,,,
2026-06-29T23:54:10.162,FINCABLES,,,1179.2,,,995.62,1244.38,20.1,23.93,industrials,cables - power,6.07,0.36,0.35,0.3,0.27,,,12.49,4.73,7.59,,,,,,,,,,,,,,2026-06-29,,,,,60.68,21.62,6.05,1056.1,-4.55,,,,,,,7.49,-1.44,1203.9,8.77,,,,,,,,,
2026-06-29T23:54:10.162,HAPPYFORGE,,,1528.0,,,1326.13,1536.27,43.12,47.18,industrials,castings & forgings,1.08,0.23,0.44,0.14,0.35,,,7.92,3.85,7.2,,,,,,,,,,,,,,2026-06-29,,,,,59.47,21.97,6.77,1340.5,-5.34,,,,,,,11.12,-0.64,1590.4,5.12,,,,,,,,,
2026-06-29T23:54:10.162,KIMS,,,805.45,,,764.99,827.81,189.96,132.12,healthcare,healthcare,2.33,0.1,0.1,0.08,0.08,,,4.11,3.45,4.3,,,,,,,,,,,,,,2026-06-29,,,,,59.86,31.48,1.74,782.8,-2.73,,,,,,,2.71,-1.93,818.0,9.75,,,,,,,,,
2026-06-29T23:54:10.162,ROSSTECH,,,929.1,,,1010.22,1030.58,116.14,160.78,aerospace & defence,engineering,-2.8,0.39,0.39,0.36,0.36,,,1.01,5.57,4.24,,,,,,,,,,,,,,2026-06-29,,,,,54.28,21.44,3.92,981.9,0.64,,,,,,,8.19,-11.07,1104.0,13.6,,,,,,,,,
2026-06-29T23:54:10.162,STEELCAS,,,300.35,,,276.16,315.34,32.79,34.77,industrials,castings & forgings,4.02,0.3,0.33,0.25,0.3,,,7.09,4.58,3.35,,,,,,,,,,,,,,2026-06-29,,,,,58.9,17.52,2.96,287.25,-3.61,,,,,,,16.31,-3.08,344.0,4.47,,,,,,,,,
2026-06-29T23:54:10.162,CENTENKA,,,513.35,,,501.22,508.18,7.12,11.25,textiles,textiles - manmade,-1.15,0.05,0.02,0.02,0.01,,,0.7,4.0,2.79,,,,,,,,,,,,,,2026-06-29,,,,,57.62,41.71,1.87,495.45,0.03,,,,,,,9.97,-0.71,555.0,14.56,,,,,,,,,
2026-06-29T23:54:10.162,ADANIPORTS,,,1776.1,,,1798.02,1859.18,30.73,30.85,transportation,miscellaneous,0.46,0.11,0.28,0.09,0.28,,,1.7,2.13,1.75,,,,,,,,,,,,,,2026-06-29,,,,,60.31,20.64,1.23,1806.3,-1.98,,,,,,,1.14,-3.18,1849.5,4.98,,,,,,,,,
2026-06-29T23:54:10.162,INDUSINDBK,,,915.4,,,895.04,977.36,29.99,80.54,bank,banks - private sector,2.81,0.01,0.25,0.0,0.24,,,4.6,2.63,1.74,,,,,,,,,,,,,,2026-06-29,,,,,58.14,16.27,1.74,920.2,-1.49,,,,,,,1.53,-3.85,950.55,3.93,,,,,,,,,
2026-06-24T13:35:09.443,CHENNPETRO,1138.6,1115.0,1124.4,0.92,1052.84,1153.52,1066.17,2.94,5.35,energy,refineries,-5.36,0.16,0.35,0.15,0.34,2.76,2.76,2.12,4.01,2.13,44.16,45.07,4.55,4.55,0.98,16.0,16591.71,2.14,2.13,1.02,20.86,4.87133e7,1.489114e8,2026-06-24,,,,,,,,,,,,,,,,,,,,,,,,,,,,
2026-06-24T13:35:09.443,IIFL,534.65,507.2,532.95,-0.15,503.96,526.31,546.24,9.65,13.66,financials,finance & investments,2.12,-0.14,0.08,-0.14,0.09,5.41,5.41,5.41,3.49,5.08,54.56,18.63,3.75,3.75,2.93,98.27,22699.83,2.2,0.97,3.26,138.25,3.19614908e8,4.25289575e8,2026-06-24,,,,,,,,,,,,,,,,,,,,,,,,,,,,
2026-06-24T13:35:09.443,ABCAPITAL,395.65,381.85,394.9,2.91,377.57,364.77,455.17,22.91,26.65,financials,finance & investments,7.38,0.05,0.26,0.01,0.22,3.61,3.61,3.61,2.98,5.29,39.76,11.77,3.04,3.04,3.38,62.04,100527.38,2.42,1.46,3.76,110.88,8.24806142e8,2.619606094e9,2026-06-24,,,,,,,,,,,,,,,,,,,,,,,,,,,,
2026-06-24T13:35:09.443,JSWENERGY,576.9,566.15,572.05,0.55,546.18,562.75,590.65,67.46,44.34,power & utilities,power generation and supply,0.45,0.1,0.01,0.09,0.01,1.9,1.9,1.9,2.78,1.04,13.38,15.92,3.19,3.19,0.84,42.37,104306.83,3.07,2.75,0.86,37.06,5.37472638e8,1.75729226e9,2026-06-24,,,,,,,,,,,,,,,,,,,,,,,,,,,,
2026-06-24T13:35:09.443,SHAILY,2832.0,2775.0,2827.0,0.87,2607.29,2836.71,2807.57,80.86,75.8,plastic products,plastics products,-5.37,0.08,0.14,0.08,0.13,2.98,2.98,2.05,4.7,2.8,175.58,133.0,5.4,5.4,1.32,14.65,12878.91,4.03,3.55,1.41,39.1,2.6012493e7,4.5955093e7,2026-06-24,,,,,,,,,,,,,,,,,,,,,,,,,,,,
2026-06-24T13:35:09.443,SCI,330.0,320.1,325.15,1.42,304.25,296.58,382.29,9.35,11.04,transportation,shipping,10.31,0.4,0.41,0.4,0.4,3.43,3.43,3.09,3.83,3.55,17.41,12.44,4.13,4.13,1.4,54.77,14933.52,4.43,3.67,1.48,40.6,1.68856033e8,4.6579901e8,2026-06-24,,,,,,,,,,,,,,,,,,,,,,,,,,,,
2026-06-24T13:35:09.443,DATAPATTNS,4907.4,4670.0,4684.6,-3.03,4343.51,4630.85,4792.09,47.4,99.67,aerospace & defence,electronics - components,5.06,0.65,0.6,0.73,0.66,5.08,5.08,5.08,4.9,0.31,576.44,229.38,5.58,5.58,2.51,43.78,27045.86,4.88,4.09,2.87,6.37,3.2241586e7,5.5983969e7,2026-06-24,,,,,,,,,,,,,,,,,,,,,,,,,,,,
2026-06-24T13:35:09.443,NAVINFLUOR,7675.5,7462.0,7663.5,2.17,7340.28,7230.92,8528.66,46.18,57.54,chemicals,chemicals,4.98,0.2,0.62,0.17,0.59,2.86,2.86,2.86,2.79,4.24,707.52,213.6,3.13,3.13,3.31,32.01,38438.99,5.2,3.32,3.65,94.33,3.735685e7,5.1248574e7,2026-06-24,,,,,,,,,,,,,,,,,,,,,,,,,,,,
2026-06-24T13:35:09.443,NETWEB,5083.9,4930.0,5051.8,2.57,4683.01,4856.34,5442.71,101.61,135.68,i.t,computers - hardware,3.01,0.42,0.12,0.39,0.1,3.73,3.73,3.12,4.88,3.08,818.99,246.78,6.29,6.29,3.32,37.76,28043.86,6.71,6.25,3.96,49.36,1.8799145e7,5.6940687e7,2026-06-24,,,,,,,,,,,,,,,,,,,,,,,,,,,,
2026-06-15T10:57:07.804,BAJAJHIND,,,20.15,6.39,18.97,18.57,23.3,2.19,99.68,fmcg,sugar,0.84,-0.07,-0.05,-0.13,-0.1,,,8.48,4.17,9.33,,,,,,,,,,,,,,2026-06-15,,,,1.26,62.15,17.02,,,,,18.43,20.38,57.27,8.51,3.8,,,,,,,,,,,,,
2026-06-15T10:57:07.804,SCI,,,309.35,4.14,286.14,279.41,369.22,8.9,10.23,transportation,shipping,2.26,0.28,0.28,0.21,0.24,,,10.71,4.88,8.81,,,,,,,,,,,,,,2026-06-15,,,,0.82,53.94,16.7,,,,,284.3,321.05,59.74,6.8,4.79,,,,,,,,,,,,,
2026-06-15T10:57:07.804,STLNETWORK,,,28.36,2.9,25.89,27.28,30.52,-7.39,-13.58,telecom-service,telecommunications - service provider,-1.75,0.18,-0.14,0.1,-0.16,,,3.95,5.46,8.66,,,,,,,,,,,,,,2026-06-15,,,,0.15,54.01,19.1,,,,,26.1,28.9,59.93,5.86,5.32,,,,,,,,,,,,,
2026-06-15T10:57:07.804,20MICRONS,,,191.05,4.76,177.65,183.51,206.14,9.57,9.63,metals & mining,mining / minerals / metals,-1.74,-0.06,-0.18,-0.12,-0.22,,,4.11,4.67,7.33,,,,,,,,,,,,,,2026-06-15,,,,0.48,56.75,26.81,,,,,178.0,191.24,53.95,5.84,5.7,,,,,,,,,,,,,
2026-06-15T10:57:07.804,INDOAMIN,,,134.05,2.4,123.99,130.34,141.46,12.28,12.13,chemicals,chemicals,-2.04,0.04,-0.07,0.02,-0.09,,,2.84,4.98,6.64,,,,,,,,,,,,,,2026-06-15,,,,0.16,57.36,23.3,,,,,125.7,135.0,60.48,4.47,5.66,,,,,,,,,,,,,
2026-06-15T10:57:07.804,NELCAST,,,141.27,1.39,130.86,134.18,155.44,20.07,24.97,industrials,castings & forgings,1.27,0.2,-0.05,0.15,-0.06,,,5.28,4.74,5.82,,,,,,,,,,,,,,2026-06-15,,,,0.31,53.08,23.54,,,,,133.5,144.99,56.94,4.24,4.75,,,,,,,,,,,,,
2026-06-15T10:57:07.804,NACLIND,,,167.38,1.59,153.88,155.31,191.52,-1046.13,633.69,chemicals,pesticides / agrochemicals - indian,4.35,-0.2,-0.3,-0.17,-0.31,,,7.77,5.34,5.59,,,,,,,,,,,,,,2026-06-15,,,,0.3,55.32,11.41,,,,,158.52,170.0,52.18,4.45,5.26,,,,,,,,,,,,,
2026-06-15T10:57:07.804,KIOCL,,,405.25,1.66,377.32,385.28,445.18,337.71,-329.46,metals & mining,mining / minerals / metals,2.03,0.13,-0.14,0.1,-0.16,,,5.18,4.6,5.26,,,,,,,,,,,,,,2026-06-15,,,,0.13,54.42,22.48,,,,,385.0,411.0,56.67,3.82,4.31,,,,,,,,,,,,,
2026-06-15T10:57:07.804,AGIIL,,,381.7,2.47,352.33,358.93,427.24,44.8,17.34,realty,construction,1.55,0.32,0.46,0.28,0.43,,,6.34,4.35,4.52,,,,,,,,,,,,,,2026-06-15,,,,0.59,54.39,19.99,,,,,365.2,387.5,60.59,4.52,5.16,,,,,,,,,,,,,
2026-06-14T23:17:24.311,PANAMAPET,,,377.25,,,324.92,350.68,8.03,10.74,energy,petrochemicals,-4.16,0.04,0.09,-0.02,0.02,,,3.96,6.99,14.2,,,,,,,,,,,,,,2026-06-14,,,,,60.92,28.28,8.48,311.4,-6.29,,,,,,,21.03,-2.16,408.85,16.07,,,,,,,,,
2026-06-14T23:17:24.311,JNKINDIA,,,504.05,,,359.44,407.16,21.58,43.19,realty,engineering - turnkey services,-1.24,0.45,0.21,0.34,0.15,,,6.64,6.41,9.48,,,,,,,,,,,,,,2026-06-14,,,,,58.39,24.25,7.97,355.0,-6.56,,,,,,,33.32,0.5,511.0,13.58,,,,,,,,,
2026-06-14T23:17:24.311,GVT&D,,,4942.5,,,4732.17,5196.83,89.93,102.61,industrials,electric equipment,1.08,0.63,0.68,0.52,0.62,,,4.91,5.36,8.37,,,,,,,,,,,,,,2026-06-14,,,,,61.58,40.86,3.78,4783.5,-3.36,,,,,,,3.71,-6.13,5148.5,11.73,,,,,,,,,
2026-06-14T23:17:24.311,CEIGALL,,,375.05,,,334.47,386.73,12.65,21.14,realty,construction,2.57,0.39,0.27,0.31,0.23,,,7.81,4.84,7.1,,,,,,,,,,,,,,2026-06-14,,,,,61.55,36.37,5.12,343.05,-3.69,,,,,,,6.14,-4.45,382.75,10.68,,,,,,,,,
2026-06-14T23:17:24.311,LUMAXTECH,,,1634.0,,,1615.55,1928.25,31.59,39.93,auto,auto ancillaries,4.69,0.07,0.55,0.04,0.53,,,9.68,4.51,6.15,,,,,,,,,,,,,,2026-06-14,,,,,61.87,14.3,4.77,1691.3,-4.78,,,,,,,0.45,-10.94,1782.4,8.62,,,,,,,,,
2026-06-14T23:17:24.311,ADOR,,,1165.7,,,1088.55,1193.65,14.83,24.75,industrials,electrodes - welding equipment,1.42,-0.02,0.12,-0.06,0.09,,,4.83,4.21,5.12,,,,,,,,,,,,,,2026-06-14,,,,,61.28,21.0,3.36,1104.0,-3.6,,,,,,,2.97,-4.25,1175.0,8.9,,,,,,,,,
2026-06-14T23:17:24.311,VTL,,,627.85,,,590.18,650.12,24.19,23.97,textiles,textiles - cotton/blended,2.36,0.33,0.41,0.28,0.39,,,5.08,3.87,4.53,,,,,,,,,,,,,,2026-06-14,,,,,58.51,16.27,2.66,604.1,-3.16,,,,,,,4.08,-2.85,645.45,7.6,,,,,,,,,
2026-06-14T23:17:24.311,BHARATFORG,,,1945.1,,,1889.48,1983.52,100.06,86.14,industrials,castings & forgings,0.23,0.25,0.51,0.21,0.49,,,2.49,2.7,3.53,,,,,,,,,,,,,,2026-06-14,,,,,55.57,12.62,2.25,1893.9,-2.63,,,,,,,2.69,-3.07,1988.5,4.24,,,,,,,,,
2026-06-14T23:17:24.311,ATALREAL,,,29.46,,,29.17,29.93,15.34,70.14,realty,construction,0.17,0.17,0.5,0.16,0.47,,,1.3,3.57,3.29,,,,,,,,,,,,,,2026-06-14,,,,,63.87,34.22,1.13,29.22,0.85,,,,,,,6.4,-22.4,31.44,11.98,,,,,,,,,
2026-06-13T23:51:17.573,PANAMAPET,,,377.25,,,324.92,350.68,8.03,10.74,energy,petrochemicals,-4.16,0.04,0.09,-0.02,0.02,,,3.96,6.99,14.2,,,,,,,,,,,,,,2026-06-13,,,,,60.92,28.28,8.48,311.4,-6.29,,,,,,,21.03,-2.16,408.85,16.07,,,,,,,,,
2026-06-13T23:51:17.573,JNKINDIA,,,504.05,,,359.44,407.16,21.58,43.19,realty,engineering - turnkey services,-1.24,0.45,0.21,0.34,0.15,,,6.64,6.41,9.48,,,,,,,,,,,,,,2026-06-13,,,,,58.39,24.25,7.97,355.0,-6.56,,,,,,,33.32,0.5,511.0,13.58,,,,,,,,,
2026-06-13T23:51:17.573,GVT&D,,,4942.5,,,4732.17,5196.83,89.93,102.61,industrials,electric equipment,1.08,0.63,0.68,0.52,0.62,,,4.91,5.36,8.37,,,,,,,,,,,,,,2026-06-13,,,,,61.58,40.86,3.78,4783.5,-3.36,,,,,,,3.71,-6.13,5148.5,11.73,,,,,,,,,
2026-06-13T23:51:17.573,CEIGALL,,,375.05,,,334.47,386.73,12.65,21.14,realty,construction,2.57,0.39,0.27,0.31,0.23,,,7.81,4.84,7.1,,,,,,,,,,,,,,2026-06-13,,,,,61.55,36.37,5.12,343.05,-3.69,,,,,,,6.14,-4.45,382.75,10.68,,,,,,,,,
2026-06-13T23:51:17.573,LUMAXTECH,,,1634.0,,,1615.55,1928.25,31.59,39.93,auto,auto ancillaries,4.69,0.07,0.55,0.04,0.53,,,9.68,4.51,6.15,,,,,,,,,,,,,,2026-06-13,,,,,61.87,14.3,4.77,1691.3,-4.78,,,,,,,0.45,-10.94,1782.4,8.62,,,,,,,,,
2026-06-13T23:51:17.573,ADOR,,,1165.7,,,1088.55,1193.65,14.83,24.75,industrials,electrodes - welding equipment,1.42,-0.02,0.12,-0.06,0.09,,,4.83,4.21,5.12,,,,,,,,,,,,,,2026-06-13,,,,,61.28,21.0,3.36,1104.0,-3.6,,,,,,,2.97,-4.25,1175.0,8.9,,,,,,,,,
2026-06-13T23:51:17.573,VTL,,,627.85,,,590.18,650.12,24.19,23.97,textiles,textiles - cotton/blended,2.36,0.33,0.41,0.28,0.39,,,5.08,3.87,4.53,,,,,,,,,,,,,,2026-06-13,,,,,58.51,16.27,2.66,604.1,-3.16,,,,,,,4.08,-2.85,645.45,7.6,,,,,,,,,
2026-06-13T23:51:17.573,BHARATFORG,,,1945.1,,,1889.48,1983.52,100.06,86.14,industrials,castings & forgings,0.23,0.25,0.51,0.21,0.49,,,2.49,2.7,3.53,,,,,,,,,,,,,,2026-06-13,,,,,55.57,12.62,2.25,1893.9,-2.63,,,,,,,2.69,-3.07,1988.5,4.24,,,,,,,,,
2026-06-13T23:51:17.573,ATALREAL,,,29.46,,,29.17,29.93,15.34,70.14,realty,construction,0.17,0.17,0.5,0.16,0.47,,,1.3,3.57,3.29,,,,,,,,,,,,,,2026-06-13,,,,,63.87,34.22,1.13,29.22,0.85,,,,,,,6.4,-22.4,31.44,11.98,,,,,,,,,
2026-06-12T23:59:57.094,PANAMAPET,,,377.25,,,324.92,350.68,8.03,10.7,energy,petrochemicals,-4.16,0.04,0.09,-0.02,0.02,,,3.96,6.99,14.2,,,,,,,,,,,,,,2026-06-12,,,,,60.92,28.28,8.48,311.4,-6.29,,,,,,,21.03,-2.16,408.85,16.07,,,,,,,,,
2026-06-12T23:59:57.094,JNKINDIA,,,504.05,,,359.44,407.16,21.58,40.27,realty,engineering - turnkey services,-1.24,0.45,0.21,0.34,0.15,,,6.64,6.41,9.48,,,,,,,,,,,,,,2026-06-12,,,,,58.39,24.25,7.97,355.0,-6.56,,,,,,,33.32,0.5,511.0,13.58,,,,,,,,,
2026-06-12T23:59:57.094,GVT&D,,,4942.5,,,4732.17,5196.83,89.93,98.3,industrials,electric equipment,1.08,0.63,0.68,0.52,0.62,,,4.91,5.36,8.37,,,,,,,,,,,,,,2026-06-12,,,,,61.58,40.86,3.78,4783.5,-3.36,,,,,,,3.71,-6.13,5148.5,11.73,,,,,,,,,
2026-06-12T23:59:57.094,CEIGALL,,,375.05,,,334.47,386.73,12.65,20.85,realty,construction,2.57,0.39,0.27,0.31,0.23,,,7.81,4.84,7.1,,,,,,,,,,,,,,2026-06-12,,,,,61.55,36.37,5.12,343.05,-3.69,,,,,,,6.14,-4.45,382.75,10.68,,,,,,,,,
2026-06-12T23:59:57.094,LUMAXTECH,,,1634.0,,,1615.55,1928.25,31.59,39.19,auto,auto ancillaries,4.69,0.07,0.55,0.04,0.53,,,9.68,4.51,6.15,,,,,,,,,,,,,,2026-06-12,,,,,61.87,14.3,4.77,1691.3,-4.78,,,,,,,0.45,-10.94,1782.4,8.62,,,,,,,,,
2026-06-12T23:59:57.094,ADOR,,,1165.7,,,1088.55,1193.65,14.83,23.55,industrials,electrodes - welding equipment,1.42,-0.02,0.12,-0.06,0.09,,,4.83,4.21,5.12,,,,,,,,,,,,,,2026-06-12,,,,,61.28,21.0,3.36,1104.0,-3.6,,,,,,,2.97,-4.25,1175.0,8.9,,,,,,,,,
2026-06-12T23:59:57.094,VTL,,,627.85,,,590.18,650.12,24.19,23.46,textiles,textiles - cotton/blended,2.36,0.33,0.41,0.28,0.39,,,5.08,3.87,4.53,,,,,,,,,,,,,,2026-06-12,,,,,58.51,16.27,2.66,604.1,-3.16,,,,,,,4.08,-2.85,645.45,7.6,,,,,,,,,
2026-06-12T23:59:57.094,BHARATFORG,,,1945.1,,,1889.48,1983.52,100.06,86.05,industrials,castings & forgings,0.23,0.25,0.51,0.21,0.49,,,2.49,2.7,3.53,,,,,,,,,,,,,,2026-06-12,,,,,55.57,12.62,2.25,1893.9,-2.63,,,,,,,2.69,-3.07,1988.5,4.24,,,,,,,,,
2026-06-12T23:59:57.094,ATALREAL,,,29.46,,,29.17,29.93,15.34,68.55,realty,construction,0.17,0.17,0.5,0.16,0.47,,,1.3,3.57,3.29,,,,,,,,,,,,,,2026-06-12,,,,,63.87,34.22,1.13,29.22,0.85,,,,,,,6.4,-22.4,31.44,11.98,,,,,,,,,
2026-06-11T05:53:38.942,PANAMAPET,,,381.55,,,324.92,350.68,8.12,10.86,energy,petrochemicals,-7.99,0.04,0.09,0.04,0.02,,,3.96,6.99,14.2,,,,,,,,,,,,,,2026-06-11,21.03,-2.16,408.85,2.57,48.1,28.28,8.48,311.4,-13.28,16.07,,,,,,,,,,,,,,,,,,
2026-06-11T05:53:38.942,JNKINDIA,,,498.0,,,359.44,407.16,21.32,42.67,realty,engineering - turnkey services,-1.29,0.45,0.21,0.45,0.15,,,6.64,6.41,9.48,,,,,,,,,,,,,,2026-06-11,33.32,0.5,511.0,0.7,50.9,24.25,7.97,355.0,-12.97,13.58,,,,,,,,,,,,,,,,,,
2026-06-11T05:53:38.942,GVT&D,,,4866.0,,,4732.17,5196.83,88.54,101.02,industrials,electric equipment,0.73,0.63,0.68,0.63,0.62,,,4.91,5.36,8.37,,,,,,,,,,,,,,2026-06-11,3.71,-6.13,5148.5,1.53,56.05,40.86,3.78,4783.5,-8.72,11.73,,,,,,,,,,,,,,,,,,
2026-06-11T05:53:38.942,CEIGALL,,,360.85,,,334.47,386.73,12.17,20.34,realty,construction,0.75,0.39,0.27,0.39,0.23,,,7.81,4.84,7.1,,,,,,,,,,,,,,2026-06-11,3.95,-4.45,374.85,1.17,53.26,36.37,5.12,343.05,-8.53,10.68,,,,,,,,,,,,,,,,,,
2026-06-11T05:53:38.942,LUMAXTECH,,,1612.8,,,1615.55,1928.25,31.18,39.41,auto,auto ancillaries,5.38,0.07,0.55,0.07,0.53,,,9.68,4.51,6.15,,,,,,,,,,,,,,2026-06-11,0.45,-10.19,1782.4,0.77,61.54,14.3,4.77,1691.3,-9.29,8.62,,,,,,,,,,,,,,,,,,
2026-06-11T05:53:38.942,ADOR,,,1116.9,,,1088.55,1193.65,14.21,23.71,industrials,electrodes - welding equipment,0.84,-0.02,0.12,-0.02,0.09,,,4.83,4.21,5.12,,,,,,,,,,,,,,2026-06-11,1.83,-3.45,1162.0,0.48,55.81,21.0,3.36,1104.0,-7.81,8.9,,,,,,,,,,,,,,,,,,
2026-06-11T05:53:38.942,VTL,,,613.45,,,590.18,650.12,23.63,23.42,textiles,textiles - cotton/blended,0.74,0.33,0.41,0.33,0.39,,,5.08,3.87,4.53,,,,,,,,,,,,,,2026-06-11,4.08,-2.85,645.45,0.42,52.04,16.27,2.66,604.1,-7.02,7.6,,,,,,,,,,,,,,,,,,
2026-06-11T05:53:38.942,BHARATFORG,,,1949.2,,,1889.48,1983.52,100.27,86.32,industrials,castings & forgings,1.23,0.25,0.51,0.25,0.49,,,2.49,2.7,3.53,,,,,,,,,,,,,,2026-06-11,2.69,-3.07,1988.5,0.59,53.97,12.62,2.25,1893.9,-5.33,4.24,,,,,,,,,,,,,,,,,,
2026-06-11T05:53:38.942,ATALREAL,,,29.65,,,29.17,29.93,15.44,70.6,realty,construction,-1.91,0.17,0.5,0.17,0.47,,,1.3,3.57,3.29,,,,,,,,,,,,,,2026-06-11,5.52,-22.4,31.18,1.2,60.22,34.22,1.13,29.22,-2.71,11.98,,,,,,,,,,,,,,,,,,
2026-06-10T21:31:03.767,PANAMAPET,,,381.55,,,324.92,350.68,8.12,10.02,energy,petrochemicals,-7.99,0.04,0.09,0.04,0.02,,,3.96,6.99,14.2,,,,,,,,,,,,,,2026-06-10,21.03,-2.16,408.85,2.57,48.1,28.28,8.48,311.4,-13.28,16.07,,,,,,,,,,,,,,,,,,
2026-06-10T21:31:03.767,JNKINDIA,,,498.0,,,359.44,407.16,21.32,41.48,realty,engineering - turnkey services,-1.29,0.45,0.21,0.45,0.15,,,6.64,6.41,9.48,,,,,,,,,,,,,,2026-06-10,33.32,0.5,511.0,0.7,50.9,24.25,7.97,355.0,-12.97,13.58,,,,,,,,,,,,,,,,,,
2026-06-10T21:31:03.767,GVT&D,,,4866.0,,,4732.17,5196.83,88.54,102.37,industrials,electric equipment,0.73,0.63,0.68,0.63,0.62,,,4.91,5.36,8.37,,,,,,,,,,,,,,2026-06-10,3.71,-6.13,5148.5,1.53,56.05,40.86,3.78,4783.5,-8.72,11.73,,,,,,,,,,,,,,,,,,
2026-06-10T21:31:03.767,CEIGALL,,,360.85,,,334.47,386.73,12.17,20.65,realty,construction,0.75,0.39,0.27,0.39,0.23,,,7.81,4.84,7.1,,,,,,,,,,,,,,2026-06-10,3.95,-4.45,374.85,1.17,53.26,36.37,5.12,343.05,-8.53,10.68,,,,,,,,,,,,,,,,,,
2026-06-10T21:31:03.767,LUMAXTECH,,,1612.8,,,1615.55,1928.25,31.18,40.16,auto,auto ancillaries,5.38,0.07,0.55,0.07,0.53,,,9.68,4.51,6.15,,,,,,,,,,,,,,2026-06-10,0.45,-10.19,1782.4,0.77,61.54,14.3,4.77,1691.3,-9.29,8.62,,,,,,,,,,,,,,,,,,
2026-06-10T21:31:03.767,ADOR,,,1116.9,,,1088.55,1193.65,14.21,24.17,industrials,electrodes - welding equipment,0.84,-0.02,0.12,-0.02,0.09,,,4.83,4.21,5.12,,,,,,,,,,,,,,2026-06-10,1.83,-3.45,1162.0,0.48,55.81,21.0,3.36,1104.0,-7.81,8.9,,,,,,,,,,,,,,,,,,
2026-06-10T21:31:03.767,VTL,,,613.45,,,590.18,650.12,23.63,23.71,textiles,textiles - cotton/blended,0.74,0.33,0.41,0.33,0.39,,,5.08,3.87,4.53,,,,,,,,,,,,,,2026-06-10,4.08,-2.85,645.45,0.42,52.04,16.27,2.66,604.1,-7.02,7.6,,,,,,,,,,,,,,,,,,
2026-06-10T21:31:03.767,BHARATFORG,,,1949.2,,,1889.48,1983.52,100.27,85.27,industrials,castings & forgings,1.23,0.25,0.51,0.25,0.49,,,2.49,2.7,3.53,,,,,,,,,,,,,,2026-06-10,2.69,-3.07,1988.5,0.59,53.97,12.62,2.25,1893.9,-5.33,4.24,,,,,,,,,,,,,,,,,,
2026-06-10T21:31:03.767,ATALREAL,,,29.65,,,29.17,29.93,15.44,58.86,realty,construction,-1.91,0.17,0.5,0.17,0.47,,,1.3,3.57,3.29,,,,,,,,,,,,,,2026-06-10,5.52,-22.4,31.18,1.2,60.22,34.22,1.13,29.22,-2.71,11.98,,,,,,,,,,,,,,,,,,
2026-06-09T15:36:18.545,PATELRMART,,,213.5,15.21,197.82,179.39,281.73,17.85,14.31,consumer discretionary,trading,1.93,-0.11,-0.12,-0.25,-0.24,,,19.02,6.28,16.67,,,,,,,,,,,,,,2026-06-09,,,,17.39,61.48,22.2,,,,,183.0,216.0,54.36,16.67,5.03,,,,,,,,,,,,,
2026-06-09T15:36:18.545,MOREPENLAB,,,48.76,13.74,45.22,43.2,59.89,43.54,24.78,healthcare,pharmaceuticals - indian - bulk drugs & formln,-1.15,0.06,-0.13,-0.1,-0.23,,,12.88,5.85,14.73,,,,,,,,,,,,,,2026-06-09,,,,9.36,65.19,20.95,,,,,42.5,49.5,61.8,14.73,5.38,,,,,,,,,,,,,
2026-06-09T15:36:18.545,AYE,,,154.5,10.44,137.91,144.63,174.24,9.93,14.71,financials,finance & investments,-3.17,NaN,NaN,NaN,NaN,,,6.82,7.71,11.47,,,,,,,,,,,,,,2026-06-09,,,,0.57,58.23,35.51,,,,,138.6,154.5,59.07,11.47,7.63,,,,,,,,,,,,,
2026-06-09T15:36:18.545,AHCL,,,15.12,7.54,13.92,13.5,18.35,1.62,2.14,chemicals,chemicals,2.31,-0.06,0.09,-0.15,0.01,,,11.96,5.5,10.61,,,,,,,,,,,,,,2026-06-09,,,,6.22,66.77,34.12,,,,,13.67,15.29,60.63,10.61,5.39,,,,,,,,,,,,,
2026-06-09T15:36:18.545,AEROENTER,,,105.1,4.35,97.25,95.16,124.98,12.39,17.73,metals & mining,steel - medium / small,0.48,0.17,0.18,0.09,0.14,,,10.44,5.08,10.34,,,,,,,,,,,,,,2026-06-09,,,,1.55,65.93,36.91,,,,,95.25,106.78,62.66,10.34,5.12,,,,,,,,,,,,,
2026-06-09T15:36:18.545,APTECHT,,,109.85,7.92,101.51,101.01,127.53,88.59,25.07,i.t,computers - education,0.93,0.01,-0.18,-0.08,-0.24,,,8.75,5.46,8.65,,,,,,,,,,,,,,2026-06-09,,,,2.36,61.21,20.93,,,,,101.1,112.6,59.01,8.65,5.92,,,,,,,,,,,,,
2026-06-09T15:36:18.545,MAHABANK,,,84.01,5.53,80.24,77.85,96.32,7.9,8.72,bank,banks - public sector,0.23,0.36,0.42,0.28,0.34,,,7.91,3.03,7.98,,,,,,,,,,,,,,2026-06-09,,,,1.76,65.08,12.11,,,,,77.8,84.25,67.52,7.98,2.79,,,,,,,,,,,,,
2026-06-09T15:36:18.545,EUROPRATIK,,,263.1,4.9,244.62,244.34,300.63,31.78,33.22,building materials,trading,1.18,-0.3,NaN,-0.35,NaN,,,7.68,4.52,6.35,,,,,,,,,,,,,,2026-06-09,,,,0.91,54.7,14.43,,,,,247.4,267.55,53.83,6.35,5.33,,,,,,,,,,,,,
2026-06-09T15:36:18.545,NIVABUPA,,,83.81,2.81,80.03,82.61,86.2,11.2,114.82,financials,finance & investments,-2.7,0.05,-0.02,0.0,-0.04,,,1.45,2.86,3.87,,,,,,,,,,,,,,2026-06-09,,,,0.36,57.18,31.75,,,,,80.69,83.96,59.55,3.87,3.01,,,,,,,,,,,,,
2026-06-01T17:49:53.543,INDUSTOWER,446.4,429.45,431.45,-2.4,412.81,429.15,436.06,15.86,16.32,telecom,transmisson line towers / equipment,1.96,-0.02,0.18,0.0,0.21,3.95,3.95,3.95,2.87,0.47,9.75,12.36,3.0,3.0,0.79,147.03,116619.98,-0.61,-1.6,0.81,16.18,1.285953853e9,2.638162757e9,2026-06-01,,,,,,,,,,,,,,,,,,,,,,,,,,,,
2026-06-01T17:49:53.543,NYKAA,268.4,259.65,266.7,1.68,254.79,265.98,268.15,246.94,380.14,i.t,trading,-3.39,-0.07,0.08,-0.09,0.07,3.61,3.61,3.37,3.08,2.95,7.18,8.21,3.1,3.1,0.88,102.83,75102.45,2.24,2.06,0.9,85.91,1.371835214e9,2.863227356e9,2026-06-01,,,,,,,,,,,,,,,,,,,,,,,,,,,,
2026-06-01T17:49:53.543,PERSISTENT,5498.0,5226.5,5402.0,4.0,5144.2,4928.56,6348.89,39.92,43.39,i.t,computers - software - large,6.22,-0.23,-0.04,-0.26,-0.07,6.76,6.76,5.19,3.17,6.67,379.1,171.4,3.3,3.3,2.21,139.47,81940.08,3.06,1.59,2.38,102.39,1.0996007e8,1.5775e8,2026-06-01,,,,,,,,,,,,,,,,,,,,,,,,,,,,
2026-06-01T17:49:53.543,JBMA,661.65,629.0,646.9,4.1,606.7,625.21,690.29,51.5,67.11,auto,auto ancillaries,-1.96,-0.04,-0.0,-0.08,-0.04,7.38,7.38,5.19,4.18,4.99,38.95,27.04,4.19,4.19,1.44,71.95,14696.94,3.59,3.01,1.53,66.21,7.6785978e7,2.36494264e8,2026-06-01,,,,,,,,,,,,,,,,,,,,,,,,,,,,
2026-06-01T17:49:53.543,MOTHERSON,146.8,141.13,141.77,-2.72,133.68,134.73,155.85,24.96,37.37,auto,auto ancillaries,6.54,0.12,0.36,0.19,0.4,4.8,4.8,4.02,4.39,5.29,18.59,6.22,3.91,3.91,2.99,151.44,153820.45,3.99,1.55,3.44,10.29,5.425228487e9,1.0554442601e10,2026-06-01,,,,,,,,,,,,,,,,,,,,,,,,,,,,
2026-06-01T17:49:53.543,SONACOMS,611.55,595.0,600.2,-1.19,571.97,584.29,632.02,48.56,58.92,auto,auto ancillaries,4.65,0.09,0.32,0.1,0.34,2.78,2.78,2.78,2.94,0.87,40.69,17.64,3.26,3.26,2.31,61.09,37774.09,4.17,3.89,2.48,29.49,4.47636235e8,6.2184689e8,2026-06-01,,,,,,,,,,,,,,,,,,,,,,,,,,,,
2026-06-01T17:49:53.543,NAM-INDIA,1111.5,1076.0,1092.9,-0.66,1036.23,1084.6,1109.5,45.24,45.77,financials,finance & investments,-0.89,0.15,0.29,0.17,0.3,3.33,3.33,3.3,3.24,1.6,108.36,35.46,3.25,3.25,3.06,87.41,70205.52,4.69,4.32,3.39,47.66,1.79087901e8,6.38115996e8,2026-06-01,,,,,,,,,,,,,,,,,,,,,,,,,,,,
2026-06-01T17:49:53.543,CRAFTSMAN,9232.0,8589.0,8771.5,-3.33,8262.0,8714.67,8885.15,42.29,51.63,auto,auto ancillaries,0.88,0.15,0.25,0.17,0.3,7.49,7.49,7.49,4.24,2.35,1017.4,371.52,4.65,4.65,2.74,153.73,21646.56,5.67,3.86,3.1,49.12,1.223757e7,2.3855583e7,2026-06-01,,,,,,,,,,,,,,,,,,,,,,,,,,,,
2026-06-01T17:49:53.543,SPARC,215.37,195.45,196.37,-7.42,175.74,204.35,180.42,0.91,4.43,healthcare,miscellaneous,9.07,0.33,0.31,0.45,0.42,10.19,10.19,10.19,8.77,0.47,44.11,17.23,8.26,8.26,2.56,93.88,6883.43,6.25,4.89,3.3,5.34,1.11406493e8,3.24521588e8,2026-06-01,,,,,,,,,,,,,,,,,,,,,,,,,,,,
2026-05-27T07:06:28.529,KIRLOSENG,,,1750.8,,,1670.95,1809.45,40.12,44.3,industrials,engines,-8.07,0.48,0.87,0.38,0.72,,,4.14,5.42,13.29,,,,,,,,,,,,,,2026-05-27,,,,,61.91,24.75,13.29,1536.1,-7.35,,,,,,,1.99,-6.33,1775.0,17.22,,,,,,,,,
2026-05-27T07:06:28.529,ATULAUTO,,,483.45,,,492.14,543.66,22.68,31.79,auto,automobiles - scooters and 3 - wheelers,-1.41,0.01,0.17,-0.07,0.11,,,5.23,4.09,9.99,,,,,,,,,,,,,,2026-05-27,,,,,64.58,35.63,6.74,485.2,-4.92,,,,,,,3.18,-7.12,534.35,15.47,,,,,,,,,
2026-05-27T07:06:28.529,HIRECT,,,999.6,,,919.35,973.35,164.41,39.79,consumer discretionary,electronics - components,-2.11,0.11,0.19,0.04,0.15,,,2.94,5.54,8.89,,,,,,,,,,,,,,2026-05-27,,,,,61.29,34.64,5.15,900.0,-3.68,,,,,,,9.2,-15.72,1033.45,22.57,,,,,,,,,
2026-05-27T07:06:28.529,GRMOVER,,,163.84,,,158.92,182.58,39.01,16.42,fmcg,food - processing - indian,0.56,0.05,0.35,0.01,0.28,,,7.45,4.0,8.75,,,,,,,,,,,,,,2026-05-27,,,,,64.63,13.79,6.85,159.8,-5.04,,,,,,,2.84,-10.04,175.6,6.48,,,,,,,,,
2026-05-27T07:06:28.529,DRREDDY,,,1327.9,,,1292.37,1381.03,125.27,26.35,healthcare,pharmaceuticals - indian - bulk drugs & formln,0.87,-0.0,0.03,-0.03,0.0,,,3.43,3.07,8.67,,,,,,,,,,,,,,2026-05-27,,,,,59.87,19.84,2.54,1303.6,-2.59,,,,,,,0.62,-2.84,1345.0,7.37,,,,,,,,,
2026-05-27T07:06:28.529,ABCAPITAL,,,363.05,,,351.99,362.31,21.06,25.21,financials,finance & investments,-1.63,-0.01,0.24,-0.03,0.22,,,1.47,3.39,5.21,,,,,,,,,,,,,,2026-05-27,,,,,56.95,16.31,3.15,346.25,-2.71,,,,,,,2.56,-4.02,366.3,11.97,,,,,,,,,
2026-05-27T07:06:28.529,MOTHERSON,,,135.82,,,126.01,133.83,23.91,34.83,auto,auto ancillaries,-0.34,0.1,0.36,0.09,0.33,,,3.11,3.43,4.92,,,,,,,,,,,,,,2026-05-27,,,,,57.75,20.79,3.46,125.58,-3.14,,,,,,,7.0,-3.67,139.01,12.85,,,,,,,,,
2026-05-27T07:06:28.529,DELHIVERY,,,463.5,,,465.8,485.7,119.46,227.21,transportation,miscellaneous,0.98,0.01,-0.02,-0.0,-0.03,,,2.14,2.82,3.21,,,,,,,,,,,,,,2026-05-27,,,,,59.12,14.97,1.15,470.35,-1.59,,,,,,,-0.59,-6.28,483.5,7.72,,,,,,,,,
2026-05-27T07:06:28.529,EMCURE,,,1698.5,,,1650.16,1759.64,33.07,34.83,healthcare,pharmaceuticals - indian - bulk drugs & formln,0.59,0.14,0.15,0.15,0.13,,,3.32,3.76,3.16,,,,,,,,,,,,,,2026-05-27,,,,,57.28,16.11,2.71,1659.9,-3.32,,,,,,,3.11,-2.63,1757.9,6.61,,,,,,,,,
2026-05-26T21:42:11.251,KIRLOSENG,,,1750.8,,,1670.95,1809.45,40.12,43.09,industrials,engines,-8.07,0.48,0.87,0.38,0.72,,,4.14,5.42,13.29,,,,,,,,,,,,,,2026-05-26,,,,,61.91,24.75,13.29,1536.1,-7.35,,,,,,,1.99,-6.33,1775.0,17.22,,,,,,,,,
2026-05-26T21:42:11.251,ATULAUTO,,,483.45,,,492.14,543.66,22.68,32.22,auto,automobiles - scooters and 3 - wheelers,-1.41,0.01,0.17,-0.07,0.11,,,5.23,4.09,9.99,,,,,,,,,,,,,,2026-05-26,,,,,64.58,35.63,6.74,485.2,-4.92,,,,,,,3.18,-7.12,534.35,15.47,,,,,,,,,
2026-05-26T21:42:11.251,HIRECT,,,999.6,,,919.35,973.35,164.41,38.72,consumer discretionary,electronics - components,-2.11,0.11,0.19,0.04,0.15,,,2.94,5.54,8.89,,,,,,,,,,,,,,2026-05-26,,,,,61.29,34.64,5.15,900.0,-3.68,,,,,,,9.2,-15.72,1033.45,22.57,,,,,,,,,
2026-05-26T21:42:11.251,GRMOVER,,,163.84,,,158.92,182.58,39.01,15.76,fmcg,food - processing - indian,0.56,0.05,0.35,0.01,0.28,,,7.45,4.0,8.75,,,,,,,,,,,,,,2026-05-26,,,,,64.63,13.79,6.85,159.8,-5.04,,,,,,,2.84,-10.04,175.6,6.48,,,,,,,,,
2026-05-26T21:42:11.251,DRREDDY,,,1327.9,,,1292.37,1381.03,125.27,26.42,healthcare,pharmaceuticals - indian - bulk drugs & formln,0.87,-0.0,0.03,-0.03,0.0,,,3.43,3.07,8.67,,,,,,,,,,,,,,2026-05-26,,,,,59.87,19.84,2.54,1303.6,-2.59,,,,,,,0.62,-2.84,1345.0,7.37,,,,,,,,,
2026-05-26T21:42:11.251,ABCAPITAL,,,363.05,,,351.99,362.31,21.06,25.25,financials,finance & investments,-1.63,-0.01,0.24,-0.03,0.22,,,1.47,3.39,5.21,,,,,,,,,,,,,,2026-05-26,,,,,56.95,16.31,3.15,346.25,-2.71,,,,,,,2.56,-4.02,366.3,11.97,,,,,,,,,
2026-05-26T21:42:11.251,MOTHERSON,,,135.82,,,126.01,133.83,23.91,34.85,auto,auto ancillaries,-0.34,0.1,0.36,0.09,0.33,,,3.11,3.43,4.92,,,,,,,,,,,,,,2026-05-26,,,,,57.75,20.79,3.46,125.58,-3.14,,,,,,,7.0,-3.67,139.01,12.85,,,,,,,,,
2026-05-26T21:42:11.251,DELHIVERY,,,463.5,,,465.8,485.7,119.46,223.26,transportation,miscellaneous,0.98,0.01,-0.02,-0.0,-0.03,,,2.14,2.82,3.21,,,,,,,,,,,,,,2026-05-26,,,,,59.12,14.97,1.15,470.35,-1.59,,,,,,,-0.59,-6.28,483.5,7.72,,,,,,,,,
2026-05-26T21:42:11.251,EMCURE,,,1698.5,,,1650.16,1759.64,33.07,35.64,healthcare,pharmaceuticals - indian - bulk drugs & formln,0.59,0.14,0.15,0.15,0.13,,,3.32,3.76,3.16,,,,,,,,,,,,,,2026-05-26,,,,,57.28,16.11,2.71,1659.9,-3.32,,,,,,,3.11,-2.63,1757.9,6.61,,,,,,,,,
2026-05-25T05:42:00.121,KIRLOSENG,,,1671.0,,,1670.95,1809.45,38.29,42.28,industrials,engines,-8.44,0.48,0.87,0.48,0.72,,,4.14,5.42,13.29,,,,,,,,,,,,,,2026-05-25,-0.07,-6.33,1775.0,4.53,49.28,24.75,13.29,1536.1,-12.77,17.22,,,,,,,,,,,,,,,,,,
2026-05-25T05:42:00.121,ATULAUTO,,,485.05,,,492.14,543.66,22.75,31.89,auto,automobiles - scooters and 3 - wheelers,-4.61,0.01,0.17,0.01,0.11,,,5.23,4.09,9.99,,,,,,,,,,,,,,2026-05-25,3.18,-6.74,534.35,1.89,56.85,35.63,6.74,485.2,-9.02,15.47,,,,,,,,,,,,,,,,,,
2026-05-25T05:42:00.121,HIRECT,,,963.65,,,919.35,973.35,158.5,38.36,consumer discretionary,electronics - components,-6.98,0.11,0.19,0.11,0.15,,,2.94,5.54,8.89,,,,,,,,,,,,,,2026-05-25,7.78,-15.72,1020.0,1.71,51.23,34.64,5.15,900.0,-9.22,22.57,,,,,,,,,,,,,,,,,,
2026-05-25T05:42:00.121,GRMOVER,,,162.33,,,158.92,182.58,38.65,16.27,fmcg,food - processing - indian,-1.78,0.05,0.35,0.05,0.28,,,7.45,4.0,8.75,,,,,,,,,,,,,,2026-05-25,2.84,-5.62,175.6,2.01,45.98,13.79,6.85,159.8,-9.04,6.48,,,,,,,,,,,,,,,,,,
2026-05-25T05:42:00.121,DRREDDY,,,1307.2,,,1292.37,1381.03,123.32,25.94,healthcare,pharmaceuticals - indian - bulk drugs & formln,-5.01,-0.0,0.03,-0.0,0.0,,,3.43,3.07,8.67,,,,,,,,,,,,,,2026-05-25,0.62,-2.36,1345.0,1.54,47.13,19.84,2.54,1303.6,-5.66,7.37,,,,,,,,,,,,,,,,,,
2026-05-25T05:42:00.121,ABCAPITAL,,,357.3,,,351.99,362.31,20.73,24.81,financials,finance & investments,-4.15,-0.01,0.24,-0.01,0.22,,,1.47,3.39,5.21,,,,,,,,,,,,,,2026-05-25,1.64,-4.02,363.35,0.67,50.15,16.31,3.15,346.25,-6.1,11.97,,,,,,,,,,,,,,,,,,
2026-05-25T05:42:00.121,MOTHERSON,,,136.18,,,126.01,133.83,23.98,34.92,auto,auto ancillaries,-1.95,0.1,0.36,0.1,0.33,,,3.11,3.43,4.92,,,,,,,,,,,,,,2026-05-25,7.0,-3.67,139.01,0.98,53.46,20.79,3.46,125.58,-6.58,12.85,,,,,,,,,,,,,,,,,,
2026-05-25T05:42:00.121,DELHIVERY,,,447.6,,,465.8,485.7,115.36,219.41,transportation,miscellaneous,-1.01,0.01,-0.02,0.01,-0.03,,,2.14,2.82,3.21,,,,,,,,,,,,,,2026-05-25,-0.59,-6.28,483.5,2.21,53.39,14.97,1.15,470.35,-4.41,7.72,,,,,,,,,,,,,,,,,,
2026-05-25T05:42:00.121,EMCURE,,,1713.6,,,1650.16,1759.64,33.36,35.14,healthcare,pharmaceuticals - indian - bulk drugs & formln,0.31,0.14,0.15,0.14,0.13,,,3.32,3.76,3.16,,,,,,,,,,,,,,2026-05-25,3.11,-2.63,1757.9,0.59,52.46,16.11,2.71,1659.9,-7.08,6.61,,,,,,,,,,,,,,,,,,
2026-05-24T23:12:13.648,KIRLOSENG,,,1671.0,,,1670.95,1809.45,38.29,42.28,industrials,engines,-8.44,0.48,0.87,0.48,0.72,,,4.14,5.42,13.29,,,,,,,,,,,,,,2026-05-24,-0.07,-6.33,1775.0,4.53,49.28,24.75,13.29,1536.1,-12.77,17.22,,,,,,,,,,,,,,,,,,
2026-05-24T23:12:13.648,ATULAUTO,,,485.05,,,492.14,543.66,22.75,31.89,auto,automobiles - scooters and 3 - wheelers,-4.61,0.01,0.17,0.01,0.11,,,5.23,4.09,9.99,,,,,,,,,,,,,,2026-05-24,3.18,-6.74,534.35,1.89,56.85,35.63,6.74,485.2,-9.02,15.47,,,,,,,,,,,,,,,,,,
2026-05-24T23:12:13.648,HIRECT,,,963.65,,,919.35,973.35,158.5,38.36,consumer discretionary,electronics - components,-6.98,0.11,0.19,0.11,0.15,,,2.94,5.54,8.89,,,,,,,,,,,,,,2026-05-24,7.78,-15.72,1020.0,1.71,51.23,34.64,5.15,900.0,-9.22,22.57,,,,,,,,,,,,,,,,,,
2026-05-24T23:12:13.648,GRMOVER,,,162.33,,,158.92,182.58,38.65,16.27,fmcg,food - processing - indian,-1.78,0.05,0.35,0.05,0.28,,,7.45,4.0,8.75,,,,,,,,,,,,,,2026-05-24,2.84,-5.62,175.6,2.01,45.98,13.79,6.85,159.8,-9.04,6.48,,,,,,,,,,,,,,,,,,
2026-05-24T23:12:13.648,DRREDDY,,,1307.2,,,1292.37,1381.03,123.32,25.94,healthcare,pharmaceuticals - indian - bulk drugs & formln,-5.01,-0.0,0.03,-0.0,0.0,,,3.43,3.07,8.67,,,,,,,,,,,,,,2026-05-24,0.62,-2.36,1345.0,1.54,47.13,19.84,2.54,1303.6,-5.66,7.37,,,,,,,,,,,,,,,,,,
2026-05-24T23:12:13.648,ABCAPITAL,,,357.3,,,351.99,362.31,20.73,24.81,financials,finance & investments,-4.15,-0.01,0.24,-0.01,0.22,,,1.47,3.39,5.21,,,,,,,,,,,,,,2026-05-24,1.64,-4.02,363.35,0.67,50.15,16.31,3.15,346.25,-6.1,11.97,,,,,,,,,,,,,,,,,,
2026-05-24T23:12:13.648,MOTHERSON,,,136.18,,,126.01,133.83,23.98,34.92,auto,auto ancillaries,-1.95,0.1,0.36,0.1,0.33,,,3.11,3.43,4.92,,,,,,,,,,,,,,2026-05-24,7.0,-3.67,139.01,0.98,53.46,20.79,3.46,125.58,-6.58,12.85,,,,,,,,,,,,,,,,,,
2026-05-24T23:12:13.648,DELHIVERY,,,447.6,,,465.8,485.7,115.36,219.41,transportation,miscellaneous,-1.01,0.01,-0.02,0.01,-0.03,,,2.14,2.82,3.21,,,,,,,,,,,,,,2026-05-24,-0.59,-6.28,483.5,2.21,53.39,14.97,1.15,470.35,-4.41,7.72,,,,,,,,,,,,,,,,,,
2026-05-24T23:12:13.648,EMCURE,,,1713.6,,,1650.16,1759.64,33.36,35.14,healthcare,pharmaceuticals - indian - bulk drugs & formln,0.31,0.14,0.15,0.14,0.13,,,3.32,3.76,3.16,,,,,,,,,,,,,,2026-05-24,3.11,-2.63,1757.9,0.59,52.46,16.11,2.71,1659.9,-7.08,6.61,,,,,,,,,,,,,,,,,,
2026-05-23T23:16:40.484,KIRLOSENG,,,1671.0,,,1670.95,1809.45,38.29,42.28,industrials,engines,-8.44,0.48,0.87,0.48,0.72,,,4.14,5.42,13.29,,,,,,,,,,,,,,2026-05-23,-0.07,-6.33,1775.0,4.53,49.28,24.75,13.29,1536.1,-12.77,17.22,,,,,,,,,,,,,,,,,,
2026-05-23T23:16:40.484,ATULAUTO,,,485.05,,,492.14,543.66,22.75,31.89,auto,automobiles - scooters and 3 - wheelers,-4.61,0.01,0.17,0.01,0.11,,,5.23,4.09,9.99,,,,,,,,,,,,,,2026-05-23,3.18,-6.74,534.35,1.89,56.85,35.63,6.74,485.2,-9.02,15.47,,,,,,,,,,,,,,,,,,
2026-05-23T23:16:40.484,HIRECT,,,963.65,,,919.35,973.35,158.5,38.36,consumer discretionary,electronics - components,-6.98,0.11,0.19,0.11,0.15,,,2.94,5.54,8.89,,,,,,,,,,,,,,2026-05-23,7.78,-15.72,1020.0,1.71,51.23,34.64,5.15,900.0,-9.22,22.57,,,,,,,,,,,,,,,,,,
2026-05-23T23:16:40.484,GRMOVER,,,162.33,,,158.92,182.58,38.65,16.27,fmcg,food - processing - indian,-1.78,0.05,0.35,0.05,0.28,,,7.45,4.0,8.75,,,,,,,,,,,,,,2026-05-23,2.84,-5.62,175.6,2.01,45.98,13.79,6.85,159.8,-9.04,6.48,,,,,,,,,,,,,,,,,,
2026-05-23T23:16:40.484,DRREDDY,,,1307.2,,,1292.37,1381.03,123.32,25.94,healthcare,pharmaceuticals - indian - bulk drugs & formln,-5.01,-0.0,0.03,-0.0,0.0,,,3.43,3.07,8.67,,,,,,,,,,,,,,2026-05-23,0.62,-2.36,1345.0,1.54,47.13,19.84,2.54,1303.6,-5.66,7.37,,,,,,,,,,,,,,,,,,
2026-05-23T23:16:40.484,ABCAPITAL,,,357.3,,,351.99,362.31,20.73,24.81,financials,finance & investments,-4.15,-0.01,0.24,-0.01,0.22,,,1.47,3.39,5.21,,,,,,,,,,,,,,2026-05-23,1.64,-4.02,363.35,0.67,50.15,16.31,3.15,346.25,-6.1,11.97,,,,,,,,,,,,,,,,,,
2026-05-23T23:16:40.484,MOTHERSON,,,136.18,,,126.01,133.83,23.98,34.92,auto,auto ancillaries,-1.95,0.1,0.36,0.1,0.33,,,3.11,3.43,4.92,,,,,,,,,,,,,,2026-05-23,7.0,-3.67,139.01,0.98,53.46,20.79,3.46,125.58,-6.58,12.85,,,,,,,,,,,,,,,,,,
2026-05-23T23:16:40.484,DELHIVERY,,,447.6,,,465.8,485.7,115.36,219.41,transportation,miscellaneous,-1.01,0.01,-0.02,0.01,-0.03,,,2.14,2.82,3.21,,,,,,,,,,,,,,2026-05-23,-0.59,-6.28,483.5,2.21,53.39,14.97,1.15,470.35,-4.41,7.72,,,,,,,,,,,,,,,,,,
2026-05-23T23:16:40.484,EMCURE,,,1713.6,,,1650.16,1759.64,33.36,35.14,healthcare,pharmaceuticals - indian - bulk drugs & formln,0.31,0.14,0.15,0.14,0.13,,,3.32,3.76,3.16,,,,,,,,,,,,,,2026-05-23,3.11,-2.63,1757.9,0.59,52.46,16.11,2.71,1659.9,-7.08,6.61,,,,,,,,,,,,,,,,,,
2026-05-22T23:47:31.984,KIRLOSENG,,,1671.0,,,1670.95,1809.45,38.29,42.38,industrials,engines,-8.44,0.48,0.87,0.48,0.72,,,4.14,5.42,13.29,,,,,,,,,,,,,,2026-05-22,-0.07,-6.33,1775.0,4.53,49.28,24.75,13.29,1536.1,-12.77,17.22,,,,,,,,,,,,,,,,,,
2026-05-22T23:47:31.984,ATULAUTO,,,485.05,,,492.14,543.66,22.75,32.07,auto,automobiles - scooters and 3 - wheelers,-4.61,0.01,0.17,0.01,0.11,,,5.23,4.09,9.99,,,,,,,,,,,,,,2026-05-22,3.18,-6.74,534.35,1.89,56.85,35.63,6.74,485.2,-9.02,15.47,,,,,,,,,,,,,,,,,,
2026-05-22T23:47:31.984,HIRECT,,,963.65,,,919.35,973.35,158.5,39.43,consumer discretionary,electronics - components,-6.98,0.11,0.19,0.11,0.15,,,2.94,5.54,8.89,,,,,,,,,,,,,,2026-05-22,7.78,-15.72,1020.0,1.71,51.23,34.64,5.15,900.0,-9.22,22.57,,,,,,,,,,,,,,,,,,
2026-05-22T23:47:31.984,GRMOVER,,,162.33,,,158.92,182.58,38.65,16.45,fmcg,food - processing - indian,-1.78,0.05,0.35,0.05,0.28,,,7.45,4.0,8.75,,,,,,,,,,,,,,2026-05-22,2.84,-5.62,175.6,2.01,45.98,13.79,6.85,159.8,-9.04,6.48,,,,,,,,,,,,,,,,,,
2026-05-22T23:47:31.984,DRREDDY,,,1307.2,,,1292.37,1381.03,123.32,26.16,healthcare,pharmaceuticals - indian - bulk drugs & formln,-5.01,-0.0,0.03,-0.0,0.0,,,3.43,3.07,8.67,,,,,,,,,,,,,,2026-05-22,0.62,-2.36,1345.0,1.54,47.13,19.84,2.54,1303.6,-5.66,7.37,,,,,,,,,,,,,,,,,,
2026-05-22T23:47:31.984,ABCAPITAL,,,357.3,,,351.99,362.31,20.73,24.26,financials,finance & investments,-4.15,-0.01,0.24,-0.01,0.22,,,1.47,3.39,5.21,,,,,,,,,,,,,,2026-05-22,1.64,-4.02,363.35,0.67,50.15,16.31,3.15,346.25,-6.1,11.97,,,,,,,,,,,,,,,,,,
2026-05-22T23:47:31.984,MOTHERSON,,,136.18,,,126.01,133.83,23.98,35.13,auto,auto ancillaries,-1.95,0.1,0.36,0.1,0.33,,,3.11,3.43,4.92,,,,,,,,,,,,,,2026-05-22,7.0,-3.67,139.01,0.98,53.46,20.79,3.46,125.58,-6.58,12.85,,,,,,,,,,,,,,,,,,
2026-05-22T23:47:31.984,DELHIVERY,,,447.6,,,465.8,485.7,115.36,221.94,transportation,miscellaneous,-1.01,0.01,-0.02,0.01,-0.03,,,2.14,2.82,3.21,,,,,,,,,,,,,,2026-05-22,-0.59,-6.28,483.5,2.21,53.39,14.97,1.15,470.35,-4.41,7.72,,,,,,,,,,,,,,,,,,
2026-05-22T23:47:31.984,EMCURE,,,1713.6,,,1650.16,1759.64,33.36,35.91,healthcare,pharmaceuticals - indian - bulk drugs & formln,0.31,0.14,0.15,0.14,0.13,,,3.32,3.76,3.16,,,,,,,,,,,,,,2026-05-22,3.11,-2.63,1757.9,0.59,52.46,16.11,2.71,1659.9,-7.08,6.61,,,,,,,,,,,,,,,,,,
2026-05-12T17:51:33.493,GROWWSLVR,,,,,,,,,,,,,,,,,,,,,,,,,,,,,,,,,,,2026-05-12,,,,,,,,,,,,,,,,,,,,,4.73,,,,,,,
2026-05-12T17:51:33.493,MOSILVER,,,,,,,,,,,,,,,,,,,,,,,,,,,,,,,,,,,2026-05-12,,,,,,,,,,,,,,,,,,,,,4.7,,,,,,,
2026-05-12T17:51:33.493,TATSILV,,,,,,,,,,,,,,,,,,,,,,,,,,,,,,,,,,,2026-05-12,,,,,,,,,,,,,,,,,,,,,4.49,,,,,,,
2026-05-12T17:51:33.493,SILVERBETA,,,,,,,,,,,,,,,,,,,,,,,,,,,,,,,,,,,2026-05-12,,,,,,,,,,,,,,,,,,,,,4.49,,,,,,,
2026-05-12T17:51:33.493,SILVERAG,,,,,,,,,,,,,,,,,,,,,,,,,,,,,,,,,,,2026-05-12,,,,,,,,,,,,,,,,,,,,,4.48,,,,,,,
2026-05-12T17:51:33.493,SILVERBEES,,,,,,,,,,,,,,,,,,,,,,,,,,,,,,,,,,,2026-05-12,,,,,,,,,,,,,,,,,,,,,4.44,,,,,,,
2026-05-12T17:51:33.493,SBISILVER,,,,,,,,,,,,,,,,,,,,,,,,,,,,,,,,,,,2026-05-12,,,,,,,,,,,,,,,,,,,,,4.4,,,,,,,
2026-05-12T17:51:33.493,HDFCSILVER,,,,,,,,,,,,,,,,,,,,,,,,,,,,,,,,,,,2026-05-12,,,,,,,,,,,,,,,,,,,,,4.36,,,,,,,
2026-05-12T17:51:33.493,SILVERADD,,,,,,,,,,,,,,,,,,,,,,,,,,,,,,,,,,,2026-05-12,,,,,,,,,,,,,,,,,,,,,4.34,,,,,,,
2026-05-08T12:41:13.806,M&MFIN,335.9,323.8,335.2,2.06,315.21,308.32,388.95,12.41,15.79,financials,finance & investments,6.84,-0.01,0.21,-0.06,0.19,4.01,4.01,3.74,4.03,8.37,12.77,13.51,3.59,3.59,0.95,47.09,45653.6,-2.33,-3.19,0.98,84.36,6.60388561e8,1.38997116e9,2026-05-08,,,,,,,,,,,,,,,,,,,,,,,,,,,,
2026-05-08T12:41:13.806,UNOMINDA,1182.0,1141.4,1177.4,2.77,1118.89,1119.3,1293.6,61.32,57.95,auto,auto ancillaries,-0.1,-0.12,-0.08,-0.16,-0.1,5.96,5.96,3.56,3.22,8.37,74.23,37.91,3.33,3.33,1.96,58.32,66155.22,1.08,0.02,2.09,94.97,1.82660981e8,5.77421816e8,2026-05-08,,,,,,,,,,,,,,,,,,,,,,,,,,,,
2026-05-08T12:41:13.806,CARTRADE,2012.2,1916.6,1956.8,1.82,1803.03,1651.41,2567.59,36.24,41.07,consumer discretionary,miscellaneous,11.21,-0.37,-0.22,-0.4,-0.24,11.09,11.09,4.99,5.9,18.91,199.54,115.4,5.6,5.6,1.73,184.28,9201.2,1.46,-1.39,1.93,34.84,4.7878035e7,4.7878035e7,2026-05-08,,,,,,,,,,,,,,,,,,,,,,,,,,,,
2026-05-08T12:41:13.806,IDEA,11.44,11.01,11.28,0.45,10.67,10.45,12.95,-5.76,-4.25,telecom-service,telecommunications - service provider,10.49,0.12,0.61,0.09,0.6,3.91,3.91,3.91,3.94,3.39,1.53,0.45,3.42,3.42,3.44,74.53,121669.23,1.64,-0.83,3.98,60.72,8.0561956458e10,1.08343035001e11,2026-05-08,,,,,,,,,,,,,,,,,,,,,,,,,,,,
2026-05-08T12:41:13.806,PAYTM,1223.0,1188.0,1209.3,0.99,1146.16,1128.74,1370.42,105.34,138.59,i.t,miscellaneous,0.57,-0.16,-0.06,-0.14,-0.07,7.72,7.72,2.95,3.57,11.04,123.27,43.12,3.12,3.12,2.86,74.0,76639.07,2.08,0.78,3.18,49.39,6.40045681e8,6.40045681e8,2026-05-08,,,,,,,,,,,,,,,,,,,,,,,,,,,,
2026-05-08T12:41:13.806,IFCI,66.0,63.75,65.15,1.99,61.23,60.5,74.45,325.75,95.34,financials,finance - term-lending institutions,2.08,0.11,0.15,0.04,0.13,7.67,7.67,3.53,3.91,10.82,8.33,2.55,4.16,4.16,3.27,173.61,17211.28,2.43,1.47,3.75,54.98,7.39037235e8,2.694314331e9,2026-05-08,,,,,,,,,,,,,,,,,,,,,,,,,,,,
2026-05-08T12:41:13.806,NAVINFLUOR,7071.0,6996.5,7020.0,-0.92,6698.02,6787.49,7485.02,42.3,54.35,chemicals,chemicals,5.5,0.06,0.35,0.07,0.37,1.22,1.22,1.06,2.79,0.6,660.78,195.58,3.12,3.12,3.38,42.34,36309.61,4.07,3.42,3.73,12.02,3.735685e7,5.1248574e7,2026-05-08,,,,,,,,,,,,,,,,,,,,,,,,,,,,
2026-05-08T12:41:13.806,DELHIVERY,487.5,475.85,478.1,-0.76,456.28,463.79,506.72,225.52,236.15,transportation,miscellaneous,2.1,-0.01,-0.02,-0.09,-0.01,3.2,3.2,2.45,2.95,3.96,37.05,14.11,3.06,3.06,2.63,77.96,36064.2,4.38,4.16,2.85,15.95,7.48608108e8,7.48608108e8,2026-05-08,,,,,,,,,,,,,,,,,,,,,,,,,,,,
2026-05-08T12:41:13.806,J&KBANK,142.51,139.1,141.1,1.05,132.88,133.25,156.81,4.87,6.52,bank,banks - private sector,4.8,0.27,0.31,0.21,0.3,3.58,3.58,2.45,4.04,8.87,18.56,5.7,3.97,3.97,3.26,42.4,15375.81,9.59,8.15,3.75,35.12,4.47084183e8,1.101182463e9,2026-05-08,,,,,,,,,,,,,,,,,,,,,,,,,,,,
2026-04-15T15:22:19.986,HDFCSILVER,,,,,,,,,,,,,,,,,,,,,,,,,,,,,,,,,,,2026-04-15,,,,,,,,,,,,,,,,,,,,,4.78,,,,,,,
2026-04-15T15:22:19.986,SILVERBETA,,,,,,,,,,,,,,,,,,,,,,,,,,,,,,,,,,,2026-04-15,,,,,,,,,,,,,,,,,,,,,4.67,,,,,,,
2026-04-15T15:22:19.986,TATSILV,,,,,,,,,,,,,,,,,,,,,,,,,,,,,,,,,,,2026-04-15,,,,,,,,,,,,,,,,,,,,,4.64,,,,,,,
2026-04-15T15:22:19.986,AXISILVER,,,,,,,,,,,,,,,,,,,,,,,,,,,,,,,,,,,2026-04-15,,,,,,,,,,,,,,,,,,,,,4.6,,,,,,,
2026-04-15T15:22:19.986,GROWWSLVR,,,,,,,,,,,,,,,,,,,,,,,,,,,,,,,,,,,2026-04-15,,,,,,,,,,,,,,,,,,,,,4.55,,,,,,,
2026-04-15T15:22:19.986,SILVERBEES,,,,,,,,,,,,,,,,,,,,,,,,,,,,,,,,,,,2026-04-15,,,,,,,,,,,,,,,,,,,,,4.52,,,,,,,
2026-04-15T15:22:19.986,SILVERIETF,,,,,,,,,,,,,,,,,,,,,,,,,,,,,,,,,,,2026-04-15,,,,,,,,,,,,,,,,,,,,,4.49,,,,,,,
2026-04-15T15:22:19.986,ESILVER,,,,,,,,,,,,,,,,,,,,,,,,,,,,,,,,,,,2026-04-15,,,,,,,,,,,,,,,,,,,,,4.07,,,,,,,
2026-04-15T15:22:19.986,MOSILVER,,,,,,,,,,,,,,,,,,,,,,,,,,,,,,,,,,,2026-04-15,,,,,,,,,,,,,,,,,,,,,3.81,,,,,,,
2026-03-16T14:41:53.239,KIRLOSENG,,,1489.7,2.65,,1449.22,1550.41,48.62,38.56,industrials,engines,,0.47,0.7,,,,,2.79,,,,,,,,,,,,,,,,2026-03-16,,,,1.14,66.08,20.37,,,,,,,,,,,,,,,,1393.07,1404.9,65.15,1343.83,1253.73,28.99,
2026-03-16T14:41:53.239,GLENMARK,,,2176.0,0.24,,2163.17,2195.24,38.07,57.52,healthcare,pharmaceuticals - indian - bulk drugs & formln,,-0.04,0.19,,,,,0.59,,,,,,,,,,,,,,,,2026-03-16,,,,0.88,58.16,14.76,,,,,,,,,,,,,,,,2102.1,2130.4,6.46,2027.51,1954.95,12.35,
2026-03-16T14:41:53.239,ADANIPOWER,,,152.59,4.11,,137.01,175.97,29.57,8.12,power & utilities,power generation and supply,,0.1,0.25,,,,,11.37,,,,,,,,,,,,,,,,2026-03-16,,,,3.37,64.0,21.66,,,,,,,,,,,,,,,,143.47,137.51,30.82,139.31,130.87,11.72,
2026-03-16T14:41:53.239,LINDEINDIA,,,7091.5,2.12,,6747.4,7607.65,78.2,100.4,chemicals,chemicals,,0.0,0.03,,,,,5.1,,,,,,,,,,,,,,,,2026-03-16,,,,1.11,62.84,35.58,,,,,,,,,,,,,,,,6703.2,6606.0,14.15,6474.9,6163.45,2.88,
2026-03-16T14:41:53.239,ONESOURCE,,,1462.7,-1.91,,1439.16,1498.0,-47.24,842.49,healthcare,pharmaceuticals - indian - bulk drugs & formln,,-0.27,-0.3,,,,,1.64,,,,,,,,,,,,,,,,2026-03-16,,,,0.27,58.06,23.83,,,,,,,,,,,,,,,,1393.07,1395.0,-22.06,1299.11,1183.52,-0.63,
2026-03-16T14:41:53.239,PREMIERENE,,,791.4,1.22,,721.96,895.56,22.69,26.41,services,trading,,-0.33,-0.28,,,,,9.62,,,,,,,,,,,,,,,,2026-03-16,,,,0.43,59.09,24.76,,,,,,,,,,,,,,,,752.69,721.85,-19.67,732.13,688.03,-4.33,
2026-03-16T14:41:53.239,JINDALSAW,,,197.07,3.0,,171.84,234.92,12.16,10.83,industrials,steel - large,,-0.14,-0.19,,,,,14.68,,,,,,,,,,,,,,,,2026-03-16,,,,1.86,59.76,21.71,,,,,,,,,,,,,,,,183.26,163.0,-0.5,170.01,156.44,-6.0,
2026-03-16T14:41:53.239,SAREGAMA,,,365.2,6.6,,319.92,433.11,34.19,34.4,media,entertainment / electronic media software,,-0.32,-0.28,,,,,14.15,,,,,,,,,,,,,,,,2026-03-16,,,,4.25,63.56,21.39,,,,,,,,,,,,,,,,332.02,319.8,-23.76,330.07,304.82,-6.64,
2026-03-16T14:41:53.239,TEJASNET,,,445.5,4.96,,453.25,433.88,-10.04,-9.75,telecom,telecommunications - equipment,,-0.33,-0.39,,,,,-1.71,,,,,,,,,,,,,,,,2026-03-16,,,,1.59,57.51,29.26,,,,,,,,,,,,,,,,425.76,422.2,-19.65,369.63,330.23,-9.59,
2026-03-13T11:02:28.78,KIRLOSENG,,,1465.1,-0.26,,1451.51,1485.48,47.82,39.02,industrials,engines,,0.52,0.65,,,,,0.94,,,,,,,,,,,,,,,,2026-03-13,,,,0.52,64.5,21.45,,,,,,,,,,,,,,,,1427.27,1404.9,61.99,1336.21,1274.95,29.07,
2026-03-13T11:02:28.78,FACT,,,869.4,2.88,,708.11,1111.33,-207.0,1965.35,chemicals,fertilizers,,-0.2,-0.13,,,,,22.78,,,,,,,,,,,,,,,,2026-03-13,,,,5.4,62.16,35.25,,,,,,,,,,,,,,,,808.6,652.1,-11.95,731.78,675.66,5.62,
2026-03-13T11:02:28.78,ACMESOLAR,,,256.64,6.9,,225.83,302.85,34.13,29.68,realty,engineering - turnkey services,,-0.24,-0.0,,,,,13.64,,,,,,,,,,,,,,,,2026-03-13,,,,9.6,67.75,14.67,,,,,,,,,,,,,,,,234.23,216.34,-8.86,229.43,215.18,5.28,
2026-03-13T11:02:28.78,ABB,,,6441.0,0.5,,6087.47,6971.3,78.82,81.39,industrials,electric equipment,,0.11,0.05,,,,,5.81,,,,,,,,,,,,,,,,2026-03-13,,,,1.06,69.43,35.53,,,,,,,,,,,,,,,,6280.82,5853.0,26.62,6037.99,5848.73,4.5,
2026-03-13T11:02:28.78,CESC,,,161.61,1.37,,152.87,174.72,18.79,14.35,power & utilities,power generation and supply,,-0.11,-0.12,,,,,5.72,,,,,,,,,,,,,,,,2026-03-13,,,,1.34,59.68,13.65,,,,,,,,,,,,,,,,156.34,148.05,-1.22,148.59,142.81,2.86,
2026-03-13T11:02:28.78,DMART,,,3987.1,0.85,,3834.92,4215.37,75.8,89.79,consumer discretionary,trading,,-0.21,-0.14,,,,,3.97,,,,,,,,,,,,,,,,2026-03-13,,,,0.86,61.14,13.31,,,,,,,,,,,,,,,,3866.1,3814.5,-8.01,3779.71,3693.07,2.34,
2026-03-13T11:02:28.78,NTPCGREEN,,,100.95,3.38,,87.28,121.46,1261.88,147.95,power & utilities,power generation and supply,,-0.1,-0.09,,,,,15.67,,,,,,,,,,,,,,,,2026-03-13,,,,11.03,74.76,20.98,,,,,,,,,,,,,,,,96.33,85.0,0.99,89.96,85.49,1.0,
2026-03-13T11:02:28.78,PREMIERENE,,,796.5,0.91,,716.02,917.23,22.84,26.67,services,trading,,-0.3,-0.27,,,,,11.24,,,,,,,,,,,,,,,,2026-03-13,,,,0.24,60.69,26.42,,,,,,,,,,,,,,,,757.78,699.9,-20.22,736.46,693.83,-3.96,
2026-03-13T11:02:28.78,ATHERENERG,,,711.5,0.13,,680.8,757.55,-80.12,-34.95,auto,automobiles - scooters and 3 - wheelers,,0.2,1.07,,,,,4.51,,,,,,,,,,,,,,,,2026-03-13,,,,0.5,55.5,13.88,,,,,,,,,,,,,,,,685.66,650.6,72.76,660.82,632.31,NaN,
2026-03-12T23:34:53.494,INDSWFTLAB,146.0,,143.47,0.46,131.17,138.92,152.56,30.66,3.92,healthcare,pharmaceuticals - indian - bulk drugs & formln,1.5,0.25,0.24,0.21,0.24,4.57,4.57,4.57,6.07,2.76,22.57,8.71,,,,,,,,,44.21,,,2026-03-12,,,,0.41,58.82,33.03,,139.62,,,,,70.76,,6.21,,,,,,,,,,,,,146.0
2026-03-12T23:34:53.494,KRN,920.0,,895.9,-3.34,822.67,974.0,739.7,61.36,84.73,industrials,engineering,-5.15,-0.03,0.02,-0.01,0.06,3.37,3.37,3.37,6.05,0.66,130.73,54.2,,,,,,,,,10.89,,,2026-03-12,,,,0.44,55.74,30.25,,890.0,,,,,57.57,,6.16,,,,,,,,,,,,,920.0
2026-03-12T23:34:53.494,ROSSTECH,722.0,,718.2,1.15,655.91,680.55,793.5,125.56,126.34,aerospace & defence,engineering,2.3,-0.11,0.66,-0.08,0.65,4.28,4.28,4.03,5.53,3.73,45.64,39.74,,,,,,,,,60.89,,,2026-03-12,,,,0.14,53.74,15.31,,694.0,,,,,57.13,,5.23,,,,,,,,,,,,,722.0
2026-03-12T23:34:53.494,GVT&D,3822.9,,3749.8,-0.91,3512.39,3778.71,3691.99,82.52,90.72,industrials,electric equipment,-1.01,0.24,0.54,0.26,0.55,2.49,2.49,2.49,4.21,0.53,411.72,158.05,,,,,,,,,12.4,,,2026-03-12,,,,0.82,55.99,33.05,,3730.2,,,,,66.94,,4.01,,,,,,,,,,,,,3822.9
2026-03-12T23:34:53.494,ACUTAAS,2200.1,,2187.7,-0.24,2060.6,2185.56,2191.97,41.47,62.27,healthcare,pharmaceuticals - indian - bulk drugs,-0.35,0.4,0.85,0.36,0.86,2.57,2.57,2.57,4.21,1.99,246.9,92.12,,,,,,,,,46.35,,,2026-03-12,,,,1.19,58.21,34.83,,2145.0,,,,,72.85,,3.88,,,,,,,,,,,,,2200.1
2026-03-12T23:34:53.494,OIL,489.75,,479.3,-0.7,451.88,466.3,505.3,16.3,13.47,energy,oil drilling / allied services,0.28,0.11,0.07,0.12,0.08,5.11,5.11,3.0,4.04,4.03,15.05,19.38,,,,,,,,,19.6,,,2026-03-12,,,,0.88,52.49,21.77,,475.5,,,,,58.38,,3.72,,,,,,,,,,,,,489.75
2026-03-12T23:34:53.494,BANDHANBNK,181.47,,178.01,-2.44,169.36,181.95,170.13,34.77,29.2,bank,banks - private sector,-0.84,-0.01,-0.09,0.0,-0.07,2.41,2.41,2.41,3.64,1.87,17.68,6.47,,,,,,,,,12.52,,,2026-03-12,,,,0.53,55.95,39.32,,177.2,,,,,62.03,,3.31,,,,,,,,,,,,,181.47
2026-03-12T23:34:53.494,VEDL,730.3,,719.6,-0.27,681.68,706.23,746.33,12.31,19.88,metals & mining,mining / minerals / metals,2.05,0.47,0.51,0.51,0.52,3.65,3.65,3.65,3.61,2.35,41.14,25.98,,,,,,,,,57.94,,,2026-03-12,,,,0.6,57.08,15.76,,704.55,,,,,80.68,,3.08,,,,,,,,,,,,,730.3
2026-03-12T23:34:53.494,BLUESTARCO,1969.5,,1953.5,0.64,1855.79,1893.29,2073.92,124.59,80.74,consumer discretionary,air-conditioners,-0.88,-0.05,0.15,-0.06,0.15,4.1,4.1,4.1,3.75,4.36,91.38,73.28,,,,,,,,,83.92,,,2026-03-12,,,,1.36,55.12,27.21,,1892.0,,,,,57.24,,3.05,,,,,,,,,,,,,1969.5
2026-03-11T23:31:28.741,EMSLIMITED,,,,,,,,,,,,,,,,,,,,,,,,,,,,,,,,,,,2026-03-11,,,,,,,,,,,,,,,,,,,,,20.0,,,,,,,
2026-03-11T23:31:28.741,ELECTCAST,,,,,,,,,,,,,,,,,,,,,,,,,,,,,,,,,,,2026-03-11,,,,,,,,,,,,,,,,,,,,,19.99,,,,,,,
2026-03-11T23:31:28.741,DENTA,,,,,,,,,,,,,,,,,,,,,,,,,,,,,,,,,,,2026-03-11,,,,,,,,,,,,,,,,,,,,,14.26,,,,,,,
2026-03-11T23:31:28.741,CEINSYS,,,,,,,,,,,,,,,,,,,,,,,,,,,,,,,,,,,2026-03-11,,,,,,,,,,,,,,,,,,,,,11.62,,,,,,,
2026-03-11T23:31:28.741,EIEL,,,,,,,,,,,,,,,,,,,,,,,,,,,,,,,,,,,2026-03-11,,,,,,,,,,,,,,,,,,,,,8.15,,,,,,,
2026-03-11T23:31:28.741,SHAKTIPUMP,,,,,,,,,,,,,,,,,,,,,,,,,,,,,,,,,,,2026-03-11,,,,,,,,,,,,,,,,,,,,,7.81,,,,,,,
2026-03-11T23:31:28.741,IONEXCHANG,,,,,,,,,,,,,,,,,,,,,,,,,,,,,,,,,,,2026-03-11,,,,,,,,,,,,,,,,,,,,,6.87,,,,,,,
2026-03-11T23:31:28.741,OSWALPUMPS,,,,,,,,,,,,,,,,,,,,,,,,,,,,,,,,,,,2026-03-11,,,,,,,,,,,,,,,,,,,,,5.85,,,,,,,
2026-03-11T23:31:28.741,WABAG,,,,,,,,,,,,,,,,,,,,,,,,,,,,,,,,,,,2026-03-11,,,,,,,,,,,,,,,,,,,,,4.47,,,,,,,
2026-03-10T15:32:23.328,INDSWFTLAB,145.7,,142.06,1.62,129.52,139.84,146.51,30.35,3.84,healthcare,pharmaceuticals - indian - bulk drugs & formln,-9.87,0.19,0.23,0.18,0.21,13.74,13.74,3.63,6.55,10.9,23.32,9.31,,,,,,,,,15.79,,,2026-03-10,,,,0.54,57.78,36.73,,140.59,,,,,70.2,,6.24,,,,,,,,,,,,,145.7
2026-03-10T15:32:23.328,MTARTECH,3810.0,,3703.3,2.49,3411.6,3697.11,3715.68,82.08,175.06,aerospace & defence,engineering,-6.79,1.32,1.21,1.34,1.16,9.14,9.14,3.06,5.8,6.08,606.76,214.67,,,,,,,,,3.07,,,2026-03-10,,,,0.65,58.6,53.94,,3696.7,,,,,75.38,,5.22,,,,,,,,,,,,,3810.0
2026-03-10T15:32:23.328,AEROFLEX,224.29,,220.55,2.25,204.13,227.12,207.41,43.08,56.76,metals & mining,steel - medium / small,-9.03,0.15,0.04,0.12,0.02,8.36,8.36,3.35,5.11,6.56,25.18,11.27,,,,,,,,,31.42,,,2026-03-10,,,,0.36,57.37,34.84,,217.01,,,,,60.07,,5.2,,,,,,,,,,,,,224.29
2026-03-10T15:32:23.328,ROSSTECH,733.4,,727.8,4.28,664.67,676.94,829.51,127.24,124.18,aerospace & defence,engineering,-0.21,-0.03,0.77,-0.07,0.7,8.64,8.64,3.33,5.6,7.81,58.54,40.76,,,,,,,,,44.28,,,2026-03-10,,,,0.29,55.92,16.72,,709.75,,,,,58.36,,5.18,,,,,,,,,,,,,733.4
2026-03-10T15:32:23.328,MRPL,198.44,,194.21,2.2,179.6,193.05,196.53,5.86,15.29,energy,refineries,-2.9,0.41,0.32,0.39,0.29,6.4,6.4,6.4,5.85,4.13,21.89,11.36,,,,,,,,,67.79,,,2026-03-10,,,,1.03,54.87,28.7,,186.51,,,,,65.24,,4.51,,,,,,,,,,,,,198.44
2026-03-10T15:32:23.328,INGERRAND,3941.8,,3899.8,0.68,3721.64,3958.42,3782.57,42.82,47.24,industrials,compressors / drilling equipment,-6.95,-0.08,-0.01,-0.08,-0.01,6.46,6.46,2.84,3.4,5.32,366.01,132.44,,,,,,,,,50.36,,,2026-03-10,,,,0.48,61.0,44.17,,3833.1,,,,,56.53,,3.42,,,,,,,,,,,,,3941.8
2026-03-10T15:32:23.328,BHARATFORG,1886.5,,1846.9,-0.83,1760.09,1921.31,1698.08,83.49,78.78,industrials,castings & forgings,-5.47,0.42,0.39,0.44,0.4,4.23,4.23,3.25,3.48,2.04,244.02,64.35,,,,,,,,,30.77,,,2026-03-10,,,,0.65,61.48,36.46,,1827.1,,,,,74.3,,3.31,,,,,,,,,,,,,1886.5
2026-03-10T15:32:23.328,GODIGIT,336.7,,332.6,0.83,316.21,329.42,338.97,54.7,59.65,financials,finance & investments,-3.63,-0.14,-0.09,-0.14,-0.1,5.83,5.83,1.89,3.68,4.54,1.9,12.24,,,,,,,,,17.57,,,2026-03-10,,,,0.37,51.7,21.09,,330.45,,,,,47.28,,3.25,,,,,,,,,,,,,336.7
2026-03-10T15:32:23.328,SIEMENS,3333.0,,3295.3,2.06,3128.16,3250.61,3384.69,105.62,64.99,industrials,electric equipment,-3.93,-0.03,0.01,-0.07,-0.01,6.49,6.49,2.67,3.67,5.28,174.92,120.78,,,,,,,,,40.49,,,2026-03-10,,,,0.96,54.97,14.76,,3246.4,,,,,55.65,,3.24,,,,,,,,,,,,,3333.0
